timestamp,dpid,port_no,utilization,link_label
1779104703,1,4,0.000027,edge_s1_p4
1779104703,1,1,0.000027,s1_p1_edge
1779104703,1,2,0.000027,s1_p2_edge
1779104703,1,3,0.000013,edge_s1_p3
1779104703,3,4,0.000027,edge_s3_p4
1779104703,3,1,0.000027,s3_p1_edge
1779104703,3,2,0.000027,s3_p2_edge
1779104703,3,3,0.000013,edge_s3_p3
1779104703,16,4,0.000027,s16_p4_edge
1779104703,16,1,0.000027,agg_s16_p1
1779104703,16,2,0.000013,agg_s16_p2
1779104703,16,3,0.000013,s16_p3_edge
1779104703,4,4,0.000027,edge_s4_p4
1779104703,4,1,0.000027,s4_p1_edge
1779104703,4,2,0.000027,s4_p2_edge
1779104703,4,3,0.000013,edge_s4_p3
1779104703,5,4,0.000027,edge_s5_p4
1779104703,5,1,0.000027,s5_p1_edge
1779104703,5,2,0.000027,s5_p2_edge
1779104703,5,3,0.000040,edge_s5_p3
1779104703,18,4,0.000013,s18_p4_edge
1779104703,18,1,0.000013,core_s18_p1
1779104703,18,2,0.000013,core_s18_p2
1779104703,18,3,0.000013,s18_p3_edge
1779104703,17,4,0.000013,s17_p4_edge
1779104703,17,1,0.000013,core_s17_p1
1779104703,17,2,0.000013,core_s17_p2
1779104703,17,3,0.000027,core_s17_p3
1779104703,2,1,0.000027,s2_p1_edge
1779104703,2,4,0.000027,edge_s2_p4
1779104703,2,2,0.000027,s2_p2_edge
1779104703,2,3,0.000013,edge_s2_p3
1779104703,9,4,0.000013,s9_p4_edge
1779104703,9,1,0.000013,agg_s9_p1
1779104703,9,2,0.000013,agg_s9_p2
1779104703,9,3,0.000013,s9_p3_edge
1779104705,25,1,0.000016,core_s25_p1
1779104705,25,4,0.000032,core_s25_p4
1779104705,25,2,0.000016,core_s25_p2
1779104705,25,3,0.000016,core_s25_p3
1779104705,6,1,0.000016,s6_p1_edge
1779104705,6,4,0.000016,edge_s6_p4
1779104705,6,2,0.000016,s6_p2_edge
1779104705,6,3,0.000016,edge_s6_p3
1779104705,1,4,0.000016,edge_s1_p4
1779104705,1,1,0.000016,s1_p1_edge
1779104705,1,2,0.000016,s1_p2_edge
1779104705,1,3,0.000016,edge_s1_p3
1779104705,20,4,0.000016,core_s20_p4
1779104705,20,1,0.000016,core_s20_p1
1779104705,20,2,0.000016,core_s20_p2
1779104705,20,3,0.000016,core_s20_p3
1779104705,16,4,0.000016,agg_s16_p4
1779104705,16,1,0.000016,agg_s16_p1
1779104705,16,2,0.000016,agg_s16_p2
1779104705,16,3,0.000016,agg_s16_p3
1779104705,3,4,0.000016,edge_s3_p4
1779104705,3,1,0.000016,s3_p1_edge
1779104705,3,2,0.000016,s3_p2_edge
1779104705,3,3,0.000016,edge_s3_p3
1779104705,8,4,0.000016,edge_s8_p4
1779104705,8,1,0.000016,s8_p1_edge
1779104705,8,2,0.000016,s8_p2_edge
1779104705,8,3,0.000016,edge_s8_p3
1779104705,21,4,0.000016,core_s21_p4
1779104705,21,1,0.000016,core_s21_p1
1779104705,21,2,0.000016,core_s21_p2
1779104705,21,3,0.000016,core_s21_p3
1779104705,19,4,0.000016,core_s19_p4
1779104705,19,1,0.000016,core_s19_p1
1779104705,19,2,0.000016,core_s19_p2
1779104705,19,3,0.000016,core_s19_p3
1779104705,7,1,0.000016,s7_p1_edge
1779104705,7,4,0.000016,edge_s7_p4
1779104705,7,2,0.000016,s7_p2_edge
1779104705,7,3,0.000016,edge_s7_p3
1779104705,4,4,0.000016,edge_s4_p4
1779104705,4,1,0.000016,s4_p1_edge
1779104705,4,2,0.000016,s4_p2_edge
1779104705,4,3,0.000016,edge_s4_p3
1779104705,32,1,0.000016,core_s32_p1
1779104705,32,4,0.000032,core_s32_p4
1779104705,32,2,0.000016,core_s32_p2
1779104705,32,3,0.000016,core_s32_p3
1779104705,5,4,0.000016,edge_s5_p4
1779104705,5,1,0.000016,s5_p1_edge
1779104705,5,2,0.000016,s5_p2_edge
1779104705,5,3,0.000016,edge_s5_p3
1779104705,18,4,0.000016,core_s18_p4
1779104705,18,1,0.000016,core_s18_p1
1779104705,18,2,0.000016,core_s18_p2
1779104705,18,3,0.000016,core_s18_p3
1779104705,24,4,0.000032,core_s24_p4
1779104705,24,1,0.000016,core_s24_p1
1779104705,24,2,0.000016,core_s24_p2
1779104705,24,3,0.000016,core_s24_p3
1779104705,23,4,0.000032,core_s23_p4
1779104705,23,1,0.000016,core_s23_p1
1779104705,23,2,0.000016,core_s23_p2
1779104705,23,3,0.000016,core_s23_p3
1779104705,17,4,0.000032,core_s17_p4
1779104705,17,1,0.000032,core_s17_p1
1779104705,17,2,0.000032,core_s17_p2
1779104705,17,3,0.000016,core_s17_p3
1779104705,2,1,0.000016,s2_p1_edge
1779104705,2,4,0.000016,edge_s2_p4
1779104705,2,2,0.000016,s2_p2_edge
1779104705,2,3,0.000016,edge_s2_p3
1779104705,22,1,0.000016,core_s22_p1
1779104705,22,4,0.000016,core_s22_p4
1779104705,22,2,0.000016,core_s22_p2
1779104705,22,3,0.000016,core_s22_p3
1779104705,9,4,0.000016,agg_s9_p4
1779104705,9,1,0.000016,agg_s9_p1
1779104705,9,2,0.000016,agg_s9_p2
1779104705,9,3,0.000016,agg_s9_p3
1779104710,3,4,0.000010,edge_s3_p4
1779104710,3,1,0.000010,s3_p1_edge
1779104710,3,2,0.000010,s3_p2_edge
1779104710,3,3,0.000010,edge_s3_p3
1779104710,21,4,0.000010,core_s21_p4
1779104710,21,1,0.000019,core_s21_p1
1779104710,21,2,0.000019,core_s21_p2
1779104710,21,3,0.000019,core_s21_p3
1779104710,8,4,0.000010,edge_s8_p4
1779104710,8,1,0.000010,s8_p1_edge
1779104710,8,2,0.000010,s8_p2_edge
1779104710,8,3,0.000010,edge_s8_p3
1779104710,16,4,0.000010,agg_s16_p4
1779104710,16,1,0.000010,agg_s16_p1
1779104710,16,2,0.000010,agg_s16_p2
1779104710,16,3,0.000010,agg_s16_p3
1779104710,32,1,0.000019,core_s32_p1
1779104710,32,4,0.000010,core_s32_p4
1779104710,32,2,0.000019,core_s32_p2
1779104710,32,3,0.000019,core_s32_p3
1779104710,4,4,0.000010,edge_s4_p4
1779104710,4,1,0.000010,s4_p1_edge
1779104710,4,2,0.000010,s4_p2_edge
1779104710,4,3,0.000010,edge_s4_p3
1779104710,7,1,0.000010,s7_p1_edge
1779104710,7,4,0.000010,edge_s7_p4
1779104710,7,2,0.000010,s7_p2_edge
1779104710,7,3,0.000010,edge_s7_p3
1779104710,19,4,0.000010,core_s19_p4
1779104710,19,1,0.000010,core_s19_p1
1779104710,19,2,0.000010,core_s19_p2
1779104710,19,3,0.000010,core_s19_p3
1779104710,5,4,0.000010,edge_s5_p4
1779104710,5,1,0.000010,s5_p1_edge
1779104710,5,2,0.000010,s5_p2_edge
1779104710,5,3,0.000010,edge_s5_p3
1779104710,2,1,0.000010,s2_p1_edge
1779104710,2,4,0.000010,edge_s2_p4
1779104710,2,2,0.000010,s2_p2_edge
1779104710,2,3,0.000010,edge_s2_p3
1779104710,18,4,0.000010,core_s18_p4
1779104710,18,1,0.000010,core_s18_p1
1779104710,18,2,0.000010,core_s18_p2
1779104710,18,3,0.000010,core_s18_p3
1779104710,23,4,0.000010,core_s23_p4
1779104710,23,1,0.000019,core_s23_p1
1779104710,23,2,0.000019,core_s23_p2
1779104710,23,3,0.000019,core_s23_p3
1779104710,1,4,0.000010,edge_s1_p4
1779104710,1,1,0.000010,s1_p1_edge
1779104710,1,2,0.000010,s1_p2_edge
1779104710,1,3,0.000010,edge_s1_p3
1779104710,24,4,0.000010,core_s24_p4
1779104710,24,1,0.000019,core_s24_p1
1779104710,24,2,0.000019,core_s24_p2
1779104710,24,3,0.000019,core_s24_p3
1779104710,6,1,0.000010,s6_p1_edge
1779104710,6,4,0.000010,edge_s6_p4
1779104710,6,2,0.000010,s6_p2_edge
1779104710,6,3,0.000010,edge_s6_p3
1779104710,9,4,0.000010,agg_s9_p4
1779104710,9,1,0.000010,agg_s9_p1
1779104710,9,2,0.000010,agg_s9_p2
1779104710,9,3,0.000010,agg_s9_p3
1779104710,22,1,0.000019,core_s22_p1
1779104710,22,4,0.000019,core_s22_p4
1779104710,22,2,0.000019,core_s22_p2
1779104710,22,3,0.000019,core_s22_p3
1779104710,17,4,0.000010,core_s17_p4
1779104710,17,1,0.000010,core_s17_p1
1779104710,17,2,0.000010,core_s17_p2
1779104710,17,3,0.000010,core_s17_p3
1779104710,25,1,0.000019,core_s25_p1
1779104710,25,4,0.000010,core_s25_p4
1779104710,25,2,0.000019,core_s25_p2
1779104710,25,3,0.000019,core_s25_p3
1779104710,20,4,0.000010,core_s20_p4
1779104710,20,1,0.000010,core_s20_p1
1779104710,20,2,0.000010,core_s20_p2
1779104710,20,3,0.000010,core_s20_p3
1779104715,25,1,0.000010,core_s25_p1
1779104715,25,4,0.000010,core_s25_p4
1779104715,25,2,0.000010,core_s25_p2
1779104715,25,3,0.000010,core_s25_p3
1779104715,6,1,0.000010,s6_p1_edge
1779104715,6,4,0.000019,edge_s6_p4
1779104715,6,2,0.000010,s6_p2_edge
1779104715,6,3,0.000010,edge_s6_p3
1779104715,1,4,0.000010,edge_s1_p4
1779104715,1,1,0.000010,s1_p1_edge
1779104715,1,2,0.000010,s1_p2_edge
1779104715,1,3,0.000010,edge_s1_p3
1779104715,8,4,0.000019,edge_s8_p4
1779104715,8,1,0.000019,s8_p1_edge
1779104715,8,2,0.000019,s8_p2_edge
1779104715,8,3,0.000019,edge_s8_p3
1779104715,4,4,0.000010,edge_s4_p4
1779104715,4,1,0.000010,s4_p1_edge
1779104715,4,2,0.000010,s4_p2_edge
1779104715,4,3,0.000019,edge_s4_p3
1779104715,16,4,0.000010,agg_s16_p4
1779104715,16,1,0.000010,agg_s16_p1
1779104715,16,2,0.000010,agg_s16_p2
1779104715,16,3,0.000010,agg_s16_p3
1779104715,7,1,0.000019,s7_p1_edge
1779104715,7,4,0.000019,edge_s7_p4
1779104715,7,2,0.000019,s7_p2_edge
1779104715,7,3,0.000019,edge_s7_p3
1779104715,3,4,0.000010,edge_s3_p4
1779104715,3,1,0.000010,s3_p1_edge
1779104715,3,2,0.000010,s3_p2_edge
1779104715,3,3,0.000019,edge_s3_p3
1779104715,20,4,0.000010,core_s20_p4
1779104715,20,1,0.000010,core_s20_p1
1779104715,20,2,0.000010,core_s20_p2
1779104715,20,3,0.000010,core_s20_p3
1779104715,21,4,0.000019,core_s21_p4
1779104715,21,1,0.000010,core_s21_p1
1779104715,21,2,0.000010,core_s21_p2
1779104715,21,3,0.000010,core_s21_p3
1779104715,32,1,0.000010,core_s32_p1
1779104715,32,4,0.000010,core_s32_p4
1779104715,32,2,0.000010,core_s32_p2
1779104715,32,3,0.000010,core_s32_p3
1779104715,18,4,0.000010,core_s18_p4
1779104715,18,1,0.000010,core_s18_p1
1779104715,18,2,0.000010,core_s18_p2
1779104715,18,3,0.000019,core_s18_p3
1779104715,23,4,0.000010,core_s23_p4
1779104715,23,1,0.000010,core_s23_p1
1779104715,23,2,0.000010,core_s23_p2
1779104715,23,3,0.000010,core_s23_p3
1779104715,19,4,0.000010,core_s19_p4
1779104715,19,1,0.000010,core_s19_p1
1779104715,19,2,0.000010,core_s19_p2
1779104715,19,3,0.000010,core_s19_p3
1779104715,22,1,0.000010,core_s22_p1
1779104715,22,4,0.000010,core_s22_p4
1779104715,22,2,0.000010,core_s22_p2
1779104715,22,3,0.000010,core_s22_p3
1779104715,9,4,0.000019,agg_s9_p4
1779104715,9,1,0.000019,agg_s9_p1
1779104715,9,2,0.000019,agg_s9_p2
1779104715,9,3,0.000019,agg_s9_p3
1779104715,2,1,0.000010,s2_p1_edge
1779104715,2,4,0.000010,edge_s2_p4
1779104715,2,2,0.000010,s2_p2_edge
1779104715,2,3,0.000010,edge_s2_p3
1779104715,24,4,0.000010,core_s24_p4
1779104715,24,1,0.000010,core_s24_p1
1779104715,24,2,0.000010,core_s24_p2
1779104715,24,3,0.000010,core_s24_p3
1779104715,5,4,0.000019,edge_s5_p4
1779104715,5,1,0.000010,s5_p1_edge
1779104715,5,2,0.000010,s5_p2_edge
1779104715,5,3,0.000010,edge_s5_p3
1779104715,17,4,0.000010,core_s17_p4
1779104715,17,1,0.000010,core_s17_p1
1779104715,17,2,0.000010,core_s17_p2
1779104715,17,3,0.000010,core_s17_p3
1779104720,6,1,0.000019,s6_p1_edge
1779104720,6,4,0.000010,edge_s6_p4
1779104720,6,2,0.000019,s6_p2_edge
1779104720,6,3,0.000010,edge_s6_p3
1779104720,25,1,0.000010,core_s25_p1
1779104720,25,4,0.000010,core_s25_p4
1779104720,25,2,0.000010,core_s25_p2
1779104720,25,3,0.000010,core_s25_p3
1779104720,1,4,0.000019,edge_s1_p4
1779104720,1,1,0.000010,s1_p1_edge
1779104720,1,2,0.000010,s1_p2_edge
1779104720,1,3,0.000019,edge_s1_p3
1779104720,20,4,0.000010,core_s20_p4
1779104720,20,1,0.000010,core_s20_p1
1779104720,20,2,0.000010,core_s20_p2
1779104720,20,3,0.000010,core_s20_p3
1779104720,7,1,0.000010,s7_p1_edge
1779104720,7,4,0.000010,edge_s7_p4
1779104720,7,2,0.000010,s7_p2_edge
1779104720,7,3,0.000010,edge_s7_p3
1779104720,21,4,0.000010,core_s21_p4
1779104720,21,1,0.000010,core_s21_p1
1779104720,21,2,0.000010,core_s21_p2
1779104720,21,3,0.000010,core_s21_p3
1779104720,19,4,0.000010,core_s19_p4
1779104720,19,1,0.000010,core_s19_p1
1779104720,19,2,0.000010,core_s19_p2
1779104720,19,3,0.000010,core_s19_p3
1779104720,16,4,0.000019,agg_s16_p4
1779104720,16,1,0.000019,agg_s16_p1
1779104720,16,2,0.000019,agg_s16_p2
1779104720,16,3,0.000019,agg_s16_p3
1779104720,32,1,0.000010,core_s32_p1
1779104720,32,4,0.000010,core_s32_p4
1779104720,32,2,0.000010,core_s32_p2
1779104720,32,3,0.000010,core_s32_p3
1779104720,8,4,0.000010,edge_s8_p4
1779104720,8,1,0.000010,s8_p1_edge
1779104720,8,2,0.000010,s8_p2_edge
1779104720,8,3,0.000010,edge_s8_p3
1779104720,4,4,0.000019,edge_s4_p4
1779104720,4,1,0.000010,s4_p1_edge
1779104720,4,2,0.000010,s4_p2_edge
1779104720,4,3,0.000010,edge_s4_p3
1779104720,3,4,0.000019,edge_s3_p4
1779104720,3,1,0.000019,s3_p1_edge
1779104720,3,2,0.000019,s3_p2_edge
1779104720,3,3,0.000010,edge_s3_p3
1779104720,22,1,0.000010,core_s22_p1
1779104720,22,4,0.000010,core_s22_p4
1779104720,22,2,0.000010,core_s22_p2
1779104720,22,3,0.000010,core_s22_p3
1779104720,18,4,0.000019,core_s18_p4
1779104720,18,1,0.000019,core_s18_p1
1779104720,18,2,0.000019,core_s18_p2
1779104720,18,3,0.000010,core_s18_p3
1779104720,23,4,0.000010,core_s23_p4
1779104720,23,1,0.000010,core_s23_p1
1779104720,23,2,0.000010,core_s23_p2
1779104720,23,3,0.000010,core_s23_p3
1779104720,5,4,0.000010,edge_s5_p4
1779104720,5,1,0.000019,s5_p1_edge
1779104720,5,2,0.000019,s5_p2_edge
1779104720,5,3,0.000010,edge_s5_p3
1779104720,2,1,0.000010,s2_p1_edge
1779104720,2,4,0.000019,edge_s2_p4
1779104720,2,2,0.000010,s2_p2_edge
1779104720,2,3,0.000019,edge_s2_p3
1779104720,17,4,0.000010,core_s17_p4
1779104720,17,1,0.000010,core_s17_p1
1779104720,17,2,0.000010,core_s17_p2
1779104720,17,3,0.000010,core_s17_p3
1779104720,9,4,0.000010,agg_s9_p4
1779104720,9,1,0.000010,agg_s9_p1
1779104720,9,2,0.000010,agg_s9_p2
1779104720,9,3,0.000010,agg_s9_p3
1779104720,24,4,0.000010,core_s24_p4
1779104720,24,1,0.000010,core_s24_p1
1779104720,24,2,0.000010,core_s24_p2
1779104720,24,3,0.000010,core_s24_p3
1779104725,1,4,0.000010,edge_s1_p4
1779104725,1,1,0.000019,s1_p1_edge
1779104725,1,2,0.000019,s1_p2_edge
1779104725,1,3,0.000010,edge_s1_p3
1779104725,20,4,0.000019,core_s20_p4
1779104725,20,1,0.000019,core_s20_p1
1779104725,20,2,0.000019,core_s20_p2
1779104725,20,3,0.000019,core_s20_p3
1779104725,16,4,0.000010,agg_s16_p4
1779104725,16,1,0.000010,agg_s16_p1
1779104725,16,2,0.000010,agg_s16_p2
1779104725,16,3,0.000010,agg_s16_p3
1779104725,8,4,0.000010,edge_s8_p4
1779104725,8,1,0.000010,s8_p1_edge
1779104725,8,2,0.000010,s8_p2_edge
1779104725,8,3,0.000010,edge_s8_p3
1779104725,21,4,0.000010,core_s21_p4
1779104725,21,1,0.000010,core_s21_p1
1779104725,21,2,0.000010,core_s21_p2
1779104725,21,3,0.000010,core_s21_p3
1779104725,3,4,0.000010,edge_s3_p4
1779104725,3,1,0.000010,s3_p1_edge
1779104725,3,2,0.000010,s3_p2_edge
1779104725,3,3,0.000010,edge_s3_p3
1779104725,4,4,0.000010,edge_s4_p4
1779104725,4,1,0.000019,s4_p1_edge
1779104725,4,2,0.000019,s4_p2_edge
1779104725,4,3,0.000010,edge_s4_p3
1779104725,19,4,0.000019,core_s19_p4
1779104725,19,1,0.000019,core_s19_p1
1779104725,19,2,0.000019,core_s19_p2
1779104725,19,3,0.000019,core_s19_p3
1779104725,7,1,0.000010,s7_p1_edge
1779104725,7,4,0.000010,edge_s7_p4
1779104725,7,2,0.000010,s7_p2_edge
1779104725,7,3,0.000010,edge_s7_p3
1779104725,32,1,0.000010,core_s32_p1
1779104725,32,4,0.000019,core_s32_p4
1779104725,32,2,0.000010,core_s32_p2
1779104725,32,3,0.000010,core_s32_p3
1779104725,5,4,0.000010,edge_s5_p4
1779104725,5,1,0.000010,s5_p1_edge
1779104725,5,2,0.000010,s5_p2_edge
1779104725,5,3,0.000010,edge_s5_p3
1779104725,18,4,0.000010,core_s18_p4
1779104725,18,1,0.000010,core_s18_p1
1779104725,18,2,0.000010,core_s18_p2
1779104725,18,3,0.000010,core_s18_p3
1779104725,24,4,0.000019,core_s24_p4
1779104725,24,1,0.000010,core_s24_p1
1779104725,24,2,0.000010,core_s24_p2
1779104725,24,3,0.000010,core_s24_p3
1779104725,23,4,0.000019,core_s23_p4
1779104725,23,1,0.000010,core_s23_p1
1779104725,23,2,0.000010,core_s23_p2
1779104725,23,3,0.000010,core_s23_p3
1779104725,22,1,0.000010,core_s22_p1
1779104725,22,4,0.000010,core_s22_p4
1779104725,22,2,0.000010,core_s22_p2
1779104725,22,3,0.000010,core_s22_p3
1779104725,2,1,0.000019,s2_p1_edge
1779104725,2,4,0.000010,edge_s2_p4
1779104725,2,2,0.000019,s2_p2_edge
1779104725,2,3,0.000010,edge_s2_p3
1779104725,9,4,0.000010,agg_s9_p4
1779104725,9,1,0.000010,agg_s9_p1
1779104725,9,2,0.000010,agg_s9_p2
1779104725,9,3,0.000010,agg_s9_p3
1779104725,17,4,0.000010,core_s17_p4
1779104725,17,1,0.000010,core_s17_p1
1779104725,17,2,0.000010,core_s17_p2
1779104725,17,3,0.000010,core_s17_p3
1779104725,25,1,0.000010,core_s25_p1
1779104725,25,4,0.000019,core_s25_p4
1779104725,25,2,0.000010,core_s25_p2
1779104725,25,3,0.000010,core_s25_p3
1779104725,6,1,0.000010,s6_p1_edge
1779104725,6,4,0.000010,edge_s6_p4
1779104725,6,2,0.000010,s6_p2_edge
1779104725,6,3,0.000010,edge_s6_p3
1779104730,25,1,0.000019,core_s25_p1
1779104730,25,4,0.000010,core_s25_p4
1779104730,25,2,0.000019,core_s25_p2
1779104730,25,3,0.000019,core_s25_p3
1779104730,6,1,0.000010,s6_p1_edge
1779104730,6,4,0.000010,edge_s6_p4
1779104730,6,2,0.000010,s6_p2_edge
1779104730,6,3,0.000019,edge_s6_p3
1779104730,1,4,0.000010,edge_s1_p4
1779104730,1,1,0.000010,s1_p1_edge
1779104730,1,2,0.000010,s1_p2_edge
1779104730,1,3,0.000010,edge_s1_p3
1779104730,20,4,0.000010,core_s20_p4
1779104730,20,1,0.000010,core_s20_p1
1779104730,20,2,0.000010,core_s20_p2
1779104730,20,3,0.000010,core_s20_p3
1779104730,21,4,0.000010,core_s21_p4
1779104730,21,1,0.000010,core_s21_p1
1779104730,21,2,0.000010,core_s21_p2
1779104730,21,3,0.000010,core_s21_p3
1779104730,3,4,0.000010,edge_s3_p4
1779104730,3,1,0.000010,s3_p1_edge
1779104730,3,2,0.000010,s3_p2_edge
1779104730,3,3,0.000010,edge_s3_p3
1779104730,8,4,0.000010,edge_s8_p4
1779104730,8,1,0.000010,s8_p1_edge
1779104730,8,2,0.000010,s8_p2_edge
1779104730,8,3,0.000010,edge_s8_p3
1779104730,4,4,0.000010,edge_s4_p4
1779104730,4,1,0.000010,s4_p1_edge
1779104730,4,2,0.000010,s4_p2_edge
1779104730,4,3,0.000010,edge_s4_p3
1779104730,7,1,0.000010,s7_p1_edge
1779104730,7,4,0.000010,edge_s7_p4
1779104730,7,2,0.000010,s7_p2_edge
1779104730,7,3,0.000010,edge_s7_p3
1779104730,16,4,0.000010,agg_s16_p4
1779104730,16,1,0.000010,agg_s16_p1
1779104730,16,2,0.000010,agg_s16_p2
1779104730,16,3,0.000010,agg_s16_p3
1779104730,2,1,0.000010,s2_p1_edge
1779104730,2,4,0.000010,edge_s2_p4
1779104730,2,2,0.000010,s2_p2_edge
1779104730,2,3,0.000010,edge_s2_p3
1779104730,5,4,0.000010,edge_s5_p4
1779104730,5,1,0.000010,s5_p1_edge
1779104730,5,2,0.000010,s5_p2_edge
1779104730,5,3,0.000019,edge_s5_p3
1779104730,19,4,0.000010,core_s19_p4
1779104730,19,1,0.000010,core_s19_p1
1779104730,19,2,0.000010,core_s19_p2
1779104730,19,3,0.000010,core_s19_p3
1779104730,18,4,0.000010,core_s18_p4
1779104730,18,1,0.000010,core_s18_p1
1779104730,18,2,0.000010,core_s18_p2
1779104730,18,3,0.000010,core_s18_p3
1779104730,22,1,0.000010,core_s22_p1
1779104730,22,4,0.000010,core_s22_p4
1779104730,22,2,0.000010,core_s22_p2
1779104730,22,3,0.000010,core_s22_p3
1779104730,23,4,0.000010,core_s23_p4
1779104730,23,1,0.000019,core_s23_p1
1779104730,23,2,0.000019,core_s23_p2
1779104730,23,3,0.000019,core_s23_p3
1779104730,32,1,0.000019,core_s32_p1
1779104730,32,4,0.000010,core_s32_p4
1779104730,32,2,0.000019,core_s32_p2
1779104730,32,3,0.000019,core_s32_p3
1779104730,24,4,0.000010,core_s24_p4
1779104730,24,1,0.000019,core_s24_p1
1779104730,24,2,0.000019,core_s24_p2
1779104730,24,3,0.000019,core_s24_p3
1779104730,17,4,0.000019,core_s17_p4
1779104730,17,1,0.000019,core_s17_p1
1779104730,17,2,0.000019,core_s17_p2
1779104730,17,3,0.000019,core_s17_p3
1779104730,9,4,0.000010,agg_s9_p4
1779104730,9,1,0.000010,agg_s9_p1
1779104730,9,2,0.000010,agg_s9_p2
1779104730,9,3,0.000010,agg_s9_p3
1779104735,25,1,0.000009,core_s25_p1
1779104735,25,4,0.000009,core_s25_p4
1779104735,25,2,0.000009,core_s25_p2
1779104735,25,3,0.000009,core_s25_p3
1779104735,20,4,0.000009,core_s20_p4
1779104735,20,1,0.000009,core_s20_p1
1779104735,20,2,0.000009,core_s20_p2
1779104735,20,3,0.000009,core_s20_p3
1779104735,1,4,0.000009,edge_s1_p4
1779104735,1,1,0.000009,s1_p1_edge
1779104735,1,2,0.000009,s1_p2_edge
1779104735,1,3,0.000009,edge_s1_p3
1779104735,6,1,0.000009,s6_p1_edge
1779104735,6,4,0.000009,edge_s6_p4
1779104735,6,2,0.000009,s6_p2_edge
1779104735,6,3,0.000009,edge_s6_p3
1779104735,5,4,0.000009,edge_s5_p4
1779104735,5,1,0.000009,s5_p1_edge
1779104735,5,2,0.000009,s5_p2_edge
1779104735,5,3,0.000009,edge_s5_p3
1779104735,18,4,0.000009,core_s18_p4
1779104735,18,1,0.000009,core_s18_p1
1779104735,18,2,0.000009,core_s18_p2
1779104735,18,3,0.000009,core_s18_p3
1779104735,32,1,0.000009,core_s32_p1
1779104735,32,4,0.000009,core_s32_p4
1779104735,32,2,0.000009,core_s32_p2
1779104735,32,3,0.000009,core_s32_p3
1779104735,19,4,0.000009,core_s19_p4
1779104735,19,1,0.000009,core_s19_p1
1779104735,19,2,0.000009,core_s19_p2
1779104735,19,3,0.000009,core_s19_p3
1779104735,8,4,0.000017,edge_s8_p4
1779104735,8,1,0.000017,s8_p1_edge
1779104735,8,2,0.000017,s8_p2_edge
1779104735,8,3,0.000017,edge_s8_p3
1779104735,21,4,0.000017,core_s21_p4
1779104735,21,1,0.000017,core_s21_p1
1779104735,21,2,0.000017,core_s21_p2
1779104735,21,3,0.000017,core_s21_p3
1779104735,24,4,0.000009,core_s24_p4
1779104735,24,1,0.000009,core_s24_p1
1779104735,24,2,0.000009,core_s24_p2
1779104735,24,3,0.000009,core_s24_p3
1779104735,7,1,0.000009,s7_p1_edge
1779104735,7,4,0.000009,edge_s7_p4
1779104735,7,2,0.000017,s7_p2_edge
1779104735,7,3,0.000017,edge_s7_p3
1779104735,4,4,0.000009,edge_s4_p4
1779104735,4,1,0.000009,s4_p1_edge
1779104735,4,2,0.000009,s4_p2_edge
1779104735,4,3,0.000017,edge_s4_p3
1779104735,16,4,0.000009,agg_s16_p4
1779104735,16,1,0.000009,agg_s16_p1
1779104735,16,2,0.000009,agg_s16_p2
1779104735,16,3,0.000009,agg_s16_p3
1779104735,3,4,0.000009,edge_s3_p4
1779104735,3,1,0.000009,s3_p1_edge
1779104735,3,2,0.000009,s3_p2_edge
1779104735,3,3,0.000017,edge_s3_p3
1779104735,2,1,0.000009,s2_p1_edge
1779104735,2,4,0.000009,edge_s2_p4
1779104735,2,2,0.000009,s2_p2_edge
1779104735,2,3,0.000009,edge_s2_p3
1779104735,23,4,0.000009,core_s23_p4
1779104735,23,1,0.000009,core_s23_p1
1779104735,23,2,0.000009,core_s23_p2
1779104735,23,3,0.000009,core_s23_p3
1779104735,22,1,0.000017,core_s22_p1
1779104735,22,4,0.000017,core_s22_p4
1779104735,22,2,0.000017,core_s22_p2
1779104735,22,3,0.000017,core_s22_p3
1779104735,17,4,0.000009,core_s17_p4
1779104735,17,1,0.000009,core_s17_p1
1779104735,17,2,0.000009,core_s17_p2
1779104735,17,3,0.000009,core_s17_p3
1779104735,9,4,0.000009,agg_s9_p4
1779104735,9,1,0.000017,agg_s9_p1
1779104735,9,2,0.000017,agg_s9_p2
1779104735,9,3,0.000017,agg_s9_p3
1779104740,4,4,0.011361,edge_s4_p4
1779104740,4,1,0.008415,s4_p1_edge
1779104740,4,2,0.008415,s4_p2_edge
1779104740,4,3,0.010767,edge_s4_p3
1779104740,2,1,0.008324,s2_p1_edge
1779104740,2,4,0.011620,edge_s2_p4
1779104740,2,2,0.008324,s2_p2_edge
1779104740,2,3,0.012554,edge_s2_p3
1779104740,8,4,0.004130,edge_s8_p4
1779104740,8,1,0.008322,s8_p1_edge
1779104740,8,2,0.008322,s8_p2_edge
1779104740,8,3,0.004843,edge_s8_p3
1779104740,7,1,0.008309,s7_p1_edge
1779104740,7,4,0.004161,edge_s7_p4
1779104740,7,2,0.008303,s7_p2_edge
1779104740,7,3,0.004155,edge_s7_p3
1779104740,6,1,0.008242,s6_p1_edge
1779104740,6,4,0.006069,edge_s6_p4
1779104740,6,2,0.008242,s6_p2_edge
1779104740,6,3,0.004111,edge_s6_p3
1779104740,5,4,0.004753,edge_s5_p4
1779104740,5,1,0.008232,s5_p1_edge
1779104740,5,2,0.008232,s5_p2_edge
1779104740,5,3,0.004774,edge_s5_p3
1779104740,1,4,0.096286,edge_s1_p4
1779104740,1,1,0.008123,s1_p1_edge
1779104740,1,2,0.007408,s1_p2_edge
1779104740,1,3,0.047754,edge_s1_p3
1779104745,18,4,0.004796,core_s18_p4
1779104745,18,1,0.027591,path_B
1779104745,18,2,0.015400,core_s18_p2
1779104745,18,3,0.006191,path_B
1779104745,17,4,0.004674,core_s17_p4
1779104745,17,1,0.013313,path_A
1779104745,17,2,0.010491,core_s17_p2
1779104745,17,3,0.004214,path_A
1779104745,3,4,0.002813,path_B
1779104745,3,1,0.030274,s3_p1_edge
1779104745,3,2,0.001962,s3_p2_edge
1779104745,3,3,0.002810,path_A
1779104745,9,4,0.020444,agg_s9_p4
1779104745,9,1,0.004637,path_A
1779104745,9,2,0.013941,agg_s9_p2
1779104745,9,3,0.015101,path_A
1779104745,16,4,0.029425,agg_s16_p4
1779104745,16,1,0.004581,path_B
1779104745,16,2,0.019037,agg_s16_p2
1779104745,16,3,0.032147,path_B
1779104745,19,4,0.007672,core_s19_p4
1779104745,19,1,0.004884,core_s19_p1
1779104745,19,2,0.006191,core_s19_p2
1779104745,19,3,0.004624,core_s19_p3
1779104745,22,1,0.005652,core_s22_p1
1779104745,22,4,0.003999,core_s22_p4
1779104745,22,2,0.006308,core_s22_p2
1779104745,22,3,0.005592,core_s22_p3
1779104745,20,4,0.005479,core_s20_p4
1779104745,20,1,0.006597,core_s20_p1
1779104745,20,2,0.007346,core_s20_p2
1779104745,20,3,0.005145,core_s20_p3
1779104745,21,4,0.003974,core_s21_p4
1779104745,21,1,0.004522,core_s21_p1
1779104745,21,2,0.004403,core_s21_p2
1779104745,21,3,0.004087,core_s21_p3
1779104745,25,1,0.006009,path_B
1779104745,25,4,0.007687,core_s25_p4
1779104745,25,2,0.015906,path_B
1779104745,25,3,0.009956,core_s25_p3
1779104745,32,1,0.003838,core_s32_p1
1779104745,32,4,0.008063,core_s32_p4
1779104745,32,2,0.020620,core_s32_p2
1779104745,32,3,0.005616,core_s32_p3
1779104745,23,4,0.004029,core_s23_p4
1779104745,23,1,0.003818,path_A
1779104745,23,2,0.009071,path_A
1779104745,23,3,0.007255,core_s23_p3
1779104745,24,4,0.005870,core_s24_p4
1779104745,24,1,0.007260,core_s24_p1
1779104745,24,2,0.009139,core_s24_p2
1779104745,24,3,0.009019,core_s24_p3
1779104750,4,4,0.010192,edge_s4_p4
1779104750,4,1,0.009575,s4_p1_edge
1779104750,4,2,0.009575,s4_p2_edge
1779104750,4,3,0.010505,edge_s4_p3
1779104750,2,1,0.009383,s2_p1_edge
1779104750,2,4,0.014540,edge_s2_p4
1779104750,2,2,0.009383,s2_p2_edge
1779104750,2,3,0.004841,edge_s2_p3
1779104750,8,4,0.004825,edge_s8_p4
1779104750,8,1,0.009323,s8_p1_edge
1779104750,8,2,0.009323,s8_p2_edge
1779104750,8,3,0.004654,edge_s8_p3
1779104750,7,1,0.009341,s7_p1_edge
1779104750,7,4,0.004812,edge_s7_p4
1779104750,7,2,0.009341,s7_p2_edge
1779104750,7,3,0.004686,edge_s7_p3
1779104750,5,4,0.004690,edge_s5_p4
1779104750,5,1,0.009382,s5_p1_edge
1779104750,5,2,0.009382,s5_p2_edge
1779104750,5,3,0.005303,edge_s5_p3
1779104750,6,1,0.009371,s6_p1_edge
1779104750,6,4,0.006494,edge_s6_p4
1779104750,6,2,0.009371,s6_p2_edge
1779104750,6,3,0.004695,edge_s6_p3
1779104755,1,4,0.066981,path_B
1779104755,1,1,0.006124,s1_p1_edge
1779104755,1,2,0.005044,s1_p2_edge
1779104755,1,3,0.100040,path_A
1779104755,32,1,0.006539,core_s32_p1
1779104755,32,4,0.017321,core_s32_p4
1779104755,32,2,0.034259,core_s32_p2
1779104755,32,3,0.026067,core_s32_p3
1779104755,18,4,0.016471,core_s18_p4
1779104755,18,1,0.026245,path_B
1779104755,18,2,0.013334,core_s18_p2
1779104755,18,3,0.014721,path_B
1779104755,17,4,0.009396,core_s17_p4
1779104755,17,1,0.040392,path_A
1779104755,17,2,0.013446,core_s17_p2
1779104755,17,3,0.013893,path_A
1779104755,3,4,0.009983,path_B
1779104755,3,1,0.043429,s3_p1_edge
1779104755,3,2,0.002292,s3_p2_edge
1779104755,3,3,0.004960,path_A
1779104755,9,4,0.061706,agg_s9_p4
1779104755,9,1,0.007606,path_A
1779104755,9,2,0.028641,agg_s9_p2
1779104755,9,3,0.035859,path_A
1779104755,16,4,0.054190,agg_s16_p4
1779104755,16,1,0.008705,path_B
1779104755,16,2,0.005781,agg_s16_p2
1779104755,16,3,0.034620,path_B
1779104760,4,4,0.015435,edge_s4_p4
1779104760,4,1,0.009783,s4_p1_edge
1779104760,4,2,0.009783,s4_p2_edge
1779104760,4,3,0.030808,edge_s4_p3
1779104760,19,4,0.006489,core_s19_p4
1779104760,19,1,0.005986,core_s19_p1
1779104760,19,2,0.008045,core_s19_p2
1779104760,19,3,0.010506,core_s19_p3
1779104760,2,1,0.009588,s2_p1_edge
1779104760,2,4,0.020693,edge_s2_p4
1779104760,2,2,0.009588,s2_p2_edge
1779104760,2,3,0.030593,edge_s2_p3
1779104760,8,4,0.006029,edge_s8_p4
1779104760,8,1,0.009598,s8_p1_edge
1779104760,8,2,0.009598,s8_p2_edge
1779104760,8,3,0.008664,edge_s8_p3
1779104760,7,1,0.009596,s7_p1_edge
1779104760,7,4,0.006178,edge_s7_p4
1779104760,7,2,0.009596,s7_p2_edge
1779104760,7,3,0.009592,edge_s7_p3
1779104760,6,1,0.009622,s6_p1_edge
1779104760,6,4,0.005716,edge_s6_p4
1779104760,6,2,0.009622,s6_p2_edge
1779104760,6,3,0.007149,edge_s6_p3
1779104760,5,4,0.006805,edge_s5_p4
1779104760,5,1,0.009585,s5_p1_edge
1779104760,5,2,0.009591,s5_p2_edge
1779104760,5,3,0.007404,edge_s5_p3
1779104760,22,1,0.004881,core_s22_p1
1779104760,22,4,0.005546,core_s22_p4
1779104760,22,2,0.005355,core_s22_p2
1779104760,22,3,0.007599,core_s22_p3
1779104760,20,4,0.006215,core_s20_p4
1779104760,20,1,0.005271,core_s20_p1
1779104760,20,2,0.004875,core_s20_p2
1779104760,20,3,0.009870,core_s20_p3
1779104760,21,4,0.007109,core_s21_p4
1779104760,21,1,0.005638,core_s21_p1
1779104760,21,2,0.005368,core_s21_p2
1779104760,21,3,0.007485,core_s21_p3
1779104760,25,1,0.011714,path_B
1779104760,25,4,0.007228,core_s25_p4
1779104760,25,2,0.033288,path_B
1779104760,25,3,0.009262,core_s25_p3
1779104760,23,4,0.010213,core_s23_p4
1779104760,23,1,0.010236,path_A
1779104760,23,2,0.024424,path_A
1779104760,23,3,0.009845,core_s23_p3
1779104760,24,4,0.007355,core_s24_p4
1779104760,24,1,0.006121,core_s24_p1
1779104760,24,2,0.036243,core_s24_p2
1779104760,24,3,0.015204,core_s24_p3
1779104760,32,1,0.013796,core_s32_p1
1779104760,32,4,0.042761,core_s32_p4
1779104760,32,2,0.092942,core_s32_p2
1779104760,32,3,0.057269,core_s32_p3
1779104765,19,4,0.020775,core_s19_p4
1779104765,19,1,0.021279,core_s19_p1
1779104765,19,2,0.015191,core_s19_p2
1779104765,19,3,0.015633,core_s19_p3
1779104765,17,4,0.008288,core_s17_p4
1779104765,17,1,0.065815,path_A
1779104765,17,2,0.029659,core_s17_p2
1779104765,17,3,0.015548,path_A
1779104765,21,4,0.024675,core_s21_p4
1779104765,21,1,0.014730,core_s21_p1
1779104765,21,2,0.015406,core_s21_p2
1779104765,21,3,0.025847,core_s21_p3
1779104765,18,4,0.006302,core_s18_p4
1779104765,18,1,0.061144,path_B
1779104765,18,2,0.043741,core_s18_p2
1779104765,18,3,0.024763,path_B
1779104765,25,1,0.037808,path_B
1779104765,25,4,0.034768,core_s25_p4
1779104765,25,2,0.048724,path_B
1779104765,25,3,0.031923,core_s25_p3
1779104765,9,4,0.114313,agg_s9_p4
1779104765,9,1,0.024814,path_A
1779104765,9,2,0.034606,agg_s9_p2
1779104765,9,3,0.066896,path_A
1779104765,3,4,0.024206,path_B
1779104765,3,1,0.062588,s3_p1_edge
1779104765,3,2,0.004155,s3_p2_edge
1779104765,3,3,0.013901,path_A
1779104765,4,4,0.012935,edge_s4_p4
1779104765,4,1,0.009022,s4_p1_edge
1779104765,4,2,0.009022,s4_p2_edge
1779104765,4,3,0.017400,edge_s4_p3
1779104765,22,1,0.018924,core_s22_p1
1779104765,22,4,0.013571,core_s22_p4
1779104765,22,2,0.012360,core_s22_p2
1779104765,22,3,0.010468,core_s22_p3
1779104765,32,1,0.012812,core_s32_p1
1779104765,32,4,0.069366,core_s32_p4
1779104765,32,2,0.094984,core_s32_p2
1779104765,32,3,0.036870,core_s32_p3
1779104765,16,4,0.103899,agg_s16_p4
1779104765,16,1,0.022605,path_B
1779104765,16,2,0.053628,agg_s16_p2
1779104765,16,3,0.058333,path_B
1779104765,2,1,0.008978,s2_p1_edge
1779104765,2,4,0.025482,edge_s2_p4
1779104765,2,2,0.008978,s2_p2_edge
1779104765,2,3,0.055704,edge_s2_p3
1779104765,8,4,0.004477,edge_s8_p4
1779104765,8,1,0.008972,s8_p1_edge
1779104765,8,2,0.008972,s8_p2_edge
1779104765,8,3,0.014161,edge_s8_p3
1779104765,7,1,0.008955,s7_p1_edge
1779104765,7,4,0.004480,edge_s7_p4
1779104765,7,2,0.008955,s7_p2_edge
1779104765,7,3,0.010295,edge_s7_p3
1779104765,6,1,0.008933,s6_p1_edge
1779104765,6,4,0.006027,edge_s6_p4
1779104765,6,2,0.008933,s6_p2_edge
1779104765,6,3,0.007301,edge_s6_p3
1779104765,5,4,0.006605,edge_s5_p4
1779104765,5,1,0.008950,s5_p1_edge
1779104765,5,2,0.008944,s5_p2_edge
1779104765,5,3,0.005889,edge_s5_p3
1779104765,23,4,0.022250,core_s23_p4
1779104765,23,1,0.016981,path_A
1779104765,23,2,0.028444,path_A
1779104765,23,3,0.023733,core_s23_p3
1779104765,20,4,0.016854,core_s20_p4
1779104765,20,1,0.015243,core_s20_p1
1779104765,20,2,0.015381,core_s20_p2
1779104765,20,3,0.013546,core_s20_p3
1779104770,24,4,0.027693,core_s24_p4
1779104770,24,1,0.011775,core_s24_p1
1779104770,24,2,0.046183,core_s24_p2
1779104770,24,3,0.025594,core_s24_p3
1779104770,19,4,0.013400,core_s19_p4
1779104770,19,1,0.023308,core_s19_p1
1779104770,19,2,0.017655,core_s19_p2
1779104770,19,3,0.012558,core_s19_p3
1779104770,25,1,0.042325,path_B
1779104770,25,4,0.038815,core_s25_p4
1779104770,25,2,0.050416,path_B
1779104770,25,3,0.035366,core_s25_p3
1779104770,21,4,0.027833,core_s21_p4
1779104770,21,1,0.016490,core_s21_p1
1779104770,21,2,0.016836,core_s21_p2
1779104770,21,3,0.011471,core_s21_p3
1779104770,9,4,0.122950,agg_s9_p4
1779104770,9,1,0.025641,path_A
1779104770,9,2,0.095412,agg_s9_p2
1779104770,9,3,0.070234,path_A
1779104770,17,4,0.010967,core_s17_p4
1779104770,17,1,0.064013,path_A
1779104770,17,2,0.028393,core_s17_p2
1779104770,17,3,0.018364,path_A
1779104770,32,1,0.011706,core_s32_p1
1779104770,32,4,0.011910,core_s32_p4
1779104770,32,2,0.015792,core_s32_p2
1779104770,32,3,0.011692,core_s32_p3
1779104770,16,4,0.208536,agg_s16_p4
1779104770,16,1,0.047054,path_B
1779104770,16,2,0.145389,agg_s16_p2
1779104770,16,3,0.121915,path_B
1779104770,22,1,0.037222,core_s22_p1
1779104770,22,4,0.017520,core_s22_p4
1779104770,22,2,0.039828,core_s22_p2
1779104770,22,3,0.023466,core_s22_p3
1779104770,18,4,0.011967,core_s18_p4
1779104770,18,1,0.051327,path_B
1779104770,18,2,0.032008,core_s18_p2
1779104770,18,3,0.020782,path_B
1779104775,23,4,0.024209,core_s23_p4
1779104775,23,1,0.029752,path_A
1779104775,23,2,0.039392,path_A
1779104775,23,3,0.022909,core_s23_p3
1779104775,20,4,0.026285,core_s20_p4
1779104775,20,1,0.012750,core_s20_p1
1779104775,20,2,0.017224,core_s20_p2
1779104775,20,3,0.023519,core_s20_p3
1779104775,1,4,0.094005,path_B
1779104775,1,1,0.004124,s1_p1_edge
1779104775,1,2,0.002881,s1_p2_edge
1779104775,1,3,0.062779,path_A
1779104775,3,4,0.018299,path_B
1779104775,3,1,0.064844,s3_p1_edge
1779104775,3,2,0.003349,s3_p2_edge
1779104775,3,3,0.008406,path_A
1779104775,24,4,0.025933,core_s24_p4
1779104775,24,1,0.015493,core_s24_p1
1779104775,24,2,0.084666,core_s24_p2
1779104775,24,3,0.039277,core_s24_p3
1779104775,4,4,0.005026,edge_s4_p4
1779104775,4,1,0.010068,s4_p1_edge
1779104775,4,2,0.010068,s4_p2_edge
1779104775,4,3,0.005048,edge_s4_p3
1779104775,19,4,0.010587,core_s19_p4
1779104775,19,1,0.015424,core_s19_p1
1779104775,19,2,0.012749,core_s19_p2
1779104775,19,3,0.010690,core_s19_p3
1779104775,2,1,0.009773,s2_p1_edge
1779104775,2,4,0.087344,edge_s2_p4
1779104775,2,2,0.009773,s2_p2_edge
1779104775,2,3,0.123395,edge_s2_p3
1779104775,25,1,0.034914,path_B
1779104775,25,4,0.010882,core_s25_p4
1779104775,25,2,0.018085,path_B
1779104775,25,3,0.010853,core_s25_p3
1779104775,7,1,0.009805,s7_p1_edge
1779104775,7,4,0.004910,edge_s7_p4
1779104775,7,2,0.009805,s7_p2_edge
1779104775,7,3,0.004901,edge_s7_p3
1779104775,8,4,0.004893,edge_s8_p4
1779104775,8,1,0.009771,s8_p1_edge
1779104775,8,2,0.009771,s8_p2_edge
1779104775,8,3,0.004884,edge_s8_p3
1779104775,6,1,0.009768,s6_p1_edge
1779104775,6,4,0.005359,edge_s6_p4
1779104775,6,2,0.009768,s6_p2_edge
1779104775,6,3,0.004880,edge_s6_p3
1779104775,9,4,0.018228,agg_s9_p4
1779104775,9,1,0.022184,path_A
1779104775,9,2,0.350936,agg_s9_p2
1779104775,9,3,0.021541,path_A
1779104775,5,4,0.007024,edge_s5_p4
1779104775,5,1,0.009734,s5_p1_edge
1779104775,5,2,0.009734,s5_p2_edge
1779104775,5,3,0.004881,edge_s5_p3
1779104775,21,4,0.010075,core_s21_p4
1779104775,21,1,0.013563,core_s21_p1
1779104775,21,2,0.011504,core_s21_p2
1779104775,21,3,0.010113,core_s21_p3
1779104775,17,4,0.008734,core_s17_p4
1779104775,17,1,0.025094,path_A
1779104775,17,2,0.011294,core_s17_p2
1779104775,17,3,0.008778,path_A
1779104775,22,1,0.012374,core_s22_p1
1779104775,22,4,0.010843,core_s22_p4
1779104775,22,2,0.012394,core_s22_p2
1779104775,22,3,0.010809,core_s22_p3
1779104775,32,1,0.011307,core_s32_p1
1779104775,32,4,0.011359,core_s32_p4
1779104775,32,2,0.011437,s32_p2_edge
1779104775,32,3,0.011280,core_s32_p3
1779104775,16,4,0.015401,agg_s16_p4
1779104775,16,1,0.035002,path_B
1779104775,16,2,0.322666,agg_s16_p2
1779104775,16,3,0.013367,path_B
1779104775,1,4,0.458064,path_B
1779104775,1,1,0.017846,s1_p1_edge
1779104775,1,2,0.005114,s1_p2_edge
1779104775,1,3,0.326239,path_A
1779104780,23,4,0.015550,core_s23_p4
1779104780,23,1,0.016766,path_A
1779104780,23,2,0.017915,path_A
1779104780,23,3,0.011435,core_s23_p3
1779104780,24,4,0.011325,core_s24_p4
1779104780,24,1,0.011349,core_s24_p1
1779104780,24,2,0.014174,core_s24_p2
1779104780,24,3,0.015450,core_s24_p3
1779104780,20,4,0.009208,core_s20_p4
1779104780,20,1,0.010516,core_s20_p1
1779104780,20,2,0.010464,core_s20_p2
1779104780,20,3,0.011208,core_s20_p3
1779104780,19,4,0.010989,core_s19_p4
1779104780,19,1,0.012650,core_s19_p1
1779104780,19,2,0.012674,core_s19_p2
1779104780,19,3,0.011027,core_s19_p3
1779104780,3,4,0.014911,path_B
1779104780,3,1,0.028192,s3_p1_edge
1779104780,3,2,0.000008,s3_p2_edge
1779104780,3,3,0.000008,path_A
1779104780,25,1,0.036123,path_B
1779104780,25,4,0.011587,core_s25_p4
1779104780,25,2,0.012502,path_B
1779104780,25,3,0.011465,core_s25_p3
1779104780,21,4,0.011643,core_s21_p4
1779104780,21,1,0.013295,core_s21_p1
1779104780,21,2,0.013266,core_s21_p2
1779104780,21,3,0.011607,core_s21_p3
1779104780,9,4,0.010759,agg_s9_p4
1779104780,9,1,0.019018,path_A
1779104780,9,2,0.352359,agg_s9_p2
1779104780,9,3,0.010632,path_A
1779104780,22,1,0.012771,core_s22_p1
1779104780,22,4,0.011114,core_s22_p4
1779104780,22,2,0.012688,core_s22_p2
1779104780,22,3,0.011252,core_s22_p3
1779104780,32,1,0.011998,core_s32_p1
1779104780,32,4,0.011902,core_s32_p4
1779104780,32,2,0.012397,core_s32_p2
1779104780,32,3,0.011799,core_s32_p3
1779104780,4,4,0.005189,edge_s4_p4
1779104780,4,1,0.010371,s4_p1_edge
1779104780,4,2,0.010378,s4_p2_edge
1779104780,4,3,0.005189,edge_s4_p3
1779104780,16,4,0.011803,agg_s16_p4
1779104780,16,1,0.043032,path_A
1779104780,16,2,0.548546,agg_s16_p2
1779104780,16,3,0.011941,path_A
1779104780,17,4,0.008401,path_B
1779104780,17,1,0.015582,path_B
1779104780,17,2,0.010076,core_s17_p2
1779104780,17,3,0.008302,core_s17_p3
1779104780,18,4,0.005073,core_s18_p4
1779104780,18,1,0.014142,path_A
1779104780,18,2,0.006474,core_s18_p2
1779104780,18,3,0.016085,path_A
1779104780,2,1,0.010279,s2_p1_edge
1779104780,2,4,0.131126,edge_s2_p4
1779104780,2,2,0.010279,s2_p2_edge
1779104780,2,3,0.124736,edge_s2_p3
1779104780,1,4,0.363162,path_A
1779104780,1,1,0.014919,s1_p1_edge
1779104780,1,2,0.004191,s1_p2_edge
1779104780,1,3,0.360441,path_B
1779104780,8,4,0.004970,edge_s8_p4
1779104780,8,1,0.009972,s8_p1_edge
1779104780,8,2,0.009972,s8_p2_edge
1779104780,8,3,0.005008,edge_s8_p3
1779104780,7,1,0.009914,s7_p1_edge
1779104780,7,4,0.004936,edge_s7_p4
1779104780,7,2,0.009914,s7_p2_edge
1779104780,7,3,0.004984,edge_s7_p3
1779104780,6,1,0.009964,s6_p1_edge
1779104780,6,4,0.004972,edge_s6_p4
1779104780,6,2,0.009964,s6_p2_edge
1779104780,6,3,0.004998,edge_s6_p3
1779104780,5,4,0.004975,edge_s5_p4
1779104780,5,1,0.009974,s5_p1_edge
1779104780,5,2,0.009974,s5_p2_edge
1779104780,5,3,0.005005,edge_s5_p3
1779104785,23,4,0.010890,core_s23_p4
1779104785,23,1,0.014736,core_s23_p1
1779104785,23,2,0.011853,core_s23_p2
1779104785,23,3,0.010939,core_s23_p3
1779104785,20,4,0.012342,core_s20_p4
1779104785,20,1,0.014062,core_s20_p1
1779104785,20,2,0.014024,core_s20_p2
1779104785,20,3,0.012312,core_s20_p3
1779104785,25,1,0.038710,path_A
1779104785,25,4,0.013006,core_s25_p4
1779104785,25,2,0.013924,path_A
1779104785,25,3,0.013066,core_s25_p3
1779104785,19,4,0.010904,core_s19_p4
1779104785,19,1,0.012372,core_s19_p1
1779104785,19,2,0.012519,core_s19_p2
1779104785,19,3,0.010958,core_s19_p3
1779104785,24,4,0.010398,core_s24_p4
1779104785,24,1,0.010368,path_B
1779104785,24,2,0.010506,path_B
1779104785,24,3,0.010368,core_s24_p3
1779104785,9,4,0.011264,path_B
1779104785,9,1,0.020546,path_B
1779104785,9,2,0.170772,agg_s9_p2
1779104785,9,3,0.011235,agg_s9_p3
1779104785,3,4,0.016838,path_A
1779104785,3,1,0.014464,s3_p1_edge
1779104785,3,2,0.000009,s3_p2_edge
1779104785,3,3,0.000009,path_B
1779104785,21,4,0.010082,core_s21_p4
1779104785,21,1,0.011554,core_s21_p1
1779104785,21,2,0.011486,core_s21_p2
1779104785,21,3,0.010231,core_s21_p3
1779104788,17,4,0.010550,path_B
1779104788,17,1,0.018460,path_B
1779104788,17,2,0.013061,core_s17_p2
1779104788,17,3,0.010785,core_s17_p3
1779104788,32,1,0.011561,core_s32_p1
1779104788,32,4,0.011587,core_s32_p4
1779104788,32,2,0.012144,core_s32_p2
1779104788,32,3,0.011600,s32_p3_edge
1779104789,22,1,0.010398,core_s22_p1
1779104789,22,4,0.009078,core_s22_p4
1779104789,22,2,0.010331,core_s22_p2
1779104789,22,3,0.009033,core_s22_p3
1779104790,16,4,0.008968,agg_s16_p4
1779104790,16,1,0.033335,path_A
1779104790,16,2,0.160110,agg_s16_p2
1779104790,16,3,0.008872,path_A
1779104790,1,4,0.436686,path_A
1779104790,1,1,0.013674,s1_p1_edge
1779104790,1,2,0.004151,s1_p2_edge
1779104790,1,3,0.329038,path_B
1779104790,23,4,0.010217,core_s23_p4
1779104790,23,1,0.011940,core_s23_p1
1779104790,23,2,0.010995,core_s23_p2
1779104790,23,3,0.010258,core_s23_p3
1779104791,4,4,0.005398,edge_s4_p4
1779104791,4,1,0.010669,s4_p1_edge
1779104791,4,2,0.010662,s4_p2_edge
1779104791,4,3,0.005270,edge_s4_p3
1779104791,20,4,0.009453,s20_p4_edge
1779104791,20,1,0.010900,core_s20_p1
1779104791,20,2,0.010853,core_s20_p2
1779104791,20,3,0.009500,s20_p3_edge
1779104791,19,4,0.011042,core_s19_p4
1779104791,19,1,0.012445,core_s19_p1
1779104791,19,2,0.012532,core_s19_p2
1779104791,19,3,0.011082,core_s19_p3
1779104791,2,1,0.010814,s2_p1_edge
1779104791,2,4,0.096048,edge_s2_p4
1779104791,2,2,0.010814,s2_p2_edge
1779104791,2,3,0.016966,edge_s2_p3
1779104791,21,4,0.012609,core_s21_p4
1779104791,21,1,0.014396,core_s21_p1
1779104791,21,2,0.014350,core_s21_p2
1779104791,21,3,0.012746,core_s21_p3
1779104792,24,4,0.010791,core_s24_p4
1779104792,24,1,0.010766,path_B
1779104792,24,2,0.010840,path_B
1779104792,24,3,0.010705,core_s24_p3
1779104792,3,4,0.017000,path_A
1779104792,3,1,0.015834,s3_p1_edge
1779104792,3,2,0.000010,s3_p2_edge
1779104792,3,3,0.000010,path_B
1779104792,25,1,0.026691,path_A
1779104792,25,4,0.010314,core_s25_p4
1779104792,25,2,0.009935,path_A
1779104792,25,3,0.010113,s25_p3_edge
1779104792,9,4,0.009243,path_B
1779104792,9,1,0.016913,path_B
1779104792,9,2,0.059711,agg_s9_p2
1779104792,9,3,0.008945,agg_s9_p3
1779104792,8,4,0.005059,edge_s8_p4
1779104792,8,1,0.010095,s8_p1_edge
1779104792,8,2,0.010095,s8_p2_edge
1779104792,8,3,0.005042,edge_s8_p3
1779104792,7,1,0.010042,s7_p1_edge
1779104792,7,4,0.005037,edge_s7_p4
1779104792,7,2,0.010042,s7_p2_edge
1779104792,7,3,0.005011,edge_s7_p3
1779104792,5,4,0.005034,edge_s5_p4
1779104792,5,1,0.010044,s5_p1_edge
1779104792,5,2,0.010044,s5_p2_edge
1779104792,5,3,0.005016,edge_s5_p3
1779104792,6,1,0.009975,s6_p1_edge
1779104792,6,4,0.004995,edge_s6_p4
1779104792,6,2,0.009975,s6_p2_edge
1779104792,6,3,0.004986,edge_s6_p3
1779104792,18,4,0.005481,core_s18_p4
1779104792,18,1,0.008979,path_A
1779104792,18,2,0.006959,core_s18_p2
1779104792,18,3,0.017567,path_A
1779104793,32,1,0.012622,core_s32_p1
1779104793,32,4,0.012416,core_s32_p4
1779104793,32,2,0.012917,core_s32_p2
1779104793,32,3,0.012594,s32_p3_edge
1779104794,17,4,0.009069,path_B
1779104794,17,1,0.015693,path_B
1779104794,17,2,0.011333,core_s17_p2
1779104794,17,3,0.008650,core_s17_p3
1779104794,22,1,0.013552,core_s22_p1
1779104794,22,4,0.011941,core_s22_p4
1779104794,22,2,0.013675,core_s22_p2
1779104794,22,3,0.011905,core_s22_p3
1779104795,16,4,0.010429,agg_s16_p4
1779104795,16,1,0.036763,path_A
1779104795,16,2,0.332742,agg_s16_p2
1779104795,16,3,0.010157,path_A
1779104795,1,4,0.165655,path_A
1779104795,1,1,0.014231,s1_p1_edge
1779104795,1,2,0.004656,s1_p2_edge
1779104795,1,3,0.157790,path_B
1779104796,23,4,0.011518,core_s23_p4
1779104796,23,1,0.014112,core_s23_p1
1779104796,23,2,0.011551,core_s23_p2
1779104796,23,3,0.011661,core_s23_p3
1779104796,20,4,0.011493,s20_p4_edge
1779104796,20,1,0.013165,core_s20_p1
1779104796,20,2,0.013256,core_s20_p2
1779104796,20,3,0.011696,s20_p3_edge
1779104796,19,4,0.010806,core_s19_p4
1779104796,19,1,0.012278,core_s19_p1
1779104796,19,2,0.012343,core_s19_p2
1779104796,19,3,0.010832,core_s19_p3
1779104797,24,4,0.011477,core_s24_p4
1779104797,24,1,0.011569,path_B
1779104797,24,2,0.011817,path_B
1779104797,24,3,0.011314,core_s24_p3
1779104797,25,1,0.034891,path_A
1779104797,25,4,0.012683,core_s25_p4
1779104797,25,2,0.012280,path_A
1779104797,25,3,0.012461,core_s25_p3
1779104797,3,4,0.015759,path_A
1779104797,3,1,0.014589,s3_p1_edge
1779104797,3,2,0.000009,s3_p2_edge
1779104797,3,3,0.000009,path_B
1779104797,21,4,0.009781,core_s21_p4
1779104797,21,1,0.011136,core_s21_p1
1779104797,21,2,0.011124,core_s21_p2
1779104797,21,3,0.010005,core_s21_p3
1779104797,9,4,0.010114,path_B
1779104797,9,1,0.017963,path_B
1779104797,9,2,0.011615,agg_s9_p2
1779104797,9,3,0.009442,agg_s9_p3
1779104798,18,4,0.009460,core_s18_p4
1779104798,18,1,0.014853,path_A
1779104798,18,2,0.010936,core_s18_p2
1779104798,18,3,0.027236,path_A
1779104798,32,1,0.011881,core_s32_p1
1779104798,32,4,0.057613,core_s32_p4
1779104798,32,2,0.012397,core_s32_p2
1779104798,32,3,0.049599,core_s32_p3
1779104798,4,4,0.005092,edge_s4_p4
1779104798,4,1,0.010149,s4_p1_edge
1779104798,4,2,0.010149,s4_p2_edge
1779104798,4,3,0.005062,edge_s4_p3
1779104799,17,4,0.010014,path_B
1779104799,17,1,0.017778,path_B
1779104799,17,2,0.012531,core_s17_p2
1779104799,17,3,0.009174,core_s17_p3
1779104799,2,1,0.010431,s2_p1_edge
1779104799,2,4,0.042613,edge_s2_p4
1779104799,2,2,0.010431,s2_p2_edge
1779104799,2,3,0.005228,edge_s2_p3
1779104799,32,1,0.008853,core_s32_p1
1779104799,32,4,0.028473,core_s32_p4
1779104799,32,2,0.009310,core_s32_p2
1779104799,32,3,0.027400,core_s32_p3
1779104799,22,1,0.011376,core_s22_p1
1779104799,22,4,0.009936,core_s22_p4
1779104799,22,2,0.011316,core_s22_p2
1779104799,22,3,0.009984,core_s22_p3
1779104800,16,4,0.010546,agg_s16_p4
1779104800,16,1,0.037830,path_A
1779104800,16,2,0.563647,agg_s16_p2
1779104800,16,3,0.009804,path_A
1779104801,8,4,0.004508,edge_s8_p4
1779104801,8,1,0.009069,s8_p1_edge
1779104801,8,2,0.009069,s8_p2_edge
1779104801,8,3,0.004566,edge_s8_p3
1779104801,7,1,0.009073,s7_p1_edge
1779104801,7,4,0.004524,edge_s7_p4
1779104801,7,2,0.009073,s7_p2_edge
1779104801,7,3,0.004554,edge_s7_p3
1779104801,5,4,0.004526,edge_s5_p4
1779104801,5,1,0.009066,s5_p1_edge
1779104801,5,2,0.009066,s5_p2_edge
1779104801,5,3,0.004545,edge_s5_p3
1779104801,6,1,0.009039,s6_p1_edge
1779104801,6,4,0.004509,edge_s6_p4
1779104801,6,2,0.009039,s6_p2_edge
1779104801,6,3,0.004536,edge_s6_p3
1779104801,32,1,0.007033,core_s32_p1
1779104801,32,4,0.011695,core_s32_p4
1779104801,32,2,0.007197,core_s32_p2
1779104801,32,3,0.012287,core_s32_p3
1779104801,1,4,0.292429,path_A
1779104801,1,1,0.014045,s1_p1_edge
1779104801,1,2,0.009105,s1_p2_edge
1779104801,1,3,0.074753,path_B
1779104801,23,4,0.011099,core_s23_p4
1779104801,23,1,0.012345,core_s23_p1
1779104801,23,2,0.010695,core_s23_p2
1779104801,23,3,0.010918,s23_p3_edge
1779104802,20,4,0.009427,core_s20_p4
1779104802,20,1,0.010774,core_s20_p1
1779104802,20,2,0.010849,core_s20_p2
1779104802,20,3,0.009484,core_s20_p3
1779104802,21,4,0.013123,s21_p4_edge
1779104802,21,1,0.115404,core_s21_p1
1779104802,21,2,0.116972,core_s21_p2
1779104802,21,3,0.011364,core_s21_p3
1779104802,32,1,0.011190,core_s32_p1
1779104802,32,4,0.011282,core_s32_p4
1779104802,32,2,0.011467,core_s32_p2
1779104802,32,3,0.011005,core_s32_p3
1779104802,24,4,0.010834,s24_p4_edge
1779104802,24,1,0.010717,s24_p1_edge
1779104802,24,2,0.011208,path_B
1779104802,24,3,0.010791,core_s24_p3
1779104802,19,4,0.011608,core_s19_p4
1779104802,19,1,0.121318,core_s19_p1
1779104802,19,2,0.083997,core_s19_p2
1779104802,19,3,0.009344,s19_p3_edge
1779104802,3,4,0.016623,path_A
1779104802,3,1,0.014809,s3_p1_edge
1779104802,3,2,0.000009,s3_p2_edge
1779104802,3,3,0.000009,path_B
1779104803,25,1,0.014958,path_A
1779104803,25,4,0.010428,core_s25_p4
1779104803,25,2,0.010127,path_A
1779104803,25,3,0.010370,core_s25_p3
1779104803,32,1,0.018022,core_s32_p1
1779104803,32,4,0.031693,core_s32_p4
1779104803,32,2,0.017779,core_s32_p2
1779104803,32,3,0.119693,core_s32_p3
1779104803,19,4,0.015289,core_s19_p4
1779104803,19,1,0.281464,core_s19_p1
1779104803,19,2,0.302520,core_s19_p2
1779104803,19,3,0.014708,s19_p3_edge
1779104803,18,4,0.008855,core_s18_p4
1779104803,18,1,0.014561,path_A
1779104803,18,2,0.011235,core_s18_p2
1779104803,18,3,0.026289,path_A
1779104803,9,4,0.553356,s9_p4_edge
1779104803,9,1,0.031570,path_B
1779104803,9,2,0.010312,agg_s9_p2
1779104803,9,3,0.008636,agg_s9_p3
1779104803,21,4,0.008306,s21_p4_edge
1779104803,21,1,0.059090,core_s21_p1
1779104803,21,2,0.031848,core_s21_p2
1779104803,21,3,0.008570,core_s21_p3
1779104803,25,1,0.021351,path_A
1779104803,25,4,0.016419,core_s25_p4
1779104803,25,2,0.017075,path_A
1779104803,25,3,0.016484,core_s25_p3
1779104804,19,4,0.010981,core_s19_p4
1779104804,19,1,0.167461,core_s19_p1
1779104804,19,2,0.064699,core_s19_p2
1779104804,19,3,0.010308,s19_p3_edge
1779104804,9,4,0.771358,s9_p4_edge
1779104804,9,1,0.042056,path_B
1779104804,9,2,0.013083,agg_s9_p2
1779104804,9,3,0.011084,agg_s9_p3
1779104804,32,1,0.009396,core_s32_p1
1779104804,32,4,0.033765,core_s32_p4
1779104804,32,2,0.009574,core_s32_p2
1779104804,32,3,0.023269,core_s32_p3
1779104804,21,4,0.009175,s21_p4_edge
1779104804,21,1,0.135609,core_s21_p1
1779104804,21,2,0.162708,core_s21_p2
1779104804,21,3,0.009219,core_s21_p3
1779104805,17,4,0.020687,path_B
1779104805,17,1,0.018190,path_B
1779104805,17,2,0.010199,core_s17_p2
1779104805,17,3,0.008210,core_s17_p3
1779104805,22,1,0.043020,core_s22_p1
1779104805,22,4,0.064845,core_s22_p4
1779104805,22,2,0.031355,core_s22_p2
1779104805,22,3,0.010313,core_s22_p3
1779104805,32,1,0.012562,core_s32_p1
1779104805,32,4,0.012888,core_s32_p4
1779104805,32,2,0.012924,core_s32_p2
1779104805,32,3,0.034335,core_s32_p3
1779104805,17,4,0.045070,path_B
1779104805,17,1,0.026953,path_B
1779104805,17,2,0.020284,core_s17_p2
1779104805,17,3,0.015949,core_s17_p3
1779104805,9,4,0.670713,s9_p4_edge
1779104805,9,1,0.031958,path_B
1779104805,9,2,0.011039,agg_s9_p2
1779104805,9,3,0.009936,agg_s9_p3
1779104805,19,4,0.009102,core_s19_p4
1779104805,19,1,0.142056,core_s19_p1
1779104805,19,2,0.054772,core_s19_p2
1779104805,19,3,0.008370,s19_p3_edge
1779104805,25,1,0.007294,path_A
1779104805,25,4,0.005515,core_s25_p4
1779104805,25,2,0.005806,path_A
1779104805,25,3,0.005661,core_s25_p3
1779104805,21,4,0.012330,s21_p4_edge
1779104805,21,1,0.334964,core_s21_p1
1779104805,21,2,0.072184,core_s21_p2
1779104805,21,3,0.012222,core_s21_p3
1779104805,1,4,0.657742,path_A
1779104805,1,1,0.018260,s1_p1_edge
1779104805,1,2,0.018260,s1_p2_edge
1779104805,1,3,0.036647,path_B
1779104806,16,4,0.008974,agg_s16_p4
1779104806,16,1,0.017473,path_A
1779104806,16,2,0.056764,agg_s16_p2
1779104806,16,3,0.008317,path_A
1779104806,32,1,0.014483,core_s32_p1
1779104806,32,4,0.013927,core_s32_p4
1779104806,32,2,0.014761,core_s32_p2
1779104806,32,3,0.014800,core_s32_p3
1779104806,25,1,0.024538,path_A
1779104806,25,4,0.019380,core_s25_p4
1779104806,25,2,0.018964,path_A
1779104806,25,3,0.018599,core_s25_p3
1779104806,9,4,0.869560,s9_p4_edge
1779104806,9,1,0.038343,path_B
1779104806,9,2,0.014033,agg_s9_p2
1779104806,9,3,0.012413,agg_s9_p3
1779104806,22,1,0.019497,core_s22_p1
1779104806,22,4,0.031446,core_s22_p4
1779104806,22,2,0.033767,core_s22_p2
1779104806,22,3,0.009669,core_s22_p3
1779104806,20,4,0.115877,core_s20_p4
1779104806,20,1,0.021425,core_s20_p1
1779104806,20,2,0.033000,core_s20_p2
1779104806,20,3,0.011846,core_s20_p3
1779104806,17,4,0.021349,path_B
1779104806,17,1,0.012965,path_B
1779104806,17,2,0.009883,core_s17_p2
1779104806,17,3,0.007662,core_s17_p3
1779104806,21,4,0.011453,s21_p4_edge
1779104806,21,1,0.252884,core_s21_p1
1779104806,21,2,0.343053,core_s21_p2
1779104806,21,3,0.011057,core_s21_p3
1779104806,19,4,0.031618,core_s19_p4
1779104806,19,1,0.011132,core_s19_p1
1779104806,19,2,0.019608,core_s19_p2
1779104806,19,3,0.009695,s19_p3_edge
1779104806,23,4,0.011444,core_s23_p4
1779104806,23,1,0.014731,core_s23_p1
1779104806,23,2,0.011022,core_s23_p2
1779104806,23,3,0.011293,s23_p3_edge
1779104807,32,1,0.013151,core_s32_p1
1779104807,32,4,0.177227,core_s32_p4
1779104807,32,2,0.013112,core_s32_p2
1779104807,32,3,0.039890,core_s32_p3
1779104807,9,4,1.000000,s9_p4_edge
1779104807,9,1,0.048408,path_B
1779104807,9,2,0.017611,agg_s9_p2
1779104807,9,3,0.015263,agg_s9_p3
1779104807,16,4,0.010492,agg_s16_p4
1779104807,16,1,0.018432,path_A
1779104807,16,2,0.011343,agg_s16_p2
1779104807,16,3,0.009767,path_A
1779104807,4,4,0.004596,edge_s4_p4
1779104807,4,1,0.009372,s4_p1_edge
1779104807,4,2,0.009372,s4_p2_edge
1779104807,4,3,0.004782,edge_s4_p3
1779104807,22,1,0.101482,core_s22_p1
1779104807,22,4,0.049426,core_s22_p4
1779104807,22,2,0.125564,core_s22_p2
1779104807,22,3,0.011147,core_s22_p3
1779104807,23,4,0.022047,core_s23_p4
1779104807,23,1,0.031151,core_s23_p1
1779104807,23,2,0.023370,core_s23_p2
1779104807,23,3,0.021826,s23_p3_edge
1779104807,2,1,0.009603,s2_p1_edge
1779104807,2,4,0.004746,edge_s2_p4
1779104807,2,2,0.009603,s2_p2_edge
1779104807,2,3,0.004863,edge_s2_p3
1779104807,25,1,0.015003,path_A
1779104807,25,4,0.010857,core_s25_p4
1779104807,25,2,0.010409,path_A
1779104807,25,3,0.011107,core_s25_p3
1779104807,20,4,0.037081,core_s20_p4
1779104807,20,1,0.071701,core_s20_p1
1779104807,20,2,0.049288,core_s20_p2
1779104807,20,3,0.011452,core_s20_p3
1779104807,24,4,0.299212,s24_p4_edge
1779104807,24,1,0.027336,s24_p1_edge
1779104807,24,2,0.016860,path_B
1779104807,24,3,0.330382,core_s24_p3
1779104807,21,4,0.010675,s21_p4_edge
1779104807,21,1,0.075888,core_s21_p1
1779104807,21,2,0.068047,core_s21_p2
1779104807,21,3,0.010423,core_s21_p3
1779104808,9,4,0.921658,s9_p4_edge
1779104808,9,1,0.049557,path_B
1779104808,9,2,0.017270,agg_s9_p2
1779104808,9,3,0.014841,agg_s9_p3
1779104808,32,1,0.013539,core_s32_p1
1779104808,32,4,0.110263,core_s32_p4
1779104808,32,2,0.014069,core_s32_p2
1779104808,32,3,0.014052,core_s32_p3
1779104808,25,1,0.035190,path_A
1779104808,25,4,0.025680,core_s25_p4
1779104808,25,2,0.026347,path_A
1779104808,25,3,0.025144,core_s25_p3
1779104808,17,4,0.019722,path_B
1779104808,17,1,0.012032,path_B
1779104808,17,2,0.008931,core_s17_p2
1779104808,17,3,0.007467,core_s17_p3
1779104808,3,4,0.001754,path_A
1779104808,3,1,0.019908,s3_p1_edge
1779104808,3,2,0.000009,s3_p2_edge
1779104808,3,3,0.013226,path_B
1779104808,22,1,0.015114,core_s22_p1
1779104808,22,4,0.013575,core_s22_p4
1779104808,22,2,0.140525,core_s22_p2
1779104808,22,3,0.013338,core_s22_p3
1779104808,23,4,0.012710,core_s23_p4
1779104808,23,1,0.017633,core_s23_p1
1779104808,23,2,0.013041,core_s23_p2
1779104808,23,3,0.012526,s23_p3_edge
1779104808,16,4,0.009728,agg_s16_p4
1779104808,16,1,0.016910,path_A
1779104808,16,2,0.010546,agg_s16_p2
1779104808,16,3,0.008940,path_A
1779104808,18,4,0.009433,core_s18_p4
1779104808,18,1,0.015181,path_A
1779104808,18,2,0.011826,core_s18_p2
1779104808,18,3,0.027614,path_A
1779104808,24,4,0.183555,s24_p4_edge
1779104808,24,1,0.032697,s24_p1_edge
1779104808,24,2,0.012708,path_B
1779104808,24,3,0.585290,core_s24_p3
1779104808,19,4,0.005945,core_s19_p4
1779104808,19,1,0.157985,core_s19_p1
1779104808,19,2,0.069210,core_s19_p2
1779104808,19,3,0.005873,core_s19_p3
1779104808,21,4,0.012503,s21_p4_edge
1779104808,21,1,0.381062,core_s21_p1
1779104808,21,2,0.153546,core_s21_p2
1779104808,21,3,0.011565,core_s21_p3
1779104808,17,4,0.034130,path_B
1779104808,17,1,0.021282,path_B
1779104808,17,2,0.015863,core_s17_p2
1779104808,17,3,0.013241,core_s17_p3
1779104809,8,4,0.005040,edge_s8_p4
1779104809,8,1,0.010099,s8_p1_edge
1779104809,8,2,0.010099,s8_p2_edge
1779104809,8,3,0.005065,edge_s8_p3
1779104809,3,1,0.016186,s3_p1_edge
1779104809,3,3,0.016186,path_B
1779104809,5,4,0.005081,edge_s5_p4
1779104809,5,1,0.010143,s5_p1_edge
1779104809,5,2,0.010143,s5_p2_edge
1779104809,5,3,0.005074,edge_s5_p3
1779104809,32,1,0.010030,core_s32_p1
1779104809,32,4,0.102790,core_s32_p4
1779104809,32,2,0.010158,core_s32_p2
1779104809,32,3,0.019880,core_s32_p3
1779104809,7,1,0.010080,s7_p1_edge
1779104809,7,4,0.005043,edge_s7_p4
1779104809,7,2,0.010080,s7_p2_edge
1779104809,7,3,0.005043,edge_s7_p3
1779104809,6,1,0.010059,s6_p1_edge
1779104809,6,4,0.005045,edge_s6_p4
1779104809,6,2,0.010059,s6_p2_edge
1779104809,6,3,0.005026,edge_s6_p3
1779104809,20,4,0.012928,core_s20_p4
1779104809,20,1,0.027843,core_s20_p1
1779104809,20,2,0.029921,core_s20_p2
1779104809,20,3,0.006037,core_s20_p3
1779104809,9,4,0.525811,s9_p4_edge
1779104809,9,1,0.022987,path_B
1779104809,9,2,0.008230,agg_s9_p2
1779104809,9,3,0.007601,agg_s9_p3
1779104809,16,4,0.009784,agg_s16_p4
1779104809,16,1,0.017464,path_A
1779104809,16,2,0.010770,agg_s16_p2
1779104809,16,3,0.009396,path_A
1779104809,19,4,0.012810,core_s19_p4
1779104809,19,1,0.092414,core_s19_p1
1779104809,19,2,0.048616,core_s19_p2
1779104809,19,3,0.012693,core_s19_p3
1779104809,25,1,0.010000,path_A
1779104809,25,4,0.007650,core_s25_p4
1779104809,25,2,0.007329,path_A
1779104809,25,3,0.007607,core_s25_p3
1779104809,23,4,0.009631,core_s23_p4
1779104809,23,1,0.011912,core_s23_p1
1779104809,23,2,0.009685,core_s23_p2
1779104809,23,3,0.010007,core_s23_p3
1779104809,21,4,0.014270,s21_p4_edge
1779104809,21,1,0.390533,core_s21_p1
1779104809,21,2,0.405436,core_s21_p2
1779104809,21,3,0.014439,core_s21_p3
1779104809,22,1,0.099801,core_s22_p1
1779104809,22,4,0.076714,core_s22_p4
1779104809,22,2,0.056402,core_s22_p2
1779104809,22,3,0.008154,core_s22_p3
1779104809,24,4,0.385069,s24_p4_edge
1779104809,24,1,0.032036,s24_p1_edge
1779104809,24,2,0.012942,path_B
1779104809,24,3,0.423364,core_s24_p3
1779104809,3,1,0.023852,s3_p1_edge
1779104809,3,3,0.023925,path_B
1779104809,17,4,0.025997,path_B
1779104809,17,1,0.015837,path_B
1779104809,17,2,0.011728,core_s17_p2
1779104809,17,3,0.009786,core_s17_p3
1779104810,16,4,0.019419,path_B
1779104810,16,1,0.037205,path_B
1779104810,16,2,0.020877,agg_s16_p2
1779104810,16,3,0.018077,agg_s16_p3
1779104810,32,1,0.012229,path_B
1779104810,32,4,0.034736,core_s32_p4
1779104810,32,2,0.012751,path_B
1779104810,32,3,0.048672,core_s32_p3
1779104810,25,1,0.019428,core_s25_p1
1779104810,25,4,0.014191,core_s25_p4
1779104810,25,2,0.015071,core_s25_p2
1779104810,25,3,0.014191,core_s25_p3
1779104810,23,4,0.014313,core_s23_p4
1779104810,23,1,0.018284,path_A
1779104810,23,2,0.014414,path_A
1779104810,23,3,0.014256,core_s23_p3
1779104810,9,4,0.688066,s9_p4_edge
1779104810,9,1,0.030376,path_A
1779104810,9,2,0.011361,agg_s9_p2
1779104810,9,3,0.010237,path_A
1779104810,20,4,0.039864,core_s20_p4
1779104810,20,1,0.029000,core_s20_p1
1779104810,20,2,0.060960,core_s20_p2
1779104810,20,3,0.009427,core_s20_p3
1779104810,22,1,0.046764,core_s22_p1
1779104810,22,4,0.031246,core_s22_p4
1779104810,22,2,0.028789,core_s22_p2
1779104810,22,3,0.011480,core_s22_p3
1779104810,3,4,0.000050,path_B
1779104810,3,1,0.017099,s3_p1_edge
1779104810,3,3,0.017099,path_A
1779104810,19,4,0.009728,core_s19_p4
1779104810,19,1,0.018226,core_s19_p1
1779104810,19,2,0.011417,core_s19_p2
1779104810,19,3,0.009557,core_s19_p3
1779104810,32,1,0.016295,path_B
1779104810,32,4,0.021123,core_s32_p4
1779104810,32,2,0.016759,path_B
1779104810,32,3,0.021587,core_s32_p3
1779104810,21,4,0.008415,s21_p4_edge
1779104810,21,1,0.164346,core_s21_p1
1779104810,21,2,0.078288,core_s21_p2
1779104810,21,3,0.008092,core_s21_p3
1779104810,24,4,0.308989,s24_p4_edge
1779104810,24,1,0.025626,s24_p1_edge
1779104810,24,2,0.010596,core_s24_p2
1779104810,24,3,0.358261,core_s24_p3
1779104811,17,4,0.020517,core_s17_p4
1779104811,17,1,0.012342,path_A
1779104811,17,2,0.009072,core_s17_p2
1779104811,17,3,0.007727,path_A
1779104811,9,4,1.000000,s9_p4_edge
1779104811,9,1,0.047421,path_A
1779104811,9,2,0.016072,agg_s9_p2
1779104811,9,3,0.014577,path_A
1779104811,23,4,0.013577,core_s23_p4
1779104811,23,1,0.017680,path_A
1779104811,23,2,0.013266,path_A
1779104811,23,3,0.013085,core_s23_p3
1779104811,19,4,0.016472,core_s19_p4
1779104811,19,1,0.354169,core_s19_p1
1779104811,19,2,0.401107,core_s19_p2
1779104811,19,3,0.016767,core_s19_p3
1779104811,21,4,0.045556,s21_p4_edge
1779104811,21,1,0.307092,core_s21_p1
1779104811,21,2,0.398040,core_s21_p2
1779104811,21,3,0.018190,core_s21_p3
1779104811,22,1,0.048775,core_s22_p1
1779104811,22,4,0.033157,core_s22_p4
1779104811,22,2,0.090661,core_s22_p2
1779104811,22,3,0.011438,core_s22_p3
1779104811,25,1,0.012039,core_s25_p1
1779104811,25,4,0.009392,core_s25_p4
1779104811,25,2,0.009408,core_s25_p2
1779104811,25,3,0.008932,core_s25_p3
1779104811,20,4,0.018547,core_s20_p4
1779104811,20,1,0.040459,core_s20_p1
1779104811,20,2,0.038204,core_s20_p2
1779104811,20,3,0.010238,core_s20_p3
1779104811,24,4,0.849696,s24_p4_edge
1779104811,24,1,0.037733,s24_p1_edge
1779104811,24,2,0.015223,core_s24_p2
1779104811,24,3,0.109272,core_s24_p3
1779104811,16,4,0.006309,path_B
1779104811,16,1,0.010553,path_B
1779104811,16,2,0.007086,agg_s16_p2
1779104811,16,3,0.006006,agg_s16_p3
1779104811,32,1,0.011152,path_B
1779104811,32,4,0.010908,core_s32_p4
1779104811,32,2,0.011249,path_B
1779104811,32,3,0.015375,core_s32_p3
1779104812,3,1,0.013253,s3_p1_edge
1779104812,3,2,0.000039,s3_p2_edge
1779104812,3,3,0.013214,path_A
1779104812,21,4,0.043723,s21_p4_edge
1779104812,21,1,0.284055,core_s21_p1
1779104812,21,2,0.238079,core_s21_p2
1779104812,21,3,0.019374,core_s21_p3
1779104812,1,4,0.051597,path_B
1779104812,1,1,0.012694,s1_p1_edge
1779104812,1,2,0.012694,s1_p2_edge
1779104812,1,3,0.515498,path_A
1779104812,17,4,0.028431,core_s17_p4
1779104812,17,1,0.017193,path_A
1779104812,17,2,0.012266,core_s17_p2
1779104812,17,3,0.010706,path_A
1779104812,23,4,0.013462,core_s23_p4
1779104812,23,1,0.016740,path_A
1779104812,23,2,0.013237,path_A
1779104812,23,3,0.012824,core_s23_p3
1779104812,19,4,0.011641,core_s19_p4
1779104812,19,1,0.327718,core_s19_p1
1779104812,19,2,0.117187,core_s19_p2
1779104812,19,3,0.011840,core_s19_p3
1779104812,9,4,0.913263,s9_p4_edge
1779104812,9,1,0.031756,path_A
1779104812,9,2,0.011584,agg_s9_p2
1779104812,9,3,0.010054,path_A
1779104812,22,1,0.057062,core_s22_p1
1779104812,22,4,0.013238,core_s22_p4
1779104812,22,2,0.026857,core_s22_p2
1779104812,22,3,0.012972,core_s22_p3
1779104812,25,1,0.017352,core_s25_p1
1779104812,25,4,0.012550,core_s25_p4
1779104812,25,2,0.012696,core_s25_p2
1779104812,25,3,0.012914,core_s25_p3
1779104812,24,4,0.251285,s24_p4_edge
1779104812,24,1,0.035041,s24_p1_edge
1779104812,24,2,0.013459,core_s24_p2
1779104812,24,3,0.520572,core_s24_p3
1779104812,20,4,0.054222,core_s20_p4
1779104812,20,1,0.039561,core_s20_p1
1779104812,20,2,0.040048,core_s20_p2
1779104812,20,3,0.011492,core_s20_p3
1779104812,17,4,0.039291,core_s17_p4
1779104812,17,1,0.023660,path_A
1779104812,17,2,0.017611,core_s17_p2
1779104812,17,3,0.014399,path_A
1779104812,16,4,0.011900,path_B
1779104812,16,1,0.017636,path_B
1779104812,16,2,0.013040,agg_s16_p2
1779104812,16,3,0.012007,agg_s16_p3
1779104812,3,1,0.019313,s3_p1_edge
1779104812,3,3,0.019313,path_A
1779104812,18,4,0.011936,path_B
1779104812,18,1,0.018600,path_B
1779104812,18,2,0.014622,core_s18_p2
1779104812,18,3,0.013870,core_s18_p3
1779104813,32,1,0.009497,path_B
1779104813,32,4,0.008918,core_s32_p4
1779104813,32,2,0.009271,path_B
1779104813,32,3,0.012838,core_s32_p3
1779104813,1,4,0.007233,path_B
1779104813,1,1,0.013921,s1_p1_edge
1779104813,1,2,0.013921,s1_p2_edge
1779104813,1,3,0.631456,path_A
1779104813,25,1,0.019033,core_s25_p1
1779104813,25,4,0.014364,core_s25_p4
1779104813,25,2,0.015040,core_s25_p2
1779104813,25,3,0.014793,core_s25_p3
1779104813,22,1,0.069699,core_s22_p1
1779104813,22,4,0.043870,core_s22_p4
1779104813,22,2,0.111526,core_s22_p2
1779104813,22,3,0.010642,core_s22_p3
1779104813,24,4,0.842694,s24_p4_edge
1779104813,24,1,0.037238,s24_p1_edge
1779104813,24,2,0.014681,core_s24_p2
1779104813,24,3,0.137610,core_s24_p3
1779104813,23,4,0.009716,core_s23_p4
1779104813,23,1,0.011988,path_A
1779104813,23,2,0.010209,path_A
1779104813,23,3,0.009963,core_s23_p3
1779104813,9,4,0.781297,s9_p4_edge
1779104813,9,1,0.028740,path_A
1779104813,9,2,0.010256,agg_s9_p2
1779104813,9,3,0.009050,path_A
1779104813,21,4,0.009096,s21_p4_edge
1779104813,21,1,0.125593,core_s21_p1
1779104813,21,2,0.108080,core_s21_p2
1779104813,21,3,0.007084,core_s21_p3
1779104813,19,4,0.008439,core_s19_p4
1779104813,19,1,0.337594,core_s19_p1
1779104813,19,2,0.222799,core_s19_p2
1779104813,19,3,0.008490,core_s19_p3
1779104813,20,4,0.074762,core_s20_p4
1779104813,20,1,0.032644,core_s20_p1
1779104813,20,2,0.012411,core_s20_p2
1779104813,20,3,0.010991,core_s20_p3
1779104813,3,1,0.014981,s3_p1_edge
1779104813,3,3,0.015027,path_A
1779104814,17,4,0.021547,core_s17_p4
1779104814,17,1,0.013006,path_A
1779104814,17,2,0.009446,core_s17_p2
1779104814,17,3,0.008134,path_A
1779104814,5,4,0.093697,edge_s5_p4
1779104814,5,1,0.016494,s5_p1_edge
1779104814,5,2,0.016494,s5_p2_edge
1779104814,5,3,0.011067,edge_s5_p3
1779104814,16,4,0.009853,path_B
1779104814,16,1,0.014794,path_B
1779104814,16,2,0.010818,agg_s16_p2
1779104814,16,3,0.009569,agg_s16_p3
1779104814,32,1,0.014501,path_B
1779104814,32,4,0.020825,core_s32_p4
1779104814,32,2,0.015056,path_B
1779104814,32,3,0.020311,core_s32_p3
1779104814,18,4,0.009563,path_B
1779104814,18,1,0.014508,path_B
1779104814,18,2,0.011559,core_s18_p2
1779104814,18,3,0.008610,core_s18_p3
1779104814,20,4,0.020809,core_s20_p4
1779104814,20,1,0.023943,core_s20_p1
1779104814,20,2,0.023761,core_s20_p2
1779104814,20,3,0.020263,core_s20_p3
1779104814,1,4,0.007787,path_B
1779104814,1,1,0.015094,s1_p1_edge
1779104814,1,2,0.015094,s1_p2_edge
1779104814,1,3,0.725460,path_A
1779104814,4,4,0.005783,edge_s4_p4
1779104814,4,1,0.011362,s4_p1_edge
1779104814,4,2,0.011362,s4_p2_edge
1779104814,4,3,0.005585,edge_s4_p3
1779104814,22,1,0.044699,core_s22_p1
1779104814,22,4,0.140821,core_s22_p4
1779104814,22,2,0.039966,core_s22_p2
1779104814,22,3,0.012170,core_s22_p3
1779104814,9,4,0.712395,s9_p4_edge
1779104814,9,1,0.038092,path_A
1779104814,9,2,0.013219,agg_s9_p2
1779104814,9,3,0.011613,path_A
1779104814,19,4,0.013150,core_s19_p4
1779104814,19,1,0.184328,core_s19_p1
1779104814,19,2,0.246205,core_s19_p2
1779104814,19,3,0.012460,core_s19_p3
1779104814,25,1,0.015496,core_s25_p1
1779104814,25,4,0.010166,core_s25_p4
1779104814,25,2,0.010661,core_s25_p2
1779104814,25,3,0.010137,core_s25_p3
1779104814,23,4,0.010491,core_s23_p4
1779104814,23,1,0.013851,path_A
1779104814,23,2,0.010460,path_A
1779104814,23,3,0.010618,core_s23_p3
1779104814,24,4,0.514235,s24_p4_edge
1779104814,24,1,0.024322,s24_p1_edge
1779104814,24,2,0.010362,core_s24_p2
1779104814,24,3,0.109979,core_s24_p3
1779104814,1,4,0.017168,path_B
1779104814,1,1,0.035132,s1_p1_edge
1779104814,1,2,0.035132,s1_p2_edge
1779104814,1,3,1.000000,path_A
1779104814,21,4,0.009593,s21_p4_edge
1779104814,21,1,0.078542,core_s21_p1
1779104814,21,2,0.084937,core_s21_p2
1779104814,21,3,0.009364,core_s21_p3
1779104815,16,4,0.011045,path_B
1779104815,16,1,0.015540,path_B
1779104815,16,2,0.012048,agg_s16_p2
1779104815,16,3,0.010768,agg_s16_p3
1779104815,20,4,0.188613,core_s20_p4
1779104815,20,1,0.046984,core_s20_p1
1779104815,20,2,0.074479,core_s20_p2
1779104815,20,3,0.013006,core_s20_p3
1779104815,32,1,0.011628,path_B
1779104815,32,4,0.011564,core_s32_p4
1779104815,32,2,0.011952,path_B
1779104815,32,3,0.014900,core_s32_p3
1779104815,2,1,0.010454,s2_p1_edge
1779104815,2,4,0.005274,edge_s2_p4
1779104815,2,2,0.010454,s2_p2_edge
1779104815,2,3,0.005186,edge_s2_p3
1779104815,17,4,0.022407,core_s17_p4
1779104815,17,1,0.013598,path_A
1779104815,17,2,0.009982,core_s17_p2
1779104815,17,3,0.008266,path_A
1779104815,3,1,0.012121,s3_p1_edge
1779104815,3,3,0.012121,path_A
1779104815,9,4,0.418649,s9_p4_edge
1779104815,9,1,0.049015,path_A
1779104815,9,2,0.017264,agg_s9_p2
1779104815,9,3,0.015078,path_A
1779104815,16,4,0.032536,path_B
1779104815,16,1,0.050934,path_B
1779104815,16,2,0.035925,agg_s16_p2
1779104815,16,3,0.030986,agg_s16_p3
1779104815,21,4,0.028204,s21_p4_edge
1779104815,21,1,0.398850,core_s21_p1
1779104815,21,2,0.216735,core_s21_p2
1779104815,21,3,0.019489,core_s21_p3
1779104815,22,1,0.087154,core_s22_p1
1779104815,22,4,0.104422,core_s22_p4
1779104815,22,2,0.117973,core_s22_p2
1779104815,22,3,0.009754,core_s22_p3
1779104815,24,4,0.379747,s24_p4_edge
1779104815,24,1,0.040055,s24_p1_edge
1779104815,24,2,0.015216,core_s24_p2
1779104815,24,3,0.691345,core_s24_p3
1779104815,23,4,0.011195,core_s23_p4
1779104815,23,1,0.013602,path_A
1779104815,23,2,0.011340,path_A
1779104815,23,3,0.011117,core_s23_p3
1779104815,25,1,0.016231,core_s25_p1
1779104815,25,4,0.010903,core_s25_p4
1779104815,25,2,0.010996,core_s25_p2
1779104815,25,3,0.010780,core_s25_p3
1779104815,18,4,0.006078,path_B
1779104815,18,1,0.009589,path_B
1779104815,18,2,0.007597,core_s18_p2
1779104815,18,3,0.006025,core_s18_p3
1779104815,19,4,0.010201,core_s19_p4
1779104815,19,1,0.114643,core_s19_p1
1779104815,19,2,0.057239,core_s19_p2
1779104815,19,3,0.008906,core_s19_p3
1779104815,5,4,0.091044,edge_s5_p4
1779104815,5,1,0.009127,s5_p1_edge
1779104815,5,2,0.009127,s5_p2_edge
1779104815,5,3,0.004620,edge_s5_p3
1779104815,17,4,0.034164,core_s17_p4
1779104815,17,1,0.020638,path_A
1779104815,17,2,0.015009,core_s17_p2
1779104815,17,3,0.012784,path_A
1779104816,4,4,0.004786,edge_s4_p4
1779104816,4,1,0.009512,s4_p1_edge
1779104816,4,2,0.009512,s4_p2_edge
1779104816,4,3,0.004727,edge_s4_p3
1779104816,3,4,0.000056,path_B
1779104816,3,1,0.017312,s3_p1_edge
1779104816,3,2,0.000056,s3_p2_edge
1779104816,3,3,0.017257,path_A
1779104816,32,1,0.011620,path_B
1779104816,32,4,0.012211,core_s32_p4
1779104816,32,2,0.012244,path_B
1779104816,32,3,0.012277,core_s32_p3
1779104816,9,4,0.309189,s9_p4_edge
1779104816,9,1,0.039806,path_A
1779104816,9,2,0.014056,agg_s9_p2
1779104816,9,3,0.012380,path_A
1779104816,20,4,0.081005,core_s20_p4
1779104816,20,1,0.017277,core_s20_p1
1779104816,20,2,0.068836,core_s20_p2
1779104816,20,3,0.009377,core_s20_p3
1779104816,1,4,0.005350,path_B
1779104816,1,1,0.010710,s1_p1_edge
1779104816,1,2,0.010710,s1_p2_edge
1779104816,1,3,0.498746,path_A
1779104816,25,1,0.017004,core_s25_p1
1779104816,25,4,0.012421,core_s25_p4
1779104816,25,2,0.012441,core_s25_p2
1779104816,25,3,0.012120,core_s25_p3
1779104816,23,4,0.011813,core_s23_p4
1779104816,23,1,0.015227,path_A
1779104816,23,2,0.012332,path_A
1779104816,23,3,0.011828,core_s23_p3
1779104816,2,1,0.010148,s2_p1_edge
1779104816,2,4,0.005157,edge_s2_p4
1779104816,2,2,0.010148,s2_p2_edge
1779104816,2,3,0.004990,edge_s2_p3
1779104816,24,4,0.393081,s24_p4_edge
1779104816,24,1,0.022291,s24_p1_edge
1779104816,24,2,0.009111,core_s24_p2
1779104816,24,3,0.377561,core_s24_p3
1779104816,16,4,0.007874,path_B
1779104816,16,1,0.011426,path_B
1779104816,16,2,0.008417,agg_s16_p2
1779104816,16,3,0.007557,agg_s16_p3
1779104816,19,4,0.010407,core_s19_p4
1779104816,19,1,0.012199,core_s19_p1
1779104816,19,2,0.016923,core_s19_p2
1779104816,19,3,0.010602,core_s19_p3
1779104816,22,1,0.086848,core_s22_p1
1779104816,22,4,0.042511,core_s22_p4
1779104816,22,2,0.054184,core_s22_p2
1779104816,22,3,0.007902,core_s22_p3
1779104816,21,4,0.007491,s21_p4_edge
1779104816,21,1,0.062804,core_s21_p1
1779104816,21,2,0.029502,core_s21_p2
1779104816,21,3,0.006832,core_s21_p3
1779104816,3,1,0.018692,s3_p1_edge
1779104816,3,3,0.018692,path_A
1779104817,18,4,0.007958,path_B
1779104817,18,1,0.012456,path_B
1779104817,18,2,0.009824,core_s18_p2
1779104817,18,3,0.007538,core_s18_p3
1779104817,8,4,0.049582,edge_s8_p4
1779104817,8,1,0.009777,s8_p1_edge
1779104817,8,2,0.009777,s8_p2_edge
1779104817,8,3,0.006976,edge_s8_p3
1779104817,7,1,0.009793,s7_p1_edge
1779104817,7,4,0.044999,edge_s7_p4
1779104817,7,2,0.009793,s7_p2_edge
1779104817,7,3,0.017185,edge_s7_p3
1779104817,4,4,0.006331,edge_s4_p4
1779104817,4,1,0.012371,s4_p1_edge
1779104817,4,2,0.012371,s4_p2_edge
1779104817,4,3,0.006078,edge_s4_p3
1779104817,17,4,0.018568,core_s17_p4
1779104817,17,1,0.011329,path_A
1779104817,17,2,0.008539,core_s17_p2
1779104817,17,3,0.006903,path_A
1779104817,6,1,0.009833,s6_p1_edge
1779104817,6,4,0.032985,edge_s6_p4
1779104817,6,2,0.009833,s6_p2_edge
1779104817,6,3,0.011032,edge_s6_p3
1779104817,9,4,0.196930,s9_p4_edge
1779104817,9,1,0.030692,path_A
1779104817,9,2,0.010623,agg_s9_p2
1779104817,9,3,0.009302,path_A
1779104817,5,4,0.094741,edge_s5_p4
1779104817,5,1,0.009715,s5_p1_edge
1779104817,5,2,0.009715,s5_p2_edge
1779104817,5,3,0.004868,edge_s5_p3
1779104817,25,1,0.017390,core_s25_p1
1779104817,25,4,0.013100,core_s25_p4
1779104817,25,2,0.013598,core_s25_p2
1779104817,25,3,0.013768,core_s25_p3
1779104817,20,4,0.154890,core_s20_p4
1779104817,20,1,0.037988,core_s20_p1
1779104817,20,2,0.052091,core_s20_p2
1779104817,20,3,0.007937,core_s20_p3
1779104817,21,4,0.014493,s21_p4_edge
1779104817,21,1,0.178239,core_s21_p1
1779104817,21,2,0.207275,core_s21_p2
1779104817,21,3,0.015197,core_s21_p3
1779104817,4,4,0.024562,edge_s4_p4
1779104817,4,1,0.047956,s4_p1_edge
1779104817,4,2,0.047956,s4_p2_edge
1779104817,4,3,0.023535,edge_s4_p3
1779104817,16,4,0.012739,path_B
1779104817,16,1,0.021986,path_B
1779104817,16,2,0.014504,agg_s16_p2
1779104817,16,3,0.012854,agg_s16_p3
1779104817,19,4,0.012137,core_s19_p4
1779104817,19,1,0.096474,core_s19_p1
1779104817,19,2,0.041472,core_s19_p2
1779104817,19,3,0.012064,core_s19_p3
1779104817,24,4,0.284166,s24_p4_edge
1779104817,24,1,0.031811,s24_p1_edge
1779104817,24,2,0.012651,core_s24_p2
1779104817,24,3,0.710515,core_s24_p3
1779104817,32,1,0.007310,path_B
1779104817,32,4,0.007537,core_s32_p4
1779104817,32,2,0.007370,path_B
1779104817,32,3,0.013746,core_s32_p3
1779104817,23,4,0.009455,core_s23_p4
1779104817,23,1,0.012436,path_A
1779104817,23,2,0.009536,path_A
1779104817,23,3,0.009589,core_s23_p3
1779104817,22,1,0.032617,core_s22_p1
1779104817,22,4,0.013769,core_s22_p4
1779104817,22,2,0.011535,core_s22_p2
1779104817,22,3,0.009730,core_s22_p3
1779104818,1,4,0.004912,path_B
1779104818,1,1,0.009436,s1_p1_edge
1779104818,1,2,0.009436,s1_p2_edge
1779104818,1,3,0.405600,path_A
1779104818,3,1,0.013078,s3_p1_edge
1779104818,3,3,0.013078,path_A
1779104818,18,4,0.008522,path_B
1779104818,18,1,0.013993,path_B
1779104818,18,2,0.011200,core_s18_p2
1779104818,18,3,0.008695,core_s18_p3
1779104818,2,1,0.010094,s2_p1_edge
1779104818,2,4,0.005036,edge_s2_p4
1779104818,2,2,0.010094,s2_p2_edge
1779104818,2,3,0.005058,edge_s2_p3
1779104818,25,1,0.019655,core_s25_p1
1779104818,25,4,0.013409,core_s25_p4
1779104818,25,2,0.013919,core_s25_p2
1779104818,25,3,0.013751,core_s25_p3
1779104818,19,4,0.012873,core_s19_p4
1779104818,19,1,0.183217,core_s19_p1
1779104818,19,2,0.036666,core_s19_p2
1779104818,19,3,0.012644,core_s19_p3
1779104818,17,4,0.018888,core_s17_p4
1779104818,17,1,0.011308,path_A
1779104818,17,2,0.008375,core_s17_p2
1779104818,17,3,0.006859,path_A
1779104818,32,1,0.013467,path_B
1779104818,32,4,0.013414,core_s32_p4
1779104818,32,2,0.013243,path_B
1779104818,32,3,0.083623,core_s32_p3
1779104818,20,4,0.050701,core_s20_p4
1779104818,20,1,0.104505,core_s20_p1
1779104818,20,2,0.072829,core_s20_p2
1779104818,20,3,0.009853,core_s20_p3
1779104818,18,4,0.019086,path_B
1779104818,18,1,0.029948,path_B
1779104818,18,2,0.022338,core_s18_p2
1779104818,18,3,0.019147,core_s18_p3
1779104818,22,1,0.070986,core_s22_p1
1779104818,22,4,0.050381,core_s22_p4
1779104818,22,2,0.098417,core_s22_p2
1779104818,22,3,0.013651,core_s22_p3
1779104818,9,4,0.268074,s9_p4_edge
1779104818,9,1,0.025845,path_A
1779104818,9,2,0.009288,agg_s9_p2
1779104818,9,3,0.007802,path_A
1779104818,23,4,0.014196,core_s23_p4
1779104818,23,1,0.018157,path_A
1779104818,23,2,0.014157,path_A
1779104818,23,3,0.013647,core_s23_p3
1779104818,16,4,0.009816,path_B
1779104818,16,1,0.016313,path_B
1779104818,16,2,0.011309,agg_s16_p2
1779104818,16,3,0.009641,agg_s16_p3
1779104819,8,4,0.009450,edge_s8_p4
1779104819,8,1,0.009222,s8_p1_edge
1779104819,8,2,0.009222,s8_p2_edge
1779104819,8,3,0.012068,edge_s8_p3
1779104819,1,4,0.008442,path_B
1779104819,1,1,0.016740,s1_p1_edge
1779104819,1,2,0.016740,s1_p2_edge
1779104819,1,3,0.839411,path_A
1779104819,24,4,0.260269,s24_p4_edge
1779104819,24,1,0.024662,s24_p1_edge
1779104819,24,2,0.009551,core_s24_p2
1779104819,24,3,0.281206,core_s24_p3
1779104819,7,1,0.009196,s7_p1_edge
1779104819,7,4,0.034605,edge_s7_p4
1779104819,7,2,0.009196,s7_p2_edge
1779104819,7,3,0.004627,edge_s7_p3
1779104819,6,1,0.009242,s6_p1_edge
1779104819,6,4,0.125758,edge_s6_p4
1779104819,6,2,0.009242,s6_p2_edge
1779104819,6,3,0.008767,edge_s6_p3
1779104819,5,4,0.089275,edge_s5_p4
1779104819,5,1,0.009410,s5_p1_edge
1779104819,5,2,0.009410,s5_p2_edge
1779104819,5,3,0.008881,edge_s5_p3
1779104819,21,4,0.007376,s21_p4_edge
1779104819,21,1,0.091026,core_s21_p1
1779104819,21,2,0.110507,core_s21_p2
1779104819,21,3,0.007289,core_s21_p3
1779104819,3,1,0.013290,s3_p1_edge
1779104819,3,3,0.013330,path_A
1779104819,4,4,0.004805,edge_s4_p4
1779104819,4,1,0.009779,s4_p1_edge
1779104819,4,2,0.009779,s4_p2_edge
1779104819,4,3,0.004946,edge_s4_p3
1779104819,23,4,0.017577,core_s23_p4
1779104819,23,1,0.023562,path_A
1779104819,23,2,0.017920,path_A
1779104819,23,3,0.018390,core_s23_p3
1779104819,9,4,0.395831,s9_p4_edge
1779104819,9,1,0.055532,path_A
1779104819,9,2,0.019440,agg_s9_p2
1779104819,9,3,0.016124,path_A
1779104819,32,1,0.014181,path_B
1779104819,32,4,0.014338,core_s32_p4
1779104819,32,2,0.014808,path_B
1779104819,32,3,0.022895,core_s32_p3
1779104819,19,4,0.010964,core_s19_p4
1779104819,19,1,0.012355,core_s19_p1
1779104819,19,2,0.012419,core_s19_p2
1779104819,19,3,0.010738,core_s19_p3
1779104819,16,4,0.013729,path_B
1779104819,16,1,0.021037,path_B
1779104819,16,2,0.014900,agg_s16_p2
1779104819,16,3,0.012760,agg_s16_p3
1779104819,17,4,0.025205,core_s17_p4
1779104819,17,1,0.015527,path_A
1779104819,17,2,0.011549,core_s17_p2
1779104819,17,3,0.009826,path_A
1779104819,20,4,0.013267,core_s20_p4
1779104819,20,1,0.030057,core_s20_p1
1779104819,20,2,0.074868,core_s20_p2
1779104819,20,3,0.010140,core_s20_p3
1779104819,22,1,0.032129,core_s22_p1
1779104819,22,4,0.014189,core_s22_p4
1779104819,22,2,0.046196,core_s22_p2
1779104819,22,3,0.009681,core_s22_p3
1779104819,18,4,0.009503,path_B
1779104819,18,1,0.013407,path_B
1779104819,18,2,0.009761,core_s18_p2
1779104819,18,3,0.007780,core_s18_p3
1779104819,2,1,0.009760,s2_p1_edge
1779104819,2,4,0.005029,edge_s2_p4
1779104819,2,2,0.009760,s2_p2_edge
1779104819,2,3,0.004788,edge_s2_p3
1779104820,1,4,0.008442,path_B
1779104820,1,1,0.016820,s1_p1_edge
1779104820,1,2,0.016820,s1_p2_edge
1779104820,1,3,0.785049,path_A
1779104820,25,1,0.010134,core_s25_p1
1779104820,25,4,0.007506,core_s25_p4
1779104820,25,2,0.007715,core_s25_p2
1779104820,25,3,0.007527,core_s25_p3
1779104820,24,4,0.181095,s24_p4_edge
1779104820,24,1,0.029369,s24_p1_edge
1779104820,24,2,0.011639,core_s24_p2
1779104820,24,3,0.123887,core_s24_p3
1779104820,23,4,0.015085,core_s23_p4
1779104820,23,1,0.019079,path_A
1779104820,23,2,0.014848,path_A
1779104820,23,3,0.015000,core_s23_p3
1779104820,21,4,0.010687,s21_p4_edge
1779104820,21,1,0.102452,core_s21_p1
1779104820,21,2,0.238941,core_s21_p2
1779104820,21,3,0.010409,core_s21_p3
1779104820,20,4,0.017979,core_s20_p4
1779104820,20,1,0.029209,core_s20_p1
1779104820,20,2,0.021212,core_s20_p2
1779104820,20,3,0.018376,core_s20_p3
1779104820,3,1,0.014852,s3_p1_edge
1779104820,3,3,0.014852,path_A
1779104820,25,1,0.036307,core_s25_p1
1779104820,25,4,0.027341,core_s25_p4
1779104820,25,2,0.027782,core_s25_p2
1779104820,25,3,0.026091,core_s25_p3
1779104820,17,4,0.034450,core_s17_p4
1779104820,17,1,0.021092,path_A
1779104820,17,2,0.015775,core_s17_p2
1779104820,17,3,0.012743,path_A
1779104820,32,1,0.013012,path_B
1779104820,32,4,0.013083,core_s32_p4
1779104820,32,2,0.013154,path_B
1779104820,32,3,0.047675,core_s32_p3
1779104820,8,4,0.095665,edge_s8_p4
1779104820,8,1,0.010249,s8_p1_edge
1779104820,8,2,0.010249,s8_p2_edge
1779104820,8,3,0.020948,edge_s8_p3
1779104820,9,4,0.280793,s9_p4_edge
1779104820,9,1,0.030717,path_A
1779104820,9,2,0.011395,agg_s9_p2
1779104820,9,3,0.009909,path_A
1779104820,1,4,0.011103,path_B
1779104820,1,1,0.022006,s1_p1_edge
1779104820,1,2,0.022078,s1_p2_edge
1779104820,1,3,1.000000,path_A
1779104820,7,1,0.009622,s7_p1_edge
1779104820,7,4,0.085358,edge_s7_p4
1779104820,7,2,0.009622,s7_p2_edge
1779104820,7,3,0.028561,edge_s7_p3
1779104820,6,1,0.009715,s6_p1_edge
1779104820,6,4,0.030382,edge_s6_p4
1779104820,6,2,0.009715,s6_p2_edge
1779104820,6,3,0.019805,edge_s6_p3
1779104820,19,4,0.010774,core_s19_p4
1779104820,19,1,0.012137,core_s19_p1
1779104820,19,2,0.012322,core_s19_p2
1779104820,19,3,0.010558,core_s19_p3
1779104820,5,4,0.004822,edge_s5_p4
1779104820,5,1,0.009745,s5_p1_edge
1779104820,5,2,0.009745,s5_p2_edge
1779104820,5,3,0.013567,edge_s5_p3
1779104820,16,4,0.009729,path_B
1779104820,16,1,0.014138,path_B
1779104820,16,2,0.010269,agg_s16_p2
1779104820,16,3,0.009074,agg_s16_p3
1779104821,4,4,0.004969,edge_s4_p4
1779104821,4,1,0.009917,s4_p1_edge
1779104821,4,2,0.009917,s4_p2_edge
1779104821,4,3,0.004948,edge_s4_p3
1779104821,22,1,0.046049,core_s22_p1
1779104821,22,4,0.013889,core_s22_p4
1779104821,22,2,0.055119,core_s22_p2
1779104821,22,3,0.009740,core_s22_p3
1779104821,24,4,0.287614,s24_p4_edge
1779104821,24,1,0.032490,s24_p1_edge
1779104821,24,2,0.012607,core_s24_p2
1779104821,24,3,0.012147,core_s24_p3
1779104821,18,4,0.009497,path_B
1779104821,18,1,0.014224,path_B
1779104821,18,2,0.010489,core_s18_p2
1779104821,18,3,0.008971,core_s18_p3
1779104821,21,4,0.016048,s21_p4_edge
1779104821,21,1,0.337310,core_s21_p1
1779104821,21,2,0.249159,core_s21_p2
1779104821,21,3,0.015336,core_s21_p3
1779104821,23,4,0.010009,core_s23_p4
1779104821,23,1,0.012462,path_A
1779104821,23,2,0.009684,path_A
1779104821,23,3,0.009858,core_s23_p3
1779104821,17,4,0.025174,core_s17_p4
1779104821,17,1,0.015512,path_A
1779104821,17,2,0.011537,core_s17_p2
1779104821,17,3,0.009598,path_A
1779104821,2,1,0.010392,s2_p1_edge
1779104821,2,4,0.005309,edge_s2_p4
1779104821,2,2,0.010392,s2_p2_edge
1779104821,2,3,0.005053,edge_s2_p3
1779104821,3,4,0.000042,path_B
1779104821,3,1,0.013814,s3_p1_edge
1779104821,3,2,0.000042,s3_p2_edge
1779104821,3,3,0.013771,path_A
1779104821,19,4,0.014485,core_s19_p4
1779104821,19,1,0.015969,core_s19_p1
1779104821,19,2,0.015722,core_s19_p2
1779104821,19,3,0.014156,core_s19_p3
1779104821,25,1,0.011868,core_s25_p1
1779104821,25,4,0.010048,core_s25_p4
1779104821,25,2,0.009903,core_s25_p2
1779104821,25,3,0.009850,core_s25_p3
1779104821,18,4,0.015118,path_B
1779104821,18,1,0.022728,path_B
1779104821,18,2,0.017123,core_s18_p2
1779104821,18,3,0.013626,core_s18_p3
1779104821,32,1,0.021392,path_B
1779104821,32,4,0.118817,core_s32_p4
1779104821,32,2,0.028530,path_B
1779104821,32,3,0.127755,core_s32_p3
1779104821,20,4,0.010745,core_s20_p4
1779104821,20,1,0.012914,core_s20_p1
1779104821,20,2,0.025223,core_s20_p2
1779104821,20,3,0.008288,core_s20_p3
1779104821,9,4,0.341836,s9_p4_edge
1779104821,9,1,0.029538,path_A
1779104821,9,2,0.010594,agg_s9_p2
1779104821,9,3,0.009581,path_A
1779104821,1,4,0.006332,path_B
1779104821,1,1,0.013123,s1_p1_edge
1779104821,1,2,0.013083,s1_p2_edge
1779104821,1,3,0.817294,path_A
1779104821,16,4,0.010567,path_B
1779104821,16,1,0.018573,path_B
1779104821,16,2,0.012361,agg_s16_p2
1779104821,16,3,0.011080,agg_s16_p3
1779104821,21,4,0.013889,s21_p4_edge
1779104821,21,1,0.215845,core_s21_p1
1779104821,21,2,0.240353,core_s21_p2
1779104821,21,3,0.013808,core_s21_p3
1779104822,8,4,0.012262,edge_s8_p4
1779104822,8,1,0.011310,s8_p1_edge
1779104822,8,2,0.011310,s8_p2_edge
1779104822,8,3,0.044195,edge_s8_p3
1779104822,24,4,0.091426,s24_p4_edge
1779104822,24,1,0.030010,s24_p1_edge
1779104822,24,2,0.012164,core_s24_p2
1779104822,24,3,0.147563,core_s24_p3
1779104822,22,1,0.047192,core_s22_p1
1779104822,22,4,0.019101,core_s22_p4
1779104822,22,2,0.030447,core_s22_p2
1779104822,22,3,0.009766,core_s22_p3
1779104822,7,1,0.010068,s7_p1_edge
1779104822,7,4,0.120363,edge_s7_p4
1779104822,7,2,0.010068,s7_p2_edge
1779104822,7,3,0.005065,edge_s7_p3
1779104822,3,1,0.018968,s3_p1_edge
1779104822,3,3,0.018968,path_A
1779104822,23,4,0.012865,core_s23_p4
1779104822,23,1,0.017427,path_A
1779104822,23,2,0.012865,path_A
1779104822,23,3,0.012758,core_s23_p3
1779104822,17,4,0.030790,core_s17_p4
1779104822,17,1,0.018642,path_A
1779104822,17,2,0.013905,core_s17_p2
1779104822,17,3,0.011613,path_A
1779104822,4,4,0.005644,edge_s4_p4
1779104822,4,1,0.011029,s4_p1_edge
1779104822,4,2,0.011029,s4_p2_edge
1779104822,4,3,0.005418,edge_s4_p3
1779104822,6,1,0.009759,s6_p1_edge
1779104822,6,4,0.034438,edge_s6_p4
1779104822,6,2,0.009759,s6_p2_edge
1779104822,6,3,0.004845,edge_s6_p3
1779104822,5,4,0.107055,edge_s5_p4
1779104822,5,1,0.010011,s5_p1_edge
1779104822,5,2,0.010011,s5_p2_edge
1779104822,5,3,0.011653,edge_s5_p3
1779104822,9,4,0.410117,s9_p4_edge
1779104822,9,1,0.035573,path_A
1779104822,9,2,0.014334,agg_s9_p2
1779104822,9,3,0.012803,path_A
1779104822,32,1,0.028680,path_B
1779104822,32,4,0.107368,core_s32_p4
1779104822,32,2,0.012437,path_B
1779104822,32,3,0.368051,core_s32_p3
1779104822,20,4,0.016730,core_s20_p4
1779104822,20,1,0.023568,core_s20_p1
1779104822,20,2,0.084624,core_s20_p2
1779104822,20,3,0.011281,core_s20_p3
1779104822,24,4,0.365402,s24_p4_edge
1779104822,24,1,0.042915,s24_p1_edge
1779104822,24,2,0.016645,core_s24_p2
1779104822,24,3,0.175677,core_s24_p3
1779104822,18,4,0.009740,path_B
1779104822,18,1,0.014816,path_B
1779104822,18,2,0.010945,core_s18_p2
1779104822,18,3,0.009676,core_s18_p3
1779104822,1,4,0.008311,path_B
1779104822,1,1,0.016837,s1_p1_edge
1779104822,1,2,0.016837,s1_p2_edge
1779104822,1,3,1.000000,path_A
1779104822,25,1,0.011886,core_s25_p1
1779104822,25,4,0.010675,core_s25_p4
1779104822,25,2,0.010259,core_s25_p2
1779104822,25,3,0.010259,core_s25_p3
1779104822,16,4,0.010966,path_B
1779104822,16,1,0.019496,path_B
1779104822,16,2,0.012745,agg_s16_p2
1779104822,16,3,0.010835,agg_s16_p3
1779104823,2,1,0.010238,s2_p1_edge
1779104823,2,4,0.005150,edge_s2_p4
1779104823,2,2,0.010238,s2_p2_edge
1779104823,2,3,0.005087,edge_s2_p3
1779104823,20,4,0.030047,core_s20_p4
1779104823,20,1,0.033441,core_s20_p1
1779104823,20,2,0.033353,core_s20_p2
1779104823,20,3,0.029607,core_s20_p3
1779104823,22,1,0.168092,core_s22_p1
1779104823,22,4,0.018741,core_s22_p4
1779104823,22,2,0.014388,core_s22_p2
1779104823,22,3,0.012446,core_s22_p3
1779104823,19,4,0.006837,core_s19_p4
1779104823,19,1,0.016131,core_s19_p1
1779104823,19,2,0.022101,core_s19_p2
1779104823,19,3,0.006795,core_s19_p3
1779104823,3,1,0.016580,s3_p1_edge
1779104823,3,3,0.016629,path_A
1779104823,32,1,0.047857,path_B
1779104823,32,4,0.714755,core_s32_p4
1779104823,32,2,0.019441,path_B
1779104823,32,3,0.279398,core_s32_p3
1779104823,21,4,0.007714,s21_p4_edge
1779104823,21,1,0.187642,core_s21_p1
1779104823,21,2,0.105537,core_s21_p2
1779104823,21,3,0.007758,core_s21_p3
1779104823,17,4,0.022506,core_s17_p4
1779104823,17,1,0.013437,path_A
1779104823,17,2,0.010092,core_s17_p2
1779104823,17,3,0.008156,path_A
1779104823,8,4,0.165388,edge_s8_p4
1779104823,8,1,0.009822,s8_p1_edge
1779104823,8,2,0.009822,s8_p2_edge
1779104823,8,3,0.020875,edge_s8_p3
1779104823,23,4,0.009673,core_s23_p4
1779104823,23,1,0.012045,path_A
1779104823,23,2,0.009940,path_A
1779104823,23,3,0.010020,core_s23_p3
1779104823,18,4,0.009312,path_B
1779104823,18,1,0.013822,path_B
1779104823,18,2,0.009957,core_s18_p2
1779104823,18,3,0.009019,core_s18_p3
1779104823,4,4,0.005344,edge_s4_p4
1779104823,4,1,0.010688,s4_p1_edge
1779104823,4,2,0.010688,s4_p2_edge
1779104823,4,3,0.005344,edge_s4_p3
1779104823,16,4,0.011373,path_B
1779104823,16,1,0.018110,path_B
1779104823,16,2,0.012610,agg_s16_p2
1779104823,16,3,0.011536,agg_s16_p3
1779104824,25,1,0.013071,core_s25_p1
1779104824,25,4,0.011217,core_s25_p4
1779104824,25,2,0.011067,core_s25_p2
1779104824,25,3,0.011396,core_s25_p3
1779104824,7,1,0.009552,s7_p1_edge
1779104824,7,4,0.091679,edge_s7_p4
1779104824,7,2,0.009552,s7_p2_edge
1779104824,7,3,0.044270,edge_s7_p3
1779104824,1,4,0.005999,path_B
1779104824,1,1,0.012700,s1_p1_edge
1779104824,1,2,0.012700,s1_p2_edge
1779104824,1,3,0.540714,path_A
1779104824,6,1,0.009683,s6_p1_edge
1779104824,6,4,0.010520,edge_s6_p4
1779104824,6,2,0.009683,s6_p2_edge
1779104824,6,3,0.014944,edge_s6_p3
1779104824,24,4,0.203055,s24_p4_edge
1779104824,24,1,0.024222,s24_p1_edge
1779104824,24,2,0.009277,core_s24_p2
1779104824,24,3,0.009125,core_s24_p3
1779104824,19,4,0.012373,core_s19_p4
1779104824,19,1,0.017513,core_s19_p1
1779104824,19,2,0.013826,core_s19_p2
1779104824,19,3,0.012337,core_s19_p3
1779104824,5,4,0.038594,edge_s5_p4
1779104824,5,1,0.009358,s5_p1_edge
1779104824,5,2,0.009358,s5_p2_edge
1779104824,5,3,0.017694,edge_s5_p3
1779104824,9,4,0.258349,s9_p4_edge
1779104824,9,1,0.023676,path_A
1779104824,9,2,0.009260,agg_s9_p2
1779104824,9,3,0.007922,path_A
1779104824,20,4,0.010789,s20_p4_edge
1779104824,20,1,0.012169,core_s20_p1
1779104824,20,2,0.012358,core_s20_p2
1779104824,20,3,0.011072,core_s20_p3
1779104824,22,1,0.052574,core_s22_p1
1779104824,22,4,0.031104,core_s22_p4
1779104824,22,2,0.051281,core_s22_p2
1779104824,22,3,0.010427,core_s22_p3
1779104824,3,1,0.017044,s3_p1_edge
1779104824,3,3,0.017044,path_A
1779104824,17,4,0.029208,core_s17_p4
1779104824,17,1,0.017889,path_A
1779104824,17,2,0.013458,core_s17_p2
1779104824,17,3,0.011038,path_A
1779104824,21,4,0.009717,s21_p4_edge
1779104824,21,1,0.270481,core_s21_p1
1779104824,21,2,0.200228,core_s21_p2
1779104824,21,3,0.010094,core_s21_p3
1779104824,23,4,0.012270,core_s23_p4
1779104824,23,1,0.014599,path_A
1779104824,23,2,0.012064,path_A
1779104824,23,3,0.011968,core_s23_p3
1779104824,32,1,0.022484,path_B
1779104824,32,4,0.166535,core_s32_p4
1779104824,32,2,0.008979,path_B
1779104824,32,3,0.247151,s32_p3_edge
1779104824,2,1,0.009270,s2_p1_edge
1779104824,2,4,0.004526,edge_s2_p4
1779104824,2,2,0.009270,s2_p2_edge
1779104824,2,3,0.004744,edge_s2_p3
1779104824,19,4,0.014934,core_s19_p4
1779104824,19,1,0.017409,core_s19_p1
1779104824,19,2,0.017062,core_s19_p2
1779104824,19,3,0.014544,core_s19_p3
1779104825,3,4,0.000070,path_B
1779104825,3,1,0.024019,s3_p1_edge
1779104825,3,2,0.000070,s3_p2_edge
1779104825,3,3,0.024019,path_A
1779104825,1,4,0.008645,path_B
1779104825,1,1,0.016691,s1_p1_edge
1779104825,1,2,0.016691,s1_p2_edge
1779104825,1,3,0.326982,path_A
1779104825,9,4,0.546521,s9_p4_edge
1779104825,9,1,0.037948,path_A
1779104825,9,2,0.015595,agg_s9_p2
1779104825,9,3,0.014155,path_A
1779104825,16,4,0.010991,path_B
1779104825,16,1,0.015834,path_B
1779104825,16,2,0.012297,agg_s16_p2
1779104825,16,3,0.010864,agg_s16_p3
1779104825,22,1,0.044891,core_s22_p1
1779104825,22,4,0.258967,core_s22_p4
1779104825,22,2,0.061268,core_s22_p2
1779104825,22,3,0.014727,core_s22_p3
1779104825,18,4,0.008954,path_B
1779104825,18,1,0.013445,path_B
1779104825,18,2,0.009864,core_s18_p2
1779104825,18,3,0.008670,core_s18_p3
1779104825,25,1,0.012570,core_s25_p1
1779104825,25,4,0.011818,core_s25_p4
1779104825,25,2,0.011337,core_s25_p2
1779104825,25,3,0.010916,core_s25_p3
1779104825,24,4,0.309755,s24_p4_edge
1779104825,24,1,0.029721,s24_p1_edge
1779104825,24,2,0.011831,core_s24_p2
1779104825,24,3,0.012151,core_s24_p3
1779104825,6,1,0.014477,s6_p1_edge
1779104825,6,4,0.052267,edge_s6_p4
1779104825,6,2,0.014477,s6_p2_edge
1779104825,6,3,0.011565,edge_s6_p3
1779104825,21,4,0.017361,s21_p4_edge
1779104825,21,1,0.147894,core_s21_p1
1779104825,21,2,0.136416,core_s21_p2
1779104825,21,3,0.014028,core_s21_p3
1779104825,8,4,0.032100,edge_s8_p4
1779104825,8,1,0.009231,s8_p1_edge
1779104825,8,2,0.009231,s8_p2_edge
1779104825,8,3,0.012688,edge_s8_p3
1779104825,17,4,0.029245,core_s17_p4
1779104825,17,1,0.017896,path_A
1779104825,17,2,0.013240,core_s17_p2
1779104825,17,3,0.011167,path_A
1779104825,4,4,0.005003,edge_s4_p4
1779104825,4,1,0.009788,s4_p1_edge
1779104825,4,2,0.009788,s4_p2_edge
1779104825,4,3,0.004816,edge_s4_p3
1779104825,20,4,0.008336,s20_p4_edge
1779104825,20,1,0.009486,core_s20_p1
1779104825,20,2,0.017167,core_s20_p2
1779104825,20,3,0.008191,core_s20_p3
1779104825,19,4,0.063171,core_s19_p4
1779104825,19,1,0.097854,core_s19_p1
1779104825,19,2,0.094898,core_s19_p2
1779104825,19,3,0.014840,core_s19_p3
1779104825,32,1,0.026640,path_B
1779104825,32,4,0.293100,core_s32_p4
1779104825,32,2,0.010933,path_B
1779104825,32,3,0.303034,s32_p3_edge
1779104825,7,1,0.009239,s7_p1_edge
1779104825,7,4,0.014828,edge_s7_p4
1779104825,7,2,0.009239,s7_p2_edge
1779104825,7,3,0.004677,edge_s7_p3
1779104825,9,4,0.133554,s9_p4_edge
1779104825,9,1,0.023272,path_A
1779104825,9,2,0.016079,agg_s9_p2
1779104825,9,3,0.014137,path_A
1779104825,5,4,0.009616,edge_s5_p4
1779104825,5,1,0.009395,s5_p1_edge
1779104825,5,2,0.009395,s5_p2_edge
1779104825,5,3,0.004678,edge_s5_p3
1779104825,23,4,0.010306,core_s23_p4
1779104825,23,1,0.010986,path_A
1779104825,23,2,0.009900,path_A
1779104825,23,3,0.010178,core_s23_p3
1779104826,25,1,0.015133,core_s25_p1
1779104826,25,4,0.014019,core_s25_p4
1779104826,25,2,0.013565,core_s25_p2
1779104826,25,3,0.013456,core_s25_p3
1779104826,1,4,0.006979,path_B
1779104826,1,1,0.013809,s1_p1_edge
1779104826,1,2,0.013851,s1_p2_edge
1779104826,1,3,0.244663,path_A
1779104826,22,1,0.031558,core_s22_p1
1779104826,22,4,0.087567,core_s22_p4
1779104826,22,2,0.085488,core_s22_p2
1779104826,22,3,0.010274,core_s22_p3
1779104826,24,4,0.422536,s24_p4_edge
1779104826,24,1,0.032346,s24_p1_edge
1779104826,24,2,0.012885,core_s24_p2
1779104826,24,3,0.012919,core_s24_p3
1779104826,18,4,0.009602,path_B
1779104826,18,1,0.014458,path_B
1779104826,18,2,0.010671,core_s18_p2
1779104826,18,3,0.009419,core_s18_p3
1779104826,3,1,0.013468,s3_p1_edge
1779104826,3,3,0.013429,path_A
1779104826,21,4,0.026050,s21_p4_edge
1779104826,21,1,0.014869,core_s21_p1
1779104826,21,2,0.029188,core_s21_p2
1779104826,21,3,0.012986,core_s21_p3
1779104826,16,4,0.008443,path_B
1779104826,16,1,0.011874,path_B
1779104826,16,2,0.009406,agg_s16_p2
1779104826,16,3,0.008171,agg_s16_p3
1779104826,2,1,0.010186,s2_p1_edge
1779104826,2,4,0.005072,edge_s2_p4
1779104826,2,2,0.010186,s2_p2_edge
1779104826,2,3,0.005144,edge_s2_p3
1779104826,6,1,0.011696,s6_p1_edge
1779104826,6,4,0.012171,edge_s6_p4
1779104826,6,2,0.011696,s6_p2_edge
1779104826,6,3,0.005923,edge_s6_p3
1779104826,18,4,0.023733,path_B
1779104826,18,1,0.037631,path_B
1779104826,18,2,0.028122,core_s18_p2
1779104826,18,3,0.024871,core_s18_p3
1779104826,25,1,0.021677,core_s25_p1
1779104826,25,4,0.021791,core_s25_p4
1779104826,25,2,0.020422,core_s25_p2
1779104826,25,3,0.019909,core_s25_p3
1779104826,32,1,0.027374,path_B
1779104826,32,4,0.536748,core_s32_p4
1779104826,32,2,0.011703,path_B
1779104826,32,3,0.143215,s32_p3_edge
1779104826,9,4,0.011101,s9_p4_edge
1779104826,9,1,0.015515,path_A
1779104826,9,2,0.012773,agg_s9_p2
1779104826,9,3,0.011269,path_A
1779104826,20,4,0.009110,s20_p4_edge
1779104826,20,1,0.048704,core_s20_p1
1779104826,20,2,0.052511,core_s20_p2
1779104826,20,3,0.009028,core_s20_p3
1779104826,17,4,0.018715,core_s17_p4
1779104826,17,1,0.011477,path_A
1779104826,17,2,0.008503,core_s17_p2
1779104826,17,3,0.007261,path_A
1779104826,4,4,0.005552,edge_s4_p4
1779104826,4,1,0.010905,s4_p1_edge
1779104826,4,2,0.010905,s4_p2_edge
1779104826,4,3,0.005320,edge_s4_p3
1779104827,8,4,0.032395,edge_s8_p4
1779104827,8,1,0.009990,s8_p1_edge
1779104827,8,2,0.009990,s8_p2_edge
1779104827,8,3,0.011376,edge_s8_p3
1779104827,23,4,0.011809,core_s23_p4
1779104827,23,1,0.012921,path_A
1779104827,23,2,0.011159,path_A
1779104827,23,3,0.011438,core_s23_p3
1779104827,3,1,0.019045,s3_p1_edge
1779104827,3,3,0.019045,path_A
1779104827,19,4,0.008336,core_s19_p4
1779104827,19,1,0.037588,core_s19_p1
1779104827,19,2,0.073951,core_s19_p2
1779104827,19,3,0.008252,core_s19_p3
1779104827,1,4,0.007778,path_B
1779104827,1,1,0.015705,s1_p1_edge
1779104827,1,2,0.015657,s1_p2_edge
1779104827,1,3,0.229023,path_A
1779104827,22,1,0.049686,core_s22_p1
1779104827,22,4,0.055218,core_s22_p4
1779104827,22,2,0.078398,core_s22_p2
1779104827,22,3,0.011096,core_s22_p3
1779104827,16,4,0.012497,path_B
1779104827,16,1,0.017370,path_B
1779104827,16,2,0.013471,agg_s16_p2
1779104827,16,3,0.011905,agg_s16_p3
1779104827,5,4,0.115994,edge_s5_p4
1779104827,5,1,0.010058,s5_p1_edge
1779104827,5,2,0.010058,s5_p2_edge
1779104827,5,3,0.005081,edge_s5_p3
1779104827,7,1,0.010107,s7_p1_edge
1779104827,7,4,0.140712,edge_s7_p4
1779104827,7,2,0.010107,s7_p2_edge
1779104827,7,3,0.011968,edge_s7_p3
1779104827,24,4,0.273313,s24_p4_edge
1779104827,24,1,0.021699,s24_p1_edge
1779104827,24,2,0.008715,core_s24_p2
1779104827,24,3,0.009236,core_s24_p3
1779104827,19,4,0.022639,core_s19_p4
1779104827,19,1,0.069690,core_s19_p1
1779104827,19,2,0.090341,core_s19_p2
1779104827,19,3,0.023419,core_s19_p3
1779104827,21,4,0.024054,s21_p4_edge
1779104827,21,1,0.058328,core_s21_p1
1779104827,21,2,0.076948,core_s21_p2
1779104827,21,3,0.008078,core_s21_p3
1779104827,32,1,0.028062,path_B
1779104827,32,4,0.011414,core_s32_p4
1779104827,32,2,0.011901,path_B
1779104827,32,3,0.011819,s32_p3_edge
1779104827,9,4,0.010884,s9_p4_edge
1779104827,9,1,0.016375,path_A
1779104827,9,2,0.012151,agg_s9_p2
1779104827,9,3,0.010234,path_A
1779104827,20,4,0.011105,s20_p4_edge
1779104827,20,1,0.012485,core_s20_p1
1779104827,20,2,0.019578,core_s20_p2
1779104827,20,3,0.011233,core_s20_p3
1779104827,2,1,0.010242,s2_p1_edge
1779104827,2,4,0.005143,edge_s2_p4
1779104827,2,2,0.010242,s2_p2_edge
1779104827,2,3,0.005133,edge_s2_p3
1779104827,18,4,0.008016,path_B
1779104827,18,1,0.012646,path_B
1779104827,18,2,0.009316,core_s18_p2
1779104827,18,3,0.008259,core_s18_p3
1779104827,22,1,0.101372,core_s22_p1
1779104827,22,4,0.016164,core_s22_p4
1779104827,22,2,0.174249,core_s22_p2
1779104827,22,3,0.015795,core_s22_p3
1779104827,8,4,0.060855,edge_s8_p4
1779104827,8,1,0.017931,s8_p1_edge
1779104827,8,2,0.017931,s8_p2_edge
1779104827,8,3,0.008929,edge_s8_p3
1779104825,17,4,0.012868,core_s17_p4
1779104825,17,1,0.015008,path_A
1779104825,17,2,0.011095,core_s17_p2
1779104825,17,3,0.009292,path_A
1779104825,1,4,0.009193,path_B
1779104825,1,1,0.017974,s1_p1_edge
1779104825,1,2,0.017974,s1_p2_edge
1779104825,1,3,0.428449,path_A
1779104825,3,1,0.017119,s3_p1_edge
1779104825,3,3,0.017169,path_A
1779104825,25,1,0.009577,core_s25_p1
1779104825,25,4,0.007939,core_s25_p4
1779104825,25,2,0.007770,core_s25_p2
1779104825,25,3,0.008217,core_s25_p3
1779104825,6,1,0.010293,s6_p1_edge
1779104825,6,4,0.005198,edge_s6_p4
1779104825,6,2,0.010293,s6_p2_edge
1779104825,6,3,0.005125,edge_s6_p3
1779104825,4,4,0.005721,edge_s4_p4
1779104825,4,1,0.011613,s4_p1_edge
1779104825,4,2,0.011613,s4_p2_edge
1779104825,4,3,0.005893,edge_s4_p3
1779104825,23,4,0.009840,core_s23_p4
1779104825,23,1,0.009689,path_A
1779104825,23,2,0.009159,path_A
1779104825,23,3,0.009512,core_s23_p3
1779104825,16,4,0.011292,path_B
1779104825,16,1,0.016788,path_B
1779104825,16,2,0.013191,agg_s16_p2
1779104825,16,3,0.011573,agg_s16_p3
1779104825,32,1,0.039399,path_B
1779104825,32,4,0.016103,core_s32_p4
1779104825,32,2,0.016242,path_B
1779104825,32,3,0.016170,s32_p3_edge
1779104825,24,4,0.353469,s24_p4_edge
1779104825,24,1,0.029400,s24_p1_edge
1779104825,24,2,0.011914,core_s24_p2
1779104825,24,3,0.011273,core_s24_p3
1779104825,22,1,0.105411,core_s22_p1
1779104825,22,4,0.015020,core_s22_p4
1779104825,22,2,0.050232,core_s22_p2
1779104825,22,3,0.015292,core_s22_p3
1779104825,21,4,0.071125,s21_p4_edge
1779104825,21,1,0.043369,core_s21_p1
1779104825,21,2,0.114138,core_s21_p2
1779104825,21,3,0.011437,core_s21_p3
1779104825,17,4,0.011823,core_s17_p4
1779104825,17,1,0.019125,path_A
1779104825,17,2,0.014826,core_s17_p2
1779104825,17,3,0.011601,path_A
1779104825,5,4,0.107698,edge_s5_p4
1779104825,5,1,0.010524,s5_p1_edge
1779104825,5,2,0.010524,s5_p2_edge
1779104825,5,3,0.005363,edge_s5_p3
1779104825,20,4,0.011848,s20_p4_edge
1779104825,20,1,0.013857,core_s20_p1
1779104825,20,2,0.047644,core_s20_p2
1779104825,20,3,0.011987,core_s20_p3
1779104825,18,4,0.010318,path_B
1779104825,18,1,0.015858,path_B
1779104825,18,2,0.012010,core_s18_p2
1779104825,18,3,0.010815,core_s18_p3
1779104825,7,1,0.010709,s7_p1_edge
1779104825,7,4,0.064646,edge_s7_p4
1779104825,7,2,0.010709,s7_p2_edge
1779104825,7,3,0.027560,edge_s7_p3
1779104825,1,4,0.008264,path_B
1779104825,1,1,0.016533,s1_p1_edge
1779104825,1,2,0.016533,s1_p2_edge
1779104825,1,3,0.277643,path_A
1779104825,21,4,0.023770,s21_p4_edge
1779104825,21,1,0.027347,core_s21_p1
1779104825,21,2,0.181654,core_s21_p2
1779104825,21,3,0.024327,core_s21_p3
1779104825,9,4,0.009218,agg_s9_p4
1779104825,9,1,0.012790,path_A
1779104825,9,2,0.010803,agg_s9_p2
1779104825,9,3,0.009450,path_A
1779104825,25,1,0.015465,core_s25_p1
1779104825,25,4,0.013110,core_s25_p4
1779104825,25,2,0.012324,core_s25_p2
1779104825,25,3,0.012188,core_s25_p3
1779104825,19,4,0.049121,core_s19_p4
1779104825,19,1,0.055220,core_s19_p1
1779104825,19,2,0.018462,core_s19_p2
1779104825,19,3,0.007077,core_s19_p3
1779104825,3,1,0.013325,s3_p1_edge
1779104825,3,3,0.013325,path_A
1779104825,32,1,0.034988,path_B
1779104825,32,4,0.014238,core_s32_p4
1779104825,32,2,0.014672,path_B
1779104825,32,3,0.014716,s32_p3_edge
1779104825,24,4,0.615657,s24_p4_edge
1779104825,24,1,0.039473,core_s24_p1
1779104825,24,2,0.016590,core_s24_p2
1779104825,24,3,0.016949,core_s24_p3
1779104825,8,4,0.005297,edge_s8_p4
1779104825,8,1,0.010404,s8_p1_edge
1779104825,8,2,0.010404,s8_p2_edge
1779104825,8,3,0.054481,edge_s8_p3
1779104825,23,4,0.012705,core_s23_p4
1779104825,23,1,0.013036,path_A
1779104825,23,2,0.011875,path_A
1779104825,23,3,0.012307,core_s23_p3
1779104825,2,1,0.010503,s2_p1_edge
1779104825,2,4,0.005224,edge_s2_p4
1779104825,2,2,0.010503,s2_p2_edge
1779104825,2,3,0.005247,edge_s2_p3
1779104825,16,4,0.283161,path_B
1779104825,16,1,0.028293,path_B
1779104825,16,2,0.011773,agg_s16_p2
1779104825,16,3,0.010174,agg_s16_p3
1779104825,6,1,0.010133,s6_p1_edge
1779104825,6,4,0.085056,edge_s6_p4
1779104825,6,2,0.010133,s6_p2_edge
1779104825,6,3,0.008135,edge_s6_p3
1779104825,4,4,0.005651,edge_s4_p4
1779104825,4,1,0.011279,s4_p1_edge
1779104825,4,2,0.011279,s4_p2_edge
1779104825,4,3,0.005661,edge_s4_p3
1779104825,19,4,0.067309,core_s19_p4
1779104825,19,1,0.190026,core_s19_p1
1779104825,19,2,0.116511,core_s19_p2
1779104825,19,3,0.019450,core_s19_p3
1779104825,1,4,0.010403,path_B
1779104825,1,1,0.021192,s1_p1_edge
1779104825,1,2,0.021192,s1_p2_edge
1779104825,1,3,0.417203,path_A
1779104825,20,4,0.011022,s20_p4_edge
1779104825,20,1,0.071340,core_s20_p1
1779104825,20,2,0.152344,core_s20_p2
1779104825,20,3,0.010864,core_s20_p3
1779104825,9,4,0.013352,agg_s9_p4
1779104825,9,1,0.017290,path_A
1779104825,9,2,0.013946,agg_s9_p2
1779104825,9,3,0.012396,path_A
1779104825,22,1,0.253929,core_s22_p1
1779104825,22,4,0.008372,core_s22_p4
1779104825,22,2,0.150364,core_s22_p2
1779104825,22,3,0.008296,core_s22_p3
1779104830,18,4,0.009149,path_B
1779104830,18,1,0.014445,path_B
1779104830,18,2,0.010533,core_s18_p2
1779104830,18,3,0.011225,core_s18_p3
1779104830,21,4,0.031241,s21_p4_edge
1779104830,21,1,0.065307,core_s21_p1
1779104830,21,2,0.116667,core_s21_p2
1779104830,21,3,0.011053,core_s21_p3
1779104830,17,4,0.007665,core_s17_p4
1779104830,17,1,0.011968,path_A
1779104830,17,2,0.008963,core_s17_p2
1779104830,17,3,0.007345,path_A
1779104830,3,4,0.015020,path_B
1779104830,3,1,0.045061,s3_p1_edge
1779104830,3,2,0.000055,s3_p2_edge
1779104830,3,3,0.004336,path_A
1779104830,25,1,0.011110,core_s25_p1
1779104830,25,4,0.010458,core_s25_p4
1779104830,25,2,0.010396,core_s25_p2
1779104830,25,3,0.010520,core_s25_p3
1779104830,24,4,0.135500,s24_p4_edge
1779104830,24,1,0.015411,core_s24_p1
1779104830,24,2,0.011558,core_s24_p2
1779104830,24,3,0.011283,core_s24_p3
1779104830,23,4,0.011337,core_s23_p4
1779104830,23,1,0.012149,path_A
1779104830,23,2,0.011609,path_A
1779104830,23,3,0.011863,core_s23_p3
1779104830,7,1,0.009771,s7_p1_edge
1779104830,7,4,0.032179,edge_s7_p4
1779104830,7,2,0.009771,s7_p2_edge
1779104830,7,3,0.040751,edge_s7_p3
1779104830,5,4,0.155595,edge_s5_p4
1779104830,5,1,0.010043,s5_p1_edge
1779104830,5,2,0.010043,s5_p2_edge
1779104830,5,3,0.011912,edge_s5_p3
1779104830,16,4,0.470670,path_B
1779104830,16,1,0.033200,path_B
1779104830,16,2,0.013197,agg_s16_p2
1779104830,16,3,0.011341,agg_s16_p3
1779104830,6,1,0.017740,s6_p1_edge
1779104830,6,4,0.093213,edge_s6_p4
1779104830,6,2,0.017740,s6_p2_edge
1779104830,6,3,0.022836,edge_s6_p3
1779104830,32,1,0.023840,path_B
1779104830,32,4,0.009261,core_s32_p4
1779104830,32,2,0.009666,path_B
1779104830,32,3,0.009261,s32_p3_edge
1779104830,1,4,0.008782,path_B
1779104830,1,1,0.017369,s1_p1_edge
1779104830,1,2,0.017369,s1_p2_edge
1779104830,1,3,0.437394,path_A
1779104830,25,1,0.021852,core_s25_p1
1779104830,25,4,0.022697,core_s25_p4
1779104830,25,2,0.021159,core_s25_p2
1779104830,25,3,0.022481,core_s25_p3
1779104830,9,4,0.011737,agg_s9_p4
1779104830,9,1,0.016830,path_A
1779104830,9,2,0.013176,agg_s9_p2
1779104830,9,3,0.011774,path_A
1779104830,8,4,0.063175,edge_s8_p4
1779104830,8,1,0.010080,s8_p1_edge
1779104830,8,2,0.010080,s8_p2_edge
1779104830,8,3,0.019795,edge_s8_p3
1779104830,2,1,0.010228,s2_p1_edge
1779104830,2,4,0.005136,edge_s2_p4
1779104830,2,2,0.010228,s2_p2_edge
1779104830,2,3,0.005092,edge_s2_p3
1779104830,20,4,0.010890,s20_p4_edge
1779104830,20,1,0.158215,core_s20_p1
1779104830,20,2,0.121925,core_s20_p2
1779104830,20,3,0.010629,core_s20_p3
1779104830,19,4,0.008051,core_s19_p4
1779104830,19,1,0.028548,core_s19_p1
1779104830,19,2,0.031229,core_s19_p2
1779104830,19,3,0.008358,core_s19_p3
1779104830,22,1,0.196469,core_s22_p1
1779104830,22,4,0.010636,core_s22_p4
1779104830,22,2,0.096560,core_s22_p2
1779104830,22,3,0.010326,core_s22_p3
1779104830,21,4,0.010752,s21_p4_edge
1779104830,21,1,0.012170,core_s21_p1
1779104830,21,2,0.012137,core_s21_p2
1779104830,21,3,0.010554,core_s21_p3
1779104830,23,4,0.017272,core_s23_p4
1779104830,23,1,0.020041,path_A
1779104830,23,2,0.017244,path_A
1779104830,23,3,0.017490,core_s23_p3
1779104830,18,4,0.009419,path_B
1779104830,18,1,0.014625,path_B
1779104830,18,2,0.010986,core_s18_p2
1779104830,18,3,0.009951,core_s18_p3
1779104830,4,4,0.005459,edge_s4_p4
1779104830,4,1,0.010780,s4_p1_edge
1779104830,4,2,0.010780,s4_p2_edge
1779104830,4,3,0.005322,edge_s4_p3
1779104830,17,4,0.009894,core_s17_p4
1779104830,17,1,0.015090,path_A
1779104830,17,2,0.011138,core_s17_p2
1779104830,17,3,0.009147,path_A
1779104830,24,4,0.014395,s24_p4_edge
1779104830,24,1,0.015079,core_s24_p1
1779104830,24,2,0.014317,core_s24_p2
1779104830,24,3,0.013924,core_s24_p3
1779104830,16,4,0.651780,path_B
1779104830,16,1,0.037996,path_B
1779104830,16,2,0.013331,agg_s16_p2
1779104830,16,3,0.011798,agg_s16_p3
1779104830,32,1,0.030715,path_B
1779104830,32,4,0.012927,core_s32_p4
1779104830,32,2,0.013551,path_B
1779104830,32,3,0.013287,core_s32_p3
1779104830,3,4,0.012293,path_B
1779104830,3,1,0.012293,s3_p1_edge
1779104830,20,4,0.017337,core_s20_p4
1779104830,20,1,0.163663,core_s20_p1
1779104830,20,2,0.173530,core_s20_p2
1779104830,20,3,0.018045,core_s20_p3
1779104830,23,4,0.018253,core_s23_p4
1779104830,23,1,0.019327,path_A
1779104830,23,2,0.017521,path_A
1779104830,23,3,0.018155,core_s23_p3
1779104830,9,4,0.011424,agg_s9_p4
1779104830,9,1,0.015417,path_A
1779104830,9,2,0.012813,agg_s9_p2
1779104830,9,3,0.010868,path_A
1779104830,24,4,0.019247,s24_p4_edge
1779104830,24,1,0.021027,core_s24_p1
1779104830,24,2,0.018947,core_s24_p2
1779104830,24,3,0.019594,core_s24_p3
1779104830,17,4,0.013101,core_s17_p4
1779104830,17,1,0.020952,path_A
1779104830,17,2,0.015751,core_s17_p2
1779104830,17,3,0.013052,path_A
1779104830,7,1,0.010621,s7_p1_edge
1779104830,7,4,0.051767,edge_s7_p4
1779104830,7,2,0.010621,s7_p2_edge
1779104830,7,3,0.005424,edge_s7_p3
1779104830,19,4,0.011768,core_s19_p4
1779104830,19,1,0.013692,core_s19_p1
1779104830,19,2,0.013803,core_s19_p2
1779104830,19,3,0.011805,core_s19_p3
1779104830,5,4,0.093258,edge_s5_p4
1779104830,5,1,0.010183,s5_p1_edge
1779104830,5,2,0.010183,s5_p2_edge
1779104830,5,3,0.023653,edge_s5_p3
1779104830,25,1,0.010052,core_s25_p1
1779104830,25,4,0.009212,core_s25_p4
1779104830,25,2,0.009537,core_s25_p2
1779104830,25,3,0.009414,core_s25_p3
1779104830,1,4,0.006378,path_B
1779104830,1,1,0.012598,s1_p1_edge
1779104830,1,2,0.012598,s1_p2_edge
1779104830,1,3,0.289445,path_A
1779104830,6,1,0.010185,s6_p1_edge
1779104830,6,4,0.079629,edge_s6_p4
1779104830,6,2,0.010185,s6_p2_edge
1779104830,6,3,0.043734,edge_s6_p3
1779104830,22,1,0.218138,core_s22_p1
1779104830,22,4,0.009280,core_s22_p4
1779104830,22,2,0.051582,core_s22_p2
1779104830,22,3,0.009342,core_s22_p3
1779104830,18,4,0.011053,path_B
1779104830,18,1,0.016332,path_B
1779104830,18,2,0.011779,core_s18_p2
1779104830,18,3,0.010690,core_s18_p3
1779104830,16,4,0.718287,path_B
1779104830,16,1,0.047227,path_B
1779104830,16,2,0.016830,agg_s16_p2
1779104830,16,3,0.014082,agg_s16_p3
1779104830,19,4,0.045066,core_s19_p4
1779104830,19,1,0.050890,core_s19_p1
1779104830,19,2,0.051722,core_s19_p2
1779104830,19,3,0.045760,core_s19_p3
1779104830,21,4,0.009891,s21_p4_edge
1779104830,21,1,0.011294,core_s21_p1
1779104830,21,2,0.011085,core_s21_p2
1779104830,21,3,0.009533,core_s21_p3
1779104830,3,4,0.019234,path_B
1779104830,3,1,0.019234,s3_p1_edge
1779104830,32,1,0.029367,path_B
1779104830,32,4,0.012208,core_s32_p4
1779104830,32,2,0.012188,path_B
1779104830,32,3,0.012343,core_s32_p3
1779104830,8,4,0.070296,edge_s8_p4
1779104830,8,1,0.010109,s8_p1_edge
1779104830,8,2,0.010109,s8_p2_edge
1779104830,8,3,0.038091,edge_s8_p3
1779104830,2,1,0.010322,s2_p1_edge
1779104830,2,4,0.005085,edge_s2_p4
1779104830,2,2,0.010322,s2_p2_edge
1779104830,2,3,0.005237,edge_s2_p3
1779104830,23,4,0.016822,core_s23_p4
1779104830,23,1,0.017016,path_A
1779104830,23,2,0.015852,path_A
1779104830,23,3,0.016192,core_s23_p3
1779104830,4,4,0.005735,edge_s4_p4
1779104830,4,1,0.011113,s4_p1_edge
1779104830,4,2,0.011113,s4_p2_edge
1779104830,4,3,0.005412,edge_s4_p3
1779104830,20,4,0.011369,core_s20_p4
1779104830,20,1,0.161684,core_s20_p1
1779104830,20,2,0.240779,core_s20_p2
1779104830,20,3,0.010657,core_s20_p3
1779104830,24,4,0.106867,s24_p4_edge
1779104830,24,1,0.016596,core_s24_p1
1779104830,24,2,0.016462,core_s24_p2
1779104830,24,3,0.016641,core_s24_p3
1779104830,21,4,0.019931,s21_p4_edge
1779104830,21,1,0.022869,core_s21_p1
1779104830,21,2,0.022997,core_s21_p2
1779104830,21,3,0.019867,core_s21_p3
1779104830,1,4,0.011401,path_B
1779104830,1,1,0.022989,s1_p1_edge
1779104830,1,2,0.022989,s1_p2_edge
1779104830,1,3,0.513089,path_A
1779104830,25,1,0.016023,core_s25_p1
1779104830,25,4,0.016048,core_s25_p4
1779104830,25,2,0.015760,core_s25_p2
1779104830,25,3,0.015478,core_s25_p3
1779104830,9,4,0.010533,agg_s9_p4
1779104830,9,1,0.013499,path_A
1779104830,9,2,0.011244,agg_s9_p2
1779104830,9,3,0.009774,path_A
1779104833,17,4,0.008327,core_s17_p4
1779104833,17,1,0.013130,path_A
1779104833,17,2,0.009782,core_s17_p2
1779104833,17,3,0.008152,path_A
1779104833,3,4,0.019299,path_B
1779104833,3,1,0.019299,s3_p1_edge
1779104833,3,3,0.000057,path_A
1779104833,22,1,0.209890,core_s22_p1
1779104833,22,4,0.010853,core_s22_p4
1779104833,22,2,0.267705,core_s22_p2
1779104833,22,3,0.010484,core_s22_p3
1779104833,20,4,0.015092,core_s20_p4
1779104833,20,1,0.200665,core_s20_p1
1779104833,20,2,0.258005,core_s20_p2
1779104833,20,3,0.015503,core_s20_p3
1779104833,18,4,0.009541,path_B
1779104833,18,1,0.014917,path_B
1779104833,18,2,0.011188,core_s18_p2
1779104833,18,3,0.010069,core_s18_p3
1779104833,25,1,0.024911,core_s25_p1
1779104833,25,4,0.024841,core_s25_p4
1779104833,25,2,0.022957,core_s25_p2
1779104833,25,3,0.024143,core_s25_p3
1779104833,32,1,0.032544,path_B
1779104833,32,4,0.013937,core_s32_p4
1779104833,32,2,0.013638,path_B
1779104833,32,3,0.013766,core_s32_p3
1779104833,16,4,0.488425,path_B
1779104833,16,1,0.025342,path_B
1779104833,16,2,0.009301,agg_s16_p2
1779104833,16,3,0.008086,agg_s16_p3
1779104833,7,1,0.009976,s7_p1_edge
1779104833,7,4,0.076358,edge_s7_p4
1779104833,7,2,0.009976,s7_p2_edge
1779104833,7,3,0.040452,edge_s7_p3
1779104833,5,4,0.061279,edge_s5_p4
1779104833,5,1,0.010226,s5_p1_edge
1779104833,5,2,0.010226,s5_p2_edge
1779104833,5,3,0.016054,edge_s5_p3
1779104833,23,4,0.010825,core_s23_p4
1779104833,23,1,0.012069,path_A
1779104833,23,2,0.010749,path_A
1779104833,23,3,0.010812,core_s23_p3
1779104834,6,1,0.007458,s6_p1_edge
1779104834,6,4,0.082373,edge_s6_p4
1779104834,6,2,0.007458,s6_p2_edge
1779104834,6,3,0.011188,edge_s6_p3
1779104834,17,4,0.008361,core_s17_p4
1779104834,17,1,0.013192,path_A
1779104834,17,2,0.009990,core_s17_p2
1779104834,17,3,0.008075,path_A
1779104834,9,4,0.007294,agg_s9_p4
1779104834,9,1,0.010066,path_A
1779104834,9,2,0.008073,agg_s9_p2
1779104834,9,3,0.007193,path_A
1779104834,1,4,0.005045,path_B
1779104834,1,1,0.010032,s1_p1_edge
1779104834,1,2,0.010032,s1_p2_edge
1779104834,1,3,0.278921,path_A
1779104834,16,4,0.680848,path_B
1779104834,16,1,0.031163,path_B
1779104834,16,2,0.012071,agg_s16_p2
1779104834,16,3,0.010964,agg_s16_p3
1779104834,19,4,0.004601,core_s19_p4
1779104834,19,1,0.005309,core_s19_p1
1779104834,19,2,0.005294,core_s19_p2
1779104834,19,3,0.004571,core_s19_p3
1779104834,24,4,0.020048,s24_p4_edge
1779104834,24,1,0.006499,core_s24_p1
1779104834,24,2,0.006113,core_s24_p2
1779104834,24,3,0.006187,core_s24_p3
1779104834,4,4,0.003824,edge_s4_p4
1779104834,4,1,0.007804,s4_p1_edge
1779104834,4,2,0.007804,s4_p2_edge
1779104834,4,3,0.003957,edge_s4_p3
1779104834,8,4,0.071825,edge_s8_p4
1779104834,8,1,0.007409,s8_p1_edge
1779104834,8,2,0.007409,s8_p2_edge
1779104834,8,3,0.017122,edge_s8_p3
1779104834,2,1,0.007382,s2_p1_edge
1779104834,2,4,0.003652,edge_s2_p4
1779104834,2,2,0.007382,s2_p2_edge
1779104834,2,3,0.003752,edge_s2_p3
1779104834,21,4,0.005623,s21_p4_edge
1779104834,21,1,0.006548,core_s21_p1
1779104834,21,2,0.006129,core_s21_p2
1779104834,21,3,0.005483,core_s21_p3
1779104834,22,1,0.007366,core_s22_p1
1779104834,22,4,0.006231,core_s22_p4
1779104834,22,2,0.007306,core_s22_p2
1779104834,22,3,0.006570,core_s22_p3
1779104834,18,4,0.006448,path_B
1779104834,18,1,0.010147,path_B
1779104834,18,2,0.007564,core_s18_p2
1779104834,18,3,0.006758,core_s18_p3
1779104834,20,4,0.006522,core_s20_p4
1779104834,20,1,0.036616,core_s20_p1
1779104834,20,2,0.033376,core_s20_p2
1779104834,20,3,0.006522,core_s20_p3
1779104834,32,1,0.017106,path_B
1779104834,32,4,0.007216,core_s32_p4
1779104834,32,2,0.007368,path_B
1779104834,32,3,0.007434,core_s32_p3
1779104834,19,4,0.021370,core_s19_p4
1779104834,19,1,0.024832,core_s19_p1
1779104834,19,2,0.024966,core_s19_p2
1779104834,19,3,0.021504,core_s19_p3
1779104835,3,4,0.007774,path_B
1779104835,3,1,0.007774,s3_p1_edge
1779104835,9,4,0.013939,agg_s9_p4
1779104835,9,1,0.017104,path_A
1779104835,9,2,0.015906,agg_s9_p2
1779104835,9,3,0.013683,path_A
1779104835,16,4,0.014747,path_B
1779104835,16,1,0.040047,path_B
1779104835,16,2,0.016506,agg_s16_p2
1779104835,16,3,0.014657,agg_s16_p3
1779104835,18,4,0.038253,path_B
1779104835,18,1,0.059583,path_B
1779104835,18,2,0.043796,core_s18_p2
1779104835,18,3,0.041989,core_s18_p3
1779104835,21,4,0.021147,s21_p4_edge
1779104835,21,1,0.023030,core_s21_p1
1779104835,21,2,0.023469,core_s21_p2
1779104835,21,3,0.020080,core_s21_p3
1779104835,6,1,0.014421,s6_p1_edge
1779104835,6,4,0.034616,edge_s6_p4
1779104835,6,2,0.014421,s6_p2_edge
1779104835,6,3,0.064241,edge_s6_p3
1779104835,1,4,0.299538,path_B
1779104835,1,1,0.015777,s1_p1_edge
1779104835,1,2,0.015823,s1_p2_edge
1779104835,1,3,0.118537,path_A
1779104835,17,4,0.007827,core_s17_p4
1779104835,17,1,0.012889,path_A
1779104835,17,2,0.009985,core_s17_p2
1779104835,17,3,0.007966,path_A
1779104835,25,1,0.005848,core_s25_p1
1779104835,25,4,0.005042,core_s25_p4
1779104835,25,2,0.005128,core_s25_p2
1779104835,25,3,0.005027,core_s25_p3
1779104835,7,1,0.007436,s7_p1_edge
1779104835,7,4,0.078981,edge_s7_p4
1779104835,7,2,0.007458,s7_p2_edge
1779104835,7,3,0.015067,edge_s7_p3
1779104835,32,1,0.035472,path_B
1779104835,32,4,0.015089,core_s32_p4
1779104835,32,2,0.014603,path_B
1779104835,32,3,0.015177,core_s32_p3
1779104835,5,4,0.003675,edge_s5_p4
1779104835,5,1,0.007340,s5_p1_edge
1779104835,5,2,0.007340,s5_p2_edge
1779104835,5,3,0.005933,edge_s5_p3
1779104835,22,1,0.014988,core_s22_p1
1779104835,22,4,0.013272,core_s22_p4
1779104835,22,2,0.014868,core_s22_p2
1779104835,22,3,0.012912,core_s22_p3
1779104835,23,4,0.005356,core_s23_p4
1779104835,23,1,0.005837,path_A
1779104835,23,2,0.005456,path_A
1779104835,23,3,0.005449,core_s23_p3
1779104835,24,4,0.009442,s24_p4_edge
1779104835,24,1,0.009784,core_s24_p1
1779104835,24,2,0.008904,core_s24_p2
1779104835,24,3,0.008956,core_s24_p3
1779104835,3,4,0.016028,path_B
1779104835,3,1,0.015993,s3_p1_edge
1779104835,3,2,0.000050,s3_p2_edge
1779104835,4,4,0.005613,edge_s4_p4
1779104835,4,1,0.011065,s4_p1_edge
1779104835,4,2,0.011065,s4_p2_edge
1779104835,4,3,0.005485,edge_s4_p3
1779104835,16,4,0.012290,path_B
1779104835,16,1,0.034191,path_B
1779104835,16,2,0.013464,agg_s16_p2
1779104835,16,3,0.011629,agg_s16_p3
1779104835,2,1,0.010411,s2_p1_edge
1779104835,2,4,0.005260,edge_s2_p4
1779104835,2,2,0.010411,s2_p2_edge
1779104835,2,3,0.005183,edge_s2_p3
1779104835,8,4,0.021621,edge_s8_p4
1779104835,8,1,0.010405,s8_p1_edge
1779104835,8,2,0.010405,s8_p2_edge
1779104835,8,3,0.005378,edge_s8_p3
1779104835,20,4,0.008269,core_s20_p4
1779104835,20,1,0.009291,core_s20_p1
1779104835,20,2,0.009392,core_s20_p2
1779104835,20,3,0.008016,core_s20_p3
1779104835,9,4,0.009611,agg_s9_p4
1779104835,9,1,0.013190,path_A
1779104835,9,2,0.011504,agg_s9_p2
1779104835,9,3,0.009493,path_A
1779104835,17,4,0.011261,core_s17_p4
1779104835,17,1,0.018148,path_A
1779104835,17,2,0.013165,core_s17_p2
1779104835,17,3,0.011869,path_A
1779104835,1,4,0.531917,path_B
1779104835,1,1,0.018832,s1_p1_edge
1779104835,1,2,0.018776,s1_p2_edge
1779104835,1,3,0.032037,path_A
1779104835,25,1,0.015272,core_s25_p1
1779104835,25,4,0.014268,core_s25_p4
1779104835,25,2,0.014373,core_s25_p2
1779104835,25,3,0.014537,core_s25_p3
1779104835,21,4,0.008785,s21_p4_edge
1779104835,21,1,0.010096,core_s21_p1
1779104835,21,2,0.009860,core_s21_p2
1779104835,21,3,0.008942,core_s21_p3
1779104835,22,1,0.014923,core_s22_p1
1779104835,22,4,0.013152,core_s22_p4
1779104835,22,2,0.015429,core_s22_p2
1779104835,22,3,0.013026,core_s22_p3
1779104835,18,4,0.017361,path_B
1779104835,18,1,0.029057,path_B
1779104835,18,2,0.009125,core_s18_p2
1779104835,18,3,0.007987,core_s18_p3
1779104835,19,4,0.006995,core_s19_p4
1779104835,19,1,0.007778,core_s19_p1
1779104835,19,2,0.007947,core_s19_p2
1779104835,19,3,0.006995,core_s19_p3
1779104835,23,4,0.011927,core_s23_p4
1779104835,23,1,0.012297,path_A
1779104835,23,2,0.011507,path_A
1779104835,23,3,0.011004,core_s23_p3
1779104835,24,4,0.010867,s24_p4_edge
1779104835,24,1,0.011533,core_s24_p1
1779104835,24,2,0.011134,core_s24_p2
1779104835,24,3,0.011134,core_s24_p3
1779104835,8,4,0.128747,edge_s8_p4
1779104835,8,1,0.023413,s8_p1_edge
1779104835,8,2,0.023413,s8_p2_edge
1779104835,8,3,0.092129,edge_s8_p3
1779104835,6,1,0.010217,s6_p1_edge
1779104835,6,4,0.005020,edge_s6_p4
1779104835,6,2,0.010217,s6_p2_edge
1779104835,6,3,0.005197,edge_s6_p3
1779104835,32,1,0.022333,path_B
1779104835,32,4,0.009435,core_s32_p4
1779104835,32,2,0.009462,path_B
1779104835,32,3,0.009451,core_s32_p3
1779104835,1,4,1.000000,path_B
1779104835,1,1,0.025746,s1_p1_edge
1779104835,1,2,0.025746,s1_p2_edge
1779104835,1,3,0.051492,path_A
1779104835,17,4,0.016140,core_s17_p4
1779104835,17,1,0.024368,path_A
1779104835,17,2,0.017722,core_s17_p2
1779104835,17,3,0.014874,path_A
1779104835,20,4,0.015318,core_s20_p4
1779104835,20,1,0.016924,core_s20_p1
1779104835,20,2,0.017153,core_s20_p2
1779104835,20,3,0.014722,core_s20_p3
1779104835,25,1,0.021186,core_s25_p1
1779104835,25,4,0.018408,core_s25_p4
1779104835,25,2,0.019210,core_s25_p2
1779104835,25,3,0.018950,core_s25_p3
1779104835,9,4,0.013576,agg_s9_p4
1779104835,9,1,0.018488,path_A
1779104835,9,2,0.015054,agg_s9_p2
1779104835,9,3,0.013616,path_A
1779104835,5,4,0.041181,edge_s5_p4
1779104835,5,1,0.010356,s5_p1_edge
1779104835,5,2,0.010356,s5_p2_edge
1779104835,5,3,0.008241,edge_s5_p3
1779104835,7,1,0.010272,s7_p1_edge
1779104835,7,4,0.011330,edge_s7_p4
1779104835,7,2,0.010241,s7_p2_edge
1779104835,7,3,0.016830,edge_s7_p3
1779104835,3,4,0.012934,path_B
1779104835,3,1,0.012906,s3_p1_edge
1779104835,16,4,0.008444,path_B
1779104835,16,1,0.022887,path_B
1779104835,16,2,0.009217,agg_s16_p2
1779104835,16,3,0.007904,agg_s16_p3
1779104835,21,4,0.012237,s21_p4_edge
1779104835,21,1,0.014304,core_s21_p1
1779104835,21,2,0.014123,core_s21_p2
1779104835,21,3,0.012309,core_s21_p3
1779104835,22,1,0.013440,core_s22_p1
1779104835,22,4,0.011878,core_s22_p4
1779104835,22,2,0.013404,core_s22_p2
1779104835,22,3,0.011842,core_s22_p3
1779104835,23,4,0.017356,core_s23_p4
1779104835,23,1,0.018887,path_A
1779104835,23,2,0.017254,path_A
1779104835,23,3,0.016896,core_s23_p3
1779104835,4,4,0.005529,edge_s4_p4
1779104835,4,1,0.011058,s4_p1_edge
1779104835,4,2,0.011058,s4_p2_edge
1779104835,4,3,0.005529,edge_s4_p3
1779104835,19,4,0.011817,core_s19_p4
1779104835,19,1,0.013475,core_s19_p1
1779104835,19,2,0.013334,core_s19_p2
1779104835,19,3,0.012064,core_s19_p3
1779104835,2,1,0.010305,s2_p1_edge
1779104835,2,4,0.005071,edge_s2_p4
1779104835,2,2,0.010305,s2_p2_edge
1779104835,2,3,0.005203,edge_s2_p3
1779104835,17,4,0.012869,core_s17_p4
1779104835,17,1,0.020520,path_A
1779104835,17,2,0.015390,core_s17_p2
1779104835,17,3,0.012781,path_A
1779104835,18,4,0.021574,path_B
1779104835,18,1,0.013272,path_B
1779104835,18,2,0.009912,core_s18_p2
1779104835,18,3,0.008024,core_s18_p3
1779104835,32,1,0.031180,path_B
1779104835,32,4,0.012952,core_s32_p4
1779104835,32,2,0.012916,path_B
1779104835,32,3,0.013258,core_s32_p3
1779104835,24,4,0.011210,s24_p4_edge
1779104835,24,1,0.011178,core_s24_p1
1779104835,24,2,0.011114,core_s24_p2
1779104835,24,3,0.011751,core_s24_p3
1779104835,25,1,0.015143,core_s25_p1
1779104835,25,4,0.013791,core_s25_p4
1779104835,25,2,0.014602,core_s25_p2
1779104835,25,3,0.014255,core_s25_p3
1779104835,9,4,0.013482,agg_s9_p4
1779104835,9,1,0.018072,path_A
1779104835,9,2,0.015209,agg_s9_p2
1779104835,9,3,0.014055,path_A
1779104835,1,4,0.516926,path_B
1779104835,1,1,0.015146,s1_p1_edge
1779104835,1,2,0.015146,s1_p2_edge
1779104835,1,3,0.029794,path_A
1779104835,20,4,0.009932,core_s20_p4
1779104835,20,1,0.011498,core_s20_p1
1779104835,20,2,0.011087,core_s20_p2
1779104835,20,3,0.010027,core_s20_p3
1779104835,22,1,0.015280,core_s22_p1
1779104835,22,4,0.013442,core_s22_p4
1779104835,22,2,0.015035,core_s22_p2
1779104835,22,3,0.013483,core_s22_p3
1779104835,3,4,0.014112,path_B
1779104835,3,1,0.014082,s3_p1_edge
1779104835,3,3,0.000043,path_A
1779104835,16,4,0.011627,path_B
1779104835,16,1,0.034187,path_B
1779104835,16,2,0.012882,agg_s16_p2
1779104835,16,3,0.011417,agg_s16_p3
1779104835,8,4,0.023341,edge_s8_p4
1779104835,8,1,0.010274,s8_p1_edge
1779104835,8,2,0.010274,s8_p2_edge
1779104835,8,3,0.023363,edge_s8_p3
1779104835,6,1,0.010412,s6_p1_edge
1779104835,6,4,0.005329,edge_s6_p4
1779104835,6,2,0.010412,s6_p2_edge
1779104835,6,3,0.010734,edge_s6_p3
1779104835,19,4,0.012699,core_s19_p4
1779104835,19,1,0.014475,core_s19_p1
1779104835,19,2,0.015004,core_s19_p2
1779104835,19,3,0.012812,core_s19_p3
1779104835,23,4,0.012645,core_s23_p4
1779104835,23,1,0.011427,path_A
1779104835,23,2,0.011799,path_A
1779104835,23,3,0.011529,core_s23_p3
1779104835,21,4,0.009596,s21_p4_edge
1779104835,21,1,0.010856,core_s21_p1
1779104835,21,2,0.010646,core_s21_p2
1779104835,21,3,0.009116,core_s21_p3
1779104835,24,4,0.017045,s24_p4_edge
1779104835,24,1,0.017820,core_s24_p1
1779104835,24,2,0.015931,core_s24_p2
1779104835,24,3,0.015980,core_s24_p3
1779104835,17,4,0.010005,core_s17_p4
1779104835,17,1,0.015947,path_A
1779104835,17,2,0.012096,core_s17_p2
1779104835,17,3,0.009839,path_A
1779104835,7,1,0.010224,s7_p1_edge
1779104835,7,4,0.068929,edge_s7_p4
1779104835,7,2,0.010224,s7_p2_edge
1779104835,7,3,0.034708,edge_s7_p3
1779104835,5,4,0.070323,edge_s5_p4
1779104835,5,1,0.009925,s5_p1_edge
1779104835,5,2,0.009925,s5_p2_edge
1779104835,5,3,0.005107,edge_s5_p3
1779104835,18,4,0.023210,path_B
1779104835,18,1,0.014132,path_B
1779104835,18,2,0.010470,core_s18_p2
1779104835,18,3,0.009048,core_s18_p3
1779104835,3,4,0.026762,path_B
1779104835,3,1,0.026762,s3_p1_edge
1779104835,20,4,0.011366,core_s20_p4
1779104835,20,1,0.013355,core_s20_p1
1779104835,20,2,0.013426,core_s20_p2
1779104835,20,3,0.011295,core_s20_p3
1779104835,32,1,0.026479,path_B
1779104835,32,4,0.010968,core_s32_p4
1779104835,32,2,0.011402,path_B
1779104835,32,3,0.010707,core_s32_p3
1779104835,4,4,0.005707,edge_s4_p4
1779104835,4,1,0.011080,s4_p1_edge
1779104835,4,2,0.011080,s4_p2_edge
1779104835,4,3,0.005405,edge_s4_p3
1779104835,9,4,0.009272,agg_s9_p4
1779104835,9,1,0.012720,path_A
1779104835,9,2,0.010959,agg_s9_p2
1779104835,9,3,0.009654,path_A
1779104835,1,4,0.560017,path_B
1779104835,1,1,0.013333,s1_p1_edge
1779104835,1,2,0.013333,s1_p2_edge
1779104835,1,3,0.025838,path_A
1779104835,22,1,0.013866,core_s22_p1
1779104835,22,4,0.011747,core_s22_p4
1779104835,22,2,0.013723,core_s22_p2
1779104835,22,3,0.012229,core_s22_p3
1779104835,18,4,0.075201,path_B
1779104835,18,1,0.046366,path_B
1779104835,18,2,0.034391,core_s18_p2
1779104835,18,3,0.028452,core_s18_p3
1779104835,21,4,0.014743,core_s21_p4
1779104835,21,1,0.016904,core_s21_p1
1779104835,21,2,0.017384,core_s21_p2
1779104835,21,3,0.015367,core_s21_p3
1779104835,2,1,0.010321,s2_p1_edge
1779104835,2,4,0.005311,edge_s2_p4
1779104835,2,2,0.010321,s2_p2_edge
1779104835,2,3,0.005010,edge_s2_p3
1779104835,25,1,0.009278,core_s25_p1
1779104835,25,4,0.008996,core_s25_p4
1779104835,25,2,0.008483,core_s25_p2
1779104835,25,3,0.008663,core_s25_p3
1779104835,23,4,0.013838,core_s23_p4
1779104835,23,1,0.014512,path_A
1779104835,23,2,0.013322,path_A
1779104835,23,3,0.013706,core_s23_p3
1779104835,16,4,0.010196,path_B
1779104835,16,1,0.028258,path_B
1779104835,16,2,0.011549,agg_s16_p2
1779104835,16,3,0.010416,agg_s16_p3
1779104835,24,4,0.012926,core_s24_p4
1779104835,24,1,0.012620,core_s24_p1
1779104835,24,2,0.012402,core_s24_p2
1779104835,24,3,0.013055,core_s24_p3
1779104835,19,4,0.008943,core_s19_p4
1779104835,19,1,0.010453,core_s19_p1
1779104835,19,2,0.010366,core_s19_p2
1779104835,19,3,0.009001,core_s19_p3
1779104835,20,4,0.013949,core_s20_p4
1779104835,20,1,0.015785,core_s20_p1
1779104835,20,2,0.015700,core_s20_p2
1779104835,20,3,0.013780,core_s20_p3
1779104835,9,4,0.014017,agg_s9_p4
1779104835,9,1,0.018793,path_A
1779104835,9,2,0.016115,agg_s9_p2
1779104835,9,3,0.014106,path_A
1779104835,22,1,0.019192,core_s22_p1
1779104835,22,4,0.017001,core_s22_p4
1779104835,22,2,0.019490,core_s22_p2
1779104835,22,3,0.016979,core_s22_p3
1779104835,3,4,0.015816,path_B
1779104835,3,1,0.015768,s3_p1_edge
1779104835,3,2,0.000049,s3_p2_edge
1779104835,8,4,0.033811,edge_s8_p4
1779104835,8,1,0.010294,s8_p1_edge
1779104835,8,2,0.010294,s8_p2_edge
1779104835,8,3,0.005169,edge_s8_p3
1779104835,6,1,0.010275,s6_p1_edge
1779104835,6,4,0.011217,edge_s6_p4
1779104835,6,2,0.010275,s6_p2_edge
1779104835,6,3,0.042214,edge_s6_p3
1779104835,23,4,0.018250,core_s23_p4
1779104835,23,1,0.019536,path_A
1779104835,23,2,0.017968,path_A
1779104835,23,3,0.019232,core_s23_p3
1779104840,25,1,0.016338,core_s25_p1
1779104840,25,4,0.014488,core_s25_p4
1779104840,25,2,0.014991,core_s25_p2
1779104840,25,3,0.014166,core_s25_p3
1779104840,21,4,0.011961,core_s21_p4
1779104840,21,1,0.013213,core_s21_p1
1779104840,21,2,0.013434,core_s21_p2
1779104840,21,3,0.012072,core_s21_p3
1779104840,19,4,0.016703,core_s19_p4
1779104840,19,1,0.019523,core_s19_p1
1779104840,19,2,0.019492,core_s19_p2
1779104840,19,3,0.016997,core_s19_p3
1779104840,7,1,0.010488,s7_p1_edge
1779104840,7,4,0.036808,edge_s7_p4
1779104840,7,2,0.010488,s7_p2_edge
1779104840,7,3,0.014912,edge_s7_p3
1779104840,1,4,0.553421,path_B
1779104840,1,1,0.012851,s1_p1_edge
1779104840,1,2,0.012851,s1_p2_edge
1779104840,1,3,0.021868,path_A
1779104840,5,4,0.005420,edge_s5_p4
1779104840,5,1,0.010820,s5_p1_edge
1779104840,5,2,0.010820,s5_p2_edge
1779104840,5,3,0.005432,edge_s5_p3
1779104840,18,4,0.022068,path_B
1779104840,18,1,0.013390,path_B
1779104840,18,2,0.010167,core_s18_p2
1779104840,18,3,0.008299,core_s18_p3
1779104840,17,4,0.005842,core_s17_p4
1779104840,17,1,0.009704,path_A
1779104840,17,2,0.007383,core_s17_p2
1779104840,17,3,0.006183,path_A
1779104840,16,4,0.011624,path_B
1779104840,16,1,0.032375,path_B
1779104840,16,2,0.013094,agg_s16_p2
1779104840,16,3,0.011453,agg_s16_p3
1779104840,20,4,0.016425,core_s20_p4
1779104840,20,1,0.018540,core_s20_p1
1779104840,20,2,0.018933,core_s20_p2
1779104840,20,3,0.016622,core_s20_p3
1779104840,4,4,0.005585,edge_s4_p4
1779104840,4,1,0.011296,s4_p1_edge
1779104840,4,2,0.011296,s4_p2_edge
1779104840,4,3,0.005678,edge_s4_p3
1779104840,2,1,0.012590,s2_p1_edge
1779104840,2,4,0.006334,edge_s2_p4
1779104840,2,2,0.012590,s2_p2_edge
1779104840,2,3,0.006256,edge_s2_p3
1779104840,24,4,0.010594,core_s24_p4
1779104840,24,1,0.010902,core_s24_p1
1779104840,24,2,0.010476,core_s24_p2
1779104840,24,3,0.010594,core_s24_p3
1779104840,9,4,0.011523,agg_s9_p4
1779104840,9,1,0.014395,path_A
1779104840,9,2,0.013159,agg_s9_p2
1779104840,9,3,0.012105,path_A
1779104840,3,4,0.017400,path_B
1779104840,3,1,0.017454,s3_p1_edge
1779104840,23,4,0.012335,core_s23_p4
1779104840,23,1,0.013006,path_A
1779104840,23,2,0.012201,path_A
1779104840,23,3,0.012503,core_s23_p3
1779104841,25,1,0.012938,core_s25_p1
1779104841,25,4,0.011806,core_s25_p4
1779104841,25,2,0.012183,core_s25_p2
1779104841,25,3,0.011668,core_s25_p3
1779104841,22,1,0.009516,core_s22_p1
1779104841,22,4,0.008022,core_s22_p4
1779104841,22,2,0.009254,core_s22_p2
1779104841,22,3,0.008206,core_s22_p3
1779104841,18,4,0.028879,path_B
1779104841,18,1,0.017823,path_B
1779104841,18,2,0.013259,core_s18_p2
1779104841,18,3,0.010859,core_s18_p3
1779104841,1,4,0.007766,path_B
1779104841,1,1,0.016850,s1_p1_edge
1779104841,1,2,0.016850,s1_p2_edge
1779104841,1,3,0.028865,path_A
1779104841,17,4,0.011110,core_s17_p4
1779104841,17,1,0.017287,path_A
1779104841,17,2,0.012625,core_s17_p2
1779104841,17,3,0.010838,path_A
1779104841,19,4,0.010295,core_s19_p4
1779104841,19,1,0.011459,core_s19_p1
1779104841,19,2,0.011602,core_s19_p2
1779104841,19,3,0.010125,core_s19_p3
1779104841,21,4,0.009960,core_s21_p4
1779104841,21,1,0.011442,core_s21_p1
1779104841,21,2,0.011472,core_s21_p2
1779104841,21,3,0.009765,core_s21_p3
1779104841,16,4,0.011827,path_B
1779104841,16,1,0.031140,path_B
1779104841,16,2,0.012489,agg_s16_p2
1779104841,16,3,0.011164,agg_s16_p3
1779104841,8,4,0.041815,edge_s8_p4
1779104841,8,1,0.010821,s8_p1_edge
1779104841,8,2,0.010821,s8_p2_edge
1779104841,8,3,0.014349,edge_s8_p3
1779104841,6,1,0.010800,s6_p1_edge
1779104841,6,4,0.005567,edge_s6_p4
1779104841,6,2,0.010800,s6_p2_edge
1779104841,6,3,0.005265,edge_s6_p3
1779104841,24,4,0.014900,core_s24_p4
1779104841,24,1,0.015752,core_s24_p1
1779104841,24,2,0.014755,core_s24_p2
1779104841,24,3,0.014755,core_s24_p3
1779104841,25,1,0.025117,core_s25_p1
1779104841,25,4,0.024354,core_s25_p4
1779104841,25,2,0.024717,core_s25_p2
1779104841,25,3,0.023849,core_s25_p3
1779104841,5,4,0.006180,edge_s5_p4
1779104841,5,1,0.012345,s5_p1_edge
1779104841,5,2,0.012345,s5_p2_edge
1779104841,5,3,0.006130,edge_s5_p3
1779104840,17,4,0.018818,core_s17_p4
1779104840,17,1,0.030924,path_A
1779104840,17,2,0.023107,core_s17_p2
1779104840,17,3,0.019924,path_A
1779104840,7,1,0.010366,s7_p1_edge
1779104840,7,4,0.070043,edge_s7_p4
1779104840,7,2,0.010366,s7_p2_edge
1779104840,7,3,0.031660,edge_s7_p3
1779104840,20,4,0.008017,core_s20_p4
1779104840,20,1,0.009193,core_s20_p1
1779104840,20,2,0.009193,core_s20_p2
1779104840,20,3,0.007806,core_s20_p3
1779104840,16,4,0.023991,path_B
1779104840,16,1,0.061383,path_B
1779104840,16,2,0.025000,agg_s16_p2
1779104840,16,3,0.021933,agg_s16_p3
1779104840,2,1,0.011905,s2_p1_edge
1779104840,2,4,0.005975,edge_s2_p4
1779104840,2,2,0.011905,s2_p2_edge
1779104840,2,3,0.005999,edge_s2_p3
1779104840,4,4,0.005520,edge_s4_p4
1779104840,4,1,0.010949,s4_p1_edge
1779104840,4,2,0.010949,s4_p2_edge
1779104840,4,3,0.005429,edge_s4_p3
1779104840,3,4,0.013863,path_B
1779104840,3,1,0.013863,s3_p1_edge
1779104840,23,4,0.011446,core_s23_p4
1779104840,23,1,0.012088,path_A
1779104840,23,2,0.011750,path_A
1779104840,23,3,0.010974,core_s23_p3
1779104840,9,4,0.008910,agg_s9_p4
1779104840,9,1,0.011448,path_A
1779104840,9,2,0.010021,agg_s9_p2
1779104840,9,3,0.008989,path_A
1779104840,1,4,0.009063,path_B
1779104840,1,1,0.018896,s1_p1_edge
1779104840,1,2,0.018896,s1_p2_edge
1779104840,1,3,0.032046,path_A
1779104840,21,4,0.014624,core_s21_p4
1779104840,21,1,0.016836,core_s21_p1
1779104840,21,2,0.016920,core_s21_p2
1779104840,21,3,0.015024,core_s21_p3
1779104840,19,4,0.012500,core_s19_p4
1779104840,19,1,0.014540,core_s19_p1
1779104840,19,2,0.014206,core_s19_p2
1779104840,19,3,0.012166,core_s19_p3
1779104840,24,4,0.016904,core_s24_p4
1779104840,24,1,0.017135,core_s24_p1
1779104840,24,2,0.016260,core_s24_p2
1779104840,24,3,0.018056,core_s24_p3
1779104840,18,4,0.024102,path_B
1779104840,18,1,0.014562,path_B
1779104840,18,2,0.010740,core_s18_p2
1779104840,18,3,0.009255,core_s18_p3
1779104840,22,1,0.010409,core_s22_p1
1779104840,22,4,0.009279,core_s22_p4
1779104840,22,2,0.010706,core_s22_p2
1779104840,22,3,0.009487,core_s22_p3
1779104840,17,4,0.013508,core_s17_p4
1779104840,17,1,0.021880,path_A
1779104840,17,2,0.015955,core_s17_p2
1779104840,17,3,0.014433,path_A
1779104840,3,4,0.025951,path_B
1779104840,3,1,0.025951,s3_p1_edge
1779104840,3,3,0.000077,path_A
1779104840,18,4,0.067043,path_B
1779104840,18,1,0.040540,path_B
1779104840,18,2,0.030165,core_s18_p2
1779104840,18,3,0.024585,core_s18_p3
1779104840,1,4,0.010003,path_B
1779104840,1,1,0.020614,s1_p1_edge
1779104840,1,2,0.020614,s1_p2_edge
1779104840,1,3,0.035820,path_A
1779104840,9,4,0.015114,agg_s9_p4
1779104840,9,1,0.020411,path_A
1779104840,9,2,0.017261,agg_s9_p2
1779104840,9,3,0.015047,path_A
1779104840,24,4,0.018104,core_s24_p4
1779104840,24,1,0.018417,core_s24_p1
1779104840,24,2,0.017217,core_s24_p2
1779104840,24,3,0.017895,core_s24_p3
1779104840,20,4,0.009505,core_s20_p4
1779104840,20,1,0.011205,core_s20_p1
1779104840,20,2,0.011428,core_s20_p2
1779104840,20,3,0.010330,core_s20_p3
1779104840,16,4,0.010096,path_B
1779104840,16,1,0.026972,path_B
1779104840,16,2,0.010995,agg_s16_p2
1779104840,16,3,0.009648,agg_s16_p3
1779104840,25,1,0.009687,core_s25_p1
1779104840,25,4,0.008691,core_s25_p4
1779104840,25,2,0.008397,core_s25_p2
1779104840,25,3,0.008759,core_s25_p3
1779104840,8,4,0.099797,edge_s8_p4
1779104840,8,1,0.010448,s8_p1_edge
1779104840,8,2,0.010448,s8_p2_edge
1779104840,8,3,0.005256,edge_s8_p3
1779104840,5,4,0.005935,edge_s5_p4
1779104840,5,1,0.012065,s5_p1_edge
1779104840,5,2,0.012065,s5_p2_edge
1779104840,5,3,0.006130,edge_s5_p3
1779104840,6,1,0.010129,s6_p1_edge
1779104840,6,4,0.004978,edge_s6_p4
1779104840,6,2,0.010129,s6_p2_edge
1779104840,6,3,0.005121,edge_s6_p3
1779104840,23,4,0.010052,core_s23_p4
1779104840,23,1,0.010730,path_A
1779104840,23,2,0.009905,path_A
1779104840,23,3,0.009934,core_s23_p3
1779104840,3,4,0.026751,path_B
1779104840,3,1,0.026751,s3_p1_edge
1779104840,7,1,0.010676,s7_p1_edge
1779104840,7,4,0.051611,edge_s7_p4
1779104840,7,2,0.010676,s7_p2_edge
1779104840,7,3,0.022163,edge_s7_p3
1779104840,22,1,0.011765,core_s22_p1
1779104840,22,4,0.010184,core_s22_p4
1779104840,22,2,0.011480,core_s22_p2
1779104840,22,3,0.010215,core_s22_p3
1779104840,4,4,0.005665,edge_s4_p4
1779104840,4,1,0.011353,s4_p1_edge
1779104840,4,2,0.011353,s4_p2_edge
1779104840,4,3,0.005721,edge_s4_p3
1779104840,19,4,0.009078,core_s19_p4
1779104840,19,1,0.010495,core_s19_p1
1779104840,19,2,0.010626,core_s19_p2
1779104840,19,3,0.009314,core_s19_p3
1779104840,2,1,0.010664,s2_p1_edge
1779104840,2,4,0.005424,edge_s2_p4
1779104840,2,2,0.010664,s2_p2_edge
1779104840,2,3,0.005209,edge_s2_p3
1779104840,17,4,0.009360,core_s17_p4
1779104840,17,1,0.014918,path_A
1779104840,17,2,0.011116,core_s17_p2
1779104840,17,3,0.009315,path_A
1779104840,1,4,0.008510,path_B
1779104840,1,1,0.017095,s1_p1_edge
1779104840,1,2,0.017095,s1_p2_edge
1779104840,1,3,0.031608,path_A
1779104840,16,4,0.015290,path_B
1779104840,16,1,0.040301,path_B
1779104840,16,2,0.016796,agg_s16_p2
1779104840,16,3,0.014194,agg_s16_p3
1779104840,32,1,0.031461,path_B
1779104840,32,4,0.013225,core_s32_p4
1779104840,32,2,0.013105,path_B
1779104840,32,3,0.012752,core_s32_p3
1779104840,20,4,0.011096,core_s20_p4
1779104840,20,1,0.013174,core_s20_p1
1779104840,20,2,0.012921,core_s20_p2
1779104840,20,3,0.011261,core_s20_p3
1779104840,18,4,0.019098,path_B
1779104840,18,1,0.011866,path_B
1779104840,18,2,0.008920,core_s18_p2
1779104840,18,3,0.007378,core_s18_p3
1779104840,24,4,0.009803,core_s24_p4
1779104840,24,1,0.010459,core_s24_p1
1779104840,24,2,0.009849,core_s24_p2
1779104840,24,3,0.009965,core_s24_p3
1779104840,23,4,0.011944,core_s23_p4
1779104840,23,1,0.012806,path_A
1779104840,23,2,0.012350,path_A
1779104840,23,3,0.011858,core_s23_p3
1779104840,22,1,0.013255,core_s22_p1
1779104840,22,4,0.011796,core_s22_p4
1779104840,22,2,0.013325,core_s22_p2
1779104840,22,3,0.011657,core_s22_p3
1779104840,3,4,0.012266,path_B
1779104840,3,1,0.012266,s3_p1_edge
1779104840,3,2,0.000039,s3_p2_edge
1779104840,8,4,0.062230,edge_s8_p4
1779104840,8,1,0.011407,s8_p1_edge
1779104840,8,2,0.011407,s8_p2_edge
1779104840,8,3,0.023992,edge_s8_p3
1779104840,1,4,0.009038,path_B
1779104840,1,1,0.018571,s1_p1_edge
1779104840,1,2,0.018571,s1_p2_edge
1779104840,1,3,0.030578,path_A
1779104840,5,4,0.014183,edge_s5_p4
1779104840,5,1,0.010699,s5_p1_edge
1779104840,5,2,0.010699,s5_p2_edge
1779104840,5,3,0.020670,edge_s5_p3
1779104840,6,1,0.011125,s6_p1_edge
1779104840,6,4,0.005473,edge_s6_p4
1779104840,6,2,0.011125,s6_p2_edge
1779104840,6,3,0.005653,s6_p3_edge
1779104840,17,4,0.009773,core_s17_p4
1779104840,17,1,0.015698,path_A
1779104840,17,2,0.011727,core_s17_p2
1779104840,17,3,0.009897,path_A
1779104840,20,4,0.012112,core_s20_p4
1779104840,20,1,0.014009,core_s20_p1
1779104840,20,2,0.013971,core_s20_p2
1779104840,20,3,0.011924,core_s20_p3
1779104840,4,4,0.005539,edge_s4_p4
1779104840,4,1,0.011475,s4_p1_edge
1779104840,4,2,0.011475,s4_p2_edge
1779104840,4,3,0.005935,edge_s4_p3
1779104840,7,1,0.010679,s7_p1_edge
1779104840,7,4,0.011546,edge_s7_p4
1779104840,7,2,0.010679,s7_p2_edge
1779104840,7,3,0.063859,edge_s7_p3
1779104840,32,1,0.025940,path_B
1779104840,32,4,0.010508,core_s32_p4
1779104840,32,2,0.010796,path_B
1779104840,32,3,0.010623,core_s32_p3
1779104840,18,4,0.025092,path_B
1779104840,18,1,0.015310,path_B
1779104840,18,2,0.011536,core_s18_p2
1779104840,18,3,0.009618,core_s18_p3
1779104840,16,4,0.008984,path_B
1779104840,16,1,0.024438,path_B
1779104840,16,2,0.009973,agg_s16_p2
1779104840,16,3,0.009091,agg_s16_p3
1779104840,24,4,0.011463,core_s24_p4
1779104840,24,1,0.011818,core_s24_p1
1779104840,24,2,0.011871,core_s24_p2
1779104840,24,3,0.012415,core_s24_p3
1779104845,2,1,0.010358,s2_p1_edge
1779104845,2,4,0.005341,edge_s2_p4
1779104845,2,2,0.010358,s2_p2_edge
1779104845,2,3,0.005017,edge_s2_p3
1779104845,8,4,0.222598,edge_s8_p4
1779104845,8,1,0.028607,s8_p1_edge
1779104845,8,2,0.028607,s8_p2_edge
1779104845,8,3,0.014125,edge_s8_p3
1779104845,22,1,0.017236,core_s22_p1
1779104845,22,4,0.015273,core_s22_p4
1779104845,22,2,0.017150,core_s22_p2
1779104845,22,3,0.014591,core_s22_p3
1779104845,23,4,0.009810,core_s23_p4
1779104845,23,1,0.010516,path_A
1779104845,23,2,0.010266,path_A
1779104845,23,3,0.010183,core_s23_p3
1779104845,18,4,0.045389,path_B
1779104845,18,1,0.028239,path_B
1779104845,18,2,0.021331,core_s18_p2
1779104845,18,3,0.017271,core_s18_p3
1779104845,3,4,0.013436,path_B
1779104845,3,1,0.013436,s3_p1_edge
1779104845,16,4,0.020599,path_B
1779104845,16,1,0.057188,path_B
1779104845,16,2,0.022761,agg_s16_p2
1779104845,16,3,0.020371,agg_s16_p3
1779104845,32,1,0.035041,path_B
1779104845,32,4,0.014732,core_s32_p4
1779104845,32,2,0.014370,path_B
1779104845,32,3,0.013755,core_s32_p3
1779104845,1,4,0.005683,path_B
1779104845,1,1,0.011633,s1_p1_edge
1779104845,1,2,0.011633,s1_p2_edge
1779104845,1,3,0.019696,path_A
1779104845,24,4,0.013207,core_s24_p4
1779104845,24,1,0.014206,core_s24_p1
1779104845,24,2,0.013334,core_s24_p2
1779104845,24,3,0.013482,core_s24_p3
1779104845,23,4,0.017532,core_s23_p4
1779104845,23,1,0.019020,path_A
1779104845,23,2,0.017765,path_A
1779104845,23,3,0.017858,core_s23_p3
1779104845,20,4,0.008669,core_s20_p4
1779104845,20,1,0.009824,core_s20_p1
1779104845,20,2,0.009593,core_s20_p2
1779104845,20,3,0.008695,core_s20_p3
1779104845,5,4,0.005144,edge_s5_p4
1779104845,5,1,0.010165,s5_p1_edge
1779104845,5,2,0.010165,s5_p2_edge
1779104845,5,3,0.005020,edge_s5_p3
1779104845,6,1,0.010051,s6_p1_edge
1779104845,6,4,0.019431,edge_s6_p4
1779104845,6,2,0.010051,s6_p2_edge
1779104845,6,3,0.013313,edge_s6_p3
1779104845,3,4,0.019866,path_B
1779104845,3,1,0.019866,s3_p1_edge
1779104845,4,4,0.005343,edge_s4_p4
1779104845,4,1,0.010865,s4_p1_edge
1779104845,4,2,0.010865,s4_p2_edge
1779104845,4,3,0.005554,edge_s4_p3
1779104845,18,4,0.026372,path_B
1779104845,18,1,0.016079,path_B
1779104845,18,2,0.012008,core_s18_p2
1779104845,18,3,0.009889,core_s18_p3
1779104845,7,1,0.010135,s7_p1_edge
1779104845,7,4,0.065693,edge_s7_p4
1779104845,7,2,0.010135,s7_p2_edge
1779104845,7,3,0.016085,edge_s7_p3
1779104845,2,1,0.010407,s2_p1_edge
1779104845,2,4,0.005214,edge_s2_p4
1779104845,2,2,0.010407,s2_p2_edge
1779104845,2,3,0.005193,edge_s2_p3
1779104845,8,4,0.083530,edge_s8_p4
1779104845,8,1,0.010444,s8_p1_edge
1779104845,8,2,0.010444,s8_p2_edge
1779104845,8,3,0.044051,edge_s8_p3
1779104845,1,4,0.009192,path_B
1779104845,1,1,0.017903,s1_p1_edge
1779104845,1,2,0.017903,s1_p2_edge
1779104845,1,3,0.029088,path_A
1779104845,24,4,0.013538,core_s24_p4
1779104845,24,1,0.014687,core_s24_p1
1779104845,24,2,0.013574,core_s24_p2
1779104845,24,3,0.013933,core_s24_p3
1779104845,20,4,0.014600,core_s20_p4
1779104845,20,1,0.016620,core_s20_p1
1779104845,20,2,0.016662,core_s20_p2
1779104845,20,3,0.014658,core_s20_p3
1779104845,4,4,0.014022,edge_s4_p4
1779104845,4,1,0.028913,s4_p1_edge
1779104845,4,2,0.028913,s4_p2_edge
1779104845,4,3,0.014805,edge_s4_p3
1779104845,21,4,0.010904,core_s21_p4
1779104845,21,1,0.012668,core_s21_p1
1779104845,21,2,0.012629,core_s21_p2
1779104845,21,3,0.010949,core_s21_p3
1779104845,3,4,0.014914,path_B
1779104845,3,1,0.014914,s3_p1_edge
1779104845,3,3,0.000042,path_A
1779104845,4,4,0.010718,edge_s4_p4
1779104845,4,1,0.021953,s4_p1_edge
1779104845,4,2,0.021953,s4_p2_edge
1779104845,4,3,0.011235,edge_s4_p3
1779104845,1,4,0.008804,path_B
1779104845,1,1,0.017574,s1_p1_edge
1779104845,1,2,0.017574,s1_p2_edge
1779104845,1,3,0.028535,path_A
1779104845,25,1,0.015143,core_s25_p1
1779104845,25,4,0.013257,core_s25_p4
1779104845,25,2,0.013322,core_s25_p2
1779104845,25,3,0.013235,core_s25_p3
1779104845,6,1,0.010421,s6_p1_edge
1779104845,6,4,0.005274,edge_s6_p4
1779104845,6,2,0.010421,s6_p2_edge
1779104845,6,3,0.007434,edge_s6_p3
1779104845,5,4,0.005158,edge_s5_p4
1779104845,5,1,0.010256,s5_p1_edge
1779104845,5,2,0.010256,s5_p2_edge
1779104845,5,3,0.005128,edge_s5_p3
1779104845,9,4,0.011370,agg_s9_p4
1779104845,9,1,0.015331,path_A
1779104845,9,2,0.012904,agg_s9_p2
1779104845,9,3,0.011340,path_A
1779104845,18,4,0.017636,path_B
1779104845,18,1,0.010534,path_B
1779104845,18,2,0.007732,core_s18_p2
1779104845,18,3,0.006494,core_s18_p3
1779104845,7,1,0.010570,s7_p1_edge
1779104845,7,4,0.086083,edge_s7_p4
1779104845,7,2,0.010570,s7_p2_edge
1779104845,7,3,0.018829,edge_s7_p3
1779104845,1,4,0.020624,path_B
1779104845,1,1,0.040258,s1_p1_edge
1779104845,1,2,0.040387,s1_p2_edge
1779104845,1,3,0.066556,path_A
1779104845,19,4,0.012118,core_s19_p4
1779104845,19,1,0.014022,core_s19_p1
1779104845,19,2,0.013980,core_s19_p2
1779104845,19,3,0.012354,core_s19_p3
1779104845,2,1,0.010336,s2_p1_edge
1779104845,2,4,0.005136,edge_s2_p4
1779104845,2,2,0.010336,s2_p2_edge
1779104845,2,3,0.005230,edge_s2_p3
1779104845,8,4,0.066086,edge_s8_p4
1779104845,8,1,0.010249,s8_p1_edge
1779104845,8,2,0.010249,s8_p2_edge
1779104845,8,3,0.041100,edge_s8_p3
1779104845,21,4,0.010375,core_s21_p4
1779104845,21,1,0.011823,core_s21_p1
1779104845,21,2,0.011528,core_s21_p2
1779104845,21,3,0.009991,core_s21_p3
1779104845,9,4,0.012628,agg_s9_p4
1779104845,9,1,0.016837,path_A
1779104845,9,2,0.014474,agg_s9_p2
1779104845,9,3,0.012923,path_A
1779104845,4,4,0.005528,edge_s4_p4
1779104845,4,1,0.011407,s4_p1_edge
1779104845,4,2,0.011407,s4_p2_edge
1779104845,4,3,0.005913,edge_s4_p3
1779104845,18,4,0.022715,path_B
1779104845,18,1,0.014179,path_B
1779104845,18,2,0.010669,core_s18_p2
1779104845,18,3,0.008740,core_s18_p3
1779104845,25,1,0.009751,core_s25_p1
1779104845,25,4,0.009085,core_s25_p4
1779104845,25,2,0.008871,core_s25_p2
1779104845,25,3,0.008752,core_s25_p3
1779104845,21,4,0.015374,core_s21_p4
1779104845,21,1,0.017589,core_s21_p1
1779104845,21,2,0.017589,core_s21_p2
1779104845,21,3,0.015916,core_s21_p3
1779104845,19,4,0.010538,core_s19_p4
1779104845,19,1,0.011874,core_s19_p1
1779104845,19,2,0.011995,core_s19_p2
1779104845,19,3,0.010325,core_s19_p3
1779104845,5,4,0.013091,edge_s5_p4
1779104845,5,1,0.010720,s5_p1_edge
1779104845,5,2,0.010720,s5_p2_edge
1779104845,5,3,0.046672,edge_s5_p3
1779104845,6,1,0.010326,s6_p1_edge
1779104845,6,4,0.005088,edge_s6_p4
1779104845,6,2,0.010326,s6_p2_edge
1779104845,6,3,0.018869,edge_s6_p3
1779104845,1,4,0.005275,path_B
1779104845,1,1,0.010817,s1_p1_edge
1779104845,1,2,0.010784,s1_p2_edge
1779104845,1,3,0.017488,path_A
1779104845,7,1,0.010434,s7_p1_edge
1779104845,7,4,0.144888,edge_s7_p4
1779104845,7,2,0.010434,s7_p2_edge
1779104845,7,3,0.012131,edge_s7_p3
1779104845,17,4,0.010186,core_s17_p4
1779104845,17,1,0.016316,path_A
1779104845,17,2,0.012142,core_s17_p2
1779104845,17,3,0.010313,path_A
1779104845,9,4,0.013882,agg_s9_p4
1779104845,9,1,0.017434,path_A
1779104845,9,2,0.016102,agg_s9_p2
1779104845,9,3,0.013842,path_A
1779104845,2,1,0.010706,s2_p1_edge
1779104845,2,4,0.005297,edge_s2_p4
1779104845,2,2,0.010706,s2_p2_edge
1779104845,2,3,0.005440,edge_s2_p3
1779104845,8,4,0.033725,edge_s8_p4
1779104845,8,1,0.010602,s8_p1_edge
1779104845,8,2,0.010602,s8_p2_edge
1779104845,8,3,0.039197,edge_s8_p3
1779104845,18,4,0.029004,path_B
1779104845,18,1,0.017615,path_B
1779104845,18,2,0.013320,core_s18_p2
1779104845,18,3,0.010719,core_s18_p3
1779104845,22,1,0.013577,core_s22_p1
1779104845,22,4,0.011993,core_s22_p4
1779104845,22,2,0.013646,core_s22_p2
1779104845,22,3,0.011694,core_s22_p3
1779104845,19,4,0.016701,core_s19_p4
1779104845,19,1,0.018460,core_s19_p1
1779104845,19,2,0.018650,core_s19_p2
1779104845,19,3,0.016606,s19_p3_edge
1779104850,25,1,0.013525,core_s25_p1
1779104850,25,4,0.011772,core_s25_p4
1779104850,25,2,0.012015,core_s25_p2
1779104850,25,3,0.012112,core_s25_p3
1779104850,1,4,0.011542,path_B
1779104850,1,1,0.023830,s1_p1_edge
1779104850,1,2,0.023830,s1_p2_edge
1779104850,1,3,0.038606,path_A
1779104850,5,4,0.009040,edge_s5_p4
1779104850,5,1,0.018231,s5_p1_edge
1779104850,5,2,0.018231,s5_p2_edge
1779104850,5,3,0.122735,edge_s5_p3
1779104850,4,4,0.005187,edge_s4_p4
1779104850,4,1,0.010962,s4_p1_edge
1779104850,4,2,0.010962,s4_p2_edge
1779104850,4,3,0.005775,edge_s4_p3
1779104850,17,4,0.013098,core_s17_p4
1779104850,17,1,0.020880,path_A
1779104850,17,2,0.015692,core_s17_p2
1779104850,17,3,0.012971,path_A
1779104850,18,4,0.039870,path_B
1779104850,18,1,0.024227,path_B
1779104850,18,2,0.018013,core_s18_p2
1779104850,18,3,0.014800,core_s18_p3
1779104850,32,1,0.030065,path_B
1779104850,32,4,0.012532,core_s32_p4
1779104850,32,2,0.012678,path_B
1779104850,32,3,0.012614,core_s32_p3
1779104850,6,1,0.010691,s6_p1_edge
1779104850,6,4,0.045814,edge_s6_p4
1779104850,6,2,0.010691,s6_p2_edge
1779104850,6,3,0.091476,edge_s6_p3
1779104850,1,4,0.009925,path_B
1779104850,1,1,0.019855,s1_p1_edge
1779104850,1,2,0.019855,s1_p2_edge
1779104850,1,3,0.033852,path_A
1779104850,22,1,0.011681,core_s22_p1
1779104850,22,4,0.010527,core_s22_p4
1779104850,22,2,0.011415,core_s22_p2
1779104850,22,3,0.010025,core_s22_p3
1779104850,16,4,0.010678,path_B
1779104850,16,1,0.029580,path_B
1779104850,16,2,0.011541,agg_s16_p2
1779104850,16,3,0.010358,agg_s16_p3
1779104850,7,1,0.010601,s7_p1_edge
1779104850,7,4,0.074109,edge_s7_p4
1779104850,7,2,0.010601,s7_p2_edge
1779104850,7,3,0.021601,edge_s7_p3
1779104850,2,1,0.010678,s2_p1_edge
1779104850,2,4,0.005245,edge_s2_p4
1779104850,2,2,0.010678,s2_p2_edge
1779104850,2,3,0.005401,edge_s2_p3
1779104850,8,4,0.005326,edge_s8_p4
1779104850,8,1,0.010629,s8_p1_edge
1779104850,8,2,0.010629,s8_p2_edge
1779104850,8,3,0.021280,edge_s8_p3
1779104850,17,4,0.011404,core_s17_p4
1779104850,17,1,0.018046,path_A
1779104850,17,2,0.013433,core_s17_p2
1779104850,17,3,0.011256,path_A
1779104850,18,4,0.033372,path_B
1779104850,18,1,0.020141,path_B
1779104850,18,2,0.014958,core_s18_p2
1779104850,18,3,0.012346,core_s18_p3
1779104850,4,4,0.007645,edge_s4_p4
1779104850,4,1,0.015604,s4_p1_edge
1779104850,4,2,0.015604,s4_p2_edge
1779104850,4,3,0.008008,edge_s4_p3
1779104850,4,4,1.000000,edge_s4_p4
1779104850,4,1,1.000000,s4_p1_edge
1779104850,4,2,1.000000,s4_p2_edge
1779104850,4,3,1.000000,edge_s4_p3
1779104850,20,4,0.012427,core_s20_p4
1779104850,20,1,0.014194,core_s20_p1
1779104850,20,2,0.014143,core_s20_p2
1779104850,20,3,0.012456,core_s20_p3
1779104850,23,4,0.010866,core_s23_p4
1779104850,23,1,0.012016,path_A
1779104850,23,2,0.011257,path_A
1779104850,23,3,0.011047,core_s23_p3
1779104851,5,4,0.012996,edge_s5_p4
1779104851,5,1,0.010144,s5_p1_edge
1779104851,5,2,0.010144,s5_p2_edge
1779104851,5,3,0.024576,edge_s5_p3
1779104851,23,4,0.044924,core_s23_p4
1779104851,23,1,0.048740,path_A
1779104851,23,2,0.045786,path_A
1779104851,23,3,0.045416,core_s23_p3
1779104851,32,1,0.026685,path_B
1779104851,32,4,0.011009,core_s32_p4
1779104851,32,2,0.010979,path_B
1779104851,32,3,0.011812,core_s32_p3
1779104851,3,4,0.018235,path_B
1779104851,3,1,0.018235,s3_p1_edge
1779104851,3,2,0.000011,s3_p2_edge
1779104851,3,3,0.000011,path_A
1779104851,24,4,0.011808,core_s24_p4
1779104851,24,1,0.012953,core_s24_p1
1779104851,24,2,0.012099,core_s24_p2
1779104851,24,3,0.012086,core_s24_p3
1779104852,16,4,0.011547,path_B
1779104852,16,1,0.033117,path_B
1779104852,16,2,0.012777,agg_s16_p2
1779104852,16,3,0.011547,agg_s16_p3
1779104852,22,1,0.010790,core_s22_p1
1779104852,22,4,0.009050,core_s22_p4
1779104852,22,2,0.010763,core_s22_p2
1779104852,22,3,0.009431,core_s22_p3
1779104852,6,1,0.010279,s6_p1_edge
1779104852,6,4,0.036062,edge_s6_p4
1779104852,6,2,0.010279,s6_p2_edge
1779104852,6,3,0.071383,edge_s6_p3
1779104852,20,4,0.011421,core_s20_p4
1779104852,20,1,0.012918,core_s20_p1
1779104852,20,2,0.012885,core_s20_p2
1779104852,20,3,0.010705,core_s20_p3
1779104852,4,4,0.006247,edge_s4_p4
1779104852,4,1,0.013204,s4_p1_edge
1779104852,4,2,0.013204,s4_p2_edge
1779104852,4,3,0.006998,edge_s4_p3
1779104852,18,4,0.023318,path_B
1779104852,18,1,0.014251,path_B
1779104852,18,2,0.010710,core_s18_p2
1779104852,18,3,0.008755,core_s18_p3
1779104850,7,1,0.010291,s7_p1_edge
1779104850,7,4,0.055330,edge_s7_p4
1779104850,7,2,0.010291,s7_p2_edge
1779104850,7,3,0.026660,edge_s7_p3
1779104850,2,1,0.010081,s2_p1_edge
1779104850,2,4,0.004900,edge_s2_p4
1779104850,2,2,0.010081,s2_p2_edge
1779104850,2,3,0.005181,edge_s2_p3
1779104850,16,4,0.015933,path_B
1779104850,16,1,0.047008,path_B
1779104850,16,2,0.018030,agg_s16_p2
1779104850,16,3,0.016259,agg_s16_p3
1779104850,8,4,0.052443,edge_s8_p4
1779104850,8,1,0.010079,s8_p1_edge
1779104850,8,2,0.010079,s8_p2_edge
1779104850,8,3,0.058637,edge_s8_p3
1779104850,23,4,0.012394,core_s23_p4
1779104850,23,1,0.012811,path_A
1779104850,23,2,0.012712,path_A
1779104850,23,3,0.011816,core_s23_p3
1779104850,8,4,0.164413,edge_s8_p4
1779104850,8,1,0.043072,s8_p1_edge
1779104850,8,2,0.043072,s8_p2_edge
1779104850,8,3,0.212209,edge_s8_p3
1779104850,24,4,0.009932,core_s24_p4
1779104850,24,1,0.010330,core_s24_p1
1779104850,24,2,0.009694,core_s24_p2
1779104850,24,3,0.009906,core_s24_p3
1779104850,3,4,0.012564,path_B
1779104850,3,1,0.012564,s3_p1_edge
1779104850,3,2,0.000036,s3_p2_edge
1779104850,5,4,0.055080,edge_s5_p4
1779104850,5,1,0.010647,s5_p1_edge
1779104850,5,2,0.010647,s5_p2_edge
1779104850,5,3,0.026695,edge_s5_p3
1779104850,20,4,0.011305,core_s20_p4
1779104850,20,1,0.012475,core_s20_p1
1779104850,20,2,0.012412,core_s20_p2
1779104850,20,3,0.010627,core_s20_p3
1779104850,4,4,0.005483,edge_s4_p4
1779104850,4,1,0.011191,s4_p1_edge
1779104850,4,2,0.011191,s4_p2_edge
1779104850,4,3,0.005708,edge_s4_p3
1779104850,6,1,0.010066,s6_p1_edge
1779104850,6,4,0.015067,edge_s6_p4
1779104850,6,2,0.010066,s6_p2_edge
1779104850,6,3,0.067164,edge_s6_p3
1779104850,3,4,0.020692,path_B
1779104850,3,1,0.020692,s3_p1_edge
1779104850,24,4,0.013791,core_s24_p4
1779104850,24,1,0.014486,core_s24_p1
1779104850,24,2,0.014394,core_s24_p2
1779104850,24,3,0.013904,core_s24_p3
1779104850,21,4,0.011451,core_s21_p4
1779104850,21,1,0.013190,core_s21_p1
1779104850,21,2,0.013035,core_s21_p2
1779104850,21,3,0.011753,core_s21_p3
1779104850,7,1,0.010563,s7_p1_edge
1779104850,7,4,0.005270,edge_s7_p4
1779104850,7,2,0.010563,s7_p2_edge
1779104850,7,3,0.039428,edge_s7_p3
1779104850,2,1,0.010375,s2_p1_edge
1779104850,2,4,0.005262,edge_s2_p4
1779104850,2,2,0.010375,s2_p2_edge
1779104850,2,3,0.005113,edge_s2_p3
1779104850,8,4,0.023013,edge_s8_p4
1779104850,8,1,0.010958,s8_p1_edge
1779104850,8,2,0.010958,s8_p2_edge
1779104850,8,3,0.021047,edge_s8_p3
1779104850,5,4,0.005122,edge_s5_p4
1779104850,5,1,0.009972,s5_p1_edge
1779104850,5,2,0.010004,s5_p2_edge
1779104850,5,3,0.072552,edge_s5_p3
1779104850,9,4,0.010991,agg_s9_p4
1779104850,9,1,0.014557,path_A
1779104850,9,2,0.012558,agg_s9_p2
1779104850,9,3,0.011011,path_A
1779104855,25,1,0.013740,core_s25_p1
1779104855,25,4,0.012643,core_s25_p4
1779104855,25,2,0.012972,core_s25_p2
1779104855,25,3,0.012492,core_s25_p3
1779104855,21,4,0.011131,core_s21_p4
1779104855,21,1,0.012765,core_s21_p1
1779104855,21,2,0.012426,core_s21_p2
1779104855,21,3,0.010946,core_s21_p3
1779104855,4,4,0.005193,edge_s4_p4
1779104855,4,1,0.010435,s4_p1_edge
1779104855,4,2,0.010435,s4_p2_edge
1779104855,4,3,0.005275,edge_s4_p3
1779104855,19,4,0.010509,core_s19_p4
1779104855,19,1,0.011954,core_s19_p1
1779104855,19,2,0.012027,core_s19_p2
1779104855,19,3,0.010521,core_s19_p3
1779104855,6,1,0.010181,s6_p1_edge
1779104855,6,4,0.005112,edge_s6_p4
1779104855,6,2,0.010181,s6_p2_edge
1779104855,6,3,0.147605,edge_s6_p3
1779104855,2,1,0.009389,s2_p1_edge
1779104855,2,4,0.004673,edge_s2_p4
1779104855,2,2,0.009389,s2_p2_edge
1779104855,2,3,0.004747,edge_s2_p3
1779104855,7,1,0.009411,s7_p1_edge
1779104855,7,4,0.029421,edge_s7_p4
1779104855,7,2,0.009411,s7_p2_edge
1779104855,7,3,0.146117,edge_s7_p3
1779104855,9,4,0.011491,agg_s9_p4
1779104855,9,1,0.014572,path_A
1779104855,9,2,0.013256,agg_s9_p2
1779104855,9,3,0.011587,path_A
1779104855,4,4,0.011049,edge_s4_p4
1779104855,4,1,0.022024,s4_p1_edge
1779104855,4,2,0.022024,s4_p2_edge
1779104855,4,3,0.010908,edge_s4_p3
1779104855,8,4,0.035335,edge_s8_p4
1779104855,8,1,0.009870,s8_p1_edge
1779104855,8,2,0.009870,s8_p2_edge
1779104855,8,3,0.075269,edge_s8_p3
1779104855,5,4,0.004949,edge_s5_p4
1779104855,5,1,0.009972,s5_p1_edge
1779104855,5,2,0.009941,s5_p2_edge
1779104855,5,3,0.035735,edge_s5_p3
1779104855,19,4,0.013008,core_s19_p4
1779104855,19,1,0.014856,core_s19_p1
1779104855,19,2,0.014747,core_s19_p2
1779104855,19,3,0.012936,core_s19_p3
1779104855,25,1,0.009798,core_s25_p1
1779104855,25,4,0.009090,core_s25_p4
1779104855,25,2,0.009581,core_s25_p2
1779104855,25,3,0.009221,core_s25_p3
1779104855,4,4,0.021617,edge_s4_p4
1779104855,4,1,0.043144,s4_p1_edge
1779104855,4,2,0.043144,s4_p2_edge
1779104855,4,3,0.021527,edge_s4_p3
1779104855,1,4,0.007238,path_B
1779104855,1,1,0.014368,s1_p1_edge
1779104855,1,2,0.014368,s1_p2_edge
1779104855,1,3,0.024735,path_A
1779104855,17,4,0.009237,core_s17_p4
1779104855,17,1,0.014796,path_A
1779104855,17,2,0.011072,core_s17_p2
1779104855,17,3,0.009300,path_A
1779104855,32,1,0.029297,path_B
1779104855,32,4,0.012257,core_s32_p4
1779104855,32,2,0.012474,path_B
1779104855,32,3,0.012395,core_s32_p3
1779104855,6,1,0.010224,s6_p1_edge
1779104855,6,4,0.005176,edge_s6_p4
1779104855,6,2,0.010224,s6_p2_edge
1779104855,6,3,0.090036,edge_s6_p3
1779104855,2,1,0.010746,s2_p1_edge
1779104855,2,4,0.005466,edge_s2_p4
1779104855,2,2,0.010746,s2_p2_edge
1779104855,2,3,0.005314,edge_s2_p3
1779104855,22,1,0.012946,core_s22_p1
1779104855,22,4,0.011445,core_s22_p4
1779104855,22,2,0.012822,core_s22_p2
1779104855,22,3,0.011196,core_s22_p3
1779104855,7,1,0.010471,s7_p1_edge
1779104855,7,4,0.017575,edge_s7_p4
1779104855,7,2,0.010501,s7_p2_edge
1779104855,7,3,0.073454,edge_s7_p3
1779104855,1,4,0.009102,path_B
1779104855,1,1,0.018168,s1_p1_edge
1779104855,1,2,0.018168,s1_p2_edge
1779104855,1,3,0.031023,path_A
1779104855,8,4,0.005306,edge_s8_p4
1779104855,8,1,0.010321,s8_p1_edge
1779104855,8,2,0.010321,s8_p2_edge
1779104855,8,3,0.005015,edge_s8_p3
1779104855,5,4,0.005003,edge_s5_p4
1779104855,5,1,0.010028,s5_p1_edge
1779104855,5,2,0.010028,s5_p2_edge
1779104855,5,3,0.005056,edge_s5_p3
1779104855,4,4,0.005384,edge_s4_p4
1779104855,4,1,0.010880,s4_p1_edge
1779104855,4,2,0.010880,s4_p2_edge
1779104855,4,3,0.005528,edge_s4_p3
1779104855,1,4,0.023810,path_B
1779104855,1,1,0.047759,s1_p1_edge
1779104855,1,2,0.047759,s1_p2_edge
1779104855,1,3,0.083336,path_A
1779104855,17,4,0.009940,core_s17_p4
1779104855,17,1,0.015748,path_A
1779104855,17,2,0.011691,core_s17_p2
1779104855,17,3,0.009865,path_A
1779104855,23,4,0.011874,core_s23_p4
1779104855,23,1,0.012581,path_A
1779104855,23,2,0.011810,path_A
1779104855,23,3,0.011766,core_s23_p3
1779104855,16,4,0.010854,path_B
1779104855,16,1,0.030002,path_B
1779104855,16,2,0.012191,agg_s16_p2
1779104855,16,3,0.010866,agg_s16_p3
1779104855,18,4,0.023659,path_B
1779104855,18,1,0.014300,path_B
1779104855,18,2,0.010615,core_s18_p2
1779104855,18,3,0.008648,core_s18_p3
1779104855,22,1,0.015593,core_s22_p1
1779104855,22,4,0.013689,core_s22_p4
1779104855,22,2,0.015669,core_s22_p2
1779104855,22,3,0.013651,core_s22_p3
1779104855,6,1,0.010576,s6_p1_edge
1779104855,6,4,0.015375,edge_s6_p4
1779104855,6,2,0.010576,s6_p2_edge
1779104855,6,3,0.022877,edge_s6_p3
1779104855,2,1,0.010336,s2_p1_edge
1779104855,2,4,0.005219,edge_s2_p4
1779104855,2,2,0.010336,s2_p2_edge
1779104855,2,3,0.005085,edge_s2_p3
1779104855,7,1,0.010307,s7_p1_edge
1779104855,7,4,0.005124,edge_s7_p4
1779104855,7,2,0.010273,s7_p2_edge
1779104855,7,3,0.108618,edge_s7_p3
1779104855,5,4,0.006952,edge_s5_p4
1779104855,5,1,0.013903,s5_p1_edge
1779104855,5,2,0.013903,s5_p2_edge
1779104855,5,3,0.006952,edge_s5_p3
1779104855,24,4,0.012817,core_s24_p4
1779104855,24,1,0.013793,core_s24_p1
1779104855,24,2,0.013040,core_s24_p2
1779104855,24,3,0.013005,core_s24_p3
1779104855,8,4,0.005176,edge_s8_p4
1779104855,8,1,0.010396,s8_p1_edge
1779104855,8,2,0.010396,s8_p2_edge
1779104855,8,3,0.005220,edge_s8_p3
1779104855,23,4,0.012535,core_s23_p4
1779104855,23,1,0.012937,path_A
1779104855,23,2,0.012549,path_A
1779104855,23,3,0.012355,core_s23_p3
1779104855,20,4,0.010247,core_s20_p4
1779104855,20,1,0.011868,core_s20_p1
1779104855,20,2,0.011736,core_s20_p2
1779104855,20,3,0.010283,core_s20_p3
1779104855,4,4,0.005449,edge_s4_p4
1779104855,4,1,0.011046,s4_p1_edge
1779104855,4,2,0.011046,s4_p2_edge
1779104855,4,3,0.005597,edge_s4_p3
1779104855,18,4,0.021733,path_B
1779104855,18,1,0.013448,path_B
1779104855,18,2,0.010002,core_s18_p2
1779104855,18,3,0.008503,core_s18_p3
1779104855,18,4,0.120853,path_B
1779104855,18,1,0.072808,path_B
1779104855,18,2,0.054273,core_s18_p2
1779104855,18,3,0.043448,core_s18_p3
1779104855,16,4,0.007774,path_B
1779104855,16,1,0.020968,path_B
1779104855,16,2,0.008767,agg_s16_p2
1779104855,16,3,0.007731,agg_s16_p3
1779104855,3,4,0.014498,path_B
1779104855,3,1,0.014498,s3_p1_edge
1779104855,3,2,0.000008,s3_p2_edge
1779104855,3,3,0.000008,path_A
1779104855,20,4,0.019083,s20_p4_edge
1779104855,20,1,0.021945,core_s20_p1
1779104855,20,2,0.021521,core_s20_p2
1779104855,20,3,0.018712,core_s20_p3
1779104855,24,4,0.013220,core_s24_p4
1779104855,24,1,0.013622,core_s24_p1
1779104855,24,2,0.013033,core_s24_p2
1779104855,24,3,0.012496,core_s24_p3
1779104860,6,1,0.009999,s6_p1_edge
1779104860,6,4,0.004913,edge_s6_p4
1779104860,6,2,0.009999,s6_p2_edge
1779104860,6,3,0.005117,edge_s6_p3
1779104860,21,4,0.012027,core_s21_p4
1779104860,21,1,0.013591,core_s21_p1
1779104860,21,2,0.013536,core_s21_p2
1779104860,21,3,0.012013,core_s21_p3
1779104860,2,1,0.010371,s2_p1_edge
1779104860,2,4,0.005430,edge_s2_p4
1779104860,2,2,0.010371,s2_p2_edge
1779104860,2,3,0.004941,edge_s2_p3
1779104860,7,1,0.010398,s7_p1_edge
1779104860,7,4,0.039788,edge_s7_p4
1779104860,7,2,0.010398,s7_p2_edge
1779104860,7,3,0.094021,edge_s7_p3
1779104860,5,4,0.005106,edge_s5_p4
1779104860,5,1,0.010330,s5_p1_edge
1779104860,5,2,0.010330,s5_p2_edge
1779104860,5,3,0.005257,edge_s5_p3
1779104860,8,4,0.005172,edge_s8_p4
1779104860,8,1,0.010087,s8_p1_edge
1779104860,8,2,0.010087,s8_p2_edge
1779104860,8,3,0.004947,edge_s8_p3
1779104860,4,4,0.005545,edge_s4_p4
1779104860,4,1,0.011144,s4_p1_edge
1779104860,4,2,0.011144,s4_p2_edge
1779104860,4,3,0.005634,edge_s4_p3
1779104860,3,4,0.017933,path_B
1779104860,3,1,0.017933,s3_p1_edge
1779104860,9,4,0.011583,agg_s9_p4
1779104860,9,1,0.015120,path_A
1779104860,9,2,0.013275,agg_s9_p2
1779104860,9,3,0.011777,path_A
1779104860,25,1,0.013829,core_s25_p1
1779104860,25,4,0.013349,core_s25_p4
1779104860,25,2,0.013363,core_s25_p2
1779104860,25,3,0.013130,core_s25_p3
1779104860,6,1,0.010285,s6_p1_edge
1779104860,6,4,0.005209,edge_s6_p4
1779104860,6,2,0.010285,s6_p2_edge
1779104860,6,3,0.005076,edge_s6_p3
1779104860,19,4,0.011068,core_s19_p4
1779104860,19,1,0.012772,core_s19_p1
1779104860,19,2,0.012845,core_s19_p2
1779104860,19,3,0.011216,core_s19_p3
1779104860,2,1,0.010679,s2_p1_edge
1779104860,2,4,0.005543,edge_s2_p4
1779104860,2,2,0.010679,s2_p2_edge
1779104860,2,3,0.005136,edge_s2_p3
1779104860,7,1,0.010272,s7_p1_edge
1779104860,7,4,0.005147,edge_s7_p4
1779104860,7,2,0.010272,s7_p2_edge
1779104860,7,3,0.005125,edge_s7_p3
1779104860,5,4,0.005002,edge_s5_p4
1779104860,5,1,0.010035,s5_p1_edge
1779104860,5,2,0.010035,s5_p2_edge
1779104860,5,3,0.005002,edge_s5_p3
1779104860,4,4,0.005631,edge_s4_p4
1779104860,4,1,0.011396,s4_p1_edge
1779104860,4,2,0.011396,s4_p2_edge
1779104860,4,3,0.005730,edge_s4_p3
1779104860,8,4,0.005241,edge_s8_p4
1779104860,8,1,0.010436,s8_p1_edge
1779104860,8,2,0.010436,s8_p2_edge
1779104860,8,3,0.005195,edge_s8_p3
1779104860,8,4,0.213574,edge_s8_p4
1779104860,8,1,0.428990,s8_p1_edge
1779104860,8,2,0.428990,s8_p2_edge
1779104860,8,3,0.215415,edge_s8_p3
1779104860,32,1,0.028524,path_B
1779104860,32,4,0.011885,s32_p4_edge
1779104860,32,2,0.011923,path_B
1779104860,32,3,0.011720,s32_p3_edge
1779104860,8,4,0.034622,edge_s8_p4
1779104860,8,1,0.071019,s8_p1_edge
1779104860,8,2,0.071019,s8_p2_edge
1779104860,8,3,0.036397,edge_s8_p3
1779104860,6,1,0.010773,s6_p1_edge
1779104860,6,4,0.005445,edge_s6_p4
1779104860,6,2,0.010773,s6_p2_edge
1779104860,6,3,0.005362,edge_s6_p3
1779104860,22,1,0.013921,core_s22_p1
1779104860,22,4,0.012057,s22_p4_edge
1779104860,22,2,0.013928,core_s22_p2
1779104860,22,3,0.012071,core_s22_p3
1779104860,32,1,0.034858,path_B
1779104860,32,4,0.014551,s32_p4_edge
1779104860,32,2,0.015110,path_B
1779104860,32,3,0.014671,s32_p3_edge
1779104860,17,4,0.010064,core_s17_p4
1779104860,17,1,0.016155,path_A
1779104860,17,2,0.012229,core_s17_p2
1779104860,17,3,0.010025,path_A
1779104860,2,1,0.010210,s2_p1_edge
1779104860,2,4,0.005272,edge_s2_p4
1779104860,2,2,0.010210,s2_p2_edge
1779104860,2,3,0.005002,edge_s2_p3
1779104860,5,4,0.005344,edge_s5_p4
1779104860,5,1,0.010689,s5_p1_edge
1779104860,5,2,0.010689,s5_p2_edge
1779104860,5,3,0.005344,edge_s5_p3
1779104860,7,1,0.010383,s7_p1_edge
1779104860,7,4,0.005169,edge_s7_p4
1779104860,7,2,0.010383,s7_p2_edge
1779104860,7,3,0.005214,edge_s7_p3
1779104860,4,4,0.005592,edge_s4_p4
1779104860,4,1,0.011138,s4_p1_edge
1779104860,4,2,0.011138,s4_p2_edge
1779104860,4,3,0.005546,edge_s4_p3
1779104860,1,4,0.007167,path_B
1779104860,1,1,0.014384,s1_p1_edge
1779104860,1,2,0.014389,s1_p2_edge
1779104860,1,3,0.023628,path_A
1779104860,8,4,0.005283,edge_s8_p4
1779104860,8,1,0.010365,s8_p1_edge
1779104860,8,2,0.010365,s8_p2_edge
1779104860,8,3,0.005113,edge_s8_p3
1779104860,6,1,0.009964,s6_p1_edge
1779104860,6,4,0.005054,edge_s6_p4
1779104860,6,2,0.009964,s6_p2_edge
1779104860,6,3,0.004879,edge_s6_p3
1779104860,23,4,0.011664,core_s23_p4
1779104860,23,1,0.012371,path_A
1779104860,23,2,0.011820,path_A
1779104860,23,3,0.011645,core_s23_p3
1779104860,16,4,0.011774,path_B
1779104860,16,1,0.032645,path_B
1779104860,16,2,0.013474,agg_s16_p2
1779104860,16,3,0.011937,agg_s16_p3
1779104860,1,4,0.008582,path_B
1779104860,1,1,0.016421,s1_p1_edge
1779104860,1,2,0.016453,s1_p2_edge
1779104860,1,3,0.026326,path_A
1779104860,2,1,0.010230,s2_p1_edge
1779104860,2,4,0.005198,edge_s2_p4
1779104860,2,2,0.010230,s2_p2_edge
1779104860,2,3,0.005001,edge_s2_p3
1779104860,7,1,0.010367,s7_p1_edge
1779104860,7,4,0.005258,edge_s7_p4
1779104860,7,2,0.010367,s7_p2_edge
1779104860,7,3,0.005142,edge_s7_p3
1779104860,20,4,0.011452,s20_p4_edge
1779104860,20,1,0.013134,core_s20_p1
1779104860,20,2,0.013207,core_s20_p2
1779104860,20,3,0.011612,core_s20_p3
1779104860,5,4,0.005200,edge_s5_p4
1779104860,5,1,0.010314,s5_p1_edge
1779104860,5,2,0.010314,s5_p2_edge
1779104860,5,3,0.005145,edge_s5_p3
1779104860,4,4,0.005482,edge_s4_p4
1779104860,4,1,0.010920,s4_p1_edge
1779104860,4,2,0.010920,s4_p2_edge
1779104860,4,3,0.005469,edge_s4_p3
1779104865,21,4,0.011559,core_s21_p4
1779104865,21,1,0.013257,core_s21_p1
1779104865,21,2,0.013045,core_s21_p2
1779104865,21,3,0.011606,core_s21_p3
1779104865,8,4,0.005166,edge_s8_p4
1779104865,8,1,0.010424,s8_p1_edge
1779104865,8,2,0.010424,s8_p2_edge
1779104865,8,3,0.005259,edge_s8_p3
1779104865,18,4,0.023736,path_B
1779104865,18,1,0.014386,path_B
1779104865,18,2,0.010695,core_s18_p2
1779104865,18,3,0.008761,core_s18_p3
1779104865,24,4,0.011285,core_s24_p4
1779104865,24,1,0.011972,core_s24_p1
1779104865,24,2,0.011462,core_s24_p2
1779104865,24,3,0.011267,core_s24_p3
1779104865,3,4,0.017207,path_B
1779104865,3,1,0.017207,s3_p1_edge
1779104865,3,2,0.000010,s3_p2_edge
1779104865,3,3,0.000010,path_A
1779104865,9,4,0.012926,agg_s9_p4
1779104865,9,1,0.017625,path_A
1779104865,9,2,0.014696,agg_s9_p2
1779104865,9,3,0.012812,path_A
1779104865,6,1,0.010290,s6_p1_edge
1779104865,6,4,0.005167,edge_s6_p4
1779104865,6,2,0.010290,s6_p2_edge
1779104865,6,3,0.005123,edge_s6_p3
1779104865,25,1,0.013149,core_s25_p1
1779104865,25,4,0.012569,core_s25_p4
1779104865,25,2,0.012609,core_s25_p2
1779104865,25,3,0.012569,core_s25_p3
1779104865,2,1,0.010609,s2_p1_edge
1779104865,2,4,0.005670,edge_s2_p4
1779104865,2,2,0.010609,s2_p2_edge
1779104865,2,3,0.004939,edge_s2_p3
1779104865,7,1,0.010145,s7_p1_edge
1779104865,7,4,0.005039,edge_s7_p4
1779104865,7,2,0.010145,s7_p2_edge
1779104865,7,3,0.005106,edge_s7_p3
1779104865,18,4,0.026726,path_B
1779104865,18,1,0.016462,path_B
1779104865,18,2,0.012330,core_s18_p2
1779104865,18,3,0.009941,core_s18_p3
1779104865,5,4,0.005178,edge_s5_p4
1779104865,5,1,0.010441,s5_p1_edge
1779104865,5,2,0.010441,s5_p2_edge
1779104865,5,3,0.005264,edge_s5_p3
1779104865,9,4,0.011724,agg_s9_p4
1779104865,9,1,0.015229,path_A
1779104865,9,2,0.013537,agg_s9_p2
1779104865,9,3,0.011540,path_A
1779104865,21,4,0.008043,core_s21_p4
1779104865,21,1,0.009209,core_s21_p1
1779104865,21,2,0.009279,core_s21_p2
1779104865,21,3,0.007950,core_s21_p3
1779104865,19,4,0.010215,core_s19_p4
1779104865,19,1,0.011663,core_s19_p1
1779104865,19,2,0.011739,core_s19_p2
1779104865,19,3,0.010239,core_s19_p3
1779104865,8,4,0.003701,edge_s8_p4
1779104865,8,1,0.007304,s8_p1_edge
1779104865,8,2,0.007304,s8_p2_edge
1779104865,8,3,0.003603,edge_s8_p3
1779104865,25,1,0.007719,core_s25_p1
1779104865,25,4,0.007536,core_s25_p4
1779104865,25,2,0.007556,core_s25_p2
1779104865,25,3,0.007475,core_s25_p3
1779104865,6,1,0.007507,s6_p1_edge
1779104865,6,4,0.003722,edge_s6_p4
1779104865,6,2,0.007507,s6_p2_edge
1779104865,6,3,0.003807,edge_s6_p3
1779104865,5,4,0.004525,edge_s5_p4
1779104865,5,1,0.008934,s5_p1_edge
1779104865,5,2,0.008934,s5_p2_edge
1779104865,5,3,0.004437,edge_s5_p3
1779104865,19,4,0.012938,core_s19_p4
1779104865,19,1,0.014426,core_s19_p1
1779104865,19,2,0.014649,core_s19_p2
1779104865,19,3,0.013029,core_s19_p3
1779104865,7,1,0.007471,s7_p1_edge
1779104865,7,4,0.003672,edge_s7_p4
1779104865,7,2,0.007471,s7_p2_edge
1779104865,7,3,0.003800,edge_s7_p3
1779104865,2,1,0.007472,s2_p1_edge
1779104865,2,4,0.003798,edge_s2_p4
1779104865,2,2,0.007472,s2_p2_edge
1779104865,2,3,0.003675,edge_s2_p3
1779104865,32,1,0.026799,path_B
1779104865,32,4,0.011095,core_s32_p4
1779104865,32,2,0.011342,path_B
1779104865,32,3,0.011163,s32_p3_edge
1779104865,17,4,0.009694,core_s17_p4
1779104865,17,1,0.015452,path_A
1779104865,17,2,0.011619,core_s17_p2
1779104865,17,3,0.009601,path_A
1779104865,8,4,0.005143,edge_s8_p4
1779104865,8,1,0.010491,s8_p1_edge
1779104865,8,2,0.010491,s8_p2_edge
1779104865,8,3,0.005348,edge_s8_p3
1779104865,22,1,0.011496,core_s22_p1
1779104865,22,4,0.010050,core_s22_p4
1779104865,22,2,0.011530,core_s22_p2
1779104865,22,3,0.009935,core_s22_p3
1779104865,16,4,0.012213,path_B
1779104865,16,1,0.033298,path_B
1779104865,16,2,0.013895,agg_s16_p2
1779104865,16,3,0.012234,agg_s16_p3
1779104865,17,4,0.009930,core_s17_p4
1779104865,17,1,0.016112,path_A
1779104865,17,2,0.012232,core_s17_p2
1779104865,17,3,0.010061,path_A
1779104865,5,4,0.004970,edge_s5_p4
1779104865,5,1,0.010085,s5_p1_edge
1779104865,5,2,0.010085,s5_p2_edge
1779104865,5,3,0.005083,edge_s5_p3
1779104865,22,1,0.016294,core_s22_p1
1779104865,22,4,0.013813,core_s22_p4
1779104865,22,2,0.016294,core_s22_p2
1779104865,22,3,0.014516,core_s22_p3
1779104865,6,1,0.009997,s6_p1_edge
1779104865,6,4,0.005071,edge_s6_p4
1779104865,6,2,0.009997,s6_p2_edge
1779104865,6,3,0.004926,edge_s6_p3
1779104865,2,1,0.010825,s2_p1_edge
1779104865,2,4,0.005437,edge_s2_p4
1779104865,2,2,0.010825,s2_p2_edge
1779104865,2,3,0.005423,edge_s2_p3
1779104870,7,1,0.010289,s7_p1_edge
1779104870,7,4,0.005144,edge_s7_p4
1779104870,7,2,0.010289,s7_p2_edge
1779104870,7,3,0.005144,edge_s7_p3
1779104870,1,4,0.007416,path_B
1779104870,1,1,0.014799,s1_p1_edge
1779104870,1,2,0.014817,s1_p2_edge
1779104870,1,3,0.024053,path_A
1779104870,23,4,0.010627,core_s23_p4
1779104870,23,1,0.011709,path_A
1779104870,23,2,0.010873,path_A
1779104870,23,3,0.010747,core_s23_p3
1779104870,8,4,0.005084,edge_s8_p4
1779104870,8,1,0.010148,s8_p1_edge
1779104870,8,2,0.010148,s8_p2_edge
1779104870,8,3,0.005063,edge_s8_p3
1779104870,20,4,0.009996,core_s20_p4
1779104870,20,1,0.011422,core_s20_p1
1779104870,20,2,0.011474,core_s20_p2
1779104870,20,3,0.009956,core_s20_p3
1779104870,16,4,0.008883,path_B
1779104870,16,1,0.022555,path_B
1779104870,16,2,0.009553,agg_s16_p2
1779104870,16,3,0.008436,agg_s16_p3
1779104870,24,4,0.011430,s24_p4_edge
1779104870,24,1,0.012336,core_s24_p1
1779104870,24,2,0.011461,core_s24_p2
1779104870,24,3,0.011339,core_s24_p3
1779104870,5,4,0.005268,edge_s5_p4
1779104870,5,1,0.010355,s5_p1_edge
1779104870,5,2,0.010355,s5_p2_edge
1779104870,5,3,0.005120,edge_s5_p3
1779104870,6,1,0.010722,s6_p1_edge
1779104870,6,4,0.005455,edge_s6_p4
1779104870,6,2,0.010722,s6_p2_edge
1779104870,6,3,0.005301,edge_s6_p3
1779104870,2,1,0.010262,s2_p1_edge
1779104870,2,4,0.005049,edge_s2_p4
1779104870,2,2,0.010262,s2_p2_edge
1779104870,2,3,0.005246,edge_s2_p3
1779104870,20,4,0.019347,core_s20_p4
1779104870,20,1,0.021497,core_s20_p1
1779104870,20,2,0.022048,core_s20_p2
1779104870,20,3,0.018544,core_s20_p3
1779104870,3,4,0.013977,path_B
1779104870,3,1,0.013977,s3_p1_edge
1779104870,3,2,0.000008,s3_p2_edge
1779104870,3,3,0.000016,path_A
1779104870,23,4,0.010439,core_s23_p4
1779104870,23,1,0.011419,path_A
1779104870,23,2,0.010900,path_A
1779104870,23,3,0.010583,core_s23_p3
1779104870,7,1,0.010206,s7_p1_edge
1779104870,7,4,0.005187,edge_s7_p4
1779104870,7,2,0.010206,s7_p2_edge
1779104870,7,3,0.005019,edge_s7_p3
1779104870,8,4,0.006183,edge_s8_p4
1779104870,8,1,0.012528,s8_p1_edge
1779104870,8,2,0.012528,s8_p2_edge
1779104870,8,3,0.006381,edge_s8_p3
1779104870,21,4,0.010911,s21_p4_edge
1779104870,21,1,0.012343,core_s21_p1
1779104870,21,2,0.012407,core_s21_p2
1779104870,21,3,0.010930,core_s21_p3
1779104870,25,1,0.015288,core_s25_p1
1779104870,25,4,0.014396,core_s25_p4
1779104870,25,2,0.014649,core_s25_p2
1779104870,25,3,0.014120,core_s25_p3
1779104870,24,4,0.010065,s24_p4_edge
1779104870,24,1,0.010563,core_s24_p1
1779104870,24,2,0.009919,core_s24_p2
1779104870,24,3,0.009866,core_s24_p3
1779104870,9,4,0.009500,agg_s9_p4
1779104870,9,1,0.012056,path_A
1779104870,9,2,0.011005,agg_s9_p2
1779104870,9,3,0.009421,path_A
1779104870,18,4,0.022395,path_B
1779104870,18,1,0.013707,path_B
1779104870,18,2,0.010270,core_s18_p2
1779104870,18,3,0.008529,core_s18_p3
1779104870,3,4,0.015044,path_B
1779104870,3,1,0.015044,s3_p1_edge
1779104870,6,1,0.010455,s6_p1_edge
1779104870,6,4,0.005187,edge_s6_p4
1779104870,6,2,0.010455,s6_p2_edge
1779104870,6,3,0.005234,edge_s6_p3
1779104870,5,4,0.005109,edge_s5_p4
1779104870,5,1,0.010218,s5_p1_edge
1779104870,5,2,0.010218,s5_p2_edge
1779104870,5,3,0.005109,edge_s5_p3
1779104870,2,1,0.010435,s2_p1_edge
1779104870,2,4,0.005145,edge_s2_p4
1779104870,2,2,0.010435,s2_p2_edge
1779104870,2,3,0.005258,edge_s2_p3
1779104870,4,4,0.005178,edge_s4_p4
1779104870,4,1,0.010329,s4_p1_edge
1779104870,4,2,0.010329,s4_p2_edge
1779104870,4,3,0.005157,edge_s4_p3
1779104870,19,4,0.011812,core_s19_p4
1779104870,19,1,0.013722,core_s19_p1
1779104870,19,2,0.013785,core_s19_p2
1779104870,19,3,0.012139,core_s19_p3
1779104870,7,1,0.010461,s7_p1_edge
1779104870,7,4,0.005259,edge_s7_p4
1779104870,7,2,0.010461,s7_p2_edge
1779104870,7,3,0.005235,edge_s7_p3
1779104870,32,1,0.029220,path_B
1779104870,32,4,0.012204,core_s32_p4
1779104870,32,2,0.012448,path_B
1779104870,32,3,0.012125,core_s32_p3
1779104870,6,1,0.010075,s6_p1_edge
1779104870,6,4,0.005004,edge_s6_p4
1779104870,6,2,0.010075,s6_p2_edge
1779104870,6,3,0.005102,edge_s6_p3
1779104870,17,4,0.010863,core_s17_p4
1779104870,17,1,0.017423,path_A
1779104870,17,2,0.013074,core_s17_p2
1779104870,17,3,0.010920,path_A
1779104870,2,1,0.010367,s2_p1_edge
1779104870,2,4,0.005162,edge_s2_p4
1779104870,2,2,0.010367,s2_p2_edge
1779104870,2,3,0.005205,edge_s2_p3
1779104870,5,4,0.005106,edge_s5_p4
1779104870,5,1,0.010294,s5_p1_edge
1779104870,5,2,0.010294,s5_p2_edge
1779104870,5,3,0.005188,edge_s5_p3
1779104870,4,4,0.005419,edge_s4_p4
1779104870,4,1,0.010976,s4_p1_edge
1779104870,4,2,0.010976,s4_p2_edge
1779104870,4,3,0.005589,edge_s4_p3
1779104870,7,1,0.010487,s7_p1_edge
1779104870,7,4,0.005044,edge_s7_p4
1779104870,7,2,0.010487,s7_p2_edge
1779104870,7,3,0.005443,edge_s7_p3
1779104875,22,1,0.012235,core_s22_p1
1779104875,22,4,0.010615,core_s22_p4
1779104875,22,2,0.012166,core_s22_p2
1779104875,22,3,0.010590,core_s22_p3
1779104875,1,4,0.007713,path_B
1779104875,1,1,0.015355,s1_p1_edge
1779104875,1,2,0.015380,s1_p2_edge
1779104875,1,3,0.025068,path_A
1779104875,6,1,0.010245,s6_p1_edge
1779104875,6,4,0.005048,edge_s6_p4
1779104875,6,2,0.010245,s6_p2_edge
1779104875,6,3,0.005197,edge_s6_p3
1779104875,4,4,0.005621,edge_s4_p4
1779104875,4,1,0.011162,s4_p1_edge
1779104875,4,2,0.011162,s4_p2_edge
1779104875,4,3,0.005509,edge_s4_p3
1779104875,16,4,0.011011,path_B
1779104875,16,1,0.030188,path_B
1779104875,16,2,0.012617,agg_s16_p2
1779104875,16,3,0.011118,agg_s16_p3
1779104875,7,1,0.010209,s7_p1_edge
1779104875,7,4,0.005260,edge_s7_p4
1779104875,7,2,0.010209,s7_p2_edge
1779104875,7,3,0.004949,edge_s7_p3
1779104875,2,1,0.010222,s2_p1_edge
1779104875,2,4,0.005141,edge_s2_p4
1779104875,2,2,0.010222,s2_p2_edge
1779104875,2,3,0.005081,edge_s2_p3
1779104875,23,4,0.013142,core_s23_p4
1779104875,23,1,0.013465,path_A
1779104875,23,2,0.013336,path_A
1779104875,23,3,0.012906,core_s23_p3
1779104875,1,4,0.012155,path_B
1779104875,1,1,0.024071,s1_p1_edge
1779104875,1,2,0.024120,s1_p2_edge
1779104875,1,3,0.037580,path_A
1779104875,20,4,0.010942,core_s20_p4
1779104875,20,1,0.012569,core_s20_p1
1779104875,20,2,0.012628,core_s20_p2
1779104875,20,3,0.010988,core_s20_p3
1779104875,24,4,0.013012,s24_p4_edge
1779104875,24,1,0.013367,core_s24_p1
1779104875,24,2,0.013147,core_s24_p2
1779104875,24,3,0.012771,core_s24_p3
1779104875,6,1,0.012717,s6_p1_edge
1779104875,6,4,0.006421,edge_s6_p4
1779104875,6,2,0.012717,s6_p2_edge
1779104875,6,3,0.006296,edge_s6_p3
1779104875,21,4,0.010967,s21_p4_edge
1779104875,21,1,0.012687,core_s21_p1
1779104875,21,2,0.012642,core_s21_p2
1779104875,21,3,0.011243,core_s21_p3
1779104875,3,4,0.017807,path_B
1779104875,3,1,0.017807,s3_p1_edge
1779104875,3,2,0.000011,s3_p2_edge
1779104875,3,3,0.000011,path_A
1779104875,18,4,0.027534,path_B
1779104875,18,1,0.016972,path_B
1779104875,18,2,0.012810,core_s18_p2
1779104875,18,3,0.010538,core_s18_p3
1779104875,9,4,0.011736,agg_s9_p4
1779104875,9,1,0.014423,path_A
1779104875,9,2,0.013263,agg_s9_p2
1779104875,9,3,0.011763,path_A
1779104875,25,1,0.011958,core_s25_p1
1779104875,25,4,0.011416,core_s25_p4
1779104875,25,2,0.011773,core_s25_p2
1779104875,25,3,0.011274,core_s25_p3
1779104875,7,1,0.010229,s7_p1_edge
1779104875,7,4,0.005050,edge_s7_p4
1779104875,7,2,0.010229,s7_p2_edge
1779104875,7,3,0.005179,edge_s7_p3
1779104875,8,4,0.006772,edge_s8_p4
1779104875,8,1,0.013608,s8_p1_edge
1779104875,8,2,0.013608,s8_p2_edge
1779104875,8,3,0.006844,edge_s8_p3
1779104875,19,4,0.011781,core_s19_p4
1779104875,19,1,0.013383,core_s19_p1
1779104875,19,2,0.013445,core_s19_p2
1779104875,19,3,0.011965,core_s19_p3
1779104875,32,1,0.030931,path_B
1779104875,32,4,0.013223,core_s32_p4
1779104875,32,2,0.013397,path_B
1779104875,32,3,0.013127,core_s32_p3
1779104875,18,4,0.025672,path_B
1779104875,18,1,0.015945,path_B
1779104875,18,2,0.011906,core_s18_p2
1779104875,18,3,0.010225,core_s18_p3
1779104875,7,1,0.010412,s7_p1_edge
1779104875,7,4,0.005308,edge_s7_p4
1779104875,7,2,0.010441,s7_p2_edge
1779104875,7,3,0.005163,edge_s7_p3
1779104875,8,4,0.005177,edge_s8_p4
1779104875,8,1,0.010460,s8_p1_edge
1779104875,8,2,0.010460,s8_p2_edge
1779104875,8,3,0.005283,edge_s8_p3
1779104875,17,4,0.009432,core_s17_p4
1779104875,17,1,0.015196,path_A
1779104875,17,2,0.011413,core_s17_p2
1779104875,17,3,0.009555,path_A
1779104880,22,1,0.012949,core_s22_p1
1779104880,22,4,0.011501,core_s22_p4
1779104880,22,2,0.012949,core_s22_p2
1779104880,22,3,0.011193,core_s22_p3
1779104880,16,4,0.012325,path_B
1779104880,16,1,0.033499,path_B
1779104880,16,2,0.014193,s16_p2_edge
1779104880,16,3,0.012551,agg_s16_p3
1779104880,8,4,0.005340,edge_s8_p4
1779104880,8,1,0.010637,s8_p1_edge
1779104880,8,2,0.010637,s8_p2_edge
1779104880,8,3,0.005297,edge_s8_p3
1779104880,1,4,0.008743,path_B
1779104880,1,1,0.017570,s1_p1_edge
1779104880,1,2,0.017570,s1_p2_edge
1779104880,1,3,0.028488,path_A
1779104880,20,4,0.011544,core_s20_p4
1779104880,20,1,0.013226,core_s20_p1
1779104880,20,2,0.013159,core_s20_p2
1779104880,20,3,0.011575,core_s20_p3
1779104880,23,4,0.011649,core_s23_p4
1779104880,23,1,0.012113,path_A
1779104880,23,2,0.012062,path_A
1779104880,23,3,0.011649,core_s23_p3
1779104880,24,4,0.013439,s24_p4_edge
1779104880,24,1,0.013765,core_s24_p1
1779104880,24,2,0.013497,core_s24_p2
1779104880,24,3,0.013389,core_s24_p3
1779104880,5,4,0.005467,edge_s5_p4
1779104880,5,1,0.010941,s5_p1_edge
1779104880,5,2,0.010941,s5_p2_edge
1779104880,5,3,0.005487,edge_s5_p3
1779104880,21,4,0.011289,s21_p4_edge
1779104880,21,1,0.012805,core_s21_p1
1779104880,21,2,0.012689,core_s21_p2
1779104880,21,3,0.011341,core_s21_p3
1779104880,3,4,0.015780,path_B
1779104880,3,1,0.015771,s3_p1_edge
1779104880,3,2,0.000009,s3_p2_edge
1779104880,3,3,0.000009,path_A
1779104880,9,4,0.011158,agg_s9_p4
1779104880,9,1,0.013996,path_A
1779104880,9,2,0.012722,agg_s9_p2
1779104880,9,3,0.011100,path_A
1779104880,25,1,0.012333,core_s25_p1
1779104880,25,4,0.011933,core_s25_p4
1779104880,25,2,0.012294,core_s25_p2
1779104880,25,3,0.012197,core_s25_p3
1779104880,19,4,0.011858,core_s19_p4
1779104880,19,1,0.013411,core_s19_p1
1779104880,19,2,0.013561,core_s19_p2
1779104880,19,3,0.011749,core_s19_p3
1779104880,4,4,0.005630,edge_s4_p4
1779104880,4,1,0.011253,s4_p1_edge
1779104880,4,2,0.011253,s4_p2_edge
1779104880,4,3,0.005630,edge_s4_p3
1779104880,32,1,0.029056,path_B
1779104880,32,4,0.012099,core_s32_p4
1779104880,32,2,0.012619,path_B
1779104880,32,3,0.012339,core_s32_p3
1779104880,5,4,0.005216,edge_s5_p4
1779104880,5,1,0.010548,s5_p1_edge
1779104880,5,2,0.010548,s5_p2_edge
1779104880,5,3,0.005302,edge_s5_p3
1779104880,2,1,0.010529,s2_p1_edge
1779104880,2,4,0.005264,s2_p4_edge
1779104880,2,2,0.010529,s2_p2_edge
1779104880,2,3,0.005272,edge_s2_p3
1779104880,6,1,0.012127,s6_p1_edge
1779104880,6,4,0.006054,edge_s6_p4
1779104880,6,2,0.012127,s6_p2_edge
1779104880,6,3,0.006087,edge_s6_p3
1779104880,18,4,0.023951,path_B
1779104880,18,1,0.014758,path_B
1779104880,18,2,0.011080,core_s18_p2
1779104880,18,3,0.009165,core_s18_p3
1779104880,17,4,0.011090,core_s17_p4
1779104880,17,1,0.017736,path_A
1779104880,17,2,0.013231,core_s17_p2
1779104880,17,3,0.011161,path_A
1779104880,22,1,0.015192,core_s22_p1
1779104880,22,4,0.013215,core_s22_p4
1779104880,22,2,0.014957,core_s22_p2
1779104880,22,3,0.013154,core_s22_p3
1779104880,4,4,0.005473,edge_s4_p4
1779104880,4,1,0.011032,s4_p1_edge
1779104880,4,2,0.011032,s4_p2_edge
1779104880,4,3,0.005559,edge_s4_p3
1779104885,5,4,0.005182,edge_s5_p4
1779104885,5,1,0.010239,s5_p1_edge
1779104885,5,2,0.010239,s5_p2_edge
1779104885,5,3,0.005057,edge_s5_p3
1779104885,2,1,0.010580,s2_p1_edge
1779104885,2,4,0.005170,s2_p4_edge
1779104885,2,2,0.010580,s2_p2_edge
1779104885,2,3,0.005471,edge_s2_p3
1779104885,6,1,0.010290,s6_p1_edge
1779104885,6,4,0.005068,edge_s6_p4
1779104885,6,2,0.010290,s6_p2_edge
1779104885,6,3,0.005193,edge_s6_p3
1779104885,8,4,0.008746,edge_s8_p4
1779104885,8,1,0.017397,s8_p1_edge
1779104885,8,2,0.017397,s8_p2_edge
1779104885,8,3,0.008661,edge_s8_p3
1779104885,16,4,0.010730,path_B
1779104885,16,1,0.028602,path_B
1779104885,16,2,0.012340,agg_s16_p2
1779104885,16,3,0.010817,agg_s16_p3
1779104885,23,4,0.013045,core_s23_p4
1779104885,23,1,0.013684,path_A
1779104885,23,2,0.013478,path_A
1779104885,23,3,0.013159,core_s23_p3
1779104885,20,4,0.011855,s20_p4_edge
1779104885,20,1,0.013485,core_s20_p1
1779104885,20,2,0.013513,core_s20_p2
1779104885,20,3,0.011862,core_s20_p3
1779104885,24,4,0.012449,s24_p4_edge
1779104885,24,1,0.012769,core_s24_p1
1779104885,24,2,0.012516,core_s24_p2
1779104885,24,3,0.012436,core_s24_p3
1779104885,21,4,0.013071,s21_p4_edge
1779104885,21,1,0.015107,core_s21_p1
1779104885,21,2,0.015183,core_s21_p2
1779104885,21,3,0.013155,core_s21_p3
1779104885,6,1,0.012522,s6_p1_edge
1779104885,6,4,0.006185,edge_s6_p4
1779104885,6,2,0.012522,s6_p2_edge
1779104885,6,3,0.006337,edge_s6_p3
1779104885,2,1,0.010188,s2_p1_edge
1779104885,2,4,0.005017,edge_s2_p4
1779104885,2,2,0.010188,s2_p2_edge
1779104885,2,3,0.005141,edge_s2_p3
1779104885,7,1,0.010365,s7_p1_edge
1779104885,7,4,0.005180,edge_s7_p4
1779104885,7,2,0.010359,s7_p2_edge
1779104885,7,3,0.005185,edge_s7_p3
1779104885,1,4,0.006588,path_B
1779104885,1,1,0.013282,s1_p1_edge
1779104885,1,2,0.013298,s1_p2_edge
1779104885,1,3,0.021294,path_A
1779104885,8,4,0.005203,edge_s8_p4
1779104885,8,1,0.010324,s8_p1_edge
1779104885,8,2,0.010324,s8_p2_edge
1779104885,8,3,0.005122,edge_s8_p3
1779104885,9,4,0.012069,agg_s9_p4
1779104885,9,1,0.014971,path_A
1779104885,9,2,0.013712,agg_s9_p2
1779104885,9,3,0.011993,path_A
1779104885,3,4,0.016250,path_B
1779104885,3,1,0.016260,s3_p1_edge
1779104885,3,2,0.000019,s3_p2_edge
1779104885,3,3,0.000009,path_A
1779104885,25,1,0.012870,core_s25_p1
1779104885,25,4,0.012505,core_s25_p4
1779104885,25,2,0.012802,core_s25_p2
1779104885,25,3,0.012518,core_s25_p3
1779104885,19,4,0.011369,core_s19_p4
1779104885,19,1,0.012881,core_s19_p1
1779104885,19,2,0.012901,core_s19_p2
1779104885,19,3,0.011419,core_s19_p3
1779104885,32,1,0.030327,path_B
1779104885,32,4,0.012615,core_s32_p4
1779104885,32,2,0.013142,path_B
1779104885,32,3,0.012733,core_s32_p3
1779104885,7,1,0.010405,s7_p1_edge
1779104885,7,4,0.005181,edge_s7_p4
1779104885,7,2,0.010405,s7_p2_edge
1779104885,7,3,0.005224,edge_s7_p3
1779104885,18,4,0.028464,path_B
1779104885,18,1,0.017498,path_B
1779104885,18,2,0.013218,core_s18_p2
1779104885,18,3,0.010883,core_s18_p3
1779104885,22,1,0.013066,core_s22_p1
1779104885,22,4,0.011677,core_s22_p4
1779104885,22,2,0.013092,core_s22_p2
1779104885,22,3,0.011438,core_s22_p3
1779104885,17,4,0.009615,core_s17_p4
1779104885,17,1,0.015484,path_A
1779104885,17,2,0.011697,core_s17_p2
1779104885,17,3,0.009665,path_A
1779104890,7,1,0.010312,s7_p1_edge
1779104890,7,4,0.005104,edge_s7_p4
1779104890,7,2,0.010312,s7_p2_edge
1779104890,7,3,0.005208,edge_s7_p3
1779104890,6,1,0.022127,s6_p1_edge
1779104890,6,4,0.011119,edge_s6_p4
1779104890,6,2,0.022127,s6_p2_edge
1779104890,6,3,0.011033,edge_s6_p3
1779104890,16,4,0.011845,path_B
1779104890,16,1,0.031535,path_B
1779104890,16,2,0.013475,agg_s16_p2
1779104890,16,3,0.011865,agg_s16_p3
1779104890,23,4,0.012953,core_s23_p4
1779104890,23,1,0.013263,path_A
1779104890,23,2,0.013096,path_A
1779104890,23,3,0.012803,core_s23_p3
1779104890,20,4,0.010946,core_s20_p4
1779104890,20,1,0.012541,core_s20_p1
1779104890,20,2,0.012592,core_s20_p2
1779104890,20,3,0.011010,core_s20_p3
1779104890,21,4,0.011399,s21_p4_edge
1779104890,21,1,0.012960,core_s21_p1
1779104890,21,2,0.012986,core_s21_p2
1779104890,21,3,0.011426,core_s21_p3
1779104890,1,4,0.009081,path_B
1779104890,1,1,0.018159,s1_p1_edge
1779104890,1,2,0.018177,s1_p2_edge
1779104890,1,3,0.028272,path_A
1779104890,6,1,0.012059,s6_p1_edge
1779104890,6,4,0.006053,edge_s6_p4
1779104890,6,2,0.012059,s6_p2_edge
1779104890,6,3,0.006006,edge_s6_p3
1779104890,3,4,0.018191,path_B
1779104890,3,1,0.018191,s3_p1_edge
1779104890,3,2,0.000011,s3_p2_edge
1779104890,3,3,0.000011,path_A
1779104890,24,4,0.011129,s24_p4_edge
1779104890,24,1,0.011610,core_s24_p1
1779104890,24,2,0.011432,core_s24_p2
1779104890,24,3,0.011159,core_s24_p3
1779104890,4,4,0.005523,edge_s4_p4
1779104890,4,1,0.011026,s4_p1_edge
1779104890,4,2,0.011026,s4_p2_edge
1779104890,4,3,0.005516,edge_s4_p3
1779104890,8,4,0.008102,edge_s8_p4
1779104890,8,1,0.016220,s8_p1_edge
1779104890,8,2,0.016220,s8_p2_edge
1779104890,8,3,0.008128,edge_s8_p3
1779104890,9,4,0.010911,agg_s9_p4
1779104890,9,1,0.013585,path_A
1779104890,9,2,0.012554,agg_s9_p2
1779104890,9,3,0.011052,path_A
1779104890,19,4,0.011727,core_s19_p4
1779104890,19,1,0.013329,core_s19_p1
1779104890,19,2,0.013568,core_s19_p2
1779104890,19,3,0.011823,core_s19_p3
1779104890,5,4,0.005167,edge_s5_p4
1779104890,5,1,0.010341,s5_p1_edge
1779104890,5,2,0.010341,s5_p2_edge
1779104890,5,3,0.005186,edge_s5_p3
1779104890,25,1,0.011237,core_s25_p1
1779104890,25,4,0.011249,core_s25_p4
1779104890,25,2,0.011345,core_s25_p2
1779104890,25,3,0.011050,core_s25_p3
1779104890,32,1,0.027633,path_B
1779104890,32,4,0.011492,core_s32_p4
1779104890,32,2,0.012000,path_B
1779104890,32,3,0.011710,core_s32_p3
1779104890,18,4,0.027604,path_B
1779104890,18,1,0.016887,path_B
1779104890,18,2,0.012698,core_s18_p2
1779104890,18,3,0.010426,core_s18_p3
1779104890,5,4,0.008964,edge_s5_p4
1779104890,5,1,0.017859,s5_p1_edge
1779104890,5,2,0.017859,s5_p2_edge
1779104890,5,3,0.008895,edge_s5_p3
1779104890,17,4,0.010453,core_s17_p4
1779104890,17,1,0.016676,path_A
1779104890,17,2,0.012536,core_s17_p2
1779104890,17,3,0.010372,path_A
1779104890,22,1,0.012778,core_s22_p1
1779104890,22,4,0.011208,core_s22_p4
1779104890,22,2,0.012863,core_s22_p2
1779104890,22,3,0.011286,core_s22_p3
1779104890,2,1,0.010390,s2_p1_edge
1779104890,2,4,0.005255,edge_s2_p4
1779104890,2,2,0.010390,s2_p2_edge
1779104890,2,3,0.005141,edge_s2_p3
1779104895,16,4,0.011416,path_B
1779104895,16,1,0.030375,path_B
1779104895,16,2,0.013036,agg_s16_p2
1779104895,16,3,0.011588,agg_s16_p3
1779104895,20,4,0.012612,core_s20_p4
1779104895,20,1,0.014608,core_s20_p1
1779104895,20,2,0.014678,core_s20_p2
1779104895,20,3,0.012968,core_s20_p3
1779104895,23,4,0.011206,core_s23_p4
1779104895,23,1,0.011702,path_A
1779104895,23,2,0.011623,path_A
1779104895,23,3,0.011218,core_s23_p3
1779104895,2,1,0.010581,s2_p1_edge
1779104895,2,4,0.005280,edge_s2_p4
1779104895,2,2,0.010581,s2_p2_edge
1779104895,2,3,0.005301,edge_s2_p3
1779104895,21,4,0.011889,s21_p4_edge
1779104895,21,1,0.013440,core_s21_p1
1779104895,21,2,0.013426,core_s21_p2
1779104895,21,3,0.011936,core_s21_p3
1779104895,24,4,0.012623,s24_p4_edge
1779104895,24,1,0.013090,core_s24_p1
1779104895,24,2,0.012905,core_s24_p2
1779104895,24,3,0.012706,core_s24_p3
1779104895,1,4,0.007466,path_B
1779104895,1,1,0.015033,s1_p1_edge
1779104895,1,2,0.015064,s1_p2_edge
1779104895,1,3,0.023650,path_A
1779104895,7,1,0.011415,s7_p1_edge
1779104895,7,4,0.005669,edge_s7_p4
1779104895,7,2,0.011415,s7_p2_edge
1779104895,7,3,0.005753,edge_s7_p3
1779104895,3,4,0.015084,path_B
1779104895,3,1,0.015084,s3_p1_edge
1779104895,3,2,0.000009,s3_p2_edge
1779104895,3,3,0.000009,path_A
1779104895,9,4,0.011241,agg_s9_p4
1779104895,9,1,0.013852,path_A
1779104895,9,2,0.012948,agg_s9_p2
1779104895,9,3,0.011409,path_A
1779104895,19,4,0.011266,core_s19_p4
1779104895,19,1,0.012768,core_s19_p1
1779104895,19,2,0.012929,core_s19_p2
1779104895,19,3,0.011176,core_s19_p3
1779104895,25,1,0.013117,core_s25_p1
1779104895,25,4,0.012843,core_s25_p4
1779104895,25,2,0.013275,s25_p2_edge
1779104895,25,3,0.012863,core_s25_p3
1779104895,32,1,0.029015,path_B
1779104895,32,4,0.012263,core_s32_p4
1779104895,32,2,0.012748,path_B
1779104895,32,3,0.012417,core_s32_p3
1779104895,6,1,0.011987,s6_p1_edge
1779104895,6,4,0.005990,edge_s6_p4
1779104895,6,2,0.011987,s6_p2_edge
1779104895,6,3,0.006004,edge_s6_p3
1779104895,18,4,0.024912,path_B
1779104895,18,1,0.015337,path_B
1779104895,18,2,0.011551,core_s18_p2
1779104895,18,3,0.009509,s18_p3_edge
1779104895,4,4,0.006125,edge_s4_p4
1779104895,4,1,0.012302,s4_p1_edge
1779104895,4,2,0.012302,s4_p2_edge
1779104895,4,3,0.006184,edge_s4_p3
1779104895,7,1,0.009900,s7_p1_edge
1779104895,7,4,0.004960,edge_s7_p4
1779104895,7,2,0.009900,s7_p2_edge
1779104895,7,3,0.004941,edge_s7_p3
1779104895,17,4,0.010778,core_s17_p4
1779104895,17,1,0.017203,path_A
1779104895,17,2,0.012977,core_s17_p2
1779104895,17,3,0.010671,path_A
1779104895,4,4,0.018397,edge_s4_p4
1779104895,4,1,0.036350,s4_p1_edge
1779104895,4,2,0.036350,s4_p2_edge
1779104895,4,3,0.017953,edge_s4_p3
1779104900,5,4,0.006160,edge_s5_p4
1779104900,5,1,0.012308,s5_p1_edge
1779104900,5,2,0.012308,s5_p2_edge
1779104900,5,3,0.006155,edge_s5_p3
1779104900,8,4,0.004878,edge_s8_p4
1779104900,8,1,0.009736,s8_p1_edge
1779104900,8,2,0.009736,s8_p2_edge
1779104900,8,3,0.004868,edge_s8_p3
1779104900,8,4,0.889580,edge_s8_p4
1779104900,8,1,1.000000,s8_p1_edge
1779104900,8,2,1.000000,s8_p2_edge
1779104900,8,3,0.884444,edge_s8_p3
1779104900,22,1,0.010641,core_s22_p1
1779104900,22,4,0.009437,core_s22_p4
1779104900,22,2,0.010588,core_s22_p2
1779104900,22,3,0.009235,core_s22_p3
1779104900,16,4,0.010080,path_B
1779104900,16,1,0.026670,path_B
1779104900,16,2,0.011450,agg_s16_p2
1779104900,16,3,0.010068,agg_s16_p3
1779104900,23,4,0.011419,core_s23_p4
1779104900,23,1,0.012044,path_A
1779104900,23,2,0.011908,path_A
1779104900,23,3,0.011487,core_s23_p3
1779104900,21,4,0.010245,s21_p4_edge
1779104900,21,1,0.011710,core_s21_p1
1779104900,21,2,0.011680,core_s21_p2
1779104900,21,3,0.010239,core_s21_p3
1779104900,20,4,0.009530,core_s20_p4
1779104900,20,1,0.010886,core_s20_p1
1779104900,20,2,0.010878,core_s20_p2
1779104900,20,3,0.009557,core_s20_p3
1779104900,1,4,0.007825,path_B
1779104900,1,1,0.015663,s1_p1_edge
1779104900,1,2,0.015667,s1_p2_edge
1779104900,1,3,0.024424,path_A
1779104900,3,4,0.015557,path_B
1779104900,3,1,0.015557,s3_p1_edge
1779104900,3,2,0.000009,s3_p2_edge
1779104900,3,3,0.000009,path_A
1779104900,24,4,0.010635,s24_p4_edge
1779104900,24,1,0.011006,core_s24_p1
1779104900,24,2,0.010886,core_s24_p2
1779104900,24,3,0.010647,s24_p3_edge
1779104900,9,4,0.011175,agg_s9_p4
1779104900,9,1,0.013588,path_A
1779104900,9,2,0.013030,agg_s9_p2
1779104900,9,3,0.011529,path_A
1779104900,19,4,0.010594,s19_p4_edge
1779104900,19,1,0.012194,core_s19_p1
1779104900,19,2,0.012330,core_s19_p2
1779104900,19,3,0.010825,core_s19_p3
1779104900,25,1,0.011046,core_s25_p1
1779104900,25,4,0.011221,core_s25_p4
1779104900,25,2,0.011401,s25_p2_edge
1779104900,25,3,0.011048,core_s25_p3
1779104904,32,1,0.026885,path_B
1779104904,32,4,0.011276,core_s32_p4
1779104904,32,2,0.011764,path_B
1779104904,32,3,0.011526,core_s32_p3
1779104905,2,1,0.009429,s2_p1_edge
1779104905,2,4,0.004750,edge_s2_p4
1779104905,2,2,0.009429,s2_p2_edge
1779104905,2,3,0.004685,edge_s2_p3
1779104905,18,4,0.021029,path_B
1779104905,18,1,0.012862,path_B
1779104905,18,2,0.009646,core_s18_p2
1779104905,18,3,0.007954,s18_p3_edge
1779104905,17,4,0.008407,core_s17_p4
1779104905,17,1,0.013498,path_A
1779104905,17,2,0.010126,core_s17_p2
1779104905,17,3,0.008470,path_A
1779104905,4,4,0.006480,edge_s4_p4
1779104905,4,1,0.012973,s4_p1_edge
1779104905,4,2,0.012973,s4_p2_edge
1779104905,4,3,0.006501,edge_s4_p3
1779104905,22,1,0.013977,core_s22_p1
1779104905,22,4,0.012155,core_s22_p4
1779104905,22,2,0.013984,core_s22_p2
1779104905,22,3,0.012268,core_s22_p3
1779104906,6,1,0.011752,s6_p1_edge
1779104906,6,4,0.005851,edge_s6_p4
1779104906,6,2,0.011752,s6_p2_edge
1779104906,6,3,0.005908,edge_s6_p3
1779104906,5,4,0.007909,edge_s5_p4
1779104906,5,1,0.015867,s5_p1_edge
1779104906,5,2,0.015867,s5_p2_edge
1779104906,5,3,0.007967,edge_s5_p3
1779104906,16,4,0.011752,path_B
1779104906,16,1,0.030675,path_B
1779104906,16,2,0.013345,agg_s16_p2
1779104906,16,3,0.011882,agg_s16_p3
1779104907,23,4,0.011911,core_s23_p4
1779104907,23,1,0.012354,path_A
1779104907,23,2,0.012237,path_A
1779104907,23,3,0.012029,core_s23_p3
1779104907,6,1,0.010013,s6_p1_edge
1779104907,6,4,0.004923,edge_s6_p4
1779104907,6,2,0.010013,s6_p2_edge
1779104907,6,3,0.005118,edge_s6_p3
1779104907,24,4,0.013379,s24_p4_edge
1779104907,24,1,0.013494,core_s24_p1
1779104907,24,2,0.013504,core_s24_p2
1779104907,24,3,0.013249,core_s24_p3
1779104907,5,4,0.005004,edge_s5_p4
1779104907,5,1,0.010114,s5_p1_edge
1779104907,5,2,0.010114,s5_p2_edge
1779104907,5,3,0.005139,edge_s5_p3
1779104907,20,4,0.010822,core_s20_p4
1779104907,20,1,0.012449,core_s20_p1
1779104907,20,2,0.012468,core_s20_p2
1779104907,20,3,0.010908,core_s20_p3
1779104907,21,4,0.010763,s21_p4_edge
1779104907,21,1,0.012151,core_s21_p1
1779104907,21,2,0.012045,core_s21_p2
1779104907,21,3,0.010807,core_s21_p3
1779104907,8,4,0.005986,edge_s8_p4
1779104907,8,1,0.011970,s8_p1_edge
1779104907,8,2,0.011970,s8_p2_edge
1779104907,8,3,0.005991,edge_s8_p3
1779104905,1,4,0.007831,path_B
1779104905,1,1,0.015697,s1_p1_edge
1779104905,1,2,0.015709,s1_p2_edge
1779104905,1,3,0.024328,path_A
1779104905,7,1,0.009411,s7_p1_edge
1779104905,7,4,0.004719,edge_s7_p4
1779104905,7,2,0.009411,s7_p2_edge
1779104905,7,3,0.004697,edge_s7_p3
1779104905,3,4,0.014681,path_B
1779104905,3,1,0.014681,s3_p1_edge
1779104905,3,2,0.000009,s3_p2_edge
1779104905,3,3,0.000009,path_A
1779104905,25,1,0.012514,core_s25_p1
1779104905,25,4,0.012521,core_s25_p4
1779104905,25,2,0.012820,s25_p2_edge
1779104905,25,3,0.012276,core_s25_p3
1779104905,9,4,0.010070,agg_s9_p4
1779104905,9,1,0.012508,path_A
1779104905,9,2,0.011700,agg_s9_p2
1779104905,9,3,0.010275,path_A
1779104905,19,4,0.010711,core_s19_p4
1779104905,19,1,0.012435,core_s19_p1
1779104905,19,2,0.012442,core_s19_p2
1779104905,19,3,0.010933,core_s19_p3
1779104905,32,1,0.027245,path_B
1779104905,32,4,0.011519,core_s32_p4
1779104905,32,2,0.011928,path_B
1779104905,32,3,0.011478,core_s32_p3
1779104910,18,4,0.027028,path_B
1779104910,18,1,0.016703,path_B
1779104910,18,2,0.012673,core_s18_p2
1779104910,18,3,0.010455,s18_p3_edge
1779104910,17,4,0.010375,core_s17_p4
1779104910,17,1,0.016614,path_A
1779104910,17,2,0.012534,core_s17_p2
1779104910,17,3,0.010328,path_A
1779104910,22,1,0.012930,core_s22_p1
1779104910,22,4,0.011361,core_s22_p4
1779104910,22,2,0.012937,core_s22_p2
1779104910,22,3,0.011292,core_s22_p3
1779104910,16,4,0.011763,path_B
1779104910,16,1,0.030668,path_B
1779104910,16,2,0.013412,agg_s16_p2
1779104910,16,3,0.011859,agg_s16_p3
1779104910,4,4,0.006777,edge_s4_p4
1779104910,4,1,0.013653,s4_p1_edge
1779104910,4,2,0.013653,s4_p2_edge
1779104910,4,3,0.006891,edge_s4_p3
1779104910,20,4,0.012322,core_s20_p4
1779104910,20,1,0.014018,core_s20_p1
1779104910,20,2,0.014111,core_s20_p2
1779104910,20,3,0.012329,core_s20_p3
1779104910,21,4,0.012154,s21_p4_edge
1779104910,21,1,0.013876,core_s21_p1
1779104910,21,2,0.013792,core_s21_p2
1779104910,21,3,0.012190,core_s21_p3
1779104910,1,4,0.008914,path_B
1779104910,1,1,0.017883,s1_p1_edge
1779104910,1,2,0.017876,s1_p2_edge
1779104910,1,3,0.027296,path_A
1779104910,23,4,0.011288,core_s23_p4
1779104910,23,1,0.011545,path_A
1779104910,23,2,0.011499,path_A
1779104910,23,3,0.011092,core_s23_p3
1779104910,24,4,0.012190,s24_p4_edge
1779104910,24,1,0.012487,core_s24_p1
1779104910,24,2,0.012282,core_s24_p2
1779104910,24,3,0.011929,core_s24_p3
1779104910,3,4,0.017516,path_B
1779104910,3,1,0.017516,s3_p1_edge
1779104910,3,2,0.000010,s3_p2_edge
1779104910,3,3,0.000010,path_A
1779104910,25,1,0.013668,core_s25_p1
1779104910,25,4,0.013324,core_s25_p4
1779104910,25,2,0.013741,s25_p2_edge
1779104910,25,3,0.013157,core_s25_p3
1779104910,2,1,0.010167,s2_p1_edge
1779104910,2,4,0.005035,edge_s2_p4
1779104910,2,2,0.010167,s2_p2_edge
1779104910,2,3,0.005137,edge_s2_p3
1779104910,9,4,0.011722,agg_s9_p4
1779104910,9,1,0.014688,path_A
1779104910,9,2,0.013492,agg_s9_p2
1779104910,9,3,0.011790,path_A
1779104910,19,4,0.010584,core_s19_p4
1779104910,19,1,0.012080,core_s19_p1
1779104910,19,2,0.012335,core_s19_p2
1779104910,19,3,0.010727,core_s19_p3
1779104910,32,1,0.026917,path_B
1779104910,32,4,0.011598,core_s32_p4
1779104910,32,2,0.011731,path_B
1779104910,32,3,0.011573,core_s32_p3
1779104915,2,1,0.010552,s2_p1_edge
1779104915,2,4,0.005426,edge_s2_p4
1779104915,2,2,0.010552,s2_p2_edge
1779104915,2,3,0.005126,edge_s2_p3
1779104915,18,4,0.028287,path_B
1779104915,18,1,0.017423,path_B
1779104915,18,2,0.013073,core_s18_p2
1779104915,18,3,0.010860,s18_p3_edge
1779104915,5,4,0.005318,edge_s5_p4
1779104915,5,1,0.010678,s5_p1_edge
1779104915,5,2,0.010678,s5_p2_edge
1779104915,5,3,0.005366,edge_s5_p3
1779104915,6,1,0.010263,s6_p1_edge
1779104915,6,4,0.005154,edge_s6_p4
1779104915,6,2,0.010263,s6_p2_edge
1779104915,6,3,0.005116,edge_s6_p3
1779104915,32,1,0.031532,path_B
1779104915,32,4,0.013386,core_s32_p4
1779104915,32,2,0.013758,path_B
1779104915,32,3,0.012940,core_s32_p3
1779104915,17,4,0.010125,core_s17_p4
1779104915,17,1,0.016220,path_A
1779104915,17,2,0.012161,core_s17_p2
1779104915,17,3,0.010164,path_A
1779104915,22,1,0.013651,core_s22_p1
1779104915,22,4,0.011960,core_s22_p4
1779104915,22,2,0.013672,core_s22_p2
1779104915,22,3,0.011974,core_s22_p3
1779104915,8,4,0.005124,edge_s8_p4
1779104915,8,1,0.010330,s8_p1_edge
1779104915,8,2,0.010330,s8_p2_edge
1779104915,8,3,0.005212,edge_s8_p3
1779104915,7,1,0.010201,s7_p1_edge
1779104915,7,4,0.005070,edge_s7_p4
1779104915,7,2,0.010201,s7_p2_edge
1779104915,7,3,0.005136,edge_s7_p3
1779104915,32,1,0.031512,path_B
1779104915,32,4,0.013120,core_s32_p4
1779104915,32,2,0.013575,path_B
1779104915,32,3,0.013196,core_s32_p3
1779104915,16,4,0.011297,path_B
1779104915,16,1,0.029695,path_B
1779104915,16,2,0.012809,agg_s16_p2
1779104915,16,3,0.011251,agg_s16_p3
1779104915,23,4,0.014051,core_s23_p4
1779104915,23,1,0.014530,path_A
1779104915,23,2,0.014233,path_A
1779104915,23,3,0.013917,core_s23_p3
1779104915,1,4,0.008389,path_B
1779104915,1,1,0.016851,s1_p1_edge
1779104915,1,2,0.016837,s1_p2_edge
1779104915,1,3,0.025781,path_A
1779104915,21,4,0.011369,s21_p4_edge
1779104915,21,1,0.013037,core_s21_p1
1779104915,21,2,0.012911,core_s21_p2
1779104915,21,3,0.011409,core_s21_p3
1779104915,20,4,0.010862,core_s20_p4
1779104915,20,1,0.012448,core_s20_p1
1779104915,20,2,0.012505,core_s20_p2
1779104915,20,3,0.010938,core_s20_p3
1779104915,32,1,0.021533,path_B
1779104915,32,4,0.009421,core_s32_p4
1779104915,32,2,0.009459,path_B
1779104915,32,3,0.009312,core_s32_p3
1779104915,7,1,0.010604,s7_p1_edge
1779104915,7,4,0.005285,edge_s7_p4
1779104915,7,2,0.010604,s7_p2_edge
1779104915,7,3,0.005350,edge_s7_p3
1779104915,32,1,0.111103,path_B
1779104915,32,4,0.045668,core_s32_p4
1779104915,32,2,0.048726,path_B
1779104915,32,3,0.046622,core_s32_p3
1779104915,24,4,0.011342,s24_p4_edge
1779104915,24,1,0.011901,core_s24_p1
1779104915,24,2,0.011665,core_s24_p2
1779104915,24,3,0.011441,core_s24_p3
1779104915,9,4,0.012630,agg_s9_p4
1779104915,9,1,0.015012,path_A
1779104915,9,2,0.014439,agg_s9_p2
1779104915,9,3,0.012491,path_A
1779104915,3,4,0.016488,path_B
1779104915,3,1,0.016488,s3_p1_edge
1779104915,3,2,0.000010,s3_p2_edge
1779104915,3,3,0.000010,path_A
1779104915,25,1,0.011258,core_s25_p1
1779104915,25,4,0.010987,core_s25_p4
1779104915,25,2,0.011300,core_s25_p2
1779104915,25,3,0.010933,core_s25_p3
1779104915,19,4,0.012125,core_s19_p4
1779104915,19,1,0.013785,core_s19_p1
1779104915,19,2,0.013757,core_s19_p2
1779104915,19,3,0.012040,core_s19_p3
1779104915,21,4,0.008365,core_s21_p4
1779104915,21,1,0.009332,core_s21_p1
1779104915,21,2,0.009754,core_s21_p2
1779104915,21,3,0.008390,core_s21_p3
1779104915,9,4,0.009539,agg_s9_p4
1779104915,9,1,0.012014,path_A
1779104915,9,2,0.011104,agg_s9_p2
1779104915,9,3,0.009641,path_A
1779104915,4,4,0.005594,edge_s4_p4
1779104915,4,1,0.011074,s4_p1_edge
1779104915,4,2,0.011074,s4_p2_edge
1779104915,4,3,0.005486,edge_s4_p3
1779104915,25,1,0.015350,core_s25_p1
1779104915,25,4,0.015223,core_s25_p4
1779104915,25,2,0.015859,core_s25_p2
1779104915,25,3,0.014968,core_s25_p3
1779104915,19,4,0.014642,core_s19_p4
1779104915,19,1,0.016827,core_s19_p1
1779104915,19,2,0.016827,core_s19_p2
1779104915,19,3,0.014773,core_s19_p3
1779104920,21,4,0.010722,core_s21_p4
1779104920,21,1,0.012509,core_s21_p1
1779104920,21,2,0.012509,core_s21_p2
1779104920,21,3,0.010722,core_s21_p3
1779104920,9,4,0.013814,agg_s9_p4
1779104920,9,1,0.016969,path_A
1779104920,9,2,0.015903,agg_s9_p2
1779104920,9,3,0.014113,path_A
1779104920,17,4,0.011066,core_s17_p4
1779104920,17,1,0.017580,path_A
1779104920,17,2,0.013182,core_s17_p2
1779104920,17,3,0.010922,path_A
1779104920,18,4,0.025744,path_B
1779104920,18,1,0.015804,path_B
1779104920,18,2,0.011933,core_s18_p2
1779104920,18,3,0.009787,core_s18_p3
1779104920,21,4,0.013979,core_s21_p4
1779104920,21,1,0.015846,core_s21_p1
1779104920,21,2,0.016044,core_s21_p2
1779104920,21,3,0.014297,core_s21_p3
1779104920,25,1,0.009269,core_s25_p1
1779104920,25,4,0.009374,core_s25_p4
1779104920,25,2,0.009138,core_s25_p2
1779104920,25,3,0.009243,core_s25_p3
1779104920,19,4,0.008267,core_s19_p4
1779104920,19,1,0.009521,core_s19_p1
1779104920,19,2,0.009546,core_s19_p2
1779104920,19,3,0.008559,core_s19_p3
1779104920,22,1,0.011990,core_s22_p1
1779104920,22,4,0.010567,core_s22_p4
1779104920,22,2,0.012002,core_s22_p2
1779104920,22,3,0.010527,core_s22_p3
1779104920,17,4,0.010365,core_s17_p4
1779104920,17,1,0.016455,path_A
1779104920,17,2,0.012452,core_s17_p2
1779104920,17,3,0.010092,path_A
1779104920,9,4,0.009834,agg_s9_p4
1779104920,9,1,0.011885,path_A
1779104920,9,2,0.011492,agg_s9_p2
1779104920,9,3,0.010003,path_A
1779104920,21,4,0.015920,core_s21_p4
1779104920,21,1,0.018362,core_s21_p1
1779104920,21,2,0.017629,core_s21_p2
1779104920,21,3,0.015480,core_s21_p3
1779104920,19,4,0.020498,core_s19_p4
1779104920,19,1,0.023581,core_s19_p1
1779104920,19,2,0.023871,core_s19_p2
1779104920,19,3,0.020589,core_s19_p3
1779104920,16,4,0.011346,path_B
1779104920,16,1,0.029476,path_B
1779104920,16,2,0.012824,agg_s16_p2
1779104920,16,3,0.011313,agg_s16_p3
1779104920,25,1,0.012839,core_s25_p1
1779104920,25,4,0.012752,core_s25_p4
1779104920,25,2,0.013143,core_s25_p2
1779104920,25,3,0.012805,core_s25_p3
1779104920,22,1,0.018054,core_s22_p1
1779104920,22,4,0.016074,core_s22_p4
1779104920,22,2,0.017771,core_s22_p2
1779104920,22,3,0.015838,core_s22_p3
1779104920,23,4,0.011789,core_s23_p4
1779104920,23,1,0.011914,path_A
1779104920,23,2,0.012235,path_A
1779104920,23,3,0.011802,core_s23_p3
1779104920,17,4,0.010979,core_s17_p4
1779104920,17,1,0.017914,path_A
1779104920,17,2,0.013368,core_s17_p2
1779104920,17,3,0.011480,path_A
1779104920,25,1,0.022909,core_s25_p1
1779104920,25,4,0.023723,core_s25_p4
1779104920,25,2,0.023791,core_s25_p2
1779104920,25,3,0.023684,core_s25_p3
1779104920,16,4,0.021028,path_B
1779104920,16,1,0.053738,path_B
1779104920,16,2,0.023733,agg_s16_p2
1779104920,16,3,0.020782,agg_s16_p3
1779104920,9,4,0.010005,agg_s9_p4
1779104920,9,1,0.011765,path_A
1779104920,9,2,0.011302,agg_s9_p2
1779104920,9,3,0.010067,path_A
1779104920,24,4,0.014056,core_s24_p4
1779104920,24,1,0.014335,core_s24_p1
1779104920,24,2,0.014629,core_s24_p2
1779104920,24,3,0.014234,core_s24_p3
1779104920,22,1,0.019189,core_s22_p1
1779104920,22,4,0.016926,core_s22_p4
1779104920,22,2,0.019189,core_s22_p2
1779104920,22,3,0.016617,core_s22_p3
1779104920,20,4,0.011792,core_s20_p4
1779104920,20,1,0.013344,core_s20_p1
1779104920,20,2,0.013337,core_s20_p2
1779104920,20,3,0.011703,core_s20_p3
1779104920,5,4,0.005475,edge_s5_p4
1779104920,5,1,0.011004,s5_p1_edge
1779104920,5,2,0.011004,s5_p2_edge
1779104920,5,3,0.005529,edge_s5_p3
1779104920,23,4,0.020889,core_s23_p4
1779104920,23,1,0.021635,path_A
1779104920,23,2,0.021119,path_A
1779104920,23,3,0.020143,core_s23_p3
1779104920,1,4,0.007758,path_B
1779104920,1,1,0.015457,s1_p1_edge
1779104920,1,2,0.015451,s1_p2_edge
1779104920,1,3,0.023855,path_A
1779104920,19,4,0.008780,core_s19_p4
1779104920,19,1,0.010158,core_s19_p1
1779104920,19,2,0.010077,core_s19_p2
1779104920,19,3,0.008267,core_s19_p3
1779104920,20,4,0.044208,core_s20_p4
1779104920,20,1,0.051868,core_s20_p1
1779104920,20,2,0.051330,core_s20_p2
1779104920,20,3,0.046282,core_s20_p3
1779104920,2,1,0.010351,s2_p1_edge
1779104920,2,4,0.005194,edge_s2_p4
1779104920,2,2,0.010351,s2_p2_edge
1779104920,2,3,0.005170,edge_s2_p3
1779104920,16,4,0.012104,path_B
1779104920,16,1,0.031475,path_B
1779104920,16,2,0.013488,agg_s16_p2
1779104920,16,3,0.012031,agg_s16_p3
1779104920,32,1,0.027584,path_B
1779104920,32,4,0.011657,core_s32_p4
1779104920,32,2,0.011912,path_B
1779104920,32,3,0.011723,core_s32_p3
1779104920,3,4,0.015949,path_B
1779104920,3,1,0.015949,s3_p1_edge
1779104920,3,2,0.000009,s3_p2_edge
1779104920,3,3,0.000009,path_A
1779104920,6,1,0.010464,s6_p1_edge
1779104920,6,4,0.005228,edge_s6_p4
1779104920,6,2,0.010464,s6_p2_edge
1779104920,6,3,0.005236,edge_s6_p3
1779104920,22,1,0.015171,core_s22_p1
1779104920,22,4,0.013351,core_s22_p4
1779104920,22,2,0.015323,core_s22_p2
1779104920,22,3,0.013616,core_s22_p3
1779104920,24,4,0.010990,core_s24_p4
1779104920,24,1,0.011651,core_s24_p1
1779104920,24,2,0.011191,core_s24_p2
1779104920,24,3,0.010977,core_s24_p3
1779104920,17,4,0.007847,core_s17_p4
1779104920,17,1,0.012595,path_A
1779104920,17,2,0.009621,core_s17_p2
1779104920,17,3,0.007722,path_A
1779104920,8,4,0.005364,edge_s8_p4
1779104920,8,1,0.010700,s8_p1_edge
1779104920,8,2,0.010700,s8_p2_edge
1779104920,8,3,0.005342,edge_s8_p3
1779104920,20,4,0.010012,core_s20_p4
1779104920,20,1,0.011810,core_s20_p1
1779104920,20,2,0.011376,core_s20_p2
1779104920,20,3,0.010229,core_s20_p3
1779104920,23,4,0.010258,core_s23_p4
1779104920,23,1,0.010229,path_A
1779104920,23,2,0.010489,path_A
1779104920,23,3,0.009911,core_s23_p3
1779104920,24,4,0.019074,core_s24_p4
1779104920,24,1,0.020593,core_s24_p1
1779104920,24,2,0.020256,core_s24_p2
1779104920,24,3,0.019693,core_s24_p3
1779104920,16,4,0.013175,path_B
1779104920,16,1,0.035260,path_B
1779104920,16,2,0.015252,agg_s16_p2
1779104920,16,3,0.013175,agg_s16_p3
1779104920,3,4,0.019425,path_B
1779104920,3,1,0.019425,s3_p1_edge
1779104920,3,3,0.000058,path_A
1779104920,22,1,0.010487,core_s22_p1
1779104920,22,4,0.009072,core_s22_p4
1779104920,22,2,0.010265,core_s22_p2
1779104920,22,3,0.008545,core_s22_p3
1779104920,17,4,0.008476,core_s17_p4
1779104920,17,1,0.013897,path_A
1779104920,17,2,0.010554,core_s17_p2
1779104920,17,3,0.008807,path_A
1779104925,23,4,0.011418,core_s23_p4
1779104925,23,1,0.011525,path_A
1779104925,23,2,0.011645,path_A
1779104925,23,3,0.011196,core_s23_p3
1779104925,20,4,0.009272,core_s20_p4
1779104925,20,1,0.010750,core_s20_p1
1779104925,20,2,0.010777,core_s20_p2
1779104925,20,3,0.009633,core_s20_p3
1779104925,3,4,0.015040,path_B
1779104925,3,1,0.015040,s3_p1_edge
1779104925,16,4,0.008919,path_B
1779104925,16,1,0.023262,path_B
1779104925,16,2,0.010289,agg_s16_p2
1779104925,16,3,0.009311,agg_s16_p3
1779104925,18,4,0.025802,path_B
1779104925,18,1,0.015879,path_B
1779104925,18,2,0.011962,core_s18_p2
1779104925,18,3,0.009887,core_s18_p3
1779104925,7,1,0.010468,s7_p1_edge
1779104925,7,4,0.005257,edge_s7_p4
1779104925,7,2,0.010468,s7_p2_edge
1779104925,7,3,0.005218,edge_s7_p3
1779104925,24,4,0.007025,core_s24_p4
1779104925,24,1,0.007146,core_s24_p1
1779104925,24,2,0.007081,core_s24_p2
1779104925,24,3,0.007268,core_s24_p3
1779104925,20,4,0.011648,core_s20_p4
1779104925,20,1,0.012998,core_s20_p1
1779104925,20,2,0.013322,core_s20_p2
1779104925,20,3,0.011792,core_s20_p3
1779104925,23,4,0.010147,core_s23_p4
1779104925,23,1,0.010327,path_A
1779104925,23,2,0.010820,path_A
1779104925,23,3,0.010387,core_s23_p3
1779104925,24,4,0.041087,core_s24_p4
1779104925,24,1,0.042744,core_s24_p1
1779104925,24,2,0.043652,core_s24_p2
1779104925,24,3,0.042064,core_s24_p3
1779104925,21,4,0.012025,core_s21_p4
1779104925,21,1,0.013683,core_s21_p1
1779104925,21,2,0.013676,core_s21_p2
1779104925,21,3,0.011997,core_s21_p3
1779104925,3,4,0.016386,path_B
1779104925,3,1,0.016386,s3_p1_edge
1779104925,3,2,0.000046,s3_p2_edge
1779104925,4,4,0.005565,edge_s4_p4
1779104925,4,1,0.011150,s4_p1_edge
1779104925,4,2,0.011150,s4_p2_edge
1779104925,4,3,0.005592,edge_s4_p3
1779104925,3,4,0.019967,path_B
1779104925,3,1,0.019967,s3_p1_edge
1779104925,9,4,0.012040,agg_s9_p4
1779104925,9,1,0.014348,path_A
1779104925,9,2,0.013868,agg_s9_p2
1779104925,9,3,0.012346,path_A
1779104925,25,1,0.012169,core_s25_p1
1779104925,25,4,0.011984,core_s25_p4
1779104925,25,2,0.012414,s25_p2_edge
1779104925,25,3,0.011763,core_s25_p3
1779104925,19,4,0.011820,core_s19_p4
1779104925,19,1,0.013356,core_s19_p1
1779104925,19,2,0.013541,core_s19_p2
1779104925,19,3,0.011834,core_s19_p3
1779104925,1,4,0.007780,path_B
1779104925,1,1,0.015627,s1_p1_edge
1779104925,1,2,0.015601,s1_p2_edge
1779104925,1,3,0.024017,path_A
1779104925,32,1,0.028006,path_B
1779104925,32,4,0.011983,core_s32_p4
1779104925,32,2,0.012262,path_B
1779104925,32,3,0.011885,core_s32_p3
1779104925,1,4,0.010168,path_B
1779104925,1,1,0.020422,s1_p1_edge
1779104925,1,2,0.020422,s1_p2_edge
1779104925,1,3,0.031399,path_A
1779104925,17,4,0.011224,core_s17_p4
1779104925,17,1,0.018105,path_A
1779104925,17,2,0.013647,core_s17_p2
1779104925,17,3,0.011349,path_A
1779104925,1,4,0.008784,path_B
1779104925,1,1,0.018117,s1_p1_edge
1779104925,1,2,0.018078,s1_p2_edge
1779104925,1,3,0.028297,path_A
1779104930,22,1,0.012264,core_s22_p1
1779104930,22,4,0.010824,core_s22_p4
1779104930,22,2,0.012346,core_s22_p2
1779104930,22,3,0.010903,core_s22_p3
1779104930,5,4,0.005669,edge_s5_p4
1779104930,5,1,0.011337,s5_p1_edge
1779104930,5,2,0.011337,s5_p2_edge
1779104930,5,3,0.005674,edge_s5_p3
1779104930,18,4,0.028081,path_B
1779104930,18,1,0.017343,path_B
1779104930,18,2,0.013127,core_s18_p2
1779104930,18,3,0.010777,s18_p3_edge
1779104930,8,4,0.006027,edge_s8_p4
1779104930,8,1,0.012009,s8_p1_edge
1779104930,8,2,0.012009,s8_p2_edge
1779104930,8,3,0.005988,edge_s8_p3
1779104930,1,4,0.009374,path_B
1779104930,1,1,0.018914,s1_p1_edge
1779104930,1,2,0.018876,s1_p2_edge
1779104930,1,3,0.029318,path_A
1779104930,2,1,0.010500,s2_p1_edge
1779104930,2,4,0.005231,edge_s2_p4
1779104930,2,2,0.010500,s2_p2_edge
1779104930,2,3,0.005281,edge_s2_p3
1779104930,20,4,0.011951,core_s20_p4
1779104930,20,1,0.013752,core_s20_p1
1779104930,20,2,0.013717,core_s20_p2
1779104930,20,3,0.012042,core_s20_p3
1779104930,16,4,0.010253,path_B
1779104930,16,1,0.026535,path_B
1779104930,16,2,0.011494,agg_s16_p2
1779104930,16,3,0.010200,agg_s16_p3
1779104930,23,4,0.012343,core_s23_p4
1779104930,23,1,0.012539,path_A
1779104930,23,2,0.012878,path_A
1779104930,23,3,0.012495,core_s23_p3
1779104930,18,4,0.031433,path_B
1779104930,18,1,0.019254,path_B
1779104930,18,2,0.014189,core_s18_p2
1779104930,18,3,0.012220,s18_p3_edge
1779104930,24,4,0.012057,core_s24_p4
1779104930,24,1,0.012309,core_s24_p1
1779104930,24,2,0.012580,core_s24_p2
1779104930,24,3,0.012183,core_s24_p3
1779104930,6,1,0.010369,s6_p1_edge
1779104930,6,4,0.005183,edge_s6_p4
1779104930,6,2,0.010369,s6_p2_edge
1779104930,6,3,0.005192,edge_s6_p3
1779104930,21,4,0.011197,core_s21_p4
1779104930,21,1,0.012757,core_s21_p1
1779104930,21,2,0.012692,core_s21_p2
1779104930,21,3,0.011243,core_s21_p3
1779104930,3,4,0.017847,path_B
1779104930,3,1,0.017847,s3_p1_edge
1779104930,3,2,0.000010,s3_p2_edge
1779104930,3,3,0.000010,path_A
1779104930,1,4,0.006095,path_B
1779104930,1,1,0.012433,s1_p1_edge
1779104930,1,2,0.012433,s1_p2_edge
1779104930,1,3,0.018798,path_A
1779104930,9,4,0.011761,agg_s9_p4
1779104930,9,1,0.013916,path_A
1779104930,9,2,0.013675,agg_s9_p2
1779104930,9,3,0.011871,path_A
1779104930,25,1,0.013726,core_s25_p1
1779104930,25,4,0.013372,core_s25_p4
1779104930,25,2,0.014016,s25_p2_edge
1779104930,25,3,0.013453,core_s25_p3
1779104930,18,4,0.017849,path_B
1779104930,18,1,0.010872,path_B
1779104930,18,2,0.008150,core_s18_p2
1779104930,18,3,0.006778,s18_p3_edge
1779104930,19,4,0.011409,core_s19_p4
1779104930,19,1,0.013120,core_s19_p1
1779104930,19,2,0.013140,core_s19_p2
1779104930,19,3,0.011423,core_s19_p3
1779104930,32,1,0.027246,path_B
1779104930,32,4,0.011554,core_s32_p4
1779104930,32,2,0.011845,path_B
1779104930,32,3,0.011628,core_s32_p3
1779104930,7,1,0.009670,s7_p1_edge
1779104930,7,4,0.004812,edge_s7_p4
1779104930,7,2,0.009670,s7_p2_edge
1779104930,7,3,0.004863,edge_s7_p3
1779104930,18,4,0.016658,path_B
1779104930,18,1,0.010230,path_B
1779104930,18,2,0.007763,core_s18_p2
1779104930,18,3,0.006267,core_s18_p3
1779104930,4,4,0.005148,edge_s4_p4
1779104930,4,1,0.010267,s4_p1_edge
1779104930,4,2,0.010267,s4_p2_edge
1779104930,4,3,0.005119,edge_s4_p3
1779104935,18,4,0.030447,path_B
1779104935,18,1,0.018800,path_B
1779104935,18,2,0.014386,core_s18_p2
1779104935,18,3,0.011607,core_s18_p3
1779104935,17,4,0.008808,core_s17_p4
1779104935,17,1,0.014108,path_A
1779104935,17,2,0.010573,core_s17_p2
1779104935,17,3,0.008843,path_A
1779104935,22,1,0.012215,core_s22_p1
1779104935,22,4,0.010741,core_s22_p4
1779104935,22,2,0.012161,core_s22_p2
1779104935,22,3,0.010731,core_s22_p3
1779104935,16,4,0.011844,path_B
1779104935,16,1,0.031106,path_B
1779104935,16,2,0.013607,agg_s16_p2
1779104935,16,3,0.011934,agg_s16_p3
1779104935,23,4,0.011289,core_s23_p4
1779104935,23,1,0.011452,path_A
1779104935,23,2,0.011672,path_A
1779104935,23,3,0.011388,core_s23_p3
1779104935,24,4,0.010606,core_s24_p4
1779104935,24,1,0.010828,core_s24_p1
1779104935,24,2,0.011056,core_s24_p2
1779104935,24,3,0.010816,core_s24_p3
1779104935,20,4,0.009422,core_s20_p4
1779104935,20,1,0.010725,core_s20_p1
1779104935,20,2,0.010654,core_s20_p2
1779104935,20,3,0.009433,core_s20_p3
1779104935,3,4,0.014887,path_B
1779104935,3,1,0.014887,s3_p1_edge
1779104935,3,2,0.000009,s3_p2_edge
1779104935,3,3,0.000009,path_A
1779104935,1,4,0.007612,path_B
1779104935,1,1,0.015235,s1_p1_edge
1779104935,1,2,0.015216,s1_p2_edge
1779104935,1,3,0.023483,path_A
1779104935,21,4,0.010126,core_s21_p4
1779104935,21,1,0.011571,core_s21_p1
1779104935,21,2,0.011376,core_s21_p2
1779104935,21,3,0.009988,core_s21_p3
1779104935,9,4,0.010270,agg_s9_p4
1779104935,9,1,0.012243,path_A
1779104935,9,2,0.011778,agg_s9_p2
1779104935,9,3,0.010246,path_A
1779104935,5,4,0.005258,edge_s5_p4
1779104935,5,1,0.010519,s5_p1_edge
1779104935,5,2,0.010519,s5_p2_edge
1779104935,5,3,0.005267,edge_s5_p3
1779104935,19,4,0.010126,core_s19_p4
1779104935,19,1,0.011673,core_s19_p1
1779104935,19,2,0.011650,core_s19_p2
1779104935,19,3,0.010336,core_s19_p3
1779104935,25,1,0.009821,core_s25_p1
1779104935,25,4,0.009559,core_s25_p4
1779104935,25,2,0.009996,core_s25_p2
1779104935,25,3,0.009610,core_s25_p3
1779104935,32,1,0.027659,path_B
1779104935,32,4,0.011701,core_s32_p4
1779104935,32,2,0.011995,path_B
1779104935,32,3,0.011588,core_s32_p3
1779104935,8,4,0.004681,edge_s8_p4
1779104935,8,1,0.009361,s8_p1_edge
1779104935,8,2,0.009361,s8_p2_edge
1779104935,8,3,0.004685,edge_s8_p3
1779104935,2,1,0.009354,s2_p1_edge
1779104935,2,4,0.004746,edge_s2_p4
1779104935,2,2,0.009354,s2_p2_edge
1779104935,2,3,0.004614,edge_s2_p3
1779104940,17,4,0.010755,core_s17_p4
1779104940,17,1,0.017262,path_A
1779104940,17,2,0.013060,core_s17_p2
1779104940,17,3,0.010720,path_A
1779104940,22,1,0.014256,core_s22_p1
1779104940,22,4,0.012343,core_s22_p4
1779104940,22,2,0.014275,core_s22_p2
1779104940,22,3,0.012450,core_s22_p3
1779104940,18,4,0.026449,path_B
1779104940,18,1,0.016340,path_B
1779104940,18,2,0.012329,core_s18_p2
1779104940,18,3,0.010184,core_s18_p3
1779104940,6,1,0.009413,s6_p1_edge
1779104940,6,4,0.004711,edge_s6_p4
1779104940,6,2,0.009413,s6_p2_edge
1779104940,6,3,0.004707,edge_s6_p3
1779104940,16,4,0.010787,path_B
1779104940,16,1,0.028331,path_B
1779104940,16,2,0.012178,agg_s16_p2
1779104940,16,3,0.010751,agg_s16_p3
1779104940,20,4,0.013014,core_s20_p4
1779104940,20,1,0.014717,core_s20_p1
1779104940,20,2,0.014895,core_s20_p2
1779104940,20,3,0.012977,core_s20_p3
1779104940,24,4,0.012176,core_s24_p4
1779104940,24,1,0.012340,core_s24_p1
1779104940,24,2,0.012582,core_s24_p2
1779104940,24,3,0.012248,core_s24_p3
1779104940,23,4,0.011234,core_s23_p4
1779104940,23,1,0.011312,path_A
1779104940,23,2,0.011444,path_A
1779104940,23,3,0.011234,core_s23_p3
1779104940,7,1,0.010040,s7_p1_edge
1779104940,7,4,0.005051,edge_s7_p4
1779104940,7,2,0.010040,s7_p2_edge
1779104940,7,3,0.004995,edge_s7_p3
1779104940,1,4,0.007827,path_B
1779104940,1,1,0.015721,s1_p1_edge
1779104940,1,2,0.015708,s1_p2_edge
1779104940,1,3,0.024056,path_A
1779104940,21,4,0.010939,core_s21_p4
1779104940,21,1,0.012600,core_s21_p1
1779104940,21,2,0.012701,core_s21_p2
1779104940,21,3,0.011179,core_s21_p3
1779104940,3,4,0.015218,path_B
1779104940,3,1,0.015218,s3_p1_edge
1779104940,3,2,0.000009,s3_p2_edge
1779104940,3,3,0.000009,path_A
1779104940,4,4,0.005330,edge_s4_p4
1779104940,4,1,0.010628,s4_p1_edge
1779104940,4,2,0.010628,s4_p2_edge
1779104940,4,3,0.005304,edge_s4_p3
1779104940,9,4,0.010508,agg_s9_p4
1779104940,9,1,0.012553,path_A
1779104940,9,2,0.012071,agg_s9_p2
1779104940,9,3,0.010634,path_A
1779104940,5,4,0.007552,edge_s5_p4
1779104940,5,1,0.015077,s5_p1_edge
1779104940,5,2,0.015077,s5_p2_edge
1779104940,5,3,0.007534,edge_s5_p3
1779104940,19,4,0.011391,core_s19_p4
1779104940,19,1,0.013216,core_s19_p1
1779104940,19,2,0.013197,core_s19_p2
1779104940,19,3,0.011489,core_s19_p3
1779104940,25,1,0.012629,core_s25_p1
1779104940,25,4,0.012389,core_s25_p4
1779104940,25,2,0.012816,core_s25_p2
1779104940,25,3,0.012416,core_s25_p3
1779104940,32,1,0.028304,path_B
1779104940,32,4,0.012122,core_s32_p4
1779104940,32,2,0.012638,path_B
1779104940,32,3,0.012246,core_s32_p3
1779104945,18,4,0.025838,path_B
1779104945,18,1,0.015837,path_B
1779104945,18,2,0.011931,core_s18_p2
1779104945,18,3,0.009785,core_s18_p3
1779104945,17,4,0.009634,core_s17_p4
1779104945,17,1,0.015449,path_A
1779104945,17,2,0.011639,core_s17_p2
1779104945,17,3,0.009634,path_A
1779104945,22,1,0.012020,core_s22_p1
1779104945,22,4,0.010573,core_s22_p4
1779104945,22,2,0.011960,core_s22_p2
1779104945,22,3,0.010507,core_s22_p3
1779104945,6,1,0.014541,s6_p1_edge
1779104945,6,4,0.007310,edge_s6_p4
1779104945,6,2,0.014541,s6_p2_edge
1779104945,6,3,0.007239,edge_s6_p3
1779104945,23,4,0.013988,core_s23_p4
1779104945,23,1,0.014168,path_A
1779104945,23,2,0.014431,path_A
1779104945,23,3,0.014026,core_s23_p3
1779104945,16,4,0.011148,path_B
1779104945,16,1,0.029239,path_B
1779104945,16,2,0.012738,agg_s16_p2
1779104945,16,3,0.011174,agg_s16_p3
1779104945,24,4,0.012641,core_s24_p4
1779104945,24,1,0.012891,core_s24_p1
1779104945,24,2,0.012993,core_s24_p2
1779104945,24,3,0.012533,core_s24_p3
1779104945,20,4,0.010676,s20_p4_edge
1779104945,20,1,0.012089,core_s20_p1
1779104945,20,2,0.012144,core_s20_p2
1779104945,20,3,0.010756,core_s20_p3
1779104945,8,4,0.005160,edge_s8_p4
1779104945,8,1,0.010342,s8_p1_edge
1779104945,8,2,0.010342,s8_p2_edge
1779104945,8,3,0.005189,edge_s8_p3
1779104945,21,4,0.011780,core_s21_p4
1779104945,21,1,0.013269,core_s21_p1
1779104945,21,2,0.013309,core_s21_p2
1779104945,21,3,0.011603,core_s21_p3
1779104945,3,4,0.017188,path_B
1779104945,3,1,0.017188,s3_p1_edge
1779104945,3,2,0.000010,s3_p2_edge
1779104945,3,3,0.000020,path_A
1779104945,2,1,0.010409,s2_p1_edge
1779104945,2,4,0.005214,edge_s2_p4
1779104945,2,2,0.010409,s2_p2_edge
1779104945,2,3,0.005201,edge_s2_p3
1779104945,1,4,0.007920,path_B
1779104945,1,1,0.015819,s1_p1_edge
1779104945,1,2,0.015793,s1_p2_edge
1779104945,1,3,0.024519,path_A
1779104945,9,4,0.011910,agg_s9_p4
1779104945,9,1,0.014032,path_A
1779104945,9,2,0.013561,agg_s9_p2
1779104945,9,3,0.011917,path_A
1779104945,19,4,0.012142,core_s19_p4
1779104945,19,1,0.013704,core_s19_p1
1779104945,19,2,0.013858,core_s19_p2
1779104945,19,3,0.012260,core_s19_p3
1779104945,25,1,0.012051,core_s25_p1
1779104945,25,4,0.011853,core_s25_p4
1779104945,25,2,0.012275,core_s25_p2
1779104945,25,3,0.011738,core_s25_p3
1779104945,32,1,0.030193,path_B
1779104945,32,4,0.012812,core_s32_p4
1779104945,32,2,0.013146,path_B
1779104945,32,3,0.012819,s32_p3_edge
1779104950,18,4,0.028442,path_B
1779104950,18,1,0.017588,path_B
1779104950,18,2,0.013239,core_s18_p2
1779104950,18,3,0.011061,core_s18_p3
1779104950,4,4,0.005502,edge_s4_p4
1779104950,4,1,0.011015,s4_p1_edge
1779104950,4,2,0.011015,s4_p2_edge
1779104950,4,3,0.005520,edge_s4_p3
1779104950,7,1,0.010333,s7_p1_edge
1779104950,7,4,0.005169,edge_s7_p4
1779104950,7,2,0.010333,s7_p2_edge
1779104950,7,3,0.005169,edge_s7_p3
1779104950,17,4,0.009966,core_s17_p4
1779104950,17,1,0.016102,path_A
1779104950,17,2,0.012158,core_s17_p2
1779104950,17,3,0.010089,path_A
1779104950,22,1,0.012919,core_s22_p1
1779104950,22,4,0.011393,core_s22_p4
1779104950,22,2,0.012841,core_s22_p2
1779104950,22,3,0.011218,core_s22_p3
1779104950,5,4,0.005260,edge_s5_p4
1779104950,5,1,0.010539,s5_p1_edge
1779104950,5,2,0.010539,s5_p2_edge
1779104950,5,3,0.005291,edge_s5_p3
1779104950,16,4,0.010792,path_B
1779104950,16,1,0.028289,path_B
1779104950,16,2,0.012341,agg_s16_p2
1779104950,16,3,0.010842,agg_s16_p3
1779104950,23,4,0.011107,core_s23_p4
1779104950,23,1,0.011113,path_A
1779104950,23,2,0.011495,path_A
1779104950,23,3,0.011185,core_s23_p3
1779104950,20,4,0.011231,core_s20_p4
1779104950,20,1,0.012726,core_s20_p1
1779104950,20,2,0.012862,core_s20_p2
1779104950,20,3,0.011231,core_s20_p3
1779104950,21,4,0.011945,core_s21_p4
1779104950,21,1,0.013492,core_s21_p1
1779104950,21,2,0.013555,core_s21_p2
1779104950,21,3,0.011847,core_s21_p3
1779104950,6,1,0.012581,s6_p1_edge
1779104950,6,4,0.006302,edge_s6_p4
1779104950,6,2,0.012581,s6_p2_edge
1779104950,6,3,0.006294,edge_s6_p3
1779104950,1,4,0.008513,path_B
1779104950,1,1,0.017044,s1_p1_edge
1779104950,1,2,0.017010,s1_p2_edge
1779104950,1,3,0.026092,path_A
1779104950,24,4,0.010621,core_s24_p4
1779104950,24,1,0.010885,core_s24_p1
1779104950,24,2,0.010850,core_s24_p2
1779104950,24,3,0.010644,core_s24_p3
1779104950,3,4,0.014550,path_B
1779104950,3,1,0.014550,s3_p1_edge
1779104950,3,2,0.000008,s3_p2_edge
1779104950,3,3,0.000008,path_A
1779104950,9,4,0.010477,agg_s9_p4
1779104950,9,1,0.012235,path_A
1779104950,9,2,0.012068,agg_s9_p2
1779104950,9,3,0.010543,path_A
1779104950,19,4,0.010569,core_s19_p4
1779104950,19,1,0.011968,core_s19_p1
1779104950,19,2,0.012017,core_s19_p2
1779104950,19,3,0.010588,core_s19_p3
1779104950,25,1,0.012325,core_s25_p1
1779104950,25,4,0.012264,core_s25_p4
1779104950,25,2,0.012610,core_s25_p2
1779104950,25,3,0.012183,core_s25_p3
1779104950,32,1,0.026888,path_B
1779104950,32,4,0.011312,core_s32_p4
1779104950,32,2,0.011826,path_B
1779104950,32,3,0.011388,core_s32_p3
1779104955,17,4,0.009828,core_s17_p4
1779104955,17,1,0.015809,path_A
1779104955,17,2,0.011872,core_s17_p2
1779104955,17,3,0.009927,path_A
1779104955,18,4,0.023027,path_B
1779104955,18,1,0.014237,path_B
1779104955,18,2,0.010852,core_s18_p2
1779104955,18,3,0.008838,core_s18_p3
1779104955,8,4,0.004797,edge_s8_p4
1779104955,8,1,0.009639,s8_p1_edge
1779104955,8,2,0.009639,s8_p2_edge
1779104955,8,3,0.004848,edge_s8_p3
1779104955,22,1,0.012513,core_s22_p1
1779104955,22,4,0.010918,core_s22_p4
1779104955,22,2,0.012378,core_s22_p2
1779104955,22,3,0.010905,core_s22_p3
1779104955,2,1,0.009561,s2_p1_edge
1779104955,2,4,0.004843,edge_s2_p4
1779104955,2,2,0.009561,s2_p2_edge
1779104955,2,3,0.004718,edge_s2_p3
1779104955,16,4,0.011981,path_B
1779104955,16,1,0.030955,path_B
1779104955,16,2,0.013613,agg_s16_p2
1779104955,16,3,0.012158,agg_s16_p3
1779104955,20,4,0.011100,core_s20_p4
1779104955,20,1,0.012899,core_s20_p1
1779104955,20,2,0.012879,core_s20_p2
1779104955,20,3,0.011341,core_s20_p3
1779104955,23,4,0.011536,core_s23_p4
1779104955,23,1,0.011676,path_A
1779104955,23,2,0.011797,path_A
1779104955,23,3,0.011459,core_s23_p3
1779104955,21,4,0.011174,core_s21_p4
1779104955,21,1,0.012693,core_s21_p1
1779104955,21,2,0.012700,core_s21_p2
1779104955,21,3,0.011055,core_s21_p3
1779104955,24,4,0.011875,core_s24_p4
1779104955,24,1,0.011921,core_s24_p1
1779104955,24,2,0.012198,core_s24_p2
1779104955,24,3,0.011790,core_s24_p3
1779104955,1,4,0.007501,path_B
1779104955,1,1,0.014873,s1_p1_edge
1779104955,1,2,0.014861,s1_p2_edge
1779104955,1,3,0.022742,path_A
1779104955,3,4,0.016137,path_B
1779104955,3,1,0.016137,s3_p1_edge
1779104955,3,2,0.000010,s3_p2_edge
1779104955,3,3,0.000010,path_A
1779104955,25,1,0.013316,core_s25_p1
1779104955,25,4,0.013250,core_s25_p4
1779104955,25,2,0.013484,core_s25_p2
1779104955,25,3,0.013148,core_s25_p3
1779104955,4,4,0.005055,edge_s4_p4
1779104955,4,1,0.010017,s4_p1_edge
1779104955,4,2,0.010017,s4_p2_edge
1779104955,4,3,0.004969,edge_s4_p3
1779104955,6,1,0.013687,s6_p1_edge
1779104955,6,4,0.006825,edge_s6_p4
1779104955,6,2,0.013687,s6_p2_edge
1779104955,6,3,0.006870,edge_s6_p3
1779104955,9,4,0.011087,agg_s9_p4
1779104955,9,1,0.012654,path_A
1779104955,9,2,0.012589,agg_s9_p2
1779104955,9,3,0.011126,path_A
1779104955,19,4,0.011207,core_s19_p4
1779104955,19,1,0.012746,core_s19_p1
1779104955,19,2,0.012806,core_s19_p2
1779104955,19,3,0.011196,core_s19_p3
1779104955,7,1,0.009512,s7_p1_edge
1779104955,7,4,0.004759,edge_s7_p4
1779104955,7,2,0.009512,s7_p2_edge
1779104955,7,3,0.004759,edge_s7_p3
1779104955,32,1,0.026722,path_B
1779104955,32,4,0.011274,core_s32_p4
1779104955,32,2,0.011633,path_B
1779104955,32,3,0.011429,core_s32_p3
1779104960,5,4,0.004855,edge_s5_p4
1779104960,5,1,0.009748,s5_p1_edge
1779104960,5,2,0.009748,s5_p2_edge
1779104960,5,3,0.004899,edge_s5_p3
1779104960,18,4,0.028331,path_B
1779104960,18,1,0.017432,path_B
1779104960,18,2,0.013113,core_s18_p2
1779104960,18,3,0.010817,core_s18_p3
1779104960,17,4,0.009341,core_s17_p4
1779104960,17,1,0.015059,path_A
1779104960,17,2,0.011345,core_s17_p2
1779104960,17,3,0.009441,path_A
1779104960,22,1,0.011688,core_s22_p1
1779104960,22,4,0.010156,core_s22_p4
1779104960,22,2,0.011622,core_s22_p2
1779104960,22,3,0.010235,core_s22_p3
1779104960,16,4,0.010003,path_B
1779104960,16,1,0.025770,path_B
1779104960,16,2,0.011394,agg_s16_p2
1779104960,16,3,0.009991,agg_s16_p3
1779104960,20,4,0.010923,core_s20_p4
1779104960,20,1,0.012475,core_s20_p1
1779104960,20,2,0.012378,core_s20_p2
1779104960,20,3,0.010872,core_s20_p3
1779104960,23,4,0.011713,core_s23_p4
1779104960,23,1,0.011975,path_A
1779104960,23,2,0.012230,path_A
1779104960,23,3,0.011726,core_s23_p3
1779104960,21,4,0.010798,core_s21_p4
1779104960,21,1,0.012452,core_s21_p1
1779104960,21,2,0.012245,core_s21_p2
1779104960,21,3,0.010886,core_s21_p3
1779104960,24,4,0.011114,core_s24_p4
1779104960,24,1,0.011281,core_s24_p1
1779104960,24,2,0.011430,core_s24_p2
1779104960,24,3,0.011145,core_s24_p3
1779104960,8,4,0.005446,edge_s8_p4
1779104960,8,1,0.010894,s8_p1_edge
1779104960,8,2,0.010894,s8_p2_edge
1779104960,8,3,0.005455,edge_s8_p3
1779104960,3,4,0.015568,path_B
1779104960,3,1,0.015568,s3_p1_edge
1779104960,3,2,0.000009,s3_p2_edge
1779104960,3,3,0.000009,path_A
1779104960,1,4,0.007537,path_B
1779104960,1,1,0.015083,s1_p1_edge
1779104960,1,2,0.015052,s1_p2_edge
1779104960,1,3,0.022879,path_A
1779104960,6,1,0.015709,s6_p1_edge
1779104960,6,4,0.007827,edge_s6_p4
1779104960,6,2,0.015709,s6_p2_edge
1779104960,6,3,0.007891,edge_s6_p3
1779104960,9,4,0.010610,agg_s9_p4
1779104960,9,1,0.012542,path_A
1779104960,9,2,0.012310,agg_s9_p2
1779104960,9,3,0.010773,path_A
1779104960,25,1,0.010345,core_s25_p1
1779104960,25,4,0.010333,core_s25_p4
1779104960,25,2,0.010669,core_s25_p2
1779104960,25,3,0.010032,core_s25_p3
1779104960,19,4,0.009941,core_s19_p4
1779104960,19,1,0.011354,core_s19_p1
1779104960,19,2,0.011394,core_s19_p2
1779104960,19,3,0.010016,core_s19_p3
1779104960,4,4,0.006627,edge_s4_p4
1779104960,4,1,0.013284,s4_p1_edge
1779104960,4,2,0.013284,s4_p2_edge
1779104960,4,3,0.006665,edge_s4_p3
1779104960,2,1,0.009960,s2_p1_edge
1779104960,2,4,0.005025,edge_s2_p4
1779104960,2,2,0.009960,s2_p2_edge
1779104960,2,3,0.004941,edge_s2_p3
1779104965,32,1,0.026196,path_B
1779104965,32,4,0.011120,core_s32_p4
1779104965,32,2,0.011417,path_B
1779104965,32,3,0.011061,core_s32_p3
1779104965,17,4,0.008692,core_s17_p4
1779104965,17,1,0.013931,path_A
1779104965,17,2,0.010509,core_s17_p2
1779104965,17,3,0.008670,path_A
1779104965,18,4,0.020845,path_B
1779104965,18,1,0.012840,path_B
1779104965,18,2,0.009744,core_s18_p2
1779104965,18,3,0.007932,core_s18_p3
1779104965,22,1,0.012022,core_s22_p1
1779104965,22,4,0.010498,core_s22_p4
1779104965,22,2,0.011955,core_s22_p2
1779104965,22,3,0.010492,core_s22_p3
1779104965,5,4,0.004933,edge_s5_p4
1779104965,5,1,0.009869,s5_p1_edge
1779104965,5,2,0.009869,s5_p2_edge
1779104965,5,3,0.004941,edge_s5_p3
1779104965,23,4,0.010858,core_s23_p4
1779104965,23,1,0.010917,path_A
1779104965,23,2,0.011160,path_A
1779104965,23,3,0.010822,core_s23_p3
1779104965,7,1,0.009130,s7_p1_edge
1779104965,7,4,0.004568,edge_s7_p4
1779104965,7,2,0.009130,s7_p2_edge
1779104965,7,3,0.004568,edge_s7_p3
1779104965,16,4,0.009437,path_B
1779104965,16,1,0.024683,path_B
1779104965,16,2,0.010751,agg_s16_p2
1779104965,16,3,0.009332,agg_s16_p3
1779104965,6,1,0.017055,s6_p1_edge
1779104965,6,4,0.008612,edge_s6_p4
1779104965,6,2,0.017055,s6_p2_edge
1779104965,6,3,0.008453,edge_s6_p3
1779104965,21,4,0.008824,s21_p4_edge
1779104965,21,1,0.010098,core_s21_p1
1779104965,21,2,0.010131,core_s21_p2
1779104965,21,3,0.008957,core_s21_p3
1779104965,20,4,0.008988,core_s20_p4
1779104965,20,1,0.010332,core_s20_p1
1779104965,20,2,0.010301,core_s20_p2
1779104965,20,3,0.009099,core_s20_p3
1779104965,24,4,0.011101,s24_p4_edge
1779104965,24,1,0.011206,core_s24_p1
1779104965,24,2,0.011715,core_s24_p2
1779104965,24,3,0.011273,core_s24_p3
1779104965,9,4,0.010533,agg_s9_p4
1779104965,9,1,0.012308,path_A
1779104965,9,2,0.012190,agg_s9_p2
1779104965,9,3,0.010598,path_A
1779104965,3,4,0.014183,path_B
1779104965,3,1,0.014183,s3_p1_edge
1779104965,3,2,0.000008,s3_p2_edge
1779104965,3,3,0.000008,path_A
1779104965,1,4,0.006977,path_B
1779104965,1,1,0.013946,s1_p1_edge
1779104965,1,2,0.013946,s1_p2_edge
1779104965,1,3,0.021139,path_A
1779104965,25,1,0.010960,core_s25_p1
1779104965,25,4,0.011017,core_s25_p4
1779104965,25,2,0.011291,core_s25_p2
1779104965,25,3,0.010865,core_s25_p3
1779104970,19,4,0.010423,core_s19_p4
1779104970,19,1,0.011788,core_s19_p1
1779104970,19,2,0.011788,core_s19_p2
1779104970,19,3,0.010314,core_s19_p3
1779104970,32,1,0.024770,path_B
1779104970,32,4,0.010500,core_s32_p4
1779104970,32,2,0.010769,path_B
1779104970,32,3,0.010738,core_s32_p3
1779104970,4,4,0.006754,edge_s4_p4
1779104970,4,1,0.013477,s4_p1_edge
1779104970,4,2,0.013477,s4_p2_edge
1779104970,4,3,0.006732,edge_s4_p3
1779104970,18,4,0.029026,path_B
1779104970,18,1,0.017874,path_B
1779104970,18,2,0.013501,core_s18_p2
1779104970,18,3,0.010992,core_s18_p3
1779104970,17,4,0.009753,core_s17_p4
1779104970,17,1,0.015484,path_A
1779104970,17,2,0.011600,core_s17_p2
1779104970,17,3,0.009625,path_A
1779104970,4,4,0.005511,edge_s4_p4
1779104970,4,1,0.010909,s4_p1_edge
1779104970,4,2,0.010909,s4_p2_edge
1779104970,4,3,0.005430,edge_s4_p3
1779104970,22,1,0.011762,core_s22_p1
1779104970,22,4,0.010377,core_s22_p4
1779104970,22,2,0.011578,core_s22_p2
1779104970,22,3,0.010174,core_s22_p3
1779104970,8,4,0.004555,edge_s8_p4
1779104970,8,1,0.009206,s8_p1_edge
1779104970,8,2,0.009206,s8_p2_edge
1779104970,8,3,0.004656,edge_s8_p3
1779104970,16,4,0.011902,path_B
1779104970,16,1,0.031262,path_B
1779104970,16,2,0.013632,agg_s16_p2
1779104970,16,3,0.012039,agg_s16_p3
1779104970,20,4,0.012490,core_s20_p4
1779104970,20,1,0.014141,core_s20_p1
1779104970,20,2,0.014188,core_s20_p2
1779104970,20,3,0.012497,core_s20_p3
1779104970,23,4,0.011327,core_s23_p4
1779104970,23,1,0.011453,path_A
1779104970,23,2,0.011678,path_A
1779104970,23,3,0.011413,core_s23_p3
1779104970,21,4,0.011690,s21_p4_edge
1779104970,21,1,0.013434,core_s21_p1
1779104970,21,2,0.013361,core_s21_p2
1779104970,21,3,0.011698,core_s21_p3
1779104970,4,4,0.005329,edge_s4_p4
1779104970,4,1,0.010892,s4_p1_edge
1779104970,4,2,0.010892,s4_p2_edge
1779104970,4,3,0.005563,edge_s4_p3
1779104970,2,1,0.009255,s2_p1_edge
1779104970,2,4,0.004681,edge_s2_p4
1779104970,2,2,0.009255,s2_p2_edge
1779104970,2,3,0.004580,edge_s2_p3
1779104970,5,4,0.007404,edge_s5_p4
1779104970,5,1,0.014787,s5_p1_edge
1779104970,5,2,0.014787,s5_p2_edge
1779104970,5,3,0.007392,edge_s5_p3
1779104970,24,4,0.011315,s24_p4_edge
1779104970,24,1,0.011388,core_s24_p1
1779104970,24,2,0.011758,core_s24_p2
1779104970,24,3,0.011335,core_s24_p3
1779104970,6,1,0.015044,s6_p1_edge
1779104970,6,4,0.007530,edge_s6_p4
1779104970,6,2,0.015044,s6_p2_edge
1779104970,6,3,0.007523,edge_s6_p3
1779104970,9,4,0.010525,agg_s9_p4
1779104970,9,1,0.012139,path_A
1779104970,9,2,0.012085,agg_s9_p2
1779104970,9,3,0.010539,path_A
1779104970,25,1,0.012147,core_s25_p1
1779104970,25,4,0.012261,core_s25_p4
1779104970,25,2,0.012318,core_s25_p2
1779104970,25,3,0.011969,core_s25_p3
1779104970,1,4,0.008291,path_B
1779104970,1,1,0.016632,s1_p1_edge
1779104970,1,2,0.016626,s1_p2_edge
1779104970,1,3,0.025387,path_A
1779104970,3,4,0.014845,s3_p4_edge
1779104970,3,1,0.014845,s3_p1_edge
1779104970,3,2,0.000009,s3_p2_edge
1779104970,3,3,0.000009,path_A
1779104975,19,4,0.010658,core_s19_p4
1779104975,19,1,0.012169,core_s19_p1
1779104975,19,2,0.012250,core_s19_p2
1779104975,19,3,0.010711,core_s19_p3
1779104975,4,4,0.005404,edge_s4_p4
1779104975,4,1,0.010747,s4_p1_edge
1779104975,4,2,0.010747,s4_p2_edge
1779104975,4,3,0.005374,edge_s4_p3
1779104975,32,1,0.026994,path_B
1779104975,32,4,0.011327,core_s32_p4
1779104975,32,2,0.011683,path_B
1779104975,32,3,0.011560,core_s32_p3
1779104975,6,1,0.010373,s6_p1_edge
1779104975,6,4,0.005186,edge_s6_p4
1779104975,6,2,0.010373,s6_p2_edge
1779104975,6,3,0.005186,edge_s6_p3
1779104975,7,1,0.010186,s7_p1_edge
1779104975,7,4,0.005108,edge_s7_p4
1779104975,7,2,0.010186,s7_p2_edge
1779104975,7,3,0.005084,edge_s7_p3
1779104975,17,4,0.010379,core_s17_p4
1779104975,17,1,0.016648,path_A
1779104975,17,2,0.012564,core_s17_p2
1779104975,17,3,0.010364,path_A
1779104975,4,4,0.005897,edge_s4_p4
1779104975,4,1,0.011603,s4_p1_edge
1779104975,4,2,0.011603,s4_p2_edge
1779104975,4,3,0.005671,edge_s4_p3
1779104975,22,1,0.014215,core_s22_p1
1779104975,22,4,0.012382,core_s22_p4
1779104975,22,2,0.014215,core_s22_p2
1779104975,22,3,0.012350,core_s22_p3
1779104975,18,4,0.025084,path_B
1779104975,18,1,0.015388,s18_p1_edge
1779104975,18,2,0.011592,core_s18_p2
1779104975,18,3,0.009547,core_s18_p3
1779104975,6,1,0.010118,s6_p1_edge
1779104975,6,4,0.005096,edge_s6_p4
1779104975,6,2,0.010118,s6_p2_edge
1779104975,6,3,0.005022,edge_s6_p3
1779104975,16,4,0.012620,path_B
1779104975,16,1,0.032331,path_B
1779104975,16,2,0.014329,agg_s16_p2
1779104975,16,3,0.012553,agg_s16_p3
1779104975,6,1,0.058792,s6_p1_edge
1779104975,6,4,0.030269,edge_s6_p4
1779104975,6,2,0.058792,s6_p2_edge
1779104975,6,3,0.028523,edge_s6_p3
1779104975,20,4,0.010679,core_s20_p4
1779104975,20,1,0.012204,core_s20_p1
1779104975,20,2,0.012198,core_s20_p2
1779104975,20,3,0.010693,core_s20_p3
1779104975,23,4,0.011497,core_s23_p4
1779104975,23,1,0.011296,path_A
1779104975,23,2,0.011638,s23_p2_edge
1779104975,23,3,0.011356,core_s23_p3
1779104975,21,4,0.011232,core_s21_p4
1779104975,21,1,0.012599,core_s21_p1
1779104975,21,2,0.012593,core_s21_p2
1779104975,21,3,0.011112,core_s21_p3
1779104975,6,1,0.014554,s6_p1_edge
1779104975,6,4,0.006961,edge_s6_p4
1779104975,6,2,0.014554,s6_p2_edge
1779104975,6,3,0.007639,edge_s6_p3
1779104975,24,4,0.012136,core_s24_p4
1779104975,24,1,0.012107,core_s24_p1
1779104975,24,2,0.012364,core_s24_p2
1779104975,24,3,0.012079,core_s24_p3
1779104975,3,4,0.017674,path_B
1779104975,3,1,0.017674,s3_p1_edge
1779104975,3,2,0.000011,s3_p2_edge
1779104975,3,3,0.000011,path_A
1779104975,9,4,0.011329,agg_s9_p4
1779104975,9,1,0.013185,path_A
1779104975,9,2,0.013082,agg_s9_p2
1779104975,9,3,0.011356,path_A
1779104975,1,4,0.007929,path_B
1779104975,1,1,0.015725,s1_p1_edge
1779104975,1,2,0.015697,s1_p2_edge
1779104975,1,3,0.023906,path_A
1779104975,19,4,0.012010,core_s19_p4
1779104975,19,1,0.013746,core_s19_p1
1779104975,19,2,0.013775,core_s19_p2
1779104975,19,3,0.011981,core_s19_p3
1779104975,25,1,0.011440,core_s25_p1
1779104975,25,4,0.011434,core_s25_p4
1779104975,25,2,0.011828,core_s25_p2
1779104975,25,3,0.011460,core_s25_p3
1779104975,5,4,0.006867,edge_s5_p4
1779104975,5,1,0.013783,s5_p1_edge
1779104975,5,2,0.013783,s5_p2_edge
1779104975,5,3,0.006924,edge_s5_p3
1779104980,32,1,0.030489,path_B
1779104980,32,4,0.012985,core_s32_p4
1779104980,32,2,0.013399,path_B
1779104980,32,3,0.012955,core_s32_p3
1779104980,8,4,0.005334,edge_s8_p4
1779104980,8,1,0.010749,s8_p1_edge
1779104980,8,2,0.010749,s8_p2_edge
1779104980,8,3,0.005422,edge_s8_p3
1779104980,17,4,0.010691,core_s17_p4
1779104980,17,1,0.017134,path_A
1779104980,17,2,0.012874,core_s17_p2
1779104980,17,3,0.010712,path_A
1779104980,5,4,0.005145,edge_s5_p4
1779104980,5,1,0.010057,s5_p1_edge
1779104980,5,2,0.010057,s5_p2_edge
1779104980,5,3,0.004912,edge_s5_p3
1779104980,8,4,0.004894,edge_s8_p4
1779104980,8,1,0.009862,s8_p1_edge
1779104980,8,2,0.009862,s8_p2_edge
1779104980,8,3,0.004997,edge_s8_p3
1779104980,2,1,0.010043,s2_p1_edge
1779104980,2,4,0.005086,edge_s2_p4
1779104980,2,2,0.010043,s2_p2_edge
1779104980,2,3,0.004963,edge_s2_p3
1779104980,22,1,0.011984,core_s22_p1
1779104980,22,4,0.010612,core_s22_p4
1779104980,22,2,0.012149,core_s22_p2
1779104980,22,3,0.010555,core_s22_p3
1779104980,18,4,0.024025,path_B
1779104980,18,1,0.014768,path_B
1779104980,18,2,0.011141,core_s18_p2
1779104980,18,3,0.009154,core_s18_p3
1779104980,16,4,0.010162,path_B
1779104980,16,1,0.026283,path_B
1779104980,16,2,0.011699,agg_s16_p2
1779104980,16,3,0.010162,agg_s16_p3
1779104980,23,4,0.013030,core_s23_p4
1779104980,23,1,0.012993,path_A
1779104980,23,2,0.013530,path_A
1779104980,23,3,0.012941,core_s23_p3
1779104980,5,4,0.004529,edge_s5_p4
1779104980,5,1,0.009060,s5_p1_edge
1779104980,5,2,0.009060,s5_p2_edge
1779104980,5,3,0.004559,edge_s5_p3
1779104980,20,4,0.011431,core_s20_p4
1779104980,20,1,0.013038,core_s20_p1
1779104980,20,2,0.013183,core_s20_p2
1779104980,20,3,0.011569,core_s20_p3
1779104980,21,4,0.011686,core_s21_p4
1779104980,21,1,0.013226,core_s21_p1
1779104980,21,2,0.013026,core_s21_p2
1779104980,21,3,0.011744,core_s21_p3
1779104980,24,4,0.012942,core_s24_p4
1779104980,24,1,0.013053,core_s24_p1
1779104980,24,2,0.013526,core_s24_p2
1779104980,24,3,0.013075,core_s24_p3
1779104980,8,4,0.004669,edge_s8_p4
1779104980,8,1,0.009501,s8_p1_edge
1779104980,8,2,0.009501,s8_p2_edge
1779104980,8,3,0.004832,edge_s8_p3
1779104980,3,4,0.016756,path_B
1779104980,3,1,0.016746,s3_p1_edge
1779104980,3,2,0.000010,s3_p2_edge
1779104980,3,3,0.000010,path_A
1779104980,9,4,0.011712,agg_s9_p4
1779104980,9,1,0.013550,path_A
1779104980,9,2,0.013536,agg_s9_p2
1779104980,9,3,0.011770,path_A
1779104980,4,4,0.005560,edge_s4_p4
1779104980,4,1,0.011186,s4_p1_edge
1779104980,4,2,0.011186,s4_p2_edge
1779104980,4,3,0.005633,edge_s4_p3
1779104980,1,4,0.008054,path_B
1779104980,1,1,0.016027,s1_p1_edge
1779104980,1,2,0.015991,s1_p2_edge
1779104980,1,3,0.024282,path_A
1779104980,19,4,0.011608,core_s19_p4
1779104980,19,1,0.013231,core_s19_p1
1779104980,19,2,0.013418,core_s19_p2
1779104980,19,3,0.011680,core_s19_p3
1779104980,25,1,0.012560,core_s25_p1
1779104980,25,4,0.012593,core_s25_p4
1779104980,25,2,0.012890,core_s25_p2
1779104980,25,3,0.012448,core_s25_p3
1779104980,6,1,0.014423,s6_p1_edge
1779104980,6,4,0.007248,edge_s6_p4
1779104980,6,2,0.014423,s6_p2_edge
1779104980,6,3,0.007184,edge_s6_p3
1779104980,7,1,0.010010,s7_p1_edge
1779104980,7,4,0.004990,edge_s7_p4
1779104980,7,2,0.010010,s7_p2_edge
1779104980,7,3,0.005027,edge_s7_p3
1779104980,5,4,0.005166,edge_s5_p4
1779104980,5,1,0.010361,s5_p1_edge
1779104980,5,2,0.010361,s5_p2_edge
1779104980,5,3,0.005166,edge_s5_p3
1779104985,8,4,0.005031,edge_s8_p4
1779104985,8,1,0.010081,s8_p1_edge
1779104985,8,2,0.010081,s8_p2_edge
1779104985,8,3,0.005051,edge_s8_p3
1779104985,32,1,0.027272,path_B
1779104985,32,4,0.011657,core_s32_p4
1779104985,32,2,0.012021,path_B
1779104985,32,3,0.011641,core_s32_p3
1779104985,5,4,0.005249,edge_s5_p4
1779104985,5,1,0.010499,s5_p1_edge
1779104985,5,2,0.010499,s5_p2_edge
1779104985,5,3,0.005282,edge_s5_p3
1779104985,18,4,0.030956,path_B
1779104985,18,1,0.019068,path_B
1779104985,18,2,0.014382,core_s18_p2
1779104985,18,3,0.011858,core_s18_p3
1779104985,17,4,0.009099,core_s17_p4
1779104985,17,1,0.014722,path_A
1779104985,17,2,0.011103,core_s17_p2
1779104985,17,3,0.009252,path_A
1779104985,22,1,0.013363,core_s22_p1
1779104985,22,4,0.011894,core_s22_p4
1779104985,22,2,0.013283,core_s22_p2
1779104985,22,3,0.011670,core_s22_p3
1779104985,8,4,0.004854,edge_s8_p4
1779104985,8,1,0.009502,s8_p1_edge
1779104985,8,2,0.009502,s8_p2_edge
1779104985,8,3,0.004648,edge_s8_p3
1779104985,20,4,0.011657,core_s20_p4
1779104985,20,1,0.013473,core_s20_p1
1779104985,20,2,0.013364,core_s20_p2
1779104985,20,3,0.011787,core_s20_p3
1779104985,16,4,0.010906,path_B
1779104985,16,1,0.028228,path_B
1779104985,16,2,0.012484,agg_s16_p2
1779104985,16,3,0.011014,agg_s16_p3
1779104985,23,4,0.011123,core_s23_p4
1779104985,23,1,0.011187,path_A
1779104985,23,2,0.011575,path_A
1779104985,23,3,0.011103,core_s23_p3
1779104985,21,4,0.011631,core_s21_p4
1779104985,21,1,0.013166,core_s21_p1
1779104985,21,2,0.013024,core_s21_p2
1779104985,21,3,0.011468,core_s21_p3
1779104985,24,4,0.010917,core_s24_p4
1779104985,24,1,0.011012,core_s24_p1
1779104985,24,2,0.011247,core_s24_p2
1779104985,24,3,0.010867,core_s24_p3
1779104985,3,4,0.015789,path_B
1779104985,3,1,0.015798,s3_p1_edge
1779104985,3,2,0.000019,s3_p2_edge
1779104985,3,3,0.000010,path_A
1779104985,9,4,0.011808,agg_s9_p4
1779104985,9,1,0.013381,path_A
1779104985,9,2,0.013416,agg_s9_p2
1779104985,9,3,0.011829,path_A
1779104985,1,4,0.008456,path_B
1779104985,1,1,0.017097,s1_p1_edge
1779104985,1,2,0.017097,s1_p2_edge
1779104985,1,3,0.025976,path_A
1779104985,25,1,0.011833,core_s25_p1
1779104985,25,4,0.011707,core_s25_p4
1779104985,25,2,0.011975,core_s25_p2
1779104985,25,3,0.011536,core_s25_p3
1779104985,6,1,0.015763,s6_p1_edge
1779104985,6,4,0.007867,edge_s6_p4
1779104985,6,2,0.015763,s6_p2_edge
1779104985,6,3,0.007905,edge_s6_p3
1779104985,19,4,0.010292,core_s19_p4
1779104985,19,1,0.011576,core_s19_p1
1779104985,19,2,0.011609,core_s19_p2
1779104985,19,3,0.010141,core_s19_p3
1779104990,2,1,0.010054,s2_p1_edge
1779104990,2,4,0.005059,edge_s2_p4
1779104990,2,2,0.010054,s2_p2_edge
1779104990,2,3,0.005001,edge_s2_p3
1779104990,32,1,0.027849,path_B
1779104990,32,4,0.011721,core_s32_p4
1779104990,32,2,0.012218,path_B
1779104990,32,3,0.011924,core_s32_p3
1779104990,17,4,0.011404,core_s17_p4
1779104990,17,1,0.018494,path_A
1779104990,17,2,0.013999,core_s17_p2
1779104990,17,3,0.011595,path_A
1779104990,22,1,0.013850,core_s22_p1
1779104990,22,4,0.012191,core_s22_p4
1779104990,22,2,0.013886,core_s22_p2
1779104990,22,3,0.011954,core_s22_p3
1779104990,4,4,0.005589,edge_s4_p4
1779104990,4,1,0.011157,s4_p1_edge
1779104990,4,2,0.011157,s4_p2_edge
1779104990,4,3,0.005575,edge_s4_p3
1779104990,18,4,0.024284,path_B
1779104990,18,1,0.014954,path_B
1779104990,18,2,0.011278,core_s18_p2
1779104990,18,3,0.009314,core_s18_p3
1779104990,16,4,0.011931,path_B
1779104990,16,1,0.031050,path_B
1779104990,16,2,0.013603,agg_s16_p2
1779104990,16,3,0.012116,agg_s16_p3
1779104990,7,1,0.010253,s7_p1_edge
1779104990,7,4,0.005163,edge_s7_p4
1779104990,7,2,0.010253,s7_p2_edge
1779104990,7,3,0.005096,edge_s7_p3
1779104990,23,4,0.013224,core_s23_p4
1779104990,23,1,0.013302,path_A
1779104990,23,2,0.013804,path_A
1779104990,23,3,0.013361,core_s23_p3
1779104990,20,4,0.010879,core_s20_p4
1779104990,20,1,0.012433,core_s20_p1
1779104990,20,2,0.012433,core_s20_p2
1779104990,20,3,0.010963,core_s20_p3
1779104990,21,4,0.011651,core_s21_p4
1779104990,21,1,0.013186,core_s21_p1
1779104990,21,2,0.013091,core_s21_p2
1779104990,21,3,0.011624,core_s21_p3
1779104990,1,4,0.008417,path_B
1779104990,1,1,0.016941,s1_p1_edge
1779104990,1,2,0.016912,s1_p2_edge
1779104990,1,3,0.025626,path_A
1779104990,24,4,0.012213,core_s24_p4
1779104990,24,1,0.012401,core_s24_p1
1779104990,24,2,0.012674,core_s24_p2
1779104990,24,3,0.012422,core_s24_p3
1779104990,3,4,0.015975,path_B
1779104990,3,1,0.015975,s3_p1_edge
1779104990,3,2,0.000009,s3_p2_edge
1779104990,3,3,0.000009,path_A
1779104990,5,4,0.005270,edge_s5_p4
1779104990,5,1,0.010486,s5_p1_edge
1779104990,5,2,0.010486,s5_p2_edge
1779104990,5,3,0.005222,edge_s5_p3
1779104990,9,4,0.010707,agg_s9_p4
1779104990,9,1,0.012337,path_A
1779104990,9,2,0.012255,agg_s9_p2
1779104990,9,3,0.010719,path_A
1779104990,25,1,0.012490,core_s25_p1
1779104990,25,4,0.012559,core_s25_p4
1779104990,25,2,0.012960,core_s25_p2
1779104990,25,3,0.012435,core_s25_p3
1779104990,19,4,0.012526,core_s19_p4
1779104990,19,1,0.014345,core_s19_p1
1779104990,19,2,0.014340,core_s19_p2
1779104990,19,3,0.012649,core_s19_p3
1779104990,8,4,0.005267,edge_s8_p4
1779104990,8,1,0.010550,s8_p1_edge
1779104990,8,2,0.010550,s8_p2_edge
1779104990,8,3,0.005289,edge_s8_p3
1779104995,32,1,0.028108,path_B
1779104995,32,4,0.011952,core_s32_p4
1779104995,32,2,0.012343,path_B
1779104995,32,3,0.012039,core_s32_p3
1779104995,18,4,0.032218,path_B
1779104995,18,1,0.019855,path_B
1779104995,18,2,0.015057,core_s18_p2
1779104995,18,3,0.012333,core_s18_p3
1779104995,6,1,0.013702,s6_p1_edge
1779104995,6,4,0.006874,edge_s6_p4
1779104995,6,2,0.013702,s6_p2_edge
1779104995,6,3,0.006836,edge_s6_p3
1779104995,17,4,0.009982,core_s17_p4
1779104995,17,1,0.016114,path_A
1779104995,17,2,0.012161,core_s17_p2
1779104995,17,3,0.010104,path_A
1779104995,2,1,0.013606,s2_p1_edge
1779104995,2,4,0.006798,edge_s2_p4
1779104995,2,2,0.013606,s2_p2_edge
1779104995,2,3,0.006815,edge_s2_p3
1779104995,22,1,0.012240,core_s22_p1
1779104995,22,4,0.010729,core_s22_p4
1779104995,22,2,0.012122,core_s22_p2
1779104995,22,3,0.010442,core_s22_p3
1779104995,23,4,0.012843,core_s23_p4
1779104995,23,1,0.012864,path_A
1779104995,23,2,0.013296,path_A
1779104995,23,3,0.012793,core_s23_p3
1779104995,16,4,0.011736,path_B
1779104995,16,1,0.030292,path_B
1779104995,16,2,0.013277,agg_s16_p2
1779104995,16,3,0.011750,agg_s16_p3
1779104995,2,1,0.010546,s2_p1_edge
1779104995,2,4,0.005394,edge_s2_p4
1779104995,2,2,0.010546,s2_p2_edge
1779104995,2,3,0.005152,edge_s2_p3
1779104995,21,4,0.012005,core_s21_p4
1779104995,21,1,0.013632,core_s21_p1
1779104995,21,2,0.013697,core_s21_p2
1779104995,21,3,0.011940,core_s21_p3
1779104995,20,4,0.011704,core_s20_p4
1779104995,20,1,0.013349,core_s20_p1
1779104995,20,2,0.013411,core_s20_p2
1779104995,20,3,0.011701,core_s20_p3
1779104995,24,4,0.013445,core_s24_p4
1779104995,24,1,0.013515,core_s24_p1
1779104995,24,2,0.013824,core_s24_p2
1779104995,24,3,0.013356,core_s24_p3
1779104995,1,4,0.008268,path_B
1779104995,1,1,0.016466,s1_p1_edge
1779104995,1,2,0.016462,s1_p2_edge
1779104995,1,3,0.024909,path_A
1779104995,9,4,0.012689,agg_s9_p4
1779104995,9,1,0.014643,path_A
1779104995,9,2,0.014598,agg_s9_p2
1779104995,9,3,0.012704,path_A
1779104995,3,4,0.016794,path_B
1779104995,3,1,0.016794,s3_p1_edge
1779104995,3,2,0.000010,s3_p2_edge
1779104995,3,3,0.000010,path_A
1779104995,4,4,0.005599,edge_s4_p4
1779104995,4,1,0.011175,s4_p1_edge
1779104995,4,2,0.011175,s4_p2_edge
1779104995,4,3,0.005582,edge_s4_p3
1779104995,19,4,0.010474,core_s19_p4
1779104995,19,1,0.011830,core_s19_p1
1779104995,19,2,0.012019,core_s19_p2
1779104995,19,3,0.010430,core_s19_p3
1779104995,2,1,0.007416,s2_p1_edge
1779104995,2,4,0.003756,edge_s2_p4
1779104995,2,2,0.007416,s2_p2_edge
1779104995,2,3,0.003683,edge_s2_p3
1779105000,25,1,0.010649,core_s25_p1
1779105000,25,4,0.010649,core_s25_p4
1779105000,25,2,0.010857,core_s25_p2
1779105000,25,3,0.010500,core_s25_p3
1779105000,32,1,0.028193,path_B
1779105000,32,4,0.011830,core_s32_p4
1779105000,32,2,0.012214,path_B
1779105000,32,3,0.011843,core_s32_p3
1779105000,7,1,0.009779,s7_p1_edge
1779105000,7,4,0.004850,edge_s7_p4
1779105000,7,2,0.009779,s7_p2_edge
1779105000,7,3,0.004934,edge_s7_p3
1779105000,17,4,0.009256,core_s17_p4
1779105000,17,1,0.014890,path_A
1779105000,17,2,0.011184,core_s17_p2
1779105000,17,3,0.009349,path_A
1779105000,2,1,0.010432,s2_p1_edge
1779105000,2,4,0.005194,edge_s2_p4
1779105000,2,2,0.010432,s2_p2_edge
1779105000,2,3,0.005268,edge_s2_p3
1779105000,18,4,0.022090,path_B
1779105000,18,1,0.013573,path_B
1779105000,18,2,0.010250,core_s18_p2
1779105000,18,3,0.008373,core_s18_p3
1779105000,22,1,0.013267,core_s22_p1
1779105000,22,4,0.011781,core_s22_p4
1779105000,22,2,0.013337,core_s22_p2
1779105000,22,3,0.011557,core_s22_p3
1779105000,6,1,0.013874,s6_p1_edge
1779105000,6,4,0.006947,edge_s6_p4
1779105000,6,2,0.013874,s6_p2_edge
1779105000,6,3,0.006936,edge_s6_p3
1779105000,5,4,0.005053,edge_s5_p4
1779105000,5,1,0.010166,s5_p1_edge
1779105000,5,2,0.010166,s5_p2_edge
1779105000,5,3,0.005119,edge_s5_p3
1779105000,7,1,0.010635,s7_p1_edge
1779105000,7,4,0.005553,edge_s7_p4
1779105000,7,2,0.010667,s7_p2_edge
1779105000,7,3,0.005114,edge_s7_p3
1779105000,20,4,0.011477,core_s20_p4
1779105000,20,1,0.013101,core_s20_p1
1779105000,20,2,0.013026,core_s20_p2
1779105000,20,3,0.011367,core_s20_p3
1779105000,2,1,0.010594,s2_p1_edge
1779105000,2,4,0.005258,edge_s2_p4
1779105000,2,2,0.010594,s2_p2_edge
1779105000,2,3,0.005304,edge_s2_p3
1779105000,16,4,0.010240,path_B
1779105000,16,1,0.026629,path_B
1779105000,16,2,0.011683,agg_s16_p2
1779105000,16,3,0.010246,agg_s16_p3
1779105000,8,4,0.004938,edge_s8_p4
1779105000,8,1,0.009811,s8_p1_edge
1779105000,8,2,0.009811,s8_p2_edge
1779105000,8,3,0.004879,edge_s8_p3
1779105000,21,4,0.010338,core_s21_p4
1779105000,21,1,0.011840,core_s21_p1
1779105000,21,2,0.011883,core_s21_p2
1779105000,21,3,0.010518,core_s21_p3
1779105000,23,4,0.010156,core_s23_p4
1779105000,23,1,0.010398,path_A
1779105000,23,2,0.010589,path_A
1779105000,23,3,0.010254,core_s23_p3
1779105000,24,4,0.010511,core_s24_p4
1779105000,24,1,0.010499,core_s24_p1
1779105000,24,2,0.010848,core_s24_p2
1779105000,24,3,0.010564,core_s24_p3
1779105000,3,4,0.015360,path_B
1779105000,3,1,0.015360,s3_p1_edge
1779105000,3,2,0.000009,s3_p2_edge
1779105000,3,3,0.000009,path_A
1779105000,1,4,0.007067,path_B
1779105000,1,1,0.014316,s1_p1_edge
1779105000,1,2,0.014296,s1_p2_edge
1779105000,1,3,0.021742,path_A
1779105000,7,1,0.010313,s7_p1_edge
1779105000,7,4,0.005073,edge_s7_p4
1779105000,7,2,0.010281,s7_p2_edge
1779105000,7,3,0.005240,edge_s7_p3
1779105000,9,4,0.010085,agg_s9_p4
1779105000,9,1,0.011617,path_A
1779105000,9,2,0.011714,agg_s9_p2
1779105000,9,3,0.010170,path_A
1779105000,19,4,0.011676,core_s19_p4
1779105000,19,1,0.013240,core_s19_p1
1779105000,19,2,0.013282,core_s19_p2
1779105000,19,3,0.011773,core_s19_p3
1779105000,25,1,0.012781,core_s25_p1
1779105000,25,4,0.012638,core_s25_p4
1779105000,25,2,0.013240,core_s25_p2
1779105000,25,3,0.012731,core_s25_p3
1779105005,32,1,0.030023,path_B
1779105005,32,4,0.012542,s32_p4_edge
1779105005,32,2,0.013075,path_B
1779105005,32,3,0.012737,core_s32_p3
1779105005,7,1,0.010711,s7_p1_edge
1779105005,7,4,0.005430,edge_s7_p4
1779105005,7,2,0.010711,s7_p2_edge
1779105005,7,3,0.005281,edge_s7_p3
1779105005,18,4,0.027651,path_B
1779105005,18,1,0.016998,path_B
1779105005,18,2,0.012833,core_s18_p2
1779105005,18,3,0.010509,core_s18_p3
1779105005,17,4,0.009924,core_s17_p4
1779105005,17,1,0.015843,path_A
1779105005,17,2,0.011926,core_s17_p2
1779105005,17,3,0.009845,path_A
1779105005,22,1,0.013208,core_s22_p1
1779105005,22,4,0.011692,s22_p4_edge
1779105005,22,2,0.013256,core_s22_p2
1779105005,22,3,0.011567,core_s22_p3
1779105005,4,4,0.005192,edge_s4_p4
1779105005,4,1,0.010344,s4_p1_edge
1779105005,4,2,0.010344,s4_p2_edge
1779105005,4,3,0.005165,edge_s4_p3
1779105005,7,1,0.010311,s7_p1_edge
1779105005,7,4,0.005010,edge_s7_p4
1779105005,7,2,0.010311,s7_p2_edge
1779105005,7,3,0.005302,edge_s7_p3
1779105005,6,1,0.015278,s6_p1_edge
1779105005,6,4,0.007625,edge_s6_p4
1779105005,6,2,0.015278,s6_p2_edge
1779105005,6,3,0.007662,edge_s6_p3
1779105005,5,4,0.008145,edge_s5_p4
1779105005,5,1,0.016243,s5_p1_edge
1779105005,5,2,0.016243,s5_p2_edge
1779105005,5,3,0.008107,edge_s5_p3
1779105005,23,4,0.013883,core_s23_p4
1779105005,23,1,0.013829,path_A
1779105005,23,2,0.014302,path_A
1779105005,23,3,0.013682,core_s23_p3
1779105005,16,4,0.011701,path_B
1779105005,16,1,0.030539,path_B
1779105005,16,2,0.013419,agg_s16_p2
1779105005,16,3,0.011722,agg_s16_p3
1779105005,20,4,0.010640,core_s20_p4
1779105005,20,1,0.012150,core_s20_p1
1779105005,20,2,0.012322,core_s20_p2
1779105005,20,3,0.010806,core_s20_p3
1779105005,1,4,0.009621,path_B
1779105005,1,1,0.019054,s1_p1_edge
1779105005,1,2,0.019022,s1_p2_edge
1779105005,1,3,0.028921,path_A
1779105005,21,4,0.011385,core_s21_p4
1779105005,21,1,0.012877,core_s21_p1
1779105005,21,2,0.012948,core_s21_p2
1779105005,21,3,0.011391,core_s21_p3
1779105005,24,4,0.012427,core_s24_p4
1779105005,24,1,0.012575,core_s24_p1
1779105005,24,2,0.012920,core_s24_p2
1779105005,24,3,0.012638,core_s24_p3
1779105005,3,4,0.016209,path_B
1779105005,3,1,0.016216,s3_p1_edge
1779105005,3,2,0.000016,s3_p2_edge
1779105005,3,3,0.000016,path_A
1779105005,25,1,0.014062,core_s25_p1
1779105005,25,4,0.014192,core_s25_p4
1779105005,25,2,0.014678,core_s25_p2
1779105005,25,3,0.014093,core_s25_p3
1779105005,8,4,0.006872,edge_s8_p4
1779105005,8,1,0.013775,s8_p1_edge
1779105005,8,2,0.013775,s8_p2_edge
1779105005,8,3,0.006911,edge_s8_p3
1779105005,9,4,0.010988,agg_s9_p4
1779105005,9,1,0.012486,path_A
1779105005,9,2,0.012417,agg_s9_p2
1779105005,9,3,0.011057,path_A
1779105005,19,4,0.011863,core_s19_p4
1779105005,19,1,0.013508,core_s19_p1
1779105005,19,2,0.013631,core_s19_p2
1779105005,19,3,0.011917,core_s19_p3
1779105005,2,1,0.011965,s2_p1_edge
1779105005,2,4,0.005998,edge_s2_p4
1779105005,2,2,0.011965,s2_p2_edge
1779105005,2,3,0.005974,edge_s2_p3
1779105010,32,1,0.030532,path_B
1779105010,32,4,0.012956,s32_p4_edge
1779105010,32,2,0.013295,path_B
1779105010,32,3,0.012894,core_s32_p3
1779105010,17,4,0.011312,core_s17_p4
1779105010,17,1,0.018075,path_A
1779105010,17,2,0.013670,core_s17_p2
1779105010,17,3,0.011167,path_A
1779105010,22,1,0.013807,core_s22_p1
1779105010,22,4,0.012041,core_s22_p4
1779105010,22,2,0.013738,core_s22_p2
1779105010,22,3,0.012048,core_s22_p3
1779105010,18,4,0.025907,path_B
1779105010,18,1,0.015989,path_B
1779105010,18,2,0.012087,core_s18_p2
1779105010,18,3,0.009974,core_s18_p3
1779105010,6,1,0.018489,s6_p1_edge
1779105010,6,4,0.009246,edge_s6_p4
1779105010,6,2,0.018489,s6_p2_edge
1779105010,6,3,0.009254,edge_s6_p3
1779105010,16,4,0.012050,path_B
1779105010,16,1,0.030888,path_B
1779105010,16,2,0.013557,agg_s16_p2
1779105010,16,3,0.011880,agg_s16_p3
1779105010,23,4,0.012013,core_s23_p4
1779105010,23,1,0.012000,path_A
1779105010,23,2,0.012363,path_A
1779105010,23,3,0.012130,core_s23_p3
1779105010,24,4,0.014383,core_s24_p4
1779105010,24,1,0.014430,core_s24_p1
1779105010,24,2,0.014895,core_s24_p2
1779105010,24,3,0.014345,core_s24_p3
1779105010,20,4,0.011255,core_s20_p4
1779105010,20,1,0.012908,core_s20_p1
1779105010,20,2,0.012960,core_s20_p2
1779105010,20,3,0.011397,core_s20_p3
1779105010,1,4,0.007862,path_B
1779105010,1,1,0.015616,s1_p1_edge
1779105010,1,2,0.015590,s1_p2_edge
1779105010,1,3,0.023703,path_A
1779105010,21,4,0.011774,core_s21_p4
1779105010,21,1,0.013522,core_s21_p1
1779105010,21,2,0.013401,core_s21_p2
1779105010,21,3,0.011881,core_s21_p3
1779105010,3,4,0.017794,path_B
1779105010,3,1,0.017794,s3_p1_edge
1779105010,3,2,0.000010,s3_p2_edge
1779105010,3,3,0.000010,path_A
1779105010,9,4,0.012969,agg_s9_p4
1779105010,9,1,0.014956,path_A
1779105010,9,2,0.014831,agg_s9_p2
1779105010,9,3,0.012903,path_A
1779105010,25,1,0.011939,core_s25_p1
1779105010,25,4,0.012009,core_s25_p4
1779105010,25,2,0.012332,core_s25_p2
1779105010,25,3,0.011809,core_s25_p3
1779105010,19,4,0.011999,core_s19_p4
1779105010,19,1,0.013735,core_s19_p1
1779105010,19,2,0.013803,core_s19_p2
1779105010,19,3,0.012156,core_s19_p3
1779105010,4,4,0.005673,edge_s4_p4
1779105010,4,1,0.011358,s4_p1_edge
1779105010,4,2,0.011358,s4_p2_edge
1779105010,4,3,0.005691,edge_s4_p3
1779105010,7,1,0.010752,s7_p1_edge
1779105010,7,4,0.005396,s7_p4_edge
1779105010,7,2,0.010752,s7_p2_edge
1779105010,7,3,0.005361,edge_s7_p3
1779105015,32,1,0.029896,path_B
1779105015,32,4,0.012717,core_s32_p4
1779105015,32,2,0.013089,path_B
1779105015,32,3,0.012730,core_s32_p3
1779105015,5,4,0.005277,edge_s5_p4
1779105015,5,1,0.010685,s5_p1_edge
1779105015,5,2,0.010685,s5_p2_edge
1779105015,5,3,0.005414,edge_s5_p3
1779105015,6,1,0.021565,s6_p1_edge
1779105015,6,4,0.010820,edge_s6_p4
1779105015,6,2,0.021565,s6_p2_edge
1779105015,6,3,0.010758,edge_s6_p3
1779105015,18,4,0.031431,path_B
1779105015,18,1,0.019344,path_B
1779105015,18,2,0.014681,core_s18_p2
1779105015,18,3,0.011839,core_s18_p3
1779105015,17,4,0.010992,core_s17_p4
1779105015,17,1,0.017653,path_A
1779105015,17,2,0.013248,core_s17_p2
1779105015,17,3,0.011087,path_A
1779105015,22,1,0.013555,s22_p1_edge
1779105015,22,4,0.011943,core_s22_p4
1779105015,22,2,0.013488,core_s22_p2
1779105015,22,3,0.011889,core_s22_p3
1779105015,8,4,0.005295,edge_s8_p4
1779105015,8,1,0.010559,s8_p1_edge
1779105015,8,2,0.010559,s8_p2_edge
1779105015,8,3,0.005270,edge_s8_p3
1779105015,16,4,0.012484,path_B
1779105015,16,1,0.032218,path_B
1779105015,16,2,0.014221,s16_p2_edge
1779105015,16,3,0.012746,agg_s16_p3
1779105015,2,1,0.010511,s2_p1_edge
1779105015,2,4,0.005284,s2_p4_edge
1779105015,2,2,0.010511,s2_p2_edge
1779105015,2,3,0.005233,edge_s2_p3
1779105015,23,4,0.012886,core_s23_p4
1779105015,23,1,0.012968,path_A
1779105015,23,2,0.013252,path_A
1779105015,23,3,0.012824,core_s23_p3
1779105015,24,4,0.011898,core_s24_p4
1779105015,24,1,0.012058,core_s24_p1
1779105015,24,2,0.012375,core_s24_p2
1779105015,24,3,0.012007,core_s24_p3
1779105015,1,4,0.008719,path_B
1779105015,1,1,0.017483,s1_p1_edge
1779105015,1,2,0.017462,s1_p2_edge
1779105015,1,3,0.026535,path_A
1779105015,20,4,0.011917,core_s20_p4
1779105015,20,1,0.013651,core_s20_p1
1779105015,20,2,0.013658,core_s20_p2
1779105015,20,3,0.012060,core_s20_p3
1779105015,21,4,0.011823,core_s21_p4
1779105015,21,1,0.013287,core_s21_p1
1779105015,21,2,0.013354,core_s21_p2
1779105015,21,3,0.011977,core_s21_p3
1779105015,3,4,0.016201,path_B
1779105015,3,1,0.016207,s3_p1_edge
1779105015,3,2,0.000016,s3_p2_edge
1779105015,3,3,0.000016,path_A
1779105015,9,4,0.011478,agg_s9_p4
1779105015,9,1,0.013239,path_A
1779105015,9,2,0.012986,agg_s9_p2
1779105015,9,3,0.011539,path_A
1779105015,25,1,0.012839,core_s25_p1
1779105015,25,4,0.012704,core_s25_p4
1779105015,25,2,0.013137,core_s25_p2
1779105015,25,3,0.012629,core_s25_p3
1779105015,19,4,0.011066,core_s19_p4
1779105015,19,1,0.012726,core_s19_p1
1779105015,19,2,0.012681,core_s19_p2
1779105015,19,3,0.011255,core_s19_p3
1779105020,32,1,0.027386,path_B
1779105020,32,4,0.011698,core_s32_p4
1779105020,32,2,0.011994,s32_p2_edge
1779105020,32,3,0.011636,core_s32_p3
1779105020,6,1,0.015000,s6_p1_edge
1779105020,6,4,0.007544,edge_s6_p4
1779105020,6,2,0.015000,s6_p2_edge
1779105020,6,3,0.007474,edge_s6_p3
1779105020,18,4,0.024298,s18_p4_edge
1779105020,18,1,0.014887,path_B
1779105020,18,2,0.011252,core_s18_p2
1779105020,18,3,0.009163,core_s18_p3
1779105020,17,4,0.009631,core_s17_p4
1779105020,17,1,0.015437,path_A
1779105020,17,2,0.011669,core_s17_p2
1779105020,17,3,0.009582,path_A
1779105020,22,1,0.012467,s22_p1_edge
1779105020,22,4,0.010995,core_s22_p4
1779105020,22,2,0.012362,core_s22_p2
1779105020,22,3,0.010869,core_s22_p3
1779105020,4,4,0.005327,edge_s4_p4
1779105020,4,1,0.010647,s4_p1_edge
1779105020,4,2,0.010647,s4_p2_edge
1779105020,4,3,0.005327,edge_s4_p3
1779105020,16,4,0.011008,path_B
1779105020,16,1,0.028730,path_B
1779105020,16,2,0.012618,agg_s16_p2
1779105020,16,3,0.011253,agg_s16_p3
1779105020,23,4,0.012006,core_s23_p4
1779105020,23,1,0.012258,path_A
1779105020,23,2,0.012510,path_A
1779105020,23,3,0.012235,s23_p3_edge
1779105020,7,1,0.009886,s7_p1_edge
1779105020,7,4,0.004924,edge_s7_p4
1779105020,7,2,0.009886,s7_p2_edge
1779105020,7,3,0.004968,edge_s7_p3
1779105020,5,4,0.005082,edge_s5_p4
1779105020,5,1,0.010109,s5_p1_edge
1779105020,5,2,0.010109,s5_p2_edge
1779105020,5,3,0.005033,edge_s5_p3
1779105020,24,4,0.011245,core_s24_p4
1779105020,24,1,0.011420,s24_p1_edge
1779105020,24,2,0.011752,core_s24_p2
1779105020,24,3,0.011332,core_s24_p3
1779105020,20,4,0.010486,core_s20_p4
1779105020,20,1,0.012156,core_s20_p1
1779105020,20,2,0.012084,core_s20_p2
1779105020,20,3,0.010582,core_s20_p3
1779105020,21,4,0.010993,core_s21_p4
1779105020,21,1,0.012544,core_s21_p1
1779105020,21,2,0.012427,core_s21_p2
1779105020,21,3,0.010925,core_s21_p3
1779105020,1,4,0.007392,path_B
1779105020,1,1,0.014596,s1_p1_edge
1779105020,1,2,0.014579,s1_p2_edge
1779105020,1,3,0.021916,path_A
1779105020,3,4,0.015658,path_B
1779105020,3,1,0.015658,s3_p1_edge
1779105020,3,2,0.000009,s3_p2_edge
1779105020,3,3,0.000009,path_A
1779105020,19,4,0.011670,core_s19_p4
1779105020,19,1,0.013300,core_s19_p1
1779105020,19,2,0.013340,core_s19_p2
1779105020,19,3,0.011756,s19_p3_edge
1779105025,25,1,0.011532,core_s25_p1
1779105025,25,4,0.011411,core_s25_p4
1779105025,25,2,0.011950,core_s25_p2
1779105025,25,3,0.011344,core_s25_p3
1779105025,9,4,0.010485,s9_p4_edge
1779105025,9,1,0.012011,path_A
1779105025,9,2,0.011870,agg_s9_p2
1779105025,9,3,0.010421,path_A
1779105025,8,4,0.004971,edge_s8_p4
1779105025,8,1,0.009982,s8_p1_edge
1779105025,8,2,0.009982,s8_p2_edge
1779105025,8,3,0.005017,edge_s8_p3
1779105025,18,4,0.028871,s18_p4_edge
1779105025,18,1,0.017884,path_B
1779105025,18,2,0.013435,core_s18_p2
1779105025,18,3,0.011239,core_s18_p3
1779105025,6,1,0.014752,s6_p1_edge
1779105025,6,4,0.007400,edge_s6_p4
1779105025,6,2,0.014752,s6_p2_edge
1779105025,6,3,0.007361,edge_s6_p3
1779105025,2,1,0.009940,s2_p1_edge
1779105025,2,4,0.005013,edge_s2_p4
1779105025,2,2,0.009940,s2_p2_edge
1779105025,2,3,0.004933,edge_s2_p3
1779105025,32,1,0.026484,path_B
1779105025,32,4,0.011131,core_s32_p4
1779105025,32,2,0.011623,s32_p2_edge
1779105025,32,3,0.011155,core_s32_p3
1779105025,17,4,0.010196,core_s17_p4
1779105025,17,1,0.016311,path_A
1779105025,17,2,0.012322,core_s17_p2
1779105025,17,3,0.010113,path_A
1779105025,22,1,0.012704,core_s22_p1
1779105025,22,4,0.011296,core_s22_p4
1779105025,22,2,0.012783,core_s22_p2
1779105025,22,3,0.011167,core_s22_p3
1779105025,23,4,0.012716,core_s23_p4
1779105025,23,1,0.012799,path_A
1779105025,23,2,0.013153,path_A
1779105025,23,3,0.012608,s23_p3_edge
1779105025,16,4,0.010285,path_B
1779105025,16,1,0.026693,path_B
1779105025,16,2,0.011849,agg_s16_p2
1779105025,16,3,0.010495,agg_s16_p3
1779105025,20,4,0.012357,core_s20_p4
1779105025,20,1,0.014074,core_s20_p1
1779105025,20,2,0.014109,core_s20_p2
1779105025,20,3,0.012433,core_s20_p3
1779105025,1,4,0.008969,path_B
1779105025,1,1,0.018107,s1_p1_edge
1779105025,1,2,0.018099,s1_p2_edge
1779105025,1,3,0.027410,path_A
1779105025,24,4,0.011893,core_s24_p4
1779105025,24,1,0.011793,core_s24_p1
1779105025,24,2,0.012289,core_s24_p2
1779105025,24,3,0.011893,core_s24_p3
1779105025,21,4,0.011780,core_s21_p4
1779105025,21,1,0.013221,core_s21_p1
1779105025,21,2,0.013182,core_s21_p2
1779105025,21,3,0.011671,core_s21_p3
1779105025,3,4,0.016252,path_B
1779105025,3,1,0.016252,s3_p1_edge
1779105025,3,2,0.000009,s3_p2_edge
1779105025,3,3,0.000009,path_A
1779105025,4,4,0.005379,edge_s4_p4
1779105025,4,1,0.010774,s4_p1_edge
1779105025,4,2,0.010774,s4_p2_edge
1779105025,4,3,0.005401,edge_s4_p3
1779105025,25,1,0.012836,core_s25_p1
1779105025,25,4,0.012979,core_s25_p4
1779105025,25,2,0.013373,core_s25_p2
1779105025,25,3,0.012843,core_s25_p3
1779105025,19,4,0.011939,core_s19_p4
1779105025,19,1,0.013406,core_s19_p1
1779105025,19,2,0.013546,core_s19_p2
1779105025,19,3,0.011779,s19_p3_edge
1779105030,9,4,0.011366,agg_s9_p4
1779105030,9,1,0.012874,path_A
1779105030,9,2,0.012925,agg_s9_p2
1779105030,9,3,0.011322,path_A
1779105030,5,4,0.005780,edge_s5_p4
1779105030,5,1,0.011573,s5_p1_edge
1779105030,5,2,0.011573,s5_p2_edge
1779105030,5,3,0.005800,edge_s5_p3
1779105030,32,1,0.029624,path_B
1779105030,32,4,0.012472,core_s32_p4
1779105030,32,2,0.012871,path_B
1779105030,32,3,0.012658,core_s32_p3
1779105030,6,1,0.015072,s6_p1_edge
1779105030,6,4,0.007498,edge_s6_p4
1779105030,6,2,0.015072,s6_p2_edge
1779105030,6,3,0.007584,edge_s6_p3
1779105030,7,1,0.010336,s7_p1_edge
1779105030,7,4,0.005144,edge_s7_p4
1779105030,7,2,0.010336,s7_p2_edge
1779105030,7,3,0.005198,edge_s7_p3
1779105030,18,4,0.025116,path_B
1779105030,18,1,0.015513,path_B
1779105030,18,2,0.011757,core_s18_p2
1779105030,18,3,0.009624,core_s18_p3
1779105030,17,4,0.009981,core_s17_p4
1779105030,17,1,0.016014,path_A
1779105030,17,2,0.012081,core_s17_p2
1779105030,17,3,0.009975,path_A
1779105030,22,1,0.013787,core_s22_p1
1779105030,22,4,0.012262,core_s22_p4
1779105030,22,2,0.013785,core_s22_p2
1779105030,22,3,0.012111,core_s22_p3
1779105030,8,4,0.005535,edge_s8_p4
1779105030,8,1,0.011046,s8_p1_edge
1779105030,8,2,0.011046,s8_p2_edge
1779105030,8,3,0.005524,edge_s8_p3
1779105030,16,4,0.010694,s16_p4_edge
1779105030,16,1,0.027684,path_B
1779105030,16,2,0.012205,agg_s16_p2
1779105030,16,3,0.010766,agg_s16_p3
1779105030,23,4,0.010011,core_s23_p4
1779105030,23,1,0.010027,path_A
1779105030,23,2,0.010440,path_A
1779105030,23,3,0.010022,s23_p3_edge
1779105030,20,4,0.010233,core_s20_p4
1779105030,20,1,0.011768,core_s20_p1
1779105030,20,2,0.011791,core_s20_p2
1779105030,20,3,0.010279,core_s20_p3
1779105030,21,4,0.010450,core_s21_p4
1779105030,21,1,0.011827,core_s21_p1
1779105030,21,2,0.011754,core_s21_p2
1779105030,21,3,0.010468,core_s21_p3
1779105030,24,4,0.011311,core_s24_p4
1779105030,24,1,0.011377,core_s24_p1
1779105030,24,2,0.011726,core_s24_p2
1779105030,24,3,0.011287,core_s24_p3
1779105030,3,4,0.015478,path_B
1779105030,3,1,0.015478,s3_p1_edge
1779105030,3,2,0.000009,s3_p2_edge
1779105030,3,3,0.000009,path_A
1779105030,2,1,0.009612,s2_p1_edge
1779105030,2,4,0.004791,edge_s2_p4
1779105030,2,2,0.009612,s2_p2_edge
1779105030,2,3,0.004826,edge_s2_p3
1779105035,1,4,0.006792,path_B
1779105035,1,1,0.013619,s1_p1_edge
1779105035,1,2,0.013598,s1_p2_edge
1779105035,1,3,0.020522,path_A
1779105035,25,1,0.011648,core_s25_p1
1779105035,25,4,0.011712,core_s25_p4
1779105035,25,2,0.012030,s25_p2_edge
1779105035,25,3,0.011501,core_s25_p3
1779105035,19,4,0.010370,core_s19_p4
1779105035,19,1,0.011742,core_s19_p1
1779105035,19,2,0.011857,core_s19_p2
1779105035,19,3,0.010528,core_s19_p3
1779105035,9,4,0.010647,agg_s9_p4
1779105035,9,1,0.012379,path_A
1779105035,9,2,0.012292,agg_s9_p2
1779105035,9,3,0.010709,path_A
1779105035,32,1,0.026016,s32_p1_edge
1779105035,32,4,0.011067,core_s32_p4
1779105035,32,2,0.011372,path_B
1779105035,32,3,0.011200,core_s32_p3
1779105035,5,4,0.006427,edge_s5_p4
1779105035,5,1,0.012863,s5_p1_edge
1779105035,5,2,0.012863,s5_p2_edge
1779105035,5,3,0.006443,edge_s5_p3
1779105035,6,1,0.013518,s6_p1_edge
1779105035,6,4,0.006765,edge_s6_p4
1779105035,6,2,0.013518,s6_p2_edge
1779105035,6,3,0.006753,edge_s6_p3
1779105035,18,4,0.023343,path_B
1779105035,18,1,0.014379,path_B
1779105035,18,2,0.010812,core_s18_p2
1779105035,18,3,0.008949,core_s18_p3
1779105035,17,4,0.008946,core_s17_p4
1779105035,17,1,0.014328,path_A
1779105035,17,2,0.010795,core_s17_p2
1779105035,17,3,0.008923,path_A
1779105035,4,4,0.005056,edge_s4_p4
1779105035,4,1,0.010164,s4_p1_edge
1779105035,4,2,0.010164,s4_p2_edge
1779105035,4,3,0.005114,edge_s4_p3
1779105035,22,1,0.011346,core_s22_p1
1779105035,22,4,0.009943,core_s22_p4
1779105035,22,2,0.011283,core_s22_p2
1779105035,22,3,0.009793,core_s22_p3
1779105035,16,4,0.012799,path_B
1779105035,16,1,0.032782,path_B
1779105035,16,2,0.014475,agg_s16_p2
1779105035,16,3,0.012665,agg_s16_p3
1779105035,23,4,0.011818,core_s23_p4
1779105035,23,1,0.011902,path_A
1779105035,23,2,0.012166,path_A
1779105035,23,3,0.011785,core_s23_p3
1779105035,21,4,0.011047,core_s21_p4
1779105035,21,1,0.012503,core_s21_p1
1779105035,21,2,0.012503,core_s21_p2
1779105035,21,3,0.011044,core_s21_p3
1779105035,20,4,0.011151,core_s20_p4
1779105035,20,1,0.012635,core_s20_p1
1779105035,20,2,0.012641,core_s20_p2
1779105035,20,3,0.011223,core_s20_p3
1779105035,24,4,0.012324,core_s24_p4
1779105035,24,1,0.012378,core_s24_p1
1779105035,24,2,0.012633,core_s24_p2
1779105035,24,3,0.012284,s24_p3_edge
1779105035,1,4,0.008757,path_B
1779105035,1,1,0.017720,s1_p1_edge
1779105035,1,2,0.017720,s1_p2_edge
1779105035,1,3,0.026886,path_A
1779105035,3,4,0.016778,path_B
1779105035,3,1,0.016778,s3_p1_edge
1779105035,3,2,0.000017,s3_p2_edge
1779105035,3,3,0.000019,path_A
1779105040,7,1,0.009656,s7_p1_edge
1779105040,7,4,0.004813,edge_s7_p4
1779105040,7,2,0.009656,s7_p2_edge
1779105040,7,3,0.004848,edge_s7_p3
1779105040,19,4,0.011752,s19_p4_edge
1779105040,19,1,0.013423,core_s19_p1
1779105040,19,2,0.013387,core_s19_p2
1779105040,19,3,0.011821,core_s19_p3
1779105040,25,1,0.011935,core_s25_p1
1779105040,25,4,0.011894,core_s25_p4
1779105040,25,2,0.012311,core_s25_p2
1779105040,25,3,0.011785,core_s25_p3
1779105040,9,4,0.011784,agg_s9_p4
1779105040,9,1,0.013497,path_A
1779105040,9,2,0.013583,agg_s9_p2
1779105040,9,3,0.011896,path_A
1779105040,8,4,0.005237,edge_s8_p4
1779105040,8,1,0.010481,s8_p1_edge
1779105040,8,2,0.010481,s8_p2_edge
1779105040,8,3,0.005250,edge_s8_p3
1779105040,6,1,0.019530,s6_p1_edge
1779105040,6,4,0.009788,edge_s6_p4
1779105040,6,2,0.019530,s6_p2_edge
1779105040,6,3,0.009754,edge_s6_p3
1779105040,32,1,0.028081,path_B
1779105040,32,4,0.011941,core_s32_p4
1779105040,32,2,0.012289,path_B
1779105040,32,3,0.012006,core_s32_p3
1779105040,22,1,0.014150,core_s22_p1
1779105040,22,4,0.012522,core_s22_p4
1779105040,22,2,0.014227,core_s22_p2
1779105040,22,3,0.012369,core_s22_p3
1779105040,18,4,0.027540,path_B
1779105040,18,1,0.017025,path_B
1779105040,18,2,0.012890,core_s18_p2
1779105040,18,3,0.010598,core_s18_p3
1779105040,17,4,0.010317,core_s17_p4
1779105040,17,1,0.016650,path_A
1779105040,17,2,0.012540,core_s17_p2
1779105040,17,3,0.010453,path_A
1779105040,2,1,0.010543,s2_p1_edge
1779105040,2,4,0.005234,edge_s2_p4
1779105040,2,2,0.010543,s2_p2_edge
1779105040,2,3,0.005315,edge_s2_p3
1779105040,23,4,0.013679,s23_p4_edge
1779105040,23,1,0.014030,path_A
1779105040,23,2,0.014405,path_A
1779105040,23,3,0.013946,core_s23_p3
1779105040,20,4,0.013337,core_s20_p4
1779105040,20,1,0.015276,core_s20_p1
1779105040,20,2,0.015367,core_s20_p2
1779105040,20,3,0.013519,core_s20_p3
1779105040,16,4,0.010350,path_B
1779105040,16,1,0.027036,path_B
1779105040,16,2,0.011907,agg_s16_p2
1779105040,16,3,0.010472,agg_s16_p3
1779105040,1,4,0.009731,path_B
1779105040,1,1,0.019604,s1_p1_edge
1779105040,1,2,0.019604,s1_p2_edge
1779105040,1,3,0.029661,path_A
1779105040,24,4,0.012634,core_s24_p4
1779105040,24,1,0.012758,core_s24_p1
1779105040,24,2,0.013129,core_s24_p2
1779105040,24,3,0.012656,s24_p3_edge
1779105040,21,4,0.012109,core_s21_p4
1779105040,21,1,0.013891,core_s21_p1
1779105040,21,2,0.013620,core_s21_p2
1779105040,21,3,0.012255,s21_p3_edge
1779105040,4,4,0.005568,edge_s4_p4
1779105040,4,1,0.011124,s4_p1_edge
1779105040,4,2,0.011124,s4_p2_edge
1779105040,4,3,0.005563,edge_s4_p3
1779105040,5,4,0.005177,edge_s5_p4
1779105040,5,1,0.010451,s5_p1_edge
1779105040,5,2,0.010451,s5_p2_edge
1779105040,5,3,0.005286,edge_s5_p3
1779105040,3,4,0.015798,path_B
1779105040,3,1,0.015798,s3_p1_edge
1779105040,3,2,0.000010,s3_p2_edge
1779105040,3,3,0.000010,path_A
1779105045,25,1,0.012149,core_s25_p1
1779105045,25,4,0.012168,core_s25_p4
1779105045,25,2,0.012502,core_s25_p2
1779105045,25,3,0.012123,core_s25_p3
1779105045,9,4,0.011583,agg_s9_p4
1779105045,9,1,0.013155,path_A
1779105045,9,2,0.013228,agg_s9_p2
1779105045,9,3,0.011603,path_A
1779105045,19,4,0.010606,s19_p4_edge
1779105045,19,1,0.011915,core_s19_p1
1779105045,19,2,0.012095,core_s19_p2
1779105045,19,3,0.010527,core_s19_p3
1779105045,6,1,0.015788,s6_p1_edge
1779105045,6,4,0.007857,edge_s6_p4
1779105045,6,2,0.015788,s6_p2_edge
1779105045,6,3,0.007941,edge_s6_p3
1779105045,32,1,0.030601,path_B
1779105045,32,4,0.012835,core_s32_p4
1779105045,32,2,0.013222,path_B
1779105045,32,3,0.012962,core_s32_p3
1779105045,18,4,0.030356,path_B
1779105045,18,1,0.018635,path_B
1779105045,18,2,0.014038,core_s18_p2
1779105045,18,3,0.011474,core_s18_p3
1779105045,17,4,0.011082,core_s17_p4
1779105045,17,1,0.017909,path_A
1779105045,17,2,0.013521,core_s17_p2
1779105045,17,3,0.011226,path_A
1779105045,22,1,0.013010,core_s22_p1
1779105045,22,4,0.011377,core_s22_p4
1779105045,22,2,0.012893,core_s22_p2
1779105045,22,3,0.011228,core_s22_p3
1779105045,7,1,0.010503,s7_p1_edge
1779105045,7,4,0.005263,edge_s7_p4
1779105045,7,2,0.010503,s7_p2_edge
1779105045,7,3,0.005246,edge_s7_p3
1779105045,16,4,0.012864,path_B
1779105045,16,1,0.033517,path_B
1779105045,16,2,0.014793,agg_s16_p2
1779105045,16,3,0.012945,agg_s16_p3
1779105045,8,4,0.005247,edge_s8_p4
1779105045,8,1,0.010527,s8_p1_edge
1779105045,8,2,0.010527,s8_p2_edge
1779105045,8,3,0.005286,edge_s8_p3
1779105045,23,4,0.011774,s23_p4_edge
1779105045,23,1,0.011825,path_A
1779105045,23,2,0.012278,path_A
1779105045,23,3,0.011908,core_s23_p3
1779105045,20,4,0.010952,core_s20_p4
1779105045,20,1,0.012381,core_s20_p1
1779105045,20,2,0.012462,core_s20_p2
1779105045,20,3,0.010893,core_s20_p3
1779105045,21,4,0.012017,core_s21_p4
1779105045,21,1,0.013801,core_s21_p1
1779105045,21,2,0.013822,core_s21_p2
1779105045,21,3,0.012121,s21_p3_edge
1779105045,1,4,0.007353,path_B
1779105045,1,1,0.014633,s1_p1_edge
1779105045,1,2,0.014633,s1_p2_edge
1779105045,1,3,0.022218,path_A
1779105045,24,4,0.011947,core_s24_p4
1779105045,24,1,0.012057,core_s24_p1
1779105045,24,2,0.012419,s24_p2_edge
1779105045,24,3,0.011986,s24_p3_edge
1779105045,3,4,0.017550,path_B
1779105045,3,1,0.017557,s3_p1_edge
1779105045,3,2,0.000024,s3_p2_edge
1779105045,3,3,0.000017,path_A
1779105050,25,1,0.012605,core_s25_p1
1779105050,25,4,0.012612,core_s25_p4
1779105050,25,2,0.013007,core_s25_p2
1779105050,25,3,0.012442,core_s25_p3
1779105050,19,4,0.012077,s19_p4_edge
1779105050,19,1,0.013921,core_s19_p1
1779105050,19,2,0.013942,core_s19_p2
1779105050,19,3,0.012098,core_s19_p3
1779105050,9,4,0.011330,agg_s9_p4
1779105050,9,1,0.013096,path_A
1779105050,9,2,0.013155,agg_s9_p2
1779105050,9,3,0.011436,path_A
1779105050,2,1,0.010488,s2_p1_edge
1779105050,2,4,0.005241,edge_s2_p4
1779105050,2,2,0.010488,s2_p2_edge
1779105050,2,3,0.005254,edge_s2_p3
1779105050,6,1,0.016138,s6_p1_edge
1779105050,6,4,0.008094,edge_s6_p4
1779105050,6,2,0.016138,s6_p2_edge
1779105050,6,3,0.008054,edge_s6_p3
1779105050,4,4,0.005694,edge_s4_p4
1779105050,4,1,0.011346,s4_p1_edge
1779105050,4,2,0.011346,s4_p2_edge
1779105050,4,3,0.005659,edge_s4_p3
1779105050,32,1,0.028239,path_B
1779105050,32,4,0.012090,core_s32_p4
1779105050,32,2,0.012387,path_B
1779105050,32,3,0.011942,core_s32_p3
1779105050,5,4,0.005368,edge_s5_p4
1779105050,5,1,0.010749,s5_p1_edge
1779105050,5,2,0.010749,s5_p2_edge
1779105050,5,3,0.005387,edge_s5_p3
1779105050,17,4,0.010499,s17_p4_edge
1779105050,17,1,0.016864,path_A
1779105050,17,2,0.012727,core_s17_p2
1779105050,17,3,0.010512,path_A
1779105050,18,4,0.023965,path_B
1779105050,18,1,0.014722,path_B
1779105050,18,2,0.011071,core_s18_p2
1779105050,18,3,0.009163,core_s18_p3
1779105050,22,1,0.013624,core_s22_p1
1779105050,22,4,0.012071,core_s22_p4
1779105050,22,2,0.013638,core_s22_p2
1779105050,22,3,0.011837,core_s22_p3
1779105050,16,4,0.012065,path_B
1779105050,16,1,0.030956,path_B
1779105050,16,2,0.013682,agg_s16_p2
1779105050,16,3,0.012023,agg_s16_p3
1779105050,23,4,0.014215,s23_p4_edge
1779105050,23,1,0.014269,path_A
1779105050,23,2,0.014726,path_A
1779105050,23,3,0.014424,core_s23_p3
1779105050,20,4,0.012564,core_s20_p4
1779105050,20,1,0.014207,core_s20_p1
1779105050,20,2,0.014337,core_s20_p2
1779105050,20,3,0.012643,core_s20_p3
1779105050,21,4,0.012331,core_s21_p4
1779105050,21,1,0.014145,core_s21_p1
1779105050,21,2,0.014067,core_s21_p2
1779105050,21,3,0.012465,s21_p3_edge
1779105050,24,4,0.013417,core_s24_p4
1779105050,24,1,0.013330,core_s24_p1
1779105050,24,2,0.013766,core_s24_p2
1779105050,24,3,0.013628,core_s24_p3
1779105050,3,4,0.016666,path_B
1779105050,3,1,0.016666,s3_p1_edge
1779105050,3,2,0.000010,s3_p2_edge
1779105050,3,3,0.000010,path_A
1779105050,1,4,0.007767,path_B
1779105050,1,1,0.015557,s1_p1_edge
1779105050,1,2,0.015557,s1_p2_edge
1779105050,1,3,0.023501,path_A
1779105055,19,4,0.012340,core_s19_p4
1779105055,19,1,0.014108,core_s19_p1
1779105055,19,2,0.014165,core_s19_p2
1779105055,19,3,0.012460,core_s19_p3
1779105055,9,4,0.012443,agg_s9_p4
1779105055,9,1,0.014276,path_A
1779105055,9,2,0.014198,agg_s9_p2
1779105055,9,3,0.012485,path_A
1779105055,25,1,0.012105,core_s25_p1
1779105055,25,4,0.012243,core_s25_p4
1779105055,25,2,0.012656,core_s25_p2
1779105055,25,3,0.012092,core_s25_p3
1779105055,8,4,0.005381,edge_s8_p4
1779105055,8,1,0.010741,s8_p1_edge
1779105055,8,2,0.010741,s8_p2_edge
1779105055,8,3,0.005367,edge_s8_p3
1779105055,7,1,0.010665,s7_p1_edge
1779105055,7,4,0.005322,edge_s7_p4
1779105055,7,2,0.010671,s7_p2_edge
1779105055,7,3,0.005355,edge_s7_p3
1779105055,32,1,0.031330,path_B
1779105055,32,4,0.013219,core_s32_p4
1779105055,32,2,0.013639,path_B
1779105055,32,3,0.013444,core_s32_p3
1779105055,5,4,0.008613,edge_s5_p4
1779105055,5,1,0.017185,s5_p1_edge
1779105055,5,2,0.017185,s5_p2_edge
1779105055,5,3,0.008583,edge_s5_p3
1779105055,2,1,0.013666,s2_p1_edge
1779105055,2,4,0.006820,edge_s2_p4
1779105055,2,2,0.013666,s2_p2_edge
1779105055,2,3,0.006854,edge_s2_p3
1779105055,6,1,0.014790,s6_p1_edge
1779105055,6,4,0.007396,edge_s6_p4
1779105055,6,2,0.014790,s6_p2_edge
1779105055,6,3,0.007403,edge_s6_p3
1779105055,17,4,0.010685,core_s17_p4
1779105055,17,1,0.017087,path_A
1779105055,17,2,0.012833,core_s17_p2
1779105055,17,3,0.010665,path_A
1779105055,18,4,0.028280,path_B
1779105055,18,1,0.017406,path_B
1779105055,18,2,0.013070,core_s18_p2
1779105055,18,3,0.010863,core_s18_p3
1779105055,22,1,0.013879,core_s22_p1
1779105055,22,4,0.012106,core_s22_p4
1779105055,22,2,0.013782,core_s22_p2
1779105055,22,3,0.012141,core_s22_p3
1779105055,23,4,0.012688,core_s23_p4
1779105055,23,1,0.012668,path_A
1779105055,23,2,0.013131,path_A
1779105055,23,3,0.012668,core_s23_p3
1779105055,16,4,0.011493,path_B
1779105055,16,1,0.029682,path_B
1779105055,16,2,0.013133,agg_s16_p2
1779105055,16,3,0.011618,agg_s16_p3
1779105055,20,4,0.012443,core_s20_p4
1779105055,20,1,0.014309,core_s20_p1
1779105055,20,2,0.014287,core_s20_p2
1779105055,20,3,0.012622,core_s20_p3
1779105055,4,4,0.005655,edge_s4_p4
1779105055,4,1,0.011281,s4_p1_edge
1779105055,4,2,0.011281,s4_p2_edge
1779105055,4,3,0.005639,edge_s4_p3
1779105055,21,4,0.012036,core_s21_p4
1779105055,21,1,0.013573,core_s21_p1
1779105055,21,2,0.013469,core_s21_p2
1779105055,21,3,0.011988,core_s21_p3
1779105055,24,4,0.012747,core_s24_p4
1779105055,24,1,0.012733,core_s24_p1
1779105055,24,2,0.013219,core_s24_p2
1779105055,24,3,0.012713,core_s24_p3
1779105055,3,4,0.017668,path_B
1779105055,3,1,0.017668,s3_p1_edge
1779105055,3,2,0.000010,s3_p2_edge
1779105055,3,3,0.000010,path_A
1779105055,1,4,0.008722,path_B
1779105055,1,1,0.017683,s1_p1_edge
1779105055,1,2,0.017683,s1_p2_edge
1779105055,1,3,0.026673,path_A
1779105055,8,4,0.009172,edge_s8_p4
1779105055,8,1,0.018381,s8_p1_edge
1779105055,8,2,0.018381,s8_p2_edge
1779105055,8,3,0.009220,edge_s8_p3
1779105060,19,4,0.011946,core_s19_p4
1779105060,19,1,0.013779,core_s19_p1
1779105060,19,2,0.013989,core_s19_p2
1779105060,19,3,0.012153,core_s19_p3
1779105060,25,1,0.012980,core_s25_p1
1779105060,25,4,0.012966,core_s25_p4
1779105060,25,2,0.013451,core_s25_p2
1779105060,25,3,0.012881,core_s25_p3
1779105060,9,4,0.011978,agg_s9_p4
1779105060,9,1,0.013920,path_A
1779105060,9,2,0.013850,agg_s9_p2
1779105060,9,3,0.012104,path_A
1779105060,6,1,0.020995,s6_p1_edge
1779105060,6,4,0.010596,edge_s6_p4
1779105060,6,2,0.020995,s6_p2_edge
1779105060,6,3,0.010412,edge_s6_p3
1779105060,18,4,0.028450,path_B
1779105060,18,1,0.017558,path_B
1779105060,18,2,0.013322,core_s18_p2
1779105060,18,3,0.010863,core_s18_p3
1779105060,32,1,0.027293,path_B
1779105060,32,4,0.011547,core_s32_p4
1779105060,32,2,0.012142,path_B
1779105060,32,3,0.011578,core_s32_p3
1779105060,17,4,0.010156,core_s17_p4
1779105060,17,1,0.016397,path_A
1779105060,17,2,0.012358,core_s17_p2
1779105060,17,3,0.010298,path_A
1779105060,22,1,0.013271,core_s22_p1
1779105060,22,4,0.011659,core_s22_p4
1779105060,22,2,0.013244,core_s22_p2
1779105060,22,3,0.011646,core_s22_p3
1779105060,7,1,0.010604,s7_p1_edge
1779105060,7,4,0.005270,edge_s7_p4
1779105060,7,2,0.010604,s7_p2_edge
1779105060,7,3,0.005347,edge_s7_p3
1779105060,16,4,0.011458,path_B
1779105060,16,1,0.029695,path_B
1779105060,16,2,0.013062,agg_s16_p2
1779105060,16,3,0.011448,agg_s16_p3
1779105060,21,4,0.012906,core_s21_p4
1779105060,21,1,0.014421,core_s21_p1
1779105060,21,2,0.014371,core_s21_p2
1779105060,21,3,0.012913,core_s21_p3
1779105060,23,4,0.011295,core_s23_p4
1779105060,23,1,0.011341,path_A
1779105060,23,2,0.011618,path_A
1779105060,23,3,0.011471,core_s23_p3
1779105060,5,4,0.005452,edge_s5_p4
1779105060,5,1,0.010871,s5_p1_edge
1779105060,5,2,0.010871,s5_p2_edge
1779105060,5,3,0.005420,edge_s5_p3
1779105060,20,4,0.010591,core_s20_p4
1779105060,20,1,0.012256,core_s20_p1
1779105060,20,2,0.012189,core_s20_p2
1779105060,20,3,0.010715,core_s20_p3
1779105060,24,4,0.012404,core_s24_p4
1779105060,24,1,0.012472,core_s24_p1
1779105060,24,2,0.012815,core_s24_p2
1779105060,24,3,0.012377,core_s24_p3
1779105060,2,1,0.010540,s2_p1_edge
1779105060,2,4,0.005310,edge_s2_p4
1779105060,2,2,0.010540,s2_p2_edge
1779105060,2,3,0.005237,edge_s2_p3
1779105060,3,4,0.016233,path_B
1779105060,3,1,0.016224,s3_p1_edge
1779105060,3,2,0.000009,s3_p2_edge
1779105060,3,3,0.000009,path_A
1779105060,1,4,0.008292,path_B
1779105060,1,1,0.016470,s1_p1_edge
1779105060,1,2,0.016470,s1_p2_edge
1779105060,1,3,0.024709,path_A
1779105060,9,4,0.013196,agg_s9_p4
1779105060,9,1,0.014758,path_A
1779105060,9,2,0.015000,agg_s9_p2
1779105060,9,3,0.013145,path_A
1779105060,25,1,0.013860,core_s25_p1
1779105060,25,4,0.013751,core_s25_p4
1779105060,25,2,0.014237,core_s25_p2
1779105060,25,3,0.013685,core_s25_p3
1779105060,6,1,0.019145,s6_p1_edge
1779105060,6,4,0.009555,edge_s6_p4
1779105060,6,2,0.019145,s6_p2_edge
1779105060,6,3,0.009612,edge_s6_p3
1779105065,19,4,0.011561,core_s19_p4
1779105065,19,1,0.013144,core_s19_p1
1779105065,19,2,0.013241,core_s19_p2
1779105065,19,3,0.011438,core_s19_p3
1779105065,4,4,0.005127,edge_s4_p4
1779105065,4,1,0.010346,s4_p1_edge
1779105065,4,2,0.010346,s4_p2_edge
1779105065,4,3,0.005225,edge_s4_p3
1779105065,18,4,0.024817,path_B
1779105065,18,1,0.015309,path_B
1779105065,18,2,0.011631,core_s18_p2
1779105065,18,3,0.009475,core_s18_p3
1779105065,32,1,0.026066,path_B
1779105065,32,4,0.011046,core_s32_p4
1779105065,32,2,0.011516,path_B
1779105065,32,3,0.011169,core_s32_p3
1779105065,17,4,0.009109,core_s17_p4
1779105065,17,1,0.014616,path_A
1779105065,17,2,0.010958,core_s17_p2
1779105065,17,3,0.009173,path_A
1779105065,22,1,0.011550,core_s22_p1
1779105065,22,4,0.010188,core_s22_p4
1779105065,22,2,0.011630,core_s22_p2
1779105065,22,3,0.010182,core_s22_p3
1779105065,8,4,0.004767,edge_s8_p4
1779105065,8,1,0.009626,s8_p1_edge
1779105065,8,2,0.009626,s8_p2_edge
1779105065,8,3,0.004864,edge_s8_p3
1779105065,16,4,0.011318,path_B
1779105065,16,1,0.029246,path_B
1779105065,16,2,0.012971,agg_s16_p2
1779105065,16,3,0.011449,agg_s16_p3
1779105065,23,4,0.011277,core_s23_p4
1779105065,23,1,0.011217,path_A
1779105065,23,2,0.011508,path_A
1779105065,23,3,0.011176,core_s23_p3
1779105065,20,4,0.010773,core_s20_p4
1779105065,20,1,0.012357,core_s20_p1
1779105065,20,2,0.012303,core_s20_p2
1779105065,20,3,0.010773,s20_p3_edge
1779105065,24,4,0.010894,core_s24_p4
1779105065,24,1,0.010728,core_s24_p1
1779105065,24,2,0.011170,core_s24_p2
1779105065,24,3,0.010802,core_s24_p3
1779105070,21,4,0.009550,core_s21_p4
1779105070,21,1,0.010588,core_s21_p1
1779105070,21,2,0.010747,core_s21_p2
1779105070,21,3,0.009429,core_s21_p3
1779105070,1,4,0.007454,path_B
1779105070,1,1,0.014967,s1_p1_edge
1779105070,1,2,0.014967,s1_p2_edge
1779105070,1,3,0.022588,path_A
1779105070,3,4,0.014247,path_B
1779105070,3,1,0.014247,s3_p1_edge
1779105070,3,2,0.000008,s3_p2_edge
1779105070,3,3,0.000008,path_A
1779105070,19,4,0.010749,core_s19_p4
1779105070,19,1,0.012166,core_s19_p1
1779105070,19,2,0.012330,core_s19_p2
1779105070,19,3,0.011016,core_s19_p3
1779105070,25,1,0.010454,core_s25_p1
1779105070,25,4,0.010402,core_s25_p4
1779105070,25,2,0.010820,core_s25_p2
1779105070,25,3,0.010325,core_s25_p3
1779105070,9,4,0.008775,agg_s9_p4
1779105070,9,1,0.010130,path_A
1779105070,9,2,0.010086,agg_s9_p2
1779105070,9,3,0.008794,path_A
1779105070,5,4,0.004594,edge_s5_p4
1779105070,5,1,0.009170,s5_p1_edge
1779105070,5,2,0.009170,s5_p2_edge
1779105070,5,3,0.004582,edge_s5_p3
1779105070,7,1,0.009213,s7_p1_edge
1779105070,7,4,0.004624,edge_s7_p4
1779105070,7,2,0.009208,s7_p2_edge
1779105070,7,3,0.004590,edge_s7_p3
1779105070,32,1,0.029761,path_B
1779105070,32,4,0.012561,core_s32_p4
1779105070,32,2,0.012907,path_B
1779105070,32,3,0.012732,core_s32_p3
1779105070,18,4,0.024363,path_B
1779105070,18,1,0.014977,path_B
1779105070,18,2,0.011291,core_s18_p2
1779105070,18,3,0.009363,core_s18_p3
1779105070,4,4,0.006090,edge_s4_p4
1779105070,4,1,0.012074,s4_p1_edge
1779105070,4,2,0.012074,s4_p2_edge
1779105070,4,3,0.005990,edge_s4_p3
1779105070,2,1,0.009112,s2_p1_edge
1779105070,2,4,0.004557,edge_s2_p4
1779105070,2,2,0.009112,s2_p2_edge
1779105070,2,3,0.004567,edge_s2_p3
1779105070,17,4,0.009795,core_s17_p4
1779105070,17,1,0.015795,path_A
1779105070,17,2,0.011959,core_s17_p2
1779105070,17,3,0.009845,path_A
1779105070,22,1,0.012102,core_s22_p1
1779105070,22,4,0.010687,core_s22_p4
1779105070,22,2,0.012090,core_s22_p2
1779105070,22,3,0.010550,core_s22_p3
1779105070,6,1,0.009596,s6_p1_edge
1779105070,6,4,0.004814,edge_s6_p4
1779105070,6,2,0.009596,s6_p2_edge
1779105070,6,3,0.004788,edge_s6_p3
1779105070,16,4,0.010303,path_B
1779105070,16,1,0.026526,path_B
1779105070,16,2,0.011773,agg_s16_p2
1779105070,16,3,0.010389,agg_s16_p3
1779105070,23,4,0.012084,core_s23_p4
1779105070,23,1,0.012046,path_A
1779105070,23,2,0.012428,path_A
1779105070,23,3,0.012078,core_s23_p3
1779105075,24,4,0.012214,core_s24_p4
1779105075,24,1,0.012181,core_s24_p1
1779105075,24,2,0.012614,core_s24_p2
1779105075,24,3,0.012414,core_s24_p3
1779105075,20,4,0.009872,core_s20_p4
1779105075,20,1,0.011368,core_s20_p1
1779105075,20,2,0.011257,core_s20_p2
1779105075,20,3,0.009989,s20_p3_edge
1779105075,21,4,0.010427,core_s21_p4
1779105075,21,1,0.012065,core_s21_p1
1779105075,21,2,0.011946,core_s21_p2
1779105075,21,3,0.010599,core_s21_p3
1779105075,1,4,0.007254,path_B
1779105075,1,1,0.014488,s1_p1_edge
1779105075,1,2,0.014488,s1_p2_edge
1779105075,1,3,0.021814,path_A
1779105075,3,4,0.015268,path_B
1779105075,3,1,0.015277,s3_p1_edge
1779105075,3,2,0.000017,s3_p2_edge
1779105075,3,3,0.000009,path_A
1779105075,8,4,0.004795,edge_s8_p4
1779105075,8,1,0.009642,s8_p1_edge
1779105075,8,2,0.009642,s8_p2_edge
1779105075,8,3,0.004853,edge_s8_p3
1779105075,25,1,0.011286,core_s25_p1
1779105075,25,4,0.011223,core_s25_p4
1779105075,25,2,0.011672,core_s25_p2
1779105075,25,3,0.011167,s25_p3_edge
1779105075,9,4,0.011639,agg_s9_p4
1779105075,9,1,0.013259,path_A
1779105075,9,2,0.013383,agg_s9_p2
1779105075,9,3,0.011711,path_A
1779105075,19,4,0.009804,core_s19_p4
1779105075,19,1,0.011188,core_s19_p1
1779105075,19,2,0.011232,core_s19_p2
1779105075,19,3,0.009826,core_s19_p3
1779105075,18,4,0.026387,path_B
1779105075,18,1,0.016198,path_B
1779105075,18,2,0.012188,core_s18_p2
1779105075,18,3,0.009982,core_s18_p3
1779105075,32,1,0.026155,path_B
1779105075,32,4,0.010973,core_s32_p4
1779105075,32,2,0.011519,path_B
1779105075,32,3,0.011123,core_s32_p3
1779105075,4,4,0.007464,edge_s4_p4
1779105075,4,1,0.014965,s4_p1_edge
1779105075,4,2,0.014965,s4_p2_edge
1779105075,4,3,0.007501,edge_s4_p3
1779105075,17,4,0.009177,core_s17_p4
1779105075,17,1,0.014769,path_A
1779105075,17,2,0.011076,core_s17_p2
1779105075,17,3,0.009293,path_A
1779105075,22,1,0.012340,core_s22_p1
1779105075,22,4,0.010852,core_s22_p4
1779105075,22,2,0.012242,core_s22_p2
1779105075,22,3,0.010938,core_s22_p3
1779105080,16,4,0.010811,path_B
1779105080,16,1,0.027699,path_B
1779105080,16,2,0.012261,agg_s16_p2
1779105080,16,3,0.010744,agg_s16_p3
1779105080,6,1,0.013491,s6_p1_edge
1779105080,6,4,0.006723,edge_s6_p4
1779105080,6,2,0.013491,s6_p2_edge
1779105080,6,3,0.006776,edge_s6_p3
1779105080,7,1,0.009563,s7_p1_edge
1779105080,7,4,0.004783,edge_s7_p4
1779105080,7,2,0.009563,s7_p2_edge
1779105080,7,3,0.004787,edge_s7_p3
1779105080,23,4,0.010691,core_s23_p4
1779105080,23,1,0.010561,path_A
1779105080,23,2,0.010939,path_A
1779105080,23,3,0.010668,core_s23_p3
1779105080,5,4,0.004803,edge_s5_p4
1779105080,5,1,0.009609,s5_p1_edge
1779105080,5,2,0.009609,s5_p2_edge
1779105080,5,3,0.004811,edge_s5_p3
1779105080,2,1,0.009598,s2_p1_edge
1779105080,2,4,0.004821,edge_s2_p4
1779105080,2,2,0.009598,s2_p2_edge
1779105080,2,3,0.004783,edge_s2_p3
1779105080,24,4,0.011062,core_s24_p4
1779105080,24,1,0.010977,core_s24_p1
1779105080,24,2,0.011340,core_s24_p2
1779105080,24,3,0.011129,core_s24_p3
1779105080,21,4,0.011107,core_s21_p4
1779105080,21,1,0.012744,core_s21_p1
1779105080,21,2,0.012756,core_s21_p2
1779105080,21,3,0.011107,core_s21_p3
1779105080,20,4,0.010881,core_s20_p4
1779105080,20,1,0.012511,core_s20_p1
1779105080,20,2,0.012542,core_s20_p2
1779105080,20,3,0.011054,core_s20_p3
1779105080,1,4,0.008131,path_B
1779105080,1,1,0.016546,s1_p1_edge
1779105080,1,2,0.016555,s1_p2_edge
1779105080,1,3,0.024967,path_A
1779105080,3,4,0.015175,path_B
1779105080,3,1,0.015181,s3_p1_edge
1779105080,3,2,0.000015,s3_p2_edge
1779105080,3,3,0.000015,path_A
1779105080,9,4,0.010714,agg_s9_p4
1779105080,9,1,0.012310,path_A
1779105080,9,2,0.012243,agg_s9_p2
1779105080,9,3,0.010714,path_A
1779105080,25,1,0.010637,core_s25_p1
1779105080,25,4,0.010689,core_s25_p4
1779105080,25,2,0.011216,core_s25_p2
1779105080,25,3,0.010713,core_s25_p3
1779105080,19,4,0.010690,core_s19_p4
1779105080,19,1,0.012140,core_s19_p1
1779105080,19,2,0.012170,core_s19_p2
1779105080,19,3,0.010641,core_s19_p3
1779105080,32,1,0.027943,path_B
1779105080,32,4,0.012036,core_s32_p4
1779105080,32,2,0.012419,path_B
1779105080,32,3,0.011892,core_s32_p3
1779105080,18,4,0.023666,path_B
1779105080,18,1,0.014623,path_B
1779105080,18,2,0.011136,core_s18_p2
1779105080,18,3,0.009056,core_s18_p3
1779105080,22,1,0.013615,core_s22_p1
1779105080,22,4,0.011986,core_s22_p4
1779105080,22,2,0.013513,core_s22_p2
1779105080,22,3,0.011573,core_s22_p3
1779105080,17,4,0.009822,core_s17_p4
1779105080,17,1,0.015792,path_A
1779105080,17,2,0.011880,core_s17_p2
1779105080,17,3,0.009892,path_A
1779105080,8,4,0.005033,edge_s8_p4
1779105080,8,1,0.010028,s8_p1_edge
1779105080,8,2,0.010028,s8_p2_edge
1779105080,8,3,0.005000,edge_s8_p3
1779105080,6,1,0.019591,s6_p1_edge
1779105080,6,4,0.009797,edge_s6_p4
1779105080,6,2,0.019591,s6_p2_edge
1779105080,6,3,0.009805,edge_s6_p3
1779105080,4,4,0.006093,edge_s4_p4
1779105080,4,1,0.012236,s4_p1_edge
1779105080,4,2,0.012236,s4_p2_edge
1779105080,4,3,0.006150,edge_s4_p3
1779105085,16,4,0.011339,path_B
1779105085,16,1,0.029207,path_B
1779105085,16,2,0.012878,agg_s16_p2
1779105085,16,3,0.011313,s16_p3_edge
1779105085,23,4,0.012263,core_s23_p4
1779105085,23,1,0.012263,path_A
1779105085,23,2,0.012607,path_A
1779105085,23,3,0.012303,core_s23_p3
1779105085,21,4,0.011050,core_s21_p4
1779105085,21,1,0.012544,core_s21_p1
1779105085,21,2,0.012585,core_s21_p2
1779105085,21,3,0.011137,core_s21_p3
1779105085,24,4,0.012041,core_s24_p4
1779105085,24,1,0.012246,core_s24_p1
1779105085,24,2,0.012597,core_s24_p2
1779105085,24,3,0.012054,core_s24_p3
1779105085,5,4,0.007561,edge_s5_p4
1779105085,5,1,0.015113,s5_p1_edge
1779105085,5,2,0.015113,s5_p2_edge
1779105085,5,3,0.007561,edge_s5_p3
1779105085,3,4,0.018267,path_B
1779105085,3,1,0.018275,s3_p1_edge
1779105085,3,2,0.000018,s3_p2_edge
1779105085,3,3,0.000018,path_A
1779105085,20,4,0.010810,core_s20_p4
1779105085,20,1,0.012358,core_s20_p1
1779105085,20,2,0.012532,core_s20_p2
1779105085,20,3,0.010989,core_s20_p3
1779105085,1,4,0.007504,path_B
1779105085,1,1,0.015155,s1_p1_edge
1779105085,1,2,0.015155,s1_p2_edge
1779105085,1,3,0.022901,path_A
1779105085,9,4,0.011546,agg_s9_p4
1779105085,9,1,0.013232,path_A
1779105085,9,2,0.013267,agg_s9_p2
1779105085,9,3,0.011757,path_A
1779105085,25,1,0.011816,core_s25_p1
1779105085,25,4,0.011762,core_s25_p4
1779105085,25,2,0.012280,core_s25_p2
1779105085,25,3,0.011891,core_s25_p3
1779105085,19,4,0.011035,core_s19_p4
1779105085,19,1,0.012410,core_s19_p1
1779105085,19,2,0.012524,core_s19_p2
1779105085,19,3,0.010962,core_s19_p3
1779105085,7,1,0.010068,s7_p1_edge
1779105085,7,4,0.005050,edge_s7_p4
1779105085,7,2,0.010068,s7_p2_edge
1779105085,7,3,0.005024,edge_s7_p3
1779105085,32,1,0.026475,path_B
1779105085,32,4,0.011200,s32_p4_edge
1779105085,32,2,0.011594,path_B
1779105085,32,3,0.011474,core_s32_p3
1779105085,17,4,0.011674,core_s17_p4
1779105085,17,1,0.018738,path_A
1779105085,17,2,0.014058,core_s17_p2
1779105085,17,3,0.011754,path_A
1779105085,2,1,0.009944,s2_p1_edge
1779105085,2,4,0.005019,edge_s2_p4
1779105085,2,2,0.009944,s2_p2_edge
1779105085,2,3,0.004931,edge_s2_p3
1779105085,4,4,0.009522,edge_s4_p4
1779105085,4,1,0.019056,s4_p1_edge
1779105085,4,2,0.019056,s4_p2_edge
1779105085,4,3,0.009545,edge_s4_p3
1779105085,18,4,0.026328,path_B
1779105085,18,1,0.016232,path_B
1779105085,18,2,0.012263,core_s18_p2
1779105085,18,3,0.010067,core_s18_p3
1779105085,22,1,0.012395,core_s22_p1
1779105085,22,4,0.010882,core_s22_p4
1779105085,22,2,0.012461,core_s22_p2
1779105085,22,3,0.010849,core_s22_p3
1779105085,6,1,0.017592,s6_p1_edge
1779105085,6,4,0.008839,edge_s6_p4
1779105085,6,2,0.017592,s6_p2_edge
1779105085,6,3,0.008763,edge_s6_p3
1779105090,16,4,0.009882,path_B
1779105090,16,1,0.025478,path_B
1779105090,16,2,0.011376,agg_s16_p2
1779105090,16,3,0.009906,agg_s16_p3
1779105090,23,4,0.011399,core_s23_p4
1779105090,23,1,0.011563,path_A
1779105090,23,2,0.011872,path_A
1779105090,23,3,0.011577,core_s23_p3
1779105090,20,4,0.012011,core_s20_p4
1779105090,20,1,0.013700,core_s20_p1
1779105090,20,2,0.013598,core_s20_p2
1779105090,20,3,0.011960,core_s20_p3
1779105090,24,4,0.011761,core_s24_p4
1779105090,24,1,0.011754,core_s24_p1
1779105090,24,2,0.012212,core_s24_p2
1779105090,24,3,0.011808,core_s24_p3
1779105090,21,4,0.010331,core_s21_p4
1779105090,21,1,0.011710,core_s21_p1
1779105090,21,2,0.011659,core_s21_p2
1779105090,21,3,0.010347,core_s21_p3
1779105090,3,4,0.013852,path_B
1779105090,3,1,0.013852,s3_p1_edge
1779105090,3,2,0.000008,s3_p2_edge
1779105090,3,3,0.000008,path_A
1779105090,9,4,0.010529,agg_s9_p4
1779105090,9,1,0.012005,path_A
1779105090,9,2,0.012065,agg_s9_p2
1779105090,9,3,0.010682,path_A
1779105090,19,4,0.011542,core_s19_p4
1779105090,19,1,0.013306,core_s19_p1
1779105090,19,2,0.013226,core_s19_p2
1779105090,19,3,0.011477,core_s19_p3
1779105090,25,1,0.011684,core_s25_p1
1779105090,25,4,0.011705,core_s25_p4
1779105090,25,2,0.012085,core_s25_p2
1779105090,25,3,0.011567,core_s25_p3
1779105090,1,4,0.007781,path_B
1779105090,1,1,0.015561,s1_p1_edge
1779105090,1,2,0.015552,s1_p2_edge
1779105090,1,3,0.023442,path_A
1779105090,8,4,0.004786,edge_s8_p4
1779105090,8,1,0.009626,s8_p1_edge
1779105090,8,2,0.009626,s8_p2_edge
1779105090,8,3,0.004845,edge_s8_p3
1779105090,32,1,0.026035,path_B
1779105090,32,4,0.010975,core_s32_p4
1779105090,32,2,0.011358,path_B
1779105090,32,3,0.011006,core_s32_p3
1779105090,4,4,0.008295,edge_s4_p4
1779105090,4,1,0.016541,s4_p1_edge
1779105090,4,2,0.016541,s4_p2_edge
1779105090,4,3,0.008255,edge_s4_p3
1779105090,17,4,0.008376,core_s17_p4
1779105090,17,1,0.013404,path_A
1779105090,17,2,0.010123,core_s17_p2
1779105090,17,3,0.008335,path_A
1779105090,5,4,0.004707,edge_s5_p4
1779105090,5,1,0.009409,s5_p1_edge
1779105090,5,2,0.009409,s5_p2_edge
1779105090,5,3,0.004707,edge_s5_p3
1779105090,18,4,0.023738,path_B
1779105090,18,1,0.014596,path_B
1779105090,18,2,0.011052,core_s18_p2
1779105090,18,3,0.008992,core_s18_p3
1779105090,22,1,0.010990,core_s22_p1
1779105090,22,4,0.009643,s22_p4_edge
1779105090,22,2,0.010861,core_s22_p2
1779105090,22,3,0.009516,core_s22_p3
1779105095,6,1,0.013105,s6_p1_edge
1779105095,6,4,0.006533,edge_s6_p4
1779105095,6,2,0.013105,s6_p2_edge
1779105095,6,3,0.006581,edge_s6_p3
1779105095,23,4,0.011204,core_s23_p4
1779105095,23,1,0.011311,path_A
1779105095,23,2,0.011651,path_A
1779105095,23,3,0.011211,core_s23_p3
1779105095,16,4,0.010302,s16_p4_edge
1779105095,16,1,0.026801,path_B
1779105095,16,2,0.011677,agg_s16_p2
1779105095,16,3,0.010360,agg_s16_p3
1779105095,20,4,0.010110,core_s20_p4
1779105095,20,1,0.011554,core_s20_p1
1779105095,20,2,0.011496,core_s20_p2
1779105095,20,3,0.010231,core_s20_p3
1779105095,21,4,0.010507,core_s21_p4
1779105095,21,1,0.011847,core_s21_p1
1779105095,21,2,0.011701,core_s21_p2
1779105095,21,3,0.010526,core_s21_p3
1779105095,24,4,0.010467,core_s24_p4
1779105095,24,1,0.010417,core_s24_p1
1779105095,24,2,0.010839,core_s24_p2
1779105095,24,3,0.010448,core_s24_p3
1779105095,7,1,0.009343,s7_p1_edge
1779105095,7,4,0.004682,edge_s7_p4
1779105095,7,2,0.009343,s7_p2_edge
1779105095,7,3,0.004667,edge_s7_p3
1779105095,3,4,0.015907,path_B
1779105095,3,1,0.015914,s3_p1_edge
1779105095,3,2,0.000017,s3_p2_edge
1779105095,3,3,0.000017,path_A
1779105095,1,4,0.008081,path_B
1779105095,1,1,0.016180,s1_p1_edge
1779105095,1,2,0.016180,s1_p2_edge
1779105095,1,3,0.024299,path_A
1779105095,25,1,0.011858,core_s25_p1
1779105095,25,4,0.011994,core_s25_p4
1779105095,25,2,0.012267,core_s25_p2
1779105095,25,3,0.011831,core_s25_p3
1779105095,2,1,0.009289,s2_p1_edge
1779105095,2,4,0.004655,edge_s2_p4
1779105095,2,2,0.009289,s2_p2_edge
1779105095,2,3,0.004645,edge_s2_p3
1779105095,9,4,0.009996,agg_s9_p4
1779105095,9,1,0.011861,path_A
1779105095,9,2,0.011786,agg_s9_p2
1779105095,9,3,0.010315,path_A
1779105095,19,4,0.010057,core_s19_p4
1779105095,19,1,0.011323,core_s19_p1
1779105095,19,2,0.011317,core_s19_p2
1779105095,19,3,0.009972,core_s19_p3
1779105095,32,1,0.023809,path_B
1779105095,32,4,0.010086,s32_p4_edge
1779105095,32,2,0.010437,path_B
1779105095,32,3,0.010094,core_s32_p3
1779105100,17,4,0.008406,core_s17_p4
1779105100,17,1,0.013480,path_A
1779105100,17,2,0.010091,core_s17_p2
1779105100,17,3,0.008481,path_A
1779105100,22,1,0.011310,core_s22_p1
1779105100,22,4,0.010024,s22_p4_edge
1779105100,22,2,0.011328,core_s22_p2
1779105100,22,3,0.009903,core_s22_p3
1779105100,18,4,0.022908,path_B
1779105100,18,1,0.014086,path_B
1779105100,18,2,0.010586,core_s18_p2
1779105100,18,3,0.008740,core_s18_p3
1779105100,16,4,0.010200,s16_p4_edge
1779105100,16,1,0.026341,path_B
1779105100,16,2,0.011797,agg_s16_p2
1779105100,16,3,0.010287,agg_s16_p3
1779105100,23,4,0.010446,core_s23_p4
1779105100,23,1,0.010422,s23_p1_edge
1779105100,23,2,0.010728,path_A
1779105100,23,3,0.010449,core_s23_p3
1779105100,6,1,0.012979,s6_p1_edge
1779105100,6,4,0.006533,edge_s6_p4
1779105100,6,2,0.012979,s6_p2_edge
1779105100,6,3,0.006454,edge_s6_p3
1779105100,8,4,0.004386,edge_s8_p4
1779105100,8,1,0.008726,s8_p1_edge
1779105100,8,2,0.008726,s8_p2_edge
1779105100,8,3,0.004345,edge_s8_p3
1779105100,4,4,0.005356,edge_s4_p4
1779105100,4,1,0.010731,s4_p1_edge
1779105100,4,2,0.010731,s4_p2_edge
1779105100,4,3,0.005381,edge_s4_p3
1779105100,21,4,0.009836,s21_p4_edge
1779105100,21,1,0.011199,core_s21_p1
1779105100,21,2,0.011352,core_s21_p2
1779105100,21,3,0.010031,core_s21_p3
1779105100,20,4,0.009114,core_s20_p4
1779105100,20,1,0.010481,core_s20_p1
1779105100,20,2,0.010515,core_s20_p2
1779105100,20,3,0.009313,s20_p3_edge
1779105100,24,4,0.009824,s24_p4_edge
1779105100,24,1,0.009903,core_s24_p1
1779105100,24,2,0.010180,core_s24_p2
1779105100,24,3,0.009864,s24_p3_edge
1779105100,1,4,0.006860,path_B
1779105100,1,1,0.013864,s1_p1_edge
1779105100,1,2,0.013864,s1_p2_edge
1779105100,1,3,0.020984,path_A
1779105100,3,4,0.012944,path_B
1779105100,3,1,0.012944,s3_p1_edge
1779105100,3,2,0.000008,s3_p2_edge
1779105100,3,3,0.000008,path_A
1779105100,9,4,0.010078,agg_s9_p4
1779105100,9,1,0.011529,path_A
1779105100,9,2,0.011583,agg_s9_p2
1779105100,9,3,0.010069,s9_p3_edge
1779105100,25,1,0.009485,core_s25_p1
1779105100,25,4,0.009694,core_s25_p4
1779105100,25,2,0.009881,core_s25_p2
1779105100,25,3,0.009477,core_s25_p3
1779105100,19,4,0.009660,s19_p4_edge
1779105100,19,1,0.011017,core_s19_p1
1779105100,19,2,0.011109,core_s19_p2
1779105100,19,3,0.009741,core_s19_p3
1779105100,5,4,0.004555,edge_s5_p4
1779105100,5,1,0.009055,s5_p1_edge
1779105100,5,2,0.009055,s5_p2_edge
1779105100,5,3,0.004511,edge_s5_p3
1779105100,32,1,0.026711,path_B
1779105100,32,4,0.011385,s32_p4_edge
1779105100,32,2,0.011845,path_B
1779105100,32,3,0.011324,core_s32_p3
1779105100,18,4,0.028864,path_B
1779105100,18,1,0.017790,path_B
1779105100,18,2,0.013443,core_s18_p2
1779105100,18,3,0.011164,core_s18_p3
1779105105,7,1,0.009059,s7_p1_edge
1779105105,7,4,0.004515,edge_s7_p4
1779105105,7,2,0.009059,s7_p2_edge
1779105105,7,3,0.004550,edge_s7_p3
1779105105,22,1,0.012436,core_s22_p1
1779105105,22,4,0.010953,s22_p4_edge
1779105105,22,2,0.012411,core_s22_p2
1779105105,22,3,0.010911,s22_p3_edge
1779105105,17,4,0.009051,core_s17_p4
1779105105,17,1,0.014416,path_A
1779105105,17,2,0.010840,core_s17_p2
1779105105,17,3,0.008958,path_A
1779105105,2,1,0.009132,s2_p1_edge
1779105105,2,4,0.004610,edge_s2_p4
1779105105,2,2,0.009132,s2_p2_edge
1779105105,2,3,0.004527,edge_s2_p3
1779105105,16,4,0.010253,path_B
1779105105,16,1,0.026731,s16_p1_edge
1779105105,16,2,0.011768,agg_s16_p2
1779105105,16,3,0.010474,agg_s16_p3
1779105105,20,4,0.012086,core_s20_p4
1779105105,20,1,0.013892,core_s20_p1
1779105105,20,2,0.013900,core_s20_p2
1779105105,20,3,0.012151,core_s20_p3
1779105105,21,4,0.011083,s21_p4_edge
1779105105,21,1,0.012664,core_s21_p1
1779105105,21,2,0.012527,core_s21_p2
1779105105,21,3,0.011244,core_s21_p3
1779105105,23,4,0.010856,core_s23_p4
1779105105,23,1,0.010735,path_A
1779105105,23,2,0.011217,path_A
1779105105,23,3,0.010850,core_s23_p3
1779105105,6,1,0.014893,s6_p1_edge
1779105105,6,4,0.007496,edge_s6_p4
1779105105,6,2,0.014893,s6_p2_edge
1779105105,6,3,0.007406,edge_s6_p3
1779105105,25,1,0.014283,core_s25_p1
1779105105,25,4,0.014488,s25_p4_edge
1779105105,25,2,0.014949,core_s25_p2
1779105105,25,3,0.014275,core_s25_p3
1779105105,1,4,0.007974,s1_p4_edge
1779105105,1,1,0.016013,s1_p1_edge
1779105105,1,2,0.016013,s1_p2_edge
1779105105,1,3,0.024121,path_A
1779105105,24,4,0.011591,s24_p4_edge
1779105105,24,1,0.011546,core_s24_p1
1779105105,24,2,0.012020,core_s24_p2
1779105105,24,3,0.011665,s24_p3_edge
1779105105,3,4,0.016587,path_B
1779105105,3,1,0.016587,s3_p1_edge
1779105105,3,2,0.000010,s3_p2_edge
1779105105,3,3,0.000010,path_A
1779105105,9,4,0.010767,agg_s9_p4
1779105105,9,1,0.012145,path_A
1779105105,9,2,0.012239,agg_s9_p2
1779105105,9,3,0.010700,path_A
1779105105,19,4,0.010680,s19_p4_edge
1779105105,19,1,0.012220,core_s19_p1
1779105105,19,2,0.012233,core_s19_p2
1779105105,19,3,0.010734,core_s19_p3
1779105105,32,1,0.029466,path_B
1779105105,32,4,0.012505,s32_p4_edge
1779105105,32,2,0.013065,path_B
1779105105,32,3,0.012631,core_s32_p3
1779105105,4,4,0.005999,edge_s4_p4
1779105105,4,1,0.012068,s4_p1_edge
1779105105,4,2,0.012068,s4_p2_edge
1779105105,4,3,0.006076,edge_s4_p3
1779105105,8,4,0.005093,edge_s8_p4
1779105105,8,1,0.010206,s8_p1_edge
1779105105,8,2,0.010206,s8_p2_edge
1779105105,8,3,0.005119,edge_s8_p3
1779105110,18,4,0.023956,path_B
1779105110,18,1,0.014783,path_B
1779105110,18,2,0.011148,core_s18_p2
1779105110,18,3,0.009176,core_s18_p3
1779105110,22,1,0.013096,core_s22_p1
1779105110,22,4,0.011530,s22_p4_edge
1779105110,22,2,0.013099,core_s22_p2
1779105110,22,3,0.011555,s22_p3_edge
1779105110,17,4,0.010322,core_s17_p4
1779105110,17,1,0.016499,path_A
1779105110,17,2,0.012379,core_s17_p2
1779105110,17,3,0.010330,path_A
1779105110,5,4,0.005780,edge_s5_p4
1779105110,5,1,0.011703,s5_p1_edge
1779105110,5,2,0.011703,s5_p2_edge
1779105110,5,3,0.005930,edge_s5_p3
1779105110,6,1,0.022190,s6_p1_edge
1779105110,6,4,0.011025,edge_s6_p4
1779105110,6,2,0.022190,s6_p2_edge
1779105110,6,3,0.011191,edge_s6_p3
1779105110,23,4,0.014409,core_s23_p4
1779105110,23,1,0.014523,path_A
1779105110,23,2,0.014811,path_A
1779105110,23,3,0.014434,core_s23_p3
1779105110,16,4,0.011819,path_B
1779105110,16,1,0.030304,s16_p1_edge
1779105110,16,2,0.013484,agg_s16_p2
1779105110,16,3,0.011789,agg_s16_p3
1779105110,21,4,0.011186,s21_p4_edge
1779105110,21,1,0.013033,core_s21_p1
1779105110,21,2,0.013104,core_s21_p2
1779105110,21,3,0.011471,core_s21_p3
1779105110,20,4,0.011291,core_s20_p4
1779105110,20,1,0.012971,core_s20_p1
1779105110,20,2,0.012935,core_s20_p2
1779105110,20,3,0.011355,s20_p3_edge
1779105110,24,4,0.012515,s24_p4_edge
1779105110,24,1,0.012530,core_s24_p1
1779105110,24,2,0.012946,core_s24_p2
1779105110,24,3,0.012500,s24_p3_edge
1779105110,3,4,0.016784,path_B
1779105110,3,1,0.016784,s3_p1_edge
1779105110,3,2,0.000011,s3_p2_edge
1779105110,3,3,0.000011,path_A
1779105110,25,1,0.010943,core_s25_p1
1779105110,25,4,0.010983,core_s25_p4
1779105110,25,2,0.011261,core_s25_p2
1779105110,25,3,0.010983,s25_p3_edge
1779105110,9,4,0.011600,agg_s9_p4
1779105110,9,1,0.013400,path_A
1779105110,9,2,0.013318,agg_s9_p2
1779105110,9,3,0.011675,path_A
1779105110,19,4,0.012041,s19_p4_edge
1779105110,19,1,0.013658,core_s19_p1
1779105110,19,2,0.013673,core_s19_p2
1779105110,19,3,0.011941,core_s19_p3
1779105110,1,4,0.007660,path_B
1779105110,1,1,0.015204,s1_p1_edge
1779105110,1,2,0.015204,s1_p2_edge
1779105110,1,3,0.022842,path_A
1779105110,7,1,0.010383,s7_p1_edge
1779105110,7,4,0.005184,edge_s7_p4
1779105110,7,2,0.010383,s7_p2_edge
1779105110,7,3,0.005205,edge_s7_p3
1779105110,32,1,0.028722,path_B
1779105110,32,4,0.012156,s32_p4_edge
1779105110,32,2,0.012707,path_B
1779105110,32,3,0.012034,core_s32_p3
1779105110,2,1,0.010424,s2_p1_edge
1779105110,2,4,0.005226,edge_s2_p4
1779105110,2,2,0.010424,s2_p2_edge
1779105110,2,3,0.005205,edge_s2_p3
1779105110,17,4,0.011875,core_s17_p4
1779105110,17,1,0.019120,path_A
1779105110,17,2,0.014348,core_s17_p2
1779105110,17,3,0.012030,path_A
1779105110,22,1,0.013634,core_s22_p1
1779105110,22,4,0.012073,s22_p4_edge
1779105110,22,2,0.013634,core_s22_p2
1779105110,22,3,0.011881,core_s22_p3
1779105115,18,4,0.025475,path_B
1779105115,18,1,0.015574,path_B
1779105115,18,2,0.011748,core_s18_p2
1779105115,18,3,0.009591,core_s18_p3
1779105115,23,4,0.012931,core_s23_p4
1779105115,23,1,0.012760,path_A
1779105115,23,2,0.013351,path_A
1779105115,23,3,0.012853,core_s23_p3
1779105115,16,4,0.012941,path_B
1779105115,16,1,0.033384,path_B
1779105115,16,2,0.014838,agg_s16_p2
1779105115,16,3,0.013117,agg_s16_p3
1779105115,21,4,0.013019,s21_p4_edge
1779105115,21,1,0.014497,core_s21_p1
1779105115,21,2,0.014569,core_s21_p2
1779105115,21,3,0.012960,core_s21_p3
1779105115,6,1,0.016483,s6_p1_edge
1779105115,6,4,0.008335,edge_s6_p4
1779105115,6,2,0.016483,s6_p2_edge
1779105115,6,3,0.008157,edge_s6_p3
1779105115,24,4,0.013904,s24_p4_edge
1779105115,24,1,0.013937,core_s24_p1
1779105115,24,2,0.014427,core_s24_p2
1779105115,24,3,0.014064,s24_p3_edge
1779105115,3,4,0.019118,path_B
1779105115,3,1,0.019118,s3_p1_edge
1779105115,3,2,0.000012,s3_p2_edge
1779105115,3,3,0.000025,path_A
1779105115,20,4,0.011199,core_s20_p4
1779105115,20,1,0.012876,core_s20_p1
1779105115,20,2,0.012832,core_s20_p2
1779105115,20,3,0.011314,s20_p3_edge
