timestamp,dpid,port_no,utilization,link_label
1779294229.0,1,4,0.000000,s1_p4
1779294229.0,1,1,0.000000,s1_p1
1779294229.0,1,2,0.000000,s1_p2
1779294229.0,1,3,0.000000,s1_p3
1779294230.0,1,4,0.000000,s1_p4
1779294230.0,1,1,0.000000,s1_p1
1779294230.0,1,2,0.000000,s1_p2
1779294230.0,1,3,0.000000,s1_p3
1779294230.0,9,1,0.000000,s9_p1
1779294230.0,9,4,0.000000,s9_p4
1779294230.0,9,2,0.000000,s9_p2
1779294230.0,9,3,0.000000,s9_p3
1779294230.0,2,1,0.000000,s2_p1
1779294230.0,2,4,0.000000,s2_p4
1779294230.0,2,2,0.000000,s2_p2
1779294230.0,2,3,0.000000,s2_p3
1779294230.0,3,4,0.000000,s3_p4
1779294230.0,3,1,0.000000,s3_p1
1779294230.0,3,2,0.000000,s3_p2
1779294230.0,3,3,0.000000,s3_p3
1779294230.0,1,4,0.000000,s1_p4
1779294230.0,1,1,0.000000,s1_p1
1779294230.0,1,2,0.000000,s1_p2
1779294230.0,1,3,0.000000,s1_p3
1779294230.0,10,1,0.000000,s10_p1
1779294230.0,10,4,0.000000,s10_p4
1779294230.0,10,2,0.000000,s10_p2
1779294230.0,10,3,0.000000,s10_p3
1779294230.0,4,1,0.000000,s4_p1
1779294230.0,4,4,0.000000,s4_p4
1779294230.0,4,2,0.000000,s4_p2
1779294230.0,4,3,0.000000,s4_p3
1779294230.0,2,1,0.000000,s2_p1
1779294230.0,2,4,0.000000,s2_p4
1779294230.0,2,2,0.000000,s2_p2
1779294230.0,2,3,0.000000,s2_p3
1779294230.0,9,1,0.000000,s9_p1
1779294230.0,9,4,0.000000,s9_p4
1779294230.0,9,2,0.000000,s9_p2
1779294230.0,9,3,0.000000,s9_p3
1779294231.0,3,4,0.000000,s3_p4
1779294231.0,3,1,0.000000,s3_p1
1779294231.0,3,2,0.000000,s3_p2
1779294231.0,3,3,0.000000,s3_p3
1779294231.0,1,4,0.000000,s1_p4
1779294231.0,1,1,0.000000,s1_p1
1779294231.0,1,2,0.000000,s1_p2
1779294231.0,1,3,0.000000,s1_p3
1779294231.0,10,1,0.000000,s10_p1
1779294231.0,10,4,0.000000,s10_p4
1779294231.0,10,2,0.000000,s10_p2
1779294231.0,10,3,0.000000,s10_p3
1779294231.0,11,4,0.000000,s11_p4
1779294231.0,11,1,0.000000,s11_p1
1779294231.0,11,2,0.000000,s11_p2
1779294231.0,11,3,0.000000,s11_p3
1779294231.0,2,1,0.000000,s2_p1
1779294231.0,2,4,0.000000,s2_p4
1779294231.0,2,2,0.000000,s2_p2
1779294231.0,2,3,0.000000,s2_p3
1779294231.0,12,4,0.000000,s12_p4
1779294231.0,12,1,0.000000,s12_p1
1779294231.0,12,2,0.000000,s12_p2
1779294231.0,12,3,0.000000,s12_p3
1779294231.0,9,1,0.000000,s9_p1
1779294231.0,9,4,0.000000,s9_p4
1779294231.0,9,2,0.000000,s9_p2
1779294231.0,9,3,0.000000,s9_p3
1779294231.0,4,1,0.000000,s4_p1
1779294231.0,4,4,0.000000,s4_p4
1779294231.0,4,2,0.000000,s4_p2
1779294231.0,4,3,0.000000,s4_p3
1779294231.0,6,1,0.000000,s6_p1
1779294231.0,6,4,0.000000,s6_p4
1779294231.0,6,2,0.000000,s6_p2
1779294231.0,6,3,0.000000,s6_p3
1779294231.0,1,4,0.000000,s1_p4
1779294231.0,1,1,0.000000,s1_p1
1779294231.0,1,2,0.000000,s1_p2
1779294231.0,1,3,0.000000,s1_p3
1779294231.0,3,4,0.000000,s3_p4
1779294231.0,3,1,0.000000,s3_p1
1779294231.0,3,2,0.000000,s3_p2
1779294231.0,3,3,0.000000,s3_p3
1779294231.0,10,1,0.000000,s10_p1
1779294231.0,10,4,0.000000,s10_p4
1779294231.0,10,2,0.000000,s10_p2
1779294231.0,10,3,0.000000,s10_p3
1779294231.0,4,1,0.000000,s4_p1
1779294231.0,4,4,0.000000,s4_p4
1779294231.0,4,2,0.000000,s4_p2
1779294231.0,4,3,0.000000,s4_p3
1779294231.0,12,4,0.000000,s12_p4
1779294231.0,12,1,0.000000,s12_p1
1779294231.0,12,2,0.000000,s12_p2
1779294231.0,12,3,0.000000,s12_p3
1779294231.0,2,1,0.000000,s2_p1
1779294231.0,2,4,0.000000,s2_p4
1779294231.0,2,2,0.000000,s2_p2
1779294231.0,2,3,0.000000,s2_p3
1779294231.0,9,1,0.000000,s9_p1
1779294231.0,9,4,0.000000,s9_p4
1779294231.0,9,2,0.000000,s9_p2
1779294231.0,9,3,0.000000,s9_p3
1779294231.0,5,4,0.000000,s5_p4
1779294231.0,5,1,0.000000,s5_p1
1779294231.0,5,2,0.000000,s5_p2
1779294231.0,5,3,0.000000,s5_p3
1779294231.0,11,4,0.000000,s11_p4
1779294231.0,11,1,0.000000,s11_p1
1779294231.0,11,2,0.000000,s11_p2
1779294231.0,11,3,0.000000,s11_p3
1779294232.0,3,4,0.000000,s3_p4
1779294232.0,3,1,0.000000,s3_p1
1779294232.0,3,2,0.000000,s3_p2
1779294232.0,3,3,0.000000,s3_p3
1779294232.0,1,4,0.000000,s1_p4
1779294232.0,1,1,0.000000,s1_p1
1779294232.0,1,2,0.000000,s1_p2
1779294232.0,1,3,0.000000,s1_p3
1779294232.0,10,1,0.000000,s10_p1
1779294232.0,10,4,0.000000,s10_p4
1779294232.0,10,2,0.000000,s10_p2
1779294232.0,10,3,0.000000,s10_p3
1779294232.0,5,4,0.000000,s5_p4
1779294232.0,5,1,0.000000,s5_p1
1779294232.0,5,2,0.000000,s5_p2
1779294232.0,5,3,0.000000,s5_p3
1779294232.0,4,1,0.000000,s4_p1
1779294232.0,4,4,0.000000,s4_p4
1779294232.0,4,2,0.000000,s4_p2
1779294232.0,4,3,0.000000,s4_p3
1779294232.0,12,4,0.000000,s12_p4
1779294232.0,12,1,0.000000,s12_p1
1779294232.0,12,2,0.000000,s12_p2
1779294232.0,12,3,0.000000,s12_p3
1779294232.0,2,1,0.000000,s2_p1
1779294232.0,2,4,0.000000,s2_p4
1779294232.0,2,2,0.000000,s2_p2
1779294232.0,2,3,0.000000,s2_p3
1779294232.0,11,4,0.000000,s11_p4
1779294232.0,11,1,0.000000,s11_p1
1779294232.0,11,2,0.000000,s11_p2
1779294232.0,11,3,0.000000,s11_p3
1779294232.0,6,1,0.000000,s6_p1
1779294232.0,6,4,0.000000,s6_p4
1779294232.0,6,2,0.000000,s6_p2
1779294232.0,6,3,0.000000,s6_p3
1779294232.0,9,1,0.000000,s9_p1
1779294232.0,9,4,0.000000,s9_p4
1779294232.0,9,2,0.000000,s9_p2
1779294232.0,9,3,0.000000,s9_p3
1779294232.0,14,4,0.000000,s14_p4
1779294232.0,14,1,0.000000,s14_p1
1779294232.0,14,2,0.000000,s14_p2
1779294232.0,14,3,0.000000,s14_p3
1779294232.0,13,4,0.000000,s13_p4
1779294232.0,13,1,0.000000,s13_p1
1779294232.0,13,2,0.000000,s13_p2
1779294232.0,13,3,0.000000,s13_p3
1779294232.0,7,1,0.000000,s7_p1
1779294232.0,7,4,0.000000,s7_p4
1779294232.0,7,2,0.000000,s7_p2
1779294232.0,7,3,0.000000,s7_p3
1779294232.0,6,1,0.000000,s6_p1
1779294232.0,6,4,0.000000,s6_p4
1779294232.0,6,2,0.000000,s6_p2
1779294232.0,6,3,0.000000,s6_p3
1779294232.0,3,4,0.000000,s3_p4
1779294232.0,3,1,0.000000,s3_p1
1779294232.0,3,2,0.000000,s3_p2
1779294232.0,3,3,0.000000,s3_p3
1779294232.0,14,4,0.000000,s14_p4
1779294232.0,14,1,0.000000,s14_p1
1779294232.0,14,2,0.000000,s14_p2
1779294232.0,14,3,0.000000,s14_p3
1779294232.0,15,4,0.000000,s15_p4
1779294232.0,15,1,0.000000,s15_p1
1779294232.0,15,2,0.000000,s15_p2
1779294232.0,15,3,0.000000,s15_p3
1779294232.0,8,4,0.000000,s8_p4
1779294232.0,8,1,0.000000,s8_p1
1779294232.0,8,2,0.000000,s8_p2
1779294232.0,8,3,0.000000,s8_p3
1779294232.0,10,1,0.000000,s10_p1
1779294232.0,10,4,0.000000,s10_p4
1779294232.0,10,2,0.000000,s10_p2
1779294232.0,10,3,0.000000,s10_p3
1779294232.0,1,4,0.000000,s1_p4
1779294232.0,1,1,0.000000,s1_p1
1779294232.0,1,2,0.000000,s1_p2
1779294232.0,1,3,0.000000,s1_p3
1779294232.0,9,1,0.000000,s9_p1
1779294232.0,9,4,0.000000,s9_p4
1779294232.0,9,2,0.000000,s9_p2
1779294232.0,9,3,0.000000,s9_p3
1779294232.0,7,1,0.000000,s7_p1
1779294232.0,7,4,0.000000,s7_p4
1779294232.0,7,2,0.000000,s7_p2
1779294232.0,7,3,0.000000,s7_p3
1779294232.0,12,4,0.000000,s12_p4
1779294232.0,12,1,0.000000,s12_p1
1779294232.0,12,2,0.000000,s12_p2
1779294232.0,12,3,0.000000,s12_p3
1779294232.0,5,4,0.000000,s5_p4
1779294232.0,5,1,0.000000,s5_p1
1779294232.0,5,2,0.000000,s5_p2
1779294232.0,5,3,0.000000,s5_p3
1779294232.0,13,4,0.000000,s13_p4
1779294232.0,13,1,0.000000,s13_p1
1779294232.0,13,2,0.000000,s13_p2
1779294232.0,13,3,0.000000,s13_p3
1779294232.0,2,1,0.000000,s2_p1
1779294232.0,2,4,0.000000,s2_p4
1779294232.0,2,2,0.000000,s2_p2
1779294232.0,2,3,0.000000,s2_p3
1779294232.0,11,4,0.000000,s11_p4
1779294232.0,11,1,0.000000,s11_p1
1779294232.0,11,2,0.000000,s11_p2
1779294232.0,11,3,0.000000,s11_p3
1779294232.0,4,1,0.000000,s4_p1
1779294232.0,4,4,0.000000,s4_p4
1779294232.0,4,2,0.000000,s4_p2
1779294232.0,4,3,0.000000,s4_p3
1779294233.0,6,1,0.000000,s6_p1
1779294233.0,6,4,0.000000,s6_p4
1779294233.0,6,2,0.000000,s6_p2
1779294233.0,6,3,0.000000,s6_p3
1779294233.0,4,1,0.000000,s4_p1
1779294233.0,4,4,0.000000,s4_p4
1779294233.0,4,2,0.000000,s4_p2
1779294233.0,4,3,0.000000,s4_p3
1779294233.0,14,4,0.000000,s14_p4
1779294233.0,14,1,0.000000,s14_p1
1779294233.0,14,2,0.000000,s14_p2
1779294233.0,14,3,0.000000,s14_p3
1779294233.0,3,4,0.000000,s3_p4
1779294233.0,3,1,0.000000,s3_p1
1779294233.0,3,2,0.000000,s3_p2
1779294233.0,3,3,0.000000,s3_p3
1779294233.0,15,4,0.000000,s15_p4
1779294233.0,15,1,0.000000,s15_p1
1779294233.0,15,2,0.000000,s15_p2
1779294233.0,15,3,0.000000,s15_p3
1779294233.0,1,4,0.000000,s1_p4
1779294233.0,1,1,0.000000,s1_p1
1779294233.0,1,2,0.000000,s1_p2
1779294233.0,1,3,0.000000,s1_p3
1779294233.0,13,4,0.000000,s13_p4
1779294233.0,13,1,0.000000,s13_p1
1779294233.0,13,2,0.000000,s13_p2
1779294233.0,13,3,0.000000,s13_p3
1779294233.0,10,1,0.000000,s10_p1
1779294233.0,10,4,0.000000,s10_p4
1779294233.0,10,2,0.000000,s10_p2
1779294233.0,10,3,0.000000,s10_p3
1779294233.0,5,4,0.000000,s5_p4
1779294233.0,5,1,0.000000,s5_p1
1779294233.0,5,2,0.000000,s5_p2
1779294233.0,5,3,0.000000,s5_p3
1779294233.0,12,4,0.000000,s12_p4
1779294233.0,12,1,0.000000,s12_p1
1779294233.0,12,2,0.000000,s12_p2
1779294233.0,12,3,0.000000,s12_p3
1779294233.0,17,4,0.000000,s17_p4
1779294233.0,17,1,0.000000,s17_p1
1779294233.0,17,2,0.000000,s17_p2
1779294233.0,17,3,0.000000,s17_p3
1779294233.0,2,1,0.000000,s2_p1
1779294233.0,2,4,0.000000,s2_p4
1779294233.0,2,2,0.000000,s2_p2
1779294233.0,2,3,0.000000,s2_p3
1779294233.0,8,4,0.000000,s8_p4
1779294233.0,8,1,0.000000,s8_p1
1779294233.0,8,2,0.000000,s8_p2
1779294233.0,8,3,0.000000,s8_p3
1779294233.0,7,1,0.000000,s7_p1
1779294233.0,7,4,0.000000,s7_p4
1779294233.0,7,2,0.000000,s7_p2
1779294233.0,7,3,0.000000,s7_p3
1779294233.0,16,1,0.000000,s16_p1
1779294233.0,16,4,0.000000,s16_p4
1779294233.0,16,2,0.000000,s16_p2
1779294233.0,16,3,0.000000,s16_p3
1779294233.0,9,1,0.000000,s9_p1
1779294233.0,9,4,0.000000,s9_p4
1779294233.0,9,2,0.000000,s9_p2
1779294233.0,9,3,0.000000,s9_p3
1779294233.0,11,4,0.000000,s11_p4
1779294233.0,11,1,0.000000,s11_p1
1779294233.0,11,2,0.000000,s11_p2
1779294233.0,11,3,0.000000,s11_p3
1779294233.0,6,1,0.000000,s6_p1
1779294233.0,6,4,0.000000,s6_p4
1779294233.0,6,2,0.000000,s6_p2
1779294233.0,6,3,0.000000,s6_p3
1779294233.0,19,1,0.000000,s19_p1
1779294233.0,19,4,0.000000,s19_p4
1779294233.0,19,2,0.000000,s19_p2
1779294233.0,19,3,0.000000,s19_p3
1779294233.0,15,4,0.000000,s15_p4
1779294233.0,15,1,0.000000,s15_p1
1779294233.0,15,2,0.000000,s15_p2
1779294233.0,15,3,0.000000,s15_p3
1779294233.0,1,4,0.000000,s1_p4
1779294233.0,1,1,0.000000,s1_p1
1779294233.0,1,2,0.000000,s1_p2
1779294233.0,1,3,0.000000,s1_p3
1779294233.0,3,4,0.000000,s3_p4
1779294233.0,3,1,0.000000,s3_p1
1779294233.0,3,2,0.000000,s3_p2
1779294233.0,3,3,0.000000,s3_p3
1779294233.0,10,1,0.000000,s10_p1
1779294233.0,10,4,0.000000,s10_p4
1779294233.0,10,2,0.000000,s10_p2
1779294233.0,10,3,0.000000,s10_p3
1779294233.0,14,4,0.000000,s14_p4
1779294233.0,14,1,0.000000,s14_p1
1779294233.0,14,2,0.000000,s14_p2
1779294233.0,14,3,0.000000,s14_p3
1779294233.0,8,4,0.000000,s8_p4
1779294233.0,8,1,0.000000,s8_p1
1779294233.0,8,2,0.000000,s8_p2
1779294233.0,8,3,0.000000,s8_p3
1779294233.0,4,1,0.000000,s4_p1
1779294233.0,4,4,0.000000,s4_p4
1779294233.0,4,2,0.000000,s4_p2
1779294233.0,4,3,0.000000,s4_p3
1779294233.0,5,4,0.000000,s5_p4
1779294233.0,5,1,0.000000,s5_p1
1779294233.0,5,2,0.000000,s5_p2
1779294233.0,5,3,0.000000,s5_p3
1779294233.0,12,4,0.000000,s12_p4
1779294233.0,12,1,0.000000,s12_p1
1779294233.0,12,2,0.000000,s12_p2
1779294233.0,12,3,0.000000,s12_p3
1779294233.0,18,1,0.000000,s18_p1
1779294233.0,18,4,0.000000,s18_p4
1779294233.0,18,2,0.000000,s18_p2
1779294233.0,18,3,0.000000,s18_p3
1779294233.0,17,4,0.000000,s17_p4
1779294233.0,17,1,0.000000,s17_p1
1779294233.0,17,2,0.000000,s17_p2
1779294233.0,17,3,0.000000,s17_p3
1779294233.0,13,4,0.000000,s13_p4
1779294233.0,13,1,0.000000,s13_p1
1779294233.0,13,2,0.000000,s13_p2
1779294233.0,13,3,0.000000,s13_p3
1779294233.0,7,1,0.000000,s7_p1
1779294233.0,7,4,0.000000,s7_p4
1779294233.0,7,2,0.000000,s7_p2
1779294233.0,7,3,0.000000,s7_p3
1779294233.0,11,4,0.000000,s11_p4
1779294233.0,11,1,0.000000,s11_p1
1779294233.0,11,2,0.000000,s11_p2
1779294233.0,11,3,0.000000,s11_p3
1779294233.0,9,1,0.000000,s9_p1
1779294233.0,9,4,0.000000,s9_p4
1779294233.0,9,2,0.000000,s9_p2
1779294233.0,9,3,0.000000,s9_p3
1779294233.0,2,1,0.000000,s2_p1
1779294233.0,2,4,0.000000,s2_p4
1779294233.0,2,2,0.000000,s2_p2
1779294233.0,2,3,0.000000,s2_p3
1779294233.0,16,1,0.000000,s16_p1
1779294233.0,16,4,0.000000,s16_p4
1779294233.0,16,2,0.000000,s16_p2
1779294233.0,16,3,0.000000,s16_p3
1779294234.0,19,1,0.000000,s19_p1
1779294234.0,19,4,0.000000,s19_p4
1779294234.0,19,2,0.000000,s19_p2
1779294234.0,19,3,0.000000,s19_p3
1779294234.0,6,1,0.000000,s6_p1
1779294234.0,6,4,0.000000,s6_p4
1779294234.0,6,2,0.000000,s6_p2
1779294234.0,6,3,0.000000,s6_p3
1779294234.0,1,4,0.000000,s1_p4
1779294234.0,1,1,0.000000,s1_p1
1779294234.0,1,2,0.000000,s1_p2
1779294234.0,1,3,0.000000,s1_p3
1779294234.0,14,4,0.000000,s14_p4
1779294234.0,14,1,0.000000,s14_p1
1779294234.0,14,2,0.000000,s14_p2
1779294234.0,14,3,0.000000,s14_p3
1779294234.0,3,4,0.000000,s3_p4
1779294234.0,3,1,0.000000,s3_p1
1779294234.0,3,2,0.000000,s3_p2
1779294234.0,3,3,0.000000,s3_p3
1779294234.0,10,1,0.000000,s10_p1
1779294234.0,10,4,0.000000,s10_p4
1779294234.0,10,2,0.000000,s10_p2
1779294234.0,10,3,0.000000,s10_p3
1779294234.0,8,4,0.000000,s8_p4
1779294234.0,8,1,0.000000,s8_p1
1779294234.0,8,2,0.000000,s8_p2
1779294234.0,8,3,0.000000,s8_p3
1779294234.0,5,4,0.000000,s5_p4
1779294234.0,5,1,0.000000,s5_p1
1779294234.0,5,2,0.000000,s5_p2
1779294234.0,5,3,0.000000,s5_p3
1779294234.0,7,1,0.000000,s7_p1
1779294234.0,7,4,0.000000,s7_p4
1779294234.0,7,2,0.000000,s7_p2
1779294234.0,7,3,0.000000,s7_p3
1779294234.0,13,4,0.000000,s13_p4
1779294234.0,13,1,0.000000,s13_p1
1779294234.0,13,2,0.000000,s13_p2
1779294234.0,13,3,0.000000,s13_p3
1779294234.0,15,4,0.000000,s15_p4
1779294234.0,15,1,0.000000,s15_p1
1779294234.0,15,2,0.000000,s15_p2
1779294234.0,15,3,0.000000,s15_p3
1779294234.0,4,1,0.000000,s4_p1
1779294234.0,4,4,0.000000,s4_p4
1779294234.0,4,2,0.000000,s4_p2
1779294234.0,4,3,0.000000,s4_p3
1779294234.0,16,1,0.000000,s16_p1
1779294234.0,16,4,0.000000,s16_p4
1779294234.0,16,2,0.000000,s16_p2
1779294234.0,16,3,0.000000,s16_p3
1779294234.0,12,4,0.000000,s12_p4
1779294234.0,12,1,0.000000,s12_p1
1779294234.0,12,2,0.000000,s12_p2
1779294234.0,12,3,0.000000,s12_p3
1779294234.0,18,1,0.000000,s18_p1
1779294234.0,18,4,0.000000,s18_p4
1779294234.0,18,2,0.000000,s18_p2
1779294234.0,18,3,0.000000,s18_p3
1779294234.0,20,1,0.000000,s20_p1
1779294234.0,20,4,0.000000,s20_p4
1779294234.0,20,2,0.000000,s20_p2
1779294234.0,20,3,0.000000,s20_p3
1779294234.0,17,4,0.000000,s17_p4
1779294234.0,17,1,0.000000,s17_p1
1779294234.0,17,2,0.000000,s17_p2
1779294234.0,17,3,0.000000,s17_p3
1779294234.0,11,4,0.000000,s11_p4
1779294234.0,11,1,0.000000,s11_p1
1779294234.0,11,2,0.000000,s11_p2
1779294234.0,11,3,0.000000,s11_p3
1779294234.0,9,1,0.000000,s9_p1
1779294234.0,9,4,0.000000,s9_p4
1779294234.0,9,2,0.000000,s9_p2
1779294234.0,9,3,0.000000,s9_p3
1779294234.0,2,1,0.000000,s2_p1
1779294234.0,2,4,0.000000,s2_p4
1779294234.0,2,2,0.000000,s2_p2
1779294234.0,2,3,0.000000,s2_p3
1779294234.0,19,1,0.000000,s19_p1
1779294234.0,19,4,0.000000,s19_p4
1779294234.0,19,2,0.000000,s19_p2
1779294234.0,19,3,0.000000,s19_p3
1779294234.0,6,1,0.000000,s6_p1
1779294234.0,6,4,0.000000,s6_p4
1779294234.0,6,2,0.000000,s6_p2
1779294234.0,6,3,0.000000,s6_p3
1779294234.0,3,4,0.000000,s3_p4
1779294234.0,3,1,0.000000,s3_p1
1779294234.0,3,2,0.000000,s3_p2
1779294234.0,3,3,0.000000,s3_p3
1779294234.0,10,1,0.000000,s10_p1
1779294234.0,10,4,0.000000,s10_p4
1779294234.0,10,2,0.000000,s10_p2
1779294234.0,10,3,0.000000,s10_p3
1779294234.0,1,4,0.000000,s1_p4
1779294234.0,1,1,0.000000,s1_p1
1779294234.0,1,2,0.000000,s1_p2
1779294234.0,1,3,0.000000,s1_p3
1779294234.0,14,4,0.000000,s14_p4
1779294234.0,14,1,0.000000,s14_p1
1779294234.0,14,2,0.000000,s14_p2
1779294234.0,14,3,0.000000,s14_p3
1779294234.0,7,1,0.000000,s7_p1
1779294234.0,7,4,0.000000,s7_p4
1779294234.0,7,2,0.000000,s7_p2
1779294234.0,7,3,0.000000,s7_p3
1779294234.0,5,4,0.000000,s5_p4
1779294234.0,5,1,0.000000,s5_p1
1779294234.0,5,2,0.000000,s5_p2
1779294234.0,5,3,0.000000,s5_p3
1779294234.0,4,1,0.000000,s4_p1
1779294234.0,4,4,0.000000,s4_p4
1779294234.0,4,2,0.000000,s4_p2
1779294234.0,4,3,0.000000,s4_p3
1779294234.0,15,4,0.000000,s15_p4
1779294234.0,15,1,0.000000,s15_p1
1779294234.0,15,2,0.000000,s15_p2
1779294234.0,15,3,0.000000,s15_p3
1779294234.0,20,1,0.000000,s20_p1
1779294234.0,20,4,0.000000,s20_p4
1779294234.0,20,2,0.000000,s20_p2
1779294234.0,20,3,0.000000,s20_p3
1779294234.0,8,4,0.000000,s8_p4
1779294234.0,8,1,0.000000,s8_p1
1779294234.0,8,2,0.000000,s8_p2
1779294234.0,8,3,0.000000,s8_p3
1779294234.0,13,4,0.000000,s13_p4
1779294234.0,13,1,0.000000,s13_p1
1779294234.0,13,2,0.000000,s13_p2
1779294234.0,13,3,0.000000,s13_p3
1779294234.0,17,4,0.000000,s17_p4
1779294234.0,17,1,0.000000,s17_p1
1779294234.0,17,2,0.000000,s17_p2
1779294234.0,17,3,0.000000,s17_p3
1779294234.0,11,4,0.000000,s11_p4
1779294234.0,11,1,0.000000,s11_p1
1779294234.0,11,2,0.000000,s11_p2
1779294234.0,11,3,0.000000,s11_p3
1779294234.0,9,1,0.000000,s9_p1
1779294234.0,9,4,0.000000,s9_p4
1779294234.0,9,2,0.000000,s9_p2
1779294234.0,9,3,0.000000,s9_p3
1779294234.0,18,1,0.000000,s18_p1
1779294234.0,18,4,0.000000,s18_p4
1779294234.0,18,2,0.000000,s18_p2
1779294234.0,18,3,0.000000,s18_p3
1779294234.0,2,1,0.000000,s2_p1
1779294234.0,2,4,0.000000,s2_p4
1779294234.0,2,2,0.000000,s2_p2
1779294234.0,2,3,0.000000,s2_p3
1779294234.0,12,4,0.000000,s12_p4
1779294234.0,12,1,0.000000,s12_p1
1779294234.0,12,2,0.000000,s12_p2
1779294234.0,12,3,0.000000,s12_p3
1779294234.0,16,1,0.000000,s16_p1
1779294234.0,16,4,0.000000,s16_p4
1779294234.0,16,2,0.000000,s16_p2
1779294234.0,16,3,0.000000,s16_p3
1779294235.0,14,4,0.000000,s14_p4
1779294235.0,14,1,0.000000,s14_p1
1779294235.0,14,2,0.000000,s14_p2
1779294235.0,14,3,0.000000,s14_p3
1779294235.0,1,4,0.000000,s1_p4
1779294235.0,1,1,0.000000,s1_p1
1779294235.0,1,2,0.000000,s1_p2
1779294235.0,1,3,0.000000,s1_p3
1779294235.0,6,1,0.000000,s6_p1
1779294235.0,6,4,0.000000,s6_p4
1779294235.0,6,2,0.000000,s6_p2
1779294235.0,6,3,0.000000,s6_p3
1779294235.0,3,4,0.000000,s3_p4
1779294235.0,3,1,0.000000,s3_p1
1779294235.0,3,2,0.000000,s3_p2
1779294235.0,3,3,0.000000,s3_p3
1779294235.0,10,1,0.000000,s10_p1
1779294235.0,10,4,0.000000,s10_p4
1779294235.0,10,2,0.000000,s10_p2
1779294235.0,10,3,0.000000,s10_p3
1779294235.0,15,4,0.000000,s15_p4
1779294235.0,15,1,0.000000,s15_p1
1779294235.0,15,2,0.000000,s15_p2
1779294235.0,15,3,0.000000,s15_p3
1779294235.0,8,4,0.000000,s8_p4
1779294235.0,8,1,0.000000,s8_p1
1779294235.0,8,2,0.000000,s8_p2
1779294235.0,8,3,0.000000,s8_p3
1779294235.0,13,4,0.000000,s13_p4
1779294235.0,13,1,0.000000,s13_p1
1779294235.0,13,2,0.000000,s13_p2
1779294235.0,13,3,0.000000,s13_p3
1779294235.0,5,4,0.000000,s5_p4
1779294235.0,5,1,0.000000,s5_p1
1779294235.0,5,2,0.000000,s5_p2
1779294235.0,5,3,0.000000,s5_p3
1779294235.0,4,1,0.000000,s4_p1
1779294235.0,4,4,0.000000,s4_p4
1779294235.0,4,2,0.000000,s4_p2
1779294235.0,4,3,0.000000,s4_p3
1779294235.0,18,1,0.000000,s18_p1
1779294235.0,18,4,0.000000,s18_p4
1779294235.0,18,2,0.000000,s18_p2
1779294235.0,18,3,0.000000,s18_p3
1779294235.0,12,4,0.000000,s12_p4
1779294235.0,12,1,0.000000,s12_p1
1779294235.0,12,2,0.000000,s12_p2
1779294235.0,12,3,0.000000,s12_p3
1779294235.0,7,1,0.000000,s7_p1
1779294235.0,7,4,0.000000,s7_p4
1779294235.0,7,2,0.000000,s7_p2
1779294235.0,7,3,0.000000,s7_p3
1779294235.0,20,1,0.000000,s20_p1
1779294235.0,20,4,0.000000,s20_p4
1779294235.0,20,2,0.000000,s20_p2
1779294235.0,20,3,0.000000,s20_p3
1779294235.0,17,4,0.000000,s17_p4
1779294235.0,17,1,0.000000,s17_p1
1779294235.0,17,2,0.000000,s17_p2
1779294235.0,17,3,0.000000,s17_p3
1779294235.0,9,1,0.000000,s9_p1
1779294235.0,9,4,0.000000,s9_p4
1779294235.0,9,2,0.000000,s9_p2
1779294235.0,9,3,0.000000,s9_p3
1779294235.0,16,1,0.000000,s16_p1
1779294235.0,16,4,0.000000,s16_p4
1779294235.0,16,2,0.000000,s16_p2
1779294235.0,16,3,0.000000,s16_p3
1779294235.0,2,1,0.000000,s2_p1
1779294235.0,2,4,0.000000,s2_p4
1779294235.0,2,2,0.000000,s2_p2
1779294235.0,2,3,0.000000,s2_p3
1779294235.0,11,4,0.000000,s11_p4
1779294235.0,11,1,0.000000,s11_p1
1779294235.0,11,2,0.000000,s11_p2
1779294235.0,11,3,0.000000,s11_p3
1779294235.0,19,1,0.000000,s19_p1
1779294235.0,19,4,0.000000,s19_p4
1779294235.0,19,2,0.000000,s19_p2
1779294235.0,19,3,0.000000,s19_p3
1779294235.0,6,1,0.000000,s6_p1
1779294235.0,6,4,0.000000,s6_p4
1779294235.0,6,2,0.000000,s6_p2
1779294235.0,6,3,0.000000,s6_p3
1779294235.0,19,1,0.000000,s19_p1
1779294235.0,19,4,0.000000,s19_p4
1779294235.0,19,2,0.000000,s19_p2
1779294235.0,19,3,0.000000,s19_p3
1779294235.0,13,4,0.000000,s13_p4
1779294235.0,13,1,0.000000,s13_p1
1779294235.0,13,2,0.000000,s13_p2
1779294235.0,13,3,0.000000,s13_p3
1779294235.0,14,4,0.000000,s14_p4
1779294235.0,14,1,0.000000,s14_p1
1779294235.0,14,2,0.000000,s14_p2
1779294235.0,14,3,0.000000,s14_p3
1779294235.0,15,4,0.000000,s15_p4
1779294235.0,15,1,0.000000,s15_p1
1779294235.0,15,2,0.000000,s15_p2
1779294235.0,15,3,0.000000,s15_p3
1779294235.0,8,4,0.000000,s8_p4
1779294235.0,8,1,0.000000,s8_p1
1779294235.0,8,2,0.000000,s8_p2
1779294235.0,8,3,0.000000,s8_p3
1779294235.0,3,4,0.000000,s3_p4
1779294235.0,3,1,0.000000,s3_p1
1779294235.0,3,2,0.000000,s3_p2
1779294235.0,3,3,0.000000,s3_p3
1779294235.0,10,1,0.000000,s10_p1
1779294235.0,10,4,0.000000,s10_p4
1779294235.0,10,2,0.000000,s10_p2
1779294235.0,10,3,0.000000,s10_p3
1779294235.0,5,4,0.000000,s5_p4
1779294235.0,5,1,0.000000,s5_p1
1779294235.0,5,2,0.000000,s5_p2
1779294235.0,5,3,0.000000,s5_p3
1779294235.0,1,4,0.000000,s1_p4
1779294235.0,1,1,0.000000,s1_p1
1779294235.0,1,2,0.000000,s1_p2
1779294235.0,1,3,0.000000,s1_p3
1779294235.0,4,1,0.000000,s4_p1
1779294235.0,4,4,0.000000,s4_p4
1779294235.0,4,2,0.000000,s4_p2
1779294235.0,4,3,0.000000,s4_p3
1779294235.0,7,1,0.000000,s7_p1
1779294235.0,7,4,0.000000,s7_p4
1779294235.0,7,2,0.000000,s7_p2
1779294235.0,7,3,0.000000,s7_p3
1779294235.0,20,1,0.000000,s20_p1
1779294235.0,20,4,0.000000,s20_p4
1779294235.0,20,2,0.000000,s20_p2
1779294235.0,20,3,0.000000,s20_p3
1779294235.0,16,1,0.000000,s16_p1
1779294235.0,16,4,0.000000,s16_p4
1779294235.0,16,2,0.000000,s16_p2
1779294235.0,16,3,0.000000,s16_p3
1779294235.0,2,1,0.000000,s2_p1
1779294235.0,2,4,0.000000,s2_p4
1779294235.0,2,2,0.000000,s2_p2
1779294235.0,2,3,0.000000,s2_p3
1779294235.0,18,1,0.000000,s18_p1
1779294235.0,18,4,0.000000,s18_p4
1779294235.0,18,2,0.000000,s18_p2
1779294235.0,18,3,0.000000,s18_p3
1779294235.0,12,4,0.000000,s12_p4
1779294235.0,12,1,0.000000,s12_p1
1779294235.0,12,2,0.000000,s12_p2
1779294235.0,12,3,0.000000,s12_p3
1779294235.0,11,4,0.000000,s11_p4
1779294235.0,11,1,0.000000,s11_p1
1779294235.0,11,2,0.000000,s11_p2
1779294235.0,11,3,0.000000,s11_p3
1779294235.0,9,1,0.000000,s9_p1
1779294235.0,9,4,0.000000,s9_p4
1779294235.0,9,2,0.000000,s9_p2
1779294235.0,9,3,0.000000,s9_p3
1779294235.0,17,4,0.000000,s17_p4
1779294235.0,17,1,0.000000,s17_p1
1779294235.0,17,2,0.000000,s17_p2
1779294235.0,17,3,0.000000,s17_p3
1779294236.0,6,1,0.000000,s6_p1
1779294236.0,6,4,0.000000,s6_p4
1779294236.0,6,2,0.000000,s6_p2
1779294236.0,6,3,0.000000,s6_p3
1779294236.0,14,4,0.000000,s14_p4
1779294236.0,14,1,0.000000,s14_p1
1779294236.0,14,2,0.000000,s14_p2
1779294236.0,14,3,0.000000,s14_p3
1779294236.0,15,4,0.000000,s15_p4
1779294236.0,15,1,0.000000,s15_p1
1779294236.0,15,2,0.000000,s15_p2
1779294236.0,15,3,0.000000,s15_p3
1779294236.0,3,4,0.000000,s3_p4
1779294236.0,3,1,0.000000,s3_p1
1779294236.0,3,2,0.000000,s3_p2
1779294236.0,3,3,0.000000,s3_p3
1779294236.0,10,1,0.000000,s10_p1
1779294236.0,10,4,0.000000,s10_p4
1779294236.0,10,2,0.000000,s10_p2
1779294236.0,10,3,0.000000,s10_p3
1779294236.0,8,4,0.000000,s8_p4
1779294236.0,8,1,0.000000,s8_p1
1779294236.0,8,2,0.000000,s8_p2
1779294236.0,8,3,0.000000,s8_p3
1779294236.0,1,4,0.000000,s1_p4
1779294236.0,1,1,0.000000,s1_p1
1779294236.0,1,2,0.000000,s1_p2
1779294236.0,1,3,0.000000,s1_p3
1779294236.0,20,1,0.000000,s20_p1
1779294236.0,20,4,0.000000,s20_p4
1779294236.0,20,2,0.000000,s20_p2
1779294236.0,20,3,0.000000,s20_p3
1779294236.0,13,4,0.000000,s13_p4
1779294236.0,13,1,0.000000,s13_p1
1779294236.0,13,2,0.000000,s13_p2
1779294236.0,13,3,0.000000,s13_p3
1779294236.0,5,4,0.000000,s5_p4
1779294236.0,5,1,0.000000,s5_p1
1779294236.0,5,2,0.000000,s5_p2
1779294236.0,5,3,0.000000,s5_p3
1779294236.0,4,1,0.000000,s4_p1
1779294236.0,4,4,0.000000,s4_p4
1779294236.0,4,2,0.000000,s4_p2
1779294236.0,4,3,0.000000,s4_p3
1779294236.0,2,1,0.000000,s2_p1
1779294236.0,2,4,0.000000,s2_p4
1779294236.0,2,2,0.000000,s2_p2
1779294236.0,2,3,0.000000,s2_p3
1779294236.0,18,1,0.000000,s18_p1
1779294236.0,18,4,0.000000,s18_p4
1779294236.0,18,2,0.000000,s18_p2
1779294236.0,18,3,0.000000,s18_p3
1779294236.0,7,1,0.000000,s7_p1
1779294236.0,7,4,0.000000,s7_p4
1779294236.0,7,2,0.000000,s7_p2
1779294236.0,7,3,0.000000,s7_p3
1779294236.0,12,4,0.000000,s12_p4
1779294236.0,12,1,0.000000,s12_p1
1779294236.0,12,2,0.000000,s12_p2
1779294236.0,12,3,0.000000,s12_p3
1779294236.0,16,1,0.000000,s16_p1
1779294236.0,16,4,0.000000,s16_p4
1779294236.0,16,2,0.000000,s16_p2
1779294236.0,16,3,0.000000,s16_p3
1779294236.0,17,4,0.000000,s17_p4
1779294236.0,17,1,0.000000,s17_p1
1779294236.0,17,2,0.000000,s17_p2
1779294236.0,17,3,0.000000,s17_p3
1779294236.0,19,1,0.000000,s19_p1
1779294236.0,19,4,0.000000,s19_p4
1779294236.0,19,2,0.000000,s19_p2
1779294236.0,19,3,0.000000,s19_p3
1779294236.0,9,1,0.000000,s9_p1
1779294236.0,9,4,0.000000,s9_p4
1779294236.0,9,2,0.000000,s9_p2
1779294236.0,9,3,0.000000,s9_p3
1779294236.0,11,4,0.000000,s11_p4
1779294236.0,11,1,0.000000,s11_p1
1779294236.0,11,2,0.000000,s11_p2
1779294236.0,11,3,0.000000,s11_p3
1779294236.0,19,1,0.000000,s19_p1
1779294236.0,19,4,0.000000,s19_p4
1779294236.0,19,2,0.000000,s19_p2
1779294236.0,19,3,0.000000,s19_p3
1779294236.0,6,1,0.000000,s6_p1
1779294236.0,6,4,0.000000,s6_p4
1779294236.0,6,2,0.000000,s6_p2
1779294236.0,6,3,0.000000,s6_p3
1779294236.0,1,4,0.000000,s1_p4
1779294236.0,1,1,0.000000,s1_p1
1779294236.0,1,2,0.000000,s1_p2
1779294236.0,1,3,0.000000,s1_p3
1779294236.0,10,1,0.000000,s10_p1
1779294236.0,10,4,0.000000,s10_p4
1779294236.0,10,2,0.000000,s10_p2
1779294236.0,10,3,0.000000,s10_p3
1779294236.0,8,4,0.000000,s8_p4
1779294236.0,8,1,0.000000,s8_p1
1779294236.0,8,2,0.000000,s8_p2
1779294236.0,8,3,0.000000,s8_p3
1779294236.0,3,4,0.000000,s3_p4
1779294236.0,3,1,0.000000,s3_p1
1779294236.0,3,2,0.000000,s3_p2
1779294236.0,3,3,0.000000,s3_p3
1779294236.0,14,4,0.000000,s14_p4
1779294236.0,14,1,0.000000,s14_p1
1779294236.0,14,2,0.000000,s14_p2
1779294236.0,14,3,0.000000,s14_p3
1779294236.0,13,4,0.000000,s13_p4
1779294236.0,13,1,0.000000,s13_p1
1779294236.0,13,2,0.000000,s13_p2
1779294236.0,13,3,0.000000,s13_p3
1779294236.0,15,4,0.000000,s15_p4
1779294236.0,15,1,0.000000,s15_p1
1779294236.0,15,2,0.000000,s15_p2
1779294236.0,15,3,0.000000,s15_p3
1779294236.0,4,1,0.000000,s4_p1
1779294236.0,4,4,0.000000,s4_p4
1779294236.0,4,2,0.000000,s4_p2
1779294236.0,4,3,0.000000,s4_p3
1779294236.0,7,1,0.000000,s7_p1
1779294236.0,7,4,0.000000,s7_p4
1779294236.0,7,2,0.000000,s7_p2
1779294236.0,7,3,0.000000,s7_p3
1779294236.0,5,4,0.000000,s5_p4
1779294236.0,5,1,0.000000,s5_p1
1779294236.0,5,2,0.000000,s5_p2
1779294236.0,5,3,0.000000,s5_p3
1779294236.0,20,1,0.000000,s20_p1
1779294236.0,20,4,0.000000,s20_p4
1779294236.0,20,2,0.000000,s20_p2
1779294236.0,20,3,0.000000,s20_p3
1779294236.0,12,4,0.000000,s12_p4
1779294236.0,12,1,0.000000,s12_p1
1779294236.0,12,2,0.000000,s12_p2
1779294236.0,12,3,0.000000,s12_p3
1779294236.0,18,1,0.000000,s18_p1
1779294236.0,18,4,0.000000,s18_p4
1779294236.0,18,2,0.000000,s18_p2
1779294236.0,18,3,0.000000,s18_p3
1779294236.0,2,1,0.000000,s2_p1
1779294236.0,2,4,0.000000,s2_p4
1779294236.0,2,2,0.000000,s2_p2
1779294236.0,2,3,0.000000,s2_p3
1779294236.0,16,1,0.000000,s16_p1
1779294236.0,16,4,0.000000,s16_p4
1779294236.0,16,2,0.000000,s16_p2
1779294236.0,16,3,0.000000,s16_p3
1779294236.0,11,4,0.000000,s11_p4
1779294236.0,11,1,0.000000,s11_p1
1779294236.0,11,2,0.000000,s11_p2
1779294236.0,11,3,0.000000,s11_p3
1779294236.0,17,4,0.000000,s17_p4
1779294236.0,17,1,0.000000,s17_p1
1779294236.0,17,2,0.000000,s17_p2
1779294236.0,17,3,0.000000,s17_p3
1779294236.0,9,1,0.000000,s9_p1
1779294236.0,9,4,0.000000,s9_p4
1779294236.0,9,2,0.000000,s9_p2
1779294236.0,9,3,0.000000,s9_p3
1779294237.0,1,4,0.000000,s1_p4
1779294237.0,1,1,0.000000,s1_p1
1779294237.0,1,2,0.000000,s1_p2
1779294237.0,1,3,0.000000,s1_p3
1779294237.0,13,4,0.000000,s13_p4
1779294237.0,13,1,0.000000,s13_p1
1779294237.0,13,2,0.000000,s13_p2
1779294237.0,13,3,0.000000,s13_p3
1779294237.0,10,1,0.000000,s10_p1
1779294237.0,10,4,0.000000,s10_p4
1779294237.0,10,2,0.000000,s10_p2
1779294237.0,10,3,0.000000,s10_p3
1779294237.0,3,4,0.000000,s3_p4
1779294237.0,3,1,0.000000,s3_p1
1779294237.0,3,2,0.000000,s3_p2
1779294237.0,3,3,0.000000,s3_p3
1779294237.0,6,1,0.000000,s6_p1
1779294237.0,6,4,0.000000,s6_p4
1779294237.0,6,2,0.000000,s6_p2
1779294237.0,6,3,0.000000,s6_p3
1779294237.0,14,4,0.000000,s14_p4
1779294237.0,14,1,0.000000,s14_p1
1779294237.0,14,2,0.000000,s14_p2
1779294237.0,14,3,0.000000,s14_p3
1779294237.0,12,4,0.000000,s12_p4
1779294237.0,12,1,0.000000,s12_p1
1779294237.0,12,2,0.000000,s12_p2
1779294237.0,12,3,0.000000,s12_p3
1779294237.0,15,4,0.000000,s15_p4
1779294237.0,15,1,0.000000,s15_p1
1779294237.0,15,2,0.000000,s15_p2
1779294237.0,15,3,0.000000,s15_p3
1779294237.0,7,1,0.000000,s7_p1
1779294237.0,7,4,0.000000,s7_p4
1779294237.0,7,2,0.000000,s7_p2
1779294237.0,7,3,0.000000,s7_p3
1779294237.0,17,4,0.000000,s17_p4
1779294237.0,17,1,0.000000,s17_p1
1779294237.0,17,2,0.000000,s17_p2
1779294237.0,17,3,0.000000,s17_p3
1779294237.0,4,1,0.000000,s4_p1
1779294237.0,4,4,0.000000,s4_p4
1779294237.0,4,2,0.000000,s4_p2
1779294237.0,4,3,0.000000,s4_p3
1779294237.0,5,4,0.000000,s5_p4
1779294237.0,5,1,0.000000,s5_p1
1779294237.0,5,2,0.000000,s5_p2
1779294237.0,5,3,0.000000,s5_p3
1779294237.0,18,1,0.000000,s18_p1
1779294237.0,18,4,0.000000,s18_p4
1779294237.0,18,2,0.000000,s18_p2
1779294237.0,18,3,0.000000,s18_p3
1779294237.0,20,1,0.000000,s20_p1
1779294237.0,20,4,0.000000,s20_p4
1779294237.0,20,2,0.000000,s20_p2
1779294237.0,20,3,0.000000,s20_p3
1779294237.0,8,4,0.000000,s8_p4
1779294237.0,8,1,0.000000,s8_p1
1779294237.0,8,2,0.000000,s8_p2
1779294237.0,8,3,0.000000,s8_p3
1779294237.0,11,4,0.000000,s11_p4
1779294237.0,11,1,0.000000,s11_p1
1779294237.0,11,2,0.000000,s11_p2
1779294237.0,11,3,0.000000,s11_p3
1779294237.0,2,1,0.000000,s2_p1
1779294237.0,2,4,0.000000,s2_p4
1779294237.0,2,2,0.000000,s2_p2
1779294237.0,2,3,0.000000,s2_p3
1779294237.0,9,1,0.000000,s9_p1
1779294237.0,9,4,0.000000,s9_p4
1779294237.0,9,2,0.000000,s9_p2
1779294237.0,9,3,0.000000,s9_p3
1779294237.0,16,1,0.000000,s16_p1
1779294237.0,16,4,0.000000,s16_p4
1779294237.0,16,2,0.000000,s16_p2
1779294237.0,16,3,0.000000,s16_p3
1779294237.0,19,1,0.000000,s19_p1
1779294237.0,19,4,0.000000,s19_p4
1779294237.0,19,2,0.000000,s19_p2
1779294237.0,19,3,0.000000,s19_p3
1779294237.0,1,4,0.000000,s1_p4
1779294237.0,1,1,0.000000,s1_p1
1779294237.0,1,2,0.000000,s1_p2
1779294237.0,1,3,0.000000,s1_p3
1779294237.0,6,1,0.000000,s6_p1
1779294237.0,6,4,0.000000,s6_p4
1779294237.0,6,2,0.000000,s6_p2
1779294237.0,6,3,0.000000,s6_p3
1779294237.0,14,4,0.000000,s14_p4
1779294237.0,14,1,0.000000,s14_p1
1779294237.0,14,2,0.000000,s14_p2
1779294237.0,14,3,0.000000,s14_p3
1779294237.0,10,1,0.000000,s10_p1
1779294237.0,10,4,0.000000,s10_p4
1779294237.0,10,2,0.000000,s10_p2
1779294237.0,10,3,0.000000,s10_p3
1779294237.0,7,1,0.000000,s7_p1
1779294237.0,7,4,0.000000,s7_p4
1779294237.0,7,2,0.000000,s7_p2
1779294237.0,7,3,0.000000,s7_p3
1779294237.0,20,1,0.000000,s20_p1
1779294237.0,20,4,0.000000,s20_p4
1779294237.0,20,2,0.000000,s20_p2
1779294237.0,20,3,0.000000,s20_p3
1779294237.0,13,4,0.000000,s13_p4
1779294237.0,13,1,0.000000,s13_p1
1779294237.0,13,2,0.000000,s13_p2
1779294237.0,13,3,0.000000,s13_p3
1779294237.0,15,4,0.000000,s15_p4
1779294237.0,15,1,0.000000,s15_p1
1779294237.0,15,2,0.000000,s15_p2
1779294237.0,15,3,0.000000,s15_p3
1779294237.0,8,4,0.000000,s8_p4
1779294237.0,8,1,0.000000,s8_p1
1779294237.0,8,2,0.000000,s8_p2
1779294237.0,8,3,0.000000,s8_p3
1779294237.0,3,4,0.000000,s3_p4
1779294237.0,3,1,0.000000,s3_p1
1779294237.0,3,2,0.000000,s3_p2
1779294237.0,3,3,0.000000,s3_p3
1779294237.0,4,1,0.000000,s4_p1
1779294237.0,4,4,0.000000,s4_p4
1779294237.0,4,2,0.000000,s4_p2
1779294237.0,4,3,0.000000,s4_p3
1779294237.0,12,4,0.000000,s12_p4
1779294237.0,12,1,0.000000,s12_p1
1779294237.0,12,2,0.000000,s12_p2
1779294237.0,12,3,0.000000,s12_p3
1779294237.0,5,4,0.000000,s5_p4
1779294237.0,5,1,0.000000,s5_p1
1779294237.0,5,2,0.000000,s5_p2
1779294237.0,5,3,0.000000,s5_p3
1779294237.0,16,1,0.000000,s16_p1
1779294237.0,16,4,0.000000,s16_p4
1779294237.0,16,2,0.000000,s16_p2
1779294237.0,16,3,0.000000,s16_p3
1779294237.0,18,1,0.000000,s18_p1
1779294237.0,18,4,0.000000,s18_p4
1779294237.0,18,2,0.000000,s18_p2
1779294237.0,18,3,0.000000,s18_p3
1779294237.0,11,4,0.000000,s11_p4
1779294237.0,11,1,0.000000,s11_p1
1779294237.0,11,2,0.000000,s11_p2
1779294237.0,11,3,0.000000,s11_p3
1779294237.0,19,1,0.000000,s19_p1
1779294237.0,19,4,0.000000,s19_p4
1779294237.0,19,2,0.000000,s19_p2
1779294237.0,19,3,0.000000,s19_p3
1779294237.0,17,4,0.000000,s17_p4
1779294237.0,17,1,0.000000,s17_p1
1779294237.0,17,2,0.000000,s17_p2
1779294237.0,17,3,0.000000,s17_p3
1779294237.0,2,1,0.000000,s2_p1
1779294237.0,2,4,0.000000,s2_p4
1779294237.0,2,2,0.000000,s2_p2
1779294237.0,2,3,0.000000,s2_p3
1779294237.0,9,1,0.000000,s9_p1
1779294237.0,9,4,0.000000,s9_p4
1779294237.0,9,2,0.000000,s9_p2
1779294237.0,9,3,0.000000,s9_p3
1779294238.0,6,1,0.000000,s6_p1
1779294238.0,6,4,0.000000,s6_p4
1779294238.0,6,2,0.000000,s6_p2
1779294238.0,6,3,0.000000,s6_p3
1779294238.0,17,4,0.000000,s17_p4
1779294238.0,17,1,0.000000,s17_p1
1779294238.0,17,2,0.000000,s17_p2
1779294238.0,17,3,0.000000,s17_p3
1779294238.0,16,1,0.000000,s16_p1
1779294238.0,16,4,0.000000,s16_p4
1779294238.0,16,2,0.000000,s16_p2
1779294238.0,16,3,0.000000,s16_p3
1779294238.0,11,4,0.000000,s11_p4
1779294238.0,11,1,0.000000,s11_p1
1779294238.0,11,2,0.000000,s11_p2
1779294238.0,11,3,0.000000,s11_p3
1779294238.0,14,4,0.000000,s14_p4
1779294238.0,14,1,0.000000,s14_p1
1779294238.0,14,2,0.000000,s14_p2
1779294238.0,14,3,0.000000,s14_p3
1779294238.0,5,4,0.000000,s5_p4
1779294238.0,5,1,0.000000,s5_p1
1779294238.0,5,2,0.000000,s5_p2
1779294238.0,5,3,0.000000,s5_p3
1779294238.0,12,4,0.000000,s12_p4
1779294238.0,12,1,0.000000,s12_p1
1779294238.0,12,2,0.000000,s12_p2
1779294238.0,12,3,0.000000,s12_p3
1779294238.0,18,1,0.000000,s18_p1
1779294238.0,18,4,0.000000,s18_p4
1779294238.0,18,2,0.000000,s18_p2
1779294238.0,18,3,0.000000,s18_p3
1779294238.0,3,4,0.000000,s3_p4
1779294238.0,3,1,0.000000,s3_p1
1779294238.0,3,2,0.000000,s3_p2
1779294238.0,3,3,0.000000,s3_p3
1779294238.0,2,1,0.000000,s2_p1
1779294238.0,2,4,0.000000,s2_p4
1779294238.0,2,2,0.000000,s2_p2
1779294238.0,2,3,0.000000,s2_p3
1779294238.0,7,1,0.000000,s7_p1
1779294238.0,7,4,0.000000,s7_p4
1779294238.0,7,2,0.000000,s7_p2
1779294238.0,7,3,0.000000,s7_p3
1779294238.0,13,4,0.000000,s13_p4
1779294238.0,13,1,0.000000,s13_p1
1779294238.0,13,2,0.000000,s13_p2
1779294238.0,13,3,0.000000,s13_p3
1779294238.0,20,1,0.000000,s20_p1
1779294238.0,20,4,0.000000,s20_p4
1779294238.0,20,2,0.000000,s20_p2
1779294238.0,20,3,0.000000,s20_p3
1779294238.0,10,1,0.000000,s10_p1
1779294238.0,10,4,0.000000,s10_p4
1779294238.0,10,2,0.000000,s10_p2
1779294238.0,10,3,0.000000,s10_p3
1779294238.0,15,4,0.000000,s15_p4
1779294238.0,15,1,0.000000,s15_p1
1779294238.0,15,2,0.000000,s15_p2
1779294238.0,15,3,0.000000,s15_p3
1779294238.0,1,4,0.000000,s1_p4
1779294238.0,1,1,0.000000,s1_p1
1779294238.0,1,2,0.000000,s1_p2
1779294238.0,1,3,0.000000,s1_p3
1779294238.0,9,1,0.000000,s9_p1
1779294238.0,9,4,0.000000,s9_p4
1779294238.0,9,2,0.000000,s9_p2
1779294238.0,9,3,0.000000,s9_p3
1779294238.0,8,4,0.000000,s8_p4
1779294238.0,8,1,0.000000,s8_p1
1779294238.0,8,2,0.000000,s8_p2
1779294238.0,8,3,0.000000,s8_p3
1779294238.0,4,1,0.000000,s4_p1
1779294238.0,4,4,0.000000,s4_p4
1779294238.0,4,2,0.000000,s4_p2
1779294238.0,4,3,0.000000,s4_p3
1779294238.0,19,1,0.000000,s19_p1
1779294238.0,19,4,0.000000,s19_p4
1779294238.0,19,2,0.000000,s19_p2
1779294238.0,19,3,0.000000,s19_p3
1779294238.0,19,1,0.000000,s19_p1
1779294238.0,19,4,0.000000,s19_p4
1779294238.0,19,2,0.000000,s19_p2
1779294238.0,19,3,0.000000,s19_p3
1779294238.0,3,4,0.000000,s3_p4
1779294238.0,3,1,0.000000,s3_p1
1779294238.0,3,2,0.000000,s3_p2
1779294238.0,3,3,0.000000,s3_p3
1779294238.0,14,4,0.000000,s14_p4
1779294238.0,14,1,0.000000,s14_p1
1779294238.0,14,2,0.000000,s14_p2
1779294238.0,14,3,0.000000,s14_p3
1779294238.0,6,1,0.000000,s6_p1
1779294238.0,6,4,0.000000,s6_p4
1779294238.0,6,2,0.000000,s6_p2
1779294238.0,6,3,0.000000,s6_p3
1779294238.0,1,4,0.000000,s1_p4
1779294238.0,1,1,0.000000,s1_p1
1779294238.0,1,2,0.000000,s1_p2
1779294238.0,1,3,0.000000,s1_p3
1779294238.0,13,4,0.000000,s13_p4
1779294238.0,13,1,0.000000,s13_p1
1779294238.0,13,2,0.000000,s13_p2
1779294238.0,13,3,0.000000,s13_p3
1779294238.0,8,4,0.000000,s8_p4
1779294238.0,8,1,0.000000,s8_p1
1779294238.0,8,2,0.000000,s8_p2
1779294238.0,8,3,0.000000,s8_p3
1779294238.0,10,1,0.000000,s10_p1
1779294238.0,10,4,0.000000,s10_p4
1779294238.0,10,2,0.000000,s10_p2
1779294238.0,10,3,0.000000,s10_p3
1779294238.0,4,1,0.000000,s4_p1
1779294238.0,4,4,0.000000,s4_p4
1779294238.0,4,2,0.000000,s4_p2
1779294238.0,4,3,0.000000,s4_p3
1779294238.0,7,1,0.000000,s7_p1
1779294238.0,7,4,0.000000,s7_p4
1779294238.0,7,2,0.000000,s7_p2
1779294238.0,7,3,0.000000,s7_p3
1779294238.0,11,4,0.000000,s11_p4
1779294238.0,11,1,0.000000,s11_p1
1779294238.0,11,2,0.000000,s11_p2
1779294238.0,11,3,0.000000,s11_p3
1779294238.0,15,4,0.000000,s15_p4
1779294238.0,15,1,0.000000,s15_p1
1779294238.0,15,2,0.000000,s15_p2
1779294238.0,15,3,0.000000,s15_p3
1779294238.0,18,1,0.000000,s18_p1
1779294238.0,18,4,0.000000,s18_p4
1779294238.0,18,2,0.000000,s18_p2
1779294238.0,18,3,0.000000,s18_p3
1779294238.0,17,4,0.000000,s17_p4
1779294238.0,17,1,0.000000,s17_p1
1779294238.0,17,2,0.000000,s17_p2
1779294238.0,17,3,0.000000,s17_p3
1779294238.0,9,1,0.000000,s9_p1
1779294238.0,9,4,0.000000,s9_p4
1779294238.0,9,2,0.000000,s9_p2
1779294238.0,9,3,0.000000,s9_p3
1779294238.0,2,1,0.000000,s2_p1
1779294238.0,2,4,0.000000,s2_p4
1779294238.0,2,2,0.000000,s2_p2
1779294238.0,2,3,0.000000,s2_p3
1779294238.0,12,4,0.000000,s12_p4
1779294238.0,12,1,0.000000,s12_p1
1779294238.0,12,2,0.000000,s12_p2
1779294238.0,12,3,0.000000,s12_p3
1779294238.0,20,1,0.000000,s20_p1
1779294238.0,20,4,0.000000,s20_p4
1779294238.0,20,2,0.000000,s20_p2
1779294238.0,20,3,0.000000,s20_p3
1779294238.0,16,1,0.000000,s16_p1
1779294238.0,16,4,0.000000,s16_p4
1779294238.0,16,2,0.000000,s16_p2
1779294238.0,16,3,0.000000,s16_p3
1779294238.0,5,4,0.000000,s5_p4
1779294238.0,5,1,0.000000,s5_p1
1779294238.0,5,2,0.000000,s5_p2
1779294238.0,5,3,0.000000,s5_p3
1779294239.0,6,1,0.000000,s6_p1
1779294239.0,6,4,0.000000,s6_p4
1779294239.0,6,2,0.000000,s6_p2
1779294239.0,6,3,0.000000,s6_p3
1779294239.0,14,4,0.000000,s14_p4
1779294239.0,14,1,0.000000,s14_p1
1779294239.0,14,2,0.000000,s14_p2
1779294239.0,14,3,0.000000,s14_p3
1779294239.0,15,4,0.000000,s15_p4
1779294239.0,15,1,0.000000,s15_p1
1779294239.0,15,2,0.000000,s15_p2
1779294239.0,15,3,0.000000,s15_p3
1779294239.0,3,4,0.000000,s3_p4
1779294239.0,3,1,0.000000,s3_p1
1779294239.0,3,2,0.000000,s3_p2
1779294239.0,3,3,0.000000,s3_p3
1779294239.0,10,1,0.000000,s10_p1
1779294239.0,10,4,0.000000,s10_p4
1779294239.0,10,2,0.000000,s10_p2
1779294239.0,10,3,0.000000,s10_p3
1779294239.0,1,4,0.000000,s1_p4
1779294239.0,1,1,0.000000,s1_p1
1779294239.0,1,2,0.000000,s1_p2
1779294239.0,1,3,0.000000,s1_p3
1779294239.0,7,1,0.000000,s7_p1
1779294239.0,7,4,0.000000,s7_p4
1779294239.0,7,2,0.000000,s7_p2
1779294239.0,7,3,0.000000,s7_p3
1779294239.0,13,4,0.000000,s13_p4
1779294239.0,13,1,0.000000,s13_p1
1779294239.0,13,2,0.000000,s13_p2
1779294239.0,13,3,0.000000,s13_p3
1779294239.0,8,4,0.000000,s8_p4
1779294239.0,8,1,0.000000,s8_p1
1779294239.0,8,2,0.000000,s8_p2
1779294239.0,8,3,0.000000,s8_p3
1779294239.0,4,1,0.000000,s4_p1
1779294239.0,4,4,0.000000,s4_p4
1779294239.0,4,2,0.000000,s4_p2
1779294239.0,4,3,0.000000,s4_p3
1779294239.0,20,1,0.000000,s20_p1
1779294239.0,20,4,0.000000,s20_p4
1779294239.0,20,2,0.000000,s20_p2
1779294239.0,20,3,0.000000,s20_p3
1779294239.0,12,4,0.000000,s12_p4
1779294239.0,12,1,0.000000,s12_p1
1779294239.0,12,2,0.000000,s12_p2
1779294239.0,12,3,0.000000,s12_p3
1779294239.0,5,4,0.000000,s5_p4
1779294239.0,5,1,0.000000,s5_p1
1779294239.0,5,2,0.000000,s5_p2
1779294239.0,5,3,0.000000,s5_p3
1779294239.0,18,1,0.000000,s18_p1
1779294239.0,18,4,0.000000,s18_p4
1779294239.0,18,2,0.000000,s18_p2
1779294239.0,18,3,0.000000,s18_p3
1779294239.0,2,1,0.000000,s2_p1
1779294239.0,2,4,0.000000,s2_p4
1779294239.0,2,2,0.000000,s2_p2
1779294239.0,2,3,0.000000,s2_p3
1779294239.0,17,4,0.000000,s17_p4
1779294239.0,17,1,0.000000,s17_p1
1779294239.0,17,2,0.000000,s17_p2
1779294239.0,17,3,0.000000,s17_p3
1779294239.0,9,1,0.000000,s9_p1
1779294239.0,9,4,0.000000,s9_p4
1779294239.0,9,2,0.000000,s9_p2
1779294239.0,9,3,0.000000,s9_p3
1779294239.0,16,1,0.000000,s16_p1
1779294239.0,16,4,0.000000,s16_p4
1779294239.0,16,2,0.000000,s16_p2
1779294239.0,16,3,0.000000,s16_p3
1779294239.0,11,4,0.000000,s11_p4
1779294239.0,11,1,0.000000,s11_p1
1779294239.0,11,2,0.000000,s11_p2
1779294239.0,11,3,0.000000,s11_p3
1779294239.0,19,1,0.000000,s19_p1
1779294239.0,19,4,0.000000,s19_p4
1779294239.0,19,2,0.000000,s19_p2
1779294239.0,19,3,0.000000,s19_p3
1779294239.0,19,1,0.000000,s19_p1
1779294239.0,19,4,0.000000,s19_p4
1779294239.0,19,2,0.000000,s19_p2
1779294239.0,19,3,0.000000,s19_p3
1779294239.0,1,4,0.000000,s1_p4
1779294239.0,1,1,0.000000,s1_p1
1779294239.0,1,2,0.000000,s1_p2
1779294239.0,1,3,0.000000,s1_p3
1779294239.0,6,1,0.000000,s6_p1
1779294239.0,6,4,0.000000,s6_p4
1779294239.0,6,2,0.000000,s6_p2
1779294239.0,6,3,0.000000,s6_p3
1779294239.0,3,4,0.000000,s3_p4
1779294239.0,3,1,0.000000,s3_p1
1779294239.0,3,2,0.000000,s3_p2
1779294239.0,3,3,0.000000,s3_p3
1779294239.0,14,4,0.000000,s14_p4
1779294239.0,14,1,0.000000,s14_p1
1779294239.0,14,2,0.000000,s14_p2
1779294239.0,14,3,0.000000,s14_p3
1779294239.0,10,1,0.000000,s10_p1
1779294239.0,10,4,0.000000,s10_p4
1779294239.0,10,2,0.000000,s10_p2
1779294239.0,10,3,0.000000,s10_p3
1779294239.0,7,1,0.000000,s7_p1
1779294239.0,7,4,0.000000,s7_p4
1779294239.0,7,2,0.000000,s7_p2
1779294239.0,7,3,0.000000,s7_p3
1779294239.0,13,4,0.000000,s13_p4
1779294239.0,13,1,0.000000,s13_p1
1779294239.0,13,2,0.000000,s13_p2
1779294239.0,13,3,0.000000,s13_p3
1779294239.0,15,4,0.000000,s15_p4
1779294239.0,15,1,0.000000,s15_p1
1779294239.0,15,2,0.000000,s15_p2
1779294239.0,15,3,0.000000,s15_p3
1779294239.0,8,4,0.000000,s8_p4
1779294239.0,8,1,0.000000,s8_p1
1779294239.0,8,2,0.000000,s8_p2
1779294239.0,8,3,0.000000,s8_p3
1779294239.0,12,4,0.000000,s12_p4
1779294239.0,12,1,0.000000,s12_p1
1779294239.0,12,2,0.000000,s12_p2
1779294239.0,12,3,0.000000,s12_p3
1779294239.0,4,1,0.000000,s4_p1
1779294239.0,4,4,0.000000,s4_p4
1779294239.0,4,2,0.000000,s4_p2
1779294239.0,4,3,0.000000,s4_p3
1779294239.0,20,1,0.000000,s20_p1
1779294239.0,20,4,0.000000,s20_p4
1779294239.0,20,2,0.000000,s20_p2
1779294239.0,20,3,0.000000,s20_p3
1779294239.0,5,4,0.000000,s5_p4
1779294239.0,5,1,0.000000,s5_p1
1779294239.0,5,2,0.000000,s5_p2
1779294239.0,5,3,0.000000,s5_p3
1779294239.0,18,1,0.000000,s18_p1
1779294239.0,18,4,0.000000,s18_p4
1779294239.0,18,2,0.000000,s18_p2
1779294239.0,18,3,0.000000,s18_p3
1779294239.0,16,1,0.000000,s16_p1
1779294239.0,16,4,0.000000,s16_p4
1779294239.0,16,2,0.000000,s16_p2
1779294239.0,16,3,0.000000,s16_p3
1779294239.0,2,1,0.000000,s2_p1
1779294239.0,2,4,0.000000,s2_p4
1779294239.0,2,2,0.000000,s2_p2
1779294239.0,2,3,0.000000,s2_p3
1779294239.0,17,4,0.000000,s17_p4
1779294239.0,17,1,0.000000,s17_p1
1779294239.0,17,2,0.000000,s17_p2
1779294239.0,17,3,0.000000,s17_p3
1779294239.0,9,1,0.000000,s9_p1
1779294239.0,9,4,0.000000,s9_p4
1779294239.0,9,2,0.000000,s9_p2
1779294239.0,9,3,0.000000,s9_p3
1779294239.0,11,4,0.000000,s11_p4
1779294239.0,11,1,0.000000,s11_p1
1779294239.0,11,2,0.000000,s11_p2
1779294239.0,11,3,0.000000,s11_p3
1779294240.0,1,4,0.000000,s1_p4
1779294240.0,1,1,0.000000,s1_p1
1779294240.0,1,2,0.000000,s1_p2
1779294240.0,1,3,0.000000,s1_p3
1779294240.0,19,1,0.000000,s19_p1
1779294240.0,19,4,0.000000,s19_p4
1779294240.0,19,2,0.000000,s19_p2
1779294240.0,19,3,0.000000,s19_p3
1779294240.0,6,1,0.000000,s6_p1
1779294240.0,6,4,0.000000,s6_p4
1779294240.0,6,2,0.000000,s6_p2
1779294240.0,6,3,0.000000,s6_p3
1779294240.0,3,4,0.000000,s3_p4
1779294240.0,3,1,0.000000,s3_p1
1779294240.0,3,2,0.000000,s3_p2
1779294240.0,3,3,0.000000,s3_p3
1779294240.0,14,4,0.000000,s14_p4
1779294240.0,14,1,0.000000,s14_p1
1779294240.0,14,2,0.000000,s14_p2
1779294240.0,14,3,0.000000,s14_p3
1779294240.0,13,4,0.000000,s13_p4
1779294240.0,13,1,0.000000,s13_p1
1779294240.0,13,2,0.000000,s13_p2
1779294240.0,13,3,0.000000,s13_p3
1779294240.0,10,1,0.000000,s10_p1
1779294240.0,10,4,0.000000,s10_p4
1779294240.0,10,2,0.000000,s10_p2
1779294240.0,10,3,0.000000,s10_p3
1779294240.0,4,1,0.000000,s4_p1
1779294240.0,4,4,0.000000,s4_p4
1779294240.0,4,2,0.000000,s4_p2
1779294240.0,4,3,0.000000,s4_p3
1779294240.0,15,4,0.000000,s15_p4
1779294240.0,15,1,0.000000,s15_p1
1779294240.0,15,2,0.000000,s15_p2
1779294240.0,15,3,0.000000,s15_p3
1779294240.0,7,1,0.000000,s7_p1
1779294240.0,7,4,0.000000,s7_p4
1779294240.0,7,2,0.000000,s7_p2
1779294240.0,7,3,0.000000,s7_p3
1779294240.0,17,4,0.000000,s17_p4
1779294240.0,17,1,0.000000,s17_p1
1779294240.0,17,2,0.000000,s17_p2
1779294240.0,17,3,0.000000,s17_p3
1779294240.0,5,4,0.000000,s5_p4
1779294240.0,5,1,0.000000,s5_p1
1779294240.0,5,2,0.000000,s5_p2
1779294240.0,5,3,0.000000,s5_p3
1779294240.0,20,1,0.000000,s20_p1
1779294240.0,20,4,0.000000,s20_p4
1779294240.0,20,2,0.000000,s20_p2
1779294240.0,20,3,0.000000,s20_p3
1779294240.0,18,1,0.000000,s18_p1
1779294240.0,18,4,0.000000,s18_p4
1779294240.0,18,2,0.000000,s18_p2
1779294240.0,18,3,0.000000,s18_p3
1779294240.0,8,4,0.000000,s8_p4
1779294240.0,8,1,0.000000,s8_p1
1779294240.0,8,2,0.000000,s8_p2
1779294240.0,8,3,0.000000,s8_p3
1779294240.0,12,4,0.000000,s12_p4
1779294240.0,12,1,0.000000,s12_p1
1779294240.0,12,2,0.000000,s12_p2
1779294240.0,12,3,0.000000,s12_p3
1779294240.0,16,1,0.000000,s16_p1
1779294240.0,16,4,0.000000,s16_p4
1779294240.0,16,2,0.000000,s16_p2
1779294240.0,16,3,0.000000,s16_p3
1779294240.0,2,1,0.000000,s2_p1
1779294240.0,2,4,0.000000,s2_p4
1779294240.0,2,2,0.000000,s2_p2
1779294240.0,2,3,0.000000,s2_p3
1779294240.0,11,4,0.000000,s11_p4
1779294240.0,11,1,0.000000,s11_p1
1779294240.0,11,2,0.000000,s11_p2
1779294240.0,11,3,0.000000,s11_p3
1779294240.0,9,1,0.000000,s9_p1
1779294240.0,9,4,0.000000,s9_p4
1779294240.0,9,2,0.000000,s9_p2
1779294240.0,9,3,0.000000,s9_p3
1779294240.0,6,1,0.000000,s6_p1
1779294240.0,6,4,0.000000,s6_p4
1779294240.0,6,2,0.000000,s6_p2
1779294240.0,6,3,0.000000,s6_p3
1779294240.0,1,4,0.000000,s1_p4
1779294240.0,1,1,0.000000,s1_p1
1779294240.0,1,2,0.000000,s1_p2
1779294240.0,1,3,0.000000,s1_p3
1779294240.0,14,4,0.000000,s14_p4
1779294240.0,14,1,0.000000,s14_p1
1779294240.0,14,2,0.000000,s14_p2
1779294240.0,14,3,0.000000,s14_p3
1779294240.0,3,4,0.000000,s3_p4
1779294240.0,3,1,0.000000,s3_p1
1779294240.0,3,2,0.000000,s3_p2
1779294240.0,3,3,0.000000,s3_p3
1779294240.0,8,4,0.000000,s8_p4
1779294240.0,8,1,0.000000,s8_p1
1779294240.0,8,2,0.000000,s8_p2
1779294240.0,8,3,0.000000,s8_p3
1779294240.0,15,4,0.000000,s15_p4
1779294240.0,15,1,0.000000,s15_p1
1779294240.0,15,2,0.000000,s15_p2
1779294240.0,15,3,0.000000,s15_p3
1779294240.0,10,1,0.000000,s10_p1
1779294240.0,10,4,0.000000,s10_p4
1779294240.0,10,2,0.000000,s10_p2
1779294240.0,10,3,0.000000,s10_p3
1779294240.0,4,1,0.000000,s4_p1
1779294240.0,4,4,0.000000,s4_p4
1779294240.0,4,2,0.000000,s4_p2
1779294240.0,4,3,0.000000,s4_p3
1779294240.0,17,4,0.000000,s17_p4
1779294240.0,17,1,0.000000,s17_p1
1779294240.0,17,2,0.000000,s17_p2
1779294240.0,17,3,0.000000,s17_p3
1779294240.0,13,4,0.000000,s13_p4
1779294240.0,13,1,0.000000,s13_p1
1779294240.0,13,2,0.000000,s13_p2
1779294240.0,13,3,0.000000,s13_p3
1779294240.0,12,4,0.000000,s12_p4
1779294240.0,12,1,0.000000,s12_p1
1779294240.0,12,2,0.000000,s12_p2
1779294240.0,12,3,0.000000,s12_p3
1779294240.0,18,1,0.000000,s18_p1
1779294240.0,18,4,0.000000,s18_p4
1779294240.0,18,2,0.000000,s18_p2
1779294240.0,18,3,0.000000,s18_p3
1779294240.0,5,4,0.000000,s5_p4
1779294240.0,5,1,0.000000,s5_p1
1779294240.0,5,2,0.000000,s5_p2
1779294240.0,5,3,0.000000,s5_p3
1779294240.0,7,1,0.000000,s7_p1
1779294240.0,7,4,0.000000,s7_p4
1779294240.0,7,2,0.000000,s7_p2
1779294240.0,7,3,0.000000,s7_p3
1779294240.0,20,1,0.000000,s20_p1
1779294240.0,20,4,0.000000,s20_p4
1779294240.0,20,2,0.000000,s20_p2
1779294240.0,20,3,0.000000,s20_p3
1779294240.0,16,1,0.000000,s16_p1
1779294240.0,16,4,0.000000,s16_p4
1779294240.0,16,2,0.000000,s16_p2
1779294240.0,16,3,0.000000,s16_p3
1779294240.0,11,4,0.000000,s11_p4
1779294240.0,11,1,0.000000,s11_p1
1779294240.0,11,2,0.000000,s11_p2
1779294240.0,11,3,0.000000,s11_p3
1779294240.0,2,1,0.000000,s2_p1
1779294240.0,2,4,0.000000,s2_p4
1779294240.0,2,2,0.000000,s2_p2
1779294240.0,2,3,0.000000,s2_p3
1779294240.0,9,1,0.000000,s9_p1
1779294240.0,9,4,0.000000,s9_p4
1779294240.0,9,2,0.000000,s9_p2
1779294240.0,9,3,0.000000,s9_p3
1779294240.0,19,1,0.000000,s19_p1
1779294240.0,19,4,0.000000,s19_p4
1779294240.0,19,2,0.000000,s19_p2
1779294240.0,19,3,0.000000,s19_p3
1779294241.0,1,4,0.000000,s1_p4
1779294241.0,1,1,0.000000,s1_p1
1779294241.0,1,2,0.000000,s1_p2
1779294241.0,1,3,0.000000,s1_p3
1779294241.0,14,4,0.000000,s14_p4
1779294241.0,14,1,0.000000,s14_p1
1779294241.0,14,2,0.000000,s14_p2
1779294241.0,14,3,0.000000,s14_p3
1779294241.0,15,4,0.000000,s15_p4
1779294241.0,15,1,0.000000,s15_p1
1779294241.0,15,2,0.000000,s15_p2
1779294241.0,15,3,0.000000,s15_p3
1779294241.0,8,4,0.000000,s8_p4
1779294241.0,8,1,0.000000,s8_p1
1779294241.0,8,2,0.000000,s8_p2
1779294241.0,8,3,0.000000,s8_p3
1779294241.0,7,1,0.000000,s7_p1
1779294241.0,7,4,0.000000,s7_p4
1779294241.0,7,2,0.000000,s7_p2
1779294241.0,7,3,0.000000,s7_p3
1779294241.0,13,4,0.000000,s13_p4
1779294241.0,13,1,0.000000,s13_p1
1779294241.0,13,2,0.000000,s13_p2
1779294241.0,13,3,0.000000,s13_p3
1779294241.0,3,4,0.000000,s3_p4
1779294241.0,3,1,0.000000,s3_p1
1779294241.0,3,2,0.000000,s3_p2
1779294241.0,3,3,0.000000,s3_p3
1779294241.0,10,1,0.000000,s10_p1
1779294241.0,10,4,0.000000,s10_p4
1779294241.0,10,2,0.000000,s10_p2
1779294241.0,10,3,0.000000,s10_p3
1779294241.0,12,4,0.000000,s12_p4
1779294241.0,12,1,0.000000,s12_p1
1779294241.0,12,2,0.000000,s12_p2
1779294241.0,12,3,0.000000,s12_p3
1779294241.0,4,1,0.000000,s4_p1
1779294241.0,4,4,0.000000,s4_p4
1779294241.0,4,2,0.000000,s4_p2
1779294241.0,4,3,0.000000,s4_p3
1779294241.0,5,4,0.000000,s5_p4
1779294241.0,5,1,0.000000,s5_p1
1779294241.0,5,2,0.000000,s5_p2
1779294241.0,5,3,0.000000,s5_p3
1779294241.0,18,1,0.000000,s18_p1
1779294241.0,18,4,0.000000,s18_p4
1779294241.0,18,2,0.000000,s18_p2
1779294241.0,18,3,0.000000,s18_p3
1779294241.0,20,1,0.000000,s20_p1
1779294241.0,20,4,0.000000,s20_p4
1779294241.0,20,2,0.000000,s20_p2
1779294241.0,20,3,0.000000,s20_p3
1779294241.0,19,1,0.000000,s19_p1
1779294241.0,19,4,0.000000,s19_p4
1779294241.0,19,2,0.000000,s19_p2
1779294241.0,19,3,0.000000,s19_p3
1779294241.0,11,4,0.000000,s11_p4
1779294241.0,11,1,0.000000,s11_p1
1779294241.0,11,2,0.000000,s11_p2
1779294241.0,11,3,0.000000,s11_p3
1779294241.0,9,1,0.000000,s9_p1
1779294241.0,9,4,0.000000,s9_p4
1779294241.0,9,2,0.000000,s9_p2
1779294241.0,9,3,0.000000,s9_p3
1779294241.0,16,1,0.000000,s16_p1
1779294241.0,16,4,0.000000,s16_p4
1779294241.0,16,2,0.000000,s16_p2
1779294241.0,16,3,0.000000,s16_p3
1779294241.0,17,4,0.000000,s17_p4
1779294241.0,17,1,0.000000,s17_p1
1779294241.0,17,2,0.000000,s17_p2
1779294241.0,17,3,0.000000,s17_p3
1779294241.0,6,1,0.000000,s6_p1
1779294241.0,6,4,0.000000,s6_p4
1779294241.0,6,2,0.000000,s6_p2
1779294241.0,6,3,0.000000,s6_p3
1779294241.0,2,1,0.000000,s2_p1
1779294241.0,2,4,0.000000,s2_p4
1779294241.0,2,2,0.000000,s2_p2
1779294241.0,2,3,0.000000,s2_p3
1779294241.0,19,1,0.000000,s19_p1
1779294241.0,19,4,0.000000,s19_p4
1779294241.0,19,2,0.000000,s19_p2
1779294241.0,19,3,0.000000,s19_p3
1779294241.0,6,1,0.000000,s6_p1
1779294241.0,6,4,0.000000,s6_p4
1779294241.0,6,2,0.000000,s6_p2
1779294241.0,6,3,0.000000,s6_p3
1779294241.0,1,4,0.000000,s1_p4
1779294241.0,1,1,0.000000,s1_p1
1779294241.0,1,2,0.000000,s1_p2
1779294241.0,1,3,0.000000,s1_p3
1779294241.0,10,1,0.000000,s10_p1
1779294241.0,10,4,0.000000,s10_p4
1779294241.0,10,2,0.000000,s10_p2
1779294241.0,10,3,0.000000,s10_p3
1779294241.0,14,4,0.000000,s14_p4
1779294241.0,14,1,0.000000,s14_p1
1779294241.0,14,2,0.000000,s14_p2
1779294241.0,14,3,0.000000,s14_p3
1779294241.0,15,4,0.000000,s15_p4
1779294241.0,15,1,0.000000,s15_p1
1779294241.0,15,2,0.000000,s15_p2
1779294241.0,15,3,0.000000,s15_p3
1779294241.0,3,4,0.000000,s3_p4
1779294241.0,3,1,0.000000,s3_p1
1779294241.0,3,2,0.000000,s3_p2
1779294241.0,3,3,0.000000,s3_p3
1779294241.0,13,4,0.000000,s13_p4
1779294241.0,13,1,0.000000,s13_p1
1779294241.0,13,2,0.000000,s13_p2
1779294241.0,13,3,0.000000,s13_p3
1779294241.0,7,1,0.000000,s7_p1
1779294241.0,7,4,0.000000,s7_p4
1779294241.0,7,2,0.000000,s7_p2
1779294241.0,7,3,0.000000,s7_p3
1779294241.0,8,4,0.000000,s8_p4
1779294241.0,8,1,0.000000,s8_p1
1779294241.0,8,2,0.000000,s8_p2
1779294241.0,8,3,0.000000,s8_p3
1779294241.0,5,4,0.000000,s5_p4
1779294241.0,5,1,0.000000,s5_p1
1779294241.0,5,2,0.000000,s5_p2
1779294241.0,5,3,0.000000,s5_p3
1779294241.0,4,1,0.000000,s4_p1
1779294241.0,4,4,0.000000,s4_p4
1779294241.0,4,2,0.000000,s4_p2
1779294241.0,4,3,0.000000,s4_p3
1779294241.0,12,4,0.000000,s12_p4
1779294241.0,12,1,0.000000,s12_p1
1779294241.0,12,2,0.000000,s12_p2
1779294241.0,12,3,0.000000,s12_p3
1779294241.0,20,1,0.000000,s20_p1
1779294241.0,20,4,0.000000,s20_p4
1779294241.0,20,2,0.000000,s20_p2
1779294241.0,20,3,0.000000,s20_p3
1779294241.0,18,1,0.000000,s18_p1
1779294241.0,18,4,0.000000,s18_p4
1779294241.0,18,2,0.000000,s18_p2
1779294241.0,18,3,0.000000,s18_p3
1779294241.0,9,1,0.000000,s9_p1
1779294241.0,9,4,0.000000,s9_p4
1779294241.0,9,2,0.000000,s9_p2
1779294241.0,9,3,0.000000,s9_p3
1779294241.0,2,1,0.000000,s2_p1
1779294241.0,2,4,0.000000,s2_p4
1779294241.0,2,2,0.000000,s2_p2
1779294241.0,2,3,0.000000,s2_p3
1779294241.0,16,1,0.000000,s16_p1
1779294241.0,16,4,0.000000,s16_p4
1779294241.0,16,2,0.000000,s16_p2
1779294241.0,16,3,0.000000,s16_p3
1779294241.0,17,4,0.000000,s17_p4
1779294241.0,17,1,0.000000,s17_p1
1779294241.0,17,2,0.000000,s17_p2
1779294241.0,17,3,0.000000,s17_p3
1779294241.0,11,4,0.000000,s11_p4
1779294241.0,11,1,0.000000,s11_p1
1779294241.0,11,2,0.000000,s11_p2
1779294241.0,11,3,0.000000,s11_p3
1779294242.0,1,4,0.000000,s1_p4
1779294242.0,1,1,0.000000,s1_p1
1779294242.0,1,2,0.000000,s1_p2
1779294242.0,1,3,0.000000,s1_p3
1779294242.0,6,1,0.000000,s6_p1
1779294242.0,6,4,0.000000,s6_p4
1779294242.0,6,2,0.000000,s6_p2
1779294242.0,6,3,0.000000,s6_p3
1779294242.0,14,4,0.000000,s14_p4
1779294242.0,14,1,0.000000,s14_p1
1779294242.0,14,2,0.000000,s14_p2
1779294242.0,14,3,0.000000,s14_p3
1779294242.0,3,4,0.000000,s3_p4
1779294242.0,3,1,0.000000,s3_p1
1779294242.0,3,2,0.000000,s3_p2
1779294242.0,3,3,0.000000,s3_p3
1779294242.0,10,1,0.000000,s10_p1
1779294242.0,10,4,0.000000,s10_p4
1779294242.0,10,2,0.000000,s10_p2
1779294242.0,10,3,0.000000,s10_p3
1779294242.0,4,1,0.000000,s4_p1
1779294242.0,4,4,0.000000,s4_p4
1779294242.0,4,2,0.000000,s4_p2
1779294242.0,4,3,0.000000,s4_p3
1779294242.0,20,1,0.000000,s20_p1
1779294242.0,20,4,0.000000,s20_p4
1779294242.0,20,2,0.000000,s20_p2
1779294242.0,20,3,0.000000,s20_p3
1779294242.0,13,4,0.000000,s13_p4
1779294242.0,13,1,0.000000,s13_p1
1779294242.0,13,2,0.000000,s13_p2
1779294242.0,13,3,0.000000,s13_p3
1779294242.0,7,1,0.000000,s7_p1
1779294242.0,7,4,0.000000,s7_p4
1779294242.0,7,2,0.000000,s7_p2
1779294242.0,7,3,0.000000,s7_p3
1779294242.0,8,4,0.000000,s8_p4
1779294242.0,8,1,0.000000,s8_p1
1779294242.0,8,2,0.000000,s8_p2
1779294242.0,8,3,0.000000,s8_p3
1779294242.0,5,4,0.000000,s5_p4
1779294242.0,5,1,0.000000,s5_p1
1779294242.0,5,2,0.000000,s5_p2
1779294242.0,5,3,0.000000,s5_p3
1779294242.0,15,4,0.000000,s15_p4
1779294242.0,15,1,0.000000,s15_p1
1779294242.0,15,2,0.000000,s15_p2
1779294242.0,15,3,0.000000,s15_p3
1779294242.0,12,4,0.000000,s12_p4
1779294242.0,12,1,0.000000,s12_p1
1779294242.0,12,2,0.000000,s12_p2
1779294242.0,12,3,0.000000,s12_p3
1779294242.0,17,4,0.000000,s17_p4
1779294242.0,17,1,0.000000,s17_p1
1779294242.0,17,2,0.000000,s17_p2
1779294242.0,17,3,0.000000,s17_p3
1779294242.0,11,4,0.000000,s11_p4
1779294242.0,11,1,0.000000,s11_p1
1779294242.0,11,2,0.000000,s11_p2
1779294242.0,11,3,0.000000,s11_p3
1779294242.0,16,1,0.000000,s16_p1
1779294242.0,16,4,0.000000,s16_p4
1779294242.0,16,2,0.000000,s16_p2
1779294242.0,16,3,0.000000,s16_p3
1779294242.0,2,1,0.000000,s2_p1
1779294242.0,2,4,0.000000,s2_p4
1779294242.0,2,2,0.000000,s2_p2
1779294242.0,2,3,0.000000,s2_p3
1779294242.0,18,1,0.000000,s18_p1
1779294242.0,18,4,0.000000,s18_p4
1779294242.0,18,2,0.000000,s18_p2
1779294242.0,18,3,0.000000,s18_p3
1779294242.0,19,1,0.000000,s19_p1
1779294242.0,19,4,0.000000,s19_p4
1779294242.0,19,2,0.000000,s19_p2
1779294242.0,19,3,0.000000,s19_p3
1779294242.0,9,1,0.000000,s9_p1
1779294242.0,9,4,0.000000,s9_p4
1779294242.0,9,2,0.000000,s9_p2
1779294242.0,9,3,0.000000,s9_p3
1779294242.0,19,1,0.000000,s19_p1
1779294242.0,19,4,0.000000,s19_p4
1779294242.0,19,2,0.000000,s19_p2
1779294242.0,19,3,0.000000,s19_p3
1779294242.0,6,1,0.000000,s6_p1
1779294242.0,6,4,0.000000,s6_p4
1779294242.0,6,2,0.000000,s6_p2
1779294242.0,6,3,0.000000,s6_p3
1779294242.0,3,4,0.000000,s3_p4
1779294242.0,3,1,0.000000,s3_p1
1779294242.0,3,2,0.000000,s3_p2
1779294242.0,3,3,0.000000,s3_p3
1779294242.0,1,4,0.000000,s1_p4
1779294242.0,1,1,0.000000,s1_p1
1779294242.0,1,2,0.000000,s1_p2
1779294242.0,1,3,0.000000,s1_p3
1779294242.0,14,4,0.000000,s14_p4
1779294242.0,14,1,0.000000,s14_p1
1779294242.0,14,2,0.000000,s14_p2
1779294242.0,14,3,0.000000,s14_p3
1779294242.0,10,1,0.000000,s10_p1
1779294242.0,10,4,0.000000,s10_p4
1779294242.0,10,2,0.000000,s10_p2
1779294242.0,10,3,0.000000,s10_p3
1779294242.0,15,4,0.000000,s15_p4
1779294242.0,15,1,0.000000,s15_p1
1779294242.0,15,2,0.000000,s15_p2
1779294242.0,15,3,0.000000,s15_p3
1779294242.0,8,4,0.000000,s8_p4
1779294242.0,8,1,0.000000,s8_p1
1779294242.0,8,2,0.000000,s8_p2
1779294242.0,8,3,0.000000,s8_p3
1779294242.0,13,4,0.000000,s13_p4
1779294242.0,13,1,0.000000,s13_p1
1779294242.0,13,2,0.000000,s13_p2
1779294242.0,13,3,0.000000,s13_p3
1779294242.0,12,4,0.000000,s12_p4
1779294242.0,12,1,0.000000,s12_p1
1779294242.0,12,2,0.000000,s12_p2
1779294242.0,12,3,0.000000,s12_p3
1779294242.0,18,1,0.000000,s18_p1
1779294242.0,18,4,0.000000,s18_p4
1779294242.0,18,2,0.000000,s18_p2
1779294242.0,18,3,0.000000,s18_p3
1779294242.0,7,1,0.000000,s7_p1
1779294242.0,7,4,0.000000,s7_p4
1779294242.0,7,2,0.000000,s7_p2
1779294242.0,7,3,0.000000,s7_p3
1779294242.0,20,1,0.000000,s20_p1
1779294242.0,20,4,0.000000,s20_p4
1779294242.0,20,2,0.000000,s20_p2
1779294242.0,20,3,0.000000,s20_p3
1779294242.0,5,4,0.000000,s5_p4
1779294242.0,5,1,0.000000,s5_p1
1779294242.0,5,2,0.000000,s5_p2
1779294242.0,5,3,0.000000,s5_p3
1779294242.0,2,1,0.000000,s2_p1
1779294242.0,2,4,0.000000,s2_p4
1779294242.0,2,2,0.000000,s2_p2
1779294242.0,2,3,0.000000,s2_p3
1779294242.0,4,1,0.000000,s4_p1
1779294242.0,4,4,0.000000,s4_p4
1779294242.0,4,2,0.000000,s4_p2
1779294242.0,4,3,0.000000,s4_p3
1779294242.0,16,1,0.000000,s16_p1
1779294242.0,16,4,0.000000,s16_p4
1779294242.0,16,2,0.000000,s16_p2
1779294242.0,16,3,0.000000,s16_p3
1779294242.0,17,4,0.000000,s17_p4
1779294242.0,17,1,0.000000,s17_p1
1779294242.0,17,2,0.000000,s17_p2
1779294242.0,17,3,0.000000,s17_p3
1779294242.0,11,4,0.000000,s11_p4
1779294242.0,11,1,0.000000,s11_p1
1779294242.0,11,2,0.000000,s11_p2
1779294242.0,11,3,0.000000,s11_p3
1779294242.0,9,1,0.000000,s9_p1
1779294242.0,9,4,0.000000,s9_p4
1779294242.0,9,2,0.000000,s9_p2
1779294242.0,9,3,0.000000,s9_p3
1779294243.0,6,1,0.000000,s6_p1
1779294243.0,6,4,0.000000,s6_p4
1779294243.0,6,2,0.000000,s6_p2
1779294243.0,6,3,0.000000,s6_p3
1779294243.0,1,4,0.000000,s1_p4
1779294243.0,1,1,0.000000,s1_p1
1779294243.0,1,2,0.000000,s1_p2
1779294243.0,1,3,0.000000,s1_p3
1779294243.0,14,4,0.000000,s14_p4
1779294243.0,14,1,0.000000,s14_p1
1779294243.0,14,2,0.000000,s14_p2
1779294243.0,14,3,0.000000,s14_p3
1779294243.0,3,4,0.000000,s3_p4
1779294243.0,3,1,0.000000,s3_p1
1779294243.0,3,2,0.000000,s3_p2
1779294243.0,3,3,0.000000,s3_p3
1779294243.0,15,4,0.000000,s15_p4
1779294243.0,15,1,0.000000,s15_p1
1779294243.0,15,2,0.000000,s15_p2
1779294243.0,15,3,0.000000,s15_p3
1779294243.0,8,4,0.000000,s8_p4
1779294243.0,8,1,0.000000,s8_p1
1779294243.0,8,2,0.000000,s8_p2
1779294243.0,8,3,0.000000,s8_p3
1779294243.0,10,1,0.000000,s10_p1
1779294243.0,10,4,0.000000,s10_p4
1779294243.0,10,2,0.000000,s10_p2
1779294243.0,10,3,0.000000,s10_p3
1779294243.0,4,1,0.000000,s4_p1
1779294243.0,4,4,0.000000,s4_p4
1779294243.0,4,2,0.000000,s4_p2
1779294243.0,4,3,0.000000,s4_p3
1779294243.0,20,1,0.000000,s20_p1
1779294243.0,20,4,0.000000,s20_p4
1779294243.0,20,2,0.000000,s20_p2
1779294243.0,20,3,0.000000,s20_p3
1779294243.0,13,4,0.000000,s13_p4
1779294243.0,13,1,0.000000,s13_p1
1779294243.0,13,2,0.000000,s13_p2
1779294243.0,13,3,0.000000,s13_p3
1779294243.0,7,1,0.000000,s7_p1
1779294243.0,7,4,0.000000,s7_p4
1779294243.0,7,2,0.000000,s7_p2
1779294243.0,7,3,0.000000,s7_p3
1779294243.0,12,4,0.000000,s12_p4
1779294243.0,12,1,0.000000,s12_p1
1779294243.0,12,2,0.000000,s12_p2
1779294243.0,12,3,0.000000,s12_p3
1779294243.0,18,1,0.000000,s18_p1
1779294243.0,18,4,0.000000,s18_p4
1779294243.0,18,2,0.000000,s18_p2
1779294243.0,18,3,0.000000,s18_p3
1779294243.0,5,4,0.000000,s5_p4
1779294243.0,5,1,0.000000,s5_p1
1779294243.0,5,2,0.000000,s5_p2
1779294243.0,5,3,0.000000,s5_p3
1779294243.0,17,4,0.000000,s17_p4
1779294243.0,17,1,0.000000,s17_p1
1779294243.0,17,2,0.000000,s17_p2
1779294243.0,17,3,0.000000,s17_p3
1779294243.0,2,1,0.000000,s2_p1
1779294243.0,2,4,0.000000,s2_p4
1779294243.0,2,2,0.000000,s2_p2
1779294243.0,2,3,0.000000,s2_p3
1779294243.0,11,4,0.000000,s11_p4
1779294243.0,11,1,0.000000,s11_p1
1779294243.0,11,2,0.000000,s11_p2
1779294243.0,11,3,0.000000,s11_p3
1779294243.0,16,1,0.000000,s16_p1
1779294243.0,16,4,0.000000,s16_p4
1779294243.0,16,2,0.000000,s16_p2
1779294243.0,16,3,0.000000,s16_p3
1779294243.0,9,1,0.000000,s9_p1
1779294243.0,9,4,0.000000,s9_p4
1779294243.0,9,2,0.000000,s9_p2
1779294243.0,9,3,0.000000,s9_p3
1779294243.0,19,1,0.000000,s19_p1
1779294243.0,19,4,0.000000,s19_p4
1779294243.0,19,2,0.000000,s19_p2
1779294243.0,19,3,0.000000,s19_p3
1779294243.0,19,1,0.000000,s19_p1
1779294243.0,19,4,0.000000,s19_p4
1779294243.0,19,2,0.000000,s19_p2
1779294243.0,19,3,0.000000,s19_p3
1779294243.0,6,1,0.000000,s6_p1
1779294243.0,6,4,0.000000,s6_p4
1779294243.0,6,2,0.000000,s6_p2
1779294243.0,6,3,0.000000,s6_p3
1779294243.0,1,4,0.000000,s1_p4
1779294243.0,1,1,0.000000,s1_p1
1779294243.0,1,2,0.000000,s1_p2
1779294243.0,1,3,0.000000,s1_p3
1779294243.0,14,4,0.000000,s14_p4
1779294243.0,14,1,0.000000,s14_p1
1779294243.0,14,2,0.000000,s14_p2
1779294243.0,14,3,0.000000,s14_p3
1779294243.0,15,4,0.000000,s15_p4
1779294243.0,15,1,0.000000,s15_p1
1779294243.0,15,2,0.000000,s15_p2
1779294243.0,15,3,0.000000,s15_p3
1779294243.0,3,4,0.000000,s3_p4
1779294243.0,3,1,0.000000,s3_p1
1779294243.0,3,2,0.000000,s3_p2
1779294243.0,3,3,0.000000,s3_p3
1779294243.0,4,1,0.000000,s4_p1
1779294243.0,4,4,0.000000,s4_p4
1779294243.0,4,2,0.000000,s4_p2
1779294243.0,4,3,0.000000,s4_p3
1779294243.0,10,1,0.000000,s10_p1
1779294243.0,10,4,0.000000,s10_p4
1779294243.0,10,2,0.000000,s10_p2
1779294243.0,10,3,0.000000,s10_p3
1779294243.0,7,1,0.000000,s7_p1
1779294243.0,7,4,0.000000,s7_p4
1779294243.0,7,2,0.000000,s7_p2
1779294243.0,7,3,0.000000,s7_p3
1779294243.0,13,4,0.000000,s13_p4
1779294243.0,13,1,0.000000,s13_p1
1779294243.0,13,2,0.000000,s13_p2
1779294243.0,13,3,0.000000,s13_p3
1779294243.0,8,4,0.000000,s8_p4
1779294243.0,8,1,0.000000,s8_p1
1779294243.0,8,2,0.000000,s8_p2
1779294243.0,8,3,0.000000,s8_p3
1779294243.0,16,1,0.000000,s16_p1
1779294243.0,16,4,0.000000,s16_p4
1779294243.0,16,2,0.000000,s16_p2
1779294243.0,16,3,0.000000,s16_p3
1779294243.0,9,1,0.000000,s9_p1
1779294243.0,9,4,0.000000,s9_p4
1779294243.0,9,2,0.000000,s9_p2
1779294243.0,9,3,0.000000,s9_p3
1779294243.0,18,1,0.000000,s18_p1
1779294243.0,18,4,0.000000,s18_p4
1779294243.0,18,2,0.000000,s18_p2
1779294243.0,18,3,0.000000,s18_p3
1779294243.0,5,4,0.000000,s5_p4
1779294243.0,5,1,0.000000,s5_p1
1779294243.0,5,2,0.000000,s5_p2
1779294243.0,5,3,0.000000,s5_p3
1779294243.0,12,4,0.000000,s12_p4
1779294243.0,12,1,0.000000,s12_p1
1779294243.0,12,2,0.000000,s12_p2
1779294243.0,12,3,0.000000,s12_p3
1779294243.0,17,4,0.000000,s17_p4
1779294243.0,17,1,0.000000,s17_p1
1779294243.0,17,2,0.000000,s17_p2
1779294243.0,17,3,0.000000,s17_p3
1779294243.0,11,4,0.000000,s11_p4
1779294243.0,11,1,0.000000,s11_p1
1779294243.0,11,2,0.000000,s11_p2
1779294243.0,11,3,0.000000,s11_p3
1779294243.0,20,1,0.000000,s20_p1
1779294243.0,20,4,0.000000,s20_p4
1779294243.0,20,2,0.000000,s20_p2
1779294243.0,20,3,0.000000,s20_p3
1779294243.0,2,1,0.000000,s2_p1
1779294243.0,2,4,0.000000,s2_p4
1779294243.0,2,2,0.000000,s2_p2
1779294243.0,2,3,0.000000,s2_p3
1779294244.0,6,1,0.084604,s6_p1
1779294244.0,6,4,0.000000,s6_p4
1779294244.0,6,2,0.000000,s6_p2
1779294244.0,6,3,0.048345,s6_p3
1779294244.0,15,4,0.000000,s15_p4
1779294244.0,15,1,0.000000,s15_p1
1779294244.0,15,2,0.000000,s15_p2
1779294244.0,15,3,0.000000,s15_p3
1779294244.0,10,1,0.000000,s10_p1
1779294244.0,10,4,0.072563,s10_p4
1779294244.0,10,2,0.000000,s10_p2
1779294244.0,10,3,0.000000,s10_p3
1779294244.0,3,4,0.084649,s3_p4
1779294244.0,3,1,0.000000,s3_p1
1779294244.0,3,2,0.000000,s3_p2
1779294244.0,3,3,0.133020,s3_p3
1779294244.0,14,4,0.000000,s14_p4
1779294244.0,14,1,0.000000,s14_p1
1779294244.0,14,2,0.084535,s14_p2
1779294244.0,14,3,0.000000,s14_p3
1779294244.0,1,4,0.000000,s1_p4
1779294244.0,1,1,0.000000,s1_p1
1779294244.0,1,2,0.132829,s1_p2
1779294244.0,1,3,0.108678,s1_p3
1779294244.0,12,4,0.084667,s12_p4
1779294244.0,12,1,0.000000,s12_p1
1779294244.0,12,2,0.000000,s12_p2
1779294244.0,12,3,0.000000,s12_p3
1779294244.0,13,4,0.000000,s13_p4
1779294244.0,13,1,0.108766,s13_p1
1779294244.0,13,2,0.000000,s13_p2
1779294244.0,13,3,0.048341,s13_p3
1779294244.0,4,1,0.048336,s4_p1
1779294244.0,4,4,0.000000,s4_p4
1779294244.0,4,2,0.060420,s4_p2
1779294244.0,4,3,0.000000,s4_p3
1779294244.0,8,4,0.072510,s8_p4
1779294244.0,8,1,0.000000,s8_p1
1779294244.0,8,2,0.084595,s8_p2
1779294244.0,8,3,0.000000,s8_p3
1779294244.0,7,1,0.072504,s7_p1
1779294244.0,7,4,0.000000,s7_p4
1779294244.0,7,2,0.072504,s7_p2
1779294244.0,7,3,0.000000,s7_p3
1779294244.0,5,4,0.084647,s5_p4
1779294244.0,5,1,0.108832,s5_p1
1779294244.0,5,2,0.000000,s5_p2
1779294244.0,5,3,0.000000,s5_p3
1779294244.0,20,1,0.000000,s20_p1
1779294244.0,20,4,0.157200,s20_p4
1779294244.0,20,2,0.000000,s20_p2
1779294244.0,20,3,0.000000,s20_p3
1779294244.0,18,1,0.000000,s18_p1
1779294244.0,18,4,0.000000,s18_p4
1779294244.0,18,2,0.000000,s18_p2
1779294244.0,18,3,0.000000,s18_p3
1779294244.0,16,1,0.144959,s16_p1
1779294244.0,16,4,0.000000,s16_p4
1779294244.0,16,2,0.084560,s16_p2
1779294244.0,16,3,0.000000,s16_p3
1779294244.0,9,1,0.132877,s9_p1
1779294244.0,9,4,0.000000,s9_p4
1779294244.0,9,2,0.000000,s9_p2
1779294244.0,9,3,0.169117,s9_p3
1779294244.0,2,1,0.000000,s2_p1
1779294244.0,2,4,0.072486,s2_p4
1779294244.0,2,2,0.000000,s2_p2
1779294244.0,2,3,0.060405,s2_p3
1779294244.0,17,4,0.000000,s17_p4
1779294244.0,17,1,0.132880,s17_p1
1779294244.0,17,2,0.108720,s17_p2
1779294244.0,17,3,0.108720,s17_p3
1779294244.0,11,4,0.000000,s11_p4
1779294244.0,11,1,0.000000,s11_p1
1779294244.0,11,2,0.108719,s11_p2
1779294244.0,11,3,0.132879,s11_p3
1779294244.0,19,1,0.000000,s19_p1
1779294244.0,19,4,0.000000,s19_p4
1779294244.0,19,2,0.000000,s19_p2
1779294244.0,19,3,0.000000,s19_p3
1779294244.0,1,4,0.000000,s1_p4
1779294244.0,1,1,0.000000,s1_p1
1779294244.0,1,2,0.604209,s1_p2
1779294244.0,1,3,0.447115,s1_p3
1779294244.0,14,4,0.000000,s14_p4
1779294244.0,14,1,0.000000,s14_p1
1779294244.0,14,2,0.483255,s14_p2
1779294244.0,14,3,0.000000,s14_p3
1779294244.0,4,1,0.338313,s4_p1
1779294244.0,4,4,0.000000,s4_p4
1779294244.0,4,2,0.374561,s4_p2
1779294244.0,4,3,0.000000,s4_p3
1779294244.0,15,4,0.000000,s15_p4
1779294244.0,15,1,0.000000,s15_p1
1779294244.0,15,2,0.000000,s15_p2
1779294244.0,15,3,0.000000,s15_p3
1779294244.0,3,4,0.410458,s3_p4
1779294244.0,3,1,0.000000,s3_p1
1779294244.0,3,2,0.000000,s3_p2
1779294244.0,3,3,0.603614,s3_p3
1779294244.0,13,4,0.000000,s13_p4
1779294244.0,13,1,0.446985,s13_p1
1779294244.0,13,2,0.000000,s13_p2
1779294244.0,13,3,0.338259,s13_p3
1779294244.0,10,1,0.000000,s10_p1
1779294244.0,10,4,0.253497,s10_p4
1779294244.0,10,2,0.000000,s10_p2
1779294244.0,10,3,0.000000,s10_p3
1779294244.0,7,1,0.253704,s7_p1
1779294244.0,7,4,0.000000,s7_p4
1779294244.0,7,2,0.374515,s7_p2
1779294244.0,7,3,0.000000,s7_p3
1779294244.0,5,4,0.482979,s5_p4
1779294244.0,5,1,0.446756,s5_p1
1779294244.0,5,2,0.000000,s5_p2
1779294244.0,5,3,0.000000,s5_p3
1779294244.0,2,1,0.000000,s2_p1
1779294244.0,2,4,0.253809,s2_p4
1779294244.0,2,2,0.000000,s2_p2
1779294244.0,2,3,0.374670,s2_p3
1779294244.0,17,4,0.000000,s17_p4
1779294244.0,17,1,0.604301,s17_p1
1779294244.0,17,2,0.713075,s17_p2
1779294244.0,17,3,0.447183,s17_p3
1779294244.0,20,1,0.000000,s20_p1
1779294244.0,20,4,0.664050,s20_p4
1779294244.0,20,2,0.000000,s20_p2
1779294244.0,20,3,0.000000,s20_p3
1779294244.0,18,1,0.000000,s18_p1
1779294244.0,18,4,0.000000,s18_p4
1779294244.0,18,2,0.000000,s18_p2
1779294244.0,18,3,0.000000,s18_p3
1779294244.0,12,4,0.410337,s12_p4
1779294244.0,12,1,0.000000,s12_p1
1779294244.0,12,2,0.000000,s12_p2
1779294244.0,12,3,0.000000,s12_p3
1779294244.0,8,4,0.374158,s8_p4
1779294244.0,8,1,0.000000,s8_p1
1779294244.0,8,2,0.410367,s8_p2
1779294244.0,8,3,0.000000,s8_p3
1779294244.0,16,1,0.628003,s16_p1
1779294244.0,16,4,0.000000,s16_p4
1779294244.0,16,2,0.410617,s16_p2
1779294244.0,16,3,0.000000,s16_p3
1779294244.0,9,1,0.615939,s9_p1
1779294244.0,9,4,0.000000,s9_p4
1779294244.0,9,2,0.000000,s9_p2
1779294244.0,9,3,0.821251,s9_p3
1779294244.0,19,1,0.000000,s19_p1
1779294244.0,19,4,0.000000,s19_p4
1779294244.0,19,2,0.000000,s19_p2
1779294244.0,19,3,0.000000,s19_p3
1779294244.0,6,1,0.481766,s6_p1
1779294244.0,6,4,0.000000,s6_p4
1779294244.0,6,2,0.000000,s6_p2
1779294244.0,6,3,0.337236,s6_p3
1779294244.0,11,4,0.000000,s11_p4
1779294244.0,11,1,0.000000,s11_p1
1779294244.0,11,2,0.712565,s11_p2
1779294244.0,11,3,0.615946,s11_p3
1779294245.0,19,1,0.000000,s19_p1
1779294245.0,19,4,0.000000,s19_p4
1779294245.0,19,2,0.000000,s19_p2
1779294245.0,19,3,0.000000,s19_p3
1779294245.0,6,1,0.484331,s6_p1
1779294245.0,6,4,0.000000,s6_p4
1779294245.0,6,2,0.000000,s6_p2
1779294245.0,6,3,0.326924,s6_p3
1779294245.0,1,4,0.000000,s1_p4
1779294245.0,1,1,0.000000,s1_p1
1779294245.0,1,2,0.615726,s1_p2
1779294245.0,1,3,0.434630,s1_p3
1779294245.0,3,4,0.398733,s3_p4
1779294245.0,3,1,0.000000,s3_p1
1779294245.0,3,2,0.000000,s3_p2
1779294245.0,3,3,0.616224,s3_p3
1779294245.0,13,4,0.000000,s13_p4
1779294245.0,13,1,0.434978,s13_p1
1779294245.0,13,2,0.000000,s13_p2
1779294245.0,13,3,0.326233,s13_p3
1779294245.0,14,4,0.000000,s14_p4
1779294245.0,14,1,0.000000,s14_p1
1779294245.0,14,2,0.482931,s14_p2
1779294245.0,14,3,0.000000,s14_p3
1779294245.0,15,4,0.000000,s15_p4
1779294245.0,15,1,0.000000,s15_p1
1779294245.0,15,2,0.000000,s15_p2
1779294245.0,15,3,0.000000,s15_p3
1779294245.0,5,4,0.483372,s5_p4
1779294245.0,5,1,0.435034,s5_p1
1779294245.0,5,2,0.000000,s5_p2
1779294245.0,5,3,0.000000,s5_p3
1779294245.0,4,1,0.326014,s4_p1
1779294245.0,4,4,0.000000,s4_p4
1779294245.0,4,2,0.374313,s4_p2
1779294245.0,4,3,0.000000,s4_p3
1779294245.0,12,4,0.398860,s12_p4
1779294245.0,12,1,0.000000,s12_p1
1779294245.0,12,2,0.000000,s12_p2
1779294245.0,12,3,0.000000,s12_p3
1779294245.0,20,1,0.000000,s20_p1
1779294245.0,20,4,0.652181,s20_p4
1779294245.0,20,2,0.000000,s20_p2
1779294245.0,20,3,0.000000,s20_p3
1779294245.0,8,4,0.386522,s8_p4
1779294245.0,8,1,0.000000,s8_p1
1779294245.0,8,2,0.398601,s8_p2
1779294245.0,8,3,0.000000,s8_p3
1779294245.0,18,1,0.000000,s18_p1
1779294245.0,18,4,0.000000,s18_p4
1779294245.0,18,2,0.000000,s18_p2
1779294245.0,18,3,0.000000,s18_p3
1779294245.0,7,1,0.253406,s7_p1
1779294245.0,7,4,0.000000,s7_p4
1779294245.0,7,2,0.386143,s7_p2
1779294245.0,7,3,0.000000,s7_p3
1779294245.0,10,1,0.000000,s10_p1
1779294245.0,10,4,0.253397,s10_p4
1779294245.0,10,2,0.000000,s10_p2
1779294245.0,10,3,0.000000,s10_p3
1779294245.0,2,1,0.000000,s2_p1
1779294245.0,2,4,0.253560,s2_p4
1779294245.0,2,2,0.000000,s2_p2
1779294245.0,2,3,0.374303,s2_p3
1779294245.0,11,4,0.000000,s11_p4
1779294245.0,11,1,0.000000,s11_p1
1779294245.0,11,2,0.700829,s11_p2
1779294245.0,11,3,0.604163,s11_p3
1779294245.0,9,1,0.604107,s9_p1
1779294245.0,9,4,0.000000,s9_p4
1779294245.0,9,2,0.000000,s9_p2
1779294245.0,9,3,0.809504,s9_p3
1779294245.0,16,1,0.640289,s16_p1
1779294245.0,16,4,0.000000,s16_p4
1779294245.0,16,2,0.398671,s16_p2
1779294245.0,16,3,0.000000,s16_p3
1779294245.0,17,4,0.000000,s17_p4
1779294245.0,17,1,0.615732,s17_p1
1779294245.0,17,2,0.700244,s17_p2
1779294245.0,17,3,0.434634,s17_p3
1779294245.0,6,1,0.483127,s6_p1
1779294245.0,6,4,0.000000,s6_p4
1779294245.0,6,2,0.000000,s6_p2
1779294245.0,6,3,0.338189,s6_p3
1779294245.0,14,4,0.000000,s14_p4
1779294245.0,14,1,0.000000,s14_p1
1779294245.0,14,2,0.483198,s14_p2
1779294245.0,14,3,0.000000,s14_p3
1779294245.0,3,4,0.410663,s3_p4
1779294245.0,3,1,0.000000,s3_p1
1779294245.0,3,2,0.000000,s3_p2
1779294245.0,3,3,0.603916,s3_p3
1779294245.0,1,4,0.000000,s1_p4
1779294245.0,1,1,0.000000,s1_p1
1779294245.0,1,2,0.603847,s1_p2
1779294245.0,1,3,0.446847,s1_p3
1779294245.0,15,4,0.000000,s15_p4
1779294245.0,15,1,0.000000,s15_p1
1779294245.0,15,2,0.000000,s15_p2
1779294245.0,15,3,0.000000,s15_p3
1779294245.0,13,4,0.000000,s13_p4
1779294245.0,13,1,0.446752,s13_p1
1779294245.0,13,2,0.000000,s13_p2
1779294245.0,13,3,0.338082,s13_p3
1779294245.0,4,1,0.338256,s4_p1
1779294245.0,4,4,0.000000,s4_p4
1779294245.0,4,2,0.386579,s4_p2
1779294245.0,4,3,0.000000,s4_p3
1779294245.0,17,4,0.000000,s17_p4
1779294245.0,17,1,0.604381,s17_p1
1779294245.0,17,2,0.725257,s17_p2
1779294245.0,17,3,0.447242,s17_p3
1779294245.0,10,1,0.000000,s10_p1
1779294245.0,10,4,0.253782,s10_p4
1779294245.0,10,2,0.000000,s10_p2
1779294245.0,10,3,0.000000,s10_p3
1779294245.0,12,4,0.410536,s12_p4
1779294245.0,12,1,0.000000,s12_p1
1779294245.0,12,2,0.000000,s12_p2
1779294245.0,12,3,0.000000,s12_p3
1779294245.0,20,1,0.000000,s20_p1
1779294245.0,20,4,0.664522,s20_p4
1779294245.0,20,2,0.000000,s20_p2
1779294245.0,20,3,0.000000,s20_p3
1779294245.0,8,4,0.386649,s8_p4
1779294245.0,8,1,0.000000,s8_p1
1779294245.0,8,2,0.410814,s8_p2
1779294245.0,8,3,0.000000,s8_p3
1779294245.0,5,4,0.482912,s5_p4
1779294245.0,5,1,0.446693,s5_p1
1779294245.0,5,2,0.000000,s5_p2
1779294245.0,5,3,0.000000,s5_p3
1779294245.0,7,1,0.253610,s7_p1
1779294245.0,7,4,0.000000,s7_p4
1779294245.0,7,2,0.386454,s7_p2
1779294245.0,7,3,0.000000,s7_p3
1779294245.0,9,1,0.603865,s9_p1
1779294245.0,9,4,0.000000,s9_p4
1779294245.0,9,2,0.000000,s9_p2
1779294245.0,9,3,0.833334,s9_p3
1779294245.0,2,1,0.000000,s2_p1
1779294245.0,2,4,0.253602,s2_p4
1779294245.0,2,2,0.000000,s2_p2
1779294245.0,2,3,0.386442,s2_p3
1779294245.0,11,4,0.000000,s11_p4
1779294245.0,11,1,0.000000,s11_p1
1779294245.0,11,2,0.724587,s11_p2
1779294245.0,11,3,0.603822,s11_p3
1779294245.0,18,1,0.000000,s18_p1
1779294245.0,18,4,0.000000,s18_p4
1779294245.0,18,2,0.000000,s18_p2
1779294245.0,18,3,0.000000,s18_p3
1779294245.0,16,1,0.640045,s16_p1
1779294245.0,16,4,0.000000,s16_p4
1779294245.0,16,2,0.410595,s16_p2
1779294245.0,16,3,0.000000,s16_p3
1779294245.0,19,1,0.000000,s19_p1
1779294245.0,19,4,0.000000,s19_p4
1779294245.0,19,2,0.000000,s19_p2
1779294245.0,19,3,0.000000,s19_p3
1779294246.0,4,1,0.338290,s4_p1
1779294246.0,4,4,0.000000,s4_p4
1779294246.0,4,2,0.374535,s4_p2
1779294246.0,4,3,0.000000,s4_p3
1779294246.0,7,1,0.253963,s7_p1
1779294246.0,7,4,0.000000,s7_p4
1779294246.0,7,2,0.374898,s7_p2
1779294246.0,7,3,0.000000,s7_p3
1779294246.0,12,4,0.398831,s12_p4
1779294246.0,12,1,0.000000,s12_p1
1779294246.0,12,2,0.000000,s12_p2
1779294246.0,12,3,0.000000,s12_p3
1779294246.0,20,1,0.000000,s20_p1
1779294246.0,20,4,0.652633,s20_p4
1779294246.0,20,2,0.000000,s20_p2
1779294246.0,20,3,0.000000,s20_p3
1779294246.0,13,4,0.000000,s13_p4
1779294246.0,13,1,0.446906,s13_p1
1779294246.0,13,2,0.000000,s13_p2
1779294246.0,13,3,0.338199,s13_p3
1779294246.0,16,1,0.628493,s16_p1
1779294246.0,16,4,0.000000,s16_p4
1779294246.0,16,2,0.398852,s16_p2
1779294246.0,16,3,0.000000,s16_p3
1779294246.0,11,4,0.000000,s11_p4
1779294246.0,11,1,0.000000,s11_p1
1779294246.0,11,2,0.712998,s11_p2
1779294246.0,11,3,0.616321,s11_p3
1779294246.0,17,4,0.000000,s17_p4
1779294246.0,17,1,0.615790,s17_p1
1779294246.0,17,2,0.712384,s17_p2
1779294246.0,17,3,0.446749,s17_p3
1779294246.0,19,1,0.000000,s19_p1
1779294246.0,19,4,0.000000,s19_p4
1779294246.0,19,2,0.000000,s19_p2
1779294246.0,19,3,0.000000,s19_p3
1779294246.0,9,1,0.616243,s9_p1
1779294246.0,9,4,0.000000,s9_p4
1779294246.0,9,2,0.000000,s9_p2
1779294246.0,9,3,0.821658,s9_p3
1779294246.0,18,1,0.000000,s18_p1
1779294246.0,18,4,0.000000,s18_p4
1779294246.0,18,2,0.000000,s18_p2
1779294246.0,18,3,0.000000,s18_p3
1779294246.0,2,1,0.000000,s2_p1
1779294246.0,2,4,0.253738,s2_p4
1779294246.0,2,2,0.000000,s2_p2
1779294246.0,2,3,0.374566,s2_p3
1779294246.0,6,1,0.470176,s6_p1
1779294246.0,6,4,0.000000,s6_p4
1779294246.0,6,2,0.000000,s6_p2
1779294246.0,6,3,0.337562,s6_p3
1779294246.0,5,4,0.470718,s5_p4
1779294246.0,5,1,0.446578,s5_p1
1779294246.0,5,2,0.000000,s5_p2
1779294246.0,5,3,0.000000,s5_p3
1779294246.0,14,4,0.000000,s14_p4
1779294246.0,14,1,0.000000,s14_p1
1779294246.0,14,2,0.470183,s14_p2
1779294246.0,14,3,0.000000,s14_p3
1779294246.0,10,1,0.000000,s10_p1
1779294246.0,10,4,0.253403,s10_p4
1779294246.0,10,2,0.000000,s10_p2
1779294246.0,10,3,0.000000,s10_p3
1779294246.0,8,4,0.374102,s8_p4
1779294246.0,8,1,0.000000,s8_p1
1779294246.0,8,2,0.398237,s8_p2
1779294246.0,8,3,0.000000,s8_p3
1779294246.0,15,4,0.000000,s15_p4
1779294246.0,15,1,0.000000,s15_p1
1779294246.0,15,2,0.000000,s15_p2
1779294246.0,15,3,0.000000,s15_p3
1779294246.0,3,4,0.397840,s3_p4
1779294246.0,3,1,0.000000,s3_p1
1779294246.0,3,2,0.000000,s3_p2
1779294246.0,3,3,0.614844,s3_p3
1779294246.0,1,4,0.000000,s1_p4
1779294246.0,1,1,0.000000,s1_p1
1779294246.0,1,2,0.614853,s1_p2
1779294246.0,1,3,0.446070,s1_p3
1779294246.0,19,1,0.000000,s19_p1
1779294246.0,19,4,0.000000,s19_p4
1779294246.0,19,2,0.000000,s19_p2
1779294246.0,19,3,0.000000,s19_p3
1779294246.0,6,1,0.483825,s6_p1
1779294246.0,6,4,0.000000,s6_p4
1779294246.0,6,2,0.000000,s6_p2
1779294246.0,6,3,0.326582,s6_p3
1779294246.0,1,4,0.000000,s1_p4
1779294246.0,1,1,0.000000,s1_p1
1779294246.0,1,2,0.604938,s1_p2
1779294246.0,1,3,0.435555,s1_p3
1779294246.0,14,4,0.000000,s14_p4
1779294246.0,14,1,0.000000,s14_p1
1779294246.0,14,2,0.483865,s14_p2
1779294246.0,14,3,0.000000,s14_p3
1779294246.0,3,4,0.411310,s3_p4
1779294246.0,3,1,0.000000,s3_p1
1779294246.0,3,2,0.000000,s3_p2
1779294246.0,3,3,0.604867,s3_p3
1779294246.0,10,1,0.000000,s10_p1
1779294246.0,10,4,0.253976,s10_p4
1779294246.0,10,2,0.000000,s10_p2
1779294246.0,10,3,0.000000,s10_p3
1779294246.0,15,4,0.000000,s15_p4
1779294246.0,15,1,0.000000,s15_p1
1779294246.0,15,2,0.000000,s15_p2
1779294246.0,15,3,0.000000,s15_p3
1779294246.0,8,4,0.386930,s8_p4
1779294246.0,8,1,0.000000,s8_p1
1779294246.0,8,2,0.411113,s8_p2
1779294246.0,8,3,0.000000,s8_p3
1779294246.0,13,4,0.000000,s13_p4
1779294246.0,13,1,0.434565,s13_p1
1779294246.0,13,2,0.000000,s13_p2
1779294246.0,13,3,0.325924,s13_p3
1779294246.0,4,1,0.325536,s4_p1
1779294246.0,4,4,0.000000,s4_p4
1779294246.0,4,2,0.373763,s4_p2
1779294246.0,4,3,0.000000,s4_p3
1779294246.0,7,1,0.253197,s7_p1
1779294246.0,7,4,0.000000,s7_p4
1779294246.0,7,2,0.385824,s7_p2
1779294246.0,7,3,0.000000,s7_p3
1779294246.0,20,1,0.000000,s20_p1
1779294246.0,20,4,0.663145,s20_p4
1779294246.0,20,2,0.000000,s20_p2
1779294246.0,20,3,0.000000,s20_p3
1779294246.0,18,1,0.000000,s18_p1
1779294246.0,18,4,0.000000,s18_p4
1779294246.0,18,2,0.000000,s18_p2
1779294246.0,18,3,0.000000,s18_p3
1779294246.0,17,4,0.000000,s17_p4
1779294246.0,17,1,0.603001,s17_p1
1779294246.0,17,2,0.699481,s17_p2
1779294246.0,17,3,0.434160,s17_p3
1779294246.0,2,1,0.000000,s2_p1
1779294246.0,2,4,0.253280,s2_p4
1779294246.0,2,2,0.000000,s2_p2
1779294246.0,2,3,0.373889,s2_p3
1779294246.0,12,4,0.409676,s12_p4
1779294246.0,12,1,0.000000,s12_p1
1779294246.0,12,2,0.000000,s12_p2
1779294246.0,12,3,0.000000,s12_p3
1779294246.0,5,4,0.482648,s5_p4
1779294246.0,5,1,0.434383,s5_p1
1779294246.0,5,2,0.000000,s5_p2
1779294246.0,5,3,0.000000,s5_p3
1779294246.0,16,1,0.638880,s16_p1
1779294246.0,16,4,0.000000,s16_p4
1779294246.0,16,2,0.409848,s16_p2
1779294246.0,16,3,0.000000,s16_p3
1779294246.0,9,1,0.602767,s9_p1
1779294246.0,9,4,0.000000,s9_p4
1779294246.0,9,2,0.000000,s9_p2
1779294246.0,9,3,0.807708,s9_p3
1779294246.0,11,4,0.000000,s11_p4
1779294246.0,11,1,0.000000,s11_p1
1779294246.0,11,2,0.699136,s11_p2
1779294246.0,11,3,0.602704,s11_p3
1779294247.0,19,1,0.000000,s19_p1
1779294247.0,19,4,0.000000,s19_p4
1779294247.0,19,2,0.000000,s19_p2
1779294247.0,19,3,0.000000,s19_p3
1779294247.0,1,4,0.000000,s1_p4
1779294247.0,1,1,0.000000,s1_p1
1779294247.0,1,2,0.615584,s1_p2
1779294247.0,1,3,0.446601,s1_p3
1779294247.0,6,1,0.482598,s6_p1
1779294247.0,6,4,0.000000,s6_p4
1779294247.0,6,2,0.000000,s6_p2
1779294247.0,6,3,0.337819,s6_p3
1779294247.0,14,4,0.000000,s14_p4
1779294247.0,14,1,0.000000,s14_p1
1779294247.0,14,2,0.482788,s14_p2
1779294247.0,14,3,0.000000,s14_p3
1779294247.0,3,4,0.398084,s3_p4
1779294247.0,3,1,0.000000,s3_p1
1779294247.0,3,2,0.000000,s3_p2
1779294247.0,3,3,0.615221,s3_p3
1779294247.0,8,4,0.386160,s8_p4
1779294247.0,8,1,0.000000,s8_p1
1779294247.0,8,2,0.398227,s8_p2
1779294247.0,8,3,0.000000,s8_p3
1779294247.0,10,1,0.000000,s10_p1
1779294247.0,10,4,0.253350,s10_p4
1779294247.0,10,2,0.000000,s10_p2
1779294247.0,10,3,0.000000,s10_p3
1779294247.0,15,4,0.000000,s15_p4
1779294247.0,15,1,0.000000,s15_p1
1779294247.0,15,2,0.000000,s15_p2
1779294247.0,15,3,0.000000,s15_p3
1779294247.0,20,1,0.000000,s20_p1
1779294247.0,20,4,0.652094,s20_p4
1779294247.0,20,2,0.000000,s20_p2
1779294247.0,20,3,0.000000,s20_p3
1779294247.0,5,4,0.483314,s5_p4
1779294247.0,5,1,0.447065,s5_p1
1779294247.0,5,2,0.000000,s5_p2
1779294247.0,5,3,0.000000,s5_p3
1779294247.0,4,1,0.338025,s4_p1
1779294247.0,4,4,0.000000,s4_p4
1779294247.0,4,2,0.374242,s4_p2
1779294247.0,4,3,0.000000,s4_p3
1779294247.0,13,4,0.000000,s13_p4
1779294247.0,13,1,0.446238,s13_p1
1779294247.0,13,2,0.000000,s13_p2
1779294247.0,13,3,0.337694,s13_p3
1779294247.0,18,1,0.000000,s18_p1
1779294247.0,18,4,0.000000,s18_p4
1779294247.0,18,2,0.000000,s18_p2
1779294247.0,18,3,0.000000,s18_p3
1779294247.0,7,1,0.253539,s7_p1
1779294247.0,7,4,0.000000,s7_p4
1779294247.0,7,2,0.386345,s7_p2
1779294247.0,7,3,0.000000,s7_p3
1779294247.0,12,4,0.398678,s12_p4
1779294247.0,12,1,0.000000,s12_p1
1779294247.0,12,2,0.000000,s12_p2
1779294247.0,12,3,0.000000,s12_p3
1779294247.0,16,1,0.640268,s16_p1
1779294247.0,16,4,0.000000,s16_p4
1779294247.0,16,2,0.398657,s16_p2
1779294247.0,16,3,0.000000,s16_p3
1779294247.0,9,1,0.616107,s9_p1
1779294247.0,9,4,0.000000,s9_p4
1779294247.0,9,2,0.000000,s9_p2
1779294247.0,9,3,0.821476,s9_p3
1779294247.0,2,1,0.000000,s2_p1
1779294247.0,2,4,0.253582,s2_p4
1779294247.0,2,2,0.000000,s2_p2
1779294247.0,2,3,0.374335,s2_p3
1779294247.0,17,4,0.000000,s17_p4
1779294247.0,17,1,0.615809,s17_p1
1779294247.0,17,2,0.712406,s17_p2
1779294247.0,17,3,0.446763,s17_p3
1779294247.0,11,4,0.000000,s11_p4
1779294247.0,11,1,0.000000,s11_p1
1779294247.0,11,2,0.712721,s11_p2
1779294247.0,11,3,0.616081,s11_p3
1779294247.0,3,4,0.411001,s3_p4
1779294247.0,3,1,0.000000,s3_p1
1779294247.0,3,2,0.000000,s3_p2
1779294247.0,3,3,0.604413,s3_p3
1779294247.0,13,4,0.000000,s13_p4
1779294247.0,13,1,0.435109,s13_p1
1779294247.0,13,2,0.000000,s13_p2
1779294247.0,13,3,0.338418,s13_p3
1779294247.0,15,4,0.000000,s15_p4
1779294247.0,15,1,0.000000,s15_p1
1779294247.0,15,2,0.000000,s15_p2
1779294247.0,15,3,0.000000,s15_p3
1779294247.0,7,1,0.253792,s7_p1
1779294247.0,7,4,0.000000,s7_p4
1779294247.0,7,2,0.386731,s7_p2
1779294247.0,7,3,0.000000,s7_p3
1779294247.0,1,4,0.000000,s1_p4
1779294247.0,1,1,0.000000,s1_p1
1779294247.0,1,2,0.603295,s1_p2
1779294247.0,1,3,0.434373,s1_p3
1779294247.0,14,4,0.000000,s14_p4
1779294247.0,14,1,0.000000,s14_p1
1779294247.0,14,2,0.482677,s14_p2
1779294247.0,14,3,0.000000,s14_p3
1779294247.0,4,1,0.338325,s4_p1
1779294247.0,4,4,0.000000,s4_p4
1779294247.0,4,2,0.386657,s4_p2
1779294247.0,4,3,0.000000,s4_p3
1779294247.0,10,1,0.000000,s10_p1
1779294247.0,10,4,0.253544,s10_p4
1779294247.0,10,2,0.000000,s10_p2
1779294247.0,10,3,0.000000,s10_p3
1779294247.0,6,1,0.482566,s6_p1
1779294247.0,6,4,0.000000,s6_p4
1779294247.0,6,2,0.000000,s6_p2
1779294247.0,6,3,0.337796,s6_p3
1779294247.0,19,1,0.000000,s19_p1
1779294247.0,19,4,0.000000,s19_p4
1779294247.0,19,2,0.000000,s19_p2
1779294247.0,19,3,0.000000,s19_p3
1779294247.0,12,4,0.410440,s12_p4
1779294247.0,12,1,0.000000,s12_p1
1779294247.0,12,2,0.000000,s12_p2
1779294247.0,12,3,0.000000,s12_p3
1779294247.0,16,1,0.639986,s16_p1
1779294247.0,16,4,0.000000,s16_p4
1779294247.0,16,2,0.410557,s16_p2
1779294247.0,16,3,0.000000,s16_p3
1779294247.0,2,1,0.000000,s2_p1
1779294247.0,2,4,0.253593,s2_p4
1779294247.0,2,2,0.000000,s2_p2
1779294247.0,2,3,0.386428,s2_p3
1779294247.0,5,4,0.482746,s5_p4
1779294247.0,5,1,0.434471,s5_p1
1779294247.0,5,2,0.000000,s5_p2
1779294247.0,5,3,0.000000,s5_p3
1779294247.0,8,4,0.373844,s8_p4
1779294247.0,8,1,0.000000,s8_p1
1779294247.0,8,2,0.410022,s8_p2
1779294247.0,8,3,0.000000,s8_p3
1779294247.0,17,4,0.000000,s17_p4
1779294247.0,17,1,0.603745,s17_p1
1779294247.0,17,2,0.724495,s17_p2
1779294247.0,17,3,0.434697,s17_p3
1779294247.0,11,4,0.000000,s11_p4
1779294247.0,11,1,0.000000,s11_p1
1779294247.0,11,2,0.724492,s11_p2
1779294247.0,11,3,0.603743,s11_p3
1779294247.0,18,1,0.000000,s18_p1
1779294247.0,18,4,0.000000,s18_p4
1779294247.0,18,2,0.000000,s18_p2
1779294247.0,18,3,0.000000,s18_p3
1779294247.0,20,1,0.000000,s20_p1
1779294247.0,20,4,0.663635,s20_p4
1779294247.0,20,2,0.000000,s20_p2
1779294247.0,20,3,0.000000,s20_p3
1779294247.0,9,1,0.603586,s9_p1
1779294247.0,9,4,0.000000,s9_p4
1779294247.0,9,2,0.000000,s9_p2
1779294247.0,9,3,0.832949,s9_p3
1779294248.0,3,4,0.398163,s3_p4
1779294248.0,3,1,0.000000,s3_p1
1779294248.0,3,2,0.000000,s3_p2
1779294248.0,3,3,0.615343,s3_p3
1779294248.0,10,1,0.000000,s10_p1
1779294248.0,10,4,0.253671,s10_p4
1779294248.0,10,2,0.000000,s10_p2
1779294248.0,10,3,0.000000,s10_p3
1779294248.0,6,1,0.470653,s6_p1
1779294248.0,6,4,0.000000,s6_p4
1779294248.0,6,2,0.000000,s6_p2
1779294248.0,6,3,0.325836,s6_p3
1779294248.0,4,1,0.325763,s4_p1
1779294248.0,4,4,0.000000,s4_p4
1779294248.0,4,2,0.374025,s4_p2
1779294248.0,4,3,0.000000,s4_p3
1779294248.0,19,1,0.000000,s19_p1
1779294248.0,19,4,0.000000,s19_p4
1779294248.0,19,2,0.000000,s19_p2
1779294248.0,19,3,0.000000,s19_p3
1779294248.0,7,1,0.253324,s7_p1
1779294248.0,7,4,0.000000,s7_p4
1779294248.0,7,2,0.373955,s7_p2
1779294248.0,7,3,0.000000,s7_p3
1779294248.0,5,4,0.471054,s5_p4
1779294248.0,5,1,0.446897,s5_p1
1779294248.0,5,2,0.000000,s5_p2
1779294248.0,5,3,0.000000,s5_p3
1779294248.0,14,4,0.000000,s14_p4
1779294248.0,14,1,0.000000,s14_p1
1779294248.0,14,2,0.470458,s14_p2
1779294248.0,14,3,0.000000,s14_p3
1779294248.0,13,4,0.000000,s13_p4
1779294248.0,13,1,0.446241,s13_p1
1779294248.0,13,2,0.000000,s13_p2
1779294248.0,13,3,0.325635,s13_p3
1779294248.0,20,1,0.000000,s20_p1
1779294248.0,20,4,0.652244,s20_p4
1779294248.0,20,2,0.000000,s20_p2
1779294248.0,20,3,0.000000,s20_p3
1779294248.0,8,4,0.386456,s8_p4
1779294248.0,8,1,0.000000,s8_p1
1779294248.0,8,2,0.398533,s8_p2
1779294248.0,8,3,0.000000,s8_p3
1779294248.0,15,4,0.000000,s15_p4
1779294248.0,15,1,0.000000,s15_p1
1779294248.0,15,2,0.000000,s15_p2
1779294248.0,15,3,0.000000,s15_p3
1779294248.0,1,4,0.000000,s1_p4
1779294248.0,1,1,0.000000,s1_p1
1779294248.0,1,2,0.615081,s1_p2
1779294248.0,1,3,0.446236,s1_p3
1779294248.0,16,1,0.627559,s16_p1
1779294248.0,16,4,0.000000,s16_p4
1779294248.0,16,2,0.398259,s16_p2
1779294248.0,16,3,0.000000,s16_p3
1779294248.0,12,4,0.398199,s12_p4
1779294248.0,12,1,0.000000,s12_p1
1779294248.0,12,2,0.000000,s12_p2
1779294248.0,12,3,0.000000,s12_p3
1779294248.0,2,1,0.000000,s2_p1
1779294248.0,2,4,0.253422,s2_p4
1779294248.0,2,2,0.000000,s2_p2
1779294248.0,2,3,0.374100,s2_p3
1779294248.0,17,4,0.000000,s17_p4
1779294248.0,17,1,0.615504,s17_p1
1779294248.0,17,2,0.699985,s17_p2
1779294248.0,17,3,0.446542,s17_p3
1779294248.0,18,1,0.000000,s18_p1
1779294248.0,18,4,0.000000,s18_p4
1779294248.0,18,2,0.000000,s18_p2
1779294248.0,18,3,0.000000,s18_p3
1779294248.0,9,1,0.615609,s9_p1
1779294248.0,9,4,0.000000,s9_p4
1779294248.0,9,2,0.000000,s9_p2
1779294248.0,9,3,0.808741,s9_p3
1779294248.0,11,4,0.000000,s11_p4
1779294248.0,11,1,0.000000,s11_p1
1779294248.0,11,2,0.699960,s11_p2
1779294248.0,11,3,0.615482,s11_p3
1779294248.0,19,1,0.000000,s19_p1
1779294248.0,19,4,0.000000,s19_p4
1779294248.0,19,2,0.000000,s19_p2
1779294248.0,19,3,0.000000,s19_p3
1779294248.0,14,4,0.000000,s14_p4
1779294248.0,14,1,0.000000,s14_p1
1779294248.0,14,2,0.483349,s14_p2
1779294248.0,14,3,0.000000,s14_p3
1779294248.0,1,4,0.000000,s1_p4
1779294248.0,1,1,0.000000,s1_p1
1779294248.0,1,2,0.604232,s1_p2
1779294248.0,1,3,0.447132,s1_p3
1779294248.0,6,1,0.483172,s6_p1
1779294248.0,6,4,0.000000,s6_p4
1779294248.0,6,2,0.000000,s6_p2
1779294248.0,6,3,0.338221,s6_p3
1779294248.0,13,4,0.000000,s13_p4
1779294248.0,13,1,0.447030,s13_p1
1779294248.0,13,2,0.000000,s13_p2
1779294248.0,13,3,0.338293,s13_p3
1779294248.0,3,4,0.410191,s3_p4
1779294248.0,3,1,0.000000,s3_p1
1779294248.0,3,2,0.000000,s3_p2
1779294248.0,3,3,0.603222,s3_p3
1779294248.0,15,4,0.000000,s15_p4
1779294248.0,15,1,0.000000,s15_p1
1779294248.0,15,2,0.000000,s15_p2
1779294248.0,15,3,0.000000,s15_p3
1779294248.0,7,1,0.253429,s7_p1
1779294248.0,7,4,0.000000,s7_p4
1779294248.0,7,2,0.386178,s7_p2
1779294248.0,7,3,0.000000,s7_p3
1779294248.0,10,1,0.000000,s10_p1
1779294248.0,10,4,0.253123,s10_p4
1779294248.0,10,2,0.000000,s10_p2
1779294248.0,10,3,0.000000,s10_p3
1779294248.0,18,1,0.000000,s18_p1
1779294248.0,18,4,0.000000,s18_p4
1779294248.0,18,2,0.000000,s18_p2
1779294248.0,18,3,0.000000,s18_p3
1779294248.0,20,1,0.000000,s20_p1
1779294248.0,20,4,0.663758,s20_p4
1779294248.0,20,2,0.000000,s20_p2
1779294248.0,20,3,0.000000,s20_p3
1779294248.0,5,4,0.482658,s5_p4
1779294248.0,5,1,0.446459,s5_p1
1779294248.0,5,2,0.000000,s5_p2
1779294248.0,5,3,0.000000,s5_p3
1779294248.0,4,1,0.337824,s4_p1
1779294248.0,4,4,0.000000,s4_p4
1779294248.0,4,2,0.374019,s4_p2
1779294248.0,4,3,0.000000,s4_p3
1779294248.0,12,4,0.410577,s12_p4
1779294248.0,12,1,0.000000,s12_p1
1779294248.0,12,2,0.000000,s12_p2
1779294248.0,12,3,0.000000,s12_p3
1779294248.0,8,4,0.386167,s8_p4
1779294248.0,8,1,0.000000,s8_p1
1779294248.0,8,2,0.410302,s8_p2
1779294248.0,8,3,0.000000,s8_p3
1779294248.0,9,1,0.603412,s9_p1
1779294248.0,9,4,0.000000,s9_p4
1779294248.0,9,2,0.000000,s9_p2
1779294248.0,9,3,0.820640,s9_p3
1779294248.0,2,1,0.000000,s2_p1
1779294248.0,2,4,0.253398,s2_p4
1779294248.0,2,2,0.000000,s2_p2
1779294248.0,2,3,0.374064,s2_p3
1779294248.0,16,1,0.639449,s16_p1
1779294248.0,16,4,0.000000,s16_p4
1779294248.0,16,2,0.410213,s16_p2
1779294248.0,16,3,0.000000,s16_p3
1779294248.0,11,4,0.000000,s11_p4
1779294248.0,11,1,0.000000,s11_p1
1779294248.0,11,2,0.711946,s11_p2
1779294248.0,11,3,0.603344,s11_p3
1779294248.0,17,4,0.000000,s17_p4
1779294248.0,17,1,0.603295,s17_p1
1779294248.0,17,2,0.711888,s17_p2
1779294248.0,17,3,0.446438,s17_p3
1779294249.0,6,1,0.484031,s6_p1
1779294249.0,6,4,0.000000,s6_p4
1779294249.0,6,2,0.000000,s6_p2
1779294249.0,6,3,0.338822,s6_p3
1779294249.0,1,4,0.000000,s1_p4
1779294249.0,1,1,0.000000,s1_p1
1779294249.0,1,2,0.616691,s1_p2
1779294249.0,1,3,0.435312,s1_p3
1779294249.0,14,4,0.000000,s14_p4
1779294249.0,14,1,0.000000,s14_p1
1779294249.0,14,2,0.483585,s14_p2
1779294249.0,14,3,0.000000,s14_p3
1779294249.0,15,4,0.000000,s15_p4
1779294249.0,15,1,0.000000,s15_p1
1779294249.0,15,2,0.000000,s15_p2
1779294249.0,15,3,0.000000,s15_p3
1779294249.0,3,4,0.399011,s3_p4
1779294249.0,3,1,0.000000,s3_p1
1779294249.0,3,2,0.000000,s3_p2
1779294249.0,3,3,0.616654,s3_p3
1779294249.0,8,4,0.387256,s8_p4
1779294249.0,8,1,0.000000,s8_p1
1779294249.0,8,2,0.399358,s8_p2
1779294249.0,8,3,0.000000,s8_p3
1779294249.0,13,4,0.000000,s13_p4
1779294249.0,13,1,0.435057,s13_p1
1779294249.0,13,2,0.000000,s13_p2
1779294249.0,13,3,0.338378,s13_p3
1779294249.0,4,1,0.338602,s4_p1
1779294249.0,4,4,0.000000,s4_p4
1779294249.0,4,2,0.374881,s4_p2
1779294249.0,4,3,0.000000,s4_p3
1779294249.0,5,4,0.483687,s5_p4
1779294249.0,5,1,0.435318,s5_p1
1779294249.0,5,2,0.000000,s5_p2
1779294249.0,5,3,0.000000,s5_p3
1779294249.0,10,1,0.000000,s10_p1
1779294249.0,10,4,0.253902,s10_p4
1779294249.0,10,2,0.000000,s10_p2
1779294249.0,10,3,0.000000,s10_p3
1779294249.0,12,4,0.399045,s12_p4
1779294249.0,12,1,0.000000,s12_p1
1779294249.0,12,2,0.000000,s12_p2
1779294249.0,12,3,0.000000,s12_p3
1779294249.0,18,1,0.000000,s18_p1
1779294249.0,18,4,0.000000,s18_p4
1779294249.0,18,2,0.000000,s18_p2
1779294249.0,18,3,0.000000,s18_p3
1779294249.0,20,1,0.000000,s20_p1
1779294249.0,20,4,0.652897,s20_p4
1779294249.0,20,2,0.000000,s20_p2
1779294249.0,20,3,0.000000,s20_p3
1779294249.0,16,1,0.641047,s16_p1
1779294249.0,16,4,0.000000,s16_p4
1779294249.0,16,2,0.399143,s16_p2
1779294249.0,16,3,0.000000,s16_p3
1779294249.0,9,1,0.616749,s9_p1
1779294249.0,9,4,0.000000,s9_p4
1779294249.0,9,2,0.000000,s9_p2
1779294249.0,9,3,0.810239,s9_p3
1779294249.0,2,1,0.000000,s2_p1
1779294249.0,2,4,0.253967,s2_p4
1779294249.0,2,2,0.000000,s2_p2
1779294249.0,2,3,0.374904,s2_p3
1779294249.0,7,1,0.253708,s7_p1
1779294249.0,7,4,0.000000,s7_p4
1779294249.0,7,2,0.386603,s7_p2
1779294249.0,7,3,0.000000,s7_p3
1779294249.0,11,4,0.000000,s11_p4
1779294249.0,11,1,0.000000,s11_p1
1779294249.0,11,2,0.713537,s11_p2
1779294249.0,11,3,0.616786,s11_p3
1779294249.0,17,4,0.000000,s17_p4
1779294249.0,17,1,0.616773,s17_p1
1779294249.0,17,2,0.713522,s17_p2
1779294249.0,17,3,0.435369,s17_p3
1779294249.0,19,1,0.000000,s19_p1
1779294249.0,19,4,0.000000,s19_p4
1779294249.0,19,2,0.000000,s19_p2
1779294249.0,19,3,0.000000,s19_p3
1779294249.0,19,1,0.000000,s19_p1
1779294249.0,19,4,0.000000,s19_p4
1779294249.0,19,2,0.000000,s19_p2
1779294249.0,19,3,0.000000,s19_p3
1779294249.0,1,4,0.000000,s1_p4
1779294249.0,1,1,0.000000,s1_p1
1779294249.0,1,2,0.603812,s1_p2
1779294249.0,1,3,0.446821,s1_p3
1779294249.0,6,1,0.482674,s6_p1
1779294249.0,6,4,0.000000,s6_p4
1779294249.0,6,2,0.000000,s6_p2
1779294249.0,6,3,0.325805,s6_p3
1779294249.0,3,4,0.410600,s3_p4
1779294249.0,3,1,0.000000,s3_p1
1779294249.0,3,2,0.000000,s3_p2
1779294249.0,3,3,0.603824,s3_p3
1779294249.0,14,4,0.000000,s14_p4
1779294249.0,14,1,0.000000,s14_p1
1779294249.0,14,2,0.483016,s14_p2
1779294249.0,14,3,0.000000,s14_p3
1779294249.0,13,4,0.000000,s13_p4
1779294249.0,13,1,0.446895,s13_p1
1779294249.0,13,2,0.000000,s13_p2
1779294249.0,13,3,0.326112,s13_p3
1779294249.0,15,4,0.000000,s15_p4
1779294249.0,15,1,0.000000,s15_p1
1779294249.0,15,2,0.000000,s15_p2
1779294249.0,15,3,0.000000,s15_p3
1779294249.0,10,1,0.000000,s10_p1
1779294249.0,10,4,0.253782,s10_p4
1779294249.0,10,2,0.000000,s10_p2
1779294249.0,10,3,0.000000,s10_p3
1779294249.0,8,4,0.374285,s8_p4
1779294249.0,8,1,0.000000,s8_p1
1779294249.0,8,2,0.410506,s8_p2
1779294249.0,8,3,0.000000,s8_p3
1779294249.0,5,4,0.483133,s5_p4
1779294249.0,5,1,0.446898,s5_p1
1779294249.0,5,2,0.000000,s5_p2
1779294249.0,5,3,0.000000,s5_p3
1779294249.0,12,4,0.410608,s12_p4
1779294249.0,12,1,0.000000,s12_p1
1779294249.0,12,2,0.000000,s12_p2
1779294249.0,12,3,0.000000,s12_p3
1779294249.0,4,1,0.326034,s4_p1
1779294249.0,4,4,0.000000,s4_p4
1779294249.0,4,2,0.386411,s4_p2
1779294249.0,4,3,0.000000,s4_p3
1779294249.0,9,1,0.603830,s9_p1
1779294249.0,9,4,0.000000,s9_p4
1779294249.0,9,2,0.000000,s9_p2
1779294249.0,9,3,0.833285,s9_p3
1779294249.0,16,1,0.627887,s16_p1
1779294249.0,16,4,0.000000,s16_p4
1779294249.0,16,2,0.410541,s16_p2
1779294249.0,16,3,0.000000,s16_p3
1779294249.0,18,1,0.000000,s18_p1
1779294249.0,18,4,0.000000,s18_p4
1779294249.0,18,2,0.000000,s18_p2
1779294249.0,18,3,0.000000,s18_p3
1779294249.0,17,4,0.000000,s17_p4
1779294249.0,17,1,0.603810,s17_p1
1779294249.0,17,2,0.724572,s17_p2
1779294249.0,17,3,0.446819,s17_p3
1779294249.0,20,1,0.000000,s20_p1
1779294249.0,20,4,0.663702,s20_p4
1779294249.0,20,2,0.000000,s20_p2
1779294249.0,20,3,0.000000,s20_p3
1779294249.0,11,4,0.000000,s11_p4
1779294249.0,11,1,0.000000,s11_p1
1779294249.0,11,2,0.724512,s11_p2
1779294249.0,11,3,0.603760,s11_p3
1779294249.0,7,1,0.253569,s7_p1
1779294249.0,7,4,0.000000,s7_p4
1779294249.0,7,2,0.374317,s7_p2
1779294249.0,7,3,0.000000,s7_p3
1779294249.0,2,1,0.000000,s2_p1
1779294249.0,2,4,0.253518,s2_p4
1779294249.0,2,2,0.000000,s2_p2
1779294249.0,2,3,0.386313,s2_p3
1779294250.0,6,1,0.470750,s6_p1
1779294250.0,6,4,0.000000,s6_p4
1779294250.0,6,2,0.000000,s6_p2
1779294250.0,6,3,0.337975,s6_p3
1779294250.0,1,4,0.000000,s1_p4
1779294250.0,1,1,0.000000,s1_p1
1779294250.0,1,2,0.615454,s1_p2
1779294250.0,1,3,0.446506,s1_p3
1779294250.0,3,4,0.398272,s3_p4
1779294250.0,3,1,0.000000,s3_p1
1779294250.0,3,2,0.000000,s3_p2
1779294250.0,3,3,0.615512,s3_p3
1779294250.0,14,4,0.000000,s14_p4
1779294250.0,14,1,0.000000,s14_p1
1779294250.0,14,2,0.470684,s14_p2
1779294250.0,14,3,0.000000,s14_p3
1779294250.0,19,1,0.000000,s19_p1
1779294250.0,19,4,0.000000,s19_p4
1779294250.0,19,2,0.000000,s19_p2
1779294250.0,19,3,0.000000,s19_p3
1779294250.0,10,1,0.000000,s10_p1
1779294250.0,10,4,0.253388,s10_p4
1779294250.0,10,2,0.000000,s10_p2
1779294250.0,10,3,0.000000,s10_p3
1779294250.0,7,1,0.253751,s7_p1
1779294250.0,7,4,0.000000,s7_p4
1779294250.0,7,2,0.386668,s7_p2
1779294250.0,7,3,0.000000,s7_p3
1779294250.0,4,1,0.338045,s4_p1
1779294250.0,4,4,0.000000,s4_p4
1779294250.0,4,2,0.374264,s4_p2
1779294250.0,4,3,0.000000,s4_p3
1779294250.0,5,4,0.470737,s5_p4
1779294250.0,5,1,0.446597,s5_p1
1779294250.0,5,2,0.000000,s5_p2
1779294250.0,5,3,0.000000,s5_p3
1779294250.0,8,4,0.386107,s8_p4
1779294250.0,8,1,0.000000,s8_p1
1779294250.0,8,2,0.398173,s8_p2
1779294250.0,8,3,0.000000,s8_p3
1779294250.0,13,4,0.000000,s13_p4
1779294250.0,13,1,0.446305,s13_p1
1779294250.0,13,2,0.000000,s13_p2
1779294250.0,13,3,0.337745,s13_p3
1779294250.0,15,4,0.000000,s15_p4
1779294250.0,15,1,0.000000,s15_p1
1779294250.0,15,2,0.000000,s15_p2
1779294250.0,15,3,0.000000,s15_p3
1779294250.0,20,1,0.000000,s20_p1
1779294250.0,20,4,0.652389,s20_p4
1779294250.0,20,2,0.000000,s20_p2
1779294250.0,20,3,0.000000,s20_p3
1779294250.0,12,4,0.398239,s12_p4
1779294250.0,12,1,0.000000,s12_p1
1779294250.0,12,2,0.000000,s12_p2
1779294250.0,12,3,0.000000,s12_p3
1779294250.0,2,1,0.000000,s2_p1
1779294250.0,2,4,0.253665,s2_p4
1779294250.0,2,2,0.000000,s2_p2
1779294250.0,2,3,0.374457,s2_p3
1779294250.0,18,1,0.000000,s18_p1
1779294250.0,18,4,0.000000,s18_p4
1779294250.0,18,2,0.000000,s18_p2
1779294250.0,18,3,0.000000,s18_p3
1779294250.0,17,4,0.000000,s17_p4
1779294250.0,17,1,0.615665,s17_p1
1779294250.0,17,2,0.700168,s17_p2
1779294250.0,17,3,0.446659,s17_p3
1779294250.0,11,4,0.000000,s11_p4
1779294250.0,11,1,0.000000,s11_p1
1779294250.0,11,2,0.700148,s11_p2
1779294250.0,11,3,0.615647,s11_p3
1779294250.0,9,1,0.615513,s9_p1
1779294250.0,9,4,0.000000,s9_p4
1779294250.0,9,2,0.000000,s9_p2
1779294250.0,9,3,0.820684,s9_p3
1779294250.0,16,1,0.639692,s16_p1
1779294250.0,16,4,0.000000,s16_p4
1779294250.0,16,2,0.398299,s16_p2
1779294250.0,16,3,0.000000,s16_p3
1779294250.0,19,1,0.000000,s19_p1
1779294250.0,19,4,0.000000,s19_p4
1779294250.0,19,2,0.000000,s19_p2
1779294250.0,19,3,0.000000,s19_p3
1779294250.0,6,1,0.483237,s6_p1
1779294250.0,6,4,0.000000,s6_p4
1779294250.0,6,2,0.000000,s6_p2
1779294250.0,6,3,0.338266,s6_p3
1779294250.0,3,4,0.410525,s3_p4
1779294250.0,3,1,0.000000,s3_p1
1779294250.0,3,2,0.000000,s3_p2
1779294250.0,3,3,0.603713,s3_p3
1779294250.0,8,4,0.386682,s8_p4
1779294250.0,8,1,0.000000,s8_p1
1779294250.0,8,2,0.410850,s8_p2
1779294250.0,8,3,0.000000,s8_p3
1779294250.0,13,4,0.000000,s13_p4
1779294250.0,13,1,0.435013,s13_p1
1779294250.0,13,2,0.000000,s13_p2
1779294250.0,13,3,0.338343,s13_p3
1779294250.0,7,1,0.253728,s7_p1
1779294250.0,7,4,0.000000,s7_p4
1779294250.0,7,2,0.386632,s7_p2
1779294250.0,7,3,0.000000,s7_p3
1779294250.0,15,4,0.000000,s15_p4
1779294250.0,15,1,0.000000,s15_p1
1779294250.0,15,2,0.000000,s15_p2
1779294250.0,15,3,0.000000,s15_p3
1779294250.0,1,4,0.000000,s1_p4
1779294250.0,1,1,0.000000,s1_p1
1779294250.0,1,2,0.603585,s1_p2
1779294250.0,1,3,0.434581,s1_p3
1779294250.0,10,1,0.000000,s10_p1
1779294250.0,10,4,0.253681,s10_p4
1779294250.0,10,2,0.000000,s10_p2
1779294250.0,10,3,0.000000,s10_p3
1779294250.0,14,4,0.000000,s14_p4
1779294250.0,14,1,0.000000,s14_p1
1779294250.0,14,2,0.482881,s14_p2
1779294250.0,14,3,0.000000,s14_p3
1779294250.0,20,1,0.000000,s20_p1
1779294250.0,20,4,0.664212,s20_p4
1779294250.0,20,2,0.000000,s20_p2
1779294250.0,20,3,0.000000,s20_p3
1779294250.0,2,1,0.000000,s2_p1
1779294250.0,2,4,0.253686,s2_p4
1779294250.0,2,2,0.000000,s2_p2
1779294250.0,2,3,0.374489,s2_p3
1779294250.0,12,4,0.410676,s12_p4
1779294250.0,12,1,0.000000,s12_p1
1779294250.0,12,2,0.000000,s12_p2
1779294250.0,12,3,0.000000,s12_p3
1779294250.0,5,4,0.482960,s5_p4
1779294250.0,5,1,0.434664,s5_p1
1779294250.0,5,2,0.000000,s5_p2
1779294250.0,5,3,0.000000,s5_p3
1779294250.0,4,1,0.338056,s4_p1
1779294250.0,4,4,0.000000,s4_p4
1779294250.0,4,2,0.374276,s4_p2
1779294250.0,4,3,0.000000,s4_p3
1779294250.0,17,4,0.000000,s17_p4
1779294250.0,17,1,0.604166,s17_p1
1779294250.0,17,2,0.712916,s17_p2
1779294250.0,17,3,0.435000,s17_p3
1779294250.0,18,1,0.000000,s18_p1
1779294250.0,18,4,0.000000,s18_p4
1779294250.0,18,2,0.000000,s18_p2
1779294250.0,18,3,0.000000,s18_p3
1779294250.0,16,1,0.640304,s16_p1
1779294250.0,16,4,0.000000,s16_p4
1779294250.0,16,2,0.410761,s16_p2
1779294250.0,16,3,0.000000,s16_p3
1779294250.0,11,4,0.000000,s11_p4
1779294250.0,11,1,0.000000,s11_p1
1779294250.0,11,2,0.712713,s11_p2
1779294250.0,11,3,0.603994,s11_p3
1779294250.0,9,1,0.603995,s9_p1
1779294250.0,9,4,0.000000,s9_p4
1779294250.0,9,2,0.000000,s9_p2
1779294250.0,9,3,0.809353,s9_p3
1779294251.0,8,4,0.374581,s8_p4
1779294251.0,8,1,0.000000,s8_p1
1779294251.0,8,2,0.398747,s8_p2
1779294251.0,8,3,0.000000,s8_p3
1779294251.0,10,1,0.000000,s10_p1
1779294251.0,10,4,0.253733,s10_p4
1779294251.0,10,2,0.000000,s10_p2
1779294251.0,10,3,0.000000,s10_p3
1779294251.0,5,4,0.483132,s5_p4
1779294251.0,5,1,0.446897,s5_p1
1779294251.0,5,2,0.000000,s5_p2
1779294251.0,5,3,0.000000,s5_p3
1779294251.0,1,4,0.000000,s1_p4
1779294251.0,1,1,0.000000,s1_p1
1779294251.0,1,2,0.603289,s1_p2
1779294251.0,1,3,0.446434,s1_p3
1779294251.0,20,1,0.000000,s20_p1
1779294251.0,20,4,0.651888,s20_p4
1779294251.0,20,2,0.000000,s20_p2
1779294251.0,20,3,0.000000,s20_p3
1779294251.0,7,1,0.253353,s7_p1
1779294251.0,7,4,0.000000,s7_p4
1779294251.0,7,2,0.373997,s7_p2
1779294251.0,7,3,0.000000,s7_p3
1779294251.0,6,1,0.482149,s6_p1
1779294251.0,6,4,0.000000,s6_p4
1779294251.0,6,2,0.000000,s6_p2
1779294251.0,6,3,0.337504,s6_p3
1779294251.0,18,1,0.000000,s18_p1
1779294251.0,18,4,0.000000,s18_p4
1779294251.0,18,2,0.000000,s18_p2
1779294251.0,18,3,0.000000,s18_p3
1779294251.0,14,4,0.000000,s14_p4
1779294251.0,14,1,0.000000,s14_p1
1779294251.0,14,2,0.482584,s14_p2
1779294251.0,14,3,0.000000,s14_p3
1779294251.0,4,1,0.338033,s4_p1
1779294251.0,4,4,0.000000,s4_p4
1779294251.0,4,2,0.374251,s4_p2
1779294251.0,4,3,0.000000,s4_p3
1779294251.0,17,4,0.000000,s17_p4
1779294251.0,17,1,0.615706,s17_p1
1779294251.0,17,2,0.712287,s17_p2
1779294251.0,17,3,0.446689,s17_p3
1779294251.0,12,4,0.398353,s12_p4
1779294251.0,12,1,0.000000,s12_p1
1779294251.0,12,2,0.000000,s12_p2
1779294251.0,12,3,0.000000,s12_p3
1779294251.0,2,1,0.000000,s2_p1
1779294251.0,2,4,0.253334,s2_p4
1779294251.0,2,2,0.000000,s2_p2
1779294251.0,2,3,0.373969,s2_p3
1779294251.0,15,4,0.000000,s15_p4
1779294251.0,15,1,0.000000,s15_p1
1779294251.0,15,2,0.000000,s15_p2
1779294251.0,15,3,0.000000,s15_p3
1779294251.0,11,4,0.000000,s11_p4
1779294251.0,11,1,0.000000,s11_p1
1779294251.0,11,2,0.712008,s11_p2
1779294251.0,11,3,0.615465,s11_p3
1779294251.0,9,1,0.615467,s9_p1
1779294251.0,9,4,0.000000,s9_p4
1779294251.0,9,2,0.000000,s9_p2
1779294251.0,9,3,0.820623,s9_p3
1779294251.0,3,4,0.397705,s3_p4
1779294251.0,3,1,0.000000,s3_p1
1779294251.0,3,2,0.000000,s3_p2
1779294251.0,3,3,0.614635,s3_p3
1779294251.0,19,1,0.000000,s19_p1
1779294251.0,19,4,0.000000,s19_p4
1779294251.0,19,2,0.000000,s19_p2
1779294251.0,19,3,0.000000,s19_p3
1779294251.0,16,1,0.627439,s16_p1
1779294251.0,16,4,0.000000,s16_p4
1779294251.0,16,2,0.398183,s16_p2
1779294251.0,16,3,0.000000,s16_p3
1779294251.0,13,4,0.000000,s13_p4
1779294251.0,13,1,0.445926,s13_p1
1779294251.0,13,2,0.000000,s13_p2
1779294251.0,13,3,0.337458,s13_p3
1779294251.0,6,1,0.691573,s6_p1
1779294251.0,6,4,0.000000,s6_p4
1779294251.0,6,2,0.000000,s6_p2
1779294251.0,6,3,0.484101,s6_p3
1779294251.0,19,1,0.000000,s19_p1
1779294251.0,19,4,0.000000,s19_p4
1779294251.0,19,2,0.000000,s19_p2
1779294251.0,19,3,0.000000,s19_p3
1779294251.0,14,4,0.000000,s14_p4
1779294251.0,14,1,0.000000,s14_p1
1779294251.0,14,2,0.690394,s14_p2
1779294251.0,14,3,0.000000,s14_p3
1779294251.0,1,4,0.000000,s1_p4
1779294251.0,1,1,0.000000,s1_p1
1779294251.0,1,2,0.895890,s1_p2
1779294251.0,1,3,0.654689,s1_p3
1779294251.0,3,4,0.587351,s3_p4
1779294251.0,3,1,0.000000,s3_p1
1779294251.0,3,2,0.000000,s3_p2
1779294251.0,3,3,0.863751,s3_p3
1779294251.0,4,1,0.481374,s4_p1
1779294251.0,4,4,0.000000,s4_p4
1779294251.0,4,2,0.584525,s4_p2
1779294251.0,4,3,0.000000,s4_p3
1779294251.0,7,1,0.378029,s7_p1
1779294251.0,7,4,0.000000,s7_p4
1779294251.0,7,2,0.584227,s7_p2
1779294251.0,7,3,0.000000,s7_p3
1779294251.0,8,4,0.581494,s8_p4
1779294251.0,8,1,0.000000,s8_p1
1779294251.0,8,2,0.581494,s8_p2
1779294251.0,8,3,0.000000,s8_p3
1779294251.0,13,4,0.000000,s13_p4
1779294251.0,13,1,0.654719,s13_p1
1779294251.0,13,2,0.000000,s13_p2
1779294251.0,13,3,0.482424,s13_p3
1779294251.0,10,1,0.000000,s10_p1
1779294251.0,10,4,0.376396,s10_p4
1779294251.0,10,2,0.000000,s10_p2
1779294251.0,10,3,0.000000,s10_p3
1779294251.0,15,4,0.000000,s15_p4
1779294251.0,15,1,0.000000,s15_p1
1779294251.0,15,2,0.000000,s15_p2
1779294251.0,15,3,0.000000,s15_p3
1779294251.0,20,1,0.000000,s20_p1
1779294251.0,20,4,0.960830,s20_p4
1779294251.0,20,2,0.000000,s20_p2
1779294251.0,20,3,0.000000,s20_p3
1779294251.0,18,1,0.000000,s18_p1
1779294251.0,18,4,0.000000,s18_p4
1779294251.0,18,2,0.000000,s18_p2
1779294251.0,18,3,0.000000,s18_p3
1779294251.0,12,4,0.583450,s12_p4
1779294251.0,12,1,0.000000,s12_p1
1779294251.0,12,2,0.000000,s12_p2
1779294251.0,12,3,0.000000,s12_p3
1779294251.0,5,4,0.685282,s5_p4
1779294251.0,5,1,0.651018,s5_p1
1779294251.0,5,2,0.000000,s5_p2
1779294251.0,5,3,0.000000,s5_p3
1779294251.0,17,4,0.000000,s17_p4
1779294251.0,17,1,0.857291,s17_p1
1779294251.0,17,2,1.000000,s17_p2
1779294251.0,17,3,0.651541,s17_p3
1779294251.0,9,1,0.859022,s9_p1
1779294251.0,9,4,0.000000,s9_p4
1779294251.0,9,2,0.000000,s9_p2
1779294251.0,9,3,1.000000,s9_p3
1779294251.0,16,1,0.961422,s16_p1
1779294251.0,16,4,0.000000,s16_p4
1779294251.0,16,2,0.583720,s16_p2
1779294251.0,16,3,0.000000,s16_p3
1779294251.0,11,4,0.000000,s11_p4
1779294251.0,11,1,0.000000,s11_p1
1779294251.0,11,2,1.000000,s11_p2
1779294251.0,11,3,0.858027,s11_p3
1779294251.0,2,1,0.000000,s2_p1
1779294251.0,2,4,0.377380,s2_p4
1779294251.0,2,2,0.000000,s2_p2
1779294251.0,2,3,0.583223,s2_p3
1779294251.0,6,1,0.398838,s6_p1
1779294251.0,6,4,0.000000,s6_p4
1779294251.0,6,2,0.000000,s6_p2
1779294251.0,6,3,0.277978,s6_p3
1779294251.0,1,4,0.000000,s1_p4
1779294251.0,1,1,0.000000,s1_p1
1779294251.0,1,2,0.519804,s1_p2
1779294251.0,1,3,0.362654,s1_p3
1779294251.0,3,4,0.338462,s3_p4
1779294251.0,3,1,0.000000,s3_p1
1779294251.0,3,2,0.000000,s3_p2
1779294251.0,3,3,0.519781,s3_p3
1779294251.0,15,4,0.000000,s15_p4
1779294251.0,15,1,0.000000,s15_p1
1779294251.0,15,2,0.000000,s15_p2
1779294251.0,15,3,0.000000,s15_p3
1779294251.0,8,4,0.314569,s8_p4
1779294251.0,8,1,0.000000,s8_p1
1779294251.0,8,2,0.338767,s8_p2
1779294251.0,8,3,0.000000,s8_p3
1779294251.0,13,4,0.000000,s13_p4
1779294251.0,13,1,0.362959,s13_p1
1779294251.0,13,2,0.000000,s13_p2
1779294251.0,13,3,0.278269,s13_p3
1779294251.0,14,4,0.000000,s14_p4
1779294251.0,14,1,0.000000,s14_p1
1779294251.0,14,2,0.398618,s14_p2
1779294251.0,14,3,0.000000,s14_p3
1779294251.0,10,1,0.000000,s10_p1
1779294251.0,10,4,0.217759,s10_p4
1779294251.0,10,2,0.000000,s10_p2
1779294251.0,10,3,0.000000,s10_p3
1779294251.0,5,4,0.411177,s5_p4
1779294251.0,5,1,0.362803,s5_p1
1779294251.0,5,2,0.000000,s5_p2
1779294251.0,5,3,0.000000,s5_p3
1779294251.0,16,1,0.532404,s16_p1
1779294251.0,16,4,0.000000,s16_p4
1779294251.0,16,2,0.338802,s16_p2
1779294251.0,16,3,0.000000,s16_p3
1779294251.0,20,1,0.000000,s20_p1
1779294251.0,20,4,0.556158,s20_p4
1779294251.0,20,2,0.000000,s20_p2
1779294251.0,20,3,0.000000,s20_p3
1779294251.0,2,1,0.000000,s2_p1
1779294251.0,2,4,0.217812,s2_p4
1779294251.0,2,2,0.000000,s2_p2
1779294251.0,2,3,0.314617,s2_p3
1779294251.0,12,4,0.338556,s12_p4
1779294251.0,12,1,0.000000,s12_p1
1779294251.0,12,2,0.000000,s12_p2
1779294251.0,12,3,0.000000,s12_p3
1779294251.0,11,4,0.000000,s11_p4
1779294251.0,11,1,0.000000,s11_p1
1779294251.0,11,2,0.592888,s11_p2
1779294251.0,11,3,0.520290,s11_p3
1779294251.0,18,1,0.000000,s18_p1
1779294251.0,18,4,0.000000,s18_p4
1779294251.0,18,2,0.000000,s18_p2
1779294251.0,18,3,0.000000,s18_p3
1779294251.0,4,1,0.277877,s4_p1
1779294251.0,4,4,0.000000,s4_p4
1779294251.0,4,2,0.314122,s4_p2
1779294251.0,4,3,0.000000,s4_p3
1779294251.0,17,4,0.000000,s17_p4
1779294251.0,17,1,0.520009,s17_p1
1779294251.0,17,2,0.592568,s17_p2
1779294251.0,17,3,0.362797,s17_p3
1779294251.0,7,1,0.217480,s7_p1
1779294251.0,7,4,0.000000,s7_p4
1779294251.0,7,2,0.314138,s7_p2
1779294251.0,7,3,0.000000,s7_p3
1779294251.0,19,1,0.000000,s19_p1
1779294251.0,19,4,0.000000,s19_p4
1779294251.0,19,2,0.000000,s19_p2
1779294251.0,19,3,0.000000,s19_p3
1779294251.0,9,1,0.519889,s9_p1
1779294251.0,9,4,0.000000,s9_p4
1779294251.0,9,2,0.000000,s9_p2
1779294251.0,9,3,0.677064,s9_p3
1779294252.0,6,1,0.483131,s6_p1
1779294252.0,6,4,0.000000,s6_p4
1779294252.0,6,2,0.000000,s6_p2
1779294252.0,6,3,0.338192,s6_p3
1779294252.0,8,4,0.386481,s8_p4
1779294252.0,8,1,0.000000,s8_p1
1779294252.0,8,2,0.410636,s8_p2
1779294252.0,8,3,0.000000,s8_p3
1779294252.0,15,4,0.000000,s15_p4
1779294252.0,15,1,0.000000,s15_p1
1779294252.0,15,2,0.000000,s15_p2
1779294252.0,15,3,0.000000,s15_p3
1779294252.0,10,1,0.000000,s10_p1
1779294252.0,10,4,0.241551,s10_p4
1779294252.0,10,2,0.000000,s10_p2
1779294252.0,10,3,0.000000,s10_p3
1779294252.0,1,4,0.000000,s1_p4
1779294252.0,1,1,0.000000,s1_p1
1779294252.0,1,2,0.603667,s1_p2
1779294252.0,1,3,0.446714,s1_p3
1779294252.0,14,4,0.000000,s14_p4
1779294252.0,14,1,0.000000,s14_p1
1779294252.0,14,2,0.483047,s14_p2
1779294252.0,14,3,0.000000,s14_p3
1779294252.0,3,4,0.410517,s3_p4
1779294252.0,3,1,0.000000,s3_p1
1779294252.0,3,2,0.000000,s3_p2
1779294252.0,3,3,0.603701,s3_p3
1779294252.0,4,1,0.338297,s4_p1
1779294252.0,4,4,0.000000,s4_p4
1779294252.0,4,2,0.374544,s4_p2
1779294252.0,4,3,0.000000,s4_p3
1779294252.0,7,1,0.241629,s7_p1
1779294252.0,7,4,0.000000,s7_p4
1779294252.0,7,2,0.386607,s7_p2
1779294252.0,7,3,0.000000,s7_p3
1779294252.0,13,4,0.000000,s13_p4
1779294252.0,13,1,0.446421,s13_p1
1779294252.0,13,2,0.000000,s13_p2
1779294252.0,13,3,0.337832,s13_p3
1779294252.0,18,1,0.000000,s18_p1
1779294252.0,18,4,0.000000,s18_p4
1779294252.0,18,2,0.000000,s18_p2
1779294252.0,18,3,0.000000,s18_p3
1779294252.0,2,1,0.000000,s2_p1
1779294252.0,2,4,0.241567,s2_p4
1779294252.0,2,2,0.000000,s2_p2
1779294252.0,2,3,0.374428,s2_p3
1779294252.0,5,4,0.470981,s5_p4
1779294252.0,5,1,0.446828,s5_p1
1779294252.0,5,2,0.000000,s5_p2
1779294252.0,5,3,0.000000,s5_p3
1779294252.0,11,4,0.000000,s11_p4
1779294252.0,11,1,0.000000,s11_p1
1779294252.0,11,2,0.712619,s11_p2
1779294252.0,11,3,0.603915,s11_p3
1779294252.0,20,1,0.000000,s20_p1
1779294252.0,20,4,0.652158,s20_p4
1779294252.0,20,2,0.000000,s20_p2
1779294252.0,20,3,0.000000,s20_p3
1779294252.0,17,4,0.000000,s17_p4
1779294252.0,17,1,0.603925,s17_p1
1779294252.0,17,2,0.712631,s17_p2
1779294252.0,17,3,0.446904,s17_p3
1779294252.0,12,4,0.410610,s12_p4
1779294252.0,12,1,0.000000,s12_p1
1779294252.0,12,2,0.000000,s12_p2
1779294252.0,12,3,0.000000,s12_p3
1779294252.0,16,1,0.639844,s16_p1
1779294252.0,16,4,0.000000,s16_p4
1779294252.0,16,2,0.410466,s16_p2
1779294252.0,16,3,0.000000,s16_p3
1779294252.0,19,1,0.000000,s19_p1
1779294252.0,19,4,0.000000,s19_p4
1779294252.0,19,2,0.000000,s19_p2
1779294252.0,19,3,0.000000,s19_p3
1779294252.0,9,1,0.603863,s9_p1
1779294252.0,9,4,0.000000,s9_p4
1779294252.0,9,2,0.000000,s9_p2
1779294252.0,9,3,0.821254,s9_p3
1779294252.0,14,4,0.000000,s14_p4
1779294252.0,14,1,0.000000,s14_p1
1779294252.0,14,2,0.482609,s14_p2
1779294252.0,14,3,0.000000,s14_p3
1779294252.0,6,1,0.481873,s6_p1
1779294252.0,6,4,0.000000,s6_p4
1779294252.0,6,2,0.000000,s6_p2
1779294252.0,6,3,0.325264,s6_p3
1779294252.0,10,1,0.000000,s10_p1
1779294252.0,10,4,0.253306,s10_p4
1779294252.0,10,2,0.000000,s10_p2
1779294252.0,10,3,0.000000,s10_p3
1779294252.0,19,1,0.000000,s19_p1
1779294252.0,19,4,0.000000,s19_p4
1779294252.0,19,2,0.000000,s19_p2
1779294252.0,19,3,0.000000,s19_p3
1779294252.0,1,4,0.000000,s1_p4
1779294252.0,1,1,0.000000,s1_p1
1779294252.0,1,2,0.615158,s1_p2
1779294252.0,1,3,0.434229,s1_p3
1779294252.0,13,4,0.000000,s13_p4
1779294252.0,13,1,0.434317,s13_p1
1779294252.0,13,2,0.000000,s13_p2
1779294252.0,13,3,0.325737,s13_p3
1779294252.0,15,4,0.000000,s15_p4
1779294252.0,15,1,0.000000,s15_p1
1779294252.0,15,2,0.000000,s15_p2
1779294252.0,15,3,0.000000,s15_p3
1779294252.0,4,1,0.325662,s4_p1
1779294252.0,4,4,0.000000,s4_p4
1779294252.0,4,2,0.373908,s4_p2
1779294252.0,4,3,0.000000,s4_p3
1779294252.0,5,4,0.482557,s5_p4
1779294252.0,5,1,0.446365,s5_p1
1779294252.0,5,2,0.000000,s5_p2
1779294252.0,5,3,0.000000,s5_p3
1779294252.0,7,1,0.265368,s7_p1
1779294252.0,7,4,0.000000,s7_p4
1779294252.0,7,2,0.385990,s7_p2
1779294252.0,7,3,0.000000,s7_p3
1779294252.0,18,1,0.000000,s18_p1
1779294252.0,18,4,0.000000,s18_p4
1779294252.0,18,2,0.000000,s18_p2
1779294252.0,18,3,0.000000,s18_p3
1779294252.0,12,4,0.398137,s12_p4
1779294252.0,12,1,0.000000,s12_p1
1779294252.0,12,2,0.000000,s12_p2
1779294252.0,12,3,0.000000,s12_p3
1779294252.0,8,4,0.385577,s8_p4
1779294252.0,8,1,0.000000,s8_p1
1779294252.0,8,2,0.397626,s8_p2
1779294252.0,8,3,0.000000,s8_p3
1779294252.0,17,4,0.000000,s17_p4
1779294252.0,17,1,0.615229,s17_p1
1779294252.0,17,2,0.699672,s17_p2
1779294252.0,17,3,0.446342,s17_p3
1779294252.0,11,4,0.000000,s11_p4
1779294252.0,11,1,0.000000,s11_p1
1779294252.0,11,2,0.699293,s11_p2
1779294252.0,11,3,0.614895,s11_p3
1779294252.0,20,1,0.000000,s20_p1
1779294252.0,20,4,0.663115,s20_p4
1779294252.0,20,2,0.000000,s20_p2
1779294252.0,20,3,0.000000,s20_p3
1779294252.0,9,1,0.615132,s9_p1
1779294252.0,9,4,0.000000,s9_p4
1779294252.0,9,2,0.000000,s9_p2
1779294252.0,9,3,0.820176,s9_p3
1779294252.0,3,4,0.397444,s3_p4
1779294252.0,3,1,0.000000,s3_p1
1779294252.0,3,2,0.000000,s3_p2
1779294252.0,3,3,0.614232,s3_p3
1779294252.0,2,1,0.000000,s2_p1
1779294252.0,2,4,0.265193,s2_p4
1779294252.0,2,2,0.000000,s2_p2
1779294252.0,2,3,0.373681,s2_p3
1779294252.0,16,1,0.639117,s16_p1
1779294252.0,16,4,0.000000,s16_p4
1779294252.0,16,2,0.397941,s16_p2
1779294252.0,16,3,0.000000,s16_p3
1779294253.0,6,1,0.483311,s6_p1
1779294253.0,6,4,0.000000,s6_p4
1779294253.0,6,2,0.000000,s6_p2
1779294253.0,6,3,0.338317,s6_p3
1779294253.0,19,1,0.000000,s19_p1
1779294253.0,19,4,0.000000,s19_p4
1779294253.0,19,2,0.000000,s19_p2
1779294253.0,19,3,0.000000,s19_p3
1779294253.0,14,4,0.000000,s14_p4
1779294253.0,14,1,0.000000,s14_p1
1779294253.0,14,2,0.482766,s14_p2
1779294253.0,14,3,0.000000,s14_p3
1779294253.0,3,4,0.411051,s3_p4
1779294253.0,3,1,0.000000,s3_p1
1779294253.0,3,2,0.000000,s3_p2
1779294253.0,3,3,0.604487,s3_p3
1779294253.0,15,4,0.000000,s15_p4
1779294253.0,15,1,0.000000,s15_p1
1779294253.0,15,2,0.000000,s15_p2
1779294253.0,15,3,0.000000,s15_p3
1779294253.0,8,4,0.374511,s8_p4
1779294253.0,8,1,0.000000,s8_p1
1779294253.0,8,2,0.410754,s8_p2
1779294253.0,8,3,0.000000,s8_p3
1779294253.0,1,4,0.000000,s1_p4
1779294253.0,1,1,0.000000,s1_p1
1779294253.0,1,2,0.603501,s1_p2
1779294253.0,1,3,0.446591,s1_p3
1779294253.0,10,1,0.000000,s10_p1
1779294253.0,10,4,0.253453,s10_p4
1779294253.0,10,2,0.000000,s10_p2
1779294253.0,10,3,0.000000,s10_p3
1779294253.0,13,4,0.000000,s13_p4
1779294253.0,13,1,0.446876,s13_p1
1779294253.0,13,2,0.000000,s13_p2
1779294253.0,13,3,0.338176,s13_p3
1779294253.0,7,1,0.253473,s7_p1
1779294253.0,7,4,0.000000,s7_p4
1779294253.0,7,2,0.374174,s7_p2
1779294253.0,7,3,0.000000,s7_p3
1779294253.0,5,4,0.482754,s5_p4
1779294253.0,5,1,0.434479,s5_p1
1779294253.0,5,2,0.000000,s5_p2
1779294253.0,5,3,0.000000,s5_p3
1779294253.0,4,1,0.337877,s4_p1
1779294253.0,4,4,0.000000,s4_p4
1779294253.0,4,2,0.386145,s4_p2
1779294253.0,4,3,0.000000,s4_p3
1779294253.0,16,1,0.628000,s16_p1
1779294253.0,16,4,0.000000,s16_p4
1779294253.0,16,2,0.410615,s16_p2
1779294253.0,16,3,0.000000,s16_p3
1779294253.0,2,1,0.000000,s2_p1
1779294253.0,2,4,0.253597,s2_p4
1779294253.0,2,2,0.000000,s2_p2
1779294253.0,2,3,0.386434,s2_p3
1779294253.0,17,4,0.000000,s17_p4
1779294253.0,17,1,0.603409,s17_p1
1779294253.0,17,2,0.724090,s17_p2
1779294253.0,17,3,0.434454,s17_p3
1779294253.0,18,1,0.000000,s18_p1
1779294253.0,18,4,0.000000,s18_p4
1779294253.0,18,2,0.000000,s18_p2
1779294253.0,18,3,0.000000,s18_p3
1779294253.0,12,4,0.410263,s12_p4
1779294253.0,12,1,0.000000,s12_p1
1779294253.0,12,2,0.000000,s12_p2
1779294253.0,12,3,0.000000,s12_p3
1779294253.0,20,1,0.000000,s20_p1
1779294253.0,20,4,0.664055,s20_p4
1779294253.0,20,2,0.000000,s20_p2
1779294253.0,20,3,0.000000,s20_p3
1779294253.0,9,1,0.603535,s9_p1
1779294253.0,9,4,0.000000,s9_p4
1779294253.0,9,2,0.000000,s9_p2
1779294253.0,9,3,0.820807,s9_p3
1779294253.0,11,4,0.000000,s11_p4
1779294253.0,11,1,0.000000,s11_p1
1779294253.0,11,2,0.724125,s11_p2
1779294253.0,11,3,0.603438,s11_p3
1779294253.0,19,1,0.000000,s19_p1
1779294253.0,19,4,0.000000,s19_p4
1779294253.0,19,2,0.000000,s19_p2
1779294253.0,19,3,0.000000,s19_p3
1779294253.0,6,1,0.470722,s6_p1
1779294253.0,6,4,0.000000,s6_p4
1779294253.0,6,2,0.000000,s6_p2
1779294253.0,6,3,0.337955,s6_p3
1779294253.0,3,4,0.398511,s3_p4
1779294253.0,3,1,0.000000,s3_p1
1779294253.0,3,2,0.000000,s3_p2
1779294253.0,3,3,0.615881,s3_p3
1779294253.0,1,4,0.000000,s1_p4
1779294253.0,1,1,0.000000,s1_p1
1779294253.0,1,2,0.615826,s1_p2
1779294253.0,1,3,0.446775,s1_p3
1779294253.0,14,4,0.000000,s14_p4
1779294253.0,14,1,0.000000,s14_p1
1779294253.0,14,2,0.482855,s14_p2
1779294253.0,14,3,0.000000,s14_p3
1779294253.0,10,1,0.000000,s10_p1
1779294253.0,10,4,0.265613,s10_p4
1779294253.0,10,2,0.000000,s10_p2
1779294253.0,10,3,0.000000,s10_p3
1779294253.0,5,4,0.483010,s5_p4
1779294253.0,5,1,0.446784,s5_p1
1779294253.0,5,2,0.000000,s5_p2
1779294253.0,5,3,0.000000,s5_p3
1779294253.0,15,4,0.000000,s15_p4
1779294253.0,15,1,0.000000,s15_p1
1779294253.0,15,2,0.000000,s15_p2
1779294253.0,15,3,0.000000,s15_p3
1779294253.0,4,1,0.338119,s4_p1
1779294253.0,4,4,0.000000,s4_p4
1779294253.0,4,2,0.374346,s4_p2
1779294253.0,4,3,0.000000,s4_p3
1779294253.0,8,4,0.386007,s8_p4
1779294253.0,8,1,0.000000,s8_p1
1779294253.0,8,2,0.398070,s8_p2
1779294253.0,8,3,0.000000,s8_p3
1779294253.0,7,1,0.253519,s7_p1
1779294253.0,7,4,0.000000,s7_p4
1779294253.0,7,2,0.386315,s7_p2
1779294253.0,7,3,0.000000,s7_p3
1779294253.0,13,4,0.000000,s13_p4
1779294253.0,13,1,0.446310,s13_p1
1779294253.0,13,2,0.000000,s13_p2
1779294253.0,13,3,0.337748,s13_p3
1779294253.0,20,1,0.000000,s20_p1
1779294253.0,20,4,0.651748,s20_p4
1779294253.0,20,2,0.000000,s20_p2
1779294253.0,20,3,0.000000,s20_p3
1779294253.0,9,1,0.615670,s9_p1
1779294253.0,9,4,0.000000,s9_p4
1779294253.0,9,2,0.000000,s9_p2
1779294253.0,9,3,0.820893,s9_p3
1779294253.0,17,4,0.000000,s17_p4
1779294253.0,17,1,0.615441,s17_p1
1779294253.0,17,2,0.711980,s17_p2
1779294253.0,17,3,0.446496,s17_p3
1779294253.0,16,1,0.639531,s16_p1
1779294253.0,16,4,0.000000,s16_p4
1779294253.0,16,2,0.398198,s16_p2
1779294253.0,16,3,0.000000,s16_p3
1779294253.0,11,4,0.000000,s11_p4
1779294253.0,11,1,0.000000,s11_p1
1779294253.0,11,2,0.712229,s11_p2
1779294253.0,11,3,0.615656,s11_p3
1779294253.0,2,1,0.000000,s2_p1
1779294253.0,2,4,0.253387,s2_p4
1779294253.0,2,2,0.000000,s2_p2
1779294253.0,2,3,0.374047,s2_p3
1779294253.0,18,1,0.000000,s18_p1
1779294253.0,18,4,0.000000,s18_p4
1779294253.0,18,2,0.000000,s18_p2
1779294253.0,18,3,0.000000,s18_p3
1779294253.0,12,4,0.398174,s12_p4
1779294253.0,12,1,0.000000,s12_p1
1779294253.0,12,2,0.000000,s12_p2
1779294253.0,12,3,0.000000,s12_p3
1779294254.0,6,1,0.482933,s6_p1
1779294254.0,6,4,0.000000,s6_p4
1779294254.0,6,2,0.000000,s6_p2
1779294254.0,6,3,0.325980,s6_p3
1779294254.0,1,4,0.000000,s1_p4
1779294254.0,1,1,0.000000,s1_p1
1779294254.0,1,2,0.603996,s1_p2
1779294254.0,1,3,0.434877,s1_p3
1779294254.0,3,4,0.410516,s3_p4
1779294254.0,3,1,0.000000,s3_p1
1779294254.0,3,2,0.000000,s3_p2
1779294254.0,3,3,0.603701,s3_p3
1779294254.0,14,4,0.000000,s14_p4
1779294254.0,14,1,0.000000,s14_p1
1779294254.0,14,2,0.470976,s14_p2
1779294254.0,14,3,0.000000,s14_p3
1779294254.0,13,4,0.000000,s13_p4
1779294254.0,13,1,0.435003,s13_p1
1779294254.0,13,2,0.000000,s13_p2
1779294254.0,13,3,0.326253,s13_p3
1779294254.0,4,1,0.326192,s4_p1
1779294254.0,4,4,0.000000,s4_p4
1779294254.0,4,2,0.374517,s4_p2
1779294254.0,4,3,0.000000,s4_p3
1779294254.0,5,4,0.470927,s5_p4
1779294254.0,5,1,0.434702,s5_p1
1779294254.0,5,2,0.000000,s5_p2
1779294254.0,5,3,0.000000,s5_p3
1779294254.0,18,1,0.000000,s18_p1
1779294254.0,18,4,0.000000,s18_p4
1779294254.0,18,2,0.000000,s18_p2
1779294254.0,18,3,0.000000,s18_p3
1779294254.0,15,4,0.000000,s15_p4
1779294254.0,15,1,0.000000,s15_p1
1779294254.0,15,2,0.000000,s15_p2
1779294254.0,15,3,0.000000,s15_p3
1779294254.0,10,1,0.000000,s10_p1
1779294254.0,10,4,0.241279,s10_p4
1779294254.0,10,2,0.000000,s10_p2
1779294254.0,10,3,0.000000,s10_p3
1779294254.0,12,4,0.410881,s12_p4
1779294254.0,12,1,0.000000,s12_p1
1779294254.0,12,2,0.000000,s12_p2
1779294254.0,12,3,0.000000,s12_p3
1779294254.0,8,4,0.386106,s8_p4
1779294254.0,8,1,0.000000,s8_p1
1779294254.0,8,2,0.410238,s8_p2
1779294254.0,8,3,0.000000,s8_p3
1779294254.0,16,1,0.639927,s16_p1
1779294254.0,16,4,0.000000,s16_p4
1779294254.0,16,2,0.410519,s16_p2
1779294254.0,16,3,0.000000,s16_p3
1779294254.0,2,1,0.000000,s2_p1
1779294254.0,2,4,0.253566,s2_p4
1779294254.0,2,2,0.000000,s2_p2
1779294254.0,2,3,0.374312,s2_p3
1779294254.0,17,4,0.000000,s17_p4
1779294254.0,17,1,0.603622,s17_p1
1779294254.0,17,2,0.700202,s17_p2
1779294254.0,17,3,0.434608,s17_p3
1779294254.0,7,1,0.253335,s7_p1
1779294254.0,7,4,0.000000,s7_p4
1779294254.0,7,2,0.386035,s7_p2
1779294254.0,7,3,0.000000,s7_p3
1779294254.0,9,1,0.603548,s9_p1
1779294254.0,9,4,0.000000,s9_p4
1779294254.0,9,2,0.000000,s9_p2
1779294254.0,9,3,0.808754,s9_p3
1779294254.0,11,4,0.000000,s11_p4
1779294254.0,11,1,0.000000,s11_p1
1779294254.0,11,2,0.700138,s11_p2
1779294254.0,11,3,0.603567,s11_p3
1779294254.0,20,1,0.000000,s20_p1
1779294254.0,20,4,0.663789,s20_p4
1779294254.0,20,2,0.000000,s20_p2
1779294254.0,20,3,0.000000,s20_p3
1779294254.0,19,1,0.000000,s19_p1
1779294254.0,19,4,0.000000,s19_p4
1779294254.0,19,2,0.000000,s19_p2
1779294254.0,19,3,0.000000,s19_p3
1779294255.0,6,1,0.482361,s6_p1
1779294255.0,6,4,0.000000,s6_p4
1779294255.0,6,2,0.000000,s6_p2
1779294255.0,6,3,0.337653,s6_p3
1779294255.0,3,4,0.397871,s3_p4
1779294255.0,3,1,0.000000,s3_p1
1779294255.0,3,2,0.000000,s3_p2
1779294255.0,3,3,0.614892,s3_p3
1779294255.0,10,1,0.000000,s10_p1
1779294255.0,10,4,0.253460,s10_p4
1779294255.0,10,2,0.000000,s10_p2
1779294255.0,10,3,0.000000,s10_p3
1779294255.0,1,4,0.000000,s1_p4
1779294255.0,1,1,0.000000,s1_p1
1779294255.0,1,2,0.614596,s1_p2
1779294255.0,1,3,0.445883,s1_p3
1779294255.0,5,4,0.482341,s5_p4
1779294255.0,5,1,0.446165,s5_p1
1779294255.0,5,2,0.000000,s5_p2
1779294255.0,5,3,0.000000,s5_p3
1779294255.0,13,4,0.000000,s13_p4
1779294255.0,13,1,0.445911,s13_p1
1779294255.0,13,2,0.000000,s13_p2
1779294255.0,13,3,0.337446,s13_p3
1779294255.0,15,4,0.000000,s15_p4
1779294255.0,15,1,0.000000,s15_p1
1779294255.0,15,2,0.000000,s15_p2
1779294255.0,15,3,0.000000,s15_p3
1779294255.0,8,4,0.386161,s8_p4
1779294255.0,8,1,0.000000,s8_p1
1779294255.0,8,2,0.398228,s8_p2
1779294255.0,8,3,0.000000,s8_p3
1779294255.0,4,1,0.337439,s4_p1
1779294255.0,4,4,0.000000,s4_p4
1779294255.0,4,2,0.373593,s4_p2
1779294255.0,4,3,0.000000,s4_p3
1779294255.0,14,4,0.000000,s14_p4
1779294255.0,14,1,0.000000,s14_p1
1779294255.0,14,2,0.481824,s14_p2
1779294255.0,14,3,0.000000,s14_p3
1779294255.0,20,1,0.000000,s20_p1
1779294255.0,20,4,0.651814,s20_p4
1779294255.0,20,2,0.000000,s20_p2
1779294255.0,20,3,0.000000,s20_p3
1779294255.0,2,1,0.000000,s2_p1
1779294255.0,2,4,0.253251,s2_p4
1779294255.0,2,2,0.000000,s2_p2
1779294255.0,2,3,0.373847,s2_p3
1779294255.0,18,1,0.000000,s18_p1
1779294255.0,18,4,0.000000,s18_p4
1779294255.0,18,2,0.000000,s18_p2
1779294255.0,18,3,0.000000,s18_p3
1779294255.0,9,1,0.615069,s9_p1
1779294255.0,9,4,0.000000,s9_p4
1779294255.0,9,2,0.000000,s9_p2
1779294255.0,9,3,0.820091,s9_p3
1779294255.0,12,4,0.397601,s12_p4
1779294255.0,12,1,0.000000,s12_p1
1779294255.0,12,2,0.000000,s12_p2
1779294255.0,12,3,0.000000,s12_p3
1779294255.0,11,4,0.000000,s11_p4
1779294255.0,11,1,0.000000,s11_p1
1779294255.0,11,2,0.711557,s11_p2
1779294255.0,11,3,0.615075,s11_p3
1779294255.0,17,4,0.000000,s17_p4
1779294255.0,17,1,0.614967,s17_p1
1779294255.0,17,2,0.711432,s17_p2
1779294255.0,17,3,0.446153,s17_p3
1779294255.0,7,1,0.241168,s7_p1
1779294255.0,7,4,0.000000,s7_p4
1779294255.0,7,2,0.385869,s7_p2
1779294255.0,7,3,0.000000,s7_p3
1779294255.0,16,1,0.638986,s16_p1
1779294255.0,16,4,0.000000,s16_p4
1779294255.0,16,2,0.397859,s16_p2
1779294255.0,16,3,0.000000,s16_p3
1779294255.0,19,1,0.000000,s19_p1
1779294255.0,19,4,0.000000,s19_p4
1779294255.0,19,2,0.000000,s19_p2
1779294255.0,19,3,0.000000,s19_p3
1779294255.0,1,4,0.000000,s1_p4
1779294255.0,1,1,0.000000,s1_p1
1779294255.0,1,2,0.604035,s1_p2
1779294255.0,1,3,0.446986,s1_p3
1779294255.0,3,4,0.410205,s3_p4
1779294255.0,3,1,0.000000,s3_p1
1779294255.0,3,2,0.000000,s3_p2
1779294255.0,3,3,0.603242,s3_p3
1779294255.0,10,1,0.000000,s10_p1
1779294255.0,10,4,0.265426,s10_p4
1779294255.0,10,2,0.000000,s10_p2
1779294255.0,10,3,0.000000,s10_p3
1779294255.0,14,4,0.000000,s14_p4
1779294255.0,14,1,0.000000,s14_p1
1779294255.0,14,2,0.483016,s14_p2
1779294255.0,14,3,0.000000,s14_p3
1779294255.0,6,1,0.482185,s6_p1
1779294255.0,6,4,0.000000,s6_p4
1779294255.0,6,2,0.000000,s6_p2
1779294255.0,6,3,0.337530,s6_p3
1779294255.0,15,4,0.000000,s15_p4
1779294255.0,15,1,0.000000,s15_p1
1779294255.0,15,2,0.000000,s15_p2
1779294255.0,15,3,0.000000,s15_p3
1779294255.0,7,1,0.265663,s7_p1
1779294255.0,7,4,0.000000,s7_p4
1779294255.0,7,2,0.374343,s7_p2
1779294255.0,7,3,0.000000,s7_p3
1779294255.0,13,4,0.000000,s13_p4
1779294255.0,13,1,0.446316,s13_p1
1779294255.0,13,2,0.000000,s13_p2
1779294255.0,13,3,0.337753,s13_p3
1779294255.0,18,1,0.000000,s18_p1
1779294255.0,18,4,0.000000,s18_p4
1779294255.0,18,2,0.000000,s18_p2
1779294255.0,18,3,0.000000,s18_p3
1779294255.0,8,4,0.373941,s8_p4
1779294255.0,8,1,0.000000,s8_p1
1779294255.0,8,2,0.410128,s8_p2
1779294255.0,8,3,0.000000,s8_p3
1779294255.0,17,4,0.000000,s17_p4
1779294255.0,17,1,0.603684,s17_p1
1779294255.0,17,2,0.724420,s17_p2
1779294255.0,17,3,0.446726,s17_p3
1779294255.0,20,1,0.000000,s20_p1
1779294255.0,20,4,0.663481,s20_p4
1779294255.0,20,2,0.000000,s20_p2
1779294255.0,20,3,0.000000,s20_p3
1779294255.0,12,4,0.410470,s12_p4
1779294255.0,12,1,0.000000,s12_p1
1779294255.0,12,2,0.000000,s12_p2
1779294255.0,12,3,0.000000,s12_p3
1779294255.0,5,4,0.482382,s5_p4
1779294255.0,5,1,0.446203,s5_p1
1779294255.0,5,2,0.000000,s5_p2
1779294255.0,5,3,0.000000,s5_p3
1779294255.0,4,1,0.337709,s4_p1
1779294255.0,4,4,0.000000,s4_p4
1779294255.0,4,2,0.385953,s4_p2
1779294255.0,4,3,0.000000,s4_p3
1779294255.0,16,1,0.627493,s16_p1
1779294255.0,16,4,0.000000,s16_p4
1779294255.0,16,2,0.410284,s16_p2
1779294255.0,16,3,0.000000,s16_p3
1779294255.0,19,1,0.000000,s19_p1
1779294255.0,19,4,0.000000,s19_p4
1779294255.0,19,2,0.000000,s19_p2
1779294255.0,19,3,0.000000,s19_p3
1779294255.0,9,1,0.603237,s9_p1
1779294255.0,9,4,0.000000,s9_p4
1779294255.0,9,2,0.000000,s9_p2
1779294255.0,9,3,0.832467,s9_p3
1779294255.0,2,1,0.000000,s2_p1
1779294255.0,2,4,0.253322,s2_p4
1779294255.0,2,2,0.000000,s2_p2
1779294255.0,2,3,0.386015,s2_p3
1779294255.0,11,4,0.000000,s11_p4
1779294255.0,11,1,0.000000,s11_p1
1779294255.0,11,2,0.723890,s11_p2
1779294255.0,11,3,0.603242,s11_p3
1779294256.0,1,4,0.000000,s1_p4
1779294256.0,1,1,0.000000,s1_p1
1779294256.0,1,2,0.615612,s1_p2
1779294256.0,1,3,0.434549,s1_p3
1779294256.0,3,4,0.398558,s3_p4
1779294256.0,3,1,0.000000,s3_p1
1779294256.0,3,2,0.000000,s3_p2
1779294256.0,3,3,0.615954,s3_p3
1779294256.0,10,1,0.000000,s10_p1
1779294256.0,10,4,0.241558,s10_p4
1779294256.0,10,2,0.000000,s10_p2
1779294256.0,10,3,0.000000,s10_p3
1779294256.0,14,4,0.000000,s14_p4
1779294256.0,14,1,0.000000,s14_p1
1779294256.0,14,2,0.483122,s14_p2
1779294256.0,14,3,0.000000,s14_p3
1779294256.0,13,4,0.000000,s13_p4
1779294256.0,13,1,0.434962,s13_p1
1779294256.0,13,2,0.000000,s13_p2
1779294256.0,13,3,0.338304,s13_p3
1779294256.0,8,4,0.386612,s8_p4
1779294256.0,8,1,0.000000,s8_p1
1779294256.0,8,2,0.398693,s8_p2
1779294256.0,8,3,0.000000,s8_p3
1779294256.0,4,1,0.338333,s4_p1
1779294256.0,4,4,0.000000,s4_p4
1779294256.0,4,2,0.374583,s4_p2
1779294256.0,4,3,0.000000,s4_p3
1779294256.0,7,1,0.241597,s7_p1
1779294256.0,7,4,0.000000,s7_p4
1779294256.0,7,2,0.386555,s7_p2
1779294256.0,7,3,0.000000,s7_p3
1779294256.0,15,4,0.000000,s15_p4
1779294256.0,15,1,0.000000,s15_p1
1779294256.0,15,2,0.000000,s15_p2
1779294256.0,15,3,0.000000,s15_p3
1779294256.0,18,1,0.000000,s18_p1
1779294256.0,18,4,0.000000,s18_p4
1779294256.0,18,2,0.000000,s18_p2
1779294256.0,18,3,0.000000,s18_p3
1779294256.0,17,4,0.000000,s17_p4
1779294256.0,17,1,0.615687,s17_p1
1779294256.0,17,2,0.712265,s17_p2
1779294256.0,17,3,0.434603,s17_p3
1779294256.0,12,4,0.398387,s12_p4
1779294256.0,12,1,0.000000,s12_p1
1779294256.0,12,2,0.000000,s12_p2
1779294256.0,12,3,0.000000,s12_p3
1779294256.0,20,1,0.000000,s20_p1
1779294256.0,20,4,0.651878,s20_p4
1779294256.0,20,2,0.000000,s20_p2
1779294256.0,20,3,0.000000,s20_p3
1779294256.0,16,1,0.640150,s16_p1
1779294256.0,16,4,0.000000,s16_p4
1779294256.0,16,2,0.398584,s16_p2
1779294256.0,16,3,0.000000,s16_p3
1779294256.0,2,1,0.000000,s2_p1
1779294256.0,2,4,0.253668,s2_p4
1779294256.0,2,2,0.000000,s2_p2
1779294256.0,2,3,0.374462,s2_p3
1779294256.0,5,4,0.482868,s5_p4
1779294256.0,5,1,0.434581,s5_p1
1779294256.0,5,2,0.000000,s5_p2
1779294256.0,5,3,0.000000,s5_p3
1779294256.0,19,1,0.000000,s19_p1
1779294256.0,19,4,0.000000,s19_p4
1779294256.0,19,2,0.000000,s19_p2
1779294256.0,19,3,0.000000,s19_p3
1779294256.0,11,4,0.000000,s11_p4
1779294256.0,11,1,0.000000,s11_p1
1779294256.0,11,2,0.712412,s11_p2
1779294256.0,11,3,0.615814,s11_p3
1779294256.0,9,1,0.615744,s9_p1
1779294256.0,9,4,0.000000,s9_p4
1779294256.0,9,2,0.000000,s9_p2
1779294256.0,9,3,0.808918,s9_p3
1779294256.0,6,1,0.482117,s6_p1
1779294256.0,6,4,0.000000,s6_p4
1779294256.0,6,2,0.000000,s6_p2
1779294256.0,6,3,0.337482,s6_p3
1779294256.0,19,1,0.000000,s19_p1
1779294256.0,19,4,0.000000,s19_p4
1779294256.0,19,2,0.000000,s19_p2
1779294256.0,19,3,0.000000,s19_p3
1779294256.0,14,4,0.000000,s14_p4
1779294256.0,14,1,0.000000,s14_p1
1779294256.0,14,2,0.470637,s14_p2
1779294256.0,14,3,0.000000,s14_p3
1779294256.0,3,4,0.410212,s3_p4
1779294256.0,3,1,0.000000,s3_p1
1779294256.0,3,2,0.000000,s3_p2
1779294256.0,3,3,0.603253,s3_p3
1779294256.0,1,4,0.000000,s1_p4
1779294256.0,1,1,0.000000,s1_p1
1779294256.0,1,2,0.602873,s1_p2
1779294256.0,1,3,0.446126,s1_p3
1779294256.0,10,1,0.000000,s10_p1
1779294256.0,10,4,0.265411,s10_p4
1779294256.0,10,2,0.000000,s10_p2
1779294256.0,10,3,0.000000,s10_p3
1779294256.0,6,1,0.471496,s6_p1
1779294256.0,6,4,0.000000,s6_p4
1779294256.0,6,2,0.000000,s6_p2
1779294256.0,6,3,0.326420,s6_p3
1779294256.0,7,1,0.265444,s7_p1
1779294256.0,7,4,0.000000,s7_p4
1779294256.0,7,2,0.386101,s7_p2
1779294256.0,7,3,0.000000,s7_p3
1779294256.0,8,4,0.386043,s8_p4
1779294256.0,8,1,0.000000,s8_p1
1779294256.0,8,2,0.410170,s8_p2
1779294256.0,8,3,0.000000,s8_p3
1779294256.0,4,1,0.325723,s4_p1
1779294256.0,4,4,0.000000,s4_p4
1779294256.0,4,2,0.373978,s4_p2
1779294256.0,4,3,0.000000,s4_p3
1779294256.0,13,4,0.000000,s13_p4
1779294256.0,13,1,0.446288,s13_p1
1779294256.0,13,2,0.000000,s13_p2
1779294256.0,13,3,0.325670,s13_p3
1779294256.0,5,4,0.470891,s5_p4
1779294256.0,5,1,0.446743,s5_p1
1779294256.0,5,2,0.000000,s5_p2
1779294256.0,5,3,0.000000,s5_p3
1779294256.0,15,4,0.000000,s15_p4
1779294256.0,15,1,0.000000,s15_p1
1779294256.0,15,2,0.000000,s15_p2
1779294256.0,15,3,0.000000,s15_p3
1779294256.0,11,4,0.000000,s11_p4
1779294256.0,11,1,0.000000,s11_p1
1779294256.0,11,2,0.700134,s11_p2
1779294256.0,11,3,0.603564,s11_p3
1779294256.0,17,4,0.000000,s17_p4
1779294256.0,17,1,0.603220,s17_p1
1779294256.0,17,2,0.699735,s17_p2
1779294256.0,17,3,0.446383,s17_p3
1779294256.0,18,1,0.000000,s18_p1
1779294256.0,18,4,0.000000,s18_p4
1779294256.0,18,2,0.000000,s18_p2
1779294256.0,18,3,0.000000,s18_p3
1779294256.0,16,1,0.639431,s16_p1
1779294256.0,16,4,0.000000,s16_p4
1779294256.0,16,2,0.410201,s16_p2
1779294256.0,16,3,0.000000,s16_p3
1779294256.0,9,1,0.603508,s9_p1
1779294256.0,9,4,0.000000,s9_p4
1779294256.0,9,2,0.000000,s9_p2
1779294256.0,9,3,0.820771,s9_p3
1779294256.0,12,4,0.410152,s12_p4
1779294256.0,12,1,0.000000,s12_p1
1779294256.0,12,2,0.000000,s12_p2
1779294256.0,12,3,0.000000,s12_p3
1779294256.0,20,1,0.000000,s20_p1
1779294256.0,20,4,0.663480,s20_p4
1779294256.0,20,2,0.000000,s20_p2
1779294256.0,20,3,0.000000,s20_p3
1779294256.0,2,1,0.000000,s2_p1
1779294256.0,2,4,0.253334,s2_p4
1779294256.0,2,2,0.000000,s2_p2
1779294256.0,2,3,0.373969,s2_p3
1779294257.0,6,1,0.483576,s6_p1
1779294257.0,6,4,0.000000,s6_p4
1779294257.0,6,2,0.000000,s6_p2
1779294257.0,6,3,0.338503,s6_p3
1779294257.0,10,1,0.000000,s10_p1
1779294257.0,10,4,0.241580,s10_p4
1779294257.0,10,2,0.000000,s10_p2
1779294257.0,10,3,0.000000,s10_p3
1779294257.0,14,4,0.000000,s14_p4
1779294257.0,14,1,0.000000,s14_p1
1779294257.0,14,2,0.482972,s14_p2
1779294257.0,14,3,0.000000,s14_p3
1779294257.0,1,4,0.000000,s1_p4
1779294257.0,1,1,0.000000,s1_p1
1779294257.0,1,2,0.603779,s1_p2
1779294257.0,1,3,0.446796,s1_p3
1779294257.0,3,4,0.398469,s3_p4
1779294257.0,3,1,0.000000,s3_p1
1779294257.0,3,2,0.000000,s3_p2
1779294257.0,3,3,0.603741,s3_p3
1779294257.0,7,1,0.253631,s7_p1
1779294257.0,7,4,0.000000,s7_p4
1779294257.0,7,2,0.374408,s7_p2
1779294257.0,7,3,0.000000,s7_p3
1779294257.0,15,4,0.000000,s15_p4
1779294257.0,15,1,0.000000,s15_p1
1779294257.0,15,2,0.000000,s15_p2
1779294257.0,15,3,0.000000,s15_p3
1779294257.0,13,4,0.000000,s13_p4
1779294257.0,13,1,0.446879,s13_p1
1779294257.0,13,2,0.000000,s13_p2
1779294257.0,13,3,0.338179,s13_p3
1779294257.0,4,1,0.338140,s4_p1
1779294257.0,4,4,0.000000,s4_p4
1779294257.0,4,2,0.374370,s4_p2
1779294257.0,4,3,0.000000,s4_p3
1779294257.0,8,4,0.374332,s8_p4
1779294257.0,8,1,0.000000,s8_p1
1779294257.0,8,2,0.398482,s8_p2
1779294257.0,8,3,0.000000,s8_p3
1779294257.0,2,1,0.000000,s2_p1
1779294257.0,2,4,0.253625,s2_p4
1779294257.0,2,2,0.000000,s2_p2
1779294257.0,2,3,0.374400,s2_p3
1779294257.0,5,4,0.482642,s5_p4
1779294257.0,5,1,0.446444,s5_p1
1779294257.0,5,2,0.000000,s5_p2
1779294257.0,5,3,0.000000,s5_p3
1779294257.0,12,4,0.398492,s12_p4
1779294257.0,12,1,0.000000,s12_p1
1779294257.0,12,2,0.000000,s12_p2
1779294257.0,12,3,0.000000,s12_p3
1779294257.0,17,4,0.000000,s17_p4
1779294257.0,17,1,0.615756,s17_p1
1779294257.0,17,2,0.712345,s17_p2
1779294257.0,17,3,0.446725,s17_p3
1779294257.0,18,1,0.000000,s18_p1
1779294257.0,18,4,0.000000,s18_p4
1779294257.0,18,2,0.000000,s18_p2
1779294257.0,18,3,0.000000,s18_p3
1779294257.0,20,1,0.000000,s20_p1
1779294257.0,20,4,0.652052,s20_p4
1779294257.0,20,2,0.000000,s20_p2
1779294257.0,20,3,0.000000,s20_p3
1779294257.0,16,1,0.639748,s16_p1
1779294257.0,16,4,0.000000,s16_p4
1779294257.0,16,2,0.398334,s16_p2
1779294257.0,16,3,0.000000,s16_p3
1779294257.0,9,1,0.615458,s9_p1
1779294257.0,9,4,0.000000,s9_p4
1779294257.0,9,2,0.000000,s9_p2
1779294257.0,9,3,0.820611,s9_p3
1779294257.0,11,4,0.000000,s11_p4
1779294257.0,11,1,0.000000,s11_p1
1779294257.0,11,2,0.711841,s11_p2
1779294257.0,11,3,0.615320,s11_p3
1779294257.0,19,1,0.000000,s19_p1
1779294257.0,19,4,0.000000,s19_p4
1779294257.0,19,2,0.000000,s19_p2
1779294257.0,19,3,0.000000,s19_p3
1779294257.0,14,4,0.000000,s14_p4
1779294257.0,14,1,0.000000,s14_p1
1779294257.0,14,2,0.483046,s14_p2
1779294257.0,14,3,0.000000,s14_p3
1779294257.0,1,4,0.000000,s1_p4
1779294257.0,1,1,0.000000,s1_p1
1779294257.0,1,2,0.615787,s1_p2
1779294257.0,1,3,0.434673,s1_p3
1779294257.0,13,4,0.000000,s13_p4
1779294257.0,13,1,0.434747,s13_p1
1779294257.0,13,2,0.000000,s13_p2
1779294257.0,13,3,0.338137,s13_p3
1779294257.0,3,4,0.410275,s3_p4
1779294257.0,3,1,0.000000,s3_p1
1779294257.0,3,2,0.000000,s3_p2
1779294257.0,3,3,0.615412,s3_p3
1779294257.0,10,1,0.000000,s10_p1
1779294257.0,10,4,0.253346,s10_p4
1779294257.0,10,2,0.000000,s10_p2
1779294257.0,10,3,0.000000,s10_p3
1779294257.0,15,4,0.000000,s15_p4
1779294257.0,15,1,0.000000,s15_p1
1779294257.0,15,2,0.000000,s15_p2
1779294257.0,15,3,0.000000,s15_p3
1779294257.0,5,4,0.483196,s5_p4
1779294257.0,5,1,0.434876,s5_p1
1779294257.0,5,2,0.000000,s5_p2
1779294257.0,5,3,0.000000,s5_p3
1779294257.0,8,4,0.386207,s8_p4
1779294257.0,8,1,0.000000,s8_p1
1779294257.0,8,2,0.410345,s8_p2
1779294257.0,8,3,0.000000,s8_p3
1779294257.0,7,1,0.253356,s7_p1
1779294257.0,7,4,0.000000,s7_p4
1779294257.0,7,2,0.386067,s7_p2
1779294257.0,7,3,0.000000,s7_p3
1779294257.0,4,1,0.337869,s4_p1
1779294257.0,4,4,0.000000,s4_p4
1779294257.0,4,2,0.386136,s4_p2
1779294257.0,4,3,0.000000,s4_p3
1779294257.0,20,1,0.000000,s20_p1
1779294257.0,20,4,0.664320,s20_p4
1779294257.0,20,2,0.000000,s20_p2
1779294257.0,20,3,0.000000,s20_p3
1779294257.0,17,4,0.000000,s17_p4
1779294257.0,17,1,0.603580,s17_p1
1779294257.0,17,2,0.724296,s17_p2
1779294257.0,17,3,0.434578,s17_p3
1779294257.0,16,1,0.627866,s16_p1
1779294257.0,16,4,0.000000,s16_p4
1779294257.0,16,2,0.410528,s16_p2
1779294257.0,16,3,0.000000,s16_p3
1779294257.0,2,1,0.000000,s2_p1
1779294257.0,2,4,0.253445,s2_p4
1779294257.0,2,2,0.000000,s2_p2
1779294257.0,2,3,0.386202,s2_p3
1779294257.0,18,1,0.000000,s18_p1
1779294257.0,18,4,0.000000,s18_p4
1779294257.0,18,2,0.000000,s18_p2
1779294257.0,18,3,0.000000,s18_p3
1779294257.0,12,4,0.410368,s12_p4
1779294257.0,12,1,0.000000,s12_p1
1779294257.0,12,2,0.000000,s12_p2
1779294257.0,12,3,0.000000,s12_p3
1779294257.0,11,4,0.000000,s11_p4
1779294257.0,11,1,0.000000,s11_p1
1779294257.0,11,2,0.724651,s11_p2
1779294257.0,11,3,0.603876,s11_p3
1779294257.0,9,1,0.603826,s9_p1
1779294257.0,9,4,0.000000,s9_p4
1779294257.0,9,2,0.000000,s9_p2
1779294257.0,9,3,0.821203,s9_p3
1779294257.0,19,1,0.000000,s19_p1
1779294257.0,19,4,0.000000,s19_p4
1779294257.0,19,2,0.000000,s19_p2
1779294257.0,19,3,0.000000,s19_p3
1779294257.0,6,1,0.481311,s6_p1
1779294257.0,6,4,0.000000,s6_p4
1779294257.0,6,2,0.000000,s6_p2
1779294257.0,6,3,0.336918,s6_p3
1779294258.0,3,4,0.398630,s3_p4
1779294258.0,3,1,0.217435,s3_p1
1779294258.0,3,2,0.000000,s3_p2
1779294258.0,3,3,0.712702,s3_p3
1779294258.0,1,4,0.000000,s1_p4
1779294258.0,1,1,0.060351,s1_p1
1779294258.0,1,2,0.603512,s1_p2
1779294258.0,1,3,0.446599,s1_p3
1779294258.0,4,1,0.362428,s4_p1
1779294258.0,4,4,0.169133,s4_p4
1779294258.0,4,2,0.374509,s4_p2
1779294258.0,4,3,0.000000,s4_p3
1779294258.0,14,4,0.000000,s14_p4
1779294258.0,14,1,0.000000,s14_p1
1779294258.0,14,2,0.482404,s14_p2
1779294258.0,14,3,0.000000,s14_p3
1779294258.0,13,4,0.000000,s13_p4
1779294258.0,13,1,0.531013,s13_p1
1779294258.0,13,2,0.084479,s13_p2
1779294258.0,13,3,0.446534,s13_p3
1779294258.0,7,1,0.241563,s7_p1
1779294258.0,7,4,0.253642,s7_p4
1779294258.0,7,2,0.386502,s7_p2
1779294258.0,7,3,0.193251,s7_p3
1779294258.0,15,4,0.000000,s15_p4
1779294258.0,15,1,0.000000,s15_p1
1779294258.0,15,2,0.000000,s15_p2
1779294258.0,15,3,0.193212,s15_p3
1779294258.0,10,1,0.072414,s10_p1
1779294258.0,10,4,0.253448,s10_p4
1779294258.0,10,2,0.000000,s10_p2
1779294258.0,10,3,0.000000,s10_p3
1779294258.0,17,4,0.000000,s17_p4
1779294258.0,17,1,0.712597,s17_p1
1779294258.0,17,2,0.736753,s17_p2
1779294258.0,17,3,0.543506,s17_p3
1779294258.0,8,4,0.470681,s8_p4
1779294258.0,8,1,0.000000,s8_p1
1779294258.0,8,2,0.494818,s8_p2
1779294258.0,8,3,0.000000,s8_p3
1779294258.0,18,1,0.000000,s18_p1
1779294258.0,18,4,0.000000,s18_p4
1779294258.0,18,2,0.000000,s18_p2
1779294258.0,18,3,0.000000,s18_p3
1779294258.0,2,1,0.120775,s2_p1
1779294258.0,2,4,0.253628,s2_p4
1779294258.0,2,2,0.000000,s2_p2
1779294258.0,2,3,0.410635,s2_p3
1779294258.0,20,1,0.072417,s20_p1
1779294258.0,20,4,0.736244,s20_p4
1779294258.0,20,2,0.217252,s20_p2
1779294258.0,20,3,0.000000,s20_p3
1779294258.0,16,1,0.627967,s16_p1
1779294258.0,16,4,0.289831,s16_p4
1779294258.0,16,2,0.495128,s16_p2
1779294258.0,16,3,0.000000,s16_p3
1779294258.0,12,4,0.543453,s12_p4
1779294258.0,12,1,0.217381,s12_p1
1779294258.0,12,2,0.000000,s12_p2
1779294258.0,12,3,0.000000,s12_p3
1779294258.0,5,4,0.482621,s5_p4
1779294258.0,5,1,0.446425,s5_p1
1779294258.0,5,2,0.096524,s5_p2
1779294258.0,5,3,0.084459,s5_p3
1779294258.0,11,4,0.000000,s11_p4
1779294258.0,11,1,0.000000,s11_p1
1779294258.0,11,2,0.736410,s11_p2
1779294258.0,11,3,0.688121,s11_p3
1779294258.0,9,1,0.591519,s9_p1
1779294258.0,9,4,0.000000,s9_p4
1779294258.0,9,2,0.120718,s9_p2
1779294258.0,9,3,0.857098,s9_p3
1779294258.0,19,1,0.000000,s19_p1
1779294258.0,19,4,0.000000,s19_p4
1779294258.0,19,2,0.000000,s19_p2
1779294258.0,19,3,0.000000,s19_p3
1779294258.0,6,1,0.567494,s6_p1
1779294258.0,6,4,0.000000,s6_p4
1779294258.0,6,2,0.000000,s6_p2
1779294258.0,6,3,0.446751,s6_p3
1779294258.0,19,1,0.000000,s19_p1
1779294258.0,19,4,0.000000,s19_p4
1779294258.0,19,2,0.000000,s19_p2
1779294258.0,19,3,0.000000,s19_p3
1779294258.0,14,4,0.000000,s14_p4
1779294258.0,14,1,0.000000,s14_p1
1779294258.0,14,2,0.470980,s14_p2
1779294258.0,14,3,0.000000,s14_p3
1779294258.0,3,4,0.410207,s3_p4
1779294258.0,3,1,0.675635,s3_p1
1779294258.0,3,2,0.000000,s3_p2
1779294258.0,3,3,1.000000,s3_p3
1779294258.0,1,4,0.000000,s1_p4
1779294258.0,1,1,0.325781,s1_p1
1779294258.0,1,2,0.542968,s1_p2
1779294258.0,1,3,0.446440,s1_p3
1779294258.0,10,1,0.326013,s10_p1
1779294258.0,10,4,0.253566,s10_p4
1779294258.0,10,2,0.000000,s10_p2
1779294258.0,10,3,0.000000,s10_p3
1779294258.0,6,1,0.749601,s6_p1
1779294258.0,6,4,0.000000,s6_p4
1779294258.0,6,2,0.000000,s6_p2
1779294258.0,6,3,0.846323,s6_p3
1779294258.0,15,4,0.000000,s15_p4
1779294258.0,15,1,0.000000,s15_p1
1779294258.0,15,2,0.000000,s15_p2
1779294258.0,15,3,0.748051,s15_p3
1779294258.0,4,1,0.506601,s4_p1
1779294258.0,4,4,0.687530,s4_p4
1779294258.0,4,2,0.373920,s4_p2
1779294258.0,4,3,0.000000,s4_p3
1779294258.0,18,1,0.000000,s18_p1
1779294258.0,18,4,0.000000,s18_p4
1779294258.0,18,2,0.000000,s18_p2
1779294258.0,18,3,0.000000,s18_p3
1779294258.0,8,4,0.796735,s8_p4
1779294258.0,8,1,0.000000,s8_p1
1779294258.0,8,2,0.808807,s8_p2
1779294258.0,8,3,0.000000,s8_p3
1779294258.0,13,4,0.000000,s13_p4
1779294258.0,13,1,0.892553,s13_p1
1779294258.0,13,2,0.277415,s13_p2
1779294258.0,13,3,0.844307,s13_p3
1779294258.0,5,4,0.470832,s5_p4
1779294258.0,5,1,0.446687,s5_p1
1779294258.0,5,2,0.434615,s5_p2
1779294258.0,5,3,0.277670,s5_p3
1779294258.0,20,1,0.325898,s20_p1
1779294258.0,20,4,1.000000,s20_p4
1779294258.0,20,2,0.675938,s20_p2
1779294258.0,20,3,0.000000,s20_p3
1779294258.0,7,1,0.192964,s7_p1
1779294258.0,7,4,0.820098,s7_p4
1779294258.0,7,2,0.385928,s7_p2
1779294258.0,7,3,0.747736,s7_p3
1779294258.0,12,4,1.000000,s12_p4
1779294258.0,12,1,0.675953,s12_p1
1779294258.0,12,2,0.000000,s12_p2
1779294258.0,12,3,0.000000,s12_p3
1779294258.0,9,1,0.543177,s9_p1
1779294258.0,9,4,0.000000,s9_p4
1779294258.0,9,2,0.458683,s9_p2
1779294258.0,9,3,0.989790,s9_p3
1779294258.0,2,1,0.458382,s2_p1
1779294258.0,2,4,0.253317,s2_p4
1779294258.0,2,2,0.000000,s2_p2
1779294258.0,2,3,0.542821,s2_p3
1779294258.0,17,4,0.000000,s17_p4
1779294258.0,17,1,1.000000,s17_p1
1779294258.0,17,2,0.880435,s17_p2
1779294258.0,17,3,0.880435,s17_p3
1779294258.0,16,1,0.579021,s16_p1
1779294258.0,16,4,1.000000,s16_p4
1779294258.0,16,2,0.808217,s16_p2
1779294258.0,16,3,0.000000,s16_p3
1779294258.0,11,4,0.000000,s11_p4
1779294258.0,11,1,0.000000,s11_p1
1779294258.0,11,2,0.880945,s11_p2
1779294258.0,11,3,1.000000,s11_p3
1779294259.0,19,1,0.000000,s19_p1
1779294259.0,19,4,0.000000,s19_p4
1779294259.0,19,2,0.000000,s19_p2
1779294259.0,19,3,0.000000,s19_p3
1779294259.0,14,4,0.000000,s14_p4
1779294259.0,14,1,0.000000,s14_p1
1779294259.0,14,2,0.483176,s14_p2
1779294259.0,14,3,0.000000,s14_p3
1779294259.0,6,1,0.748997,s6_p1
1779294259.0,6,4,0.000000,s6_p4
1779294259.0,6,2,0.000000,s6_p2
1779294259.0,6,3,0.857722,s6_p3
1779294259.0,3,4,0.398558,s3_p4
1779294259.0,3,1,0.652185,s3_p1
1779294259.0,3,2,0.000000,s3_p2
1779294259.0,3,3,1.000000,s3_p3
1779294259.0,1,4,0.000000,s1_p4
1779294259.0,1,1,0.398567,s1_p1
1779294259.0,1,2,0.422722,s1_p2
1779294259.0,1,3,0.434800,s1_p3
1779294259.0,7,1,0.217508,s7_p1
1779294259.0,7,4,0.833782,s7_p4
1779294259.0,7,2,0.374597,s7_p2
1779294259.0,7,3,0.749195,s7_p3
1779294259.0,20,1,0.338306,s20_p1
1779294259.0,20,4,1.000000,s20_p4
1779294259.0,20,2,0.664530,s20_p2
1779294259.0,20,3,0.000000,s20_p3
1779294259.0,8,4,0.797251,s8_p4
1779294259.0,8,1,0.000000,s8_p1
1779294259.0,8,2,0.785171,s8_p2
1779294259.0,8,3,0.000000,s8_p3
1779294259.0,5,4,0.483237,s5_p4
1779294259.0,5,1,0.434913,s5_p1
1779294259.0,5,2,0.446994,s5_p2
1779294259.0,5,3,0.265780,s5_p3
1779294259.0,13,4,0.000000,s13_p4
1779294259.0,13,1,0.881858,s13_p1
1779294259.0,13,2,0.265765,s13_p2
1779294259.0,13,3,0.857697,s13_p3
1779294259.0,15,4,0.000000,s15_p4
1779294259.0,15,1,0.000000,s15_p1
1779294259.0,15,2,0.000000,s15_p2
1779294259.0,15,3,0.748758,s15_p3
1779294259.0,10,1,0.337891,s10_p1
1779294259.0,10,4,0.253418,s10_p4
1779294259.0,10,2,0.000000,s10_p2
1779294259.0,10,3,0.000000,s10_p3
1779294259.0,4,1,0.507235,s4_p1
1779294259.0,4,4,0.688390,s4_p4
1779294259.0,4,2,0.386465,s4_p2
1779294259.0,4,3,0.000000,s4_p3
1779294259.0,16,1,0.591921,s16_p1
1779294259.0,16,4,1.000000,s16_p4
1779294259.0,16,2,0.785201,s16_p2
1779294259.0,16,3,0.000000,s16_p3
1779294259.0,2,1,0.519373,s2_p1
1779294259.0,2,4,0.253647,s2_p4
1779294259.0,2,2,0.000000,s2_p2
1779294259.0,2,3,0.555609,s2_p3
1779294259.0,11,4,0.000000,s11_p4
1779294259.0,11,1,0.000000,s11_p1
1779294259.0,11,2,0.893839,s11_p2
1779294259.0,11,3,1.000000,s11_p3
1779294259.0,18,1,0.000000,s18_p1
1779294259.0,18,4,0.000000,s18_p4
1779294259.0,18,2,0.000000,s18_p2
1779294259.0,18,3,0.000000,s18_p3
1779294259.0,9,1,0.483051,s9_p1
1779294259.0,9,4,0.000000,s9_p4
1779294259.0,9,2,0.519280,s9_p2
1779294259.0,9,3,0.990255,s9_p3
1779294259.0,12,4,1.000000,s12_p4
1779294259.0,12,1,0.663889,s12_p1
1779294259.0,12,2,0.000000,s12_p2
1779294259.0,12,3,0.000000,s12_p3
1779294259.0,17,4,0.000000,s17_p4
1779294259.0,17,1,1.000000,s17_p1
1779294259.0,17,2,0.893734,s17_p2
1779294259.0,17,3,0.881656,s17_p3
1779294259.0,1,4,0.000000,s1_p4
1779294259.0,1,1,0.344921,s1_p1
1779294259.0,1,2,0.410589,s1_p2
1779294259.0,1,3,0.441066,s1_p3
1779294259.0,3,4,0.494799,s3_p4
1779294259.0,3,1,0.712029,s3_p1
1779294259.0,3,2,0.000000,s3_p2
1779294259.0,3,3,1.000000,s3_p3
1779294259.0,10,1,0.289870,s10_p1
1779294259.0,10,4,0.434805,s10_p4
1779294259.0,10,2,0.000000,s10_p2
1779294259.0,10,3,0.000000,s10_p3
1779294259.0,14,4,0.000000,s14_p4
1779294259.0,14,1,0.001356,s14_p1
1779294259.0,14,2,0.241242,s14_p2
1779294259.0,14,3,0.000000,s14_p3
1779294259.0,7,1,0.289634,s7_p1
1779294259.0,7,4,0.844910,s7_p4
1779294259.0,7,2,0.205157,s7_p2
1779294259.0,7,3,0.748221,s7_p3
1779294259.0,4,1,0.480207,s4_p1
1779294259.0,4,4,0.687981,s4_p4
1779294259.0,4,2,0.398305,s4_p2
1779294259.0,4,3,0.024427,s4_p3
1779294259.0,8,4,0.615454,s8_p4
1779294259.0,8,1,0.001357,s8_p1
1779294259.0,8,2,0.711995,s8_p2
1779294259.0,8,3,0.000000,s8_p3
1779294259.0,15,4,0.000000,s15_p4
1779294259.0,15,1,0.000000,s15_p1
1779294259.0,15,2,0.000000,s15_p2
1779294259.0,15,3,0.748218,s15_p3
1779294259.0,13,4,0.000000,s13_p4
1779294259.0,13,1,0.882485,s13_p1
1779294259.0,13,2,0.276332,s13_p2
1779294259.0,13,3,0.854328,s13_p3
1779294259.0,12,4,1.000000,s12_p4
1779294259.0,12,1,0.700265,s12_p1
1779294259.0,12,2,0.000000,s12_p2
1779294259.0,12,3,0.000000,s12_p3
1779294259.0,20,1,0.289451,s20_p1
1779294259.0,20,4,1.000000,s20_p4
1779294259.0,20,2,0.699506,s20_p2
1779294259.0,20,3,0.000000,s20_p3
1779294259.0,5,4,0.241215,s5_p4
1779294259.0,5,1,0.435766,s5_p1
1779294259.0,5,2,0.447603,s5_p2
1779294259.0,5,3,0.277540,s5_p3
1779294259.0,17,4,0.000000,s17_p4
1779294259.0,17,1,0.996489,s17_p1
1779294259.0,17,2,0.878492,s17_p2
1779294259.0,17,3,0.895095,s17_p3
1779294259.0,18,1,0.000000,s18_p1
1779294259.0,18,4,0.000000,s18_p4
1779294259.0,18,2,0.000000,s18_p2
1779294259.0,18,3,0.000000,s18_p3
1779294259.0,11,4,0.000000,s11_p4
1779294259.0,11,1,0.000000,s11_p1
1779294259.0,11,2,0.878064,s11_p2
1779294259.0,11,3,0.997504,s11_p3
1779294259.0,16,1,0.494511,s16_p1
1779294259.0,16,4,1.000000,s16_p4
1779294259.0,16,2,0.712970,s16_p2
1779294259.0,16,3,0.000000,s16_p3
1779294259.0,2,1,0.530718,s2_p1
1779294259.0,2,4,0.434224,s2_p4
1779294259.0,2,2,0.000000,s2_p2
1779294259.0,2,3,0.627212,s2_p3
1779294259.0,9,1,0.465051,s9_p1
1779294259.0,9,4,0.000000,s9_p4
1779294259.0,9,2,0.530630,s9_p2
1779294259.0,9,3,0.980000,s9_p3
1779294259.0,6,1,0.505383,s6_p1
1779294259.0,6,4,0.001353,s6_p4
1779294259.0,6,2,0.010823,s6_p2
1779294259.0,6,3,0.839726,s6_p3
1779294259.0,19,1,0.000000,s19_p1
1779294259.0,19,4,0.000000,s19_p4
1779294259.0,19,2,0.000000,s19_p2
1779294259.0,19,3,0.000000,s19_p3
1779294260.0,6,1,0.278340,s6_p1
1779294260.0,6,4,0.000000,s6_p4
1779294260.0,6,2,0.000000,s6_p2
1779294260.0,6,3,0.520375,s6_p3
1779294260.0,10,1,0.332025,s10_p1
1779294260.0,10,4,0.155816,s10_p4
1779294260.0,10,2,0.004069,s10_p2
1779294260.0,10,3,0.000000,s10_p3
1779294260.0,1,4,0.000000,s1_p4
1779294260.0,1,1,0.241052,s1_p1
1779294260.0,1,2,0.560733,s1_p2
1779294260.0,1,3,0.012196,s1_p3
1779294260.0,14,4,0.000000,s14_p4
1779294260.0,14,1,0.000000,s14_p1
1779294260.0,14,2,0.000000,s14_p2
1779294260.0,14,3,0.000000,s14_p3
1779294260.0,3,4,0.359127,s3_p4
1779294260.0,3,1,0.675336,s3_p1
1779294260.0,3,2,0.008134,s3_p2
1779294260.0,3,3,0.562517,s3_p3
1779294260.0,13,4,0.000000,s13_p4
1779294260.0,13,1,0.583882,s13_p1
1779294260.0,13,2,0.277506,s13_p2
1779294260.0,13,3,0.518815,s13_p3
1779294260.0,15,4,0.000000,s15_p4
1779294260.0,15,1,0.000000,s15_p1
1779294260.0,15,2,0.007899,s15_p2
1779294260.0,15,3,0.760014,s15_p3
1779294260.0,5,4,0.000000,s5_p4
1779294260.0,5,1,0.004740,s5_p1
1779294260.0,5,2,0.579161,s5_p2
1779294260.0,5,3,0.277515,s5_p3
1779294260.0,4,1,0.180858,s4_p1
1779294260.0,4,4,0.699316,s4_p4
1779294260.0,4,2,0.140523,s4_p2
1779294260.0,4,3,0.000000,s4_p3
1779294260.0,7,1,0.328656,s7_p1
1779294260.0,7,4,0.833185,s7_p4
1779294260.0,7,2,0.000000,s7_p2
1779294260.0,7,3,0.759497,s7_p3
1779294260.0,8,4,0.421991,s8_p4
1779294260.0,8,1,0.000000,s8_p1
1779294260.0,8,2,0.670794,s8_p2
1779294260.0,8,3,0.000000,s8_p3
1779294260.0,9,1,0.470318,s9_p1
1779294260.0,9,4,0.000000,s9_p4
1779294260.0,9,2,0.538751,s9_p2
1779294260.0,9,3,0.340966,s9_p3
1779294260.0,18,1,0.000000,s18_p1
1779294260.0,18,4,0.000000,s18_p4
1779294260.0,18,2,0.000000,s18_p2
1779294260.0,18,3,0.000000,s18_p3
1779294260.0,12,4,0.993918,s12_p4
1779294260.0,12,1,0.670546,s12_p1
1779294260.0,12,2,0.007886,s12_p2
1779294260.0,12,3,0.000000,s12_p3
1779294260.0,11,4,0.000000,s11_p4
1779294260.0,11,1,0.012196,s11_p1
1779294260.0,11,2,0.325424,s11_p2
1779294260.0,11,3,0.779266,s11_p3
1779294260.0,20,1,0.335561,s20_p1
1779294260.0,20,4,1.000000,s20_p4
1779294260.0,20,2,0.678435,s20_p2
1779294260.0,20,3,0.000000,s20_p3
1779294260.0,17,4,0.007888,s17_p4
1779294260.0,17,1,1.000000,s17_p1
1779294260.0,17,2,0.337457,s17_p2
1779294260.0,17,3,0.581408,s17_p3
1779294260.0,16,1,0.328575,s16_p1
1779294260.0,16,4,0.988452,s16_p4
1779294260.0,16,2,0.674942,s16_p2
1779294260.0,16,3,0.000000,s16_p3
1779294260.0,19,1,0.000000,s19_p1
1779294260.0,19,4,0.000000,s19_p4
1779294260.0,19,2,0.000000,s19_p2
1779294260.0,19,3,0.000000,s19_p3
1779294260.0,2,1,0.534225,s2_p1
1779294260.0,2,4,0.143585,s2_p4
1779294260.0,2,2,0.008128,s2_p2
1779294260.0,2,3,0.240982,s2_p3
1779294260.0,14,4,0.000000,s14_p4
1779294260.0,14,1,0.000000,s14_p1
1779294260.0,14,2,0.000000,s14_p2
1779294260.0,14,3,0.000000,s14_p3
1779294260.0,6,1,0.265240,s6_p1
1779294260.0,6,4,0.000000,s6_p4
1779294260.0,6,2,0.000000,s6_p2
1779294260.0,6,3,0.506367,s6_p3
1779294260.0,3,4,0.000000,s3_p4
1779294260.0,3,1,0.675337,s3_p1
1779294260.0,3,2,0.000000,s3_p2
1779294260.0,3,3,0.494443,s3_p3
1779294260.0,13,4,0.000000,s13_p4
1779294260.0,13,1,0.494555,s13_p1
1779294260.0,13,2,0.265371,s13_p2
1779294260.0,13,3,0.506617,s13_p3
1779294260.0,7,1,0.000000,s7_p1
1779294260.0,7,4,0.832761,s7_p4
1779294260.0,7,2,0.000000,s7_p2
1779294260.0,7,3,0.748278,s7_p3
1779294260.0,10,1,0.325449,s10_p1
1779294260.0,10,4,0.000000,s10_p4
1779294260.0,10,2,0.000000,s10_p2
1779294260.0,10,3,0.000000,s10_p3
1779294260.0,15,4,0.000000,s15_p4
1779294260.0,15,1,0.000000,s15_p1
1779294260.0,15,2,0.000000,s15_p2
1779294260.0,15,3,0.747875,s15_p3
1779294260.0,8,4,0.422289,s8_p4
1779294260.0,8,1,0.000000,s8_p1
1779294260.0,8,2,1.000000,s8_p2
1779294260.0,8,3,0.000000,s8_p3
1779294260.0,18,1,0.000000,s18_p1
1779294260.0,18,4,0.000000,s18_p4
1779294260.0,18,2,0.000000,s18_p2
1779294260.0,18,3,0.000000,s18_p3
1779294260.0,12,4,0.905923,s12_p4
1779294260.0,12,1,0.676422,s12_p1
1779294260.0,12,2,0.000000,s12_p2
1779294260.0,12,3,0.000000,s12_p3
1779294260.0,5,4,0.000000,s5_p4
1779294260.0,5,1,0.000000,s5_p1
1779294260.0,5,2,0.494377,s5_p2
1779294260.0,5,3,0.265276,s5_p3
1779294260.0,17,4,0.000000,s17_p4
1779294260.0,17,1,0.990535,s17_p1
1779294260.0,17,2,0.157036,s17_p2
1779294260.0,17,3,0.495268,s17_p3
1779294260.0,4,1,0.168813,s4_p1
1779294260.0,4,4,0.687311,s4_p4
1779294260.0,4,2,0.000000,s4_p2
1779294260.0,4,3,0.000000,s4_p3
1779294260.0,20,1,0.326112,s20_p1
1779294260.0,20,4,0.990415,s20_p4
1779294260.0,20,2,0.676381,s20_p2
1779294260.0,20,3,0.000000,s20_p3
1779294260.0,11,4,0.000000,s11_p4
1779294260.0,11,1,0.000000,s11_p1
1779294260.0,11,2,0.156962,s11_p2
1779294260.0,11,3,0.495035,s11_p3
1779294260.0,16,1,0.000000,s16_p1
1779294260.0,16,4,1.000000,s16_p4
1779294260.0,16,2,0.990073,s16_p2
1779294260.0,16,3,0.000000,s16_p3
1779294260.0,2,1,0.555563,s2_p1
1779294260.0,2,4,0.000000,s2_p4
1779294260.0,2,2,0.000000,s2_p2
1779294260.0,2,3,0.157007,s2_p3
1779294260.0,9,1,0.434499,s9_p1
1779294260.0,9,4,0.000000,s9_p4
1779294260.0,9,2,0.567262,s9_p2
1779294260.0,9,3,0.156902,s9_p3
1779294260.0,1,4,0.000000,s1_p4
1779294260.0,1,1,0.433268,s1_p1
1779294260.0,1,2,0.324951,s1_p2
1779294260.0,1,3,0.000000,s1_p3
1779294260.0,19,1,0.000000,s19_p1
1779294260.0,19,4,0.000000,s19_p4
1779294260.0,19,2,0.000000,s19_p2
1779294260.0,19,3,0.000000,s19_p3
1779294261.0,6,1,0.265788,s6_p1
1779294261.0,6,4,0.000000,s6_p4
1779294261.0,6,2,0.000000,s6_p2
1779294261.0,6,3,0.507414,s6_p3
1779294261.0,10,1,0.289972,s10_p1
1779294261.0,10,4,0.000000,s10_p4
1779294261.0,10,2,0.000000,s10_p2
1779294261.0,10,3,0.000000,s10_p3
1779294261.0,14,4,0.000000,s14_p4
1779294261.0,14,1,0.000000,s14_p1
1779294261.0,14,2,0.000000,s14_p2
1779294261.0,14,3,0.000000,s14_p3
1779294261.0,1,4,0.000000,s1_p4
1779294261.0,1,1,0.435562,s1_p1
1779294261.0,1,2,0.290374,s1_p2
1779294261.0,1,3,0.000000,s1_p3
1779294261.0,3,4,0.000000,s3_p4
1779294261.0,3,1,0.712538,s3_p1
1779294261.0,3,2,0.000000,s3_p2
1779294261.0,3,3,0.483077,s3_p3
1779294261.0,13,4,0.000000,s13_p4
1779294261.0,13,1,0.482763,s13_p1
1779294261.0,13,2,0.265520,s13_p2
1779294261.0,13,3,0.518970,s13_p3
1779294261.0,8,4,0.410566,s8_p4
1779294261.0,8,1,0.000000,s8_p1
1779294261.0,8,2,0.917737,s8_p2
1779294261.0,8,3,0.000000,s8_p3
1779294261.0,7,1,0.000000,s7_p1
1779294261.0,7,4,0.820529,s7_p4
1779294261.0,7,2,0.000000,s7_p2
1779294261.0,7,3,0.748129,s7_p3
1779294261.0,4,1,0.169074,s4_p1
1779294261.0,4,4,0.688373,s4_p4
1779294261.0,4,2,0.000000,s4_p2
1779294261.0,4,3,0.000000,s4_p3
1779294261.0,20,1,0.289814,s20_p1
1779294261.0,20,4,0.917745,s20_p4
1779294261.0,20,2,0.712460,s20_p2
1779294261.0,20,3,0.000000,s20_p3
1779294261.0,5,4,0.000000,s5_p4
1779294261.0,5,1,0.000000,s5_p1
1779294261.0,5,2,0.482960,s5_p2
1779294261.0,5,3,0.265628,s5_p3
1779294261.0,15,4,0.000000,s15_p4
1779294261.0,15,1,0.000000,s15_p1
1779294261.0,15,2,0.000000,s15_p2
1779294261.0,15,3,0.747981,s15_p3
1779294261.0,18,1,0.000000,s18_p1
1779294261.0,18,4,0.000000,s18_p4
1779294261.0,18,2,0.000000,s18_p2
1779294261.0,18,3,0.000000,s18_p3
1779294261.0,16,1,0.000000,s16_p1
1779294261.0,16,4,1.000000,s16_p4
1779294261.0,16,2,0.917473,s16_p2
1779294261.0,16,3,0.000000,s16_p3
1779294261.0,17,4,0.000000,s17_p4
1779294261.0,17,1,1.000000,s17_p1
1779294261.0,17,2,0.168918,s17_p2
1779294261.0,17,3,0.482623,s17_p3
1779294261.0,2,1,0.567374,s2_p1
1779294261.0,2,4,0.000000,s2_p4
1779294261.0,2,2,0.000000,s2_p2
1779294261.0,2,3,0.169005,s2_p3
1779294261.0,11,4,0.000000,s11_p4
1779294261.0,11,1,0.000000,s11_p1
1779294261.0,11,2,0.168977,s11_p2
1779294261.0,11,3,0.482791,s11_p3
1779294261.0,9,1,0.434586,s9_p1
1779294261.0,9,4,0.000000,s9_p4
1779294261.0,9,2,0.555304,s9_p2
1779294261.0,9,3,0.169006,s9_p3
1779294261.0,12,4,0.687624,s12_p4
1779294261.0,12,1,0.711751,s12_p1
1779294261.0,12,2,0.000000,s12_p2
1779294261.0,12,3,0.000000,s12_p3
1779294261.0,19,1,0.000000,s19_p1
1779294261.0,19,4,0.000000,s19_p4
1779294261.0,19,2,0.000000,s19_p2
1779294261.0,19,3,0.000000,s19_p3
1779294261.0,6,1,0.277489,s6_p1
1779294261.0,6,4,0.000000,s6_p4
1779294261.0,6,2,0.000000,s6_p2
1779294261.0,6,3,0.518783,s6_p3
1779294261.0,10,1,0.313632,s10_p1
1779294261.0,10,4,0.000000,s10_p4
1779294261.0,10,2,0.000000,s10_p2
1779294261.0,10,3,0.000000,s10_p3
1779294261.0,13,4,0.000000,s13_p4
1779294261.0,13,1,0.482943,s13_p1
1779294261.0,13,2,0.277692,s13_p2
1779294261.0,13,3,0.507090,s13_p3
1779294261.0,1,4,0.000000,s1_p4
1779294261.0,1,1,0.458412,s1_p1
1779294261.0,1,2,0.313650,s1_p2
1779294261.0,1,3,0.000000,s1_p3
1779294261.0,8,4,0.422607,s8_p4
1779294261.0,8,1,0.000000,s8_p1
1779294261.0,8,2,0.688246,s8_p2
1779294261.0,8,3,0.000000,s8_p3
1779294261.0,4,1,0.168937,s4_p1
1779294261.0,4,4,0.687815,s4_p4
1779294261.0,4,2,0.000000,s4_p2
1779294261.0,4,3,0.000000,s4_p3
1779294261.0,18,1,0.000000,s18_p1
1779294261.0,18,4,0.000000,s18_p4
1779294261.0,18,2,0.000000,s18_p2
1779294261.0,18,3,0.000000,s18_p3
1779294261.0,5,4,0.000000,s5_p4
1779294261.0,5,1,0.000000,s5_p1
1779294261.0,5,2,0.482694,s5_p2
1779294261.0,5,3,0.277549,s5_p3
1779294261.0,2,1,0.543420,s2_p1
1779294261.0,2,4,0.000000,s2_p4
1779294261.0,2,2,0.000000,s2_p2
1779294261.0,2,3,0.169064,s2_p3
1779294261.0,12,4,0.688379,s12_p4
1779294261.0,12,1,0.688379,s12_p1
1779294261.0,12,2,0.000000,s12_p2
1779294261.0,12,3,0.000000,s12_p3
1779294261.0,17,4,0.000000,s17_p4
1779294261.0,17,1,1.000000,s17_p1
1779294261.0,17,2,0.169044,s17_p2
1779294261.0,17,3,0.482981,s17_p3
1779294261.0,20,1,0.313690,s20_p1
1779294261.0,20,4,0.687706,s20_p4
1779294261.0,20,2,0.687706,s20_p2
1779294261.0,20,3,0.000000,s20_p3
1779294261.0,7,1,0.000000,s7_p1
1779294261.0,7,4,0.832314,s7_p4
1779294261.0,7,2,0.000000,s7_p2
1779294261.0,7,3,0.747876,s7_p3
1779294261.0,3,4,0.000000,s3_p4
1779294261.0,3,1,0.686515,s3_p1
1779294261.0,3,2,0.000000,s3_p2
1779294261.0,3,3,0.481765,s3_p3
1779294261.0,9,1,0.458533,s9_p1
1779294261.0,9,4,0.000000,s9_p4
1779294261.0,9,2,0.543000,s9_p2
1779294261.0,9,3,0.168933,s9_p3
1779294261.0,11,4,0.000000,s11_p4
1779294261.0,11,1,0.000000,s11_p1
1779294261.0,11,2,0.168925,s11_p2
1779294261.0,11,3,0.482642,s11_p3
1779294261.0,16,1,0.000000,s16_p1
1779294261.0,16,4,1.000000,s16_p4
1779294261.0,16,2,0.687673,s16_p2
1779294261.0,16,3,0.000000,s16_p3
1779294261.0,19,1,0.000000,s19_p1
1779294261.0,19,4,0.000000,s19_p4
1779294261.0,19,2,0.000000,s19_p2
1779294261.0,19,3,0.000000,s19_p3
1779294261.0,14,4,0.000000,s14_p4
1779294261.0,14,1,0.000000,s14_p1
1779294261.0,14,2,0.000000,s14_p2
1779294261.0,14,3,0.000000,s14_p3
1779294261.0,15,4,0.000000,s15_p4
1779294261.0,15,1,0.000000,s15_p1
1779294261.0,15,2,0.000000,s15_p2
1779294261.0,15,3,0.747357,s15_p3
1779294262.0,19,1,0.000000,s19_p1
1779294262.0,19,4,0.000000,s19_p4
1779294262.0,19,2,0.000000,s19_p2
1779294262.0,19,3,0.000000,s19_p3
1779294262.0,6,1,0.265450,s6_p1
1779294262.0,6,4,0.000000,s6_p4
1779294262.0,6,2,0.000000,s6_p2
1779294262.0,6,3,0.506768,s6_p3
1779294262.0,3,4,0.000000,s3_p4
1779294262.0,3,1,0.677265,s3_p1
1779294262.0,3,2,0.000000,s3_p2
1779294262.0,3,3,0.483760,s3_p3
1779294262.0,14,4,0.000000,s14_p4
1779294262.0,14,1,0.000000,s14_p1
1779294262.0,14,2,0.000000,s14_p2
1779294262.0,14,3,0.000000,s14_p3
1779294262.0,1,4,0.000000,s1_p4
1779294262.0,1,1,0.386305,s1_p1
1779294262.0,1,2,0.325945,s1_p2
1779294262.0,1,3,0.000000,s1_p3
1779294262.0,15,4,0.000000,s15_p4
1779294262.0,15,1,0.000000,s15_p1
1779294262.0,15,2,0.000000,s15_p2
1779294262.0,15,3,0.749533,s15_p3
1779294262.0,13,4,0.000000,s13_p4
1779294262.0,13,1,0.482515,s13_p1
1779294262.0,13,2,0.265383,s13_p2
1779294262.0,13,3,0.506641,s13_p3
1779294262.0,10,1,0.325644,s10_p1
1779294262.0,10,4,0.000000,s10_p4
1779294262.0,10,2,0.000000,s10_p2
1779294262.0,10,3,0.000000,s10_p3
1779294262.0,4,1,0.169002,s4_p1
1779294262.0,4,4,0.688080,s4_p4
1779294262.0,4,2,0.000000,s4_p2
1779294262.0,4,3,0.000000,s4_p3
1779294262.0,8,4,0.410120,s8_p4
1779294262.0,8,1,0.000000,s8_p1
1779294262.0,8,2,0.687554,s8_p2
1779294262.0,8,3,0.000000,s8_p3
1779294262.0,17,4,0.000000,s17_p4
1779294262.0,17,1,1.000000,s17_p1
1779294262.0,17,2,0.168924,s17_p2
1779294262.0,17,3,0.482639,s17_p3
1779294262.0,12,4,0.687650,s12_p4
1779294262.0,12,1,0.675586,s12_p1
1779294262.0,12,2,0.000000,s12_p2
1779294262.0,12,3,0.000000,s12_p3
1779294262.0,18,1,0.000000,s18_p1
1779294262.0,18,4,0.000000,s18_p4
1779294262.0,18,2,0.000000,s18_p2
1779294262.0,18,3,0.000000,s18_p3
1779294262.0,20,1,0.325745,s20_p1
1779294262.0,20,4,0.687683,s20_p4
1779294262.0,20,2,0.675619,s20_p2
1779294262.0,20,3,0.000000,s20_p3
1779294262.0,16,1,0.000000,s16_p1
1779294262.0,16,4,1.000000,s16_p4
1779294262.0,16,2,0.688193,s16_p2
1779294262.0,16,3,0.000000,s16_p3
1779294262.0,7,1,0.000000,s7_p1
1779294262.0,7,4,0.832449,s7_p4
1779294262.0,7,2,0.000000,s7_p2
1779294262.0,7,3,0.747998,s7_p3
1779294262.0,5,4,0.000000,s5_p4
1779294262.0,5,1,0.000000,s5_p1
1779294262.0,5,2,0.482457,s5_p2
1779294262.0,5,3,0.265351,s5_p3
1779294262.0,11,4,0.000000,s11_p4
1779294262.0,11,1,0.000000,s11_p1
1779294262.0,11,2,0.168999,s11_p2
1779294262.0,11,3,0.482855,s11_p3
1779294262.0,2,1,0.615089,s2_p1
1779294262.0,2,4,0.000000,s2_p4
1779294262.0,2,2,0.000000,s2_p2
1779294262.0,2,3,0.168848,s2_p3
1779294262.0,9,1,0.386175,s9_p1
1779294262.0,9,4,0.000000,s9_p4
1779294262.0,9,2,0.615466,s9_p2
1779294262.0,9,3,0.168951,s9_p3
1779294262.0,19,1,0.000000,s19_p1
1779294262.0,19,4,0.000000,s19_p4
1779294262.0,19,2,0.000000,s19_p2
1779294262.0,19,3,0.000000,s19_p3
1779294262.0,14,4,0.000000,s14_p4
1779294262.0,14,1,0.000000,s14_p1
1779294262.0,14,2,0.000000,s14_p2
1779294262.0,14,3,0.000000,s14_p3
1779294262.0,6,1,0.265394,s6_p1
1779294262.0,6,4,0.000000,s6_p4
1779294262.0,6,2,0.000000,s6_p2
1779294262.0,6,3,0.518724,s6_p3
1779294262.0,1,4,0.000000,s1_p4
1779294262.0,1,1,0.398281,s1_p1
1779294262.0,1,2,0.301728,s1_p2
1779294262.0,1,3,0.000000,s1_p3
1779294262.0,15,4,0.000000,s15_p4
1779294262.0,15,1,0.000000,s15_p1
1779294262.0,15,2,0.000000,s15_p2
1779294262.0,15,3,0.748377,s15_p3
1779294262.0,8,4,0.410458,s8_p4
1779294262.0,8,1,0.000000,s8_p1
1779294262.0,8,2,0.700194,s8_p2
1779294262.0,8,3,0.000000,s8_p3
1779294262.0,3,4,0.000000,s3_p4
1779294262.0,3,1,0.699471,s3_p1
1779294262.0,3,2,0.000000,s3_p2
1779294262.0,3,3,0.482394,s3_p3
1779294262.0,10,1,0.301744,s10_p1
1779294262.0,10,4,0.000000,s10_p4
1779294262.0,10,2,0.000000,s10_p2
1779294262.0,10,3,0.000000,s10_p3
1779294262.0,5,4,0.000000,s5_p4
1779294262.0,5,1,0.000000,s5_p1
1779294262.0,5,2,0.495100,s5_p2
1779294262.0,5,3,0.265663,s5_p3
1779294262.0,4,1,0.168881,s4_p1
1779294262.0,4,4,0.699651,s4_p4
1779294262.0,4,2,0.000000,s4_p2
1779294262.0,4,3,0.000000,s4_p3
1779294262.0,7,1,0.000000,s7_p1
1779294262.0,7,4,0.833085,s7_p4
1779294262.0,7,2,0.000000,s7_p2
1779294262.0,7,3,0.748569,s7_p3
1779294262.0,13,4,0.000000,s13_p4
1779294262.0,13,1,0.482444,s13_p1
1779294262.0,13,2,0.265344,s13_p2
1779294262.0,13,3,0.518628,s13_p3
1779294262.0,12,4,0.699773,s12_p4
1779294262.0,12,1,0.699773,s12_p1
1779294262.0,12,2,0.000000,s12_p2
1779294262.0,12,3,0.000000,s12_p3
1779294262.0,2,1,0.603369,s2_p1
1779294262.0,2,4,0.000000,s2_p4
1779294262.0,2,2,0.000000,s2_p2
1779294262.0,2,3,0.168943,s2_p3
1779294262.0,18,1,0.000000,s18_p1
1779294262.0,18,4,0.000000,s18_p4
1779294262.0,18,2,0.000000,s18_p2
1779294262.0,18,3,0.000000,s18_p3
1779294262.0,17,4,0.000000,s17_p4
1779294262.0,17,1,1.000000,s17_p1
1779294262.0,17,2,0.168875,s17_p2
1779294262.0,17,3,0.494562,s17_p3
1779294262.0,20,1,0.301600,s20_p1
1779294262.0,20,4,0.699712,s20_p4
1779294262.0,20,2,0.699712,s20_p2
1779294262.0,20,3,0.000000,s20_p3
1779294262.0,16,1,0.000000,s16_p1
1779294262.0,16,4,1.000000,s16_p4
1779294262.0,16,2,0.699495,s16_p2
1779294262.0,16,3,0.000000,s16_p3
1779294262.0,9,1,0.398116,s9_p1
1779294262.0,9,4,0.000000,s9_p4
1779294262.0,9,2,0.603206,s9_p2
1779294262.0,9,3,0.168898,s9_p3
1779294262.0,11,4,0.000000,s11_p4
1779294262.0,11,1,0.000000,s11_p1
1779294262.0,11,2,0.168850,s11_p2
1779294262.0,11,3,0.494491,s11_p3
1779294263.0,6,1,0.277448,s6_p1
1779294263.0,6,4,0.000000,s6_p4
1779294263.0,6,2,0.000000,s6_p2
1779294263.0,6,3,0.506645,s6_p3
1779294263.0,19,1,0.000000,s19_p1
1779294263.0,19,4,0.000000,s19_p4
1779294263.0,19,2,0.000000,s19_p2
1779294263.0,19,3,0.000000,s19_p3
1779294263.0,1,4,0.000000,s1_p4
1779294263.0,1,1,0.409901,s1_p1
1779294263.0,1,2,0.313454,s1_p2
1779294263.0,1,3,0.000000,s1_p3
1779294263.0,14,4,0.000000,s14_p4
1779294263.0,14,1,0.000000,s14_p1
1779294263.0,14,2,0.000000,s14_p2
1779294263.0,14,3,0.000000,s14_p3
1779294263.0,3,4,0.000000,s3_p4
1779294263.0,3,1,0.687453,s3_p1
1779294263.0,3,2,0.000000,s3_p2
1779294263.0,3,3,0.494484,s3_p3
1779294263.0,10,1,0.313450,s10_p1
1779294263.0,10,4,0.000000,s10_p4
1779294263.0,10,2,0.000000,s10_p2
1779294263.0,10,3,0.000000,s10_p3
1779294263.0,15,4,0.000000,s15_p4
1779294263.0,15,1,0.000000,s15_p1
1779294263.0,15,2,0.000000,s15_p2
1779294263.0,15,3,0.747253,s15_p3
1779294263.0,4,1,0.168868,s4_p1
1779294263.0,4,4,0.687535,s4_p4
1779294263.0,4,2,0.000000,s4_p2
1779294263.0,4,3,0.000000,s4_p3
1779294263.0,8,4,0.421852,s8_p4
1779294263.0,8,1,0.000000,s8_p1
1779294263.0,8,2,0.687016,s8_p2
1779294263.0,8,3,0.000000,s8_p3
1779294263.0,13,4,0.000000,s13_p4
1779294263.0,13,1,0.494492,s13_p1
1779294263.0,13,2,0.277398,s13_p2
1779294263.0,13,3,0.506553,s13_p3
1779294263.0,18,1,0.000000,s18_p1
1779294263.0,18,4,0.000000,s18_p4
1779294263.0,18,2,0.000000,s18_p2
1779294263.0,18,3,0.000000,s18_p3
1779294263.0,7,1,0.000000,s7_p1
1779294263.0,7,4,0.831463,s7_p4
1779294263.0,7,2,0.000000,s7_p2
1779294263.0,7,3,0.747111,s7_p3
1779294263.0,5,4,0.000000,s5_p4
1779294263.0,5,1,0.000000,s5_p1
1779294263.0,5,2,0.481939,s5_p2
1779294263.0,5,3,0.277115,s5_p3
1779294263.0,12,4,0.687237,s12_p4
1779294263.0,12,1,0.687237,s12_p1
1779294263.0,12,2,0.000000,s12_p2
1779294263.0,12,3,0.000000,s12_p3
1779294263.0,2,1,0.590813,s2_p1
1779294263.0,2,4,0.000000,s2_p4
1779294263.0,2,2,0.000000,s2_p2
1779294263.0,2,3,0.168804,s2_p3
1779294263.0,17,4,0.000000,s17_p4
1779294263.0,17,1,1.000000,s17_p1
1779294263.0,17,2,0.168804,s17_p2
1779294263.0,17,3,0.482298,s17_p3
1779294263.0,20,1,0.313486,s20_p1
1779294263.0,20,4,0.687258,s20_p4
1779294263.0,20,2,0.687258,s20_p2
1779294263.0,20,3,0.000000,s20_p3
1779294263.0,9,1,0.409975,s9_p1
1779294263.0,9,4,0.000000,s9_p4
1779294263.0,9,2,0.590846,s9_p2
1779294263.0,9,3,0.168813,s9_p3
1779294263.0,16,1,0.000000,s16_p1
1779294263.0,16,4,1.000000,s16_p4
1779294263.0,16,2,0.687227,s16_p2
1779294263.0,16,3,0.000000,s16_p3
1779294263.0,11,4,0.000000,s11_p4
1779294263.0,11,1,0.000000,s11_p1
1779294263.0,11,2,0.168802,s11_p2
1779294263.0,11,3,0.482293,s11_p3
1779294263.0,6,1,0.265324,s6_p1
1779294263.0,6,4,0.000000,s6_p4
1779294263.0,6,2,0.000000,s6_p2
1779294263.0,6,3,0.518587,s6_p3
1779294263.0,19,1,0.000000,s19_p1
1779294263.0,19,4,0.000000,s19_p4
1779294263.0,19,2,0.000000,s19_p2
1779294263.0,19,3,0.000000,s19_p3
1779294263.0,3,4,0.000000,s3_p4
1779294263.0,3,1,0.699296,s3_p1
1779294263.0,3,2,0.000000,s3_p2
1779294263.0,3,3,0.482273,s3_p3
1779294263.0,14,4,0.000000,s14_p4
1779294263.0,14,1,0.000000,s14_p1
1779294263.0,14,2,0.000000,s14_p2
1779294263.0,14,3,0.000000,s14_p3
1779294263.0,10,1,0.289427,s10_p1
1779294263.0,10,4,0.000000,s10_p4
1779294263.0,10,2,0.000000,s10_p2
1779294263.0,10,3,0.000000,s10_p3
1779294263.0,1,4,0.000000,s1_p4
1779294263.0,1,1,0.409728,s1_p1
1779294263.0,1,2,0.289220,s1_p2
1779294263.0,1,3,0.000000,s1_p3
1779294263.0,7,1,0.000000,s7_p1
1779294263.0,7,4,0.832104,s7_p4
1779294263.0,7,2,0.000000,s7_p2
1779294263.0,7,3,0.759748,s7_p3
1779294263.0,13,4,0.000000,s13_p4
1779294263.0,13,1,0.481921,s13_p1
1779294263.0,13,2,0.265057,s13_p2
1779294263.0,13,3,0.518066,s13_p3
1779294263.0,8,4,0.409561,s8_p4
1779294263.0,8,1,0.000000,s8_p1
1779294263.0,8,2,0.686617,s8_p2
1779294263.0,8,3,0.000000,s8_p3
1779294263.0,4,1,0.156589,s4_p1
1779294263.0,4,4,0.686582,s4_p4
1779294263.0,4,2,0.000000,s4_p2
1779294263.0,4,3,0.000000,s4_p3
1779294263.0,15,4,0.000000,s15_p4
1779294263.0,15,1,0.000000,s15_p1
1779294263.0,15,2,0.000000,s15_p2
1779294263.0,15,3,0.746770,s15_p3
1779294263.0,16,1,0.000000,s16_p1
1779294263.0,16,4,1.000000,s16_p4
1779294263.0,16,2,0.687189,s16_p2
1779294263.0,16,3,0.000000,s16_p3
1779294263.0,18,1,0.000000,s18_p1
1779294263.0,18,4,0.000000,s18_p4
1779294263.0,18,2,0.000000,s18_p2
1779294263.0,18,3,0.000000,s18_p3
1779294263.0,9,1,0.409796,s9_p1
1779294263.0,9,4,0.000000,s9_p4
1779294263.0,9,2,0.590588,s9_p2
1779294263.0,9,3,0.168739,s9_p3
1779294263.0,5,4,0.000000,s5_p4
1779294263.0,5,1,0.000000,s5_p1
1779294263.0,5,2,0.481881,s5_p2
1779294263.0,5,3,0.265034,s5_p3
1779294263.0,12,4,0.686663,s12_p4
1779294263.0,12,1,0.710757,s12_p1
1779294263.0,12,2,0.000000,s12_p2
1779294263.0,12,3,0.000000,s12_p3
1779294263.0,20,1,0.289144,s20_p1
1779294263.0,20,4,0.686717,s20_p4
1779294263.0,20,2,0.710812,s20_p2
1779294263.0,20,3,0.000000,s20_p3
1779294263.0,2,1,0.590266,s2_p1
1779294263.0,2,4,0.000000,s2_p4
1779294263.0,2,2,0.000000,s2_p2
1779294263.0,2,3,0.168648,s2_p3
1779294263.0,11,4,0.000000,s11_p4
1779294263.0,11,1,0.000000,s11_p1
1779294263.0,11,2,0.168730,s11_p2
1779294263.0,11,3,0.482085,s11_p3
1779294263.0,17,4,0.000000,s17_p4
1779294263.0,17,1,0.999808,s17_p1
1779294263.0,17,2,0.168642,s17_p2
1779294263.0,17,3,0.481835,s17_p3
1779294264.0,1,4,0.000000,s1_p4
1779294264.0,1,1,0.423675,s1_p1
1779294264.0,1,2,0.326835,s1_p2
1779294264.0,1,3,0.000000,s1_p3
1779294264.0,19,1,0.000000,s19_p1
1779294264.0,19,4,0.000000,s19_p4
1779294264.0,19,2,0.000000,s19_p2
1779294264.0,19,3,0.000000,s19_p3
1779294264.0,3,4,0.000000,s3_p4
1779294264.0,3,1,0.677252,s3_p1
1779294264.0,3,2,0.000000,s3_p2
1779294264.0,3,3,0.483751,s3_p3
1779294264.0,10,1,0.326581,s10_p1
1779294264.0,10,4,0.000000,s10_p4
1779294264.0,10,2,0.000000,s10_p2
1779294264.0,10,3,0.000000,s10_p3
1779294264.0,14,4,0.000000,s14_p4
1779294264.0,14,1,0.000000,s14_p1
1779294264.0,14,2,0.000000,s14_p2
1779294264.0,14,3,0.000000,s14_p3
1779294264.0,6,1,0.265728,s6_p1
1779294264.0,6,4,0.000000,s6_p4
1779294264.0,6,2,0.000000,s6_p2
1779294264.0,6,3,0.507299,s6_p3
1779294264.0,15,4,0.000000,s15_p4
1779294264.0,15,1,0.000000,s15_p1
1779294264.0,15,2,0.000000,s15_p2
1779294264.0,15,3,0.750588,s15_p3
1779294264.0,7,1,0.000000,s7_p1
1779294264.0,7,4,0.823017,s7_p4
1779294264.0,7,2,0.000000,s7_p2
1779294264.0,7,3,0.750398,s7_p3
1779294264.0,13,4,0.000000,s13_p4
1779294264.0,13,1,0.484157,s13_p1
1779294264.0,13,2,0.266286,s13_p2
1779294264.0,13,3,0.508365,s13_p3
1779294264.0,18,1,0.000000,s18_p1
1779294264.0,18,4,0.000000,s18_p4
1779294264.0,18,2,0.000000,s18_p2
1779294264.0,18,3,0.000000,s18_p3
1779294264.0,20,1,0.326824,s20_p1
1779294264.0,20,4,0.689963,s20_p4
1779294264.0,20,2,0.665753,s20_p2
1779294264.0,20,3,0.000000,s20_p3
1779294264.0,12,4,0.689917,s12_p4
1779294264.0,12,1,0.665710,s12_p1
1779294264.0,12,2,0.000000,s12_p2
1779294264.0,12,3,0.000000,s12_p3
1779294264.0,8,4,0.423211,s8_p4
1779294264.0,8,1,0.000000,s8_p1
1779294264.0,8,2,0.689230,s8_p2
1779294264.0,8,3,0.000000,s8_p3
1779294264.0,4,1,0.169282,s4_p1
1779294264.0,4,4,0.689218,s4_p4
1779294264.0,4,2,0.000000,s4_p2
1779294264.0,4,3,0.000000,s4_p3
1779294264.0,5,4,0.000000,s5_p4
1779294264.0,5,1,0.000000,s5_p1
1779294264.0,5,2,0.484085,s5_p2
1779294264.0,5,3,0.266247,s5_p3
1779294264.0,16,1,0.000000,s16_p1
1779294264.0,16,4,0.991657,s16_p4
1779294264.0,16,2,0.689323,s16_p2
1779294264.0,16,3,0.000000,s16_p3
1779294264.0,9,1,0.423322,s9_p1
1779294264.0,9,4,0.000000,s9_p4
1779294264.0,9,2,0.580557,s9_p2
1779294264.0,9,3,0.157234,s9_p3
1779294264.0,2,1,0.568517,s2_p1
1779294264.0,2,4,0.000000,s2_p4
1779294264.0,2,2,0.000000,s2_p2
1779294264.0,2,3,0.157249,s2_p3
1779294264.0,17,4,0.000000,s17_p4
1779294264.0,17,1,0.991937,s17_p1
1779294264.0,17,2,0.157258,s17_p2
1779294264.0,17,3,0.483872,s17_p3
1779294264.0,11,4,0.000000,s11_p4
1779294264.0,11,1,0.000000,s11_p1
1779294264.0,11,2,0.157246,s11_p2
1779294264.0,11,3,0.483834,s11_p3
1779294264.0,1,4,0.000000,s1_p4
1779294264.0,1,1,0.459575,s1_p1
1779294264.0,1,2,0.326540,s1_p2
1779294264.0,1,3,0.000000,s1_p3
1779294264.0,6,1,0.278320,s6_p1
1779294264.0,6,4,0.000000,s6_p4
1779294264.0,6,2,0.000000,s6_p2
1779294264.0,6,3,0.520337,s6_p3
1779294264.0,14,4,0.000000,s14_p4
1779294264.0,14,1,0.000000,s14_p1
1779294264.0,14,2,0.000000,s14_p2
1779294264.0,14,3,0.000000,s14_p3
1779294264.0,15,4,0.000000,s15_p4
1779294264.0,15,1,0.000000,s15_p1
1779294264.0,15,2,0.000000,s15_p2
1779294264.0,15,3,0.749447,s15_p3
1779294264.0,8,4,0.411445,s8_p4
1779294264.0,8,1,0.000000,s8_p1
1779294264.0,8,2,0.689776,s8_p2
1779294264.0,8,3,0.000000,s8_p3
1779294264.0,3,4,0.000000,s3_p4
1779294264.0,3,1,0.676520,s3_p1
1779294264.0,3,2,0.000000,s3_p2
1779294264.0,3,3,0.483229,s3_p3
1779294264.0,13,4,0.000000,s13_p4
1779294264.0,13,1,0.483521,s13_p1
1779294264.0,13,2,0.278025,s13_p2
1779294264.0,13,3,0.519785,s13_p3
1779294264.0,10,1,0.326196,s10_p1
1779294264.0,10,4,0.000000,s10_p4
1779294264.0,10,2,0.000000,s10_p2
1779294264.0,10,3,0.000000,s10_p3
1779294264.0,7,1,0.000000,s7_p1
1779294264.0,7,4,0.834010,s7_p4
1779294264.0,7,2,0.000000,s7_p2
1779294264.0,7,3,0.737313,s7_p3
1779294264.0,5,4,0.000000,s5_p4
1779294264.0,5,1,0.000000,s5_p1
1779294264.0,5,2,0.484022,s5_p2
1779294264.0,5,3,0.278313,s5_p3
1779294264.0,20,1,0.326647,s20_p1
1779294264.0,20,4,0.689587,s20_p4
1779294264.0,20,2,0.677489,s20_p2
1779294264.0,20,3,0.000000,s20_p3
1779294264.0,4,1,0.169383,s4_p1
1779294264.0,4,4,0.689632,s4_p4
1779294264.0,4,2,0.000000,s4_p2
1779294264.0,4,3,0.000000,s4_p3
1779294264.0,11,4,0.000000,s11_p4
1779294264.0,11,1,0.000000,s11_p1
1779294264.0,11,2,0.169389,s11_p2
1779294264.0,11,3,0.483969,s11_p3
1779294264.0,12,4,0.689088,s12_p4
1779294264.0,12,1,0.676998,s12_p1
1779294264.0,12,2,0.000000,s12_p2
1779294264.0,12,3,0.000000,s12_p3
1779294264.0,16,1,0.000000,s16_p1
1779294264.0,16,4,1.000000,s16_p4
1779294264.0,16,2,0.689473,s16_p2
1779294264.0,16,3,0.000000,s16_p3
1779294264.0,18,1,0.000000,s18_p1
1779294264.0,18,4,0.000000,s18_p4
1779294264.0,18,2,0.000000,s18_p2
1779294264.0,18,3,0.000000,s18_p3
1779294264.0,17,4,0.000000,s17_p4
1779294264.0,17,1,1.000000,s17_p1
1779294264.0,17,2,0.169352,s17_p2
1779294264.0,17,3,0.483864,s17_p3
1779294264.0,9,1,0.459635,s9_p1
1779294264.0,9,4,0.000000,s9_p4
1779294264.0,9,2,0.532209,s9_p2
1779294264.0,9,3,0.169339,s9_p3
1779294264.0,2,1,0.544309,s2_p1
1779294264.0,2,4,0.000000,s2_p4
1779294264.0,2,2,0.000000,s2_p2
1779294264.0,2,3,0.169341,s2_p3
1779294264.0,19,1,0.000000,s19_p1
1779294264.0,19,4,0.000000,s19_p4
1779294264.0,19,2,0.000000,s19_p2
1779294264.0,19,3,0.000000,s19_p3
1779294265.0,6,1,0.265455,s6_p1
1779294265.0,6,4,0.000000,s6_p4
1779294265.0,6,2,0.000000,s6_p2
1779294265.0,6,3,0.506779,s6_p3
1779294265.0,1,4,0.000000,s1_p4
1779294265.0,1,1,0.458343,s1_p1
1779294265.0,1,2,0.325665,s1_p2
1779294265.0,1,3,0.000000,s1_p3
1779294265.0,14,4,0.000000,s14_p4
1779294265.0,14,1,0.000000,s14_p1
1779294265.0,14,2,0.000000,s14_p2
1779294265.0,14,3,0.000000,s14_p3
1779294265.0,3,4,0.000000,s3_p4
1779294265.0,3,1,0.676556,s3_p1
1779294265.0,3,2,0.000000,s3_p2
1779294265.0,3,3,0.483254,s3_p3
1779294265.0,10,1,0.325949,s10_p1
1779294265.0,10,4,0.000000,s10_p4
1779294265.0,10,2,0.000000,s10_p2
1779294265.0,10,3,0.000000,s10_p3
1779294265.0,19,1,0.000000,s19_p1
1779294265.0,19,4,0.000000,s19_p4
1779294265.0,19,2,0.000000,s19_p2
1779294265.0,19,3,0.000000,s19_p3
1779294265.0,5,4,0.000000,s5_p4
1779294265.0,5,1,0.000000,s5_p1
1779294265.0,5,2,0.494930,s5_p2
1779294265.0,5,3,0.265572,s5_p3
1779294265.0,4,1,0.169016,s4_p1
1779294265.0,4,4,0.688136,s4_p4
1779294265.0,4,2,0.000000,s4_p2
1779294265.0,4,3,0.000000,s4_p3
1779294265.0,8,4,0.410355,s8_p4
1779294265.0,8,1,0.000000,s8_p1
1779294265.0,8,2,0.687949,s8_p2
1779294265.0,8,3,0.000000,s8_p3
1779294265.0,15,4,0.000000,s15_p4
1779294265.0,15,1,0.000000,s15_p1
1779294265.0,15,2,0.000000,s15_p2
1779294265.0,15,3,0.760324,s15_p3
1779294265.0,13,4,0.000000,s13_p4
1779294265.0,13,1,0.482777,s13_p1
1779294265.0,13,2,0.265527,s13_p2
1779294265.0,13,3,0.506916,s13_p3
1779294265.0,20,1,0.325924,s20_p1
1779294265.0,20,4,0.688063,s20_p4
1779294265.0,20,2,0.675991,s20_p2
1779294265.0,20,3,0.000000,s20_p3
1779294265.0,11,4,0.000000,s11_p4
1779294265.0,11,1,0.000000,s11_p1
1779294265.0,11,2,0.169021,s11_p2
1779294265.0,11,3,0.494989,s11_p3
1779294265.0,9,1,0.458840,s9_p1
1779294265.0,9,4,0.000000,s9_p4
1779294265.0,9,2,0.543363,s9_p2
1779294265.0,9,3,0.169046,s9_p3
1779294265.0,2,1,0.543358,s2_p1
1779294265.0,2,4,0.000000,s2_p4
1779294265.0,2,2,0.000000,s2_p2
1779294265.0,2,3,0.169045,s2_p3
1779294265.0,12,4,0.688132,s12_p4
1779294265.0,12,1,0.676060,s12_p1
1779294265.0,12,2,0.000000,s12_p2
1779294265.0,12,3,0.000000,s12_p3
1779294265.0,18,1,0.000000,s18_p1
1779294265.0,18,4,0.000000,s18_p4
1779294265.0,18,2,0.000000,s18_p2
1779294265.0,18,3,0.000000,s18_p3
1779294265.0,17,4,0.000000,s17_p4
1779294265.0,17,1,1.000000,s17_p1
1779294265.0,17,2,0.169022,s17_p2
1779294265.0,17,3,0.494992,s17_p3
1779294265.0,7,1,0.000000,s7_p1
1779294265.0,7,4,0.832168,s7_p4
1779294265.0,7,2,0.000000,s7_p2
1779294265.0,7,3,0.759806,s7_p3
1779294265.0,16,1,0.000000,s16_p1
1779294265.0,16,4,1.000000,s16_p4
1779294265.0,16,2,0.688038,s16_p2
1779294265.0,16,3,0.000000,s16_p3
1779294265.0,6,1,0.265490,s6_p1
1779294265.0,6,4,0.000000,s6_p4
1779294265.0,6,2,0.000000,s6_p2
1779294265.0,6,3,0.506844,s6_p3
1779294265.0,1,4,0.000000,s1_p4
1779294265.0,1,1,0.374090,s1_p1
1779294265.0,1,2,0.313753,s1_p2
1779294265.0,1,3,0.000000,s1_p3
1779294265.0,3,4,0.000000,s3_p4
1779294265.0,3,1,0.687874,s3_p1
1779294265.0,3,2,0.000000,s3_p2
1779294265.0,3,3,0.494787,s3_p3
1779294265.0,14,4,0.000000,s14_p4
1779294265.0,14,1,0.000000,s14_p1
1779294265.0,14,2,0.000000,s14_p2
1779294265.0,14,3,0.000000,s14_p3
1779294265.0,13,4,0.000000,s13_p4
1779294265.0,13,1,0.494899,s13_p1
1779294265.0,13,2,0.265556,s13_p2
1779294265.0,13,3,0.506970,s13_p3
1779294265.0,17,4,0.000000,s17_p4
1779294265.0,17,1,1.000000,s17_p1
1779294265.0,17,2,0.169102,s17_p2
1779294265.0,17,3,0.483150,s17_p3
1779294265.0,20,1,0.313809,s20_p1
1779294265.0,20,4,0.700037,s20_p4
1779294265.0,20,2,0.687967,s20_p2
1779294265.0,20,3,0.000000,s20_p3
1779294265.0,7,1,0.000000,s7_p1
1779294265.0,7,4,0.833427,s7_p4
1779294265.0,7,2,0.000000,s7_p2
1779294265.0,7,3,0.748877,s7_p3
1779294265.0,12,4,0.700464,s12_p4
1779294265.0,12,1,0.688387,s12_p1
1779294265.0,12,2,0.000000,s12_p2
1779294265.0,12,3,0.000000,s12_p3
1779294265.0,5,4,0.000000,s5_p4
1779294265.0,5,1,0.000000,s5_p1
1779294265.0,5,2,0.482687,s5_p2
1779294265.0,5,3,0.265478,s5_p3
1779294265.0,4,1,0.168936,s4_p1
1779294265.0,4,4,0.699878,s4_p4
1779294265.0,4,2,0.000000,s4_p2
1779294265.0,4,3,0.000000,s4_p3
1779294265.0,15,4,0.000000,s15_p4
1779294265.0,15,1,0.000000,s15_p1
1779294265.0,15,2,0.000000,s15_p2
1779294265.0,15,3,0.748153,s15_p3
1779294265.0,8,4,0.422327,s8_p4
1779294265.0,8,1,0.000000,s8_p1
1779294265.0,8,2,0.699857,s8_p2
1779294265.0,8,3,0.000000,s8_p3
1779294265.0,10,1,0.313669,s10_p1
1779294265.0,10,4,0.000000,s10_p4
1779294265.0,10,2,0.000000,s10_p2
1779294265.0,10,3,0.000000,s10_p3
1779294265.0,11,4,0.000000,s11_p4
1779294265.0,11,1,0.000000,s11_p1
1779294265.0,11,2,0.168953,s11_p2
1779294265.0,11,3,0.482723,s11_p3
1779294265.0,9,1,0.374113,s9_p1
1779294265.0,9,4,0.000000,s9_p4
1779294265.0,9,2,0.627545,s9_p2
1779294265.0,9,3,0.168954,s9_p3
1779294265.0,18,1,0.000000,s18_p1
1779294265.0,18,4,0.000000,s18_p4
1779294265.0,18,2,0.000000,s18_p2
1779294265.0,18,3,0.000000,s18_p3
1779294265.0,16,1,0.000000,s16_p1
1779294265.0,16,4,1.000000,s16_p4
1779294265.0,16,2,0.700071,s16_p2
1779294265.0,16,3,0.000000,s16_p3
1779294265.0,2,1,0.627517,s2_p1
1779294265.0,2,4,0.000000,s2_p4
1779294265.0,2,2,0.000000,s2_p2
1779294265.0,2,3,0.168947,s2_p3
1779294265.0,19,1,0.000000,s19_p1
1779294265.0,19,4,0.000000,s19_p4
1779294265.0,19,2,0.000000,s19_p2
1779294265.0,19,3,0.000000,s19_p3
1779294266.0,1,4,0.000000,s1_p4
1779294266.0,1,1,0.398285,s1_p1
1779294266.0,1,2,0.301731,s1_p2
1779294266.0,1,3,0.000000,s1_p3
1779294266.0,19,1,0.000000,s19_p1
1779294266.0,19,4,0.000000,s19_p4
1779294266.0,19,2,0.000000,s19_p2
1779294266.0,19,3,0.000000,s19_p3
1779294266.0,14,4,0.000000,s14_p4
1779294266.0,14,1,0.000000,s14_p1
1779294266.0,14,2,0.000000,s14_p2
1779294266.0,14,3,0.000000,s14_p3
1779294266.0,6,1,0.277439,s6_p1
1779294266.0,6,4,0.000000,s6_p4
1779294266.0,6,2,0.000000,s6_p2
1779294266.0,6,3,0.518690,s6_p3
1779294266.0,9,1,0.398257,s9_p1
1779294266.0,9,4,0.000000,s9_p4
1779294266.0,9,2,0.603419,s9_p2
1779294266.0,9,3,0.168957,s9_p3
1779294266.0,4,1,0.168847,s4_p1
1779294266.0,4,4,0.687450,s4_p4
1779294266.0,4,2,0.000000,s4_p2
1779294266.0,4,3,0.000000,s4_p3
1779294266.0,15,4,0.000000,s15_p4
1779294266.0,15,1,0.000000,s15_p1
1779294266.0,15,2,0.000000,s15_p2
1779294266.0,15,3,0.747749,s15_p3
1779294266.0,13,4,0.000000,s13_p4
1779294266.0,13,1,0.482267,s13_p1
1779294266.0,13,2,0.277303,s13_p2
1779294266.0,13,3,0.518437,s13_p3
1779294266.0,12,4,0.687320,s12_p4
1779294266.0,12,1,0.687320,s12_p1
1779294266.0,12,2,0.000000,s12_p2
1779294266.0,12,3,0.000000,s12_p3
1779294266.0,10,1,0.301495,s10_p1
1779294266.0,10,4,0.000000,s10_p4
1779294266.0,10,2,0.000000,s10_p2
1779294266.0,10,3,0.000000,s10_p3
1779294266.0,18,1,0.000000,s18_p1
1779294266.0,18,4,0.000000,s18_p4
1779294266.0,18,2,0.000000,s18_p2
1779294266.0,18,3,0.000000,s18_p3
1779294266.0,17,4,0.000000,s17_p4
1779294266.0,17,1,1.000000,s17_p1
1779294266.0,17,2,0.168785,s17_p2
1779294266.0,17,3,0.482243,s17_p3
1779294266.0,11,4,0.000000,s11_p4
1779294266.0,11,1,0.000000,s11_p1
1779294266.0,11,2,0.168899,s11_p2
1779294266.0,11,3,0.482567,s11_p3
1779294266.0,2,1,0.603281,s2_p1
1779294266.0,2,4,0.000000,s2_p4
1779294266.0,2,2,0.000000,s2_p2
1779294266.0,2,3,0.168919,s2_p3
1779294266.0,3,4,0.000000,s3_p4
1779294266.0,3,1,0.686568,s3_p1
1779294266.0,3,2,0.000000,s3_p2
1779294266.0,3,3,0.481802,s3_p3
1779294266.0,20,1,0.301390,s20_p1
1779294266.0,20,4,0.687168,s20_p4
1779294266.0,20,2,0.687168,s20_p2
1779294266.0,20,3,0.000000,s20_p3
1779294266.0,8,4,0.409965,s8_p4
1779294266.0,8,1,0.000000,s8_p1
1779294266.0,8,2,0.687294,s8_p2
1779294266.0,8,3,0.000000,s8_p3
1779294266.0,16,1,0.000000,s16_p1
1779294266.0,16,4,1.000000,s16_p4
1779294266.0,16,2,0.687674,s16_p2
1779294266.0,16,3,0.000000,s16_p3
1779294266.0,5,4,0.000000,s5_p4
1779294266.0,5,1,0.000000,s5_p1
1779294266.0,5,2,0.482245,s5_p2
1779294266.0,5,3,0.277291,s5_p3
1779294266.0,7,1,0.000000,s7_p1
1779294266.0,7,4,0.819738,s7_p4
1779294266.0,7,2,0.000000,s7_p2
1779294266.0,7,3,0.747408,s7_p3
1779294266.0,19,1,0.000000,s19_p1
1779294266.0,19,4,0.000000,s19_p4
1779294266.0,19,2,0.000000,s19_p2
1779294266.0,19,3,0.000000,s19_p3
1779294266.0,6,1,0.265837,s6_p1
1779294266.0,6,4,0.000000,s6_p4
1779294266.0,6,2,0.000000,s6_p2
1779294266.0,6,3,0.507507,s6_p3
1779294266.0,10,1,0.302420,s10_p1
1779294266.0,10,4,0.000000,s10_p4
1779294266.0,10,2,0.000000,s10_p2
1779294266.0,10,3,0.000000,s10_p3
1779294266.0,14,4,0.000000,s14_p4
1779294266.0,14,1,0.000000,s14_p1
1779294266.0,14,2,0.000000,s14_p2
1779294266.0,14,3,0.000000,s14_p3
1779294266.0,3,4,0.000000,s3_p4
1779294266.0,3,1,0.701621,s3_p1
1779294266.0,3,2,0.000000,s3_p2
1779294266.0,3,3,0.483876,s3_p3
1779294266.0,1,4,0.000000,s1_p4
1779294266.0,1,1,0.398361,s1_p1
1779294266.0,1,2,0.301788,s1_p2
1779294266.0,1,3,0.000000,s1_p3
1779294266.0,13,4,0.000000,s13_p4
1779294266.0,13,1,0.483551,s13_p1
1779294266.0,13,2,0.265953,s13_p2
1779294266.0,13,3,0.507728,s13_p3
1779294266.0,8,4,0.423171,s8_p4
1779294266.0,8,1,0.000000,s8_p1
1779294266.0,8,2,0.689164,s8_p2
1779294266.0,8,3,0.000000,s8_p3
1779294266.0,4,1,0.169216,s4_p1
1779294266.0,4,4,0.688952,s4_p4
1779294266.0,4,2,0.000000,s4_p2
1779294266.0,4,3,0.000000,s4_p3
1779294266.0,15,4,0.000000,s15_p4
1779294266.0,15,1,0.000000,s15_p1
1779294266.0,15,2,0.000000,s15_p2
1779294266.0,15,3,0.749392,s15_p3
1779294266.0,7,1,0.000000,s7_p1
1779294266.0,7,4,0.834210,s7_p4
1779294266.0,7,2,0.000000,s7_p2
1779294266.0,7,3,0.749580,s7_p3
1779294266.0,12,4,0.688591,s12_p4
1779294266.0,12,1,0.700671,s12_p1
1779294266.0,12,2,0.000000,s12_p2
1779294266.0,12,3,0.000000,s12_p3
1779294266.0,16,1,0.000000,s16_p1
1779294266.0,16,4,0.990737,s16_p4
1779294266.0,16,2,0.688683,s16_p2
1779294266.0,16,3,0.000000,s16_p3
1779294266.0,18,1,0.000000,s18_p1
1779294266.0,18,4,0.000000,s18_p4
1779294266.0,18,2,0.000000,s18_p2
1779294266.0,18,3,0.000000,s18_p3
1779294266.0,17,4,0.000000,s17_p4
1779294266.0,17,1,1.000000,s17_p1
1779294266.0,17,2,0.169122,s17_p2
1779294266.0,17,3,0.483207,s17_p3
1779294266.0,2,1,0.604019,s2_p1
1779294266.0,2,4,0.000000,s2_p4
1779294266.0,2,2,0.000000,s2_p2
1779294266.0,2,3,0.169125,s2_p3
1779294266.0,5,4,0.000000,s5_p4
1779294266.0,5,1,0.000000,s5_p1
1779294266.0,5,2,0.483250,s5_p2
1779294266.0,5,3,0.265788,s5_p3
1779294266.0,20,1,0.302009,s20_p1
1779294266.0,20,4,0.688581,s20_p4
1779294266.0,20,2,0.700661,s20_p2
1779294266.0,20,3,0.000000,s20_p3
1779294266.0,9,1,0.398432,s9_p1
1779294266.0,9,4,0.000000,s9_p4
1779294266.0,9,2,0.603685,s9_p2
1779294266.0,9,3,0.169032,s9_p3
1779294266.0,11,4,0.000000,s11_p4
1779294266.0,11,1,0.000000,s11_p1
1779294266.0,11,2,0.169070,s11_p2
1779294266.0,11,3,0.483058,s11_p3
1779294267.0,14,4,0.000000,s14_p4
1779294267.0,14,1,0.000000,s14_p1
1779294267.0,14,2,0.000000,s14_p2
1779294267.0,14,3,0.000000,s14_p3
1779294267.0,19,1,0.000000,s19_p1
1779294267.0,19,4,0.000000,s19_p4
1779294267.0,19,2,0.000000,s19_p2
1779294267.0,19,3,0.000000,s19_p3
1779294267.0,10,1,0.301774,s10_p1
1779294267.0,10,4,0.000000,s10_p4
1779294267.0,10,2,0.000000,s10_p2
1779294267.0,10,3,0.000000,s10_p3
1779294267.0,15,4,0.000000,s15_p4
1779294267.0,15,1,0.000000,s15_p1
1779294267.0,15,2,0.000000,s15_p2
1779294267.0,15,3,0.748879,s15_p3
1779294267.0,8,4,0.410639,s8_p4
1779294267.0,8,1,0.000000,s8_p1
1779294267.0,8,2,0.688425,s8_p2
1779294267.0,8,3,0.000000,s8_p3
1779294267.0,6,1,0.265399,s6_p1
1779294267.0,6,4,0.000000,s6_p4
1779294267.0,6,2,0.000000,s6_p2
1779294267.0,6,3,0.518735,s6_p3
1779294267.0,13,4,0.000000,s13_p4
1779294267.0,13,1,0.483052,s13_p1
1779294267.0,13,2,0.265679,s13_p2
1779294267.0,13,3,0.519281,s13_p3
1779294267.0,1,4,0.000000,s1_p4
1779294267.0,1,1,0.410393,s1_p1
1779294267.0,1,2,0.301760,s1_p2
1779294267.0,1,3,0.000000,s1_p3
1779294267.0,3,4,0.000000,s3_p4
1779294267.0,3,1,0.700011,s3_p1
1779294267.0,3,2,0.000000,s3_p2
1779294267.0,3,3,0.482766,s3_p3
1779294267.0,7,1,0.000000,s7_p1
1779294267.0,7,4,0.832732,s7_p4
1779294267.0,7,2,0.000000,s7_p2
1779294267.0,7,3,0.748252,s7_p3
1779294267.0,2,1,0.579654,s2_p1
1779294267.0,2,4,0.000000,s2_p4
1779294267.0,2,2,0.000000,s2_p2
1779294267.0,2,3,0.156990,s2_p3
1779294267.0,5,4,0.000000,s5_p4
1779294267.0,5,1,0.000000,s5_p1
1779294267.0,5,2,0.483040,s5_p2
1779294267.0,5,3,0.265672,s5_p3
1779294267.0,18,1,0.000000,s18_p1
1779294267.0,18,4,0.000000,s18_p4
1779294267.0,18,2,0.000000,s18_p2
1779294267.0,18,3,0.000000,s18_p3
1779294267.0,4,1,0.156859,s4_p1
1779294267.0,4,4,0.687768,s4_p4
1779294267.0,4,2,0.000000,s4_p2
1779294267.0,4,3,0.000000,s4_p3
1779294267.0,12,4,0.688149,s12_p4
1779294267.0,12,1,0.700222,s12_p1
1779294267.0,12,2,0.000000,s12_p2
1779294267.0,12,3,0.000000,s12_p3
1779294267.0,17,4,0.000000,s17_p4
1779294267.0,17,1,0.990070,s17_p1
1779294267.0,17,2,0.156962,s17_p2
1779294267.0,17,3,0.482961,s17_p3
1779294267.0,20,1,0.301855,s20_p1
1779294267.0,20,4,0.688229,s20_p4
1779294267.0,20,2,0.700303,s20_p2
1779294267.0,20,3,0.000000,s20_p3
1779294267.0,16,1,0.000000,s16_p1
1779294267.0,16,4,1.000000,s16_p4
1779294267.0,16,2,0.688129,s16_p2
1779294267.0,16,3,0.000000,s16_p3
1779294267.0,9,1,0.410502,s9_p1
1779294267.0,9,4,0.000000,s9_p4
1779294267.0,9,2,0.579532,s9_p2
1779294267.0,9,3,0.156957,s9_p3
1779294267.0,11,4,0.000000,s11_p4
1779294267.0,11,1,0.000000,s11_p1
1779294267.0,11,2,0.156957,s11_p2
1779294267.0,11,3,0.482943,s11_p3
1779294267.0,10,1,0.314217,s10_p1
1779294267.0,10,4,0.000000,s10_p4
1779294267.0,10,2,0.000000,s10_p2
1779294267.0,10,3,0.000000,s10_p3
1779294267.0,1,4,0.000000,s1_p4
1779294267.0,1,1,0.422982,s1_p1
1779294267.0,1,2,0.314216,s1_p2
1779294267.0,1,3,0.000000,s1_p3
1779294267.0,7,1,0.000000,s7_p1
1779294267.0,7,4,0.834082,s7_p4
1779294267.0,7,2,0.000000,s7_p2
1779294267.0,7,3,0.749465,s7_p3
1779294267.0,12,4,0.689096,s12_p4
1779294267.0,12,1,0.689096,s12_p1
1779294267.0,12,2,0.000000,s12_p2
1779294267.0,12,3,0.000000,s12_p3
1779294267.0,6,1,0.277766,s6_p1
1779294267.0,6,4,0.000000,s6_p4
1779294267.0,6,2,0.000000,s6_p2
1779294267.0,6,3,0.507224,s6_p3
1779294267.0,14,4,0.000000,s14_p4
1779294267.0,14,1,0.000000,s14_p1
1779294267.0,14,2,0.000000,s14_p2
1779294267.0,14,3,0.000000,s14_p3
1779294267.0,4,1,0.169231,s4_p1
1779294267.0,4,4,0.689011,s4_p4
1779294267.0,4,2,0.000000,s4_p2
1779294267.0,4,3,0.000000,s4_p3
1779294267.0,8,4,0.410381,s8_p4
1779294267.0,8,1,0.000000,s8_p1
1779294267.0,8,2,0.687991,s8_p2
1779294267.0,8,3,0.000000,s8_p3
1779294267.0,18,1,0.000000,s18_p1
1779294267.0,18,4,0.000000,s18_p4
1779294267.0,18,2,0.000000,s18_p2
1779294267.0,18,3,0.000000,s18_p3
1779294267.0,20,1,0.314126,s20_p1
1779294267.0,20,4,0.688660,s20_p4
1779294267.0,20,2,0.688660,s20_p2
1779294267.0,20,3,0.000000,s20_p3
1779294267.0,11,4,0.000000,s11_p4
1779294267.0,11,1,0.000000,s11_p1
1779294267.0,11,2,0.169186,s11_p2
1779294267.0,11,3,0.495474,s11_p3
1779294267.0,17,4,0.000000,s17_p4
1779294267.0,17,1,1.000000,s17_p1
1779294267.0,17,2,0.169119,s17_p2
1779294267.0,17,3,0.495278,s17_p3
1779294267.0,2,1,0.579451,s2_p1
1779294267.0,2,4,0.000000,s2_p4
1779294267.0,2,2,0.000000,s2_p2
1779294267.0,2,3,0.169007,s2_p3
1779294267.0,3,4,0.000000,s3_p4
1779294267.0,3,1,0.687528,s3_p1
1779294267.0,3,2,0.000000,s3_p2
1779294267.0,3,3,0.494538,s3_p3
1779294267.0,9,1,0.422673,s9_p1
1779294267.0,9,4,0.000000,s9_p4
1779294267.0,9,2,0.579665,s9_p2
1779294267.0,9,3,0.169069,s9_p3
1779294267.0,16,1,0.000000,s16_p1
1779294267.0,16,4,1.000000,s16_p4
1779294267.0,16,2,0.688182,s16_p2
1779294267.0,16,3,0.000000,s16_p3
1779294267.0,13,4,0.000000,s13_p4
1779294267.0,13,1,0.494439,s13_p1
1779294267.0,13,2,0.277368,s13_p2
1779294267.0,13,3,0.506498,s13_p3
1779294267.0,5,4,0.000000,s5_p4
1779294267.0,5,1,0.000000,s5_p1
1779294267.0,5,2,0.494871,s5_p2
1779294267.0,5,3,0.277611,s5_p3
1779294267.0,19,1,0.000000,s19_p1
1779294267.0,19,4,0.000000,s19_p4
1779294267.0,19,2,0.000000,s19_p2
1779294267.0,19,3,0.000000,s19_p3
1779294267.0,15,4,0.000000,s15_p4
1779294267.0,15,1,0.000000,s15_p1
1779294267.0,15,2,0.000000,s15_p2
1779294267.0,15,3,0.747499,s15_p3
1779294268.0,19,1,0.000000,s19_p1
1779294268.0,19,4,0.000000,s19_p4
1779294268.0,19,2,0.000000,s19_p2
1779294268.0,19,3,0.000000,s19_p3
1779294268.0,6,1,0.265723,s6_p1
1779294268.0,6,4,0.000000,s6_p4
1779294268.0,6,2,0.000000,s6_p2
1779294268.0,6,3,0.519367,s6_p3
1779294268.0,1,4,0.000000,s1_p4
1779294268.0,1,1,0.458633,s1_p1
1779294268.0,1,2,0.325871,s1_p2
1779294268.0,1,3,0.000000,s1_p3
1779294268.0,15,4,0.000000,s15_p4
1779294268.0,15,1,0.000000,s15_p1
1779294268.0,15,2,0.000000,s15_p2
1779294268.0,15,3,0.749493,s15_p3
1779294268.0,3,4,0.000000,s3_p4
1779294268.0,3,1,0.676623,s3_p1
1779294268.0,3,2,0.000000,s3_p2
1779294268.0,3,3,0.483302,s3_p3
1779294268.0,14,4,0.000000,s14_p4
1779294268.0,14,1,0.000000,s14_p1
1779294268.0,14,2,0.000000,s14_p2
1779294268.0,14,3,0.000000,s14_p3
1779294268.0,7,1,0.000000,s7_p1
1779294268.0,7,4,0.832386,s7_p4
1779294268.0,7,2,0.000000,s7_p2
1779294268.0,7,3,0.747941,s7_p3
1779294268.0,13,4,0.000000,s13_p4
1779294268.0,13,1,0.483273,s13_p1
1779294268.0,13,2,0.265800,s13_p2
1779294268.0,13,3,0.519518,s13_p3
1779294268.0,4,1,0.168902,s4_p1
1779294268.0,4,4,0.699737,s4_p4
1779294268.0,4,2,0.000000,s4_p2
1779294268.0,4,3,0.000000,s4_p3
1779294268.0,8,4,0.422454,s8_p4
1779294268.0,8,1,0.000000,s8_p1
1779294268.0,8,2,0.687996,s8_p2
1779294268.0,8,3,0.000000,s8_p3
1779294268.0,10,1,0.325440,s10_p1
1779294268.0,10,4,0.000000,s10_p4
1779294268.0,10,2,0.000000,s10_p2
1779294268.0,10,3,0.000000,s10_p3
1779294268.0,20,1,0.325709,s20_p1
1779294268.0,20,4,0.699672,s20_p4
1779294268.0,20,2,0.675545,s20_p2
1779294268.0,20,3,0.000000,s20_p3
1779294268.0,17,4,0.000000,s17_p4
1779294268.0,17,1,1.000000,s17_p1
1779294268.0,17,2,0.168892,s17_p2
1779294268.0,17,3,0.482550,s17_p3
1779294268.0,12,4,0.699104,s12_p4
1779294268.0,12,1,0.674997,s12_p1
1779294268.0,12,2,0.000000,s12_p2
1779294268.0,12,3,0.000000,s12_p3
1779294268.0,5,4,0.000000,s5_p4
1779294268.0,5,1,0.000000,s5_p1
1779294268.0,5,2,0.482847,s5_p2
1779294268.0,5,3,0.265566,s5_p3
1779294268.0,2,1,0.543086,s2_p1
1779294268.0,2,4,0.000000,s2_p4
1779294268.0,2,2,0.000000,s2_p2
1779294268.0,2,3,0.168960,s2_p3
1779294268.0,11,4,0.000000,s11_p4
1779294268.0,11,1,0.000000,s11_p1
1779294268.0,11,2,0.168864,s11_p2
1779294268.0,11,3,0.482469,s11_p3
1779294268.0,18,1,0.000000,s18_p1
1779294268.0,18,4,0.000000,s18_p4
1779294268.0,18,2,0.000000,s18_p2
1779294268.0,18,3,0.000000,s18_p3
1779294268.0,16,1,0.000000,s16_p1
1779294268.0,16,4,1.000000,s16_p4
1779294268.0,16,2,0.700010,s16_p2
1779294268.0,16,3,0.000000,s16_p3
1779294268.0,9,1,0.458607,s9_p1
1779294268.0,9,4,0.000000,s9_p4
1779294268.0,9,2,0.543088,s9_p2
1779294268.0,9,3,0.168961,s9_p3
1779294268.0,1,4,0.000000,s1_p4
1779294268.0,1,1,0.446604,s1_p1
1779294268.0,1,2,0.301760,s1_p2
1779294268.0,1,3,0.000000,s1_p3
1779294268.0,14,4,0.000000,s14_p4
1779294268.0,14,1,0.000000,s14_p1
1779294268.0,14,2,0.000000,s14_p2
1779294268.0,14,3,0.000000,s14_p3
1779294268.0,6,1,0.265454,s6_p1
1779294268.0,6,4,0.000000,s6_p4
1779294268.0,6,2,0.000000,s6_p2
1779294268.0,6,3,0.506775,s6_p3
1779294268.0,3,4,0.000000,s3_p4
1779294268.0,3,1,0.700092,s3_p1
1779294268.0,3,2,0.000000,s3_p2
1779294268.0,3,3,0.482822,s3_p3
1779294268.0,15,4,0.000000,s15_p4
1779294268.0,15,1,0.000000,s15_p1
1779294268.0,15,2,0.000000,s15_p2
1779294268.0,15,3,0.748153,s15_p3
1779294268.0,10,1,0.301802,s10_p1
1779294268.0,10,4,0.000000,s10_p4
1779294268.0,10,2,0.000000,s10_p2
1779294268.0,10,3,0.000000,s10_p3
1779294268.0,7,1,0.000000,s7_p1
1779294268.0,7,4,0.820777,s7_p4
1779294268.0,7,2,0.000000,s7_p2
1779294268.0,7,3,0.748355,s7_p3
1779294268.0,13,4,0.000000,s13_p4
1779294268.0,13,1,0.482824,s13_p1
1779294268.0,13,2,0.265553,s13_p2
1779294268.0,13,3,0.506965,s13_p3
1779294268.0,5,4,0.000000,s5_p4
1779294268.0,5,1,0.000000,s5_p1
1779294268.0,5,2,0.482818,s5_p2
1779294268.0,5,3,0.265550,s5_p3
1779294268.0,20,1,0.301689,s20_p1
1779294268.0,20,4,0.687852,s20_p4
1779294268.0,20,2,0.699919,s20_p2
1779294268.0,20,3,0.000000,s20_p3
1779294268.0,4,1,0.168816,s4_p1
1779294268.0,4,4,0.687324,s4_p4
1779294268.0,4,2,0.000000,s4_p2
1779294268.0,4,3,0.000000,s4_p3
1779294268.0,2,1,0.555174,s2_p1
1779294268.0,2,4,0.000000,s2_p4
1779294268.0,2,2,0.000000,s2_p2
1779294268.0,2,3,0.168966,s2_p3
1779294268.0,8,4,0.409973,s8_p4
1779294268.0,8,1,0.000000,s8_p1
1779294268.0,8,2,0.699365,s8_p2
1779294268.0,8,3,0.000000,s8_p3
1779294268.0,12,4,0.687829,s12_p4
1779294268.0,12,1,0.699897,s12_p1
1779294268.0,12,2,0.000000,s12_p2
1779294268.0,12,3,0.000000,s12_p3
1779294268.0,18,1,0.000000,s18_p1
1779294268.0,18,4,0.000000,s18_p4
1779294268.0,18,2,0.000000,s18_p2
1779294268.0,18,3,0.000000,s18_p3
1779294268.0,17,4,0.000000,s17_p4
1779294268.0,17,1,1.000000,s17_p1
1779294268.0,17,2,0.168924,s17_p2
1779294268.0,17,3,0.482641,s17_p3
1779294268.0,19,1,0.000000,s19_p1
1779294268.0,19,4,0.000000,s19_p4
1779294268.0,19,2,0.000000,s19_p2
1779294268.0,19,3,0.000000,s19_p3
1779294268.0,16,1,0.000000,s16_p1
1779294268.0,16,4,1.000000,s16_p4
1779294268.0,16,2,0.687576,s16_p2
1779294268.0,16,3,0.000000,s16_p3
1779294268.0,11,4,0.000000,s11_p4
1779294268.0,11,1,0.000000,s11_p1
1779294268.0,11,2,0.168866,s11_p2
1779294268.0,11,3,0.482474,s11_p3
1779294268.0,9,1,0.446296,s9_p1
1779294268.0,9,4,0.000000,s9_p4
1779294268.0,9,2,0.554854,s9_p2
1779294268.0,9,3,0.168869,s9_p3
1779294269.0,1,4,0.000000,s1_p4
1779294269.0,1,1,0.446981,s1_p1
1779294269.0,1,2,0.314094,s1_p2
1779294269.0,1,3,0.000000,s1_p3
1779294269.0,6,1,0.277879,s6_p1
1779294269.0,6,4,0.000000,s6_p4
1779294269.0,6,2,0.000000,s6_p2
1779294269.0,6,3,0.507431,s6_p3
1779294269.0,14,4,0.000000,s14_p4
1779294269.0,14,1,0.000000,s14_p1
1779294269.0,14,2,0.000000,s14_p2
1779294269.0,14,3,0.000000,s14_p3
1779294269.0,3,4,0.000000,s3_p4
1779294269.0,3,1,0.676803,s3_p1
1779294269.0,3,2,0.000000,s3_p2
1779294269.0,3,3,0.483431,s3_p3
1779294269.0,12,4,0.689050,s12_p4
1779294269.0,12,1,0.676962,s12_p1
1779294269.0,12,2,0.000000,s12_p2
1779294269.0,12,3,0.000000,s12_p3
1779294269.0,5,4,0.000000,s5_p4
1779294269.0,5,1,0.000000,s5_p1
1779294269.0,5,2,0.483388,s5_p2
1779294269.0,5,3,0.277948,s5_p3
1779294269.0,4,1,0.169201,s4_p1
1779294269.0,4,4,0.688891,s4_p4
1779294269.0,4,2,0.000000,s4_p2
1779294269.0,4,3,0.000000,s4_p3
1779294269.0,15,4,0.000000,s15_p4
1779294269.0,15,1,0.000000,s15_p1
1779294269.0,15,2,0.000000,s15_p2
1779294269.0,15,3,0.748458,s15_p3
1779294269.0,13,4,0.000000,s13_p4
1779294269.0,13,1,0.482886,s13_p1
1779294269.0,13,2,0.277659,s13_p2
1779294269.0,13,3,0.519102,s13_p3
1779294269.0,8,4,0.422943,s8_p4
1779294269.0,8,1,0.000000,s8_p1
1779294269.0,8,2,0.688792,s8_p2
1779294269.0,8,3,0.000000,s8_p3
1779294269.0,10,1,0.313816,s10_p1
1779294269.0,10,4,0.000000,s10_p4
1779294269.0,10,2,0.000000,s10_p2
1779294269.0,10,3,0.000000,s10_p3
1779294269.0,16,1,0.000000,s16_p1
1779294269.0,16,4,1.000000,s16_p4
1779294269.0,16,2,0.688708,s16_p2
1779294269.0,16,3,0.000000,s16_p3
1779294269.0,9,1,0.447057,s9_p1
1779294269.0,9,4,0.000000,s9_p4
1779294269.0,9,2,0.555801,s9_p2
1779294269.0,9,3,0.169157,s9_p3
1779294269.0,2,1,0.555416,s2_p1
1779294269.0,2,4,0.000000,s2_p4
1779294269.0,2,2,0.000000,s2_p2
1779294269.0,2,3,0.169040,s2_p3
1779294269.0,18,1,0.000000,s18_p1
1779294269.0,18,4,0.000000,s18_p4
1779294269.0,18,2,0.000000,s18_p2
1779294269.0,18,3,0.000000,s18_p3
1779294269.0,17,4,0.000000,s17_p4
1779294269.0,17,1,1.000000,s17_p1
1779294269.0,17,2,0.169055,s17_p2
1779294269.0,17,3,0.483015,s17_p3
1779294269.0,20,1,0.313892,s20_p1
1779294269.0,20,4,0.688147,s20_p4
1779294269.0,20,2,0.676074,s20_p2
1779294269.0,20,3,0.000000,s20_p3
1779294269.0,19,1,0.000000,s19_p1
1779294269.0,19,4,0.000000,s19_p4
1779294269.0,19,2,0.000000,s19_p2
1779294269.0,19,3,0.000000,s19_p3
1779294269.0,7,1,0.000000,s7_p1
1779294269.0,7,4,0.832129,s7_p4
1779294269.0,7,2,0.000000,s7_p2
1779294269.0,7,3,0.747710,s7_p3
1779294269.0,11,4,0.000000,s11_p4
1779294269.0,11,1,0.000000,s11_p1
1779294269.0,11,2,0.169124,s11_p2
1779294269.0,11,3,0.483210,s11_p3
1779294269.0,6,1,0.265513,s6_p1
1779294269.0,6,4,0.000000,s6_p4
1779294269.0,6,2,0.000000,s6_p2
1779294269.0,6,3,0.518957,s6_p3
1779294269.0,14,4,0.000000,s14_p4
1779294269.0,14,1,0.000000,s14_p1
1779294269.0,14,2,0.000000,s14_p2
1779294269.0,14,3,0.000000,s14_p3
1779294269.0,1,4,0.000000,s1_p4
1779294269.0,1,1,0.373194,s1_p1
1779294269.0,1,2,0.337079,s1_p2
1779294269.0,1,3,0.000000,s1_p3
1779294269.0,8,4,0.409553,s8_p4
1779294269.0,8,1,0.000000,s8_p1
1779294269.0,8,2,0.686604,s8_p2
1779294269.0,8,3,0.000000,s8_p3
1779294269.0,3,4,0.000000,s3_p4
1779294269.0,3,1,0.661543,s3_p1
1779294269.0,3,2,0.000000,s3_p2
1779294269.0,3,3,0.481122,s3_p3
1779294269.0,19,1,0.000000,s19_p1
1779294269.0,19,4,0.000000,s19_p4
1779294269.0,19,2,0.000000,s19_p2
1779294269.0,19,3,0.000000,s19_p3
1779294269.0,9,1,0.373648,s9_p1
1779294269.0,9,4,0.000000,s9_p4
1779294269.0,9,2,0.626764,s9_p2
1779294269.0,9,3,0.168744,s9_p3
1779294269.0,15,4,0.000000,s15_p4
1779294269.0,15,1,0.000000,s15_p1
1779294269.0,15,2,0.000000,s15_p2
1779294269.0,15,3,0.746589,s15_p3
1779294269.0,12,4,0.686259,s12_p4
1779294269.0,12,1,0.662179,s12_p1
1779294269.0,12,2,0.000000,s12_p2
1779294269.0,12,3,0.000000,s12_p3
1779294269.0,4,1,0.168574,s4_p1
1779294269.0,4,4,0.686337,s4_p4
1779294269.0,4,2,0.000000,s4_p2
1779294269.0,4,3,0.000000,s4_p3
1779294269.0,10,1,0.337193,s10_p1
1779294269.0,10,4,0.000000,s10_p4
1779294269.0,10,2,0.000000,s10_p2
1779294269.0,10,3,0.000000,s10_p3
1779294269.0,18,1,0.000000,s18_p1
1779294269.0,18,4,0.000000,s18_p4
1779294269.0,18,2,0.000000,s18_p2
1779294269.0,18,3,0.000000,s18_p3
1779294269.0,16,1,0.000000,s16_p1
1779294269.0,16,4,0.988075,s16_p4
1779294269.0,16,2,0.686832,s16_p2
1779294269.0,16,3,0.000000,s16_p3
1779294269.0,17,4,0.000000,s17_p4
1779294269.0,17,1,1.000000,s17_p1
1779294269.0,17,2,0.168717,s17_p2
1779294269.0,17,3,0.482048,s17_p3
1779294269.0,5,4,0.000000,s5_p4
1779294269.0,5,1,0.000000,s5_p1
1779294269.0,5,2,0.481530,s5_p2
1779294269.0,5,3,0.264841,s5_p3
1779294269.0,2,1,0.626610,s2_p1
1779294269.0,2,4,0.000000,s2_p4
1779294269.0,2,2,0.000000,s2_p2
1779294269.0,2,3,0.168703,s2_p3
1779294269.0,11,4,0.000000,s11_p4
1779294269.0,11,1,0.000000,s11_p1
1779294269.0,11,2,0.168715,s11_p2
1779294269.0,11,3,0.482044,s11_p3
1779294269.0,7,1,0.000000,s7_p1
1779294269.0,7,4,0.831481,s7_p4
1779294269.0,7,2,0.000000,s7_p2
1779294269.0,7,3,0.747128,s7_p3
1779294269.0,20,1,0.337390,s20_p1
1779294269.0,20,4,0.686829,s20_p4
1779294269.0,20,2,0.662730,s20_p2
1779294269.0,20,3,0.000000,s20_p3
1779294269.0,13,4,0.000000,s13_p4
1779294269.0,13,1,0.481510,s13_p1
1779294269.0,13,2,0.264830,s13_p2
1779294269.0,13,3,0.505585,s13_p3
1779294270.0,19,1,0.000000,s19_p1
1779294270.0,19,4,0.000000,s19_p4
1779294270.0,19,2,0.000000,s19_p2
1779294270.0,19,3,0.000000,s19_p3
1779294270.0,6,1,0.265695,s6_p1
1779294270.0,6,4,0.000000,s6_p4
1779294270.0,6,2,0.000000,s6_p2
1779294270.0,6,3,0.507236,s6_p3
1779294270.0,13,4,0.000000,s13_p4
1779294270.0,13,1,0.484597,s13_p1
1779294270.0,13,2,0.266529,s13_p2
1779294270.0,13,3,0.508827,s13_p3
1779294270.0,8,4,0.411637,s8_p4
1779294270.0,8,1,0.000000,s8_p1
1779294270.0,8,2,0.690097,s8_p2
1779294270.0,8,3,0.000000,s8_p3
1779294270.0,15,4,0.000000,s15_p4
1779294270.0,15,1,0.000000,s15_p1
1779294270.0,15,2,0.000000,s15_p2
1779294270.0,15,3,0.750726,s15_p3
1779294270.0,3,4,0.000000,s3_p4
1779294270.0,3,1,0.678006,s3_p1
1779294270.0,3,2,0.000000,s3_p2
1779294270.0,3,3,0.484290,s3_p3
1779294270.0,14,4,0.000000,s14_p4
1779294270.0,14,1,0.000000,s14_p1
1779294270.0,14,2,0.000000,s14_p2
1779294270.0,14,3,0.000000,s14_p3
1779294270.0,10,1,0.326930,s10_p1
1779294270.0,10,4,0.000000,s10_p4
1779294270.0,10,2,0.000000,s10_p2
1779294270.0,10,3,0.000000,s10_p3
1779294270.0,1,4,0.000000,s1_p4
1779294270.0,1,1,0.386841,s1_p1
1779294270.0,1,2,0.326397,s1_p2
1779294270.0,1,3,0.000000,s1_p3
1779294270.0,20,1,0.326731,s20_p1
1779294270.0,20,4,0.689766,s20_p4
1779294270.0,20,2,0.677665,s20_p2
1779294270.0,20,3,0.000000,s20_p3
1779294270.0,2,1,0.604945,s2_p1
1779294270.0,2,4,0.000000,s2_p4
1779294270.0,2,2,0.000000,s2_p2
1779294270.0,2,3,0.157286,s2_p3
1779294270.0,9,1,0.387041,s9_p1
1779294270.0,9,4,0.000000,s9_p4
1779294270.0,9,2,0.604752,s9_p2
1779294270.0,9,3,0.157235,s9_p3
1779294270.0,18,1,0.000000,s18_p1
1779294270.0,18,4,0.000000,s18_p4
1779294270.0,18,2,0.000000,s18_p2
1779294270.0,18,3,0.000000,s18_p3
1779294270.0,12,4,0.689401,s12_p4
1779294270.0,12,1,0.677306,s12_p1
1779294270.0,12,2,0.000000,s12_p2
1779294270.0,12,3,0.000000,s12_p3
1779294270.0,17,4,0.000000,s17_p4
1779294270.0,17,1,0.991930,s17_p1
1779294270.0,17,2,0.157257,s17_p2
1779294270.0,17,3,0.495965,s17_p3
1779294270.0,11,4,0.000000,s11_p4
1779294270.0,11,1,0.000000,s11_p1
1779294270.0,11,2,0.157266,s11_p2
1779294270.0,11,3,0.495992,s11_p3
1779294270.0,16,1,0.000000,s16_p1
1779294270.0,16,4,1.000000,s16_p4
1779294270.0,16,2,0.689453,s16_p2
1779294270.0,16,3,0.000000,s16_p3
1779294270.0,7,1,0.000000,s7_p1
1779294270.0,7,4,0.834695,s7_p4
1779294270.0,7,2,0.000000,s7_p2
1779294270.0,7,3,0.750016,s7_p3
1779294270.0,4,1,0.157210,s4_p1
1779294270.0,4,4,0.689306,s4_p4
1779294270.0,4,2,0.000000,s4_p2
1779294270.0,4,3,0.000000,s4_p3
1779294270.0,5,4,0.000000,s5_p4
1779294270.0,5,1,0.000000,s5_p1
1779294270.0,5,2,0.495860,s5_p2
1779294270.0,5,3,0.266071,s5_p3
1779294270.0,1,4,0.000000,s1_p4
1779294270.0,1,1,0.410996,s1_p1
1779294270.0,1,2,0.290115,s1_p2
1779294270.0,1,3,0.000000,s1_p3
1779294270.0,14,4,0.000000,s14_p4
1779294270.0,14,1,0.000000,s14_p1
1779294270.0,14,2,0.000000,s14_p2
1779294270.0,14,3,0.000000,s14_p3
1779294270.0,10,1,0.289822,s10_p1
1779294270.0,10,4,0.000000,s10_p4
1779294270.0,10,2,0.000000,s10_p2
1779294270.0,10,3,0.000000,s10_p3
1779294270.0,3,4,0.000000,s3_p4
1779294270.0,3,1,0.712361,s3_p1
1779294270.0,3,2,0.000000,s3_p2
1779294270.0,3,3,0.495030,s3_p3
1779294270.0,7,1,0.000000,s7_p1
1779294270.0,7,4,0.833452,s7_p4
1779294270.0,7,2,0.000000,s7_p2
1779294270.0,7,3,0.760978,s7_p3
1779294270.0,13,4,0.000000,s13_p4
1779294270.0,13,1,0.494470,s13_p1
1779294270.0,13,2,0.277386,s13_p2
1779294270.0,13,3,0.518591,s13_p3
1779294270.0,8,4,0.422115,s8_p4
1779294270.0,8,1,0.000000,s8_p1
1779294270.0,8,2,0.687444,s8_p2
1779294270.0,8,3,0.000000,s8_p3
1779294270.0,20,1,0.289728,s20_p1
1779294270.0,20,4,0.688105,s20_p4
1779294270.0,20,2,0.712249,s20_p2
1779294270.0,20,3,0.000000,s20_p3
1779294270.0,15,4,0.000000,s15_p4
1779294270.0,15,1,0.000000,s15_p1
1779294270.0,15,2,0.000000,s15_p2
1779294270.0,15,3,0.759773,s15_p3
1779294270.0,4,1,0.169054,s4_p1
1779294270.0,4,4,0.688291,s4_p4
1779294270.0,4,2,0.000000,s4_p2
1779294270.0,4,3,0.000000,s4_p3
1779294270.0,11,4,0.000000,s11_p4
1779294270.0,11,1,0.000000,s11_p1
1779294270.0,11,2,0.168838,s11_p2
1779294270.0,11,3,0.482393,s11_p3
1779294270.0,16,1,0.000000,s16_p1
1779294270.0,16,4,1.000000,s16_p4
1779294270.0,16,2,0.687280,s16_p2
1779294270.0,16,3,0.000000,s16_p3
1779294270.0,18,1,0.000000,s18_p1
1779294270.0,18,4,0.000000,s18_p4
1779294270.0,18,2,0.000000,s18_p2
1779294270.0,18,3,0.000000,s18_p3
1779294270.0,12,4,0.687152,s12_p4
1779294270.0,12,1,0.711262,s12_p1
1779294270.0,12,2,0.000000,s12_p2
1779294270.0,12,3,0.000000,s12_p3
1779294270.0,5,4,0.000000,s5_p4
1779294270.0,5,1,0.000000,s5_p1
1779294270.0,5,2,0.482322,s5_p2
1779294270.0,5,3,0.277335,s5_p3
1779294270.0,17,4,0.000000,s17_p4
1779294270.0,17,1,1.000000,s17_p1
1779294270.0,17,2,0.168768,s17_p2
1779294270.0,17,3,0.482194,s17_p3
1779294270.0,2,1,0.590588,s2_p1
1779294270.0,2,4,0.000000,s2_p4
1779294270.0,2,2,0.000000,s2_p2
1779294270.0,2,3,0.168739,s2_p3
1779294270.0,19,1,0.000000,s19_p1
1779294270.0,19,4,0.000000,s19_p4
1779294270.0,19,2,0.000000,s19_p2
1779294270.0,19,3,0.000000,s19_p3
1779294270.0,9,1,0.409575,s9_p1
1779294270.0,9,4,0.000000,s9_p4
1779294270.0,9,2,0.590270,s9_p2
1779294270.0,9,3,0.168648,s9_p3
1779294270.0,6,1,0.276430,s6_p1
1779294270.0,6,4,0.000000,s6_p4
1779294270.0,6,2,0.000000,s6_p2
1779294270.0,6,3,0.516804,s6_p3
1779294271.0,6,1,0.267393,s6_p1
1779294271.0,6,4,0.000000,s6_p4
1779294271.0,6,2,0.000000,s6_p2
1779294271.0,6,3,0.510478,s6_p3
1779294271.0,3,4,0.000000,s3_p4
1779294271.0,3,1,0.690059,s3_p1
1779294271.0,3,2,0.000000,s3_p2
1779294271.0,3,3,0.484252,s3_p3
1779294271.0,14,4,0.000000,s14_p4
1779294271.0,14,1,0.000000,s14_p1
1779294271.0,14,2,0.000000,s14_p2
1779294271.0,14,3,0.000000,s14_p3
1779294271.0,1,4,0.000000,s1_p4
1779294271.0,1,1,0.411141,s1_p1
1779294271.0,1,2,0.314402,s1_p2
1779294271.0,1,3,0.000000,s1_p3
1779294271.0,4,1,0.169584,s4_p1
1779294271.0,4,4,0.690451,s4_p4
1779294271.0,4,2,0.000000,s4_p2
1779294271.0,4,3,0.000000,s4_p3
1779294271.0,15,4,0.000000,s15_p4
1779294271.0,15,1,0.000000,s15_p1
1779294271.0,15,2,0.000000,s15_p2
1779294271.0,15,3,0.750944,s15_p3
1779294271.0,8,4,0.411764,s8_p4
1779294271.0,8,1,0.000000,s8_p1
1779294271.0,8,2,0.690310,s8_p2
1779294271.0,8,3,0.000000,s8_p3
1779294271.0,7,1,0.000000,s7_p1
1779294271.0,7,4,0.823321,s7_p4
1779294271.0,7,2,0.000000,s7_p2
1779294271.0,7,3,0.750675,s7_p3
1779294271.0,13,4,0.000000,s13_p4
1779294271.0,13,1,0.484365,s13_p1
1779294271.0,13,2,0.266401,s13_p2
1779294271.0,13,3,0.508583,s13_p3
1779294271.0,10,1,0.314506,s10_p1
1779294271.0,10,4,0.000000,s10_p4
1779294271.0,10,2,0.000000,s10_p2
1779294271.0,10,3,0.000000,s10_p3
1779294271.0,5,4,0.000000,s5_p4
1779294271.0,5,1,0.000000,s5_p1
1779294271.0,5,2,0.485030,s5_p2
1779294271.0,5,3,0.266766,s5_p3
1779294271.0,18,1,0.000000,s18_p1
1779294271.0,18,4,0.000000,s18_p4
1779294271.0,18,2,0.000000,s18_p2
1779294271.0,18,3,0.000000,s18_p3
1779294271.0,20,1,0.314739,s20_p1
1779294271.0,20,4,0.690005,s20_p4
1779294271.0,20,2,0.690005,s20_p2
1779294271.0,20,3,0.000000,s20_p3
1779294271.0,12,4,0.691082,s12_p4
1779294271.0,12,1,0.691082,s12_p1
1779294271.0,12,2,0.000000,s12_p2
1779294271.0,12,3,0.000000,s12_p3
1779294271.0,16,1,0.000000,s16_p1
1779294271.0,16,4,1.000000,s16_p4
1779294271.0,16,2,0.690832,s16_p2
1779294271.0,16,3,0.000000,s16_p3
1779294271.0,11,4,0.000000,s11_p4
1779294271.0,11,1,0.000000,s11_p1
1779294271.0,11,2,0.169628,s11_p2
1779294271.0,11,3,0.484653,s11_p3
1779294271.0,17,4,0.000000,s17_p4
1779294271.0,17,1,1.000000,s17_p1
1779294271.0,17,2,0.169686,s17_p2
1779294271.0,17,3,0.484816,s17_p3
1779294271.0,9,1,0.412234,s9_p1
1779294271.0,9,4,0.000000,s9_p4
1779294271.0,9,2,0.594101,s9_p2
1779294271.0,9,3,0.169743,s9_p3
1779294271.0,19,1,0.000000,s19_p1
1779294271.0,19,4,0.000000,s19_p4
1779294271.0,19,2,0.000000,s19_p2
1779294271.0,19,3,0.000000,s19_p3
1779294271.0,2,1,0.593699,s2_p1
1779294271.0,2,4,0.000000,s2_p4
1779294271.0,2,2,0.000000,s2_p2
1779294271.0,2,3,0.169628,s2_p3
1779294271.0,6,1,0.265449,s6_p1
1779294271.0,6,4,0.000000,s6_p4
1779294271.0,6,2,0.000000,s6_p2
1779294271.0,6,3,0.518831,s6_p3
1779294271.0,12,4,0.700107,s12_p4
1779294271.0,12,1,0.688036,s12_p1
1779294271.0,12,2,0.000000,s12_p2
1779294271.0,12,3,0.000000,s12_p3
1779294271.0,15,4,0.000000,s15_p4
1779294271.0,15,1,0.000000,s15_p1
1779294271.0,15,2,0.000000,s15_p2
1779294271.0,15,3,0.747922,s15_p3
1779294271.0,13,4,0.000000,s13_p4
1779294271.0,13,1,0.482548,s13_p1
1779294271.0,13,2,0.265402,s13_p2
1779294271.0,13,3,0.518739,s13_p3
1779294271.0,8,4,0.410139,s8_p4
1779294271.0,8,1,0.000000,s8_p1
1779294271.0,8,2,0.699648,s8_p2
1779294271.0,8,3,0.000000,s8_p3
1779294271.0,20,1,0.301711,s20_p1
1779294271.0,20,4,0.699969,s20_p4
1779294271.0,20,2,0.687901,s20_p2
1779294271.0,20,3,0.000000,s20_p3
1779294271.0,5,4,0.000000,s5_p4
1779294271.0,5,1,0.000000,s5_p1
1779294271.0,5,2,0.482694,s5_p2
1779294271.0,5,3,0.265482,s5_p3
1779294271.0,1,4,0.000000,s1_p4
1779294271.0,1,1,0.434001,s1_p1
1779294271.0,1,2,0.301390,s1_p2
1779294271.0,1,3,0.000000,s1_p3
1779294271.0,7,1,0.000000,s7_p1
1779294271.0,7,4,0.832270,s7_p4
1779294271.0,7,2,0.000000,s7_p2
1779294271.0,7,3,0.747837,s7_p3
1779294271.0,10,1,0.301548,s10_p1
1779294271.0,10,4,0.000000,s10_p4
1779294271.0,10,2,0.000000,s10_p2
1779294271.0,10,3,0.000000,s10_p3
1779294271.0,3,4,0.000000,s3_p4
1779294271.0,3,1,0.686991,s3_p1
1779294271.0,3,2,0.000000,s3_p2
1779294271.0,3,3,0.482099,s3_p3
1779294271.0,4,1,0.168834,s4_p1
1779294271.0,4,4,0.699455,s4_p4
1779294271.0,4,2,0.000000,s4_p2
1779294271.0,4,3,0.000000,s4_p3
1779294271.0,18,1,0.000000,s18_p1
1779294271.0,18,4,0.000000,s18_p4
1779294271.0,18,2,0.000000,s18_p2
1779294271.0,18,3,0.000000,s18_p3
1779294271.0,14,4,0.000000,s14_p4
1779294271.0,14,1,0.000000,s14_p1
1779294271.0,14,2,0.000000,s14_p2
1779294271.0,14,3,0.000000,s14_p3
1779294271.0,16,1,0.000000,s16_p1
1779294271.0,16,4,0.989676,s16_p4
1779294271.0,16,2,0.700015,s16_p2
1779294271.0,16,3,0.000000,s16_p3
1779294271.0,17,4,0.000000,s17_p4
1779294271.0,17,1,1.000000,s17_p1
1779294271.0,17,2,0.168981,s17_p2
1779294271.0,17,3,0.482803,s17_p3
1779294271.0,2,1,0.567286,s2_p1
1779294271.0,2,4,0.000000,s2_p4
1779294271.0,2,2,0.000000,s2_p2
1779294271.0,2,3,0.168979,s2_p3
1779294271.0,19,1,0.000000,s19_p1
1779294271.0,19,4,0.000000,s19_p4
1779294271.0,19,2,0.000000,s19_p2
1779294271.0,19,3,0.000000,s19_p3
1779294271.0,11,4,0.000000,s11_p4
1779294271.0,11,1,0.000000,s11_p1
1779294271.0,11,2,0.168899,s11_p2
1779294271.0,11,3,0.482568,s11_p3
1779294271.0,9,1,0.434441,s9_p1
1779294271.0,9,4,0.000000,s9_p4
1779294271.0,9,2,0.567187,s9_p2
1779294271.0,9,3,0.168949,s9_p3
1779294272.0,6,1,0.277989,s6_p1
1779294272.0,6,4,0.000000,s6_p4
1779294272.0,6,2,0.000000,s6_p2
1779294272.0,6,3,0.507632,s6_p3
1779294272.0,19,1,0.000000,s19_p1
1779294272.0,19,4,0.000000,s19_p4
1779294272.0,19,2,0.000000,s19_p2
1779294272.0,19,3,0.000000,s19_p3
1779294272.0,17,4,0.000000,s17_p4
1779294272.0,17,1,0.990407,s17_p1
1779294272.0,17,2,0.169094,s17_p2
1779294272.0,17,3,0.483125,s17_p3
1779294272.0,20,1,0.325991,s20_p1
1779294272.0,20,4,0.688204,s20_p4
1779294272.0,20,2,0.676130,s20_p2
1779294272.0,20,3,0.000000,s20_p3
1779294272.0,2,1,0.543652,s2_p1
1779294272.0,2,4,0.000000,s2_p4
1779294272.0,2,2,0.000000,s2_p2
1779294272.0,2,3,0.169136,s2_p3
1779294272.0,5,4,0.000000,s5_p4
1779294272.0,5,1,0.000000,s5_p1
1779294272.0,5,2,0.482931,s5_p2
1779294272.0,5,3,0.277686,s5_p3
1779294272.0,1,4,0.000000,s1_p4
1779294272.0,1,1,0.446712,s1_p1
1779294272.0,1,2,0.325979,s1_p2
1779294272.0,1,3,0.000000,s1_p3
1779294272.0,4,1,0.169039,s4_p1
1779294272.0,4,4,0.688230,s4_p4
1779294272.0,4,2,0.000000,s4_p2
1779294272.0,4,3,0.000000,s4_p3
1779294272.0,15,4,0.000000,s15_p4
1779294272.0,15,1,0.000000,s15_p1
1779294272.0,15,2,0.000000,s15_p2
1779294272.0,15,3,0.748395,s15_p3
1779294272.0,7,1,0.000000,s7_p1
1779294272.0,7,4,0.833010,s7_p4
1779294272.0,7,2,0.000000,s7_p2
1779294272.0,7,3,0.748502,s7_p3
1779294272.0,8,4,0.422487,s8_p4
1779294272.0,8,1,0.000000,s8_p1
1779294272.0,8,2,0.688051,s8_p2
1779294272.0,8,3,0.000000,s8_p3
1779294272.0,14,4,0.000000,s14_p4
1779294272.0,14,1,0.000000,s14_p1
1779294272.0,14,2,0.000000,s14_p2
1779294272.0,14,3,0.000000,s14_p3
1779294272.0,18,1,0.000000,s18_p1
1779294272.0,18,4,0.000000,s18_p4
1779294272.0,18,2,0.000000,s18_p2
1779294272.0,18,3,0.000000,s18_p3
1779294272.0,13,4,0.000000,s13_p4
1779294272.0,13,1,0.482792,s13_p1
1779294272.0,13,2,0.277606,s13_p2
1779294272.0,13,3,0.506932,s13_p3
1779294272.0,12,4,0.687875,s12_p4
1779294272.0,12,1,0.675807,s12_p1
1779294272.0,12,2,0.000000,s12_p2
1779294272.0,12,3,0.000000,s12_p3
1779294272.0,10,1,0.325918,s10_p1
1779294272.0,10,4,0.000000,s10_p4
1779294272.0,10,2,0.000000,s10_p2
1779294272.0,10,3,0.000000,s10_p3
1779294272.0,3,4,0.000000,s3_p4
1779294272.0,3,1,0.675974,s3_p1
1779294272.0,3,2,0.000000,s3_p2
1779294272.0,3,3,0.482839,s3_p3
1779294272.0,16,1,0.000000,s16_p1
1779294272.0,16,4,1.000000,s16_p4
1779294272.0,16,2,0.688082,s16_p2
1779294272.0,16,3,0.000000,s16_p3
1779294272.0,11,4,0.000000,s11_p4
1779294272.0,11,1,0.000000,s11_p1
1779294272.0,11,2,0.169044,s11_p2
1779294272.0,11,3,0.482981,s11_p3
1779294272.0,9,1,0.446743,s9_p1
1779294272.0,9,4,0.000000,s9_p4
1779294272.0,9,2,0.543335,s9_p2
1779294272.0,9,3,0.169038,s9_p3
1779294272.0,19,1,0.000000,s19_p1
1779294272.0,19,4,0.000000,s19_p4
1779294272.0,19,2,0.000000,s19_p2
1779294272.0,19,3,0.000000,s19_p3
1779294272.0,14,4,0.000000,s14_p4
1779294272.0,14,1,0.000000,s14_p1
1779294272.0,14,2,0.000000,s14_p2
1779294272.0,14,3,0.000000,s14_p3
1779294272.0,3,4,0.000000,s3_p4
1779294272.0,3,1,0.702134,s3_p1
1779294272.0,3,2,0.000000,s3_p2
1779294272.0,3,3,0.484231,s3_p3
1779294272.0,6,1,0.265542,s6_p1
1779294272.0,6,4,0.000000,s6_p4
1779294272.0,6,2,0.000000,s6_p2
1779294272.0,6,3,0.506944,s6_p3
1779294272.0,4,1,0.169290,s4_p1
1779294272.0,4,4,0.689252,s4_p4
1779294272.0,4,2,0.000000,s4_p2
1779294272.0,4,3,0.000000,s4_p3
1779294272.0,15,4,0.000000,s15_p4
1779294272.0,15,1,0.000000,s15_p1
1779294272.0,15,2,0.000000,s15_p2
1779294272.0,15,3,0.749679,s15_p3
1779294272.0,12,4,0.689297,s12_p4
1779294272.0,12,1,0.701390,s12_p1
1779294272.0,12,2,0.000000,s12_p2
1779294272.0,12,3,0.000000,s12_p3
1779294272.0,5,4,0.000000,s5_p4
1779294272.0,5,1,0.000000,s5_p1
1779294272.0,5,2,0.483589,s5_p2
1779294272.0,5,3,0.265974,s5_p3
1779294272.0,7,1,0.000000,s7_p1
1779294272.0,7,4,0.822185,s7_p4
1779294272.0,7,2,0.000000,s7_p2
1779294272.0,7,3,0.749639,s7_p3
1779294272.0,8,4,0.411093,s8_p4
1779294272.0,8,1,0.000000,s8_p1
1779294272.0,8,2,0.689185,s8_p2
1779294272.0,8,3,0.000000,s8_p3
1779294272.0,13,4,0.000000,s13_p4
1779294272.0,13,1,0.483668,s13_p1
1779294272.0,13,2,0.266017,s13_p2
1779294272.0,13,3,0.507851,s13_p3
1779294272.0,1,4,0.000000,s1_p4
1779294272.0,1,1,0.447294,s1_p1
1779294272.0,1,2,0.302226,s1_p2
1779294272.0,1,3,0.000000,s1_p3
1779294272.0,20,1,0.302196,s20_p1
1779294272.0,20,4,0.689008,s20_p4
1779294272.0,20,2,0.701096,s20_p2
1779294272.0,20,3,0.000000,s20_p3
1779294272.0,10,1,0.302294,s10_p1
1779294272.0,10,4,0.000000,s10_p4
1779294272.0,10,2,0.000000,s10_p2
1779294272.0,10,3,0.000000,s10_p3
1779294272.0,16,1,0.000000,s16_p1
1779294272.0,16,4,1.000000,s16_p4
1779294272.0,16,2,0.688949,s16_p2
1779294272.0,16,3,0.000000,s16_p3
1779294272.0,2,1,0.555753,s2_p1
1779294272.0,2,4,0.000000,s2_p4
1779294272.0,2,2,0.000000,s2_p2
1779294272.0,2,3,0.169142,s2_p3
1779294272.0,11,4,0.000000,s11_p4
1779294272.0,11,1,0.000000,s11_p1
1779294272.0,11,2,0.169240,s11_p2
1779294272.0,11,3,0.483543,s11_p3
1779294272.0,17,4,0.000000,s17_p4
1779294272.0,17,1,1.000000,s17_p1
1779294272.0,17,2,0.169111,s17_p2
1779294272.0,17,3,0.483175,s17_p3
1779294272.0,18,1,0.000000,s18_p1
1779294272.0,18,4,0.000000,s18_p4
1779294272.0,18,2,0.000000,s18_p2
1779294272.0,18,3,0.000000,s18_p3
1779294272.0,9,1,0.447224,s9_p1
1779294272.0,9,4,0.000000,s9_p4
1779294272.0,9,2,0.556009,s9_p2
1779294272.0,9,3,0.169220,s9_p3
1779294273.0,1,4,0.000000,s1_p4
1779294273.0,1,1,0.387804,s1_p1
1779294273.0,1,2,0.302972,s1_p2
1779294273.0,1,3,0.145427,s1_p3
1779294273.0,10,1,0.302732,s10_p1
1779294273.0,10,4,0.230076,s10_p4
1779294273.0,10,2,0.000000,s10_p2
1779294273.0,10,3,0.000000,s10_p3
1779294273.0,3,4,0.205609,s3_p4
1779294273.0,3,1,0.725680,s3_p1
1779294273.0,3,2,0.001360,s3_p2
1779294273.0,3,3,0.399124,s3_p3
1779294273.0,6,1,0.205608,s6_p1
1779294273.0,6,4,0.000000,s6_p4
1779294273.0,6,2,0.108851,s6_p2
1779294273.0,6,3,0.521427,s6_p3
1779294273.0,14,4,0.000000,s14_p4
1779294273.0,14,1,0.169310,s14_p1
1779294273.0,14,2,0.000000,s14_p2
1779294273.0,14,3,0.000000,s14_p3
1779294273.0,7,1,0.000000,s7_p1
1779294273.0,7,4,0.750001,s7_p4
1779294273.0,7,2,0.241936,s7_p2
1779294273.0,7,3,0.677420,s7_p3
1779294273.0,18,1,0.000000,s18_p1
1779294273.0,18,4,0.000000,s18_p4
1779294273.0,18,2,0.000000,s18_p2
1779294273.0,18,3,0.000000,s18_p3
1779294273.0,13,4,0.000000,s13_p4
1779294273.0,13,1,0.448902,s13_p1
1779294273.0,13,2,0.205627,s13_p2
1779294273.0,13,3,0.521476,s13_p3
1779294273.0,4,1,0.181396,s4_p1
1779294273.0,4,4,0.640934,s4_p4
1779294273.0,4,2,0.060465,s4_p2
1779294273.0,4,3,0.052451,s4_p3
1779294273.0,12,4,0.786122,s12_p4
1779294273.0,12,1,0.725651,s12_p1
1779294273.0,12,2,0.060471,s12_p2
1779294273.0,12,3,0.000000,s12_p3
1779294273.0,15,4,0.000000,s15_p4
1779294273.0,15,1,0.000000,s15_p1
1779294273.0,15,2,0.145123,s15_p2
1779294273.0,15,3,0.677239,s15_p3
1779294273.0,20,1,0.302379,s20_p1
1779294273.0,20,4,0.616852,s20_p4
1779294273.0,20,2,0.786185,s20_p2
1779294273.0,20,3,0.169332,s20_p3
1779294273.0,8,4,0.689514,s8_p4
1779294273.0,8,1,0.000000,s8_p1
1779294273.0,8,2,0.761936,s8_p2
1779294273.0,8,3,0.000000,s8_p3
1779294273.0,16,1,0.000000,s16_p1
1779294273.0,16,4,1.000000,s16_p4
1779294273.0,16,2,0.616841,s16_p2
1779294273.0,16,3,0.000000,s16_p3
1779294273.0,5,4,0.000000,s5_p4
1779294273.0,5,1,0.170578,s5_p1
1779294273.0,5,2,0.447221,s5_p2
1779294273.0,5,3,0.206839,s5_p3
1779294273.0,2,1,0.616822,s2_p1
1779294273.0,2,4,0.229796,s2_p4
1779294273.0,2,2,0.000000,s2_p2
1779294273.0,2,3,0.181418,s2_p3
1779294273.0,19,1,0.000000,s19_p1
1779294273.0,19,4,0.000000,s19_p4
1779294273.0,19,2,0.000000,s19_p2
1779294273.0,19,3,0.000000,s19_p3
1779294273.0,11,4,0.000000,s11_p4
1779294273.0,11,1,0.001360,s11_p1
1779294273.0,11,2,0.181416,s11_p2
1779294273.0,11,3,0.451573,s11_p3
1779294273.0,9,1,0.387081,s9_p1
1779294273.0,9,4,0.000000,s9_p4
1779294273.0,9,2,0.616910,s9_p2
1779294273.0,9,3,0.326599,s9_p3
1779294273.0,17,4,0.145127,s17_p4
1779294273.0,17,1,1.000000,s17_p1
1779294273.0,17,2,0.182769,s17_p2
1779294273.0,17,3,0.447475,s17_p3
1779294273.0,19,1,0.000000,s19_p1
1779294273.0,19,4,0.000000,s19_p4
1779294273.0,19,2,0.000000,s19_p2
1779294273.0,19,3,0.000000,s19_p3
1779294273.0,14,4,0.000000,s14_p4
1779294273.0,14,1,0.761381,s14_p1
1779294273.0,14,2,0.000000,s14_p2
1779294273.0,14,3,0.000000,s14_p3
1779294273.0,1,4,0.012216,s1_p4
1779294273.0,1,1,0.745911,s1_p1
1779294273.0,1,2,0.214719,s1_p2
1779294273.0,1,3,0.567554,s1_p3
1779294273.0,6,1,0.000000,s6_p1
1779294273.0,6,4,0.000000,s6_p4
1779294273.0,6,2,0.495569,s6_p2
1779294273.0,6,3,0.106163,s6_p3
1779294273.0,10,1,0.746488,s10_p1
1779294273.0,10,4,0.797548,s10_p4
1779294273.0,10,2,0.001582,s10_p2
1779294273.0,10,3,0.000000,s10_p3
1779294273.0,3,4,0.737184,s3_p4
1779294273.0,3,1,0.779617,s3_p1
1779294273.0,3,2,0.000000,s3_p2
1779294273.0,3,3,0.000000,s3_p3
1779294273.0,5,4,0.000000,s5_p4
1779294273.0,5,1,0.761886,s5_p1
1779294273.0,5,2,0.169308,s5_p2
1779294273.0,5,3,0.000000,s5_p3
1779294273.0,15,4,0.000000,s15_p4
1779294273.0,15,1,0.012229,s15_p1
1779294273.0,15,2,0.555928,s15_p2
1779294273.0,15,3,0.108769,s15_p3
1779294273.0,18,1,0.000000,s18_p1
1779294273.0,18,4,0.000000,s18_p4
1779294273.0,18,2,0.000000,s18_p2
1779294273.0,18,3,0.000000,s18_p3
1779294273.0,4,1,0.173925,s4_p1
1779294273.0,4,4,0.181262,s4_p4
1779294273.0,4,2,0.218873,s4_p2
1779294273.0,4,3,0.177330,s4_p3
1779294273.0,12,4,0.978961,s12_p4
1779294273.0,12,1,0.779716,s12_p1
1779294273.0,12,2,0.218874,s12_p2
1779294273.0,12,3,0.000000,s12_p3
1779294273.0,7,1,0.012225,s7_p1
1779294273.0,7,4,0.248530,s7_p4
1779294273.0,7,2,0.821674,s7_p2
1779294273.0,7,3,0.108732,s7_p3
1779294273.0,8,4,0.840621,s8_p4
1779294273.0,8,1,0.012228,s8_p1
1779294273.0,8,2,0.761278,s8_p2
1779294273.0,8,3,0.000000,s8_p3
1779294273.0,20,1,0.748154,s20_p1
1779294273.0,20,4,0.229869,s20_p4
1779294273.0,20,2,0.998514,s20_p2
1779294273.0,20,3,0.761244,s20_p3
1779294273.0,13,4,0.000000,s13_p4
1779294273.0,13,1,0.169148,s13_p1
1779294273.0,13,2,0.012226,s13_p2
1779294273.0,13,3,0.106149,s13_p3
1779294273.0,16,1,0.012228,s16_p1
1779294273.0,16,4,1.000000,s16_p4
1779294273.0,16,2,0.217662,s16_p2
1779294273.0,16,3,0.000000,s16_p3
1779294273.0,9,1,0.214950,s9_p1
1779294273.0,9,4,0.000000,s9_p4
1779294273.0,9,2,0.271318,s9_p2
1779294273.0,9,3,0.754340,s9_p3
1779294273.0,2,1,0.267440,s2_p1
1779294273.0,2,4,0.785489,s2_p4
1779294273.0,2,2,0.005435,s2_p2
1779294273.0,2,3,0.186158,s2_p3
1779294273.0,17,4,0.568160,s17_p4
1779294273.0,17,1,0.486263,s17_p1
1779294273.0,17,2,0.173944,s17_p2
1779294273.0,17,3,0.181426,s17_p3
1779294273.0,11,4,0.000000,s11_p4
1779294273.0,11,1,0.000000,s11_p1
1779294273.0,11,2,0.173930,s11_p2
1779294273.0,11,3,0.177334,s11_p3
1779294274.0,3,4,0.735853,s3_p4
1779294274.0,3,1,0.678696,s3_p1
1779294274.0,3,2,0.000000,s3_p2
1779294274.0,3,3,0.000000,s3_p3
1779294274.0,1,4,0.000000,s1_p4
1779294274.0,1,1,0.796012,s1_p1
1779294274.0,1,2,0.000000,s1_p2
1779294274.0,1,3,0.554796,s1_p3
1779294274.0,15,4,0.000000,s15_p4
1779294274.0,15,1,0.000000,s15_p1
1779294274.0,15,2,0.555274,s15_p2
1779294274.0,15,3,0.000000,s15_p3
1779294274.0,10,1,0.796015,s10_p1
1779294274.0,10,4,0.783954,s10_p4
1779294274.0,10,2,0.000000,s10_p2
1779294274.0,10,3,0.000000,s10_p3
1779294274.0,19,1,0.000000,s19_p1
1779294274.0,19,4,0.000000,s19_p4
1779294274.0,19,2,0.000000,s19_p2
1779294274.0,19,3,0.000000,s19_p3
1779294274.0,14,4,0.000000,s14_p4
1779294274.0,14,1,0.735568,s14_p1
1779294274.0,14,2,0.000000,s14_p2
1779294274.0,14,3,0.000000,s14_p3
1779294274.0,6,1,0.000000,s6_p1
1779294274.0,6,4,0.000000,s6_p4
1779294274.0,6,2,0.482393,s6_p2
1779294274.0,6,3,0.000000,s6_p3
1779294274.0,8,4,0.700177,s8_p4
1779294274.0,8,1,0.000000,s8_p1
1779294274.0,8,2,0.555313,s8_p2
1779294274.0,8,3,0.000000,s8_p3
1779294274.0,5,4,0.000000,s5_p4
1779294274.0,5,1,0.735767,s5_p1
1779294274.0,5,2,0.180926,s5_p2
1779294274.0,5,3,0.000000,s5_p3
1779294274.0,2,1,0.000000,s2_p1
1779294274.0,2,4,0.784554,s2_p4
1779294274.0,2,2,0.000000,s2_p2
1779294274.0,2,3,0.000000,s2_p3
1779294274.0,18,1,0.000000,s18_p1
1779294274.0,18,4,0.000000,s18_p4
1779294274.0,18,2,0.000000,s18_p2
1779294274.0,18,3,0.000000,s18_p3
1779294274.0,13,4,0.000000,s13_p4
1779294274.0,13,1,0.180954,s13_p1
1779294274.0,13,2,0.000000,s13_p2
1779294274.0,13,3,0.000000,s13_p3
1779294274.0,17,4,0.555194,s17_p4
1779294274.0,17,1,0.000000,s17_p1
1779294274.0,17,2,0.000000,s17_p2
1779294274.0,17,3,0.181042,s17_p3
1779294274.0,7,1,0.000000,s7_p1
1779294274.0,7,4,0.000000,s7_p4
1779294274.0,7,2,0.808169,s7_p2
1779294274.0,7,3,0.000000,s7_p3
1779294274.0,20,1,0.796134,s20_p1
1779294274.0,20,4,0.000000,s20_p4
1779294274.0,20,2,0.968170,s20_p2
1779294274.0,20,3,0.735821,s20_p3
1779294274.0,12,4,0.735722,s12_p4
1779294274.0,12,1,0.678576,s12_p1
1779294274.0,12,2,0.289464,s12_p2
1779294274.0,12,3,0.000000,s12_p3
1779294274.0,4,1,0.000000,s4_p1
1779294274.0,4,4,0.000000,s4_p4
1779294274.0,4,2,0.289453,s4_p2
1779294274.0,4,3,0.180908,s4_p3
1779294274.0,16,1,0.000000,s16_p1
1779294274.0,16,4,0.796049,s16_p4
1779294274.0,16,2,0.000000,s16_p2
1779294274.0,16,3,0.000000,s16_p3
1779294274.0,9,1,0.000000,s9_p1
1779294274.0,9,4,0.000000,s9_p4
1779294274.0,9,2,0.000000,s9_p2
1779294274.0,9,3,0.554815,s9_p3
1779294274.0,11,4,0.000000,s11_p4
1779294274.0,11,1,0.000000,s11_p1
1779294274.0,11,2,0.000000,s11_p2
1779294274.0,11,3,0.180924,s11_p3
1779294274.0,19,1,0.000000,s19_p1
1779294274.0,19,4,0.000000,s19_p4
1779294274.0,19,2,0.000000,s19_p2
1779294274.0,19,3,0.000000,s19_p3
1779294274.0,1,4,0.000000,s1_p4
1779294274.0,1,1,0.701400,s1_p1
1779294274.0,1,2,0.000000,s1_p2
1779294274.0,1,3,0.556283,s1_p3
1779294274.0,6,1,0.000000,s6_p1
1779294274.0,6,4,0.000000,s6_p4
1779294274.0,6,2,0.483738,s6_p2
1779294274.0,6,3,0.000000,s6_p3
1779294274.0,14,4,0.000000,s14_p4
1779294274.0,14,1,0.725569,s14_p1
1779294274.0,14,2,0.000000,s14_p2
1779294274.0,14,3,0.000000,s14_p3
1779294274.0,3,4,0.725398,s3_p4
1779294274.0,3,1,0.531958,s3_p1
1779294274.0,3,2,0.000000,s3_p2
1779294274.0,3,3,0.000000,s3_p3
1779294274.0,10,1,0.701162,s10_p1
1779294274.0,10,4,0.761607,s10_p4
1779294274.0,10,2,0.000000,s10_p2
1779294274.0,10,3,0.000000,s10_p3
1779294274.0,15,4,0.000000,s15_p4
1779294274.0,15,1,0.000000,s15_p1
1779294274.0,15,2,0.556050,s15_p2
1779294274.0,15,3,0.000000,s15_p3
1779294274.0,8,4,0.701019,s8_p4
1779294274.0,8,1,0.000000,s8_p1
1779294274.0,8,2,0.555981,s8_p2
1779294274.0,8,3,0.000000,s8_p3
1779294274.0,13,4,0.000000,s13_p4
1779294274.0,13,1,0.169327,s13_p1
1779294274.0,13,2,0.000000,s13_p2
1779294274.0,13,3,0.000000,s13_p3
1779294274.0,7,1,0.000000,s7_p1
1779294274.0,7,4,0.000000,s7_p4
1779294274.0,7,2,0.810191,s7_p2
1779294274.0,7,3,0.000000,s7_p3
1779294274.0,4,1,0.000000,s4_p1
1779294274.0,4,4,0.000000,s4_p4
1779294274.0,4,2,0.229755,s4_p2
1779294274.0,4,3,0.169293,s4_p3
1779294274.0,20,1,0.701061,s20_p1
1779294274.0,20,4,0.000000,s20_p4
1779294274.0,20,2,0.761497,s20_p2
1779294274.0,20,3,0.725235,s20_p3
1779294274.0,12,4,0.725200,s12_p4
1779294274.0,12,1,0.531814,s12_p1
1779294274.0,12,2,0.229647,s12_p2
1779294274.0,12,3,0.000000,s12_p3
1779294274.0,5,4,0.000000,s5_p4
1779294274.0,5,1,0.725022,s5_p1
1779294274.0,5,2,0.169172,s5_p2
1779294274.0,5,3,0.000000,s5_p3
1779294274.0,2,1,0.000000,s2_p1
1779294274.0,2,4,0.761019,s2_p4
1779294274.0,2,2,0.000000,s2_p2
1779294274.0,2,3,0.000000,s2_p3
1779294274.0,17,4,0.555669,s17_p4
1779294274.0,17,1,0.000000,s17_p1
1779294274.0,17,2,0.000000,s17_p2
1779294274.0,17,3,0.169117,s17_p3
1779294274.0,16,1,0.000000,s16_p1
1779294274.0,16,4,0.700990,s16_p4
1779294274.0,16,2,0.000000,s16_p2
1779294274.0,16,3,0.000000,s16_p3
1779294274.0,18,1,0.000000,s18_p1
1779294274.0,18,4,0.000000,s18_p4
1779294274.0,18,2,0.000000,s18_p2
1779294274.0,18,3,0.000000,s18_p3
1779294274.0,9,1,0.000000,s9_p1
1779294274.0,9,4,0.000000,s9_p4
1779294274.0,9,2,0.000000,s9_p2
1779294274.0,9,3,0.555841,s9_p3
1779294274.0,11,4,0.000000,s11_p4
1779294274.0,11,1,0.000000,s11_p1
1779294274.0,11,2,0.000000,s11_p2
1779294274.0,11,3,0.169166,s11_p3
1779294275.0,1,4,0.000000,s1_p4
1779294275.0,1,1,0.700536,s1_p1
1779294275.0,1,2,0.000000,s1_p2
1779294275.0,1,3,0.555597,s1_p3
1779294275.0,19,1,0.000000,s19_p1
1779294275.0,19,4,0.000000,s19_p4
1779294275.0,19,2,0.000000,s19_p2
1779294275.0,19,3,0.000000,s19_p3
1779294275.0,6,1,0.000000,s6_p1
1779294275.0,6,4,0.000000,s6_p4
1779294275.0,6,2,0.471007,s6_p2
1779294275.0,6,3,0.000000,s6_p3
1779294275.0,13,4,0.000000,s13_p4
1779294275.0,13,1,0.169090,s13_p1
1779294275.0,13,2,0.000000,s13_p2
1779294275.0,13,3,0.000000,s13_p3
1779294275.0,10,1,0.700215,s10_p1
1779294275.0,10,4,0.784723,s10_p4
1779294275.0,10,2,0.000000,s10_p2
1779294275.0,10,3,0.000000,s10_p3
1779294275.0,15,4,0.000000,s15_p4
1779294275.0,15,1,0.000000,s15_p1
1779294275.0,15,2,0.555358,s15_p2
1779294275.0,15,3,0.000000,s15_p3
1779294275.0,3,4,0.724140,s3_p4
1779294275.0,3,1,0.543105,s3_p1
1779294275.0,3,2,0.000000,s3_p2
1779294275.0,3,3,0.000000,s3_p3
1779294275.0,14,4,0.000000,s14_p4
1779294275.0,14,1,0.724110,s14_p1
1779294275.0,14,2,0.000000,s14_p2
1779294275.0,14,3,0.000000,s14_p3
1779294275.0,5,4,0.000000,s5_p4
1779294275.0,5,1,0.724818,s5_p1
1779294275.0,5,2,0.169124,s5_p2
1779294275.0,5,3,0.000000,s5_p3
1779294275.0,20,1,0.700518,s20_p1
1779294275.0,20,4,0.000000,s20_p4
1779294275.0,20,2,0.785063,s20_p2
1779294275.0,20,3,0.724674,s20_p3
1779294275.0,7,1,0.000000,s7_p1
1779294275.0,7,4,0.000000,s7_p4
1779294275.0,7,2,0.808835,s7_p2
1779294275.0,7,3,0.000000,s7_p3
1779294275.0,8,4,0.699950,s8_p4
1779294275.0,8,1,0.000000,s8_p1
1779294275.0,8,2,0.555132,s8_p2
1779294275.0,8,3,0.000000,s8_p3
1779294275.0,12,4,0.724659,s12_p4
1779294275.0,12,1,0.543495,s12_p1
1779294275.0,12,2,0.241553,s12_p2
1779294275.0,12,3,0.000000,s12_p3
1779294275.0,4,1,0.000000,s4_p1
1779294275.0,4,4,0.000000,s4_p4
1779294275.0,4,2,0.241439,s4_p2
1779294275.0,4,3,0.169008,s4_p3
1779294275.0,16,1,0.000000,s16_p1
1779294275.0,16,4,0.700592,s16_p4
1779294275.0,16,2,0.000000,s16_p2
1779294275.0,16,3,0.000000,s16_p3
1779294275.0,2,1,0.000000,s2_p1
1779294275.0,2,4,0.785017,s2_p4
1779294275.0,2,2,0.000000,s2_p2
1779294275.0,2,3,0.000000,s2_p3
1779294275.0,18,1,0.000000,s18_p1
1779294275.0,18,4,0.000000,s18_p4
1779294275.0,18,2,0.000000,s18_p2
1779294275.0,18,3,0.000000,s18_p3
1779294275.0,17,4,0.555557,s17_p4
1779294275.0,17,1,0.000000,s17_p1
1779294275.0,17,2,0.000000,s17_p2
1779294275.0,17,3,0.169083,s17_p3
1779294275.0,11,4,0.000000,s11_p4
1779294275.0,11,1,0.000000,s11_p1
1779294275.0,11,2,0.000000,s11_p2
1779294275.0,11,3,0.169140,s11_p3
1779294275.0,9,1,0.000000,s9_p1
1779294275.0,9,4,0.000000,s9_p4
1779294275.0,9,2,0.000000,s9_p2
1779294275.0,9,3,0.555634,s9_p3
1779294275.0,6,1,0.000000,s6_p1
1779294275.0,6,4,0.000000,s6_p4
1779294275.0,6,2,0.483309,s6_p2
1779294275.0,6,3,0.000000,s6_p3
1779294275.0,14,4,0.000000,s14_p4
1779294275.0,14,1,0.725129,s14_p1
1779294275.0,14,2,0.000000,s14_p2
1779294275.0,14,3,0.000000,s14_p3
1779294275.0,3,4,0.725001,s3_p4
1779294275.0,3,1,0.531667,s3_p1
1779294275.0,3,2,0.000000,s3_p2
1779294275.0,3,3,0.000000,s3_p3
1779294275.0,1,4,0.000000,s1_p4
1779294275.0,1,1,0.700180,s1_p1
1779294275.0,1,2,0.000000,s1_p2
1779294275.0,1,3,0.555315,s1_p3
1779294275.0,13,4,0.000000,s13_p4
1779294275.0,13,1,0.168958,s13_p1
1779294275.0,13,2,0.000000,s13_p2
1779294275.0,13,3,0.000000,s13_p3
1779294275.0,4,1,0.000000,s4_p1
1779294275.0,4,4,0.000000,s4_p4
1779294275.0,4,2,0.241533,s4_p2
1779294275.0,4,3,0.169073,s4_p3
1779294275.0,10,1,0.699930,s10_p1
1779294275.0,10,4,0.772336,s10_p4
1779294275.0,10,2,0.000000,s10_p2
1779294275.0,10,3,0.000000,s10_p3
1779294275.0,15,4,0.000000,s15_p4
1779294275.0,15,1,0.000000,s15_p1
1779294275.0,15,2,0.555121,s15_p2
1779294275.0,15,3,0.000000,s15_p3
1779294275.0,8,4,0.699835,s8_p4
1779294275.0,8,1,0.000000,s8_p1
1779294275.0,8,2,0.555042,s8_p2
1779294275.0,8,3,0.000000,s8_p3
1779294275.0,11,4,0.000000,s11_p4
1779294275.0,11,1,0.000000,s11_p1
1779294275.0,11,2,0.000000,s11_p2
1779294275.0,11,3,0.181087,s11_p3
1779294275.0,18,1,0.000000,s18_p1
1779294275.0,18,4,0.000000,s18_p4
1779294275.0,18,2,0.000000,s18_p2
1779294275.0,18,3,0.000000,s18_p3
1779294275.0,12,4,0.723883,s12_p4
1779294275.0,12,1,0.542912,s12_p1
1779294275.0,12,2,0.241294,s12_p2
1779294275.0,12,3,0.000000,s12_p3
1779294275.0,2,1,0.000000,s2_p1
1779294275.0,2,4,0.784570,s2_p4
1779294275.0,2,2,0.000000,s2_p2
1779294275.0,2,3,0.000000,s2_p3
1779294275.0,16,1,0.000000,s16_p1
1779294275.0,16,4,0.699999,s16_p4
1779294275.0,16,2,0.000000,s16_p2
1779294275.0,16,3,0.000000,s16_p3
1779294275.0,20,1,0.699617,s20_p1
1779294275.0,20,4,0.000000,s20_p4
1779294275.0,20,2,0.771991,s20_p2
1779294275.0,20,3,0.723742,s20_p3
1779294275.0,7,1,0.000000,s7_p1
1779294275.0,7,4,0.000000,s7_p4
1779294275.0,7,2,0.808166,s7_p2
1779294275.0,7,3,0.000000,s7_p3
1779294275.0,9,1,0.000000,s9_p1
1779294275.0,9,4,0.000000,s9_p4
1779294275.0,9,2,0.000000,s9_p2
1779294275.0,9,3,0.555274,s9_p3
1779294275.0,5,4,0.000000,s5_p4
1779294275.0,5,1,0.723591,s5_p1
1779294275.0,5,2,0.168838,s5_p2
1779294275.0,5,3,0.000000,s5_p3
1779294275.0,17,4,0.555145,s17_p4
1779294275.0,17,1,0.000000,s17_p1
1779294275.0,17,2,0.000000,s17_p2
1779294275.0,17,3,0.168957,s17_p3
1779294275.0,19,1,0.000000,s19_p1
1779294275.0,19,4,0.000000,s19_p4
1779294275.0,19,2,0.000000,s19_p2
1779294275.0,19,3,0.000000,s19_p3
1779294276.0,19,1,0.000000,s19_p1
1779294276.0,19,4,0.000000,s19_p4
1779294276.0,19,2,0.000000,s19_p2
1779294276.0,19,3,0.000000,s19_p3
1779294276.0,6,1,0.000000,s6_p1
1779294276.0,6,4,0.000000,s6_p4
1779294276.0,6,2,0.482830,s6_p2
1779294276.0,6,3,0.000000,s6_p3
1779294276.0,14,4,0.000000,s14_p4
1779294276.0,14,1,0.736263,s14_p1
1779294276.0,14,2,0.000000,s14_p2
1779294276.0,14,3,0.000000,s14_p3
1779294276.0,13,4,0.000000,s13_p4
1779294276.0,13,1,0.181258,s13_p1
1779294276.0,13,2,0.000000,s13_p2
1779294276.0,13,3,0.000000,s13_p3
1779294276.0,1,4,0.000000,s1_p4
1779294276.0,1,1,0.700067,s1_p1
1779294276.0,1,2,0.000000,s1_p2
1779294276.0,1,3,0.555226,s1_p3
1779294276.0,3,4,0.736203,s3_p4
1779294276.0,3,1,0.543100,s3_p1
1779294276.0,3,2,0.000000,s3_p2
1779294276.0,3,3,0.000000,s3_p3
1779294276.0,7,1,0.000000,s7_p1
1779294276.0,7,4,0.000000,s7_p4
1779294276.0,7,2,0.809773,s7_p2
1779294276.0,7,3,0.000000,s7_p3
1779294276.0,16,1,0.000000,s16_p1
1779294276.0,16,4,0.700896,s16_p4
1779294276.0,16,2,0.000000,s16_p2
1779294276.0,16,3,0.000000,s16_p3
1779294276.0,18,1,0.000000,s18_p1
1779294276.0,18,4,0.000000,s18_p4
1779294276.0,18,2,0.000000,s18_p2
1779294276.0,18,3,0.000000,s18_p3
1779294276.0,2,1,0.000000,s2_p1
1779294276.0,2,4,0.761240,s2_p4
1779294276.0,2,2,0.000000,s2_p2
1779294276.0,2,3,0.000000,s2_p3
1779294276.0,4,1,0.000000,s4_p1
1779294276.0,4,4,0.000000,s4_p4
1779294276.0,4,2,0.229347,s4_p2
1779294276.0,4,3,0.181064,s4_p3
1779294276.0,8,4,0.700684,s8_p4
1779294276.0,8,1,0.000000,s8_p1
1779294276.0,8,2,0.555715,s8_p2
1779294276.0,8,3,0.000000,s8_p3
1779294276.0,15,4,0.000000,s15_p4
1779294276.0,15,1,0.000000,s15_p1
1779294276.0,15,2,0.555273,s15_p2
1779294276.0,15,3,0.000000,s15_p3
1779294276.0,12,4,0.736995,s12_p4
1779294276.0,12,1,0.531603,s12_p1
1779294276.0,12,2,0.229556,s12_p2
1779294276.0,12,3,0.000000,s12_p3
1779294276.0,17,4,0.555887,s17_p4
1779294276.0,17,1,0.000000,s17_p1
1779294276.0,17,2,0.000000,s17_p2
1779294276.0,17,3,0.181268,s17_p3
1779294276.0,5,4,0.000000,s5_p4
1779294276.0,5,1,0.737126,s5_p1
1779294276.0,5,2,0.181260,s5_p2
1779294276.0,5,3,0.000000,s5_p3
1779294276.0,10,1,0.700054,s10_p1
1779294276.0,10,4,0.772474,s10_p4
1779294276.0,10,2,0.000000,s10_p2
1779294276.0,10,3,0.000000,s10_p3
1779294276.0,20,1,0.700773,s20_p1
1779294276.0,20,4,0.000000,s20_p4
1779294276.0,20,2,0.773266,s20_p2
1779294276.0,20,3,0.737020,s20_p3
1779294276.0,11,4,0.000000,s11_p4
1779294276.0,11,1,0.000000,s11_p1
1779294276.0,11,2,0.000000,s11_p2
1779294276.0,11,3,0.169091,s11_p3
1779294276.0,9,1,0.000000,s9_p1
1779294276.0,9,4,0.000000,s9_p4
1779294276.0,9,2,0.000000,s9_p2
1779294276.0,9,3,0.555694,s9_p3
1779294276.0,6,1,0.000000,s6_p1
1779294276.0,6,4,0.000000,s6_p4
1779294276.0,6,2,0.483374,s6_p2
1779294276.0,6,3,0.000000,s6_p3
1779294276.0,19,1,0.000000,s19_p1
1779294276.0,19,4,0.000000,s19_p4
1779294276.0,19,2,0.000000,s19_p2
1779294276.0,19,3,0.000000,s19_p3
1779294276.0,1,4,0.000000,s1_p4
1779294276.0,1,1,0.700780,s1_p1
1779294276.0,1,2,0.000000,s1_p2
1779294276.0,1,3,0.543709,s1_p3
1779294276.0,15,4,0.000000,s15_p4
1779294276.0,15,1,0.000000,s15_p1
1779294276.0,15,2,0.544311,s15_p2
1779294276.0,15,3,0.000000,s15_p3
1779294276.0,10,1,0.701596,s10_p1
1779294276.0,10,4,0.786272,s10_p4
1779294276.0,10,2,0.000000,s10_p2
1779294276.0,10,3,0.000000,s10_p3
1779294276.0,14,4,0.000000,s14_p4
1779294276.0,14,1,0.724762,s14_p1
1779294276.0,14,2,0.000000,s14_p2
1779294276.0,14,3,0.000000,s14_p3
1779294276.0,3,4,0.724921,s3_p4
1779294276.0,3,1,0.543691,s3_p1
1779294276.0,3,2,0.000000,s3_p2
1779294276.0,3,3,0.000000,s3_p3
1779294276.0,13,4,0.000000,s13_p4
1779294276.0,13,1,0.169008,s13_p1
1779294276.0,13,2,0.000000,s13_p2
1779294276.0,13,3,0.000000,s13_p3
1779294276.0,8,4,0.713056,s8_p4
1779294276.0,8,1,0.000000,s8_p1
1779294276.0,8,2,0.543857,s8_p2
1779294276.0,8,3,0.000000,s8_p3
1779294276.0,20,1,0.713117,s20_p1
1779294276.0,20,4,0.000000,s20_p4
1779294276.0,20,2,0.785637,s20_p2
1779294276.0,20,3,0.725204,s20_p3
1779294276.0,5,4,0.000000,s5_p4
1779294276.0,5,1,0.725159,s5_p1
1779294276.0,5,2,0.169204,s5_p2
1779294276.0,5,3,0.000000,s5_p3
1779294276.0,12,4,0.725084,s12_p4
1779294276.0,12,1,0.543813,s12_p1
1779294276.0,12,2,0.241695,s12_p2
1779294276.0,12,3,0.000000,s12_p3
1779294276.0,7,1,0.000000,s7_p1
1779294276.0,7,4,0.000000,s7_p4
1779294276.0,7,2,0.809488,s7_p2
1779294276.0,7,3,0.000000,s7_p3
1779294276.0,4,1,0.000000,s4_p1
1779294276.0,4,4,0.000000,s4_p4
1779294276.0,4,2,0.241666,s4_p2
1779294276.0,4,3,0.169166,s4_p3
1779294276.0,9,1,0.000000,s9_p1
1779294276.0,9,4,0.000000,s9_p4
1779294276.0,9,2,0.000000,s9_p2
1779294276.0,9,3,0.555811,s9_p3
1779294276.0,18,1,0.000000,s18_p1
1779294276.0,18,4,0.000000,s18_p4
1779294276.0,18,2,0.000000,s18_p2
1779294276.0,18,3,0.000000,s18_p3
1779294276.0,2,1,0.000000,s2_p1
1779294276.0,2,4,0.785000,s2_p4
1779294276.0,2,2,0.000000,s2_p2
1779294276.0,2,3,0.000000,s2_p3
1779294276.0,16,1,0.000000,s16_p1
1779294276.0,16,4,0.712487,s16_p4
1779294276.0,16,2,0.000000,s16_p2
1779294276.0,16,3,0.000000,s16_p3
1779294276.0,11,4,0.000000,s11_p4
1779294276.0,11,1,0.000000,s11_p1
1779294276.0,11,2,0.000000,s11_p2
1779294276.0,11,3,0.169129,s11_p3
1779294276.0,17,4,0.555548,s17_p4
1779294276.0,17,1,0.000000,s17_p1
1779294276.0,17,2,0.000000,s17_p2
1779294276.0,17,3,0.169080,s17_p3
1779294277.0,19,1,0.000000,s19_p1
1779294277.0,19,4,0.000000,s19_p4
1779294277.0,19,2,0.000000,s19_p2
1779294277.0,19,3,0.000000,s19_p3
1779294277.0,6,1,0.000000,s6_p1
1779294277.0,6,4,0.000000,s6_p4
1779294277.0,6,2,0.470663,s6_p2
1779294277.0,6,3,0.000000,s6_p3
1779294277.0,1,4,0.000000,s1_p4
1779294277.0,1,1,0.712630,s1_p1
1779294277.0,1,2,0.000000,s1_p2
1779294277.0,1,3,0.555610,s1_p3
1779294277.0,14,4,0.000000,s14_p4
1779294277.0,14,1,0.724655,s14_p1
1779294277.0,14,2,0.000000,s14_p2
1779294277.0,14,3,0.000000,s14_p3
1779294277.0,3,4,0.724323,s3_p4
1779294277.0,3,1,0.531170,s3_p1
1779294277.0,3,2,0.000000,s3_p2
1779294277.0,3,3,0.000000,s3_p3
1779294277.0,10,1,0.711950,s10_p1
1779294277.0,10,4,0.772285,s10_p4
1779294277.0,10,2,0.000000,s10_p2
1779294277.0,10,3,0.000000,s10_p3
1779294277.0,4,1,0.000000,s4_p1
1779294277.0,4,4,0.000000,s4_p4
1779294277.0,4,2,0.241425,s4_p2
1779294277.0,4,3,0.168997,s4_p3
1779294277.0,13,4,0.000000,s13_p4
1779294277.0,13,1,0.168940,s13_p1
1779294277.0,13,2,0.000000,s13_p2
1779294277.0,13,3,0.000000,s13_p3
1779294277.0,7,1,0.000000,s7_p1
1779294277.0,7,4,0.000000,s7_p4
1779294277.0,7,2,0.808611,s7_p2
1779294277.0,7,3,0.000000,s7_p3
1779294277.0,8,4,0.699845,s8_p4
1779294277.0,8,1,0.000000,s8_p1
1779294277.0,8,2,0.567116,s8_p2
1779294277.0,8,3,0.000000,s8_p3
1779294277.0,15,4,0.000000,s15_p4
1779294277.0,15,1,0.000000,s15_p1
1779294277.0,15,2,0.566634,s15_p2
1779294277.0,15,3,0.000000,s15_p3
1779294277.0,18,1,0.000000,s18_p1
1779294277.0,18,4,0.000000,s18_p4
1779294277.0,18,2,0.000000,s18_p2
1779294277.0,18,3,0.000000,s18_p3
1779294277.0,20,1,0.699369,s20_p1
1779294277.0,20,4,0.000000,s20_p4
1779294277.0,20,2,0.771718,s20_p2
1779294277.0,20,3,0.723486,s20_p3
1779294277.0,12,4,0.723529,s12_p4
1779294277.0,12,1,0.530588,s12_p1
1779294277.0,12,2,0.241176,s12_p2
1779294277.0,12,3,0.000000,s12_p3
1779294277.0,17,4,0.555052,s17_p4
1779294277.0,17,1,0.000000,s17_p1
1779294277.0,17,2,0.000000,s17_p2
1779294277.0,17,3,0.168929,s17_p3
1779294277.0,2,1,0.000000,s2_p1
1779294277.0,2,4,0.784232,s2_p4
1779294277.0,2,2,0.000000,s2_p2
1779294277.0,2,3,0.000000,s2_p3
1779294277.0,5,4,0.000000,s5_p4
1779294277.0,5,1,0.723439,s5_p1
1779294277.0,5,2,0.168802,s5_p2
1779294277.0,5,3,0.000000,s5_p3
1779294277.0,11,4,0.000000,s11_p4
1779294277.0,11,1,0.000000,s11_p1
1779294277.0,11,2,0.000000,s11_p2
1779294277.0,11,3,0.168912,s11_p3
1779294277.0,16,1,0.000000,s16_p1
1779294277.0,16,4,0.699751,s16_p4
1779294277.0,16,2,0.000000,s16_p2
1779294277.0,16,3,0.000000,s16_p3
1779294277.0,9,1,0.000000,s9_p1
1779294277.0,9,4,0.000000,s9_p4
1779294277.0,9,2,0.000000,s9_p2
1779294277.0,9,3,0.554846,s9_p3
1779294277.0,1,4,0.000000,s1_p4
1779294277.0,1,1,0.700759,s1_p1
1779294277.0,1,2,0.000000,s1_p2
1779294277.0,1,3,0.555774,s1_p3
1779294277.0,3,4,0.725249,s3_p4
1779294277.0,3,1,0.543937,s3_p1
1779294277.0,3,2,0.000000,s3_p2
1779294277.0,3,3,0.000000,s3_p3
1779294277.0,19,1,0.000000,s19_p1
1779294277.0,19,4,0.000000,s19_p4
1779294277.0,19,2,0.000000,s19_p2
1779294277.0,19,3,0.000000,s19_p3
1779294277.0,6,1,0.000000,s6_p1
1779294277.0,6,4,0.000000,s6_p4
1779294277.0,6,2,0.483125,s6_p2
1779294277.0,6,3,0.000000,s6_p3
1779294277.0,10,1,0.701272,s10_p1
1779294277.0,10,4,0.773818,s10_p4
1779294277.0,10,2,0.000000,s10_p2
1779294277.0,10,3,0.000000,s10_p3
1779294277.0,14,4,0.000000,s14_p4
1779294277.0,14,1,0.724175,s14_p1
1779294277.0,14,2,0.000000,s14_p2
1779294277.0,14,3,0.000000,s14_p3
1779294277.0,18,1,0.000000,s18_p1
1779294277.0,18,4,0.000000,s18_p4
1779294277.0,18,2,0.000000,s18_p2
1779294277.0,18,3,0.000000,s18_p3
1779294277.0,11,4,0.000000,s11_p4
1779294277.0,11,1,0.000000,s11_p1
1779294277.0,11,2,0.000000,s11_p2
1779294277.0,11,3,0.181484,s11_p3
1779294277.0,15,4,0.000000,s15_p4
1779294277.0,15,1,0.000000,s15_p1
1779294277.0,15,2,0.544012,s15_p2
1779294277.0,15,3,0.000000,s15_p3
1779294277.0,16,1,0.000000,s16_p1
1779294277.0,16,4,0.701723,s16_p4
1779294277.0,16,2,0.000000,s16_p2
1779294277.0,16,3,0.000000,s16_p3
1779294277.0,5,4,0.000000,s5_p4
1779294277.0,5,1,0.737970,s5_p1
1779294277.0,5,2,0.181468,s5_p2
1779294277.0,5,3,0.000000,s5_p3
1779294277.0,8,4,0.701098,s8_p4
1779294277.0,8,1,0.000000,s8_p1
1779294277.0,8,2,0.543956,s8_p2
1779294277.0,8,3,0.000000,s8_p3
1779294277.0,13,4,0.000000,s13_p4
1779294277.0,13,1,0.181290,s13_p1
1779294277.0,13,2,0.000000,s13_p2
1779294277.0,13,3,0.000000,s13_p3
1779294277.0,12,4,0.737884,s12_p4
1779294277.0,12,1,0.544341,s12_p1
1779294277.0,12,2,0.229833,s12_p2
1779294277.0,12,3,0.000000,s12_p3
1779294277.0,17,4,0.544344,s17_p4
1779294277.0,17,1,0.000000,s17_p1
1779294277.0,17,2,0.000000,s17_p2
1779294277.0,17,3,0.181448,s17_p3
1779294277.0,20,1,0.701548,s20_p1
1779294277.0,20,4,0.000000,s20_p4
1779294277.0,20,2,0.774121,s20_p2
1779294277.0,20,3,0.737835,s20_p3
1779294277.0,4,1,0.000000,s4_p1
1779294277.0,4,4,0.000000,s4_p4
1779294277.0,4,2,0.229597,s4_p2
1779294277.0,4,3,0.181260,s4_p3
1779294277.0,7,1,0.000000,s7_p1
1779294277.0,7,4,0.000000,s7_p4
1779294277.0,7,2,0.809752,s7_p2
1779294277.0,7,3,0.000000,s7_p3
1779294277.0,9,1,0.000000,s9_p1
1779294277.0,9,4,0.000000,s9_p4
1779294277.0,9,2,0.000000,s9_p2
1779294277.0,9,3,0.556410,s9_p3
1779294277.0,2,1,0.000000,s2_p1
1779294277.0,2,4,0.761859,s2_p4
1779294277.0,2,2,0.000000,s2_p2
1779294277.0,2,3,0.000000,s2_p3
1779294278.0,19,1,0.000000,s19_p1
1779294278.0,19,4,0.000000,s19_p4
1779294278.0,19,2,0.000000,s19_p2
1779294278.0,19,3,0.000000,s19_p3
1779294278.0,10,1,0.700834,s10_p1
1779294278.0,10,4,0.785417,s10_p4
1779294278.0,10,2,0.000000,s10_p2
1779294278.0,10,3,0.000000,s10_p3
1779294278.0,14,4,0.000000,s14_p4
1779294278.0,14,1,0.737682,s14_p1
1779294278.0,14,2,0.000000,s14_p2
1779294278.0,14,3,0.000000,s14_p3
1779294278.0,3,4,0.736916,s3_p4
1779294278.0,3,1,0.543627,s3_p1
1779294278.0,3,2,0.000000,s3_p2
1779294278.0,3,3,0.000000,s3_p3
1779294278.0,1,4,0.000000,s1_p4
1779294278.0,1,1,0.700527,s1_p1
1779294278.0,1,2,0.000000,s1_p2
1779294278.0,1,3,0.555590,s1_p3
1779294278.0,6,1,0.000000,s6_p1
1779294278.0,6,4,0.000000,s6_p4
1779294278.0,6,2,0.483234,s6_p2
1779294278.0,6,3,0.000000,s6_p3
1779294278.0,5,4,0.000000,s5_p4
1779294278.0,5,1,0.725112,s5_p1
1779294278.0,5,2,0.169193,s5_p2
1779294278.0,5,3,0.000000,s5_p3
1779294278.0,12,4,0.725062,s12_p4
1779294278.0,12,1,0.543796,s12_p1
1779294278.0,12,2,0.241687,s12_p2
1779294278.0,12,3,0.000000,s12_p3
1779294278.0,7,1,0.000000,s7_p1
1779294278.0,7,4,0.000000,s7_p4
1779294278.0,7,2,0.809691,s7_p2
1779294278.0,7,3,0.000000,s7_p3
1779294278.0,13,4,0.000000,s13_p4
1779294278.0,13,1,0.169169,s13_p1
1779294278.0,13,2,0.000000,s13_p2
1779294278.0,13,3,0.000000,s13_p3
1779294278.0,8,4,0.700818,s8_p4
1779294278.0,8,1,0.000000,s8_p1
1779294278.0,8,2,0.555821,s8_p2
1779294278.0,8,3,0.000000,s8_p3
1779294278.0,20,1,0.700823,s20_p1
1779294278.0,20,4,0.000000,s20_p4
1779294278.0,20,2,0.785405,s20_p2
1779294278.0,20,3,0.724989,s20_p3
1779294278.0,15,4,0.000000,s15_p4
1779294278.0,15,1,0.000000,s15_p1
1779294278.0,15,2,0.555729,s15_p2
1779294278.0,15,3,0.000000,s15_p3
1779294278.0,4,1,0.000000,s4_p1
1779294278.0,4,4,0.000000,s4_p4
1779294278.0,4,2,0.241655,s4_p2
1779294278.0,4,3,0.169158,s4_p3
1779294278.0,9,1,0.000000,s9_p1
1779294278.0,9,4,0.000000,s9_p4
1779294278.0,9,2,0.000000,s9_p2
1779294278.0,9,3,0.555692,s9_p3
1779294278.0,16,1,0.000000,s16_p1
1779294278.0,16,4,0.700358,s16_p4
1779294278.0,16,2,0.000000,s16_p2
1779294278.0,16,3,0.000000,s16_p3
1779294278.0,2,1,0.000000,s2_p1
1779294278.0,2,4,0.785174,s2_p4
1779294278.0,2,2,0.000000,s2_p2
1779294278.0,2,3,0.000000,s2_p3
1779294278.0,11,4,0.000000,s11_p4
1779294278.0,11,1,0.000000,s11_p1
1779294278.0,11,2,0.000000,s11_p2
1779294278.0,11,3,0.169034,s11_p3
1779294278.0,17,4,0.555467,s17_p4
1779294278.0,17,1,0.000000,s17_p1
1779294278.0,17,2,0.000000,s17_p2
1779294278.0,17,3,0.169055,s17_p3
1779294278.0,18,1,0.000000,s18_p1
1779294278.0,18,4,0.000000,s18_p4
1779294278.0,18,2,0.000000,s18_p2
1779294278.0,18,3,0.000000,s18_p3
1779294278.0,19,1,0.000000,s19_p1
1779294278.0,19,4,0.000000,s19_p4
1779294278.0,19,2,0.000000,s19_p2
1779294278.0,19,3,0.000000,s19_p3
1779294278.0,6,1,0.000000,s6_p1
1779294278.0,6,4,0.000000,s6_p4
1779294278.0,6,2,0.471374,s6_p2
1779294278.0,6,3,0.000000,s6_p3
1779294278.0,3,4,0.724822,s3_p4
1779294278.0,3,1,0.531536,s3_p1
1779294278.0,3,2,0.000000,s3_p2
1779294278.0,3,3,0.000000,s3_p3
1779294278.0,1,4,0.000000,s1_p4
1779294278.0,1,1,0.700623,s1_p1
1779294278.0,1,2,0.000000,s1_p2
1779294278.0,1,3,0.555666,s1_p3
1779294278.0,10,1,0.700479,s10_p1
1779294278.0,10,4,0.772942,s10_p4
1779294278.0,10,2,0.000000,s10_p2
1779294278.0,10,3,0.000000,s10_p3
1779294278.0,14,4,0.000000,s14_p4
1779294278.0,14,1,0.724685,s14_p1
1779294278.0,14,2,0.000000,s14_p2
1779294278.0,14,3,0.000000,s14_p3
1779294278.0,4,1,0.000000,s4_p1
1779294278.0,4,4,0.000000,s4_p4
1779294278.0,4,2,0.241727,s4_p2
1779294278.0,4,3,0.169209,s4_p3
1779294278.0,7,1,0.000000,s7_p1
1779294278.0,7,4,0.000000,s7_p4
1779294278.0,7,2,0.809585,s7_p2
1779294278.0,7,3,0.000000,s7_p3
1779294278.0,15,4,0.000000,s15_p4
1779294278.0,15,1,0.000000,s15_p1
1779294278.0,15,2,0.555895,s15_p2
1779294278.0,15,3,0.000000,s15_p3
1779294278.0,13,4,0.000000,s13_p4
1779294278.0,13,1,0.169158,s13_p1
1779294278.0,13,2,0.000000,s13_p2
1779294278.0,13,3,0.000000,s13_p3
1779294278.0,8,4,0.700794,s8_p4
1779294278.0,8,1,0.000000,s8_p1
1779294278.0,8,2,0.555802,s8_p2
1779294278.0,8,3,0.000000,s8_p3
1779294278.0,5,4,0.000000,s5_p4
1779294278.0,5,1,0.724802,s5_p1
1779294278.0,5,2,0.169121,s5_p2
1779294278.0,5,3,0.000000,s5_p3
1779294278.0,16,1,0.000000,s16_p1
1779294278.0,16,4,0.700797,s16_p4
1779294278.0,16,2,0.000000,s16_p2
1779294278.0,16,3,0.000000,s16_p3
1779294278.0,20,1,0.700369,s20_p1
1779294278.0,20,4,0.000000,s20_p4
1779294278.0,20,2,0.772821,s20_p2
1779294278.0,20,3,0.724520,s20_p3
1779294278.0,12,4,0.724396,s12_p4
1779294278.0,12,1,0.531224,s12_p1
1779294278.0,12,2,0.241465,s12_p2
1779294278.0,12,3,0.000000,s12_p3
1779294278.0,18,1,0.000000,s18_p1
1779294278.0,18,4,0.000000,s18_p4
1779294278.0,18,2,0.000000,s18_p2
1779294278.0,18,3,0.000000,s18_p3
1779294278.0,17,4,0.555771,s17_p4
1779294278.0,17,1,0.000000,s17_p1
1779294278.0,17,2,0.000000,s17_p2
1779294278.0,17,3,0.169148,s17_p3
1779294278.0,2,1,0.000000,s2_p1
1779294278.0,2,4,0.773199,s2_p4
1779294278.0,2,2,0.000000,s2_p2
1779294278.0,2,3,0.000000,s2_p3
1779294278.0,11,4,0.000000,s11_p4
1779294278.0,11,1,0.000000,s11_p1
1779294278.0,11,2,0.000000,s11_p2
1779294278.0,11,3,0.169109,s11_p3
1779294278.0,9,1,0.000000,s9_p1
1779294278.0,9,4,0.000000,s9_p4
1779294278.0,9,2,0.000000,s9_p2
1779294278.0,9,3,0.543465,s9_p3
1779294279.0,3,4,0.724802,s3_p4
1779294279.0,3,1,0.543602,s3_p1
1779294279.0,3,2,0.000000,s3_p2
1779294279.0,3,3,0.000000,s3_p3
1779294279.0,15,4,0.000000,s15_p4
1779294279.0,15,1,0.000000,s15_p1
1779294279.0,15,2,0.555940,s15_p2
1779294279.0,15,3,0.000000,s15_p3
1779294279.0,7,1,0.000000,s7_p1
1779294279.0,7,4,0.000000,s7_p4
1779294279.0,7,2,0.809679,s7_p2
1779294279.0,7,3,0.000000,s7_p3
1779294279.0,16,1,0.000000,s16_p1
1779294279.0,16,4,0.700684,s16_p4
1779294279.0,16,2,0.000000,s16_p2
1779294279.0,16,3,0.000000,s16_p3
1779294279.0,13,4,0.000000,s13_p4
1779294279.0,13,1,0.169011,s13_p1
1779294279.0,13,2,0.000000,s13_p2
1779294279.0,13,3,0.000000,s13_p3
1779294279.0,8,4,0.700184,s8_p4
1779294279.0,8,1,0.000000,s8_p1
1779294279.0,8,2,0.555318,s8_p2
1779294279.0,8,3,0.000000,s8_p3
1779294279.0,19,1,0.000000,s19_p1
1779294279.0,19,4,0.000000,s19_p4
1779294279.0,19,2,0.000000,s19_p2
1779294279.0,19,3,0.000000,s19_p3
1779294279.0,20,1,0.700624,s20_p1
1779294279.0,20,4,0.000000,s20_p4
1779294279.0,20,2,0.773102,s20_p2
1779294279.0,20,3,0.724783,s20_p3
1779294279.0,10,1,0.699655,s10_p1
1779294279.0,10,4,0.772033,s10_p4
1779294279.0,10,2,0.000000,s10_p2
1779294279.0,10,3,0.000000,s10_p3
1779294279.0,12,4,0.724753,s12_p4
1779294279.0,12,1,0.543565,s12_p1
1779294279.0,12,2,0.229505,s12_p2
1779294279.0,12,3,0.000000,s12_p3
1779294279.0,2,1,0.000000,s2_p1
1779294279.0,2,4,0.773101,s2_p4
1779294279.0,2,2,0.000000,s2_p2
1779294279.0,2,3,0.000000,s2_p3
1779294279.0,4,1,0.000000,s4_p1
1779294279.0,4,4,0.000000,s4_p4
1779294279.0,4,2,0.229291,s4_p2
1779294279.0,4,3,0.168951,s4_p3
1779294279.0,5,4,0.000000,s5_p4
1779294279.0,5,1,0.724212,s5_p1
1779294279.0,5,2,0.168983,s5_p2
1779294279.0,5,3,0.000000,s5_p3
1779294279.0,1,4,0.000000,s1_p4
1779294279.0,1,1,0.699541,s1_p1
1779294279.0,1,2,0.000000,s1_p2
1779294279.0,1,3,0.554808,s1_p3
1779294279.0,6,1,0.000000,s6_p1
1779294279.0,6,4,0.000000,s6_p4
1779294279.0,6,2,0.482171,s6_p2
1779294279.0,6,3,0.000000,s6_p3
1779294279.0,11,4,0.000000,s11_p4
1779294279.0,11,1,0.000000,s11_p1
1779294279.0,11,2,0.000000,s11_p2
1779294279.0,11,3,0.181213,s11_p3
1779294279.0,14,4,0.000000,s14_p4
1779294279.0,14,1,0.723679,s14_p1
1779294279.0,14,2,0.000000,s14_p2
1779294279.0,14,3,0.000000,s14_p3
1779294279.0,17,4,0.555443,s17_p4
1779294279.0,17,1,0.000000,s17_p1
1779294279.0,17,2,0.000000,s17_p2
1779294279.0,17,3,0.181123,s17_p3
1779294279.0,9,1,0.000000,s9_p1
1779294279.0,9,4,0.000000,s9_p4
1779294279.0,9,2,0.000000,s9_p2
1779294279.0,9,3,0.555557,s9_p3
1779294279.0,18,1,0.000000,s18_p1
1779294279.0,18,4,0.000000,s18_p4
1779294279.0,18,2,0.000000,s18_p2
1779294279.0,18,3,0.000000,s18_p3
1779294279.0,14,4,0.000000,s14_p4
1779294279.0,14,1,0.736854,s14_p1
1779294279.0,14,2,0.000000,s14_p2
1779294279.0,14,3,0.000000,s14_p3
1779294279.0,6,1,0.000000,s6_p1
1779294279.0,6,4,0.000000,s6_p4
1779294279.0,6,2,0.483099,s6_p2
1779294279.0,6,3,0.000000,s6_p3
1779294279.0,4,1,0.000000,s4_p1
1779294279.0,4,4,0.000000,s4_p4
1779294279.0,4,2,0.241528,s4_p2
1779294279.0,4,3,0.181146,s4_p3
1779294279.0,7,1,0.000000,s7_p1
1779294279.0,7,4,0.000000,s7_p4
1779294279.0,7,2,0.808047,s7_p2
1779294279.0,7,3,0.000000,s7_p3
1779294279.0,13,4,0.000000,s13_p4
1779294279.0,13,1,0.181104,s13_p1
1779294279.0,13,2,0.000000,s13_p2
1779294279.0,13,3,0.000000,s13_p3
1779294279.0,3,4,0.735429,s3_p4
1779294279.0,3,1,0.542529,s3_p1
1779294279.0,3,2,0.000000,s3_p2
1779294279.0,3,3,0.000000,s3_p3
1779294279.0,1,4,0.000000,s1_p4
1779294279.0,1,1,0.700402,s1_p1
1779294279.0,1,2,0.000000,s1_p2
1779294279.0,1,3,0.555492,s1_p3
1779294279.0,19,1,0.000000,s19_p1
1779294279.0,19,4,0.000000,s19_p4
1779294279.0,19,2,0.000000,s19_p2
1779294279.0,19,3,0.000000,s19_p3
1779294279.0,12,4,0.735904,s12_p4
1779294279.0,12,1,0.542880,s12_p1
1779294279.0,12,2,0.241280,s12_p2
1779294279.0,12,3,0.000000,s12_p3
1779294279.0,2,1,0.000000,s2_p1
1779294279.0,2,4,0.784117,s2_p4
1779294279.0,2,2,0.000000,s2_p2
1779294279.0,2,3,0.000000,s2_p3
1779294279.0,15,4,0.000000,s15_p4
1779294279.0,15,1,0.000000,s15_p1
1779294279.0,15,2,0.554161,s15_p2
1779294279.0,15,3,0.000000,s15_p3
1779294279.0,18,1,0.000000,s18_p1
1779294279.0,18,4,0.000000,s18_p4
1779294279.0,18,2,0.000000,s18_p2
1779294279.0,18,3,0.000000,s18_p3
1779294279.0,17,4,0.555074,s17_p4
1779294279.0,17,1,0.000000,s17_p1
1779294279.0,17,2,0.000000,s17_p2
1779294279.0,17,3,0.168936,s17_p3
1779294279.0,5,4,0.000000,s5_p4
1779294279.0,5,1,0.735812,s5_p1
1779294279.0,5,2,0.180937,s5_p2
1779294279.0,5,3,0.000000,s5_p3
1779294279.0,9,1,0.000000,s9_p1
1779294279.0,9,4,0.000000,s9_p4
1779294279.0,9,2,0.000000,s9_p2
1779294279.0,9,3,0.554557,s9_p3
1779294279.0,8,4,0.698795,s8_p4
1779294279.0,8,1,0.000000,s8_p1
1779294279.0,8,2,0.554217,s8_p2
1779294279.0,8,3,0.000000,s8_p3
1779294279.0,20,1,0.698812,s20_p1
1779294279.0,20,4,0.000000,s20_p4
1779294279.0,20,2,0.783151,s20_p2
1779294279.0,20,3,0.734957,s20_p3
1779294279.0,11,4,0.000000,s11_p4
1779294279.0,11,1,0.000000,s11_p1
1779294279.0,11,2,0.000000,s11_p2
1779294279.0,11,3,0.168707,s11_p3
1779294279.0,10,1,0.698813,s10_p1
1779294279.0,10,4,0.783152,s10_p4
1779294279.0,10,2,0.000000,s10_p2
1779294279.0,10,3,0.000000,s10_p3
1779294279.0,16,1,0.000000,s16_p1
1779294279.0,16,4,0.698661,s16_p4
1779294279.0,16,2,0.000000,s16_p2
1779294279.0,16,3,0.000000,s16_p3
1779294280.0,6,1,0.000000,s6_p1
1779294280.0,6,4,0.000000,s6_p4
1779294280.0,6,2,0.484341,s6_p2
1779294280.0,6,3,0.000000,s6_p3
1779294280.0,19,1,0.000000,s19_p1
1779294280.0,19,4,0.000000,s19_p4
1779294280.0,19,2,0.000000,s19_p2
1779294280.0,19,3,0.000000,s19_p3
1779294280.0,10,1,0.703258,s10_p1
1779294280.0,10,4,0.763884,s10_p4
1779294280.0,10,2,0.000000,s10_p2
1779294280.0,10,3,0.000000,s10_p3
1779294280.0,13,4,0.000000,s13_p4
1779294280.0,13,1,0.169364,s13_p1
1779294280.0,13,2,0.000000,s13_p2
1779294280.0,13,3,0.000000,s13_p3
1779294280.0,14,4,0.000000,s14_p4
1779294280.0,14,1,0.725659,s14_p1
1779294280.0,14,2,0.000000,s14_p2
1779294280.0,14,3,0.000000,s14_p3
1779294280.0,3,4,0.725809,s3_p4
1779294280.0,3,1,0.532260,s3_p1
1779294280.0,3,2,0.000000,s3_p2
1779294280.0,3,3,0.000000,s3_p3
1779294280.0,15,4,0.000000,s15_p4
1779294280.0,15,1,0.000000,s15_p1
1779294280.0,15,2,0.557016,s15_p2
1779294280.0,15,3,0.000000,s15_p3
1779294280.0,1,4,0.000000,s1_p4
1779294280.0,1,1,0.701596,s1_p1
1779294280.0,1,2,0.000000,s1_p2
1779294280.0,1,3,0.556438,s1_p3
1779294280.0,8,4,0.703023,s8_p4
1779294280.0,8,1,0.000000,s8_p1
1779294280.0,8,2,0.557570,s8_p2
1779294280.0,8,3,0.000000,s8_p3
1779294280.0,20,1,0.702538,s20_p1
1779294280.0,20,4,0.000000,s20_p4
1779294280.0,20,2,0.763101,s20_p2
1779294280.0,20,3,0.726763,s20_p3
1779294280.0,17,4,0.556558,s17_p4
1779294280.0,17,1,0.000000,s17_p1
1779294280.0,17,2,0.000000,s17_p2
1779294280.0,17,3,0.169387,s17_p3
1779294280.0,16,1,0.000000,s16_p1
1779294280.0,16,4,0.702506,s16_p4
1779294280.0,16,2,0.000000,s16_p2
1779294280.0,16,3,0.000000,s16_p3
1779294280.0,5,4,0.000000,s5_p4
1779294280.0,5,1,0.725885,s5_p1
1779294280.0,5,2,0.169373,s5_p2
1779294280.0,5,3,0.000000,s5_p3
1779294280.0,18,1,0.000000,s18_p1
1779294280.0,18,4,0.000000,s18_p4
1779294280.0,18,2,0.000000,s18_p2
1779294280.0,18,3,0.000000,s18_p3
1779294280.0,12,4,0.725705,s12_p4
1779294280.0,12,1,0.532184,s12_p1
1779294280.0,12,2,0.229807,s12_p2
1779294280.0,12,3,0.000000,s12_p3
1779294280.0,4,1,0.000000,s4_p1
1779294280.0,4,4,0.000000,s4_p4
1779294280.0,4,2,0.229574,s4_p2
1779294280.0,4,3,0.169160,s4_p3
1779294280.0,7,1,0.000000,s7_p1
1779294280.0,7,4,0.000000,s7_p4
1779294280.0,7,2,0.809534,s7_p2
1779294280.0,7,3,0.000000,s7_p3
1779294280.0,2,1,0.000000,s2_p1
1779294280.0,2,4,0.761747,s2_p4
1779294280.0,2,2,0.000000,s2_p2
1779294280.0,2,3,0.000000,s2_p3
1779294280.0,9,1,0.000000,s9_p1
1779294280.0,9,4,0.000000,s9_p4
1779294280.0,9,2,0.000000,s9_p2
1779294280.0,9,3,0.556705,s9_p3
1779294280.0,11,4,0.000000,s11_p4
1779294280.0,11,1,0.000000,s11_p1
1779294280.0,11,2,0.000000,s11_p2
1779294280.0,11,3,0.169435,s11_p3
1779294280.0,19,1,0.000000,s19_p1
1779294280.0,19,4,0.000000,s19_p4
1779294280.0,19,2,0.000000,s19_p2
1779294280.0,19,3,0.000000,s19_p3
1779294280.0,14,4,0.000000,s14_p4
1779294280.0,14,1,0.724882,s14_p1
1779294280.0,14,2,0.000000,s14_p2
1779294280.0,14,3,0.000000,s14_p3
1779294280.0,3,4,0.724829,s3_p4
1779294280.0,3,1,0.543622,s3_p1
1779294280.0,3,2,0.000000,s3_p2
1779294280.0,3,3,0.000000,s3_p3
1779294280.0,1,4,0.000000,s1_p4
1779294280.0,1,1,0.700678,s1_p1
1779294280.0,1,2,0.000000,s1_p2
1779294280.0,1,3,0.555710,s1_p3
1779294280.0,15,4,0.000000,s15_p4
1779294280.0,15,1,0.000000,s15_p1
1779294280.0,15,2,0.555685,s15_p2
1779294280.0,15,3,0.000000,s15_p3
1779294280.0,6,1,0.000000,s6_p1
1779294280.0,6,4,0.000000,s6_p4
1779294280.0,6,2,0.470596,s6_p2
1779294280.0,6,3,0.000000,s6_p3
1779294280.0,10,1,0.700485,s10_p1
1779294280.0,10,4,0.785026,s10_p4
1779294280.0,10,2,0.000000,s10_p2
1779294280.0,10,3,0.000000,s10_p3
1779294280.0,7,1,0.000000,s7_p1
1779294280.0,7,4,0.000000,s7_p4
1779294280.0,7,2,0.809531,s7_p2
1779294280.0,7,3,0.000000,s7_p3
1779294280.0,4,1,0.000000,s4_p1
1779294280.0,4,4,0.000000,s4_p4
1779294280.0,4,2,0.241624,s4_p2
1779294280.0,4,3,0.169137,s4_p3
1779294280.0,20,1,0.700504,s20_p1
1779294280.0,20,4,0.000000,s20_p4
1779294280.0,20,2,0.785047,s20_p2
1779294280.0,20,3,0.724659,s20_p3
1779294280.0,8,4,0.699991,s8_p4
1779294280.0,8,1,0.000000,s8_p1
1779294280.0,8,2,0.555165,s8_p2
1779294280.0,8,3,0.000000,s8_p3
1779294280.0,17,4,0.555591,s17_p4
1779294280.0,17,1,0.000000,s17_p1
1779294280.0,17,2,0.000000,s17_p2
1779294280.0,17,3,0.169093,s17_p3
1779294280.0,2,1,0.000000,s2_p1
1779294280.0,2,4,0.785498,s2_p4
1779294280.0,2,2,0.000000,s2_p2
1779294280.0,2,3,0.000000,s2_p3
1779294280.0,13,4,0.000000,s13_p4
1779294280.0,13,1,0.168920,s13_p1
1779294280.0,13,2,0.000000,s13_p2
1779294280.0,13,3,0.000000,s13_p3
1779294280.0,5,4,0.000000,s5_p4
1779294280.0,5,1,0.724693,s5_p1
1779294280.0,5,2,0.169095,s5_p2
1779294280.0,5,3,0.000000,s5_p3
1779294280.0,12,4,0.724713,s12_p4
1779294280.0,12,1,0.543535,s12_p1
1779294280.0,12,2,0.241571,s12_p2
1779294280.0,12,3,0.000000,s12_p3
1779294280.0,18,1,0.000000,s18_p1
1779294280.0,18,4,0.000000,s18_p4
1779294280.0,18,2,0.000000,s18_p2
1779294280.0,18,3,0.000000,s18_p3
1779294280.0,9,1,0.000000,s9_p1
1779294280.0,9,4,0.000000,s9_p4
1779294280.0,9,2,0.000000,s9_p2
1779294280.0,9,3,0.555750,s9_p3
1779294280.0,16,1,0.000000,s16_p1
1779294280.0,16,4,0.700200,s16_p4
1779294280.0,16,2,0.000000,s16_p2
1779294280.0,16,3,0.000000,s16_p3
1779294280.0,11,4,0.000000,s11_p4
1779294280.0,11,1,0.000000,s11_p1
1779294280.0,11,2,0.000000,s11_p2
1779294280.0,11,3,0.169136,s11_p3
1779294281.0,3,4,0.724723,s3_p4
1779294281.0,3,1,0.543542,s3_p1
1779294281.0,3,2,0.000000,s3_p2
1779294281.0,3,3,0.000000,s3_p3
1779294281.0,19,1,0.000000,s19_p1
1779294281.0,19,4,0.000000,s19_p4
1779294281.0,19,2,0.000000,s19_p2
1779294281.0,19,3,0.000000,s19_p3
1779294281.0,14,4,0.000000,s14_p4
1779294281.0,14,1,0.724512,s14_p1
1779294281.0,14,2,0.000000,s14_p2
1779294281.0,14,3,0.000000,s14_p3
1779294281.0,1,4,0.000000,s1_p4
1779294281.0,1,1,0.700436,s1_p1
1779294281.0,1,2,0.000000,s1_p2
1779294281.0,1,3,0.555519,s1_p3
1779294281.0,6,1,0.000000,s6_p1
1779294281.0,6,4,0.000000,s6_p4
1779294281.0,6,2,0.483077,s6_p2
1779294281.0,6,3,0.000000,s6_p3
1779294281.0,7,1,0.000000,s7_p1
1779294281.0,7,4,0.000000,s7_p4
1779294281.0,7,2,0.809116,s7_p2
1779294281.0,7,3,0.000000,s7_p3
1779294281.0,15,4,0.000000,s15_p4
1779294281.0,15,1,0.000000,s15_p1
1779294281.0,15,2,0.554967,s15_p2
1779294281.0,15,3,0.000000,s15_p3
1779294281.0,5,4,0.000000,s5_p4
1779294281.0,5,1,0.724674,s5_p1
1779294281.0,5,2,0.181168,s5_p2
1779294281.0,5,3,0.000000,s5_p3
1779294281.0,20,1,0.700409,s20_p1
1779294281.0,20,4,0.000000,s20_p4
1779294281.0,20,2,0.784941,s20_p2
1779294281.0,20,3,0.724561,s20_p3
1779294281.0,8,4,0.700410,s8_p4
1779294281.0,8,1,0.000000,s8_p1
1779294281.0,8,2,0.555498,s8_p2
1779294281.0,8,3,0.000000,s8_p3
1779294281.0,10,1,0.699715,s10_p1
1779294281.0,10,4,0.784163,s10_p4
1779294281.0,10,2,0.000000,s10_p2
1779294281.0,10,3,0.000000,s10_p3
1779294281.0,18,1,0.000000,s18_p1
1779294281.0,18,4,0.000000,s18_p4
1779294281.0,18,2,0.000000,s18_p2
1779294281.0,18,3,0.000000,s18_p3
1779294281.0,4,1,0.000000,s4_p1
1779294281.0,4,4,0.000000,s4_p4
1779294281.0,4,2,0.241480,s4_p2
1779294281.0,4,3,0.181110,s4_p3
1779294281.0,12,4,0.724541,s12_p4
1779294281.0,12,1,0.543406,s12_p1
1779294281.0,12,2,0.241514,s12_p2
1779294281.0,12,3,0.000000,s12_p3
1779294281.0,13,4,0.000000,s13_p4
1779294281.0,13,1,0.181115,s13_p1
1779294281.0,13,2,0.000000,s13_p2
1779294281.0,13,3,0.000000,s13_p3
1779294281.0,11,4,0.000000,s11_p4
1779294281.0,11,1,0.000000,s11_p1
1779294281.0,11,2,0.000000,s11_p2
1779294281.0,11,3,0.181124,s11_p3
1779294281.0,16,1,0.000000,s16_p1
1779294281.0,16,4,0.700287,s16_p4
1779294281.0,16,2,0.000000,s16_p2
1779294281.0,16,3,0.000000,s16_p3
1779294281.0,2,1,0.000000,s2_p1
1779294281.0,2,4,0.784404,s2_p4
1779294281.0,2,2,0.000000,s2_p2
1779294281.0,2,3,0.000000,s2_p3
1779294281.0,17,4,0.555093,s17_p4
1779294281.0,17,1,0.000000,s17_p1
1779294281.0,17,2,0.000000,s17_p2
1779294281.0,17,3,0.181008,s17_p3
1779294281.0,9,1,0.000000,s9_p1
1779294281.0,9,4,0.000000,s9_p4
1779294281.0,9,2,0.000000,s9_p2
1779294281.0,9,3,0.555327,s9_p3
1779294281.0,6,1,0.000000,s6_p1
1779294281.0,6,4,0.000000,s6_p4
1779294281.0,6,2,0.483683,s6_p2
1779294281.0,6,3,0.000000,s6_p3
1779294281.0,14,4,0.000000,s14_p4
1779294281.0,14,1,0.737461,s14_p1
1779294281.0,14,2,0.000000,s14_p2
1779294281.0,14,3,0.000000,s14_p3
1779294281.0,10,1,0.701510,s10_p1
1779294281.0,10,4,0.761985,s10_p4
1779294281.0,10,2,0.000000,s10_p2
1779294281.0,10,3,0.000000,s10_p3
1779294281.0,3,4,0.736717,s3_p4
1779294281.0,3,1,0.531403,s3_p1
1779294281.0,3,2,0.000000,s3_p2
1779294281.0,3,3,0.000000,s3_p3
1779294281.0,13,4,0.000000,s13_p4
1779294281.0,13,1,0.169333,s13_p1
1779294281.0,13,2,0.000000,s13_p2
1779294281.0,13,3,0.000000,s13_p3
1779294281.0,1,4,0.000000,s1_p4
1779294281.0,1,1,0.700571,s1_p1
1779294281.0,1,2,0.000000,s1_p2
1779294281.0,1,3,0.555625,s1_p3
1779294281.0,15,4,0.000000,s15_p4
1779294281.0,15,1,0.000000,s15_p1
1779294281.0,15,2,0.556174,s15_p2
1779294281.0,15,3,0.000000,s15_p3
1779294281.0,8,4,0.700802,s8_p4
1779294281.0,8,1,0.000000,s8_p1
1779294281.0,8,2,0.555808,s8_p2
1779294281.0,8,3,0.000000,s8_p3
1779294281.0,20,1,0.700739,s20_p1
1779294281.0,20,4,0.000000,s20_p4
1779294281.0,20,2,0.761148,s20_p2
1779294281.0,20,3,0.736984,s20_p3
1779294281.0,4,1,0.000000,s4_p1
1779294281.0,4,4,0.000000,s4_p4
1779294281.0,4,2,0.229576,s4_p2
1779294281.0,4,3,0.169162,s4_p3
1779294281.0,5,4,0.000000,s5_p4
1779294281.0,5,1,0.736926,s5_p1
1779294281.0,5,2,0.169130,s5_p2
1779294281.0,5,3,0.000000,s5_p3
1779294281.0,18,1,0.000000,s18_p1
1779294281.0,18,4,0.000000,s18_p4
1779294281.0,18,2,0.000000,s18_p2
1779294281.0,18,3,0.000000,s18_p3
1779294281.0,12,4,0.737035,s12_p4
1779294281.0,12,1,0.531632,s12_p1
1779294281.0,12,2,0.229568,s12_p2
1779294281.0,12,3,0.000000,s12_p3
1779294281.0,7,1,0.000000,s7_p1
1779294281.0,7,4,0.000000,s7_p4
1779294281.0,7,2,0.809245,s7_p2
1779294281.0,7,3,0.000000,s7_p3
1779294281.0,17,4,0.556086,s17_p4
1779294281.0,17,1,0.000000,s17_p1
1779294281.0,17,2,0.000000,s17_p2
1779294281.0,17,3,0.169244,s17_p3
1779294281.0,19,1,0.000000,s19_p1
1779294281.0,19,4,0.000000,s19_p4
1779294281.0,19,2,0.000000,s19_p2
1779294281.0,19,3,0.000000,s19_p3
1779294281.0,16,1,0.000000,s16_p1
1779294281.0,16,4,0.700827,s16_p4
1779294281.0,16,2,0.000000,s16_p2
1779294281.0,16,3,0.000000,s16_p3
1779294281.0,11,4,0.000000,s11_p4
1779294281.0,11,1,0.000000,s11_p1
1779294281.0,11,2,0.000000,s11_p2
1779294281.0,11,3,0.169151,s11_p3
1779294281.0,2,1,0.000000,s2_p1
1779294281.0,2,4,0.761228,s2_p4
1779294281.0,2,2,0.000000,s2_p2
1779294281.0,2,3,0.000000,s2_p3
1779294281.0,9,1,0.000000,s9_p1
1779294281.0,9,4,0.000000,s9_p4
1779294281.0,9,2,0.000000,s9_p2
1779294281.0,9,3,0.555818,s9_p3
1779294282.0,19,1,0.000000,s19_p1
1779294282.0,19,4,0.000000,s19_p4
1779294282.0,19,2,0.000000,s19_p2
1779294282.0,19,3,0.000000,s19_p3
1779294282.0,6,1,0.000000,s6_p1
1779294282.0,6,4,0.000000,s6_p4
1779294282.0,6,2,0.482910,s6_p2
1779294282.0,6,3,0.000000,s6_p3
1779294282.0,1,4,0.000000,s1_p4
1779294282.0,1,1,0.700531,s1_p1
1779294282.0,1,2,0.000000,s1_p2
1779294282.0,1,3,0.555594,s1_p3
1779294282.0,14,4,0.000000,s14_p4
1779294282.0,14,1,0.723959,s14_p1
1779294282.0,14,2,0.000000,s14_p2
1779294282.0,14,3,0.000000,s14_p3
1779294282.0,3,4,0.724526,s3_p4
1779294282.0,3,1,0.543394,s3_p1
1779294282.0,3,2,0.000000,s3_p2
1779294282.0,3,3,0.000000,s3_p3
1779294282.0,15,4,0.000000,s15_p4
1779294282.0,15,1,0.000000,s15_p1
1779294282.0,15,2,0.554669,s15_p2
1779294282.0,15,3,0.000000,s15_p3
1779294282.0,13,4,0.000000,s13_p4
1779294282.0,13,1,0.168779,s13_p1
1779294282.0,13,2,0.000000,s13_p2
1779294282.0,13,3,0.000000,s13_p3
1779294282.0,7,1,0.000000,s7_p1
1779294282.0,7,4,0.000000,s7_p4
1779294282.0,7,2,0.808546,s7_p2
1779294282.0,7,3,0.000000,s7_p3
1779294282.0,8,4,0.699760,s8_p4
1779294282.0,8,1,0.000000,s8_p1
1779294282.0,8,2,0.554982,s8_p2
1779294282.0,8,3,0.000000,s8_p3
1779294282.0,4,1,0.000000,s4_p1
1779294282.0,4,4,0.000000,s4_p4
1779294282.0,4,2,0.241315,s4_p2
1779294282.0,4,3,0.168921,s4_p3
1779294282.0,10,1,0.699035,s10_p1
1779294282.0,10,4,0.783401,s10_p4
1779294282.0,10,2,0.000000,s10_p2
1779294282.0,10,3,0.000000,s10_p3
1779294282.0,5,4,0.000000,s5_p4
1779294282.0,5,1,0.723318,s5_p1
1779294282.0,5,2,0.168774,s5_p2
1779294282.0,5,3,0.000000,s5_p3
1779294282.0,9,1,0.000000,s9_p1
1779294282.0,9,4,0.000000,s9_p4
1779294282.0,9,2,0.000000,s9_p2
1779294282.0,9,3,0.554834,s9_p3
1779294282.0,16,1,0.000000,s16_p1
1779294282.0,16,4,0.699483,s16_p4
1779294282.0,16,2,0.000000,s16_p2
1779294282.0,16,3,0.000000,s16_p3
1779294282.0,20,1,0.699054,s20_p1
1779294282.0,20,4,0.000000,s20_p4
1779294282.0,20,2,0.783422,s20_p2
1779294282.0,20,3,0.723159,s20_p3
1779294282.0,2,1,0.000000,s2_p1
1779294282.0,2,4,0.783908,s2_p4
1779294282.0,2,2,0.000000,s2_p2
1779294282.0,2,3,0.000000,s2_p3
1779294282.0,18,1,0.000000,s18_p1
1779294282.0,18,4,0.000000,s18_p4
1779294282.0,18,2,0.000000,s18_p2
1779294282.0,18,3,0.000000,s18_p3
1779294282.0,11,4,0.000000,s11_p4
1779294282.0,11,1,0.000000,s11_p1
1779294282.0,11,2,0.000000,s11_p2
1779294282.0,11,3,0.168830,s11_p3
1779294282.0,17,4,0.554472,s17_p4
1779294282.0,17,1,0.000000,s17_p1
1779294282.0,17,2,0.000000,s17_p2
1779294282.0,17,3,0.168752,s17_p3
1779294282.0,12,4,0.723168,s12_p4
1779294282.0,12,1,0.542376,s12_p1
1779294282.0,12,2,0.241056,s12_p2
1779294282.0,12,3,0.000000,s12_p3
1779294282.0,6,1,0.000000,s6_p1
1779294282.0,6,4,0.000000,s6_p4
1779294282.0,6,2,0.471809,s6_p2
1779294282.0,6,3,0.000000,s6_p3
1779294282.0,3,4,0.726012,s3_p4
1779294282.0,3,1,0.532409,s3_p1
1779294282.0,3,2,0.000000,s3_p2
1779294282.0,3,3,0.000000,s3_p3
1779294282.0,10,1,0.703031,s10_p1
1779294282.0,10,4,0.775759,s10_p4
1779294282.0,10,2,0.000000,s10_p2
1779294282.0,10,3,0.000000,s10_p3
1779294282.0,1,4,0.000000,s1_p4
1779294282.0,1,1,0.701667,s1_p1
1779294282.0,1,2,0.000000,s1_p2
1779294282.0,1,3,0.556495,s1_p3
1779294282.0,14,4,0.000000,s14_p4
1779294282.0,14,1,0.725378,s14_p1
1779294282.0,14,2,0.000000,s14_p2
1779294282.0,14,3,0.000000,s14_p3
1779294282.0,8,4,0.702372,s8_p4
1779294282.0,8,1,0.000000,s8_p1
1779294282.0,8,2,0.557054,s8_p2
1779294282.0,8,3,0.000000,s8_p3
1779294282.0,15,4,0.000000,s15_p4
1779294282.0,15,1,0.000000,s15_p1
1779294282.0,15,2,0.556940,s15_p2
1779294282.0,15,3,0.000000,s15_p3
1779294282.0,7,1,0.000000,s7_p1
1779294282.0,7,4,0.000000,s7_p4
1779294282.0,7,2,0.811291,s7_p2
1779294282.0,7,3,0.000000,s7_p3
1779294282.0,18,1,0.000000,s18_p1
1779294282.0,18,4,0.000000,s18_p4
1779294282.0,18,2,0.000000,s18_p2
1779294282.0,18,3,0.000000,s18_p3
1779294282.0,20,1,0.702500,s20_p1
1779294282.0,20,4,0.000000,s20_p4
1779294282.0,20,2,0.775172,s20_p2
1779294282.0,20,3,0.726724,s20_p3
1779294282.0,11,4,0.000000,s11_p4
1779294282.0,11,1,0.000000,s11_p1
1779294282.0,11,2,0.000000,s11_p2
1779294282.0,11,3,0.169574,s11_p3
1779294282.0,13,4,0.000000,s13_p4
1779294282.0,13,1,0.169362,s13_p1
1779294282.0,13,2,0.000000,s13_p2
1779294282.0,13,3,0.000000,s13_p3
1779294282.0,12,4,0.726502,s12_p4
1779294282.0,12,1,0.532768,s12_p1
1779294282.0,12,2,0.242167,s12_p2
1779294282.0,12,3,0.000000,s12_p3
1779294282.0,16,1,0.000000,s16_p1
1779294282.0,16,4,0.702141,s16_p4
1779294282.0,16,2,0.000000,s16_p2
1779294282.0,16,3,0.000000,s16_p3
1779294282.0,4,1,0.000000,s4_p1
1779294282.0,4,4,0.000000,s4_p4
1779294282.0,4,2,0.241858,s4_p2
1779294282.0,4,3,0.169301,s4_p3
1779294282.0,9,1,0.000000,s9_p1
1779294282.0,9,4,0.000000,s9_p4
1779294282.0,9,2,0.000000,s9_p2
1779294282.0,9,3,0.556809,s9_p3
1779294282.0,5,4,0.000000,s5_p4
1779294282.0,5,1,0.726171,s5_p1
1779294282.0,5,2,0.169440,s5_p2
1779294282.0,5,3,0.000000,s5_p3
1779294282.0,17,4,0.556856,s17_p4
1779294282.0,17,1,0.000000,s17_p1
1779294282.0,17,2,0.000000,s17_p2
1779294282.0,17,3,0.169478,s17_p3
1779294282.0,2,1,0.000000,s2_p1
1779294282.0,2,4,0.786413,s2_p4
1779294282.0,2,2,0.000000,s2_p2
1779294282.0,2,3,0.000000,s2_p3
1779294282.0,19,1,0.000000,s19_p1
1779294282.0,19,4,0.000000,s19_p4
1779294282.0,19,2,0.000000,s19_p2
1779294282.0,19,3,0.000000,s19_p3
1779294282.0,6,1,0.000000,s6_p1
1779294282.0,6,4,0.000000,s6_p4
1779294282.0,6,2,0.776239,s6_p2
1779294282.0,6,3,0.000000,s6_p3
1779294282.0,14,4,0.000000,s14_p4
1779294282.0,14,1,1.000000,s14_p1
1779294282.0,14,2,0.000000,s14_p2
1779294282.0,14,3,0.000000,s14_p3
1779294282.0,3,4,1.000000,s3_p4
1779294282.0,3,1,0.871339,s3_p1
1779294282.0,3,2,0.000000,s3_p2
1779294282.0,3,3,0.000000,s3_p3
1779294282.0,1,4,0.000000,s1_p4
1779294282.0,1,1,1.000000,s1_p1
1779294282.0,1,2,0.000000,s1_p2
1779294282.0,1,3,0.919742,s1_p3
1779294282.0,15,4,0.000000,s15_p4
1779294282.0,15,1,0.000000,s15_p1
1779294282.0,15,2,0.918506,s15_p2
1779294282.0,15,3,0.000000,s15_p3
1779294282.0,13,4,0.000000,s13_p4
1779294282.0,13,1,0.339390,s13_p1
1779294282.0,13,2,0.000000,s13_p2
1779294282.0,13,3,0.000000,s13_p3
1779294282.0,10,1,1.000000,s10_p1
1779294282.0,10,4,1.000000,s10_p4
1779294282.0,10,2,0.000000,s10_p2
1779294282.0,10,3,0.000000,s10_p3
1779294282.0,7,1,0.000000,s7_p1
1779294282.0,7,4,0.000000,s7_p4
1779294282.0,7,2,1.000000,s7_p2
1779294282.0,7,3,0.000000,s7_p3
1779294282.0,8,4,1.000000,s8_p4
1779294282.0,8,1,0.000000,s8_p1
1779294282.0,8,2,0.916747,s8_p2
1779294282.0,8,3,0.000000,s8_p3
1779294282.0,12,4,1.000000,s12_p4
1779294282.0,12,1,0.868913,s12_p1
1779294282.0,12,2,0.386184,s12_p2
1779294282.0,12,3,0.000000,s12_p3
1779294282.0,17,4,0.917404,s17_p4
1779294282.0,17,1,0.000000,s17_p1
1779294282.0,17,2,0.000000,s17_p2
1779294282.0,17,3,0.337991,s17_p3
1779294282.0,20,1,1.000000,s20_p1
1779294282.0,20,4,0.000000,s20_p4
1779294282.0,20,2,1.000000,s20_p2
1779294282.0,20,3,1.000000,s20_p3
1779294282.0,2,1,0.000000,s2_p1
1779294282.0,2,4,1.000000,s2_p4
1779294282.0,2,2,0.000000,s2_p2
1779294282.0,2,3,0.000000,s2_p3
1779294282.0,18,1,0.000000,s18_p1
1779294282.0,18,4,0.000000,s18_p4
1779294282.0,18,2,0.000000,s18_p2
1779294282.0,18,3,0.000000,s18_p3
1779294282.0,4,1,0.000000,s4_p1
1779294282.0,4,4,0.000000,s4_p4
1779294282.0,4,2,0.385795,s4_p2
1779294282.0,4,3,0.337570,s4_p3
1779294282.0,5,4,0.000000,s5_p4
1779294282.0,5,1,1.000000,s5_p1
1779294282.0,5,2,0.337606,s5_p2
1779294282.0,5,3,0.000000,s5_p3
1779294282.0,19,1,0.000000,s19_p1
1779294282.0,19,4,0.000000,s19_p4
1779294282.0,19,2,0.000000,s19_p2
1779294282.0,19,3,0.000000,s19_p3
1779294282.0,9,1,0.000000,s9_p1
1779294282.0,9,4,0.000000,s9_p4
1779294282.0,9,2,0.000000,s9_p2
1779294282.0,9,3,0.913539,s9_p3
1779294282.0,11,4,0.000000,s11_p4
1779294282.0,11,1,0.000000,s11_p1
1779294282.0,11,2,0.000000,s11_p2
1779294282.0,11,3,0.335772,s11_p3
1779294282.0,16,1,0.000000,s16_p1
1779294282.0,16,4,1.000000,s16_p4
1779294282.0,16,2,0.000000,s16_p2
1779294282.0,16,3,0.000000,s16_p3
1779294283.0,19,1,0.000000,s19_p1
1779294283.0,19,4,0.000000,s19_p4
1779294283.0,19,2,0.000000,s19_p2
1779294283.0,19,3,0.000000,s19_p3
1779294283.0,6,1,0.000000,s6_p1
1779294283.0,6,4,0.000000,s6_p4
1779294283.0,6,2,0.410107,s6_p2
1779294283.0,6,3,0.000000,s6_p3
1779294283.0,14,4,0.000000,s14_p4
1779294283.0,14,1,0.615168,s14_p1
1779294283.0,14,2,0.000000,s14_p2
1779294283.0,14,3,0.000000,s14_p3
1779294283.0,3,4,0.627270,s3_p4
1779294283.0,3,1,0.458389,s3_p1
1779294283.0,3,2,0.000000,s3_p2
1779294283.0,3,3,0.000000,s3_p3
1779294283.0,1,4,0.000000,s1_p4
1779294283.0,1,1,0.591104,s1_p1
1779294283.0,1,2,0.000000,s1_p2
1779294283.0,1,3,0.470470,s1_p3
1779294283.0,18,1,0.000000,s18_p1
1779294283.0,18,4,0.000000,s18_p4
1779294283.0,18,2,0.000000,s18_p2
1779294283.0,18,3,0.000000,s18_p3
1779294283.0,5,4,0.000000,s5_p4
1779294283.0,5,1,0.628489,s5_p1
1779294283.0,5,2,0.132950,s5_p2
1779294283.0,5,3,0.000000,s5_p3
1779294283.0,20,1,0.592100,s20_p1
1779294283.0,20,4,0.000000,s20_p4
1779294283.0,20,2,0.652519,s20_p2
1779294283.0,20,3,0.628351,s20_p3
1779294283.0,7,1,0.000000,s7_p1
1779294283.0,7,4,0.000000,s7_p4
1779294283.0,7,2,0.687725,s7_p2
1779294283.0,7,3,0.000000,s7_p3
1779294283.0,15,4,0.000000,s15_p4
1779294283.0,15,1,0.000000,s15_p1
1779294283.0,15,2,0.470365,s15_p2
1779294283.0,15,3,0.000000,s15_p3
1779294283.0,8,4,0.591221,s8_p4
1779294283.0,8,1,0.000000,s8_p1
1779294283.0,8,2,0.470563,s8_p2
1779294283.0,8,3,0.000000,s8_p3
1779294283.0,12,4,0.628137,s12_p4
1779294283.0,12,1,0.459023,s12_p1
1779294283.0,12,2,0.193273,s12_p2
1779294283.0,12,3,0.000000,s12_p3
1779294283.0,4,1,0.000000,s4_p1
1779294283.0,4,4,0.000000,s4_p4
1779294283.0,4,2,0.193337,s4_p2
1779294283.0,4,3,0.132919,s4_p3
1779294283.0,10,1,0.591082,s10_p1
1779294283.0,10,4,0.651396,s10_p4
1779294283.0,10,2,0.000000,s10_p2
1779294283.0,10,3,0.000000,s10_p3
1779294283.0,13,4,0.000000,s13_p4
1779294283.0,13,1,0.132672,s13_p1
1779294283.0,13,2,0.000000,s13_p2
1779294283.0,13,3,0.000000,s13_p3
1779294283.0,16,1,0.000000,s16_p1
1779294283.0,16,4,0.604441,s16_p4
1779294283.0,16,2,0.000000,s16_p2
1779294283.0,16,3,0.000000,s16_p3
1779294283.0,9,1,0.000000,s9_p1
1779294283.0,9,4,0.000000,s9_p4
1779294283.0,9,2,0.000000,s9_p2
1779294283.0,9,3,0.471375,s9_p3
1779294283.0,11,4,0.000000,s11_p4
1779294283.0,11,1,0.000000,s11_p1
1779294283.0,11,2,0.000000,s11_p2
1779294283.0,11,3,0.132957,s11_p3
1779294283.0,17,4,0.470882,s17_p4
1779294283.0,17,1,0.000000,s17_p1
1779294283.0,17,2,0.000000,s17_p2
1779294283.0,17,3,0.132813,s17_p3
1779294283.0,2,1,0.000000,s2_p1
1779294283.0,2,4,0.652054,s2_p4
1779294283.0,2,2,0.000000,s2_p2
1779294283.0,2,3,0.000000,s2_p3
1779294283.0,1,4,0.000000,s1_p4
1779294283.0,1,1,0.712290,s1_p1
1779294283.0,1,2,0.000000,s1_p2
1779294283.0,1,3,0.555345,s1_p3
1779294283.0,6,1,0.000000,s6_p1
1779294283.0,6,4,0.000000,s6_p4
1779294283.0,6,2,0.482324,s6_p2
1779294283.0,6,3,0.000000,s6_p3
1779294283.0,19,1,0.000000,s19_p1
1779294283.0,19,4,0.000000,s19_p4
1779294283.0,19,2,0.000000,s19_p2
1779294283.0,19,3,0.000000,s19_p3
1779294283.0,10,1,0.712673,s10_p1
1779294283.0,10,4,0.785149,s10_p4
1779294283.0,10,2,0.000000,s10_p2
1779294283.0,10,3,0.000000,s10_p3
1779294283.0,3,4,0.723503,s3_p4
1779294283.0,3,1,0.542627,s3_p1
1779294283.0,3,2,0.000000,s3_p2
1779294283.0,3,3,0.000000,s3_p3
1779294283.0,14,4,0.000000,s14_p4
1779294283.0,14,1,0.735438,s14_p1
1779294283.0,14,2,0.000000,s14_p2
1779294283.0,14,3,0.000000,s14_p3
1779294283.0,4,1,0.000000,s4_p1
1779294283.0,4,4,0.000000,s4_p4
1779294283.0,4,2,0.241535,s4_p2
1779294283.0,4,3,0.181151,s4_p3
1779294283.0,13,4,0.000000,s13_p4
1779294283.0,13,1,0.181158,s13_p1
1779294283.0,13,2,0.000000,s13_p2
1779294283.0,13,3,0.000000,s13_p3
1779294283.0,15,4,0.000000,s15_p4
1779294283.0,15,1,0.000000,s15_p1
1779294283.0,15,2,0.555448,s15_p2
1779294283.0,15,3,0.000000,s15_p3
1779294283.0,7,1,0.000000,s7_p1
1779294283.0,7,4,0.000000,s7_p4
1779294283.0,7,2,0.808984,s7_p2
1779294283.0,7,3,0.000000,s7_p3
1779294283.0,18,1,0.000000,s18_p1
1779294283.0,18,4,0.000000,s18_p4
1779294283.0,18,2,0.000000,s18_p2
1779294283.0,18,3,0.000000,s18_p3
1779294283.0,8,4,0.711805,s8_p4
1779294283.0,8,1,0.000000,s8_p1
1779294283.0,8,2,0.554966,s8_p2
1779294283.0,8,3,0.000000,s8_p3
1779294283.0,16,1,0.000000,s16_p1
1779294283.0,16,4,0.700101,s16_p4
1779294283.0,16,2,0.000000,s16_p2
1779294283.0,16,3,0.000000,s16_p3
1779294283.0,9,1,0.000000,s9_p1
1779294283.0,9,4,0.000000,s9_p4
1779294283.0,9,2,0.000000,s9_p2
1779294283.0,9,3,0.555277,s9_p3
1779294283.0,20,1,0.711701,s20_p1
1779294283.0,20,4,0.000000,s20_p4
1779294283.0,20,2,0.784077,s20_p2
1779294283.0,20,3,0.723763,s20_p3
1779294283.0,12,4,0.723817,s12_p4
1779294283.0,12,1,0.542863,s12_p1
1779294283.0,12,2,0.241272,s12_p2
1779294283.0,12,3,0.000000,s12_p3
1779294283.0,17,4,0.555254,s17_p4
1779294283.0,17,1,0.000000,s17_p1
1779294283.0,17,2,0.000000,s17_p2
1779294283.0,17,3,0.181061,s17_p3
1779294283.0,11,4,0.000000,s11_p4
1779294283.0,11,1,0.000000,s11_p1
1779294283.0,11,2,0.000000,s11_p2
1779294283.0,11,3,0.181053,s11_p3
1779294283.0,5,4,0.000000,s5_p4
1779294283.0,5,1,0.723655,s5_p1
1779294283.0,5,2,0.180914,s5_p2
1779294283.0,5,3,0.000000,s5_p3
1779294283.0,2,1,0.000000,s2_p1
1779294283.0,2,4,0.784567,s2_p4
1779294283.0,2,2,0.000000,s2_p2
1779294283.0,2,3,0.000000,s2_p3
1779294284.0,6,1,0.000000,s6_p1
1779294284.0,6,4,0.000000,s6_p4
1779294284.0,6,2,0.470918,s6_p2
1779294284.0,6,3,0.000000,s6_p3
1779294284.0,14,4,0.000000,s14_p4
1779294284.0,14,1,0.725120,s14_p1
1779294284.0,14,2,0.000000,s14_p2
1779294284.0,14,3,0.000000,s14_p3
1779294284.0,7,1,0.000000,s7_p1
1779294284.0,7,4,0.000000,s7_p4
1779294284.0,7,2,0.809009,s7_p2
1779294284.0,7,3,0.000000,s7_p3
1779294284.0,3,4,0.724291,s3_p4
1779294284.0,3,1,0.543218,s3_p1
1779294284.0,3,2,0.000000,s3_p2
1779294284.0,3,3,0.000000,s3_p3
1779294284.0,4,1,0.000000,s4_p1
1779294284.0,4,4,0.000000,s4_p4
1779294284.0,4,2,0.241440,s4_p2
1779294284.0,4,3,0.169008,s4_p3
1779294284.0,1,4,0.000000,s1_p4
1779294284.0,1,1,0.699303,s1_p1
1779294284.0,1,2,0.000000,s1_p2
1779294284.0,1,3,0.554620,s1_p3
1779294284.0,8,4,0.700797,s8_p4
1779294284.0,8,1,0.000000,s8_p1
1779294284.0,8,2,0.555805,s8_p2
1779294284.0,8,3,0.000000,s8_p3
1779294284.0,10,1,0.699998,s10_p1
1779294284.0,10,4,0.784480,s10_p4
1779294284.0,10,2,0.000000,s10_p2
1779294284.0,10,3,0.000000,s10_p3
1779294284.0,13,4,0.000000,s13_p4
1779294284.0,13,1,0.168992,s13_p1
1779294284.0,13,2,0.000000,s13_p2
1779294284.0,13,3,0.000000,s13_p3
1779294284.0,16,1,0.000000,s16_p1
1779294284.0,16,4,0.700354,s16_p4
1779294284.0,16,2,0.000000,s16_p2
1779294284.0,16,3,0.000000,s16_p3
1779294284.0,2,1,0.000000,s2_p1
1779294284.0,2,4,0.784959,s2_p4
1779294284.0,2,2,0.000000,s2_p2
1779294284.0,2,3,0.000000,s2_p3
1779294284.0,18,1,0.000000,s18_p1
1779294284.0,18,4,0.000000,s18_p4
1779294284.0,18,2,0.000000,s18_p2
1779294284.0,18,3,0.000000,s18_p3
1779294284.0,5,4,0.000000,s5_p4
1779294284.0,5,1,0.724521,s5_p1
1779294284.0,5,2,0.169055,s5_p2
1779294284.0,5,3,0.000000,s5_p3
1779294284.0,12,4,0.724433,s12_p4
1779294284.0,12,1,0.543325,s12_p1
1779294284.0,12,2,0.241478,s12_p2
1779294284.0,12,3,0.000000,s12_p3
1779294284.0,20,1,0.700228,s20_p1
1779294284.0,20,4,0.000000,s20_p4
1779294284.0,20,2,0.784739,s20_p2
1779294284.0,20,3,0.724374,s20_p3
1779294284.0,17,4,0.555382,s17_p4
1779294284.0,17,1,0.000000,s17_p1
1779294284.0,17,2,0.000000,s17_p2
1779294284.0,17,3,0.169029,s17_p3
1779294284.0,11,4,0.000000,s11_p4
1779294284.0,11,1,0.000000,s11_p1
1779294284.0,11,2,0.000000,s11_p2
1779294284.0,11,3,0.168985,s11_p3
1779294284.0,9,1,0.000000,s9_p1
1779294284.0,9,4,0.000000,s9_p4
1779294284.0,9,2,0.000000,s9_p2
1779294284.0,9,3,0.555137,s9_p3
1779294284.0,15,4,0.000000,s15_p4
1779294284.0,15,1,0.000000,s15_p1
1779294284.0,15,2,0.554597,s15_p2
1779294284.0,15,3,0.000000,s15_p3
1779294284.0,19,1,0.000000,s19_p1
1779294284.0,19,4,0.000000,s19_p4
1779294284.0,19,2,0.000000,s19_p2
1779294284.0,19,3,0.000000,s19_p3
1779294284.0,6,1,0.000000,s6_p1
1779294284.0,6,4,0.000000,s6_p4
1779294284.0,6,2,0.482313,s6_p2
1779294284.0,6,3,0.000000,s6_p3
1779294284.0,14,4,0.000000,s14_p4
1779294284.0,14,1,0.735472,s14_p1
1779294284.0,14,2,0.000000,s14_p2
1779294284.0,14,3,0.000000,s14_p3
1779294284.0,1,4,0.000000,s1_p4
1779294284.0,1,1,0.700072,s1_p1
1779294284.0,1,2,0.000000,s1_p2
1779294284.0,1,3,0.555230,s1_p3
1779294284.0,15,4,0.000000,s15_p4
1779294284.0,15,1,0.000000,s15_p1
1779294284.0,15,2,0.555585,s15_p2
1779294284.0,15,3,0.000000,s15_p3
1779294284.0,4,1,0.000000,s4_p1
1779294284.0,4,4,0.000000,s4_p4
1779294284.0,4,2,0.229154,s4_p2
1779294284.0,4,3,0.168850,s4_p3
1779294284.0,13,4,0.000000,s13_p4
1779294284.0,13,1,0.168865,s13_p1
1779294284.0,13,2,0.000000,s13_p2
1779294284.0,13,3,0.000000,s13_p3
1779294284.0,8,4,0.699513,s8_p4
1779294284.0,8,1,0.000000,s8_p1
1779294284.0,8,2,0.554786,s8_p2
1779294284.0,8,3,0.000000,s8_p3
1779294284.0,10,1,0.699481,s10_p1
1779294284.0,10,4,0.759781,s10_p4
1779294284.0,10,2,0.000000,s10_p2
1779294284.0,10,3,0.000000,s10_p3
1779294284.0,3,4,0.735557,s3_p4
1779294284.0,3,1,0.530566,s3_p1
1779294284.0,3,2,0.000000,s3_p2
1779294284.0,3,3,0.000000,s3_p3
1779294284.0,16,1,0.000000,s16_p1
1779294284.0,16,4,0.699377,s16_p4
1779294284.0,16,2,0.000000,s16_p2
1779294284.0,16,3,0.000000,s16_p3
1779294284.0,12,4,0.735628,s12_p4
1779294284.0,12,1,0.530617,s12_p1
1779294284.0,12,2,0.229130,s12_p2
1779294284.0,12,3,0.000000,s12_p3
1779294284.0,2,1,0.000000,s2_p1
1779294284.0,2,4,0.759638,s2_p4
1779294284.0,2,2,0.000000,s2_p2
1779294284.0,2,3,0.000000,s2_p3
1779294284.0,7,1,0.000000,s7_p1
1779294284.0,7,4,0.000000,s7_p4
1779294284.0,7,2,0.807081,s7_p2
1779294284.0,7,3,0.000000,s7_p3
1779294284.0,17,4,0.554725,s17_p4
1779294284.0,17,1,0.000000,s17_p1
1779294284.0,17,2,0.000000,s17_p2
1779294284.0,17,3,0.168829,s17_p3
1779294284.0,11,4,0.000000,s11_p4
1779294284.0,11,1,0.000000,s11_p1
1779294284.0,11,2,0.000000,s11_p2
1779294284.0,11,3,0.168874,s11_p3
1779294284.0,20,1,0.699387,s20_p1
1779294284.0,20,4,0.000000,s20_p4
1779294284.0,20,2,0.759679,s20_p2
1779294284.0,20,3,0.735562,s20_p3
1779294284.0,5,4,0.000000,s5_p4
1779294284.0,5,1,0.735482,s5_p1
1779294284.0,5,2,0.168799,s5_p2
1779294284.0,5,3,0.000000,s5_p3
1779294284.0,18,1,0.000000,s18_p1
1779294284.0,18,4,0.000000,s18_p4
1779294284.0,18,2,0.000000,s18_p2
1779294284.0,18,3,0.000000,s18_p3
1779294284.0,19,1,0.000000,s19_p1
1779294284.0,19,4,0.000000,s19_p4
1779294284.0,19,2,0.000000,s19_p2
1779294284.0,19,3,0.000000,s19_p3
1779294284.0,9,1,0.000000,s9_p1
1779294284.0,9,4,0.000000,s9_p4
1779294284.0,9,2,0.000000,s9_p2
1779294284.0,9,3,0.554714,s9_p3
1779294285.0,19,1,0.000000,s19_p1
1779294285.0,19,4,0.000000,s19_p4
1779294285.0,19,2,0.000000,s19_p2
1779294285.0,19,3,0.000000,s19_p3
1779294285.0,1,4,0.000000,s1_p4
1779294285.0,1,1,0.700505,s1_p1
1779294285.0,1,2,0.000000,s1_p2
1779294285.0,1,3,0.555573,s1_p3
1779294285.0,6,1,0.000000,s6_p1
1779294285.0,6,4,0.000000,s6_p4
1779294285.0,6,2,0.482874,s6_p2
1779294285.0,6,3,0.000000,s6_p3
1779294285.0,14,4,0.000000,s14_p4
1779294285.0,14,1,0.724466,s14_p1
1779294285.0,14,2,0.000000,s14_p2
1779294285.0,14,3,0.000000,s14_p3
1779294285.0,3,4,0.724315,s3_p4
1779294285.0,3,1,0.543236,s3_p1
1779294285.0,3,2,0.000000,s3_p2
1779294285.0,3,3,0.000000,s3_p3
1779294285.0,8,4,0.700038,s8_p4
1779294285.0,8,1,0.000000,s8_p1
1779294285.0,8,2,0.555202,s8_p2
1779294285.0,8,3,0.000000,s8_p3
1779294285.0,4,1,0.000000,s4_p1
1779294285.0,4,4,0.000000,s4_p4
1779294285.0,4,2,0.241369,s4_p2
1779294285.0,4,3,0.181027,s4_p3
1779294285.0,10,1,0.700047,s10_p1
1779294285.0,10,4,0.784535,s10_p4
1779294285.0,10,2,0.000000,s10_p2
1779294285.0,10,3,0.000000,s10_p3
1779294285.0,13,4,0.000000,s13_p4
1779294285.0,13,1,0.181025,s13_p1
1779294285.0,13,2,0.000000,s13_p2
1779294285.0,13,3,0.000000,s13_p3
1779294285.0,7,1,0.000000,s7_p1
1779294285.0,7,4,0.000000,s7_p4
1779294285.0,7,2,0.809395,s7_p2
1779294285.0,7,3,0.000000,s7_p3
1779294285.0,15,4,0.000000,s15_p4
1779294285.0,15,1,0.000000,s15_p1
1779294285.0,15,2,0.555054,s15_p2
1779294285.0,15,3,0.000000,s15_p3
1779294285.0,2,1,0.000000,s2_p1
1779294285.0,2,4,0.784694,s2_p4
1779294285.0,2,2,0.000000,s2_p2
1779294285.0,2,3,0.000000,s2_p3
1779294285.0,5,4,0.000000,s5_p4
1779294285.0,5,1,0.724363,s5_p1
1779294285.0,5,2,0.181091,s5_p2
1779294285.0,5,3,0.000000,s5_p3
1779294285.0,12,4,0.724235,s12_p4
1779294285.0,12,1,0.543176,s12_p1
1779294285.0,12,2,0.241412,s12_p2
1779294285.0,12,3,0.000000,s12_p3
1779294285.0,9,1,0.000000,s9_p1
1779294285.0,9,4,0.000000,s9_p4
1779294285.0,9,2,0.000000,s9_p2
1779294285.0,9,3,0.555481,s9_p3
1779294285.0,18,1,0.000000,s18_p1
1779294285.0,18,4,0.000000,s18_p4
1779294285.0,18,2,0.000000,s18_p2
1779294285.0,18,3,0.000000,s18_p3
1779294285.0,11,4,0.000000,s11_p4
1779294285.0,11,1,0.000000,s11_p1
1779294285.0,11,2,0.000000,s11_p2
1779294285.0,11,3,0.181064,s11_p3
1779294285.0,20,1,0.700115,s20_p1
1779294285.0,20,4,0.000000,s20_p4
1779294285.0,20,2,0.784612,s20_p2
1779294285.0,20,3,0.724257,s20_p3
1779294285.0,16,1,0.000000,s16_p1
1779294285.0,16,4,0.699955,s16_p4
1779294285.0,16,2,0.000000,s16_p2
1779294285.0,16,3,0.000000,s16_p3
1779294285.0,17,4,0.555217,s17_p4
1779294285.0,17,1,0.000000,s17_p1
1779294285.0,17,2,0.000000,s17_p2
1779294285.0,17,3,0.181049,s17_p3
1779294285.0,1,4,0.000000,s1_p4
1779294285.0,1,1,0.700194,s1_p1
1779294285.0,1,2,0.000000,s1_p2
1779294285.0,1,3,0.555326,s1_p3
1779294285.0,6,1,0.000000,s6_p1
1779294285.0,6,4,0.000000,s6_p4
1779294285.0,6,2,0.482829,s6_p2
1779294285.0,6,3,0.000000,s6_p3
1779294285.0,15,4,0.000000,s15_p4
1779294285.0,15,1,0.000000,s15_p1
1779294285.0,15,2,0.555367,s15_p2
1779294285.0,15,3,0.000000,s15_p3
1779294285.0,10,1,0.700067,s10_p1
1779294285.0,10,4,0.772488,s10_p4
1779294285.0,10,2,0.000000,s10_p2
1779294285.0,10,3,0.000000,s10_p3
1779294285.0,13,4,0.000000,s13_p4
1779294285.0,13,1,0.168978,s13_p1
1779294285.0,13,2,0.000000,s13_p2
1779294285.0,13,3,0.000000,s13_p3
1779294285.0,4,1,0.000000,s4_p1
1779294285.0,4,4,0.000000,s4_p4
1779294285.0,4,2,0.241378,s4_p2
1779294285.0,4,3,0.168964,s4_p3
1779294285.0,7,1,0.000000,s7_p1
1779294285.0,7,4,0.000000,s7_p4
1779294285.0,7,2,0.808637,s7_p2
1779294285.0,7,3,0.000000,s7_p3
1779294285.0,8,4,0.699892,s8_p4
1779294285.0,8,1,0.000000,s8_p1
1779294285.0,8,2,0.555087,s8_p2
1779294285.0,8,3,0.000000,s8_p3
1779294285.0,16,1,0.000000,s16_p1
1779294285.0,16,4,0.699838,s16_p4
1779294285.0,16,2,0.000000,s16_p2
1779294285.0,16,3,0.000000,s16_p3
1779294285.0,12,4,0.723809,s12_p4
1779294285.0,12,1,0.542857,s12_p1
1779294285.0,12,2,0.241270,s12_p2
1779294285.0,12,3,0.000000,s12_p3
1779294285.0,2,1,0.000000,s2_p1
1779294285.0,2,4,0.784017,s2_p4
1779294285.0,2,2,0.000000,s2_p2
1779294285.0,2,3,0.000000,s2_p3
1779294285.0,18,1,0.000000,s18_p1
1779294285.0,18,4,0.000000,s18_p4
1779294285.0,18,2,0.000000,s18_p2
1779294285.0,18,3,0.000000,s18_p3
1779294285.0,11,4,0.000000,s11_p4
1779294285.0,11,1,0.000000,s11_p1
1779294285.0,11,2,0.000000,s11_p2
1779294285.0,11,3,0.168886,s11_p3
1779294285.0,5,4,0.000000,s5_p4
1779294285.0,5,1,0.723701,s5_p1
1779294285.0,5,2,0.168864,s5_p2
1779294285.0,5,3,0.000000,s5_p3
1779294285.0,17,4,0.554916,s17_p4
1779294285.0,17,1,0.000000,s17_p1
1779294285.0,17,2,0.000000,s17_p2
1779294285.0,17,3,0.168888,s17_p3
1779294285.0,20,1,0.699615,s20_p1
1779294285.0,20,4,0.000000,s20_p4
1779294285.0,20,2,0.784051,s20_p2
1779294285.0,20,3,0.723740,s20_p3
1779294285.0,19,1,0.000000,s19_p1
1779294285.0,19,4,0.000000,s19_p4
1779294285.0,19,2,0.000000,s19_p2
1779294285.0,19,3,0.000000,s19_p3
1779294285.0,14,4,0.000000,s14_p4
1779294285.0,14,1,0.721822,s14_p1
1779294285.0,14,2,0.000000,s14_p2
1779294285.0,14,3,0.000000,s14_p3
1779294285.0,3,4,0.722656,s3_p4
1779294285.0,3,1,0.541992,s3_p1
1779294285.0,3,2,0.000000,s3_p2
1779294285.0,3,3,0.000000,s3_p3
1779294285.0,9,1,0.000000,s9_p1
1779294285.0,9,4,0.000000,s9_p4
1779294285.0,9,2,0.000000,s9_p2
1779294285.0,9,3,0.554561,s9_p3
1779294286.0,19,1,0.000000,s19_p1
1779294286.0,19,4,0.000000,s19_p4
1779294286.0,19,2,0.000000,s19_p2
1779294286.0,19,3,0.000000,s19_p3
1779294286.0,1,4,0.000000,s1_p4
1779294286.0,1,1,0.700380,s1_p1
1779294286.0,1,2,0.000000,s1_p2
1779294286.0,1,3,0.555474,s1_p3
1779294286.0,6,1,0.000000,s6_p1
1779294286.0,6,4,0.000000,s6_p4
1779294286.0,6,2,0.483134,s6_p2
1779294286.0,6,3,0.000000,s6_p3
1779294286.0,14,4,0.000000,s14_p4
1779294286.0,14,1,0.726898,s14_p1
1779294286.0,14,2,0.000000,s14_p2
1779294286.0,14,3,0.000000,s14_p3
1779294286.0,10,1,0.701229,s10_p1
1779294286.0,10,4,0.773770,s10_p4
1779294286.0,10,2,0.000000,s10_p2
1779294286.0,10,3,0.000000,s10_p3
1779294286.0,3,4,0.726841,s3_p4
1779294286.0,3,1,0.533017,s3_p1
1779294286.0,3,2,0.000000,s3_p2
1779294286.0,3,3,0.000000,s3_p3
1779294286.0,7,1,0.000000,s7_p1
1779294286.0,7,4,0.000000,s7_p4
1779294286.0,7,2,0.809745,s7_p2
1779294286.0,7,3,0.000000,s7_p3
1779294286.0,4,1,0.000000,s4_p1
1779294286.0,4,4,0.000000,s4_p4
1779294286.0,4,2,0.229607,s4_p2
1779294286.0,4,3,0.169184,s4_p3
1779294286.0,15,4,0.000000,s15_p4
1779294286.0,15,1,0.000000,s15_p1
1779294286.0,15,2,0.555721,s15_p2
1779294286.0,15,3,0.000000,s15_p3
1779294286.0,13,4,0.000000,s13_p4
1779294286.0,13,1,0.169170,s13_p1
1779294286.0,13,2,0.000000,s13_p2
1779294286.0,13,3,0.000000,s13_p3
1779294286.0,8,4,0.700936,s8_p4
1779294286.0,8,1,0.000000,s8_p1
1779294286.0,8,2,0.555915,s8_p2
1779294286.0,8,3,0.000000,s8_p3
1779294286.0,20,1,0.701597,s20_p1
1779294286.0,20,4,0.000000,s20_p4
1779294286.0,20,2,0.762080,s20_p2
1779294286.0,20,3,0.737887,s20_p3
1779294286.0,12,4,0.737683,s12_p4
1779294286.0,12,1,0.532099,s12_p1
1779294286.0,12,2,0.229770,s12_p2
1779294286.0,12,3,0.000000,s12_p3
1779294286.0,5,4,0.000000,s5_p4
1779294286.0,5,1,0.737749,s5_p1
1779294286.0,5,2,0.169319,s5_p2
1779294286.0,5,3,0.000000,s5_p3
1779294286.0,18,1,0.000000,s18_p1
1779294286.0,18,4,0.000000,s18_p4
1779294286.0,18,2,0.000000,s18_p2
1779294286.0,18,3,0.000000,s18_p3
1779294286.0,17,4,0.556325,s17_p4
1779294286.0,17,1,0.000000,s17_p1
1779294286.0,17,2,0.000000,s17_p2
1779294286.0,17,3,0.169316,s17_p3
1779294286.0,16,1,0.000000,s16_p1
1779294286.0,16,4,0.701047,s16_p4
1779294286.0,16,2,0.000000,s16_p2
1779294286.0,16,3,0.000000,s16_p3
1779294286.0,11,4,0.000000,s11_p4
1779294286.0,11,1,0.000000,s11_p1
1779294286.0,11,2,0.000000,s11_p2
1779294286.0,11,3,0.169243,s11_p3
1779294286.0,9,1,0.000000,s9_p1
1779294286.0,9,4,0.000000,s9_p4
1779294286.0,9,2,0.000000,s9_p2
1779294286.0,9,3,0.556388,s9_p3
1779294286.0,2,1,0.000000,s2_p1
1779294286.0,2,4,0.761494,s2_p4
1779294286.0,2,2,0.000000,s2_p2
1779294286.0,2,3,0.000000,s2_p3
1779294286.0,3,4,0.737687,s3_p4
1779294286.0,3,1,0.544195,s3_p1
1779294286.0,3,2,0.000000,s3_p2
1779294286.0,3,3,0.000000,s3_p3
1779294286.0,1,4,0.000000,s1_p4
1779294286.0,1,1,0.700881,s1_p1
1779294286.0,1,2,0.000000,s1_p2
1779294286.0,1,3,0.555871,s1_p3
1779294286.0,10,1,0.700919,s10_p1
1779294286.0,10,4,0.785513,s10_p4
1779294286.0,10,2,0.000000,s10_p2
1779294286.0,10,3,0.000000,s10_p3
1779294286.0,8,4,0.701290,s8_p4
1779294286.0,8,1,0.000000,s8_p1
1779294286.0,8,2,0.556196,s8_p2
1779294286.0,8,3,0.000000,s8_p3
1779294286.0,15,4,0.000000,s15_p4
1779294286.0,15,1,0.000000,s15_p1
1779294286.0,15,2,0.556152,s15_p2
1779294286.0,15,3,0.000000,s15_p3
1779294286.0,7,1,0.000000,s7_p1
1779294286.0,7,4,0.000000,s7_p4
1779294286.0,7,2,0.809614,s7_p2
1779294286.0,7,3,0.000000,s7_p3
1779294286.0,4,1,0.000000,s4_p1
1779294286.0,4,4,0.000000,s4_p4
1779294286.0,4,2,0.241674,s4_p2
1779294286.0,4,3,0.169172,s4_p3
1779294286.0,13,4,0.000000,s13_p4
1779294286.0,13,1,0.169175,s13_p1
1779294286.0,13,2,0.000000,s13_p2
1779294286.0,13,3,0.000000,s13_p3
1779294286.0,5,4,0.000000,s5_p4
1779294286.0,5,1,0.725410,s5_p1
1779294286.0,5,2,0.169262,s5_p2
1779294286.0,5,3,0.000000,s5_p3
1779294286.0,20,1,0.701070,s20_p1
1779294286.0,20,4,0.000000,s20_p4
1779294286.0,20,2,0.785682,s20_p2
1779294286.0,20,3,0.725245,s20_p3
1779294286.0,16,1,0.000000,s16_p1
1779294286.0,16,4,0.700983,s16_p4
1779294286.0,16,2,0.000000,s16_p2
1779294286.0,16,3,0.000000,s16_p3
1779294286.0,12,4,0.724799,s12_p4
1779294286.0,12,1,0.543599,s12_p1
1779294286.0,12,2,0.241600,s12_p2
1779294286.0,12,3,0.000000,s12_p3
1779294286.0,18,1,0.000000,s18_p1
1779294286.0,18,4,0.000000,s18_p4
1779294286.0,18,2,0.000000,s18_p2
1779294286.0,18,3,0.000000,s18_p3
1779294286.0,17,4,0.555684,s17_p4
1779294286.0,17,1,0.000000,s17_p1
1779294286.0,17,2,0.000000,s17_p2
1779294286.0,17,3,0.169121,s17_p3
1779294286.0,2,1,0.000000,s2_p1
1779294286.0,2,4,0.785551,s2_p4
1779294286.0,2,2,0.000000,s2_p2
1779294286.0,2,3,0.000000,s2_p3
1779294286.0,11,4,0.000000,s11_p4
1779294286.0,11,1,0.000000,s11_p1
1779294286.0,11,2,0.000000,s11_p2
1779294286.0,11,3,0.169178,s11_p3
1779294286.0,6,1,0.000000,s6_p1
1779294286.0,6,4,0.000000,s6_p4
1779294286.0,6,2,0.470154,s6_p2
1779294286.0,6,3,0.000000,s6_p3
1779294286.0,14,4,0.000000,s14_p4
1779294286.0,14,1,0.735593,s14_p1
1779294286.0,14,2,0.000000,s14_p2
1779294286.0,14,3,0.000000,s14_p3
1779294286.0,9,1,0.000000,s9_p1
1779294286.0,9,4,0.000000,s9_p4
1779294286.0,9,2,0.000000,s9_p2
1779294286.0,9,3,0.555610,s9_p3
1779294286.0,19,1,0.000000,s19_p1
1779294286.0,19,4,0.000000,s19_p4
1779294286.0,19,2,0.000000,s19_p2
1779294286.0,19,3,0.000000,s19_p3
1779294287.0,19,1,0.000000,s19_p1
1779294287.0,19,4,0.000000,s19_p4
1779294287.0,19,2,0.000000,s19_p2
1779294287.0,19,3,0.000000,s19_p3
1779294287.0,1,4,0.060374,s1_p4
1779294287.0,1,1,0.700338,s1_p1
1779294287.0,1,2,0.000000,s1_p2
1779294287.0,1,3,0.736562,s1_p3
1779294287.0,14,4,0.000000,s14_p4
1779294287.0,14,1,0.726261,s14_p1
1779294287.0,14,2,0.000000,s14_p2
1779294287.0,14,3,0.000000,s14_p3
1779294287.0,3,4,0.724252,s3_p4
1779294287.0,3,1,0.688039,s3_p1
1779294287.0,3,2,0.072425,s3_p2
1779294287.0,3,3,0.000000,s3_p3
1779294287.0,6,1,0.072617,s6_p1
1779294287.0,6,4,0.000000,s6_p4
1779294287.0,6,2,0.556732,s6_p2
1779294287.0,6,3,0.000000,s6_p3
1779294287.0,5,4,0.000000,s5_p4
1779294287.0,5,1,0.796907,s5_p1
1779294287.0,5,2,0.181115,s5_p2
1779294287.0,5,3,0.000000,s5_p3
1779294287.0,7,1,0.277643,s7_p1
1779294287.0,7,4,0.000000,s7_p4
1779294287.0,7,2,0.808788,s7_p2
1779294287.0,7,3,0.000000,s7_p3
1779294287.0,4,1,0.120719,s4_p1
1779294287.0,4,4,0.000000,s4_p4
1779294287.0,4,2,0.277654,s4_p2
1779294287.0,4,3,0.181078,s4_p3
1779294287.0,12,4,0.724932,s12_p4
1779294287.0,12,1,0.579946,s12_p1
1779294287.0,12,2,0.277891,s12_p2
1779294287.0,12,3,0.000000,s12_p3
1779294287.0,15,4,0.000000,s15_p4
1779294287.0,15,1,0.000000,s15_p1
1779294287.0,15,2,0.506738,s15_p2
1779294287.0,15,3,0.265434,s15_p3
1779294287.0,8,4,0.699736,s8_p4
1779294287.0,8,1,0.000000,s8_p1
1779294287.0,8,2,0.506706,s8_p2
1779294287.0,8,3,0.277482,s8_p3
1779294287.0,18,1,0.000000,s18_p1
1779294287.0,18,4,0.000000,s18_p4
1779294287.0,18,2,0.000000,s18_p2
1779294287.0,18,3,0.000000,s18_p3
1779294287.0,20,1,0.700215,s20_p1
1779294287.0,20,4,0.000000,s20_p4
1779294287.0,20,2,0.857160,s20_p2
1779294287.0,20,3,0.724361,s20_p3
1779294287.0,13,4,0.000000,s13_p4
1779294287.0,13,1,0.181061,s13_p1
1779294287.0,13,2,0.144849,s13_p2
1779294287.0,13,3,0.000000,s13_p3
1779294287.0,10,1,0.699624,s10_p1
1779294287.0,10,4,0.856437,s10_p4
1779294287.0,10,2,0.000000,s10_p2
1779294287.0,10,3,0.000000,s10_p3
1779294287.0,9,1,0.000000,s9_p1
1779294287.0,9,4,0.000000,s9_p4
1779294287.0,9,2,0.000000,s9_p2
1779294287.0,9,3,0.712931,s9_p3
1779294287.0,2,1,0.000000,s2_p1
1779294287.0,2,4,0.857431,s2_p4
1779294287.0,2,2,0.000000,s2_p2
1779294287.0,2,3,0.096612,s2_p3
1779294287.0,17,4,0.507187,s17_p4
1779294287.0,17,1,0.000000,s17_p1
1779294287.0,17,2,0.301897,s17_p2
1779294287.0,17,3,0.326048,s17_p3
1779294287.0,11,4,0.000000,s11_p4
1779294287.0,11,1,0.181143,s11_p1
1779294287.0,11,2,0.120762,s11_p2
1779294287.0,11,3,0.181143,s11_p3
1779294287.0,16,1,0.000000,s16_p1
1779294287.0,16,4,0.700263,s16_p4
1779294287.0,16,2,0.000000,s16_p2
1779294287.0,16,3,0.000000,s16_p3
1779294287.0,13,4,0.000000,s13_p4
1779294287.0,13,1,0.169264,s13_p1
1779294287.0,13,2,0.435249,s13_p2
1779294287.0,13,3,0.000000,s13_p3
1779294287.0,10,1,0.701126,s10_p1
1779294287.0,10,4,0.991248,s10_p4
1779294287.0,10,2,0.000000,s10_p2
1779294287.0,10,3,0.000000,s10_p3
1779294287.0,7,1,0.737230,s7_p1
1779294287.0,7,4,0.000000,s7_p4
1779294287.0,7,2,0.809744,s7_p2
1779294287.0,7,3,0.000000,s7_p3
1779294287.0,18,1,0.000000,s18_p1
1779294287.0,18,4,0.000000,s18_p4
1779294287.0,18,2,0.000000,s18_p2
1779294287.0,18,3,0.000000,s18_p3
1779294287.0,1,4,0.180998,s1_p4
1779294287.0,1,1,0.699858,s1_p1
1779294287.0,1,2,0.000000,s1_p2
1779294287.0,1,3,1.000000,s1_p3
1779294287.0,19,1,0.000000,s19_p1
1779294287.0,19,4,0.000000,s19_p4
1779294287.0,19,2,0.000000,s19_p2
1779294287.0,19,3,0.000000,s19_p3
1779294287.0,16,1,0.000000,s16_p1
1779294287.0,16,4,0.700867,s16_p4
1779294287.0,16,2,0.000000,s16_p2
1779294287.0,16,3,0.000000,s16_p3
1779294287.0,3,4,0.723674,s3_p4
1779294287.0,3,1,1.000000,s3_p1
1779294287.0,3,2,0.205041,s3_p2
1779294287.0,3,3,0.000000,s3_p3
1779294287.0,14,4,0.000000,s14_p4
1779294287.0,14,1,0.723634,s14_p1
1779294287.0,14,2,0.000000,s14_p2
1779294287.0,14,3,0.000000,s14_p3
1779294287.0,2,1,0.000000,s2_p1
1779294287.0,2,4,1.000000,s2_p4
1779294287.0,2,2,0.000000,s2_p2
1779294287.0,2,3,0.241644,s2_p3
1779294287.0,4,1,0.338100,s4_p1
1779294287.0,4,4,0.000000,s4_p4
1779294287.0,4,2,0.338100,s4_p2
1779294287.0,4,3,0.169050,s4_p3
1779294287.0,20,1,0.700082,s20_p1
1779294287.0,20,4,0.000000,s20_p4
1779294287.0,20,2,1.000000,s20_p2
1779294287.0,20,3,0.724223,s20_p3
1779294287.0,5,4,0.000000,s5_p4
1779294287.0,5,1,0.941168,s5_p1
1779294287.0,5,2,0.168928,s5_p2
1779294287.0,5,3,0.000000,s5_p3
1779294287.0,12,4,0.724069,s12_p4
1779294287.0,12,1,0.651662,s12_p1
1779294287.0,12,2,0.349966,s12_p2
1779294287.0,12,3,0.000000,s12_p3
1779294287.0,8,4,0.699948,s8_p4
1779294287.0,8,1,0.000000,s8_p1
1779294287.0,8,2,0.422383,s8_p2
1779294287.0,8,3,1.000000,s8_p3
1779294287.0,17,4,0.422597,s17_p4
1779294287.0,17,1,0.000000,s17_p1
1779294287.0,17,2,1.000000,s17_p2
1779294287.0,17,3,0.603710,s17_p3
1779294287.0,9,1,0.000000,s9_p1
1779294287.0,9,4,0.000000,s9_p4
1779294287.0,9,2,0.000000,s9_p2
1779294287.0,9,3,1.000000,s9_p3
1779294287.0,11,4,0.000000,s11_p4
1779294287.0,11,1,0.663778,s11_p1
1779294287.0,11,2,0.337923,s11_p2
1779294287.0,11,3,0.168962,s11_p3
1779294287.0,6,1,0.192744,s6_p1
1779294287.0,6,4,0.000000,s6_p4
1779294287.0,6,2,0.722789,s6_p2
1779294287.0,6,3,0.000000,s6_p3
1779294287.0,15,4,0.000000,s15_p4
1779294287.0,15,1,0.000000,s15_p1
1779294287.0,15,2,0.422061,s15_p2
1779294287.0,15,3,1.000000,s15_p3
1779294288.0,6,1,0.158890,s6_p1
1779294288.0,6,4,0.000000,s6_p4
1779294288.0,6,2,0.496816,s6_p2
1779294288.0,6,3,0.000000,s6_p3
1779294288.0,1,4,0.181453,s1_p4
1779294288.0,1,1,0.491405,s1_p1
1779294288.0,1,2,0.004077,s1_p2
1779294288.0,1,3,1.000000,s1_p3
1779294288.0,3,4,0.361572,s3_p4
1779294288.0,3,1,1.000000,s3_p1
1779294288.0,3,2,0.182753,s3_p2
1779294288.0,3,3,0.000000,s3_p3
1779294288.0,14,4,0.001360,s14_p4
1779294288.0,14,1,0.350690,s14_p1
1779294288.0,14,2,0.000000,s14_p2
1779294288.0,14,3,0.000000,s14_p3
1779294288.0,8,4,0.491692,s8_p4
1779294288.0,8,1,0.008159,s8_p1
1779294288.0,8,2,0.411207,s8_p2
1779294288.0,8,3,1.000000,s8_p3
1779294288.0,15,4,0.000000,s15_p4
1779294288.0,15,1,0.000000,s15_p1
1779294288.0,15,2,0.411481,s15_p2
1779294288.0,15,3,0.996478,s15_p3
1779294288.0,7,1,0.737882,s7_p1
1779294288.0,7,4,0.000000,s7_p4
1779294288.0,7,2,0.374299,s7_p2
1779294288.0,7,3,0.000000,s7_p3
1779294288.0,13,4,0.000000,s13_p4
1779294288.0,13,1,0.268731,s13_p1
1779294288.0,13,2,0.386283,s13_p2
1779294288.0,13,3,0.012215,s13_p3
1779294288.0,4,1,0.354443,s4_p1
1779294288.0,4,4,0.005434,s4_p4
1779294288.0,4,2,0.338287,s4_p2
1779294288.0,4,3,0.268961,s4_p3
1779294288.0,10,1,0.490682,s10_p1
1779294288.0,10,4,1.000000,s10_p4
1779294288.0,10,2,0.016284,s10_p2
1779294288.0,10,3,0.000000,s10_p3
1779294288.0,2,1,0.005430,s2_p1
1779294288.0,2,4,1.000000,s2_p4
1779294288.0,2,2,0.010859,s2_p2
1779294288.0,2,3,0.244623,s2_p3
1779294288.0,12,4,0.366609,s12_p4
1779294288.0,12,1,0.665742,s12_p1
1779294288.0,12,2,0.326152,s12_p2
1779294288.0,12,3,0.000000,s12_p3
1779294288.0,20,1,0.507313,s20_p1
1779294288.0,20,4,0.008148,s20_p4
1779294288.0,20,2,0.991732,s20_p2
1779294288.0,20,3,0.350254,s20_p3
1779294288.0,18,1,0.000000,s18_p1
1779294288.0,18,4,0.000000,s18_p4
1779294288.0,18,2,0.000000,s18_p2
1779294288.0,18,3,0.000000,s18_p3
1779294288.0,5,4,0.001358,s5_p4
1779294288.0,5,1,0.555605,s5_p1
1779294288.0,5,2,0.268888,s5_p2
1779294288.0,5,3,0.012222,s5_p3
1779294288.0,17,4,0.410694,s17_p4
1779294288.0,17,1,0.004074,s17_p1
1779294288.0,17,2,0.995930,s17_p2
1779294288.0,17,3,0.669103,s17_p3
1779294288.0,16,1,0.000000,s16_p1
1779294288.0,16,4,0.490696,s16_p4
1779294288.0,16,2,0.008142,s16_p2
1779294288.0,16,3,0.000000,s16_p3
1779294288.0,11,4,0.000000,s11_p4
1779294288.0,11,1,0.640482,s11_p1
1779294288.0,11,2,0.355887,s11_p2
1779294288.0,11,3,0.270608,s11_p3
1779294288.0,19,1,0.000000,s19_p1
1779294288.0,19,4,0.000000,s19_p4
1779294288.0,19,2,0.000000,s19_p2
1779294288.0,19,3,0.000000,s19_p3
1779294288.0,9,1,0.004074,s9_p1
1779294288.0,9,4,0.000000,s9_p4
1779294288.0,9,2,0.000000,s9_p2
1779294288.0,9,3,1.000000,s9_p3
1779294288.0,6,1,0.265628,s6_p1
1779294288.0,6,4,0.000000,s6_p4
1779294288.0,6,2,0.241480,s6_p2
1779294288.0,6,3,0.000000,s6_p3
1779294288.0,19,1,0.000000,s19_p1
1779294288.0,19,4,0.000000,s19_p4
1779294288.0,19,2,0.000000,s19_p2
1779294288.0,19,3,0.000000,s19_p3
1779294288.0,1,4,0.168996,s1_p4
1779294288.0,1,1,0.000000,s1_p1
1779294288.0,1,2,0.008143,s1_p2
1779294288.0,1,3,0.501240,s1_p3
1779294288.0,14,4,0.000000,s14_p4
1779294288.0,14,1,0.000000,s14_p1
1779294288.0,14,2,0.000000,s14_p2
1779294288.0,14,3,0.000000,s14_p3
1779294288.0,13,4,0.000000,s13_p4
1779294288.0,13,1,0.004746,s13_p1
1779294288.0,13,2,0.507343,s13_p2
1779294288.0,13,3,0.000000,s13_p3
1779294288.0,3,4,0.001357,s3_p4
1779294288.0,3,1,0.697513,s3_p1
1779294288.0,3,2,0.277626,s3_p2
1779294288.0,3,3,0.000000,s3_p3
1779294288.0,10,1,0.000000,s10_p1
1779294288.0,10,4,0.637810,s10_p4
1779294288.0,10,2,0.008151,s10_p2
1779294288.0,10,3,0.000000,s10_p3
1779294288.0,4,1,0.390501,s4_p1
1779294288.0,4,4,0.006789,s4_p4
1779294288.0,4,2,0.279327,s4_p2
1779294288.0,4,3,0.004744,s4_p3
1779294288.0,5,4,0.000000,s5_p4
1779294288.0,5,1,0.217538,s5_p1
1779294288.0,5,2,0.004748,s5_p2
1779294288.0,5,3,0.000000,s5_p3
1779294288.0,15,4,0.000000,s15_p4
1779294288.0,15,1,0.000000,s15_p1
1779294288.0,15,2,0.125405,s15_p2
1779294288.0,15,3,1.000000,s15_p3
1779294288.0,18,1,0.000000,s18_p1
1779294288.0,18,4,0.000000,s18_p4
1779294288.0,18,2,0.000000,s18_p2
1779294288.0,18,3,0.000000,s18_p3
1779294288.0,12,4,0.008149,s12_p4
1779294288.0,12,1,0.359787,s12_p1
1779294288.0,12,2,0.277821,s12_p2
1779294288.0,12,3,0.000000,s12_p3
1779294288.0,20,1,0.008149,s20_p1
1779294288.0,20,4,0.000000,s20_p4
1779294288.0,20,2,0.637618,s20_p2
1779294288.0,20,3,0.000000,s20_p3
1779294288.0,8,4,0.000000,s8_p4
1779294288.0,8,1,0.000000,s8_p1
1779294288.0,8,2,0.125384,s8_p2
1779294288.0,8,3,1.000000,s8_p3
1779294288.0,7,1,0.723902,s7_p1
1779294288.0,7,4,0.000000,s7_p4
1779294288.0,7,2,0.000000,s7_p2
1779294288.0,7,3,0.000000,s7_p3
1779294288.0,17,4,0.125478,s17_p4
1779294288.0,17,1,0.008145,s17_p1
1779294288.0,17,2,1.000000,s17_p2
1779294288.0,17,3,0.498173,s17_p3
1779294288.0,16,1,0.000000,s16_p1
1779294288.0,16,4,0.000000,s16_p4
1779294288.0,16,2,0.000000,s16_p2
1779294288.0,16,3,0.000000,s16_p3
1779294288.0,2,1,0.006785,s2_p1
1779294288.0,2,4,0.229331,s2_p4
1779294288.0,2,2,0.001357,s2_p2
1779294288.0,2,3,0.259793,s2_p3
1779294288.0,9,1,0.008146,s9_p1
1779294288.0,9,4,0.000000,s9_p4
1779294288.0,9,2,0.000000,s9_p2
1779294288.0,9,3,1.000000,s9_p3
1779294288.0,11,4,0.000000,s11_p4
1779294288.0,11,1,0.615677,s11_p1
1779294288.0,11,2,0.390602,s11_p2
1779294288.0,11,3,0.003162,s11_p3
1779294289.0,6,1,0.265490,s6_p1
1779294289.0,6,4,0.000000,s6_p4
1779294289.0,6,2,0.241354,s6_p2
1779294289.0,6,3,0.000000,s6_p3
1779294289.0,3,4,0.000000,s3_p4
1779294289.0,3,1,0.495201,s3_p1
1779294289.0,3,2,0.241562,s3_p2
1779294289.0,3,3,0.000000,s3_p3
1779294289.0,19,1,0.000000,s19_p1
1779294289.0,19,4,0.000000,s19_p4
1779294289.0,19,2,0.000000,s19_p2
1779294289.0,19,3,0.000000,s19_p3
1779294289.0,10,1,0.000000,s10_p1
1779294289.0,10,4,0.422704,s10_p4
1779294289.0,10,2,0.000000,s10_p2
1779294289.0,10,3,0.000000,s10_p3
1779294289.0,1,4,0.180988,s1_p4
1779294289.0,1,1,0.000000,s1_p1
1779294289.0,1,2,0.000000,s1_p2
1779294289.0,1,3,0.506766,s1_p3
1779294289.0,12,4,0.000000,s12_p4
1779294289.0,12,1,0.241590,s12_p1
1779294289.0,12,2,0.181192,s12_p2
1779294289.0,12,3,0.000000,s12_p3
1779294289.0,13,4,0.000000,s13_p4
1779294289.0,13,1,0.000000,s13_p1
1779294289.0,13,2,0.506768,s13_p2
1779294289.0,13,3,0.000000,s13_p3
1779294289.0,4,1,0.507054,s4_p1
1779294289.0,4,4,0.000000,s4_p4
1779294289.0,4,2,0.181091,s4_p2
1779294289.0,4,3,0.000000,s4_p3
1779294289.0,18,1,0.000000,s18_p1
1779294289.0,18,4,0.000000,s18_p4
1779294289.0,18,2,0.000000,s18_p2
1779294289.0,18,3,0.000000,s18_p3
1779294289.0,15,4,0.000000,s15_p4
1779294289.0,15,1,0.000000,s15_p1
1779294289.0,15,2,0.000000,s15_p2
1779294289.0,15,3,0.990366,s15_p3
1779294289.0,5,4,0.000000,s5_p4
1779294289.0,5,1,0.217309,s5_p1
1779294289.0,5,2,0.000000,s5_p2
1779294289.0,5,3,0.000000,s5_p3
1779294289.0,7,1,0.736788,s7_p1
1779294289.0,7,4,0.000000,s7_p4
1779294289.0,7,2,0.000000,s7_p2
1779294289.0,7,3,0.000000,s7_p3
1779294289.0,14,4,0.000000,s14_p4
1779294289.0,14,1,0.000000,s14_p1
1779294289.0,14,2,0.000000,s14_p2
1779294289.0,14,3,0.000000,s14_p3
1779294289.0,8,4,0.000000,s8_p4
1779294289.0,8,1,0.000000,s8_p1
1779294289.0,8,2,0.000000,s8_p2
1779294289.0,8,3,1.000000,s8_p3
1779294289.0,20,1,0.000000,s20_p1
1779294289.0,20,4,0.000000,s20_p4
1779294289.0,20,2,0.422661,s20_p2
1779294289.0,20,3,0.000000,s20_p3
1779294289.0,9,1,0.000000,s9_p1
1779294289.0,9,4,0.000000,s9_p4
1779294289.0,9,2,0.000000,s9_p2
1779294289.0,9,3,0.808972,s9_p3
1779294289.0,16,1,0.000000,s16_p1
1779294289.0,16,4,0.000000,s16_p4
1779294289.0,16,2,0.000000,s16_p2
1779294289.0,16,3,0.000000,s16_p3
1779294289.0,2,1,0.000000,s2_p1
1779294289.0,2,4,0.241451,s2_p4
1779294289.0,2,2,0.000000,s2_p2
1779294289.0,2,3,0.241451,s2_p3
1779294289.0,17,4,0.000000,s17_p4
1779294289.0,17,1,0.000000,s17_p1
1779294289.0,17,2,1.000000,s17_p2
1779294289.0,17,3,0.506984,s17_p3
1779294289.0,11,4,0.000000,s11_p4
1779294289.0,11,1,0.494976,s11_p1
1779294289.0,11,2,0.507049,s11_p2
1779294289.0,11,3,0.000000,s11_p3
1779294289.0,19,1,0.000000,s19_p1
1779294289.0,19,4,0.000000,s19_p4
1779294289.0,19,2,0.000000,s19_p2
1779294289.0,19,3,0.000000,s19_p3
1779294289.0,6,1,0.241463,s6_p1
1779294289.0,6,4,0.000000,s6_p4
1779294289.0,6,2,0.241463,s6_p2
1779294289.0,6,3,0.000000,s6_p3
1779294289.0,1,4,0.169190,s1_p4
1779294289.0,1,1,0.000000,s1_p1
1779294289.0,1,2,0.000000,s1_p2
1779294289.0,1,3,0.495486,s1_p3
1779294289.0,3,4,0.000000,s3_p4
1779294289.0,3,1,0.748302,s3_p1
1779294289.0,3,2,0.229318,s3_p2
1779294289.0,3,3,0.000000,s3_p3
1779294289.0,10,1,0.000000,s10_p1
1779294289.0,10,4,0.410370,s10_p4
1779294289.0,10,2,0.000000,s10_p2
1779294289.0,10,3,0.000000,s10_p3
1779294289.0,15,4,0.000000,s15_p4
1779294289.0,15,1,0.000000,s15_p1
1779294289.0,15,2,0.000000,s15_p2
1779294289.0,15,3,1.000000,s15_p3
1779294289.0,14,4,0.000000,s14_p4
1779294289.0,14,1,0.000000,s14_p1
1779294289.0,14,2,0.000000,s14_p2
1779294289.0,14,3,0.000000,s14_p3
1779294289.0,4,1,0.241496,s4_p1
1779294289.0,4,4,0.000000,s4_p4
1779294289.0,4,2,0.169047,s4_p2
1779294289.0,4,3,0.000000,s4_p3
1779294289.0,13,4,0.000000,s13_p4
1779294289.0,13,1,0.000000,s13_p1
1779294289.0,13,2,0.482941,s13_p2
1779294289.0,13,3,0.000000,s13_p3
1779294289.0,8,4,0.000000,s8_p4
1779294289.0,8,1,0.000000,s8_p1
1779294289.0,8,2,0.000000,s8_p2
1779294289.0,8,3,1.000000,s8_p3
1779294289.0,18,1,0.000000,s18_p1
1779294289.0,18,4,0.000000,s18_p4
1779294289.0,18,2,0.000000,s18_p2
1779294289.0,18,3,0.000000,s18_p3
1779294289.0,7,1,0.736040,s7_p1
1779294289.0,7,4,0.000000,s7_p4
1779294289.0,7,2,0.000000,s7_p2
1779294289.0,7,3,0.000000,s7_p3
1779294289.0,5,4,0.000000,s5_p4
1779294289.0,5,1,0.217171,s5_p1
1779294289.0,5,2,0.000000,s5_p2
1779294289.0,5,3,0.000000,s5_p3
1779294289.0,12,4,0.000000,s12_p4
1779294289.0,12,1,0.241268,s12_p1
1779294289.0,12,2,0.168887,s12_p2
1779294289.0,12,3,0.000000,s12_p3
1779294289.0,20,1,0.000000,s20_p1
1779294289.0,20,4,0.000000,s20_p4
1779294289.0,20,2,0.410273,s20_p2
1779294289.0,20,3,0.000000,s20_p3
1779294289.0,11,4,0.000000,s11_p4
1779294289.0,11,1,0.760659,s11_p1
1779294289.0,11,2,0.241479,s11_p2
1779294289.0,11,3,0.000000,s11_p3
1779294289.0,16,1,0.000000,s16_p1
1779294289.0,16,4,0.000000,s16_p4
1779294289.0,16,2,0.000000,s16_p2
1779294289.0,16,3,0.000000,s16_p3
1779294289.0,2,1,0.000000,s2_p1
1779294289.0,2,4,0.241442,s2_p4
1779294289.0,2,2,0.000000,s2_p2
1779294289.0,2,3,0.241442,s2_p3
1779294289.0,9,1,0.000000,s9_p1
1779294289.0,9,4,0.000000,s9_p4
1779294289.0,9,2,0.000000,s9_p2
1779294289.0,9,3,0.736299,s9_p3
1779294289.0,17,4,0.000000,s17_p4
1779294289.0,17,1,0.000000,s17_p1
1779294289.0,17,2,1.000000,s17_p2
1779294289.0,17,3,0.482875,s17_p3
1779294290.0,19,1,0.000000,s19_p1
1779294290.0,19,4,0.000000,s19_p4
1779294290.0,19,2,0.000000,s19_p2
1779294290.0,19,3,0.000000,s19_p3
1779294290.0,6,1,0.241538,s6_p1
1779294290.0,6,4,0.000000,s6_p4
1779294290.0,6,2,0.241538,s6_p2
1779294290.0,6,3,0.000000,s6_p3
1779294290.0,3,4,0.000000,s3_p4
1779294290.0,3,1,0.761201,s3_p1
1779294290.0,3,2,0.241651,s3_p2
1779294290.0,3,3,0.000000,s3_p3
1779294290.0,7,1,0.737373,s7_p1
1779294290.0,7,4,0.000000,s7_p4
1779294290.0,7,2,0.000000,s7_p2
1779294290.0,7,3,0.000000,s7_p3
1779294290.0,10,1,0.000000,s10_p1
1779294290.0,10,4,0.398330,s10_p4
1779294290.0,10,2,0.000000,s10_p2
1779294290.0,10,3,0.000000,s10_p3
1779294290.0,1,4,0.168901,s1_p4
1779294290.0,1,1,0.000000,s1_p1
1779294290.0,1,2,0.000000,s1_p2
1779294290.0,1,3,0.506703,s1_p3
1779294290.0,8,4,0.000000,s8_p4
1779294290.0,8,1,0.000000,s8_p1
1779294290.0,8,2,0.000000,s8_p2
1779294290.0,8,3,1.000000,s8_p3
1779294290.0,4,1,0.241513,s4_p1
1779294290.0,4,4,0.000000,s4_p4
1779294290.0,4,2,0.169059,s4_p2
1779294290.0,4,3,0.000000,s4_p3
1779294290.0,13,4,0.000000,s13_p4
1779294290.0,13,1,0.000000,s13_p1
1779294290.0,13,2,0.483056,s13_p2
1779294290.0,13,3,0.000000,s13_p3
1779294290.0,14,4,0.000000,s14_p4
1779294290.0,14,1,0.000000,s14_p1
1779294290.0,14,2,0.000000,s14_p2
1779294290.0,14,3,0.000000,s14_p3
1779294290.0,15,4,0.000000,s15_p4
1779294290.0,15,1,0.000000,s15_p1
1779294290.0,15,2,0.000000,s15_p2
1779294290.0,15,3,1.000000,s15_p3
1779294290.0,16,1,0.000000,s16_p1
1779294290.0,16,4,0.000000,s16_p4
1779294290.0,16,2,0.000000,s16_p2
1779294290.0,16,3,0.000000,s16_p3
1779294290.0,11,4,0.000000,s11_p4
1779294290.0,11,1,0.748898,s11_p1
1779294290.0,11,2,0.241580,s11_p2
1779294290.0,11,3,0.000000,s11_p3
1779294290.0,9,1,0.000000,s9_p1
1779294290.0,9,4,0.000000,s9_p4
1779294290.0,9,2,0.000000,s9_p2
1779294290.0,9,3,0.748971,s9_p3
1779294290.0,18,1,0.000000,s18_p1
1779294290.0,18,4,0.000000,s18_p4
1779294290.0,18,2,0.000000,s18_p2
1779294290.0,18,3,0.000000,s18_p3
1779294290.0,2,1,0.000000,s2_p1
1779294290.0,2,4,0.229508,s2_p4
1779294290.0,2,2,0.000000,s2_p2
1779294290.0,2,3,0.241587,s2_p3
1779294290.0,5,4,0.000000,s5_p4
1779294290.0,5,1,0.217306,s5_p1
1779294290.0,5,2,0.000000,s5_p2
1779294290.0,5,3,0.000000,s5_p3
1779294290.0,17,4,0.000000,s17_p4
1779294290.0,17,1,0.000000,s17_p1
1779294290.0,17,2,0.990513,s17_p2
1779294290.0,17,3,0.483177,s17_p3
1779294290.0,20,1,0.000000,s20_p1
1779294290.0,20,4,0.000000,s20_p4
1779294290.0,20,2,0.398396,s20_p2
1779294290.0,20,3,0.000000,s20_p3
1779294290.0,12,4,0.000000,s12_p4
1779294290.0,12,1,0.229371,s12_p1
1779294290.0,12,2,0.169010,s12_p2
1779294290.0,12,3,0.000000,s12_p3
1779294290.0,19,1,0.000000,s19_p1
1779294290.0,19,4,0.000000,s19_p4
1779294290.0,19,2,0.000000,s19_p2
1779294290.0,19,3,0.000000,s19_p3
1779294290.0,6,1,0.241499,s6_p1
1779294290.0,6,4,0.000000,s6_p4
1779294290.0,6,2,0.241499,s6_p2
1779294290.0,6,3,0.000000,s6_p3
1779294290.0,14,4,0.000000,s14_p4
1779294290.0,14,1,0.000000,s14_p1
1779294290.0,14,2,0.000000,s14_p2
1779294290.0,14,3,0.000000,s14_p3
1779294290.0,1,4,0.169227,s1_p4
1779294290.0,1,1,0.000000,s1_p1
1779294290.0,1,2,0.000000,s1_p2
1779294290.0,1,3,0.495593,s1_p3
1779294290.0,3,4,0.000000,s3_p4
1779294290.0,3,1,0.688227,s3_p1
1779294290.0,3,2,0.241483,s3_p2
1779294290.0,3,3,0.000000,s3_p3
1779294290.0,10,1,0.000000,s10_p1
1779294290.0,10,4,0.410764,s10_p4
1779294290.0,10,2,0.000000,s10_p2
1779294290.0,10,3,0.000000,s10_p3
1779294290.0,13,4,0.000000,s13_p4
1779294290.0,13,1,0.000000,s13_p1
1779294290.0,13,2,0.483228,s13_p2
1779294290.0,13,3,0.000000,s13_p3
1779294290.0,7,1,0.724115,s7_p1
1779294290.0,7,4,0.000000,s7_p4
1779294290.0,7,2,0.000000,s7_p2
1779294290.0,7,3,0.000000,s7_p3
1779294290.0,18,1,0.000000,s18_p1
1779294290.0,18,4,0.000000,s18_p4
1779294290.0,18,2,0.000000,s18_p2
1779294290.0,18,3,0.000000,s18_p3
1779294290.0,8,4,0.000000,s8_p4
1779294290.0,8,1,0.000000,s8_p1
1779294290.0,8,2,0.000000,s8_p2
1779294290.0,8,3,1.000000,s8_p3
1779294290.0,12,4,0.000000,s12_p4
1779294290.0,12,1,0.241671,s12_p1
1779294290.0,12,2,0.169170,s12_p2
1779294290.0,12,3,0.000000,s12_p3
1779294290.0,17,4,0.000000,s17_p4
1779294290.0,17,1,0.000000,s17_p1
1779294290.0,17,2,1.000000,s17_p2
1779294290.0,17,3,0.483313,s17_p3
1779294290.0,4,1,0.313789,s4_p1
1779294290.0,4,4,0.000000,s4_p4
1779294290.0,4,2,0.168963,s4_p2
1779294290.0,4,3,0.000000,s4_p3
1779294290.0,5,4,0.000000,s5_p4
1779294290.0,5,1,0.217478,s5_p1
1779294290.0,5,2,0.000000,s5_p2
1779294290.0,5,3,0.000000,s5_p3
1779294290.0,15,4,0.000000,s15_p4
1779294290.0,15,1,0.000000,s15_p1
1779294290.0,15,2,0.000000,s15_p2
1779294290.0,15,3,1.000000,s15_p3
1779294290.0,20,1,0.000000,s20_p1
1779294290.0,20,4,0.000000,s20_p4
1779294290.0,20,2,0.410793,s20_p2
1779294290.0,20,3,0.000000,s20_p3
1779294290.0,11,4,0.000000,s11_p4
1779294290.0,11,1,0.688360,s11_p1
1779294290.0,11,2,0.313989,s11_p2
1779294290.0,11,3,0.000000,s11_p3
1779294290.0,2,1,0.000000,s2_p1
1779294290.0,2,4,0.241534,s2_p4
1779294290.0,2,2,0.000000,s2_p2
1779294290.0,2,3,0.241534,s2_p3
1779294290.0,16,1,0.000000,s16_p1
1779294290.0,16,4,0.000000,s16_p4
1779294290.0,16,2,0.000000,s16_p2
1779294290.0,16,3,0.000000,s16_p3
1779294290.0,9,1,0.000000,s9_p1
1779294290.0,9,4,0.000000,s9_p4
1779294290.0,9,2,0.000000,s9_p2
1779294290.0,9,3,0.736606,s9_p3
1779294291.0,1,4,0.181173,s1_p4
1779294291.0,1,1,0.000000,s1_p1
1779294291.0,1,2,0.000000,s1_p2
1779294291.0,1,3,0.507285,s1_p3
1779294291.0,6,1,0.241438,s6_p1
1779294291.0,6,4,0.000000,s6_p4
1779294291.0,6,2,0.241438,s6_p2
1779294291.0,6,3,0.000000,s6_p3
1779294291.0,19,1,0.000000,s19_p1
1779294291.0,19,4,0.000000,s19_p4
1779294291.0,19,2,0.000000,s19_p2
1779294291.0,19,3,0.000000,s19_p3
1779294291.0,3,4,0.000000,s3_p4
1779294291.0,3,1,0.603046,s3_p1
1779294291.0,3,2,0.229158,s3_p2
1779294291.0,3,3,0.000000,s3_p3
1779294291.0,13,4,0.000000,s13_p4
1779294291.0,13,1,0.000000,s13_p1
1779294291.0,13,2,0.482682,s13_p2
1779294291.0,13,3,0.000000,s13_p3
1779294291.0,7,1,0.736640,s7_p1
1779294291.0,7,4,0.000000,s7_p4
1779294291.0,7,2,0.000000,s7_p2
1779294291.0,7,3,0.000000,s7_p3
1779294291.0,15,4,0.000000,s15_p4
1779294291.0,15,1,0.000000,s15_p1
1779294291.0,15,2,0.000000,s15_p2
1779294291.0,15,3,1.000000,s15_p3
1779294291.0,10,1,0.000000,s10_p1
1779294291.0,10,4,0.410184,s10_p4
1779294291.0,10,2,0.000000,s10_p2
1779294291.0,10,3,0.000000,s10_p3
1779294291.0,4,1,0.398555,s4_p1
1779294291.0,4,4,0.000000,s4_p4
1779294291.0,4,2,0.181161,s4_p2
1779294291.0,4,3,0.000000,s4_p3
1779294291.0,8,4,0.000000,s8_p4
1779294291.0,8,1,0.000000,s8_p1
1779294291.0,8,2,0.000000,s8_p2
1779294291.0,8,3,1.000000,s8_p3
1779294291.0,14,4,0.000000,s14_p4
1779294291.0,14,1,0.000000,s14_p1
1779294291.0,14,2,0.000000,s14_p2
1779294291.0,14,3,0.000000,s14_p3
1779294291.0,18,1,0.000000,s18_p1
1779294291.0,18,4,0.000000,s18_p4
1779294291.0,18,2,0.000000,s18_p2
1779294291.0,18,3,0.000000,s18_p3
1779294291.0,16,1,0.000000,s16_p1
1779294291.0,16,4,0.000000,s16_p4
1779294291.0,16,2,0.000000,s16_p2
1779294291.0,16,3,0.000000,s16_p3
1779294291.0,17,4,0.000000,s17_p4
1779294291.0,17,1,0.000000,s17_p1
1779294291.0,17,2,1.000000,s17_p2
1779294291.0,17,3,0.482691,s17_p3
1779294291.0,5,4,0.000000,s5_p4
1779294291.0,5,1,0.217214,s5_p1
1779294291.0,5,2,0.000000,s5_p2
1779294291.0,5,3,0.000000,s5_p3
1779294291.0,20,1,0.000000,s20_p1
1779294291.0,20,4,0.000000,s20_p4
1779294291.0,20,2,0.410301,s20_p2
1779294291.0,20,3,0.000000,s20_p3
1779294291.0,12,4,0.000000,s12_p4
1779294291.0,12,1,0.241325,s12_p1
1779294291.0,12,2,0.180994,s12_p2
1779294291.0,12,3,0.000000,s12_p3
1779294291.0,2,1,0.000000,s2_p1
1779294291.0,2,4,0.241433,s2_p4
1779294291.0,2,2,0.000000,s2_p2
1779294291.0,2,3,0.241433,s2_p3
1779294291.0,11,4,0.000000,s11_p4
1779294291.0,11,1,0.603527,s11_p1
1779294291.0,11,2,0.398328,s11_p2
1779294291.0,11,3,0.000000,s11_p3
1779294291.0,9,1,0.000000,s9_p1
1779294291.0,9,4,0.000000,s9_p4
1779294291.0,9,2,0.000000,s9_p2
1779294291.0,9,3,0.748347,s9_p3
1779294291.0,6,1,0.241692,s6_p1
1779294291.0,6,4,0.000000,s6_p4
1779294291.0,6,2,0.241692,s6_p2
1779294291.0,6,3,0.000000,s6_p3
1779294291.0,3,4,0.000000,s3_p4
1779294291.0,3,1,0.761799,s3_p1
1779294291.0,3,2,0.241841,s3_p2
1779294291.0,3,3,0.000000,s3_p3
1779294291.0,1,4,0.169029,s1_p4
1779294291.0,1,1,0.000000,s1_p1
1779294291.0,1,2,0.000000,s1_p2
1779294291.0,1,3,0.495014,s1_p3
1779294291.0,10,1,0.000000,s10_p1
1779294291.0,10,4,0.410992,s10_p4
1779294291.0,10,2,0.000000,s10_p2
1779294291.0,10,3,0.000000,s10_p3
1779294291.0,14,4,0.000000,s14_p4
1779294291.0,14,1,0.000000,s14_p1
1779294291.0,14,2,0.000000,s14_p2
1779294291.0,14,3,0.000000,s14_p3
1779294291.0,13,4,0.000000,s13_p4
1779294291.0,13,1,0.000000,s13_p1
1779294291.0,13,2,0.483432,s13_p2
1779294291.0,13,3,0.000000,s13_p3
1779294291.0,4,1,0.241639,s4_p1
1779294291.0,4,4,0.000000,s4_p4
1779294291.0,4,2,0.169147,s4_p2
1779294291.0,4,3,0.000000,s4_p3
1779294291.0,8,4,0.000000,s8_p4
1779294291.0,8,1,0.000000,s8_p1
1779294291.0,8,2,0.000000,s8_p2
1779294291.0,8,3,1.000000,s8_p3
1779294291.0,18,1,0.000000,s18_p1
1779294291.0,18,4,0.000000,s18_p4
1779294291.0,18,2,0.000000,s18_p2
1779294291.0,18,3,0.000000,s18_p3
1779294291.0,7,1,0.736851,s7_p1
1779294291.0,7,4,0.000000,s7_p4
1779294291.0,7,2,0.000000,s7_p2
1779294291.0,7,3,0.000000,s7_p3
1779294291.0,12,4,0.000000,s12_p4
1779294291.0,12,1,0.229725,s12_p1
1779294291.0,12,2,0.169271,s12_p2
1779294291.0,12,3,0.000000,s12_p3
1779294291.0,20,1,0.000000,s20_p1
1779294291.0,20,4,0.000000,s20_p4
1779294291.0,20,2,0.410883,s20_p2
1779294291.0,20,3,0.000000,s20_p3
1779294291.0,5,4,0.000000,s5_p4
1779294291.0,5,1,0.205425,s5_p1
1779294291.0,5,2,0.000000,s5_p2
1779294291.0,5,3,0.000000,s5_p3
1779294291.0,11,4,0.000000,s11_p4
1779294291.0,11,1,0.761344,s11_p1
1779294291.0,11,2,0.241696,s11_p2
1779294291.0,11,3,0.000000,s11_p3
1779294291.0,2,1,0.000000,s2_p1
1779294291.0,2,4,0.229599,s2_p4
1779294291.0,2,2,0.000000,s2_p2
1779294291.0,2,3,0.241683,s2_p3
1779294291.0,16,1,0.000000,s16_p1
1779294291.0,16,4,0.000000,s16_p4
1779294291.0,16,2,0.000000,s16_p2
1779294291.0,16,3,0.000000,s16_p3
1779294291.0,9,1,0.000000,s9_p1
1779294291.0,9,4,0.000000,s9_p4
1779294291.0,9,2,0.000000,s9_p2
1779294291.0,9,3,0.737220,s9_p3
1779294291.0,17,4,0.000000,s17_p4
1779294291.0,17,1,0.000000,s17_p1
1779294291.0,17,2,1.000000,s17_p2
1779294291.0,17,3,0.483267,s17_p3
1779294291.0,15,4,0.000000,s15_p4
1779294291.0,15,1,0.000000,s15_p1
1779294291.0,15,2,0.000000,s15_p2
1779294291.0,15,3,1.000000,s15_p3
1779294291.0,19,1,0.000000,s19_p1
1779294291.0,19,4,0.000000,s19_p4
1779294291.0,19,2,0.000000,s19_p2
1779294291.0,19,3,0.000000,s19_p3
1779294292.0,1,4,0.169004,s1_p4
1779294292.0,1,1,0.000000,s1_p1
1779294292.0,1,2,0.000000,s1_p2
1779294292.0,1,3,0.507013,s1_p3
1779294292.0,6,1,0.241282,s6_p1
1779294292.0,6,4,0.000000,s6_p4
1779294292.0,6,2,0.241282,s6_p2
1779294292.0,6,3,0.000000,s6_p3
1779294292.0,10,1,0.000000,s10_p1
1779294292.0,10,4,0.410337,s10_p4
1779294292.0,10,2,0.000000,s10_p2
1779294292.0,10,3,0.000000,s10_p3
1779294292.0,13,4,0.000000,s13_p4
1779294292.0,13,1,0.000000,s13_p1
1779294292.0,13,2,0.482750,s13_p2
1779294292.0,13,3,0.000000,s13_p3
1779294292.0,19,1,0.000000,s19_p1
1779294292.0,19,4,0.000000,s19_p4
1779294292.0,19,2,0.000000,s19_p2
1779294292.0,19,3,0.000000,s19_p3
1779294292.0,15,4,0.000000,s15_p4
1779294292.0,15,1,0.000000,s15_p1
1779294292.0,15,2,0.000000,s15_p2
1779294292.0,15,3,0.991362,s15_p3
1779294292.0,3,4,0.000000,s3_p4
1779294292.0,3,1,0.771862,s3_p1
1779294292.0,3,2,0.241207,s3_p2
1779294292.0,3,3,0.000000,s3_p3
1779294292.0,14,4,0.000000,s14_p4
1779294292.0,14,1,0.000000,s14_p1
1779294292.0,14,2,0.000000,s14_p2
1779294292.0,14,3,0.000000,s14_p3
1779294292.0,7,1,0.736233,s7_p1
1779294292.0,7,4,0.000000,s7_p4
1779294292.0,7,2,0.000000,s7_p2
1779294292.0,7,3,0.000000,s7_p3
1779294292.0,4,1,0.229274,s4_p1
1779294292.0,4,4,0.000000,s4_p4
1779294292.0,4,2,0.168938,s4_p2
1779294292.0,4,3,0.000000,s4_p3
1779294292.0,8,4,0.000000,s8_p4
1779294292.0,8,1,0.000000,s8_p1
1779294292.0,8,2,0.000000,s8_p2
1779294292.0,8,3,1.000000,s8_p3
1779294292.0,5,4,0.000000,s5_p4
1779294292.0,5,1,0.217343,s5_p1
1779294292.0,5,2,0.000000,s5_p2
1779294292.0,5,3,0.000000,s5_p3
1779294292.0,17,4,0.000000,s17_p4
1779294292.0,17,1,0.000000,s17_p1
1779294292.0,17,2,1.000000,s17_p2
1779294292.0,17,3,0.483049,s17_p3
1779294292.0,9,1,0.000000,s9_p1
1779294292.0,9,4,0.000000,s9_p4
1779294292.0,9,2,0.000000,s9_p2
1779294292.0,9,3,0.748342,s9_p3
1779294292.0,11,4,0.000000,s11_p4
1779294292.0,11,1,0.772367,s11_p1
1779294292.0,11,2,0.229296,s11_p2
1779294292.0,11,3,0.000000,s11_p3
1779294292.0,16,1,0.000000,s16_p1
1779294292.0,16,4,0.000000,s16_p4
1779294292.0,16,2,0.000000,s16_p2
1779294292.0,16,3,0.000000,s16_p3
1779294292.0,2,1,0.000000,s2_p1
1779294292.0,2,4,0.241358,s2_p4
1779294292.0,2,2,0.000000,s2_p2
1779294292.0,2,3,0.241358,s2_p3
1779294292.0,12,4,0.000000,s12_p4
1779294292.0,12,1,0.241210,s12_p1
1779294292.0,12,2,0.168847,s12_p2
1779294292.0,12,3,0.000000,s12_p3
1779294292.0,18,1,0.000000,s18_p1
1779294292.0,18,4,0.000000,s18_p4
1779294292.0,18,2,0.000000,s18_p2
1779294292.0,18,3,0.000000,s18_p3
1779294292.0,20,1,0.000000,s20_p1
1779294292.0,20,4,0.000000,s20_p4
1779294292.0,20,2,0.410225,s20_p2
1779294292.0,20,3,0.000000,s20_p3
1779294292.0,19,1,0.000000,s19_p1
1779294292.0,19,4,0.000000,s19_p4
1779294292.0,19,2,0.000000,s19_p2
1779294292.0,19,3,0.000000,s19_p3
1779294292.0,6,1,0.241727,s6_p1
1779294292.0,6,4,0.000000,s6_p4
1779294292.0,6,2,0.241727,s6_p2
1779294292.0,6,3,0.000000,s6_p3
1779294292.0,14,4,0.000000,s14_p4
1779294292.0,14,1,0.000000,s14_p1
1779294292.0,14,2,0.000000,s14_p2
1779294292.0,14,3,0.000000,s14_p3
1779294292.0,1,4,0.181247,s1_p4
1779294292.0,1,1,0.000000,s1_p1
1779294292.0,1,2,0.000000,s1_p2
1779294292.0,1,3,0.495409,s1_p3
1779294292.0,10,1,0.000000,s10_p1
1779294292.0,10,4,0.410926,s10_p4
1779294292.0,10,2,0.000000,s10_p2
1779294292.0,10,3,0.000000,s10_p3
1779294292.0,15,4,0.000000,s15_p4
1779294292.0,15,1,0.000000,s15_p1
1779294292.0,15,2,0.000000,s15_p2
1779294292.0,15,3,1.000000,s15_p3
1779294292.0,3,4,0.000000,s3_p4
1779294292.0,3,1,0.652680,s3_p1
1779294292.0,3,2,0.229647,s3_p2
1779294292.0,3,3,0.000000,s3_p3
1779294292.0,5,4,0.000000,s5_p4
1779294292.0,5,1,0.217574,s5_p1
1779294292.0,5,2,0.000000,s5_p2
1779294292.0,5,3,0.000000,s5_p3
1779294292.0,13,4,0.000000,s13_p4
1779294292.0,13,1,0.000000,s13_p1
1779294292.0,13,2,0.483104,s13_p2
1779294292.0,13,3,0.000000,s13_p3
1779294292.0,12,4,0.000000,s12_p4
1779294292.0,12,1,0.229748,s12_p1
1779294292.0,12,2,0.181380,s12_p2
1779294292.0,12,3,0.000000,s12_p3
1779294292.0,7,1,0.724924,s7_p1
1779294292.0,7,4,0.000000,s7_p4
1779294292.0,7,2,0.000000,s7_p2
1779294292.0,7,3,0.000000,s7_p3
1779294292.0,4,1,0.338301,s4_p1
1779294292.0,4,4,0.000000,s4_p4
1779294292.0,4,2,0.181233,s4_p2
1779294292.0,4,3,0.000000,s4_p3
1779294292.0,20,1,0.000000,s20_p1
1779294292.0,20,4,0.000000,s20_p4
1779294292.0,20,2,0.411097,s20_p2
1779294292.0,20,3,0.000000,s20_p3
1779294292.0,8,4,0.000000,s8_p4
1779294292.0,8,1,0.000000,s8_p1
1779294292.0,8,2,0.000000,s8_p2
1779294292.0,8,3,1.000000,s8_p3
1779294292.0,16,1,0.000000,s16_p1
1779294292.0,16,4,0.000000,s16_p4
1779294292.0,16,2,0.000000,s16_p2
1779294292.0,16,3,0.000000,s16_p3
1779294292.0,2,1,0.000000,s2_p1
1779294292.0,2,4,0.229525,s2_p4
1779294292.0,2,2,0.000000,s2_p2
1779294292.0,2,3,0.241605,s2_p3
1779294292.0,11,4,0.000000,s11_p4
1779294292.0,11,1,0.652280,s11_p1
1779294292.0,11,2,0.338219,s11_p2
1779294292.0,11,3,0.000000,s11_p3
1779294292.0,9,1,0.000000,s9_p1
1779294292.0,9,4,0.000000,s9_p4
1779294292.0,9,2,0.000000,s9_p2
1779294292.0,9,3,0.736773,s9_p3
1779294292.0,18,1,0.000000,s18_p1
1779294292.0,18,4,0.000000,s18_p4
1779294292.0,18,2,0.000000,s18_p2
1779294292.0,18,3,0.000000,s18_p3
1779294292.0,17,4,0.000000,s17_p4
1779294292.0,17,1,0.000000,s17_p1
1779294292.0,17,2,0.989902,s17_p2
1779294292.0,17,3,0.482879,s17_p3
1779294293.0,6,1,0.241570,s6_p1
1779294293.0,6,4,0.000000,s6_p4
1779294293.0,6,2,0.241570,s6_p2
1779294293.0,6,3,0.000000,s6_p3
1779294293.0,19,1,0.000000,s19_p1
1779294293.0,19,4,0.000000,s19_p4
1779294293.0,19,2,0.000000,s19_p2
1779294293.0,19,3,0.000000,s19_p3
1779294293.0,15,4,0.000000,s15_p4
1779294293.0,15,1,0.000000,s15_p1
1779294293.0,15,2,0.000000,s15_p2
1779294293.0,15,3,1.000000,s15_p3
1779294293.0,14,4,0.000000,s14_p4
1779294293.0,14,1,0.000000,s14_p1
1779294293.0,14,2,0.000000,s14_p2
1779294293.0,14,3,0.000000,s14_p3
1779294293.0,3,4,0.000000,s3_p4
1779294293.0,3,1,0.627976,s3_p1
1779294293.0,3,2,0.241529,s3_p2
1779294293.0,3,3,0.000000,s3_p3
1779294293.0,10,1,0.000000,s10_p1
1779294293.0,10,4,0.410539,s10_p4
1779294293.0,10,2,0.000000,s10_p2
1779294293.0,10,3,0.000000,s10_p3
1779294293.0,1,4,0.168965,s1_p4
1779294293.0,1,1,0.000000,s1_p1
1779294293.0,1,2,0.000000,s1_p2
1779294293.0,1,3,0.506895,s1_p3
1779294293.0,13,4,0.000000,s13_p4
1779294293.0,13,1,0.000000,s13_p1
1779294293.0,13,2,0.483180,s13_p2
1779294293.0,13,3,0.000000,s13_p3
1779294293.0,4,1,0.374511,s4_p1
1779294293.0,4,4,0.000000,s4_p4
1779294293.0,4,2,0.169134,s4_p2
1779294293.0,4,3,0.000000,s4_p3
1779294293.0,7,1,0.736876,s7_p1
1779294293.0,7,4,0.000000,s7_p4
1779294293.0,7,2,0.000000,s7_p2
1779294293.0,7,3,0.000000,s7_p3
1779294293.0,8,4,0.000000,s8_p4
1779294293.0,8,1,0.000000,s8_p1
1779294293.0,8,2,0.000000,s8_p2
1779294293.0,8,3,1.000000,s8_p3
1779294293.0,5,4,0.000000,s5_p4
1779294293.0,5,1,0.217361,s5_p1
1779294293.0,5,2,0.000000,s5_p2
1779294293.0,5,3,0.000000,s5_p3
1779294293.0,12,4,0.000000,s12_p4
1779294293.0,12,1,0.241470,s12_p1
1779294293.0,12,2,0.169029,s12_p2
1779294293.0,12,3,0.000000,s12_p3
1779294293.0,18,1,0.000000,s18_p1
1779294293.0,18,4,0.000000,s18_p4
1779294293.0,18,2,0.000000,s18_p2
1779294293.0,18,3,0.000000,s18_p3
1779294293.0,2,1,0.000000,s2_p1
1779294293.0,2,4,0.241679,s2_p4
1779294293.0,2,2,0.000000,s2_p2
1779294293.0,2,3,0.241679,s2_p3
1779294293.0,17,4,0.000000,s17_p4
1779294293.0,17,1,0.000000,s17_p1
1779294293.0,17,2,1.000000,s17_p2
1779294293.0,17,3,0.483392,s17_p3
1779294293.0,16,1,0.000000,s16_p1
1779294293.0,16,4,0.000000,s16_p4
1779294293.0,16,2,0.000000,s16_p2
1779294293.0,16,3,0.000000,s16_p3
1779294293.0,20,1,0.000000,s20_p1
1779294293.0,20,4,0.000000,s20_p4
1779294293.0,20,2,0.410481,s20_p2
1779294293.0,20,3,0.000000,s20_p3
1779294293.0,11,4,0.000000,s11_p4
1779294293.0,11,1,0.628200,s11_p1
1779294293.0,11,2,0.374504,s11_p2
1779294293.0,11,3,0.000000,s11_p3
1779294293.0,9,1,0.000000,s9_p1
1779294293.0,9,4,0.000000,s9_p4
1779294293.0,9,2,0.000000,s9_p2
1779294293.0,9,3,0.748986,s9_p3
1779294293.0,6,1,0.241705,s6_p1
1779294293.0,6,4,0.000000,s6_p4
1779294293.0,6,2,0.241705,s6_p2
1779294293.0,6,3,0.000000,s6_p3
1779294293.0,3,4,0.000000,s3_p4
1779294293.0,3,1,0.761491,s3_p1
1779294293.0,3,2,0.241743,s3_p2
1779294293.0,3,3,0.000000,s3_p3
1779294293.0,1,4,0.169212,s1_p4
1779294293.0,1,1,0.000000,s1_p1
1779294293.0,1,2,0.000000,s1_p2
1779294293.0,1,3,0.495549,s1_p3
1779294293.0,14,4,0.000000,s14_p4
1779294293.0,14,1,0.000000,s14_p1
1779294293.0,14,2,0.000000,s14_p2
1779294293.0,14,3,0.000000,s14_p3
1779294293.0,10,1,0.000000,s10_p1
1779294293.0,10,4,0.410911,s10_p4
1779294293.0,10,2,0.000000,s10_p2
1779294293.0,10,3,0.000000,s10_p3
1779294293.0,15,4,0.000000,s15_p4
1779294293.0,15,1,0.000000,s15_p1
1779294293.0,15,2,0.000000,s15_p2
1779294293.0,15,3,1.000000,s15_p3
1779294293.0,13,4,0.000000,s13_p4
1779294293.0,13,1,0.000000,s13_p1
1779294293.0,13,2,0.483366,s13_p2
1779294293.0,13,3,0.000000,s13_p3
1779294293.0,8,4,0.000000,s8_p4
1779294293.0,8,1,0.000000,s8_p1
1779294293.0,8,2,0.000000,s8_p2
1779294293.0,8,3,1.000000,s8_p3
1779294293.0,7,1,0.737162,s7_p1
1779294293.0,7,4,0.000000,s7_p4
1779294293.0,7,2,0.000000,s7_p2
1779294293.0,7,3,0.000000,s7_p3
1779294293.0,17,4,0.000000,s17_p4
1779294293.0,17,1,0.000000,s17_p1
1779294293.0,17,2,1.000000,s17_p2
1779294293.0,17,3,0.483415,s17_p3
1779294293.0,5,4,0.000000,s5_p4
1779294293.0,5,1,0.217405,s5_p1
1779294293.0,5,2,0.000000,s5_p2
1779294293.0,5,3,0.000000,s5_p3
1779294293.0,20,1,0.000000,s20_p1
1779294293.0,20,4,0.000000,s20_p4
1779294293.0,20,2,0.410894,s20_p2
1779294293.0,20,3,0.000000,s20_p3
1779294293.0,4,1,0.241531,s4_p1
1779294293.0,4,4,0.000000,s4_p4
1779294293.0,4,2,0.169072,s4_p2
1779294293.0,4,3,0.000000,s4_p3
1779294293.0,12,4,0.000000,s12_p4
1779294293.0,12,1,0.241647,s12_p1
1779294293.0,12,2,0.169153,s12_p2
1779294293.0,12,3,0.000000,s12_p3
1779294293.0,18,1,0.000000,s18_p1
1779294293.0,18,4,0.000000,s18_p4
1779294293.0,18,2,0.000000,s18_p2
1779294293.0,18,3,0.000000,s18_p3
1779294293.0,9,1,0.000000,s9_p1
1779294293.0,9,4,0.000000,s9_p4
1779294293.0,9,2,0.000000,s9_p2
1779294293.0,9,3,0.737076,s9_p3
1779294293.0,11,4,0.000000,s11_p4
1779294293.0,11,1,0.761159,s11_p1
1779294293.0,11,2,0.241638,s11_p2
1779294293.0,11,3,0.000000,s11_p3
1779294293.0,16,1,0.000000,s16_p1
1779294293.0,16,4,0.000000,s16_p4
1779294293.0,16,2,0.000000,s16_p2
1779294293.0,16,3,0.000000,s16_p3
1779294293.0,2,1,0.000000,s2_p1
1779294293.0,2,4,0.241554,s2_p4
1779294293.0,2,2,0.000000,s2_p2
1779294293.0,2,3,0.241554,s2_p3
1779294293.0,19,1,0.000000,s19_p1
1779294293.0,19,4,0.000000,s19_p4
1779294293.0,19,2,0.000000,s19_p2
1779294293.0,19,3,0.000000,s19_p3
1779294294.0,3,4,0.000000,s3_p4
1779294294.0,3,1,0.761152,s3_p1
1779294294.0,3,2,0.229554,s3_p2
1779294294.0,3,3,0.000000,s3_p3
1779294294.0,14,4,0.000000,s14_p4
1779294294.0,14,1,0.000000,s14_p1
1779294294.0,14,2,0.000000,s14_p2
1779294294.0,14,3,0.000000,s14_p3
1779294294.0,1,4,0.169129,s1_p4
1779294294.0,1,1,0.000000,s1_p1
1779294294.0,1,2,0.000000,s1_p2
1779294294.0,1,3,0.507388,s1_p3
1779294294.0,6,1,0.253472,s6_p1
1779294294.0,6,4,0.000000,s6_p4
1779294294.0,6,2,0.229331,s6_p2
1779294294.0,6,3,0.000000,s6_p3
1779294294.0,15,4,0.000000,s15_p4
1779294294.0,15,1,0.000000,s15_p1
1779294294.0,15,2,0.000000,s15_p2
1779294294.0,15,3,0.990433,s15_p3
1779294294.0,13,4,0.000000,s13_p4
1779294294.0,13,1,0.000000,s13_p1
1779294294.0,13,2,0.483144,s13_p2
1779294294.0,13,3,0.000000,s13_p3
1779294294.0,10,1,0.000000,s10_p1
1779294294.0,10,4,0.398376,s10_p4
1779294294.0,10,2,0.000000,s10_p2
1779294294.0,10,3,0.000000,s10_p3
1779294294.0,8,4,0.000000,s8_p4
1779294294.0,8,1,0.000000,s8_p1
1779294294.0,8,2,0.000000,s8_p2
1779294294.0,8,3,1.000000,s8_p3
1779294294.0,20,1,0.000000,s20_p1
1779294294.0,20,4,0.000000,s20_p4
1779294294.0,20,2,0.398833,s20_p2
1779294294.0,20,3,0.000000,s20_p3
1779294294.0,7,1,0.724687,s7_p1
1779294294.0,7,4,0.000000,s7_p4
1779294294.0,7,2,0.000000,s7_p2
1779294294.0,7,3,0.000000,s7_p3
1779294294.0,5,4,0.000000,s5_p4
1779294294.0,5,1,0.217529,s5_p1
1779294294.0,5,2,0.000000,s5_p2
1779294294.0,5,3,0.000000,s5_p3
1779294294.0,4,1,0.241707,s4_p1
1779294294.0,4,4,0.000000,s4_p4
1779294294.0,4,2,0.169195,s4_p2
1779294294.0,4,3,0.000000,s4_p3
1779294294.0,12,4,0.000000,s12_p4
1779294294.0,12,1,0.229511,s12_p1
1779294294.0,12,2,0.169113,s12_p2
1779294294.0,12,3,0.000000,s12_p3
1779294294.0,2,1,0.000000,s2_p1
1779294294.0,2,4,0.229605,s2_p4
1779294294.0,2,2,0.000000,s2_p2
1779294294.0,2,3,0.253774,s2_p3
1779294294.0,17,4,0.000000,s17_p4
1779294294.0,17,1,0.000000,s17_p1
1779294294.0,17,2,1.000000,s17_p2
1779294294.0,17,3,0.495147,s17_p3
1779294294.0,16,1,0.000000,s16_p1
1779294294.0,16,4,0.000000,s16_p4
1779294294.0,16,2,0.000000,s16_p2
1779294294.0,16,3,0.000000,s16_p3
1779294294.0,11,4,0.000000,s11_p4
1779294294.0,11,1,0.761211,s11_p1
1779294294.0,11,2,0.241654,s11_p2
1779294294.0,11,3,0.000000,s11_p3
1779294294.0,9,1,0.000000,s9_p1
1779294294.0,9,4,0.000000,s9_p4
1779294294.0,9,2,0.000000,s9_p2
1779294294.0,9,3,0.761142,s9_p3
1779294294.0,18,1,0.000000,s18_p1
1779294294.0,18,4,0.000000,s18_p4
1779294294.0,18,2,0.000000,s18_p2
1779294294.0,18,3,0.000000,s18_p3
1779294294.0,19,1,0.000000,s19_p1
1779294294.0,19,4,0.000000,s19_p4
1779294294.0,19,2,0.000000,s19_p2
1779294294.0,19,3,0.000000,s19_p3
1779294294.0,8,4,0.000000,s8_p4
1779294294.0,8,1,0.000000,s8_p1
1779294294.0,8,2,0.000000,s8_p2
1779294294.0,8,3,1.000000,s8_p3
1779294294.0,1,4,0.181026,s1_p4
1779294294.0,1,1,0.000000,s1_p1
1779294294.0,1,2,0.000000,s1_p2
1779294294.0,1,3,0.494803,s1_p3
1779294294.0,10,1,0.000000,s10_p1
1779294294.0,10,4,0.422705,s10_p4
1779294294.0,10,2,0.000000,s10_p2
1779294294.0,10,3,0.000000,s10_p3
1779294294.0,3,4,0.000000,s3_p4
1779294294.0,3,1,0.687727,s3_p1
1779294294.0,3,2,0.241308,s3_p2
1779294294.0,3,3,0.000000,s3_p3
1779294294.0,14,4,0.000000,s14_p4
1779294294.0,14,1,0.000000,s14_p1
1779294294.0,14,2,0.000000,s14_p2
1779294294.0,14,3,0.000000,s14_p3
1779294294.0,6,1,0.241150,s6_p1
1779294294.0,6,4,0.000000,s6_p4
1779294294.0,6,2,0.241150,s6_p2
1779294294.0,6,3,0.000000,s6_p3
1779294294.0,15,4,0.000000,s15_p4
1779294294.0,15,1,0.000000,s15_p1
1779294294.0,15,2,0.000000,s15_p2
1779294294.0,15,3,1.000000,s15_p3
1779294294.0,20,1,0.000000,s20_p1
1779294294.0,20,4,0.000000,s20_p4
1779294294.0,20,2,0.422299,s20_p2
1779294294.0,20,3,0.000000,s20_p3
1779294294.0,13,4,0.000000,s13_p4
1779294294.0,13,1,0.000000,s13_p1
1779294294.0,13,2,0.482579,s13_p2
1779294294.0,13,3,0.000000,s13_p3
1779294294.0,4,1,0.301647,s4_p1
1779294294.0,4,4,0.000000,s4_p4
1779294294.0,4,2,0.180988,s4_p2
1779294294.0,4,3,0.000000,s4_p3
1779294294.0,7,1,0.735959,s7_p1
1779294294.0,7,4,0.000000,s7_p4
1779294294.0,7,2,0.000000,s7_p2
1779294294.0,7,3,0.000000,s7_p3
1779294294.0,12,4,0.000000,s12_p4
1779294294.0,12,1,0.241422,s12_p1
1779294294.0,12,2,0.181066,s12_p2
1779294294.0,12,3,0.000000,s12_p3
1779294294.0,5,4,0.000000,s5_p4
1779294294.0,5,1,0.217161,s5_p1
1779294294.0,5,2,0.000000,s5_p2
1779294294.0,5,3,0.000000,s5_p3
1779294294.0,19,1,0.000000,s19_p1
1779294294.0,19,4,0.000000,s19_p4
1779294294.0,19,2,0.000000,s19_p2
1779294294.0,19,3,0.000000,s19_p3
1779294294.0,16,1,0.000000,s16_p1
1779294294.0,16,4,0.000000,s16_p4
1779294294.0,16,2,0.000000,s16_p2
1779294294.0,16,3,0.000000,s16_p3
1779294294.0,9,1,0.000000,s9_p1
1779294294.0,9,4,0.000000,s9_p4
1779294294.0,9,2,0.000000,s9_p2
1779294294.0,9,3,0.748138,s9_p3
1779294294.0,18,1,0.000000,s18_p1
1779294294.0,18,4,0.000000,s18_p4
1779294294.0,18,2,0.000000,s18_p2
1779294294.0,18,3,0.000000,s18_p3
1779294294.0,2,1,0.000000,s2_p1
1779294294.0,2,4,0.241292,s2_p4
1779294294.0,2,2,0.000000,s2_p2
1779294294.0,2,3,0.241292,s2_p3
1779294294.0,17,4,0.000000,s17_p4
1779294294.0,17,1,0.000000,s17_p1
1779294294.0,17,2,1.000000,s17_p2
1779294294.0,17,3,0.470523,s17_p3
1779294294.0,11,4,0.000000,s11_p4
1779294294.0,11,1,0.687719,s11_p1
1779294294.0,11,2,0.313696,s11_p2
1779294294.0,11,3,0.000000,s11_p3
1779294295.0,19,1,0.000000,s19_p1
1779294295.0,19,4,0.000000,s19_p4
1779294295.0,19,2,0.000000,s19_p2
1779294295.0,19,3,0.000000,s19_p3
1779294295.0,6,1,0.241951,s6_p1
1779294295.0,6,4,0.000000,s6_p4
1779294295.0,6,2,0.241951,s6_p2
1779294295.0,6,3,0.000000,s6_p3
1779294295.0,14,4,0.000000,s14_p4
1779294295.0,14,1,0.000000,s14_p1
1779294295.0,14,2,0.000000,s14_p2
1779294295.0,14,3,0.000000,s14_p3
1779294295.0,1,4,0.169176,s1_p4
1779294295.0,1,1,0.000000,s1_p1
1779294295.0,1,2,0.000000,s1_p2
1779294295.0,1,3,0.507528,s1_p3
1779294295.0,3,4,0.000000,s3_p4
1779294295.0,3,1,0.615944,s3_p1
1779294295.0,3,2,0.241547,s3_p2
1779294295.0,3,3,0.000000,s3_p3
1779294295.0,15,4,0.000000,s15_p4
1779294295.0,15,1,0.000000,s15_p1
1779294295.0,15,2,0.000000,s15_p2
1779294295.0,15,3,1.000000,s15_p3
1779294295.0,13,4,0.000000,s13_p4
1779294295.0,13,1,0.000000,s13_p1
1779294295.0,13,2,0.483522,s13_p2
1779294295.0,13,3,0.000000,s13_p3
1779294295.0,8,4,0.000000,s8_p4
1779294295.0,8,1,0.000000,s8_p1
1779294295.0,8,2,0.000000,s8_p2
1779294295.0,8,3,1.000000,s8_p3
1779294295.0,10,1,0.000000,s10_p1
1779294295.0,10,4,0.410551,s10_p4
1779294295.0,10,2,0.000000,s10_p2
1779294295.0,10,3,0.000000,s10_p3
1779294295.0,7,1,0.737350,s7_p1
1779294295.0,7,4,0.000000,s7_p4
1779294295.0,7,2,0.000000,s7_p2
1779294295.0,7,3,0.000000,s7_p3
1779294295.0,4,1,0.386637,s4_p1
1779294295.0,4,4,0.000000,s4_p4
1779294295.0,4,2,0.169154,s4_p2
1779294295.0,4,3,0.000000,s4_p3
1779294295.0,5,4,0.000000,s5_p4
1779294295.0,5,1,0.205408,s5_p1
1779294295.0,5,2,0.000000,s5_p2
1779294295.0,5,3,0.000000,s5_p3
1779294295.0,12,4,0.000000,s12_p4
1779294295.0,12,1,0.241645,s12_p1
1779294295.0,12,2,0.169151,s12_p2
1779294295.0,12,3,0.000000,s12_p3
1779294295.0,20,1,0.000000,s20_p1
1779294295.0,20,4,0.000000,s20_p4
1779294295.0,20,2,0.410739,s20_p2
1779294295.0,20,3,0.000000,s20_p3
1779294295.0,11,4,0.000000,s11_p4
1779294295.0,11,1,0.616296,s11_p1
1779294295.0,11,2,0.374611,s11_p2
1779294295.0,11,3,0.000000,s11_p3
1779294295.0,9,1,0.000000,s9_p1
1779294295.0,9,4,0.000000,s9_p4
1779294295.0,9,2,0.000000,s9_p2
1779294295.0,9,3,0.737021,s9_p3
1779294295.0,18,1,0.000000,s18_p1
1779294295.0,18,4,0.000000,s18_p4
1779294295.0,18,2,0.000000,s18_p2
1779294295.0,18,3,0.000000,s18_p3
1779294295.0,2,1,0.000000,s2_p1
1779294295.0,2,4,0.241645,s2_p4
1779294295.0,2,2,0.000000,s2_p2
1779294295.0,2,3,0.241645,s2_p3
1779294295.0,16,1,0.000000,s16_p1
1779294295.0,16,4,0.000000,s16_p4
1779294295.0,16,2,0.000000,s16_p2
1779294295.0,16,3,0.000000,s16_p3
1779294295.0,17,4,0.000000,s17_p4
1779294295.0,17,1,0.000000,s17_p1
1779294295.0,17,2,0.990725,s17_p2
1779294295.0,17,3,0.483281,s17_p3
1779294295.0,6,1,0.241751,s6_p1
1779294295.0,6,4,0.000000,s6_p4
1779294295.0,6,2,0.241751,s6_p2
1779294295.0,6,3,0.000000,s6_p3
1779294295.0,14,4,0.000000,s14_p4
1779294295.0,14,1,0.000000,s14_p1
1779294295.0,14,2,0.000000,s14_p2
1779294295.0,14,3,0.000000,s14_p3
1779294295.0,10,1,0.000000,s10_p1
1779294295.0,10,4,0.398865,s10_p4
1779294295.0,10,2,0.000000,s10_p2
1779294295.0,10,3,0.000000,s10_p3
1779294295.0,3,4,0.000000,s3_p4
1779294295.0,3,1,0.761315,s3_p1
1779294295.0,3,2,0.229603,s3_p2
1779294295.0,3,3,0.000000,s3_p3
1779294295.0,1,4,0.169073,s1_p4
1779294295.0,1,1,0.000000,s1_p1
1779294295.0,1,2,0.000000,s1_p2
1779294295.0,1,3,0.495142,s1_p3
1779294295.0,15,4,0.000000,s15_p4
1779294295.0,15,1,0.000000,s15_p1
1779294295.0,15,2,0.000000,s15_p2
1779294295.0,15,3,1.000000,s15_p3
1779294295.0,7,1,0.736453,s7_p1
1779294295.0,7,4,0.000000,s7_p4
1779294295.0,7,2,0.000000,s7_p2
1779294295.0,7,3,0.000000,s7_p3
1779294295.0,8,4,0.000000,s8_p4
1779294295.0,8,1,0.000000,s8_p1
1779294295.0,8,2,0.000000,s8_p2
1779294295.0,8,3,1.000000,s8_p3
1779294295.0,13,4,0.000000,s13_p4
1779294295.0,13,1,0.000000,s13_p1
1779294295.0,13,2,0.482850,s13_p2
1779294295.0,13,3,0.000000,s13_p3
1779294295.0,12,4,0.000000,s12_p4
1779294295.0,12,1,0.229480,s12_p1
1779294295.0,12,2,0.169090,s12_p2
1779294295.0,12,3,0.000000,s12_p3
1779294295.0,5,4,0.000000,s5_p4
1779294295.0,5,1,0.217391,s5_p1
1779294295.0,5,2,0.000000,s5_p2
1779294295.0,5,3,0.000000,s5_p3
1779294295.0,20,1,0.000000,s20_p1
1779294295.0,20,4,0.000000,s20_p4
1779294295.0,20,2,0.398561,s20_p2
1779294295.0,20,3,0.000000,s20_p3
1779294295.0,18,1,0.000000,s18_p1
1779294295.0,18,4,0.000000,s18_p4
1779294295.0,18,2,0.000000,s18_p2
1779294295.0,18,3,0.000000,s18_p3
1779294295.0,4,1,0.241503,s4_p1
1779294295.0,4,4,0.000000,s4_p4
1779294295.0,4,2,0.169052,s4_p2
1779294295.0,4,3,0.000000,s4_p3
1779294295.0,19,1,0.000000,s19_p1
1779294295.0,19,4,0.000000,s19_p4
1779294295.0,19,2,0.000000,s19_p2
1779294295.0,19,3,0.000000,s19_p3
1779294295.0,9,1,0.000000,s9_p1
1779294295.0,9,4,0.000000,s9_p4
1779294295.0,9,2,0.000000,s9_p2
1779294295.0,9,3,0.748564,s9_p3
1779294295.0,16,1,0.000000,s16_p1
1779294295.0,16,4,0.000000,s16_p4
1779294295.0,16,2,0.000000,s16_p2
1779294295.0,16,3,0.000000,s16_p3
1779294295.0,2,1,0.000000,s2_p1
1779294295.0,2,4,0.229398,s2_p4
1779294295.0,2,2,0.000000,s2_p2
1779294295.0,2,3,0.241472,s2_p3
1779294295.0,11,4,0.000000,s11_p4
1779294295.0,11,1,0.760526,s11_p1
1779294295.0,11,2,0.241437,s11_p2
1779294295.0,11,3,0.000000,s11_p3
1779294295.0,17,4,0.000000,s17_p4
1779294295.0,17,1,0.000000,s17_p1
1779294295.0,17,2,1.000000,s17_p2
1779294295.0,17,3,0.482943,s17_p3
1779294296.0,19,1,0.000000,s19_p1
1779294296.0,19,4,0.000000,s19_p4
1779294296.0,19,2,0.000000,s19_p2
1779294296.0,19,3,0.000000,s19_p3
1779294296.0,1,4,0.181190,s1_p4
1779294296.0,1,1,0.000000,s1_p1
1779294296.0,1,2,0.000000,s1_p2
1779294296.0,1,3,0.507332,s1_p3
1779294296.0,6,1,0.241316,s6_p1
1779294296.0,6,4,0.000000,s6_p4
1779294296.0,6,2,0.241316,s6_p2
1779294296.0,6,3,0.000000,s6_p3
1779294296.0,14,4,0.000000,s14_p4
1779294296.0,14,1,0.000000,s14_p1
1779294296.0,14,2,0.000000,s14_p2
1779294296.0,14,3,0.000000,s14_p3
1779294296.0,3,4,0.000000,s3_p4
1779294296.0,3,1,0.760575,s3_p1
1779294296.0,3,2,0.241452,s3_p2
1779294296.0,3,3,0.000000,s3_p3
1779294296.0,15,4,0.000000,s15_p4
1779294296.0,15,1,0.000000,s15_p1
1779294296.0,15,2,0.000000,s15_p2
1779294296.0,15,3,1.000000,s15_p3
1779294296.0,10,1,0.000000,s10_p1
1779294296.0,10,4,0.422504,s10_p4
1779294296.0,10,2,0.000000,s10_p2
1779294296.0,10,3,0.000000,s10_p3
1779294296.0,8,4,0.000000,s8_p4
1779294296.0,8,1,0.000000,s8_p1
1779294296.0,8,2,0.000000,s8_p2
1779294296.0,8,3,1.000000,s8_p3
1779294296.0,20,1,0.000000,s20_p1
1779294296.0,20,4,0.000000,s20_p4
1779294296.0,20,2,0.422930,s20_p2
1779294296.0,20,3,0.000000,s20_p3
1779294296.0,5,4,0.000000,s5_p4
1779294296.0,5,1,0.217495,s5_p1
1779294296.0,5,2,0.000000,s5_p2
1779294296.0,5,3,0.000000,s5_p3
1779294296.0,13,4,0.000000,s13_p4
1779294296.0,13,1,0.000000,s13_p1
1779294296.0,13,2,0.483148,s13_p2
1779294296.0,13,3,0.000000,s13_p3
1779294296.0,7,1,0.724640,s7_p1
1779294296.0,7,4,0.000000,s7_p4
1779294296.0,7,2,0.000000,s7_p2
1779294296.0,7,3,0.000000,s7_p3
1779294296.0,18,1,0.000000,s18_p1
1779294296.0,18,4,0.000000,s18_p4
1779294296.0,18,2,0.000000,s18_p2
1779294296.0,18,3,0.000000,s18_p3
1779294296.0,12,4,0.000000,s12_p4
1779294296.0,12,1,0.241553,s12_p1
1779294296.0,12,2,0.181165,s12_p2
1779294296.0,12,3,0.000000,s12_p3
1779294296.0,17,4,0.000000,s17_p4
1779294296.0,17,1,0.000000,s17_p1
1779294296.0,17,2,1.000000,s17_p2
1779294296.0,17,3,0.483492,s17_p3
1779294296.0,2,1,0.000000,s2_p1
1779294296.0,2,4,0.241720,s2_p4
1779294296.0,2,2,0.000000,s2_p2
1779294296.0,2,3,0.241720,s2_p3
1779294296.0,16,1,0.000000,s16_p1
1779294296.0,16,4,0.000000,s16_p4
1779294296.0,16,2,0.000000,s16_p2
1779294296.0,16,3,0.000000,s16_p3
1779294296.0,11,4,0.000000,s11_p4
1779294296.0,11,1,0.761199,s11_p1
1779294296.0,11,2,0.241650,s11_p2
1779294296.0,11,3,0.000000,s11_p3
1779294296.0,4,1,0.241442,s4_p1
1779294296.0,4,4,0.000000,s4_p4
1779294296.0,4,2,0.181082,s4_p2
1779294296.0,4,3,0.000000,s4_p3
1779294296.0,9,1,0.000000,s9_p1
1779294296.0,9,4,0.000000,s9_p4
1779294296.0,9,2,0.000000,s9_p2
1779294296.0,9,3,0.736862,s9_p3
1779294296.0,6,1,0.241621,s6_p1
1779294296.0,6,4,0.000000,s6_p4
1779294296.0,6,2,0.241621,s6_p2
1779294296.0,6,3,0.000000,s6_p3
1779294296.0,3,4,0.000000,s3_p4
1779294296.0,3,1,0.664324,s3_p1
1779294296.0,3,2,0.241572,s3_p2
1779294296.0,3,3,0.000000,s3_p3
1779294296.0,14,4,0.000000,s14_p4
1779294296.0,14,1,0.000000,s14_p1
1779294296.0,14,2,0.000000,s14_p2
1779294296.0,14,3,0.000000,s14_p3
1779294296.0,1,4,0.168977,s1_p4
1779294296.0,1,1,0.000000,s1_p1
1779294296.0,1,2,0.000000,s1_p2
1779294296.0,1,3,0.506930,s1_p3
1779294296.0,10,1,0.000000,s10_p1
1779294296.0,10,4,0.410456,s10_p4
1779294296.0,10,2,0.000000,s10_p2
1779294296.0,10,3,0.000000,s10_p3
1779294296.0,13,4,0.000000,s13_p4
1779294296.0,13,1,0.000000,s13_p1
1779294296.0,13,2,0.483158,s13_p2
1779294296.0,13,3,0.000000,s13_p3
1779294296.0,7,1,0.736440,s7_p1
1779294296.0,7,4,0.000000,s7_p4
1779294296.0,7,2,0.000000,s7_p2
1779294296.0,7,3,0.000000,s7_p3
1779294296.0,4,1,0.338225,s4_p1
1779294296.0,4,4,0.000000,s4_p4
1779294296.0,4,2,0.169113,s4_p2
1779294296.0,4,3,0.000000,s4_p3
1779294296.0,15,4,0.000000,s15_p4
1779294296.0,15,1,0.000000,s15_p1
1779294296.0,15,2,0.000000,s15_p2
1779294296.0,15,3,0.989117,s15_p3
1779294296.0,8,4,0.000000,s8_p4
1779294296.0,8,1,0.000000,s8_p1
1779294296.0,8,2,0.000000,s8_p2
1779294296.0,8,3,1.000000,s8_p3
1779294296.0,5,4,0.000000,s5_p4
1779294296.0,5,1,0.217050,s5_p1
1779294296.0,5,2,0.000000,s5_p2
1779294296.0,5,3,0.000000,s5_p3
1779294296.0,18,1,0.000000,s18_p1
1779294296.0,18,4,0.000000,s18_p4
1779294296.0,18,2,0.000000,s18_p2
1779294296.0,18,3,0.000000,s18_p3
1779294296.0,20,1,0.000000,s20_p1
1779294296.0,20,4,0.000000,s20_p4
1779294296.0,20,2,0.409924,s20_p2
1779294296.0,20,3,0.000000,s20_p3
1779294296.0,16,1,0.000000,s16_p1
1779294296.0,16,4,0.000000,s16_p4
1779294296.0,16,2,0.000000,s16_p2
1779294296.0,16,3,0.000000,s16_p3
1779294296.0,2,1,0.000000,s2_p1
1779294296.0,2,4,0.241293,s2_p4
1779294296.0,2,2,0.000000,s2_p2
1779294296.0,2,3,0.241293,s2_p3
1779294296.0,12,4,0.000000,s12_p4
1779294296.0,12,1,0.241221,s12_p1
1779294296.0,12,2,0.168855,s12_p2
1779294296.0,12,3,0.000000,s12_p3
1779294296.0,17,4,0.000000,s17_p4
1779294296.0,17,1,0.000000,s17_p1
1779294296.0,17,2,1.000000,s17_p2
1779294296.0,17,3,0.482512,s17_p3
1779294296.0,11,4,0.000000,s11_p4
1779294296.0,11,1,0.663671,s11_p1
1779294296.0,11,2,0.337869,s11_p2
1779294296.0,11,3,0.000000,s11_p3
1779294296.0,9,1,0.000000,s9_p1
1779294296.0,9,4,0.000000,s9_p4
1779294296.0,9,2,0.000000,s9_p2
1779294296.0,9,3,0.748068,s9_p3
1779294296.0,19,1,0.000000,s19_p1
1779294296.0,19,4,0.000000,s19_p4
1779294296.0,19,2,0.000000,s19_p2
1779294296.0,19,3,0.000000,s19_p3
1779294297.0,1,4,0.169214,s1_p4
1779294297.0,1,1,0.000000,s1_p1
1779294297.0,1,2,0.000000,s1_p2
1779294297.0,1,3,0.495555,s1_p3
1779294297.0,6,1,0.241494,s6_p1
1779294297.0,6,4,0.000000,s6_p4
1779294297.0,6,2,0.241494,s6_p2
1779294297.0,6,3,0.000000,s6_p3
1779294297.0,7,1,0.737404,s7_p1
1779294297.0,7,4,0.000000,s7_p4
1779294297.0,7,2,0.000000,s7_p2
1779294297.0,7,3,0.000000,s7_p3
1779294297.0,14,4,0.000000,s14_p4
1779294297.0,14,1,0.000000,s14_p1
1779294297.0,14,2,0.000000,s14_p2
1779294297.0,14,3,0.000000,s14_p3
1779294297.0,10,1,0.000000,s10_p1
1779294297.0,10,4,0.398613,s10_p4
1779294297.0,10,2,0.000000,s10_p2
1779294297.0,10,3,0.000000,s10_p3
1779294297.0,13,4,0.000000,s13_p4
1779294297.0,13,1,0.000000,s13_p1
1779294297.0,13,2,0.483201,s13_p2
1779294297.0,13,3,0.000000,s13_p3
1779294297.0,15,4,0.000000,s15_p4
1779294297.0,15,1,0.000000,s15_p1
1779294297.0,15,2,0.000000,s15_p2
1779294297.0,15,3,1.000000,s15_p3
1779294297.0,8,4,0.000000,s8_p4
1779294297.0,8,1,0.000000,s8_p1
1779294297.0,8,2,0.000000,s8_p2
1779294297.0,8,3,1.000000,s8_p3
1779294297.0,3,4,0.000000,s3_p4
1779294297.0,3,1,0.639755,s3_p1
1779294297.0,3,2,0.229346,s3_p2
1779294297.0,3,3,0.000000,s3_p3
1779294297.0,17,4,0.000000,s17_p4
1779294297.0,17,1,0.000000,s17_p1
1779294297.0,17,2,1.000000,s17_p2
1779294297.0,17,3,0.483662,s17_p3
1779294297.0,16,1,0.000000,s16_p1
1779294297.0,16,4,0.000000,s16_p4
1779294297.0,16,2,0.000000,s16_p2
1779294297.0,16,3,0.000000,s16_p3
1779294297.0,11,4,0.000000,s11_p4
1779294297.0,11,1,0.640823,s11_p1
1779294297.0,11,2,0.362730,s11_p2
1779294297.0,11,3,0.000000,s11_p3
1779294297.0,20,1,0.000000,s20_p1
1779294297.0,20,4,0.000000,s20_p4
1779294297.0,20,2,0.398899,s20_p2
1779294297.0,20,3,0.000000,s20_p3
1779294297.0,5,4,0.000000,s5_p4
1779294297.0,5,1,0.217550,s5_p1
1779294297.0,5,2,0.000000,s5_p2
1779294297.0,5,3,0.000000,s5_p3
1779294297.0,4,1,0.350232,s4_p1
1779294297.0,4,4,0.000000,s4_p4
1779294297.0,4,2,0.169078,s4_p2
1779294297.0,4,3,0.000000,s4_p3
1779294297.0,18,1,0.000000,s18_p1
1779294297.0,18,4,0.000000,s18_p4
1779294297.0,18,2,0.000000,s18_p2
1779294297.0,18,3,0.000000,s18_p3
1779294297.0,12,4,0.000000,s12_p4
1779294297.0,12,1,0.229666,s12_p1
1779294297.0,12,2,0.169228,s12_p2
1779294297.0,12,3,0.000000,s12_p3
1779294297.0,2,1,0.000000,s2_p1
1779294297.0,2,4,0.229653,s2_p4
1779294297.0,2,2,0.000000,s2_p2
1779294297.0,2,3,0.241740,s2_p3
1779294297.0,19,1,0.000000,s19_p1
1779294297.0,19,4,0.000000,s19_p4
1779294297.0,19,2,0.000000,s19_p2
1779294297.0,19,3,0.000000,s19_p3
1779294297.0,9,1,0.000000,s9_p1
1779294297.0,9,4,0.000000,s9_p4
1779294297.0,9,2,0.000000,s9_p2
1779294297.0,9,3,0.737389,s9_p3
1779294297.0,6,1,0.241704,s6_p1
1779294297.0,6,4,0.000000,s6_p4
1779294297.0,6,2,0.241704,s6_p2
1779294297.0,6,3,0.000000,s6_p3
1779294297.0,1,4,0.169144,s1_p4
1779294297.0,1,1,0.000000,s1_p1
1779294297.0,1,2,0.000000,s1_p2
1779294297.0,1,3,0.507431,s1_p3
1779294297.0,10,1,0.000000,s10_p1
1779294297.0,10,4,0.411053,s10_p4
1779294297.0,10,2,0.000000,s10_p2
1779294297.0,10,3,0.000000,s10_p3
1779294297.0,3,4,0.000000,s3_p4
1779294297.0,3,1,0.749594,s3_p1
1779294297.0,3,2,0.241804,s3_p2
1779294297.0,3,3,0.000000,s3_p3
1779294297.0,14,4,0.000000,s14_p4
1779294297.0,14,1,0.000000,s14_p1
1779294297.0,14,2,0.000000,s14_p2
1779294297.0,14,3,0.000000,s14_p3
1779294297.0,15,4,0.000000,s15_p4
1779294297.0,15,1,0.000000,s15_p1
1779294297.0,15,2,0.000000,s15_p2
1779294297.0,15,3,1.000000,s15_p3
1779294297.0,13,4,0.000000,s13_p4
1779294297.0,13,1,0.000000,s13_p1
1779294297.0,13,2,0.483325,s13_p2
1779294297.0,13,3,0.000000,s13_p3
1779294297.0,8,4,0.000000,s8_p4
1779294297.0,8,1,0.000000,s8_p1
1779294297.0,8,2,0.000000,s8_p2
1779294297.0,8,3,1.000000,s8_p3
1779294297.0,7,1,0.724843,s7_p1
1779294297.0,7,4,0.000000,s7_p4
1779294297.0,7,2,0.000000,s7_p2
1779294297.0,7,3,0.000000,s7_p3
1779294297.0,18,1,0.000000,s18_p1
1779294297.0,18,4,0.000000,s18_p4
1779294297.0,18,2,0.000000,s18_p2
1779294297.0,18,3,0.000000,s18_p3
1779294297.0,4,1,0.253809,s4_p1
1779294297.0,4,4,0.000000,s4_p4
1779294297.0,4,2,0.169206,s4_p2
1779294297.0,4,3,0.000000,s4_p3
1779294297.0,5,4,0.000000,s5_p4
1779294297.0,5,1,0.217538,s5_p1
1779294297.0,5,2,0.000000,s5_p2
1779294297.0,5,3,0.000000,s5_p3
1779294297.0,17,4,0.000000,s17_p4
1779294297.0,17,1,0.000000,s17_p1
1779294297.0,17,2,0.990782,s17_p2
1779294297.0,17,3,0.483308,s17_p3
1779294297.0,12,4,0.000000,s12_p4
1779294297.0,12,1,0.241713,s12_p1
1779294297.0,12,2,0.169199,s12_p2
1779294297.0,12,3,0.000000,s12_p3
1779294297.0,20,1,0.000000,s20_p1
1779294297.0,20,4,0.000000,s20_p4
1779294297.0,20,2,0.410862,s20_p2
1779294297.0,20,3,0.000000,s20_p3
1779294297.0,2,1,0.000000,s2_p1
1779294297.0,2,4,0.241628,s2_p4
1779294297.0,2,2,0.000000,s2_p2
1779294297.0,2,3,0.241628,s2_p3
1779294297.0,11,4,0.000000,s11_p4
1779294297.0,11,1,0.748854,s11_p1
1779294297.0,11,2,0.241566,s11_p2
1779294297.0,11,3,0.000000,s11_p3
1779294297.0,16,1,0.000000,s16_p1
1779294297.0,16,4,0.000000,s16_p4
1779294297.0,16,2,0.000000,s16_p2
1779294297.0,16,3,0.000000,s16_p3
1779294297.0,9,1,0.000000,s9_p1
1779294297.0,9,4,0.000000,s9_p4
1779294297.0,9,2,0.000000,s9_p2
1779294297.0,9,3,0.749131,s9_p3
1779294297.0,19,1,0.000000,s19_p1
1779294297.0,19,4,0.000000,s19_p4
1779294297.0,19,2,0.000000,s19_p2
1779294297.0,19,3,0.000000,s19_p3
1779294298.0,19,1,0.000000,s19_p1
1779294298.0,19,4,0.000000,s19_p4
1779294298.0,19,2,0.000000,s19_p2
1779294298.0,19,3,0.000000,s19_p3
1779294298.0,3,4,0.000000,s3_p4
1779294298.0,3,1,0.773177,s3_p1
1779294298.0,3,2,0.229537,s3_p2
1779294298.0,3,3,0.000000,s3_p3
1779294298.0,14,4,0.000000,s14_p4
1779294298.0,14,1,0.000000,s14_p1
1779294298.0,14,2,0.000000,s14_p2
1779294298.0,14,3,0.000000,s14_p3
1779294298.0,6,1,0.241449,s6_p1
1779294298.0,6,4,0.000000,s6_p4
1779294298.0,6,2,0.241449,s6_p2
1779294298.0,6,3,0.000000,s6_p3
1779294298.0,1,4,0.181110,s1_p4
1779294298.0,1,1,0.000000,s1_p1
1779294298.0,1,2,0.000000,s1_p2
1779294298.0,1,3,0.495033,s1_p3
1779294298.0,10,1,0.000000,s10_p1
1779294298.0,10,4,0.410447,s10_p4
1779294298.0,10,2,0.000000,s10_p2
1779294298.0,10,3,0.000000,s10_p3
1779294298.0,15,4,0.000000,s15_p4
1779294298.0,15,1,0.000000,s15_p1
1779294298.0,15,2,0.000000,s15_p2
1779294298.0,15,3,1.000000,s15_p3
1779294298.0,13,4,0.000000,s13_p4
1779294298.0,13,1,0.000000,s13_p1
1779294298.0,13,2,0.483103,s13_p2
1779294298.0,13,3,0.000000,s13_p3
1779294298.0,8,4,0.000000,s8_p4
1779294298.0,8,1,0.000000,s8_p1
1779294298.0,8,2,0.000000,s8_p2
1779294298.0,8,3,1.000000,s8_p3
1779294298.0,7,1,0.736695,s7_p1
1779294298.0,7,4,0.000000,s7_p4
1779294298.0,7,2,0.000000,s7_p2
1779294298.0,7,3,0.000000,s7_p3
1779294298.0,4,1,0.229596,s4_p1
1779294298.0,4,4,0.000000,s4_p4
1779294298.0,4,2,0.181260,s4_p2
1779294298.0,4,3,0.000000,s4_p3
1779294298.0,20,1,0.000000,s20_p1
1779294298.0,20,4,0.000000,s20_p4
1779294298.0,20,2,0.422737,s20_p2
1779294298.0,20,3,0.000000,s20_p3
1779294298.0,5,4,0.000000,s5_p4
1779294298.0,5,1,0.217376,s5_p1
1779294298.0,5,2,0.000000,s5_p2
1779294298.0,5,3,0.000000,s5_p3
1779294298.0,12,4,0.000000,s12_p4
1779294298.0,12,1,0.241533,s12_p1
1779294298.0,12,2,0.181150,s12_p2
1779294298.0,12,3,0.000000,s12_p3
1779294298.0,2,1,0.000000,s2_p1
1779294298.0,2,4,0.241618,s2_p4
1779294298.0,2,2,0.000000,s2_p2
1779294298.0,2,3,0.241618,s2_p3
1779294298.0,17,4,0.000000,s17_p4
1779294298.0,17,1,0.000000,s17_p1
1779294298.0,17,2,1.000000,s17_p2
1779294298.0,17,3,0.483035,s17_p3
1779294298.0,18,1,0.000000,s18_p1
1779294298.0,18,4,0.000000,s18_p4
1779294298.0,18,2,0.000000,s18_p2
1779294298.0,18,3,0.000000,s18_p3
1779294298.0,16,1,0.000000,s16_p1
1779294298.0,16,4,0.000000,s16_p4
1779294298.0,16,2,0.000000,s16_p2
1779294298.0,16,3,0.000000,s16_p3
1779294298.0,9,1,0.000000,s9_p1
1779294298.0,9,4,0.000000,s9_p4
1779294298.0,9,2,0.000000,s9_p2
1779294298.0,9,3,0.736800,s9_p3
1779294298.0,11,4,0.000000,s11_p4
1779294298.0,11,1,0.772937,s11_p1
1779294298.0,11,2,0.229466,s11_p2
1779294298.0,11,3,0.000000,s11_p3
1779294298.0,19,1,0.000000,s19_p1
1779294298.0,19,4,0.000000,s19_p4
1779294298.0,19,2,0.000000,s19_p2
1779294298.0,19,3,0.000000,s19_p3
1779294298.0,14,4,0.000000,s14_p4
1779294298.0,14,1,0.000000,s14_p1
1779294298.0,14,2,0.000000,s14_p2
1779294298.0,14,3,0.000000,s14_p3
1779294298.0,6,1,0.241277,s6_p1
1779294298.0,6,4,0.000000,s6_p4
1779294298.0,6,2,0.241277,s6_p2
1779294298.0,6,3,0.000000,s6_p3
1779294298.0,15,4,0.000000,s15_p4
1779294298.0,15,1,0.000000,s15_p1
1779294298.0,15,2,0.000000,s15_p2
1779294298.0,15,3,1.000000,s15_p3
1779294298.0,3,4,0.000000,s3_p4
1779294298.0,3,1,0.663386,s3_p1
1779294298.0,3,2,0.241231,s3_p2
1779294298.0,3,3,0.000000,s3_p3
1779294298.0,1,4,0.168758,s1_p4
1779294298.0,1,1,0.000000,s1_p1
1779294298.0,1,2,0.000000,s1_p2
1779294298.0,1,3,0.506274,s1_p3
1779294298.0,12,4,0.000000,s12_p4
1779294298.0,12,1,0.229339,s12_p1
1779294298.0,12,2,0.168987,s12_p2
1779294298.0,12,3,0.000000,s12_p3
1779294298.0,20,1,0.000000,s20_p1
1779294298.0,20,4,0.000000,s20_p4
1779294298.0,20,2,0.398270,s20_p2
1779294298.0,20,3,0.000000,s20_p3
1779294298.0,13,4,0.000000,s13_p4
1779294298.0,13,1,0.000000,s13_p1
1779294298.0,13,2,0.482394,s13_p2
1779294298.0,13,3,0.000000,s13_p3
1779294298.0,8,4,0.000000,s8_p4
1779294298.0,8,1,0.000000,s8_p1
1779294298.0,8,2,0.000000,s8_p2
1779294298.0,8,3,1.000000,s8_p3
1779294298.0,7,1,0.735702,s7_p1
1779294298.0,7,4,0.000000,s7_p4
1779294298.0,7,2,0.000000,s7_p2
1779294298.0,7,3,0.000000,s7_p3
1779294298.0,4,1,0.337703,s4_p1
1779294298.0,4,4,0.000000,s4_p4
1779294298.0,4,2,0.168851,s4_p2
1779294298.0,4,3,0.000000,s4_p3
1779294298.0,18,1,0.000000,s18_p1
1779294298.0,18,4,0.000000,s18_p4
1779294298.0,18,2,0.000000,s18_p2
1779294298.0,18,3,0.000000,s18_p3
1779294298.0,2,1,0.000000,s2_p1
1779294298.0,2,4,0.229306,s2_p4
1779294298.0,2,2,0.000000,s2_p2
1779294298.0,2,3,0.241375,s2_p3
1779294298.0,5,4,0.000000,s5_p4
1779294298.0,5,1,0.205154,s5_p1
1779294298.0,5,2,0.000000,s5_p2
1779294298.0,5,3,0.000000,s5_p3
1779294298.0,17,4,0.000000,s17_p4
1779294298.0,17,1,0.000000,s17_p1
1779294298.0,17,2,1.000000,s17_p2
1779294298.0,17,3,0.482742,s17_p3
1779294298.0,10,1,0.000000,s10_p1
1779294298.0,10,4,0.409922,s10_p4
1779294298.0,10,2,0.000000,s10_p2
1779294298.0,10,3,0.000000,s10_p3
1779294298.0,11,4,0.000000,s11_p4
1779294298.0,11,1,0.663827,s11_p1
1779294298.0,11,2,0.337948,s11_p2
1779294298.0,11,3,0.000000,s11_p3
1779294298.0,16,1,0.000000,s16_p1
1779294298.0,16,4,0.000000,s16_p4
1779294298.0,16,2,0.000000,s16_p2
1779294298.0,16,3,0.000000,s16_p3
1779294298.0,9,1,0.000000,s9_p1
1779294298.0,9,4,0.000000,s9_p4
1779294298.0,9,2,0.000000,s9_p2
1779294298.0,9,3,0.748224,s9_p3
1779294299.0,19,1,0.000000,s19_p1
1779294299.0,19,4,0.000000,s19_p4
1779294299.0,19,2,0.000000,s19_p2
1779294299.0,19,3,0.000000,s19_p3
1779294299.0,1,4,0.169379,s1_p4
1779294299.0,1,1,0.000000,s1_p1
1779294299.0,1,2,0.000000,s1_p2
1779294299.0,1,3,0.496040,s1_p3
1779294299.0,14,4,0.000000,s14_p4
1779294299.0,14,1,0.000000,s14_p1
1779294299.0,14,2,0.000000,s14_p2
1779294299.0,14,3,0.000000,s14_p3
1779294299.0,6,1,0.241742,s6_p1
1779294299.0,6,4,0.000000,s6_p4
1779294299.0,6,2,0.241742,s6_p2
1779294299.0,6,3,0.000000,s6_p3
1779294299.0,10,1,0.000000,s10_p1
1779294299.0,10,4,0.411278,s10_p4
1779294299.0,10,2,0.000000,s10_p2
1779294299.0,10,3,0.000000,s10_p3
1779294299.0,3,4,0.000000,s3_p4
1779294299.0,3,1,0.640362,s3_p1
1779294299.0,3,2,0.241646,s3_p2
1779294299.0,3,3,0.000000,s3_p3
1779294299.0,15,4,0.000000,s15_p4
1779294299.0,15,1,0.000000,s15_p1
1779294299.0,15,2,0.000000,s15_p2
1779294299.0,15,3,0.990482,s15_p3
1779294299.0,8,4,0.000000,s8_p4
1779294299.0,8,1,0.000000,s8_p1
1779294299.0,8,2,0.000000,s8_p2
1779294299.0,8,3,1.000000,s8_p3
1779294299.0,13,4,0.000000,s13_p4
1779294299.0,13,1,0.000000,s13_p1
1779294299.0,13,2,0.483460,s13_p2
1779294299.0,13,3,0.000000,s13_p3
1779294299.0,7,1,0.737021,s7_p1
1779294299.0,7,4,0.000000,s7_p4
1779294299.0,7,2,0.000000,s7_p2
1779294299.0,7,3,0.000000,s7_p3
1779294299.0,4,1,0.362430,s4_p1
1779294299.0,4,4,0.000000,s4_p4
1779294299.0,4,2,0.169134,s4_p2
1779294299.0,4,3,0.000000,s4_p3
1779294299.0,20,1,0.000000,s20_p1
1779294299.0,20,4,0.000000,s20_p4
1779294299.0,20,2,0.410602,s20_p2
1779294299.0,20,3,0.000000,s20_p3
1779294299.0,5,4,0.000000,s5_p4
1779294299.0,5,1,0.217396,s5_p1
1779294299.0,5,2,0.000000,s5_p2
1779294299.0,5,3,0.000000,s5_p3
1779294299.0,12,4,0.000000,s12_p4
1779294299.0,12,1,0.241458,s12_p1
1779294299.0,12,2,0.169021,s12_p2
1779294299.0,12,3,0.000000,s12_p3
1779294299.0,18,1,0.000000,s18_p1
1779294299.0,18,4,0.000000,s18_p4
1779294299.0,18,2,0.000000,s18_p2
1779294299.0,18,3,0.000000,s18_p3
1779294299.0,16,1,0.000000,s16_p1
1779294299.0,16,4,0.000000,s16_p4
1779294299.0,16,2,0.000000,s16_p2
1779294299.0,16,3,0.000000,s16_p3
1779294299.0,11,4,0.000000,s11_p4
1779294299.0,11,1,0.639563,s11_p1
1779294299.0,11,2,0.362017,s11_p2
1779294299.0,11,3,0.000000,s11_p3
1779294299.0,9,1,0.000000,s9_p1
1779294299.0,9,4,0.000000,s9_p4
1779294299.0,9,2,0.000000,s9_p2
1779294299.0,9,3,0.748195,s9_p3
1779294299.0,2,1,0.000000,s2_p1
1779294299.0,2,4,0.241246,s2_p4
1779294299.0,2,2,0.000000,s2_p2
1779294299.0,2,3,0.253308,s2_p3
1779294299.0,17,4,0.000000,s17_p4
1779294299.0,17,1,0.000000,s17_p1
1779294299.0,17,2,1.000000,s17_p2
1779294299.0,17,3,0.494556,s17_p3
1779294299.0,6,1,0.253950,s6_p1
1779294299.0,6,4,0.000000,s6_p4
1779294299.0,6,2,0.241857,s6_p2
1779294299.0,6,3,0.000000,s6_p3
1779294299.0,14,4,0.000000,s14_p4
1779294299.0,14,1,0.000000,s14_p1
1779294299.0,14,2,0.000000,s14_p2
1779294299.0,14,3,0.000000,s14_p3
1779294299.0,1,4,0.181214,s1_p4
1779294299.0,1,1,0.000000,s1_p1
1779294299.0,1,2,0.000000,s1_p2
1779294299.0,1,3,0.507399,s1_p3
1779294299.0,10,1,0.000000,s10_p1
1779294299.0,10,4,0.410931,s10_p4
1779294299.0,10,2,0.000000,s10_p2
1779294299.0,10,3,0.000000,s10_p3
1779294299.0,3,4,0.000000,s3_p4
1779294299.0,3,1,0.761477,s3_p1
1779294299.0,3,2,0.229652,s3_p2
1779294299.0,3,3,0.000000,s3_p3
1779294299.0,15,4,0.000000,s15_p4
1779294299.0,15,1,0.000000,s15_p1
1779294299.0,15,2,0.000000,s15_p2
1779294299.0,15,3,1.000000,s15_p3
1779294299.0,8,4,0.000000,s8_p4
1779294299.0,8,1,0.000000,s8_p1
1779294299.0,8,2,0.000000,s8_p2
1779294299.0,8,3,1.000000,s8_p3
1779294299.0,4,1,0.229772,s4_p1
1779294299.0,4,4,0.000000,s4_p4
1779294299.0,4,2,0.181399,s4_p2
1779294299.0,4,3,0.000000,s4_p3
1779294299.0,5,4,0.000000,s5_p4
1779294299.0,5,1,0.217746,s5_p1
1779294299.0,5,2,0.000000,s5_p2
1779294299.0,5,3,0.000000,s5_p3
1779294299.0,12,4,0.000000,s12_p4
1779294299.0,12,1,0.229883,s12_p1
1779294299.0,12,2,0.181486,s12_p2
1779294299.0,12,3,0.000000,s12_p3
1779294299.0,13,4,0.000000,s13_p4
1779294299.0,13,1,0.000000,s13_p1
1779294299.0,13,2,0.495520,s13_p2
1779294299.0,13,3,0.000000,s13_p3
1779294299.0,7,1,0.725042,s7_p1
1779294299.0,7,4,0.000000,s7_p4
1779294299.0,7,2,0.000000,s7_p2
1779294299.0,7,3,0.000000,s7_p3
1779294299.0,17,4,0.000000,s17_p4
1779294299.0,17,1,0.000000,s17_p1
1779294299.0,17,2,0.992573,s17_p2
1779294299.0,17,3,0.484182,s17_p3
1779294299.0,20,1,0.000000,s20_p1
1779294299.0,20,4,0.000000,s20_p4
1779294299.0,20,2,0.410987,s20_p2
1779294299.0,20,3,0.000000,s20_p3
1779294299.0,18,1,0.000000,s18_p1
1779294299.0,18,4,0.000000,s18_p4
1779294299.0,18,2,0.000000,s18_p2
1779294299.0,18,3,0.000000,s18_p3
1779294299.0,2,1,0.000000,s2_p1
1779294299.0,2,4,0.229961,s2_p4
1779294299.0,2,2,0.000000,s2_p2
1779294299.0,2,3,0.242064,s2_p3
1779294299.0,11,4,0.000000,s11_p4
1779294299.0,11,1,0.774507,s11_p1
1779294299.0,11,2,0.229932,s11_p2
1779294299.0,11,3,0.000000,s11_p3
1779294299.0,16,1,0.000000,s16_p1
1779294299.0,16,4,0.000000,s16_p4
1779294299.0,16,2,0.000000,s16_p2
1779294299.0,16,3,0.000000,s16_p3
1779294299.0,9,1,0.000000,s9_p1
1779294299.0,9,4,0.000000,s9_p4
1779294299.0,9,2,0.000000,s9_p2
1779294299.0,9,3,0.750225,s9_p3
1779294299.0,19,1,0.000000,s19_p1
1779294299.0,19,4,0.000000,s19_p4
1779294299.0,19,2,0.000000,s19_p2
1779294299.0,19,3,0.000000,s19_p3
1779294300.0,6,1,0.241510,s6_p1
1779294300.0,6,4,0.000000,s6_p4
1779294300.0,6,2,0.241510,s6_p2
1779294300.0,6,3,0.000000,s6_p3
1779294300.0,19,1,0.000000,s19_p1
1779294300.0,19,4,0.000000,s19_p4
1779294300.0,19,2,0.000000,s19_p2
1779294300.0,19,3,0.000000,s19_p3
1779294300.0,14,4,0.000000,s14_p4
1779294300.0,14,1,0.000000,s14_p1
1779294300.0,14,2,0.000000,s14_p2
1779294300.0,14,3,0.000000,s14_p3
1779294300.0,8,4,0.000000,s8_p4
1779294300.0,8,1,0.000000,s8_p1
1779294300.0,8,2,0.000000,s8_p2
1779294300.0,8,3,1.000000,s8_p3
1779294300.0,4,1,0.241444,s4_p1
1779294300.0,4,4,0.000000,s4_p4
1779294300.0,4,2,0.169011,s4_p2
1779294300.0,4,3,0.000000,s4_p3
1779294300.0,15,4,0.000000,s15_p4
1779294300.0,15,1,0.000000,s15_p1
1779294300.0,15,2,0.000000,s15_p2
1779294300.0,15,3,1.000000,s15_p3
1779294300.0,1,4,0.168895,s1_p4
1779294300.0,1,1,0.000000,s1_p1
1779294300.0,1,2,0.000000,s1_p2
1779294300.0,1,3,0.494620,s1_p3
1779294300.0,10,1,0.000000,s10_p1
1779294300.0,10,4,0.410177,s10_p4
1779294300.0,10,2,0.000000,s10_p2
1779294300.0,10,3,0.000000,s10_p3
1779294300.0,7,1,0.736787,s7_p1
1779294300.0,7,4,0.000000,s7_p4
1779294300.0,7,2,0.000000,s7_p2
1779294300.0,7,3,0.000000,s7_p3
1779294300.0,13,4,0.000000,s13_p4
1779294300.0,13,1,0.000000,s13_p1
1779294300.0,13,2,0.482856,s13_p2
1779294300.0,13,3,0.000000,s13_p3
1779294300.0,3,4,0.000000,s3_p4
1779294300.0,3,1,0.759974,s3_p1
1779294300.0,3,2,0.241262,s3_p2
1779294300.0,3,3,0.000000,s3_p3
1779294300.0,17,4,0.000000,s17_p4
1779294300.0,17,1,0.000000,s17_p1
1779294300.0,17,2,1.000000,s17_p2
1779294300.0,17,3,0.482792,s17_p3
1779294300.0,12,4,0.000000,s12_p4
1779294300.0,12,1,0.241219,s12_p1
1779294300.0,12,2,0.168853,s12_p2
1779294300.0,12,3,0.000000,s12_p3
1779294300.0,16,1,0.000000,s16_p1
1779294300.0,16,4,0.000000,s16_p4
1779294300.0,16,2,0.000000,s16_p2
1779294300.0,16,3,0.000000,s16_p3
1779294300.0,9,1,0.000000,s9_p1
1779294300.0,9,4,0.000000,s9_p4
1779294300.0,9,2,0.000000,s9_p2
1779294300.0,9,3,0.736327,s9_p3
1779294300.0,5,4,0.000000,s5_p4
1779294300.0,5,1,0.217074,s5_p1
1779294300.0,5,2,0.000000,s5_p2
1779294300.0,5,3,0.000000,s5_p3
1779294300.0,2,1,0.000000,s2_p1
1779294300.0,2,4,0.241366,s2_p4
1779294300.0,2,2,0.000000,s2_p2
1779294300.0,2,3,0.241366,s2_p3
1779294300.0,11,4,0.000000,s11_p4
1779294300.0,11,1,0.748236,s11_p1
1779294300.0,11,2,0.241367,s11_p2
1779294300.0,11,3,0.000000,s11_p3
1779294300.0,20,1,0.000000,s20_p1
1779294300.0,20,4,0.000000,s20_p4
1779294300.0,20,2,0.410287,s20_p2
1779294300.0,20,3,0.000000,s20_p3
1779294300.0,18,1,0.000000,s18_p1
1779294300.0,18,4,0.000000,s18_p4
1779294300.0,18,2,0.000000,s18_p2
1779294300.0,18,3,0.000000,s18_p3
1779294300.0,1,4,0.169451,s1_p4
1779294300.0,1,1,0.000000,s1_p1
1779294300.0,1,2,0.000000,s1_p2
1779294300.0,1,3,0.508352,s1_p3
1779294300.0,14,4,0.000000,s14_p4
1779294300.0,14,1,0.000000,s14_p1
1779294300.0,14,2,0.000000,s14_p2
1779294300.0,14,3,0.000000,s14_p3
1779294300.0,8,4,0.000000,s8_p4
1779294300.0,8,1,0.000000,s8_p1
1779294300.0,8,2,0.000000,s8_p2
1779294300.0,8,3,1.000000,s8_p3
1779294300.0,10,1,0.000000,s10_p1
1779294300.0,10,4,0.411179,s10_p4
1779294300.0,10,2,0.000000,s10_p2
1779294300.0,10,3,0.000000,s10_p3
1779294300.0,15,4,0.000000,s15_p4
1779294300.0,15,1,0.000000,s15_p1
1779294300.0,15,2,0.000000,s15_p2
1779294300.0,15,3,1.000000,s15_p3
1779294300.0,3,4,0.000000,s3_p4
1779294300.0,3,1,0.653080,s3_p1
1779294300.0,3,2,0.241881,s3_p2
1779294300.0,3,3,0.000000,s3_p3
1779294300.0,13,4,0.000000,s13_p4
1779294300.0,13,1,0.000000,s13_p1
1779294300.0,13,2,0.471644,s13_p2
1779294300.0,13,3,0.000000,s13_p3
1779294300.0,20,1,0.000000,s20_p1
1779294300.0,20,4,0.000000,s20_p4
1779294300.0,20,2,0.411341,s20_p2
1779294300.0,20,3,0.000000,s20_p3
1779294300.0,18,1,0.000000,s18_p1
1779294300.0,18,4,0.000000,s18_p4
1779294300.0,18,2,0.000000,s18_p2
1779294300.0,18,3,0.000000,s18_p3
1779294300.0,5,4,0.000000,s5_p4
1779294300.0,5,1,0.217736,s5_p1
1779294300.0,5,2,0.000000,s5_p2
1779294300.0,5,3,0.000000,s5_p3
1779294300.0,12,4,0.000000,s12_p4
1779294300.0,12,1,0.241905,s12_p1
1779294300.0,12,2,0.169333,s12_p2
1779294300.0,12,3,0.000000,s12_p3
1779294300.0,17,4,0.000000,s17_p4
1779294300.0,17,1,0.000000,s17_p1
1779294300.0,17,2,1.000000,s17_p2
1779294300.0,17,3,0.471653,s17_p3
1779294300.0,7,1,0.737119,s7_p1
1779294300.0,7,4,0.000000,s7_p4
1779294300.0,7,2,0.000000,s7_p2
1779294300.0,7,3,0.000000,s7_p3
1779294300.0,4,1,0.350386,s4_p1
1779294300.0,4,4,0.000000,s4_p4
1779294300.0,4,2,0.169152,s4_p2
1779294300.0,4,3,0.000000,s4_p3
1779294300.0,6,1,0.241120,s6_p1
1779294300.0,6,4,0.000000,s6_p4
1779294300.0,6,2,0.229064,s6_p2
1779294300.0,6,3,0.000000,s6_p3
1779294300.0,16,1,0.000000,s16_p1
1779294300.0,16,4,0.000000,s16_p4
1779294300.0,16,2,0.000000,s16_p2
1779294300.0,16,3,0.000000,s16_p3
1779294300.0,9,1,0.000000,s9_p1
1779294300.0,9,4,0.000000,s9_p4
1779294300.0,9,2,0.000000,s9_p2
1779294300.0,9,3,0.749522,s9_p3
1779294300.0,11,4,0.000000,s11_p4
1779294300.0,11,1,0.652831,s11_p1
1779294300.0,11,2,0.350594,s11_p2
1779294300.0,11,3,0.000000,s11_p3
1779294300.0,2,1,0.000000,s2_p1
1779294300.0,2,4,0.241773,s2_p4
1779294300.0,2,2,0.000000,s2_p2
1779294300.0,2,3,0.241773,s2_p3
1779294300.0,19,1,0.000000,s19_p1
1779294300.0,19,4,0.000000,s19_p4
1779294300.0,19,2,0.000000,s19_p2
1779294300.0,19,3,0.000000,s19_p3
1779294301.0,6,1,0.241750,s6_p1
1779294301.0,6,4,0.000000,s6_p4
1779294301.0,6,2,0.241750,s6_p2
1779294301.0,6,3,0.000000,s6_p3
1779294301.0,14,4,0.000000,s14_p4
1779294301.0,14,1,0.000000,s14_p1
1779294301.0,14,2,0.000000,s14_p2
1779294301.0,14,3,0.000000,s14_p3
1779294301.0,10,1,0.000000,s10_p1
1779294301.0,10,4,0.398119,s10_p4
1779294301.0,10,2,0.000000,s10_p2
1779294301.0,10,3,0.000000,s10_p3
1779294301.0,3,4,0.000000,s3_p4
1779294301.0,3,1,0.651483,s3_p1
1779294301.0,3,2,0.229226,s3_p2
1779294301.0,3,3,0.000000,s3_p3
1779294301.0,1,4,0.168744,s1_p4
1779294301.0,1,1,0.000000,s1_p1
1779294301.0,1,2,0.000000,s1_p2
1779294301.0,1,3,0.494180,s1_p3
1779294301.0,13,4,0.000000,s13_p4
1779294301.0,13,1,0.000000,s13_p1
1779294301.0,13,2,0.482375,s13_p2
1779294301.0,13,3,0.000000,s13_p3
1779294301.0,7,1,0.736096,s7_p1
1779294301.0,7,4,0.000000,s7_p4
1779294301.0,7,2,0.000000,s7_p2
1779294301.0,7,3,0.000000,s7_p3
1779294301.0,8,4,0.000000,s8_p4
1779294301.0,8,1,0.000000,s8_p1
1779294301.0,8,2,0.000000,s8_p2
1779294301.0,8,3,1.000000,s8_p3
1779294301.0,4,1,0.349936,s4_p1
1779294301.0,4,4,0.000000,s4_p4
1779294301.0,4,2,0.168934,s4_p2
1779294301.0,4,3,0.000000,s4_p3
1779294301.0,15,4,0.000000,s15_p4
1779294301.0,15,1,0.000000,s15_p1
1779294301.0,15,2,0.000000,s15_p2
1779294301.0,15,3,1.000000,s15_p3
1779294301.0,18,1,0.000000,s18_p1
1779294301.0,18,4,0.000000,s18_p4
1779294301.0,18,2,0.000000,s18_p2
1779294301.0,18,3,0.000000,s18_p3
1779294301.0,5,4,0.000000,s5_p4
1779294301.0,5,1,0.217065,s5_p1
1779294301.0,5,2,0.000000,s5_p2
1779294301.0,5,3,0.000000,s5_p3
1779294301.0,20,1,0.000000,s20_p1
1779294301.0,20,4,0.000000,s20_p4
1779294301.0,20,2,0.409962,s20_p2
1779294301.0,20,3,0.000000,s20_p3
1779294301.0,2,1,0.000000,s2_p1
1779294301.0,2,4,0.229264,s2_p4
1779294301.0,2,2,0.000000,s2_p2
1779294301.0,2,3,0.241330,s2_p3
1779294301.0,17,4,0.000000,s17_p4
1779294301.0,17,1,0.000000,s17_p1
1779294301.0,17,2,1.000000,s17_p2
1779294301.0,17,3,0.482354,s17_p3
1779294301.0,12,4,0.000000,s12_p4
1779294301.0,12,1,0.229108,s12_p1
1779294301.0,12,2,0.180875,s12_p2
1779294301.0,12,3,0.000000,s12_p3
1779294301.0,9,1,0.000000,s9_p1
1779294301.0,9,4,0.000000,s9_p4
1779294301.0,9,2,0.000000,s9_p2
1779294301.0,9,3,0.735792,s9_p3
1779294301.0,11,4,0.000000,s11_p4
1779294301.0,11,1,0.651335,s11_p1
1779294301.0,11,2,0.349791,s11_p2
1779294301.0,11,3,0.000000,s11_p3
1779294301.0,16,1,0.000000,s16_p1
1779294301.0,16,4,0.000000,s16_p4
1779294301.0,16,2,0.000000,s16_p2
1779294301.0,16,3,0.000000,s16_p3
1779294301.0,19,1,0.000000,s19_p1
1779294301.0,19,4,0.000000,s19_p4
1779294301.0,19,2,0.000000,s19_p2
1779294301.0,19,3,0.000000,s19_p3
1779294301.0,6,1,0.241473,s6_p1
1779294301.0,6,4,0.000000,s6_p4
1779294301.0,6,2,0.241473,s6_p2
1779294301.0,6,3,0.000000,s6_p3
1779294301.0,3,4,0.000000,s3_p4
1779294301.0,3,1,0.760593,s3_p1
1779294301.0,3,2,0.241458,s3_p2
1779294301.0,3,3,0.000000,s3_p3
1779294301.0,1,4,0.181081,s1_p4
1779294301.0,1,1,0.000000,s1_p1
1779294301.0,1,2,0.000000,s1_p2
1779294301.0,1,3,0.507026,s1_p3
1779294301.0,14,4,0.000000,s14_p4
1779294301.0,14,1,0.000000,s14_p1
1779294301.0,14,2,0.000000,s14_p2
1779294301.0,14,3,0.000000,s14_p3
1779294301.0,20,1,0.000000,s20_p1
1779294301.0,20,4,0.000000,s20_p4
1779294301.0,20,2,0.410546,s20_p2
1779294301.0,20,3,0.000000,s20_p3
1779294301.0,5,4,0.000000,s5_p4
1779294301.0,5,1,0.217299,s5_p1
1779294301.0,5,2,0.000000,s5_p2
1779294301.0,5,3,0.000000,s5_p3
1779294301.0,8,4,0.000000,s8_p4
1779294301.0,8,1,0.000000,s8_p1
1779294301.0,8,2,0.000000,s8_p2
1779294301.0,8,3,1.000000,s8_p3
1779294301.0,7,1,0.723827,s7_p1
1779294301.0,7,4,0.000000,s7_p4
1779294301.0,7,2,0.000000,s7_p2
1779294301.0,7,3,0.000000,s7_p3
1779294301.0,15,4,0.000000,s15_p4
1779294301.0,15,1,0.000000,s15_p1
1779294301.0,15,2,0.000000,s15_p2
1779294301.0,15,3,0.989291,s15_p3
1779294301.0,12,4,0.000000,s12_p4
1779294301.0,12,1,0.241432,s12_p1
1779294301.0,12,2,0.169002,s12_p2
1779294301.0,12,3,0.000000,s12_p3
1779294301.0,10,1,0.000000,s10_p1
1779294301.0,10,4,0.421960,s10_p4
1779294301.0,10,2,0.000000,s10_p2
1779294301.0,10,3,0.000000,s10_p3
1779294301.0,4,1,0.241267,s4_p1
1779294301.0,4,4,0.000000,s4_p4
1779294301.0,4,2,0.180950,s4_p2
1779294301.0,4,3,0.000000,s4_p3
1779294301.0,13,4,0.000000,s13_p4
1779294301.0,13,1,0.000000,s13_p1
1779294301.0,13,2,0.482443,s13_p2
1779294301.0,13,3,0.000000,s13_p3
1779294301.0,11,4,0.000000,s11_p4
1779294301.0,11,1,0.760184,s11_p1
1779294301.0,11,2,0.241328,s11_p2
1779294301.0,11,3,0.000000,s11_p3
1779294301.0,9,1,0.000000,s9_p1
1779294301.0,9,4,0.000000,s9_p4
1779294301.0,9,2,0.000000,s9_p2
1779294301.0,9,3,0.748014,s9_p3
1779294301.0,17,4,0.000000,s17_p4
1779294301.0,17,1,0.000000,s17_p1
1779294301.0,17,2,1.000000,s17_p2
1779294301.0,17,3,0.482444,s17_p3
1779294301.0,2,1,0.000000,s2_p1
1779294301.0,2,4,0.241211,s2_p4
1779294301.0,2,2,0.000000,s2_p2
1779294301.0,2,3,0.241211,s2_p3
1779294301.0,18,1,0.000000,s18_p1
1779294301.0,18,4,0.000000,s18_p4
1779294301.0,18,2,0.000000,s18_p2
1779294301.0,18,3,0.000000,s18_p3
1779294301.0,16,1,0.000000,s16_p1
1779294301.0,16,4,0.000000,s16_p4
1779294301.0,16,2,0.000000,s16_p2
1779294301.0,16,3,0.000000,s16_p3
1779294301.0,19,1,0.000000,s19_p1
1779294301.0,19,4,0.000000,s19_p4
1779294301.0,19,2,0.000000,s19_p2
1779294301.0,19,3,0.000000,s19_p3
1779294302.0,19,1,0.000000,s19_p1
1779294302.0,19,4,0.000000,s19_p4
1779294302.0,19,2,0.000000,s19_p2
1779294302.0,19,3,0.000000,s19_p3
1779294302.0,6,1,0.277589,s6_p1
1779294302.0,6,4,0.132760,s6_p4
1779294302.0,6,2,0.241382,s6_p2
1779294302.0,6,3,0.001357,s6_p3
1779294302.0,14,4,0.132876,s14_p4
1779294302.0,14,1,0.000000,s14_p1
1779294302.0,14,2,0.000000,s14_p2
1779294302.0,14,3,0.000000,s14_p3
1779294302.0,15,4,0.000000,s15_p4
1779294302.0,15,1,0.145028,s15_p1
1779294302.0,15,2,0.241713,s15_p2
1779294302.0,15,3,1.000000,s15_p3
1779294302.0,10,1,0.001359,s10_p1
1779294302.0,10,4,0.447152,s10_p4
1779294302.0,10,2,0.001359,s10_p2
1779294302.0,10,3,0.000000,s10_p3
1779294302.0,8,4,0.000000,s8_p4
1779294302.0,8,1,0.302088,s8_p1
1779294302.0,8,2,0.241670,s8_p2
1779294302.0,8,3,1.000000,s8_p3
1779294302.0,3,4,0.001357,s3_p4
1779294302.0,3,1,0.917163,s3_p1
1779294302.0,3,2,0.181019,s3_p2
1779294302.0,3,3,0.000000,s3_p3
1779294302.0,1,4,0.132757,s1_p4
1779294302.0,1,1,0.096551,s1_p1
1779294302.0,1,2,0.001357,s1_p2
1779294302.0,1,3,0.518960,s1_p3
1779294302.0,4,1,0.374610,s4_p1
1779294302.0,4,4,0.001359,s4_p4
1779294302.0,4,2,0.265852,s4_p2
1779294302.0,4,3,0.000000,s4_p3
1779294302.0,13,4,0.000000,s13_p4
1779294302.0,13,1,0.000000,s13_p1
1779294302.0,13,2,0.519630,s13_p2
1779294302.0,13,3,0.267216,s13_p3
1779294302.0,20,1,0.002716,s20_p1
1779294302.0,20,4,0.000000,s20_p4
1779294302.0,20,2,0.579792,s20_p2
1779294302.0,20,3,0.000000,s20_p3
1779294302.0,16,1,0.000000,s16_p1
1779294302.0,16,4,0.000000,s16_p4
1779294302.0,16,2,0.302169,s16_p2
1779294302.0,16,3,0.000000,s16_p3
1779294302.0,9,1,0.000000,s9_p1
1779294302.0,9,4,0.000000,s9_p4
1779294302.0,9,2,0.001359,s9_p2
1779294302.0,9,3,0.845924,s9_p3
1779294302.0,2,1,0.001359,s2_p1
1779294302.0,2,4,0.314208,s2_p4
1779294302.0,2,2,0.001359,s2_p2
1779294302.0,2,3,0.338378,s2_p3
1779294302.0,12,4,0.002715,s12_p4
1779294302.0,12,1,0.181112,s12_p1
1779294302.0,12,2,0.398445,s12_p2
1779294302.0,12,3,0.000000,s12_p3
1779294302.0,18,1,0.000000,s18_p1
1779294302.0,18,4,0.000000,s18_p4
1779294302.0,18,2,0.000000,s18_p2
1779294302.0,18,3,0.000000,s18_p3
1779294302.0,7,1,0.603655,s7_p1
1779294302.0,7,4,0.301827,s7_p4
1779294302.0,7,2,0.001357,s7_p2
1779294302.0,7,3,0.000000,s7_p3
1779294302.0,11,4,0.000000,s11_p4
1779294302.0,11,1,0.761180,s11_p1
1779294302.0,11,2,0.241644,s11_p2
1779294302.0,11,3,0.000000,s11_p3
1779294302.0,17,4,0.386666,s17_p4
1779294302.0,17,1,0.001359,s17_p1
1779294302.0,17,2,1.000000,s17_p2
1779294302.0,17,3,0.410833,s17_p3
1779294302.0,5,4,0.000000,s5_p4
1779294302.0,5,1,0.168996,s5_p1
1779294302.0,5,2,0.001357,s5_p2
1779294302.0,5,3,0.374206,s5_p3
1779294302.0,6,1,0.205482,s6_p1
1779294302.0,6,4,0.507660,s6_p4
1779294302.0,6,2,0.214979,s6_p2
1779294302.0,6,3,0.012231,s6_p3
1779294302.0,1,4,0.001584,s1_p4
1779294302.0,1,1,0.293025,s1_p1
1779294302.0,1,2,0.000000,s1_p2
1779294302.0,1,3,0.012096,s1_p3
1779294302.0,3,4,0.000000,s3_p4
1779294302.0,3,1,1.000000,s3_p1
1779294302.0,3,2,0.000000,s3_p2
1779294302.0,3,3,0.012230,s3_p3
1779294302.0,15,4,0.000000,s15_p4
1779294302.0,15,1,0.374583,s15_p1
1779294302.0,15,2,0.628621,s15_p2
1779294302.0,15,3,0.637828,s15_p3
1779294302.0,14,4,0.506996,s14_p4
1779294302.0,14,1,0.000000,s14_p1
1779294302.0,14,2,0.000000,s14_p2
1779294302.0,14,3,0.000000,s14_p3
1779294302.0,8,4,0.009492,s8_p4
1779294302.0,8,1,0.857840,s8_p1
1779294302.0,8,2,0.616235,s8_p2
1779294302.0,8,3,0.359818,s8_p3
1779294302.0,10,1,0.000000,s10_p1
1779294302.0,10,4,0.412280,s10_p4
1779294302.0,10,2,0.000000,s10_p2
1779294302.0,10,3,0.000000,s10_p3
1779294302.0,7,1,0.374796,s7_p1
1779294302.0,7,4,0.846314,s7_p4
1779294302.0,7,2,0.000000,s7_p2
1779294302.0,7,3,0.000000,s7_p3
1779294302.0,11,4,0.000000,s11_p4
1779294302.0,11,1,0.688338,s11_p1
1779294302.0,11,2,0.096609,s11_p2
1779294302.0,11,3,0.014935,s11_p3
1779294302.0,20,1,0.000000,s20_p1
1779294302.0,20,4,0.000000,s20_p4
1779294302.0,20,2,0.928018,s20_p2
1779294302.0,20,3,0.000000,s20_p3
1779294302.0,5,4,0.000000,s5_p4
1779294302.0,5,1,0.000000,s5_p1
1779294302.0,5,2,0.000000,s5_p2
1779294302.0,5,3,0.881476,s5_p3
1779294302.0,4,1,0.508267,s4_p1
1779294302.0,4,4,0.000000,s4_p4
1779294302.0,4,2,0.506687,s4_p2
1779294302.0,4,3,0.002713,s4_p3
1779294302.0,17,4,1.000000,s17_p4
1779294302.0,17,1,0.002715,s17_p1
1779294302.0,17,2,0.784822,s17_p2
1779294302.0,17,3,0.214748,s17_p3
1779294302.0,2,1,0.000000,s2_p1
1779294302.0,2,4,0.410468,s2_p4
1779294302.0,2,2,0.000000,s2_p2
1779294302.0,2,3,0.410468,s2_p3
1779294302.0,12,4,0.000000,s12_p4
1779294302.0,12,1,0.009486,s12_p1
1779294302.0,12,2,0.919100,s12_p2
1779294302.0,12,3,0.000000,s12_p3
1779294302.0,16,1,0.000000,s16_p1
1779294302.0,16,4,0.009484,s16_p4
1779294302.0,16,2,0.844959,s16_p2
1779294302.0,16,3,0.000000,s16_p3
1779294302.0,18,1,0.000000,s18_p1
1779294302.0,18,4,0.000000,s18_p4
1779294302.0,18,2,0.000000,s18_p2
1779294302.0,18,3,0.000000,s18_p3
1779294302.0,13,4,0.000000,s13_p4
1779294302.0,13,1,0.000000,s13_p1
1779294302.0,13,2,0.419611,s13_p2
1779294302.0,13,3,0.687720,s13_p3
1779294302.0,19,1,0.000000,s19_p1
1779294302.0,19,4,0.000000,s19_p4
1779294302.0,19,2,0.000000,s19_p2
1779294302.0,19,3,0.000000,s19_p3
1779294302.0,9,1,0.002713,s9_p1
1779294302.0,9,4,0.000000,s9_p4
1779294302.0,9,2,0.000000,s9_p2
1779294302.0,9,3,0.434377,s9_p3
1779294303.0,1,4,0.000000,s1_p4
1779294303.0,1,1,0.289542,s1_p1
1779294303.0,1,2,0.000000,s1_p2
1779294303.0,1,3,0.000000,s1_p3
1779294303.0,6,1,0.217061,s6_p1
1779294303.0,6,4,0.494416,s6_p4
1779294303.0,6,2,0.000000,s6_p2
1779294303.0,6,3,0.000000,s6_p3
1779294303.0,19,1,0.000000,s19_p1
1779294303.0,19,4,0.000000,s19_p4
1779294303.0,19,2,0.000000,s19_p2
1779294303.0,19,3,0.000000,s19_p3
1779294303.0,14,4,0.495002,s14_p4
1779294303.0,14,1,0.000000,s14_p1
1779294303.0,14,2,0.000000,s14_p2
1779294303.0,14,3,0.000000,s14_p3
1779294303.0,15,4,0.000000,s15_p4
1779294303.0,15,1,0.373825,s15_p1
1779294303.0,15,2,0.627061,s15_p2
1779294303.0,15,3,0.000000,s15_p3
1779294303.0,8,4,0.000000,s8_p4
1779294303.0,8,1,0.844381,s8_p1
1779294303.0,8,2,0.627255,s8_p2
1779294303.0,8,3,0.000000,s8_p3
1779294303.0,5,4,0.000000,s5_p4
1779294303.0,5,1,0.000000,s5_p1
1779294303.0,5,2,0.000000,s5_p2
1779294303.0,5,3,0.881763,s5_p3
1779294303.0,3,4,0.000000,s3_p4
1779294303.0,3,1,0.518416,s3_p1
1779294303.0,3,2,0.000000,s3_p2
1779294303.0,3,3,0.000000,s3_p3
1779294303.0,20,1,0.000000,s20_p1
1779294303.0,20,4,0.000000,s20_p4
1779294303.0,20,2,0.917930,s20_p2
1779294303.0,20,3,0.000000,s20_p3
1779294303.0,13,4,0.000000,s13_p4
1779294303.0,13,1,0.000000,s13_p1
1779294303.0,13,2,0.217440,s13_p2
1779294303.0,13,3,0.664401,s13_p3
1779294303.0,10,1,0.000000,s10_p1
1779294303.0,10,4,0.422150,s10_p4
1779294303.0,10,2,0.000000,s10_p2
1779294303.0,10,3,0.000000,s10_p3
1779294303.0,4,1,0.422710,s4_p1
1779294303.0,4,4,0.000000,s4_p4
1779294303.0,4,2,0.495175,s4_p2
1779294303.0,4,3,0.000000,s4_p3
1779294303.0,7,1,0.373862,s7_p1
1779294303.0,7,4,0.844204,s7_p4
1779294303.0,7,2,0.000000,s7_p2
1779294303.0,7,3,0.000000,s7_p3
1779294303.0,17,4,1.000000,s17_p4
1779294303.0,17,1,0.000000,s17_p1
1779294303.0,17,2,0.000000,s17_p2
1779294303.0,17,3,0.000000,s17_p3
1779294303.0,16,1,0.000000,s16_p1
1779294303.0,16,4,0.000000,s16_p4
1779294303.0,16,2,0.844876,s16_p2
1779294303.0,16,3,0.000000,s16_p3
1779294303.0,18,1,0.000000,s18_p1
1779294303.0,18,4,0.000000,s18_p4
1779294303.0,18,2,0.000000,s18_p2
1779294303.0,18,3,0.000000,s18_p3
1779294303.0,9,1,0.000000,s9_p1
1779294303.0,9,4,0.000000,s9_p4
1779294303.0,9,2,0.000000,s9_p2
1779294303.0,9,3,0.410540,s9_p3
1779294303.0,12,4,0.000000,s12_p4
1779294303.0,12,1,0.000000,s12_p1
1779294303.0,12,2,0.917206,s12_p2
1779294303.0,12,3,0.000000,s12_p3
1779294303.0,2,1,0.000000,s2_p1
1779294303.0,2,4,0.422381,s2_p4
1779294303.0,2,2,0.000000,s2_p2
1779294303.0,2,3,0.410313,s2_p3
1779294303.0,11,4,0.000000,s11_p4
1779294303.0,11,1,0.000000,s11_p1
1779294303.0,11,2,0.000000,s11_p2
1779294303.0,11,3,0.000000,s11_p3
1779294303.0,6,1,0.217731,s6_p1
1779294303.0,6,4,0.508039,s6_p4
1779294303.0,6,2,0.000000,s6_p2
1779294303.0,6,3,0.000000,s6_p3
1779294303.0,3,4,0.000000,s3_p4
1779294303.0,3,1,0.520496,s3_p1
1779294303.0,3,2,0.000000,s3_p2
1779294303.0,3,3,0.000000,s3_p3
1779294303.0,1,4,0.000000,s1_p4
1779294303.0,1,1,0.290065,s1_p1
1779294303.0,1,2,0.000000,s1_p2
1779294303.0,1,3,0.000000,s1_p3
1779294303.0,14,4,0.507825,s14_p4
1779294303.0,14,1,0.000000,s14_p1
1779294303.0,14,2,0.000000,s14_p2
1779294303.0,14,3,0.000000,s14_p3
1779294303.0,10,1,0.000000,s10_p1
1779294303.0,10,4,0.411372,s10_p4
1779294303.0,10,2,0.000000,s10_p2
1779294303.0,10,3,0.000000,s10_p3
1779294303.0,15,4,0.000000,s15_p4
1779294303.0,15,1,0.387068,s15_p1
1779294303.0,15,2,0.616890,s15_p2
1779294303.0,15,3,0.000000,s15_p3
1779294303.0,13,4,0.000000,s13_p4
1779294303.0,13,1,0.000000,s13_p1
1779294303.0,13,2,0.217756,s13_p2
1779294303.0,13,3,0.677464,s13_p3
1779294303.0,8,4,0.000000,s8_p4
1779294303.0,8,1,0.846731,s8_p1
1779294303.0,8,2,0.616904,s8_p2
1779294303.0,8,3,0.000000,s8_p3
1779294303.0,4,1,0.411124,s4_p1
1779294303.0,4,4,0.000000,s4_p4
1779294303.0,4,2,0.507859,s4_p2
1779294303.0,4,3,0.000000,s4_p3
1779294303.0,20,1,0.000000,s20_p1
1779294303.0,20,4,0.000000,s20_p4
1779294303.0,20,2,0.918824,s20_p2
1779294303.0,20,3,0.000000,s20_p3
1779294303.0,12,4,0.000000,s12_p4
1779294303.0,12,1,0.000000,s12_p1
1779294303.0,12,2,0.919642,s12_p2
1779294303.0,12,3,0.000000,s12_p3
1779294303.0,5,4,0.000000,s5_p4
1779294303.0,5,1,0.000000,s5_p1
1779294303.0,5,2,0.000000,s5_p2
1779294303.0,5,3,0.894564,s5_p3
1779294303.0,7,1,0.386926,s7_p1
1779294303.0,7,4,0.846401,s7_p4
1779294303.0,7,2,0.000000,s7_p2
1779294303.0,7,3,0.000000,s7_p3
1779294303.0,11,4,0.000000,s11_p4
1779294303.0,11,1,0.000000,s11_p1
1779294303.0,11,2,0.000000,s11_p2
1779294303.0,11,3,0.000000,s11_p3
1779294303.0,16,1,0.000000,s16_p1
1779294303.0,16,4,0.000000,s16_p4
1779294303.0,16,2,0.846594,s16_p2
1779294303.0,16,3,0.000000,s16_p3
1779294303.0,17,4,1.000000,s17_p4
1779294303.0,17,1,0.000000,s17_p1
1779294303.0,17,2,0.000000,s17_p2
1779294303.0,17,3,0.000000,s17_p3
1779294303.0,2,1,0.000000,s2_p1
1779294303.0,2,4,0.411220,s2_p4
1779294303.0,2,2,0.000000,s2_p2
1779294303.0,2,3,0.399126,s2_p3
1779294303.0,18,1,0.000000,s18_p1
1779294303.0,18,4,0.000000,s18_p4
1779294303.0,18,2,0.000000,s18_p2
1779294303.0,18,3,0.000000,s18_p3
1779294303.0,9,1,0.000000,s9_p1
1779294303.0,9,4,0.000000,s9_p4
1779294303.0,9,2,0.000000,s9_p2
1779294303.0,9,3,0.399026,s9_p3
1779294303.0,19,1,0.000000,s19_p1
1779294303.0,19,4,0.000000,s19_p4
1779294303.0,19,2,0.000000,s19_p2
1779294303.0,19,3,0.000000,s19_p3
1779294304.0,1,4,0.000000,s1_p4
1779294304.0,1,1,0.289436,s1_p1
1779294304.0,1,2,0.000000,s1_p2
1779294304.0,1,3,0.000000,s1_p3
1779294304.0,6,1,0.216915,s6_p1
1779294304.0,6,4,0.494084,s6_p4
1779294304.0,6,2,0.000000,s6_p2
1779294304.0,6,3,0.000000,s6_p3
1779294304.0,14,4,0.494339,s14_p4
1779294304.0,14,1,0.000000,s14_p1
1779294304.0,14,2,0.000000,s14_p2
1779294304.0,14,3,0.000000,s14_p3
1779294304.0,19,1,0.000000,s19_p1
1779294304.0,19,4,0.000000,s19_p4
1779294304.0,19,2,0.000000,s19_p2
1779294304.0,19,3,0.000000,s19_p3
1779294304.0,7,1,0.385958,s7_p1
1779294304.0,7,4,0.856345,s7_p4
1779294304.0,7,2,0.000000,s7_p2
1779294304.0,7,3,0.000000,s7_p3
1779294304.0,15,4,0.000000,s15_p4
1779294304.0,15,1,0.385619,s15_p1
1779294304.0,15,2,0.614581,s15_p2
1779294304.0,15,3,0.000000,s15_p3
1779294304.0,3,4,0.000000,s3_p4
1779294304.0,3,1,0.517845,s3_p1
1779294304.0,3,2,0.000000,s3_p2
1779294304.0,3,3,0.000000,s3_p3
1779294304.0,13,4,0.000000,s13_p4
1779294304.0,13,1,0.000000,s13_p1
1779294304.0,13,2,0.216899,s13_p2
1779294304.0,13,3,0.662747,s13_p3
1779294304.0,20,1,0.000000,s20_p1
1779294304.0,20,4,0.000000,s20_p4
1779294304.0,20,2,0.916331,s20_p2
1779294304.0,20,3,0.000000,s20_p3
1779294304.0,8,4,0.000000,s8_p4
1779294304.0,8,1,0.855509,s8_p1
1779294304.0,8,2,0.614520,s8_p2
1779294304.0,8,3,0.000000,s8_p3
1779294304.0,10,1,0.000000,s10_p1
1779294304.0,10,4,0.421667,s10_p4
1779294304.0,10,2,0.000000,s10_p2
1779294304.0,10,3,0.000000,s10_p3
1779294304.0,4,1,0.421928,s4_p1
1779294304.0,4,4,0.000000,s4_p4
1779294304.0,4,2,0.494259,s4_p2
1779294304.0,4,3,0.000000,s4_p3
1779294304.0,17,4,1.000000,s17_p4
1779294304.0,17,1,0.000000,s17_p1
1779294304.0,17,2,0.000000,s17_p2
1779294304.0,17,3,0.000000,s17_p3
1779294304.0,9,1,0.000000,s9_p1
1779294304.0,9,4,0.000000,s9_p4
1779294304.0,9,2,0.000000,s9_p2
1779294304.0,9,3,0.409755,s9_p3
1779294304.0,11,4,0.000000,s11_p4
1779294304.0,11,1,0.000000,s11_p1
1779294304.0,11,2,0.000000,s11_p2
1779294304.0,11,3,0.000000,s11_p3
1779294304.0,12,4,0.000000,s12_p4
1779294304.0,12,1,0.000000,s12_p1
1779294304.0,12,2,0.915192,s12_p2
1779294304.0,12,3,0.000000,s12_p3
1779294304.0,18,1,0.000000,s18_p1
1779294304.0,18,4,0.000000,s18_p4
1779294304.0,18,2,0.000000,s18_p2
1779294304.0,18,3,0.000000,s18_p3
1779294304.0,5,4,0.000000,s5_p4
1779294304.0,5,1,0.000000,s5_p1
1779294304.0,5,2,0.000000,s5_p2
1779294304.0,5,3,0.879024,s5_p3
1779294304.0,2,1,0.000000,s2_p1
1779294304.0,2,4,0.421618,s2_p4
1779294304.0,2,2,0.000000,s2_p2
1779294304.0,2,3,0.409572,s2_p3
1779294304.0,16,1,0.000000,s16_p1
1779294304.0,16,4,0.000000,s16_p4
1779294304.0,16,2,0.855195,s16_p2
1779294304.0,16,3,0.000000,s16_p3
1779294304.0,19,1,0.000000,s19_p1
1779294304.0,19,4,0.000000,s19_p4
1779294304.0,19,2,0.000000,s19_p2
1779294304.0,19,3,0.000000,s19_p3
1779294304.0,14,4,0.506599,s14_p4
1779294304.0,14,1,0.000000,s14_p1
1779294304.0,14,2,0.000000,s14_p2
1779294304.0,14,3,0.000000,s14_p3
1779294304.0,1,4,0.000000,s1_p4
1779294304.0,1,1,0.289398,s1_p1
1779294304.0,1,2,0.000000,s1_p2
1779294304.0,1,3,0.000000,s1_p3
1779294304.0,6,1,0.217085,s6_p1
1779294304.0,6,4,0.506532,s6_p4
1779294304.0,6,2,0.000000,s6_p2
1779294304.0,6,3,0.000000,s6_p3
1779294304.0,4,1,0.410195,s4_p1
1779294304.0,4,4,0.000000,s4_p4
1779294304.0,4,2,0.506712,s4_p2
1779294304.0,4,3,0.000000,s4_p3
1779294304.0,3,4,0.000000,s3_p4
1779294304.0,3,1,0.518644,s3_p1
1779294304.0,3,2,0.000000,s3_p2
1779294304.0,3,3,0.000000,s3_p3
1779294304.0,13,4,0.000000,s13_p4
1779294304.0,13,1,0.000000,s13_p1
1779294304.0,13,2,0.217106,s13_p2
1779294304.0,13,3,0.663380,s13_p3
1779294304.0,5,4,0.000000,s5_p4
1779294304.0,5,1,0.000000,s5_p1
1779294304.0,5,2,0.000000,s5_p2
1779294304.0,5,3,0.881666,s5_p3
1779294304.0,10,1,0.000000,s10_p1
1779294304.0,10,4,0.410097,s10_p4
1779294304.0,10,2,0.000000,s10_p2
1779294304.0,10,3,0.000000,s10_p3
1779294304.0,20,1,0.000000,s20_p1
1779294304.0,20,4,0.000000,s20_p4
1779294304.0,20,2,0.916603,s20_p2
1779294304.0,20,3,0.000000,s20_p3
1779294304.0,12,4,0.000000,s12_p4
1779294304.0,12,1,0.000000,s12_p1
1779294304.0,12,2,0.917729,s12_p2
1779294304.0,12,3,0.000000,s12_p3
1779294304.0,15,4,0.000000,s15_p4
1779294304.0,15,1,0.385860,s15_p1
1779294304.0,15,2,0.602907,s15_p2
1779294304.0,15,3,0.000000,s15_p3
1779294304.0,18,1,0.000000,s18_p1
1779294304.0,18,4,0.000000,s18_p4
1779294304.0,18,2,0.000000,s18_p2
1779294304.0,18,3,0.000000,s18_p3
1779294304.0,7,1,0.385714,s7_p1
1779294304.0,7,4,0.843750,s7_p4
1779294304.0,7,2,0.000000,s7_p2
1779294304.0,7,3,0.000000,s7_p3
1779294304.0,8,4,0.000000,s8_p4
1779294304.0,8,1,0.843991,s8_p1
1779294304.0,8,2,0.602851,s8_p2
1779294304.0,8,3,0.000000,s8_p3
1779294304.0,16,1,0.000000,s16_p1
1779294304.0,16,4,0.000000,s16_p4
1779294304.0,16,2,0.844686,s16_p2
1779294304.0,16,3,0.000000,s16_p3
1779294304.0,17,4,1.000000,s17_p4
1779294304.0,17,1,0.000000,s17_p1
1779294304.0,17,2,0.000000,s17_p2
1779294304.0,17,3,0.000000,s17_p3
1779294304.0,2,1,0.000000,s2_p1
1779294304.0,2,4,0.410208,s2_p4
1779294304.0,2,2,0.000000,s2_p2
1779294304.0,2,3,0.410208,s2_p3
1779294304.0,11,4,0.000000,s11_p4
1779294304.0,11,1,0.000000,s11_p1
1779294304.0,11,2,0.000000,s11_p2
1779294304.0,11,3,0.000000,s11_p3
1779294304.0,9,1,0.000000,s9_p1
1779294304.0,9,4,0.000000,s9_p4
1779294304.0,9,2,0.000000,s9_p2
1779294304.0,9,3,0.410090,s9_p3
1779294305.0,6,1,0.217417,s6_p1
1779294305.0,6,4,0.495228,s6_p4
1779294305.0,6,2,0.000000,s6_p2
1779294305.0,6,3,0.000000,s6_p3
1779294305.0,14,4,0.506960,s14_p4
1779294305.0,14,1,0.000000,s14_p1
1779294305.0,14,2,0.000000,s14_p2
1779294305.0,14,3,0.000000,s14_p3
1779294305.0,10,1,0.000000,s10_p1
1779294305.0,10,4,0.410863,s10_p4
1779294305.0,10,2,0.000000,s10_p2
1779294305.0,10,3,0.000000,s10_p3
1779294305.0,1,4,0.000000,s1_p4
1779294305.0,1,1,0.289669,s1_p1
1779294305.0,1,2,0.000000,s1_p2
1779294305.0,1,3,0.000000,s1_p3
1779294305.0,3,4,0.000000,s3_p4
1779294305.0,3,1,0.519524,s3_p1
1779294305.0,3,2,0.000000,s3_p2
1779294305.0,3,3,0.000000,s3_p3
1779294305.0,15,4,0.000000,s15_p4
1779294305.0,15,1,0.362532,s15_p1
1779294305.0,15,2,0.640473,s15_p2
1779294305.0,15,3,0.000000,s15_p3
1779294305.0,7,1,0.362443,s7_p1
1779294305.0,7,4,0.845700,s7_p4
1779294305.0,7,2,0.000000,s7_p2
1779294305.0,7,3,0.000000,s7_p3
1779294305.0,5,4,0.000000,s5_p4
1779294305.0,5,1,0.000000,s5_p1
1779294305.0,5,2,0.000000,s5_p2
1779294305.0,5,3,0.893631,s5_p3
1779294305.0,12,4,0.000000,s12_p4
1779294305.0,12,1,0.000000,s12_p1
1779294305.0,12,2,0.917860,s12_p2
1779294305.0,12,3,0.000000,s12_p3
1779294305.0,8,4,0.000000,s8_p4
1779294305.0,8,1,0.845615,s8_p1
1779294305.0,8,2,0.640251,s8_p2
1779294305.0,8,3,0.000000,s8_p3
1779294305.0,11,4,0.000000,s11_p4
1779294305.0,11,1,0.000000,s11_p1
1779294305.0,11,2,0.000000,s11_p2
1779294305.0,11,3,0.000000,s11_p3
1779294305.0,13,4,0.000000,s13_p4
1779294305.0,13,1,0.000000,s13_p1
1779294305.0,13,2,0.217201,s13_p2
1779294305.0,13,3,0.675737,s13_p3
1779294305.0,2,1,0.000000,s2_p1
1779294305.0,2,4,0.410736,s2_p4
1779294305.0,2,2,0.000000,s2_p2
1779294305.0,2,3,0.410736,s2_p3
1779294305.0,20,1,0.000000,s20_p1
1779294305.0,20,4,0.000000,s20_p4
1779294305.0,20,2,0.917122,s20_p2
1779294305.0,20,3,0.000000,s20_p3
1779294305.0,18,1,0.000000,s18_p1
1779294305.0,18,4,0.000000,s18_p4
1779294305.0,18,2,0.000000,s18_p2
1779294305.0,18,3,0.000000,s18_p3
1779294305.0,16,1,0.000000,s16_p1
1779294305.0,16,4,0.000000,s16_p4
1779294305.0,16,2,0.845450,s16_p2
1779294305.0,16,3,0.000000,s16_p3
1779294305.0,4,1,0.410155,s4_p1
1779294305.0,4,4,0.000000,s4_p4
1779294305.0,4,2,0.506662,s4_p2
1779294305.0,4,3,0.000000,s4_p3
1779294305.0,17,4,0.990417,s17_p4
1779294305.0,17,1,0.000000,s17_p1
1779294305.0,17,2,0.000000,s17_p2
1779294305.0,17,3,0.000000,s17_p3
1779294305.0,9,1,0.000000,s9_p1
1779294305.0,9,4,0.000000,s9_p4
1779294305.0,9,2,0.000000,s9_p2
1779294305.0,9,3,0.410616,s9_p3
1779294305.0,19,1,0.000000,s19_p1
1779294305.0,19,4,0.000000,s19_p4
1779294305.0,19,2,0.000000,s19_p2
1779294305.0,19,3,0.000000,s19_p3
1779294305.0,19,1,0.000000,s19_p1
1779294305.0,19,4,0.000000,s19_p4
1779294305.0,19,2,0.000000,s19_p2
1779294305.0,19,3,0.000000,s19_p3
1779294305.0,14,4,0.495196,s14_p4
1779294305.0,14,1,0.000000,s14_p1
1779294305.0,14,2,0.000000,s14_p2
1779294305.0,14,3,0.000000,s14_p3
1779294305.0,3,4,0.000000,s3_p4
1779294305.0,3,1,0.507302,s3_p1
1779294305.0,3,2,0.000000,s3_p2
1779294305.0,3,3,0.000000,s3_p3
1779294305.0,10,1,0.000000,s10_p1
1779294305.0,10,4,0.422707,s10_p4
1779294305.0,10,2,0.000000,s10_p2
1779294305.0,10,3,0.000000,s10_p3
1779294305.0,6,1,0.217235,s6_p1
1779294305.0,6,4,0.506881,s6_p4
1779294305.0,6,2,0.000000,s6_p2
1779294305.0,6,3,0.000000,s6_p3
1779294305.0,1,4,0.000000,s1_p4
1779294305.0,1,1,0.289854,s1_p1
1779294305.0,1,2,0.000000,s1_p2
1779294305.0,1,3,0.000000,s1_p3
1779294305.0,4,1,0.423118,s4_p1
1779294305.0,4,4,0.000000,s4_p4
1779294305.0,4,2,0.495653,s4_p2
1779294305.0,4,3,0.000000,s4_p3
1779294305.0,15,4,0.000000,s15_p4
1779294305.0,15,1,0.374202,s15_p1
1779294305.0,15,2,0.627694,s15_p2
1779294305.0,15,3,0.000000,s15_p3
1779294305.0,20,1,0.000000,s20_p1
1779294305.0,20,4,0.000000,s20_p4
1779294305.0,20,2,0.918585,s20_p2
1779294305.0,20,3,0.000000,s20_p3
1779294305.0,8,4,0.000000,s8_p4
1779294305.0,8,1,0.845423,s8_p1
1779294305.0,8,2,0.628028,s8_p2
1779294305.0,8,3,0.000000,s8_p3
1779294305.0,7,1,0.374344,s7_p1
1779294305.0,7,4,0.845293,s7_p4
1779294305.0,7,2,0.000000,s7_p2
1779294305.0,7,3,0.000000,s7_p3
1779294305.0,13,4,0.000000,s13_p4
1779294305.0,13,1,0.000000,s13_p1
1779294305.0,13,2,0.217514,s13_p2
1779294305.0,13,3,0.664625,s13_p3
1779294305.0,5,4,0.000000,s5_p4
1779294305.0,5,1,0.000000,s5_p1
1779294305.0,5,2,0.000000,s5_p2
1779294305.0,5,3,0.880884,s5_p3
1779294305.0,17,4,1.000000,s17_p4
1779294305.0,17,1,0.000000,s17_p1
1779294305.0,17,2,0.000000,s17_p2
1779294305.0,17,3,0.000000,s17_p3
1779294305.0,16,1,0.000000,s16_p1
1779294305.0,16,4,0.000000,s16_p4
1779294305.0,16,2,0.845327,s16_p2
1779294305.0,16,3,0.000000,s16_p3
1779294305.0,11,4,0.000000,s11_p4
1779294305.0,11,1,0.000000,s11_p1
1779294305.0,11,2,0.000000,s11_p2
1779294305.0,11,3,0.000000,s11_p3
1779294305.0,18,1,0.000000,s18_p1
1779294305.0,18,4,0.000000,s18_p4
1779294305.0,18,2,0.000000,s18_p2
1779294305.0,18,3,0.000000,s18_p3
1779294305.0,2,1,0.000000,s2_p1
1779294305.0,2,4,0.422594,s2_p4
1779294305.0,2,2,0.000000,s2_p2
1779294305.0,2,3,0.410520,s2_p3
1779294305.0,9,1,0.000000,s9_p1
1779294305.0,9,4,0.000000,s9_p4
1779294305.0,9,2,0.000000,s9_p2
1779294305.0,9,3,0.410651,s9_p3
1779294305.0,12,4,0.000000,s12_p4
1779294305.0,12,1,0.000000,s12_p1
1779294305.0,12,2,0.916921,s12_p2
1779294305.0,12,3,0.000000,s12_p3
1779294306.0,14,4,0.507371,s14_p4
1779294306.0,14,1,0.000000,s14_p1
1779294306.0,14,2,0.000000,s14_p2
1779294306.0,14,3,0.000000,s14_p3
1779294306.0,19,1,0.000000,s19_p1
1779294306.0,19,4,0.000000,s19_p4
1779294306.0,19,2,0.000000,s19_p2
1779294306.0,19,3,0.000000,s19_p3
1779294306.0,6,1,0.217418,s6_p1
1779294306.0,6,4,0.507309,s6_p4
1779294306.0,6,2,0.000000,s6_p2
1779294306.0,6,3,0.000000,s6_p3
1779294306.0,8,4,0.000000,s8_p4
1779294306.0,8,1,0.844843,s8_p1
1779294306.0,8,2,0.639667,s8_p2
1779294306.0,8,3,0.000000,s8_p3
1779294306.0,4,1,0.410263,s4_p1
1779294306.0,4,4,0.000000,s4_p4
1779294306.0,4,2,0.506796,s4_p2
1779294306.0,4,3,0.000000,s4_p3
1779294306.0,3,4,0.000000,s3_p4
1779294306.0,3,1,0.518544,s3_p1
1779294306.0,3,2,0.000000,s3_p2
1779294306.0,3,3,0.000000,s3_p3
1779294306.0,13,4,0.000000,s13_p4
1779294306.0,13,1,0.000000,s13_p1
1779294306.0,13,2,0.217243,s13_p2
1779294306.0,13,3,0.675867,s13_p3
1779294306.0,10,1,0.000000,s10_p1
1779294306.0,10,4,0.410008,s10_p4
1779294306.0,10,2,0.000000,s10_p2
1779294306.0,10,3,0.000000,s10_p3
1779294306.0,12,4,0.000000,s12_p4
1779294306.0,12,1,0.000000,s12_p1
1779294306.0,12,2,0.918032,s12_p2
1779294306.0,12,3,0.000000,s12_p3
1779294306.0,1,4,0.000000,s1_p4
1779294306.0,1,1,0.301477,s1_p1
1779294306.0,1,2,0.000000,s1_p2
1779294306.0,1,3,0.000000,s1_p3
1779294306.0,15,4,0.000000,s15_p4
1779294306.0,15,1,0.361941,s15_p1
1779294306.0,15,2,0.639430,s15_p2
1779294306.0,15,3,0.000000,s15_p3
1779294306.0,5,4,0.000000,s5_p4
1779294306.0,5,1,0.000000,s5_p1
1779294306.0,5,2,0.000000,s5_p2
1779294306.0,5,3,0.893543,s5_p3
1779294306.0,20,1,0.000000,s20_p1
1779294306.0,20,4,0.000000,s20_p4
1779294306.0,20,2,0.916858,s20_p2
1779294306.0,20,3,0.000000,s20_p3
1779294306.0,7,1,0.361915,s7_p1
1779294306.0,7,4,0.844469,s7_p4
1779294306.0,7,2,0.000000,s7_p2
1779294306.0,7,3,0.000000,s7_p3
1779294306.0,16,1,0.000000,s16_p1
1779294306.0,16,4,0.000000,s16_p4
1779294306.0,16,2,0.844577,s16_p2
1779294306.0,16,3,0.000000,s16_p3
1779294306.0,9,1,0.000000,s9_p1
1779294306.0,9,4,0.000000,s9_p4
1779294306.0,9,2,0.000000,s9_p2
1779294306.0,9,3,0.410227,s9_p3
1779294306.0,11,4,0.000000,s11_p4
1779294306.0,11,1,0.000000,s11_p1
1779294306.0,11,2,0.000000,s11_p2
1779294306.0,11,3,0.000000,s11_p3
1779294306.0,18,1,0.000000,s18_p1
1779294306.0,18,4,0.000000,s18_p4
1779294306.0,18,2,0.000000,s18_p2
1779294306.0,18,3,0.000000,s18_p3
1779294306.0,2,1,0.000000,s2_p1
1779294306.0,2,4,0.410184,s2_p4
1779294306.0,2,2,0.000000,s2_p2
1779294306.0,2,3,0.410184,s2_p3
1779294306.0,17,4,1.000000,s17_p4
1779294306.0,17,1,0.000000,s17_p1
1779294306.0,17,2,0.000000,s17_p2
1779294306.0,17,3,0.000000,s17_p3
1779294306.0,6,1,0.205751,s6_p1
1779294306.0,6,4,0.496222,s6_p4
1779294306.0,6,2,0.000000,s6_p2
1779294306.0,6,3,0.000000,s6_p3
1779294306.0,3,4,0.000000,s3_p4
1779294306.0,3,1,0.520951,s3_p1
1779294306.0,3,2,0.000000,s3_p2
1779294306.0,3,3,0.000000,s3_p3
1779294306.0,1,4,0.000000,s1_p4
1779294306.0,1,1,0.290767,s1_p1
1779294306.0,1,2,0.000000,s1_p2
1779294306.0,1,3,0.000000,s1_p3
1779294306.0,15,4,0.000000,s15_p4
1779294306.0,15,1,0.387716,s15_p1
1779294306.0,15,2,0.617923,s15_p2
1779294306.0,15,3,0.000000,s15_p3
1779294306.0,13,4,0.000000,s13_p4
1779294306.0,13,1,0.000000,s13_p1
1779294306.0,13,2,0.205876,s13_p2
1779294306.0,13,3,0.666069,s13_p3
1779294306.0,10,1,0.000000,s10_p1
1779294306.0,10,4,0.411736,s10_p4
1779294306.0,10,2,0.000000,s10_p2
1779294306.0,10,3,0.000000,s10_p3
1779294306.0,8,4,0.000000,s8_p4
1779294306.0,8,1,0.847524,s8_p1
1779294306.0,8,2,0.617482,s8_p2
1779294306.0,8,3,0.000000,s8_p3
1779294306.0,7,1,0.387560,s7_p1
1779294306.0,7,4,0.847786,s7_p4
1779294306.0,7,2,0.000000,s7_p2
1779294306.0,7,3,0.000000,s7_p3
1779294306.0,4,1,0.411454,s4_p1
1779294306.0,4,4,0.000000,s4_p4
1779294306.0,4,2,0.496165,s4_p2
1779294306.0,4,3,0.000000,s4_p3
1779294306.0,5,4,0.000000,s5_p4
1779294306.0,5,1,0.000000,s5_p1
1779294306.0,5,2,0.000000,s5_p2
1779294306.0,5,3,0.871471,s5_p3
1779294306.0,12,4,0.000000,s12_p4
1779294306.0,12,1,0.000000,s12_p1
1779294306.0,12,2,0.919530,s12_p2
1779294306.0,12,3,0.000000,s12_p3
1779294306.0,20,1,0.000000,s20_p1
1779294306.0,20,4,0.000000,s20_p4
1779294306.0,20,2,0.919668,s20_p2
1779294306.0,20,3,0.000000,s20_p3
1779294306.0,18,1,0.000000,s18_p1
1779294306.0,18,4,0.000000,s18_p4
1779294306.0,18,2,0.000000,s18_p2
1779294306.0,18,3,0.000000,s18_p3
1779294306.0,17,4,1.000000,s17_p4
1779294306.0,17,1,0.000000,s17_p1
1779294306.0,17,2,0.000000,s17_p2
1779294306.0,17,3,0.000000,s17_p3
1779294306.0,11,4,0.000000,s11_p4
1779294306.0,11,1,0.000000,s11_p1
1779294306.0,11,2,0.000000,s11_p2
1779294306.0,11,3,0.000000,s11_p3
1779294306.0,2,1,0.000000,s2_p1
1779294306.0,2,4,0.423566,s2_p4
1779294306.0,2,2,0.000000,s2_p2
1779294306.0,2,3,0.411464,s2_p3
1779294306.0,19,1,0.000000,s19_p1
1779294306.0,19,4,0.000000,s19_p4
1779294306.0,19,2,0.000000,s19_p2
1779294306.0,19,3,0.000000,s19_p3
1779294306.0,16,1,0.000000,s16_p1
1779294306.0,16,4,0.000000,s16_p4
1779294306.0,16,2,0.846646,s16_p2
1779294306.0,16,3,0.000000,s16_p3
1779294306.0,9,1,0.000000,s9_p1
1779294306.0,9,4,0.000000,s9_p4
1779294306.0,9,2,0.000000,s9_p2
1779294306.0,9,3,0.411246,s9_p3
1779294306.0,14,4,0.494341,s14_p4
1779294306.0,14,1,0.000000,s14_p1
1779294306.0,14,2,0.000000,s14_p2
1779294306.0,14,3,0.000000,s14_p3
1779294307.0,3,4,0.000000,s3_p4
1779294307.0,3,1,0.519226,s3_p1
1779294307.0,3,2,0.000000,s3_p2
1779294307.0,3,3,0.000000,s3_p3
1779294307.0,13,4,0.000000,s13_p4
1779294307.0,13,1,0.000000,s13_p1
1779294307.0,13,2,0.217247,s13_p2
1779294307.0,13,3,0.663810,s13_p3
1779294307.0,10,1,0.000000,s10_p1
1779294307.0,10,4,0.422394,s10_p4
1779294307.0,10,2,0.000000,s10_p2
1779294307.0,10,3,0.000000,s10_p3
1779294307.0,7,1,0.362108,s7_p1
1779294307.0,7,4,0.844919,s7_p4
1779294307.0,7,2,0.000000,s7_p2
1779294307.0,7,3,0.000000,s7_p3
1779294307.0,15,4,0.000000,s15_p4
1779294307.0,15,1,0.361893,s15_p1
1779294307.0,15,2,0.627282,s15_p2
1779294307.0,15,3,0.000000,s15_p3
1779294307.0,4,1,0.422610,s4_p1
1779294307.0,4,4,0.000000,s4_p4
1779294307.0,4,2,0.507132,s4_p2
1779294307.0,4,3,0.000000,s4_p3
1779294307.0,18,1,0.000000,s18_p1
1779294307.0,18,4,0.000000,s18_p4
1779294307.0,18,2,0.000000,s18_p2
1779294307.0,18,3,0.000000,s18_p3
1779294307.0,5,4,0.000000,s5_p4
1779294307.0,5,1,0.000000,s5_p1
1779294307.0,5,2,0.000000,s5_p2
1779294307.0,5,3,0.880979,s5_p3
1779294307.0,12,4,0.000000,s12_p4
1779294307.0,12,1,0.000000,s12_p1
1779294307.0,12,2,0.917364,s12_p2
1779294307.0,12,3,0.000000,s12_p3
1779294307.0,17,4,1.000000,s17_p4
1779294307.0,17,1,0.000000,s17_p1
1779294307.0,17,2,0.000000,s17_p2
1779294307.0,17,3,0.000000,s17_p3
1779294307.0,8,4,0.000000,s8_p4
1779294307.0,8,1,0.844162,s8_p1
1779294307.0,8,2,0.627092,s8_p2
1779294307.0,8,3,0.000000,s8_p3
1779294307.0,20,1,0.000000,s20_p1
1779294307.0,20,4,0.000000,s20_p4
1779294307.0,20,2,0.917375,s20_p2
1779294307.0,20,3,0.000000,s20_p3
1779294307.0,11,4,0.000000,s11_p4
1779294307.0,11,1,0.000000,s11_p1
1779294307.0,11,2,0.000000,s11_p2
1779294307.0,11,3,0.000000,s11_p3
1779294307.0,2,1,0.000000,s2_p1
1779294307.0,2,4,0.410640,s2_p4
1779294307.0,2,2,0.000000,s2_p2
1779294307.0,2,3,0.410640,s2_p3
1779294307.0,16,1,0.000000,s16_p1
1779294307.0,16,4,0.000000,s16_p4
1779294307.0,16,2,0.845759,s16_p2
1779294307.0,16,3,0.000000,s16_p3
1779294307.0,9,1,0.000000,s9_p1
1779294307.0,9,4,0.000000,s9_p4
1779294307.0,9,2,0.000000,s9_p2
1779294307.0,9,3,0.410673,s9_p3
1779294307.0,19,1,0.000000,s19_p1
1779294307.0,19,4,0.000000,s19_p4
1779294307.0,19,2,0.000000,s19_p2
1779294307.0,19,3,0.000000,s19_p3
1779294307.0,1,4,0.000000,s1_p4
1779294307.0,1,1,0.288967,s1_p1
1779294307.0,1,2,0.000000,s1_p2
1779294307.0,1,3,0.000000,s1_p3
1779294307.0,14,4,0.507077,s14_p4
1779294307.0,14,1,0.000000,s14_p1
1779294307.0,14,2,0.000000,s14_p2
1779294307.0,14,3,0.000000,s14_p3
1779294307.0,6,1,0.216550,s6_p1
1779294307.0,6,4,0.505283,s6_p4
1779294307.0,6,2,0.000000,s6_p2
1779294307.0,6,3,0.000000,s6_p3
1779294307.0,6,1,0.218074,s6_p1
1779294307.0,6,4,0.496725,s6_p4
1779294307.0,6,2,0.000000,s6_p2
1779294307.0,6,3,0.000000,s6_p3
1779294307.0,1,4,0.000000,s1_p4
1779294307.0,1,1,0.290671,s1_p1
1779294307.0,1,2,0.000000,s1_p2
1779294307.0,1,3,0.000000,s1_p3
1779294307.0,7,1,0.386513,s7_p1
1779294307.0,7,4,0.845498,s7_p4
1779294307.0,7,2,0.000000,s7_p2
1779294307.0,7,3,0.000000,s7_p3
1779294307.0,13,4,0.000000,s13_p4
1779294307.0,13,1,0.000000,s13_p1
1779294307.0,13,2,0.217353,s13_p2
1779294307.0,13,3,0.676210,s13_p3
1779294307.0,14,4,0.496157,s14_p4
1779294307.0,14,1,0.000000,s14_p1
1779294307.0,14,2,0.000000,s14_p2
1779294307.0,14,3,0.000000,s14_p3
1779294307.0,15,4,0.000000,s15_p4
1779294307.0,15,1,0.386434,s15_p1
1779294307.0,15,2,0.615878,s15_p2
1779294307.0,15,3,0.000000,s15_p3
1779294307.0,3,4,0.000000,s3_p4
1779294307.0,3,1,0.518683,s3_p1
1779294307.0,3,2,0.000000,s3_p2
1779294307.0,3,3,0.000000,s3_p3
1779294307.0,10,1,0.000000,s10_p1
1779294307.0,10,4,0.410532,s10_p4
1779294307.0,10,2,0.000000,s10_p2
1779294307.0,10,3,0.000000,s10_p3
1779294307.0,20,1,0.000000,s20_p1
1779294307.0,20,4,0.000000,s20_p4
1779294307.0,20,2,0.905656,s20_p2
1779294307.0,20,3,0.000000,s20_p3
1779294307.0,8,4,0.000000,s8_p4
1779294307.0,8,1,0.845206,s8_p1
1779294307.0,8,2,0.615793,s8_p2
1779294307.0,8,3,0.000000,s8_p3
1779294307.0,4,1,0.410239,s4_p1
1779294307.0,4,4,0.000000,s4_p4
1779294307.0,4,2,0.494700,s4_p2
1779294307.0,4,3,0.000000,s4_p3
1779294307.0,5,4,0.000000,s5_p4
1779294307.0,5,1,0.000000,s5_p1
1779294307.0,5,2,0.000000,s5_p2
1779294307.0,5,3,0.893392,s5_p3
1779294307.0,11,4,0.000000,s11_p4
1779294307.0,11,1,0.000000,s11_p1
1779294307.0,11,2,0.000000,s11_p2
1779294307.0,11,3,0.000000,s11_p3
1779294307.0,2,1,0.000000,s2_p1
1779294307.0,2,4,0.410606,s2_p4
1779294307.0,2,2,0.000000,s2_p2
1779294307.0,2,3,0.410606,s2_p3
1779294307.0,12,4,0.000000,s12_p4
1779294307.0,12,1,0.000000,s12_p1
1779294307.0,12,2,0.905363,s12_p2
1779294307.0,12,3,0.000000,s12_p3
1779294307.0,16,1,0.000000,s16_p1
1779294307.0,16,4,0.000000,s16_p4
1779294307.0,16,2,0.845325,s16_p2
1779294307.0,16,3,0.000000,s16_p3
1779294307.0,17,4,0.989804,s17_p4
1779294307.0,17,1,0.000000,s17_p1
1779294307.0,17,2,0.000000,s17_p2
1779294307.0,17,3,0.000000,s17_p3
1779294307.0,18,1,0.000000,s18_p1
1779294307.0,18,4,0.000000,s18_p4
1779294307.0,18,2,0.000000,s18_p2
1779294307.0,18,3,0.000000,s18_p3
1779294307.0,9,1,0.000000,s9_p1
1779294307.0,9,4,0.000000,s9_p4
1779294307.0,9,2,0.000000,s9_p2
1779294307.0,9,3,0.410616,s9_p3
1779294307.0,19,1,0.000000,s19_p1
1779294307.0,19,4,0.000000,s19_p4
1779294307.0,19,2,0.000000,s19_p2
1779294307.0,19,3,0.000000,s19_p3
1779294308.0,6,1,0.217330,s6_p1
1779294308.0,6,4,0.507103,s6_p4
1779294308.0,6,2,0.000000,s6_p2
1779294308.0,6,3,0.000000,s6_p3
1779294308.0,14,4,0.507355,s14_p4
1779294308.0,14,1,0.000000,s14_p1
1779294308.0,14,2,0.000000,s14_p2
1779294308.0,14,3,0.000000,s14_p3
1779294308.0,3,4,0.000000,s3_p4
1779294308.0,3,1,0.519463,s3_p1
1779294308.0,3,2,0.000000,s3_p2
1779294308.0,3,3,0.000000,s3_p3
1779294308.0,1,4,0.000000,s1_p4
1779294308.0,1,1,0.289609,s1_p1
1779294308.0,1,2,0.000000,s1_p2
1779294308.0,1,3,0.000000,s1_p3
1779294308.0,19,1,0.000000,s19_p1
1779294308.0,19,4,0.000000,s19_p4
1779294308.0,19,2,0.000000,s19_p2
1779294308.0,19,3,0.000000,s19_p3
1779294308.0,7,1,0.374057,s7_p1
1779294308.0,7,4,0.856711,s7_p4
1779294308.0,7,2,0.000000,s7_p2
1779294308.0,7,3,0.000000,s7_p3
1779294308.0,10,1,0.000000,s10_p1
1779294308.0,10,4,0.422417,s10_p4
1779294308.0,10,2,0.000000,s10_p2
1779294308.0,10,3,0.000000,s10_p3
1779294308.0,15,4,0.000000,s15_p4
1779294308.0,15,1,0.374105,s15_p1
1779294308.0,15,2,0.627531,s15_p2
1779294308.0,15,3,0.000000,s15_p3
1779294308.0,4,1,0.422736,s4_p1
1779294308.0,4,4,0.000000,s4_p4
1779294308.0,4,2,0.507283,s4_p2
1779294308.0,4,3,0.000000,s4_p3
1779294308.0,13,4,0.000000,s13_p4
1779294308.0,13,1,0.000000,s13_p1
1779294308.0,13,2,0.217185,s13_p2
1779294308.0,13,3,0.663620,s13_p3
1779294308.0,5,4,0.000000,s5_p4
1779294308.0,5,1,0.000000,s5_p1
1779294308.0,5,2,0.000000,s5_p2
1779294308.0,5,3,0.881669,s5_p3
1779294308.0,20,1,0.000000,s20_p1
1779294308.0,20,4,0.000000,s20_p4
1779294308.0,20,2,0.929841,s20_p2
1779294308.0,20,3,0.000000,s20_p3
1779294308.0,8,4,0.000000,s8_p4
1779294308.0,8,1,0.857400,s8_p1
1779294308.0,8,2,0.627955,s8_p2
1779294308.0,8,3,0.000000,s8_p3
1779294308.0,11,4,0.000000,s11_p4
1779294308.0,11,1,0.000000,s11_p1
1779294308.0,11,2,0.000000,s11_p2
1779294308.0,11,3,0.000000,s11_p3
1779294308.0,9,1,0.000000,s9_p1
1779294308.0,9,4,0.000000,s9_p4
1779294308.0,9,2,0.000000,s9_p2
1779294308.0,9,3,0.410557,s9_p3
1779294308.0,16,1,0.000000,s16_p1
1779294308.0,16,4,0.000000,s16_p4
1779294308.0,16,2,0.857089,s16_p2
1779294308.0,16,3,0.000000,s16_p3
1779294308.0,2,1,0.000000,s2_p1
1779294308.0,2,4,0.422465,s2_p4
1779294308.0,2,2,0.000000,s2_p2
1779294308.0,2,3,0.410395,s2_p3
1779294308.0,18,1,0.000000,s18_p1
1779294308.0,18,4,0.000000,s18_p4
1779294308.0,18,2,0.000000,s18_p2
1779294308.0,18,3,0.000000,s18_p3
1779294308.0,12,4,0.000000,s12_p4
1779294308.0,12,1,0.000000,s12_p1
1779294308.0,12,2,0.929379,s12_p2
1779294308.0,12,3,0.000000,s12_p3
1779294308.0,17,4,1.000000,s17_p4
1779294308.0,17,1,0.000000,s17_p1
1779294308.0,17,2,0.000000,s17_p2
1779294308.0,17,3,0.000000,s17_p3
1779294308.0,6,1,0.217216,s6_p1
1779294308.0,6,4,0.494769,s6_p4
1779294308.0,6,2,0.000000,s6_p2
1779294308.0,6,3,0.000000,s6_p3
1779294308.0,10,1,0.000000,s10_p1
1779294308.0,10,4,0.410705,s10_p4
1779294308.0,10,2,0.000000,s10_p2
1779294308.0,10,3,0.000000,s10_p3
1779294308.0,1,4,0.000000,s1_p4
1779294308.0,1,1,0.289601,s1_p1
1779294308.0,1,2,0.000000,s1_p2
1779294308.0,1,3,0.000000,s1_p3
1779294308.0,14,4,0.494661,s14_p4
1779294308.0,14,1,0.000000,s14_p1
1779294308.0,14,2,0.000000,s14_p2
1779294308.0,14,3,0.000000,s14_p3
1779294308.0,3,4,0.000000,s3_p4
1779294308.0,3,1,0.518817,s3_p1
1779294308.0,3,2,0.000000,s3_p2
1779294308.0,3,3,0.000000,s3_p3
1779294308.0,20,1,0.000000,s20_p1
1779294308.0,20,4,0.000000,s20_p4
1779294308.0,20,2,0.905429,s20_p2
1779294308.0,20,3,0.000000,s20_p3
1779294308.0,13,4,0.000000,s13_p4
1779294308.0,13,1,0.000000,s13_p1
1779294308.0,13,2,0.217267,s13_p2
1779294308.0,13,3,0.663871,s13_p3
1779294308.0,4,1,0.410365,s4_p1
1779294308.0,4,4,0.000000,s4_p4
1779294308.0,4,2,0.494852,s4_p2
1779294308.0,4,3,0.000000,s4_p3
1779294308.0,15,4,0.000000,s15_p4
1779294308.0,15,1,0.386192,s15_p1
1779294308.0,15,2,0.615493,s15_p2
1779294308.0,15,3,0.000000,s15_p3
1779294308.0,8,4,0.000000,s8_p4
1779294308.0,8,1,0.844813,s8_p1
1779294308.0,8,2,0.615506,s8_p2
1779294308.0,8,3,0.000000,s8_p3
1779294308.0,16,1,0.000000,s16_p1
1779294308.0,16,4,0.000000,s16_p4
1779294308.0,16,2,0.844753,s16_p2
1779294308.0,16,3,0.000000,s16_p3
1779294308.0,2,1,0.000000,s2_p1
1779294308.0,2,4,0.410288,s2_p4
1779294308.0,2,2,0.000000,s2_p2
1779294308.0,2,3,0.410288,s2_p3
1779294308.0,12,4,0.000000,s12_p4
1779294308.0,12,1,0.000000,s12_p1
1779294308.0,12,2,0.905091,s12_p2
1779294308.0,12,3,0.000000,s12_p3
1779294308.0,18,1,0.000000,s18_p1
1779294308.0,18,4,0.000000,s18_p4
1779294308.0,18,2,0.000000,s18_p2
1779294308.0,18,3,0.000000,s18_p3
1779294308.0,17,4,1.000000,s17_p4
1779294308.0,17,1,0.000000,s17_p1
1779294308.0,17,2,0.000000,s17_p2
1779294308.0,17,3,0.000000,s17_p3
1779294308.0,7,1,0.385753,s7_p1
1779294308.0,7,4,0.843835,s7_p4
1779294308.0,7,2,0.000000,s7_p2
1779294308.0,7,3,0.000000,s7_p3
1779294308.0,5,4,0.000000,s5_p4
1779294308.0,5,1,0.000000,s5_p1
1779294308.0,5,2,0.000000,s5_p2
1779294308.0,5,3,0.880130,s5_p3
1779294308.0,11,4,0.000000,s11_p4
1779294308.0,11,1,0.000000,s11_p1
1779294308.0,11,2,0.000000,s11_p2
1779294308.0,11,3,0.000000,s11_p3
1779294308.0,9,1,0.000000,s9_p1
1779294308.0,9,4,0.000000,s9_p4
1779294308.0,9,2,0.000000,s9_p2
1779294308.0,9,3,0.410073,s9_p3
1779294308.0,19,1,0.000000,s19_p1
1779294308.0,19,4,0.000000,s19_p4
1779294308.0,19,2,0.000000,s19_p2
1779294308.0,19,3,0.000000,s19_p3
1779294309.0,6,1,0.217107,s6_p1
1779294309.0,6,4,0.506584,s6_p4
1779294309.0,6,2,0.000000,s6_p2
1779294309.0,6,3,0.000000,s6_p3
1779294309.0,1,4,0.000000,s1_p4
1779294309.0,1,1,0.289656,s1_p1
1779294309.0,1,2,0.000000,s1_p2
1779294309.0,1,3,0.000000,s1_p3
1779294309.0,19,1,0.000000,s19_p1
1779294309.0,19,4,0.000000,s19_p4
1779294309.0,19,2,0.000000,s19_p2
1779294309.0,19,3,0.000000,s19_p3
1779294309.0,14,4,0.506399,s14_p4
1779294309.0,14,1,0.000000,s14_p1
1779294309.0,14,2,0.000000,s14_p2
1779294309.0,14,3,0.000000,s14_p3
1779294309.0,3,4,0.000000,s3_p4
1779294309.0,3,1,0.506363,s3_p1
1779294309.0,3,2,0.000000,s3_p2
1779294309.0,3,3,0.000000,s3_p3
1779294309.0,15,4,0.000000,s15_p4
1779294309.0,15,1,0.361942,s15_p1
1779294309.0,15,2,0.639431,s15_p2
1779294309.0,15,3,0.000000,s15_p3
1779294309.0,8,4,0.000000,s8_p4
1779294309.0,8,1,0.844627,s8_p1
1779294309.0,8,2,0.639503,s8_p2
1779294309.0,8,3,0.000000,s8_p3
1779294309.0,13,4,0.000000,s13_p4
1779294309.0,13,1,0.000000,s13_p1
1779294309.0,13,2,0.217127,s13_p2
1779294309.0,13,3,0.675507,s13_p3
1779294309.0,10,1,0.000000,s10_p1
1779294309.0,10,4,0.409767,s10_p4
1779294309.0,10,2,0.000000,s10_p2
1779294309.0,10,3,0.000000,s10_p3
1779294309.0,16,1,0.000000,s16_p1
1779294309.0,16,4,0.000000,s16_p4
1779294309.0,16,2,0.844441,s16_p2
1779294309.0,16,3,0.000000,s16_p3
1779294309.0,2,1,0.000000,s2_p1
1779294309.0,2,4,0.410156,s2_p4
1779294309.0,2,2,0.000000,s2_p2
1779294309.0,2,3,0.410156,s2_p3
1779294309.0,4,1,0.409749,s4_p1
1779294309.0,4,4,0.000000,s4_p4
1779294309.0,4,2,0.506161,s4_p2
1779294309.0,4,3,0.000000,s4_p3
1779294309.0,18,1,0.000000,s18_p1
1779294309.0,18,4,0.000000,s18_p4
1779294309.0,18,2,0.000000,s18_p2
1779294309.0,18,3,0.000000,s18_p3
1779294309.0,20,1,0.000000,s20_p1
1779294309.0,20,4,0.000000,s20_p4
1779294309.0,20,2,0.915694,s20_p2
1779294309.0,20,3,0.000000,s20_p3
1779294309.0,5,4,0.000000,s5_p4
1779294309.0,5,1,0.000000,s5_p1
1779294309.0,5,2,0.000000,s5_p2
1779294309.0,5,3,0.892714,s5_p3
1779294309.0,12,4,0.000000,s12_p4
1779294309.0,12,1,0.000000,s12_p1
1779294309.0,12,2,0.916686,s12_p2
1779294309.0,12,3,0.000000,s12_p3
1779294309.0,7,1,0.361879,s7_p1
1779294309.0,7,4,0.844384,s7_p4
1779294309.0,7,2,0.000000,s7_p2
1779294309.0,7,3,0.000000,s7_p3
1779294309.0,11,4,0.000000,s11_p4
1779294309.0,11,1,0.000000,s11_p1
1779294309.0,11,2,0.000000,s11_p2
1779294309.0,11,3,0.000000,s11_p3
1779294309.0,17,4,1.000000,s17_p4
1779294309.0,17,1,0.000000,s17_p1
1779294309.0,17,2,0.000000,s17_p2
1779294309.0,17,3,0.000000,s17_p3
1779294309.0,9,1,0.000000,s9_p1
1779294309.0,9,4,0.000000,s9_p4
1779294309.0,9,2,0.000000,s9_p2
1779294309.0,9,3,0.410196,s9_p3
1779294309.0,6,1,0.217444,s6_p1
1779294309.0,6,4,0.495288,s6_p4
1779294309.0,6,2,0.000000,s6_p2
1779294309.0,6,3,0.000000,s6_p3
1779294309.0,14,4,0.495471,s14_p4
1779294309.0,14,1,0.000000,s14_p1
1779294309.0,14,2,0.000000,s14_p2
1779294309.0,14,3,0.000000,s14_p3
1779294309.0,1,4,0.000000,s1_p4
1779294309.0,1,1,0.289698,s1_p1
1779294309.0,1,2,0.000000,s1_p2
1779294309.0,1,3,0.000000,s1_p3
1779294309.0,8,4,0.000000,s8_p4
1779294309.0,8,1,0.845940,s8_p1
1779294309.0,8,2,0.592158,s8_p2
1779294309.0,8,3,0.000000,s8_p3
1779294309.0,10,1,0.000000,s10_p1
1779294309.0,10,4,0.422991,s10_p4
1779294309.0,10,2,0.000000,s10_p2
1779294309.0,10,3,0.000000,s10_p3
1779294309.0,13,4,0.000000,s13_p4
1779294309.0,13,1,0.000000,s13_p1
1779294309.0,13,2,0.217523,s13_p2
1779294309.0,13,3,0.664653,s13_p3
1779294309.0,17,4,1.000000,s17_p4
1779294309.0,17,1,0.000000,s17_p1
1779294309.0,17,2,0.000000,s17_p2
1779294309.0,17,3,0.000000,s17_p3
1779294309.0,4,1,0.423046,s4_p1
1779294309.0,4,4,0.000000,s4_p4
1779294309.0,4,2,0.495568,s4_p2
1779294309.0,4,3,0.000000,s4_p3
1779294309.0,16,1,0.000000,s16_p1
1779294309.0,16,4,0.000000,s16_p4
1779294309.0,16,2,0.845972,s16_p2
1779294309.0,16,3,0.000000,s16_p3
1779294309.0,5,4,0.000000,s5_p4
1779294309.0,5,1,0.000000,s5_p1
1779294309.0,5,2,0.000000,s5_p2
1779294309.0,5,3,0.882411,s5_p3
1779294309.0,12,4,0.000000,s12_p4
1779294309.0,12,1,0.000000,s12_p1
1779294309.0,12,2,0.918673,s12_p2
1779294309.0,12,3,0.000000,s12_p3
1779294309.0,18,1,0.000000,s18_p1
1779294309.0,18,4,0.000000,s18_p4
1779294309.0,18,2,0.000000,s18_p2
1779294309.0,18,3,0.000000,s18_p3
1779294309.0,7,1,0.410965,s7_p1
1779294309.0,7,4,0.846105,s7_p4
1779294309.0,7,2,0.000000,s7_p2
1779294309.0,7,3,0.000000,s7_p3
1779294309.0,20,1,0.000000,s20_p1
1779294309.0,20,4,0.000000,s20_p4
1779294309.0,20,2,0.918537,s20_p2
1779294309.0,20,3,0.000000,s20_p3
1779294309.0,2,1,0.000000,s2_p1
1779294309.0,2,4,0.422752,s2_p4
1779294309.0,2,2,0.000000,s2_p2
1779294309.0,2,3,0.410674,s2_p3
1779294309.0,15,4,0.000000,s15_p4
1779294309.0,15,1,0.410234,s15_p1
1779294309.0,15,2,0.591219,s15_p2
1779294309.0,15,3,0.000000,s15_p3
1779294309.0,3,4,0.000000,s3_p4
1779294309.0,3,1,0.518777,s3_p1
1779294309.0,3,2,0.000000,s3_p2
1779294309.0,3,3,0.000000,s3_p3
1779294309.0,19,1,0.000000,s19_p1
1779294309.0,19,4,0.000000,s19_p4
1779294309.0,19,2,0.000000,s19_p2
1779294309.0,19,3,0.000000,s19_p3
1779294309.0,11,4,0.000000,s11_p4
1779294309.0,11,1,0.000000,s11_p1
1779294309.0,11,2,0.000000,s11_p2
1779294309.0,11,3,0.000000,s11_p3
1779294309.0,9,1,0.000000,s9_p1
1779294309.0,9,4,0.000000,s9_p4
1779294309.0,9,2,0.000000,s9_p2
1779294309.0,9,3,0.410757,s9_p3
1779294310.0,19,1,0.000000,s19_p1
1779294310.0,19,4,0.000000,s19_p4
1779294310.0,19,2,0.000000,s19_p2
1779294310.0,19,3,0.000000,s19_p3
1779294310.0,14,4,0.507070,s14_p4
1779294310.0,14,1,0.000000,s14_p1
1779294310.0,14,2,0.000000,s14_p2
1779294310.0,14,3,0.000000,s14_p3
1779294310.0,1,4,0.000000,s1_p4
1779294310.0,1,1,0.301837,s1_p1
1779294310.0,1,2,0.000000,s1_p2
1779294310.0,1,3,0.000000,s1_p3
1779294310.0,6,1,0.205048,s6_p1
1779294310.0,6,4,0.506590,s6_p4
1779294310.0,6,2,0.000000,s6_p2
1779294310.0,6,3,0.000000,s6_p3
1779294310.0,7,1,0.362248,s7_p1
1779294310.0,7,4,0.845246,s7_p4
1779294310.0,7,2,0.000000,s7_p2
1779294310.0,7,3,0.000000,s7_p3
1779294310.0,13,4,0.000000,s13_p4
1779294310.0,13,1,0.000000,s13_p1
1779294310.0,13,2,0.205068,s13_p2
1779294310.0,13,3,0.675517,s13_p3
1779294310.0,8,4,0.000000,s8_p4
1779294310.0,8,1,0.844329,s8_p1
1779294310.0,8,2,0.639278,s8_p2
1779294310.0,8,3,0.000000,s8_p3
1779294310.0,5,4,0.000000,s5_p4
1779294310.0,5,1,0.000000,s5_p1
1779294310.0,5,2,0.000000,s5_p2
1779294310.0,5,3,0.893343,s5_p3
1779294310.0,15,4,0.000000,s15_p4
1779294310.0,15,1,0.362401,s15_p1
1779294310.0,15,2,0.640242,s15_p2
1779294310.0,15,3,0.000000,s15_p3
1779294310.0,10,1,0.000000,s10_p1
1779294310.0,10,4,0.410085,s10_p4
1779294310.0,10,2,0.000000,s10_p2
1779294310.0,10,3,0.000000,s10_p3
1779294310.0,4,1,0.410394,s4_p1
1779294310.0,4,4,0.000000,s4_p4
1779294310.0,4,2,0.506957,s4_p2
1779294310.0,4,3,0.000000,s4_p3
1779294310.0,3,4,0.000000,s3_p4
1779294310.0,3,1,0.519408,s3_p1
1779294310.0,3,2,0.000000,s3_p2
1779294310.0,3,3,0.000000,s3_p3
1779294310.0,20,1,0.000000,s20_p1
1779294310.0,20,4,0.000000,s20_p4
1779294310.0,20,2,0.917446,s20_p2
1779294310.0,20,3,0.000000,s20_p3
1779294310.0,9,1,0.000000,s9_p1
1779294310.0,9,4,0.000000,s9_p4
1779294310.0,9,2,0.000000,s9_p2
1779294310.0,9,3,0.410477,s9_p3
1779294310.0,17,4,1.000000,s17_p4
1779294310.0,17,1,0.000000,s17_p1
1779294310.0,17,2,0.000000,s17_p2
1779294310.0,17,3,0.000000,s17_p3
1779294310.0,11,4,0.000000,s11_p4
1779294310.0,11,1,0.000000,s11_p1
1779294310.0,11,2,0.000000,s11_p2
1779294310.0,11,3,0.000000,s11_p3
1779294310.0,16,1,0.000000,s16_p1
1779294310.0,16,4,0.000000,s16_p4
1779294310.0,16,2,0.844324,s16_p2
1779294310.0,16,3,0.000000,s16_p3
1779294310.0,12,4,0.000000,s12_p4
1779294310.0,12,1,0.000000,s12_p1
1779294310.0,12,2,0.916720,s12_p2
1779294310.0,12,3,0.000000,s12_p3
1779294310.0,2,1,0.000000,s2_p1
1779294310.0,2,4,0.410342,s2_p4
1779294310.0,2,2,0.000000,s2_p2
1779294310.0,2,3,0.410342,s2_p3
1779294310.0,18,1,0.000000,s18_p1
1779294310.0,18,4,0.000000,s18_p4
1779294310.0,18,2,0.000000,s18_p2
1779294310.0,18,3,0.000000,s18_p3
1779294310.0,6,1,0.217545,s6_p1
1779294310.0,6,4,0.495520,s6_p4
1779294310.0,6,2,0.000000,s6_p2
1779294310.0,6,3,0.000000,s6_p3
1779294310.0,19,1,0.000000,s19_p1
1779294310.0,19,4,0.000000,s19_p4
1779294310.0,19,2,0.000000,s19_p2
1779294310.0,19,3,0.000000,s19_p3
1779294310.0,14,4,0.494988,s14_p4
1779294310.0,14,1,0.000000,s14_p1
1779294310.0,14,2,0.000000,s14_p2
1779294310.0,14,3,0.000000,s14_p3
1779294310.0,10,1,0.000000,s10_p1
1779294310.0,10,4,0.423010,s10_p4
1779294310.0,10,2,0.000000,s10_p2
1779294310.0,10,3,0.000000,s10_p3
1779294310.0,1,4,0.000000,s1_p4
1779294310.0,1,1,0.289742,s1_p1
1779294310.0,1,2,0.000000,s1_p2
1779294310.0,1,3,0.000000,s1_p3
1779294310.0,3,4,0.000000,s3_p4
1779294310.0,3,1,0.519710,s3_p1
1779294310.0,3,2,0.000000,s3_p2
1779294310.0,3,3,0.000000,s3_p3
1779294310.0,15,4,0.000000,s15_p4
1779294310.0,15,1,0.398800,s15_p1
1779294310.0,15,2,0.592158,s15_p2
1779294310.0,15,3,0.000000,s15_p3
1779294310.0,8,4,0.000000,s8_p4
1779294310.0,8,1,0.845432,s8_p1
1779294310.0,8,2,0.591802,s8_p2
1779294310.0,8,3,0.000000,s8_p3
1779294310.0,20,1,0.000000,s20_p1
1779294310.0,20,4,0.000000,s20_p4
1779294310.0,20,2,0.918006,s20_p2
1779294310.0,20,3,0.000000,s20_p3
1779294310.0,13,4,0.000000,s13_p4
1779294310.0,13,1,0.000000,s13_p1
1779294310.0,13,2,0.217367,s13_p2
1779294310.0,13,3,0.664176,s13_p3
1779294310.0,12,4,0.000000,s12_p4
1779294310.0,12,1,0.000000,s12_p1
1779294310.0,12,2,0.918590,s12_p2
1779294310.0,12,3,0.000000,s12_p3
1779294310.0,4,1,0.422701,s4_p1
1779294310.0,4,4,0.000000,s4_p4
1779294310.0,4,2,0.495164,s4_p2
1779294310.0,4,3,0.000000,s4_p3
1779294310.0,7,1,0.398440,s7_p1
1779294310.0,7,4,0.845176,s7_p4
1779294310.0,7,2,0.000000,s7_p2
1779294310.0,7,3,0.000000,s7_p3
1779294310.0,5,4,0.000000,s5_p4
1779294310.0,5,1,0.000000,s5_p1
1779294310.0,5,2,0.000000,s5_p2
1779294310.0,5,3,0.869426,s5_p3
1779294310.0,11,4,0.000000,s11_p4
1779294310.0,11,1,0.000000,s11_p1
1779294310.0,11,2,0.000000,s11_p2
1779294310.0,11,3,0.000000,s11_p3
1779294310.0,17,4,0.990433,s17_p4
1779294310.0,17,1,0.000000,s17_p1
1779294310.0,17,2,0.000000,s17_p2
1779294310.0,17,3,0.000000,s17_p3
1779294310.0,18,1,0.000000,s18_p1
1779294310.0,18,4,0.000000,s18_p4
1779294310.0,18,2,0.000000,s18_p2
1779294310.0,18,3,0.000000,s18_p3
1779294310.0,9,1,0.000000,s9_p1
1779294310.0,9,4,0.000000,s9_p4
1779294310.0,9,2,0.000000,s9_p2
1779294310.0,9,3,0.410618,s9_p3
1779294310.0,16,1,0.000000,s16_p1
1779294310.0,16,4,0.000000,s16_p4
1779294310.0,16,2,0.845413,s16_p2
1779294310.0,16,3,0.000000,s16_p3
1779294310.0,2,1,0.000000,s2_p1
1779294310.0,2,4,0.422709,s2_p4
1779294310.0,2,2,0.000000,s2_p2
1779294310.0,2,3,0.410632,s2_p3
1779294311.0,6,1,0.217321,s6_p1
1779294311.0,6,4,0.507082,s6_p4
1779294311.0,6,2,0.000000,s6_p2
1779294311.0,6,3,0.000000,s6_p3
1779294311.0,3,4,0.000000,s3_p4
1779294311.0,3,1,0.519426,s3_p1
1779294311.0,3,2,0.000000,s3_p2
1779294311.0,3,3,0.000000,s3_p3
1779294311.0,1,4,0.000000,s1_p4
1779294311.0,1,1,0.289879,s1_p1
1779294311.0,1,2,0.000000,s1_p2
1779294311.0,1,3,0.000000,s1_p3
1779294311.0,14,4,0.507208,s14_p4
1779294311.0,14,1,0.000000,s14_p1
1779294311.0,14,2,0.000000,s14_p2
1779294311.0,14,3,0.000000,s14_p3
1779294311.0,13,4,0.000000,s13_p4
1779294311.0,13,1,0.000000,s13_p1
1779294311.0,13,2,0.217445,s13_p2
1779294311.0,13,3,0.664415,s13_p3
1779294311.0,15,4,0.000000,s15_p4
1779294311.0,15,1,0.374204,s15_p1
1779294311.0,15,2,0.627697,s15_p2
1779294311.0,15,3,0.000000,s15_p3
1779294311.0,10,1,0.000000,s10_p1
1779294311.0,10,4,0.410371,s10_p4
1779294311.0,10,2,0.000000,s10_p2
1779294311.0,10,3,0.000000,s10_p3
1779294311.0,8,4,0.000000,s8_p4
1779294311.0,8,1,0.845376,s8_p1
1779294311.0,8,2,0.627994,s8_p2
1779294311.0,8,3,0.000000,s8_p3
1779294311.0,7,1,0.374212,s7_p1
1779294311.0,7,4,0.844995,s7_p4
1779294311.0,7,2,0.000000,s7_p2
1779294311.0,7,3,0.000000,s7_p3
1779294311.0,12,4,0.000000,s12_p4
1779294311.0,12,1,0.000000,s12_p1
1779294311.0,12,2,0.917285,s12_p2
1779294311.0,12,3,0.000000,s12_p3
1779294311.0,20,1,0.000000,s20_p1
1779294311.0,20,4,0.000000,s20_p4
1779294311.0,20,2,0.917200,s20_p2
1779294311.0,20,3,0.000000,s20_p3
1779294311.0,4,1,0.410346,s4_p1
1779294311.0,4,4,0.000000,s4_p4
1779294311.0,4,2,0.506898,s4_p2
1779294311.0,4,3,0.000000,s4_p3
1779294311.0,5,4,0.000000,s5_p4
1779294311.0,5,1,0.000000,s5_p1
1779294311.0,5,2,0.000000,s5_p2
1779294311.0,5,3,0.881062,s5_p3
1779294311.0,18,1,0.000000,s18_p1
1779294311.0,18,4,0.000000,s18_p4
1779294311.0,18,2,0.000000,s18_p2
1779294311.0,18,3,0.000000,s18_p3
1779294311.0,16,1,0.000000,s16_p1
1779294311.0,16,4,0.000000,s16_p4
1779294311.0,16,2,0.844885,s16_p2
1779294311.0,16,3,0.000000,s16_p3
1779294311.0,17,4,1.000000,s17_p4
1779294311.0,17,1,0.000000,s17_p1
1779294311.0,17,2,0.000000,s17_p2
1779294311.0,17,3,0.000000,s17_p3
1779294311.0,9,1,0.000000,s9_p1
1779294311.0,9,4,0.000000,s9_p4
1779294311.0,9,2,0.000000,s9_p2
1779294311.0,9,3,0.410292,s9_p3
1779294311.0,11,4,0.000000,s11_p4
1779294311.0,11,1,0.000000,s11_p1
1779294311.0,11,2,0.000000,s11_p2
1779294311.0,11,3,0.000000,s11_p3
1779294311.0,2,1,0.000000,s2_p1
1779294311.0,2,4,0.410276,s2_p4
1779294311.0,2,2,0.000000,s2_p2
1779294311.0,2,3,0.410276,s2_p3
1779294311.0,19,1,0.000000,s19_p1
1779294311.0,19,4,0.000000,s19_p4
1779294311.0,19,2,0.000000,s19_p2
1779294311.0,19,3,0.000000,s19_p3
1779294311.0,19,1,0.000000,s19_p1
1779294311.0,19,4,0.000000,s19_p4
1779294311.0,19,2,0.000000,s19_p2
1779294311.0,19,3,0.000000,s19_p3
1779294311.0,1,4,0.000000,s1_p4
1779294311.0,1,1,0.289571,s1_p1
1779294311.0,1,2,0.000000,s1_p2
1779294311.0,1,3,0.000000,s1_p3
1779294311.0,6,1,0.217006,s6_p1
1779294311.0,6,4,0.494291,s6_p4
1779294311.0,6,2,0.000000,s6_p2
1779294311.0,6,3,0.000000,s6_p3
1779294311.0,3,4,0.000000,s3_p4
1779294311.0,3,1,0.518524,s3_p1
1779294311.0,3,2,0.000000,s3_p2
1779294311.0,3,3,0.000000,s3_p3
1779294311.0,14,4,0.494438,s14_p4
1779294311.0,14,1,0.000000,s14_p1
1779294311.0,14,2,0.000000,s14_p2
1779294311.0,14,3,0.000000,s14_p3
1779294311.0,8,4,0.000000,s8_p4
1779294311.0,8,1,0.855865,s8_p1
1779294311.0,8,2,0.614776,s8_p2
1779294311.0,8,3,0.000000,s8_p3
1779294311.0,15,4,0.000000,s15_p4
1779294311.0,15,1,0.385671,s15_p1
1779294311.0,15,2,0.614664,s15_p2
1779294311.0,15,3,0.000000,s15_p3
1779294311.0,10,1,0.000000,s10_p1
1779294311.0,10,4,0.409777,s10_p4
1779294311.0,10,2,0.000000,s10_p2
1779294311.0,10,3,0.000000,s10_p3
1779294311.0,7,1,0.385661,s7_p1
1779294311.0,7,4,0.855686,s7_p4
1779294311.0,7,2,0.000000,s7_p2
1779294311.0,7,3,0.000000,s7_p3
1779294311.0,4,1,0.409799,s4_p1
1779294311.0,4,4,0.000000,s4_p4
1779294311.0,4,2,0.506222,s4_p2
1779294311.0,4,3,0.000000,s4_p3
1779294311.0,2,1,0.000000,s2_p1
1779294311.0,2,4,0.422233,s2_p4
1779294311.0,2,2,0.000000,s2_p2
1779294311.0,2,3,0.410169,s2_p3
1779294311.0,17,4,1.000000,s17_p4
1779294311.0,17,1,0.000000,s17_p1
1779294311.0,17,2,0.000000,s17_p2
1779294311.0,17,3,0.000000,s17_p3
1779294311.0,20,1,0.000000,s20_p1
1779294311.0,20,4,0.000000,s20_p4
1779294311.0,20,2,0.915921,s20_p2
1779294311.0,20,3,0.000000,s20_p3
1779294311.0,12,4,0.000000,s12_p4
1779294311.0,12,1,0.000000,s12_p1
1779294311.0,12,2,0.927920,s12_p2
1779294311.0,12,3,0.000000,s12_p3
1779294311.0,13,4,0.000000,s13_p4
1779294311.0,13,1,0.000000,s13_p1
1779294311.0,13,2,0.216715,s13_p2
1779294311.0,13,3,0.674225,s13_p3
1779294311.0,18,1,0.000000,s18_p1
1779294311.0,18,4,0.000000,s18_p4
1779294311.0,18,2,0.000000,s18_p2
1779294311.0,18,3,0.000000,s18_p3
1779294311.0,5,4,0.000000,s5_p4
1779294311.0,5,1,0.000000,s5_p1
1779294311.0,5,2,0.000000,s5_p2
1779294311.0,5,3,0.891800,s5_p3
1779294311.0,16,1,0.000000,s16_p1
1779294311.0,16,4,0.000000,s16_p4
1779294311.0,16,2,0.855970,s16_p2
1779294311.0,16,3,0.000000,s16_p3
1779294311.0,9,1,0.000000,s9_p1
1779294311.0,9,4,0.000000,s9_p4
1779294311.0,9,2,0.000000,s9_p2
1779294311.0,9,3,0.409920,s9_p3
1779294311.0,11,4,0.000000,s11_p4
1779294311.0,11,1,0.000000,s11_p1
1779294311.0,11,2,0.000000,s11_p2
1779294311.0,11,3,0.000000,s11_p3
1779294312.0,6,1,0.217609,s6_p1
1779294312.0,6,4,0.507754,s6_p4
1779294312.0,6,2,0.000000,s6_p2
1779294312.0,6,3,0.000000,s6_p3
1779294312.0,1,4,0.000000,s1_p4
1779294312.0,1,1,0.289865,s1_p1
1779294312.0,1,2,0.000000,s1_p2
1779294312.0,1,3,0.000000,s1_p3
1779294312.0,3,4,0.000000,s3_p4
1779294312.0,3,1,0.519542,s3_p1
1779294312.0,3,2,0.000000,s3_p2
1779294312.0,3,3,0.000000,s3_p3
1779294312.0,15,4,0.000000,s15_p4
1779294312.0,15,1,0.362919,s15_p1
1779294312.0,15,2,0.641156,s15_p2
1779294312.0,15,3,0.000000,s15_p3
1779294312.0,14,4,0.507465,s14_p4
1779294312.0,14,1,0.000000,s14_p1
1779294312.0,14,2,0.000000,s14_p2
1779294312.0,14,3,0.000000,s14_p3
1779294312.0,10,1,0.000000,s10_p1
1779294312.0,10,4,0.423400,s10_p4
1779294312.0,10,2,0.000000,s10_p2
1779294312.0,10,3,0.000000,s10_p3
1779294312.0,8,4,0.000000,s8_p4
1779294312.0,8,1,0.846665,s8_p1
1779294312.0,8,2,0.641046,s8_p2
1779294312.0,8,3,0.000000,s8_p3
1779294312.0,18,1,0.000000,s18_p1
1779294312.0,18,4,0.000000,s18_p4
1779294312.0,18,2,0.000000,s18_p2
1779294312.0,18,3,0.000000,s18_p3
1779294312.0,13,4,0.000000,s13_p4
1779294312.0,13,1,0.000000,s13_p1
1779294312.0,13,2,0.217803,s13_p2
1779294312.0,13,3,0.665509,s13_p3
1779294312.0,5,4,0.000000,s5_p4
1779294312.0,5,1,0.000000,s5_p1
1779294312.0,5,2,0.000000,s5_p2
1779294312.0,5,3,0.883318,s5_p3
1779294312.0,2,1,0.000000,s2_p1
1779294312.0,2,4,0.411348,s2_p4
1779294312.0,2,2,0.000000,s2_p2
1779294312.0,2,3,0.411348,s2_p3
1779294312.0,12,4,0.000000,s12_p4
1779294312.0,12,1,0.000000,s12_p1
1779294312.0,12,2,0.907429,s12_p2
1779294312.0,12,3,0.000000,s12_p3
1779294312.0,7,1,0.362895,s7_p1
1779294312.0,7,4,0.846756,s7_p4
1779294312.0,7,2,0.000000,s7_p2
1779294312.0,7,3,0.000000,s7_p3
1779294312.0,4,1,0.423400,s4_p1
1779294312.0,4,4,0.000000,s4_p4
1779294312.0,4,2,0.495983,s4_p2
1779294312.0,4,3,0.000000,s4_p3
1779294312.0,20,1,0.000000,s20_p1
1779294312.0,20,4,0.000000,s20_p4
1779294312.0,20,2,0.919441,s20_p2
1779294312.0,20,3,0.000000,s20_p3
1779294312.0,16,1,0.000000,s16_p1
1779294312.0,16,4,0.000000,s16_p4
1779294312.0,16,2,0.846863,s16_p2
1779294312.0,16,3,0.000000,s16_p3
1779294312.0,17,4,1.000000,s17_p4
1779294312.0,17,1,0.000000,s17_p1
1779294312.0,17,2,0.000000,s17_p2
1779294312.0,17,3,0.000000,s17_p3
1779294312.0,9,1,0.000000,s9_p1
1779294312.0,9,4,0.000000,s9_p4
1779294312.0,9,2,0.000000,s9_p2
1779294312.0,9,3,0.411320,s9_p3
1779294312.0,11,4,0.000000,s11_p4
1779294312.0,11,1,0.000000,s11_p1
1779294312.0,11,2,0.000000,s11_p2
1779294312.0,11,3,0.000000,s11_p3
1779294312.0,19,1,0.000000,s19_p1
1779294312.0,19,4,0.000000,s19_p4
1779294312.0,19,2,0.000000,s19_p2
1779294312.0,19,3,0.000000,s19_p3
1779294312.0,6,1,0.217299,s6_p1
1779294312.0,6,4,0.494959,s6_p4
1779294312.0,6,2,0.000000,s6_p2
1779294312.0,6,3,0.000000,s6_p3
1779294312.0,19,1,0.000000,s19_p1
1779294312.0,19,4,0.000000,s19_p4
1779294312.0,19,2,0.000000,s19_p2
1779294312.0,19,3,0.000000,s19_p3
1779294312.0,14,4,0.507059,s14_p4
1779294312.0,14,1,0.000000,s14_p1
1779294312.0,14,2,0.000000,s14_p2
1779294312.0,14,3,0.000000,s14_p3
1779294312.0,8,4,0.000000,s8_p4
1779294312.0,8,1,0.845067,s8_p1
1779294312.0,8,2,0.615692,s8_p2
1779294312.0,8,3,0.000000,s8_p3
1779294312.0,15,4,0.000000,s15_p4
1779294312.0,15,1,0.386275,s15_p1
1779294312.0,15,2,0.615626,s15_p2
1779294312.0,15,3,0.000000,s15_p3
1779294312.0,1,4,0.000000,s1_p4
1779294312.0,1,1,0.289665,s1_p1
1779294312.0,1,2,0.000000,s1_p2
1779294312.0,1,3,0.000000,s1_p3
1779294312.0,13,4,0.000000,s13_p4
1779294312.0,13,1,0.000000,s13_p1
1779294312.0,13,2,0.217422,s13_p2
1779294312.0,13,3,0.664346,s13_p3
1779294312.0,10,1,0.000000,s10_p1
1779294312.0,10,4,0.410409,s10_p4
1779294312.0,10,2,0.000000,s10_p2
1779294312.0,10,3,0.000000,s10_p3
1779294312.0,3,4,0.000000,s3_p4
1779294312.0,3,1,0.518983,s3_p1
1779294312.0,3,2,0.000000,s3_p2
1779294312.0,3,3,0.000000,s3_p3
1779294312.0,7,1,0.386289,s7_p1
1779294312.0,7,4,0.845008,s7_p4
1779294312.0,7,2,0.000000,s7_p2
1779294312.0,7,3,0.000000,s7_p3
1779294312.0,2,1,0.000000,s2_p1
1779294312.0,2,4,0.410382,s2_p4
1779294312.0,2,2,0.000000,s2_p2
1779294312.0,2,3,0.410382,s2_p3
1779294312.0,4,1,0.410400,s4_p1
1779294312.0,4,4,0.000000,s4_p4
1779294312.0,4,2,0.506965,s4_p2
1779294312.0,4,3,0.000000,s4_p3
1779294312.0,5,4,0.000000,s5_p4
1779294312.0,5,1,0.000000,s5_p1
1779294312.0,5,2,0.000000,s5_p2
1779294312.0,5,3,0.893118,s5_p3
1779294312.0,18,1,0.000000,s18_p1
1779294312.0,18,4,0.000000,s18_p4
1779294312.0,18,2,0.000000,s18_p2
1779294312.0,18,3,0.000000,s18_p3
1779294312.0,17,4,1.000000,s17_p4
1779294312.0,17,1,0.000000,s17_p1
1779294312.0,17,2,0.000000,s17_p2
1779294312.0,17,3,0.000000,s17_p3
1779294312.0,12,4,0.000000,s12_p4
1779294312.0,12,1,0.000000,s12_p1
1779294312.0,12,2,0.917239,s12_p2
1779294312.0,12,3,0.000000,s12_p3
1779294312.0,16,1,0.000000,s16_p1
1779294312.0,16,4,0.000000,s16_p4
1779294312.0,16,2,0.845149,s16_p2
1779294312.0,16,3,0.000000,s16_p3
1779294312.0,20,1,0.000000,s20_p1
1779294312.0,20,4,0.000000,s20_p4
1779294312.0,20,2,0.917273,s20_p2
1779294312.0,20,3,0.000000,s20_p3
1779294312.0,9,1,0.000000,s9_p1
1779294312.0,9,4,0.000000,s9_p4
1779294312.0,9,2,0.000000,s9_p2
1779294312.0,9,3,0.410445,s9_p3
1779294312.0,11,4,0.000000,s11_p4
1779294312.0,11,1,0.000000,s11_p1
1779294312.0,11,2,0.000000,s11_p2
1779294312.0,11,3,0.000000,s11_p3
1779294313.0,14,4,0.495822,s14_p4
1779294313.0,14,1,0.000000,s14_p1
1779294313.0,14,2,0.000000,s14_p2
1779294313.0,14,3,0.000000,s14_p3
1779294313.0,6,1,0.217445,s6_p1
1779294313.0,6,4,0.507371,s6_p4
1779294313.0,6,2,0.000000,s6_p2
1779294313.0,6,3,0.000000,s6_p3
1779294313.0,13,4,0.000000,s13_p4
1779294313.0,13,1,0.000000,s13_p1
1779294313.0,13,2,0.217559,s13_p2
1779294313.0,13,3,0.676851,s13_p3
1779294313.0,10,1,0.000000,s10_p1
1779294313.0,10,4,0.423008,s10_p4
1779294313.0,10,2,0.000000,s10_p2
1779294313.0,10,3,0.000000,s10_p3
1779294313.0,1,4,0.000000,s1_p4
1779294313.0,1,1,0.290040,s1_p1
1779294313.0,1,2,0.000000,s1_p2
1779294313.0,1,3,0.000000,s1_p3
1779294313.0,3,4,0.000000,s3_p4
1779294313.0,3,1,0.507599,s3_p1
1779294313.0,3,2,0.000000,s3_p2
1779294313.0,3,3,0.000000,s3_p3
1779294313.0,4,1,0.423143,s4_p1
1779294313.0,4,4,0.000000,s4_p4
1779294313.0,4,2,0.495682,s4_p2
1779294313.0,4,3,0.000000,s4_p3
1779294313.0,20,1,0.000000,s20_p1
1779294313.0,20,4,0.000000,s20_p4
1779294313.0,20,2,0.918866,s20_p2
1779294313.0,20,3,0.000000,s20_p3
1779294313.0,8,4,0.000000,s8_p4
1779294313.0,8,1,0.845422,s8_p1
1779294313.0,8,2,0.628027,s8_p2
1779294313.0,8,3,0.000000,s8_p3
1779294313.0,7,1,0.362611,s7_p1
1779294313.0,7,4,0.846092,s7_p4
1779294313.0,7,2,0.000000,s7_p2
1779294313.0,7,3,0.000000,s7_p3
1779294313.0,5,4,0.000000,s5_p4
1779294313.0,5,1,0.000000,s5_p1
1779294313.0,5,2,0.000000,s5_p2
1779294313.0,5,3,0.882442,s5_p3
1779294313.0,15,4,0.000000,s15_p4
1779294313.0,15,1,0.362314,s15_p1
1779294313.0,15,2,0.628010,s15_p2
1779294313.0,15,3,0.000000,s15_p3
1779294313.0,18,1,0.000000,s18_p1
1779294313.0,18,4,0.000000,s18_p4
1779294313.0,18,2,0.000000,s18_p2
1779294313.0,18,3,0.000000,s18_p3
1779294313.0,17,4,1.000000,s17_p4
1779294313.0,17,1,0.000000,s17_p1
1779294313.0,17,2,0.000000,s17_p2
1779294313.0,17,3,0.000000,s17_p3
1779294313.0,12,4,0.000000,s12_p4
1779294313.0,12,1,0.000000,s12_p1
1779294313.0,12,2,0.918352,s12_p2
1779294313.0,12,3,0.000000,s12_p3
1779294313.0,9,1,0.000000,s9_p1
1779294313.0,9,4,0.000000,s9_p4
1779294313.0,9,2,0.000000,s9_p2
1779294313.0,9,3,0.398743,s9_p3
1779294313.0,11,4,0.000000,s11_p4
1779294313.0,11,1,0.000000,s11_p1
1779294313.0,11,2,0.000000,s11_p2
1779294313.0,11,3,0.000000,s11_p3
1779294313.0,16,1,0.000000,s16_p1
1779294313.0,16,4,0.000000,s16_p4
1779294313.0,16,2,0.845553,s16_p2
1779294313.0,16,3,0.000000,s16_p3
1779294313.0,2,1,0.000000,s2_p1
1779294313.0,2,4,0.422637,s2_p4
1779294313.0,2,2,0.000000,s2_p2
1779294313.0,2,3,0.398486,s2_p3
1779294313.0,19,1,0.000000,s19_p1
1779294313.0,19,4,0.000000,s19_p4
1779294313.0,19,2,0.000000,s19_p2
1779294313.0,19,3,0.000000,s19_p3
1779294313.0,1,4,0.000000,s1_p4
1779294313.0,1,1,0.289676,s1_p1
1779294313.0,1,2,0.000000,s1_p2
1779294313.0,1,3,0.000000,s1_p3
1779294313.0,14,4,0.506417,s14_p4
1779294313.0,14,1,0.000000,s14_p1
1779294313.0,14,2,0.000000,s14_p2
1779294313.0,14,3,0.000000,s14_p3
1779294313.0,6,1,0.217057,s6_p1
1779294313.0,6,4,0.506466,s6_p4
1779294313.0,6,2,0.000000,s6_p2
1779294313.0,6,3,0.000000,s6_p3
1779294313.0,3,4,0.000000,s3_p4
1779294313.0,3,1,0.518501,s3_p1
1779294313.0,3,2,0.000000,s3_p2
1779294313.0,3,3,0.000000,s3_p3
1779294313.0,4,1,0.410113,s4_p1
1779294313.0,4,4,0.000000,s4_p4
1779294313.0,4,2,0.506610,s4_p2
1779294313.0,4,3,0.000000,s4_p3
1779294313.0,15,4,0.000000,s15_p4
1779294313.0,15,1,0.373978,s15_p1
1779294313.0,15,2,0.627319,s15_p2
1779294313.0,15,3,0.000000,s15_p3
1779294313.0,20,1,0.000000,s20_p1
1779294313.0,20,4,0.000000,s20_p4
1779294313.0,20,2,0.916737,s20_p2
1779294313.0,20,3,0.000000,s20_p3
1779294313.0,8,4,0.000000,s8_p4
1779294313.0,8,1,0.844373,s8_p1
1779294313.0,8,2,0.627249,s8_p2
1779294313.0,8,3,0.000000,s8_p3
1779294313.0,13,4,0.000000,s13_p4
1779294313.0,13,1,0.000000,s13_p1
1779294313.0,13,2,0.216974,s13_p2
1779294313.0,13,3,0.662977,s13_p3
1779294313.0,10,1,0.000000,s10_p1
1779294313.0,10,4,0.409853,s10_p4
1779294313.0,10,2,0.000000,s10_p2
1779294313.0,10,3,0.000000,s10_p3
1779294313.0,7,1,0.373907,s7_p1
1779294313.0,7,4,0.844307,s7_p4
1779294313.0,7,2,0.000000,s7_p2
1779294313.0,7,3,0.000000,s7_p3
1779294313.0,5,4,0.000000,s5_p4
1779294313.0,5,1,0.000000,s5_p1
1779294313.0,5,2,0.000000,s5_p2
1779294313.0,5,3,0.880487,s5_p3
1779294313.0,9,1,0.000000,s9_p1
1779294313.0,9,4,0.000000,s9_p4
1779294313.0,9,2,0.000000,s9_p2
1779294313.0,9,3,0.410132,s9_p3
1779294313.0,18,1,0.000000,s18_p1
1779294313.0,18,4,0.000000,s18_p4
1779294313.0,18,2,0.000000,s18_p2
1779294313.0,18,3,0.000000,s18_p3
1779294313.0,11,4,0.000000,s11_p4
1779294313.0,11,1,0.000000,s11_p1
1779294313.0,11,2,0.000000,s11_p2
1779294313.0,11,3,0.000000,s11_p3
1779294313.0,16,1,0.000000,s16_p1
1779294313.0,16,4,0.000000,s16_p4
1779294313.0,16,2,0.844354,s16_p2
1779294313.0,16,3,0.000000,s16_p3
1779294313.0,12,4,0.000000,s12_p4
1779294313.0,12,1,0.000000,s12_p1
1779294313.0,12,2,0.916368,s12_p2
1779294313.0,12,3,0.000000,s12_p3
1779294313.0,2,1,0.000000,s2_p1
1779294313.0,2,4,0.410180,s2_p4
1779294313.0,2,2,0.000000,s2_p2
1779294313.0,2,3,0.410180,s2_p3
1779294313.0,17,4,0.988643,s17_p4
1779294313.0,17,1,0.000000,s17_p1
1779294313.0,17,2,0.000000,s17_p2
1779294313.0,17,3,0.000000,s17_p3
1779294313.0,19,1,0.000000,s19_p1
1779294313.0,19,4,0.000000,s19_p4
1779294313.0,19,2,0.000000,s19_p2
1779294313.0,19,3,0.000000,s19_p3
1779294314.0,19,1,0.000000,s19_p1
1779294314.0,19,4,0.000000,s19_p4
1779294314.0,19,2,0.000000,s19_p2
1779294314.0,19,3,0.000000,s19_p3
1779294314.0,15,4,0.000000,s15_p4
1779294314.0,15,1,0.362184,s15_p1
1779294314.0,15,2,0.639858,s15_p2
1779294314.0,15,3,0.000000,s15_p3
1779294314.0,14,4,0.494431,s14_p4
1779294314.0,14,1,0.000000,s14_p1
1779294314.0,14,2,0.000000,s14_p2
1779294314.0,14,3,0.000000,s14_p3
1779294314.0,3,4,0.000000,s3_p4
1779294314.0,3,1,0.518867,s3_p1
1779294314.0,3,2,0.000000,s3_p2
1779294314.0,3,3,0.000000,s3_p3
1779294314.0,10,1,0.000000,s10_p1
1779294314.0,10,4,0.410350,s10_p4
1779294314.0,10,2,0.000000,s10_p2
1779294314.0,10,3,0.000000,s10_p3
1779294314.0,1,4,0.000000,s1_p4
1779294314.0,1,1,0.301343,s1_p1
1779294314.0,1,2,0.000000,s1_p2
1779294314.0,1,3,0.000000,s1_p3
1779294314.0,6,1,0.204960,s6_p1
1779294314.0,6,4,0.494315,s6_p4
1779294314.0,6,2,0.000000,s6_p2
1779294314.0,6,3,0.000000,s6_p3
1779294314.0,8,4,0.000000,s8_p4
1779294314.0,8,1,0.843848,s8_p1
1779294314.0,8,2,0.638913,s8_p2
1779294314.0,8,3,0.000000,s8_p3
1779294314.0,13,4,0.000000,s13_p4
1779294314.0,13,1,0.000000,s13_p1
1779294314.0,13,2,0.204921,s13_p2
1779294314.0,13,3,0.675034,s13_p3
1779294314.0,18,1,0.000000,s18_p1
1779294314.0,18,4,0.000000,s18_p4
1779294314.0,18,2,0.000000,s18_p2
1779294314.0,18,3,0.000000,s18_p3
1779294314.0,5,4,0.000000,s5_p4
1779294314.0,5,1,0.000000,s5_p1
1779294314.0,5,2,0.000000,s5_p2
1779294314.0,5,3,0.879999,s5_p3
1779294314.0,7,1,0.361627,s7_p1
1779294314.0,7,4,0.843796,s7_p4
1779294314.0,7,2,0.000000,s7_p2
1779294314.0,7,3,0.000000,s7_p3
1779294314.0,16,1,0.000000,s16_p1
1779294314.0,16,4,0.000000,s16_p4
1779294314.0,16,2,0.844437,s16_p2
1779294314.0,16,3,0.000000,s16_p3
1779294314.0,4,1,0.409753,s4_p1
1779294314.0,4,4,0.000000,s4_p4
1779294314.0,4,2,0.494114,s4_p2
1779294314.0,4,3,0.000000,s4_p3
1779294314.0,20,1,0.000000,s20_p1
1779294314.0,20,4,0.000000,s20_p4
1779294314.0,20,2,0.903895,s20_p2
1779294314.0,20,3,0.000000,s20_p3
1779294314.0,2,1,0.000000,s2_p1
1779294314.0,2,4,0.410143,s2_p4
1779294314.0,2,2,0.000000,s2_p2
1779294314.0,2,3,0.410143,s2_p3
1779294314.0,12,4,0.000000,s12_p4
1779294314.0,12,1,0.000000,s12_p1
1779294314.0,12,2,0.904694,s12_p2
1779294314.0,12,3,0.000000,s12_p3
1779294314.0,11,4,0.000000,s11_p4
1779294314.0,11,1,0.000000,s11_p1
1779294314.0,11,2,0.000000,s11_p2
1779294314.0,11,3,0.000000,s11_p3
1779294314.0,17,4,1.000000,s17_p4
1779294314.0,17,1,0.000000,s17_p1
1779294314.0,17,2,0.000000,s17_p2
1779294314.0,17,3,0.000000,s17_p3
1779294314.0,9,1,0.000000,s9_p1
1779294314.0,9,4,0.000000,s9_p4
1779294314.0,9,2,0.000000,s9_p2
1779294314.0,9,3,0.409939,s9_p3
1779294314.0,19,1,0.000000,s19_p1
1779294314.0,19,4,0.000000,s19_p4
1779294314.0,19,2,0.000000,s19_p2
1779294314.0,19,3,0.000000,s19_p3
1779294314.0,6,1,0.220384,s6_p1
1779294314.0,6,4,0.528922,s6_p4
1779294314.0,6,2,0.000000,s6_p2
1779294314.0,6,3,0.000000,s6_p3
1779294314.0,1,4,0.000000,s1_p4
1779294314.0,1,1,0.264293,s1_p1
1779294314.0,1,2,0.000000,s1_p2
1779294314.0,1,3,0.000000,s1_p3
1779294314.0,3,4,0.000000,s3_p4
1779294314.0,3,1,0.528351,s3_p1
1779294314.0,3,2,0.000000,s3_p2
1779294314.0,3,3,0.000000,s3_p3
1779294314.0,14,4,0.527946,s14_p4
1779294314.0,14,1,0.000000,s14_p1
1779294314.0,14,2,0.000000,s14_p2
1779294314.0,14,3,0.000000,s14_p3
1779294314.0,15,4,0.000000,s15_p4
1779294314.0,15,1,0.922078,s15_p1
1779294314.0,15,2,1.000000,s15_p2
1779294314.0,15,3,0.000000,s15_p3
1779294314.0,7,1,0.927438,s7_p1
1779294314.0,7,4,0.839111,s7_p4
1779294314.0,7,2,0.000000,s7_p2
1779294314.0,7,3,0.000000,s7_p3
1779294314.0,8,4,0.000000,s8_p4
1779294314.0,8,1,0.838512,s8_p1
1779294314.0,8,2,1.000000,s8_p2
1779294314.0,8,3,0.000000,s8_p3
1779294314.0,10,1,0.000000,s10_p1
1779294314.0,10,4,0.439499,s10_p4
1779294314.0,10,2,0.000000,s10_p2
1779294314.0,10,3,0.000000,s10_p3
1779294314.0,4,1,0.440315,s4_p1
1779294314.0,4,4,0.000000,s4_p4
1779294314.0,4,2,0.484346,s4_p2
1779294314.0,4,3,0.000000,s4_p3
1779294314.0,12,4,0.000000,s12_p4
1779294314.0,12,1,0.000000,s12_p1
1779294314.0,12,2,0.924598,s12_p2
1779294314.0,12,3,0.000000,s12_p3
1779294314.0,13,4,0.000000,s13_p4
1779294314.0,13,1,0.000000,s13_p1
1779294314.0,13,2,0.219969,s13_p2
1779294314.0,13,3,0.659907,s13_p3
1779294314.0,18,1,0.000000,s18_p1
1779294314.0,18,4,0.000000,s18_p4
1779294314.0,18,2,0.000000,s18_p2
1779294314.0,18,3,0.000000,s18_p3
1779294314.0,5,4,0.000000,s5_p4
1779294314.0,5,1,0.000000,s5_p1
1779294314.0,5,2,0.000000,s5_p2
1779294314.0,5,3,0.879910,s5_p3
1779294314.0,20,1,0.000000,s20_p1
1779294314.0,20,4,0.000000,s20_p4
1779294314.0,20,2,0.924119,s20_p2
1779294314.0,20,3,0.000000,s20_p3
1779294314.0,16,1,0.000000,s16_p1
1779294314.0,16,4,0.000000,s16_p4
1779294314.0,16,2,0.878723,s16_p2
1779294314.0,16,3,0.000000,s16_p3
1779294314.0,9,1,0.000000,s9_p1
1779294314.0,9,4,0.000000,s9_p4
1779294314.0,9,2,0.000000,s9_p2
1779294314.0,9,3,0.439899,s9_p3
1779294314.0,2,1,0.000000,s2_p1
1779294314.0,2,4,0.439317,s2_p4
1779294314.0,2,2,0.000000,s2_p2
1779294314.0,2,3,0.439317,s2_p3
1779294314.0,11,4,0.000000,s11_p4
1779294314.0,11,1,0.000000,s11_p1
1779294314.0,11,2,0.000000,s11_p2
1779294314.0,11,3,0.000000,s11_p3
1779294314.0,17,4,1.000000,s17_p4
1779294314.0,17,1,0.000000,s17_p1
1779294314.0,17,2,0.000000,s17_p2
1779294314.0,17,3,0.000000,s17_p3
1779294314.0,14,4,0.494994,s14_p4
1779294314.0,14,1,0.000000,s14_p1
1779294314.0,14,2,0.000000,s14_p2
1779294314.0,14,3,0.000000,s14_p3
1779294314.0,1,4,0.000000,s1_p4
1779294314.0,1,1,0.289694,s1_p1
1779294314.0,1,2,0.000000,s1_p2
1779294314.0,1,3,0.000000,s1_p3
1779294314.0,13,4,0.000000,s13_p4
1779294314.0,13,1,0.000000,s13_p1
1779294314.0,13,2,0.217458,s13_p2
1779294314.0,13,3,0.664454,s13_p3
1779294314.0,4,1,0.410674,s4_p1
1779294314.0,4,4,0.000000,s4_p4
1779294314.0,4,2,0.507303,s4_p2
1779294314.0,4,3,0.000000,s4_p3
1779294314.0,8,4,0.000000,s8_p4
1779294314.0,8,1,0.856848,s8_p1
1779294314.0,8,2,0.627551,s8_p2
1779294314.0,8,3,0.000000,s8_p3
1779294314.0,10,1,0.000000,s10_p1
1779294314.0,10,4,0.410323,s10_p4
1779294314.0,10,2,0.000000,s10_p2
1779294314.0,10,3,0.000000,s10_p3
1779294314.0,7,1,0.374089,s7_p1
1779294314.0,7,4,0.856784,s7_p4
1779294314.0,7,2,0.000000,s7_p2
1779294314.0,7,3,0.000000,s7_p3
1779294314.0,3,4,0.000000,s3_p4
1779294314.0,3,1,0.518640,s3_p1
1779294314.0,3,2,0.000000,s3_p2
1779294314.0,3,3,0.000000,s3_p3
1779294314.0,15,4,0.000000,s15_p4
1779294314.0,15,1,0.374037,s15_p1
1779294314.0,15,2,0.627417,s15_p2
1779294314.0,15,3,0.000000,s15_p3
1779294314.0,12,4,0.000000,s12_p4
1779294314.0,12,1,0.000000,s12_p1
1779294314.0,12,2,0.917367,s12_p2
1779294314.0,12,3,0.000000,s12_p3
1779294314.0,20,1,0.000000,s20_p1
1779294314.0,20,4,0.000000,s20_p4
1779294314.0,20,2,0.917398,s20_p2
1779294314.0,20,3,0.000000,s20_p3
1779294314.0,16,1,0.000000,s16_p1
1779294314.0,16,4,0.000000,s16_p4
1779294314.0,16,2,0.845273,s16_p2
1779294314.0,16,3,0.000000,s16_p3
1779294314.0,2,1,0.000000,s2_p1
1779294314.0,2,4,0.410584,s2_p4
1779294314.0,2,2,0.000000,s2_p2
1779294314.0,2,3,0.410584,s2_p3
1779294314.0,5,4,0.000000,s5_p4
1779294314.0,5,1,0.000000,s5_p1
1779294314.0,5,2,0.000000,s5_p2
1779294314.0,5,3,0.881079,s5_p3
1779294314.0,17,4,1.000000,s17_p4
1779294314.0,17,1,0.000000,s17_p1
1779294314.0,17,2,0.000000,s17_p2
1779294314.0,17,3,0.000000,s17_p3
1779294314.0,18,1,0.000000,s18_p1
1779294314.0,18,4,0.000000,s18_p4
1779294314.0,18,2,0.000000,s18_p2
1779294314.0,18,3,0.000000,s18_p3
1779294314.0,11,4,0.000000,s11_p4
1779294314.0,11,1,0.000000,s11_p1
1779294314.0,11,2,0.000000,s11_p2
1779294314.0,11,3,0.000000,s11_p3
1779294314.0,19,1,0.000000,s19_p1
1779294314.0,19,4,0.000000,s19_p4
1779294314.0,19,2,0.000000,s19_p2
1779294314.0,19,3,0.000000,s19_p3
1779294314.0,9,1,0.000000,s9_p1
1779294314.0,9,4,0.000000,s9_p4
1779294314.0,9,2,0.000000,s9_p2
1779294314.0,9,3,0.410390,s9_p3
1779294314.0,6,1,0.216789,s6_p1
1779294314.0,6,4,0.493798,s6_p4
1779294314.0,6,2,0.000000,s6_p2
1779294314.0,6,3,0.000000,s6_p3
1779294315.0,6,1,0.217765,s6_p1
1779294315.0,6,4,0.508118,s6_p4
1779294315.0,6,2,0.000000,s6_p2
1779294315.0,6,3,0.000000,s6_p3
1779294315.0,1,4,0.000000,s1_p4
1779294315.0,1,1,0.289564,s1_p1
1779294315.0,1,2,0.000000,s1_p2
1779294315.0,1,3,0.000000,s1_p3
1779294315.0,15,4,0.000000,s15_p4
1779294315.0,15,1,0.386363,s15_p1
1779294315.0,15,2,0.615766,s15_p2
1779294315.0,15,3,0.000000,s15_p3
1779294315.0,14,4,0.506596,s14_p4
1779294315.0,14,1,0.000000,s14_p1
1779294315.0,14,2,0.000000,s14_p2
1779294315.0,14,3,0.000000,s14_p3
1779294315.0,3,4,0.000000,s3_p4
1779294315.0,3,1,0.519133,s3_p1
1779294315.0,3,2,0.000000,s3_p2
1779294315.0,3,3,0.000000,s3_p3
1779294315.0,8,4,0.000000,s8_p4
1779294315.0,8,1,0.844312,s8_p1
1779294315.0,8,2,0.615142,s8_p2
1779294315.0,8,3,0.000000,s8_p3
1779294315.0,5,4,0.000000,s5_p4
1779294315.0,5,1,0.000000,s5_p1
1779294315.0,5,2,0.000000,s5_p2
1779294315.0,5,3,0.893268,s5_p3
1779294315.0,10,1,0.000000,s10_p1
1779294315.0,10,4,0.422112,s10_p4
1779294315.0,10,2,0.000000,s10_p2
1779294315.0,10,3,0.000000,s10_p3
1779294315.0,20,1,0.000000,s20_p1
1779294315.0,20,4,0.000000,s20_p4
1779294315.0,20,2,0.929336,s20_p2
1779294315.0,20,3,0.000000,s20_p3
1779294315.0,13,4,0.000000,s13_p4
1779294315.0,13,1,0.000000,s13_p1
1779294315.0,13,2,0.217048,s13_p2
1779294315.0,13,3,0.675261,s13_p3
1779294315.0,7,1,0.385891,s7_p1
1779294315.0,7,4,0.844136,s7_p4
1779294315.0,7,2,0.000000,s7_p2
1779294315.0,7,3,0.000000,s7_p3
1779294315.0,4,1,0.422023,s4_p1
1779294315.0,4,4,0.000000,s4_p4
1779294315.0,4,2,0.506427,s4_p2
1779294315.0,4,3,0.000000,s4_p3
1779294315.0,9,1,0.000000,s9_p1
1779294315.0,9,4,0.000000,s9_p4
1779294315.0,9,2,0.000000,s9_p2
1779294315.0,9,3,0.410288,s9_p3
1779294315.0,12,4,0.000000,s12_p4
1779294315.0,12,1,0.000000,s12_p1
1779294315.0,12,2,0.928587,s12_p2
1779294315.0,12,3,0.000000,s12_p3
1779294315.0,19,1,0.000000,s19_p1
1779294315.0,19,4,0.000000,s19_p4
1779294315.0,19,2,0.000000,s19_p2
1779294315.0,19,3,0.000000,s19_p3
1779294315.0,16,1,0.000000,s16_p1
1779294315.0,16,4,0.000000,s16_p4
1779294315.0,16,2,0.844207,s16_p2
1779294315.0,16,3,0.000000,s16_p3
1779294315.0,2,1,0.000000,s2_p1
1779294315.0,2,4,0.422111,s2_p4
1779294315.0,2,2,0.000000,s2_p2
1779294315.0,2,3,0.410051,s2_p3
1779294315.0,18,1,0.000000,s18_p1
1779294315.0,18,4,0.000000,s18_p4
1779294315.0,18,2,0.000000,s18_p2
1779294315.0,18,3,0.000000,s18_p3
1779294315.0,11,4,0.000000,s11_p4
1779294315.0,11,1,0.000000,s11_p1
1779294315.0,11,2,0.000000,s11_p2
1779294315.0,11,3,0.000000,s11_p3
1779294315.0,17,4,1.000000,s17_p4
1779294315.0,17,1,0.000000,s17_p1
1779294315.0,17,2,0.000000,s17_p2
1779294315.0,17,3,0.000000,s17_p3
1779294315.0,14,4,0.495058,s14_p4
1779294315.0,14,1,0.000000,s14_p1
1779294315.0,14,2,0.000000,s14_p2
1779294315.0,14,3,0.000000,s14_p3
1779294315.0,1,4,0.000000,s1_p4
1779294315.0,1,1,0.301773,s1_p1
1779294315.0,1,2,0.000000,s1_p2
1779294315.0,1,3,0.000000,s1_p3
1779294315.0,6,1,0.217122,s6_p1
1779294315.0,6,4,0.494555,s6_p4
1779294315.0,6,2,0.000000,s6_p2
1779294315.0,6,3,0.000000,s6_p3
1779294315.0,10,1,0.000000,s10_p1
1779294315.0,10,4,0.410653,s10_p4
1779294315.0,10,2,0.000000,s10_p2
1779294315.0,10,3,0.000000,s10_p3
1779294315.0,15,4,0.000000,s15_p4
1779294315.0,15,1,0.373972,s15_p1
1779294315.0,15,2,0.627308,s15_p2
1779294315.0,15,3,0.000000,s15_p3
1779294315.0,3,4,0.000000,s3_p4
1779294315.0,3,1,0.518745,s3_p1
1779294315.0,3,2,0.000000,s3_p2
1779294315.0,3,3,0.000000,s3_p3
1779294315.0,4,1,0.410308,s4_p1
1779294315.0,4,4,0.000000,s4_p4
1779294315.0,4,2,0.494783,s4_p2
1779294315.0,4,3,0.000000,s4_p3
1779294315.0,5,4,0.000000,s5_p4
1779294315.0,5,1,0.000000,s5_p1
1779294315.0,5,2,0.000000,s5_p2
1779294315.0,5,3,0.880716,s5_p3
1779294315.0,18,1,0.000000,s18_p1
1779294315.0,18,4,0.000000,s18_p4
1779294315.0,18,2,0.000000,s18_p2
1779294315.0,18,3,0.000000,s18_p3
1779294315.0,12,4,0.000000,s12_p4
1779294315.0,12,1,0.000000,s12_p1
1779294315.0,12,2,0.905509,s12_p2
1779294315.0,12,3,0.000000,s12_p3
1779294315.0,20,1,0.000000,s20_p1
1779294315.0,20,4,0.000000,s20_p4
1779294315.0,20,2,0.904821,s20_p2
1779294315.0,20,3,0.000000,s20_p3
1779294315.0,13,4,0.000000,s13_p4
1779294315.0,13,1,0.000000,s13_p1
1779294315.0,13,2,0.217158,s13_p2
1779294315.0,13,3,0.663539,s13_p3
1779294315.0,8,4,0.000000,s8_p4
1779294315.0,8,1,0.844341,s8_p1
1779294315.0,8,2,0.627225,s8_p2
1779294315.0,8,3,0.000000,s8_p3
1779294315.0,17,4,1.000000,s17_p4
1779294315.0,17,1,0.000000,s17_p1
1779294315.0,17,2,0.000000,s17_p2
1779294315.0,17,3,0.000000,s17_p3
1779294315.0,7,1,0.374000,s7_p1
1779294315.0,7,4,0.844517,s7_p4
1779294315.0,7,2,0.000000,s7_p2
1779294315.0,7,3,0.000000,s7_p3
1779294315.0,11,4,0.000000,s11_p4
1779294315.0,11,1,0.000000,s11_p1
1779294315.0,11,2,0.000000,s11_p2
1779294315.0,11,3,0.000000,s11_p3
1779294315.0,19,1,0.000000,s19_p1
1779294315.0,19,4,0.000000,s19_p4
1779294315.0,19,2,0.000000,s19_p2
1779294315.0,19,3,0.000000,s19_p3
1779294315.0,9,1,0.000000,s9_p1
1779294315.0,9,4,0.000000,s9_p4
1779294315.0,9,2,0.000000,s9_p2
1779294315.0,9,3,0.410236,s9_p3
1779294315.0,16,1,0.000000,s16_p1
1779294315.0,16,4,0.000000,s16_p4
1779294315.0,16,2,0.844590,s16_p2
1779294315.0,16,3,0.000000,s16_p3
1779294315.0,2,1,0.000000,s2_p1
1779294315.0,2,4,0.410222,s2_p4
1779294315.0,2,2,0.000000,s2_p2
1779294315.0,2,3,0.410222,s2_p3
1779294316.0,6,1,0.435430,s6_p1
1779294316.0,6,4,0.508001,s6_p4
1779294316.0,6,2,0.157238,s6_p2
1779294316.0,6,3,0.000000,s6_p3
1779294316.0,14,4,0.664692,s14_p4
1779294316.0,14,1,0.217536,s14_p1
1779294316.0,14,2,0.157109,s14_p2
1779294316.0,14,3,0.000000,s14_p3
1779294316.0,10,1,0.000000,s10_p1
1779294316.0,10,4,0.483712,s10_p4
1779294316.0,10,2,0.181392,s10_p2
1779294316.0,10,3,0.000000,s10_p3
1779294316.0,3,4,0.120945,s3_p4
1779294316.0,3,1,0.592633,s3_p1
1779294316.0,3,2,0.000000,s3_p2
1779294316.0,3,3,0.000000,s3_p3
1779294316.0,1,4,0.072511,s1_p4
1779294316.0,1,1,0.290044,s1_p1
1779294316.0,1,2,0.000000,s1_p2
1779294316.0,1,3,0.084596,s1_p3
1779294316.0,7,1,0.399306,s7_p1
1779294316.0,7,4,1.000000,s7_p4
1779294316.0,7,2,0.000000,s7_p2
1779294316.0,7,3,0.000000,s7_p3
1779294316.0,4,1,0.411272,s4_p1
1779294316.0,4,4,0.000000,s4_p4
1779294316.0,4,2,0.483849,s4_p2
1779294316.0,4,3,0.556427,s4_p3
1779294316.0,5,4,0.217738,s5_p4
1779294316.0,5,1,0.000000,s5_p1
1779294316.0,5,2,0.217738,s5_p2
1779294316.0,5,3,0.883048,s5_p3
1779294316.0,15,4,0.000000,s15_p4
1779294316.0,15,1,0.398799,s15_p1
1779294316.0,15,2,0.592156,s15_p2
1779294316.0,15,3,0.000000,s15_p3
1779294316.0,8,4,0.241944,s8_p4
1779294316.0,8,1,0.967776,s8_p1
1779294316.0,8,2,0.592763,s8_p2
1779294316.0,8,3,0.000000,s8_p3
1779294316.0,20,1,0.181445,s20_p1
1779294316.0,20,4,0.120963,s20_p4
1779294316.0,20,2,0.967707,s20_p2
1779294316.0,20,3,0.374986,s20_p3
1779294316.0,13,4,0.000000,s13_p4
1779294316.0,13,1,0.000000,s13_p1
1779294316.0,13,2,0.435465,s13_p2
1779294316.0,13,3,0.665294,s13_p3
1779294316.0,2,1,0.084675,s2_p1
1779294316.0,2,4,0.411279,s2_p4
1779294316.0,2,2,0.181447,s2_p2
1779294316.0,2,3,0.411279,s2_p3
1779294316.0,12,4,0.120865,s12_p4
1779294316.0,12,1,0.072519,s12_p1
1779294316.0,12,2,0.894403,s12_p2
1779294316.0,12,3,0.000000,s12_p3
1779294316.0,18,1,0.000000,s18_p1
1779294316.0,18,4,0.000000,s18_p4
1779294316.0,18,2,0.000000,s18_p2
1779294316.0,18,3,0.000000,s18_p3
1779294316.0,9,1,0.000000,s9_p1
1779294316.0,9,4,0.000000,s9_p4
1779294316.0,9,2,0.084650,s9_p2
1779294316.0,9,3,0.411156,s9_p3
1779294316.0,16,1,0.000000,s16_p1
1779294316.0,16,4,0.374920,s16_p4
1779294316.0,16,2,0.967536,s16_p2
1779294316.0,16,3,0.000000,s16_p3
1779294316.0,17,4,1.000000,s17_p4
1779294316.0,17,1,0.000000,s17_p1
1779294316.0,17,2,0.000000,s17_p2
1779294316.0,17,3,0.229640,s17_p3
1779294316.0,11,4,0.000000,s11_p4
1779294316.0,11,1,0.000000,s11_p1
1779294316.0,11,2,0.000000,s11_p2
1779294316.0,11,3,0.423181,s11_p3
1779294316.0,19,1,0.000000,s19_p1
1779294316.0,19,4,0.000000,s19_p4
1779294316.0,19,2,0.000000,s19_p2
1779294316.0,19,3,0.000000,s19_p3
1779294316.0,6,1,0.712076,s6_p1
1779294316.0,6,4,0.494832,s6_p4
1779294316.0,6,2,0.410349,s6_p2
1779294316.0,6,3,0.000000,s6_p3
1779294316.0,14,4,1.000000,s14_p4
1779294316.0,14,1,0.591423,s14_p1
1779294316.0,14,2,0.410375,s14_p2
1779294316.0,14,3,0.000000,s14_p3
1779294316.0,3,4,0.229346,s3_p4
1779294316.0,3,1,0.675968,s3_p1
1779294316.0,3,2,0.000000,s3_p2
1779294316.0,3,3,0.000000,s3_p3
1779294316.0,1,4,0.156919,s1_p4
1779294316.0,1,1,0.289697,s1_p1
1779294316.0,1,2,0.000000,s1_p2
1779294316.0,1,3,0.132778,s1_p3
1779294316.0,10,1,0.000000,s10_p1
1779294316.0,10,4,0.579348,s10_p4
1779294316.0,10,2,0.567278,s10_p2
1779294316.0,10,3,0.000000,s10_p3
1779294316.0,13,4,0.000000,s13_p4
1779294316.0,13,1,0.000000,s13_p1
1779294316.0,13,2,0.712543,s13_p2
1779294316.0,13,3,0.676312,s13_p3
1779294316.0,15,4,0.000000,s15_p4
1779294316.0,15,1,0.555450,s15_p1
1779294316.0,15,2,0.446775,s15_p2
1779294316.0,15,3,0.000000,s15_p3
1779294316.0,7,1,0.555345,s7_p1
1779294316.0,7,4,1.000000,s7_p4
1779294316.0,7,2,0.000000,s7_p2
1779294316.0,7,3,0.000000,s7_p3
1779294316.0,4,1,0.410362,s4_p1
1779294316.0,4,4,0.000000,s4_p4
1779294316.0,4,2,0.434501,s4_p2
1779294316.0,4,3,1.000000,s4_p3
1779294316.0,5,4,0.651749,s5_p4
1779294316.0,5,1,0.000000,s5_p1
1779294316.0,5,2,0.591402,s5_p2
1779294316.0,5,3,0.893137,s5_p3
1779294316.0,12,4,0.241594,s12_p4
1779294316.0,12,1,0.157036,s12_p1
1779294316.0,12,2,0.845581,s12_p2
1779294316.0,12,3,0.000000,s12_p3
1779294316.0,18,1,0.000000,s18_p1
1779294316.0,18,4,0.000000,s18_p4
1779294316.0,18,2,0.000000,s18_p2
1779294316.0,18,3,0.000000,s18_p3
1779294316.0,8,4,0.627600,s8_p4
1779294316.0,8,1,1.000000,s8_p1
1779294316.0,8,2,0.446562,s8_p2
1779294316.0,8,3,0.000000,s8_p3
1779294316.0,17,4,0.990180,s17_p4
1779294316.0,17,1,0.000000,s17_p1
1779294316.0,17,2,0.000000,s17_p2
1779294316.0,17,3,0.483015,s17_p3
1779294316.0,2,1,0.132796,s2_p1
1779294316.0,2,4,0.422534,s2_p4
1779294316.0,2,2,0.567402,s2_p2
1779294316.0,2,3,0.398389,s2_p3
1779294316.0,16,1,0.000000,s16_p1
1779294316.0,16,4,1.000000,s16_p4
1779294316.0,16,2,1.000000,s16_p2
1779294316.0,16,3,0.000000,s16_p3
1779294316.0,20,1,0.566963,s20_p1
1779294316.0,20,4,0.241261,s20_p4
1779294316.0,20,2,1.000000,s20_p2
1779294316.0,20,3,1.000000,s20_p3
1779294316.0,11,4,0.000000,s11_p4
1779294316.0,11,1,0.000000,s11_p1
1779294316.0,11,2,0.000000,s11_p2
1779294316.0,11,3,0.989992,s11_p3
1779294316.0,9,1,0.000000,s9_p1
1779294316.0,9,4,0.000000,s9_p4
1779294316.0,9,2,0.132764,s9_p2
1779294316.0,9,3,0.398291,s9_p3
1779294316.0,19,1,0.000000,s19_p1
1779294316.0,19,4,0.000000,s19_p4
1779294316.0,19,2,0.000000,s19_p2
1779294316.0,19,3,0.000000,s19_p3
1779294317.0,1,4,0.157002,s1_p4
1779294317.0,1,1,0.144925,s1_p1
1779294317.0,1,2,0.001358,s1_p2
1779294317.0,1,3,0.144925,s1_p3
1779294317.0,19,1,0.000000,s19_p1
1779294317.0,19,4,0.000000,s19_p4
1779294317.0,19,2,0.000000,s19_p2
1779294317.0,19,3,0.000000,s19_p3
1779294317.0,15,4,0.000000,s15_p4
1779294317.0,15,1,0.651804,s15_p1
1779294317.0,15,2,0.350043,s15_p2
1779294317.0,15,3,0.013571,s15_p3
1779294317.0,14,4,1.000000,s14_p4
1779294317.0,14,1,0.579074,s14_p1
1779294317.0,14,2,0.422385,s14_p2
1779294317.0,14,3,0.000000,s14_p3
1779294317.0,6,1,0.578745,s6_p1
1779294317.0,6,4,0.407361,s6_p4
1779294317.0,6,2,0.422145,s6_p2
1779294317.0,6,3,0.001356,s6_p3
1779294317.0,3,4,0.241284,s3_p4
1779294317.0,3,1,0.361925,s3_p1
1779294317.0,3,2,0.001356,s3_p2
1779294317.0,3,3,0.000000,s3_p3
1779294317.0,10,1,0.000000,s10_p1
1779294317.0,10,4,0.363507,s10_p4
1779294317.0,10,2,0.571089,s10_p2
1779294317.0,10,3,0.000000,s10_p3
1779294317.0,17,4,1.000000,s17_p4
1779294317.0,17,1,0.002714,s17_p1
1779294317.0,17,2,0.001581,s17_p2
1779294317.0,17,3,0.517837,s17_p3
1779294317.0,4,1,0.218721,s4_p1
1779294317.0,4,4,0.016276,s4_p4
1779294317.0,4,2,0.434282,s4_p2
1779294317.0,4,3,1.000000,s4_p3
1779294317.0,7,1,0.652752,s7_p1
1779294317.0,7,4,0.747643,s7_p4
1779294317.0,7,2,0.001356,s7_p2
1779294317.0,7,3,0.002712,s7_p3
1779294317.0,5,4,0.651422,s5_p4
1779294317.0,5,1,0.010851,s5_p1
1779294317.0,5,2,0.580398,s5_p2
1779294317.0,5,3,0.492013,s5_p3
1779294317.0,12,4,0.245485,s12_p4
1779294317.0,12,1,0.156827,s12_p1
1779294317.0,12,2,0.651434,s12_p2
1779294317.0,12,3,0.000000,s12_p3
1779294317.0,18,1,0.000000,s18_p1
1779294317.0,18,4,0.000000,s18_p4
1779294317.0,18,2,0.000000,s18_p2
1779294317.0,18,3,0.000000,s18_p3
1779294317.0,8,4,0.628668,s8_p4
1779294317.0,8,1,0.542865,s8_p1
1779294317.0,8,2,0.349847,s8_p2
1779294317.0,8,3,0.010851,s8_p3
1779294317.0,13,4,0.000000,s13_p4
1779294317.0,13,1,0.012200,s13_p1
1779294317.0,13,2,0.578693,s13_p2
1779294317.0,13,3,0.419380,s13_p3
1779294317.0,20,1,0.571331,s20_p1
1779294317.0,20,4,0.230899,s20_p4
1779294317.0,20,2,0.808648,s20_p2
1779294317.0,20,3,1.000000,s20_p3
1779294317.0,11,4,0.000000,s11_p4
1779294317.0,11,1,0.000000,s11_p1
1779294317.0,11,2,0.001580,s11_p2
1779294317.0,11,3,1.000000,s11_p3
1779294317.0,9,1,0.000000,s9_p1
1779294317.0,9,4,0.000000,s9_p4
1779294317.0,9,2,0.147538,s9_p2
1779294317.0,9,3,0.351572,s9_p3
1779294317.0,2,1,0.148835,s2_p1
1779294317.0,2,4,0.206664,s2_p4
1779294317.0,2,2,0.569711,s2_p2
1779294317.0,2,3,0.351430,s2_p3
1779294317.0,16,1,0.002936,s16_p1
1779294317.0,16,4,1.000000,s16_p4
1779294317.0,16,2,0.530814,s16_p2
1779294317.0,16,3,0.000000,s16_p3
1779294317.0,6,1,0.484206,s6_p1
1779294317.0,6,4,0.000000,s6_p4
1779294317.0,6,2,0.423680,s6_p2
1779294317.0,6,3,0.000000,s6_p3
1779294317.0,3,4,0.242066,s3_p4
1779294317.0,3,1,0.157343,s3_p1
1779294317.0,3,2,0.000000,s3_p2
1779294317.0,3,3,0.000000,s3_p3
1779294317.0,14,4,0.917171,s14_p4
1779294317.0,14,1,0.568802,s14_p1
1779294317.0,14,2,0.423576,s14_p2
1779294317.0,14,3,0.000000,s14_p3
1779294317.0,7,1,0.726420,s7_p1
1779294317.0,7,4,0.447959,s7_p4
1779294317.0,7,2,0.000000,s7_p2
1779294317.0,7,3,0.000000,s7_p3
1779294317.0,20,1,0.859482,s20_p1
1779294317.0,20,4,0.242108,s20_p4
1779294317.0,20,2,0.215303,s20_p2
1779294317.0,20,3,0.992641,s20_p3
1779294317.0,4,1,0.000000,s4_p1
1779294317.0,4,4,0.000000,s4_p4
1779294317.0,4,2,0.057919,s4_p2
1779294317.0,4,3,1.000000,s4_p3
1779294317.0,12,4,0.242062,s12_p4
1779294317.0,12,1,0.157341,s12_p1
1779294317.0,12,2,0.057922,s12_p2
1779294317.0,12,3,0.000000,s12_p3
1779294317.0,18,1,0.000000,s18_p1
1779294317.0,18,4,0.000000,s18_p4
1779294317.0,18,2,0.000000,s18_p2
1779294317.0,18,3,0.000000,s18_p3
1779294317.0,10,1,0.000000,s10_p1
1779294317.0,10,4,0.157194,s10_p4
1779294317.0,10,2,0.858522,s10_p2
1779294317.0,10,3,0.000000,s10_p3
1779294317.0,15,4,0.000000,s15_p4
1779294317.0,15,1,0.725350,s15_p1
1779294317.0,15,2,0.007916,s15_p2
1779294317.0,15,3,0.000000,s15_p3
1779294317.0,9,1,0.000000,s9_p1
1779294317.0,9,4,0.000000,s9_p4
1779294317.0,9,2,0.133095,s9_p2
1779294317.0,9,3,0.000000,s9_p3
1779294317.0,16,1,0.000000,s16_p1
1779294317.0,16,4,0.992148,s16_p4
1779294317.0,16,2,0.241987,s16_p2
1779294317.0,16,3,0.000000,s16_p3
1779294317.0,1,4,0.156889,s1_p4
1779294317.0,1,1,0.000000,s1_p1
1779294317.0,1,2,0.000000,s1_p2
1779294317.0,1,3,0.132752,s1_p3
1779294317.0,11,4,0.000000,s11_p4
1779294317.0,11,1,0.000000,s11_p1
1779294317.0,11,2,0.000000,s11_p2
1779294317.0,11,3,1.000000,s11_p3
1779294317.0,19,1,0.000000,s19_p1
1779294317.0,19,4,0.000000,s19_p4
1779294317.0,19,2,0.000000,s19_p2
1779294317.0,19,3,0.000000,s19_p3
1779294317.0,2,1,0.133070,s2_p1
1779294317.0,2,4,0.000000,s2_p4
1779294317.0,2,2,0.858905,s2_p2
1779294317.0,2,3,0.000000,s2_p3
1779294317.0,5,4,0.652886,s5_p4
1779294317.0,5,1,0.000000,s5_p1
1779294317.0,5,2,0.568252,s5_p2
1779294317.0,5,3,0.000000,s5_p3
1779294317.0,13,4,0.000000,s13_p4
1779294317.0,13,1,0.000000,s13_p1
1779294317.0,13,2,0.483660,s13_p2
1779294317.0,13,3,0.000000,s13_p3
1779294317.0,8,4,0.628703,s8_p4
1779294317.0,8,1,0.241809,s8_p1
1779294317.0,8,2,0.007916,s8_p2
1779294317.0,8,3,0.000000,s8_p3
1779294317.0,17,4,0.733180,s17_p4
1779294317.0,17,1,0.000000,s17_p1
1779294317.0,17,2,0.000000,s17_p2
1779294317.0,17,3,0.483510,s17_p3
1779294318.0,1,4,0.157499,s1_p4
1779294318.0,1,1,0.000000,s1_p1
1779294318.0,1,2,0.000000,s1_p2
1779294318.0,1,3,0.145384,s1_p3
1779294318.0,19,1,0.000000,s19_p1
1779294318.0,19,4,0.000000,s19_p4
1779294318.0,19,2,0.000000,s19_p2
1779294318.0,19,3,0.000000,s19_p3
1779294318.0,6,1,0.471430,s6_p1
1779294318.0,6,4,0.000000,s6_p4
1779294318.0,6,2,0.410990,s6_p2
1779294318.0,6,3,0.000000,s6_p3
1779294318.0,7,1,0.531965,s7_p1
1779294318.0,7,4,0.447334,s7_p4
1779294318.0,7,2,0.000000,s7_p2
1779294318.0,7,3,0.000000,s7_p3
1779294318.0,3,4,0.229558,s3_p4
1779294318.0,3,1,0.157066,s3_p1
1779294318.0,3,2,0.000000,s3_p2
1779294318.0,3,3,0.000000,s3_p3
1779294318.0,13,4,0.000000,s13_p4
1779294318.0,13,1,0.000000,s13_p1
1779294318.0,13,2,0.472129,s13_p2
1779294318.0,13,3,0.000000,s13_p3
1779294318.0,15,4,0.000000,s15_p4
1779294318.0,15,1,0.532141,s15_p1
1779294318.0,15,2,0.000000,s15_p2
1779294318.0,15,3,0.000000,s15_p3
1779294318.0,14,4,0.652394,s14_p4
1779294318.0,14,1,0.591987,s14_p1
1779294318.0,14,2,0.410767,s14_p2
1779294318.0,14,3,0.000000,s14_p3
1779294318.0,10,1,0.000000,s10_p1
1779294318.0,10,4,0.157200,s10_p4
1779294318.0,10,2,0.652985,s10_p2
1779294318.0,10,3,0.000000,s10_p3
1779294318.0,17,4,0.532197,s17_p4
1779294318.0,17,1,0.000000,s17_p1
1779294318.0,17,2,0.000000,s17_p2
1779294318.0,17,3,0.471720,s17_p3
1779294318.0,12,4,0.229534,s12_p4
1779294318.0,12,1,0.157049,s12_p1
1779294318.0,12,2,0.000000,s12_p2
1779294318.0,12,3,0.000000,s12_p3
1779294318.0,16,1,0.000000,s16_p1
1779294318.0,16,4,1.000000,s16_p4
1779294318.0,16,2,0.229721,s16_p2
1779294318.0,16,3,0.000000,s16_p3
1779294318.0,20,1,0.652273,s20_p1
1779294318.0,20,4,0.229503,s20_p4
1779294318.0,20,2,0.157029,s20_p2
1779294318.0,20,3,1.000000,s20_p3
1779294318.0,2,1,0.145102,s2_p1
1779294318.0,2,4,0.000000,s2_p4
1779294318.0,2,2,0.652957,s2_p2
1779294318.0,2,3,0.000000,s2_p3
1779294318.0,8,4,0.616719,s8_p4
1779294318.0,8,1,0.229758,s8_p1
1779294318.0,8,2,0.000000,s8_p2
1779294318.0,8,3,0.000000,s8_p3
1779294318.0,4,1,0.000000,s4_p1
1779294318.0,4,4,0.000000,s4_p4
1779294318.0,4,2,0.000000,s4_p2
1779294318.0,4,3,1.000000,s4_p3
1779294318.0,18,1,0.000000,s18_p1
1779294318.0,18,4,0.000000,s18_p4
1779294318.0,18,2,0.000000,s18_p2
1779294318.0,18,3,0.000000,s18_p3
1779294318.0,5,4,0.652919,s5_p4
1779294318.0,5,1,0.000000,s5_p1
1779294318.0,5,2,0.592464,s5_p2
1779294318.0,5,3,0.000000,s5_p3
1779294318.0,9,1,0.000000,s9_p1
1779294318.0,9,4,0.000000,s9_p4
1779294318.0,9,2,0.145027,s9_p2
1779294318.0,9,3,0.000000,s9_p3
1779294318.0,11,4,0.000000,s11_p4
1779294318.0,11,1,0.000000,s11_p1
1779294318.0,11,2,0.000000,s11_p2
1779294318.0,11,3,1.000000,s11_p3
1779294318.0,6,1,0.506680,s6_p1
1779294318.0,6,4,0.000000,s6_p4
1779294318.0,6,2,0.434297,s6_p2
1779294318.0,6,3,0.000000,s6_p3
1779294318.0,14,4,0.651815,s14_p4
1779294318.0,14,1,0.567321,s14_p1
1779294318.0,14,2,0.434543,s14_p2
1779294318.0,14,3,0.000000,s14_p3
1779294318.0,13,4,0.000000,s13_p4
1779294318.0,13,1,0.000000,s13_p1
1779294318.0,13,2,0.506908,s13_p2
1779294318.0,13,3,0.000000,s13_p3
1779294318.0,1,4,0.156751,s1_p4
1779294318.0,1,1,0.000000,s1_p1
1779294318.0,1,2,0.000000,s1_p2
1779294318.0,1,3,0.144693,s1_p3
1779294318.0,3,4,0.241364,s3_p4
1779294318.0,3,1,0.156886,s3_p1
1779294318.0,3,2,0.000000,s3_p2
1779294318.0,3,3,0.000000,s3_p3
1779294318.0,7,1,0.482682,s7_p1
1779294318.0,7,4,0.446480,s7_p4
1779294318.0,7,2,0.000000,s7_p2
1779294318.0,7,3,0.000000,s7_p3
1779294318.0,19,1,0.000000,s19_p1
1779294318.0,19,4,0.000000,s19_p4
1779294318.0,19,2,0.000000,s19_p2
1779294318.0,19,3,0.000000,s19_p3
1779294318.0,8,4,0.627710,s8_p4
1779294318.0,8,1,0.241427,s8_p1
1779294318.0,8,2,0.000000,s8_p2
1779294318.0,8,3,0.000000,s8_p3
1779294318.0,17,4,0.482720,s17_p4
1779294318.0,17,1,0.000000,s17_p1
1779294318.0,17,2,0.000000,s17_p2
1779294318.0,17,3,0.506856,s17_p3
1779294318.0,9,1,0.000000,s9_p1
1779294318.0,9,4,0.000000,s9_p4
1779294318.0,9,2,0.144881,s9_p2
1779294318.0,9,3,0.000000,s9_p3
1779294318.0,15,4,0.000000,s15_p4
1779294318.0,15,1,0.482260,s15_p1
1779294318.0,15,2,0.000000,s15_p2
1779294318.0,15,3,0.000000,s15_p3
1779294318.0,4,1,0.000000,s4_p1
1779294318.0,4,4,0.000000,s4_p4
1779294318.0,4,2,0.000000,s4_p2
1779294318.0,4,3,1.000000,s4_p3
1779294318.0,10,1,0.000000,s10_p1
1779294318.0,10,4,0.156741,s10_p4
1779294318.0,10,2,0.651078,s10_p2
1779294318.0,10,3,0.000000,s10_p3
1779294318.0,16,1,0.000000,s16_p1
1779294318.0,16,4,1.000000,s16_p4
1779294318.0,16,2,0.241364,s16_p2
1779294318.0,16,3,0.000000,s16_p3
1779294318.0,18,1,0.000000,s18_p1
1779294318.0,18,4,0.000000,s18_p4
1779294318.0,18,2,0.000000,s18_p2
1779294318.0,18,3,0.000000,s18_p3
1779294318.0,2,1,0.144821,s2_p1
1779294318.0,2,4,0.000000,s2_p4
1779294318.0,2,2,0.651694,s2_p2
1779294318.0,2,3,0.000000,s2_p3
1779294318.0,5,4,0.651734,s5_p4
1779294318.0,5,1,0.000000,s5_p1
1779294318.0,5,2,0.567250,s5_p2
1779294318.0,5,3,0.000000,s5_p3
1779294318.0,11,4,0.000000,s11_p4
1779294318.0,11,1,0.000000,s11_p1
1779294318.0,11,2,0.000000,s11_p2
1779294318.0,11,3,0.989919,s11_p3
1779294318.0,12,4,0.241333,s12_p4
1779294318.0,12,1,0.156867,s12_p1
1779294318.0,12,2,0.000000,s12_p2
1779294318.0,12,3,0.000000,s12_p3
1779294318.0,20,1,0.651628,s20_p1
1779294318.0,20,4,0.241344,s20_p4
1779294318.0,20,2,0.156873,s20_p2
1779294318.0,20,3,1.000000,s20_p3
1779294319.0,6,1,0.434426,s6_p1
1779294319.0,6,4,0.000000,s6_p4
1779294319.0,6,2,0.410292,s6_p2
1779294319.0,6,3,0.000000,s6_p3
1779294319.0,3,4,0.241383,s3_p4
1779294319.0,3,1,0.156899,s3_p1
1779294319.0,3,2,0.000000,s3_p2
1779294319.0,3,3,0.000000,s3_p3
1779294319.0,15,4,0.000000,s15_p4
1779294319.0,15,1,0.567356,s15_p1
1779294319.0,15,2,0.000000,s15_p2
1779294319.0,15,3,0.000000,s15_p3
1779294319.0,1,4,0.156744,s1_p4
1779294319.0,1,1,0.000000,s1_p1
1779294319.0,1,2,0.000000,s1_p2
1779294319.0,1,3,0.132629,s1_p3
1779294319.0,8,4,0.627541,s8_p4
1779294319.0,8,1,0.241362,s8_p1
1779294319.0,8,2,0.000000,s8_p2
1779294319.0,8,3,0.000000,s8_p3
1779294319.0,13,4,0.000000,s13_p4
1779294319.0,13,1,0.000000,s13_p1
1779294319.0,13,2,0.434021,s13_p2
1779294319.0,13,3,0.000000,s13_p3
1779294319.0,19,1,0.000000,s19_p1
1779294319.0,19,4,0.000000,s19_p4
1779294319.0,19,2,0.000000,s19_p2
1779294319.0,19,3,0.000000,s19_p3
1779294319.0,14,4,0.650943,s14_p4
1779294319.0,14,1,0.590670,s14_p1
1779294319.0,14,2,0.409853,s14_p2
1779294319.0,14,3,0.000000,s14_p3
1779294319.0,10,1,0.000000,s10_p1
1779294319.0,10,4,0.156892,s10_p4
1779294319.0,10,2,0.651704,s10_p2
1779294319.0,10,3,0.000000,s10_p3
1779294319.0,16,1,0.000000,s16_p1
1779294319.0,16,4,1.000000,s16_p4
1779294319.0,16,2,0.241200,s16_p2
1779294319.0,16,3,0.000000,s16_p3
1779294319.0,11,4,0.000000,s11_p4
1779294319.0,11,1,0.000000,s11_p1
1779294319.0,11,2,0.000000,s11_p2
1779294319.0,11,3,1.000000,s11_p3
1779294319.0,5,4,0.651197,s5_p4
1779294319.0,5,1,0.000000,s5_p1
1779294319.0,5,2,0.590901,s5_p2
1779294319.0,5,3,0.000000,s5_p3
1779294319.0,17,4,0.566662,s17_p4
1779294319.0,17,1,0.000000,s17_p1
1779294319.0,17,2,0.000000,s17_p2
1779294319.0,17,3,0.434039,s17_p3
1779294319.0,4,1,0.000000,s4_p1
1779294319.0,4,4,0.000000,s4_p4
1779294319.0,4,2,0.000000,s4_p2
1779294319.0,4,3,1.000000,s4_p3
1779294319.0,18,1,0.000000,s18_p1
1779294319.0,18,4,0.000000,s18_p4
1779294319.0,18,2,0.000000,s18_p2
1779294319.0,18,3,0.000000,s18_p3
1779294319.0,7,1,0.566085,s7_p1
1779294319.0,7,4,0.445642,s7_p4
1779294319.0,7,2,0.000000,s7_p2
1779294319.0,7,3,0.000000,s7_p3
1779294319.0,12,4,0.241157,s12_p4
1779294319.0,12,1,0.156752,s12_p1
1779294319.0,12,2,0.000000,s12_p2
1779294319.0,12,3,0.000000,s12_p3
1779294319.0,2,1,0.132624,s2_p1
1779294319.0,2,4,0.000000,s2_p4
1779294319.0,2,2,0.651065,s2_p2
1779294319.0,2,3,0.000000,s2_p3
1779294319.0,20,1,0.651098,s20_p1
1779294319.0,20,4,0.241148,s20_p4
1779294319.0,20,2,0.156746,s20_p2
1779294319.0,20,3,1.000000,s20_p3
1779294319.0,9,1,0.000000,s9_p1
1779294319.0,9,4,0.000000,s9_p4
1779294319.0,9,2,0.132581,s9_p2
1779294319.0,9,3,0.000000,s9_p3
1779294319.0,19,1,0.000000,s19_p1
1779294319.0,19,4,0.000000,s19_p4
1779294319.0,19,2,0.000000,s19_p2
1779294319.0,19,3,0.000000,s19_p3
1779294319.0,3,4,0.229761,s3_p4
1779294319.0,3,1,0.157205,s3_p1
1779294319.0,3,2,0.000000,s3_p2
1779294319.0,3,3,0.000000,s3_p3
1779294319.0,1,4,0.157350,s1_p4
1779294319.0,1,1,0.000000,s1_p1
1779294319.0,1,2,0.000000,s1_p2
1779294319.0,1,3,0.145247,s1_p3
1779294319.0,14,4,0.653681,s14_p4
1779294319.0,14,1,0.568945,s14_p1
1779294319.0,14,2,0.423682,s14_p2
1779294319.0,14,3,0.000000,s14_p3
1779294319.0,6,1,0.459406,s6_p1
1779294319.0,6,4,0.000000,s6_p4
1779294319.0,6,2,0.423137,s6_p2
1779294319.0,6,3,0.000000,s6_p3
1779294319.0,10,1,0.000000,s10_p1
1779294319.0,10,4,0.157336,s10_p4
1779294319.0,10,2,0.653549,s10_p2
1779294319.0,10,3,0.000000,s10_p3
1779294319.0,15,4,0.000000,s15_p4
1779294319.0,15,1,0.544425,s15_p1
1779294319.0,15,2,0.000000,s15_p2
1779294319.0,15,3,0.000000,s15_p3
1779294319.0,13,4,0.000000,s13_p4
1779294319.0,13,1,0.000000,s13_p1
1779294319.0,13,2,0.459587,s13_p2
1779294319.0,13,3,0.000000,s13_p3
1779294319.0,20,1,0.653799,s20_p1
1779294319.0,20,4,0.230041,s20_p4
1779294319.0,20,2,0.157396,s20_p2
1779294319.0,20,3,1.000000,s20_p3
1779294319.0,7,1,0.544757,s7_p1
1779294319.0,7,4,0.447912,s7_p4
1779294319.0,7,2,0.000000,s7_p2
1779294319.0,7,3,0.000000,s7_p3
1779294319.0,8,4,0.628803,s8_p4
1779294319.0,8,1,0.229755,s8_p1
1779294319.0,8,2,0.000000,s8_p2
1779294319.0,8,3,0.000000,s8_p3
1779294319.0,18,1,0.000000,s18_p1
1779294319.0,18,4,0.000000,s18_p4
1779294319.0,18,2,0.000000,s18_p2
1779294319.0,18,3,0.000000,s18_p3
1779294319.0,4,1,0.000000,s4_p1
1779294319.0,4,4,0.000000,s4_p4
1779294319.0,4,2,0.000000,s4_p2
1779294319.0,4,3,1.000000,s4_p3
1779294319.0,17,4,0.544411,s17_p4
1779294319.0,17,1,0.000000,s17_p1
1779294319.0,17,2,0.000000,s17_p2
1779294319.0,17,3,0.459725,s17_p3
1779294319.0,5,4,0.653250,s5_p4
1779294319.0,5,1,0.000000,s5_p1
1779294319.0,5,2,0.580667,s5_p2
1779294319.0,5,3,0.000000,s5_p3
1779294319.0,2,1,0.145190,s2_p1
1779294319.0,2,4,0.000000,s2_p4
1779294319.0,2,2,0.653355,s2_p2
1779294319.0,2,3,0.000000,s2_p3
1779294319.0,12,4,0.229872,s12_p4
1779294319.0,12,1,0.157281,s12_p1
1779294319.0,12,2,0.000000,s12_p2
1779294319.0,12,3,0.000000,s12_p3
1779294319.0,16,1,0.000000,s16_p1
1779294319.0,16,4,1.000000,s16_p4
1779294319.0,16,2,0.229741,s16_p2
1779294319.0,16,3,0.000000,s16_p3
1779294319.0,9,1,0.000000,s9_p1
1779294319.0,9,4,0.000000,s9_p4
1779294319.0,9,2,0.145164,s9_p2
1779294319.0,9,3,0.000000,s9_p3
1779294319.0,11,4,0.000000,s11_p4
1779294319.0,11,1,0.000000,s11_p1
1779294319.0,11,2,0.000000,s11_p2
1779294319.0,11,3,1.000000,s11_p3
1779294320.0,6,1,0.435208,s6_p1
1779294320.0,6,4,0.000000,s6_p4
1779294320.0,6,2,0.435208,s6_p2
1779294320.0,6,3,0.000000,s6_p3
1779294320.0,14,4,0.652350,s14_p4
1779294320.0,14,1,0.567786,s14_p1
1779294320.0,14,2,0.434900,s14_p2
1779294320.0,14,3,0.000000,s14_p3
1779294320.0,1,4,0.157026,s1_p4
1779294320.0,1,1,0.000000,s1_p1
1779294320.0,1,2,0.000000,s1_p2
1779294320.0,1,3,0.144947,s1_p3
1779294320.0,3,4,0.241543,s3_p4
1779294320.0,3,1,0.157003,s3_p1
1779294320.0,3,2,0.000000,s3_p2
1779294320.0,3,3,0.000000,s3_p3
1779294320.0,10,1,0.000000,s10_p1
1779294320.0,10,4,0.157042,s10_p4
1779294320.0,10,2,0.652330,s10_p2
1779294320.0,10,3,0.000000,s10_p3
1779294320.0,13,4,0.000000,s13_p4
1779294320.0,13,1,0.000000,s13_p1
1779294320.0,13,2,0.434901,s13_p2
1779294320.0,13,3,0.000000,s13_p3
1779294320.0,8,4,0.628233,s8_p4
1779294320.0,8,1,0.241628,s8_p1
1779294320.0,8,2,0.000000,s8_p2
1779294320.0,8,3,0.000000,s8_p3
1779294320.0,20,1,0.652338,s20_p1
1779294320.0,20,4,0.241607,s20_p4
1779294320.0,20,2,0.157044,s20_p2
1779294320.0,20,3,0.990587,s20_p3
1779294320.0,7,1,0.567780,s7_p1
1779294320.0,7,4,0.446976,s7_p4
1779294320.0,7,2,0.000000,s7_p2
1779294320.0,7,3,0.000000,s7_p3
1779294320.0,4,1,0.000000,s4_p1
1779294320.0,4,4,0.000000,s4_p4
1779294320.0,4,2,0.000000,s4_p2
1779294320.0,4,3,1.000000,s4_p3
1779294320.0,15,4,0.000000,s15_p4
1779294320.0,15,1,0.567406,s15_p1
1779294320.0,15,2,0.000000,s15_p2
1779294320.0,15,3,0.000000,s15_p3
1779294320.0,2,1,0.144964,s2_p1
1779294320.0,2,4,0.000000,s2_p4
1779294320.0,2,2,0.652339,s2_p2
1779294320.0,2,3,0.000000,s2_p3
1779294320.0,17,4,0.567707,s17_p4
1779294320.0,17,1,0.000000,s17_p1
1779294320.0,17,2,0.000000,s17_p2
1779294320.0,17,3,0.434839,s17_p3
1779294320.0,18,1,0.000000,s18_p1
1779294320.0,18,4,0.000000,s18_p4
1779294320.0,18,2,0.000000,s18_p2
1779294320.0,18,3,0.000000,s18_p3
1779294320.0,12,4,0.241580,s12_p4
1779294320.0,12,1,0.157027,s12_p1
1779294320.0,12,2,0.000000,s12_p2
1779294320.0,12,3,0.000000,s12_p3
1779294320.0,5,4,0.652226,s5_p4
1779294320.0,5,1,0.000000,s5_p1
1779294320.0,5,2,0.555600,s5_p2
1779294320.0,5,3,0.000000,s5_p3
1779294320.0,9,1,0.000000,s9_p1
1779294320.0,9,4,0.000000,s9_p4
1779294320.0,9,2,0.144952,s9_p2
1779294320.0,9,3,0.000000,s9_p3
1779294320.0,16,1,0.000000,s16_p1
1779294320.0,16,4,0.990376,s16_p4
1779294320.0,16,2,0.241555,s16_p2
1779294320.0,16,3,0.000000,s16_p3
1779294320.0,11,4,0.000000,s11_p4
1779294320.0,11,1,0.000000,s11_p1
1779294320.0,11,2,0.000000,s11_p2
1779294320.0,11,3,1.000000,s11_p3
1779294320.0,19,1,0.000000,s19_p1
1779294320.0,19,4,0.000000,s19_p4
1779294320.0,19,2,0.000000,s19_p2
1779294320.0,19,3,0.000000,s19_p3
1779294320.0,1,4,0.157093,s1_p4
1779294320.0,1,1,0.000000,s1_p1
1779294320.0,1,2,0.000000,s1_p2
1779294320.0,1,3,0.132925,s1_p3
1779294320.0,19,1,0.000000,s19_p1
1779294320.0,19,4,0.000000,s19_p4
1779294320.0,19,2,0.000000,s19_p2
1779294320.0,19,3,0.000000,s19_p3
1779294320.0,3,4,0.241515,s3_p4
1779294320.0,3,1,0.156984,s3_p1
1779294320.0,3,2,0.000000,s3_p2
1779294320.0,3,3,0.000000,s3_p3
1779294320.0,6,1,0.494646,s6_p1
1779294320.0,6,4,0.000000,s6_p4
1779294320.0,6,2,0.434323,s6_p2
1779294320.0,6,3,0.000000,s6_p3
1779294320.0,14,4,0.651900,s14_p4
1779294320.0,14,1,0.567394,s14_p1
1779294320.0,14,2,0.434600,s14_p2
1779294320.0,14,3,0.000000,s14_p3
1779294320.0,20,1,0.652115,s20_p1
1779294320.0,20,4,0.241524,s20_p4
1779294320.0,20,2,0.156991,s20_p2
1779294320.0,20,3,1.000000,s20_p3
1779294320.0,5,4,0.652569,s5_p4
1779294320.0,5,1,0.000000,s5_p1
1779294320.0,5,2,0.567977,s5_p2
1779294320.0,5,3,0.000000,s5_p3
1779294320.0,7,1,0.507140,s7_p1
1779294320.0,7,4,0.458841,s7_p4
1779294320.0,7,2,0.000000,s7_p2
1779294320.0,7,3,0.000000,s7_p3
1779294320.0,13,4,0.000000,s13_p4
1779294320.0,13,1,0.000000,s13_p1
1779294320.0,13,2,0.494987,s13_p2
1779294320.0,13,3,0.000000,s13_p3
1779294320.0,10,1,0.000000,s10_p1
1779294320.0,10,4,0.156855,s10_p4
1779294320.0,10,2,0.651553,s10_p2
1779294320.0,10,3,0.000000,s10_p3
1779294320.0,4,1,0.000000,s4_p1
1779294320.0,4,4,0.000000,s4_p4
1779294320.0,4,2,0.000000,s4_p2
1779294320.0,4,3,1.000000,s4_p3
1779294320.0,15,4,0.000000,s15_p4
1779294320.0,15,1,0.507111,s15_p1
1779294320.0,15,2,0.000000,s15_p2
1779294320.0,15,3,0.000000,s15_p3
1779294320.0,8,4,0.615707,s8_p4
1779294320.0,8,1,0.241454,s8_p1
1779294320.0,8,2,0.000000,s8_p2
1779294320.0,8,3,0.000000,s8_p3
1779294320.0,16,1,0.000000,s16_p1
1779294320.0,16,4,1.000000,s16_p4
1779294320.0,16,2,0.241615,s16_p2
1779294320.0,16,3,0.000000,s16_p3
1779294320.0,11,4,0.000000,s11_p4
1779294320.0,11,1,0.000000,s11_p1
1779294320.0,11,2,0.000000,s11_p2
1779294320.0,11,3,1.000000,s11_p3
1779294320.0,12,4,0.241495,s12_p4
1779294320.0,12,1,0.156971,s12_p1
1779294320.0,12,2,0.000000,s12_p2
1779294320.0,12,3,0.000000,s12_p3
1779294320.0,2,1,0.132801,s2_p1
1779294320.0,2,4,0.000000,s2_p4
1779294320.0,2,2,0.651934,s2_p2
1779294320.0,2,3,0.000000,s2_p3
1779294320.0,18,1,0.000000,s18_p1
1779294320.0,18,4,0.000000,s18_p4
1779294320.0,18,2,0.000000,s18_p2
1779294320.0,18,3,0.000000,s18_p3
1779294320.0,9,1,0.000000,s9_p1
1779294320.0,9,4,0.000000,s9_p4
1779294320.0,9,2,0.132859,s9_p2
1779294320.0,9,3,0.000000,s9_p3
1779294320.0,17,4,0.507069,s17_p4
1779294320.0,17,1,0.000000,s17_p1
1779294320.0,17,2,0.000000,s17_p2
1779294320.0,17,3,0.494996,s17_p3
1779294321.0,14,4,0.652155,s14_p4
1779294321.0,14,1,0.591771,s14_p1
1779294321.0,14,2,0.410616,s14_p2
1779294321.0,14,3,0.000000,s14_p3
1779294321.0,7,1,0.519456,s7_p1
1779294321.0,7,4,0.446974,s7_p4
1779294321.0,7,2,0.000000,s7_p2
1779294321.0,7,3,0.000000,s7_p3
1779294321.0,10,1,0.000000,s10_p1
1779294321.0,10,4,0.157016,s10_p4
1779294321.0,10,2,0.652221,s10_p2
1779294321.0,10,3,0.000000,s10_p3
1779294321.0,4,1,0.000000,s4_p1
1779294321.0,4,4,0.000000,s4_p4
1779294321.0,4,2,0.000000,s4_p2
1779294321.0,4,3,1.000000,s4_p3
1779294321.0,5,4,0.651706,s5_p4
1779294321.0,5,1,0.000000,s5_p1
1779294321.0,5,2,0.591363,s5_p2
1779294321.0,5,3,0.000000,s5_p3
1779294321.0,18,1,0.000000,s18_p1
1779294321.0,18,4,0.000000,s18_p4
1779294321.0,18,2,0.000000,s18_p2
1779294321.0,18,3,0.000000,s18_p3
1779294321.0,12,4,0.229468,s12_p4
1779294321.0,12,1,0.157004,s12_p1
1779294321.0,12,2,0.000000,s12_p2
1779294321.0,12,3,0.000000,s12_p3
1779294321.0,20,1,0.651564,s20_p1
1779294321.0,20,4,0.229254,s20_p4
1779294321.0,20,2,0.156858,s20_p2
1779294321.0,20,3,1.000000,s20_p3
1779294321.0,16,1,0.000000,s16_p1
1779294321.0,16,4,1.000000,s16_p4
1779294321.0,16,2,0.229427,s16_p2
1779294321.0,16,3,0.000000,s16_p3
1779294321.0,17,4,0.519288,s17_p4
1779294321.0,17,1,0.000000,s17_p1
1779294321.0,17,2,0.000000,s17_p2
1779294321.0,17,3,0.470982,s17_p3
1779294321.0,19,1,0.000000,s19_p1
1779294321.0,19,4,0.000000,s19_p4
1779294321.0,19,2,0.000000,s19_p2
1779294321.0,19,3,0.000000,s19_p3
1779294321.0,1,4,0.156509,s1_p4
1779294321.0,1,1,0.000000,s1_p1
1779294321.0,1,2,0.000000,s1_p2
1779294321.0,1,3,0.144470,s1_p3
1779294321.0,2,1,0.144811,s2_p1
1779294321.0,2,4,0.000000,s2_p4
1779294321.0,2,2,0.651650,s2_p2
1779294321.0,2,3,0.000000,s2_p3
1779294321.0,3,4,0.228914,s3_p4
1779294321.0,3,1,0.156625,s3_p1
1779294321.0,3,2,0.000000,s3_p2
1779294321.0,3,3,0.000000,s3_p3
1779294321.0,9,1,0.000000,s9_p1
1779294321.0,9,4,0.000000,s9_p4
1779294321.0,9,2,0.144811,s9_p2
1779294321.0,9,3,0.000000,s9_p3
1779294321.0,6,1,0.469874,s6_p1
1779294321.0,6,4,0.000000,s6_p4
1779294321.0,6,2,0.409634,s6_p2
1779294321.0,6,3,0.000000,s6_p3
1779294321.0,11,4,0.000000,s11_p4
1779294321.0,11,1,0.000000,s11_p1
1779294321.0,11,2,0.000000,s11_p2
1779294321.0,11,3,1.000000,s11_p3
1779294321.0,13,4,0.000000,s13_p4
1779294321.0,13,1,0.000000,s13_p1
1779294321.0,13,2,0.470047,s13_p2
1779294321.0,13,3,0.000000,s13_p3
1779294321.0,15,4,0.000000,s15_p4
1779294321.0,15,1,0.530312,s15_p1
1779294321.0,15,2,0.000000,s15_p2
1779294321.0,15,3,0.000000,s15_p3
1779294321.0,8,4,0.626723,s8_p4
1779294321.0,8,1,0.228995,s8_p1
1779294321.0,8,2,0.000000,s8_p2
1779294321.0,8,3,0.000000,s8_p3
1779294321.0,6,1,0.484199,s6_p1
1779294321.0,6,4,0.000000,s6_p4
1779294321.0,6,2,0.447884,s6_p2
1779294321.0,6,3,0.000000,s6_p3
1779294321.0,3,4,0.241957,s3_p4
1779294321.0,3,1,0.157272,s3_p1
1779294321.0,3,2,0.000000,s3_p2
1779294321.0,3,3,0.000000,s3_p3
1779294321.0,14,4,0.651712,s14_p4
1779294321.0,14,1,0.555162,s14_p1
1779294321.0,14,2,0.446544,s14_p2
1779294321.0,14,3,0.000000,s14_p3
1779294321.0,1,4,0.157239,s1_p4
1779294321.0,1,1,0.000000,s1_p1
1779294321.0,1,2,0.000000,s1_p2
1779294321.0,1,3,0.133048,s1_p3
1779294321.0,15,4,0.000000,s15_p4
1779294321.0,15,1,0.507985,s15_p1
1779294321.0,15,2,0.000000,s15_p2
1779294321.0,15,3,0.000000,s15_p3
1779294321.0,7,1,0.518771,s7_p1
1779294321.0,7,4,0.446385,s7_p4
1779294321.0,7,2,0.000000,s7_p2
1779294321.0,7,3,0.000000,s7_p3
1779294321.0,13,4,0.000000,s13_p4
1779294321.0,13,1,0.000000,s13_p1
1779294321.0,13,2,0.483694,s13_p2
1779294321.0,13,3,0.000000,s13_p3
1779294321.0,8,4,0.628847,s8_p4
1779294321.0,8,1,0.241864,s8_p1
1779294321.0,8,2,0.000000,s8_p2
1779294321.0,8,3,0.000000,s8_p3
1779294321.0,10,1,0.000000,s10_p1
1779294321.0,10,4,0.156862,s10_p4
1779294321.0,10,2,0.651580,s10_p2
1779294321.0,10,3,0.000000,s10_p3
1779294321.0,4,1,0.000000,s4_p1
1779294321.0,4,4,0.000000,s4_p4
1779294321.0,4,2,0.000000,s4_p2
1779294321.0,4,3,1.000000,s4_p3
1779294321.0,5,4,0.651779,s5_p4
1779294321.0,5,1,0.000000,s5_p1
1779294321.0,5,2,0.555219,s5_p2
1779294321.0,5,3,0.000000,s5_p3
1779294321.0,12,4,0.241405,s12_p4
1779294321.0,12,1,0.156913,s12_p1
1779294321.0,12,2,0.000000,s12_p2
1779294321.0,12,3,0.000000,s12_p3
1779294321.0,18,1,0.000000,s18_p1
1779294321.0,18,4,0.000000,s18_p4
1779294321.0,18,2,0.000000,s18_p2
1779294321.0,18,3,0.000000,s18_p3
1779294321.0,20,1,0.651777,s20_p1
1779294321.0,20,4,0.241399,s20_p4
1779294321.0,20,2,0.156909,s20_p2
1779294321.0,20,3,1.000000,s20_p3
1779294321.0,17,4,0.519060,s17_p4
1779294321.0,17,1,0.000000,s17_p1
1779294321.0,17,2,0.000000,s17_p2
1779294321.0,17,3,0.482846,s17_p3
1779294321.0,16,1,0.000000,s16_p1
1779294321.0,16,4,1.000000,s16_p4
1779294321.0,16,2,0.241323,s16_p2
1779294321.0,16,3,0.000000,s16_p3
1779294321.0,9,1,0.000000,s9_p1
1779294321.0,9,4,0.000000,s9_p4
1779294321.0,9,2,0.132823,s9_p2
1779294321.0,9,3,0.000000,s9_p3
1779294321.0,11,4,0.000000,s11_p4
1779294321.0,11,1,0.000000,s11_p1
1779294321.0,11,2,0.000000,s11_p2
1779294321.0,11,3,0.990163,s11_p3
1779294321.0,2,1,0.132811,s2_p1
1779294321.0,2,4,0.000000,s2_p4
1779294321.0,2,2,0.651979,s2_p2
1779294321.0,2,3,0.000000,s2_p3
1779294321.0,19,1,0.000000,s19_p1
1779294321.0,19,4,0.000000,s19_p4
1779294321.0,19,2,0.000000,s19_p2
1779294321.0,19,3,0.000000,s19_p3
1779294322.0,1,4,0.157084,s1_p4
1779294322.0,1,1,0.000000,s1_p1
1779294322.0,1,2,0.000000,s1_p2
1779294322.0,1,3,0.145001,s1_p3
1779294322.0,3,4,0.241507,s3_p4
1779294322.0,3,1,0.156980,s3_p1
1779294322.0,3,2,0.000000,s3_p2
1779294322.0,3,3,0.000000,s3_p3
1779294322.0,6,1,0.470625,s6_p1
1779294322.0,6,4,0.000000,s6_p4
1779294322.0,6,2,0.398221,s6_p2
1779294322.0,6,3,0.000000,s6_p3
1779294322.0,14,4,0.652024,s14_p4
1779294322.0,14,1,0.603726,s14_p1
1779294322.0,14,2,0.398459,s14_p2
1779294322.0,14,3,0.000000,s14_p3
1779294322.0,13,4,0.000000,s13_p4
1779294322.0,13,1,0.000000,s13_p1
1779294322.0,13,2,0.471115,s13_p2
1779294322.0,13,3,0.000000,s13_p3
1779294322.0,4,1,0.000000,s4_p1
1779294322.0,4,4,0.000000,s4_p4
1779294322.0,4,2,0.000000,s4_p2
1779294322.0,4,3,1.000000,s4_p3
1779294322.0,15,4,0.000000,s15_p4
1779294322.0,15,1,0.531382,s15_p1
1779294322.0,15,2,0.000000,s15_p2
1779294322.0,15,3,0.000000,s15_p3
1779294322.0,5,4,0.652147,s5_p4
1779294322.0,5,1,0.000000,s5_p1
1779294322.0,5,2,0.603839,s5_p2
1779294322.0,5,3,0.000000,s5_p3
1779294322.0,20,1,0.652179,s20_p1
1779294322.0,20,4,0.241548,s20_p4
1779294322.0,20,2,0.157006,s20_p2
1779294322.0,20,3,1.000000,s20_p3
1779294322.0,12,4,0.241528,s12_p4
1779294322.0,12,1,0.156993,s12_p1
1779294322.0,12,2,0.000000,s12_p2
1779294322.0,12,3,0.000000,s12_p3
1779294322.0,8,4,0.627657,s8_p4
1779294322.0,8,1,0.241406,s8_p1
1779294322.0,8,2,0.000000,s8_p2
1779294322.0,8,3,0.000000,s8_p3
1779294322.0,10,1,0.000000,s10_p1
1779294322.0,10,4,0.156914,s10_p4
1779294322.0,10,2,0.651798,s10_p2
1779294322.0,10,3,0.000000,s10_p3
1779294322.0,7,1,0.531024,s7_p1
1779294322.0,7,4,0.446543,s7_p4
1779294322.0,7,2,0.000000,s7_p2
1779294322.0,7,3,0.000000,s7_p3
1779294322.0,17,4,0.531306,s17_p4
1779294322.0,17,1,0.000000,s17_p1
1779294322.0,17,2,0.000000,s17_p2
1779294322.0,17,3,0.470931,s17_p3
1779294322.0,9,1,0.000000,s9_p1
1779294322.0,9,4,0.000000,s9_p4
1779294322.0,9,2,0.144907,s9_p2
1779294322.0,9,3,0.000000,s9_p3
1779294322.0,16,1,0.000000,s16_p1
1779294322.0,16,4,1.000000,s16_p4
1779294322.0,16,2,0.241482,s16_p2
1779294322.0,16,3,0.000000,s16_p3
1779294322.0,2,1,0.144902,s2_p1
1779294322.0,2,4,0.000000,s2_p4
1779294322.0,2,2,0.652057,s2_p2
1779294322.0,2,3,0.000000,s2_p3
1779294322.0,18,1,0.000000,s18_p1
1779294322.0,18,4,0.000000,s18_p4
1779294322.0,18,2,0.000000,s18_p2
1779294322.0,18,3,0.000000,s18_p3
1779294322.0,11,4,0.000000,s11_p4
1779294322.0,11,1,0.000000,s11_p1
1779294322.0,11,2,0.000000,s11_p2
1779294322.0,11,3,1.000000,s11_p3
1779294322.0,19,1,0.000000,s19_p1
1779294322.0,19,4,0.000000,s19_p4
1779294322.0,19,2,0.000000,s19_p2
1779294322.0,19,3,0.000000,s19_p3
1779294322.0,19,1,0.000000,s19_p1
1779294322.0,19,4,0.000000,s19_p4
1779294322.0,19,2,0.000000,s19_p2
1779294322.0,19,3,0.000000,s19_p3
1779294322.0,14,4,0.652095,s14_p4
1779294322.0,14,1,0.567565,s14_p1
1779294322.0,14,2,0.422654,s14_p2
1779294322.0,14,3,0.000000,s14_p3
1779294322.0,6,1,0.519186,s6_p1
1779294322.0,6,4,0.000000,s6_p4
1779294322.0,6,2,0.422593,s6_p2
1779294322.0,6,3,0.000000,s6_p3
1779294322.0,1,4,0.156859,s1_p4
1779294322.0,1,1,0.000000,s1_p1
1779294322.0,1,2,0.000000,s1_p2
1779294322.0,1,3,0.144793,s1_p3
1779294322.0,10,1,0.000000,s10_p1
1779294322.0,10,4,0.157116,s10_p4
1779294322.0,10,2,0.652637,s10_p2
1779294322.0,10,3,0.000000,s10_p3
1779294322.0,3,4,0.229287,s3_p4
1779294322.0,3,1,0.156881,s3_p1
1779294322.0,3,2,0.000000,s3_p2
1779294322.0,3,3,0.000000,s3_p3
1779294322.0,4,1,0.000000,s4_p1
1779294322.0,4,4,0.000000,s4_p4
1779294322.0,4,2,0.000000,s4_p2
1779294322.0,4,3,1.000000,s4_p3
1779294322.0,13,4,0.000000,s13_p4
1779294322.0,13,1,0.000000,s13_p1
1779294322.0,13,2,0.518855,s13_p2
1779294322.0,13,3,0.000000,s13_p3
1779294322.0,15,4,0.000000,s15_p4
1779294322.0,15,1,0.482689,s15_p1
1779294322.0,15,2,0.000000,s15_p2
1779294322.0,15,3,0.000000,s15_p3
1779294322.0,8,4,0.627931,s8_p4
1779294322.0,8,1,0.229436,s8_p1
1779294322.0,8,2,0.000000,s8_p2
1779294322.0,8,3,0.000000,s8_p3
1779294322.0,20,1,0.652035,s20_p1
1779294322.0,20,4,0.229420,s20_p4
1779294322.0,20,2,0.156971,s20_p2
1779294322.0,20,3,0.990127,s20_p3
1779294322.0,7,1,0.483035,s7_p1
1779294322.0,7,4,0.446807,s7_p4
1779294322.0,7,2,0.000000,s7_p2
1779294322.0,7,3,0.000000,s7_p3
1779294322.0,5,4,0.651620,s5_p4
1779294322.0,5,1,0.000000,s5_p1
1779294322.0,5,2,0.567151,s5_p2
1779294322.0,5,3,0.000000,s5_p3
1779294322.0,2,1,0.144901,s2_p1
1779294322.0,2,4,0.000000,s2_p4
1779294322.0,2,2,0.652056,s2_p2
1779294322.0,2,3,0.000000,s2_p3
1779294322.0,18,1,0.000000,s18_p1
1779294322.0,18,4,0.000000,s18_p4
1779294322.0,18,2,0.000000,s18_p2
1779294322.0,18,3,0.000000,s18_p3
1779294322.0,12,4,0.229266,s12_p4
1779294322.0,12,1,0.156866,s12_p1
1779294322.0,12,2,0.000000,s12_p2
1779294322.0,12,3,0.000000,s12_p3
1779294322.0,17,4,0.482739,s17_p4
1779294322.0,17,1,0.000000,s17_p1
1779294322.0,17,2,0.000000,s17_p2
1779294322.0,17,3,0.518944,s17_p3
1779294322.0,16,1,0.000000,s16_p1
1779294322.0,16,4,1.000000,s16_p4
1779294322.0,16,2,0.229395,s16_p2
1779294322.0,16,3,0.000000,s16_p3
1779294322.0,11,4,0.000000,s11_p4
1779294322.0,11,1,0.000000,s11_p1
1779294322.0,11,2,0.000000,s11_p2
1779294322.0,11,3,1.000000,s11_p3
1779294322.0,9,1,0.000000,s9_p1
1779294322.0,9,4,0.000000,s9_p4
1779294322.0,9,2,0.144832,s9_p2
1779294322.0,9,3,0.000000,s9_p3
1779294323.0,19,1,0.000000,s19_p1
1779294323.0,19,4,0.000000,s19_p4
1779294323.0,19,2,0.000000,s19_p2
1779294323.0,19,3,0.000000,s19_p3
1779294323.0,6,1,0.507491,s6_p1
1779294323.0,6,4,0.000000,s6_p4
1779294323.0,6,2,0.422909,s6_p2
1779294323.0,6,3,0.000000,s6_p3
1779294323.0,14,4,0.652366,s14_p4
1779294323.0,14,1,0.579881,s14_p1
1779294323.0,14,2,0.422830,s14_p2
1779294323.0,14,3,0.000000,s14_p3
1779294323.0,1,4,0.157065,s1_p4
1779294323.0,1,1,0.000000,s1_p1
1779294323.0,1,2,0.000000,s1_p2
1779294323.0,1,3,0.132901,s1_p3
1779294323.0,3,4,0.241722,s3_p4
1779294323.0,3,1,0.157119,s3_p1
1779294323.0,3,2,0.000000,s3_p2
1779294323.0,3,3,0.000000,s3_p3
1779294323.0,4,1,0.000000,s4_p1
1779294323.0,4,4,0.000000,s4_p4
1779294323.0,4,2,0.000000,s4_p2
1779294323.0,4,3,1.000000,s4_p3
1779294323.0,10,1,0.000000,s10_p1
1779294323.0,10,4,0.156987,s10_p4
1779294323.0,10,2,0.652100,s10_p2
1779294323.0,10,3,0.000000,s10_p3
1779294323.0,13,4,0.000000,s13_p4
1779294323.0,13,1,0.000000,s13_p1
1779294323.0,13,2,0.507561,s13_p2
1779294323.0,13,3,0.000000,s13_p3
1779294323.0,15,4,0.000000,s15_p4
1779294323.0,15,1,0.495481,s15_p1
1779294323.0,15,2,0.000000,s15_p2
1779294323.0,15,3,0.000000,s15_p3
1779294323.0,8,4,0.616312,s8_p4
1779294323.0,8,1,0.241691,s8_p1
1779294323.0,8,2,0.000000,s8_p2
1779294323.0,8,3,0.000000,s8_p3
1779294323.0,7,1,0.495476,s7_p1
1779294323.0,7,4,0.447136,s7_p4
1779294323.0,7,2,0.000000,s7_p2
1779294323.0,7,3,0.000000,s7_p3
1779294323.0,20,1,0.652171,s20_p1
1779294323.0,20,4,0.241545,s20_p4
1779294323.0,20,2,0.157004,s20_p2
1779294323.0,20,3,1.000000,s20_p3
1779294323.0,5,4,0.652499,s5_p4
1779294323.0,5,1,0.000000,s5_p1
1779294323.0,5,2,0.579999,s5_p2
1779294323.0,5,3,0.000000,s5_p3
1779294323.0,2,1,0.132922,s2_p1
1779294323.0,2,4,0.000000,s2_p4
1779294323.0,2,2,0.652524,s2_p2
1779294323.0,2,3,0.000000,s2_p3
1779294323.0,11,4,0.000000,s11_p4
1779294323.0,11,1,0.000000,s11_p1
1779294323.0,11,2,0.000000,s11_p2
1779294323.0,11,3,1.000000,s11_p3
1779294323.0,18,1,0.000000,s18_p1
1779294323.0,18,4,0.000000,s18_p4
1779294323.0,18,2,0.000000,s18_p2
1779294323.0,18,3,0.000000,s18_p3
1779294323.0,17,4,0.495440,s17_p4
1779294323.0,17,1,0.000000,s17_p1
1779294323.0,17,2,0.000000,s17_p2
1779294323.0,17,3,0.507524,s17_p3
1779294323.0,12,4,0.241668,s12_p4
1779294323.0,12,1,0.157084,s12_p1
1779294323.0,12,2,0.000000,s12_p2
1779294323.0,12,3,0.000000,s12_p3
1779294323.0,16,1,0.000000,s16_p1
1779294323.0,16,4,0.990833,s16_p4
1779294323.0,16,2,0.241666,s16_p2
1779294323.0,16,3,0.000000,s16_p3
1779294323.0,9,1,0.000000,s9_p1
1779294323.0,9,4,0.000000,s9_p4
1779294323.0,9,2,0.132934,s9_p2
1779294323.0,9,3,0.000000,s9_p3
1779294323.0,6,1,0.495191,s6_p1
1779294323.0,6,4,0.000000,s6_p4
1779294323.0,6,2,0.434802,s6_p2
1779294323.0,6,3,0.000000,s6_p3
1779294323.0,19,1,0.000000,s19_p1
1779294323.0,19,4,0.000000,s19_p4
1779294323.0,19,2,0.000000,s19_p2
1779294323.0,19,3,0.000000,s19_p3
1779294323.0,8,4,0.628120,s8_p4
1779294323.0,8,1,0.241585,s8_p1
1779294323.0,8,2,0.000000,s8_p2
1779294323.0,8,3,0.000000,s8_p3
1779294323.0,15,4,0.000000,s15_p4
1779294323.0,15,1,0.495174,s15_p1
1779294323.0,15,2,0.000000,s15_p2
1779294323.0,15,3,0.000000,s15_p3
1779294323.0,10,1,0.000000,s10_p1
1779294323.0,10,4,0.156991,s10_p4
1779294323.0,10,2,0.652115,s10_p2
1779294323.0,10,3,0.000000,s10_p3
1779294323.0,4,1,0.000000,s4_p1
1779294323.0,4,4,0.000000,s4_p4
1779294323.0,4,2,0.000000,s4_p2
1779294323.0,4,3,1.000000,s4_p3
1779294323.0,7,1,0.507252,s7_p1
1779294323.0,7,4,0.446865,s7_p4
1779294323.0,7,2,0.000000,s7_p2
1779294323.0,7,3,0.000000,s7_p3
1779294323.0,1,4,0.156861,s1_p4
1779294323.0,1,1,0.000000,s1_p1
1779294323.0,1,2,0.000000,s1_p2
1779294323.0,1,3,0.144794,s1_p3
1779294323.0,14,4,0.651510,s14_p4
1779294323.0,14,1,0.567055,s14_p1
1779294323.0,14,2,0.434340,s14_p2
1779294323.0,14,3,0.000000,s14_p3
1779294323.0,3,4,0.241312,s3_p4
1779294323.0,3,1,0.156853,s3_p1
1779294323.0,3,2,0.000000,s3_p2
1779294323.0,3,3,0.000000,s3_p3
1779294323.0,13,4,0.000000,s13_p4
1779294323.0,13,1,0.000000,s13_p1
1779294323.0,13,2,0.495050,s13_p2
1779294323.0,13,3,0.000000,s13_p3
1779294323.0,16,1,0.000000,s16_p1
1779294323.0,16,4,1.000000,s16_p4
1779294323.0,16,2,0.241584,s16_p2
1779294323.0,16,3,0.000000,s16_p3
1779294323.0,2,1,0.144920,s2_p1
1779294323.0,2,4,0.000000,s2_p4
1779294323.0,2,2,0.652140,s2_p2
1779294323.0,2,3,0.000000,s2_p3
1779294323.0,12,4,0.241544,s12_p4
1779294323.0,12,1,0.157004,s12_p1
1779294323.0,12,2,0.000000,s12_p2
1779294323.0,12,3,0.000000,s12_p3
1779294323.0,5,4,0.652074,s5_p4
1779294323.0,5,1,0.000000,s5_p1
1779294323.0,5,2,0.567546,s5_p2
1779294323.0,5,3,0.000000,s5_p3
1779294323.0,18,1,0.000000,s18_p1
1779294323.0,18,4,0.000000,s18_p4
1779294323.0,18,2,0.000000,s18_p2
1779294323.0,18,3,0.000000,s18_p3
1779294323.0,20,1,0.651979,s20_p1
1779294323.0,20,4,0.241474,s20_p4
1779294323.0,20,2,0.156958,s20_p2
1779294323.0,20,3,1.000000,s20_p3
1779294323.0,17,4,0.507164,s17_p4
1779294323.0,17,1,0.000000,s17_p1
1779294323.0,17,2,0.000000,s17_p2
1779294323.0,17,3,0.495088,s17_p3
1779294323.0,11,4,0.000000,s11_p4
1779294323.0,11,1,0.000000,s11_p1
1779294323.0,11,2,0.000000,s11_p2
1779294323.0,11,3,1.000000,s11_p3
1779294323.0,9,1,0.000000,s9_p1
1779294323.0,9,4,0.000000,s9_p4
1779294323.0,9,2,0.144878,s9_p2
1779294323.0,9,3,0.000000,s9_p3
1779294324.0,1,4,0.157119,s1_p4
1779294324.0,1,1,0.000000,s1_p1
1779294324.0,1,2,0.000000,s1_p2
1779294324.0,1,3,0.132947,s1_p3
1779294324.0,6,1,0.531075,s6_p1
1779294324.0,6,4,0.000000,s6_p4
1779294324.0,6,2,0.434516,s6_p2
1779294324.0,6,3,0.000000,s6_p3
1779294324.0,3,4,0.229422,s3_p4
1779294324.0,3,1,0.156973,s3_p1
1779294324.0,3,2,0.000000,s3_p2
1779294324.0,3,3,0.000000,s3_p3
1779294324.0,10,1,0.000000,s10_p1
1779294324.0,10,4,0.156922,s10_p4
1779294324.0,10,2,0.651831,s10_p2
1779294324.0,10,3,0.000000,s10_p3
1779294324.0,14,4,0.651875,s14_p4
1779294324.0,14,1,0.567373,s14_p1
1779294324.0,14,2,0.434583,s14_p2
1779294324.0,14,3,0.000000,s14_p3
1779294324.0,8,4,0.627559,s8_p4
1779294324.0,8,1,0.229300,s8_p1
1779294324.0,8,2,0.000000,s8_p2
1779294324.0,8,3,0.000000,s8_p3
1779294324.0,4,1,0.000000,s4_p1
1779294324.0,4,4,0.000000,s4_p4
1779294324.0,4,2,0.000000,s4_p2
1779294324.0,4,3,1.000000,s4_p3
1779294324.0,15,4,0.000000,s15_p4
1779294324.0,15,1,0.470694,s15_p1
1779294324.0,15,2,0.000000,s15_p2
1779294324.0,15,3,0.000000,s15_p3
1779294324.0,13,4,0.000000,s13_p4
1779294324.0,13,1,0.000000,s13_p1
1779294324.0,13,2,0.531149,s13_p2
1779294324.0,13,3,0.000000,s13_p3
1779294324.0,5,4,0.652278,s5_p4
1779294324.0,5,1,0.000000,s5_p1
1779294324.0,5,2,0.567723,s5_p2
1779294324.0,5,3,0.000000,s5_p3
1779294324.0,9,1,0.000000,s9_p1
1779294324.0,9,4,0.000000,s9_p4
1779294324.0,9,2,0.132840,s9_p2
1779294324.0,9,3,0.000000,s9_p3
1779294324.0,16,1,0.000000,s16_p1
1779294324.0,16,4,1.000000,s16_p4
1779294324.0,16,2,0.229285,s16_p2
1779294324.0,16,3,0.000000,s16_p3
1779294324.0,11,4,0.000000,s11_p4
1779294324.0,11,1,0.000000,s11_p1
1779294324.0,11,2,0.000000,s11_p2
1779294324.0,11,3,0.990089,s11_p3
1779294324.0,2,1,0.132745,s2_p1
1779294324.0,2,4,0.000000,s2_p4
1779294324.0,2,2,0.651656,s2_p2
1779294324.0,2,3,0.000000,s2_p3
1779294324.0,17,4,0.458647,s17_p4
1779294324.0,17,1,0.000000,s17_p1
1779294324.0,17,2,0.000000,s17_p2
1779294324.0,17,3,0.531065,s17_p3
1779294324.0,18,1,0.000000,s18_p1
1779294324.0,18,4,0.000000,s18_p4
1779294324.0,18,2,0.000000,s18_p2
1779294324.0,18,3,0.000000,s18_p3
1779294324.0,7,1,0.458182,s7_p1
1779294324.0,7,4,0.446124,s7_p4
1779294324.0,7,2,0.000000,s7_p2
1779294324.0,7,3,0.000000,s7_p3
1779294324.0,20,1,0.651659,s20_p1
1779294324.0,20,4,0.229287,s20_p4
1779294324.0,20,2,0.156881,s20_p2
1779294324.0,20,3,1.000000,s20_p3
1779294324.0,12,4,0.229252,s12_p4
1779294324.0,12,1,0.156857,s12_p1
1779294324.0,12,2,0.000000,s12_p2
1779294324.0,12,3,0.000000,s12_p3
1779294324.0,19,1,0.000000,s19_p1
1779294324.0,19,4,0.000000,s19_p4
1779294324.0,19,2,0.000000,s19_p2
1779294324.0,19,3,0.000000,s19_p3
1779294324.0,3,4,0.241689,s3_p4
1779294324.0,3,1,0.157098,s3_p1
1779294324.0,3,2,0.000000,s3_p2
1779294324.0,3,3,0.000000,s3_p3
1779294324.0,1,4,0.156912,s1_p4
1779294324.0,1,1,0.000000,s1_p1
1779294324.0,1,2,0.000000,s1_p2
1779294324.0,1,3,0.144842,s1_p3
1779294324.0,10,1,0.000000,s10_p1
1779294324.0,10,4,0.157035,s10_p4
1779294324.0,10,2,0.652300,s10_p2
1779294324.0,10,3,0.000000,s10_p3
1779294324.0,7,1,0.471617,s7_p1
1779294324.0,7,4,0.447431,s7_p4
1779294324.0,7,2,0.000000,s7_p2
1779294324.0,7,3,0.000000,s7_p3
1779294324.0,4,1,0.000000,s4_p1
1779294324.0,4,4,0.000000,s4_p4
1779294324.0,4,2,0.000000,s4_p2
1779294324.0,4,3,1.000000,s4_p3
1779294324.0,13,4,0.000000,s13_p4
1779294324.0,13,1,0.000000,s13_p1
1779294324.0,13,2,0.531502,s13_p2
1779294324.0,13,3,0.000000,s13_p3
1779294324.0,8,4,0.627262,s8_p4
1779294324.0,8,1,0.241255,s8_p1
1779294324.0,8,2,0.000000,s8_p2
1779294324.0,8,3,0.000000,s8_p3
1779294324.0,20,1,0.651768,s20_p1
1779294324.0,20,4,0.241396,s20_p4
1779294324.0,20,2,0.156907,s20_p2
1779294324.0,20,3,1.000000,s20_p3
1779294324.0,5,4,0.650906,s5_p4
1779294324.0,5,1,0.000000,s5_p1
1779294324.0,5,2,0.590636,s5_p2
1779294324.0,5,3,0.000000,s5_p3
1779294324.0,18,1,0.000000,s18_p1
1779294324.0,18,4,0.000000,s18_p4
1779294324.0,18,2,0.000000,s18_p2
1779294324.0,18,3,0.000000,s18_p3
1779294324.0,12,4,0.241249,s12_p4
1779294324.0,12,1,0.156812,s12_p1
1779294324.0,12,2,0.000000,s12_p2
1779294324.0,12,3,0.000000,s12_p3
1779294324.0,17,4,0.470254,s17_p4
1779294324.0,17,1,0.000000,s17_p1
1779294324.0,17,2,0.000000,s17_p2
1779294324.0,17,3,0.530543,s17_p3
1779294324.0,2,1,0.144669,s2_p1
1779294324.0,2,4,0.000000,s2_p4
1779294324.0,2,2,0.651009,s2_p2
1779294324.0,2,3,0.000000,s2_p3
1779294324.0,11,4,0.000000,s11_p4
1779294324.0,11,1,0.000000,s11_p1
1779294324.0,11,2,0.000000,s11_p2
1779294324.0,11,3,1.000000,s11_p3
1779294324.0,16,1,0.000000,s16_p1
1779294324.0,16,4,1.000000,s16_p4
1779294324.0,16,2,0.241004,s16_p2
1779294324.0,16,3,0.000000,s16_p3
1779294324.0,9,1,0.000000,s9_p1
1779294324.0,9,4,0.000000,s9_p4
1779294324.0,9,2,0.144553,s9_p2
1779294324.0,9,3,0.000000,s9_p3
1779294324.0,19,1,0.000000,s19_p1
1779294324.0,19,4,0.000000,s19_p4
1779294324.0,19,2,0.000000,s19_p2
1779294324.0,19,3,0.000000,s19_p3
1779294324.0,14,4,0.649757,s14_p4
1779294324.0,14,1,0.589594,s14_p1
1779294324.0,14,2,0.409106,s14_p2
1779294324.0,14,3,0.000000,s14_p3
1779294324.0,6,1,0.528883,s6_p1
1779294324.0,6,4,0.000000,s6_p4
1779294324.0,6,2,0.408682,s6_p2
1779294324.0,6,3,0.000000,s6_p3
1779294324.0,15,4,0.000000,s15_p4
1779294324.0,15,1,0.481245,s15_p1
1779294324.0,15,2,0.000000,s15_p2
1779294324.0,15,3,0.000000,s15_p3
1779294325.0,19,1,0.000000,s19_p1
1779294325.0,19,4,0.000000,s19_p4
1779294325.0,19,2,0.000000,s19_p2
1779294325.0,19,3,0.000000,s19_p3
1779294325.0,10,1,0.000000,s10_p1
1779294325.0,10,4,0.156941,s10_p4
1779294325.0,10,2,0.651907,s10_p2
1779294325.0,10,3,0.000000,s10_p3
1779294325.0,3,4,0.229224,s3_p4
1779294325.0,3,1,0.156837,s3_p1
1779294325.0,3,2,0.000000,s3_p2
1779294325.0,3,3,0.000000,s3_p3
1779294325.0,14,4,0.654422,s14_p4
1779294325.0,14,1,0.569589,s14_p1
1779294325.0,14,2,0.424162,s14_p2
1779294325.0,14,3,0.000000,s14_p3
1779294325.0,1,4,0.156856,s1_p4
1779294325.0,1,1,0.000000,s1_p1
1779294325.0,1,2,0.000000,s1_p2
1779294325.0,1,3,0.144790,s1_p3
1779294325.0,6,1,0.521114,s6_p1
1779294325.0,6,4,0.000000,s6_p4
1779294325.0,6,2,0.424163,s6_p2
1779294325.0,6,3,0.000000,s6_p3
1779294325.0,18,1,0.000000,s18_p1
1779294325.0,18,4,0.000000,s18_p4
1779294325.0,18,2,0.000000,s18_p2
1779294325.0,18,3,0.000000,s18_p3
1779294325.0,4,1,0.000000,s4_p1
1779294325.0,4,4,0.000000,s4_p4
1779294325.0,4,2,0.000000,s4_p2
1779294325.0,4,3,1.000000,s4_p3
1779294325.0,5,4,0.652819,s5_p4
1779294325.0,5,1,0.000000,s5_p1
1779294325.0,5,2,0.568194,s5_p2
1779294325.0,5,3,0.000000,s5_p3
1779294325.0,20,1,0.652610,s20_p1
1779294325.0,20,4,0.241707,s20_p4
1779294325.0,20,2,0.157110,s20_p2
1779294325.0,20,3,1.000000,s20_p3
1779294325.0,15,4,0.000000,s15_p4
1779294325.0,15,1,0.472320,s15_p1
1779294325.0,15,2,0.000000,s15_p2
1779294325.0,15,3,0.000000,s15_p3
1779294325.0,7,1,0.482455,s7_p1
1779294325.0,7,4,0.446271,s7_p4
1779294325.0,7,2,0.000000,s7_p2
1779294325.0,7,3,0.000000,s7_p3
1779294325.0,12,4,0.241823,s12_p4
1779294325.0,12,1,0.157185,s12_p1
1779294325.0,12,2,0.000000,s12_p2
1779294325.0,12,3,0.000000,s12_p3
1779294325.0,13,4,0.000000,s13_p4
1779294325.0,13,1,0.000000,s13_p1
1779294325.0,13,2,0.518555,s13_p2
1779294325.0,13,3,0.000000,s13_p3
1779294325.0,8,4,0.627905,s8_p4
1779294325.0,8,1,0.241502,s8_p1
1779294325.0,8,2,0.000000,s8_p2
1779294325.0,8,3,0.000000,s8_p3
1779294325.0,11,4,0.000000,s11_p4
1779294325.0,11,1,0.000000,s11_p1
1779294325.0,11,2,0.000000,s11_p2
1779294325.0,11,3,1.000000,s11_p3
1779294325.0,2,1,0.145058,s2_p1
1779294325.0,2,4,0.000000,s2_p4
1779294325.0,2,2,0.652760,s2_p2
1779294325.0,2,3,0.000000,s2_p3
1779294325.0,16,1,0.000000,s16_p1
1779294325.0,16,4,1.000000,s16_p4
1779294325.0,16,2,0.241852,s16_p2
1779294325.0,16,3,0.000000,s16_p3
1779294325.0,17,4,0.483428,s17_p4
1779294325.0,17,1,0.000000,s17_p1
1779294325.0,17,2,0.000000,s17_p2
1779294325.0,17,3,0.519685,s17_p3
1779294325.0,9,1,0.000000,s9_p1
1779294325.0,9,4,0.000000,s9_p4
1779294325.0,9,2,0.145140,s9_p2
1779294325.0,9,3,0.000000,s9_p3
1779294325.0,19,1,0.000000,s19_p1
1779294325.0,19,4,0.000000,s19_p4
1779294325.0,19,2,0.000000,s19_p2
1779294325.0,19,3,0.000000,s19_p3
1779294325.0,6,1,0.507193,s6_p1
1779294325.0,6,4,0.000000,s6_p4
1779294325.0,6,2,0.434737,s6_p2
1779294325.0,6,3,0.000000,s6_p3
1779294325.0,1,4,0.156973,s1_p4
1779294325.0,1,1,0.000000,s1_p1
1779294325.0,1,2,0.000000,s1_p2
1779294325.0,1,3,0.132823,s1_p3
1779294325.0,14,4,0.651905,s14_p4
1779294325.0,14,1,0.567399,s14_p1
1779294325.0,14,2,0.434604,s14_p2
1779294325.0,14,3,0.000000,s14_p3
1779294325.0,3,4,0.241394,s3_p4
1779294325.0,3,1,0.156906,s3_p1
1779294325.0,3,2,0.000000,s3_p2
1779294325.0,3,3,0.000000,s3_p3
1779294325.0,8,4,0.627801,s8_p4
1779294325.0,8,1,0.229389,s8_p1
1779294325.0,8,2,0.000000,s8_p2
1779294325.0,8,3,0.000000,s8_p3
1779294325.0,13,4,0.000000,s13_p4
1779294325.0,13,1,0.000000,s13_p1
1779294325.0,13,2,0.507022,s13_p2
1779294325.0,13,3,0.000000,s13_p3
1779294325.0,10,1,0.000000,s10_p1
1779294325.0,10,4,0.156740,s10_p4
1779294325.0,10,2,0.651074,s10_p2
1779294325.0,10,3,0.000000,s10_p3
1779294325.0,15,4,0.000000,s15_p4
1779294325.0,15,1,0.494807,s15_p1
1779294325.0,15,2,0.000000,s15_p2
1779294325.0,15,3,0.000000,s15_p3
1779294325.0,4,1,0.000000,s4_p1
1779294325.0,4,4,0.000000,s4_p4
1779294325.0,4,2,0.000000,s4_p2
1779294325.0,4,3,1.000000,s4_p3
1779294325.0,5,4,0.651124,s5_p4
1779294325.0,5,1,0.000000,s5_p1
1779294325.0,5,2,0.578777,s5_p2
1779294325.0,5,3,0.000000,s5_p3
1779294325.0,7,1,0.494389,s7_p1
1779294325.0,7,4,0.446156,s7_p4
1779294325.0,7,2,0.000000,s7_p2
1779294325.0,7,3,0.000000,s7_p3
1779294325.0,18,1,0.000000,s18_p1
1779294325.0,18,4,0.000000,s18_p4
1779294325.0,18,2,0.000000,s18_p2
1779294325.0,18,3,0.000000,s18_p3
1779294325.0,12,4,0.229129,s12_p4
1779294325.0,12,1,0.156773,s12_p1
1779294325.0,12,2,0.000000,s12_p2
1779294325.0,12,3,0.000000,s12_p3
1779294325.0,17,4,0.494755,s17_p4
1779294325.0,17,1,0.000000,s17_p1
1779294325.0,17,2,0.000000,s17_p2
1779294325.0,17,3,0.506823,s17_p3
1779294325.0,20,1,0.651064,s20_p1
1779294325.0,20,4,0.229078,s20_p4
1779294325.0,20,2,0.156738,s20_p2
1779294325.0,20,3,0.988652,s20_p3
1779294325.0,11,4,0.000000,s11_p4
1779294325.0,11,1,0.000000,s11_p1
1779294325.0,11,2,0.000000,s11_p2
1779294325.0,11,3,1.000000,s11_p3
1779294325.0,16,1,0.000000,s16_p1
1779294325.0,16,4,1.000000,s16_p4
1779294325.0,16,2,0.229171,s16_p2
1779294325.0,16,3,0.000000,s16_p3
1779294325.0,2,1,0.132670,s2_p1
1779294325.0,2,4,0.000000,s2_p4
1779294325.0,2,2,0.651289,s2_p2
1779294325.0,2,3,0.000000,s2_p3
1779294325.0,9,1,0.000000,s9_p1
1779294325.0,9,4,0.000000,s9_p4
1779294325.0,9,2,0.132679,s9_p2
1779294325.0,9,3,0.000000,s9_p3
1779294326.0,19,1,0.000000,s19_p1
1779294326.0,19,4,0.000000,s19_p4
1779294326.0,19,2,0.000000,s19_p2
1779294326.0,19,3,0.000000,s19_p3
1779294326.0,6,1,0.470807,s6_p1
1779294326.0,6,4,0.000000,s6_p4
1779294326.0,6,2,0.434591,s6_p2
1779294326.0,6,3,0.000000,s6_p3
1779294326.0,14,4,0.651996,s14_p4
1779294326.0,14,1,0.567478,s14_p1
1779294326.0,14,2,0.434664,s14_p2
1779294326.0,14,3,0.000000,s14_p3
1779294326.0,1,4,0.144854,s1_p4
1779294326.0,1,1,0.000000,s1_p1
1779294326.0,1,2,0.000000,s1_p2
1779294326.0,1,3,0.144854,s1_p3
1779294326.0,3,4,0.241450,s3_p4
1779294326.0,3,1,0.144870,s3_p1
1779294326.0,3,2,0.000000,s3_p2
1779294326.0,3,3,0.000000,s3_p3
1779294326.0,13,4,0.000000,s13_p4
1779294326.0,13,1,0.000000,s13_p1
1779294326.0,13,2,0.471218,s13_p2
1779294326.0,13,3,0.000000,s13_p3
1779294326.0,4,1,0.000000,s4_p1
1779294326.0,4,4,0.000000,s4_p4
1779294326.0,4,2,0.000000,s4_p2
1779294326.0,4,3,1.000000,s4_p3
1779294326.0,7,1,0.531745,s7_p1
1779294326.0,7,4,0.447149,s7_p4
1779294326.0,7,2,0.000000,s7_p2
1779294326.0,7,3,0.000000,s7_p3
1779294326.0,15,4,0.000000,s15_p4
1779294326.0,15,1,0.531267,s15_p1
1779294326.0,15,2,0.000000,s15_p2
1779294326.0,15,3,0.000000,s15_p3
1779294326.0,20,1,0.652615,s20_p1
1779294326.0,20,4,0.241709,s20_p4
1779294326.0,20,2,0.145026,s20_p2
1779294326.0,20,3,1.000000,s20_p3
1779294326.0,10,1,0.000000,s10_p1
1779294326.0,10,4,0.144882,s10_p4
1779294326.0,10,2,0.651967,s10_p2
1779294326.0,10,3,0.000000,s10_p3
1779294326.0,8,4,0.615676,s8_p4
1779294326.0,8,1,0.241441,s8_p1
1779294326.0,8,2,0.000000,s8_p2
1779294326.0,8,3,0.000000,s8_p3
1779294326.0,16,1,0.000000,s16_p1
1779294326.0,16,4,0.990817,s16_p4
1779294326.0,16,2,0.241663,s16_p2
1779294326.0,16,3,0.000000,s16_p3
1779294326.0,2,1,0.144994,s2_p1
1779294326.0,2,4,0.000000,s2_p4
1779294326.0,2,2,0.652472,s2_p2
1779294326.0,2,3,0.000000,s2_p3
1779294326.0,5,4,0.652086,s5_p4
1779294326.0,5,1,0.000000,s5_p1
1779294326.0,5,2,0.555481,s5_p2
1779294326.0,5,3,0.000000,s5_p3
1779294326.0,17,4,0.531366,s17_p4
1779294326.0,17,1,0.000000,s17_p1
1779294326.0,17,2,0.000000,s17_p2
1779294326.0,17,3,0.470983,s17_p3
1779294326.0,12,4,0.241520,s12_p4
1779294326.0,12,1,0.144912,s12_p1
1779294326.0,12,2,0.000000,s12_p2
1779294326.0,12,3,0.000000,s12_p3
1779294326.0,18,1,0.000000,s18_p1
1779294326.0,18,4,0.000000,s18_p4
1779294326.0,18,2,0.000000,s18_p2
1779294326.0,18,3,0.000000,s18_p3
1779294326.0,11,4,0.000000,s11_p4
1779294326.0,11,1,0.000000,s11_p1
1779294326.0,11,2,0.000000,s11_p2
1779294326.0,11,3,1.000000,s11_p3
1779294326.0,9,1,0.000000,s9_p1
1779294326.0,9,4,0.000000,s9_p4
1779294326.0,9,2,0.144962,s9_p2
1779294326.0,9,3,0.000000,s9_p3
1779294326.0,1,4,0.156901,s1_p4
1779294326.0,1,1,0.000000,s1_p1
1779294326.0,1,2,0.000000,s1_p2
1779294326.0,1,3,0.132763,s1_p3
1779294326.0,14,4,0.651608,s14_p4
1779294326.0,14,1,0.579207,s14_p1
1779294326.0,14,2,0.422339,s14_p2
1779294326.0,14,3,0.000000,s14_p3
1779294326.0,6,1,0.470548,s6_p1
1779294326.0,6,4,0.000000,s6_p4
1779294326.0,6,2,0.422286,s6_p2
1779294326.0,6,3,0.000000,s6_p3
1779294326.0,15,4,0.000000,s15_p4
1779294326.0,15,1,0.519083,s15_p1
1779294326.0,15,2,0.000000,s15_p2
1779294326.0,15,3,0.000000,s15_p3
1779294326.0,3,4,0.229146,s3_p4
1779294326.0,3,1,0.156784,s3_p1
1779294326.0,3,2,0.000000,s3_p2
1779294326.0,3,3,0.000000,s3_p3
1779294326.0,13,4,0.000000,s13_p4
1779294326.0,13,1,0.000000,s13_p1
1779294326.0,13,2,0.482452,s13_p2
1779294326.0,13,3,0.000000,s13_p3
1779294326.0,19,1,0.000000,s19_p1
1779294326.0,19,4,0.000000,s19_p4
1779294326.0,19,2,0.000000,s19_p2
1779294326.0,19,3,0.000000,s19_p3
1779294326.0,7,1,0.518976,s7_p1
1779294326.0,7,4,0.446561,s7_p4
1779294326.0,7,2,0.000000,s7_p2
1779294326.0,7,3,0.000000,s7_p3
1779294326.0,8,4,0.627647,s8_p4
1779294326.0,8,1,0.229332,s8_p1
1779294326.0,8,2,0.000000,s8_p2
1779294326.0,8,3,0.000000,s8_p3
1779294326.0,10,1,0.000000,s10_p1
1779294326.0,10,4,0.156894,s10_p4
1779294326.0,10,2,0.651713,s10_p2
1779294326.0,10,3,0.000000,s10_p3
1779294326.0,5,4,0.651699,s5_p4
1779294326.0,5,1,0.000000,s5_p1
1779294326.0,5,2,0.579288,s5_p2
1779294326.0,5,3,0.000000,s5_p3
1779294326.0,16,1,0.000000,s16_p1
1779294326.0,16,4,1.000000,s16_p4
1779294326.0,16,2,0.241332,s16_p2
1779294326.0,16,3,0.000000,s16_p3
1779294326.0,11,4,0.000000,s11_p4
1779294326.0,11,1,0.000000,s11_p1
1779294326.0,11,2,0.000000,s11_p2
1779294326.0,11,3,1.000000,s11_p3
1779294326.0,9,1,0.000000,s9_p1
1779294326.0,9,4,0.000000,s9_p4
1779294326.0,9,2,0.144831,s9_p2
1779294326.0,9,3,0.000000,s9_p3
1779294326.0,18,1,0.000000,s18_p1
1779294326.0,18,4,0.000000,s18_p4
1779294326.0,18,2,0.000000,s18_p2
1779294326.0,18,3,0.000000,s18_p3
1779294326.0,12,4,0.229269,s12_p4
1779294326.0,12,1,0.156868,s12_p1
1779294326.0,12,2,0.000000,s12_p2
1779294326.0,12,3,0.000000,s12_p3
1779294326.0,2,1,0.144788,s2_p1
1779294326.0,2,4,0.000000,s2_p4
1779294326.0,2,2,0.651547,s2_p2
1779294326.0,2,3,0.000000,s2_p3
1779294326.0,20,1,0.651102,s20_p1
1779294326.0,20,4,0.229091,s20_p4
1779294326.0,20,2,0.156747,s20_p2
1779294326.0,20,3,1.000000,s20_p3
1779294326.0,4,1,0.000000,s4_p1
1779294326.0,4,4,0.000000,s4_p4
1779294326.0,4,2,0.000000,s4_p2
1779294326.0,4,3,1.000000,s4_p3
1779294326.0,17,4,0.518822,s17_p4
1779294326.0,17,1,0.000000,s17_p1
1779294326.0,17,2,0.000000,s17_p2
1779294326.0,17,3,0.482625,s17_p3
1779294327.0,6,1,0.470730,s6_p1
1779294327.0,6,4,0.000000,s6_p4
1779294327.0,6,2,0.422450,s6_p2
1779294327.0,6,3,0.000000,s6_p3
1779294327.0,14,4,0.651468,s14_p4
1779294327.0,14,1,0.579083,s14_p1
1779294327.0,14,2,0.422248,s14_p2
1779294327.0,14,3,0.000000,s14_p3
1779294327.0,1,4,0.156798,s1_p4
1779294327.0,1,1,0.000000,s1_p1
1779294327.0,1,2,0.000000,s1_p2
1779294327.0,1,3,0.144737,s1_p3
1779294327.0,10,1,0.000000,s10_p1
1779294327.0,10,4,0.156945,s10_p4
1779294327.0,10,2,0.651926,s10_p2
1779294327.0,10,3,0.000000,s10_p3
1779294327.0,3,4,0.241391,s3_p4
1779294327.0,3,1,0.156904,s3_p1
1779294327.0,3,2,0.000000,s3_p2
1779294327.0,3,3,0.000000,s3_p3
1779294327.0,8,4,0.627386,s8_p4
1779294327.0,8,1,0.241302,s8_p1
1779294327.0,8,2,0.000000,s8_p2
1779294327.0,8,3,0.000000,s8_p3
1779294327.0,15,4,0.000000,s15_p4
1779294327.0,15,1,0.530720,s15_p1
1779294327.0,15,2,0.000000,s15_p2
1779294327.0,15,3,0.000000,s15_p3
1779294327.0,13,4,0.000000,s13_p4
1779294327.0,13,1,0.000000,s13_p1
1779294327.0,13,2,0.458394,s13_p2
1779294327.0,13,3,0.000000,s13_p3
1779294327.0,7,1,0.542747,s7_p1
1779294327.0,7,4,0.458320,s7_p4
1779294327.0,7,2,0.000000,s7_p2
1779294327.0,7,3,0.000000,s7_p3
1779294327.0,4,1,0.000000,s4_p1
1779294327.0,4,4,0.000000,s4_p4
1779294327.0,4,2,0.000000,s4_p2
1779294327.0,4,3,1.000000,s4_p3
1779294327.0,17,4,0.542788,s17_p4
1779294327.0,17,1,0.000000,s17_p1
1779294327.0,17,2,0.000000,s17_p2
1779294327.0,17,3,0.458354,s17_p3
1779294327.0,12,4,0.241196,s12_p4
1779294327.0,12,1,0.156778,s12_p1
1779294327.0,12,2,0.000000,s12_p2
1779294327.0,12,3,0.000000,s12_p3
1779294327.0,5,4,0.651088,s5_p4
1779294327.0,5,1,0.000000,s5_p1
1779294327.0,5,2,0.578745,s5_p2
1779294327.0,5,3,0.000000,s5_p3
1779294327.0,16,1,0.000000,s16_p1
1779294327.0,16,4,1.000000,s16_p4
1779294327.0,16,2,0.228965,s16_p2
1779294327.0,16,3,0.000000,s16_p3
1779294327.0,11,4,0.000000,s11_p4
1779294327.0,11,1,0.000000,s11_p1
1779294327.0,11,2,0.000000,s11_p2
1779294327.0,11,3,1.000000,s11_p3
1779294327.0,18,1,0.000000,s18_p1
1779294327.0,18,4,0.000000,s18_p4
1779294327.0,18,2,0.000000,s18_p2
1779294327.0,18,3,0.000000,s18_p3
1779294327.0,2,1,0.132558,s2_p1
1779294327.0,2,4,0.000000,s2_p4
1779294327.0,2,2,0.650739,s2_p2
1779294327.0,2,3,0.000000,s2_p3
1779294327.0,9,1,0.000000,s9_p1
1779294327.0,9,4,0.000000,s9_p4
1779294327.0,9,2,0.132547,s9_p2
1779294327.0,9,3,0.000000,s9_p3
1779294327.0,20,1,0.650709,s20_p1
1779294327.0,20,4,0.241003,s20_p4
1779294327.0,20,2,0.156652,s20_p2
1779294327.0,20,3,1.000000,s20_p3
1779294327.0,19,1,0.000000,s19_p1
1779294327.0,19,4,0.000000,s19_p4
1779294327.0,19,2,0.000000,s19_p2
1779294327.0,19,3,0.000000,s19_p3
1779294327.0,1,4,0.157057,s1_p4
1779294327.0,1,1,0.000000,s1_p1
1779294327.0,1,2,0.000000,s1_p2
1779294327.0,1,3,0.144975,s1_p3
1779294327.0,6,1,0.470854,s6_p1
1779294327.0,6,4,0.000000,s6_p4
1779294327.0,6,2,0.410488,s6_p2
1779294327.0,6,3,0.000000,s6_p3
1779294327.0,3,4,0.241626,s3_p4
1779294327.0,3,1,0.157057,s3_p1
1779294327.0,3,2,0.000000,s3_p2
1779294327.0,3,3,0.000000,s3_p3
1779294327.0,7,1,0.519001,s7_p1
1779294327.0,7,4,0.446582,s7_p4
1779294327.0,7,2,0.000000,s7_p2
1779294327.0,7,3,0.000000,s7_p3
1779294327.0,5,4,0.652433,s5_p4
1779294327.0,5,1,0.000000,s5_p1
1779294327.0,5,2,0.592023,s5_p2
1779294327.0,5,3,0.000000,s5_p3
1779294327.0,12,4,0.241625,s12_p4
1779294327.0,12,1,0.157056,s12_p1
1779294327.0,12,2,0.000000,s12_p2
1779294327.0,12,3,0.000000,s12_p3
1779294327.0,4,1,0.000000,s4_p1
1779294327.0,4,4,0.000000,s4_p4
1779294327.0,4,2,0.000000,s4_p2
1779294327.0,4,3,1.000000,s4_p3
1779294327.0,18,1,0.000000,s18_p1
1779294327.0,18,4,0.000000,s18_p4
1779294327.0,18,2,0.000000,s18_p2
1779294327.0,18,3,0.000000,s18_p3
1779294327.0,20,1,0.652891,s20_p1
1779294327.0,20,4,0.241811,s20_p4
1779294327.0,20,2,0.157177,s20_p2
1779294327.0,20,3,1.000000,s20_p3
1779294327.0,8,4,0.627268,s8_p4
1779294327.0,8,1,0.241257,s8_p1
1779294327.0,8,2,0.000000,s8_p2
1779294327.0,8,3,0.000000,s8_p3
1779294327.0,13,4,0.000000,s13_p4
1779294327.0,13,1,0.000000,s13_p1
1779294327.0,13,2,0.470487,s13_p2
1779294327.0,13,3,0.000000,s13_p3
1779294327.0,10,1,0.000000,s10_p1
1779294327.0,10,4,0.156724,s10_p4
1779294327.0,10,2,0.651008,s10_p2
1779294327.0,10,3,0.000000,s10_p3
1779294327.0,2,1,0.144968,s2_p1
1779294327.0,2,4,0.000000,s2_p4
1779294327.0,2,2,0.652356,s2_p2
1779294327.0,2,3,0.000000,s2_p3
1779294327.0,9,1,0.000000,s9_p1
1779294327.0,9,4,0.000000,s9_p4
1779294327.0,9,2,0.144962,s9_p2
1779294327.0,9,3,0.000000,s9_p3
1779294327.0,14,4,0.650302,s14_p4
1779294327.0,14,1,0.590089,s14_p1
1779294327.0,14,2,0.409450,s14_p2
1779294327.0,14,3,0.000000,s14_p3
1779294327.0,15,4,0.000000,s15_p4
1779294327.0,15,1,0.530370,s15_p1
1779294327.0,15,2,0.000000,s15_p2
1779294327.0,15,3,0.000000,s15_p3
1779294327.0,16,1,0.000000,s16_p1
1779294327.0,16,4,1.000000,s16_p4
1779294327.0,16,2,0.241547,s16_p2
1779294327.0,16,3,0.000000,s16_p3
1779294327.0,19,1,0.000000,s19_p1
1779294327.0,19,4,0.000000,s19_p4
1779294327.0,19,2,0.000000,s19_p2
1779294327.0,19,3,0.000000,s19_p3
1779294327.0,11,4,0.000000,s11_p4
1779294327.0,11,1,0.000000,s11_p1
1779294327.0,11,2,0.000000,s11_p2
1779294327.0,11,3,0.990376,s11_p3
1779294327.0,17,4,0.518894,s17_p4
1779294327.0,17,1,0.000000,s17_p1
1779294327.0,17,2,0.000000,s17_p2
1779294327.0,17,3,0.470624,s17_p3
1779294328.0,14,4,0.665259,s14_p4
1779294328.0,14,1,0.556398,s14_p1
1779294328.0,14,2,0.447538,s14_p2
1779294328.0,14,3,0.000000,s14_p3
1779294328.0,1,4,0.156726,s1_p4
1779294328.0,1,1,0.000000,s1_p1
1779294328.0,1,2,0.000000,s1_p2
1779294328.0,1,3,0.132615,s1_p3
1779294328.0,6,1,0.470232,s6_p1
1779294328.0,6,4,0.000000,s6_p4
1779294328.0,6,2,0.446118,s6_p2
1779294328.0,6,3,0.000000,s6_p3
1779294328.0,20,1,0.664140,s20_p1
1779294328.0,20,4,0.229430,s20_p4
1779294328.0,20,2,0.156979,s20_p2
1779294328.0,20,3,1.000000,s20_p3
1779294328.0,15,4,0.000000,s15_p4
1779294328.0,15,1,0.531718,s15_p1
1779294328.0,15,2,0.000000,s15_p2
1779294328.0,15,3,0.000000,s15_p3
1779294328.0,4,1,0.000000,s4_p1
1779294328.0,4,4,0.000000,s4_p4
1779294328.0,4,2,0.000000,s4_p2
1779294328.0,4,3,1.000000,s4_p3
1779294328.0,7,1,0.531112,s7_p1
1779294328.0,7,4,0.446617,s7_p4
1779294328.0,7,2,0.000000,s7_p2
1779294328.0,7,3,0.000000,s7_p3
1779294328.0,13,4,0.000000,s13_p4
1779294328.0,13,1,0.000000,s13_p1
1779294328.0,13,2,0.470863,s13_p2
1779294328.0,13,3,0.000000,s13_p3
1779294328.0,10,1,0.000000,s10_p1
1779294328.0,10,4,0.156951,s10_p4
1779294328.0,10,2,0.664023,s10_p2
1779294328.0,10,3,0.000000,s10_p3
1779294328.0,8,4,0.627734,s8_p4
1779294328.0,8,1,0.229364,s8_p1
1779294328.0,8,2,0.000000,s8_p2
1779294328.0,8,3,0.000000,s8_p3
1779294328.0,18,1,0.000000,s18_p1
1779294328.0,18,4,0.000000,s18_p4
1779294328.0,18,2,0.000000,s18_p2
1779294328.0,18,3,0.000000,s18_p3
1779294328.0,16,1,0.000000,s16_p1
1779294328.0,16,4,1.000000,s16_p4
1779294328.0,16,2,0.229399,s16_p2
1779294328.0,16,3,0.000000,s16_p3
1779294328.0,11,4,0.000000,s11_p4
1779294328.0,11,1,0.000000,s11_p1
1779294328.0,11,2,0.000000,s11_p2
1779294328.0,11,3,1.000000,s11_p3
1779294328.0,5,4,0.663327,s5_p4
1779294328.0,5,1,0.000000,s5_p1
1779294328.0,5,2,0.554782,s5_p2
1779294328.0,5,3,0.000000,s5_p3
1779294328.0,12,4,0.229150,s12_p4
1779294328.0,12,1,0.156787,s12_p1
1779294328.0,12,2,0.000000,s12_p2
1779294328.0,12,3,0.000000,s12_p3
1779294328.0,17,4,0.531209,s17_p4
1779294328.0,17,1,0.000000,s17_p1
1779294328.0,17,2,0.000000,s17_p2
1779294328.0,17,3,0.470844,s17_p3
1779294328.0,2,1,0.132769,s2_p1
1779294328.0,2,4,0.000000,s2_p4
1779294328.0,2,2,0.663843,s2_p2
1779294328.0,2,3,0.000000,s2_p3
1779294328.0,9,1,0.000000,s9_p1
1779294328.0,9,4,0.000000,s9_p4
1779294328.0,9,2,0.132743,s9_p2
1779294328.0,9,3,0.000000,s9_p3
1779294328.0,3,4,0.240671,s3_p4
1779294328.0,3,1,0.156436,s3_p1
1779294328.0,3,2,0.000000,s3_p2
1779294328.0,3,3,0.000000,s3_p3
1779294328.0,19,1,0.000000,s19_p1
1779294328.0,19,4,0.000000,s19_p4
1779294328.0,19,2,0.000000,s19_p2
1779294328.0,19,3,0.000000,s19_p3
1779294328.0,6,1,0.471270,s6_p1
1779294328.0,6,4,0.000000,s6_p4
1779294328.0,6,2,0.410850,s6_p2
1779294328.0,6,3,0.000000,s6_p3
1779294328.0,3,4,0.229984,s3_p4
1779294328.0,3,1,0.157357,s3_p1
1779294328.0,3,2,0.000000,s3_p2
1779294328.0,3,3,0.000000,s3_p3
1779294328.0,14,4,0.652041,s14_p4
1779294328.0,14,1,0.579592,s14_p1
1779294328.0,14,2,0.410545,s14_p2
1779294328.0,14,3,0.000000,s14_p3
1779294328.0,1,4,0.156993,s1_p4
1779294328.0,1,1,0.000000,s1_p1
1779294328.0,1,2,0.000000,s1_p2
1779294328.0,1,3,0.144917,s1_p3
1779294328.0,13,4,0.000000,s13_p4
1779294328.0,13,1,0.000000,s13_p1
1779294328.0,13,2,0.471174,s13_p2
1779294328.0,13,3,0.000000,s13_p3
1779294328.0,10,1,0.000000,s10_p1
1779294328.0,10,4,0.157054,s10_p4
1779294328.0,10,2,0.652376,s10_p2
1779294328.0,10,3,0.000000,s10_p3
1779294328.0,15,4,0.000000,s15_p4
1779294328.0,15,1,0.531456,s15_p1
1779294328.0,15,2,0.000000,s15_p2
1779294328.0,15,3,0.000000,s15_p3
1779294328.0,8,4,0.628214,s8_p4
1779294328.0,8,1,0.241621,s8_p1
1779294328.0,8,2,0.000000,s8_p2
1779294328.0,8,3,0.000000,s8_p3
1779294328.0,4,1,0.000000,s4_p1
1779294328.0,4,4,0.000000,s4_p4
1779294328.0,4,2,0.000000,s4_p2
1779294328.0,4,3,1.000000,s4_p3
1779294328.0,12,4,0.241697,s12_p4
1779294328.0,12,1,0.157103,s12_p1
1779294328.0,12,2,0.000000,s12_p2
1779294328.0,12,3,0.000000,s12_p3
1779294328.0,5,4,0.652521,s5_p4
1779294328.0,5,1,0.000000,s5_p1
1779294328.0,5,2,0.592103,s5_p2
1779294328.0,5,3,0.000000,s5_p3
1779294328.0,20,1,0.651770,s20_p1
1779294328.0,20,4,0.241396,s20_p4
1779294328.0,20,2,0.156908,s20_p2
1779294328.0,20,3,1.000000,s20_p3
1779294328.0,18,1,0.000000,s18_p1
1779294328.0,18,4,0.000000,s18_p4
1779294328.0,18,2,0.000000,s18_p2
1779294328.0,18,3,0.000000,s18_p3
1779294328.0,7,1,0.531133,s7_p1
1779294328.0,7,4,0.446635,s7_p4
1779294328.0,7,2,0.000000,s7_p2
1779294328.0,7,3,0.000000,s7_p3
1779294328.0,17,4,0.531664,s17_p4
1779294328.0,17,1,0.000000,s17_p1
1779294328.0,17,2,0.000000,s17_p2
1779294328.0,17,3,0.471247,s17_p3
1779294328.0,11,4,0.000000,s11_p4
1779294328.0,11,1,0.000000,s11_p1
1779294328.0,11,2,0.000000,s11_p2
1779294328.0,11,3,1.000000,s11_p3
1779294328.0,2,1,0.144952,s2_p1
1779294328.0,2,4,0.000000,s2_p4
1779294328.0,2,2,0.652284,s2_p2
1779294328.0,2,3,0.000000,s2_p3
1779294328.0,16,1,0.000000,s16_p1
1779294328.0,16,4,1.000000,s16_p4
1779294328.0,16,2,0.241536,s16_p2
1779294328.0,16,3,0.000000,s16_p3
1779294328.0,9,1,0.000000,s9_p1
1779294328.0,9,4,0.000000,s9_p4
1779294328.0,9,2,0.144982,s9_p2
1779294328.0,9,3,0.000000,s9_p3
1779294328.0,19,1,0.000000,s19_p1
1779294328.0,19,4,0.000000,s19_p4
1779294328.0,19,2,0.000000,s19_p2
1779294328.0,19,3,0.000000,s19_p3
1779294329.0,6,1,0.469466,s6_p1
1779294329.0,6,4,0.000000,s6_p4
1779294329.0,6,2,0.433354,s6_p2
1779294329.0,6,3,0.000000,s6_p3
1779294329.0,1,4,0.156529,s1_p4
1779294329.0,1,1,0.000000,s1_p1
1779294329.0,1,2,0.000000,s1_p2
1779294329.0,1,3,0.144489,s1_p3
1779294329.0,14,4,0.650132,s14_p4
1779294329.0,14,1,0.565855,s14_p1
1779294329.0,14,2,0.433421,s14_p2
1779294329.0,14,3,0.000000,s14_p3
1779294329.0,19,1,0.000000,s19_p1
1779294329.0,19,4,0.000000,s19_p4
1779294329.0,19,2,0.000000,s19_p2
1779294329.0,19,3,0.000000,s19_p3
1779294329.0,20,1,0.650038,s20_p1
1779294329.0,20,4,0.240755,s20_p4
1779294329.0,20,2,0.156491,s20_p2
1779294329.0,20,3,0.999133,s20_p3
1779294329.0,10,1,0.000000,s10_p1
1779294329.0,10,4,0.156368,s10_p4
1779294329.0,10,2,0.649527,s10_p2
1779294329.0,10,3,0.000000,s10_p3
1779294329.0,15,4,0.000000,s15_p4
1779294329.0,15,1,0.529239,s15_p1
1779294329.0,15,2,0.000000,s15_p2
1779294329.0,15,3,0.000000,s15_p3
1779294329.0,8,4,0.613434,s8_p4
1779294329.0,8,1,0.240563,s8_p1
1779294329.0,8,2,0.000000,s8_p2
1779294329.0,8,3,0.000000,s8_p3
1779294329.0,7,1,0.529564,s7_p1
1779294329.0,7,4,0.445315,s7_p4
1779294329.0,7,2,0.000000,s7_p2
1779294329.0,7,3,0.000000,s7_p3
1779294329.0,4,1,0.000000,s4_p1
1779294329.0,4,4,0.000000,s4_p4
1779294329.0,4,2,0.000000,s4_p2
1779294329.0,4,3,1.000000,s4_p3
1779294329.0,13,4,0.000000,s13_p4
1779294329.0,13,1,0.000000,s13_p1
1779294329.0,13,2,0.469004,s13_p2
1779294329.0,13,3,0.000000,s13_p3
1779294329.0,12,4,0.240662,s12_p4
1779294329.0,12,1,0.156431,s12_p1
1779294329.0,12,2,0.000000,s12_p2
1779294329.0,12,3,0.000000,s12_p3
1779294329.0,5,4,0.649813,s5_p4
1779294329.0,5,1,0.000000,s5_p1
1779294329.0,5,2,0.565578,s5_p2
1779294329.0,5,3,0.000000,s5_p3
1779294329.0,3,4,0.240352,s3_p4
1779294329.0,3,1,0.156229,s3_p1
1779294329.0,3,2,0.000000,s3_p2
1779294329.0,3,3,0.000000,s3_p3
1779294329.0,18,1,0.000000,s18_p1
1779294329.0,18,4,0.000000,s18_p4
1779294329.0,18,2,0.000000,s18_p2
1779294329.0,18,3,0.000000,s18_p3
1779294329.0,9,1,0.000000,s9_p1
1779294329.0,9,4,0.000000,s9_p4
1779294329.0,9,2,0.144387,s9_p2
1779294329.0,9,3,0.000000,s9_p3
1779294329.0,11,4,0.000000,s11_p4
1779294329.0,11,1,0.000000,s11_p1
1779294329.0,11,2,0.000000,s11_p2
1779294329.0,11,3,0.998534,s11_p3
1779294329.0,16,1,0.000000,s16_p1
1779294329.0,16,4,0.998594,s16_p4
1779294329.0,16,2,0.240625,s16_p2
1779294329.0,16,3,0.000000,s16_p3
1779294329.0,2,1,0.144367,s2_p1
1779294329.0,2,4,0.000000,s2_p4
1779294329.0,2,2,0.649653,s2_p2
1779294329.0,2,3,0.000000,s2_p3
1779294329.0,17,4,0.529152,s17_p4
1779294329.0,17,1,0.000000,s17_p1
1779294329.0,17,2,0.000000,s17_p2
1779294329.0,17,3,0.469021,s17_p3
1779294329.0,6,1,0.483695,s6_p1
1779294329.0,6,4,0.000000,s6_p4
1779294329.0,6,2,0.435326,s6_p2
1779294329.0,6,3,0.000000,s6_p3
1779294329.0,14,4,0.652967,s14_p4
1779294329.0,14,1,0.568323,s14_p1
1779294329.0,14,2,0.435311,s14_p2
1779294329.0,14,3,0.000000,s14_p3
1779294329.0,1,4,0.157172,s1_p4
1779294329.0,1,1,0.000000,s1_p1
1779294329.0,1,2,0.000000,s1_p2
1779294329.0,1,3,0.132992,s1_p3
1779294329.0,4,1,0.000000,s4_p1
1779294329.0,4,4,0.000000,s4_p4
1779294329.0,4,2,0.000000,s4_p2
1779294329.0,4,3,1.000000,s4_p3
1779294329.0,10,1,0.000000,s10_p1
1779294329.0,10,4,0.157371,s10_p4
1779294329.0,10,2,0.653697,s10_p2
1779294329.0,10,3,0.000000,s10_p3
1779294329.0,13,4,0.000000,s13_p4
1779294329.0,13,1,0.000000,s13_p1
1779294329.0,13,2,0.484273,s13_p2
1779294329.0,13,3,0.000000,s13_p3
1779294329.0,17,4,0.520780,s17_p4
1779294329.0,17,1,0.000000,s17_p1
1779294329.0,17,2,0.000000,s17_p2
1779294329.0,17,3,0.484447,s17_p3
1779294329.0,12,4,0.229925,s12_p4
1779294329.0,12,1,0.157317,s12_p1
1779294329.0,12,2,0.000000,s12_p2
1779294329.0,12,3,0.000000,s12_p3
1779294329.0,8,4,0.629189,s8_p4
1779294329.0,8,1,0.229896,s8_p1
1779294329.0,8,2,0.000000,s8_p2
1779294329.0,8,3,0.000000,s8_p3
1779294329.0,16,1,0.000000,s16_p1
1779294329.0,16,4,0.992523,s16_p4
1779294329.0,16,2,0.229975,s16_p2
1779294329.0,16,3,0.000000,s16_p3
1779294329.0,5,4,0.653136,s5_p4
1779294329.0,5,1,0.000000,s5_p1
1779294329.0,5,2,0.556375,s5_p2
1779294329.0,5,3,0.000000,s5_p3
1779294329.0,3,4,0.229805,s3_p4
1779294329.0,3,1,0.157235,s3_p1
1779294329.0,3,2,0.000000,s3_p2
1779294329.0,3,3,0.000000,s3_p3
1779294329.0,7,1,0.520017,s7_p1
1779294329.0,7,4,0.447457,s7_p4
1779294329.0,7,2,0.000000,s7_p2
1779294329.0,7,3,0.000000,s7_p3
1779294329.0,20,1,0.652853,s20_p1
1779294329.0,20,4,0.229708,s20_p4
1779294329.0,20,2,0.157168,s20_p2
1779294329.0,20,3,0.991370,s20_p3
1779294329.0,18,1,0.000000,s18_p1
1779294329.0,18,4,0.000000,s18_p4
1779294329.0,18,2,0.000000,s18_p2
1779294329.0,18,3,0.000000,s18_p3
1779294329.0,2,1,0.133091,s2_p1
1779294329.0,2,4,0.000000,s2_p4
1779294329.0,2,2,0.653354,s2_p2
1779294329.0,2,3,0.000000,s2_p3
1779294329.0,9,1,0.000000,s9_p1
1779294329.0,9,4,0.000000,s9_p4
1779294329.0,9,2,0.133068,s9_p2
1779294329.0,9,3,0.000000,s9_p3
1779294329.0,11,4,0.000000,s11_p4
1779294329.0,11,1,0.000000,s11_p1
1779294329.0,11,2,0.000000,s11_p2
1779294329.0,11,3,1.000000,s11_p3
1779294329.0,15,4,0.000000,s15_p4
1779294329.0,15,1,0.519662,s15_p1
1779294329.0,15,2,0.000000,s15_p2
1779294329.0,15,3,0.000000,s15_p3
1779294329.0,19,1,0.000000,s19_p1
1779294329.0,19,4,0.000000,s19_p4
1779294329.0,19,2,0.000000,s19_p2
1779294329.0,19,3,0.000000,s19_p3
1779294330.0,6,1,0.459146,s6_p1
1779294330.0,6,4,0.000000,s6_p4
1779294330.0,6,2,0.410815,s6_p2
1779294330.0,6,3,0.000000,s6_p3
1779294330.0,14,4,0.652319,s14_p4
1779294330.0,14,1,0.591919,s14_p1
1779294330.0,14,2,0.410719,s14_p2
1779294330.0,14,3,0.000000,s14_p3
1779294330.0,10,1,0.000000,s10_p1
1779294330.0,10,4,0.157093,s10_p4
1779294330.0,10,2,0.652542,s10_p2
1779294330.0,10,3,0.000000,s10_p3
1779294330.0,1,4,0.157035,s1_p4
1779294330.0,1,1,0.000000,s1_p1
1779294330.0,1,2,0.000000,s1_p2
1779294330.0,1,3,0.144956,s1_p3
1779294330.0,3,4,0.241926,s3_p4
1779294330.0,3,1,0.157252,s3_p1
1779294330.0,3,2,0.000000,s3_p2
1779294330.0,3,3,0.000000,s3_p3
1779294330.0,8,4,0.628343,s8_p4
1779294330.0,8,1,0.241671,s8_p1
1779294330.0,8,2,0.000000,s8_p2
1779294330.0,8,3,0.000000,s8_p3
1779294330.0,4,1,0.000000,s4_p1
1779294330.0,4,4,0.000000,s4_p4
1779294330.0,4,2,0.000000,s4_p2
1779294330.0,4,3,1.000000,s4_p3
1779294330.0,15,4,0.000000,s15_p4
1779294330.0,15,1,0.532252,s15_p1
1779294330.0,15,2,0.000000,s15_p2
1779294330.0,15,3,0.000000,s15_p3
1779294330.0,20,1,0.652832,s20_p1
1779294330.0,20,4,0.241789,s20_p4
1779294330.0,20,2,0.157163,s20_p2
1779294330.0,20,3,1.000000,s20_p3
1779294330.0,7,1,0.543980,s7_p1
1779294330.0,7,4,0.447272,s7_p4
1779294330.0,7,2,0.000000,s7_p2
1779294330.0,7,3,0.000000,s7_p3
1779294330.0,5,4,0.652729,s5_p4
1779294330.0,5,1,0.000000,s5_p1
1779294330.0,5,2,0.592291,s5_p2
1779294330.0,5,3,0.000000,s5_p3
1779294330.0,13,4,0.000000,s13_p4
1779294330.0,13,1,0.000000,s13_p1
1779294330.0,13,2,0.458857,s13_p2
1779294330.0,13,3,0.000000,s13_p3
1779294330.0,18,1,0.000000,s18_p1
1779294330.0,18,4,0.000000,s18_p4
1779294330.0,18,2,0.000000,s18_p2
1779294330.0,18,3,0.000000,s18_p3
1779294330.0,17,4,0.543296,s17_p4
1779294330.0,17,1,0.000000,s17_p1
1779294330.0,17,2,0.000000,s17_p2
1779294330.0,17,3,0.458784,s17_p3
1779294330.0,12,4,0.241477,s12_p4
1779294330.0,12,1,0.156960,s12_p1
1779294330.0,12,2,0.000000,s12_p2
1779294330.0,12,3,0.000000,s12_p3
1779294330.0,16,1,0.000000,s16_p1
1779294330.0,16,4,1.000000,s16_p4
1779294330.0,16,2,0.241585,s16_p2
1779294330.0,16,3,0.000000,s16_p3
1779294330.0,2,1,0.145009,s2_p1
1779294330.0,2,4,0.000000,s2_p4
1779294330.0,2,2,0.652541,s2_p2
1779294330.0,2,3,0.000000,s2_p3
1779294330.0,11,4,0.000000,s11_p4
1779294330.0,11,1,0.000000,s11_p1
1779294330.0,11,2,0.000000,s11_p2
1779294330.0,11,3,1.000000,s11_p3
1779294330.0,19,1,0.000000,s19_p1
1779294330.0,19,4,0.000000,s19_p4
1779294330.0,19,2,0.000000,s19_p2
1779294330.0,19,3,0.000000,s19_p3
1779294330.0,9,1,0.000000,s9_p1
1779294330.0,9,4,0.000000,s9_p4
1779294330.0,9,2,0.144975,s9_p2
1779294330.0,9,3,0.000000,s9_p3
1779294330.0,19,1,0.000000,s19_p1
1779294330.0,19,4,0.000000,s19_p4
1779294330.0,19,2,0.000000,s19_p2
1779294330.0,19,3,0.000000,s19_p3
1779294330.0,6,1,0.469922,s6_p1
1779294330.0,6,4,0.000000,s6_p4
1779294330.0,6,2,0.445823,s6_p2
1779294330.0,6,3,0.000000,s6_p3
1779294330.0,14,4,0.650644,s14_p4
1779294330.0,14,1,0.554253,s14_p1
1779294330.0,14,2,0.445812,s14_p2
1779294330.0,14,3,0.000000,s14_p3
1779294330.0,3,4,0.240988,s3_p4
1779294330.0,3,1,0.156642,s3_p1
1779294330.0,3,2,0.000000,s3_p2
1779294330.0,3,3,0.000000,s3_p3
1779294330.0,10,1,0.000000,s10_p1
1779294330.0,10,4,0.156628,s10_p4
1779294330.0,10,2,0.650607,s10_p2
1779294330.0,10,3,0.000000,s10_p3
1779294330.0,8,4,0.626863,s8_p4
1779294330.0,8,1,0.241101,s8_p1
1779294330.0,8,2,0.000000,s8_p2
1779294330.0,8,3,0.000000,s8_p3
1779294330.0,15,4,0.000000,s15_p4
1779294330.0,15,1,0.530466,s15_p1
1779294330.0,15,2,0.000000,s15_p2
1779294330.0,15,3,0.000000,s15_p3
1779294330.0,1,4,0.156623,s1_p4
1779294330.0,1,1,0.000000,s1_p1
1779294330.0,1,2,0.000000,s1_p2
1779294330.0,1,3,0.132528,s1_p3
1779294330.0,17,4,0.530383,s17_p4
1779294330.0,17,1,0.000000,s17_p1
1779294330.0,17,2,0.000000,s17_p2
1779294330.0,17,3,0.470112,s17_p3
1779294330.0,7,1,0.517980,s7_p1
1779294330.0,7,4,0.445703,s7_p4
1779294330.0,7,2,0.000000,s7_p2
1779294330.0,7,3,0.000000,s7_p3
1779294330.0,4,1,0.000000,s4_p1
1779294330.0,4,4,0.000000,s4_p4
1779294330.0,4,2,0.000000,s4_p2
1779294330.0,4,3,1.000000,s4_p3
1779294330.0,13,4,0.000000,s13_p4
1779294330.0,13,1,0.000000,s13_p1
1779294330.0,13,2,0.469788,s13_p2
1779294330.0,13,3,0.000000,s13_p3
1779294330.0,12,4,0.241053,s12_p4
1779294330.0,12,1,0.156684,s12_p1
1779294330.0,12,2,0.000000,s12_p2
1779294330.0,12,3,0.000000,s12_p3
1779294330.0,20,1,0.650408,s20_p1
1779294330.0,20,4,0.240892,s20_p4
1779294330.0,20,2,0.156580,s20_p2
1779294330.0,20,3,0.999701,s20_p3
1779294330.0,2,1,0.132575,s2_p1
1779294330.0,2,4,0.000000,s2_p4
1779294330.0,2,2,0.650825,s2_p2
1779294330.0,2,3,0.000000,s2_p3
1779294330.0,5,4,0.650385,s5_p4
1779294330.0,5,1,0.000000,s5_p1
1779294330.0,5,2,0.554031,s5_p2
1779294330.0,5,3,0.000000,s5_p3
1779294330.0,18,1,0.000000,s18_p1
1779294330.0,18,4,0.000000,s18_p4
1779294330.0,18,2,0.000000,s18_p2
1779294330.0,18,3,0.000000,s18_p3
1779294330.0,11,4,0.000000,s11_p4
1779294330.0,11,1,0.000000,s11_p1
1779294330.0,11,2,0.000000,s11_p2
1779294330.0,11,3,1.000000,s11_p3
1779294330.0,16,1,0.000000,s16_p1
1779294330.0,16,4,0.999930,s16_p4
1779294330.0,16,2,0.240947,s16_p2
1779294330.0,16,3,0.000000,s16_p3
1779294330.0,9,1,0.000000,s9_p1
1779294330.0,9,4,0.000000,s9_p4
1779294330.0,9,2,0.132561,s9_p2
1779294330.0,9,3,0.000000,s9_p3
1779294331.0,19,1,0.000000,s19_p1
1779294331.0,19,4,0.000000,s19_p4
1779294331.0,19,2,0.000000,s19_p2
1779294331.0,19,3,0.000000,s19_p3
1779294331.0,6,1,0.472363,s6_p1
1779294331.0,6,4,0.337997,s6_p4
1779294331.0,6,2,0.398354,s6_p2
1779294331.0,6,3,0.002714,s6_p3
1779294331.0,3,4,0.363748,s3_p4
1779294331.0,3,1,0.362390,s3_p1
1779294331.0,3,2,0.265753,s3_p2
1779294331.0,3,3,0.000000,s3_p3
1779294331.0,14,4,0.668588,s14_p4
1779294331.0,14,1,0.679084,s14_p1
1779294331.0,14,2,0.400156,s14_p2
1779294331.0,14,3,0.000000,s14_p3
1779294331.0,1,4,0.108719,s1_p4
1779294331.0,1,1,0.072480,s1_p1
1779294331.0,1,2,0.001358,s1_p2
1779294331.0,1,3,0.314078,s1_p3
1779294331.0,8,4,0.622678,s8_p4
1779294331.0,8,1,0.567468,s8_p1
1779294331.0,8,2,0.205254,s8_p2
1779294331.0,8,3,0.000000,s8_p3
1779294331.0,15,4,0.000000,s15_p4
1779294331.0,15,1,0.507070,s15_p1
1779294331.0,15,2,0.217316,s15_p2
1779294331.0,15,3,0.096585,s15_p3
1779294331.0,10,1,0.001357,s10_p1
1779294331.0,10,4,0.389024,s10_p4
1779294331.0,10,2,0.460323,s10_p2
1779294331.0,10,3,0.000000,s10_p3
1779294331.0,7,1,0.507282,s7_p1
1779294331.0,7,4,0.893782,s7_p4
1779294331.0,7,2,0.000000,s7_p2
1779294331.0,7,3,0.096625,s7_p3
1779294331.0,13,4,0.000000,s13_p4
1779294331.0,13,1,0.096621,s13_p1
1779294331.0,13,2,0.471030,s13_p2
1779294331.0,13,3,0.002716,s13_p3
1779294331.0,20,1,0.461676,s20_p1
1779294331.0,20,4,0.556672,s20_p4
1779294331.0,20,2,0.434594,s20_p2
1779294331.0,20,3,0.945916,s20_p3
1779294331.0,4,1,0.063064,s4_p1
1779294331.0,4,4,0.001581,s4_p4
1779294331.0,4,2,0.000000,s4_p2
1779294331.0,4,3,1.000000,s4_p3
1779294331.0,5,4,0.462998,s5_p4
1779294331.0,5,1,0.135497,s5_p1
1779294331.0,5,2,0.639769,s5_p2
1779294331.0,5,3,0.000000,s5_p3
1779294331.0,12,4,0.365009,s12_p4
1779294331.0,12,1,0.374141,s12_p1
1779294331.0,12,2,0.060345,s12_p2
1779294331.0,12,3,0.000000,s12_p3
1779294331.0,18,1,0.000000,s18_p1
1779294331.0,18,4,0.000000,s18_p4
1779294331.0,18,2,0.000000,s18_p2
1779294331.0,18,3,0.000000,s18_p3
1779294331.0,16,1,0.000000,s16_p1
1779294331.0,16,4,1.000000,s16_p4
1779294331.0,16,2,0.568618,s16_p2
1779294331.0,16,3,0.000000,s16_p3
1779294331.0,17,4,0.711629,s17_p4
1779294331.0,17,1,0.000000,s17_p1
1779294331.0,17,2,0.002712,s17_p2
1779294331.0,17,3,0.566891,s17_p3
1779294331.0,11,4,0.000000,s11_p4
1779294331.0,11,1,0.253353,s11_p1
1779294331.0,11,2,0.002713,s11_p2
1779294331.0,11,3,1.000000,s11_p3
1779294331.0,9,1,0.000000,s9_p1
1779294331.0,9,4,0.000000,s9_p4
1779294331.0,9,2,0.313683,s9_p2
1779294331.0,9,3,0.265424,s9_p3
1779294331.0,2,1,0.313541,s2_p1
1779294331.0,2,4,0.280075,s2_p4
1779294331.0,2,2,0.459831,s2_p2
1779294331.0,2,3,0.265304,s2_p3
1779294331.0,6,1,0.145145,s6_p1
1779294331.0,6,4,0.680061,s6_p4
1779294331.0,6,2,0.098347,s6_p2
1779294331.0,6,3,0.000000,s6_p3
1779294331.0,1,4,0.000000,s1_p4
1779294331.0,1,1,0.120907,s1_p1
1779294331.0,1,2,0.000000,s1_p2
1779294331.0,1,3,0.592442,s1_p3
1779294331.0,3,4,0.003166,s3_p4
1779294331.0,3,1,0.689049,s3_p1
1779294331.0,3,2,0.516515,s3_p2
1779294331.0,3,3,0.000000,s3_p3
1779294331.0,10,1,0.000000,s10_p1
1779294331.0,10,4,0.749784,s10_p4
1779294331.0,10,2,0.000000,s10_p2
1779294331.0,10,3,0.000000,s10_p3
1779294331.0,15,4,0.000000,s15_p4
1779294331.0,15,1,0.253833,s15_p1
1779294331.0,15,2,0.688977,s15_p2
1779294331.0,15,3,0.173523,s15_p3
1779294331.0,8,4,0.021581,s8_p4
1779294331.0,8,1,0.704103,s8_p1
1779294331.0,8,2,0.471464,s8_p2
1779294331.0,8,3,0.000000,s8_p3
1779294331.0,7,1,0.255378,s7_p1
1779294331.0,7,4,0.882241,s7_p4
1779294331.0,7,2,0.002718,s7_p2
1779294331.0,7,3,0.173497,s7_p3
1779294331.0,20,1,0.000000,s20_p1
1779294331.0,20,4,0.489908,s20_p4
1779294331.0,20,2,1.000000,s20_p2
1779294331.0,20,3,0.189287,s20_p3
1779294331.0,13,4,0.000000,s13_p4
1779294331.0,13,1,0.169185,s13_p1
1779294331.0,13,2,0.146598,s13_p2
1779294331.0,13,3,0.000000,s13_p3
1779294331.0,4,1,0.483668,s4_p1
1779294331.0,4,4,0.001583,s4_p4
1779294331.0,4,2,0.002719,s4_p2
1779294331.0,4,3,0.725502,s4_p3
1779294331.0,5,4,0.009513,s5_p4
1779294331.0,5,1,0.229665,s5_p1
1779294331.0,5,2,0.261755,s5_p2
1779294331.0,5,3,0.000000,s5_p3
1779294331.0,18,1,0.000000,s18_p1
1779294331.0,18,4,0.000000,s18_p4
1779294331.0,18,2,0.000000,s18_p2
1779294331.0,18,3,0.000000,s18_p3
1779294331.0,12,4,0.004748,s12_p4
1779294331.0,12,1,0.516446,s12_p1
1779294331.0,12,2,0.483479,s12_p2
1779294331.0,12,3,0.000000,s12_p3
1779294331.0,9,1,0.000000,s9_p1
1779294331.0,9,4,0.000000,s9_p4
1779294331.0,9,2,0.592485,s9_p2
1779294331.0,9,3,0.640851,s9_p3
1779294331.0,2,1,0.592167,s2_p1
1779294331.0,2,4,0.749272,s2_p4
1779294331.0,2,2,0.000000,s2_p2
1779294331.0,2,3,0.640507,s2_p3
1779294331.0,14,4,0.470128,s14_p4
1779294331.0,14,1,0.321214,s14_p1
1779294331.0,14,2,0.096407,s14_p2
1779294331.0,14,3,0.000000,s14_p3
1779294331.0,16,1,0.004298,s16_p1
1779294331.0,16,4,0.993678,s16_p4
1779294331.0,16,2,0.473002,s16_p2
1779294331.0,16,3,0.000000,s16_p3
1779294331.0,17,4,0.942093,s17_p4
1779294331.0,17,1,0.000000,s17_p1
1779294331.0,17,2,0.002716,s17_p2
1779294331.0,17,3,0.315613,s17_p3
1779294331.0,11,4,0.000000,s11_p4
1779294331.0,11,1,0.688648,s11_p1
1779294331.0,11,2,0.002717,s11_p2
1779294331.0,11,3,0.362447,s11_p3
1779294331.0,19,1,0.000000,s19_p1
1779294331.0,19,4,0.000000,s19_p4
1779294331.0,19,2,0.000000,s19_p2
1779294331.0,19,3,0.000000,s19_p3
1779294332.0,6,1,0.000000,s6_p1
1779294332.0,6,4,0.688206,s6_p4
1779294332.0,6,2,0.000000,s6_p2
1779294332.0,6,3,0.000000,s6_p3
1779294332.0,1,4,0.000000,s1_p4
1779294332.0,1,1,0.144987,s1_p1
1779294332.0,1,2,0.000000,s1_p2
1779294332.0,1,3,0.362109,s1_p3
1779294332.0,14,4,0.448000,s14_p4
1779294332.0,14,1,0.230054,s14_p1
1779294332.0,14,2,0.000000,s14_p2
1779294332.0,14,3,0.000000,s14_p3
1779294332.0,3,4,0.000000,s3_p4
1779294332.0,3,1,0.699997,s3_p1
1779294332.0,3,2,0.458618,s3_p2
1779294332.0,3,3,0.000000,s3_p3
1779294332.0,19,1,0.000000,s19_p1
1779294332.0,19,4,0.000000,s19_p4
1779294332.0,19,2,0.000000,s19_p2
1779294332.0,19,3,0.000000,s19_p3
1779294332.0,10,1,0.000000,s10_p1
1779294332.0,10,4,0.736336,s10_p4
1779294332.0,10,2,0.000000,s10_p2
1779294332.0,10,3,0.000000,s10_p3
1779294332.0,4,1,0.543633,s4_p1
1779294332.0,4,4,0.000000,s4_p4
1779294332.0,4,2,0.000000,s4_p2
1779294332.0,4,3,0.700682,s4_p3
1779294332.0,8,4,0.000000,s8_p4
1779294332.0,8,1,0.651853,s8_p1
1779294332.0,8,2,0.446640,s8_p2
1779294332.0,8,3,0.000000,s8_p3
1779294332.0,15,4,0.000000,s15_p4
1779294332.0,15,1,0.000000,s15_p1
1779294332.0,15,2,0.651767,s15_p2
1779294332.0,15,3,0.156907,s15_p3
1779294332.0,7,1,0.000000,s7_p1
1779294332.0,7,4,0.833300,s7_p4
1779294332.0,7,2,0.000000,s7_p2
1779294332.0,7,3,0.156999,s7_p3
1779294332.0,13,4,0.000000,s13_p4
1779294332.0,13,1,0.157018,s13_p1
1779294332.0,13,2,0.000000,s13_p2
1779294332.0,13,3,0.000000,s13_p3
1779294332.0,12,4,0.000000,s12_p4
1779294332.0,12,1,0.458939,s12_p1
1779294332.0,12,2,0.543480,s12_p2
1779294332.0,12,3,0.000000,s12_p3
1779294332.0,5,4,0.000000,s5_p4
1779294332.0,5,1,0.229425,s5_p1
1779294332.0,5,2,0.156975,s5_p2
1779294332.0,5,3,0.000000,s5_p3
1779294332.0,2,1,0.362663,s2_p1
1779294332.0,2,4,0.737416,s2_p4
1779294332.0,2,2,0.000000,s2_p2
1779294332.0,2,3,0.665027,s2_p3
1779294332.0,20,1,0.000000,s20_p1
1779294332.0,20,4,0.446548,s20_p4
1779294332.0,20,2,1.000000,s20_p2
1779294332.0,20,3,0.000000,s20_p3
1779294332.0,17,4,0.652858,s17_p4
1779294332.0,17,1,0.000000,s17_p1
1779294332.0,17,2,0.000000,s17_p2
1779294332.0,17,3,0.157170,s17_p3
1779294332.0,11,4,0.000000,s11_p4
1779294332.0,11,1,0.701221,s11_p1
1779294332.0,11,2,0.000000,s11_p2
1779294332.0,11,3,0.000000,s11_p3
1779294332.0,18,1,0.000000,s18_p1
1779294332.0,18,4,0.000000,s18_p4
1779294332.0,18,2,0.000000,s18_p2
1779294332.0,18,3,0.000000,s18_p3
1779294332.0,16,1,0.000000,s16_p1
1779294332.0,16,4,1.000000,s16_p4
1779294332.0,16,2,0.447274,s16_p2
1779294332.0,16,3,0.000000,s16_p3
1779294332.0,9,1,0.012222,s9_p1
1779294332.0,9,4,0.000000,s9_p4
1779294332.0,9,2,0.362361,s9_p2
1779294332.0,9,3,0.652250,s9_p3
1779294332.0,19,1,0.000000,s19_p1
1779294332.0,19,4,0.000000,s19_p4
1779294332.0,19,2,0.000000,s19_p2
1779294332.0,19,3,0.000000,s19_p3
1779294332.0,1,4,0.000000,s1_p4
1779294332.0,1,1,0.132818,s1_p1
1779294332.0,1,2,0.000000,s1_p2
1779294332.0,1,3,0.000000,s1_p3
1779294332.0,6,1,0.000000,s6_p1
1779294332.0,6,4,0.687635,s6_p4
1779294332.0,6,2,0.000000,s6_p2
1779294332.0,6,3,0.000000,s6_p3
1779294332.0,8,4,0.000000,s8_p4
1779294332.0,8,1,0.639858,s8_p1
1779294332.0,8,2,0.446693,s8_p2
1779294332.0,8,3,0.000000,s8_p3
1779294332.0,3,4,0.000000,s3_p4
1779294332.0,3,1,0.687626,s3_p1
1779294332.0,3,2,0.458417,s3_p2
1779294332.0,3,3,0.000000,s3_p3
1779294332.0,14,4,0.446300,s14_p4
1779294332.0,14,1,0.241243,s14_p1
1779294332.0,14,2,0.000000,s14_p2
1779294332.0,14,3,0.000000,s14_p3
1779294332.0,10,1,0.000000,s10_p1
1779294332.0,10,4,0.747959,s10_p4
1779294332.0,10,2,0.000000,s10_p2
1779294332.0,10,3,0.000000,s10_p3
1779294332.0,15,4,0.000000,s15_p4
1779294332.0,15,1,0.000000,s15_p1
1779294332.0,15,2,0.639693,s15_p2
1779294332.0,15,3,0.168975,s15_p3
1779294332.0,5,4,0.000000,s5_p4
1779294332.0,5,1,0.241362,s5_p1
1779294332.0,5,2,0.168953,s5_p2
1779294332.0,5,3,0.000000,s5_p3
1779294332.0,20,1,0.000000,s20_p1
1779294332.0,20,4,0.446507,s20_p4
1779294332.0,20,2,0.989556,s20_p2
1779294332.0,20,3,0.000000,s20_p3
1779294332.0,13,4,0.000000,s13_p4
1779294332.0,13,1,0.168818,s13_p1
1779294332.0,13,2,0.000000,s13_p2
1779294332.0,13,3,0.000000,s13_p3
1779294332.0,2,1,0.000000,s2_p1
1779294332.0,2,4,0.748133,s2_p4
1779294332.0,2,2,0.000000,s2_p2
1779294332.0,2,3,0.639533,s2_p3
1779294332.0,4,1,0.530457,s4_p1
1779294332.0,4,4,0.000000,s4_p4
1779294332.0,4,2,0.000000,s4_p2
1779294332.0,4,3,0.687183,s4_p3
1779294332.0,7,1,0.000000,s7_p1
1779294332.0,7,4,0.819842,s7_p4
1779294332.0,7,2,0.000000,s7_p2
1779294332.0,7,3,0.168791,s7_p3
1779294332.0,18,1,0.000000,s18_p1
1779294332.0,18,4,0.000000,s18_p4
1779294332.0,18,2,0.000000,s18_p2
1779294332.0,18,3,0.000000,s18_p3
1779294332.0,17,4,0.639478,s17_p4
1779294332.0,17,1,0.000000,s17_p1
1779294332.0,17,2,0.000000,s17_p2
1779294332.0,17,3,0.168919,s17_p3
1779294332.0,12,4,0.000000,s12_p4
1779294332.0,12,1,0.458413,s12_p1
1779294332.0,12,2,0.542857,s12_p2
1779294332.0,12,3,0.000000,s12_p3
1779294332.0,11,4,0.000000,s11_p4
1779294332.0,11,1,0.687734,s11_p1
1779294332.0,11,2,0.000000,s11_p2
1779294332.0,11,3,0.000000,s11_p3
1779294332.0,16,1,0.000000,s16_p1
1779294332.0,16,4,0.820472,s16_p4
1779294332.0,16,2,0.446433,s16_p2
1779294332.0,16,3,0.000000,s16_p3
1779294332.0,9,1,0.000000,s9_p1
1779294332.0,9,4,0.000000,s9_p4
1779294332.0,9,2,0.000000,s9_p2
1779294332.0,9,3,0.639462,s9_p3
1779294333.0,19,1,0.000000,s19_p1
1779294333.0,19,4,0.000000,s19_p4
1779294333.0,19,2,0.000000,s19_p2
1779294333.0,19,3,0.000000,s19_p3
1779294333.0,14,4,0.447172,s14_p4
1779294333.0,14,1,0.229629,s14_p1
1779294333.0,14,2,0.000000,s14_p2
1779294333.0,14,3,0.000000,s14_p3
1779294333.0,15,4,0.000000,s15_p4
1779294333.0,15,1,0.000000,s15_p1
1779294333.0,15,2,0.652627,s15_p2
1779294333.0,15,3,0.169200,s15_p3
1779294333.0,3,4,0.000000,s3_p4
1779294333.0,3,1,0.700840,s3_p1
1779294333.0,3,2,0.471255,s3_p2
1779294333.0,3,3,0.000000,s3_p3
1779294333.0,10,1,0.000000,s10_p1
1779294333.0,10,4,0.749196,s10_p4
1779294333.0,10,2,0.000000,s10_p2
1779294333.0,10,3,0.000000,s10_p3
1779294333.0,1,4,0.000000,s1_p4
1779294333.0,1,1,0.132763,s1_p1
1779294333.0,1,2,0.000000,s1_p2
1779294333.0,1,3,0.000000,s1_p3
1779294333.0,8,4,0.000000,s8_p4
1779294333.0,8,1,0.652361,s8_p1
1779294333.0,8,2,0.446988,s8_p2
1779294333.0,8,3,0.000000,s8_p3
1779294333.0,6,1,0.000000,s6_p1
1779294333.0,6,4,0.675860,s6_p4
1779294333.0,6,2,0.000000,s6_p2
1779294333.0,6,3,0.000000,s6_p3
1779294333.0,13,4,0.000000,s13_p4
1779294333.0,13,1,0.169209,s13_p1
1779294333.0,13,2,0.000000,s13_p2
1779294333.0,13,3,0.000000,s13_p3
1779294333.0,18,1,0.000000,s18_p1
1779294333.0,18,4,0.000000,s18_p4
1779294333.0,18,2,0.000000,s18_p2
1779294333.0,18,3,0.000000,s18_p3
1779294333.0,5,4,0.000000,s5_p4
1779294333.0,5,1,0.229590,s5_p1
1779294333.0,5,2,0.169171,s5_p2
1779294333.0,5,3,0.000000,s5_p3
1779294333.0,2,1,0.000000,s2_p1
1779294333.0,2,4,0.749276,s2_p4
1779294333.0,2,2,0.000000,s2_p2
1779294333.0,2,3,0.652595,s2_p3
1779294333.0,17,4,0.652664,s17_p4
1779294333.0,17,1,0.000000,s17_p1
1779294333.0,17,2,0.000000,s17_p2
1779294333.0,17,3,0.169209,s17_p3
1779294333.0,12,4,0.000000,s12_p4
1779294333.0,12,1,0.471364,s12_p1
1779294333.0,12,2,0.519709,s12_p2
1779294333.0,12,3,0.000000,s12_p3
1779294333.0,20,1,0.000000,s20_p1
1779294333.0,20,4,0.447070,s20_p4
1779294333.0,20,2,1.000000,s20_p2
1779294333.0,20,3,0.000000,s20_p3
1779294333.0,7,1,0.000000,s7_p1
1779294333.0,7,4,0.833834,s7_p4
1779294333.0,7,2,0.000000,s7_p2
1779294333.0,7,3,0.169184,s7_p3
1779294333.0,4,1,0.531675,s4_p1
1779294333.0,4,4,0.000000,s4_p4
1779294333.0,4,2,0.000000,s4_p2
1779294333.0,4,3,0.700844,s4_p3
1779294333.0,16,1,0.000000,s16_p1
1779294333.0,16,4,0.833690,s16_p4
1779294333.0,16,2,0.447051,s16_p2
1779294333.0,16,3,0.000000,s16_p3
1779294333.0,9,1,0.000000,s9_p1
1779294333.0,9,4,0.000000,s9_p4
1779294333.0,9,2,0.000000,s9_p2
1779294333.0,9,3,0.652522,s9_p3
1779294333.0,11,4,0.000000,s11_p4
1779294333.0,11,1,0.700704,s11_p1
1779294333.0,11,2,0.000000,s11_p2
1779294333.0,11,3,0.000000,s11_p3
1779294333.0,13,4,0.000000,s13_p4
1779294333.0,13,1,0.169016,s13_p1
1779294333.0,13,2,0.000000,s13_p2
1779294333.0,13,3,0.000000,s13_p3
1779294333.0,1,4,0.000000,s1_p4
1779294333.0,1,1,0.120603,s1_p1
1779294333.0,1,2,0.000000,s1_p2
1779294333.0,1,3,0.000000,s1_p3
1779294333.0,7,1,0.000000,s7_p1
1779294333.0,7,4,0.833051,s7_p4
1779294333.0,7,2,0.000000,s7_p2
1779294333.0,7,3,0.169025,s7_p3
1779294333.0,3,4,0.000000,s3_p4
1779294333.0,3,1,0.699374,s3_p1
1779294333.0,3,2,0.422036,s3_p2
1779294333.0,3,3,0.000000,s3_p3
1779294333.0,18,1,0.000000,s18_p1
1779294333.0,18,4,0.000000,s18_p4
1779294333.0,18,2,0.000000,s18_p2
1779294333.0,18,3,0.000000,s18_p3
1779294333.0,4,1,0.578860,s4_p1
1779294333.0,4,4,0.000000,s4_p4
1779294333.0,4,2,0.000000,s4_p2
1779294333.0,4,3,0.699456,s4_p3
1779294333.0,20,1,0.000000,s20_p1
1779294333.0,20,4,0.446169,s20_p4
1779294333.0,20,2,1.000000,s20_p2
1779294333.0,20,3,0.000000,s20_p3
1779294333.0,6,1,0.000000,s6_p1
1779294333.0,6,4,0.674582,s6_p4
1779294333.0,6,2,0.000000,s6_p2
1779294333.0,6,3,0.000000,s6_p3
1779294333.0,14,4,0.445573,s14_p4
1779294333.0,14,1,0.228808,s14_p1
1779294333.0,14,2,0.000000,s14_p2
1779294333.0,14,3,0.000000,s14_p3
1779294333.0,10,1,0.000000,s10_p1
1779294333.0,10,4,0.734712,s10_p4
1779294333.0,10,2,0.000000,s10_p2
1779294333.0,10,3,0.000000,s10_p3
1779294333.0,15,4,0.000000,s15_p4
1779294333.0,15,1,0.000000,s15_p1
1779294333.0,15,2,0.638285,s15_p2
1779294333.0,15,3,0.168604,s15_p3
1779294333.0,17,4,0.638979,s17_p4
1779294333.0,17,1,0.000000,s17_p1
1779294333.0,17,2,0.000000,s17_p2
1779294333.0,17,3,0.168787,s17_p3
1779294333.0,16,1,0.000000,s16_p1
1779294333.0,16,4,0.832181,s16_p4
1779294333.0,16,2,0.446242,s16_p2
1779294333.0,16,3,0.000000,s16_p3
1779294333.0,9,1,0.000000,s9_p1
1779294333.0,9,4,0.000000,s9_p4
1779294333.0,9,2,0.000000,s9_p2
1779294333.0,9,3,0.639237,s9_p3
1779294333.0,11,4,0.000000,s11_p4
1779294333.0,11,1,0.699530,s11_p1
1779294333.0,11,2,0.000000,s11_p2
1779294333.0,11,3,0.000000,s11_p3
1779294333.0,5,4,0.000000,s5_p4
1779294333.0,5,1,0.229024,s5_p1
1779294333.0,5,2,0.168754,s5_p2
1779294333.0,5,3,0.000000,s5_p3
1779294333.0,12,4,0.000000,s12_p4
1779294333.0,12,1,0.421920,s12_p1
1779294333.0,12,2,0.578634,s12_p2
1779294333.0,12,3,0.000000,s12_p3
1779294333.0,2,1,0.000000,s2_p1
1779294333.0,2,4,0.735276,s2_p4
1779294333.0,2,2,0.000000,s2_p2
1779294333.0,2,3,0.638846,s2_p3
1779294333.0,8,4,0.000000,s8_p4
1779294333.0,8,1,0.638224,s8_p1
1779294333.0,8,2,0.445553,s8_p2
1779294333.0,8,3,0.000000,s8_p3
1779294333.0,19,1,0.000000,s19_p1
1779294333.0,19,4,0.000000,s19_p4
1779294333.0,19,2,0.000000,s19_p2
1779294333.0,19,3,0.000000,s19_p3
1779294334.0,3,4,0.000000,s3_p4
1779294334.0,3,1,0.688742,s3_p1
1779294334.0,3,2,0.495411,s3_p2
1779294334.0,3,3,0.000000,s3_p3
1779294334.0,14,4,0.447065,s14_p4
1779294334.0,14,1,0.229574,s14_p1
1779294334.0,14,2,0.000000,s14_p2
1779294334.0,14,3,0.000000,s14_p3
1779294334.0,1,4,0.000000,s1_p4
1779294334.0,1,1,0.132729,s1_p1
1779294334.0,1,2,0.000000,s1_p2
1779294334.0,1,3,0.000000,s1_p3
1779294334.0,6,1,0.000000,s6_p1
1779294334.0,6,4,0.676538,s6_p4
1779294334.0,6,2,0.000000,s6_p2
1779294334.0,6,3,0.000000,s6_p3
1779294334.0,18,1,0.000000,s18_p1
1779294334.0,18,4,0.000000,s18_p4
1779294334.0,18,2,0.000000,s18_p2
1779294334.0,18,3,0.000000,s18_p3
1779294334.0,13,4,0.000000,s13_p4
1779294334.0,13,1,0.168886,s13_p1
1779294334.0,13,2,0.000000,s13_p2
1779294334.0,13,3,0.000000,s13_p3
1779294334.0,4,1,0.507341,s4_p1
1779294334.0,4,4,0.000000,s4_p4
1779294334.0,4,2,0.000000,s4_p2
1779294334.0,4,3,0.688534,s4_p3
1779294334.0,15,4,0.000000,s15_p4
1779294334.0,15,1,0.000000,s15_p1
1779294334.0,15,2,0.652373,s15_p2
1779294334.0,15,3,0.169134,s15_p3
1779294334.0,19,1,0.000000,s19_p1
1779294334.0,19,4,0.000000,s19_p4
1779294334.0,19,2,0.000000,s19_p2
1779294334.0,19,3,0.000000,s19_p3
1779294334.0,8,4,0.000000,s8_p4
1779294334.0,8,1,0.652467,s8_p1
1779294334.0,8,2,0.447061,s8_p2
1779294334.0,8,3,0.000000,s8_p3
1779294334.0,12,4,0.000000,s12_p4
1779294334.0,12,1,0.495356,s12_p1
1779294334.0,12,2,0.507438,s12_p2
1779294334.0,12,3,0.000000,s12_p3
1779294334.0,20,1,0.000000,s20_p1
1779294334.0,20,4,0.446882,s20_p4
1779294334.0,20,2,1.000000,s20_p2
1779294334.0,20,3,0.000000,s20_p3
1779294334.0,5,4,0.000000,s5_p4
1779294334.0,5,1,0.229532,s5_p1
1779294334.0,5,2,0.169129,s5_p2
1779294334.0,5,3,0.000000,s5_p3
1779294334.0,10,1,0.000000,s10_p1
1779294334.0,10,4,0.748803,s10_p4
1779294334.0,10,2,0.000000,s10_p2
1779294334.0,10,3,0.000000,s10_p3
1779294334.0,7,1,0.000000,s7_p1
1779294334.0,7,4,0.832280,s7_p4
1779294334.0,7,2,0.000000,s7_p2
1779294334.0,7,3,0.168868,s7_p3
1779294334.0,17,4,0.651950,s17_p4
1779294334.0,17,1,0.000000,s17_p1
1779294334.0,17,2,0.000000,s17_p2
1779294334.0,17,3,0.169024,s17_p3
1779294334.0,16,1,0.000000,s16_p1
1779294334.0,16,4,0.833014,s16_p4
1779294334.0,16,2,0.446689,s16_p2
1779294334.0,16,3,0.000000,s16_p3
1779294334.0,2,1,0.000000,s2_p1
1779294334.0,2,4,0.748591,s2_p4
1779294334.0,2,2,0.000000,s2_p2
1779294334.0,2,3,0.651999,s2_p3
1779294334.0,9,1,0.000000,s9_p1
1779294334.0,9,4,0.000000,s9_p4
1779294334.0,9,2,0.000000,s9_p2
1779294334.0,9,3,0.651891,s9_p3
1779294334.0,11,4,0.000000,s11_p4
1779294334.0,11,1,0.688118,s11_p1
1779294334.0,11,2,0.000000,s11_p2
1779294334.0,11,3,0.000000,s11_p3
1779294334.0,6,1,0.000000,s6_p1
1779294334.0,6,4,0.676985,s6_p4
1779294334.0,6,2,0.000000,s6_p2
1779294334.0,6,3,0.000000,s6_p3
1779294334.0,19,1,0.000000,s19_p1
1779294334.0,19,4,0.000000,s19_p4
1779294334.0,19,2,0.000000,s19_p2
1779294334.0,19,3,0.000000,s19_p3
1779294334.0,1,4,0.000000,s1_p4
1779294334.0,1,1,0.132909,s1_p1
1779294334.0,1,2,0.000000,s1_p2
1779294334.0,1,3,0.000000,s1_p3
1779294334.0,3,4,0.000000,s3_p4
1779294334.0,3,1,0.699856,s3_p1
1779294334.0,3,2,0.470593,s3_p2
1779294334.0,3,3,0.000000,s3_p3
1779294334.0,14,4,0.446974,s14_p4
1779294334.0,14,1,0.229527,s14_p1
1779294334.0,14,2,0.000000,s14_p2
1779294334.0,14,3,0.000000,s14_p3
1779294334.0,15,4,0.000000,s15_p4
1779294334.0,15,1,0.000000,s15_p1
1779294334.0,15,2,0.652143,s15_p2
1779294334.0,15,3,0.169074,s15_p3
1779294334.0,10,1,0.000000,s10_p1
1779294334.0,10,4,0.748884,s10_p4
1779294334.0,10,2,0.000000,s10_p2
1779294334.0,10,3,0.000000,s10_p3
1779294334.0,7,1,0.000000,s7_p1
1779294334.0,7,4,0.833436,s7_p4
1779294334.0,7,2,0.000000,s7_p2
1779294334.0,7,3,0.169103,s7_p3
1779294334.0,8,4,0.000000,s8_p4
1779294334.0,8,1,0.652103,s8_p1
1779294334.0,8,2,0.446811,s8_p2
1779294334.0,8,3,0.000000,s8_p3
1779294334.0,5,4,0.000000,s5_p4
1779294334.0,5,1,0.229350,s5_p1
1779294334.0,5,2,0.168995,s5_p2
1779294334.0,5,3,0.000000,s5_p3
1779294334.0,4,1,0.530976,s4_p1
1779294334.0,4,4,0.000000,s4_p4
1779294334.0,4,2,0.000000,s4_p2
1779294334.0,4,3,0.699923,s4_p3
1779294334.0,12,4,0.000000,s12_p4
1779294334.0,12,1,0.470682,s12_p1
1779294334.0,12,2,0.531026,s12_p2
1779294334.0,12,3,0.000000,s12_p3
1779294334.0,18,1,0.000000,s18_p1
1779294334.0,18,4,0.000000,s18_p4
1779294334.0,18,2,0.000000,s18_p2
1779294334.0,18,3,0.000000,s18_p3
1779294334.0,13,4,0.000000,s13_p4
1779294334.0,13,1,0.168931,s13_p1
1779294334.0,13,2,0.000000,s13_p2
1779294334.0,13,3,0.000000,s13_p3
1779294334.0,20,1,0.000000,s20_p1
1779294334.0,20,4,0.446538,s20_p4
1779294334.0,20,2,1.000000,s20_p2
1779294334.0,20,3,0.000000,s20_p3
1779294334.0,17,4,0.651811,s17_p4
1779294334.0,17,1,0.000000,s17_p1
1779294334.0,17,2,0.000000,s17_p2
1779294334.0,17,3,0.168988,s17_p3
1779294334.0,2,1,0.000000,s2_p1
1779294334.0,2,4,0.748402,s2_p4
1779294334.0,2,2,0.000000,s2_p2
1779294334.0,2,3,0.651834,s2_p3
1779294334.0,9,1,0.000000,s9_p1
1779294334.0,9,4,0.000000,s9_p4
1779294334.0,9,2,0.000000,s9_p2
1779294334.0,9,3,0.651844,s9_p3
1779294334.0,11,4,0.000000,s11_p4
1779294334.0,11,1,0.700136,s11_p1
1779294334.0,11,2,0.000000,s11_p2
1779294334.0,11,3,0.000000,s11_p3
1779294334.0,16,1,0.000000,s16_p1
1779294334.0,16,4,0.832816,s16_p4
1779294334.0,16,2,0.446582,s16_p2
1779294334.0,16,3,0.000000,s16_p3
1779294335.0,5,4,0.000000,s5_p4
1779294335.0,5,1,0.241621,s5_p1
1779294335.0,5,2,0.169135,s5_p2
1779294335.0,5,3,0.000000,s5_p3
1779294335.0,4,1,0.543605,s4_p1
1779294335.0,4,4,0.000000,s4_p4
1779294335.0,4,2,0.000000,s4_p2
1779294335.0,4,3,0.688566,s4_p3
1779294335.0,1,4,0.000000,s1_p4
1779294335.0,1,1,0.120634,s1_p1
1779294335.0,1,2,0.000000,s1_p2
1779294335.0,1,3,0.000000,s1_p3
1779294335.0,13,4,0.000000,s13_p4
1779294335.0,13,1,0.169121,s13_p1
1779294335.0,13,2,0.000000,s13_p2
1779294335.0,13,3,0.000000,s13_p3
1779294335.0,18,1,0.000000,s18_p1
1779294335.0,18,4,0.000000,s18_p4
1779294335.0,18,2,0.000000,s18_p2
1779294335.0,18,3,0.000000,s18_p3
1779294335.0,15,4,0.000000,s15_p4
1779294335.0,15,1,0.000000,s15_p1
1779294335.0,15,2,0.638970,s15_p2
1779294335.0,15,3,0.168785,s15_p3
1779294335.0,17,4,0.639710,s17_p4
1779294335.0,17,1,0.000000,s17_p1
1779294335.0,17,2,0.000000,s17_p2
1779294335.0,17,3,0.168980,s17_p3
1779294335.0,16,1,0.000000,s16_p1
1779294335.0,16,4,0.820842,s16_p4
1779294335.0,16,2,0.446635,s16_p2
1779294335.0,16,3,0.000000,s16_p3
1779294335.0,11,4,0.000000,s11_p4
1779294335.0,11,1,0.700101,s11_p1
1779294335.0,11,2,0.000000,s11_p2
1779294335.0,11,3,0.000000,s11_p3
1779294335.0,20,1,0.000000,s20_p1
1779294335.0,20,4,0.446397,s20_p4
1779294335.0,20,2,1.000000,s20_p2
1779294335.0,20,3,0.000000,s20_p3
1779294335.0,3,4,0.000000,s3_p4
1779294335.0,3,1,0.686735,s3_p1
1779294335.0,3,2,0.457823,s3_p2
1779294335.0,3,3,0.000000,s3_p3
1779294335.0,8,4,0.000000,s8_p4
1779294335.0,8,1,0.638967,s8_p1
1779294335.0,8,2,0.446071,s8_p2
1779294335.0,8,3,0.000000,s8_p3
1779294335.0,6,1,0.000000,s6_p1
1779294335.0,6,4,0.686330,s6_p4
1779294335.0,6,2,0.000000,s6_p2
1779294335.0,6,3,0.000000,s6_p3
1779294335.0,7,1,0.000000,s7_p1
1779294335.0,7,4,0.819757,s7_p4
1779294335.0,7,2,0.000000,s7_p2
1779294335.0,7,3,0.168773,s7_p3
1779294335.0,14,4,0.445755,s14_p4
1779294335.0,14,1,0.240949,s14_p1
1779294335.0,14,2,0.000000,s14_p2
1779294335.0,14,3,0.000000,s14_p3
1779294335.0,10,1,0.000000,s10_p1
1779294335.0,10,4,0.735319,s10_p4
1779294335.0,10,2,0.000000,s10_p2
1779294335.0,10,3,0.000000,s10_p3
1779294335.0,2,1,0.000000,s2_p1
1779294335.0,2,4,0.736162,s2_p4
1779294335.0,2,2,0.000000,s2_p2
1779294335.0,2,3,0.639616,s2_p3
1779294335.0,12,4,0.000000,s12_p4
1779294335.0,12,1,0.458363,s12_p1
1779294335.0,12,2,0.542799,s12_p2
1779294335.0,12,3,0.000000,s12_p3
1779294335.0,19,1,0.000000,s19_p1
1779294335.0,19,4,0.000000,s19_p4
1779294335.0,19,2,0.000000,s19_p2
1779294335.0,19,3,0.000000,s19_p3
1779294335.0,9,1,0.000000,s9_p1
1779294335.0,9,4,0.000000,s9_p4
1779294335.0,9,2,0.000000,s9_p2
1779294335.0,9,3,0.639599,s9_p3
1779294335.0,6,1,0.000000,s6_p1
1779294335.0,6,4,0.678168,s6_p4
1779294335.0,6,2,0.000000,s6_p2
1779294335.0,6,3,0.000000,s6_p3
1779294335.0,14,4,0.447609,s14_p4
1779294335.0,14,1,0.229853,s14_p1
1779294335.0,14,2,0.000000,s14_p2
1779294335.0,14,3,0.000000,s14_p3
1779294335.0,13,4,0.000000,s13_p4
1779294335.0,13,1,0.157028,s13_p1
1779294335.0,13,2,0.000000,s13_p2
1779294335.0,13,3,0.000000,s13_p3
1779294335.0,1,4,0.000000,s1_p4
1779294335.0,1,1,0.132858,s1_p1
1779294335.0,1,2,0.000000,s1_p2
1779294335.0,1,3,0.000000,s1_p3
1779294335.0,3,4,0.000000,s3_p4
1779294335.0,3,1,0.701443,s3_p1
1779294335.0,3,2,0.447472,s3_p2
1779294335.0,3,3,0.000000,s3_p3
1779294335.0,5,4,0.000000,s5_p4
1779294335.0,5,1,0.229174,s5_p1
1779294335.0,5,2,0.156803,s5_p2
1779294335.0,5,3,0.000000,s5_p3
1779294335.0,4,1,0.542789,s4_p1
1779294335.0,4,4,0.000000,s4_p4
1779294335.0,4,2,0.000000,s4_p2
1779294335.0,4,3,0.699595,s4_p3
1779294335.0,8,4,0.000000,s8_p4
1779294335.0,8,1,0.652218,s8_p1
1779294335.0,8,2,0.446890,s8_p2
1779294335.0,8,3,0.000000,s8_p3
1779294335.0,20,1,0.000000,s20_p1
1779294335.0,20,4,0.446846,s20_p4
1779294335.0,20,2,0.990307,s20_p2
1779294335.0,20,3,0.000000,s20_p3
1779294335.0,7,1,0.000000,s7_p1
1779294335.0,7,4,0.833317,s7_p4
1779294335.0,7,2,0.000000,s7_p2
1779294335.0,7,3,0.157002,s7_p3
1779294335.0,18,1,0.000000,s18_p1
1779294335.0,18,4,0.000000,s18_p4
1779294335.0,18,2,0.000000,s18_p2
1779294335.0,18,3,0.000000,s18_p3
1779294335.0,10,1,0.000000,s10_p1
1779294335.0,10,4,0.748748,s10_p4
1779294335.0,10,2,0.000000,s10_p2
1779294335.0,10,3,0.000000,s10_p3
1779294335.0,17,4,0.651968,s17_p4
1779294335.0,17,1,0.000000,s17_p1
1779294335.0,17,2,0.000000,s17_p2
1779294335.0,17,3,0.156955,s17_p3
1779294335.0,12,4,0.000000,s12_p4
1779294335.0,12,1,0.446778,s12_p1
1779294335.0,12,2,0.555453,s12_p2
1779294335.0,12,3,0.000000,s12_p3
1779294335.0,15,4,0.000000,s15_p4
1779294335.0,15,1,0.000000,s15_p1
1779294335.0,15,2,0.651864,s15_p2
1779294335.0,15,3,0.156930,s15_p3
1779294335.0,9,1,0.000000,s9_p1
1779294335.0,9,4,0.000000,s9_p4
1779294335.0,9,2,0.000000,s9_p2
1779294335.0,9,3,0.651630,s9_p3
1779294335.0,19,1,0.000000,s19_p1
1779294335.0,19,4,0.000000,s19_p4
1779294335.0,19,2,0.000000,s19_p2
1779294335.0,19,3,0.000000,s19_p3
1779294335.0,2,1,0.000000,s2_p1
1779294335.0,2,4,0.748032,s2_p4
1779294335.0,2,2,0.000000,s2_p2
1779294335.0,2,3,0.651511,s2_p3
1779294335.0,16,1,0.000000,s16_p1
1779294335.0,16,4,0.832320,s16_p4
1779294335.0,16,2,0.446317,s16_p2
1779294335.0,16,3,0.000000,s16_p3
1779294335.0,11,4,0.000000,s11_p4
1779294335.0,11,1,0.687538,s11_p1
1779294335.0,11,2,0.000000,s11_p2
1779294335.0,11,3,0.000000,s11_p3
1779294336.0,19,1,0.000000,s19_p1
1779294336.0,19,4,0.000000,s19_p4
1779294336.0,19,2,0.000000,s19_p2
1779294336.0,19,3,0.000000,s19_p3
1779294336.0,6,1,0.000000,s6_p1
1779294336.0,6,4,0.675714,s6_p4
1779294336.0,6,2,0.000000,s6_p2
1779294336.0,6,3,0.000000,s6_p3
1779294336.0,14,4,0.446596,s14_p4
1779294336.0,14,1,0.229333,s14_p1
1779294336.0,14,2,0.000000,s14_p2
1779294336.0,14,3,0.000000,s14_p3
1779294336.0,3,4,0.000000,s3_p4
1779294336.0,3,1,0.700165,s3_p1
1779294336.0,3,2,0.482872,s3_p2
1779294336.0,3,3,0.000000,s3_p3
1779294336.0,1,4,0.000000,s1_p4
1779294336.0,1,1,0.132781,s1_p1
1779294336.0,1,2,0.000000,s1_p2
1779294336.0,1,3,0.000000,s1_p3
1779294336.0,15,4,0.000000,s15_p4
1779294336.0,15,1,0.000000,s15_p1
1779294336.0,15,2,0.640874,s15_p2
1779294336.0,15,3,0.169288,s15_p3
1779294336.0,8,4,0.000000,s8_p4
1779294336.0,8,1,0.640600,s8_p1
1779294336.0,8,2,0.447211,s8_p2
1779294336.0,8,3,0.000000,s8_p3
1779294336.0,10,1,0.000000,s10_p1
1779294336.0,10,4,0.749518,s10_p4
1779294336.0,10,2,0.000000,s10_p2
1779294336.0,10,3,0.000000,s10_p3
1779294336.0,4,1,0.519346,s4_p1
1779294336.0,4,4,0.000000,s4_p4
1779294336.0,4,2,0.000000,s4_p2
1779294336.0,4,3,0.700514,s4_p3
1779294336.0,7,1,0.000000,s7_p1
1779294336.0,7,4,0.833452,s7_p4
1779294336.0,7,2,0.000000,s7_p2
1779294336.0,7,3,0.169106,s7_p3
1779294336.0,5,4,0.000000,s5_p4
1779294336.0,5,1,0.229419,s5_p1
1779294336.0,5,2,0.169045,s5_p2
1779294336.0,5,3,0.000000,s5_p3
1779294336.0,12,4,0.000000,s12_p4
1779294336.0,12,1,0.483251,s12_p1
1779294336.0,12,2,0.507413,s12_p2
1779294336.0,12,3,0.000000,s12_p3
1779294336.0,13,4,0.000000,s13_p4
1779294336.0,13,1,0.168836,s13_p1
1779294336.0,13,2,0.000000,s13_p2
1779294336.0,13,3,0.000000,s13_p3
1779294336.0,20,1,0.000000,s20_p1
1779294336.0,20,4,0.446852,s20_p4
1779294336.0,20,2,1.000000,s20_p2
1779294336.0,20,3,0.000000,s20_p3
1779294336.0,16,1,0.000000,s16_p1
1779294336.0,16,4,0.833890,s16_p4
1779294336.0,16,2,0.447159,s16_p2
1779294336.0,16,3,0.000000,s16_p3
1779294336.0,17,4,0.639891,s17_p4
1779294336.0,17,1,0.000000,s17_p1
1779294336.0,17,2,0.000000,s17_p2
1779294336.0,17,3,0.169028,s17_p3
1779294336.0,11,4,0.000000,s11_p4
1779294336.0,11,1,0.700931,s11_p1
1779294336.0,11,2,0.000000,s11_p2
1779294336.0,11,3,0.000000,s11_p3
1779294336.0,18,1,0.000000,s18_p1
1779294336.0,18,4,0.000000,s18_p4
1779294336.0,18,2,0.000000,s18_p2
1779294336.0,18,3,0.000000,s18_p3
1779294336.0,2,1,0.000000,s2_p1
1779294336.0,2,4,0.749166,s2_p4
1779294336.0,2,2,0.000000,s2_p2
1779294336.0,2,3,0.640416,s2_p3
1779294336.0,9,1,0.000000,s9_p1
1779294336.0,9,4,0.000000,s9_p4
1779294336.0,9,2,0.000000,s9_p2
1779294336.0,9,3,0.640323,s9_p3
1779294336.0,19,1,0.000000,s19_p1
1779294336.0,19,4,0.000000,s19_p4
1779294336.0,19,2,0.000000,s19_p2
1779294336.0,19,3,0.000000,s19_p3
1779294336.0,14,4,0.447707,s14_p4
1779294336.0,14,1,0.229903,s14_p1
1779294336.0,14,2,0.000000,s14_p2
1779294336.0,14,3,0.000000,s14_p3
1779294336.0,6,1,0.000000,s6_p1
1779294336.0,6,4,0.677049,s6_p4
1779294336.0,6,2,0.000000,s6_p2
1779294336.0,6,3,0.000000,s6_p3
1779294336.0,1,4,0.000000,s1_p4
1779294336.0,1,1,0.133104,s1_p1
1779294336.0,1,2,0.000000,s1_p2
1779294336.0,1,3,0.000000,s1_p3
1779294336.0,3,4,0.000000,s3_p4
1779294336.0,3,1,0.689679,s3_p1
1779294336.0,3,2,0.483985,s3_p2
1779294336.0,3,3,0.000000,s3_p3
1779294336.0,4,1,0.520426,s4_p1
1779294336.0,4,4,0.000000,s4_p4
1779294336.0,4,2,0.000000,s4_p2
1779294336.0,4,3,0.689866,s4_p3
1779294336.0,15,4,0.000000,s15_p4
1779294336.0,15,1,0.000000,s15_p1
1779294336.0,15,2,0.653050,s15_p2
1779294336.0,15,3,0.169309,s15_p3
1779294336.0,8,4,0.000000,s8_p4
1779294336.0,8,1,0.653044,s8_p1
1779294336.0,8,2,0.447456,s8_p2
1779294336.0,8,3,0.000000,s8_p3
1779294336.0,13,4,0.000000,s13_p4
1779294336.0,13,1,0.169447,s13_p1
1779294336.0,13,2,0.000000,s13_p2
1779294336.0,13,3,0.000000,s13_p3
1779294336.0,10,1,0.000000,s10_p1
1779294336.0,10,4,0.737682,s10_p4
1779294336.0,10,2,0.000000,s10_p2
1779294336.0,10,3,0.000000,s10_p3
1779294336.0,20,1,0.000000,s20_p1
1779294336.0,20,4,0.447672,s20_p4
1779294336.0,20,2,1.000000,s20_p2
1779294336.0,20,3,0.000000,s20_p3
1779294336.0,7,1,0.000000,s7_p1
1779294336.0,7,4,0.834716,s7_p4
1779294336.0,7,2,0.000000,s7_p2
1779294336.0,7,3,0.169363,s7_p3
1779294336.0,5,4,0.000000,s5_p4
1779294336.0,5,1,0.229850,s5_p1
1779294336.0,5,2,0.169363,s5_p2
1779294336.0,5,3,0.000000,s5_p3
1779294336.0,12,4,0.000000,s12_p4
1779294336.0,12,1,0.483886,s12_p1
1779294336.0,12,2,0.520177,s12_p2
1779294336.0,12,3,0.000000,s12_p3
1779294336.0,16,1,0.000000,s16_p1
1779294336.0,16,4,0.834792,s16_p4
1779294336.0,16,2,0.447642,s16_p2
1779294336.0,16,3,0.000000,s16_p3
1779294336.0,11,4,0.000000,s11_p4
1779294336.0,11,1,0.689634,s11_p1
1779294336.0,11,2,0.000000,s11_p2
1779294336.0,11,3,0.000000,s11_p3
1779294336.0,18,1,0.000000,s18_p1
1779294336.0,18,4,0.000000,s18_p4
1779294336.0,18,2,0.000000,s18_p2
1779294336.0,18,3,0.000000,s18_p3
1779294336.0,2,1,0.000000,s2_p1
1779294336.0,2,4,0.738024,s2_p4
1779294336.0,2,2,0.000000,s2_p2
1779294336.0,2,3,0.653333,s2_p3
1779294336.0,17,4,0.653246,s17_p4
1779294336.0,17,1,0.000000,s17_p1
1779294336.0,17,2,0.000000,s17_p2
1779294336.0,17,3,0.169360,s17_p3
1779294336.0,9,1,0.000000,s9_p1
1779294336.0,9,4,0.000000,s9_p4
1779294336.0,9,2,0.000000,s9_p2
1779294336.0,9,3,0.653223,s9_p3
1779294337.0,6,1,0.000000,s6_p1
1779294337.0,6,4,0.676901,s6_p4
1779294337.0,6,2,0.000000,s6_p2
1779294337.0,6,3,0.000000,s6_p3
1779294337.0,15,4,0.000000,s15_p4
1779294337.0,15,1,0.000000,s15_p1
1779294337.0,15,2,0.640463,s15_p2
1779294337.0,15,3,0.169179,s15_p3
1779294337.0,13,4,0.000000,s13_p4
1779294337.0,13,1,0.169173,s13_p1
1779294337.0,13,2,0.000000,s13_p2
1779294337.0,13,3,0.000000,s13_p3
1779294337.0,3,4,0.000000,s3_p4
1779294337.0,3,1,0.700388,s3_p1
1779294337.0,3,2,0.446799,s3_p2
1779294337.0,3,3,0.000000,s3_p3
1779294337.0,10,1,0.000000,s10_p1
1779294337.0,10,4,0.749150,s10_p4
1779294337.0,10,2,0.000000,s10_p2
1779294337.0,10,3,0.000000,s10_p3
1779294337.0,14,4,0.446718,s14_p4
1779294337.0,14,1,0.229396,s14_p1
1779294337.0,14,2,0.000000,s14_p2
1779294337.0,14,3,0.000000,s14_p3
1779294337.0,8,4,0.000000,s8_p4
1779294337.0,8,1,0.640350,s8_p1
1779294337.0,8,2,0.447037,s8_p2
1779294337.0,8,3,0.000000,s8_p3
1779294337.0,1,4,0.000000,s1_p4
1779294337.0,1,1,0.120742,s1_p1
1779294337.0,1,2,0.000000,s1_p2
1779294337.0,1,3,0.000000,s1_p3
1779294337.0,7,1,0.000000,s7_p1
1779294337.0,7,4,0.821234,s7_p4
1779294337.0,7,2,0.000000,s7_p2
1779294337.0,7,3,0.169078,s7_p3
1779294337.0,18,1,0.000000,s18_p1
1779294337.0,18,4,0.000000,s18_p4
1779294337.0,18,2,0.000000,s18_p2
1779294337.0,18,3,0.000000,s18_p3
1779294337.0,4,1,0.555173,s4_p1
1779294337.0,4,4,0.000000,s4_p4
1779294337.0,4,2,0.000000,s4_p2
1779294337.0,4,3,0.700000,s4_p3
1779294337.0,12,4,0.000000,s12_p4
1779294337.0,12,1,0.446818,s12_p1
1779294337.0,12,2,0.555504,s12_p2
1779294337.0,12,3,0.000000,s12_p3
1779294337.0,17,4,0.652468,s17_p4
1779294337.0,17,1,0.000000,s17_p1
1779294337.0,17,2,0.000000,s17_p2
1779294337.0,17,3,0.169158,s17_p3
1779294337.0,5,4,0.000000,s5_p4
1779294337.0,5,1,0.229419,s5_p1
1779294337.0,5,2,0.169046,s5_p2
1779294337.0,5,3,0.000000,s5_p3
1779294337.0,2,1,0.000000,s2_p1
1779294337.0,2,4,0.749019,s2_p4
1779294337.0,2,2,0.000000,s2_p2
1779294337.0,2,3,0.652371,s2_p3
1779294337.0,20,1,0.000000,s20_p1
1779294337.0,20,4,0.446697,s20_p4
1779294337.0,20,2,1.000000,s20_p2
1779294337.0,20,3,0.000000,s20_p3
1779294337.0,16,1,0.000000,s16_p1
1779294337.0,16,4,0.821137,s16_p4
1779294337.0,16,2,0.446795,s16_p2
1779294337.0,16,3,0.000000,s16_p3
1779294337.0,11,4,0.000000,s11_p4
1779294337.0,11,1,0.700386,s11_p1
1779294337.0,11,2,0.000000,s11_p2
1779294337.0,11,3,0.000000,s11_p3
1779294337.0,9,1,0.000000,s9_p1
1779294337.0,9,4,0.000000,s9_p4
1779294337.0,9,2,0.000000,s9_p2
1779294337.0,9,3,0.652223,s9_p3
1779294337.0,19,1,0.000000,s19_p1
1779294337.0,19,4,0.000000,s19_p4
1779294337.0,19,2,0.000000,s19_p2
1779294337.0,19,3,0.000000,s19_p3
1779294337.0,19,1,0.000000,s19_p1
1779294337.0,19,4,0.000000,s19_p4
1779294337.0,19,2,0.000000,s19_p2
1779294337.0,19,3,0.000000,s19_p3
1779294337.0,3,4,0.000000,s3_p4
1779294337.0,3,1,0.689164,s3_p1
1779294337.0,3,2,0.435262,s3_p2
1779294337.0,3,3,0.000000,s3_p3
1779294337.0,1,4,0.000000,s1_p4
1779294337.0,1,1,0.132995,s1_p1
1779294337.0,1,2,0.000000,s1_p2
1779294337.0,1,3,0.000000,s1_p3
1779294337.0,14,4,0.447308,s14_p4
1779294337.0,14,1,0.241788,s14_p1
1779294337.0,14,2,0.000000,s14_p2
1779294337.0,14,3,0.000000,s14_p3
1779294337.0,6,1,0.000000,s6_p1
1779294337.0,6,4,0.688323,s6_p4
1779294337.0,6,2,0.000000,s6_p2
1779294337.0,6,3,0.000000,s6_p3
1779294337.0,15,4,0.000000,s15_p4
1779294337.0,15,1,0.000000,s15_p1
1779294337.0,15,2,0.652221,s15_p2
1779294337.0,15,3,0.169094,s15_p3
1779294337.0,13,4,0.000000,s13_p4
1779294337.0,13,1,0.169095,s13_p1
1779294337.0,13,2,0.000000,s13_p2
1779294337.0,13,3,0.000000,s13_p3
1779294337.0,8,4,0.000000,s8_p4
1779294337.0,8,1,0.652280,s8_p1
1779294337.0,8,2,0.446933,s8_p2
1779294337.0,8,3,0.000000,s8_p3
1779294337.0,10,1,0.000000,s10_p1
1779294337.0,10,4,0.736785,s10_p4
1779294337.0,10,2,0.000000,s10_p2
1779294337.0,10,3,0.000000,s10_p3
1779294337.0,4,1,0.568242,s4_p1
1779294337.0,4,4,0.000000,s4_p4
1779294337.0,4,2,0.000000,s4_p2
1779294337.0,4,3,0.689145,s4_p3
1779294337.0,20,1,0.000000,s20_p1
1779294337.0,20,4,0.447382,s20_p4
1779294337.0,20,2,1.000000,s20_p2
1779294337.0,20,3,0.000000,s20_p3
1779294337.0,7,1,0.000000,s7_p1
1779294337.0,7,4,0.834050,s7_p4
1779294337.0,7,2,0.000000,s7_p2
1779294337.0,7,3,0.169227,s7_p3
1779294337.0,18,1,0.000000,s18_p1
1779294337.0,18,4,0.000000,s18_p4
1779294337.0,18,2,0.000000,s18_p2
1779294337.0,18,3,0.000000,s18_p3
1779294337.0,16,1,0.000000,s16_p1
1779294337.0,16,4,0.833940,s16_p4
1779294337.0,16,2,0.447185,s16_p2
1779294337.0,16,3,0.000000,s16_p3
1779294337.0,12,4,0.000000,s12_p4
1779294337.0,12,1,0.434891,s12_p1
1779294337.0,12,2,0.567774,s12_p2
1779294337.0,12,3,0.000000,s12_p3
1779294337.0,17,4,0.640251,s17_p4
1779294337.0,17,1,0.000000,s17_p1
1779294337.0,17,2,0.000000,s17_p2
1779294337.0,17,3,0.169123,s17_p3
1779294337.0,2,1,0.000000,s2_p1
1779294337.0,2,4,0.736949,s2_p4
1779294337.0,2,2,0.000000,s2_p2
1779294337.0,2,3,0.640300,s2_p3
1779294337.0,5,4,0.000000,s5_p4
1779294337.0,5,1,0.241604,s5_p1
1779294337.0,5,2,0.169123,s5_p2
1779294337.0,5,3,0.000000,s5_p3
1779294337.0,11,4,0.000000,s11_p4
1779294337.0,11,1,0.700921,s11_p1
1779294337.0,11,2,0.000000,s11_p2
1779294337.0,11,3,0.000000,s11_p3
1779294337.0,9,1,0.000000,s9_p1
1779294337.0,9,4,0.000000,s9_p4
1779294337.0,9,2,0.000000,s9_p2
1779294337.0,9,3,0.640418,s9_p3
1779294338.0,19,1,0.000000,s19_p1
1779294338.0,19,4,0.000000,s19_p4
1779294338.0,19,2,0.000000,s19_p2
1779294338.0,19,3,0.000000,s19_p3
1779294338.0,14,4,0.446950,s14_p4
1779294338.0,14,1,0.229515,s14_p1
1779294338.0,14,2,0.000000,s14_p2
1779294338.0,14,3,0.000000,s14_p3
1779294338.0,1,4,0.000000,s1_p4
1779294338.0,1,1,0.132862,s1_p1
1779294338.0,1,2,0.000000,s1_p2
1779294338.0,1,3,0.000000,s1_p3
1779294338.0,6,1,0.000000,s6_p1
1779294338.0,6,4,0.676394,s6_p4
1779294338.0,6,2,0.000000,s6_p2
1779294338.0,6,3,0.000000,s6_p3
1779294338.0,10,1,0.000000,s10_p1
1779294338.0,10,4,0.749332,s10_p4
1779294338.0,10,2,0.000000,s10_p2
1779294338.0,10,3,0.000000,s10_p3
1779294338.0,3,4,0.000000,s3_p4
1779294338.0,3,1,0.700221,s3_p1
1779294338.0,3,2,0.482911,s3_p2
1779294338.0,3,3,0.000000,s3_p3
1779294338.0,15,4,0.000000,s15_p4
1779294338.0,15,1,0.000000,s15_p1
1779294338.0,15,2,0.651888,s15_p2
1779294338.0,15,3,0.169008,s15_p3
1779294338.0,13,4,0.000000,s13_p4
1779294338.0,13,1,0.169004,s13_p1
1779294338.0,13,2,0.000000,s13_p2
1779294338.0,13,3,0.000000,s13_p3
1779294338.0,7,1,0.000000,s7_p1
1779294338.0,7,4,0.833089,s7_p4
1779294338.0,7,2,0.000000,s7_p2
1779294338.0,7,3,0.169033,s7_p3
1779294338.0,8,4,0.000000,s8_p4
1779294338.0,8,1,0.651857,s8_p1
1779294338.0,8,2,0.446643,s8_p2
1779294338.0,8,3,0.000000,s8_p3
1779294338.0,4,1,0.507023,s4_p1
1779294338.0,4,4,0.000000,s4_p4
1779294338.0,4,2,0.000000,s4_p2
1779294338.0,4,3,0.700175,s4_p3
1779294338.0,5,4,0.000000,s5_p4
1779294338.0,5,1,0.229392,s5_p1
1779294338.0,5,2,0.169026,s5_p2
1779294338.0,5,3,0.000000,s5_p3
1779294338.0,2,1,0.000000,s2_p1
1779294338.0,2,4,0.748451,s2_p4
1779294338.0,2,2,0.000000,s2_p2
1779294338.0,2,3,0.651877,s2_p3
1779294338.0,16,1,0.000000,s16_p1
1779294338.0,16,4,0.832856,s16_p4
1779294338.0,16,2,0.446604,s16_p2
1779294338.0,16,3,0.000000,s16_p3
1779294338.0,18,1,0.000000,s18_p1
1779294338.0,18,4,0.000000,s18_p4
1779294338.0,18,2,0.000000,s18_p2
1779294338.0,18,3,0.000000,s18_p3
1779294338.0,20,1,0.000000,s20_p1
1779294338.0,20,4,0.446251,s20_p4
1779294338.0,20,2,0.988989,s20_p2
1779294338.0,20,3,0.000000,s20_p3
1779294338.0,12,4,0.000000,s12_p4
1779294338.0,12,1,0.482800,s12_p1
1779294338.0,12,2,0.506940,s12_p2
1779294338.0,12,3,0.000000,s12_p3
1779294338.0,17,4,0.651784,s17_p4
1779294338.0,17,1,0.000000,s17_p1
1779294338.0,17,2,0.000000,s17_p2
1779294338.0,17,3,0.168981,s17_p3
1779294338.0,11,4,0.000000,s11_p4
1779294338.0,11,1,0.687928,s11_p1
1779294338.0,11,2,0.000000,s11_p2
1779294338.0,11,3,0.000000,s11_p3
1779294338.0,9,1,0.000000,s9_p1
1779294338.0,9,4,0.000000,s9_p4
1779294338.0,9,2,0.000000,s9_p2
1779294338.0,9,3,0.651786,s9_p3
1779294338.0,14,4,0.446194,s14_p4
1779294338.0,14,1,0.229127,s14_p1
1779294338.0,14,2,0.000000,s14_p2
1779294338.0,14,3,0.000000,s14_p3
1779294338.0,6,1,0.000000,s6_p1
1779294338.0,6,4,0.675274,s6_p4
1779294338.0,6,2,0.000000,s6_p2
1779294338.0,6,3,0.000000,s6_p3
1779294338.0,12,4,0.000000,s12_p4
1779294338.0,12,1,0.470937,s12_p1
1779294338.0,12,2,0.531314,s12_p2
1779294338.0,12,3,0.000000,s12_p3
1779294338.0,4,1,0.530730,s4_p1
1779294338.0,4,4,0.000000,s4_p4
1779294338.0,4,2,0.000000,s4_p2
1779294338.0,4,3,0.699598,s4_p3
1779294338.0,3,4,0.000000,s3_p4
1779294338.0,3,1,0.698784,s3_p1
1779294338.0,3,2,0.469872,s3_p2
1779294338.0,3,3,0.000000,s3_p3
1779294338.0,5,4,0.000000,s5_p4
1779294338.0,5,1,0.229357,s5_p1
1779294338.0,5,2,0.156928,s5_p2
1779294338.0,5,3,0.000000,s5_p3
1779294338.0,15,4,0.000000,s15_p4
1779294338.0,15,1,0.000000,s15_p1
1779294338.0,15,2,0.639118,s15_p2
1779294338.0,15,3,0.156765,s15_p3
1779294338.0,18,1,0.000000,s18_p1
1779294338.0,18,4,0.000000,s18_p4
1779294338.0,18,2,0.000000,s18_p2
1779294338.0,18,3,0.000000,s18_p3
1779294338.0,20,1,0.000000,s20_p1
1779294338.0,20,4,0.458747,s20_p4
1779294338.0,20,2,1.000000,s20_p2
1779294338.0,20,3,0.000000,s20_p3
1779294338.0,8,4,0.000000,s8_p4
1779294338.0,8,1,0.639150,s8_p1
1779294338.0,8,2,0.446199,s8_p2
1779294338.0,8,3,0.000000,s8_p3
1779294338.0,1,4,0.000000,s1_p4
1779294338.0,1,1,0.120410,s1_p1
1779294338.0,1,2,0.000000,s1_p2
1779294338.0,1,3,0.000000,s1_p3
1779294338.0,13,4,0.000000,s13_p4
1779294338.0,13,1,0.156745,s13_p1
1779294338.0,13,2,0.000000,s13_p2
1779294338.0,13,3,0.000000,s13_p3
1779294338.0,10,1,0.000000,s10_p1
1779294338.0,10,4,0.746691,s10_p4
1779294338.0,10,2,0.000000,s10_p2
1779294338.0,10,3,0.000000,s10_p3
1779294338.0,17,4,0.639680,s17_p4
1779294338.0,17,1,0.000000,s17_p1
1779294338.0,17,2,0.000000,s17_p2
1779294338.0,17,3,0.156903,s17_p3
1779294338.0,7,1,0.000000,s7_p1
1779294338.0,7,4,0.831864,s7_p4
1779294338.0,7,2,0.000000,s7_p2
1779294338.0,7,3,0.156728,s7_p3
1779294338.0,16,1,0.000000,s16_p1
1779294338.0,16,4,0.832347,s16_p4
1779294338.0,16,2,0.458394,s16_p2
1779294338.0,16,3,0.000000,s16_p3
1779294338.0,11,4,0.000000,s11_p4
1779294338.0,11,1,0.699807,s11_p1
1779294338.0,11,2,0.000000,s11_p2
1779294338.0,11,3,0.000000,s11_p3
1779294338.0,9,1,0.000000,s9_p1
1779294338.0,9,4,0.000000,s9_p4
1779294338.0,9,2,0.000000,s9_p2
1779294338.0,9,3,0.639492,s9_p3
1779294338.0,19,1,0.000000,s19_p1
1779294338.0,19,4,0.000000,s19_p4
1779294338.0,19,2,0.000000,s19_p2
1779294338.0,19,3,0.000000,s19_p3
1779294338.0,2,1,0.000000,s2_p1
1779294338.0,2,4,0.747774,s2_p4
1779294338.0,2,2,0.000000,s2_p2
1779294338.0,2,3,0.639227,s2_p3
1779294339.0,19,1,0.000000,s19_p1
1779294339.0,19,4,0.000000,s19_p4
1779294339.0,19,2,0.000000,s19_p2
1779294339.0,19,3,0.000000,s19_p3
1779294339.0,6,1,0.000000,s6_p1
1779294339.0,6,4,0.688116,s6_p4
1779294339.0,6,2,0.000000,s6_p2
1779294339.0,6,3,0.000000,s6_p3
1779294339.0,1,4,0.000000,s1_p4
1779294339.0,1,1,0.132961,s1_p1
1779294339.0,1,2,0.000000,s1_p2
1779294339.0,1,3,0.000000,s1_p3
1779294339.0,14,4,0.458558,s14_p4
1779294339.0,14,1,0.229279,s14_p1
1779294339.0,14,2,0.000000,s14_p2
1779294339.0,14,3,0.000000,s14_p3
1779294339.0,10,1,0.000000,s10_p1
1779294339.0,10,4,0.737046,s10_p4
1779294339.0,10,2,0.000000,s10_p2
1779294339.0,10,3,0.000000,s10_p3
1779294339.0,15,4,0.000000,s15_p4
1779294339.0,15,1,0.000000,s15_p1
1779294339.0,15,2,0.652241,s15_p2
1779294339.0,15,3,0.169100,s15_p3
1779294339.0,3,4,0.000000,s3_p4
1779294339.0,3,1,0.688419,s3_p1
1779294339.0,3,2,0.471023,s3_p2
1779294339.0,3,3,0.000000,s3_p3
1779294339.0,8,4,0.000000,s8_p4
1779294339.0,8,1,0.651924,s8_p1
1779294339.0,8,2,0.458761,s8_p2
1779294339.0,8,3,0.000000,s8_p3
1779294339.0,13,4,0.000000,s13_p4
1779294339.0,13,1,0.169010,s13_p1
1779294339.0,13,2,0.000000,s13_p2
1779294339.0,13,3,0.000000,s13_p3
1779294339.0,4,1,0.530787,s4_p1
1779294339.0,4,4,0.000000,s4_p4
1779294339.0,4,2,0.000000,s4_p2
1779294339.0,4,3,0.687611,s4_p3
1779294339.0,20,1,0.000000,s20_p1
1779294339.0,20,4,0.446370,s20_p4
1779294339.0,20,2,1.000000,s20_p2
1779294339.0,20,3,0.000000,s20_p3
1779294339.0,7,1,0.000000,s7_p1
1779294339.0,7,4,0.832634,s7_p4
1779294339.0,7,2,0.000000,s7_p2
1779294339.0,7,3,0.168940,s7_p3
1779294339.0,5,4,0.000000,s5_p4
1779294339.0,5,1,0.229155,s5_p1
1779294339.0,5,2,0.168851,s5_p2
1779294339.0,5,3,0.000000,s5_p3
1779294339.0,12,4,0.000000,s12_p4
1779294339.0,12,1,0.470014,s12_p1
1779294339.0,12,2,0.530272,s12_p2
1779294339.0,12,3,0.000000,s12_p3
1779294339.0,18,1,0.000000,s18_p1
1779294339.0,18,4,0.000000,s18_p4
1779294339.0,18,2,0.000000,s18_p2
1779294339.0,18,3,0.000000,s18_p3
1779294339.0,2,1,0.000000,s2_p1
1779294339.0,2,4,0.735853,s2_p4
1779294339.0,2,2,0.000000,s2_p2
1779294339.0,2,3,0.651411,s2_p3
1779294339.0,17,4,0.651009,s17_p4
1779294339.0,17,1,0.000000,s17_p1
1779294339.0,17,2,0.000000,s17_p2
1779294339.0,17,3,0.168780,s17_p3
1779294339.0,16,1,0.000000,s16_p1
1779294339.0,16,4,0.831966,s16_p4
1779294339.0,16,2,0.446126,s16_p2
1779294339.0,16,3,0.000000,s16_p3
1779294339.0,9,1,0.000000,s9_p1
1779294339.0,9,4,0.000000,s9_p4
1779294339.0,9,2,0.000000,s9_p2
1779294339.0,9,3,0.651118,s9_p3
1779294339.0,11,4,0.000000,s11_p4
1779294339.0,11,1,0.699301,s11_p1
1779294339.0,11,2,0.000000,s11_p2
1779294339.0,11,3,0.000000,s11_p3
1779294339.0,6,1,0.000000,s6_p1
1779294339.0,6,4,0.677182,s6_p4
1779294339.0,6,2,0.000000,s6_p2
1779294339.0,6,3,0.000000,s6_p3
1779294339.0,1,4,0.000000,s1_p4
1779294339.0,1,1,0.132973,s1_p1
1779294339.0,1,2,0.000000,s1_p2
1779294339.0,1,3,0.000000,s1_p3
1779294339.0,3,4,0.000000,s3_p4
1779294339.0,3,1,0.701492,s3_p1
1779294339.0,3,2,0.447503,s3_p2
1779294339.0,3,3,0.000000,s3_p3
1779294339.0,15,4,0.000000,s15_p4
1779294339.0,15,1,0.000000,s15_p1
1779294339.0,15,2,0.640613,s15_p2
1779294339.0,15,3,0.169219,s15_p3
1779294339.0,14,4,0.446952,s14_p4
1779294339.0,14,1,0.229516,s14_p1
1779294339.0,14,2,0.000000,s14_p2
1779294339.0,14,3,0.000000,s14_p3
1779294339.0,8,4,0.000000,s8_p4
1779294339.0,8,1,0.640902,s8_p1
1779294339.0,8,2,0.447422,s8_p2
1779294339.0,8,3,0.000000,s8_p3
1779294339.0,10,1,0.000000,s10_p1
1779294339.0,10,4,0.749206,s10_p4
1779294339.0,10,2,0.000000,s10_p2
1779294339.0,10,3,0.000000,s10_p3
1779294339.0,13,4,0.000000,s13_p4
1779294339.0,13,1,0.169314,s13_p1
1779294339.0,13,2,0.000000,s13_p2
1779294339.0,13,3,0.000000,s13_p3
1779294339.0,5,4,0.000000,s5_p4
1779294339.0,5,1,0.229812,s5_p1
1779294339.0,5,2,0.169335,s5_p2
1779294339.0,5,3,0.000000,s5_p3
1779294339.0,12,4,0.000000,s12_p4
1779294339.0,12,1,0.447766,s12_p1
1779294339.0,12,2,0.556682,s12_p2
1779294339.0,12,3,0.000000,s12_p3
1779294339.0,20,1,0.000000,s20_p1
1779294339.0,20,4,0.447391,s20_p4
1779294339.0,20,2,1.000000,s20_p2
1779294339.0,20,3,0.000000,s20_p3
1779294339.0,4,1,0.556156,s4_p1
1779294339.0,4,4,0.000000,s4_p4
1779294339.0,4,2,0.000000,s4_p2
1779294339.0,4,3,0.701240,s4_p3
1779294339.0,7,1,0.000000,s7_p1
1779294339.0,7,4,0.822225,s7_p4
1779294339.0,7,2,0.000000,s7_p2
1779294339.0,7,3,0.169282,s7_p3
1779294339.0,11,4,0.000000,s11_p4
1779294339.0,11,1,0.689837,s11_p1
1779294339.0,11,2,0.000000,s11_p2
1779294339.0,11,3,0.000000,s11_p3
1779294339.0,16,1,0.000000,s16_p1
1779294339.0,16,4,0.822820,s16_p4
1779294339.0,16,2,0.447711,s16_p2
1779294339.0,16,3,0.000000,s16_p3
1779294339.0,18,1,0.000000,s18_p1
1779294339.0,18,4,0.000000,s18_p4
1779294339.0,18,2,0.000000,s18_p2
1779294339.0,18,3,0.000000,s18_p3
1779294339.0,17,4,0.641085,s17_p4
1779294339.0,17,1,0.000000,s17_p1
1779294339.0,17,2,0.000000,s17_p2
1779294339.0,17,3,0.169343,s17_p3
1779294339.0,2,1,0.000000,s2_p1
1779294339.0,2,4,0.749909,s2_p4
1779294339.0,2,2,0.000000,s2_p2
1779294339.0,2,3,0.641051,s2_p3
1779294339.0,9,1,0.000000,s9_p1
1779294339.0,9,4,0.000000,s9_p4
1779294339.0,9,2,0.000000,s9_p2
1779294339.0,9,3,0.641223,s9_p3
1779294339.0,19,1,0.000000,s19_p1
1779294339.0,19,4,0.000000,s19_p4
1779294339.0,19,2,0.000000,s19_p2
1779294339.0,19,3,0.000000,s19_p3
1779294340.0,6,1,0.000000,s6_p1
1779294340.0,6,4,0.687778,s6_p4
1779294340.0,6,2,0.000000,s6_p2
1779294340.0,6,3,0.000000,s6_p3
1779294340.0,4,1,0.543539,s4_p1
1779294340.0,4,4,0.000000,s4_p4
1779294340.0,4,2,0.000000,s4_p2
1779294340.0,4,3,0.700561,s4_p3
1779294340.0,3,4,0.000000,s3_p4
1779294340.0,3,1,0.699437,s3_p1
1779294340.0,3,2,0.458252,s3_p2
1779294340.0,3,3,0.000000,s3_p3
1779294340.0,10,1,0.000000,s10_p1
1779294340.0,10,4,0.736154,s10_p4
1779294340.0,10,2,0.000000,s10_p2
1779294340.0,10,3,0.000000,s10_p3
1779294340.0,1,4,0.000000,s1_p4
1779294340.0,1,1,0.132633,s1_p1
1779294340.0,1,2,0.000000,s1_p2
1779294340.0,1,3,0.000000,s1_p3
1779294340.0,13,4,0.000000,s13_p4
1779294340.0,13,1,0.168946,s13_p1
1779294340.0,13,2,0.000000,s13_p2
1779294340.0,13,3,0.000000,s13_p3
1779294340.0,16,1,0.000000,s16_p1
1779294340.0,16,4,0.833060,s16_p4
1779294340.0,16,2,0.446713,s16_p2
1779294340.0,16,3,0.000000,s16_p3
1779294340.0,18,1,0.000000,s18_p1
1779294340.0,18,4,0.000000,s18_p4
1779294340.0,18,2,0.000000,s18_p2
1779294340.0,18,3,0.000000,s18_p3
1779294340.0,2,1,0.000000,s2_p1
1779294340.0,2,4,0.748467,s2_p4
1779294340.0,2,2,0.000000,s2_p2
1779294340.0,2,3,0.651890,s2_p3
1779294340.0,12,4,0.000000,s12_p4
1779294340.0,12,1,0.458415,s12_p1
1779294340.0,12,2,0.542860,s12_p2
1779294340.0,12,3,0.000000,s12_p3
1779294340.0,8,4,0.000000,s8_p4
1779294340.0,8,1,0.650945,s8_p1
1779294340.0,8,2,0.446018,s8_p2
1779294340.0,8,3,0.000000,s8_p3
1779294340.0,5,4,0.000000,s5_p4
1779294340.0,5,1,0.241231,s5_p1
1779294340.0,5,2,0.168861,s5_p2
1779294340.0,5,3,0.000000,s5_p3
1779294340.0,11,4,0.000000,s11_p4
1779294340.0,11,1,0.699980,s11_p1
1779294340.0,11,2,0.000000,s11_p2
1779294340.0,11,3,0.000000,s11_p3
1779294340.0,20,1,0.000000,s20_p1
1779294340.0,20,4,0.446301,s20_p4
1779294340.0,20,2,1.000000,s20_p2
1779294340.0,20,3,0.000000,s20_p3
1779294340.0,7,1,0.000000,s7_p1
1779294340.0,7,4,0.832328,s7_p4
1779294340.0,7,2,0.000000,s7_p2
1779294340.0,7,3,0.168878,s7_p3
1779294340.0,17,4,0.651731,s17_p4
1779294340.0,17,1,0.000000,s17_p1
1779294340.0,17,2,0.000000,s17_p2
1779294340.0,17,3,0.168967,s17_p3
1779294340.0,9,1,0.000000,s9_p1
1779294340.0,9,4,0.000000,s9_p4
1779294340.0,9,2,0.000000,s9_p2
1779294340.0,9,3,0.651823,s9_p3
1779294340.0,15,4,0.000000,s15_p4
1779294340.0,15,1,0.000000,s15_p1
1779294340.0,15,2,0.650508,s15_p2
1779294340.0,15,3,0.168650,s15_p3
1779294340.0,19,1,0.000000,s19_p1
1779294340.0,19,4,0.000000,s19_p4
1779294340.0,19,2,0.000000,s19_p2
1779294340.0,19,3,0.000000,s19_p3
1779294340.0,14,4,0.445721,s14_p4
1779294340.0,14,1,0.240930,s14_p1
1779294340.0,14,2,0.000000,s14_p2
1779294340.0,14,3,0.000000,s14_p3
1779294340.0,6,1,0.000000,s6_p1
1779294340.0,6,4,0.676214,s6_p4
1779294340.0,6,2,0.000000,s6_p2
1779294340.0,6,3,0.000000,s6_p3
1779294340.0,19,1,0.000000,s19_p1
1779294340.0,19,4,0.000000,s19_p4
1779294340.0,19,2,0.000000,s19_p2
1779294340.0,19,3,0.000000,s19_p3
1779294340.0,14,4,0.447794,s14_p4
1779294340.0,14,1,0.229948,s14_p1
1779294340.0,14,2,0.000000,s14_p2
1779294340.0,14,3,0.000000,s14_p3
1779294340.0,1,4,0.000000,s1_p4
1779294340.0,1,1,0.120809,s1_p1
1779294340.0,1,2,0.000000,s1_p2
1779294340.0,1,3,0.000000,s1_p3
1779294340.0,3,4,0.000000,s3_p4
1779294340.0,3,1,0.688544,s3_p1
1779294340.0,3,2,0.459029,s3_p2
1779294340.0,3,3,0.000000,s3_p3
1779294340.0,10,1,0.000000,s10_p1
1779294340.0,10,4,0.748795,s10_p4
1779294340.0,10,2,0.000000,s10_p2
1779294340.0,10,3,0.000000,s10_p3
1779294340.0,15,4,0.000000,s15_p4
1779294340.0,15,1,0.000000,s15_p1
1779294340.0,15,2,0.653198,s15_p2
1779294340.0,15,3,0.169348,s15_p3
1779294340.0,7,1,0.000000,s7_p1
1779294340.0,7,4,0.834046,s7_p4
1779294340.0,7,2,0.000000,s7_p2
1779294340.0,7,3,0.169227,s7_p3
1779294340.0,13,4,0.000000,s13_p4
1779294340.0,13,1,0.169020,s13_p1
1779294340.0,13,2,0.000000,s13_p2
1779294340.0,13,3,0.000000,s13_p3
1779294340.0,12,4,0.000000,s12_p4
1779294340.0,12,1,0.458863,s12_p1
1779294340.0,12,2,0.543390,s12_p2
1779294340.0,12,3,0.000000,s12_p3
1779294340.0,4,1,0.542691,s4_p1
1779294340.0,4,4,0.000000,s4_p4
1779294340.0,4,2,0.000000,s4_p2
1779294340.0,4,3,0.687408,s4_p3
1779294340.0,20,1,0.000000,s20_p1
1779294340.0,20,4,0.446792,s20_p4
1779294340.0,20,2,1.000000,s20_p2
1779294340.0,20,3,0.000000,s20_p3
1779294340.0,8,4,0.000000,s8_p4
1779294340.0,8,1,0.651985,s8_p1
1779294340.0,8,2,0.446730,s8_p2
1779294340.0,8,3,0.000000,s8_p3
1779294340.0,18,1,0.000000,s18_p1
1779294340.0,18,4,0.000000,s18_p4
1779294340.0,18,2,0.000000,s18_p2
1779294340.0,18,3,0.000000,s18_p3
1779294340.0,16,1,0.000000,s16_p1
1779294340.0,16,4,0.832293,s16_p4
1779294340.0,16,2,0.446302,s16_p2
1779294340.0,16,3,0.000000,s16_p3
1779294340.0,5,4,0.000000,s5_p4
1779294340.0,5,1,0.229244,s5_p1
1779294340.0,5,2,0.168916,s5_p2
1779294340.0,5,3,0.000000,s5_p3
1779294340.0,11,4,0.000000,s11_p4
1779294340.0,11,1,0.687732,s11_p1
1779294340.0,11,2,0.000000,s11_p2
1779294340.0,11,3,0.000000,s11_p3
1779294340.0,9,1,0.000000,s9_p1
1779294340.0,9,4,0.000000,s9_p4
1779294340.0,9,2,0.000000,s9_p2
1779294340.0,9,3,0.651588,s9_p3
1779294340.0,2,1,0.000000,s2_p1
1779294340.0,2,4,0.735859,s2_p4
1779294340.0,2,2,0.000000,s2_p2
1779294340.0,2,3,0.651416,s2_p3
1779294340.0,17,4,0.651546,s17_p4
1779294340.0,17,1,0.000000,s17_p1
1779294340.0,17,2,0.000000,s17_p2
1779294340.0,17,3,0.168919,s17_p3
1779294341.0,6,1,0.000000,s6_p1
1779294341.0,6,4,0.675578,s6_p4
1779294341.0,6,2,0.000000,s6_p2
1779294341.0,6,3,0.000000,s6_p3
1779294341.0,19,1,0.000000,s19_p1
1779294341.0,19,4,0.000000,s19_p4
1779294341.0,19,2,0.000000,s19_p2
1779294341.0,19,3,0.000000,s19_p3
1779294341.0,10,1,0.000000,s10_p1
1779294341.0,10,4,0.747959,s10_p4
1779294341.0,10,2,0.000000,s10_p2
1779294341.0,10,3,0.000000,s10_p3
1779294341.0,1,4,0.000000,s1_p4
1779294341.0,1,1,0.132636,s1_p1
1779294341.0,1,2,0.000000,s1_p2
1779294341.0,1,3,0.000000,s1_p3
1779294341.0,14,4,0.446058,s14_p4
1779294341.0,14,1,0.229057,s14_p1
1779294341.0,14,2,0.000000,s14_p2
1779294341.0,14,3,0.000000,s14_p3
1779294341.0,15,4,0.000000,s15_p4
1779294341.0,15,1,0.000000,s15_p1
1779294341.0,15,2,0.639182,s15_p2
1779294341.0,15,3,0.168840,s15_p3
1779294341.0,3,4,0.000000,s3_p4
1779294341.0,3,1,0.699253,s3_p1
1779294341.0,3,2,0.446075,s3_p2
1779294341.0,3,3,0.000000,s3_p3
1779294341.0,12,4,0.000000,s12_p4
1779294341.0,12,1,0.446092,s12_p1
1779294341.0,12,2,0.554600,s12_p2
1779294341.0,12,3,0.000000,s12_p3
1779294341.0,18,1,0.000000,s18_p1
1779294341.0,18,4,0.000000,s18_p4
1779294341.0,18,2,0.000000,s18_p2
1779294341.0,18,3,0.000000,s18_p3
1779294341.0,20,1,0.000000,s20_p1
1779294341.0,20,4,0.446075,s20_p4
1779294341.0,20,2,0.988599,s20_p2
1779294341.0,20,3,0.000000,s20_p3
1779294341.0,8,4,0.000000,s8_p4
1779294341.0,8,1,0.638976,s8_p1
1779294341.0,8,2,0.446078,s8_p2
1779294341.0,8,3,0.000000,s8_p3
1779294341.0,5,4,0.000000,s5_p4
1779294341.0,5,1,0.229226,s5_p1
1779294341.0,5,2,0.168904,s5_p2
1779294341.0,5,3,0.000000,s5_p3
1779294341.0,4,1,0.542449,s4_p1
1779294341.0,4,4,0.000000,s4_p4
1779294341.0,4,2,0.000000,s4_p2
1779294341.0,4,3,0.699157,s4_p3
1779294341.0,7,1,0.000000,s7_p1
1779294341.0,7,4,0.830953,s7_p4
1779294341.0,7,2,0.000000,s7_p2
1779294341.0,7,3,0.168599,s7_p3
1779294341.0,13,4,0.000000,s13_p4
1779294341.0,13,1,0.168607,s13_p1
1779294341.0,13,2,0.000000,s13_p2
1779294341.0,13,3,0.000000,s13_p3
1779294341.0,9,1,0.000000,s9_p1
1779294341.0,9,4,0.000000,s9_p4
1779294341.0,9,2,0.000000,s9_p2
1779294341.0,9,3,0.639067,s9_p3
1779294341.0,2,1,0.000000,s2_p1
1779294341.0,2,4,0.747546,s2_p4
1779294341.0,2,2,0.000000,s2_p2
1779294341.0,2,3,0.639031,s2_p3
1779294341.0,16,1,0.000000,s16_p1
1779294341.0,16,4,0.831832,s16_p4
1779294341.0,16,2,0.446055,s16_p2
1779294341.0,16,3,0.000000,s16_p3
1779294341.0,17,4,0.639004,s17_p4
1779294341.0,17,1,0.000000,s17_p1
1779294341.0,17,2,0.000000,s17_p2
1779294341.0,17,3,0.168793,s17_p3
1779294341.0,11,4,0.000000,s11_p4
1779294341.0,11,1,0.699222,s11_p1
1779294341.0,11,2,0.000000,s11_p2
1779294341.0,11,3,0.000000,s11_p3
1779294341.0,1,4,0.000000,s1_p4
1779294341.0,1,1,0.133122,s1_p1
1779294341.0,1,2,0.000000,s1_p2
1779294341.0,1,3,0.000000,s1_p3
1779294341.0,6,1,0.000000,s6_p1
1779294341.0,6,4,0.676322,s6_p4
1779294341.0,6,2,0.000000,s6_p2
1779294341.0,6,3,0.000000,s6_p3
1779294341.0,3,4,0.000000,s3_p4
1779294341.0,3,1,0.689299,s3_p1
1779294341.0,3,2,0.447440,s3_p2
1779294341.0,3,3,0.000000,s3_p3
1779294341.0,14,4,0.447380,s14_p4
1779294341.0,14,1,0.229736,s14_p1
1779294341.0,14,2,0.000000,s14_p2
1779294341.0,14,3,0.000000,s14_p3
1779294341.0,17,4,0.653870,s17_p4
1779294341.0,17,1,0.000000,s17_p1
1779294341.0,17,2,0.000000,s17_p2
1779294341.0,17,3,0.169522,s17_p3
1779294341.0,13,4,0.000000,s13_p4
1779294341.0,13,1,0.157294,s13_p1
1779294341.0,13,2,0.000000,s13_p2
1779294341.0,13,3,0.000000,s13_p3
1779294341.0,10,1,0.000000,s10_p1
1779294341.0,10,4,0.736457,s10_p4
1779294341.0,10,2,0.000000,s10_p2
1779294341.0,10,3,0.000000,s10_p3
1779294341.0,8,4,0.000000,s8_p4
1779294341.0,8,1,0.653257,s8_p1
1779294341.0,8,2,0.447602,s8_p2
1779294341.0,8,3,0.000000,s8_p3
1779294341.0,12,4,0.000000,s12_p4
1779294341.0,12,1,0.447483,s12_p1
1779294341.0,12,2,0.544236,s12_p2
1779294341.0,12,3,0.000000,s12_p3
1779294341.0,7,1,0.000000,s7_p1
1779294341.0,7,4,0.822593,s7_p4
1779294341.0,7,2,0.000000,s7_p2
1779294341.0,7,3,0.169357,s7_p3
1779294341.0,15,4,0.000000,s15_p4
1779294341.0,15,1,0.000000,s15_p1
1779294341.0,15,2,0.652075,s15_p2
1779294341.0,15,3,0.156981,s15_p3
1779294341.0,5,4,0.000000,s5_p4
1779294341.0,5,1,0.229815,s5_p1
1779294341.0,5,2,0.169337,s5_p2
1779294341.0,5,3,0.000000,s5_p3
1779294341.0,4,1,0.556402,s4_p1
1779294341.0,4,4,0.000000,s4_p4
1779294341.0,4,2,0.000000,s4_p2
1779294341.0,4,3,0.689455,s4_p3
1779294341.0,18,1,0.000000,s18_p1
1779294341.0,18,4,0.000000,s18_p4
1779294341.0,18,2,0.000000,s18_p2
1779294341.0,18,3,0.000000,s18_p3
1779294341.0,20,1,0.000000,s20_p1
1779294341.0,20,4,0.447469,s20_p4
1779294341.0,20,2,1.000000,s20_p2
1779294341.0,20,3,0.000000,s20_p3
1779294341.0,2,1,0.000000,s2_p1
1779294341.0,2,4,0.737881,s2_p4
1779294341.0,2,2,0.000000,s2_p2
1779294341.0,2,3,0.653206,s2_p3
1779294341.0,19,1,0.000000,s19_p1
1779294341.0,19,4,0.000000,s19_p4
1779294341.0,19,2,0.000000,s19_p2
1779294341.0,19,3,0.000000,s19_p3
1779294341.0,16,1,0.000000,s16_p1
1779294341.0,16,4,0.822483,s16_p4
1779294341.0,16,2,0.447527,s16_p2
1779294341.0,16,3,0.000000,s16_p3
1779294341.0,11,4,0.000000,s11_p4
1779294341.0,11,1,0.689420,s11_p1
1779294341.0,11,2,0.000000,s11_p2
1779294341.0,11,3,0.000000,s11_p3
1779294341.0,9,1,0.000000,s9_p1
1779294341.0,9,4,0.000000,s9_p4
1779294341.0,9,2,0.000000,s9_p2
1779294341.0,9,3,0.653001,s9_p3
1779294342.0,19,1,0.000000,s19_p1
1779294342.0,19,4,0.000000,s19_p4
1779294342.0,19,2,0.000000,s19_p2
1779294342.0,19,3,0.000000,s19_p3
1779294342.0,6,1,0.000000,s6_p1
1779294342.0,6,4,0.676130,s6_p4
1779294342.0,6,2,0.000000,s6_p2
1779294342.0,6,3,0.000000,s6_p3
1779294342.0,3,4,0.000000,s3_p4
1779294342.0,3,1,0.699572,s3_p1
1779294342.0,3,2,0.482464,s3_p2
1779294342.0,3,3,0.000000,s3_p3
1779294342.0,10,1,0.000000,s10_p1
1779294342.0,10,4,0.748645,s10_p4
1779294342.0,10,2,0.000000,s10_p2
1779294342.0,10,3,0.000000,s10_p3
1779294342.0,7,1,0.000000,s7_p1
1779294342.0,7,4,0.833260,s7_p4
1779294342.0,7,2,0.000000,s7_p2
1779294342.0,7,3,0.156991,s7_p3
1779294342.0,15,4,0.000000,s15_p4
1779294342.0,15,1,0.000000,s15_p1
1779294342.0,15,2,0.640045,s15_p2
1779294342.0,15,3,0.169069,s15_p3
1779294342.0,14,4,0.446204,s14_p4
1779294342.0,14,1,0.229132,s14_p1
1779294342.0,14,2,0.000000,s14_p2
1779294342.0,14,3,0.000000,s14_p3
1779294342.0,13,4,0.000000,s13_p4
1779294342.0,13,1,0.169017,s13_p1
1779294342.0,13,2,0.000000,s13_p2
1779294342.0,13,3,0.000000,s13_p3
1779294342.0,1,4,0.000000,s1_p4
1779294342.0,1,1,0.120467,s1_p1
1779294342.0,1,2,0.000000,s1_p2
1779294342.0,1,3,0.000000,s1_p3
1779294342.0,8,4,0.000000,s8_p4
1779294342.0,8,1,0.639830,s8_p1
1779294342.0,8,2,0.446674,s8_p2
1779294342.0,8,3,0.000000,s8_p3
1779294342.0,17,4,0.639184,s17_p4
1779294342.0,17,1,0.000000,s17_p1
1779294342.0,17,2,0.000000,s17_p2
1779294342.0,17,3,0.156781,s17_p3
1779294342.0,9,1,0.000000,s9_p1
1779294342.0,9,4,0.000000,s9_p4
1779294342.0,9,2,0.000000,s9_p2
1779294342.0,9,3,0.651954,s9_p3
1779294342.0,5,4,0.000000,s5_p4
1779294342.0,5,1,0.229191,s5_p1
1779294342.0,5,2,0.156815,s5_p2
1779294342.0,5,3,0.000000,s5_p3
1779294342.0,4,1,0.518691,s4_p1
1779294342.0,4,4,0.000000,s4_p4
1779294342.0,4,2,0.000000,s4_p2
1779294342.0,4,3,0.699630,s4_p3
1779294342.0,18,1,0.000000,s18_p1
1779294342.0,18,4,0.000000,s18_p4
1779294342.0,18,2,0.000000,s18_p2
1779294342.0,18,3,0.000000,s18_p3
1779294342.0,16,1,0.000000,s16_p1
1779294342.0,16,4,0.832868,s16_p4
1779294342.0,16,2,0.446610,s16_p2
1779294342.0,16,3,0.000000,s16_p3
1779294342.0,12,4,0.000000,s12_p4
1779294342.0,12,1,0.482400,s12_p1
1779294342.0,12,2,0.518580,s12_p2
1779294342.0,12,3,0.000000,s12_p3
1779294342.0,20,1,0.000000,s20_p1
1779294342.0,20,4,0.446301,s20_p4
1779294342.0,20,2,1.000000,s20_p2
1779294342.0,20,3,0.000000,s20_p3
1779294342.0,2,1,0.000000,s2_p1
1779294342.0,2,4,0.748208,s2_p4
1779294342.0,2,2,0.000000,s2_p2
1779294342.0,2,3,0.639597,s2_p3
1779294342.0,11,4,0.000000,s11_p4
1779294342.0,11,1,0.700037,s11_p1
1779294342.0,11,2,0.000000,s11_p2
1779294342.0,11,3,0.000000,s11_p3
1779294342.0,19,1,0.000000,s19_p1
1779294342.0,19,4,0.000000,s19_p4
1779294342.0,19,2,0.000000,s19_p2
1779294342.0,19,3,0.000000,s19_p3
1779294342.0,1,4,0.000000,s1_p4
1779294342.0,1,1,0.132849,s1_p1
1779294342.0,1,2,0.000000,s1_p2
1779294342.0,1,3,0.000000,s1_p3
1779294342.0,14,4,0.446758,s14_p4
1779294342.0,14,1,0.241491,s14_p1
1779294342.0,14,2,0.000000,s14_p2
1779294342.0,14,3,0.000000,s14_p3
1779294342.0,6,1,0.000000,s6_p1
1779294342.0,6,4,0.687273,s6_p4
1779294342.0,6,2,0.000000,s6_p2
1779294342.0,6,3,0.000000,s6_p3
1779294342.0,3,4,0.000000,s3_p4
1779294342.0,3,1,0.699778,s3_p1
1779294342.0,3,2,0.494671,s3_p2
1779294342.0,3,3,0.000000,s3_p3
1779294342.0,10,1,0.000000,s10_p1
1779294342.0,10,4,0.748043,s10_p4
1779294342.0,10,2,0.000000,s10_p2
1779294342.0,10,3,0.000000,s10_p3
1779294342.0,15,4,0.000000,s15_p4
1779294342.0,15,1,0.000000,s15_p1
1779294342.0,15,2,0.651400,s15_p2
1779294342.0,15,3,0.168882,s15_p3
1779294342.0,8,4,0.000000,s8_p4
1779294342.0,8,1,0.651170,s8_p1
1779294342.0,8,2,0.446172,s8_p2
1779294342.0,8,3,0.000000,s8_p3
1779294342.0,4,1,0.506924,s4_p1
1779294342.0,4,4,0.000000,s4_p4
1779294342.0,4,2,0.000000,s4_p2
1779294342.0,4,3,0.700039,s4_p3
1779294342.0,7,1,0.000000,s7_p1
1779294342.0,7,4,0.831769,s7_p4
1779294342.0,7,2,0.000000,s7_p2
1779294342.0,7,3,0.168765,s7_p3
1779294342.0,13,4,0.000000,s13_p4
1779294342.0,13,1,0.168779,s13_p1
1779294342.0,13,2,0.000000,s13_p2
1779294342.0,13,3,0.000000,s13_p3
1779294342.0,20,1,0.000000,s20_p1
1779294342.0,20,4,0.446442,s20_p4
1779294342.0,20,2,1.000000,s20_p2
1779294342.0,20,3,0.000000,s20_p3
1779294342.0,5,4,0.000000,s5_p4
1779294342.0,5,1,0.241259,s5_p1
1779294342.0,5,2,0.168881,s5_p2
1779294342.0,5,3,0.000000,s5_p3
1779294342.0,12,4,0.000000,s12_p4
1779294342.0,12,1,0.494491,s12_p1
1779294342.0,12,2,0.506552,s12_p2
1779294342.0,12,3,0.000000,s12_p3
1779294342.0,11,4,0.000000,s11_p4
1779294342.0,11,1,0.699156,s11_p1
1779294342.0,11,2,0.000000,s11_p2
1779294342.0,11,3,0.000000,s11_p3
1779294342.0,18,1,0.000000,s18_p1
1779294342.0,18,4,0.000000,s18_p4
1779294342.0,18,2,0.000000,s18_p2
1779294342.0,18,3,0.000000,s18_p3
1779294342.0,2,1,0.000000,s2_p1
1779294342.0,2,4,0.747237,s2_p4
1779294342.0,2,2,0.000000,s2_p2
1779294342.0,2,3,0.650819,s2_p3
1779294342.0,16,1,0.000000,s16_p1
1779294342.0,16,4,0.831500,s16_p4
1779294342.0,16,2,0.445877,s16_p2
1779294342.0,16,3,0.000000,s16_p3
1779294342.0,17,4,0.650544,s17_p4
1779294342.0,17,1,0.000000,s17_p1
1779294342.0,17,2,0.000000,s17_p2
1779294342.0,17,3,0.168660,s17_p3
1779294342.0,9,1,0.000000,s9_p1
1779294342.0,9,4,0.000000,s9_p4
1779294342.0,9,2,0.000000,s9_p2
1779294342.0,9,3,0.638443,s9_p3
1779294343.0,19,1,0.000000,s19_p1
1779294343.0,19,4,0.000000,s19_p4
1779294343.0,19,2,0.000000,s19_p2
1779294343.0,19,3,0.000000,s19_p3
1779294343.0,14,4,0.447168,s14_p4
1779294343.0,14,1,0.229627,s14_p1
1779294343.0,14,2,0.000000,s14_p2
1779294343.0,14,3,0.000000,s14_p3
1779294343.0,6,1,0.000000,s6_p1
1779294343.0,6,4,0.676780,s6_p4
1779294343.0,6,2,0.000000,s6_p2
1779294343.0,6,3,0.000000,s6_p3
1779294343.0,1,4,0.000000,s1_p4
1779294343.0,1,1,0.132903,s1_p1
1779294343.0,1,2,0.000000,s1_p2
1779294343.0,1,3,0.000000,s1_p3
1779294343.0,3,4,0.000000,s3_p4
1779294343.0,3,1,0.689111,s3_p1
1779294343.0,3,2,0.447318,s3_p2
1779294343.0,3,3,0.000000,s3_p3
1779294343.0,20,1,0.000000,s20_p1
1779294343.0,20,4,0.447361,s20_p4
1779294343.0,20,2,1.000000,s20_p2
1779294343.0,20,3,0.000000,s20_p3
1779294343.0,7,1,0.000000,s7_p1
1779294343.0,7,4,0.833869,s7_p4
1779294343.0,7,2,0.000000,s7_p2
1779294343.0,7,3,0.169191,s7_p3
1779294343.0,5,4,0.000000,s5_p4
1779294343.0,5,1,0.229720,s5_p1
1779294343.0,5,2,0.169267,s5_p2
1779294343.0,5,3,0.000000,s5_p3
1779294343.0,13,4,0.000000,s13_p4
1779294343.0,13,1,0.169184,s13_p1
1779294343.0,13,2,0.000000,s13_p2
1779294343.0,13,3,0.000000,s13_p3
1779294343.0,15,4,0.000000,s15_p4
1779294343.0,15,1,0.000000,s15_p1
1779294343.0,15,2,0.652088,s15_p2
1779294343.0,15,3,0.169060,s15_p3
1779294343.0,8,4,0.000000,s8_p4
1779294343.0,8,1,0.652423,s8_p1
1779294343.0,8,2,0.447030,s8_p2
1779294343.0,8,3,0.000000,s8_p3
1779294343.0,10,1,0.000000,s10_p1
1779294343.0,10,4,0.736401,s10_p4
1779294343.0,10,2,0.000000,s10_p2
1779294343.0,10,3,0.000000,s10_p3
1779294343.0,4,1,0.555796,s4_p1
1779294343.0,4,4,0.000000,s4_p4
1779294343.0,4,2,0.000000,s4_p2
1779294343.0,4,3,0.688704,s4_p3
1779294343.0,17,4,0.653047,s17_p4
1779294343.0,17,1,0.000000,s17_p1
1779294343.0,17,2,0.000000,s17_p2
1779294343.0,17,3,0.169309,s17_p3
1779294343.0,18,1,0.000000,s18_p1
1779294343.0,18,4,0.000000,s18_p4
1779294343.0,18,2,0.000000,s18_p2
1779294343.0,18,3,0.000000,s18_p3
1779294343.0,2,1,0.000000,s2_p1
1779294343.0,2,4,0.737529,s2_p4
1779294343.0,2,2,0.000000,s2_p2
1779294343.0,2,3,0.652894,s2_p3
1779294343.0,12,4,0.000000,s12_p4
1779294343.0,12,1,0.446990,s12_p1
1779294343.0,12,2,0.555717,s12_p2
1779294343.0,12,3,0.000000,s12_p3
1779294343.0,11,4,0.000000,s11_p4
1779294343.0,11,1,0.689043,s11_p1
1779294343.0,11,2,0.000000,s11_p2
1779294343.0,11,3,0.000000,s11_p3
1779294343.0,9,1,0.000000,s9_p1
1779294343.0,9,4,0.000000,s9_p4
1779294343.0,9,2,0.000000,s9_p2
1779294343.0,9,3,0.653041,s9_p3
1779294343.0,16,1,0.000000,s16_p1
1779294343.0,16,4,0.834196,s16_p4
1779294343.0,16,2,0.447323,s16_p2
1779294343.0,16,3,0.000000,s16_p3
1779294343.0,14,4,0.446290,s14_p4
1779294343.0,14,1,0.229176,s14_p1
1779294343.0,14,2,0.000000,s14_p2
1779294343.0,14,3,0.000000,s14_p3
1779294343.0,1,4,0.000000,s1_p4
1779294343.0,1,1,0.132684,s1_p1
1779294343.0,1,2,0.000000,s1_p2
1779294343.0,1,3,0.000000,s1_p3
1779294343.0,6,1,0.000000,s6_p1
1779294343.0,6,4,0.675409,s6_p4
1779294343.0,6,2,0.000000,s6_p2
1779294343.0,6,3,0.000000,s6_p3
1779294343.0,19,1,0.000000,s19_p1
1779294343.0,19,4,0.000000,s19_p4
1779294343.0,19,2,0.000000,s19_p2
1779294343.0,19,3,0.000000,s19_p3
1779294343.0,7,1,0.000000,s7_p1
1779294343.0,7,4,0.832173,s7_p4
1779294343.0,7,2,0.000000,s7_p2
1779294343.0,7,3,0.168847,s7_p3
1779294343.0,4,1,0.566888,s4_p1
1779294343.0,4,4,0.000000,s4_p4
1779294343.0,4,2,0.000000,s4_p2
1779294343.0,4,3,0.699565,s4_p3
1779294343.0,20,1,0.000000,s20_p1
1779294343.0,20,4,0.446131,s20_p4
1779294343.0,20,2,1.000000,s20_p2
1779294343.0,20,3,0.000000,s20_p3
1779294343.0,3,4,0.000000,s3_p4
1779294343.0,3,1,0.698416,s3_p1
1779294343.0,3,2,0.433500,s3_p2
1779294343.0,3,3,0.000000,s3_p3
1779294343.0,15,4,0.000000,s15_p4
1779294343.0,15,1,0.000000,s15_p1
1779294343.0,15,2,0.639167,s15_p2
1779294343.0,15,3,0.168836,s15_p3
1779294343.0,18,1,0.000000,s18_p1
1779294343.0,18,4,0.000000,s18_p4
1779294343.0,18,2,0.000000,s18_p2
1779294343.0,18,3,0.000000,s18_p3
1779294343.0,10,1,0.000000,s10_p1
1779294343.0,10,4,0.747708,s10_p4
1779294343.0,10,2,0.000000,s10_p2
1779294343.0,10,3,0.000000,s10_p3
1779294343.0,13,4,0.000000,s13_p4
1779294343.0,13,1,0.168820,s13_p1
1779294343.0,13,2,0.000000,s13_p2
1779294343.0,13,3,0.000000,s13_p3
1779294343.0,12,4,0.000000,s12_p4
1779294343.0,12,1,0.434559,s12_p1
1779294343.0,12,2,0.567341,s12_p2
1779294343.0,12,3,0.000000,s12_p3
1779294343.0,8,4,0.000000,s8_p4
1779294343.0,8,1,0.639120,s8_p1
1779294343.0,8,2,0.446178,s8_p2
1779294343.0,8,3,0.000000,s8_p3
1779294343.0,17,4,0.639652,s17_p4
1779294343.0,17,1,0.000000,s17_p1
1779294343.0,17,2,0.000000,s17_p2
1779294343.0,17,3,0.168965,s17_p3
1779294343.0,5,4,0.000000,s5_p4
1779294343.0,5,1,0.229089,s5_p1
1779294343.0,5,2,0.168802,s5_p2
1779294343.0,5,3,0.000000,s5_p3
1779294343.0,16,1,0.000000,s16_p1
1779294343.0,16,4,0.832657,s16_p4
1779294343.0,16,2,0.446497,s16_p2
1779294343.0,16,3,0.000000,s16_p3
1779294343.0,9,1,0.000000,s9_p1
1779294343.0,9,4,0.000000,s9_p4
1779294343.0,9,2,0.000000,s9_p2
1779294343.0,9,3,0.639525,s9_p3
1779294343.0,2,1,0.000000,s2_p1
1779294343.0,2,4,0.748047,s2_p4
1779294343.0,2,2,0.000000,s2_p2
1779294343.0,2,3,0.639459,s2_p3
1779294343.0,11,4,0.000000,s11_p4
1779294343.0,11,1,0.699806,s11_p1
1779294343.0,11,2,0.000000,s11_p2
1779294343.0,11,3,0.000000,s11_p3
1779294344.0,19,1,0.000000,s19_p1
1779294344.0,19,4,0.000000,s19_p4
1779294344.0,19,2,0.000000,s19_p2
1779294344.0,19,3,0.000000,s19_p3
1779294344.0,14,4,0.446302,s14_p4
1779294344.0,14,1,0.229182,s14_p1
1779294344.0,14,2,0.000000,s14_p2
1779294344.0,14,3,0.000000,s14_p3
1779294344.0,6,1,0.000000,s6_p1
1779294344.0,6,4,0.675538,s6_p4
1779294344.0,6,2,0.000000,s6_p2
1779294344.0,6,3,0.000000,s6_p3
1779294344.0,3,4,0.000000,s3_p4
1779294344.0,3,1,0.700807,s3_p1
1779294344.0,3,2,0.495398,s3_p2
1779294344.0,3,3,0.000000,s3_p3
1779294344.0,1,4,0.000000,s1_p4
1779294344.0,1,1,0.120610,s1_p1
1779294344.0,1,2,0.000000,s1_p2
1779294344.0,1,3,0.000000,s1_p3
1779294344.0,10,1,0.000000,s10_p1
1779294344.0,10,4,0.748634,s10_p4
1779294344.0,10,2,0.000000,s10_p2
1779294344.0,10,3,0.000000,s10_p3
1779294344.0,15,4,0.000000,s15_p4
1779294344.0,15,1,0.000000,s15_p1
1779294344.0,15,2,0.651937,s15_p2
1779294344.0,15,3,0.169021,s15_p3
1779294344.0,7,1,0.000000,s7_p1
1779294344.0,7,4,0.820757,s7_p4
1779294344.0,7,2,0.000000,s7_p2
1779294344.0,7,3,0.168979,s7_p3
1779294344.0,13,4,0.000000,s13_p4
1779294344.0,13,1,0.169012,s13_p1
1779294344.0,13,2,0.000000,s13_p2
1779294344.0,13,3,0.000000,s13_p3
1779294344.0,8,4,0.000000,s8_p4
1779294344.0,8,1,0.651905,s8_p1
1779294344.0,8,2,0.446676,s8_p2
1779294344.0,8,3,0.000000,s8_p3
1779294344.0,5,4,0.000000,s5_p4
1779294344.0,5,1,0.229270,s5_p1
1779294344.0,5,2,0.168936,s5_p2
1779294344.0,5,3,0.000000,s5_p3
1779294344.0,20,1,0.000000,s20_p1
1779294344.0,20,4,0.446353,s20_p4
1779294344.0,20,2,1.000000,s20_p2
1779294344.0,20,3,0.000000,s20_p3
1779294344.0,4,1,0.494561,s4_p1
1779294344.0,4,4,0.000000,s4_p4
1779294344.0,4,2,0.000000,s4_p2
1779294344.0,4,3,0.699623,s4_p3
1779294344.0,11,4,0.000000,s11_p4
1779294344.0,11,1,0.699682,s11_p1
1779294344.0,11,2,0.000000,s11_p2
1779294344.0,11,3,0.000000,s11_p3
1779294344.0,16,1,0.000000,s16_p1
1779294344.0,16,4,0.832230,s16_p4
1779294344.0,16,2,0.446268,s16_p2
1779294344.0,16,3,0.000000,s16_p3
1779294344.0,12,4,0.000000,s12_p4
1779294344.0,12,1,0.506371,s12_p1
1779294344.0,12,2,0.494314,s12_p2
1779294344.0,12,3,0.000000,s12_p3
1779294344.0,18,1,0.000000,s18_p1
1779294344.0,18,4,0.000000,s18_p4
1779294344.0,18,2,0.000000,s18_p2
1779294344.0,18,3,0.000000,s18_p3
1779294344.0,17,4,0.651042,s17_p4
1779294344.0,17,1,0.000000,s17_p1
1779294344.0,17,2,0.000000,s17_p2
1779294344.0,17,3,0.168789,s17_p3
1779294344.0,9,1,0.000000,s9_p1
1779294344.0,9,4,0.000000,s9_p4
1779294344.0,9,2,0.000000,s9_p2
1779294344.0,9,3,0.651157,s9_p3
1779294344.0,2,1,0.000000,s2_p1
1779294344.0,2,4,0.747605,s2_p4
1779294344.0,2,2,0.000000,s2_p2
1779294344.0,2,3,0.651139,s2_p3
1779294344.0,19,1,0.000000,s19_p1
1779294344.0,19,4,0.000000,s19_p4
1779294344.0,19,2,0.000000,s19_p2
1779294344.0,19,3,0.000000,s19_p3
1779294344.0,14,4,0.445987,s14_p4
1779294344.0,14,1,0.241074,s14_p1
1779294344.0,14,2,0.000000,s14_p2
1779294344.0,14,3,0.000000,s14_p3
1779294344.0,6,1,0.000000,s6_p1
1779294344.0,6,4,0.687100,s6_p4
1779294344.0,6,2,0.000000,s6_p2
1779294344.0,6,3,0.000000,s6_p3
1779294344.0,20,1,0.000000,s20_p1
1779294344.0,20,4,0.446189,s20_p4
1779294344.0,20,2,0.988851,s20_p2
1779294344.0,20,3,0.000000,s20_p3
1779294344.0,4,1,0.530533,s4_p1
1779294344.0,4,4,0.000000,s4_p4
1779294344.0,4,2,0.000000,s4_p2
1779294344.0,4,3,0.687281,s4_p3
1779294344.0,1,4,0.000000,s1_p4
1779294344.0,1,1,0.132416,s1_p1
1779294344.0,1,2,0.000000,s1_p2
1779294344.0,1,3,0.000000,s1_p3
1779294344.0,8,4,0.000000,s8_p4
1779294344.0,8,1,0.650626,s8_p1
1779294344.0,8,2,0.445799,s8_p2
1779294344.0,8,3,0.000000,s8_p3
1779294344.0,15,4,0.000000,s15_p4
1779294344.0,15,1,0.000000,s15_p1
1779294344.0,15,2,0.650506,s15_p2
1779294344.0,15,3,0.168650,s15_p3
1779294344.0,13,4,0.000000,s13_p4
1779294344.0,13,1,0.168653,s13_p1
1779294344.0,13,2,0.000000,s13_p2
1779294344.0,13,3,0.000000,s13_p3
1779294344.0,3,4,0.000000,s3_p4
1779294344.0,3,1,0.685967,s3_p1
1779294344.0,3,2,0.469346,s3_p2
1779294344.0,3,3,0.000000,s3_p3
1779294344.0,7,1,0.000000,s7_p1
1779294344.0,7,4,0.831102,s7_p4
1779294344.0,7,2,0.000000,s7_p2
1779294344.0,7,3,0.168629,s7_p3
1779294344.0,10,1,0.000000,s10_p1
1779294344.0,10,4,0.734574,s10_p4
1779294344.0,10,2,0.000000,s10_p2
1779294344.0,10,3,0.000000,s10_p3
1779294344.0,16,1,0.000000,s16_p1
1779294344.0,16,4,0.819354,s16_p4
1779294344.0,16,2,0.457874,s16_p2
1779294344.0,16,3,0.000000,s16_p3
1779294344.0,2,1,0.000000,s2_p1
1779294344.0,2,4,0.747191,s2_p4
1779294344.0,2,2,0.000000,s2_p2
1779294344.0,2,3,0.650779,s2_p3
1779294344.0,17,4,0.650573,s17_p4
1779294344.0,17,1,0.000000,s17_p1
1779294344.0,17,2,0.000000,s17_p2
1779294344.0,17,3,0.168667,s17_p3
1779294344.0,18,1,0.000000,s18_p1
1779294344.0,18,4,0.000000,s18_p4
1779294344.0,18,2,0.000000,s18_p2
1779294344.0,18,3,0.000000,s18_p3
1779294344.0,11,4,0.000000,s11_p4
1779294344.0,11,1,0.686555,s11_p1
1779294344.0,11,2,0.000000,s11_p2
1779294344.0,11,3,0.000000,s11_p3
1779294344.0,12,4,0.000000,s12_p4
1779294344.0,12,1,0.457739,s12_p1
1779294344.0,12,2,0.530014,s12_p2
1779294344.0,12,3,0.000000,s12_p3
1779294344.0,5,4,0.000000,s5_p4
1779294344.0,5,1,0.240714,s5_p1
1779294344.0,5,2,0.168500,s5_p2
1779294344.0,5,3,0.000000,s5_p3
1779294344.0,9,1,0.000000,s9_p1
1779294344.0,9,4,0.000000,s9_p4
1779294344.0,9,2,0.000000,s9_p2
1779294344.0,9,3,0.650592,s9_p3
1779294345.0,19,1,0.000000,s19_p1
1779294345.0,19,4,0.000000,s19_p4
1779294345.0,19,2,0.000000,s19_p2
1779294345.0,19,3,0.000000,s19_p3
1779294345.0,6,1,0.000000,s6_p1
1779294345.0,6,4,0.688767,s6_p4
1779294345.0,6,2,0.000000,s6_p2
1779294345.0,6,3,0.000000,s6_p3
1779294345.0,1,4,0.000000,s1_p4
1779294345.0,1,1,0.133061,s1_p1
1779294345.0,1,2,0.000000,s1_p2
1779294345.0,1,3,0.000000,s1_p3
1779294345.0,3,4,0.000000,s3_p4
1779294345.0,3,1,0.701664,s3_p1
1779294345.0,3,2,0.435516,s3_p2
1779294345.0,3,3,0.000000,s3_p3
1779294345.0,14,4,0.458870,s14_p4
1779294345.0,14,1,0.229435,s14_p1
1779294345.0,14,2,0.000000,s14_p2
1779294345.0,14,3,0.000000,s14_p3
1779294345.0,8,4,0.000000,s8_p4
1779294345.0,8,1,0.640746,s8_p1
1779294345.0,8,2,0.459403,s8_p2
1779294345.0,8,3,0.000000,s8_p3
1779294345.0,13,4,0.000000,s13_p4
1779294345.0,13,1,0.157171,s13_p1
1779294345.0,13,2,0.000000,s13_p2
1779294345.0,13,3,0.000000,s13_p3
1779294345.0,15,4,0.000000,s15_p4
1779294345.0,15,1,0.000000,s15_p1
1779294345.0,15,2,0.640694,s15_p2
1779294345.0,15,3,0.157151,s15_p3
1779294345.0,10,1,0.000000,s10_p1
1779294345.0,10,4,0.749652,s10_p4
1779294345.0,10,2,0.000000,s10_p2
1779294345.0,10,3,0.000000,s10_p3
1779294345.0,4,1,0.567924,s4_p1
1779294345.0,4,4,0.000000,s4_p4
1779294345.0,4,2,0.000000,s4_p2
1779294345.0,4,3,0.700842,s4_p3
1779294345.0,7,1,0.000000,s7_p1
1779294345.0,7,4,0.833983,s7_p4
1779294345.0,7,2,0.000000,s7_p2
1779294345.0,7,3,0.157127,s7_p3
1779294345.0,5,4,0.000000,s5_p4
1779294345.0,5,1,0.229811,s5_p1
1779294345.0,5,2,0.157239,s5_p2
1779294345.0,5,3,0.000000,s5_p3
1779294345.0,20,1,0.000000,s20_p1
1779294345.0,20,4,0.458732,s20_p4
1779294345.0,20,2,1.000000,s20_p2
1779294345.0,20,3,0.000000,s20_p3
1779294345.0,16,1,0.000000,s16_p1
1779294345.0,16,4,0.833733,s16_p4
1779294345.0,16,2,0.447074,s16_p2
1779294345.0,16,3,0.000000,s16_p3
1779294345.0,2,1,0.000000,s2_p1
1779294345.0,2,4,0.737145,s2_p4
1779294345.0,2,2,0.000000,s2_p2
1779294345.0,2,3,0.640470,s2_p3
1779294345.0,9,1,0.000000,s9_p1
1779294345.0,9,4,0.000000,s9_p4
1779294345.0,9,2,0.000000,s9_p2
1779294345.0,9,3,0.640578,s9_p3
1779294345.0,17,4,0.640445,s17_p4
1779294345.0,17,1,0.000000,s17_p1
1779294345.0,17,2,0.000000,s17_p2
1779294345.0,17,3,0.157090,s17_p3
1779294345.0,12,4,0.000000,s12_p4
1779294345.0,12,1,0.435042,s12_p1
1779294345.0,12,2,0.567972,s12_p2
1779294345.0,12,3,0.000000,s12_p3
1779294345.0,18,1,0.000000,s18_p1
1779294345.0,18,4,0.000000,s18_p4
1779294345.0,18,2,0.000000,s18_p2
1779294345.0,18,3,0.000000,s18_p3
1779294345.0,11,4,0.000000,s11_p4
1779294345.0,11,1,0.700810,s11_p1
1779294345.0,11,2,0.000000,s11_p2
1779294345.0,11,3,0.000000,s11_p3
1779294345.0,19,1,0.000000,s19_p1
1779294345.0,19,4,0.000000,s19_p4
1779294345.0,19,2,0.000000,s19_p2
1779294345.0,19,3,0.000000,s19_p3
1779294345.0,14,4,0.446470,s14_p4
1779294345.0,14,1,0.229268,s14_p1
1779294345.0,14,2,0.000000,s14_p2
1779294345.0,14,3,0.000000,s14_p3
1779294345.0,6,1,0.000000,s6_p1
1779294345.0,6,4,0.675264,s6_p4
1779294345.0,6,2,0.000000,s6_p2
1779294345.0,6,3,0.000000,s6_p3
1779294345.0,1,4,0.000000,s1_p4
1779294345.0,1,1,0.132692,s1_p1
1779294345.0,1,2,0.000000,s1_p2
1779294345.0,1,3,0.000000,s1_p3
1779294345.0,3,4,0.000000,s3_p4
1779294345.0,3,1,0.699448,s3_p1
1779294345.0,3,2,0.434140,s3_p2
1779294345.0,3,3,0.000000,s3_p3
1779294345.0,10,1,0.000000,s10_p1
1779294345.0,10,4,0.748101,s10_p4
1779294345.0,10,2,0.000000,s10_p2
1779294345.0,10,3,0.000000,s10_p3
1779294345.0,15,4,0.000000,s15_p4
1779294345.0,15,1,0.000000,s15_p1
1779294345.0,15,2,0.651532,s15_p2
1779294345.0,15,3,0.168916,s15_p3
1779294345.0,8,4,0.000000,s8_p4
1779294345.0,8,1,0.651301,s8_p1
1779294345.0,8,2,0.446262,s8_p2
1779294345.0,8,3,0.000000,s8_p3
1779294345.0,13,4,0.000000,s13_p4
1779294345.0,13,1,0.168854,s13_p1
1779294345.0,13,2,0.000000,s13_p2
1779294345.0,13,3,0.000000,s13_p3
1779294345.0,7,1,0.000000,s7_p1
1779294345.0,7,4,0.832284,s7_p4
1779294345.0,7,2,0.000000,s7_p2
1779294345.0,7,3,0.168869,s7_p3
1779294345.0,4,1,0.566820,s4_p1
1779294345.0,4,4,0.000000,s4_p4
1779294345.0,4,2,0.000000,s4_p2
1779294345.0,4,3,0.699480,s4_p3
1779294345.0,20,1,0.000000,s20_p1
1779294345.0,20,4,0.446421,s20_p4
1779294345.0,20,2,1.000000,s20_p2
1779294345.0,20,3,0.000000,s20_p3
1779294345.0,5,4,0.000000,s5_p4
1779294345.0,5,1,0.229207,s5_p1
1779294345.0,5,2,0.168890,s5_p2
1779294345.0,5,3,0.000000,s5_p3
1779294345.0,18,1,0.000000,s18_p1
1779294345.0,18,4,0.000000,s18_p4
1779294345.0,18,2,0.000000,s18_p2
1779294345.0,18,3,0.000000,s18_p3
1779294345.0,12,4,0.000000,s12_p4
1779294345.0,12,1,0.434212,s12_p1
1779294345.0,12,2,0.566888,s12_p2
1779294345.0,12,3,0.000000,s12_p3
1779294345.0,17,4,0.651258,s17_p4
1779294345.0,17,1,0.000000,s17_p1
1779294345.0,17,2,0.000000,s17_p2
1779294345.0,17,3,0.168845,s17_p3
1779294345.0,9,1,0.000000,s9_p1
1779294345.0,9,4,0.000000,s9_p4
1779294345.0,9,2,0.000000,s9_p2
1779294345.0,9,3,0.650987,s9_p3
1779294345.0,2,1,0.000000,s2_p1
1779294345.0,2,4,0.747328,s2_p4
1779294345.0,2,2,0.000000,s2_p2
1779294345.0,2,3,0.650898,s2_p3
1779294345.0,16,1,0.000000,s16_p1
1779294345.0,16,4,0.831619,s16_p4
1779294345.0,16,2,0.445941,s16_p2
1779294345.0,16,3,0.000000,s16_p3
1779294345.0,11,4,0.000000,s11_p4
1779294345.0,11,1,0.699245,s11_p1
1779294345.0,11,2,0.000000,s11_p2
1779294345.0,11,3,0.000000,s11_p3
1779294346.0,19,1,0.000000,s19_p1
1779294346.0,19,4,0.000000,s19_p4
1779294346.0,19,2,0.000000,s19_p2
1779294346.0,19,3,0.000000,s19_p3
1779294346.0,1,4,1.000000,s1_p4
1779294346.0,1,1,1.000000,s1_p1
1779294346.0,1,2,0.000000,s1_p2
1779294346.0,1,3,0.000000,s1_p3
1779294346.0,6,1,0.000000,s6_p1
1779294346.0,6,4,0.628617,s6_p4
1779294346.0,6,2,1.000000,s6_p2
1779294346.0,6,3,1.000000,s6_p3
1779294346.0,14,4,0.399800,s14_p4
1779294346.0,14,1,1.000000,s14_p1
1779294346.0,14,2,1.000000,s14_p2
1779294346.0,14,3,0.000000,s14_p3
1779294346.0,3,4,1.000000,s3_p4
1779294346.0,3,1,0.685491,s3_p1
1779294346.0,3,2,1.000000,s3_p2
1779294346.0,3,3,1.000000,s3_p3
1779294346.0,7,1,0.000000,s7_p1
1779294346.0,7,4,1.000000,s7_p4
1779294346.0,7,2,0.000000,s7_p2
1779294346.0,7,3,1.000000,s7_p3
1779294346.0,15,4,0.000000,s15_p4
1779294346.0,15,1,0.000000,s15_p1
1779294346.0,15,2,1.000000,s15_p2
1779294346.0,15,3,0.171355,s15_p3
1779294346.0,10,1,1.000000,s10_p1
1779294346.0,10,4,1.000000,s10_p4
1779294346.0,10,2,1.000000,s10_p2
1779294346.0,10,3,0.000000,s10_p3
1779294346.0,8,4,1.000000,s8_p4
1779294346.0,8,1,0.628695,s8_p1
1779294346.0,8,2,1.000000,s8_p2
1779294346.0,8,3,0.000000,s8_p3
1779294346.0,13,4,0.000000,s13_p4
1779294346.0,13,1,1.000000,s13_p1
1779294346.0,13,2,0.000000,s13_p2
1779294346.0,13,3,1.000000,s13_p3
1779294346.0,4,1,1.000000,s4_p1
1779294346.0,4,4,0.000000,s4_p4
1779294346.0,4,2,0.000000,s4_p2
1779294346.0,4,3,1.000000,s4_p3
1779294346.0,5,4,0.000000,s5_p4
1779294346.0,5,1,1.000000,s5_p1
1779294346.0,5,2,1.000000,s5_p2
1779294346.0,5,3,0.000000,s5_p3
1779294346.0,12,4,1.000000,s12_p4
1779294346.0,12,1,1.000000,s12_p1
1779294346.0,12,2,1.000000,s12_p2
1779294346.0,12,3,0.000000,s12_p3
1779294346.0,17,4,0.632207,s17_p4
1779294346.0,17,1,1.000000,s17_p1
1779294346.0,17,2,1.000000,s17_p2
1779294346.0,17,3,1.000000,s17_p3
1779294346.0,2,1,1.000000,s2_p1
1779294346.0,2,4,0.748540,s2_p4
1779294346.0,2,2,1.000000,s2_p2
1779294346.0,2,3,0.633380,s2_p3
1779294346.0,18,1,0.000000,s18_p1
1779294346.0,18,4,0.000000,s18_p4
1779294346.0,18,2,0.000000,s18_p2
1779294346.0,18,3,0.000000,s18_p3
1779294346.0,20,1,1.000000,s20_p1
1779294346.0,20,4,0.456989,s20_p4
1779294346.0,20,2,1.000000,s20_p2
1779294346.0,20,3,1.000000,s20_p3
1779294346.0,16,1,0.000000,s16_p1
1779294346.0,16,4,1.000000,s16_p4
1779294346.0,16,2,0.460507,s16_p2
1779294346.0,16,3,0.000000,s16_p3
1779294346.0,11,4,0.000000,s11_p4
1779294346.0,11,1,0.690153,s11_p1
1779294346.0,11,2,1.000000,s11_p2
1779294346.0,11,3,1.000000,s11_p3
1779294346.0,9,1,0.000000,s9_p1
1779294346.0,9,4,0.000000,s9_p4
1779294346.0,9,2,1.000000,s9_p2
1779294346.0,9,3,0.632067,s9_p3
1779294346.0,19,1,0.000000,s19_p1
1779294346.0,19,4,0.000000,s19_p4
1779294346.0,19,2,0.000000,s19_p2
1779294346.0,19,3,0.000000,s19_p3
1779294346.0,6,1,0.000000,s6_p1
1779294346.0,6,4,0.615841,s6_p4
1779294346.0,6,2,0.436069,s6_p2
1779294346.0,6,3,0.193205,s6_p3
1779294346.0,3,4,0.640267,s3_p4
1779294346.0,3,1,0.301945,s3_p1
1779294346.0,3,2,0.471034,s3_p2
1779294346.0,3,3,0.713948,s3_p3
1779294346.0,14,4,0.531105,s14_p4
1779294346.0,14,1,0.639741,s14_p1
1779294346.0,14,2,0.435898,s14_p2
1779294346.0,14,3,0.000000,s14_p3
1779294346.0,1,4,0.736175,s1_p4
1779294346.0,1,1,0.687901,s1_p1
1779294346.0,1,2,0.001357,s1_p2
1779294346.0,1,3,0.000000,s1_p3
1779294346.0,13,4,0.000000,s13_p4
1779294346.0,13,1,0.277656,s13_p1
1779294346.0,13,2,0.000000,s13_p2
1779294346.0,13,3,0.194510,s13_p3
1779294346.0,15,4,0.000000,s15_p4
1779294346.0,15,1,0.001357,s15_p1
1779294346.0,15,2,0.555178,s15_p2
1779294346.0,15,3,0.073771,s15_p3
1779294346.0,10,1,0.627584,s10_p1
1779294346.0,10,4,1.000000,s10_p4
1779294346.0,10,2,0.380921,s10_p2
1779294346.0,10,3,0.000000,s10_p3
1779294346.0,8,4,0.603593,s8_p4
1779294346.0,8,1,0.253449,s8_p1
1779294346.0,8,2,0.820691,s8_p2
1779294346.0,8,3,0.001357,s8_p3
1779294346.0,12,4,0.651898,s12_p4
1779294346.0,12,1,0.470607,s12_p1
1779294346.0,12,2,0.253404,s12_p2
1779294346.0,12,3,0.000000,s12_p3
1779294346.0,20,1,0.996345,s20_p1
1779294346.0,20,4,0.531128,s20_p4
1779294346.0,20,2,0.724069,s20_p2
1779294346.0,20,3,0.989561,s20_p3
1779294346.0,11,4,0.000000,s11_p4
1779294346.0,11,1,0.301757,s11_p1
1779294346.0,11,2,0.194482,s11_p2
1779294346.0,11,3,0.929413,s11_p3
1779294346.0,4,1,0.446365,s4_p1
1779294346.0,4,4,0.012208,s4_p4
1779294346.0,4,2,0.001356,s4_p2
1779294346.0,4,3,0.506685,s4_p3
1779294346.0,18,1,0.000000,s18_p1
1779294346.0,18,4,0.000000,s18_p4
1779294346.0,18,2,0.000000,s18_p2
1779294346.0,18,3,0.000000,s18_p3
1779294346.0,2,1,0.730709,s2_p1
1779294346.0,2,4,0.573396,s2_p4
1779294346.0,2,2,0.375385,s2_p2
1779294346.0,2,3,0.253374,s2_p3
1779294346.0,5,4,0.001356,s5_p4
1779294346.0,5,1,0.639364,s5_p1
1779294346.0,5,2,0.277460,s5_p2
1779294346.0,5,3,0.001356,s5_p3
1779294346.0,7,1,0.001355,s7_p1
1779294346.0,7,4,1.000000,s7_p4
1779294346.0,7,2,0.012196,s7_p2
1779294346.0,7,3,0.373632,s7_p3
1779294346.0,16,1,0.012209,s16_p1
1779294346.0,16,4,0.996158,s16_p4
1779294346.0,16,2,0.518819,s16_p2
1779294346.0,16,3,0.000000,s16_p3
1779294346.0,17,4,0.254685,s17_p4
1779294346.0,17,1,0.725153,s17_p1
1779294346.0,17,2,0.193013,s17_p2
1779294346.0,17,3,0.277455,s17_p3
1779294346.0,9,1,0.000000,s9_p1
1779294346.0,9,4,0.000000,s9_p4
1779294346.0,9,2,0.725327,s9_p2
1779294346.0,9,3,0.253390,s9_p3
1779294347.0,19,1,0.000000,s19_p1
1779294347.0,19,4,0.000000,s19_p4
1779294347.0,19,2,0.000000,s19_p2
1779294347.0,19,3,0.000000,s19_p3
1779294347.0,6,1,0.006785,s6_p1
1779294347.0,6,4,0.006322,s6_p4
1779294347.0,6,2,0.337929,s6_p2
1779294347.0,6,3,0.205171,s6_p3
1779294347.0,1,4,0.736484,s1_p4
1779294347.0,1,1,0.543308,s1_p1
1779294347.0,1,2,0.000000,s1_p2
1779294347.0,1,3,0.000000,s1_p3
1779294347.0,10,1,0.543543,s10_p1
1779294347.0,10,4,0.999947,s10_p4
1779294347.0,10,2,0.452346,s10_p2
1779294347.0,10,3,0.000000,s10_p3
1779294347.0,14,4,0.006321,s14_p4
1779294347.0,14,1,0.663699,s14_p1
1779294347.0,14,2,0.344667,s14_p2
1779294347.0,14,3,0.000000,s14_p3
1779294347.0,3,4,0.627434,s3_p4
1779294347.0,3,1,0.000000,s3_p1
1779294347.0,3,2,0.118075,s3_p2
1779294347.0,3,3,0.723962,s3_p3
1779294347.0,8,4,0.603727,s8_p4
1779294347.0,8,1,0.000000,s8_p1
1779294347.0,8,2,0.308188,s8_p2
1779294347.0,8,3,0.000000,s8_p3
1779294347.0,15,4,0.000000,s15_p4
1779294347.0,15,1,0.000000,s15_p1
1779294347.0,15,2,0.301809,s15_p2
1779294347.0,15,3,0.000000,s15_p3
1779294347.0,13,4,0.000000,s13_p4
1779294347.0,13,1,0.205175,s13_p1
1779294347.0,13,2,0.000000,s13_p2
1779294347.0,13,3,0.205175,s13_p3
1779294347.0,4,1,0.214858,s4_p1
1779294347.0,4,4,0.000000,s4_p4
1779294347.0,4,2,0.000000,s4_p2
1779294347.0,4,3,0.205367,s4_p3
1779294347.0,7,1,0.000000,s7_p1
1779294347.0,7,4,0.700699,s7_p4
1779294347.0,7,2,0.000000,s7_p2
1779294347.0,7,3,0.314107,s7_p3
1779294347.0,20,1,0.995093,s20_p1
1779294347.0,20,4,0.006322,s20_p4
1779294347.0,20,2,0.127588,s20_p2
1779294347.0,20,3,1.000000,s20_p3
1779294347.0,5,4,0.000000,s5_p4
1779294347.0,5,1,0.663796,s5_p1
1779294347.0,5,2,0.205173,s5_p2
1779294347.0,5,3,0.000000,s5_p3
1779294347.0,12,4,0.627008,s12_p4
1779294347.0,12,1,0.117995,s12_p1
1779294347.0,12,2,0.009474,s12_p2
1779294347.0,12,3,0.000000,s12_p3
1779294347.0,16,1,0.000000,s16_p1
1779294347.0,16,4,0.998407,s16_p4
1779294347.0,16,2,0.006317,s16_p2
1779294347.0,16,3,0.000000,s16_p3
1779294347.0,2,1,0.716884,s2_p1
1779294347.0,2,4,0.003158,s2_p4
1779294347.0,2,2,0.446171,s2_p2
1779294347.0,2,3,0.000000,s2_p3
1779294347.0,18,1,0.000000,s18_p1
1779294347.0,18,4,0.000000,s18_p4
1779294347.0,18,2,0.000000,s18_p2
1779294347.0,18,3,0.000000,s18_p3
1779294347.0,17,4,0.000000,s17_p4
1779294347.0,17,1,0.711501,s17_p1
1779294347.0,17,2,0.205009,s17_p2
1779294347.0,17,3,0.205009,s17_p3
1779294347.0,9,1,0.000000,s9_p1
1779294347.0,9,4,0.000000,s9_p4
1779294347.0,9,2,0.711415,s9_p2
1779294347.0,9,3,0.000000,s9_p3
1779294347.0,11,4,0.000000,s11_p4
1779294347.0,11,1,0.000000,s11_p1
1779294347.0,11,2,0.204879,s11_p2
1779294347.0,11,3,0.915928,s11_p3
1779294347.0,6,1,0.000000,s6_p1
1779294347.0,6,4,0.000000,s6_p4
1779294347.0,6,2,0.120914,s6_p2
1779294347.0,6,3,0.193462,s6_p3
1779294347.0,14,4,0.000000,s14_p4
1779294347.0,14,1,0.870617,s14_p1
1779294347.0,14,2,0.120919,s14_p2
1779294347.0,14,3,0.000000,s14_p3
1779294347.0,3,4,0.628739,s3_p4
1779294347.0,3,1,0.000000,s3_p1
1779294347.0,3,2,0.000000,s3_p2
1779294347.0,3,3,0.713377,s3_p3
1779294347.0,1,4,0.737150,s1_p4
1779294347.0,1,1,0.531715,s1_p1
1779294347.0,1,2,0.000000,s1_p2
1779294347.0,1,3,0.000000,s1_p3
1779294347.0,13,4,0.000000,s13_p4
1779294347.0,13,1,0.205539,s13_p1
1779294347.0,13,2,0.000000,s13_p2
1779294347.0,13,3,0.205539,s13_p3
1779294347.0,10,1,0.531579,s10_p1
1779294347.0,10,4,0.785288,s10_p4
1779294347.0,10,2,0.471173,s10_p2
1779294347.0,10,3,0.000000,s10_p3
1779294347.0,8,4,0.604294,s8_p4
1779294347.0,8,1,0.000000,s8_p1
1779294347.0,8,2,0.314233,s8_p2
1779294347.0,8,3,0.000000,s8_p3
1779294347.0,15,4,0.000000,s15_p4
1779294347.0,15,1,0.000000,s15_p1
1779294347.0,15,2,0.314242,s15_p2
1779294347.0,15,3,0.000000,s15_p3
1779294347.0,20,1,1.000000,s20_p1
1779294347.0,20,4,0.000000,s20_p4
1779294347.0,20,2,0.000000,s20_p2
1779294347.0,20,3,0.992010,s20_p3
1779294347.0,5,4,0.000000,s5_p4
1779294347.0,5,1,0.871108,s5_p1
1779294347.0,5,2,0.205678,s5_p2
1779294347.0,5,3,0.000000,s5_p3
1779294347.0,4,1,0.205454,s4_p1
1779294347.0,4,4,0.000000,s4_p4
1779294347.0,4,2,0.000000,s4_p2
1779294347.0,4,3,0.205454,s4_p3
1779294347.0,7,1,0.000000,s7_p1
1779294347.0,7,4,0.701003,s7_p4
1779294347.0,7,2,0.000000,s7_p2
1779294347.0,7,3,0.302157,s7_p3
1779294347.0,2,1,0.713980,s2_p1
1779294347.0,2,4,0.000000,s2_p4
1779294347.0,2,2,0.471953,s2_p2
1779294347.0,2,3,0.000000,s2_p3
1779294347.0,18,1,0.000000,s18_p1
1779294347.0,18,4,0.000000,s18_p4
1779294347.0,18,2,0.000000,s18_p2
1779294347.0,18,3,0.000000,s18_p3
1779294347.0,12,4,0.629086,s12_p4
1779294347.0,12,1,0.000000,s12_p1
1779294347.0,12,2,0.000000,s12_p2
1779294347.0,12,3,0.000000,s12_p3
1779294347.0,17,4,0.000000,s17_p4
1779294347.0,17,1,0.713891,s17_p1
1779294347.0,17,2,0.205698,s17_p2
1779294347.0,17,3,0.205698,s17_p3
1779294347.0,16,1,0.000000,s16_p1
1779294347.0,16,4,1.000000,s16_p4
1779294347.0,16,2,0.000000,s16_p2
1779294347.0,16,3,0.000000,s16_p3
1779294347.0,11,4,0.000000,s11_p4
1779294347.0,11,1,0.000000,s11_p1
1779294347.0,11,2,0.205714,s11_p2
1779294347.0,11,3,0.919663,s11_p3
1779294347.0,9,1,0.000000,s9_p1
1779294347.0,9,4,0.000000,s9_p4
1779294347.0,9,2,0.713809,s9_p2
1779294347.0,9,3,0.000000,s9_p3
1779294347.0,19,1,0.000000,s19_p1
1779294347.0,19,4,0.000000,s19_p4
1779294347.0,19,2,0.000000,s19_p2
1779294347.0,19,3,0.000000,s19_p3
1779294348.0,6,1,0.000000,s6_p1
1779294348.0,6,4,0.000000,s6_p4
1779294348.0,6,2,0.325609,s6_p2
1779294348.0,6,3,0.205013,s6_p3
1779294348.0,19,1,0.000000,s19_p1
1779294348.0,19,4,0.000000,s19_p4
1779294348.0,19,2,0.000000,s19_p2
1779294348.0,19,3,0.000000,s19_p3
1779294348.0,14,4,0.000000,s14_p4
1779294348.0,14,1,0.675135,s14_p1
1779294348.0,14,2,0.325512,s14_p2
1779294348.0,14,3,0.000000,s14_p3
1779294348.0,3,4,0.614852,s3_p4
1779294348.0,3,1,0.000000,s3_p1
1779294348.0,3,2,0.000000,s3_p2
1779294348.0,3,3,0.723356,s3_p3
1779294348.0,1,4,0.747466,s1_p4
1779294348.0,1,1,0.506348,s1_p1
1779294348.0,1,2,0.000000,s1_p2
1779294348.0,1,3,0.000000,s1_p3
1779294348.0,10,1,0.506644,s10_p1
1779294348.0,10,4,0.747903,s10_p4
1779294348.0,10,2,0.494581,s10_p2
1779294348.0,10,3,0.000000,s10_p3
1779294348.0,15,4,0.000000,s15_p4
1779294348.0,15,1,0.000000,s15_p1
1779294348.0,15,2,0.301587,s15_p2
1779294348.0,15,3,0.000000,s15_p3
1779294348.0,7,1,0.000000,s7_p1
1779294348.0,7,4,0.699702,s7_p4
1779294348.0,7,2,0.000000,s7_p2
1779294348.0,7,3,0.301596,s7_p3
1779294348.0,5,4,0.000000,s5_p4
1779294348.0,5,1,0.675489,s5_p1
1779294348.0,5,2,0.205059,s5_p2
1779294348.0,5,3,0.000000,s5_p3
1779294348.0,8,4,0.590686,s8_p4
1779294348.0,8,1,0.000000,s8_p1
1779294348.0,8,2,0.301370,s8_p2
1779294348.0,8,3,0.000000,s8_p3
1779294348.0,4,1,0.192992,s4_p1
1779294348.0,4,4,0.000000,s4_p4
1779294348.0,4,2,0.000000,s4_p2
1779294348.0,4,3,0.205054,s4_p3
1779294348.0,20,1,1.000000,s20_p1
1779294348.0,20,4,0.000000,s20_p4
1779294348.0,20,2,0.000000,s20_p2
1779294348.0,20,3,1.000000,s20_p3
1779294348.0,13,4,0.000000,s13_p4
1779294348.0,13,1,0.204877,s13_p1
1779294348.0,13,2,0.000000,s13_p2
1779294348.0,13,3,0.192826,s13_p3
1779294348.0,18,1,0.000000,s18_p1
1779294348.0,18,4,0.000000,s18_p4
1779294348.0,18,2,0.000000,s18_p2
1779294348.0,18,3,0.000000,s18_p3
1779294348.0,9,1,0.000000,s9_p1
1779294348.0,9,4,0.000000,s9_p4
1779294348.0,9,2,0.723962,s9_p2
1779294348.0,9,3,0.000000,s9_p3
1779294348.0,16,1,0.000000,s16_p1
1779294348.0,16,4,1.000000,s16_p4
1779294348.0,16,2,0.000000,s16_p2
1779294348.0,16,3,0.000000,s16_p3
1779294348.0,2,1,0.723476,s2_p1
1779294348.0,2,4,0.000000,s2_p4
1779294348.0,2,2,0.494375,s2_p2
1779294348.0,2,3,0.000000,s2_p3
1779294348.0,17,4,0.000000,s17_p4
1779294348.0,17,1,0.723569,s17_p1
1779294348.0,17,2,0.192952,s17_p2
1779294348.0,17,3,0.205011,s17_p3
1779294348.0,11,4,0.000000,s11_p4
1779294348.0,11,1,0.000000,s11_p1
1779294348.0,11,2,0.193012,s11_p2
1779294348.0,11,3,0.928870,s11_p3
1779294348.0,12,4,0.614980,s12_p4
1779294348.0,12,1,0.000000,s12_p1
1779294348.0,12,2,0.000000,s12_p2
1779294348.0,12,3,0.000000,s12_p3
1779294348.0,3,4,0.628274,s3_p4
1779294348.0,3,1,0.000000,s3_p1
1779294348.0,3,2,0.000000,s3_p2
1779294348.0,3,3,0.712850,s3_p3
1779294348.0,15,4,0.000000,s15_p4
1779294348.0,15,1,0.000000,s15_p1
1779294348.0,15,2,0.313824,s15_p2
1779294348.0,15,3,0.000000,s15_p3
1779294348.0,19,1,0.000000,s19_p1
1779294348.0,19,4,0.000000,s19_p4
1779294348.0,19,2,0.000000,s19_p2
1779294348.0,19,3,0.000000,s19_p3
1779294348.0,8,4,0.603832,s8_p4
1779294348.0,8,1,0.000000,s8_p1
1779294348.0,8,2,0.313993,s8_p2
1779294348.0,8,3,0.000000,s8_p3
1779294348.0,7,1,0.000000,s7_p1
1779294348.0,7,4,0.700330,s7_p4
1779294348.0,7,2,0.000000,s7_p2
1779294348.0,7,3,0.313941,s7_p3
1779294348.0,14,4,0.000000,s14_p4
1779294348.0,14,1,0.711826,s14_p1
1779294348.0,14,2,0.289556,s14_p2
1779294348.0,14,3,0.000000,s14_p3
1779294348.0,13,4,0.000000,s13_p4
1779294348.0,13,1,0.205304,s13_p1
1779294348.0,13,2,0.000000,s13_p2
1779294348.0,13,3,0.205304,s13_p3
1779294348.0,6,1,0.000000,s6_p1
1779294348.0,6,4,0.000000,s6_p4
1779294348.0,6,2,0.289304,s6_p2
1779294348.0,6,3,0.204924,s6_p3
1779294348.0,10,1,0.530900,s10_p1
1779294348.0,10,4,0.736020,s10_p4
1779294348.0,10,2,0.470570,s10_p2
1779294348.0,10,3,0.000000,s10_p3
1779294348.0,4,1,0.205268,s4_p1
1779294348.0,4,4,0.000000,s4_p4
1779294348.0,4,2,0.000000,s4_p2
1779294348.0,4,3,0.205268,s4_p3
1779294348.0,1,4,0.735958,s1_p4
1779294348.0,1,1,0.530855,s1_p1
1779294348.0,1,2,0.000000,s1_p2
1779294348.0,1,3,0.000000,s1_p3
1779294348.0,18,1,0.000000,s18_p1
1779294348.0,18,4,0.000000,s18_p4
1779294348.0,18,2,0.000000,s18_p2
1779294348.0,18,3,0.000000,s18_p3
1779294348.0,16,1,0.000000,s16_p1
1779294348.0,16,4,0.990192,s16_p4
1779294348.0,16,2,0.000000,s16_p2
1779294348.0,16,3,0.000000,s16_p3
1779294348.0,20,1,1.000000,s20_p1
1779294348.0,20,4,0.000000,s20_p4
1779294348.0,20,2,0.000000,s20_p2
1779294348.0,20,3,1.000000,s20_p3
1779294348.0,12,4,0.627982,s12_p4
1779294348.0,12,1,0.000000,s12_p1
1779294348.0,12,2,0.000000,s12_p2
1779294348.0,12,3,0.000000,s12_p3
1779294348.0,9,1,0.000000,s9_p1
1779294348.0,9,4,0.000000,s9_p4
1779294348.0,9,2,0.712381,s9_p2
1779294348.0,9,3,0.000000,s9_p3
1779294348.0,17,4,0.000000,s17_p4
1779294348.0,17,1,0.712447,s17_p1
1779294348.0,17,2,0.205281,s17_p2
1779294348.0,17,3,0.205281,s17_p3
1779294348.0,2,1,0.712368,s2_p1
1779294348.0,2,4,0.000000,s2_p4
1779294348.0,2,2,0.470887,s2_p2
1779294348.0,2,3,0.000000,s2_p3
1779294348.0,11,4,0.000000,s11_p4
1779294348.0,11,1,0.000000,s11_p1
1779294348.0,11,2,0.205265,s11_p2
1779294348.0,11,3,0.917655,s11_p3
1779294348.0,5,4,0.000000,s5_p4
1779294348.0,5,1,0.711615,s5_p1
1779294348.0,5,2,0.205042,s5_p2
1779294348.0,5,3,0.000000,s5_p3
1779294349.0,6,1,0.000000,s6_p1
1779294349.0,6,4,0.000000,s6_p4
1779294349.0,6,2,0.326317,s6_p2
1779294349.0,6,3,0.193373,s6_p3
1779294349.0,19,1,0.000000,s19_p1
1779294349.0,19,4,0.000000,s19_p4
1779294349.0,19,2,0.000000,s19_p2
1779294349.0,19,3,0.000000,s19_p3
1779294349.0,15,4,0.000000,s15_p4
1779294349.0,15,1,0.000000,s15_p1
1779294349.0,15,2,0.301668,s15_p2
1779294349.0,15,3,0.000000,s15_p3
1779294349.0,13,4,0.000000,s13_p4
1779294349.0,13,1,0.205156,s13_p1
1779294349.0,13,2,0.000000,s13_p2
1779294349.0,13,3,0.193088,s13_p3
1779294349.0,10,1,0.482720,s10_p1
1779294349.0,10,4,0.736149,s10_p4
1779294349.0,10,2,0.506856,s10_p2
1779294349.0,10,3,0.000000,s10_p3
1779294349.0,3,4,0.626608,s3_p4
1779294349.0,3,1,0.000000,s3_p1
1779294349.0,3,2,0.000000,s3_p2
1779294349.0,3,3,0.710959,s3_p3
1779294349.0,8,4,0.591160,s8_p4
1779294349.0,8,1,0.000000,s8_p1
1779294349.0,8,2,0.301612,s8_p2
1779294349.0,8,3,0.000000,s8_p3
1779294349.0,1,4,0.736029,s1_p4
1779294349.0,1,1,0.482642,s1_p1
1779294349.0,1,2,0.000000,s1_p2
1779294349.0,1,3,0.000000,s1_p3
1779294349.0,14,4,0.000000,s14_p4
1779294349.0,14,1,0.675576,s14_p1
1779294349.0,14,2,0.325724,s14_p2
1779294349.0,14,3,0.000000,s14_p3
1779294349.0,5,4,0.000000,s5_p4
1779294349.0,5,1,0.675651,s5_p1
1779294349.0,5,2,0.205108,s5_p2
1779294349.0,5,3,0.000000,s5_p3
1779294349.0,18,1,0.000000,s18_p1
1779294349.0,18,4,0.000000,s18_p4
1779294349.0,18,2,0.000000,s18_p2
1779294349.0,18,3,0.000000,s18_p3
1779294349.0,16,1,0.000000,s16_p1
1779294349.0,16,4,1.000000,s16_p4
1779294349.0,16,2,0.000000,s16_p2
1779294349.0,16,3,0.000000,s16_p3
1779294349.0,20,1,1.000000,s20_p1
1779294349.0,20,4,0.000000,s20_p4
1779294349.0,20,2,0.000000,s20_p2
1779294349.0,20,3,1.000000,s20_p3
1779294349.0,11,4,0.000000,s11_p4
1779294349.0,11,1,0.000000,s11_p1
1779294349.0,11,2,0.192972,s11_p2
1779294349.0,11,3,0.928677,s11_p3
1779294349.0,4,1,0.192763,s4_p1
1779294349.0,4,4,0.000000,s4_p4
1779294349.0,4,2,0.000000,s4_p2
1779294349.0,4,3,0.204811,s4_p3
1779294349.0,2,1,0.723524,s2_p1
1779294349.0,2,4,0.000000,s2_p4
1779294349.0,2,2,0.506467,s2_p2
1779294349.0,2,3,0.000000,s2_p3
1779294349.0,9,1,0.000000,s9_p1
1779294349.0,9,4,0.000000,s9_p4
1779294349.0,9,2,0.723436,s9_p2
1779294349.0,9,3,0.000000,s9_p3
1779294349.0,7,1,0.000000,s7_p1
1779294349.0,7,4,0.698601,s7_p4
1779294349.0,7,2,0.000000,s7_p2
1779294349.0,7,3,0.301121,s7_p3
1779294349.0,17,4,0.000000,s17_p4
1779294349.0,17,1,0.723412,s17_p1
1779294349.0,17,2,0.192910,s17_p2
1779294349.0,17,3,0.204967,s17_p3
1779294349.0,12,4,0.626917,s12_p4
1779294349.0,12,1,0.000000,s12_p1
1779294349.0,12,2,0.000000,s12_p2
1779294349.0,12,3,0.000000,s12_p3
1779294349.0,6,1,0.000000,s6_p1
1779294349.0,6,4,0.000000,s6_p4
1779294349.0,6,2,0.314280,s6_p2
1779294349.0,6,3,0.205491,s6_p3
1779294349.0,19,1,0.000000,s19_p1
1779294349.0,19,4,0.000000,s19_p4
1779294349.0,19,2,0.000000,s19_p2
1779294349.0,19,3,0.000000,s19_p3
1779294349.0,3,4,0.628697,s3_p4
1779294349.0,3,1,0.000000,s3_p1
1779294349.0,3,2,0.000000,s3_p2
1779294349.0,3,3,0.725419,s3_p3
1779294349.0,15,4,0.000000,s15_p4
1779294349.0,15,1,0.000000,s15_p1
1779294349.0,15,2,0.314253,s15_p2
1779294349.0,15,3,0.000000,s15_p3
1779294349.0,7,1,0.000000,s7_p1
1779294349.0,7,4,0.702431,s7_p4
1779294349.0,7,2,0.000000,s7_p2
1779294349.0,7,3,0.314883,s7_p3
1779294349.0,1,4,0.737567,s1_p4
1779294349.0,1,1,0.519924,s1_p1
1779294349.0,1,2,0.000000,s1_p2
1779294349.0,1,3,0.000000,s1_p3
1779294349.0,10,1,0.519798,s10_p1
1779294349.0,10,4,0.737388,s10_p4
1779294349.0,10,2,0.483533,s10_p2
1779294349.0,10,3,0.000000,s10_p3
1779294349.0,8,4,0.604478,s8_p4
1779294349.0,8,1,0.000000,s8_p1
1779294349.0,8,2,0.314329,s8_p2
1779294349.0,8,3,0.000000,s8_p3
1779294349.0,20,1,0.992788,s20_p1
1779294349.0,20,4,0.000000,s20_p4
1779294349.0,20,2,0.000000,s20_p2
1779294349.0,20,3,1.000000,s20_p3
1779294349.0,13,4,0.000000,s13_p4
1779294349.0,13,1,0.205473,s13_p1
1779294349.0,13,2,0.000000,s13_p2
1779294349.0,13,3,0.205473,s13_p3
1779294349.0,12,4,0.629695,s12_p4
1779294349.0,12,1,0.000000,s12_p1
1779294349.0,12,2,0.000000,s12_p2
1779294349.0,12,3,0.000000,s12_p3
1779294349.0,14,4,0.000000,s14_p4
1779294349.0,14,1,0.689116,s14_p1
1779294349.0,14,2,0.314334,s14_p2
1779294349.0,14,3,0.000000,s14_p3
1779294349.0,4,1,0.205820,s4_p1
1779294349.0,4,4,0.000000,s4_p4
1779294349.0,4,2,0.000000,s4_p2
1779294349.0,4,3,0.205820,s4_p3
1779294349.0,18,1,0.000000,s18_p1
1779294349.0,18,4,0.000000,s18_p4
1779294349.0,18,2,0.000000,s18_p2
1779294349.0,18,3,0.000000,s18_p3
1779294349.0,11,4,0.000000,s11_p4
1779294349.0,11,1,0.000000,s11_p1
1779294349.0,11,2,0.205698,s11_p2
1779294349.0,11,3,0.919590,s11_p3
1779294349.0,9,1,0.000000,s9_p1
1779294349.0,9,4,0.000000,s9_p4
1779294349.0,9,2,0.713978,s9_p2
1779294349.0,9,3,0.000000,s9_p3
1779294349.0,2,1,0.713920,s2_p1
1779294349.0,2,4,0.000000,s2_p4
1779294349.0,2,2,0.484014,s2_p2
1779294349.0,2,3,0.000000,s2_p3
1779294349.0,17,4,0.000000,s17_p4
1779294349.0,17,1,0.713959,s17_p1
1779294349.0,17,2,0.205717,s17_p2
1779294349.0,17,3,0.205717,s17_p3
1779294349.0,16,1,0.000000,s16_p1
1779294349.0,16,4,1.000000,s16_p4
1779294349.0,16,2,0.000000,s16_p2
1779294349.0,16,3,0.000000,s16_p3
1779294349.0,5,4,0.000000,s5_p4
1779294349.0,5,1,0.689281,s5_p1
1779294349.0,5,2,0.205575,s5_p2
1779294349.0,5,3,0.000000,s5_p3
1779294350.0,19,1,0.000000,s19_p1
1779294350.0,19,4,0.000000,s19_p4
1779294350.0,19,2,0.000000,s19_p2
1779294350.0,19,3,0.000000,s19_p3
1779294350.0,6,1,0.000000,s6_p1
1779294350.0,6,4,0.000000,s6_p4
1779294350.0,6,2,0.302063,s6_p2
1779294350.0,6,3,0.193320,s6_p3
1779294350.0,8,4,0.592563,s8_p4
1779294350.0,8,1,0.000000,s8_p1
1779294350.0,8,2,0.302328,s8_p2
1779294350.0,8,3,0.000000,s8_p3
1779294350.0,3,4,0.628702,s3_p4
1779294350.0,3,1,0.000000,s3_p1
1779294350.0,3,2,0.000000,s3_p2
1779294350.0,3,3,0.713335,s3_p3
1779294350.0,15,4,0.000000,s15_p4
1779294350.0,15,1,0.000000,s15_p1
1779294350.0,15,2,0.302254,s15_p2
1779294350.0,15,3,0.000000,s15_p3
1779294350.0,10,1,0.495715,s10_p1
1779294350.0,10,4,0.737527,s10_p4
1779294350.0,10,2,0.507806,s10_p2
1779294350.0,10,3,0.000000,s10_p3
1779294350.0,14,4,0.000000,s14_p4
1779294350.0,14,1,0.689247,s14_p1
1779294350.0,14,2,0.302301,s14_p2
1779294350.0,14,3,0.000000,s14_p3
1779294350.0,1,4,0.737467,s1_p4
1779294350.0,1,1,0.495675,s1_p1
1779294350.0,1,2,0.000000,s1_p2
1779294350.0,1,3,0.000000,s1_p3
1779294350.0,13,4,0.000000,s13_p4
1779294350.0,13,1,0.205395,s13_p1
1779294350.0,13,2,0.000000,s13_p2
1779294350.0,13,3,0.193313,s13_p3
1779294350.0,5,4,0.000000,s5_p4
1779294350.0,5,1,0.701302,s5_p1
1779294350.0,5,2,0.205554,s5_p2
1779294350.0,5,3,0.000000,s5_p3
1779294350.0,20,1,1.000000,s20_p1
1779294350.0,20,4,0.000000,s20_p4
1779294350.0,20,2,0.000000,s20_p2
1779294350.0,20,3,1.000000,s20_p3
1779294350.0,4,1,0.193300,s4_p1
1779294350.0,4,4,0.000000,s4_p4
1779294350.0,4,2,0.000000,s4_p2
1779294350.0,4,3,0.205381,s4_p3
1779294350.0,7,1,0.000000,s7_p1
1779294350.0,7,4,0.700535,s7_p4
1779294350.0,7,2,0.000000,s7_p2
1779294350.0,7,3,0.301955,s7_p3
1779294350.0,12,4,0.628122,s12_p4
1779294350.0,12,1,0.000000,s12_p1
1779294350.0,12,2,0.000000,s12_p2
1779294350.0,12,3,0.000000,s12_p3
1779294350.0,18,1,0.000000,s18_p1
1779294350.0,18,4,0.000000,s18_p4
1779294350.0,18,2,0.000000,s18_p2
1779294350.0,18,3,0.000000,s18_p3
1779294350.0,16,1,0.000000,s16_p1
1779294350.0,16,4,1.000000,s16_p4
1779294350.0,16,2,0.000000,s16_p2
1779294350.0,16,3,0.000000,s16_p3
1779294350.0,11,4,0.000000,s11_p4
1779294350.0,11,1,0.000000,s11_p1
1779294350.0,11,2,0.193246,s11_p2
1779294350.0,11,3,0.917916,s11_p3
1779294350.0,17,4,0.000000,s17_p4
1779294350.0,17,1,0.712656,s17_p1
1779294350.0,17,2,0.193263,s17_p2
1779294350.0,17,3,0.205341,s17_p3
1779294350.0,2,1,0.712614,s2_p1
1779294350.0,2,4,0.000000,s2_p4
1779294350.0,2,2,0.507285,s2_p2
1779294350.0,2,3,0.000000,s2_p3
1779294350.0,9,1,0.000000,s9_p1
1779294350.0,9,4,0.000000,s9_p4
1779294350.0,9,2,0.712566,s9_p2
1779294350.0,9,3,0.000000,s9_p3
1779294350.0,19,1,0.000000,s19_p1
1779294350.0,19,4,0.000000,s19_p4
1779294350.0,19,2,0.000000,s19_p2
1779294350.0,19,3,0.000000,s19_p3
1779294350.0,1,4,0.748580,s1_p4
1779294350.0,1,1,0.507103,s1_p1
1779294350.0,1,2,0.000000,s1_p2
1779294350.0,1,3,0.000000,s1_p3
1779294350.0,6,1,0.000000,s6_p1
1779294350.0,6,4,0.000000,s6_p4
1779294350.0,6,2,0.289518,s6_p2
1779294350.0,6,3,0.205075,s6_p3
1779294350.0,3,4,0.615283,s3_p4
1779294350.0,3,1,0.000000,s3_p1
1779294350.0,3,2,0.000000,s3_p2
1779294350.0,3,3,0.723862,s3_p3
1779294350.0,14,4,0.000000,s14_p4
1779294350.0,14,1,0.711826,s14_p1
1779294350.0,14,2,0.289556,s14_p2
1779294350.0,14,3,0.000000,s14_p3
1779294350.0,10,1,0.506694,s10_p1
1779294350.0,10,4,0.747978,s10_p4
1779294350.0,10,2,0.494630,s10_p2
1779294350.0,10,3,0.000000,s10_p3
1779294350.0,7,1,0.000000,s7_p1
1779294350.0,7,4,0.700391,s7_p4
1779294350.0,7,2,0.000000,s7_p2
1779294350.0,7,3,0.313969,s7_p3
1779294350.0,13,4,0.000000,s13_p4
1779294350.0,13,1,0.205244,s13_p1
1779294350.0,13,2,0.000000,s13_p2
1779294350.0,13,3,0.205244,s13_p3
1779294350.0,8,4,0.603055,s8_p4
1779294350.0,8,1,0.000000,s8_p1
1779294350.0,8,2,0.313588,s8_p2
1779294350.0,8,3,0.000000,s8_p3
1779294350.0,15,4,0.000000,s15_p4
1779294350.0,15,1,0.000000,s15_p1
1779294350.0,15,2,0.313631,s15_p2
1779294350.0,15,3,0.000000,s15_p3
1779294350.0,12,4,0.615468,s12_p4
1779294350.0,12,1,0.000000,s12_p1
1779294350.0,12,2,0.000000,s12_p2
1779294350.0,12,3,0.000000,s12_p3
1779294350.0,17,4,0.000000,s17_p4
1779294350.0,17,1,0.724547,s17_p1
1779294350.0,17,2,0.205288,s17_p2
1779294350.0,17,3,0.205288,s17_p3
1779294350.0,11,4,0.000000,s11_p4
1779294350.0,11,1,0.000000,s11_p1
1779294350.0,11,2,0.205277,s11_p2
1779294350.0,11,3,0.929786,s11_p3
1779294350.0,20,1,1.000000,s20_p1
1779294350.0,20,4,0.000000,s20_p4
1779294350.0,20,2,0.000000,s20_p2
1779294350.0,20,3,0.989325,s20_p3
1779294350.0,9,1,0.000000,s9_p1
1779294350.0,9,4,0.000000,s9_p4
1779294350.0,9,2,0.724497,s9_p2
1779294350.0,9,3,0.000000,s9_p3
1779294350.0,2,1,0.724458,s2_p1
1779294350.0,2,4,0.000000,s2_p4
1779294350.0,2,2,0.495046,s2_p2
1779294350.0,2,3,0.000000,s2_p3
1779294350.0,16,1,0.000000,s16_p1
1779294350.0,16,4,1.000000,s16_p4
1779294350.0,16,2,0.000000,s16_p2
1779294350.0,16,3,0.000000,s16_p3
1779294350.0,18,1,0.000000,s18_p1
1779294350.0,18,4,0.000000,s18_p4
1779294350.0,18,2,0.000000,s18_p2
1779294350.0,18,3,0.000000,s18_p3
1779294350.0,4,1,0.205077,s4_p1
1779294350.0,4,4,0.000000,s4_p4
1779294350.0,4,2,0.000000,s4_p2
1779294350.0,4,3,0.205077,s4_p3
1779294350.0,5,4,0.000000,s5_p4
1779294350.0,5,1,0.699617,s5_p1
1779294350.0,5,2,0.205060,s5_p2
1779294350.0,5,3,0.000000,s5_p3
1779294351.0,19,1,0.000000,s19_p1
1779294351.0,19,4,0.000000,s19_p4
1779294351.0,19,2,0.000000,s19_p2
1779294351.0,19,3,0.000000,s19_p3
1779294351.0,6,1,0.000000,s6_p1
1779294351.0,6,4,0.000000,s6_p4
1779294351.0,6,2,0.314072,s6_p2
1779294351.0,6,3,0.193275,s6_p3
1779294351.0,3,4,0.628462,s3_p4
1779294351.0,3,1,0.000000,s3_p1
1779294351.0,3,2,0.000000,s3_p2
1779294351.0,3,3,0.713063,s3_p3
1779294351.0,1,4,0.736733,s1_p4
1779294351.0,1,1,0.483104,s1_p1
1779294351.0,1,2,0.000000,s1_p2
1779294351.0,1,3,0.000000,s1_p3
1779294351.0,10,1,0.483453,s10_p1
1779294351.0,10,4,0.737265,s10_p4
1779294351.0,10,2,0.519712,s10_p2
1779294351.0,10,3,0.000000,s10_p3
1779294351.0,14,4,0.000000,s14_p4
1779294351.0,14,1,0.688870,s14_p1
1779294351.0,14,2,0.314222,s14_p2
1779294351.0,14,3,0.000000,s14_p3
1779294351.0,8,4,0.604021,s8_p4
1779294351.0,8,1,0.000000,s8_p1
1779294351.0,8,2,0.302010,s8_p2
1779294351.0,8,3,0.000000,s8_p3
1779294351.0,4,1,0.193453,s4_p1
1779294351.0,4,4,0.000000,s4_p4
1779294351.0,4,2,0.000000,s4_p2
1779294351.0,4,3,0.205543,s4_p3
1779294351.0,20,1,1.000000,s20_p1
1779294351.0,20,4,0.000000,s20_p4
1779294351.0,20,2,0.000000,s20_p2
1779294351.0,20,3,1.000000,s20_p3
1779294351.0,13,4,0.000000,s13_p4
1779294351.0,13,1,0.205319,s13_p1
1779294351.0,13,2,0.000000,s13_p2
1779294351.0,13,3,0.193241,s13_p3
1779294351.0,7,1,0.000000,s7_p1
1779294351.0,7,4,0.700457,s7_p4
1779294351.0,7,2,0.000000,s7_p2
1779294351.0,7,3,0.301921,s7_p3
1779294351.0,15,4,0.000000,s15_p4
1779294351.0,15,1,0.000000,s15_p1
1779294351.0,15,2,0.301933,s15_p2
1779294351.0,15,3,0.000000,s15_p3
1779294351.0,2,1,0.712695,s2_p1
1779294351.0,2,4,0.000000,s2_p4
1779294351.0,2,2,0.519422,s2_p2
1779294351.0,2,3,0.000000,s2_p3
1779294351.0,16,1,0.000000,s16_p1
1779294351.0,16,4,0.990469,s16_p4
1779294351.0,16,2,0.000000,s16_p2
1779294351.0,16,3,0.000000,s16_p3
1779294351.0,18,1,0.000000,s18_p1
1779294351.0,18,4,0.000000,s18_p4
1779294351.0,18,2,0.000000,s18_p2
1779294351.0,18,3,0.000000,s18_p3
1779294351.0,12,4,0.627917,s12_p4
1779294351.0,12,1,0.000000,s12_p1
1779294351.0,12,2,0.000000,s12_p2
1779294351.0,12,3,0.000000,s12_p3
1779294351.0,17,4,0.000000,s17_p4
1779294351.0,17,1,0.712472,s17_p1
1779294351.0,17,2,0.193213,s17_p2
1779294351.0,17,3,0.205289,s17_p3
1779294351.0,5,4,0.000000,s5_p4
1779294351.0,5,1,0.688462,s5_p1
1779294351.0,5,2,0.205331,s5_p2
1779294351.0,5,3,0.000000,s5_p3
1779294351.0,9,1,0.000000,s9_p1
1779294351.0,9,4,0.000000,s9_p4
1779294351.0,9,2,0.712346,s9_p2
1779294351.0,9,3,0.000000,s9_p3
1779294351.0,11,4,0.000000,s11_p4
1779294351.0,11,1,0.000000,s11_p1
1779294351.0,11,2,0.193146,s11_p2
1779294351.0,11,3,0.917445,s11_p3
1779294351.0,6,1,0.000000,s6_p1
1779294351.0,6,4,0.000000,s6_p4
1779294351.0,6,2,0.314111,s6_p2
1779294351.0,6,3,0.205380,s6_p3
1779294351.0,19,1,0.000000,s19_p1
1779294351.0,19,4,0.000000,s19_p4
1779294351.0,19,2,0.000000,s19_p2
1779294351.0,19,3,0.000000,s19_p3
1779294351.0,15,4,0.000000,s15_p4
1779294351.0,15,1,0.000000,s15_p1
1779294351.0,15,2,0.314212,s15_p2
1779294351.0,15,3,0.000000,s15_p3
1779294351.0,14,4,0.000000,s14_p4
1779294351.0,14,1,0.688245,s14_p1
1779294351.0,14,2,0.313936,s14_p2
1779294351.0,14,3,0.000000,s14_p3
1779294351.0,3,4,0.627739,s3_p4
1779294351.0,3,1,0.000000,s3_p1
1779294351.0,3,2,0.000000,s3_p2
1779294351.0,3,3,0.712242,s3_p3
1779294351.0,10,1,0.482888,s10_p1
1779294351.0,10,4,0.736405,s10_p4
1779294351.0,10,2,0.507033,s10_p2
1779294351.0,10,3,0.000000,s10_p3
1779294351.0,1,4,0.736365,s1_p4
1779294351.0,1,1,0.482862,s1_p1
1779294351.0,1,2,0.000000,s1_p2
1779294351.0,1,3,0.000000,s1_p3
1779294351.0,8,4,0.591348,s8_p4
1779294351.0,8,1,0.000000,s8_p1
1779294351.0,8,2,0.313777,s8_p2
1779294351.0,8,3,0.000000,s8_p3
1779294351.0,7,1,0.000000,s7_p1
1779294351.0,7,4,0.700075,s7_p4
1779294351.0,7,2,0.000000,s7_p2
1779294351.0,7,3,0.313827,s7_p3
1779294351.0,13,4,0.000000,s13_p4
1779294351.0,13,1,0.205179,s13_p1
1779294351.0,13,2,0.000000,s13_p2
1779294351.0,13,3,0.205179,s13_p3
1779294351.0,12,4,0.627649,s12_p4
1779294351.0,12,1,0.000000,s12_p1
1779294351.0,12,2,0.000000,s12_p2
1779294351.0,12,3,0.000000,s12_p3
1779294351.0,17,4,0.000000,s17_p4
1779294351.0,17,1,0.724147,s17_p1
1779294351.0,17,2,0.205175,s17_p2
1779294351.0,17,3,0.205175,s17_p3
1779294351.0,4,1,0.204948,s4_p1
1779294351.0,4,4,0.000000,s4_p4
1779294351.0,4,2,0.000000,s4_p2
1779294351.0,4,3,0.204948,s4_p3
1779294351.0,20,1,1.000000,s20_p1
1779294351.0,20,4,0.000000,s20_p4
1779294351.0,20,2,0.000000,s20_p2
1779294351.0,20,3,1.000000,s20_p3
1779294351.0,5,4,0.000000,s5_p4
1779294351.0,5,1,0.687838,s5_p1
1779294351.0,5,2,0.205145,s5_p2
1779294351.0,5,3,0.000000,s5_p3
1779294351.0,11,4,0.000000,s11_p4
1779294351.0,11,1,0.000000,s11_p1
1779294351.0,11,2,0.205211,s11_p2
1779294351.0,11,3,0.929487,s11_p3
1779294351.0,16,1,0.000000,s16_p1
1779294351.0,16,4,1.000000,s16_p4
1779294351.0,16,2,0.000000,s16_p2
1779294351.0,16,3,0.000000,s16_p3
1779294351.0,9,1,0.000000,s9_p1
1779294351.0,9,4,0.000000,s9_p4
1779294351.0,9,2,0.724180,s9_p2
1779294351.0,9,3,0.000000,s9_p3
1779294351.0,2,1,0.723831,s2_p1
1779294351.0,2,4,0.000000,s2_p4
1779294351.0,2,2,0.506682,s2_p2
1779294351.0,2,3,0.000000,s2_p3
1779294351.0,18,1,0.000000,s18_p1
1779294351.0,18,4,0.000000,s18_p4
1779294351.0,18,2,0.000000,s18_p2
1779294351.0,18,3,0.000000,s18_p3
1779294352.0,1,4,0.736728,s1_p4
1779294352.0,1,1,0.507255,s1_p1
1779294352.0,1,2,0.000000,s1_p2
1779294352.0,1,3,0.000000,s1_p3
1779294352.0,6,1,0.000000,s6_p1
1779294352.0,6,4,0.000000,s6_p4
1779294352.0,6,2,0.301610,s6_p2
1779294352.0,6,3,0.193030,s6_p3
1779294352.0,19,1,0.000000,s19_p1
1779294352.0,19,4,0.000000,s19_p4
1779294352.0,19,2,0.000000,s19_p2
1779294352.0,19,3,0.000000,s19_p3
1779294352.0,3,4,0.627551,s3_p4
1779294352.0,3,1,0.000000,s3_p1
1779294352.0,3,2,0.000000,s3_p2
1779294352.0,3,3,0.724097,s3_p3
1779294352.0,14,4,0.000000,s14_p4
1779294352.0,14,1,0.699821,s14_p1
1779294352.0,14,2,0.301647,s14_p2
1779294352.0,14,3,0.000000,s14_p3
1779294352.0,10,1,0.506826,s10_p1
1779294352.0,10,4,0.736104,s10_p4
1779294352.0,10,2,0.494758,s10_p2
1779294352.0,10,3,0.000000,s10_p3
1779294352.0,15,4,0.000000,s15_p4
1779294352.0,15,1,0.000000,s15_p1
1779294352.0,15,2,0.301606,s15_p2
1779294352.0,15,3,0.000000,s15_p3
1779294352.0,8,4,0.603867,s8_p4
1779294352.0,8,1,0.000000,s8_p1
1779294352.0,8,2,0.301933,s8_p2
1779294352.0,8,3,0.000000,s8_p3
1779294352.0,20,1,0.991038,s20_p1
1779294352.0,20,4,0.000000,s20_p4
1779294352.0,20,2,0.000000,s20_p2
1779294352.0,20,3,1.000000,s20_p3
1779294352.0,4,1,0.193337,s4_p1
1779294352.0,4,4,0.000000,s4_p4
1779294352.0,4,2,0.000000,s4_p2
1779294352.0,4,3,0.205421,s4_p3
1779294352.0,5,4,0.000000,s5_p4
1779294352.0,5,1,0.700864,s5_p1
1779294352.0,5,2,0.205426,s5_p2
1779294352.0,5,3,0.000000,s5_p3
1779294352.0,13,4,0.000000,s13_p4
1779294352.0,13,1,0.205185,s13_p1
1779294352.0,13,2,0.000000,s13_p2
1779294352.0,13,3,0.193115,s13_p3
1779294352.0,7,1,0.000000,s7_p1
1779294352.0,7,4,0.699993,s7_p4
1779294352.0,7,2,0.000000,s7_p2
1779294352.0,7,3,0.301721,s7_p3
1779294352.0,16,1,0.000000,s16_p1
1779294352.0,16,4,1.000000,s16_p4
1779294352.0,16,2,0.000000,s16_p2
1779294352.0,16,3,0.000000,s16_p3
1779294352.0,2,1,0.712457,s2_p1
1779294352.0,2,4,0.000000,s2_p4
1779294352.0,2,2,0.495097,s2_p2
1779294352.0,2,3,0.000000,s2_p3
1779294352.0,18,1,0.000000,s18_p1
1779294352.0,18,4,0.000000,s18_p4
1779294352.0,18,2,0.000000,s18_p2
1779294352.0,18,3,0.000000,s18_p3
1779294352.0,11,4,0.000000,s11_p4
1779294352.0,11,1,0.000000,s11_p1
1779294352.0,11,2,0.193183,s11_p2
1779294352.0,11,3,0.917620,s11_p3
1779294352.0,12,4,0.627639,s12_p4
1779294352.0,12,1,0.000000,s12_p1
1779294352.0,12,2,0.000000,s12_p2
1779294352.0,12,3,0.000000,s12_p3
1779294352.0,17,4,0.000000,s17_p4
1779294352.0,17,1,0.712189,s17_p1
1779294352.0,17,2,0.193136,s17_p2
1779294352.0,17,3,0.205207,s17_p3
1779294352.0,9,1,0.000000,s9_p1
1779294352.0,9,4,0.000000,s9_p4
1779294352.0,9,2,0.712260,s9_p2
1779294352.0,9,3,0.000000,s9_p3
1779294352.0,6,1,0.000000,s6_p1
1779294352.0,6,4,0.000000,s6_p4
1779294352.0,6,2,0.337835,s6_p2
1779294352.0,6,3,0.205114,s6_p3
1779294352.0,1,4,0.735743,s1_p4
1779294352.0,1,1,0.506577,s1_p1
1779294352.0,1,2,0.000000,s1_p2
1779294352.0,1,3,0.000000,s1_p3
1779294352.0,14,4,0.000000,s14_p4
1779294352.0,14,1,0.663861,s14_p1
1779294352.0,14,2,0.337965,s14_p2
1779294352.0,14,3,0.000000,s14_p3
1779294352.0,3,4,0.627563,s3_p4
1779294352.0,3,1,0.000000,s3_p1
1779294352.0,3,2,0.000000,s3_p2
1779294352.0,3,3,0.712043,s3_p3
1779294352.0,19,1,0.000000,s19_p1
1779294352.0,19,4,0.000000,s19_p4
1779294352.0,19,2,0.000000,s19_p2
1779294352.0,19,3,0.000000,s19_p3
1779294352.0,8,4,0.590827,s8_p4
1779294352.0,8,1,0.000000,s8_p1
1779294352.0,8,2,0.313500,s8_p2
1779294352.0,8,3,0.000000,s8_p3
1779294352.0,18,1,0.000000,s18_p1
1779294352.0,18,4,0.000000,s18_p4
1779294352.0,18,2,0.000000,s18_p2
1779294352.0,18,3,0.000000,s18_p3
1779294352.0,13,4,0.000000,s13_p4
1779294352.0,13,1,0.193059,s13_p1
1779294352.0,13,2,0.000000,s13_p2
1779294352.0,13,3,0.205125,s13_p3
1779294352.0,15,4,0.000000,s15_p4
1779294352.0,15,1,0.000000,s15_p1
1779294352.0,15,2,0.313469,s15_p2
1779294352.0,15,3,0.000000,s15_p3
1779294352.0,12,4,0.627891,s12_p4
1779294352.0,12,1,0.000000,s12_p1
1779294352.0,12,2,0.000000,s12_p2
1779294352.0,12,3,0.000000,s12_p3
1779294352.0,20,1,1.000000,s20_p1
1779294352.0,20,4,0.000000,s20_p4
1779294352.0,20,2,0.000000,s20_p2
1779294352.0,20,3,1.000000,s20_p3
1779294352.0,7,1,0.000000,s7_p1
1779294352.0,7,4,0.711835,s7_p4
1779294352.0,7,2,0.000000,s7_p2
1779294352.0,7,3,0.313690,s7_p3
1779294352.0,4,1,0.205062,s4_p1
1779294352.0,4,4,0.000000,s4_p4
1779294352.0,4,2,0.000000,s4_p2
1779294352.0,4,3,0.193000,s4_p3
1779294352.0,10,1,0.506281,s10_p1
1779294352.0,10,4,0.735313,s10_p4
1779294352.0,10,2,0.494227,s10_p2
1779294352.0,10,3,0.000000,s10_p3
1779294352.0,5,4,0.000000,s5_p4
1779294352.0,5,1,0.663451,s5_p1
1779294352.0,5,2,0.205067,s5_p2
1779294352.0,5,3,0.000000,s5_p3
1779294352.0,17,4,0.000000,s17_p4
1779294352.0,17,1,0.712076,s17_p1
1779294352.0,17,2,0.205175,s17_p2
1779294352.0,17,3,0.205175,s17_p3
1779294352.0,9,1,0.000000,s9_p1
1779294352.0,9,4,0.000000,s9_p4
1779294352.0,9,2,0.712139,s9_p2
1779294352.0,9,3,0.000000,s9_p3
1779294352.0,11,4,0.000000,s11_p4
1779294352.0,11,1,0.000000,s11_p1
1779294352.0,11,2,0.205146,s11_p2
1779294352.0,11,3,0.917124,s11_p3
1779294352.0,2,1,0.711921,s2_p1
1779294352.0,2,4,0.000000,s2_p4
1779294352.0,2,2,0.494725,s2_p2
1779294352.0,2,3,0.000000,s2_p3
1779294352.0,16,1,0.000000,s16_p1
1779294352.0,16,4,1.000000,s16_p4
1779294352.0,16,2,0.000000,s16_p2
1779294352.0,16,3,0.000000,s16_p3
1779294353.0,19,1,0.000000,s19_p1
1779294353.0,19,4,0.000000,s19_p4
1779294353.0,19,2,0.000000,s19_p2
1779294353.0,19,3,0.000000,s19_p3
1779294353.0,10,1,0.519859,s10_p1
1779294353.0,10,4,0.749565,s10_p4
1779294353.0,10,2,0.483590,s10_p2
1779294353.0,10,3,0.000000,s10_p3
1779294353.0,3,4,0.615714,s3_p4
1779294353.0,3,1,0.000000,s3_p1
1779294353.0,3,2,0.000000,s3_p2
1779294353.0,3,3,0.724369,s3_p3
1779294353.0,14,4,0.000000,s14_p4
1779294353.0,14,1,0.663943,s14_p1
1779294353.0,14,2,0.325936,s14_p2
1779294353.0,14,3,0.000000,s14_p3
1779294353.0,1,4,0.748356,s1_p4
1779294353.0,1,1,0.519021,s1_p1
1779294353.0,1,2,0.000000,s1_p2
1779294353.0,1,3,0.000000,s1_p3
1779294353.0,6,1,0.000000,s6_p1
1779294353.0,6,4,0.000000,s6_p4
1779294353.0,6,2,0.325826,s6_p2
1779294353.0,6,3,0.193082,s6_p3
1779294353.0,15,4,0.000000,s15_p4
1779294353.0,15,1,0.000000,s15_p1
1779294353.0,15,2,0.302120,s15_p2
1779294353.0,15,3,0.000000,s15_p3
1779294353.0,7,1,0.000000,s7_p1
1779294353.0,7,4,0.700524,s7_p4
1779294353.0,7,2,0.000000,s7_p2
1779294353.0,7,3,0.301950,s7_p3
1779294353.0,13,4,0.000000,s13_p4
1779294353.0,13,1,0.205284,s13_p1
1779294353.0,13,2,0.000000,s13_p2
1779294353.0,13,3,0.193208,s13_p3
1779294353.0,18,1,0.000000,s18_p1
1779294353.0,18,4,0.000000,s18_p4
1779294353.0,18,2,0.000000,s18_p2
1779294353.0,18,3,0.000000,s18_p3
1779294353.0,4,1,0.193227,s4_p1
1779294353.0,4,4,0.000000,s4_p4
1779294353.0,4,2,0.000000,s4_p2
1779294353.0,4,3,0.205304,s4_p3
1779294353.0,5,4,0.000000,s5_p4
1779294353.0,5,1,0.676310,s5_p1
1779294353.0,5,2,0.193231,s5_p2
1779294353.0,5,3,0.000000,s5_p3
1779294353.0,17,4,0.000000,s17_p4
1779294353.0,17,1,0.724869,s17_p1
1779294353.0,17,2,0.193298,s17_p2
1779294353.0,17,3,0.193298,s17_p3
1779294353.0,8,4,0.603666,s8_p4
1779294353.0,8,1,0.000000,s8_p1
1779294353.0,8,2,0.301833,s8_p2
1779294353.0,8,3,0.000000,s8_p3
1779294353.0,12,4,0.627880,s12_p4
1779294353.0,12,1,0.000000,s12_p1
1779294353.0,12,2,0.000000,s12_p2
1779294353.0,12,3,0.000000,s12_p3
1779294353.0,20,1,1.000000,s20_p1
1779294353.0,20,4,0.000000,s20_p4
1779294353.0,20,2,0.000000,s20_p2
1779294353.0,20,3,1.000000,s20_p3
1779294353.0,16,1,0.000000,s16_p1
1779294353.0,16,4,1.000000,s16_p4
1779294353.0,16,2,0.000000,s16_p2
1779294353.0,16,3,0.000000,s16_p3
1779294353.0,2,1,0.724573,s2_p1
1779294353.0,2,4,0.000000,s2_p4
1779294353.0,2,2,0.483049,s2_p2
1779294353.0,2,3,0.000000,s2_p3
1779294353.0,11,4,0.000000,s11_p4
1779294353.0,11,1,0.000000,s11_p1
1779294353.0,11,2,0.193210,s11_p2
1779294353.0,11,3,0.917746,s11_p3
1779294353.0,9,1,0.000000,s9_p1
1779294353.0,9,4,0.000000,s9_p4
1779294353.0,9,2,0.724495,s9_p2
1779294353.0,9,3,0.000000,s9_p3
1779294353.0,6,1,0.000000,s6_p1
1779294353.0,6,4,0.000000,s6_p4
1779294353.0,6,2,0.290261,s6_p2
1779294353.0,6,3,0.205602,s6_p3
1779294353.0,14,4,0.000000,s14_p4
1779294353.0,14,1,0.712920,s14_p1
1779294353.0,14,2,0.290001,s14_p2
1779294353.0,14,3,0.000000,s14_p3
1779294353.0,3,4,0.628234,s3_p4
1779294353.0,3,1,0.000000,s3_p1
1779294353.0,3,2,0.000000,s3_p2
1779294353.0,3,3,0.712804,s3_p3
1779294353.0,15,4,0.000000,s15_p4
1779294353.0,15,1,0.000000,s15_p1
1779294353.0,15,2,0.302070,s15_p2
1779294353.0,15,3,0.000000,s15_p3
1779294353.0,1,4,0.736992,s1_p4
1779294353.0,1,1,0.507437,s1_p1
1779294353.0,1,2,0.000000,s1_p2
1779294353.0,1,3,0.000000,s1_p3
1779294353.0,10,1,0.507319,s10_p1
1779294353.0,10,4,0.736820,s10_p4
1779294353.0,10,2,0.495240,s10_p2
1779294353.0,10,3,0.000000,s10_p3
1779294353.0,8,4,0.592506,s8_p4
1779294353.0,8,1,0.000000,s8_p1
1779294353.0,8,2,0.302299,s8_p2
1779294353.0,8,3,0.000000,s8_p3
1779294353.0,4,1,0.205322,s4_p1
1779294353.0,4,4,0.000000,s4_p4
1779294353.0,4,2,0.000000,s4_p2
1779294353.0,4,3,0.205322,s4_p3
1779294353.0,17,4,0.000000,s17_p4
1779294353.0,17,1,0.712554,s17_p1
1779294353.0,17,2,0.205312,s17_p2
1779294353.0,17,3,0.205312,s17_p3
1779294353.0,12,4,0.615939,s12_p4
1779294353.0,12,1,0.000000,s12_p1
1779294353.0,12,2,0.000000,s12_p2
1779294353.0,12,3,0.000000,s12_p3
1779294353.0,13,4,0.000000,s13_p4
1779294353.0,13,1,0.205278,s13_p1
1779294353.0,13,2,0.000000,s13_p2
1779294353.0,13,3,0.205278,s13_p3
1779294353.0,5,4,0.000000,s5_p4
1779294353.0,5,1,0.700383,s5_p1
1779294353.0,5,2,0.205285,s5_p2
1779294353.0,5,3,0.000000,s5_p3
1779294353.0,18,1,0.000000,s18_p1
1779294353.0,18,4,0.000000,s18_p4
1779294353.0,18,2,0.000000,s18_p2
1779294353.0,18,3,0.000000,s18_p3
1779294353.0,7,1,0.000000,s7_p1
1779294353.0,7,4,0.700232,s7_p4
1779294353.0,7,2,0.000000,s7_p2
1779294353.0,7,3,0.301824,s7_p3
1779294353.0,20,1,1.000000,s20_p1
1779294353.0,20,4,0.000000,s20_p4
1779294353.0,20,2,0.000000,s20_p2
1779294353.0,20,3,0.990178,s20_p3
1779294353.0,11,4,0.000000,s11_p4
1779294353.0,11,1,0.000000,s11_p1
1779294353.0,11,2,0.205276,s11_p2
1779294353.0,11,3,0.917704,s11_p3
1779294353.0,9,1,0.000000,s9_p1
1779294353.0,9,4,0.000000,s9_p4
1779294353.0,9,2,0.712399,s9_p2
1779294353.0,9,3,0.000000,s9_p3
1779294353.0,2,1,0.712336,s2_p1
1779294353.0,2,4,0.000000,s2_p4
1779294353.0,2,2,0.495013,s2_p2
1779294353.0,2,3,0.000000,s2_p3
1779294353.0,19,1,0.000000,s19_p1
1779294353.0,19,4,0.000000,s19_p4
1779294353.0,19,2,0.000000,s19_p2
1779294353.0,19,3,0.000000,s19_p3
1779294353.0,16,1,0.000000,s16_p1
1779294353.0,16,4,1.000000,s16_p4
1779294353.0,16,2,0.000000,s16_p2
1779294353.0,16,3,0.000000,s16_p3
1779294354.0,1,4,0.737662,s1_p4
1779294354.0,1,1,0.471620,s1_p1
1779294354.0,1,2,0.000000,s1_p2
1779294354.0,1,3,0.000000,s1_p3
1779294354.0,14,4,0.000000,s14_p4
1779294354.0,14,1,0.700569,s14_p1
1779294354.0,14,2,0.301969,s14_p2
1779294354.0,14,3,0.000000,s14_p3
1779294354.0,7,1,0.000000,s7_p1
1779294354.0,7,4,0.701632,s7_p4
1779294354.0,7,2,0.000000,s7_p2
1779294354.0,7,3,0.314524,s7_p3
1779294354.0,10,1,0.483162,s10_p1
1779294354.0,10,4,0.736821,s10_p4
1779294354.0,10,2,0.519399,s10_p2
1779294354.0,10,3,0.000000,s10_p3
1779294354.0,8,4,0.603965,s8_p4
1779294354.0,8,1,0.000000,s8_p1
1779294354.0,8,2,0.314062,s8_p2
1779294354.0,8,3,0.000000,s8_p3
1779294354.0,3,4,0.627972,s3_p4
1779294354.0,3,1,0.000000,s3_p1
1779294354.0,3,2,0.000000,s3_p2
1779294354.0,3,3,0.712506,s3_p3
1779294354.0,19,1,0.000000,s19_p1
1779294354.0,19,4,0.000000,s19_p4
1779294354.0,19,2,0.000000,s19_p2
1779294354.0,19,3,0.000000,s19_p3
1779294354.0,6,1,0.000000,s6_p1
1779294354.0,6,4,0.000000,s6_p4
1779294354.0,6,2,0.301602,s6_p2
1779294354.0,6,3,0.193025,s6_p3
1779294354.0,15,4,0.000000,s15_p4
1779294354.0,15,1,0.000000,s15_p1
1779294354.0,15,2,0.313956,s15_p2
1779294354.0,15,3,0.000000,s15_p3
1779294354.0,4,1,0.193267,s4_p1
1779294354.0,4,4,0.000000,s4_p4
1779294354.0,4,2,0.000000,s4_p2
1779294354.0,4,3,0.205347,s4_p3
1779294354.0,12,4,0.628158,s12_p4
1779294354.0,12,1,0.000000,s12_p1
1779294354.0,12,2,0.000000,s12_p2
1779294354.0,12,3,0.000000,s12_p3
1779294354.0,17,4,0.000000,s17_p4
1779294354.0,17,1,0.712667,s17_p1
1779294354.0,17,2,0.193266,s17_p2
1779294354.0,17,3,0.205345,s17_p3
1779294354.0,11,4,0.000000,s11_p4
1779294354.0,11,1,0.000000,s11_p1
1779294354.0,11,2,0.193401,s11_p2
1779294354.0,11,3,0.930742,s11_p3
1779294354.0,13,4,0.000000,s13_p4
1779294354.0,13,1,0.205348,s13_p1
1779294354.0,13,2,0.000000,s13_p2
1779294354.0,13,3,0.193269,s13_p3
1779294354.0,9,1,0.000000,s9_p1
1779294354.0,9,4,0.000000,s9_p4
1779294354.0,9,2,0.725270,s9_p2
1779294354.0,9,3,0.000000,s9_p3
1779294354.0,16,1,0.000000,s16_p1
1779294354.0,16,4,0.991260,s16_p4
1779294354.0,16,2,0.000000,s16_p2
1779294354.0,16,3,0.000000,s16_p3
1779294354.0,5,4,0.000000,s5_p4
1779294354.0,5,1,0.700589,s5_p1
1779294354.0,5,2,0.205345,s5_p2
1779294354.0,5,3,0.000000,s5_p3
1779294354.0,18,1,0.000000,s18_p1
1779294354.0,18,4,0.000000,s18_p4
1779294354.0,18,2,0.000000,s18_p2
1779294354.0,18,3,0.000000,s18_p3
1779294354.0,2,1,0.713147,s2_p1
1779294354.0,2,4,0.000000,s2_p4
1779294354.0,2,2,0.519751,s2_p2
1779294354.0,2,3,0.000000,s2_p3
1779294354.0,20,1,1.000000,s20_p1
1779294354.0,20,4,0.000000,s20_p4
1779294354.0,20,2,0.000000,s20_p2
1779294354.0,20,3,1.000000,s20_p3
1779294354.0,6,1,0.000000,s6_p1
1779294354.0,6,4,0.000000,s6_p4
1779294354.0,6,2,0.302417,s6_p2
1779294354.0,6,3,0.205644,s6_p3
1779294354.0,19,1,0.000000,s19_p1
1779294354.0,19,4,0.000000,s19_p4
1779294354.0,19,2,0.000000,s19_p2
1779294354.0,19,3,0.000000,s19_p3
1779294354.0,15,4,0.000000,s15_p4
1779294354.0,15,1,0.000000,s15_p1
1779294354.0,15,2,0.302179,s15_p2
1779294354.0,15,3,0.000000,s15_p3
1779294354.0,8,4,0.604165,s8_p4
1779294354.0,8,1,0.000000,s8_p1
1779294354.0,8,2,0.302083,s8_p2
1779294354.0,8,3,0.000000,s8_p3
1779294354.0,14,4,0.000000,s14_p4
1779294354.0,14,1,0.700626,s14_p1
1779294354.0,14,2,0.301994,s14_p2
1779294354.0,14,3,0.000000,s14_p3
1779294354.0,10,1,0.507422,s10_p1
1779294354.0,10,4,0.736970,s10_p4
1779294354.0,10,2,0.483259,s10_p2
1779294354.0,10,3,0.000000,s10_p3
1779294354.0,1,4,0.736079,s1_p4
1779294354.0,1,1,0.518875,s1_p1
1779294354.0,1,2,0.000000,s1_p2
1779294354.0,1,3,0.000000,s1_p3
1779294354.0,3,4,0.628258,s3_p4
1779294354.0,3,1,0.000000,s3_p1
1779294354.0,3,2,0.000000,s3_p2
1779294354.0,3,3,0.724913,s3_p3
1779294354.0,12,4,0.628427,s12_p4
1779294354.0,12,1,0.000000,s12_p1
1779294354.0,12,2,0.000000,s12_p2
1779294354.0,12,3,0.000000,s12_p3
1779294354.0,7,1,0.000000,s7_p1
1779294354.0,7,4,0.699976,s7_p4
1779294354.0,7,2,0.000000,s7_p2
1779294354.0,7,3,0.301714,s7_p3
1779294354.0,5,4,0.000000,s5_p4
1779294354.0,5,1,0.700947,s5_p1
1779294354.0,5,2,0.205450,s5_p2
1779294354.0,5,3,0.000000,s5_p3
1779294354.0,18,1,0.000000,s18_p1
1779294354.0,18,4,0.000000,s18_p4
1779294354.0,18,2,0.000000,s18_p2
1779294354.0,18,3,0.000000,s18_p3
1779294354.0,20,1,0.991007,s20_p1
1779294354.0,20,4,0.000000,s20_p4
1779294354.0,20,2,0.000000,s20_p2
1779294354.0,20,3,1.000000,s20_p3
1779294354.0,13,4,0.000000,s13_p4
1779294354.0,13,1,0.205421,s13_p1
1779294354.0,13,2,0.000000,s13_p2
1779294354.0,13,3,0.205421,s13_p3
1779294354.0,4,1,0.205385,s4_p1
1779294354.0,4,4,0.000000,s4_p4
1779294354.0,4,2,0.000000,s4_p2
1779294354.0,4,3,0.205385,s4_p3
1779294354.0,2,1,0.724779,s2_p1
1779294354.0,2,4,0.000000,s2_p4
1779294354.0,2,2,0.483186,s2_p2
1779294354.0,2,3,0.000000,s2_p3
1779294354.0,11,4,0.000000,s11_p4
1779294354.0,11,1,0.000000,s11_p1
1779294354.0,11,2,0.205314,s11_p2
1779294354.0,11,3,0.917874,s11_p3
1779294354.0,9,1,0.000000,s9_p1
1779294354.0,9,4,0.000000,s9_p4
1779294354.0,9,2,0.712568,s9_p2
1779294354.0,9,3,0.000000,s9_p3
1779294354.0,16,1,0.000000,s16_p1
1779294354.0,16,4,1.000000,s16_p4
1779294354.0,16,2,0.000000,s16_p2
1779294354.0,16,3,0.000000,s16_p3
1779294354.0,17,4,0.000000,s17_p4
1779294354.0,17,1,0.724561,s17_p1
1779294354.0,17,2,0.205292,s17_p2
1779294354.0,17,3,0.205292,s17_p3
1779294355.0,19,1,0.000000,s19_p1
1779294355.0,19,4,0.000000,s19_p4
1779294355.0,19,2,0.000000,s19_p2
1779294355.0,19,3,0.000000,s19_p3
1779294355.0,15,4,0.000000,s15_p4
1779294355.0,15,1,0.000000,s15_p1
1779294355.0,15,2,0.313867,s15_p2
1779294355.0,15,3,0.000000,s15_p3
1779294355.0,14,4,0.000000,s14_p4
1779294355.0,14,1,0.688167,s14_p1
1779294355.0,14,2,0.313901,s14_p2
1779294355.0,14,3,0.000000,s14_p3
1779294355.0,6,1,0.000000,s6_p1
1779294355.0,6,4,0.000000,s6_p4
1779294355.0,6,2,0.313583,s6_p2
1779294355.0,6,3,0.192974,s6_p3
1779294355.0,3,4,0.627859,s3_p4
1779294355.0,3,1,0.000000,s3_p1
1779294355.0,3,2,0.000000,s3_p2
1779294355.0,3,3,0.712378,s3_p3
1779294355.0,8,4,0.591500,s8_p4
1779294355.0,8,1,0.000000,s8_p1
1779294355.0,8,2,0.313857,s8_p2
1779294355.0,8,3,0.000000,s8_p3
1779294355.0,10,1,0.482901,s10_p1
1779294355.0,10,4,0.736423,s10_p4
1779294355.0,10,2,0.519118,s10_p2
1779294355.0,10,3,0.000000,s10_p3
1779294355.0,1,4,0.736435,s1_p4
1779294355.0,1,1,0.482908,s1_p1
1779294355.0,1,2,0.000000,s1_p2
1779294355.0,1,3,0.000000,s1_p3
1779294355.0,5,4,0.000000,s5_p4
1779294355.0,5,1,0.688303,s5_p1
1779294355.0,5,2,0.205283,s5_p2
1779294355.0,5,3,0.000000,s5_p3
1779294355.0,12,4,0.627783,s12_p4
1779294355.0,12,1,0.000000,s12_p1
1779294355.0,12,2,0.000000,s12_p2
1779294355.0,12,3,0.000000,s12_p3
1779294355.0,20,1,1.000000,s20_p1
1779294355.0,20,4,0.000000,s20_p4
1779294355.0,20,2,0.000000,s20_p2
1779294355.0,20,3,1.000000,s20_p3
1779294355.0,18,1,0.000000,s18_p1
1779294355.0,18,4,0.000000,s18_p4
1779294355.0,18,2,0.000000,s18_p2
1779294355.0,18,3,0.000000,s18_p3
1779294355.0,13,4,0.000000,s13_p4
1779294355.0,13,1,0.205251,s13_p1
1779294355.0,13,2,0.000000,s13_p2
1779294355.0,13,3,0.193178,s13_p3
1779294355.0,4,1,0.193178,s4_p1
1779294355.0,4,4,0.000000,s4_p4
1779294355.0,4,2,0.000000,s4_p2
1779294355.0,4,3,0.205251,s4_p3
1779294355.0,7,1,0.000000,s7_p1
1779294355.0,7,4,0.700121,s7_p4
1779294355.0,7,2,0.000000,s7_p2
1779294355.0,7,3,0.313847,s7_p3
1779294355.0,11,4,0.000000,s11_p4
1779294355.0,11,1,0.000000,s11_p1
1779294355.0,11,2,0.193177,s11_p2
1779294355.0,11,3,0.917591,s11_p3
1779294355.0,9,1,0.000000,s9_p1
1779294355.0,9,4,0.000000,s9_p4
1779294355.0,9,2,0.712322,s9_p2
1779294355.0,9,3,0.000000,s9_p3
1779294355.0,17,4,0.000000,s17_p4
1779294355.0,17,1,0.712334,s17_p1
1779294355.0,17,2,0.193175,s17_p2
1779294355.0,17,3,0.205249,s17_p3
1779294355.0,2,1,0.712213,s2_p1
1779294355.0,2,4,0.000000,s2_p4
1779294355.0,2,2,0.519070,s2_p2
1779294355.0,2,3,0.000000,s2_p3
1779294355.0,16,1,0.000000,s16_p1
1779294355.0,16,4,1.000000,s16_p4
1779294355.0,16,2,0.000000,s16_p2
1779294355.0,16,3,0.000000,s16_p3
1779294355.0,19,1,0.000000,s19_p1
1779294355.0,19,4,0.000000,s19_p4
1779294355.0,19,2,0.000000,s19_p2
1779294355.0,19,3,0.000000,s19_p3
1779294355.0,14,4,0.000000,s14_p4
1779294355.0,14,1,0.652088,s14_p1
1779294355.0,14,2,0.338120,s14_p2
1779294355.0,14,3,0.000000,s14_p3
1779294355.0,1,4,0.736635,s1_p4
1779294355.0,1,1,0.519267,s1_p1
1779294355.0,1,2,0.000000,s1_p2
1779294355.0,1,3,0.000000,s1_p3
1779294355.0,3,4,0.615801,s3_p4
1779294355.0,3,1,0.000000,s3_p1
1779294355.0,3,2,0.000000,s3_p2
1779294355.0,3,3,0.724471,s3_p3
1779294355.0,6,1,0.000000,s6_p1
1779294355.0,6,4,0.000000,s6_p4
1779294355.0,6,2,0.338070,s6_p2
1779294355.0,6,3,0.205257,s6_p3
1779294355.0,13,4,0.000000,s13_p4
1779294355.0,13,1,0.205381,s13_p1
1779294355.0,13,2,0.000000,s13_p2
1779294355.0,13,3,0.205381,s13_p3
1779294355.0,8,4,0.603360,s8_p4
1779294355.0,8,1,0.000000,s8_p1
1779294355.0,8,2,0.301680,s8_p2
1779294355.0,8,3,0.000000,s8_p3
1779294355.0,10,1,0.518887,s10_p1
1779294355.0,10,4,0.736096,s10_p4
1779294355.0,10,2,0.482686,s10_p2
1779294355.0,10,3,0.000000,s10_p3
1779294355.0,15,4,0.000000,s15_p4
1779294355.0,15,1,0.000000,s15_p1
1779294355.0,15,2,0.301615,s15_p2
1779294355.0,15,3,0.000000,s15_p3
1779294355.0,12,4,0.615632,s12_p4
1779294355.0,12,1,0.000000,s12_p1
1779294355.0,12,2,0.000000,s12_p2
1779294355.0,12,3,0.000000,s12_p3
1779294355.0,20,1,1.000000,s20_p1
1779294355.0,20,4,0.000000,s20_p4
1779294355.0,20,2,0.000000,s20_p2
1779294355.0,20,3,1.000000,s20_p3
1779294355.0,7,1,0.000000,s7_p1
1779294355.0,7,4,0.700218,s7_p4
1779294355.0,7,2,0.000000,s7_p2
1779294355.0,7,3,0.301818,s7_p3
1779294355.0,5,4,0.000000,s5_p4
1779294355.0,5,1,0.663766,s5_p1
1779294355.0,5,2,0.205164,s5_p2
1779294355.0,5,3,0.000000,s5_p3
1779294355.0,4,1,0.205213,s4_p1
1779294355.0,4,4,0.000000,s4_p4
1779294355.0,4,2,0.000000,s4_p2
1779294355.0,4,3,0.205213,s4_p3
1779294355.0,18,1,0.000000,s18_p1
1779294355.0,18,4,0.000000,s18_p4
1779294355.0,18,2,0.000000,s18_p2
1779294355.0,18,3,0.000000,s18_p3
1779294355.0,2,1,0.724322,s2_p1
1779294355.0,2,4,0.000000,s2_p4
1779294355.0,2,2,0.482881,s2_p2
1779294355.0,2,3,0.000000,s2_p3
1779294355.0,17,4,0.000000,s17_p4
1779294355.0,17,1,0.724281,s17_p1
1779294355.0,17,2,0.205213,s17_p2
1779294355.0,17,3,0.205213,s17_p3
1779294355.0,9,1,0.000000,s9_p1
1779294355.0,9,4,0.000000,s9_p4
1779294355.0,9,2,0.724238,s9_p2
1779294355.0,9,3,0.000000,s9_p3
1779294355.0,11,4,0.000000,s11_p4
1779294355.0,11,1,0.000000,s11_p1
1779294355.0,11,2,0.205184,s11_p2
1779294355.0,11,3,0.929362,s11_p3
1779294355.0,16,1,0.000000,s16_p1
1779294355.0,16,4,1.000000,s16_p4
1779294355.0,16,2,0.000000,s16_p2
1779294355.0,16,3,0.000000,s16_p3
1779294356.0,6,1,0.000000,s6_p1
1779294356.0,6,4,0.000000,s6_p4
1779294356.0,6,2,0.289980,s6_p2
1779294356.0,6,3,0.193320,s6_p3
1779294356.0,19,1,0.000000,s19_p1
1779294356.0,19,4,0.000000,s19_p4
1779294356.0,19,2,0.000000,s19_p2
1779294356.0,19,3,0.000000,s19_p3
1779294356.0,1,4,0.748294,s1_p4
1779294356.0,1,1,0.543117,s1_p1
1779294356.0,1,2,0.000000,s1_p2
1779294356.0,1,3,0.000000,s1_p3
1779294356.0,10,1,0.543428,s10_p1
1779294356.0,10,4,0.748723,s10_p4
1779294356.0,10,2,0.458895,s10_p2
1779294356.0,10,3,0.000000,s10_p3
1779294356.0,13,4,0.000000,s13_p4
1779294356.0,13,1,0.205231,s13_p1
1779294356.0,13,2,0.000000,s13_p2
1779294356.0,13,3,0.193159,s13_p3
1779294356.0,15,4,0.000000,s15_p4
1779294356.0,15,1,0.000000,s15_p1
1779294356.0,15,2,0.313930,s15_p2
1779294356.0,15,3,0.000000,s15_p3
1779294356.0,3,4,0.627393,s3_p4
1779294356.0,3,1,0.000000,s3_p1
1779294356.0,3,2,0.000000,s3_p2
1779294356.0,3,3,0.711849,s3_p3
1779294356.0,14,4,0.000000,s14_p4
1779294356.0,14,1,0.711703,s14_p1
1779294356.0,14,2,0.289506,s14_p2
1779294356.0,14,3,0.000000,s14_p3
1779294356.0,8,4,0.591494,s8_p4
1779294356.0,8,1,0.000000,s8_p1
1779294356.0,8,2,0.313854,s8_p2
1779294356.0,8,3,0.000000,s8_p3
1779294356.0,7,1,0.000000,s7_p1
1779294356.0,7,4,0.700021,s7_p4
1779294356.0,7,2,0.000000,s7_p2
1779294356.0,7,3,0.313802,s7_p3
1779294356.0,12,4,0.627495,s12_p4
1779294356.0,12,1,0.000000,s12_p1
1779294356.0,12,2,0.000000,s12_p2
1779294356.0,12,3,0.000000,s12_p3
1779294356.0,9,1,0.000000,s9_p1
1779294356.0,9,4,0.000000,s9_p4
1779294356.0,9,2,0.712475,s9_p2
1779294356.0,9,3,0.000000,s9_p3
1779294356.0,2,1,0.712412,s2_p1
1779294356.0,2,4,0.000000,s2_p4
1779294356.0,2,2,0.458842,s2_p2
1779294356.0,2,3,0.000000,s2_p3
1779294356.0,18,1,0.000000,s18_p1
1779294356.0,18,4,0.000000,s18_p4
1779294356.0,18,2,0.000000,s18_p2
1779294356.0,18,3,0.000000,s18_p3
1779294356.0,4,1,0.193085,s4_p1
1779294356.0,4,4,0.000000,s4_p4
1779294356.0,4,2,0.000000,s4_p2
1779294356.0,4,3,0.205153,s4_p3
1779294356.0,16,1,0.000000,s16_p1
1779294356.0,16,4,1.000000,s16_p4
1779294356.0,16,2,0.000000,s16_p2
1779294356.0,16,3,0.000000,s16_p3
1779294356.0,20,1,1.000000,s20_p1
1779294356.0,20,4,0.000000,s20_p4
1779294356.0,20,2,0.000000,s20_p2
1779294356.0,20,3,0.989441,s20_p3
1779294356.0,11,4,0.000000,s11_p4
1779294356.0,11,1,0.000000,s11_p1
1779294356.0,11,2,0.193191,s11_p2
1779294356.0,11,3,0.917659,s11_p3
1779294356.0,5,4,0.000000,s5_p4
1779294356.0,5,1,0.699857,s5_p1
1779294356.0,5,2,0.205130,s5_p2
1779294356.0,5,3,0.000000,s5_p3
1779294356.0,17,4,0.000000,s17_p4
1779294356.0,17,1,0.712326,s17_p1
1779294356.0,17,2,0.193173,s17_p2
1779294356.0,17,3,0.205247,s17_p3
1779294356.0,1,4,0.737281,s1_p4
1779294356.0,1,1,0.543896,s1_p1
1779294356.0,1,2,0.000000,s1_p2
1779294356.0,1,3,0.000000,s1_p3
1779294356.0,6,1,0.000000,s6_p1
1779294356.0,6,4,0.000000,s6_p4
1779294356.0,6,2,0.313850,s6_p2
1779294356.0,6,3,0.205210,s6_p3
1779294356.0,15,4,0.000000,s15_p4
1779294356.0,15,1,0.000000,s15_p1
1779294356.0,15,2,0.301950,s15_p2
1779294356.0,15,3,0.000000,s15_p3
1779294356.0,3,4,0.627896,s3_p4
1779294356.0,3,1,0.000000,s3_p1
1779294356.0,3,2,0.000000,s3_p2
1779294356.0,3,3,0.712420,s3_p3
1779294356.0,13,4,0.000000,s13_p4
1779294356.0,13,1,0.205242,s13_p1
1779294356.0,13,2,0.000000,s13_p2
1779294356.0,13,3,0.205242,s13_p3
1779294356.0,10,1,0.543170,s10_p1
1779294356.0,10,4,0.736297,s10_p4
1779294356.0,10,2,0.458677,s10_p2
1779294356.0,10,3,0.000000,s10_p3
1779294356.0,8,4,0.603721,s8_p4
1779294356.0,8,1,0.000000,s8_p1
1779294356.0,8,2,0.301860,s8_p2
1779294356.0,8,3,0.000000,s8_p3
1779294356.0,7,1,0.000000,s7_p1
1779294356.0,7,4,0.700871,s7_p4
1779294356.0,7,2,0.000000,s7_p2
1779294356.0,7,3,0.302100,s7_p3
1779294356.0,4,1,0.205451,s4_p1
1779294356.0,4,4,0.000000,s4_p4
1779294356.0,4,2,0.000000,s4_p2
1779294356.0,4,3,0.205451,s4_p3
1779294356.0,14,4,0.000000,s14_p4
1779294356.0,14,1,0.687475,s14_p1
1779294356.0,14,2,0.313585,s14_p2
1779294356.0,14,3,0.000000,s14_p3
1779294356.0,12,4,0.627738,s12_p4
1779294356.0,12,1,0.000000,s12_p1
1779294356.0,12,2,0.000000,s12_p2
1779294356.0,12,3,0.000000,s12_p3
1779294356.0,2,1,0.712253,s2_p1
1779294356.0,2,4,0.000000,s2_p4
1779294356.0,2,2,0.458739,s2_p2
1779294356.0,2,3,0.000000,s2_p3
1779294356.0,16,1,0.000000,s16_p1
1779294356.0,16,4,0.989942,s16_p4
1779294356.0,16,2,0.000000,s16_p2
1779294356.0,16,3,0.000000,s16_p3
1779294356.0,5,4,0.000000,s5_p4
1779294356.0,5,1,0.688162,s5_p1
1779294356.0,5,2,0.205241,s5_p2
1779294356.0,5,3,0.000000,s5_p3
1779294356.0,11,4,0.000000,s11_p4
1779294356.0,11,1,0.000000,s11_p1
1779294356.0,11,2,0.205227,s11_p2
1779294356.0,11,3,0.917487,s11_p3
1779294356.0,9,1,0.000000,s9_p1
1779294356.0,9,4,0.000000,s9_p4
1779294356.0,9,2,0.712124,s9_p2
1779294356.0,9,3,0.000000,s9_p3
1779294356.0,17,4,0.000000,s17_p4
1779294356.0,17,1,0.712227,s17_p1
1779294356.0,17,2,0.205218,s17_p2
1779294356.0,17,3,0.205218,s17_p3
1779294356.0,20,1,1.000000,s20_p1
1779294356.0,20,4,0.000000,s20_p4
1779294356.0,20,2,0.000000,s20_p2
1779294356.0,20,3,1.000000,s20_p3
1779294356.0,18,1,0.000000,s18_p1
1779294356.0,18,4,0.000000,s18_p4
1779294356.0,18,2,0.000000,s18_p2
1779294356.0,18,3,0.000000,s18_p3
1779294356.0,19,1,0.000000,s19_p1
1779294356.0,19,4,0.000000,s19_p4
1779294356.0,19,2,0.000000,s19_p2
1779294356.0,19,3,0.000000,s19_p3
1779294357.0,6,1,0.000000,s6_p1
1779294357.0,6,4,0.000000,s6_p4
1779294357.0,6,2,0.277652,s6_p2
1779294357.0,6,3,0.193149,s6_p3
1779294357.0,14,4,0.000000,s14_p4
1779294357.0,14,1,0.725516,s14_p1
1779294357.0,14,2,0.278115,s14_p2
1779294357.0,14,3,0.000000,s14_p3
1779294357.0,1,4,0.735647,s1_p4
1779294357.0,1,1,0.506511,s1_p1
1779294357.0,1,2,0.000000,s1_p2
1779294357.0,1,3,0.000000,s1_p3
1779294357.0,3,4,0.627923,s3_p4
1779294357.0,3,1,0.000000,s3_p1
1779294357.0,3,2,0.000000,s3_p2
1779294357.0,3,3,0.724527,s3_p3
1779294357.0,8,4,0.603641,s8_p4
1779294357.0,8,1,0.000000,s8_p1
1779294357.0,8,2,0.313893,s8_p2
1779294357.0,8,3,0.000000,s8_p3
1779294357.0,10,1,0.507002,s10_p1
1779294357.0,10,4,0.736360,s10_p4
1779294357.0,10,2,0.494930,s10_p2
1779294357.0,10,3,0.000000,s10_p3
1779294357.0,15,4,0.000000,s15_p4
1779294357.0,15,1,0.000000,s15_p1
1779294357.0,15,2,0.313716,s15_p2
1779294357.0,15,3,0.000000,s15_p3
1779294357.0,13,4,0.000000,s13_p4
1779294357.0,13,1,0.205133,s13_p1
1779294357.0,13,2,0.000000,s13_p2
1779294357.0,13,3,0.193067,s13_p3
1779294357.0,7,1,0.000000,s7_p1
1779294357.0,7,4,0.699927,s7_p4
1779294357.0,7,2,0.000000,s7_p2
1779294357.0,7,3,0.313760,s7_p3
1779294357.0,4,1,0.193086,s4_p1
1779294357.0,4,4,0.000000,s4_p4
1779294357.0,4,2,0.000000,s4_p2
1779294357.0,4,3,0.205153,s4_p3
1779294357.0,20,1,1.000000,s20_p1
1779294357.0,20,4,0.000000,s20_p4
1779294357.0,20,2,0.000000,s20_p2
1779294357.0,20,3,1.000000,s20_p3
1779294357.0,5,4,0.000000,s5_p4
1779294357.0,5,1,0.724504,s5_p1
1779294357.0,5,2,0.205276,s5_p2
1779294357.0,5,3,0.000000,s5_p3
1779294357.0,12,4,0.627613,s12_p4
1779294357.0,12,1,0.000000,s12_p1
1779294357.0,12,2,0.000000,s12_p2
1779294357.0,12,3,0.000000,s12_p3
1779294357.0,17,4,0.000000,s17_p4
1779294357.0,17,1,0.724291,s17_p1
1779294357.0,17,2,0.205216,s17_p2
1779294357.0,17,3,0.205216,s17_p3
1779294357.0,18,1,0.000000,s18_p1
1779294357.0,18,4,0.000000,s18_p4
1779294357.0,18,2,0.000000,s18_p2
1779294357.0,18,3,0.000000,s18_p3
1779294357.0,16,1,0.000000,s16_p1
1779294357.0,16,4,1.000000,s16_p4
1779294357.0,16,2,0.000000,s16_p2
1779294357.0,16,3,0.000000,s16_p3
1779294357.0,2,1,0.723819,s2_p1
1779294357.0,2,4,0.000000,s2_p4
1779294357.0,2,2,0.494610,s2_p2
1779294357.0,2,3,0.000000,s2_p3
1779294357.0,9,1,0.000000,s9_p1
1779294357.0,9,4,0.000000,s9_p4
1779294357.0,9,2,0.723909,s9_p2
1779294357.0,9,3,0.000000,s9_p3
1779294357.0,11,4,0.000000,s11_p4
1779294357.0,11,1,0.000000,s11_p1
1779294357.0,11,2,0.205091,s11_p2
1779294357.0,11,3,0.928942,s11_p3
1779294357.0,19,1,0.000000,s19_p1
1779294357.0,19,4,0.000000,s19_p4
1779294357.0,19,2,0.000000,s19_p2
1779294357.0,19,3,0.000000,s19_p3
1779294357.0,6,1,0.000000,s6_p1
1779294357.0,6,4,0.000000,s6_p4
1779294357.0,6,2,0.314195,s6_p2
1779294357.0,6,3,0.205435,s6_p3
1779294357.0,14,4,0.000000,s14_p4
1779294357.0,14,1,0.688756,s14_p1
1779294357.0,14,2,0.314170,s14_p2
1779294357.0,14,3,0.000000,s14_p3
1779294357.0,3,4,0.628371,s3_p4
1779294357.0,3,1,0.000000,s3_p1
1779294357.0,3,2,0.000000,s3_p2
1779294357.0,3,3,0.712959,s3_p3
1779294357.0,10,1,0.495655,s10_p1
1779294357.0,10,4,0.737438,s10_p4
1779294357.0,10,2,0.495655,s10_p2
1779294357.0,10,3,0.000000,s10_p3
1779294357.0,1,4,0.736977,s1_p4
1779294357.0,1,1,0.495345,s1_p1
1779294357.0,1,2,0.000000,s1_p2
1779294357.0,1,3,0.000000,s1_p3
1779294357.0,19,1,0.000000,s19_p1
1779294357.0,19,4,0.000000,s19_p4
1779294357.0,19,2,0.000000,s19_p2
1779294357.0,19,3,0.000000,s19_p3
1779294357.0,5,4,0.000000,s5_p4
1779294357.0,5,1,0.689083,s5_p1
1779294357.0,5,2,0.205516,s5_p2
1779294357.0,5,3,0.000000,s5_p3
1779294357.0,15,4,0.000000,s15_p4
1779294357.0,15,1,0.000000,s15_p1
1779294357.0,15,2,0.301915,s15_p2
1779294357.0,15,3,0.000000,s15_p3
1779294357.0,7,1,0.000000,s7_p1
1779294357.0,7,4,0.700685,s7_p4
1779294357.0,7,2,0.000000,s7_p2
1779294357.0,7,3,0.302019,s7_p3
1779294357.0,20,1,0.990948,s20_p1
1779294357.0,20,4,0.000000,s20_p4
1779294357.0,20,2,0.000000,s20_p2
1779294357.0,20,3,1.000000,s20_p3
1779294357.0,4,1,0.205372,s4_p1
1779294357.0,4,4,0.000000,s4_p4
1779294357.0,4,2,0.000000,s4_p2
1779294357.0,4,3,0.205372,s4_p3
1779294357.0,8,4,0.591624,s8_p4
1779294357.0,8,1,0.000000,s8_p1
1779294357.0,8,2,0.301849,s8_p2
1779294357.0,8,3,0.000000,s8_p3
1779294357.0,13,4,0.000000,s13_p4
1779294357.0,13,1,0.205340,s13_p1
1779294357.0,13,2,0.000000,s13_p2
1779294357.0,13,3,0.205340,s13_p3
1779294357.0,2,1,0.713338,s2_p1
1779294357.0,2,4,0.000000,s2_p4
1779294357.0,2,2,0.495709,s2_p2
1779294357.0,2,3,0.000000,s2_p3
1779294357.0,12,4,0.628330,s12_p4
1779294357.0,12,1,0.000000,s12_p1
1779294357.0,12,2,0.000000,s12_p2
1779294357.0,12,3,0.000000,s12_p3
1779294357.0,9,1,0.000000,s9_p1
1779294357.0,9,4,0.000000,s9_p4
1779294357.0,9,2,0.713282,s9_p2
1779294357.0,9,3,0.000000,s9_p3
1779294357.0,16,1,0.000000,s16_p1
1779294357.0,16,4,1.000000,s16_p4
1779294357.0,16,2,0.000000,s16_p2
1779294357.0,16,3,0.000000,s16_p3
1779294357.0,17,4,0.000000,s17_p4
1779294357.0,17,1,0.712862,s17_p1
1779294357.0,17,2,0.193319,s17_p2
1779294357.0,17,3,0.205401,s17_p3
1779294357.0,11,4,0.000000,s11_p4
1779294357.0,11,1,0.000000,s11_p1
1779294357.0,11,2,0.193415,s11_p2
1779294357.0,11,3,0.918722,s11_p3
1779294357.0,18,1,0.000000,s18_p1
1779294357.0,18,4,0.000000,s18_p4
1779294357.0,18,2,0.000000,s18_p2
1779294357.0,18,3,0.000000,s18_p3
1779294358.0,19,1,0.000000,s19_p1
1779294358.0,19,4,0.000000,s19_p4
1779294358.0,19,2,0.000000,s19_p2
1779294358.0,19,3,0.000000,s19_p3
1779294358.0,1,4,0.737198,s1_p4
1779294358.0,1,1,0.519664,s1_p1
1779294358.0,1,2,0.000000,s1_p2
1779294358.0,1,3,0.000000,s1_p3
1779294358.0,14,4,0.000000,s14_p4
1779294358.0,14,1,0.676530,s14_p1
1779294358.0,14,2,0.326184,s14_p2
1779294358.0,14,3,0.000000,s14_p3
1779294358.0,6,1,0.000000,s6_p1
1779294358.0,6,4,0.000000,s6_p4
1779294358.0,6,2,0.313864,s6_p2
1779294358.0,6,3,0.193147,s6_p3
1779294358.0,10,1,0.519369,s10_p1
1779294358.0,10,4,0.736780,s10_p4
1779294358.0,10,2,0.483134,s10_p2
1779294358.0,10,3,0.000000,s10_p3
1779294358.0,3,4,0.615911,s3_p4
1779294358.0,3,1,0.000000,s3_p1
1779294358.0,3,2,0.000000,s3_p2
1779294358.0,3,3,0.724601,s3_p3
1779294358.0,15,4,0.000000,s15_p4
1779294358.0,15,1,0.000000,s15_p1
1779294358.0,15,2,0.314332,s15_p2
1779294358.0,15,3,0.000000,s15_p3
1779294358.0,13,4,0.000000,s13_p4
1779294358.0,13,1,0.205498,s13_p1
1779294358.0,13,2,0.000000,s13_p2
1779294358.0,13,3,0.205498,s13_p3
1779294358.0,8,4,0.604351,s8_p4
1779294358.0,8,1,0.000000,s8_p1
1779294358.0,8,2,0.314263,s8_p2
1779294358.0,8,3,0.000000,s8_p3
1779294358.0,7,1,0.000000,s7_p1
1779294358.0,7,4,0.700876,s7_p4
1779294358.0,7,2,0.000000,s7_p2
1779294358.0,7,3,0.314186,s7_p3
1779294358.0,4,1,0.205377,s4_p1
1779294358.0,4,4,0.000000,s4_p4
1779294358.0,4,2,0.000000,s4_p2
1779294358.0,4,3,0.205377,s4_p3
1779294358.0,20,1,1.000000,s20_p1
1779294358.0,20,4,0.000000,s20_p4
1779294358.0,20,2,0.000000,s20_p2
1779294358.0,20,3,1.000000,s20_p3
1779294358.0,12,4,0.628161,s12_p4
1779294358.0,12,1,0.000000,s12_p1
1779294358.0,12,2,0.000000,s12_p2
1779294358.0,12,3,0.000000,s12_p3
1779294358.0,5,4,0.000000,s5_p4
1779294358.0,5,1,0.675828,s5_p1
1779294358.0,5,2,0.205162,s5_p2
1779294358.0,5,3,0.000000,s5_p3
1779294358.0,18,1,0.000000,s18_p1
1779294358.0,18,4,0.000000,s18_p4
1779294358.0,18,2,0.000000,s18_p2
1779294358.0,18,3,0.000000,s18_p3
1779294358.0,2,1,0.724209,s2_p1
1779294358.0,2,4,0.000000,s2_p4
1779294358.0,2,2,0.482806,s2_p2
1779294358.0,2,3,0.000000,s2_p3
1779294358.0,17,4,0.000000,s17_p4
1779294358.0,17,1,0.724331,s17_p1
1779294358.0,17,2,0.205227,s17_p2
1779294358.0,17,3,0.205227,s17_p3
1779294358.0,9,1,0.000000,s9_p1
1779294358.0,9,4,0.000000,s9_p4
1779294358.0,9,2,0.724024,s9_p2
1779294358.0,9,3,0.000000,s9_p3
1779294358.0,16,1,0.000000,s16_p1
1779294358.0,16,4,1.000000,s16_p4
1779294358.0,16,2,0.000000,s16_p2
1779294358.0,16,3,0.000000,s16_p3
1779294358.0,11,4,0.000000,s11_p4
1779294358.0,11,1,0.000000,s11_p1
1779294358.0,11,2,0.205142,s11_p2
1779294358.0,11,3,0.929174,s11_p3
1779294358.0,6,1,0.000000,s6_p1
1779294358.0,6,4,0.000000,s6_p4
1779294358.0,6,2,0.314316,s6_p2
1779294358.0,6,3,0.205514,s6_p3
1779294358.0,14,4,0.000000,s14_p4
1779294358.0,14,1,0.688703,s14_p1
1779294358.0,14,2,0.302063,s14_p2
1779294358.0,14,3,0.000000,s14_p3
1779294358.0,1,4,0.736884,s1_p4
1779294358.0,1,1,0.519443,s1_p1
1779294358.0,1,2,0.000000,s1_p2
1779294358.0,1,3,0.000000,s1_p3
1779294358.0,10,1,0.519326,s10_p1
1779294358.0,10,4,0.748796,s10_p4
1779294358.0,10,2,0.483094,s10_p2
1779294358.0,10,3,0.000000,s10_p3
1779294358.0,15,4,0.000000,s15_p4
1779294358.0,15,1,0.000000,s15_p1
1779294358.0,15,2,0.301945,s15_p2
1779294358.0,15,3,0.000000,s15_p3
1779294358.0,3,4,0.627998,s3_p4
1779294358.0,3,1,0.000000,s3_p1
1779294358.0,3,2,0.000000,s3_p2
1779294358.0,3,3,0.712536,s3_p3
1779294358.0,8,4,0.591778,s8_p4
1779294358.0,8,1,0.000000,s8_p1
1779294358.0,8,2,0.301927,s8_p2
1779294358.0,8,3,0.000000,s8_p3
1779294358.0,7,1,0.000000,s7_p1
1779294358.0,7,4,0.700435,s7_p4
1779294358.0,7,2,0.000000,s7_p2
1779294358.0,7,3,0.301912,s7_p3
1779294358.0,13,4,0.000000,s13_p4
1779294358.0,13,1,0.205239,s13_p1
1779294358.0,13,2,0.000000,s13_p2
1779294358.0,13,3,0.193166,s13_p3
1779294358.0,5,4,0.000000,s5_p4
1779294358.0,5,1,0.688881,s5_p1
1779294358.0,5,2,0.205456,s5_p2
1779294358.0,5,3,0.000000,s5_p3
1779294358.0,4,1,0.193192,s4_p1
1779294358.0,4,4,0.000000,s4_p4
1779294358.0,4,2,0.000000,s4_p2
1779294358.0,4,3,0.205266,s4_p3
1779294358.0,20,1,1.000000,s20_p1
1779294358.0,20,4,0.000000,s20_p4
1779294358.0,20,2,0.000000,s20_p2
1779294358.0,20,3,0.990399,s20_p3
1779294358.0,12,4,0.616095,s12_p4
1779294358.0,12,1,0.000000,s12_p1
1779294358.0,12,2,0.000000,s12_p2
1779294358.0,12,3,0.000000,s12_p3
1779294358.0,18,1,0.000000,s18_p1
1779294358.0,18,4,0.000000,s18_p4
1779294358.0,18,2,0.000000,s18_p2
1779294358.0,18,3,0.000000,s18_p3
1779294358.0,17,4,0.000000,s17_p4
1779294358.0,17,1,0.713018,s17_p1
1779294358.0,17,2,0.193361,s17_p2
1779294358.0,17,3,0.205446,s17_p3
1779294358.0,2,1,0.712921,s2_p1
1779294358.0,2,4,0.000000,s2_p4
1779294358.0,2,2,0.483336,s2_p2
1779294358.0,2,3,0.000000,s2_p3
1779294358.0,9,1,0.000000,s9_p1
1779294358.0,9,4,0.000000,s9_p4
1779294358.0,9,2,0.712962,s9_p2
1779294358.0,9,3,0.000000,s9_p3
1779294358.0,11,4,0.000000,s11_p4
1779294358.0,11,1,0.000000,s11_p1
1779294358.0,11,2,0.193354,s11_p2
1779294358.0,11,3,0.918429,s11_p3
1779294358.0,16,1,0.000000,s16_p1
1779294358.0,16,4,1.000000,s16_p4
1779294358.0,16,2,0.000000,s16_p2
1779294358.0,16,3,0.000000,s16_p3
1779294358.0,19,1,0.000000,s19_p1
1779294358.0,19,4,0.000000,s19_p4
1779294358.0,19,2,0.000000,s19_p2
1779294358.0,19,3,0.000000,s19_p3
1779294359.0,6,1,0.000000,s6_p1
1779294359.0,6,4,0.000000,s6_p4
1779294359.0,6,2,0.313374,s6_p2
1779294359.0,6,3,0.204898,s6_p3
1779294359.0,19,1,0.000000,s19_p1
1779294359.0,19,4,0.000000,s19_p4
1779294359.0,19,2,0.000000,s19_p2
1779294359.0,19,3,0.000000,s19_p3
1779294359.0,3,4,0.627493,s3_p4
1779294359.0,3,1,0.000000,s3_p1
1779294359.0,3,2,0.000000,s3_p2
1779294359.0,3,3,0.711963,s3_p3
1779294359.0,14,4,0.000000,s14_p4
1779294359.0,14,1,0.687180,s14_p1
1779294359.0,14,2,0.313451,s14_p2
1779294359.0,14,3,0.000000,s14_p3
1779294359.0,18,1,0.000000,s18_p1
1779294359.0,18,4,0.000000,s18_p4
1779294359.0,18,2,0.000000,s18_p2
1779294359.0,18,3,0.000000,s18_p3
1779294359.0,20,1,1.000000,s20_p1
1779294359.0,20,4,0.000000,s20_p4
1779294359.0,20,2,0.000000,s20_p2
1779294359.0,20,3,1.000000,s20_p3
1779294359.0,4,1,0.205073,s4_p1
1779294359.0,4,4,0.000000,s4_p4
1779294359.0,4,2,0.000000,s4_p2
1779294359.0,4,3,0.205073,s4_p3
1779294359.0,17,4,0.000000,s17_p4
1779294359.0,17,1,0.712173,s17_p1
1779294359.0,17,2,0.205202,s17_p2
1779294359.0,17,3,0.205202,s17_p3
1779294359.0,5,4,0.000000,s5_p4
1779294359.0,5,1,0.687526,s5_p1
1779294359.0,5,2,0.205052,s5_p2
1779294359.0,5,3,0.000000,s5_p3
1779294359.0,15,4,0.000000,s15_p4
1779294359.0,15,1,0.000000,s15_p1
1779294359.0,15,2,0.301235,s15_p2
1779294359.0,15,3,0.000000,s15_p3
1779294359.0,8,4,0.602691,s8_p4
1779294359.0,8,1,0.000000,s8_p1
1779294359.0,8,2,0.301345,s8_p2
1779294359.0,8,3,0.000000,s8_p3
1779294359.0,12,4,0.627390,s12_p4
1779294359.0,12,1,0.000000,s12_p1
1779294359.0,12,2,0.000000,s12_p2
1779294359.0,12,3,0.000000,s12_p3
1779294359.0,10,1,0.505996,s10_p1
1779294359.0,10,4,0.734899,s10_p4
1779294359.0,10,2,0.493949,s10_p2
1779294359.0,10,3,0.000000,s10_p3
1779294359.0,1,4,0.746438,s1_p4
1779294359.0,1,1,0.505651,s1_p1
1779294359.0,1,2,0.000000,s1_p2
1779294359.0,1,3,0.000000,s1_p3
1779294359.0,13,4,0.000000,s13_p4
1779294359.0,13,1,0.204957,s13_p1
1779294359.0,13,2,0.000000,s13_p2
1779294359.0,13,3,0.204957,s13_p3
1779294359.0,7,1,0.000000,s7_p1
1779294359.0,7,4,0.699198,s7_p4
1779294359.0,7,2,0.000000,s7_p2
1779294359.0,7,3,0.301378,s7_p3
1779294359.0,11,4,0.000000,s11_p4
1779294359.0,11,1,0.000000,s11_p1
1779294359.0,11,2,0.205187,s11_p2
1779294359.0,11,3,0.929377,s11_p3
1779294359.0,2,1,0.711805,s2_p1
1779294359.0,2,4,0.000000,s2_p4
1779294359.0,2,2,0.494644,s2_p2
1779294359.0,2,3,0.000000,s2_p3
1779294359.0,9,1,0.000000,s9_p1
1779294359.0,9,4,0.000000,s9_p4
1779294359.0,9,2,0.724070,s9_p2
1779294359.0,9,3,0.000000,s9_p3
1779294359.0,16,1,0.000000,s16_p1
1779294359.0,16,4,0.989641,s16_p4
1779294359.0,16,2,0.000000,s16_p2
1779294359.0,16,3,0.000000,s16_p3
1779294359.0,1,4,0.737026,s1_p4
1779294359.0,1,1,0.507461,s1_p1
1779294359.0,1,2,0.000000,s1_p2
1779294359.0,1,3,0.000000,s1_p3
1779294359.0,3,4,0.627221,s3_p4
1779294359.0,3,1,0.000000,s3_p1
1779294359.0,3,2,0.000000,s3_p2
1779294359.0,3,3,0.723716,s3_p3
1779294359.0,14,4,0.000000,s14_p4
1779294359.0,14,1,0.698766,s14_p1
1779294359.0,14,2,0.301192,s14_p2
1779294359.0,14,3,0.000000,s14_p3
1779294359.0,4,1,0.192991,s4_p1
1779294359.0,4,4,0.000000,s4_p4
1779294359.0,4,2,0.000000,s4_p2
1779294359.0,4,3,0.205053,s4_p3
1779294359.0,15,4,0.000000,s15_p4
1779294359.0,15,1,0.000000,s15_p1
1779294359.0,15,2,0.313610,s15_p2
1779294359.0,15,3,0.000000,s15_p3
1779294359.0,12,4,0.627202,s12_p4
1779294359.0,12,1,0.000000,s12_p1
1779294359.0,12,2,0.000000,s12_p2
1779294359.0,12,3,0.000000,s12_p3
1779294359.0,20,1,1.000000,s20_p1
1779294359.0,20,4,0.000000,s20_p4
1779294359.0,20,2,0.000000,s20_p2
1779294359.0,20,3,1.000000,s20_p3
1779294359.0,8,4,0.590921,s8_p4
1779294359.0,8,1,0.000000,s8_p1
1779294359.0,8,2,0.313550,s8_p2
1779294359.0,8,3,0.000000,s8_p3
1779294359.0,5,4,0.000000,s5_p4
1779294359.0,5,1,0.699393,s5_p1
1779294359.0,5,2,0.204994,s5_p2
1779294359.0,5,3,0.000000,s5_p3
1779294359.0,7,1,0.000000,s7_p1
1779294359.0,7,4,0.699469,s7_p4
1779294359.0,7,2,0.000000,s7_p2
1779294359.0,7,3,0.313555,s7_p3
1779294359.0,13,4,0.000000,s13_p4
1779294359.0,13,1,0.205000,s13_p1
1779294359.0,13,2,0.000000,s13_p2
1779294359.0,13,3,0.192941,s13_p3
1779294359.0,10,1,0.506433,s10_p1
1779294359.0,10,4,0.735533,s10_p4
1779294359.0,10,2,0.494375,s10_p2
1779294359.0,10,3,0.000000,s10_p3
1779294359.0,16,1,0.000000,s16_p1
1779294359.0,16,4,1.000000,s16_p4
1779294359.0,16,2,0.000000,s16_p2
1779294359.0,16,3,0.000000,s16_p3
1779294359.0,9,1,0.000000,s9_p1
1779294359.0,9,4,0.000000,s9_p4
1779294359.0,9,2,0.711073,s9_p2
1779294359.0,9,3,0.000000,s9_p3
1779294359.0,18,1,0.000000,s18_p1
1779294359.0,18,4,0.000000,s18_p4
1779294359.0,18,2,0.000000,s18_p2
1779294359.0,18,3,0.000000,s18_p3
1779294359.0,17,4,0.000000,s17_p4
1779294359.0,17,1,0.722592,s17_p1
1779294359.0,17,2,0.192691,s17_p2
1779294359.0,17,3,0.204734,s17_p3
1779294359.0,19,1,0.000000,s19_p1
1779294359.0,19,4,0.000000,s19_p4
1779294359.0,19,2,0.000000,s19_p2
1779294359.0,19,3,0.000000,s19_p3
1779294359.0,11,4,0.000000,s11_p4
1779294359.0,11,1,0.000000,s11_p1
1779294359.0,11,2,0.192785,s11_p2
1779294359.0,11,3,0.915729,s11_p3
1779294359.0,2,1,0.722944,s2_p1
1779294359.0,2,4,0.000000,s2_p4
1779294359.0,2,2,0.494011,s2_p2
1779294359.0,2,3,0.000000,s2_p3
1779294359.0,6,1,0.000000,s6_p1
1779294359.0,6,4,0.000000,s6_p4
1779294359.0,6,2,0.300541,s6_p2
1779294359.0,6,3,0.192346,s6_p3
1779294360.0,6,1,0.000000,s6_p1
1779294360.0,6,4,0.000000,s6_p4
1779294360.0,6,2,0.303491,s6_p2
1779294360.0,6,3,0.206374,s6_p3
1779294360.0,14,4,0.000000,s14_p4
1779294360.0,14,1,0.702069,s14_p1
1779294360.0,14,2,0.302616,s14_p2
1779294360.0,14,3,0.000000,s14_p3
1779294360.0,8,4,0.605388,s8_p4
1779294360.0,8,1,0.000000,s8_p1
1779294360.0,8,2,0.302694,s8_p2
1779294360.0,8,3,0.000000,s8_p3
1779294360.0,10,1,0.448016,s10_p1
1779294360.0,10,4,0.738620,s10_p4
1779294360.0,10,2,0.544884,s10_p2
1779294360.0,10,3,0.000000,s10_p3
1779294360.0,15,4,0.000000,s15_p4
1779294360.0,15,1,0.000000,s15_p1
1779294360.0,15,2,0.302584,s15_p2
1779294360.0,15,3,0.000000,s15_p3
1779294360.0,1,4,0.737064,s1_p4
1779294360.0,1,1,0.447071,s1_p1
1779294360.0,1,2,0.000000,s1_p2
1779294360.0,1,3,0.000000,s1_p3
1779294360.0,3,4,0.628407,s3_p4
1779294360.0,3,1,0.000000,s3_p1
1779294360.0,3,2,0.000000,s3_p2
1779294360.0,3,3,0.713000,s3_p3
1779294360.0,20,1,0.991616,s20_p1
1779294360.0,20,4,0.000000,s20_p4
1779294360.0,20,2,0.000000,s20_p2
1779294360.0,20,3,1.000000,s20_p3
1779294360.0,4,1,0.205516,s4_p1
1779294360.0,4,4,0.000000,s4_p4
1779294360.0,4,2,0.000000,s4_p2
1779294360.0,4,3,0.205516,s4_p3
1779294360.0,12,4,0.628698,s12_p4
1779294360.0,12,1,0.000000,s12_p1
1779294360.0,12,2,0.000000,s12_p2
1779294360.0,12,3,0.000000,s12_p3
1779294360.0,13,4,0.000000,s13_p4
1779294360.0,13,1,0.205588,s13_p1
1779294360.0,13,2,0.000000,s13_p2
1779294360.0,13,3,0.205588,s13_p3
1779294360.0,7,1,0.000000,s7_p1
1779294360.0,7,4,0.701308,s7_p4
1779294360.0,7,2,0.000000,s7_p2
1779294360.0,7,3,0.302288,s7_p3
1779294360.0,18,1,0.000000,s18_p1
1779294360.0,18,4,0.000000,s18_p4
1779294360.0,18,2,0.000000,s18_p2
1779294360.0,18,3,0.000000,s18_p3
1779294360.0,5,4,0.000000,s5_p4
1779294360.0,5,1,0.701226,s5_p1
1779294360.0,5,2,0.205532,s5_p2
1779294360.0,5,3,0.000000,s5_p3
1779294360.0,17,4,0.000000,s17_p4
1779294360.0,17,1,0.714156,s17_p1
1779294360.0,17,2,0.205774,s17_p2
1779294360.0,17,3,0.205774,s17_p3
1779294360.0,16,1,0.000000,s16_p1
1779294360.0,16,4,1.000000,s16_p4
1779294360.0,16,2,0.000000,s16_p2
1779294360.0,16,3,0.000000,s16_p3
1779294360.0,9,1,0.000000,s9_p1
1779294360.0,9,4,0.000000,s9_p4
1779294360.0,9,2,0.713679,s9_p2
1779294360.0,9,3,0.000000,s9_p3
1779294360.0,2,1,0.713805,s2_p1
1779294360.0,2,4,0.000000,s2_p4
1779294360.0,2,2,0.544428,s2_p2
1779294360.0,2,3,0.000000,s2_p3
1779294360.0,19,1,0.000000,s19_p1
1779294360.0,19,4,0.000000,s19_p4
1779294360.0,19,2,0.000000,s19_p2
1779294360.0,19,3,0.000000,s19_p3
1779294360.0,11,4,0.000000,s11_p4
1779294360.0,11,1,0.000000,s11_p1
1779294360.0,11,2,0.205641,s11_p2
1779294360.0,11,3,0.919334,s11_p3
1779294360.0,6,1,0.000000,s6_p1
1779294360.0,6,4,0.000000,s6_p4
1779294360.0,6,2,0.422378,s6_p2
1779294360.0,6,3,0.112730,s6_p3
1779294360.0,19,1,0.000000,s19_p1
1779294360.0,19,4,0.000000,s19_p4
1779294360.0,19,2,0.000000,s19_p2
1779294360.0,19,3,0.000000,s19_p3
1779294360.0,15,4,0.000000,s15_p4
1779294360.0,15,1,0.028246,s15_p1
1779294360.0,15,2,0.160954,s15_p2
1779294360.0,15,3,0.000000,s15_p3
1779294360.0,8,4,0.253284,s8_p4
1779294360.0,8,1,0.028238,s8_p1
1779294360.0,8,2,0.132672,s8_p2
1779294360.0,8,3,0.000000,s8_p3
1779294360.0,14,4,0.028231,s14_p4
1779294360.0,14,1,0.518500,s14_p1
1779294360.0,14,2,0.422035,s14_p2
1779294360.0,14,3,0.000000,s14_p3
1779294360.0,1,4,0.341866,s1_p4
1779294360.0,1,1,0.385999,s1_p1
1779294360.0,1,2,0.023535,s1_p2
1779294360.0,1,3,0.000000,s1_p3
1779294360.0,10,1,0.409471,s10_p1
1779294360.0,10,4,0.341814,s10_p4
1779294360.0,10,2,0.566850,s10_p2
1779294360.0,10,3,0.000000,s10_p3
1779294360.0,13,4,0.000000,s13_p4
1779294360.0,13,1,0.084523,s13_p1
1779294360.0,13,2,0.000000,s13_p2
1779294360.0,13,3,0.112794,s13_p3
1779294360.0,7,1,0.000000,s7_p1
1779294360.0,7,4,0.301896,s7_p4
1779294360.0,7,2,0.028273,s7_p2
1779294360.0,7,3,0.132834,s7_p3
1779294360.0,4,1,0.084513,s4_p1
1779294360.0,4,4,0.000000,s4_p4
1779294360.0,4,2,0.000000,s4_p2
1779294360.0,4,3,0.084513,s4_p3
1779294360.0,3,4,0.253274,s3_p4
1779294360.0,3,1,0.028237,s3_p1
1779294360.0,3,2,0.000000,s3_p2
1779294360.0,3,3,0.301517,s3_p3
1779294360.0,12,4,0.253356,s12_p4
1779294360.0,12,1,0.028246,s12_p1
1779294360.0,12,2,0.000000,s12_p2
1779294360.0,12,3,0.000000,s12_p3
1779294360.0,18,1,0.000000,s18_p1
1779294360.0,18,4,0.000000,s18_p4
1779294360.0,18,2,0.000000,s18_p2
1779294360.0,18,3,0.000000,s18_p3
1779294360.0,9,1,0.000000,s9_p1
1779294360.0,9,4,0.000000,s9_p4
1779294360.0,9,2,0.301842,s9_p2
1779294360.0,9,3,0.028268,s9_p3
1779294360.0,5,4,0.028249,s5_p4
1779294360.0,5,1,0.518815,s5_p1
1779294360.0,5,2,0.084458,s5_p2
1779294360.0,5,3,0.000000,s5_p3
1779294360.0,2,1,0.301840,s2_p1
1779294360.0,2,4,0.000000,s2_p4
1779294360.0,2,2,0.567460,s2_p2
1779294360.0,2,3,0.028268,s2_p3
1779294360.0,17,4,0.056499,s17_p4
1779294360.0,17,1,0.301647,s17_p1
1779294360.0,17,2,0.084461,s17_p2
1779294360.0,17,3,0.084461,s17_p3
1779294360.0,20,1,0.976314,s20_p1
1779294360.0,20,4,0.000000,s20_p4
1779294360.0,20,2,0.028237,s20_p2
1779294360.0,20,3,0.940723,s20_p3
1779294360.0,16,1,0.000000,s16_p1
1779294360.0,16,4,0.772533,s16_p4
1779294360.0,16,2,0.000000,s16_p2
1779294360.0,16,3,0.000000,s16_p3
1779294360.0,11,4,0.000000,s11_p4
1779294360.0,11,1,0.000000,s11_p1
1779294360.0,11,2,0.084510,s11_p2
1779294360.0,11,3,0.386330,s11_p3
1779294361.0,1,4,0.000000,s1_p4
1779294361.0,1,1,0.000000,s1_p1
1779294361.0,1,2,0.000000,s1_p2
1779294361.0,1,3,0.000000,s1_p3
1779294361.0,14,4,0.000000,s14_p4
1779294361.0,14,1,0.000000,s14_p1
1779294361.0,14,2,0.000000,s14_p2
1779294361.0,14,3,0.000000,s14_p3
1779294361.0,6,1,0.000000,s6_p1
1779294361.0,6,4,0.000000,s6_p4
1779294361.0,6,2,0.000000,s6_p2
1779294361.0,6,3,0.000000,s6_p3
1779294361.0,3,4,0.000000,s3_p4
1779294361.0,3,1,0.000000,s3_p1
1779294361.0,3,2,0.000000,s3_p2
1779294361.0,3,3,0.000000,s3_p3
1779294361.0,4,1,0.000000,s4_p1
1779294361.0,4,4,0.000000,s4_p4
1779294361.0,4,2,0.000000,s4_p2
1779294361.0,4,3,0.000000,s4_p3
1779294361.0,19,1,0.000000,s19_p1
1779294361.0,19,4,0.000000,s19_p4
1779294361.0,19,2,0.000000,s19_p2
1779294361.0,19,3,0.000000,s19_p3
1779294361.0,20,1,0.000000,s20_p1
1779294361.0,20,4,0.000000,s20_p4
1779294361.0,20,2,0.000000,s20_p2
1779294361.0,20,3,0.000000,s20_p3
1779294361.0,8,4,0.000000,s8_p4
1779294361.0,8,1,0.000000,s8_p1
1779294361.0,8,2,0.000000,s8_p2
1779294361.0,8,3,0.000000,s8_p3
1779294361.0,10,1,0.000000,s10_p1
1779294361.0,10,4,0.000000,s10_p4
1779294361.0,10,2,0.000000,s10_p2
1779294361.0,10,3,0.000000,s10_p3
1779294361.0,13,4,0.000000,s13_p4
1779294361.0,13,1,0.000000,s13_p1
1779294361.0,13,2,0.000000,s13_p2
1779294361.0,13,3,0.000000,s13_p3
1779294361.0,7,1,0.000000,s7_p1
1779294361.0,7,4,0.000000,s7_p4
1779294361.0,7,2,0.000000,s7_p2
1779294361.0,7,3,0.000000,s7_p3
1779294361.0,15,4,0.000000,s15_p4
1779294361.0,15,1,0.000000,s15_p1
1779294361.0,15,2,0.000000,s15_p2
1779294361.0,15,3,0.000000,s15_p3
1779294361.0,5,4,0.000000,s5_p4
1779294361.0,5,1,0.000000,s5_p1
1779294361.0,5,2,0.000000,s5_p2
1779294361.0,5,3,0.000000,s5_p3
1779294361.0,9,1,0.000000,s9_p1
1779294361.0,9,4,0.000000,s9_p4
1779294361.0,9,2,0.000000,s9_p2
1779294361.0,9,3,0.000000,s9_p3
1779294361.0,2,1,0.000000,s2_p1
1779294361.0,2,4,0.000000,s2_p4
1779294361.0,2,2,0.000000,s2_p2
1779294361.0,2,3,0.000000,s2_p3
1779294361.0,12,4,0.000000,s12_p4
1779294361.0,12,1,0.000000,s12_p1
1779294361.0,12,2,0.000000,s12_p2
1779294361.0,12,3,0.000000,s12_p3
1779294361.0,16,1,0.000000,s16_p1
1779294361.0,16,4,0.000000,s16_p4
1779294361.0,16,2,0.000000,s16_p2
1779294361.0,16,3,0.000000,s16_p3
1779294361.0,18,1,0.000000,s18_p1
1779294361.0,18,4,0.000000,s18_p4
1779294361.0,18,2,0.000000,s18_p2
1779294361.0,18,3,0.000000,s18_p3
1779294361.0,11,4,0.000000,s11_p4
1779294361.0,11,1,0.000000,s11_p1
1779294361.0,11,2,0.000000,s11_p2
1779294361.0,11,3,0.000000,s11_p3
1779294361.0,17,4,0.000000,s17_p4
1779294361.0,17,1,0.000000,s17_p1
1779294361.0,17,2,0.000000,s17_p2
1779294361.0,17,3,0.000000,s17_p3
1779294361.0,1,4,0.000000,s1_p4
1779294361.0,1,3,0.000000,s1_p3
1779294361.0,6,1,0.000000,s6_p1
1779294361.0,6,4,0.000000,s6_p4
1779294361.0,6,2,0.000000,s6_p2
1779294361.0,6,3,0.000000,s6_p3
1779294361.0,14,4,0.000000,s14_p4
1779294361.0,14,1,0.000000,s14_p1
1779294361.0,14,2,0.000000,s14_p2
1779294361.0,14,3,0.000000,s14_p3
1779294361.0,3,4,0.000000,s3_p4
1779294361.0,3,1,0.000000,s3_p1
1779294361.0,3,2,0.000000,s3_p2
1779294361.0,3,3,0.000000,s3_p3
1779294361.0,4,1,0.000000,s4_p1
1779294361.0,4,4,0.000000,s4_p4
1779294361.0,4,2,0.000000,s4_p2
1779294361.0,4,3,0.000000,s4_p3
1779294361.0,17,4,0.000000,s17_p4
1779294361.0,17,1,0.000000,s17_p1
1779294361.0,17,2,0.000000,s17_p2
1779294361.0,17,3,0.000000,s17_p3
1779294361.0,13,4,0.000000,s13_p4
1779294361.0,13,1,0.000000,s13_p1
1779294361.0,13,2,0.000000,s13_p2
1779294361.0,13,3,0.000000,s13_p3
1779294361.0,10,1,0.000000,s10_p1
1779294361.0,10,4,0.000000,s10_p4
1779294361.0,10,2,0.000000,s10_p2
1779294361.0,10,3,0.000000,s10_p3
1779294361.0,12,4,0.000000,s12_p4
1779294361.0,12,1,0.000000,s12_p1
1779294361.0,12,2,0.000000,s12_p2
1779294361.0,12,3,0.000000,s12_p3
1779294361.0,7,1,0.000000,s7_p1
1779294361.0,7,4,0.000000,s7_p4
1779294361.0,7,2,0.000000,s7_p2
1779294361.0,7,3,0.000000,s7_p3
1779294361.0,11,4,0.000000,s11_p4
1779294361.0,11,1,0.000000,s11_p1
1779294361.0,11,2,0.000000,s11_p2
1779294361.0,11,3,0.000000,s11_p3
1779294361.0,19,1,0.000000,s19_p1
1779294361.0,19,4,0.000000,s19_p4
1779294361.0,19,2,0.000000,s19_p2
1779294361.0,19,3,0.000000,s19_p3
1779294361.0,20,1,0.000000,s20_p1
1779294361.0,20,4,0.000000,s20_p4
1779294361.0,20,2,0.000000,s20_p2
1779294361.0,20,3,0.000000,s20_p3
1779294361.0,18,1,0.000000,s18_p1
1779294361.0,18,4,0.000000,s18_p4
1779294361.0,18,2,0.000000,s18_p2
1779294361.0,18,3,0.000000,s18_p3
1779294361.0,5,4,0.000000,s5_p4
1779294361.0,5,1,0.000000,s5_p1
1779294361.0,5,2,0.000000,s5_p2
1779294361.0,5,3,0.000000,s5_p3
1779294361.0,16,1,0.000000,s16_p1
1779294361.0,16,4,0.000000,s16_p4
1779294361.0,16,2,0.000000,s16_p2
1779294361.0,16,3,0.000000,s16_p3
1779294361.0,9,1,0.000000,s9_p1
1779294361.0,9,4,0.000000,s9_p4
1779294361.0,9,2,0.000000,s9_p2
1779294361.0,9,3,0.000000,s9_p3
1779294361.0,8,4,0.000000,s8_p4
1779294361.0,8,1,0.000000,s8_p1
1779294361.0,8,2,0.000000,s8_p2
1779294361.0,8,3,0.000000,s8_p3
1779294361.0,15,4,0.000000,s15_p4
1779294361.0,15,1,0.000000,s15_p1
1779294361.0,15,2,0.000000,s15_p2
1779294361.0,15,3,0.000000,s15_p3
1779294361.0,2,4,0.000000,s2_p4
1779294361.0,2,3,0.000000,s2_p3
1779294362.0,3,4,0.000000,s3_p4
1779294362.0,3,3,0.000000,s3_p3
1779294362.0,1,4,0.000000,s1_p4
1779294362.0,1,3,0.000000,s1_p3
1779294362.0,14,4,0.000000,s14_p4
1779294362.0,14,1,0.000000,s14_p1
1779294362.0,14,2,0.000000,s14_p2
1779294362.0,14,3,0.000000,s14_p3
1779294362.0,6,1,0.000000,s6_p1
1779294362.0,6,4,0.000000,s6_p4
1779294362.0,6,2,0.000000,s6_p2
1779294362.0,6,3,0.000000,s6_p3
1779294362.0,10,1,0.000000,s10_p1
1779294362.0,10,4,0.000000,s10_p4
1779294362.0,10,2,0.000000,s10_p2
1779294362.0,10,3,0.000000,s10_p3
1779294362.0,19,1,0.000000,s19_p1
1779294362.0,19,4,0.000000,s19_p4
1779294362.0,19,2,0.000000,s19_p2
1779294362.0,19,3,0.000000,s19_p3
1779294362.0,5,4,0.000000,s5_p4
1779294362.0,5,3,0.000000,s5_p3
1779294362.0,15,4,0.000000,s15_p4
1779294362.0,15,1,0.000000,s15_p1
1779294362.0,15,2,0.000000,s15_p2
1779294362.0,15,3,0.000000,s15_p3
1779294362.0,20,1,0.000000,s20_p1
1779294362.0,20,4,0.000000,s20_p4
1779294362.0,20,2,0.000000,s20_p2
1779294362.0,20,3,0.000000,s20_p3
1779294362.0,4,4,0.000000,s4_p4
1779294362.0,4,3,0.000000,s4_p3
1779294362.0,13,4,0.000000,s13_p4
1779294362.0,13,1,0.000000,s13_p1
1779294362.0,13,2,0.000000,s13_p2
1779294362.0,13,3,0.000000,s13_p3
1779294362.0,8,4,0.000000,s8_p4
1779294362.0,8,1,0.000000,s8_p1
1779294362.0,8,2,0.000000,s8_p2
1779294362.0,8,3,0.000000,s8_p3
1779294362.0,7,1,0.000000,s7_p1
1779294362.0,7,4,0.000000,s7_p4
1779294362.0,7,2,0.000000,s7_p2
1779294362.0,7,3,0.000000,s7_p3
1779294362.0,11,4,0.000000,s11_p4
1779294362.0,11,1,0.000000,s11_p1
1779294362.0,11,2,0.000000,s11_p2
1779294362.0,11,3,0.000000,s11_p3
1779294362.0,2,4,0.000000,s2_p4
1779294362.0,2,3,0.000000,s2_p3
1779294362.0,16,1,0.000000,s16_p1
1779294362.0,16,4,0.000000,s16_p4
1779294362.0,16,2,0.000000,s16_p2
1779294362.0,16,3,0.000000,s16_p3
1779294362.0,17,4,0.000000,s17_p4
1779294362.0,17,1,0.000000,s17_p1
1779294362.0,17,2,0.000000,s17_p2
1779294362.0,17,3,0.000000,s17_p3
1779294362.0,9,1,0.000000,s9_p1
1779294362.0,9,4,0.000000,s9_p4
1779294362.0,9,2,0.000000,s9_p2
1779294362.0,9,3,0.000000,s9_p3
1779294362.0,12,4,0.000000,s12_p4
1779294362.0,12,1,0.000000,s12_p1
1779294362.0,12,2,0.000000,s12_p2
1779294362.0,12,3,0.000000,s12_p3
1779294362.0,18,1,0.000000,s18_p1
1779294362.0,18,4,0.000000,s18_p4
1779294362.0,18,2,0.000000,s18_p2
1779294362.0,18,3,0.000000,s18_p3
1779294362.0,6,4,0.000000,s6_p4
1779294362.0,6,3,0.000000,s6_p3
1779294362.0,19,1,0.000000,s19_p1
1779294362.0,19,4,0.000000,s19_p4
1779294362.0,19,2,0.000000,s19_p2
1779294362.0,19,3,0.000000,s19_p3
1779294362.0,14,4,0.000000,s14_p4
1779294362.0,14,1,0.000000,s14_p1
1779294362.0,14,2,0.000000,s14_p2
1779294362.0,14,3,0.000000,s14_p3
1779294362.0,4,4,0.000000,s4_p4
1779294362.0,4,3,0.000000,s4_p3
1779294362.0,5,4,0.000000,s5_p4
1779294362.0,5,3,0.000000,s5_p3
1779294362.0,7,4,0.000000,s7_p4
1779294362.0,7,3,0.000000,s7_p3
1779294362.0,13,4,0.000000,s13_p4
1779294362.0,13,1,0.000000,s13_p1
1779294362.0,13,2,0.000000,s13_p2
1779294362.0,13,3,0.000000,s13_p3
1779294362.0,2,4,0.000000,s2_p4
1779294362.0,2,3,0.000000,s2_p3
1779294362.0,15,4,0.000000,s15_p4
1779294362.0,15,1,0.000000,s15_p1
1779294362.0,15,2,0.000000,s15_p2
1779294362.0,15,3,0.000000,s15_p3
1779294362.0,18,1,0.000000,s18_p1
1779294362.0,18,4,0.000000,s18_p4
1779294362.0,18,2,0.000000,s18_p2
1779294362.0,18,3,0.000000,s18_p3
1779294362.0,1,4,0.000000,s1_p4
1779294362.0,1,3,0.000000,s1_p3
1779294362.0,10,1,0.000000,s10_p1
1779294362.0,10,4,0.000000,s10_p4
1779294362.0,10,2,0.000000,s10_p2
1779294362.0,10,3,0.000000,s10_p3
1779294362.0,12,4,0.000000,s12_p4
1779294362.0,12,1,0.000000,s12_p1
1779294362.0,12,2,0.000000,s12_p2
1779294362.0,12,3,0.000000,s12_p3
1779294362.0,17,4,0.000000,s17_p4
1779294362.0,17,1,0.000000,s17_p1
1779294362.0,17,2,0.000000,s17_p2
1779294362.0,17,3,0.000000,s17_p3
1779294362.0,8,4,0.000000,s8_p4
1779294362.0,8,2,0.000000,s8_p2
1779294362.0,8,3,0.000000,s8_p3
1779294362.0,3,4,0.000000,s3_p4
1779294362.0,3,3,0.000000,s3_p3
1779294362.0,20,1,0.000000,s20_p1
1779294362.0,20,4,0.000000,s20_p4
1779294362.0,20,2,0.000000,s20_p2
1779294362.0,20,3,0.000000,s20_p3
1779294362.0,9,1,0.000000,s9_p1
1779294362.0,9,4,0.000000,s9_p4
1779294362.0,9,2,0.000000,s9_p2
1779294362.0,9,3,0.000000,s9_p3
1779294362.0,11,4,0.000000,s11_p4
1779294362.0,11,1,0.000000,s11_p1
1779294362.0,11,2,0.000000,s11_p2
1779294362.0,11,3,0.000000,s11_p3
1779294362.0,16,1,0.000000,s16_p1
1779294362.0,16,4,0.000000,s16_p4
1779294362.0,16,2,0.000000,s16_p2
1779294362.0,16,3,0.000000,s16_p3
1779294363.0,19,1,0.000000,s19_p1
1779294363.0,19,4,0.000000,s19_p4
1779294363.0,19,2,0.000000,s19_p2
1779294363.0,19,3,0.000000,s19_p3
1779294363.0,4,4,0.000000,s4_p4
1779294363.0,4,3,0.000000,s4_p3
1779294363.0,13,4,0.000000,s13_p4
1779294363.0,13,1,0.000000,s13_p1
1779294363.0,13,2,0.000000,s13_p2
1779294363.0,13,3,0.000000,s13_p3
1779294363.0,7,4,0.000000,s7_p4
1779294363.0,7,3,0.000000,s7_p3
1779294363.0,14,4,0.000000,s14_p4
1779294363.0,14,1,0.000000,s14_p1
1779294363.0,14,2,0.000000,s14_p2
1779294363.0,14,3,0.000000,s14_p3
1779294363.0,6,4,0.000000,s6_p4
1779294363.0,6,3,0.000000,s6_p3
1779294363.0,8,4,0.000000,s8_p4
1779294363.0,8,3,0.000000,s8_p3
1779294363.0,10,4,0.000000,s10_p4
1779294363.0,10,3,0.000000,s10_p3
1779294363.0,15,4,0.000000,s15_p4
1779294363.0,15,1,0.000000,s15_p1
1779294363.0,15,2,0.000000,s15_p2
1779294363.0,15,3,0.000000,s15_p3
1779294363.0,18,1,0.000000,s18_p1
1779294363.0,18,4,0.000000,s18_p4
1779294363.0,18,2,0.000000,s18_p2
1779294363.0,18,3,0.000000,s18_p3
1779294363.0,12,4,0.000000,s12_p4
1779294363.0,12,2,0.000000,s12_p2
1779294363.0,12,3,0.000000,s12_p3
1779294363.0,16,1,0.000000,s16_p1
1779294363.0,16,4,0.000000,s16_p4
1779294363.0,16,2,0.000000,s16_p2
1779294363.0,16,3,0.000000,s16_p3
1779294363.0,9,4,0.000000,s9_p4
1779294363.0,9,3,0.000000,s9_p3
1779294363.0,17,4,0.000000,s17_p4
1779294363.0,17,1,0.000000,s17_p1
1779294363.0,17,2,0.000000,s17_p2
1779294363.0,17,3,0.000000,s17_p3
1779294363.0,5,4,0.000000,s5_p4
1779294363.0,5,3,0.000000,s5_p3
1779294363.0,11,4,0.000000,s11_p4
1779294363.0,11,2,0.000000,s11_p2
1779294363.0,11,3,0.000000,s11_p3
1779294363.0,20,1,0.000000,s20_p1
1779294363.0,20,4,0.000000,s20_p4
1779294363.0,20,2,0.000000,s20_p2
1779294363.0,20,3,0.000000,s20_p3
1779294363.0,14,4,0.000000,s14_p4
1779294363.0,14,3,0.000000,s14_p3
1779294363.0,19,1,0.000000,s19_p1
1779294363.0,19,4,0.000000,s19_p4
1779294363.0,19,2,0.000000,s19_p2
1779294363.0,19,3,0.000000,s19_p3
1779294363.0,10,4,0.000000,s10_p4
1779294363.0,10,3,0.000000,s10_p3
1779294363.0,15,4,0.000000,s15_p4
1779294363.0,15,2,0.000000,s15_p2
1779294363.0,15,3,0.000000,s15_p3
1779294363.0,8,4,0.000000,s8_p4
1779294363.0,8,3,0.000000,s8_p3
1779294363.0,7,4,0.000000,s7_p4
1779294363.0,13,4,0.000000,s13_p4
1779294363.0,13,3,0.000000,s13_p3
1779294363.0,12,4,0.000000,s12_p4
1779294363.0,12,3,0.000000,s12_p3
1779294363.0,20,1,0.000000,s20_p1
1779294363.0,20,4,0.000000,s20_p4
1779294363.0,20,2,0.000000,s20_p2
1779294363.0,20,3,0.000000,s20_p3
1779294363.0,18,1,0.000000,s18_p1
1779294363.0,18,4,0.000000,s18_p4
1779294363.0,18,2,0.000000,s18_p2
1779294363.0,18,3,0.000000,s18_p3
1779294363.0,16,1,0.000000,s16_p1
1779294363.0,16,4,0.000000,s16_p4
1779294363.0,16,2,0.000000,s16_p2
1779294363.0,16,3,0.000000,s16_p3
1779294363.0,9,4,0.000000,s9_p4
1779294363.0,9,3,0.000000,s9_p3
1779294363.0,17,4,0.000000,s17_p4
1779294363.0,17,1,0.000000,s17_p1
1779294363.0,17,2,0.000000,s17_p2
1779294363.0,17,3,0.000000,s17_p3
1779294363.0,11,4,0.000000,s11_p4
1779294363.0,11,3,0.000000,s11_p3
1779294364.0,19,4,0.000000,s19_p4
1779294364.0,19,2,0.000000,s19_p2
1779294364.0,19,3,0.000000,s19_p3
1779294364.0,14,4,0.000000,s14_p4
1779294364.0,14,3,0.000000,s14_p3
1779294364.0,10,4,0.000000,s10_p4
1779294364.0,13,4,0.000000,s13_p4
1779294364.0,13,3,0.000000,s13_p3
1779294364.0,15,4,0.000000,s15_p4
1779294364.0,15,3,0.000000,s15_p3
1779294364.0,20,1,0.000000,s20_p1
1779294364.0,20,4,0.000000,s20_p4
1779294364.0,20,2,0.000000,s20_p2
1779294364.0,20,3,0.000000,s20_p3
1779294364.0,18,4,0.000000,s18_p4
1779294364.0,18,2,0.000000,s18_p2
1779294364.0,18,3,0.000000,s18_p3
1779294364.0,12,4,0.000000,s12_p4
1779294364.0,12,3,0.000000,s12_p3
1779294364.0,16,4,0.000000,s16_p4
1779294364.0,16,3,0.000000,s16_p3
1779294364.0,11,4,0.000000,s11_p4
1779294364.0,11,3,0.000000,s11_p3
1779294364.0,17,4,0.000000,s17_p4
1779294364.0,17,2,0.000000,s17_p2
1779294364.0,17,3,0.000000,s17_p3
1779294364.0,19,4,0.000000,s19_p4
1779294364.0,14,4,0.000000,s14_p4
1779294364.0,15,4,0.000000,s15_p4
1779294364.0,15,3,0.000000,s15_p3
1779294364.0,18,4,0.000000,s18_p4
1779294364.0,20,4,0.000000,s20_p4
1779294364.0,20,3,0.000000,s20_p3
1779294364.0,16,4,0.000000,s16_p4
1779294364.0,16,3,0.000000,s16_p3
1779294364.0,17,4,0.000000,s17_p4
