timestamp,dpid,port_no,utilization,link_label
1779334687.0,1,4,0.000000,s1_p4
1779334687.0,1,1,0.000000,s1_p1
1779334687.0,1,2,0.000000,s1_p2
1779334687.0,1,3,0.000000,s1_p3
1779334687.0,2,1,0.000000,s2_p1
1779334687.0,2,4,0.000000,s2_p4
1779334687.0,2,2,0.000000,s2_p2
1779334687.0,2,3,0.000000,s2_p3
1779334688.0,1,4,0.000000,s1_p4
1779334688.0,1,1,0.000000,s1_p1
1779334688.0,1,2,0.000000,s1_p2
1779334688.0,1,3,0.000000,s1_p3
1779334688.0,2,1,0.000000,s2_p1
1779334688.0,2,4,0.000000,s2_p4
1779334688.0,2,2,0.000000,s2_p2
1779334688.0,2,3,0.000000,s2_p3
1779334688.0,10,4,0.000000,s10_p4
1779334688.0,10,1,0.000000,s10_p1
1779334688.0,10,2,0.000000,s10_p2
1779334688.0,10,3,0.000000,s10_p3
1779334688.0,9,1,0.000000,s9_p1
1779334688.0,9,4,0.000000,s9_p4
1779334688.0,9,2,0.000000,s9_p2
1779334688.0,9,3,0.000000,s9_p3
1779334688.0,10,4,0.000000,s10_p4
1779334688.0,10,1,0.000000,s10_p1
1779334688.0,10,2,0.000000,s10_p2
1779334688.0,10,3,0.000000,s10_p3
1779334688.0,9,1,0.000000,s9_p1
1779334688.0,9,4,0.000000,s9_p4
1779334688.0,9,2,0.000000,s9_p2
1779334688.0,9,3,0.000000,s9_p3
1779334688.0,2,1,0.000000,s2_p1
1779334688.0,2,4,0.000000,s2_p4
1779334688.0,2,2,0.000000,s2_p2
1779334688.0,2,3,0.000000,s2_p3
1779334688.0,4,4,0.000000,s4_p4
1779334688.0,4,1,0.000000,s4_p1
1779334688.0,4,2,0.000000,s4_p2
1779334688.0,4,3,0.000000,s4_p3
1779334688.0,3,4,0.000000,s3_p4
1779334688.0,3,1,0.000000,s3_p1
1779334688.0,3,2,0.000000,s3_p2
1779334688.0,3,3,0.000000,s3_p3
1779334688.0,1,4,0.000000,s1_p4
1779334688.0,1,1,0.000000,s1_p1
1779334688.0,1,2,0.000000,s1_p2
1779334688.0,1,3,0.000000,s1_p3
1779334689.0,3,4,0.000000,s3_p4
1779334689.0,3,1,0.000000,s3_p1
1779334689.0,3,2,0.000000,s3_p2
1779334689.0,3,3,0.000000,s3_p3
1779334689.0,10,4,0.000000,s10_p4
1779334689.0,10,1,0.000000,s10_p1
1779334689.0,10,2,0.000000,s10_p2
1779334689.0,10,3,0.000000,s10_p3
1779334689.0,1,4,0.000000,s1_p4
1779334689.0,1,1,0.000000,s1_p1
1779334689.0,1,2,0.000000,s1_p2
1779334689.0,1,3,0.000000,s1_p3
1779334689.0,4,4,0.000000,s4_p4
1779334689.0,4,1,0.000000,s4_p1
1779334689.0,4,2,0.000000,s4_p2
1779334689.0,4,3,0.000000,s4_p3
1779334689.0,11,4,0.000000,s11_p4
1779334689.0,11,1,0.000000,s11_p1
1779334689.0,11,2,0.000000,s11_p2
1779334689.0,11,3,0.000000,s11_p3
1779334689.0,2,1,0.000000,s2_p1
1779334689.0,2,4,0.000000,s2_p4
1779334689.0,2,2,0.000000,s2_p2
1779334689.0,2,3,0.000000,s2_p3
1779334689.0,9,1,0.000000,s9_p1
1779334689.0,9,4,0.000000,s9_p4
1779334689.0,9,2,0.000000,s9_p2
1779334689.0,9,3,0.000000,s9_p3
1779334689.0,12,4,0.000000,s12_p4
1779334689.0,12,1,0.000000,s12_p1
1779334689.0,12,2,0.000000,s12_p2
1779334689.0,12,3,0.000000,s12_p3
1779334689.0,5,4,0.000000,s5_p4
1779334689.0,5,1,0.000000,s5_p1
1779334689.0,5,2,0.000000,s5_p2
1779334689.0,5,3,0.000000,s5_p3
1779334689.0,1,4,0.000000,s1_p4
1779334689.0,1,1,0.000000,s1_p1
1779334689.0,1,2,0.000000,s1_p2
1779334689.0,1,3,0.000000,s1_p3
1779334689.0,6,1,0.000000,s6_p1
1779334689.0,6,4,0.000000,s6_p4
1779334689.0,6,2,0.000000,s6_p2
1779334689.0,6,3,0.000000,s6_p3
1779334689.0,12,4,0.000000,s12_p4
1779334689.0,12,1,0.000000,s12_p1
1779334689.0,12,2,0.000000,s12_p2
1779334689.0,12,3,0.000000,s12_p3
1779334689.0,5,4,0.000000,s5_p4
1779334689.0,5,1,0.000000,s5_p1
1779334689.0,5,2,0.000000,s5_p2
1779334689.0,5,3,0.000000,s5_p3
1779334689.0,3,4,0.000000,s3_p4
1779334689.0,3,1,0.000000,s3_p1
1779334689.0,3,2,0.000000,s3_p2
1779334689.0,3,3,0.000000,s3_p3
1779334689.0,13,1,0.000000,s13_p1
1779334689.0,13,4,0.000000,s13_p4
1779334689.0,13,2,0.000000,s13_p2
1779334689.0,13,3,0.000000,s13_p3
1779334689.0,10,4,0.000000,s10_p4
1779334689.0,10,1,0.000000,s10_p1
1779334689.0,10,2,0.000000,s10_p2
1779334689.0,10,3,0.000000,s10_p3
1779334689.0,4,4,0.000000,s4_p4
1779334689.0,4,1,0.000000,s4_p1
1779334689.0,4,2,0.000000,s4_p2
1779334689.0,4,3,0.000000,s4_p3
1779334689.0,2,1,0.000000,s2_p1
1779334689.0,2,4,0.000000,s2_p4
1779334689.0,2,2,0.000000,s2_p2
1779334689.0,2,3,0.000000,s2_p3
1779334689.0,9,1,0.000000,s9_p1
1779334689.0,9,4,0.000000,s9_p4
1779334689.0,9,2,0.000000,s9_p2
1779334689.0,9,3,0.000000,s9_p3
1779334689.0,11,4,0.000000,s11_p4
1779334689.0,11,1,0.000000,s11_p1
1779334689.0,11,2,0.000000,s11_p2
1779334689.0,11,3,0.000000,s11_p3
1779334690.0,6,1,0.000000,s6_p1
1779334690.0,6,4,0.000000,s6_p4
1779334690.0,6,2,0.000000,s6_p2
1779334690.0,6,3,0.000000,s6_p3
1779334690.0,3,4,0.000000,s3_p4
1779334690.0,3,1,0.000000,s3_p1
1779334690.0,3,2,0.000000,s3_p2
1779334690.0,3,3,0.000000,s3_p3
1779334690.0,10,4,0.000000,s10_p4
1779334690.0,10,1,0.000000,s10_p1
1779334690.0,10,2,0.000000,s10_p2
1779334690.0,10,3,0.000000,s10_p3
1779334690.0,1,4,0.000000,s1_p4
1779334690.0,1,1,0.000000,s1_p1
1779334690.0,1,2,0.000000,s1_p2
1779334690.0,1,3,0.000000,s1_p3
1779334690.0,14,4,0.000000,s14_p4
1779334690.0,14,1,0.000000,s14_p1
1779334690.0,14,2,0.000000,s14_p2
1779334690.0,14,3,0.000000,s14_p3
1779334690.0,13,1,0.000000,s13_p1
1779334690.0,13,4,0.000000,s13_p4
1779334690.0,13,2,0.000000,s13_p2
1779334690.0,13,3,0.000000,s13_p3
1779334690.0,7,1,0.000000,s7_p1
1779334690.0,7,4,0.000000,s7_p4
1779334690.0,7,2,0.000000,s7_p2
1779334690.0,7,3,0.000000,s7_p3
1779334690.0,2,1,0.000000,s2_p1
1779334690.0,2,4,0.000000,s2_p4
1779334690.0,2,2,0.000000,s2_p2
1779334690.0,2,3,0.000000,s2_p3
1779334690.0,4,4,0.000000,s4_p4
1779334690.0,4,1,0.000000,s4_p1
1779334690.0,4,2,0.000000,s4_p2
1779334690.0,4,3,0.000000,s4_p3
1779334690.0,5,4,0.000000,s5_p4
1779334690.0,5,1,0.000000,s5_p1
1779334690.0,5,2,0.000000,s5_p2
1779334690.0,5,3,0.000000,s5_p3
1779334690.0,12,4,0.000000,s12_p4
1779334690.0,12,1,0.000000,s12_p1
1779334690.0,12,2,0.000000,s12_p2
1779334690.0,12,3,0.000000,s12_p3
1779334690.0,11,4,0.000000,s11_p4
1779334690.0,11,1,0.000000,s11_p1
1779334690.0,11,2,0.000000,s11_p2
1779334690.0,11,3,0.000000,s11_p3
1779334690.0,9,1,0.000000,s9_p1
1779334690.0,9,4,0.000000,s9_p4
1779334690.0,9,2,0.000000,s9_p2
1779334690.0,9,3,0.000000,s9_p3
1779334690.0,6,1,0.000000,s6_p1
1779334690.0,6,4,0.000000,s6_p4
1779334690.0,6,2,0.000000,s6_p2
1779334690.0,6,3,0.000000,s6_p3
1779334690.0,3,4,0.000000,s3_p4
1779334690.0,3,1,0.000000,s3_p1
1779334690.0,3,2,0.000000,s3_p2
1779334690.0,3,3,0.000000,s3_p3
1779334690.0,10,4,0.000000,s10_p4
1779334690.0,10,1,0.000000,s10_p1
1779334690.0,10,2,0.000000,s10_p2
1779334690.0,10,3,0.000000,s10_p3
1779334690.0,14,4,0.000000,s14_p4
1779334690.0,14,1,0.000000,s14_p1
1779334690.0,14,2,0.000000,s14_p2
1779334690.0,14,3,0.000000,s14_p3
1779334690.0,1,4,0.000000,s1_p4
1779334690.0,1,1,0.000000,s1_p1
1779334690.0,1,2,0.000000,s1_p2
1779334690.0,1,3,0.000000,s1_p3
1779334690.0,8,4,0.000000,s8_p4
1779334690.0,8,1,0.000000,s8_p1
1779334690.0,8,2,0.000000,s8_p2
1779334690.0,8,3,0.000000,s8_p3
1779334690.0,15,4,0.000000,s15_p4
1779334690.0,15,1,0.000000,s15_p1
1779334690.0,15,2,0.000000,s15_p2
1779334690.0,15,3,0.000000,s15_p3
1779334690.0,7,1,0.000000,s7_p1
1779334690.0,7,4,0.000000,s7_p4
1779334690.0,7,2,0.000000,s7_p2
1779334690.0,7,3,0.000000,s7_p3
1779334690.0,13,1,0.000000,s13_p1
1779334690.0,13,4,0.000000,s13_p4
1779334690.0,13,2,0.000000,s13_p2
1779334690.0,13,3,0.000000,s13_p3
1779334690.0,4,4,0.000000,s4_p4
1779334690.0,4,1,0.000000,s4_p1
1779334690.0,4,2,0.000000,s4_p2
1779334690.0,4,3,0.000000,s4_p3
1779334690.0,5,4,0.000000,s5_p4
1779334690.0,5,1,0.000000,s5_p1
1779334690.0,5,2,0.000000,s5_p2
1779334690.0,5,3,0.000000,s5_p3
1779334690.0,12,4,0.000000,s12_p4
1779334690.0,12,1,0.000000,s12_p1
1779334690.0,12,2,0.000000,s12_p2
1779334690.0,12,3,0.000000,s12_p3
1779334690.0,2,1,0.000000,s2_p1
1779334690.0,2,4,0.000000,s2_p4
1779334690.0,2,2,0.000000,s2_p2
1779334690.0,2,3,0.000000,s2_p3
1779334690.0,16,1,0.000000,s16_p1
1779334690.0,16,4,0.000000,s16_p4
1779334690.0,16,2,0.000000,s16_p2
1779334690.0,16,3,0.000000,s16_p3
1779334690.0,11,4,0.000000,s11_p4
1779334690.0,11,1,0.000000,s11_p1
1779334690.0,11,2,0.000000,s11_p2
1779334690.0,11,3,0.000000,s11_p3
1779334690.0,9,1,0.000000,s9_p1
1779334690.0,9,4,0.000000,s9_p4
1779334690.0,9,2,0.000000,s9_p2
1779334690.0,9,3,0.000000,s9_p3
1779334691.0,1,4,0.000000,s1_p4
1779334691.0,1,1,0.000000,s1_p1
1779334691.0,1,2,0.000000,s1_p2
1779334691.0,1,3,0.000000,s1_p3
1779334691.0,6,1,0.000000,s6_p1
1779334691.0,6,4,0.000000,s6_p4
1779334691.0,6,2,0.000000,s6_p2
1779334691.0,6,3,0.000000,s6_p3
1779334691.0,15,4,0.000000,s15_p4
1779334691.0,15,1,0.000000,s15_p1
1779334691.0,15,2,0.000000,s15_p2
1779334691.0,15,3,0.000000,s15_p3
1779334691.0,10,4,0.000000,s10_p4
1779334691.0,10,1,0.000000,s10_p1
1779334691.0,10,2,0.000000,s10_p2
1779334691.0,10,3,0.000000,s10_p3
1779334691.0,8,4,0.000000,s8_p4
1779334691.0,8,1,0.000000,s8_p1
1779334691.0,8,2,0.000000,s8_p2
1779334691.0,8,3,0.000000,s8_p3
1779334691.0,14,4,0.000000,s14_p4
1779334691.0,14,1,0.000000,s14_p1
1779334691.0,14,2,0.000000,s14_p2
1779334691.0,14,3,0.000000,s14_p3
1779334691.0,13,1,0.000000,s13_p1
1779334691.0,13,4,0.000000,s13_p4
1779334691.0,13,2,0.000000,s13_p2
1779334691.0,13,3,0.000000,s13_p3
1779334691.0,3,4,0.000000,s3_p4
1779334691.0,3,1,0.000000,s3_p1
1779334691.0,3,2,0.000000,s3_p2
1779334691.0,3,3,0.000000,s3_p3
1779334691.0,4,4,0.000000,s4_p4
1779334691.0,4,1,0.000000,s4_p1
1779334691.0,4,2,0.000000,s4_p2
1779334691.0,4,3,0.000000,s4_p3
1779334691.0,5,4,0.000000,s5_p4
1779334691.0,5,1,0.000000,s5_p1
1779334691.0,5,2,0.000000,s5_p2
1779334691.0,5,3,0.000000,s5_p3
1779334691.0,7,1,0.000000,s7_p1
1779334691.0,7,4,0.000000,s7_p4
1779334691.0,7,2,0.000000,s7_p2
1779334691.0,7,3,0.000000,s7_p3
1779334691.0,12,4,0.000000,s12_p4
1779334691.0,12,1,0.000000,s12_p1
1779334691.0,12,2,0.000000,s12_p2
1779334691.0,12,3,0.000000,s12_p3
1779334691.0,17,1,0.000000,s17_p1
1779334691.0,17,4,0.000000,s17_p4
1779334691.0,17,2,0.000000,s17_p2
1779334691.0,17,3,0.000000,s17_p3
1779334691.0,18,4,0.000000,s18_p4
1779334691.0,18,1,0.000000,s18_p1
1779334691.0,18,2,0.000000,s18_p2
1779334691.0,18,3,0.000000,s18_p3
1779334691.0,2,1,0.000000,s2_p1
1779334691.0,2,4,0.000000,s2_p4
1779334691.0,2,2,0.000000,s2_p2
1779334691.0,2,3,0.000000,s2_p3
1779334691.0,16,1,0.000000,s16_p1
1779334691.0,16,4,0.000000,s16_p4
1779334691.0,16,2,0.000000,s16_p2
1779334691.0,16,3,0.000000,s16_p3
1779334691.0,9,1,0.000000,s9_p1
1779334691.0,9,4,0.000000,s9_p4
1779334691.0,9,2,0.000000,s9_p2
1779334691.0,9,3,0.000000,s9_p3
1779334691.0,11,4,0.000000,s11_p4
1779334691.0,11,1,0.000000,s11_p1
1779334691.0,11,2,0.000000,s11_p2
1779334691.0,11,3,0.000000,s11_p3
1779334691.0,6,1,0.000000,s6_p1
1779334691.0,6,4,0.000000,s6_p4
1779334691.0,6,2,0.000000,s6_p2
1779334691.0,6,3,0.000000,s6_p3
1779334691.0,1,4,0.000000,s1_p4
1779334691.0,1,1,0.000000,s1_p1
1779334691.0,1,2,0.000000,s1_p2
1779334691.0,1,3,0.000000,s1_p3
1779334691.0,10,4,0.000000,s10_p4
1779334691.0,10,1,0.000000,s10_p1
1779334691.0,10,2,0.000000,s10_p2
1779334691.0,10,3,0.000000,s10_p3
1779334691.0,7,1,0.000000,s7_p1
1779334691.0,7,4,0.000000,s7_p4
1779334691.0,7,2,0.000000,s7_p2
1779334691.0,7,3,0.000000,s7_p3
1779334691.0,15,4,0.000000,s15_p4
1779334691.0,15,1,0.000000,s15_p1
1779334691.0,15,2,0.000000,s15_p2
1779334691.0,15,3,0.000000,s15_p3
1779334691.0,14,4,0.000000,s14_p4
1779334691.0,14,1,0.000000,s14_p1
1779334691.0,14,2,0.000000,s14_p2
1779334691.0,14,3,0.000000,s14_p3
1779334691.0,3,4,0.000000,s3_p4
1779334691.0,3,1,0.000000,s3_p1
1779334691.0,3,2,0.000000,s3_p2
1779334691.0,3,3,0.000000,s3_p3
1779334691.0,13,1,0.000000,s13_p1
1779334691.0,13,4,0.000000,s13_p4
1779334691.0,13,2,0.000000,s13_p2
1779334691.0,13,3,0.000000,s13_p3
1779334691.0,8,4,0.000000,s8_p4
1779334691.0,8,1,0.000000,s8_p1
1779334691.0,8,2,0.000000,s8_p2
1779334691.0,8,3,0.000000,s8_p3
1779334691.0,18,4,0.000000,s18_p4
1779334691.0,18,1,0.000000,s18_p1
1779334691.0,18,2,0.000000,s18_p2
1779334691.0,18,3,0.000000,s18_p3
1779334691.0,5,4,0.000000,s5_p4
1779334691.0,5,1,0.000000,s5_p1
1779334691.0,5,2,0.000000,s5_p2
1779334691.0,5,3,0.000000,s5_p3
1779334691.0,4,4,0.000000,s4_p4
1779334691.0,4,1,0.000000,s4_p1
1779334691.0,4,2,0.000000,s4_p2
1779334691.0,4,3,0.000000,s4_p3
1779334691.0,12,4,0.000000,s12_p4
1779334691.0,12,1,0.000000,s12_p1
1779334691.0,12,2,0.000000,s12_p2
1779334691.0,12,3,0.000000,s12_p3
1779334691.0,20,1,0.000000,s20_p1
1779334691.0,20,4,0.000000,s20_p4
1779334691.0,20,2,0.000000,s20_p2
1779334691.0,20,3,0.000000,s20_p3
1779334691.0,2,1,0.000000,s2_p1
1779334691.0,2,4,0.000000,s2_p4
1779334691.0,2,2,0.000000,s2_p2
1779334691.0,2,3,0.000000,s2_p3
1779334691.0,17,1,0.000000,s17_p1
1779334691.0,17,4,0.000000,s17_p4
1779334691.0,17,2,0.000000,s17_p2
1779334691.0,17,3,0.000000,s17_p3
1779334691.0,11,4,0.000000,s11_p4
1779334691.0,11,1,0.000000,s11_p1
1779334691.0,11,2,0.000000,s11_p2
1779334691.0,11,3,0.000000,s11_p3
1779334691.0,9,1,0.000000,s9_p1
1779334691.0,9,4,0.000000,s9_p4
1779334691.0,9,2,0.000000,s9_p2
1779334691.0,9,3,0.000000,s9_p3
1779334691.0,16,1,0.000000,s16_p1
1779334691.0,16,4,0.000000,s16_p4
1779334691.0,16,2,0.000000,s16_p2
1779334691.0,16,3,0.000000,s16_p3
1779334691.0,19,1,0.000000,s19_p1
1779334691.0,19,4,0.000000,s19_p4
1779334691.0,19,2,0.000000,s19_p2
1779334691.0,19,3,0.000000,s19_p3
1779334692.0,19,1,0.000000,s19_p1
1779334692.0,19,4,0.000000,s19_p4
1779334692.0,19,2,0.000000,s19_p2
1779334692.0,19,3,0.000000,s19_p3
1779334692.0,6,1,0.000000,s6_p1
1779334692.0,6,4,0.000000,s6_p4
1779334692.0,6,2,0.000000,s6_p2
1779334692.0,6,3,0.000000,s6_p3
1779334692.0,1,4,0.000000,s1_p4
1779334692.0,1,1,0.000000,s1_p1
1779334692.0,1,2,0.000000,s1_p2
1779334692.0,1,3,0.000000,s1_p3
1779334692.0,10,4,0.000000,s10_p4
1779334692.0,10,1,0.000000,s10_p1
1779334692.0,10,2,0.000000,s10_p2
1779334692.0,10,3,0.000000,s10_p3
1779334692.0,8,4,0.000000,s8_p4
1779334692.0,8,1,0.000000,s8_p1
1779334692.0,8,2,0.000000,s8_p2
1779334692.0,8,3,0.000000,s8_p3
1779334692.0,3,4,0.000000,s3_p4
1779334692.0,3,1,0.000000,s3_p1
1779334692.0,3,2,0.000000,s3_p2
1779334692.0,3,3,0.000000,s3_p3
1779334692.0,15,4,0.000000,s15_p4
1779334692.0,15,1,0.000000,s15_p1
1779334692.0,15,2,0.000000,s15_p2
1779334692.0,15,3,0.000000,s15_p3
1779334692.0,18,4,0.000000,s18_p4
1779334692.0,18,1,0.000000,s18_p1
1779334692.0,18,2,0.000000,s18_p2
1779334692.0,18,3,0.000000,s18_p3
1779334692.0,7,1,0.000000,s7_p1
1779334692.0,7,4,0.000000,s7_p4
1779334692.0,7,2,0.000000,s7_p2
1779334692.0,7,3,0.000000,s7_p3
1779334692.0,13,1,0.000000,s13_p1
1779334692.0,13,4,0.000000,s13_p4
1779334692.0,13,2,0.000000,s13_p2
1779334692.0,13,3,0.000000,s13_p3
1779334692.0,20,1,0.000000,s20_p1
1779334692.0,20,4,0.000000,s20_p4
1779334692.0,20,2,0.000000,s20_p2
1779334692.0,20,3,0.000000,s20_p3
1779334692.0,14,4,0.000000,s14_p4
1779334692.0,14,1,0.000000,s14_p1
1779334692.0,14,2,0.000000,s14_p2
1779334692.0,14,3,0.000000,s14_p3
1779334692.0,5,4,0.000000,s5_p4
1779334692.0,5,1,0.000000,s5_p1
1779334692.0,5,2,0.000000,s5_p2
1779334692.0,5,3,0.000000,s5_p3
1779334692.0,2,1,0.000000,s2_p1
1779334692.0,2,4,0.000000,s2_p4
1779334692.0,2,2,0.000000,s2_p2
1779334692.0,2,3,0.000000,s2_p3
1779334692.0,12,4,0.000000,s12_p4
1779334692.0,12,1,0.000000,s12_p1
1779334692.0,12,2,0.000000,s12_p2
1779334692.0,12,3,0.000000,s12_p3
1779334692.0,11,4,0.000000,s11_p4
1779334692.0,11,1,0.000000,s11_p1
1779334692.0,11,2,0.000000,s11_p2
1779334692.0,11,3,0.000000,s11_p3
1779334692.0,4,4,0.000000,s4_p4
1779334692.0,4,1,0.000000,s4_p1
1779334692.0,4,2,0.000000,s4_p2
1779334692.0,4,3,0.000000,s4_p3
1779334692.0,9,1,0.000000,s9_p1
1779334692.0,9,4,0.000000,s9_p4
1779334692.0,9,2,0.000000,s9_p2
1779334692.0,9,3,0.000000,s9_p3
1779334692.0,16,1,0.000000,s16_p1
1779334692.0,16,4,0.000000,s16_p4
1779334692.0,16,2,0.000000,s16_p2
1779334692.0,16,3,0.000000,s16_p3
1779334692.0,17,1,0.000000,s17_p1
1779334692.0,17,4,0.000000,s17_p4
1779334692.0,17,2,0.000000,s17_p2
1779334692.0,17,3,0.000000,s17_p3
1779334692.0,19,1,0.000000,s19_p1
1779334692.0,19,4,0.000000,s19_p4
1779334692.0,19,2,0.000000,s19_p2
1779334692.0,19,3,0.000000,s19_p3
1779334692.0,1,4,0.000000,s1_p4
1779334692.0,1,1,0.000000,s1_p1
1779334692.0,1,2,0.000000,s1_p2
1779334692.0,1,3,0.000000,s1_p3
1779334692.0,6,1,0.000000,s6_p1
1779334692.0,6,4,0.000000,s6_p4
1779334692.0,6,2,0.000000,s6_p2
1779334692.0,6,3,0.000000,s6_p3
1779334692.0,10,4,0.000000,s10_p4
1779334692.0,10,1,0.000000,s10_p1
1779334692.0,10,2,0.000000,s10_p2
1779334692.0,10,3,0.000000,s10_p3
1779334692.0,15,4,0.000000,s15_p4
1779334692.0,15,1,0.000000,s15_p1
1779334692.0,15,2,0.000000,s15_p2
1779334692.0,15,3,0.000000,s15_p3
1779334692.0,14,4,0.000000,s14_p4
1779334692.0,14,1,0.000000,s14_p1
1779334692.0,14,2,0.000000,s14_p2
1779334692.0,14,3,0.000000,s14_p3
1779334692.0,13,1,0.000000,s13_p1
1779334692.0,13,4,0.000000,s13_p4
1779334692.0,13,2,0.000000,s13_p2
1779334692.0,13,3,0.000000,s13_p3
1779334692.0,8,4,0.000000,s8_p4
1779334692.0,8,1,0.000000,s8_p1
1779334692.0,8,2,0.000000,s8_p2
1779334692.0,8,3,0.000000,s8_p3
1779334692.0,3,4,0.000000,s3_p4
1779334692.0,3,1,0.000000,s3_p1
1779334692.0,3,2,0.000000,s3_p2
1779334692.0,3,3,0.000000,s3_p3
1779334692.0,18,4,0.000000,s18_p4
1779334692.0,18,1,0.000000,s18_p1
1779334692.0,18,2,0.000000,s18_p2
1779334692.0,18,3,0.000000,s18_p3
1779334692.0,11,4,0.000000,s11_p4
1779334692.0,11,1,0.000000,s11_p1
1779334692.0,11,2,0.000000,s11_p2
1779334692.0,11,3,0.000000,s11_p3
1779334692.0,20,1,0.000000,s20_p1
1779334692.0,20,4,0.000000,s20_p4
1779334692.0,20,2,0.000000,s20_p2
1779334692.0,20,3,0.000000,s20_p3
1779334692.0,9,1,0.000000,s9_p1
1779334692.0,9,4,0.000000,s9_p4
1779334692.0,9,2,0.000000,s9_p2
1779334692.0,9,3,0.000000,s9_p3
1779334692.0,4,4,0.000000,s4_p4
1779334692.0,4,1,0.000000,s4_p1
1779334692.0,4,2,0.000000,s4_p2
1779334692.0,4,3,0.000000,s4_p3
1779334692.0,7,1,0.000000,s7_p1
1779334692.0,7,4,0.000000,s7_p4
1779334692.0,7,2,0.000000,s7_p2
1779334692.0,7,3,0.000000,s7_p3
1779334692.0,16,1,0.000000,s16_p1
1779334692.0,16,4,0.000000,s16_p4
1779334692.0,16,2,0.000000,s16_p2
1779334692.0,16,3,0.000000,s16_p3
1779334692.0,5,4,0.000000,s5_p4
1779334692.0,5,1,0.000000,s5_p1
1779334692.0,5,2,0.000000,s5_p2
1779334692.0,5,3,0.000000,s5_p3
1779334692.0,12,4,0.000000,s12_p4
1779334692.0,12,1,0.000000,s12_p1
1779334692.0,12,2,0.000000,s12_p2
1779334692.0,12,3,0.000000,s12_p3
1779334692.0,17,1,0.000000,s17_p1
1779334692.0,17,4,0.000000,s17_p4
1779334692.0,17,2,0.000000,s17_p2
1779334692.0,17,3,0.000000,s17_p3
1779334692.0,2,1,0.000000,s2_p1
1779334692.0,2,4,0.000000,s2_p4
1779334692.0,2,2,0.000000,s2_p2
1779334692.0,2,3,0.000000,s2_p3
1779334693.0,6,1,0.000000,s6_p1
1779334693.0,6,4,0.000000,s6_p4
1779334693.0,6,2,0.000000,s6_p2
1779334693.0,6,3,0.000000,s6_p3
1779334693.0,14,4,0.000000,s14_p4
1779334693.0,14,1,0.000000,s14_p1
1779334693.0,14,2,0.000000,s14_p2
1779334693.0,14,3,0.000000,s14_p3
1779334693.0,1,4,0.000000,s1_p4
1779334693.0,1,1,0.000000,s1_p1
1779334693.0,1,2,0.000000,s1_p2
1779334693.0,1,3,0.000000,s1_p3
1779334693.0,3,4,0.000000,s3_p4
1779334693.0,3,1,0.000000,s3_p1
1779334693.0,3,2,0.000000,s3_p2
1779334693.0,3,3,0.000000,s3_p3
1779334693.0,13,1,0.000000,s13_p1
1779334693.0,13,4,0.000000,s13_p4
1779334693.0,13,2,0.000000,s13_p2
1779334693.0,13,3,0.000000,s13_p3
1779334693.0,8,4,0.000000,s8_p4
1779334693.0,8,1,0.000000,s8_p1
1779334693.0,8,2,0.000000,s8_p2
1779334693.0,8,3,0.000000,s8_p3
1779334693.0,10,4,0.000000,s10_p4
1779334693.0,10,1,0.000000,s10_p1
1779334693.0,10,2,0.000000,s10_p2
1779334693.0,10,3,0.000000,s10_p3
1779334693.0,15,4,0.000000,s15_p4
1779334693.0,15,1,0.000000,s15_p1
1779334693.0,15,2,0.000000,s15_p2
1779334693.0,15,3,0.000000,s15_p3
1779334693.0,4,4,0.000000,s4_p4
1779334693.0,4,1,0.000000,s4_p1
1779334693.0,4,2,0.000000,s4_p2
1779334693.0,4,3,0.000000,s4_p3
1779334693.0,12,4,0.000000,s12_p4
1779334693.0,12,1,0.000000,s12_p1
1779334693.0,12,2,0.000000,s12_p2
1779334693.0,12,3,0.000000,s12_p3
1779334693.0,7,1,0.000000,s7_p1
1779334693.0,7,4,0.000000,s7_p4
1779334693.0,7,2,0.000000,s7_p2
1779334693.0,7,3,0.000000,s7_p3
1779334693.0,18,4,0.000000,s18_p4
1779334693.0,18,1,0.000000,s18_p1
1779334693.0,18,2,0.000000,s18_p2
1779334693.0,18,3,0.000000,s18_p3
1779334693.0,5,4,0.000000,s5_p4
1779334693.0,5,1,0.000000,s5_p1
1779334693.0,5,2,0.000000,s5_p2
1779334693.0,5,3,0.000000,s5_p3
1779334693.0,20,1,0.000000,s20_p1
1779334693.0,20,4,0.000000,s20_p4
1779334693.0,20,2,0.000000,s20_p2
1779334693.0,20,3,0.000000,s20_p3
1779334693.0,11,4,0.000000,s11_p4
1779334693.0,11,1,0.000000,s11_p1
1779334693.0,11,2,0.000000,s11_p2
1779334693.0,11,3,0.000000,s11_p3
1779334693.0,17,1,0.000000,s17_p1
1779334693.0,17,4,0.000000,s17_p4
1779334693.0,17,2,0.000000,s17_p2
1779334693.0,17,3,0.000000,s17_p3
1779334693.0,16,1,0.000000,s16_p1
1779334693.0,16,4,0.000000,s16_p4
1779334693.0,16,2,0.000000,s16_p2
1779334693.0,16,3,0.000000,s16_p3
1779334693.0,9,1,0.000000,s9_p1
1779334693.0,9,4,0.000000,s9_p4
1779334693.0,9,2,0.000000,s9_p2
1779334693.0,9,3,0.000000,s9_p3
1779334693.0,2,1,0.000000,s2_p1
1779334693.0,2,4,0.000000,s2_p4
1779334693.0,2,2,0.000000,s2_p2
1779334693.0,2,3,0.000000,s2_p3
1779334693.0,19,1,0.000000,s19_p1
1779334693.0,19,4,0.000000,s19_p4
1779334693.0,19,2,0.000000,s19_p2
1779334693.0,19,3,0.000000,s19_p3
1779334693.0,14,4,0.000000,s14_p4
1779334693.0,14,1,0.000000,s14_p1
1779334693.0,14,2,0.000000,s14_p2
1779334693.0,14,3,0.000000,s14_p3
1779334693.0,1,4,0.000000,s1_p4
1779334693.0,1,1,0.000000,s1_p1
1779334693.0,1,2,0.000000,s1_p2
1779334693.0,1,3,0.000000,s1_p3
1779334693.0,20,1,0.000000,s20_p1
1779334693.0,20,4,0.000000,s20_p4
1779334693.0,20,2,0.000000,s20_p2
1779334693.0,20,3,0.000000,s20_p3
1779334693.0,15,4,0.000000,s15_p4
1779334693.0,15,1,0.000000,s15_p1
1779334693.0,15,2,0.000000,s15_p2
1779334693.0,15,3,0.000000,s15_p3
1779334693.0,3,4,0.000000,s3_p4
1779334693.0,3,1,0.000000,s3_p1
1779334693.0,3,2,0.000000,s3_p2
1779334693.0,3,3,0.000000,s3_p3
1779334693.0,7,1,0.000000,s7_p1
1779334693.0,7,4,0.000000,s7_p4
1779334693.0,7,2,0.000000,s7_p2
1779334693.0,7,3,0.000000,s7_p3
1779334693.0,10,4,0.000000,s10_p4
1779334693.0,10,1,0.000000,s10_p1
1779334693.0,10,2,0.000000,s10_p2
1779334693.0,10,3,0.000000,s10_p3
1779334693.0,13,1,0.000000,s13_p1
1779334693.0,13,4,0.000000,s13_p4
1779334693.0,13,2,0.000000,s13_p2
1779334693.0,13,3,0.000000,s13_p3
1779334693.0,5,4,0.000000,s5_p4
1779334693.0,5,1,0.000000,s5_p1
1779334693.0,5,2,0.000000,s5_p2
1779334693.0,5,3,0.000000,s5_p3
1779334693.0,8,4,0.000000,s8_p4
1779334693.0,8,1,0.000000,s8_p1
1779334693.0,8,2,0.000000,s8_p2
1779334693.0,8,3,0.000000,s8_p3
1779334693.0,17,1,0.000000,s17_p1
1779334693.0,17,4,0.000000,s17_p4
1779334693.0,17,2,0.000000,s17_p2
1779334693.0,17,3,0.000000,s17_p3
1779334693.0,4,4,0.000000,s4_p4
1779334693.0,4,1,0.000000,s4_p1
1779334693.0,4,2,0.000000,s4_p2
1779334693.0,4,3,0.000000,s4_p3
1779334693.0,16,1,0.000000,s16_p1
1779334693.0,16,4,0.000000,s16_p4
1779334693.0,16,2,0.000000,s16_p2
1779334693.0,16,3,0.000000,s16_p3
1779334693.0,11,4,0.000000,s11_p4
1779334693.0,11,1,0.000000,s11_p1
1779334693.0,11,2,0.000000,s11_p2
1779334693.0,11,3,0.000000,s11_p3
1779334693.0,12,4,0.000000,s12_p4
1779334693.0,12,1,0.000000,s12_p1
1779334693.0,12,2,0.000000,s12_p2
1779334693.0,12,3,0.000000,s12_p3
1779334693.0,9,1,0.000000,s9_p1
1779334693.0,9,4,0.000000,s9_p4
1779334693.0,9,2,0.000000,s9_p2
1779334693.0,9,3,0.000000,s9_p3
1779334693.0,18,4,0.000000,s18_p4
1779334693.0,18,1,0.000000,s18_p1
1779334693.0,18,2,0.000000,s18_p2
1779334693.0,18,3,0.000000,s18_p3
1779334693.0,2,1,0.000000,s2_p1
1779334693.0,2,4,0.000000,s2_p4
1779334693.0,2,2,0.000000,s2_p2
1779334693.0,2,3,0.000000,s2_p3
1779334693.0,6,1,0.000000,s6_p1
1779334693.0,6,4,0.000000,s6_p4
1779334693.0,6,2,0.000000,s6_p2
1779334693.0,6,3,0.000000,s6_p3
1779334693.0,19,1,0.000000,s19_p1
1779334693.0,19,4,0.000000,s19_p4
1779334693.0,19,2,0.000000,s19_p2
1779334693.0,19,3,0.000000,s19_p3
1779334694.0,1,4,0.000000,s1_p4
1779334694.0,1,1,0.000000,s1_p1
1779334694.0,1,2,0.000000,s1_p2
1779334694.0,1,3,0.000000,s1_p3
1779334694.0,6,1,0.000000,s6_p1
1779334694.0,6,4,0.000000,s6_p4
1779334694.0,6,2,0.000000,s6_p2
1779334694.0,6,3,0.000000,s6_p3
1779334694.0,8,4,0.000000,s8_p4
1779334694.0,8,1,0.000000,s8_p1
1779334694.0,8,2,0.000000,s8_p2
1779334694.0,8,3,0.000000,s8_p3
1779334694.0,10,4,0.000000,s10_p4
1779334694.0,10,1,0.000000,s10_p1
1779334694.0,10,2,0.000000,s10_p2
1779334694.0,10,3,0.000000,s10_p3
1779334694.0,14,4,0.000000,s14_p4
1779334694.0,14,1,0.000000,s14_p1
1779334694.0,14,2,0.000000,s14_p2
1779334694.0,14,3,0.000000,s14_p3
1779334694.0,15,4,0.000000,s15_p4
1779334694.0,15,1,0.000000,s15_p1
1779334694.0,15,2,0.000000,s15_p2
1779334694.0,15,3,0.000000,s15_p3
1779334694.0,3,4,0.000000,s3_p4
1779334694.0,3,1,0.000000,s3_p1
1779334694.0,3,2,0.000000,s3_p2
1779334694.0,3,3,0.000000,s3_p3
1779334694.0,4,4,0.000000,s4_p4
1779334694.0,4,1,0.000000,s4_p1
1779334694.0,4,2,0.000000,s4_p2
1779334694.0,4,3,0.000000,s4_p3
1779334694.0,5,4,0.000000,s5_p4
1779334694.0,5,1,0.000000,s5_p1
1779334694.0,5,2,0.000000,s5_p2
1779334694.0,5,3,0.000000,s5_p3
1779334694.0,20,1,0.000000,s20_p1
1779334694.0,20,4,0.000000,s20_p4
1779334694.0,20,2,0.000000,s20_p2
1779334694.0,20,3,0.000000,s20_p3
1779334694.0,12,4,0.000000,s12_p4
1779334694.0,12,1,0.000000,s12_p1
1779334694.0,12,2,0.000000,s12_p2
1779334694.0,12,3,0.000000,s12_p3
1779334694.0,7,1,0.000000,s7_p1
1779334694.0,7,4,0.000000,s7_p4
1779334694.0,7,2,0.000000,s7_p2
1779334694.0,7,3,0.000000,s7_p3
1779334694.0,17,1,0.000000,s17_p1
1779334694.0,17,4,0.000000,s17_p4
1779334694.0,17,2,0.000000,s17_p2
1779334694.0,17,3,0.000000,s17_p3
1779334694.0,11,4,0.000000,s11_p4
1779334694.0,11,1,0.000000,s11_p1
1779334694.0,11,2,0.000000,s11_p2
1779334694.0,11,3,0.000000,s11_p3
1779334694.0,9,1,0.000000,s9_p1
1779334694.0,9,4,0.000000,s9_p4
1779334694.0,9,2,0.000000,s9_p2
1779334694.0,9,3,0.000000,s9_p3
1779334694.0,16,1,0.000000,s16_p1
1779334694.0,16,4,0.000000,s16_p4
1779334694.0,16,2,0.000000,s16_p2
1779334694.0,16,3,0.000000,s16_p3
1779334694.0,19,1,0.000000,s19_p1
1779334694.0,19,4,0.000000,s19_p4
1779334694.0,19,2,0.000000,s19_p2
1779334694.0,19,3,0.000000,s19_p3
1779334694.0,18,4,0.000000,s18_p4
1779334694.0,18,1,0.000000,s18_p1
1779334694.0,18,2,0.000000,s18_p2
1779334694.0,18,3,0.000000,s18_p3
1779334694.0,2,1,0.000000,s2_p1
1779334694.0,2,4,0.000000,s2_p4
1779334694.0,2,2,0.000000,s2_p2
1779334694.0,2,3,0.000000,s2_p3
1779334694.0,13,1,0.000000,s13_p1
1779334694.0,13,4,0.000000,s13_p4
1779334694.0,13,2,0.000000,s13_p2
1779334694.0,13,3,0.000000,s13_p3
1779334694.0,6,1,0.000000,s6_p1
1779334694.0,6,4,0.000000,s6_p4
1779334694.0,6,2,0.000000,s6_p2
1779334694.0,6,3,0.000000,s6_p3
1779334694.0,14,4,0.000000,s14_p4
1779334694.0,14,1,0.000000,s14_p1
1779334694.0,14,2,0.000000,s14_p2
1779334694.0,14,3,0.000000,s14_p3
1779334694.0,1,4,0.000000,s1_p4
1779334694.0,1,1,0.000000,s1_p1
1779334694.0,1,2,0.000000,s1_p2
1779334694.0,1,3,0.000000,s1_p3
1779334694.0,15,4,0.000000,s15_p4
1779334694.0,15,1,0.000000,s15_p1
1779334694.0,15,2,0.000000,s15_p2
1779334694.0,15,3,0.000000,s15_p3
1779334694.0,4,4,0.000000,s4_p4
1779334694.0,4,1,0.000000,s4_p1
1779334694.0,4,2,0.000000,s4_p2
1779334694.0,4,3,0.000000,s4_p3
1779334694.0,5,4,0.000000,s5_p4
1779334694.0,5,1,0.000000,s5_p1
1779334694.0,5,2,0.000000,s5_p2
1779334694.0,5,3,0.000000,s5_p3
1779334694.0,3,4,0.000000,s3_p4
1779334694.0,3,1,0.000000,s3_p1
1779334694.0,3,2,0.000000,s3_p2
1779334694.0,3,3,0.000000,s3_p3
1779334694.0,8,4,0.000000,s8_p4
1779334694.0,8,1,0.000000,s8_p1
1779334694.0,8,2,0.000000,s8_p2
1779334694.0,8,3,0.000000,s8_p3
1779334694.0,10,4,0.000000,s10_p4
1779334694.0,10,1,0.000000,s10_p1
1779334694.0,10,2,0.000000,s10_p2
1779334694.0,10,3,0.000000,s10_p3
1779334694.0,20,1,0.000000,s20_p1
1779334694.0,20,4,0.000000,s20_p4
1779334694.0,20,2,0.000000,s20_p2
1779334694.0,20,3,0.000000,s20_p3
1779334694.0,13,1,0.000000,s13_p1
1779334694.0,13,4,0.000000,s13_p4
1779334694.0,13,2,0.000000,s13_p2
1779334694.0,13,3,0.000000,s13_p3
1779334694.0,7,1,0.000000,s7_p1
1779334694.0,7,4,0.000000,s7_p4
1779334694.0,7,2,0.000000,s7_p2
1779334694.0,7,3,0.000000,s7_p3
1779334694.0,17,1,0.000000,s17_p1
1779334694.0,17,4,0.000000,s17_p4
1779334694.0,17,2,0.000000,s17_p2
1779334694.0,17,3,0.000000,s17_p3
1779334694.0,11,4,0.000000,s11_p4
1779334694.0,11,1,0.000000,s11_p1
1779334694.0,11,2,0.000000,s11_p2
1779334694.0,11,3,0.000000,s11_p3
1779334694.0,16,1,0.000000,s16_p1
1779334694.0,16,4,0.000000,s16_p4
1779334694.0,16,2,0.000000,s16_p2
1779334694.0,16,3,0.000000,s16_p3
1779334694.0,18,4,0.000000,s18_p4
1779334694.0,18,1,0.000000,s18_p1
1779334694.0,18,2,0.000000,s18_p2
1779334694.0,18,3,0.000000,s18_p3
1779334694.0,12,4,0.000000,s12_p4
1779334694.0,12,1,0.000000,s12_p1
1779334694.0,12,2,0.000000,s12_p2
1779334694.0,12,3,0.000000,s12_p3
1779334694.0,9,1,0.000000,s9_p1
1779334694.0,9,4,0.000000,s9_p4
1779334694.0,9,2,0.000000,s9_p2
1779334694.0,9,3,0.000000,s9_p3
1779334694.0,2,1,0.000000,s2_p1
1779334694.0,2,4,0.000000,s2_p4
1779334694.0,2,2,0.000000,s2_p2
1779334694.0,2,3,0.000000,s2_p3
1779334694.0,19,1,0.000000,s19_p1
1779334694.0,19,4,0.000000,s19_p4
1779334694.0,19,2,0.000000,s19_p2
1779334694.0,19,3,0.000000,s19_p3
1779334695.0,19,1,0.000000,s19_p1
1779334695.0,19,4,0.000000,s19_p4
1779334695.0,19,2,0.000000,s19_p2
1779334695.0,19,3,0.000000,s19_p3
1779334695.0,1,4,0.000000,s1_p4
1779334695.0,1,1,0.000000,s1_p1
1779334695.0,1,2,0.000000,s1_p2
1779334695.0,1,3,0.000000,s1_p3
1779334695.0,6,1,0.000000,s6_p1
1779334695.0,6,4,0.000000,s6_p4
1779334695.0,6,2,0.000000,s6_p2
1779334695.0,6,3,0.000000,s6_p3
1779334695.0,10,4,0.000000,s10_p4
1779334695.0,10,1,0.000000,s10_p1
1779334695.0,10,2,0.000000,s10_p2
1779334695.0,10,3,0.000000,s10_p3
1779334695.0,15,4,0.000000,s15_p4
1779334695.0,15,1,0.000000,s15_p1
1779334695.0,15,2,0.000000,s15_p2
1779334695.0,15,3,0.000000,s15_p3
1779334695.0,8,4,0.000000,s8_p4
1779334695.0,8,1,0.000000,s8_p1
1779334695.0,8,2,0.000000,s8_p2
1779334695.0,8,3,0.000000,s8_p3
1779334695.0,14,4,0.000000,s14_p4
1779334695.0,14,1,0.000000,s14_p1
1779334695.0,14,2,0.000000,s14_p2
1779334695.0,14,3,0.000000,s14_p3
1779334695.0,7,1,0.000000,s7_p1
1779334695.0,7,4,0.000000,s7_p4
1779334695.0,7,2,0.000000,s7_p2
1779334695.0,7,3,0.000000,s7_p3
1779334695.0,3,4,0.000000,s3_p4
1779334695.0,3,1,0.000000,s3_p1
1779334695.0,3,2,0.000000,s3_p2
1779334695.0,3,3,0.000000,s3_p3
1779334695.0,13,1,0.000000,s13_p1
1779334695.0,13,4,0.000000,s13_p4
1779334695.0,13,2,0.000000,s13_p2
1779334695.0,13,3,0.000000,s13_p3
1779334695.0,18,4,0.000000,s18_p4
1779334695.0,18,1,0.000000,s18_p1
1779334695.0,18,2,0.000000,s18_p2
1779334695.0,18,3,0.000000,s18_p3
1779334695.0,12,4,0.000000,s12_p4
1779334695.0,12,1,0.000000,s12_p1
1779334695.0,12,2,0.000000,s12_p2
1779334695.0,12,3,0.000000,s12_p3
1779334695.0,5,4,0.000000,s5_p4
1779334695.0,5,1,0.000000,s5_p1
1779334695.0,5,2,0.000000,s5_p2
1779334695.0,5,3,0.000000,s5_p3
1779334695.0,17,1,0.000000,s17_p1
1779334695.0,17,4,0.000000,s17_p4
1779334695.0,17,2,0.000000,s17_p2
1779334695.0,17,3,0.000000,s17_p3
1779334695.0,4,4,0.000000,s4_p4
1779334695.0,4,1,0.000000,s4_p1
1779334695.0,4,2,0.000000,s4_p2
1779334695.0,4,3,0.000000,s4_p3
1779334695.0,20,1,0.000000,s20_p1
1779334695.0,20,4,0.000000,s20_p4
1779334695.0,20,2,0.000000,s20_p2
1779334695.0,20,3,0.000000,s20_p3
1779334695.0,2,1,0.000000,s2_p1
1779334695.0,2,4,0.000000,s2_p4
1779334695.0,2,2,0.000000,s2_p2
1779334695.0,2,3,0.000000,s2_p3
1779334695.0,9,1,0.000000,s9_p1
1779334695.0,9,4,0.000000,s9_p4
1779334695.0,9,2,0.000000,s9_p2
1779334695.0,9,3,0.000000,s9_p3
1779334695.0,16,1,0.000000,s16_p1
1779334695.0,16,4,0.000000,s16_p4
1779334695.0,16,2,0.000000,s16_p2
1779334695.0,16,3,0.000000,s16_p3
1779334695.0,11,4,0.000000,s11_p4
1779334695.0,11,1,0.000000,s11_p1
1779334695.0,11,2,0.000000,s11_p2
1779334695.0,11,3,0.000000,s11_p3
1779334695.0,6,1,0.000000,s6_p1
1779334695.0,6,4,0.000000,s6_p4
1779334695.0,6,2,0.000000,s6_p2
1779334695.0,6,3,0.000000,s6_p3
1779334695.0,19,1,0.000000,s19_p1
1779334695.0,19,4,0.000000,s19_p4
1779334695.0,19,2,0.000000,s19_p2
1779334695.0,19,3,0.000000,s19_p3
1779334695.0,14,4,0.000000,s14_p4
1779334695.0,14,1,0.000000,s14_p1
1779334695.0,14,2,0.000000,s14_p2
1779334695.0,14,3,0.000000,s14_p3
1779334695.0,15,4,0.000000,s15_p4
1779334695.0,15,1,0.000000,s15_p1
1779334695.0,15,2,0.000000,s15_p2
1779334695.0,15,3,0.000000,s15_p3
1779334695.0,8,4,0.000000,s8_p4
1779334695.0,8,1,0.000000,s8_p1
1779334695.0,8,2,0.000000,s8_p2
1779334695.0,8,3,0.000000,s8_p3
1779334695.0,1,4,0.000000,s1_p4
1779334695.0,1,1,0.000000,s1_p1
1779334695.0,1,2,0.000000,s1_p2
1779334695.0,1,3,0.000000,s1_p3
1779334695.0,3,4,0.000000,s3_p4
1779334695.0,3,1,0.000000,s3_p1
1779334695.0,3,2,0.000000,s3_p2
1779334695.0,3,3,0.000000,s3_p3
1779334695.0,13,1,0.000000,s13_p1
1779334695.0,13,4,0.000000,s13_p4
1779334695.0,13,2,0.000000,s13_p2
1779334695.0,13,3,0.000000,s13_p3
1779334695.0,10,4,0.000000,s10_p4
1779334695.0,10,1,0.000000,s10_p1
1779334695.0,10,2,0.000000,s10_p2
1779334695.0,10,3,0.000000,s10_p3
1779334695.0,4,4,0.000000,s4_p4
1779334695.0,4,1,0.000000,s4_p1
1779334695.0,4,2,0.000000,s4_p2
1779334695.0,4,3,0.000000,s4_p3
1779334695.0,7,1,0.000000,s7_p1
1779334695.0,7,4,0.000000,s7_p4
1779334695.0,7,2,0.000000,s7_p2
1779334695.0,7,3,0.000000,s7_p3
1779334695.0,20,1,0.000000,s20_p1
1779334695.0,20,4,0.000000,s20_p4
1779334695.0,20,2,0.000000,s20_p2
1779334695.0,20,3,0.000000,s20_p3
1779334695.0,2,1,0.000000,s2_p1
1779334695.0,2,4,0.000000,s2_p4
1779334695.0,2,2,0.000000,s2_p2
1779334695.0,2,3,0.000000,s2_p3
1779334695.0,5,4,0.000000,s5_p4
1779334695.0,5,1,0.000000,s5_p1
1779334695.0,5,2,0.000000,s5_p2
1779334695.0,5,3,0.000000,s5_p3
1779334695.0,12,4,0.000000,s12_p4
1779334695.0,12,1,0.000000,s12_p1
1779334695.0,12,2,0.000000,s12_p2
1779334695.0,12,3,0.000000,s12_p3
1779334695.0,18,4,0.000000,s18_p4
1779334695.0,18,1,0.000000,s18_p1
1779334695.0,18,2,0.000000,s18_p2
1779334695.0,18,3,0.000000,s18_p3
1779334695.0,17,1,0.000000,s17_p1
1779334695.0,17,4,0.000000,s17_p4
1779334695.0,17,2,0.000000,s17_p2
1779334695.0,17,3,0.000000,s17_p3
1779334695.0,11,4,0.000000,s11_p4
1779334695.0,11,1,0.000000,s11_p1
1779334695.0,11,2,0.000000,s11_p2
1779334695.0,11,3,0.000000,s11_p3
1779334695.0,16,1,0.000000,s16_p1
1779334695.0,16,4,0.000000,s16_p4
1779334695.0,16,2,0.000000,s16_p2
1779334695.0,16,3,0.000000,s16_p3
1779334695.0,9,1,0.000000,s9_p1
1779334695.0,9,4,0.000000,s9_p4
1779334695.0,9,2,0.000000,s9_p2
1779334695.0,9,3,0.000000,s9_p3
1779334696.0,6,1,0.000000,s6_p1
1779334696.0,6,4,0.000000,s6_p4
1779334696.0,6,2,0.000000,s6_p2
1779334696.0,6,3,0.000000,s6_p3
1779334696.0,3,4,0.000000,s3_p4
1779334696.0,3,1,0.000000,s3_p1
1779334696.0,3,2,0.000000,s3_p2
1779334696.0,3,3,0.000000,s3_p3
1779334696.0,10,4,0.000000,s10_p4
1779334696.0,10,1,0.000000,s10_p1
1779334696.0,10,2,0.000000,s10_p2
1779334696.0,10,3,0.000000,s10_p3
1779334696.0,8,4,0.000000,s8_p4
1779334696.0,8,1,0.000000,s8_p1
1779334696.0,8,2,0.000000,s8_p2
1779334696.0,8,3,0.000000,s8_p3
1779334696.0,19,1,0.000000,s19_p1
1779334696.0,19,4,0.000000,s19_p4
1779334696.0,19,2,0.000000,s19_p2
1779334696.0,19,3,0.000000,s19_p3
1779334696.0,15,4,0.000000,s15_p4
1779334696.0,15,1,0.000000,s15_p1
1779334696.0,15,2,0.000000,s15_p2
1779334696.0,15,3,0.000000,s15_p3
1779334696.0,14,4,0.000000,s14_p4
1779334696.0,14,1,0.000000,s14_p1
1779334696.0,14,2,0.000000,s14_p2
1779334696.0,14,3,0.000000,s14_p3
1779334696.0,1,4,0.000000,s1_p4
1779334696.0,1,1,0.000000,s1_p1
1779334696.0,1,2,0.000000,s1_p2
1779334696.0,1,3,0.000000,s1_p3
1779334696.0,20,1,0.000000,s20_p1
1779334696.0,20,4,0.000000,s20_p4
1779334696.0,20,2,0.000000,s20_p2
1779334696.0,20,3,0.000000,s20_p3
1779334696.0,13,1,0.000000,s13_p1
1779334696.0,13,4,0.000000,s13_p4
1779334696.0,13,2,0.000000,s13_p2
1779334696.0,13,3,0.000000,s13_p3
1779334696.0,17,1,0.000000,s17_p1
1779334696.0,17,4,0.000000,s17_p4
1779334696.0,17,2,0.000000,s17_p2
1779334696.0,17,3,0.000000,s17_p3
1779334696.0,2,1,0.000000,s2_p1
1779334696.0,2,4,0.000000,s2_p4
1779334696.0,2,2,0.000000,s2_p2
1779334696.0,2,3,0.000000,s2_p3
1779334696.0,18,4,0.000000,s18_p4
1779334696.0,18,1,0.000000,s18_p1
1779334696.0,18,2,0.000000,s18_p2
1779334696.0,18,3,0.000000,s18_p3
1779334696.0,7,1,0.000000,s7_p1
1779334696.0,7,4,0.000000,s7_p4
1779334696.0,7,2,0.000000,s7_p2
1779334696.0,7,3,0.000000,s7_p3
1779334696.0,4,4,0.000000,s4_p4
1779334696.0,4,1,0.000000,s4_p1
1779334696.0,4,2,0.000000,s4_p2
1779334696.0,4,3,0.000000,s4_p3
1779334696.0,12,4,0.000000,s12_p4
1779334696.0,12,1,0.000000,s12_p1
1779334696.0,12,2,0.000000,s12_p2
1779334696.0,12,3,0.000000,s12_p3
1779334696.0,11,4,0.000000,s11_p4
1779334696.0,11,1,0.000000,s11_p1
1779334696.0,11,2,0.000000,s11_p2
1779334696.0,11,3,0.000000,s11_p3
1779334696.0,9,1,0.000000,s9_p1
1779334696.0,9,4,0.000000,s9_p4
1779334696.0,9,2,0.000000,s9_p2
1779334696.0,9,3,0.000000,s9_p3
1779334696.0,16,1,0.000000,s16_p1
1779334696.0,16,4,0.000000,s16_p4
1779334696.0,16,2,0.000000,s16_p2
1779334696.0,16,3,0.000000,s16_p3
1779334696.0,5,4,0.000000,s5_p4
1779334696.0,5,1,0.000000,s5_p1
1779334696.0,5,2,0.000000,s5_p2
1779334696.0,5,3,0.000000,s5_p3
1779334696.0,19,1,0.000000,s19_p1
1779334696.0,19,4,0.000000,s19_p4
1779334696.0,19,2,0.000000,s19_p2
1779334696.0,19,3,0.000000,s19_p3
1779334696.0,14,4,0.000000,s14_p4
1779334696.0,14,1,0.000000,s14_p1
1779334696.0,14,2,0.000000,s14_p2
1779334696.0,14,3,0.000000,s14_p3
1779334696.0,6,1,0.000000,s6_p1
1779334696.0,6,4,0.000000,s6_p4
1779334696.0,6,2,0.000000,s6_p2
1779334696.0,6,3,0.000000,s6_p3
1779334696.0,1,4,0.000000,s1_p4
1779334696.0,1,1,0.000000,s1_p1
1779334696.0,1,2,0.000000,s1_p2
1779334696.0,1,3,0.000000,s1_p3
1779334696.0,3,4,0.000000,s3_p4
1779334696.0,3,1,0.000000,s3_p1
1779334696.0,3,2,0.000000,s3_p2
1779334696.0,3,3,0.000000,s3_p3
1779334696.0,10,4,0.000000,s10_p4
1779334696.0,10,1,0.000000,s10_p1
1779334696.0,10,2,0.000000,s10_p2
1779334696.0,10,3,0.000000,s10_p3
1779334696.0,8,4,0.000000,s8_p4
1779334696.0,8,1,0.000000,s8_p1
1779334696.0,8,2,0.000000,s8_p2
1779334696.0,8,3,0.000000,s8_p3
1779334696.0,15,4,0.000000,s15_p4
1779334696.0,15,1,0.000000,s15_p1
1779334696.0,15,2,0.000000,s15_p2
1779334696.0,15,3,0.000000,s15_p3
1779334696.0,13,1,0.000000,s13_p1
1779334696.0,13,4,0.000000,s13_p4
1779334696.0,13,2,0.000000,s13_p2
1779334696.0,13,3,0.000000,s13_p3
1779334696.0,20,1,0.000000,s20_p1
1779334696.0,20,4,0.000000,s20_p4
1779334696.0,20,2,0.000000,s20_p2
1779334696.0,20,3,0.000000,s20_p3
1779334696.0,17,1,0.000000,s17_p1
1779334696.0,17,4,0.000000,s17_p4
1779334696.0,17,2,0.000000,s17_p2
1779334696.0,17,3,0.000000,s17_p3
1779334696.0,7,1,0.000000,s7_p1
1779334696.0,7,4,0.000000,s7_p4
1779334696.0,7,2,0.000000,s7_p2
1779334696.0,7,3,0.000000,s7_p3
1779334696.0,5,4,0.000000,s5_p4
1779334696.0,5,1,0.000000,s5_p1
1779334696.0,5,2,0.000000,s5_p2
1779334696.0,5,3,0.000000,s5_p3
1779334696.0,12,4,0.000000,s12_p4
1779334696.0,12,1,0.000000,s12_p1
1779334696.0,12,2,0.000000,s12_p2
1779334696.0,12,3,0.000000,s12_p3
1779334696.0,4,4,0.000000,s4_p4
1779334696.0,4,1,0.000000,s4_p1
1779334696.0,4,2,0.000000,s4_p2
1779334696.0,4,3,0.000000,s4_p3
1779334696.0,11,4,0.000000,s11_p4
1779334696.0,11,1,0.000000,s11_p1
1779334696.0,11,2,0.000000,s11_p2
1779334696.0,11,3,0.000000,s11_p3
1779334696.0,16,1,0.000000,s16_p1
1779334696.0,16,4,0.000000,s16_p4
1779334696.0,16,2,0.000000,s16_p2
1779334696.0,16,3,0.000000,s16_p3
1779334696.0,9,1,0.000000,s9_p1
1779334696.0,9,4,0.000000,s9_p4
1779334696.0,9,2,0.000000,s9_p2
1779334696.0,9,3,0.000000,s9_p3
1779334696.0,18,4,0.000000,s18_p4
1779334696.0,18,1,0.000000,s18_p1
1779334696.0,18,2,0.000000,s18_p2
1779334696.0,18,3,0.000000,s18_p3
1779334696.0,2,1,0.000000,s2_p1
1779334696.0,2,4,0.000000,s2_p4
1779334696.0,2,2,0.000000,s2_p2
1779334696.0,2,3,0.000000,s2_p3
1779334697.0,6,1,0.000000,s6_p1
1779334697.0,6,4,0.000000,s6_p4
1779334697.0,6,2,0.000000,s6_p2
1779334697.0,6,3,0.000000,s6_p3
1779334697.0,19,1,0.000000,s19_p1
1779334697.0,19,4,0.000000,s19_p4
1779334697.0,19,2,0.000000,s19_p2
1779334697.0,19,3,0.000000,s19_p3
1779334697.0,14,4,0.000000,s14_p4
1779334697.0,14,1,0.000000,s14_p1
1779334697.0,14,2,0.000000,s14_p2
1779334697.0,14,3,0.000000,s14_p3
1779334697.0,1,4,0.000000,s1_p4
1779334697.0,1,1,0.000000,s1_p1
1779334697.0,1,2,0.000000,s1_p2
1779334697.0,1,3,0.000000,s1_p3
1779334697.0,3,4,0.000000,s3_p4
1779334697.0,3,1,0.000000,s3_p1
1779334697.0,3,2,0.000000,s3_p2
1779334697.0,3,3,0.000000,s3_p3
1779334697.0,8,4,0.000000,s8_p4
1779334697.0,8,1,0.000000,s8_p1
1779334697.0,8,2,0.000000,s8_p2
1779334697.0,8,3,0.000000,s8_p3
1779334697.0,13,1,0.000000,s13_p1
1779334697.0,13,4,0.000000,s13_p4
1779334697.0,13,2,0.000000,s13_p2
1779334697.0,13,3,0.000000,s13_p3
1779334697.0,7,1,0.000000,s7_p1
1779334697.0,7,4,0.000000,s7_p4
1779334697.0,7,2,0.000000,s7_p2
1779334697.0,7,3,0.000000,s7_p3
1779334697.0,4,4,0.000000,s4_p4
1779334697.0,4,1,0.000000,s4_p1
1779334697.0,4,2,0.000000,s4_p2
1779334697.0,4,3,0.000000,s4_p3
1779334697.0,10,4,0.000000,s10_p4
1779334697.0,10,1,0.000000,s10_p1
1779334697.0,10,2,0.000000,s10_p2
1779334697.0,10,3,0.000000,s10_p3
1779334697.0,15,4,0.000000,s15_p4
1779334697.0,15,1,0.000000,s15_p1
1779334697.0,15,2,0.000000,s15_p2
1779334697.0,15,3,0.000000,s15_p3
1779334697.0,17,1,0.000000,s17_p1
1779334697.0,17,4,0.000000,s17_p4
1779334697.0,17,2,0.000000,s17_p2
1779334697.0,17,3,0.000000,s17_p3
1779334697.0,12,4,0.000000,s12_p4
1779334697.0,12,1,0.000000,s12_p1
1779334697.0,12,2,0.000000,s12_p2
1779334697.0,12,3,0.000000,s12_p3
1779334697.0,5,4,0.000000,s5_p4
1779334697.0,5,1,0.000000,s5_p1
1779334697.0,5,2,0.000000,s5_p2
1779334697.0,5,3,0.000000,s5_p3
1779334697.0,2,1,0.000000,s2_p1
1779334697.0,2,4,0.000000,s2_p4
1779334697.0,2,2,0.000000,s2_p2
1779334697.0,2,3,0.000000,s2_p3
1779334697.0,18,4,0.000000,s18_p4
1779334697.0,18,1,0.000000,s18_p1
1779334697.0,18,2,0.000000,s18_p2
1779334697.0,18,3,0.000000,s18_p3
1779334697.0,20,1,0.000000,s20_p1
1779334697.0,20,4,0.000000,s20_p4
1779334697.0,20,2,0.000000,s20_p2
1779334697.0,20,3,0.000000,s20_p3
1779334697.0,11,4,0.000000,s11_p4
1779334697.0,11,1,0.000000,s11_p1
1779334697.0,11,2,0.000000,s11_p2
1779334697.0,11,3,0.000000,s11_p3
1779334697.0,16,1,0.000000,s16_p1
1779334697.0,16,4,0.000000,s16_p4
1779334697.0,16,2,0.000000,s16_p2
1779334697.0,16,3,0.000000,s16_p3
1779334697.0,9,1,0.000000,s9_p1
1779334697.0,9,4,0.000000,s9_p4
1779334697.0,9,2,0.000000,s9_p2
1779334697.0,9,3,0.000000,s9_p3
1779334697.0,6,1,0.000000,s6_p1
1779334697.0,6,4,0.000000,s6_p4
1779334697.0,6,2,0.000000,s6_p2
1779334697.0,6,3,0.000000,s6_p3
1779334697.0,14,4,0.000000,s14_p4
1779334697.0,14,1,0.000000,s14_p1
1779334697.0,14,2,0.000000,s14_p2
1779334697.0,14,3,0.000000,s14_p3
1779334697.0,1,4,0.000000,s1_p4
1779334697.0,1,1,0.000000,s1_p1
1779334697.0,1,2,0.000000,s1_p2
1779334697.0,1,3,0.000000,s1_p3
1779334697.0,7,1,0.000000,s7_p1
1779334697.0,7,4,0.000000,s7_p4
1779334697.0,7,2,0.000000,s7_p2
1779334697.0,7,3,0.000000,s7_p3
1779334697.0,10,4,0.000000,s10_p4
1779334697.0,10,1,0.000000,s10_p1
1779334697.0,10,2,0.000000,s10_p2
1779334697.0,10,3,0.000000,s10_p3
1779334697.0,13,1,0.000000,s13_p1
1779334697.0,13,4,0.000000,s13_p4
1779334697.0,13,2,0.000000,s13_p2
1779334697.0,13,3,0.000000,s13_p3
1779334697.0,19,1,0.000000,s19_p1
1779334697.0,19,4,0.000000,s19_p4
1779334697.0,19,2,0.000000,s19_p2
1779334697.0,19,3,0.000000,s19_p3
1779334697.0,3,4,0.000000,s3_p4
1779334697.0,3,1,0.000000,s3_p1
1779334697.0,3,2,0.000000,s3_p2
1779334697.0,3,3,0.000000,s3_p3
1779334697.0,8,4,0.000000,s8_p4
1779334697.0,8,1,0.000000,s8_p1
1779334697.0,8,2,0.000000,s8_p2
1779334697.0,8,3,0.000000,s8_p3
1779334697.0,15,4,0.000000,s15_p4
1779334697.0,15,1,0.000000,s15_p1
1779334697.0,15,2,0.000000,s15_p2
1779334697.0,15,3,0.000000,s15_p3
1779334697.0,17,1,0.000000,s17_p1
1779334697.0,17,4,0.000000,s17_p4
1779334697.0,17,2,0.000000,s17_p2
1779334697.0,17,3,0.000000,s17_p3
1779334697.0,20,1,0.000000,s20_p1
1779334697.0,20,4,0.000000,s20_p4
1779334697.0,20,2,0.000000,s20_p2
1779334697.0,20,3,0.000000,s20_p3
1779334697.0,18,4,0.000000,s18_p4
1779334697.0,18,1,0.000000,s18_p1
1779334697.0,18,2,0.000000,s18_p2
1779334697.0,18,3,0.000000,s18_p3
1779334697.0,12,4,0.000000,s12_p4
1779334697.0,12,1,0.000000,s12_p1
1779334697.0,12,2,0.000000,s12_p2
1779334697.0,12,3,0.000000,s12_p3
1779334697.0,2,1,0.000000,s2_p1
1779334697.0,2,4,0.000000,s2_p4
1779334697.0,2,2,0.000000,s2_p2
1779334697.0,2,3,0.000000,s2_p3
1779334697.0,4,4,0.000000,s4_p4
1779334697.0,4,1,0.000000,s4_p1
1779334697.0,4,2,0.000000,s4_p2
1779334697.0,4,3,0.000000,s4_p3
1779334697.0,5,4,0.000000,s5_p4
1779334697.0,5,1,0.000000,s5_p1
1779334697.0,5,2,0.000000,s5_p2
1779334697.0,5,3,0.000000,s5_p3
1779334697.0,11,4,0.000000,s11_p4
1779334697.0,11,1,0.000000,s11_p1
1779334697.0,11,2,0.000000,s11_p2
1779334697.0,11,3,0.000000,s11_p3
1779334697.0,16,1,0.000000,s16_p1
1779334697.0,16,4,0.000000,s16_p4
1779334697.0,16,2,0.000000,s16_p2
1779334697.0,16,3,0.000000,s16_p3
1779334697.0,9,1,0.000000,s9_p1
1779334697.0,9,4,0.000000,s9_p4
1779334697.0,9,2,0.000000,s9_p2
1779334697.0,9,3,0.000000,s9_p3
1779334698.0,6,1,0.000000,s6_p1
1779334698.0,6,4,0.000000,s6_p4
1779334698.0,6,2,0.000000,s6_p2
1779334698.0,6,3,0.000000,s6_p3
1779334698.0,19,1,0.000000,s19_p1
1779334698.0,19,4,0.000000,s19_p4
1779334698.0,19,2,0.000000,s19_p2
1779334698.0,19,3,0.000000,s19_p3
1779334698.0,10,4,0.000000,s10_p4
1779334698.0,10,1,0.000000,s10_p1
1779334698.0,10,2,0.000000,s10_p2
1779334698.0,10,3,0.000000,s10_p3
1779334698.0,1,4,0.000000,s1_p4
1779334698.0,1,1,0.000000,s1_p1
1779334698.0,1,2,0.000000,s1_p2
1779334698.0,1,3,0.000000,s1_p3
1779334698.0,13,1,0.000000,s13_p1
1779334698.0,13,4,0.000000,s13_p4
1779334698.0,13,2,0.000000,s13_p2
1779334698.0,13,3,0.000000,s13_p3
1779334698.0,3,4,0.000000,s3_p4
1779334698.0,3,1,0.000000,s3_p1
1779334698.0,3,2,0.000000,s3_p2
1779334698.0,3,3,0.000000,s3_p3
1779334698.0,14,4,0.000000,s14_p4
1779334698.0,14,1,0.000000,s14_p1
1779334698.0,14,2,0.000000,s14_p2
1779334698.0,14,3,0.000000,s14_p3
1779334698.0,15,4,0.000000,s15_p4
1779334698.0,15,1,0.000000,s15_p1
1779334698.0,15,2,0.000000,s15_p2
1779334698.0,15,3,0.000000,s15_p3
1779334698.0,7,1,0.000000,s7_p1
1779334698.0,7,4,0.000000,s7_p4
1779334698.0,7,2,0.000000,s7_p2
1779334698.0,7,3,0.000000,s7_p3
1779334698.0,4,4,0.000000,s4_p4
1779334698.0,4,1,0.000000,s4_p1
1779334698.0,4,2,0.000000,s4_p2
1779334698.0,4,3,0.000000,s4_p3
1779334698.0,20,1,0.000000,s20_p1
1779334698.0,20,4,0.000000,s20_p4
1779334698.0,20,2,0.000000,s20_p2
1779334698.0,20,3,0.000000,s20_p3
1779334698.0,8,4,0.000000,s8_p4
1779334698.0,8,1,0.000000,s8_p1
1779334698.0,8,2,0.000000,s8_p2
1779334698.0,8,3,0.000000,s8_p3
1779334698.0,5,4,0.000000,s5_p4
1779334698.0,5,1,0.000000,s5_p1
1779334698.0,5,2,0.000000,s5_p2
1779334698.0,5,3,0.000000,s5_p3
1779334698.0,2,1,0.000000,s2_p1
1779334698.0,2,4,0.000000,s2_p4
1779334698.0,2,2,0.000000,s2_p2
1779334698.0,2,3,0.000000,s2_p3
1779334698.0,12,4,0.000000,s12_p4
1779334698.0,12,1,0.000000,s12_p1
1779334698.0,12,2,0.000000,s12_p2
1779334698.0,12,3,0.000000,s12_p3
1779334698.0,18,4,0.000000,s18_p4
1779334698.0,18,1,0.000000,s18_p1
1779334698.0,18,2,0.000000,s18_p2
1779334698.0,18,3,0.000000,s18_p3
1779334698.0,11,4,0.000000,s11_p4
1779334698.0,11,1,0.000000,s11_p1
1779334698.0,11,2,0.000000,s11_p2
1779334698.0,11,3,0.000000,s11_p3
1779334698.0,17,1,0.000000,s17_p1
1779334698.0,17,4,0.000000,s17_p4
1779334698.0,17,2,0.000000,s17_p2
1779334698.0,17,3,0.000000,s17_p3
1779334698.0,16,1,0.000000,s16_p1
1779334698.0,16,4,0.000000,s16_p4
1779334698.0,16,2,0.000000,s16_p2
1779334698.0,16,3,0.000000,s16_p3
1779334698.0,9,1,0.000000,s9_p1
1779334698.0,9,4,0.000000,s9_p4
1779334698.0,9,2,0.000000,s9_p2
1779334698.0,9,3,0.000000,s9_p3
1779334698.0,6,1,0.000000,s6_p1
1779334698.0,6,4,0.000000,s6_p4
1779334698.0,6,2,0.000000,s6_p2
1779334698.0,6,3,0.000000,s6_p3
1779334698.0,1,4,0.000000,s1_p4
1779334698.0,1,1,0.000000,s1_p1
1779334698.0,1,2,0.000000,s1_p2
1779334698.0,1,3,0.000000,s1_p3
1779334698.0,14,4,0.000000,s14_p4
1779334698.0,14,1,0.000000,s14_p1
1779334698.0,14,2,0.000000,s14_p2
1779334698.0,14,3,0.000000,s14_p3
1779334698.0,19,1,0.000000,s19_p1
1779334698.0,19,4,0.000000,s19_p4
1779334698.0,19,2,0.000000,s19_p2
1779334698.0,19,3,0.000000,s19_p3
1779334698.0,15,4,0.000000,s15_p4
1779334698.0,15,1,0.000000,s15_p1
1779334698.0,15,2,0.000000,s15_p2
1779334698.0,15,3,0.000000,s15_p3
1779334698.0,3,4,0.000000,s3_p4
1779334698.0,3,1,0.000000,s3_p1
1779334698.0,3,2,0.000000,s3_p2
1779334698.0,3,3,0.000000,s3_p3
1779334698.0,8,4,0.000000,s8_p4
1779334698.0,8,1,0.000000,s8_p1
1779334698.0,8,2,0.000000,s8_p2
1779334698.0,8,3,0.000000,s8_p3
1779334698.0,10,4,0.000000,s10_p4
1779334698.0,10,1,0.000000,s10_p1
1779334698.0,10,2,0.000000,s10_p2
1779334698.0,10,3,0.000000,s10_p3
1779334698.0,12,4,0.000000,s12_p4
1779334698.0,12,1,0.000000,s12_p1
1779334698.0,12,2,0.000000,s12_p2
1779334698.0,12,3,0.000000,s12_p3
1779334698.0,7,1,0.000000,s7_p1
1779334698.0,7,4,0.000000,s7_p4
1779334698.0,7,2,0.000000,s7_p2
1779334698.0,7,3,0.000000,s7_p3
1779334698.0,20,1,0.000000,s20_p1
1779334698.0,20,4,0.000000,s20_p4
1779334698.0,20,2,0.000000,s20_p2
1779334698.0,20,3,0.000000,s20_p3
1779334698.0,4,4,0.000000,s4_p4
1779334698.0,4,1,0.000000,s4_p1
1779334698.0,4,2,0.000000,s4_p2
1779334698.0,4,3,0.000000,s4_p3
1779334698.0,13,1,0.000000,s13_p1
1779334698.0,13,4,0.000000,s13_p4
1779334698.0,13,2,0.000000,s13_p2
1779334698.0,13,3,0.000000,s13_p3
1779334698.0,5,4,0.000000,s5_p4
1779334698.0,5,1,0.000000,s5_p1
1779334698.0,5,2,0.000000,s5_p2
1779334698.0,5,3,0.000000,s5_p3
1779334698.0,18,4,0.000000,s18_p4
1779334698.0,18,1,0.000000,s18_p1
1779334698.0,18,2,0.000000,s18_p2
1779334698.0,18,3,0.000000,s18_p3
1779334698.0,17,1,0.000000,s17_p1
1779334698.0,17,4,0.000000,s17_p4
1779334698.0,17,2,0.000000,s17_p2
1779334698.0,17,3,0.000000,s17_p3
1779334698.0,2,1,0.000000,s2_p1
1779334698.0,2,4,0.000000,s2_p4
1779334698.0,2,2,0.000000,s2_p2
1779334698.0,2,3,0.000000,s2_p3
1779334698.0,9,1,0.000000,s9_p1
1779334698.0,9,4,0.000000,s9_p4
1779334698.0,9,2,0.000000,s9_p2
1779334698.0,9,3,0.000000,s9_p3
1779334698.0,16,1,0.000000,s16_p1
1779334698.0,16,4,0.000000,s16_p4
1779334698.0,16,2,0.000000,s16_p2
1779334698.0,16,3,0.000000,s16_p3
1779334698.0,11,4,0.000000,s11_p4
1779334698.0,11,1,0.000000,s11_p1
1779334698.0,11,2,0.000000,s11_p2
1779334698.0,11,3,0.000000,s11_p3
1779334699.0,1,4,0.000000,s1_p4
1779334699.0,1,1,0.000000,s1_p1
1779334699.0,1,2,0.000000,s1_p2
1779334699.0,1,3,0.000000,s1_p3
1779334699.0,6,1,0.000000,s6_p1
1779334699.0,6,4,0.000000,s6_p4
1779334699.0,6,2,0.000000,s6_p2
1779334699.0,6,3,0.000000,s6_p3
1779334699.0,19,1,0.000000,s19_p1
1779334699.0,19,4,0.000000,s19_p4
1779334699.0,19,2,0.000000,s19_p2
1779334699.0,19,3,0.000000,s19_p3
1779334699.0,3,4,0.000000,s3_p4
1779334699.0,3,1,0.000000,s3_p1
1779334699.0,3,2,0.000000,s3_p2
1779334699.0,3,3,0.000000,s3_p3
1779334699.0,14,4,0.000000,s14_p4
1779334699.0,14,1,0.000000,s14_p1
1779334699.0,14,2,0.000000,s14_p2
1779334699.0,14,3,0.000000,s14_p3
1779334699.0,20,1,0.000000,s20_p1
1779334699.0,20,4,0.000000,s20_p4
1779334699.0,20,2,0.000000,s20_p2
1779334699.0,20,3,0.000000,s20_p3
1779334699.0,4,4,0.000000,s4_p4
1779334699.0,4,1,0.000000,s4_p1
1779334699.0,4,2,0.000000,s4_p2
1779334699.0,4,3,0.000000,s4_p3
1779334699.0,7,1,0.000000,s7_p1
1779334699.0,7,4,0.000000,s7_p4
1779334699.0,7,2,0.000000,s7_p2
1779334699.0,7,3,0.000000,s7_p3
1779334699.0,13,1,0.000000,s13_p1
1779334699.0,13,4,0.000000,s13_p4
1779334699.0,13,2,0.000000,s13_p2
1779334699.0,13,3,0.000000,s13_p3
1779334699.0,8,4,0.000000,s8_p4
1779334699.0,8,1,0.000000,s8_p1
1779334699.0,8,2,0.000000,s8_p2
1779334699.0,8,3,0.000000,s8_p3
1779334699.0,15,4,0.000000,s15_p4
1779334699.0,15,1,0.000000,s15_p1
1779334699.0,15,2,0.000000,s15_p2
1779334699.0,15,3,0.000000,s15_p3
1779334699.0,10,4,0.000000,s10_p4
1779334699.0,10,1,0.000000,s10_p1
1779334699.0,10,2,0.000000,s10_p2
1779334699.0,10,3,0.000000,s10_p3
1779334699.0,12,4,0.000000,s12_p4
1779334699.0,12,1,0.000000,s12_p1
1779334699.0,12,2,0.000000,s12_p2
1779334699.0,12,3,0.000000,s12_p3
1779334699.0,17,1,0.000000,s17_p1
1779334699.0,17,4,0.000000,s17_p4
1779334699.0,17,2,0.000000,s17_p2
1779334699.0,17,3,0.000000,s17_p3
1779334699.0,11,4,0.000000,s11_p4
1779334699.0,11,1,0.000000,s11_p1
1779334699.0,11,2,0.000000,s11_p2
1779334699.0,11,3,0.000000,s11_p3
1779334699.0,16,1,0.000000,s16_p1
1779334699.0,16,4,0.000000,s16_p4
1779334699.0,16,2,0.000000,s16_p2
1779334699.0,16,3,0.000000,s16_p3
1779334699.0,18,4,0.000000,s18_p4
1779334699.0,18,1,0.000000,s18_p1
1779334699.0,18,2,0.000000,s18_p2
1779334699.0,18,3,0.000000,s18_p3
1779334699.0,9,1,0.000000,s9_p1
1779334699.0,9,4,0.000000,s9_p4
1779334699.0,9,2,0.000000,s9_p2
1779334699.0,9,3,0.000000,s9_p3
1779334699.0,5,4,0.000000,s5_p4
1779334699.0,5,1,0.000000,s5_p1
1779334699.0,5,2,0.000000,s5_p2
1779334699.0,5,3,0.000000,s5_p3
1779334699.0,2,1,0.000000,s2_p1
1779334699.0,2,4,0.000000,s2_p4
1779334699.0,2,2,0.000000,s2_p2
1779334699.0,2,3,0.000000,s2_p3
1779334699.0,1,4,0.000000,s1_p4
1779334699.0,1,1,0.000000,s1_p1
1779334699.0,1,2,0.000000,s1_p2
1779334699.0,1,3,0.000000,s1_p3
1779334699.0,6,1,0.000000,s6_p1
1779334699.0,6,4,0.000000,s6_p4
1779334699.0,6,2,0.000000,s6_p2
1779334699.0,6,3,0.000000,s6_p3
1779334699.0,14,4,0.000000,s14_p4
1779334699.0,14,1,0.000000,s14_p1
1779334699.0,14,2,0.000000,s14_p2
1779334699.0,14,3,0.000000,s14_p3
1779334699.0,19,1,0.000000,s19_p1
1779334699.0,19,4,0.000000,s19_p4
1779334699.0,19,2,0.000000,s19_p2
1779334699.0,19,3,0.000000,s19_p3
1779334699.0,15,4,0.000000,s15_p4
1779334699.0,15,1,0.000000,s15_p1
1779334699.0,15,2,0.000000,s15_p2
1779334699.0,15,3,0.000000,s15_p3
1779334699.0,3,4,0.000000,s3_p4
1779334699.0,3,1,0.000000,s3_p1
1779334699.0,3,2,0.000000,s3_p2
1779334699.0,3,3,0.000000,s3_p3
1779334699.0,8,4,0.000000,s8_p4
1779334699.0,8,1,0.000000,s8_p1
1779334699.0,8,2,0.000000,s8_p2
1779334699.0,8,3,0.000000,s8_p3
1779334699.0,10,4,0.000000,s10_p4
1779334699.0,10,1,0.000000,s10_p1
1779334699.0,10,2,0.000000,s10_p2
1779334699.0,10,3,0.000000,s10_p3
1779334699.0,20,1,0.000000,s20_p1
1779334699.0,20,4,0.000000,s20_p4
1779334699.0,20,2,0.000000,s20_p2
1779334699.0,20,3,0.000000,s20_p3
1779334699.0,17,1,0.000000,s17_p1
1779334699.0,17,4,0.000000,s17_p4
1779334699.0,17,2,0.000000,s17_p2
1779334699.0,17,3,0.000000,s17_p3
1779334699.0,7,1,0.000000,s7_p1
1779334699.0,7,4,0.000000,s7_p4
1779334699.0,7,2,0.000000,s7_p2
1779334699.0,7,3,0.000000,s7_p3
1779334699.0,13,1,0.000000,s13_p1
1779334699.0,13,4,0.000000,s13_p4
1779334699.0,13,2,0.000000,s13_p2
1779334699.0,13,3,0.000000,s13_p3
1779334699.0,4,4,0.000000,s4_p4
1779334699.0,4,1,0.000000,s4_p1
1779334699.0,4,2,0.000000,s4_p2
1779334699.0,4,3,0.000000,s4_p3
1779334699.0,16,1,0.000000,s16_p1
1779334699.0,16,4,0.000000,s16_p4
1779334699.0,16,2,0.000000,s16_p2
1779334699.0,16,3,0.000000,s16_p3
1779334699.0,2,1,0.000000,s2_p1
1779334699.0,2,4,0.000000,s2_p4
1779334699.0,2,2,0.000000,s2_p2
1779334699.0,2,3,0.000000,s2_p3
1779334699.0,5,4,0.000000,s5_p4
1779334699.0,5,1,0.000000,s5_p1
1779334699.0,5,2,0.000000,s5_p2
1779334699.0,5,3,0.000000,s5_p3
1779334699.0,18,4,0.000000,s18_p4
1779334699.0,18,1,0.000000,s18_p1
1779334699.0,18,2,0.000000,s18_p2
1779334699.0,18,3,0.000000,s18_p3
1779334699.0,12,4,0.000000,s12_p4
1779334699.0,12,1,0.000000,s12_p1
1779334699.0,12,2,0.000000,s12_p2
1779334699.0,12,3,0.000000,s12_p3
1779334699.0,11,4,0.000000,s11_p4
1779334699.0,11,1,0.000000,s11_p1
1779334699.0,11,2,0.000000,s11_p2
1779334699.0,11,3,0.000000,s11_p3
1779334699.0,9,1,0.000000,s9_p1
1779334699.0,9,4,0.000000,s9_p4
1779334699.0,9,2,0.000000,s9_p2
1779334699.0,9,3,0.000000,s9_p3
1779334700.0,15,4,0.000000,s15_p4
1779334700.0,15,1,0.000000,s15_p1
1779334700.0,15,2,0.000000,s15_p2
1779334700.0,15,3,0.000000,s15_p3
1779334700.0,14,4,0.000000,s14_p4
1779334700.0,14,1,0.000000,s14_p1
1779334700.0,14,2,0.000000,s14_p2
1779334700.0,14,3,0.000000,s14_p3
1779334700.0,6,1,0.000000,s6_p1
1779334700.0,6,4,0.000000,s6_p4
1779334700.0,6,2,0.000000,s6_p2
1779334700.0,6,3,0.000000,s6_p3
1779334700.0,1,4,0.000000,s1_p4
1779334700.0,1,1,0.000000,s1_p1
1779334700.0,1,2,0.000000,s1_p2
1779334700.0,1,3,0.000000,s1_p3
1779334700.0,18,4,0.000000,s18_p4
1779334700.0,18,1,0.000000,s18_p1
1779334700.0,18,2,0.000000,s18_p2
1779334700.0,18,3,0.000000,s18_p3
1779334700.0,5,4,0.000000,s5_p4
1779334700.0,5,1,0.000000,s5_p1
1779334700.0,5,2,0.000000,s5_p2
1779334700.0,5,3,0.000000,s5_p3
1779334700.0,10,4,0.000000,s10_p4
1779334700.0,10,1,0.000000,s10_p1
1779334700.0,10,2,0.000000,s10_p2
1779334700.0,10,3,0.000000,s10_p3
1779334700.0,20,1,0.000000,s20_p1
1779334700.0,20,4,0.000000,s20_p4
1779334700.0,20,2,0.000000,s20_p2
1779334700.0,20,3,0.000000,s20_p3
1779334700.0,11,4,0.000000,s11_p4
1779334700.0,11,1,0.000000,s11_p1
1779334700.0,11,2,0.000000,s11_p2
1779334700.0,11,3,0.000000,s11_p3
1779334700.0,7,1,0.000000,s7_p1
1779334700.0,7,4,0.000000,s7_p4
1779334700.0,7,2,0.000000,s7_p2
1779334700.0,7,3,0.000000,s7_p3
1779334700.0,4,4,0.000000,s4_p4
1779334700.0,4,1,0.000000,s4_p1
1779334700.0,4,2,0.000000,s4_p2
1779334700.0,4,3,0.000000,s4_p3
1779334700.0,19,1,0.000000,s19_p1
1779334700.0,19,4,0.000000,s19_p4
1779334700.0,19,2,0.000000,s19_p2
1779334700.0,19,3,0.000000,s19_p3
1779334700.0,3,4,0.000000,s3_p4
1779334700.0,3,1,0.000000,s3_p1
1779334700.0,3,2,0.000000,s3_p2
1779334700.0,3,3,0.000000,s3_p3
1779334700.0,2,1,0.000000,s2_p1
1779334700.0,2,4,0.000000,s2_p4
1779334700.0,2,2,0.000000,s2_p2
1779334700.0,2,3,0.000000,s2_p3
1779334700.0,13,1,0.000000,s13_p1
1779334700.0,13,4,0.000000,s13_p4
1779334700.0,13,2,0.000000,s13_p2
1779334700.0,13,3,0.000000,s13_p3
1779334700.0,8,4,0.000000,s8_p4
1779334700.0,8,1,0.000000,s8_p1
1779334700.0,8,2,0.000000,s8_p2
1779334700.0,8,3,0.000000,s8_p3
1779334700.0,17,1,0.000000,s17_p1
1779334700.0,17,4,0.000000,s17_p4
1779334700.0,17,2,0.000000,s17_p2
1779334700.0,17,3,0.000000,s17_p3
1779334700.0,12,4,0.000000,s12_p4
1779334700.0,12,1,0.000000,s12_p1
1779334700.0,12,2,0.000000,s12_p2
1779334700.0,12,3,0.000000,s12_p3
1779334700.0,16,1,0.000000,s16_p1
1779334700.0,16,4,0.000000,s16_p4
1779334700.0,16,2,0.000000,s16_p2
1779334700.0,16,3,0.000000,s16_p3
1779334700.0,9,1,0.000000,s9_p1
1779334700.0,9,4,0.000000,s9_p4
1779334700.0,9,2,0.000000,s9_p2
1779334700.0,9,3,0.000000,s9_p3
1779334700.0,6,1,0.000000,s6_p1
1779334700.0,6,4,0.000000,s6_p4
1779334700.0,6,2,0.000000,s6_p2
1779334700.0,6,3,0.000000,s6_p3
1779334700.0,19,1,0.000000,s19_p1
1779334700.0,19,4,0.000000,s19_p4
1779334700.0,19,2,0.000000,s19_p2
1779334700.0,19,3,0.000000,s19_p3
1779334700.0,1,4,0.000000,s1_p4
1779334700.0,1,1,0.000000,s1_p1
1779334700.0,1,2,0.000000,s1_p2
1779334700.0,1,3,0.000000,s1_p3
1779334700.0,13,1,0.000000,s13_p1
1779334700.0,13,4,0.000000,s13_p4
1779334700.0,13,2,0.000000,s13_p2
1779334700.0,13,3,0.000000,s13_p3
1779334700.0,8,4,0.000000,s8_p4
1779334700.0,8,1,0.000000,s8_p1
1779334700.0,8,2,0.000000,s8_p2
1779334700.0,8,3,0.000000,s8_p3
1779334700.0,15,4,0.000000,s15_p4
1779334700.0,15,1,0.000000,s15_p1
1779334700.0,15,2,0.000000,s15_p2
1779334700.0,15,3,0.000000,s15_p3
1779334700.0,10,4,0.000000,s10_p4
1779334700.0,10,1,0.000000,s10_p1
1779334700.0,10,2,0.000000,s10_p2
1779334700.0,10,3,0.000000,s10_p3
1779334700.0,3,4,0.000000,s3_p4
1779334700.0,3,1,0.000000,s3_p1
1779334700.0,3,2,0.000000,s3_p2
1779334700.0,3,3,0.000000,s3_p3
1779334700.0,14,4,0.000000,s14_p4
1779334700.0,14,1,0.000000,s14_p1
1779334700.0,14,2,0.000000,s14_p2
1779334700.0,14,3,0.000000,s14_p3
1779334700.0,5,4,0.000000,s5_p4
1779334700.0,5,1,0.000000,s5_p1
1779334700.0,5,2,0.000000,s5_p2
1779334700.0,5,3,0.000000,s5_p3
1779334700.0,12,4,0.000000,s12_p4
1779334700.0,12,1,0.000000,s12_p1
1779334700.0,12,2,0.000000,s12_p2
1779334700.0,12,3,0.000000,s12_p3
1779334700.0,17,1,0.000000,s17_p1
1779334700.0,17,4,0.000000,s17_p4
1779334700.0,17,2,0.000000,s17_p2
1779334700.0,17,3,0.000000,s17_p3
1779334700.0,4,4,0.000000,s4_p4
1779334700.0,4,1,0.000000,s4_p1
1779334700.0,4,2,0.000000,s4_p2
1779334700.0,4,3,0.000000,s4_p3
1779334700.0,16,1,0.000000,s16_p1
1779334700.0,16,4,0.000000,s16_p4
1779334700.0,16,2,0.000000,s16_p2
1779334700.0,16,3,0.000000,s16_p3
1779334700.0,7,1,0.000000,s7_p1
1779334700.0,7,4,0.000000,s7_p4
1779334700.0,7,2,0.000000,s7_p2
1779334700.0,7,3,0.000000,s7_p3
1779334700.0,2,1,0.000000,s2_p1
1779334700.0,2,4,0.000000,s2_p4
1779334700.0,2,2,0.000000,s2_p2
1779334700.0,2,3,0.000000,s2_p3
1779334700.0,18,4,0.000000,s18_p4
1779334700.0,18,1,0.000000,s18_p1
1779334700.0,18,2,0.000000,s18_p2
1779334700.0,18,3,0.000000,s18_p3
1779334700.0,20,1,0.000000,s20_p1
1779334700.0,20,4,0.000000,s20_p4
1779334700.0,20,2,0.000000,s20_p2
1779334700.0,20,3,0.000000,s20_p3
1779334700.0,11,4,0.000000,s11_p4
1779334700.0,11,1,0.000000,s11_p1
1779334700.0,11,2,0.000000,s11_p2
1779334700.0,11,3,0.000000,s11_p3
1779334700.0,9,1,0.000000,s9_p1
1779334700.0,9,4,0.000000,s9_p4
1779334700.0,9,2,0.000000,s9_p2
1779334700.0,9,3,0.000000,s9_p3
1779334701.0,19,1,0.000000,s19_p1
1779334701.0,19,4,0.000000,s19_p4
1779334701.0,19,2,0.000000,s19_p2
1779334701.0,19,3,0.000000,s19_p3
1779334701.0,6,1,0.000000,s6_p1
1779334701.0,6,4,0.000000,s6_p4
1779334701.0,6,2,0.000000,s6_p2
1779334701.0,6,3,0.000000,s6_p3
1779334701.0,1,4,0.000000,s1_p4
1779334701.0,1,1,0.000000,s1_p1
1779334701.0,1,2,0.000000,s1_p2
1779334701.0,1,3,0.000000,s1_p3
1779334701.0,10,4,0.000000,s10_p4
1779334701.0,10,1,0.000000,s10_p1
1779334701.0,10,2,0.000000,s10_p2
1779334701.0,10,3,0.000000,s10_p3
1779334701.0,3,4,0.000000,s3_p4
1779334701.0,3,1,0.000000,s3_p1
1779334701.0,3,2,0.000000,s3_p2
1779334701.0,3,3,0.000000,s3_p3
1779334701.0,14,4,0.000000,s14_p4
1779334701.0,14,1,0.000000,s14_p1
1779334701.0,14,2,0.000000,s14_p2
1779334701.0,14,3,0.000000,s14_p3
1779334701.0,15,4,0.000000,s15_p4
1779334701.0,15,1,0.000000,s15_p1
1779334701.0,15,2,0.000000,s15_p2
1779334701.0,15,3,0.000000,s15_p3
1779334701.0,13,1,0.000000,s13_p1
1779334701.0,13,4,0.000000,s13_p4
1779334701.0,13,2,0.000000,s13_p2
1779334701.0,13,3,0.000000,s13_p3
1779334701.0,8,4,0.000000,s8_p4
1779334701.0,8,1,0.000000,s8_p1
1779334701.0,8,2,0.000000,s8_p2
1779334701.0,8,3,0.000000,s8_p3
1779334701.0,20,1,0.000000,s20_p1
1779334701.0,20,4,0.000000,s20_p4
1779334701.0,20,2,0.000000,s20_p2
1779334701.0,20,3,0.000000,s20_p3
1779334701.0,7,1,0.000000,s7_p1
1779334701.0,7,4,0.000000,s7_p4
1779334701.0,7,2,0.000000,s7_p2
1779334701.0,7,3,0.000000,s7_p3
1779334701.0,18,4,0.000000,s18_p4
1779334701.0,18,1,0.000000,s18_p1
1779334701.0,18,2,0.000000,s18_p2
1779334701.0,18,3,0.000000,s18_p3
1779334701.0,12,4,0.000000,s12_p4
1779334701.0,12,1,0.000000,s12_p1
1779334701.0,12,2,0.000000,s12_p2
1779334701.0,12,3,0.000000,s12_p3
1779334701.0,5,4,0.000000,s5_p4
1779334701.0,5,1,0.000000,s5_p1
1779334701.0,5,2,0.000000,s5_p2
1779334701.0,5,3,0.000000,s5_p3
1779334701.0,4,4,0.000000,s4_p4
1779334701.0,4,1,0.000000,s4_p1
1779334701.0,4,2,0.000000,s4_p2
1779334701.0,4,3,0.000000,s4_p3
1779334701.0,16,1,0.000000,s16_p1
1779334701.0,16,4,0.000000,s16_p4
1779334701.0,16,2,0.000000,s16_p2
1779334701.0,16,3,0.000000,s16_p3
1779334701.0,11,4,0.000000,s11_p4
1779334701.0,11,1,0.000000,s11_p1
1779334701.0,11,2,0.000000,s11_p2
1779334701.0,11,3,0.000000,s11_p3
1779334701.0,9,1,0.000000,s9_p1
1779334701.0,9,4,0.000000,s9_p4
1779334701.0,9,2,0.000000,s9_p2
1779334701.0,9,3,0.000000,s9_p3
1779334701.0,2,1,0.000000,s2_p1
1779334701.0,2,4,0.000000,s2_p4
1779334701.0,2,2,0.000000,s2_p2
1779334701.0,2,3,0.000000,s2_p3
1779334701.0,17,1,0.000000,s17_p1
1779334701.0,17,4,0.000000,s17_p4
1779334701.0,17,2,0.000000,s17_p2
1779334701.0,17,3,0.000000,s17_p3
1779334701.0,6,1,0.000000,s6_p1
1779334701.0,6,4,0.000000,s6_p4
1779334701.0,6,2,0.021743,s6_p2
1779334701.0,6,3,0.000000,s6_p3
1779334701.0,14,4,0.181236,s14_p4
1779334701.0,14,1,0.000000,s14_p1
1779334701.0,14,2,0.000000,s14_p2
1779334701.0,14,3,0.000000,s14_p3
1779334701.0,10,4,0.301980,s10_p4
1779334701.0,10,1,0.000000,s10_p1
1779334701.0,10,2,0.000000,s10_p2
1779334701.0,10,3,0.000000,s10_p3
1779334701.0,1,4,0.031391,s1_p4
1779334701.0,1,1,0.000000,s1_p1
1779334701.0,1,2,0.000000,s1_p2
1779334701.0,1,3,0.057952,s1_p3
1779334701.0,3,4,0.000000,s3_p4
1779334701.0,3,1,0.009664,s3_p1
1779334701.0,3,2,0.000000,s3_p2
1779334701.0,3,3,0.014495,s3_p3
1779334701.0,15,4,0.000000,s15_p4
1779334701.0,15,1,0.070049,s15_p1
1779334701.0,15,2,0.000000,s15_p2
1779334701.0,15,3,0.000000,s15_p3
1779334701.0,13,1,0.000000,s13_p1
1779334701.0,13,4,0.000000,s13_p4
1779334701.0,13,2,0.000000,s13_p2
1779334701.0,13,3,0.048310,s13_p3
1779334701.0,4,4,0.000000,s4_p4
1779334701.0,4,1,0.014507,s4_p1
1779334701.0,4,2,0.036267,s4_p2
1779334701.0,4,3,0.000000,s4_p3
1779334701.0,8,4,0.000000,s8_p4
1779334701.0,8,1,0.019324,s8_p1
1779334701.0,8,2,0.031401,s8_p2
1779334701.0,8,3,0.000000,s8_p3
1779334701.0,7,1,0.060406,s7_p1
1779334701.0,7,4,0.000000,s7_p4
1779334701.0,7,2,0.009665,s7_p2
1779334701.0,7,3,0.000000,s7_p3
1779334701.0,20,1,0.000000,s20_p1
1779334701.0,20,4,0.253681,s20_p4
1779334701.0,20,2,0.229521,s20_p2
1779334701.0,20,3,0.000000,s20_p3
1779334701.0,11,4,0.000000,s11_p4
1779334701.0,11,1,0.000000,s11_p1
1779334701.0,11,2,0.014505,s11_p2
1779334701.0,11,3,0.000000,s11_p3
1779334701.0,16,1,0.000000,s16_p1
1779334701.0,16,4,0.000000,s16_p4
1779334701.0,16,2,0.050761,s16_p2
1779334701.0,16,3,0.000000,s16_p3
1779334701.0,18,4,0.000000,s18_p4
1779334701.0,18,1,0.000000,s18_p1
1779334701.0,18,2,0.000000,s18_p2
1779334701.0,18,3,0.000000,s18_p3
1779334701.0,12,4,0.000000,s12_p4
1779334701.0,12,1,0.009665,s12_p1
1779334701.0,12,2,0.036242,s12_p2
1779334701.0,12,3,0.000000,s12_p3
1779334701.0,5,4,0.036243,s5_p4
1779334701.0,5,1,0.000000,s5_p1
1779334701.0,5,2,0.000000,s5_p2
1779334701.0,5,3,0.009665,s5_p3
1779334701.0,2,1,0.000000,s2_p1
1779334701.0,2,4,0.029006,s2_p4
1779334701.0,2,2,0.000000,s2_p2
1779334701.0,2,3,0.000000,s2_p3
1779334701.0,17,1,0.000000,s17_p1
1779334701.0,17,4,0.350489,s17_p4
1779334701.0,17,2,0.000000,s17_p2
1779334701.0,17,3,0.000000,s17_p3
1779334701.0,19,1,0.000000,s19_p1
1779334701.0,19,4,0.000000,s19_p4
1779334701.0,19,2,0.000000,s19_p2
1779334701.0,19,3,0.000000,s19_p3
1779334701.0,9,1,0.000000,s9_p1
1779334701.0,9,4,0.000000,s9_p4
1779334701.0,9,2,0.000000,s9_p2
1779334701.0,9,3,0.302060,s9_p3
1779334702.0,6,1,0.000000,s6_p1
1779334702.0,6,4,0.000000,s6_p4
1779334702.0,6,2,0.072476,s6_p2
1779334702.0,6,3,0.000000,s6_p3
1779334702.0,19,1,0.000000,s19_p1
1779334702.0,19,4,0.000000,s19_p4
1779334702.0,19,2,0.000000,s19_p2
1779334702.0,19,3,0.000000,s19_p3
1779334702.0,1,4,0.074897,s1_p4
1779334702.0,1,1,0.000000,s1_p1
1779334702.0,1,2,0.000000,s1_p2
1779334702.0,1,3,0.157041,s1_p3
1779334702.0,14,4,0.495159,s14_p4
1779334702.0,14,1,0.000000,s14_p1
1779334702.0,14,2,0.000000,s14_p2
1779334702.0,14,3,0.000000,s14_p3
1779334702.0,3,4,0.000000,s3_p4
1779334702.0,3,1,0.024145,s3_p1
1779334702.0,3,2,0.000000,s3_p2
1779334702.0,3,3,0.028974,s3_p3
1779334702.0,13,1,0.000000,s13_p1
1779334702.0,13,4,0.000000,s13_p4
1779334702.0,13,2,0.000000,s13_p2
1779334702.0,13,3,0.108713,s13_p3
1779334702.0,10,4,0.844873,s10_p4
1779334702.0,10,1,0.000000,s10_p1
1779334702.0,10,2,0.000000,s10_p2
1779334702.0,10,3,0.000000,s10_p3
1779334702.0,15,4,0.000000,s15_p4
1779334702.0,15,1,0.176330,s15_p1
1779334702.0,15,2,0.000000,s15_p2
1779334702.0,15,3,0.000000,s15_p3
1779334702.0,8,4,0.000000,s8_p4
1779334702.0,8,1,0.067639,s8_p1
1779334702.0,8,2,0.077302,s8_p2
1779334702.0,8,3,0.000000,s8_p3
1779334702.0,20,1,0.000000,s20_p1
1779334702.0,20,4,0.724299,s20_p4
1779334702.0,20,2,0.615654,s20_p2
1779334702.0,20,3,0.000000,s20_p3
1779334702.0,17,1,0.000000,s17_p1
1779334702.0,17,4,0.881756,s17_p4
1779334702.0,17,2,0.000000,s17_p2
1779334702.0,17,3,0.000000,s17_p3
1779334702.0,18,4,0.000000,s18_p4
1779334702.0,18,1,0.000000,s18_p1
1779334702.0,18,2,0.000000,s18_p2
1779334702.0,18,3,0.000000,s18_p3
1779334702.0,5,4,0.099030,s5_p4
1779334702.0,5,1,0.000000,s5_p1
1779334702.0,5,2,0.000000,s5_p2
1779334702.0,5,3,0.021738,s5_p3
1779334702.0,7,1,0.154484,s7_p1
1779334702.0,7,4,0.000000,s7_p4
1779334702.0,7,2,0.021724,s7_p2
1779334702.0,7,3,0.000000,s7_p3
1779334702.0,12,4,0.000000,s12_p4
1779334702.0,12,1,0.024151,s12_p1
1779334702.0,12,2,0.099020,s12_p2
1779334702.0,12,3,0.000000,s12_p3
1779334702.0,4,4,0.000000,s4_p4
1779334702.0,4,1,0.028963,s4_p1
1779334702.0,4,2,0.098955,s4_p2
1779334702.0,4,3,0.000000,s4_p3
1779334702.0,2,1,0.000000,s2_p1
1779334702.0,2,4,0.091774,s2_p4
1779334702.0,2,2,0.000000,s2_p2
1779334702.0,2,3,0.000000,s2_p3
1779334702.0,16,1,0.000000,s16_p1
1779334702.0,16,4,0.000000,s16_p4
1779334702.0,16,2,0.144837,s16_p2
1779334702.0,16,3,0.000000,s16_p3
1779334702.0,9,1,0.000000,s9_p1
1779334702.0,9,4,0.000000,s9_p4
1779334702.0,9,2,0.000000,s9_p2
1779334702.0,9,3,0.772720,s9_p3
1779334702.0,11,4,0.000000,s11_p4
1779334702.0,11,1,0.000000,s11_p1
1779334702.0,11,2,0.028963,s11_p2
1779334702.0,11,3,0.000000,s11_p3
1779334702.0,19,1,0.000000,s19_p1
1779334702.0,19,4,0.000000,s19_p4
1779334702.0,19,2,0.000000,s19_p2
1779334702.0,19,3,0.000000,s19_p3
1779334702.0,6,1,0.000000,s6_p1
1779334702.0,6,4,0.000000,s6_p4
1779334702.0,6,2,0.072436,s6_p2
1779334702.0,6,3,0.000000,s6_p3
1779334702.0,1,4,0.077282,s1_p4
1779334702.0,1,1,0.000000,s1_p1
1779334702.0,1,2,0.000000,s1_p2
1779334702.0,1,3,0.156980,s1_p3
1779334702.0,10,4,0.809664,s10_p4
1779334702.0,10,1,0.000000,s10_p1
1779334702.0,10,2,0.000000,s10_p2
1779334702.0,10,3,0.000000,s10_p3
1779334702.0,14,4,0.507167,s14_p4
1779334702.0,14,1,0.000000,s14_p1
1779334702.0,14,2,0.000000,s14_p2
1779334702.0,14,3,0.000000,s14_p3
1779334702.0,15,4,0.000000,s15_p4
1779334702.0,15,1,0.181266,s15_p1
1779334702.0,15,2,0.000000,s15_p2
1779334702.0,15,3,0.000000,s15_p3
1779334702.0,8,4,0.000000,s8_p4
1779334702.0,8,1,0.065257,s8_p1
1779334702.0,8,2,0.074924,s8_p2
1779334702.0,8,3,0.000000,s8_p3
1779334702.0,13,1,0.000000,s13_p1
1779334702.0,13,4,0.000000,s13_p4
1779334702.0,13,2,0.000000,s13_p2
1779334702.0,13,3,0.120829,s13_p3
1779334702.0,7,1,0.157084,s7_p1
1779334702.0,7,4,0.000000,s7_p4
1779334702.0,7,2,0.024167,s7_p2
1779334702.0,7,3,0.000000,s7_p3
1779334702.0,5,4,0.101488,s5_p4
1779334702.0,5,1,0.000000,s5_p1
1779334702.0,5,2,0.000000,s5_p2
1779334702.0,5,3,0.024164,s5_p3
1779334702.0,20,1,0.000000,s20_p1
1779334702.0,20,4,0.700616,s20_p4
1779334702.0,20,2,0.616059,s20_p2
1779334702.0,20,3,0.000000,s20_p3
1779334702.0,4,4,0.000000,s4_p4
1779334702.0,4,1,0.031415,s4_p1
1779334702.0,4,2,0.101493,s4_p2
1779334702.0,4,3,0.000000,s4_p3
1779334702.0,3,4,0.000000,s3_p4
1779334702.0,3,1,0.021725,s3_p1
1779334702.0,3,2,0.000000,s3_p2
1779334702.0,3,3,0.031380,s3_p3
1779334702.0,11,4,0.000000,s11_p4
1779334702.0,11,1,0.000000,s11_p1
1779334702.0,11,2,0.031414,s11_p2
1779334702.0,11,3,0.000000,s11_p3
1779334702.0,17,1,0.000000,s17_p1
1779334702.0,17,4,0.905490,s17_p4
1779334702.0,17,2,0.000000,s17_p2
1779334702.0,17,3,0.000000,s17_p3
1779334702.0,9,1,0.000000,s9_p1
1779334702.0,9,4,0.000000,s9_p4
1779334702.0,9,2,0.000000,s9_p2
1779334702.0,9,3,0.785258,s9_p3
1779334702.0,16,1,0.000000,s16_p1
1779334702.0,16,4,0.000000,s16_p4
1779334702.0,16,2,0.140126,s16_p2
1779334702.0,16,3,0.000000,s16_p3
1779334702.0,2,1,0.000000,s2_p1
1779334702.0,2,4,0.086942,s2_p4
1779334702.0,2,2,0.000000,s2_p2
1779334702.0,2,3,0.000000,s2_p3
1779334702.0,18,4,0.000000,s18_p4
1779334702.0,18,1,0.000000,s18_p1
1779334702.0,18,2,0.000000,s18_p2
1779334702.0,18,3,0.000000,s18_p3
1779334702.0,12,4,0.000000,s12_p4
1779334702.0,12,1,0.021733,s12_p1
1779334702.0,12,2,0.101420,s12_p2
1779334702.0,12,3,0.000000,s12_p3
1779334703.0,19,1,0.000000,s19_p1
1779334703.0,19,4,0.000000,s19_p4
1779334703.0,19,2,0.000000,s19_p2
1779334703.0,19,3,0.000000,s19_p3
1779334703.0,6,1,0.000000,s6_p1
1779334703.0,6,4,0.000000,s6_p4
1779334703.0,6,2,0.072372,s6_p2
1779334703.0,6,3,0.000000,s6_p3
1779334703.0,10,4,0.820583,s10_p4
1779334703.0,10,1,0.000000,s10_p1
1779334703.0,10,2,0.000000,s10_p2
1779334703.0,10,3,0.000000,s10_p3
1779334703.0,14,4,0.494757,s14_p4
1779334703.0,14,1,0.000000,s14_p1
1779334703.0,14,2,0.000000,s14_p2
1779334703.0,14,3,0.000000,s14_p3
1779334703.0,3,4,0.000000,s3_p4
1779334703.0,3,1,0.021744,s3_p1
1779334703.0,3,2,0.000000,s3_p2
1779334703.0,3,3,0.028992,s3_p3
1779334703.0,1,4,0.074805,s1_p4
1779334703.0,1,1,0.000000,s1_p1
1779334703.0,1,2,0.000000,s1_p2
1779334703.0,1,3,0.156850,s1_p3
1779334703.0,12,4,0.000000,s12_p4
1779334703.0,12,1,0.021730,s12_p1
1779334703.0,12,2,0.098994,s12_p2
1779334703.0,12,3,0.000000,s12_p3
1779334703.0,18,4,0.000000,s18_p4
1779334703.0,18,1,0.000000,s18_p1
1779334703.0,18,2,0.000000,s18_p2
1779334703.0,18,3,0.000000,s18_p3
1779334703.0,20,1,0.000000,s20_p1
1779334703.0,20,4,0.711670,s20_p4
1779334703.0,20,2,0.603110,s20_p2
1779334703.0,20,3,0.000000,s20_p3
1779334703.0,7,1,0.156787,s7_p1
1779334703.0,7,4,0.000000,s7_p4
1779334703.0,7,2,0.024121,s7_p2
1779334703.0,7,3,0.000000,s7_p3
1779334703.0,16,1,0.000000,s16_p1
1779334703.0,16,4,0.000000,s16_p4
1779334703.0,16,2,0.142421,s16_p2
1779334703.0,16,3,0.000000,s16_p3
1779334703.0,5,4,0.098901,s5_p4
1779334703.0,5,1,0.000000,s5_p1
1779334703.0,5,2,0.000000,s5_p2
1779334703.0,5,3,0.024122,s5_p3
1779334703.0,4,4,0.000000,s4_p4
1779334703.0,4,1,0.028948,s4_p1
1779334703.0,4,2,0.098904,s4_p2
1779334703.0,4,3,0.000000,s4_p3
1779334703.0,15,4,0.000000,s15_p4
1779334703.0,15,1,0.180729,s15_p1
1779334703.0,15,2,0.000000,s15_p2
1779334703.0,15,3,0.000000,s15_p3
1779334703.0,13,1,0.000000,s13_p1
1779334703.0,13,4,0.000000,s13_p4
1779334703.0,13,2,0.000000,s13_p2
1779334703.0,13,3,0.120486,s13_p3
1779334703.0,9,1,0.000000,s9_p1
1779334703.0,9,4,0.000000,s9_p4
1779334703.0,9,2,0.000000,s9_p2
1779334703.0,9,3,0.784395,s9_p3
1779334703.0,11,4,0.000000,s11_p4
1779334703.0,11,1,0.000000,s11_p1
1779334703.0,11,2,0.028959,s11_p2
1779334703.0,11,3,0.000000,s11_p3
1779334703.0,2,1,0.000000,s2_p1
1779334703.0,2,4,0.089301,s2_p4
1779334703.0,2,2,0.000000,s2_p2
1779334703.0,2,3,0.000000,s2_p3
1779334703.0,8,4,0.000000,s8_p4
1779334703.0,8,1,0.067464,s8_p1
1779334703.0,8,2,0.074693,s8_p2
1779334703.0,8,3,0.000000,s8_p3
1779334703.0,17,1,0.000000,s17_p1
1779334703.0,17,4,0.904970,s17_p4
1779334703.0,17,2,0.000000,s17_p2
1779334703.0,17,3,0.000000,s17_p3
1779334703.0,6,1,0.000000,s6_p1
1779334703.0,6,4,0.000000,s6_p4
1779334703.0,6,2,0.072530,s6_p2
1779334703.0,6,3,0.000000,s6_p3
1779334703.0,14,4,0.507521,s14_p4
1779334703.0,14,1,0.000000,s14_p1
1779334703.0,14,2,0.000000,s14_p2
1779334703.0,14,3,0.000000,s14_p3
1779334703.0,3,4,0.000000,s3_p4
1779334703.0,3,1,0.024166,s3_p1
1779334703.0,3,2,0.000000,s3_p2
1779334703.0,3,3,0.031416,s3_p3
1779334703.0,1,4,0.074914,s1_p4
1779334703.0,1,1,0.000000,s1_p1
1779334703.0,1,2,0.000000,s1_p2
1779334703.0,1,3,0.157078,s1_p3
1779334703.0,8,4,0.000000,s8_p4
1779334703.0,8,1,0.067750,s8_p1
1779334703.0,8,2,0.075009,s8_p2
1779334703.0,8,3,0.000000,s8_p3
1779334703.0,15,4,0.000000,s15_p4
1779334703.0,15,1,0.181437,s15_p1
1779334703.0,15,2,0.000000,s15_p2
1779334703.0,15,3,0.000000,s15_p3
1779334703.0,13,1,0.000000,s13_p1
1779334703.0,13,4,0.000000,s13_p4
1779334703.0,13,2,0.000000,s13_p2
1779334703.0,13,3,0.120959,s13_p3
1779334703.0,10,4,0.833207,s10_p4
1779334703.0,10,1,0.000000,s10_p1
1779334703.0,10,2,0.000000,s10_p2
1779334703.0,10,3,0.000000,s10_p3
1779334703.0,7,1,0.157150,s7_p1
1779334703.0,7,4,0.000000,s7_p4
1779334703.0,7,2,0.024177,s7_p2
1779334703.0,7,3,0.000000,s7_p3
1779334703.0,5,4,0.101539,s5_p4
1779334703.0,5,1,0.000000,s5_p1
1779334703.0,5,2,0.000000,s5_p2
1779334703.0,5,3,0.024176,s5_p3
1779334703.0,4,4,0.000000,s4_p4
1779334703.0,4,1,0.031429,s4_p1
1779334703.0,4,2,0.101538,s4_p2
1779334703.0,4,3,0.000000,s4_p3
1779334703.0,20,1,0.000000,s20_p1
1779334703.0,20,4,0.713109,s20_p4
1779334703.0,20,2,0.628503,s20_p2
1779334703.0,20,3,0.000000,s20_p3
1779334703.0,17,1,0.000000,s17_p1
1779334703.0,17,4,0.906299,s17_p4
1779334703.0,17,2,0.000000,s17_p2
1779334703.0,17,3,0.000000,s17_p3
1779334703.0,11,4,0.000000,s11_p4
1779334703.0,11,1,0.000000,s11_p1
1779334703.0,11,2,0.031414,s11_p2
1779334703.0,11,3,0.000000,s11_p3
1779334703.0,16,1,0.000000,s16_p1
1779334703.0,16,4,0.000000,s16_p4
1779334703.0,16,2,0.142543,s16_p2
1779334703.0,16,3,0.000000,s16_p3
1779334703.0,18,4,0.000000,s18_p4
1779334703.0,18,1,0.000000,s18_p1
1779334703.0,18,2,0.000000,s18_p2
1779334703.0,18,3,0.000000,s18_p3
1779334703.0,12,4,0.000000,s12_p4
1779334703.0,12,1,0.024154,s12_p1
1779334703.0,12,2,0.101449,s12_p2
1779334703.0,12,3,0.000000,s12_p3
1779334703.0,2,1,0.000000,s2_p1
1779334703.0,2,4,0.091816,s2_p4
1779334703.0,2,2,0.000000,s2_p2
1779334703.0,2,3,0.000000,s2_p3
1779334703.0,9,1,0.000000,s9_p1
1779334703.0,9,4,0.000000,s9_p4
1779334703.0,9,2,0.000000,s9_p2
1779334703.0,9,3,0.785047,s9_p3
1779334703.0,19,1,0.000000,s19_p1
1779334703.0,19,4,0.000000,s19_p4
1779334703.0,19,2,0.000000,s19_p2
1779334703.0,19,3,0.000000,s19_p3
1779334704.0,1,4,0.077102,s1_p4
1779334704.0,1,1,0.000000,s1_p1
1779334704.0,1,2,0.000000,s1_p2
1779334704.0,1,3,0.154204,s1_p3
1779334704.0,11,4,0.000000,s11_p4
1779334704.0,11,1,0.000000,s11_p1
1779334704.0,11,2,0.028958,s11_p2
1779334704.0,11,3,0.000000,s11_p3
1779334704.0,15,4,0.000000,s15_p4
1779334704.0,15,1,0.178351,s15_p1
1779334704.0,15,2,0.000000,s15_p2
1779334704.0,15,3,0.000000,s15_p3
1779334704.0,2,1,0.000000,s2_p1
1779334704.0,2,4,0.086879,s2_p4
1779334704.0,2,2,0.000000,s2_p2
1779334704.0,2,3,0.000000,s2_p3
1779334704.0,14,4,0.493771,s14_p4
1779334704.0,14,1,0.000000,s14_p1
1779334704.0,14,2,0.000000,s14_p2
1779334704.0,14,3,0.000000,s14_p3
1779334704.0,8,4,0.000000,s8_p4
1779334704.0,8,1,0.065066,s8_p1
1779334704.0,8,2,0.077115,s8_p2
1779334704.0,8,3,0.000000,s8_p3
1779334704.0,5,4,0.098763,s5_p4
1779334704.0,5,1,0.000000,s5_p1
1779334704.0,5,2,0.000000,s5_p2
1779334704.0,5,3,0.024088,s5_p3
1779334704.0,10,4,0.818508,s10_p4
1779334704.0,10,1,0.000000,s10_p1
1779334704.0,10,2,0.000000,s10_p2
1779334704.0,10,3,0.000000,s10_p3
1779334704.0,17,1,0.000000,s17_p1
1779334704.0,17,4,0.891654,s17_p4
1779334704.0,17,2,0.000000,s17_p2
1779334704.0,17,3,0.000000,s17_p3
1779334704.0,7,1,0.154136,s7_p1
1779334704.0,7,4,0.000000,s7_p4
1779334704.0,7,2,0.024084,s7_p2
1779334704.0,7,3,0.000000,s7_p3
1779334704.0,20,1,0.000000,s20_p1
1779334704.0,20,4,0.710547,s20_p4
1779334704.0,20,2,0.602159,s20_p2
1779334704.0,20,3,0.000000,s20_p3
1779334704.0,6,1,0.000000,s6_p1
1779334704.0,6,4,0.000000,s6_p4
1779334704.0,6,2,0.072129,s6_p2
1779334704.0,6,3,0.000000,s6_p3
1779334704.0,9,1,0.000000,s9_p1
1779334704.0,9,4,0.000000,s9_p4
1779334704.0,9,2,0.000000,s9_p2
1779334704.0,9,3,0.771441,s9_p3
1779334704.0,4,4,0.000000,s4_p4
1779334704.0,4,1,0.028901,s4_p1
1779334704.0,4,2,0.098746,s4_p2
1779334704.0,4,3,0.000000,s4_p3
1779334704.0,16,1,0.000000,s16_p1
1779334704.0,16,4,0.000000,s16_p4
1779334704.0,16,2,0.142183,s16_p2
1779334704.0,16,3,0.000000,s16_p3
1779334704.0,12,4,0.000000,s12_p4
1779334704.0,12,1,0.021690,s12_p1
1779334704.0,12,2,0.098808,s12_p2
1779334704.0,12,3,0.000000,s12_p3
1779334704.0,19,1,0.000000,s19_p1
1779334704.0,19,4,0.000000,s19_p4
1779334704.0,19,2,0.000000,s19_p2
1779334704.0,19,3,0.000000,s19_p3
1779334704.0,13,1,0.000000,s13_p1
1779334704.0,13,4,0.000000,s13_p4
1779334704.0,13,2,0.000000,s13_p2
1779334704.0,13,3,0.120342,s13_p3
1779334704.0,18,4,0.000000,s18_p4
1779334704.0,18,1,0.000000,s18_p1
1779334704.0,18,2,0.000000,s18_p2
1779334704.0,18,3,0.000000,s18_p3
1779334704.0,3,4,0.000000,s3_p4
1779334704.0,3,1,0.021649,s3_p1
1779334704.0,3,2,0.000000,s3_p2
1779334704.0,3,3,0.028865,s3_p3
1779334704.0,6,1,0.000000,s6_p1
1779334704.0,6,4,0.000000,s6_p4
1779334704.0,6,2,0.072781,s6_p2
1779334704.0,6,3,0.000000,s6_p3
1779334704.0,1,4,0.075040,s1_p4
1779334704.0,1,1,0.000000,s1_p1
1779334704.0,1,2,0.000000,s1_p2
1779334704.0,1,3,0.157343,s1_p3
1779334704.0,14,4,0.508393,s14_p4
1779334704.0,14,1,0.000000,s14_p1
1779334704.0,14,2,0.000000,s14_p2
1779334704.0,14,3,0.000000,s14_p3
1779334704.0,8,4,0.000000,s8_p4
1779334704.0,8,1,0.067783,s8_p1
1779334704.0,8,2,0.075045,s8_p2
1779334704.0,8,3,0.000000,s8_p3
1779334704.0,20,1,0.000000,s20_p1
1779334704.0,20,4,0.714709,s20_p4
1779334704.0,20,2,0.629913,s20_p2
1779334704.0,20,3,0.000000,s20_p3
1779334704.0,15,4,0.000000,s15_p4
1779334704.0,15,1,0.181456,s15_p1
1779334704.0,15,2,0.000000,s15_p2
1779334704.0,15,3,0.000000,s15_p3
1779334704.0,3,4,0.000000,s3_p4
1779334704.0,3,1,0.024229,s3_p1
1779334704.0,3,2,0.000000,s3_p2
1779334704.0,3,3,0.031498,s3_p3
1779334704.0,4,4,0.000000,s4_p4
1779334704.0,4,1,0.031493,s4_p1
1779334704.0,4,2,0.101747,s4_p2
1779334704.0,4,3,0.000000,s4_p3
1779334704.0,10,4,0.835044,s10_p4
1779334704.0,10,1,0.000000,s10_p1
1779334704.0,10,2,0.000000,s10_p2
1779334704.0,10,3,0.000000,s10_p3
1779334704.0,7,1,0.157324,s7_p1
1779334704.0,7,4,0.000000,s7_p4
1779334704.0,7,2,0.024204,s7_p2
1779334704.0,7,3,0.000000,s7_p3
1779334704.0,17,1,0.000000,s17_p1
1779334704.0,17,4,0.907591,s17_p4
1779334704.0,17,2,0.000000,s17_p2
1779334704.0,17,3,0.000000,s17_p3
1779334704.0,16,1,0.000000,s16_p1
1779334704.0,16,4,0.000000,s16_p4
1779334704.0,16,2,0.142808,s16_p2
1779334704.0,16,3,0.000000,s16_p3
1779334704.0,18,4,0.000000,s18_p4
1779334704.0,18,1,0.000000,s18_p1
1779334704.0,18,2,0.000000,s18_p2
1779334704.0,18,3,0.000000,s18_p3
1779334704.0,13,1,0.000000,s13_p1
1779334704.0,13,4,0.000000,s13_p4
1779334704.0,13,2,0.000000,s13_p2
1779334704.0,13,3,0.121025,s13_p3
1779334704.0,5,4,0.101629,s5_p4
1779334704.0,5,1,0.000000,s5_p1
1779334704.0,5,2,0.000000,s5_p2
1779334704.0,5,3,0.024197,s5_p3
1779334704.0,12,4,0.000000,s12_p4
1779334704.0,12,1,0.024202,s12_p1
1779334704.0,12,2,0.101649,s12_p2
1779334704.0,12,3,0.000000,s12_p3
1779334704.0,2,1,0.000000,s2_p1
1779334704.0,2,4,0.091841,s2_p4
1779334704.0,2,2,0.000000,s2_p2
1779334704.0,2,3,0.000000,s2_p3
1779334704.0,11,4,0.000000,s11_p4
1779334704.0,11,1,0.000000,s11_p1
1779334704.0,11,2,0.031409,s11_p2
1779334704.0,11,3,0.000000,s11_p3
1779334704.0,9,1,0.000000,s9_p1
1779334704.0,9,4,0.000000,s9_p4
1779334704.0,9,2,0.000000,s9_p2
1779334704.0,9,3,0.786244,s9_p3
1779334704.0,19,1,0.000000,s19_p1
1779334704.0,19,4,0.000000,s19_p4
1779334704.0,19,2,0.000000,s19_p2
1779334704.0,19,3,0.000000,s19_p3
1779334705.0,19,1,0.000000,s19_p1
1779334705.0,19,4,0.000000,s19_p4
1779334705.0,19,2,0.000000,s19_p2
1779334705.0,19,3,0.000000,s19_p3
1779334705.0,6,1,0.000000,s6_p1
1779334705.0,6,4,0.000000,s6_p4
1779334705.0,6,2,0.069943,s6_p2
1779334705.0,6,3,0.000000,s6_p3
1779334705.0,10,4,0.821402,s10_p4
1779334705.0,10,1,0.000000,s10_p1
1779334705.0,10,2,0.000000,s10_p2
1779334705.0,10,3,0.000000,s10_p3
1779334705.0,14,4,0.494540,s14_p4
1779334705.0,14,1,0.000000,s14_p1
1779334705.0,14,2,0.000000,s14_p2
1779334705.0,14,3,0.000000,s14_p3
1779334705.0,3,4,0.000000,s3_p4
1779334705.0,3,1,0.021724,s3_p1
1779334705.0,3,2,0.000000,s3_p2
1779334705.0,3,3,0.028965,s3_p3
1779334705.0,15,4,0.000000,s15_p4
1779334705.0,15,1,0.178610,s15_p1
1779334705.0,15,2,0.000000,s15_p2
1779334705.0,15,3,0.000000,s15_p3
1779334705.0,8,4,0.000000,s8_p4
1779334705.0,8,1,0.067546,s8_p1
1779334705.0,8,2,0.074783,s8_p2
1779334705.0,8,3,0.000000,s8_p3
1779334705.0,1,4,0.074770,s1_p4
1779334705.0,1,1,0.000000,s1_p1
1779334705.0,1,2,0.000000,s1_p2
1779334705.0,1,3,0.156775,s1_p3
1779334705.0,20,1,0.000000,s20_p1
1779334705.0,20,4,0.711644,s20_p4
1779334705.0,20,2,0.603088,s20_p2
1779334705.0,20,3,0.000000,s20_p3
1779334705.0,5,4,0.099009,s5_p4
1779334705.0,5,1,0.000000,s5_p1
1779334705.0,5,2,0.000000,s5_p2
1779334705.0,5,3,0.021734,s5_p3
1779334705.0,4,4,0.000000,s4_p4
1779334705.0,4,1,0.028950,s4_p1
1779334705.0,4,2,0.098911,s4_p2
1779334705.0,4,3,0.000000,s4_p3
1779334705.0,13,1,0.000000,s13_p1
1779334705.0,13,4,0.000000,s13_p4
1779334705.0,13,2,0.000000,s13_p2
1779334705.0,13,3,0.108658,s13_p3
1779334705.0,7,1,0.156846,s7_p1
1779334705.0,7,4,0.000000,s7_p4
1779334705.0,7,2,0.021717,s7_p2
1779334705.0,7,3,0.000000,s7_p3
1779334705.0,12,4,0.000000,s12_p4
1779334705.0,12,1,0.021719,s12_p1
1779334705.0,12,2,0.098942,s12_p2
1779334705.0,12,3,0.000000,s12_p3
1779334705.0,17,1,0.000000,s17_p1
1779334705.0,17,4,0.892736,s17_p4
1779334705.0,17,2,0.000000,s17_p2
1779334705.0,17,3,0.000000,s17_p3
1779334705.0,16,1,0.000000,s16_p1
1779334705.0,16,4,0.000000,s16_p4
1779334705.0,16,2,0.142356,s16_p2
1779334705.0,16,3,0.000000,s16_p3
1779334705.0,11,4,0.000000,s11_p4
1779334705.0,11,1,0.000000,s11_p1
1779334705.0,11,2,0.028965,s11_p2
1779334705.0,11,3,0.000000,s11_p3
1779334705.0,2,1,0.000000,s2_p1
1779334705.0,2,4,0.089284,s2_p4
1779334705.0,2,2,0.000000,s2_p2
1779334705.0,2,3,0.000000,s2_p3
1779334705.0,18,4,0.000000,s18_p4
1779334705.0,18,1,0.000000,s18_p1
1779334705.0,18,2,0.000000,s18_p2
1779334705.0,18,3,0.000000,s18_p3
1779334705.0,9,1,0.000000,s9_p1
1779334705.0,9,4,0.000000,s9_p4
1779334705.0,9,2,0.000000,s9_p2
1779334705.0,9,3,0.784349,s9_p3
1779334705.0,6,1,0.000000,s6_p1
1779334705.0,6,4,0.000000,s6_p4
1779334705.0,6,2,0.072485,s6_p2
1779334705.0,6,3,0.000000,s6_p3
1779334705.0,3,4,0.000000,s3_p4
1779334705.0,3,1,0.021745,s3_p1
1779334705.0,3,2,0.000000,s3_p2
1779334705.0,3,3,0.031410,s3_p3
1779334705.0,10,4,0.809177,s10_p4
1779334705.0,10,1,0.000000,s10_p1
1779334705.0,10,2,0.000000,s10_p2
1779334705.0,10,3,0.000000,s10_p3
1779334705.0,14,4,0.507259,s14_p4
1779334705.0,14,1,0.000000,s14_p1
1779334705.0,14,2,0.000000,s14_p2
1779334705.0,14,3,0.000000,s14_p3
1779334705.0,1,4,0.074886,s1_p4
1779334705.0,1,1,0.000000,s1_p1
1779334705.0,1,2,0.000000,s1_p2
1779334705.0,1,3,0.157020,s1_p3
1779334705.0,8,4,0.000000,s8_p4
1779334705.0,8,1,0.065184,s8_p1
1779334705.0,8,2,0.074841,s8_p2
1779334705.0,8,3,0.000000,s8_p3
1779334705.0,15,4,0.000000,s15_p4
1779334705.0,15,1,0.181050,s15_p1
1779334705.0,15,2,0.000000,s15_p2
1779334705.0,15,3,0.000000,s15_p3
1779334705.0,13,1,0.000000,s13_p1
1779334705.0,13,4,0.000000,s13_p4
1779334705.0,13,2,0.000000,s13_p2
1779334705.0,13,3,0.120765,s13_p3
1779334705.0,7,1,0.157078,s7_p1
1779334705.0,7,4,0.000000,s7_p4
1779334705.0,7,2,0.024166,s7_p2
1779334705.0,7,3,0.000000,s7_p3
1779334705.0,5,4,0.101431,s5_p4
1779334705.0,5,1,0.000000,s5_p1
1779334705.0,5,2,0.000000,s5_p2
1779334705.0,5,3,0.024150,s5_p3
1779334705.0,4,4,0.000000,s4_p4
1779334705.0,4,1,0.031396,s4_p1
1779334705.0,4,2,0.101433,s4_p2
1779334705.0,4,3,0.000000,s4_p3
1779334705.0,20,1,0.000000,s20_p1
1779334705.0,20,4,0.699887,s20_p4
1779334705.0,20,2,0.615418,s20_p2
1779334705.0,20,3,0.000000,s20_p3
1779334705.0,18,4,0.000000,s18_p4
1779334705.0,18,1,0.000000,s18_p1
1779334705.0,18,2,0.000000,s18_p2
1779334705.0,18,3,0.000000,s18_p3
1779334705.0,17,1,0.000000,s17_p1
1779334705.0,17,4,0.905656,s17_p4
1779334705.0,17,2,0.000000,s17_p2
1779334705.0,17,3,0.000000,s17_p3
1779334705.0,16,1,0.000000,s16_p1
1779334705.0,16,4,0.000000,s16_p4
1779334705.0,16,2,0.142489,s16_p2
1779334705.0,16,3,0.000000,s16_p3
1779334705.0,2,1,0.000000,s2_p1
1779334705.0,2,4,0.089346,s2_p4
1779334705.0,2,2,0.000000,s2_p2
1779334705.0,2,3,0.000000,s2_p3
1779334705.0,12,4,0.000000,s12_p4
1779334705.0,12,1,0.021730,s12_p1
1779334705.0,12,2,0.101408,s12_p2
1779334705.0,12,3,0.000000,s12_p3
1779334705.0,11,4,0.000000,s11_p4
1779334705.0,11,1,0.000000,s11_p1
1779334705.0,11,2,0.031390,s11_p2
1779334705.0,11,3,0.000000,s11_p3
1779334705.0,19,1,0.000000,s19_p1
1779334705.0,19,4,0.000000,s19_p4
1779334705.0,19,2,0.000000,s19_p2
1779334705.0,19,3,0.000000,s19_p3
1779334705.0,9,1,0.000000,s9_p1
1779334705.0,9,4,0.000000,s9_p4
1779334705.0,9,2,0.000000,s9_p2
1779334705.0,9,3,0.784700,s9_p3
1779334706.0,19,1,0.000000,s19_p1
1779334706.0,19,4,0.000000,s19_p4
1779334706.0,19,2,0.000000,s19_p2
1779334706.0,19,3,0.000000,s19_p3
1779334706.0,6,1,0.000000,s6_p1
1779334706.0,6,4,0.000000,s6_p4
1779334706.0,6,2,0.072282,s6_p2
1779334706.0,6,3,0.000000,s6_p3
1779334706.0,13,1,0.000000,s13_p1
1779334706.0,13,4,0.000000,s13_p4
1779334706.0,13,2,0.000000,s13_p2
1779334706.0,13,3,0.120658,s13_p3
1779334706.0,16,1,0.000000,s16_p1
1779334706.0,16,4,0.000000,s16_p4
1779334706.0,16,2,0.142347,s16_p2
1779334706.0,16,3,0.000000,s16_p3
1779334706.0,7,1,0.154280,s7_p1
1779334706.0,7,4,0.000000,s7_p4
1779334706.0,7,2,0.024106,s7_p2
1779334706.0,7,3,0.000000,s7_p3
1779334706.0,12,4,0.000000,s12_p4
1779334706.0,12,1,0.024129,s12_p1
1779334706.0,12,2,0.098927,s12_p2
1779334706.0,12,3,0.000000,s12_p3
1779334706.0,5,4,0.098832,s5_p4
1779334706.0,5,1,0.000000,s5_p1
1779334706.0,5,2,0.000000,s5_p2
1779334706.0,5,3,0.024105,s5_p3
1779334706.0,10,4,0.842986,s10_p4
1779334706.0,10,1,0.000000,s10_p1
1779334706.0,10,2,0.000000,s10_p2
1779334706.0,10,3,0.000000,s10_p3
1779334706.0,14,4,0.493760,s14_p4
1779334706.0,14,1,0.000000,s14_p1
1779334706.0,14,2,0.000000,s14_p2
1779334706.0,14,3,0.000000,s14_p3
1779334706.0,4,4,0.000000,s4_p4
1779334706.0,4,1,0.028925,s4_p1
1779334706.0,4,2,0.098828,s4_p2
1779334706.0,4,3,0.000000,s4_p3
1779334706.0,3,4,0.000000,s3_p4
1779334706.0,3,1,0.024080,s3_p1
1779334706.0,3,2,0.000000,s3_p2
1779334706.0,3,3,0.028895,s3_p3
1779334706.0,1,4,0.077070,s1_p4
1779334706.0,1,1,0.000000,s1_p1
1779334706.0,1,2,0.000000,s1_p2
1779334706.0,1,3,0.154140,s1_p3
1779334706.0,9,1,0.000000,s9_p1
1779334706.0,9,4,0.000000,s9_p4
1779334706.0,9,2,0.000000,s9_p2
1779334706.0,9,3,0.772209,s9_p3
1779334706.0,11,4,0.000000,s11_p4
1779334706.0,11,1,0.000000,s11_p1
1779334706.0,11,2,0.028949,s11_p2
1779334706.0,11,3,0.000000,s11_p3
1779334706.0,18,4,0.000000,s18_p4
1779334706.0,18,1,0.000000,s18_p1
1779334706.0,18,2,0.000000,s18_p2
1779334706.0,18,3,0.000000,s18_p3
1779334706.0,2,1,0.000000,s2_p1
1779334706.0,2,4,0.089251,s2_p4
1779334706.0,2,2,0.000000,s2_p2
1779334706.0,2,3,0.000000,s2_p3
1779334706.0,20,1,0.000000,s20_p1
1779334706.0,20,4,0.723416,s20_p4
1779334706.0,20,2,0.614903,s20_p2
1779334706.0,20,3,0.000000,s20_p3
1779334706.0,15,4,0.000000,s15_p4
1779334706.0,15,1,0.178312,s15_p1
1779334706.0,15,2,0.000000,s15_p2
1779334706.0,15,3,0.000000,s15_p3
1779334706.0,17,1,0.000000,s17_p1
1779334706.0,17,4,0.892259,s17_p4
1779334706.0,17,2,0.000000,s17_p2
1779334706.0,17,3,0.000000,s17_p3
1779334706.0,8,4,0.000000,s8_p4
1779334706.0,8,1,0.067462,s8_p1
1779334706.0,8,2,0.077099,s8_p2
1779334706.0,8,3,0.000000,s8_p3
1779334706.0,19,1,0.000000,s19_p1
1779334706.0,19,4,0.000000,s19_p4
1779334706.0,19,2,0.000000,s19_p2
1779334706.0,19,3,0.000000,s19_p3
1779334706.0,6,1,0.000000,s6_p1
1779334706.0,6,4,0.000000,s6_p4
1779334706.0,6,2,0.072644,s6_p2
1779334706.0,6,3,0.000000,s6_p3
1779334706.0,14,4,0.509094,s14_p4
1779334706.0,14,1,0.000000,s14_p1
1779334706.0,14,2,0.000000,s14_p2
1779334706.0,14,3,0.000000,s14_p3
1779334706.0,1,4,0.075156,s1_p4
1779334706.0,1,1,0.000000,s1_p1
1779334706.0,1,2,0.000000,s1_p2
1779334706.0,1,3,0.157584,s1_p3
1779334706.0,8,4,0.000000,s8_p4
1779334706.0,8,1,0.067876,s8_p1
1779334706.0,8,2,0.075148,s8_p2
1779334706.0,8,3,0.000000,s8_p3
1779334706.0,15,4,0.000000,s15_p4
1779334706.0,15,1,0.181792,s15_p1
1779334706.0,15,2,0.000000,s15_p2
1779334706.0,15,3,0.000000,s15_p3
1779334706.0,10,4,0.823840,s10_p4
1779334706.0,10,1,0.000000,s10_p1
1779334706.0,10,2,0.000000,s10_p2
1779334706.0,10,3,0.000000,s10_p3
1779334706.0,3,4,0.000000,s3_p4
1779334706.0,3,1,0.021808,s3_p1
1779334706.0,3,2,0.000000,s3_p2
1779334706.0,3,3,0.031501,s3_p3
1779334706.0,13,1,0.000000,s13_p1
1779334706.0,13,4,0.000000,s13_p4
1779334706.0,13,2,0.000000,s13_p2
1779334706.0,13,3,0.120992,s13_p3
1779334706.0,5,4,0.101716,s5_p4
1779334706.0,5,1,0.000000,s5_p1
1779334706.0,5,2,0.000000,s5_p2
1779334706.0,5,3,0.024218,s5_p3
1779334706.0,12,4,0.000000,s12_p4
1779334706.0,12,1,0.021794,s12_p1
1779334706.0,12,2,0.101707,s12_p2
1779334706.0,12,3,0.000000,s12_p3
1779334706.0,4,4,0.000000,s4_p4
1779334706.0,4,1,0.031482,s4_p1
1779334706.0,4,2,0.101713,s4_p2
1779334706.0,4,3,0.000000,s4_p3
1779334706.0,17,1,0.000000,s17_p1
1779334706.0,17,4,0.908009,s17_p4
1779334706.0,17,2,0.000000,s17_p2
1779334706.0,17,3,0.000000,s17_p3
1779334706.0,20,1,0.000000,s20_p1
1779334706.0,20,4,0.714206,s20_p4
1779334706.0,20,2,0.617365,s20_p2
1779334706.0,20,3,0.000000,s20_p3
1779334706.0,7,1,0.157312,s7_p1
1779334706.0,7,4,0.000000,s7_p4
1779334706.0,7,2,0.024202,s7_p2
1779334706.0,7,3,0.000000,s7_p3
1779334706.0,18,4,0.000000,s18_p4
1779334706.0,18,1,0.000000,s18_p1
1779334706.0,18,2,0.000000,s18_p2
1779334706.0,18,3,0.000000,s18_p3
1779334706.0,2,1,0.000000,s2_p1
1779334706.0,2,4,0.089568,s2_p4
1779334706.0,2,2,0.000000,s2_p2
1779334706.0,2,3,0.000000,s2_p3
1779334706.0,11,4,0.000000,s11_p4
1779334706.0,11,1,0.000000,s11_p1
1779334706.0,11,2,0.031468,s11_p2
1779334706.0,11,3,0.000000,s11_p3
1779334706.0,9,1,0.000000,s9_p1
1779334706.0,9,4,0.000000,s9_p4
1779334706.0,9,2,0.000000,s9_p2
1779334706.0,9,3,0.786541,s9_p3
1779334706.0,16,1,0.000000,s16_p1
1779334706.0,16,4,0.000000,s16_p4
1779334706.0,16,2,0.142737,s16_p2
1779334706.0,16,3,0.000000,s16_p3
1779334707.0,19,1,0.000000,s19_p1
1779334707.0,19,4,0.000000,s19_p4
1779334707.0,19,2,0.000000,s19_p2
1779334707.0,19,3,0.000000,s19_p3
1779334707.0,14,4,0.493969,s14_p4
1779334707.0,14,1,0.000000,s14_p1
1779334707.0,14,2,0.000000,s14_p2
1779334707.0,14,3,0.000000,s14_p3
1779334707.0,10,4,0.819571,s10_p4
1779334707.0,10,1,0.000000,s10_p1
1779334707.0,10,2,0.000000,s10_p2
1779334707.0,10,3,0.000000,s10_p3
1779334707.0,6,1,0.000000,s6_p1
1779334707.0,6,4,0.000000,s6_p4
1779334707.0,6,2,0.072273,s6_p2
1779334707.0,6,3,0.000000,s6_p3
1779334707.0,1,4,0.074688,s1_p4
1779334707.0,1,1,0.000000,s1_p1
1779334707.0,1,2,0.000000,s1_p2
1779334707.0,1,3,0.156605,s1_p3
1779334707.0,3,4,0.000000,s3_p4
1779334707.0,3,1,0.021693,s3_p1
1779334707.0,3,2,0.000000,s3_p2
1779334707.0,3,3,0.028924,s3_p3
1779334707.0,7,1,0.156764,s7_p1
1779334707.0,7,4,0.000000,s7_p4
1779334707.0,7,2,0.024118,s7_p2
1779334707.0,7,3,0.000000,s7_p3
1779334707.0,4,4,0.000000,s4_p4
1779334707.0,4,1,0.028924,s4_p1
1779334707.0,4,2,0.098824,s4_p2
1779334707.0,4,3,0.000000,s4_p3
1779334707.0,15,4,0.000000,s15_p4
1779334707.0,15,1,0.180651,s15_p1
1779334707.0,15,2,0.000000,s15_p2
1779334707.0,15,3,0.000000,s15_p3
1779334707.0,13,1,0.000000,s13_p1
1779334707.0,13,4,0.000000,s13_p4
1779334707.0,13,2,0.000000,s13_p2
1779334707.0,13,3,0.120459,s13_p3
1779334707.0,8,4,0.000000,s8_p4
1779334707.0,8,1,0.067433,s8_p1
1779334707.0,8,2,0.074658,s8_p2
1779334707.0,8,3,0.000000,s8_p3
1779334707.0,5,4,0.101130,s5_p4
1779334707.0,5,1,0.000000,s5_p1
1779334707.0,5,2,0.000000,s5_p2
1779334707.0,5,3,0.024079,s5_p3
1779334707.0,16,1,0.000000,s16_p1
1779334707.0,16,4,0.000000,s16_p4
1779334707.0,16,2,0.142178,s16_p2
1779334707.0,16,3,0.000000,s16_p3
1779334707.0,2,1,0.000000,s2_p1
1779334707.0,2,4,0.089137,s2_p4
1779334707.0,2,2,0.000000,s2_p2
1779334707.0,2,3,0.000000,s2_p3
1779334707.0,18,4,0.000000,s18_p4
1779334707.0,18,1,0.000000,s18_p1
1779334707.0,18,2,0.000000,s18_p2
1779334707.0,18,3,0.000000,s18_p3
1779334707.0,12,4,0.000000,s12_p4
1779334707.0,12,1,0.021668,s12_p1
1779334707.0,12,2,0.101119,s12_p2
1779334707.0,12,3,0.000000,s12_p3
1779334707.0,20,1,0.000000,s20_p1
1779334707.0,20,4,0.710595,s20_p4
1779334707.0,20,2,0.614243,s20_p2
1779334707.0,20,3,0.000000,s20_p3
1779334707.0,17,1,0.000000,s17_p1
1779334707.0,17,4,0.903212,s17_p4
1779334707.0,17,2,0.000000,s17_p2
1779334707.0,17,3,0.000000,s17_p3
1779334707.0,11,4,0.000000,s11_p4
1779334707.0,11,1,0.000000,s11_p1
1779334707.0,11,2,0.028891,s11_p2
1779334707.0,11,3,0.000000,s11_p3
1779334707.0,9,1,0.000000,s9_p1
1779334707.0,9,4,0.000000,s9_p4
1779334707.0,9,2,0.000000,s9_p2
1779334707.0,9,3,0.782549,s9_p3
1779334707.0,1,4,0.074992,s1_p4
1779334707.0,1,1,0.000000,s1_p1
1779334707.0,1,2,0.000000,s1_p2
1779334707.0,1,3,0.157242,s1_p3
1779334707.0,6,1,0.000000,s6_p1
1779334707.0,6,4,0.000000,s6_p4
1779334707.0,6,2,0.072562,s6_p2
1779334707.0,6,3,0.000000,s6_p3
1779334707.0,14,4,0.507852,s14_p4
1779334707.0,14,1,0.000000,s14_p1
1779334707.0,14,2,0.000000,s14_p2
1779334707.0,14,3,0.000000,s14_p3
1779334707.0,13,1,0.000000,s13_p1
1779334707.0,13,4,0.000000,s13_p4
1779334707.0,13,2,0.000000,s13_p2
1779334707.0,13,3,0.120950,s13_p3
1779334707.0,10,4,0.821805,s10_p4
1779334707.0,10,1,0.000000,s10_p1
1779334707.0,10,2,0.000000,s10_p2
1779334707.0,10,3,0.000000,s10_p3
1779334707.0,8,4,0.000000,s8_p4
1779334707.0,8,1,0.065310,s8_p1
1779334707.0,8,2,0.074985,s8_p2
1779334707.0,8,3,0.000000,s8_p3
1779334707.0,3,4,0.000000,s3_p4
1779334707.0,3,1,0.024171,s3_p1
1779334707.0,3,2,0.000000,s3_p2
1779334707.0,3,3,0.031423,s3_p3
1779334707.0,15,4,0.000000,s15_p4
1779334707.0,15,1,0.178966,s15_p1
1779334707.0,15,2,0.000000,s15_p2
1779334707.0,15,3,0.000000,s15_p3
1779334707.0,20,1,0.000000,s20_p1
1779334707.0,20,4,0.701762,s20_p4
1779334707.0,20,2,0.617067,s20_p2
1779334707.0,20,3,0.000000,s20_p3
1779334707.0,7,1,0.157092,s7_p1
1779334707.0,7,4,0.000000,s7_p4
1779334707.0,7,2,0.024168,s7_p2
1779334707.0,7,3,0.000000,s7_p3
1779334707.0,4,4,0.000000,s4_p4
1779334707.0,4,1,0.031420,s4_p1
1779334707.0,4,2,0.101510,s4_p2
1779334707.0,4,3,0.000000,s4_p3
1779334707.0,5,4,0.099184,s5_p4
1779334707.0,5,1,0.000000,s5_p1
1779334707.0,5,2,0.000000,s5_p2
1779334707.0,5,3,0.024191,s5_p3
1779334707.0,12,4,0.000000,s12_p4
1779334707.0,12,1,0.024195,s12_p1
1779334707.0,12,2,0.099199,s12_p2
1779334707.0,12,3,0.000000,s12_p3
1779334707.0,18,4,0.000000,s18_p4
1779334707.0,18,1,0.000000,s18_p1
1779334707.0,18,2,0.000000,s18_p2
1779334707.0,18,3,0.000000,s18_p3
1779334707.0,16,1,0.000000,s16_p1
1779334707.0,16,4,0.000000,s16_p4
1779334707.0,16,2,0.140263,s16_p2
1779334707.0,16,3,0.000000,s16_p3
1779334707.0,9,1,0.000000,s9_p1
1779334707.0,9,4,0.000000,s9_p4
1779334707.0,9,2,0.000000,s9_p2
1779334707.0,9,3,0.786510,s9_p3
1779334707.0,17,1,0.000000,s17_p1
1779334707.0,17,4,0.906896,s17_p4
1779334707.0,17,2,0.000000,s17_p2
1779334707.0,17,3,0.000000,s17_p3
1779334707.0,2,1,0.000000,s2_p1
1779334707.0,2,4,0.089471,s2_p4
1779334707.0,2,2,0.000000,s2_p2
1779334707.0,2,3,0.000000,s2_p3
1779334707.0,11,4,0.000000,s11_p4
1779334707.0,11,1,0.000000,s11_p1
1779334707.0,11,2,0.031456,s11_p2
1779334707.0,11,3,0.000000,s11_p3
1779334707.0,19,1,0.000000,s19_p1
1779334707.0,19,4,0.000000,s19_p4
1779334707.0,19,2,0.000000,s19_p2
1779334707.0,19,3,0.000000,s19_p3
1779334708.0,6,1,0.000000,s6_p1
1779334708.0,6,4,0.000000,s6_p4
1779334708.0,6,2,0.072373,s6_p2
1779334708.0,6,3,0.000000,s6_p3
1779334708.0,10,4,0.832296,s10_p4
1779334708.0,10,1,0.000000,s10_p1
1779334708.0,10,2,0.000000,s10_p2
1779334708.0,10,3,0.000000,s10_p3
1779334708.0,1,4,0.077131,s1_p4
1779334708.0,1,1,0.000000,s1_p1
1779334708.0,1,2,0.000000,s1_p2
1779334708.0,1,3,0.154261,s1_p3
1779334708.0,14,4,0.506229,s14_p4
1779334708.0,14,1,0.000000,s14_p1
1779334708.0,14,2,0.000000,s14_p2
1779334708.0,14,3,0.000000,s14_p3
1779334708.0,8,4,0.000000,s8_p4
1779334708.0,8,1,0.067503,s8_p1
1779334708.0,8,2,0.077146,s8_p2
1779334708.0,8,3,0.000000,s8_p3
1779334708.0,13,1,0.000000,s13_p1
1779334708.0,13,4,0.000000,s13_p4
1779334708.0,13,2,0.000000,s13_p2
1779334708.0,13,3,0.108466,s13_p3
1779334708.0,20,1,0.000000,s20_p1
1779334708.0,20,4,0.723562,s20_p4
1779334708.0,20,2,0.615028,s20_p2
1779334708.0,20,3,0.000000,s20_p3
1779334708.0,15,4,0.000000,s15_p4
1779334708.0,15,1,0.178383,s15_p1
1779334708.0,15,2,0.000000,s15_p2
1779334708.0,15,3,0.000000,s15_p3
1779334708.0,3,4,0.000000,s3_p4
1779334708.0,3,1,0.021693,s3_p1
1779334708.0,3,2,0.000000,s3_p2
1779334708.0,3,3,0.028924,s3_p3
1779334708.0,2,1,0.000000,s2_p1
1779334708.0,2,4,0.089234,s2_p4
1779334708.0,2,2,0.000000,s2_p2
1779334708.0,2,3,0.000000,s2_p3
1779334708.0,7,1,0.156660,s7_p1
1779334708.0,7,4,0.000000,s7_p4
1779334708.0,7,2,0.021691,s7_p2
1779334708.0,7,3,0.000000,s7_p3
1779334708.0,18,4,0.000000,s18_p4
1779334708.0,18,1,0.000000,s18_p1
1779334708.0,18,2,0.000000,s18_p2
1779334708.0,18,3,0.000000,s18_p3
1779334708.0,5,4,0.101224,s5_p4
1779334708.0,5,1,0.000000,s5_p1
1779334708.0,5,2,0.000000,s5_p2
1779334708.0,5,3,0.021691,s5_p3
1779334708.0,17,1,0.000000,s17_p1
1779334708.0,17,4,0.892115,s17_p4
1779334708.0,17,2,0.000000,s17_p2
1779334708.0,17,3,0.000000,s17_p3
1779334708.0,12,4,0.000000,s12_p4
1779334708.0,12,1,0.021688,s12_p1
1779334708.0,12,2,0.101211,s12_p2
1779334708.0,12,3,0.000000,s12_p3
1779334708.0,4,4,0.000000,s4_p4
1779334708.0,4,1,0.028915,s4_p1
1779334708.0,4,2,0.101202,s4_p2
1779334708.0,4,3,0.000000,s4_p3
1779334708.0,9,1,0.000000,s9_p1
1779334708.0,9,4,0.000000,s9_p4
1779334708.0,9,2,0.000000,s9_p2
1779334708.0,9,3,0.783269,s9_p3
1779334708.0,19,1,0.000000,s19_p1
1779334708.0,19,4,0.000000,s19_p4
1779334708.0,19,2,0.000000,s19_p2
1779334708.0,19,3,0.000000,s19_p3
1779334708.0,11,4,0.000000,s11_p4
1779334708.0,11,1,0.000000,s11_p1
1779334708.0,11,2,0.028920,s11_p2
1779334708.0,11,3,0.000000,s11_p3
1779334708.0,16,1,0.000000,s16_p1
1779334708.0,16,4,0.000000,s16_p4
1779334708.0,16,2,0.144578,s16_p2
1779334708.0,16,3,0.000000,s16_p3
1779334708.0,6,1,0.000000,s6_p1
1779334708.0,6,4,0.000000,s6_p4
1779334708.0,6,2,0.072417,s6_p2
1779334708.0,6,3,0.000000,s6_p3
1779334708.0,1,4,0.074875,s1_p4
1779334708.0,1,1,0.000000,s1_p1
1779334708.0,1,2,0.000000,s1_p2
1779334708.0,1,3,0.156995,s1_p3
1779334708.0,19,1,0.000000,s19_p1
1779334708.0,19,4,0.000000,s19_p4
1779334708.0,19,2,0.000000,s19_p2
1779334708.0,19,3,0.000000,s19_p3
1779334708.0,14,4,0.494980,s14_p4
1779334708.0,14,1,0.000000,s14_p1
1779334708.0,14,2,0.000000,s14_p2
1779334708.0,14,3,0.000000,s14_p3
1779334708.0,3,4,0.000000,s3_p4
1779334708.0,3,1,0.024163,s3_p1
1779334708.0,3,2,0.000000,s3_p2
1779334708.0,3,3,0.031411,s3_p3
1779334708.0,10,4,0.832792,s10_p4
1779334708.0,10,1,0.000000,s10_p1
1779334708.0,10,2,0.000000,s10_p2
1779334708.0,10,3,0.000000,s10_p3
1779334708.0,7,1,0.154669,s7_p1
1779334708.0,7,4,0.000000,s7_p4
1779334708.0,7,2,0.024167,s7_p2
1779334708.0,7,3,0.000000,s7_p3
1779334708.0,13,1,0.000000,s13_p1
1779334708.0,13,4,0.000000,s13_p4
1779334708.0,13,2,0.000000,s13_p2
1779334708.0,13,3,0.120704,s13_p3
1779334708.0,15,4,0.000000,s15_p4
1779334708.0,15,1,0.181063,s15_p1
1779334708.0,15,2,0.000000,s15_p2
1779334708.0,15,3,0.000000,s15_p3
1779334708.0,8,4,0.000000,s8_p4
1779334708.0,8,1,0.067583,s8_p1
1779334708.0,8,2,0.074824,s8_p2
1779334708.0,8,3,0.000000,s8_p3
1779334708.0,12,4,0.000000,s12_p4
1779334708.0,12,1,0.024153,s12_p1
1779334708.0,12,2,0.099028,s12_p2
1779334708.0,12,3,0.000000,s12_p3
1779334708.0,17,1,0.000000,s17_p1
1779334708.0,17,4,0.893548,s17_p4
1779334708.0,17,2,0.000000,s17_p2
1779334708.0,17,3,0.000000,s17_p3
1779334708.0,4,4,0.000000,s4_p4
1779334708.0,4,1,0.031397,s4_p1
1779334708.0,4,2,0.099023,s4_p2
1779334708.0,4,3,0.000000,s4_p3
1779334708.0,18,4,0.000000,s18_p4
1779334708.0,18,1,0.000000,s18_p1
1779334708.0,18,2,0.000000,s18_p2
1779334708.0,18,3,0.000000,s18_p3
1779334708.0,20,1,0.000000,s20_p1
1779334708.0,20,4,0.711700,s20_p4
1779334708.0,20,2,0.615199,s20_p2
1779334708.0,20,3,0.000000,s20_p3
1779334708.0,5,4,0.098998,s5_p4
1779334708.0,5,1,0.000000,s5_p1
1779334708.0,5,2,0.000000,s5_p2
1779334708.0,5,3,0.024146,s5_p3
1779334708.0,11,4,0.000000,s11_p4
1779334708.0,11,1,0.000000,s11_p1
1779334708.0,11,2,0.031399,s11_p2
1779334708.0,11,3,0.000000,s11_p3
1779334708.0,9,1,0.000000,s9_p1
1779334708.0,9,4,0.000000,s9_p4
1779334708.0,9,2,0.000000,s9_p2
1779334708.0,9,3,0.772774,s9_p3
1779334708.0,2,1,0.000000,s2_p1
1779334708.0,2,4,0.091705,s2_p4
1779334708.0,2,2,0.000000,s2_p2
1779334708.0,2,3,0.000000,s2_p3
1779334708.0,16,1,0.000000,s16_p1
1779334708.0,16,4,0.000000,s16_p4
1779334708.0,16,2,0.142490,s16_p2
1779334708.0,16,3,0.000000,s16_p3
1779334709.0,6,1,0.000000,s6_p1
1779334709.0,6,4,0.000000,s6_p4
1779334709.0,6,2,0.072403,s6_p2
1779334709.0,6,3,0.000000,s6_p3
1779334709.0,14,4,0.506794,s14_p4
1779334709.0,14,1,0.000000,s14_p1
1779334709.0,14,2,0.000000,s14_p2
1779334709.0,14,3,0.000000,s14_p3
1779334709.0,1,4,0.074780,s1_p4
1779334709.0,1,1,0.000000,s1_p1
1779334709.0,1,2,0.000000,s1_p2
1779334709.0,1,3,0.156796,s1_p3
1779334709.0,3,4,0.000000,s3_p4
1779334709.0,3,1,0.021717,s3_p1
1779334709.0,3,2,0.000000,s3_p2
1779334709.0,3,3,0.028956,s3_p3
1779334709.0,20,1,0.000000,s20_p1
1779334709.0,20,4,0.700461,s20_p4
1779334709.0,20,2,0.615923,s20_p2
1779334709.0,20,3,0.000000,s20_p3
1779334709.0,8,4,0.000000,s8_p4
1779334709.0,8,1,0.065169,s8_p1
1779334709.0,8,2,0.074824,s8_p2
1779334709.0,8,3,0.000000,s8_p3
1779334709.0,13,1,0.000000,s13_p1
1779334709.0,13,4,0.000000,s13_p4
1779334709.0,13,2,0.000000,s13_p2
1779334709.0,13,3,0.120668,s13_p3
1779334709.0,7,1,0.156828,s7_p1
1779334709.0,7,4,0.000000,s7_p4
1779334709.0,7,2,0.024127,s7_p2
1779334709.0,7,3,0.000000,s7_p3
1779334709.0,15,4,0.000000,s15_p4
1779334709.0,15,1,0.181005,s15_p1
1779334709.0,15,2,0.000000,s15_p2
1779334709.0,15,3,0.000000,s15_p3
1779334709.0,10,4,0.807846,s10_p4
1779334709.0,10,1,0.000000,s10_p1
1779334709.0,10,2,0.000000,s10_p2
1779334709.0,10,3,0.000000,s10_p3
1779334709.0,4,4,0.000000,s4_p4
1779334709.0,4,1,0.028967,s4_p1
1779334709.0,4,2,0.101385,s4_p2
1779334709.0,4,3,0.000000,s4_p3
1779334709.0,12,4,0.000000,s12_p4
1779334709.0,12,1,0.021722,s12_p1
1779334709.0,12,2,0.101368,s12_p2
1779334709.0,12,3,0.000000,s12_p3
1779334709.0,5,4,0.101381,s5_p4
1779334709.0,5,1,0.000000,s5_p1
1779334709.0,5,2,0.000000,s5_p2
1779334709.0,5,3,0.024138,s5_p3
1779334709.0,18,4,0.000000,s18_p4
1779334709.0,18,1,0.000000,s18_p1
1779334709.0,18,2,0.000000,s18_p2
1779334709.0,18,3,0.000000,s18_p3
1779334709.0,9,1,0.000000,s9_p1
1779334709.0,9,4,0.000000,s9_p4
1779334709.0,9,2,0.000000,s9_p2
1779334709.0,9,3,0.784472,s9_p3
1779334709.0,11,4,0.000000,s11_p4
1779334709.0,11,1,0.000000,s11_p1
1779334709.0,11,2,0.028962,s11_p2
1779334709.0,11,3,0.000000,s11_p3
1779334709.0,16,1,0.000000,s16_p1
1779334709.0,16,4,0.000000,s16_p4
1779334709.0,16,2,0.139993,s16_p2
1779334709.0,16,3,0.000000,s16_p3
1779334709.0,17,1,0.000000,s17_p1
1779334709.0,17,4,0.904659,s17_p4
1779334709.0,17,2,0.000000,s17_p2
1779334709.0,17,3,0.000000,s17_p3
1779334709.0,2,1,0.000000,s2_p1
1779334709.0,2,4,0.086887,s2_p4
1779334709.0,2,2,0.000000,s2_p2
1779334709.0,2,3,0.000000,s2_p3
1779334709.0,19,1,0.000000,s19_p1
1779334709.0,19,4,0.000000,s19_p4
1779334709.0,19,2,0.000000,s19_p2
1779334709.0,19,3,0.000000,s19_p3
1779334709.0,14,4,0.493585,s14_p4
1779334709.0,14,1,0.000000,s14_p1
1779334709.0,14,2,0.000000,s14_p2
1779334709.0,14,3,0.000000,s14_p3
1779334709.0,6,1,0.000000,s6_p1
1779334709.0,6,4,0.000000,s6_p4
1779334709.0,6,2,0.072177,s6_p2
1779334709.0,6,3,0.000000,s6_p3
1779334709.0,13,1,0.000000,s13_p1
1779334709.0,13,4,0.000000,s13_p4
1779334709.0,13,2,0.000000,s13_p2
1779334709.0,13,3,0.120457,s13_p3
1779334709.0,10,4,0.831173,s10_p4
1779334709.0,10,1,0.000000,s10_p1
1779334709.0,10,2,0.000000,s10_p2
1779334709.0,10,3,0.000000,s10_p3
1779334709.0,19,1,0.000000,s19_p1
1779334709.0,19,4,0.000000,s19_p4
1779334709.0,19,2,0.000000,s19_p2
1779334709.0,19,3,0.000000,s19_p3
1779334709.0,7,1,0.156467,s7_p1
1779334709.0,7,4,0.000000,s7_p4
1779334709.0,7,2,0.024072,s7_p2
1779334709.0,7,3,0.000000,s7_p3
1779334709.0,12,4,0.000000,s12_p4
1779334709.0,12,1,0.021674,s12_p1
1779334709.0,12,2,0.098735,s12_p2
1779334709.0,12,3,0.000000,s12_p3
1779334709.0,5,4,0.098735,s5_p4
1779334709.0,5,1,0.000000,s5_p1
1779334709.0,5,2,0.000000,s5_p2
1779334709.0,5,3,0.024082,s5_p3
1779334709.0,20,1,0.000000,s20_p1
1779334709.0,20,4,0.721955,s20_p4
1779334709.0,20,2,0.601629,s20_p2
1779334709.0,20,3,0.000000,s20_p3
1779334709.0,4,4,0.000000,s4_p4
1779334709.0,4,1,0.031301,s4_p1
1779334709.0,4,2,0.098720,s4_p2
1779334709.0,4,3,0.000000,s4_p3
1779334709.0,15,4,0.000000,s15_p4
1779334709.0,15,1,0.180512,s15_p1
1779334709.0,15,2,0.000000,s15_p2
1779334709.0,15,3,0.000000,s15_p3
1779334709.0,3,4,0.000000,s3_p4
1779334709.0,3,1,0.021647,s3_p1
1779334709.0,3,2,0.000000,s3_p2
1779334709.0,3,3,0.031267,s3_p3
1779334709.0,1,4,0.076956,s1_p4
1779334709.0,1,1,0.000000,s1_p1
1779334709.0,1,2,0.000000,s1_p2
1779334709.0,1,3,0.156316,s1_p3
1779334709.0,8,4,0.000000,s8_p4
1779334709.0,8,1,0.067380,s8_p1
1779334709.0,8,2,0.077006,s8_p2
1779334709.0,8,3,0.000000,s8_p3
1779334709.0,18,4,0.000000,s18_p4
1779334709.0,18,1,0.000000,s18_p1
1779334709.0,18,2,0.000000,s18_p2
1779334709.0,18,3,0.000000,s18_p3
1779334709.0,17,1,0.000000,s17_p1
1779334709.0,17,4,0.902950,s17_p4
1779334709.0,17,2,0.000000,s17_p2
1779334709.0,17,3,0.000000,s17_p3
1779334709.0,11,4,0.000000,s11_p4
1779334709.0,11,1,0.000000,s11_p1
1779334709.0,11,2,0.031299,s11_p2
1779334709.0,11,3,0.000000,s11_p3
1779334709.0,9,1,0.000000,s9_p1
1779334709.0,9,4,0.000000,s9_p4
1779334709.0,9,2,0.000000,s9_p2
1779334709.0,9,3,0.782396,s9_p3
1779334709.0,2,1,0.000000,s2_p1
1779334709.0,2,4,0.089082,s2_p4
1779334709.0,2,2,0.000000,s2_p2
1779334709.0,2,3,0.000000,s2_p3
1779334709.0,16,1,0.000000,s16_p1
1779334709.0,16,4,0.000000,s16_p4
1779334709.0,16,2,0.144449,s16_p2
1779334709.0,16,3,0.000000,s16_p3
1779334710.0,6,1,0.000000,s6_p1
1779334710.0,6,4,0.000000,s6_p4
1779334710.0,6,2,0.072618,s6_p2
1779334710.0,6,3,0.000000,s6_p3
1779334710.0,19,1,0.000000,s19_p1
1779334710.0,19,4,0.000000,s19_p4
1779334710.0,19,2,0.000000,s19_p2
1779334710.0,19,3,0.000000,s19_p3
1779334710.0,14,4,0.508141,s14_p4
1779334710.0,14,1,0.000000,s14_p1
1779334710.0,14,2,0.000000,s14_p2
1779334710.0,14,3,0.000000,s14_p3
1779334710.0,3,4,0.000000,s3_p4
1779334710.0,3,1,0.024227,s3_p1
1779334710.0,3,2,0.000000,s3_p2
1779334710.0,3,3,0.029073,s3_p3
1779334710.0,10,4,0.834990,s10_p4
1779334710.0,10,1,0.000000,s10_p1
1779334710.0,10,2,0.000000,s10_p2
1779334710.0,10,3,0.000000,s10_p3
1779334710.0,1,4,0.075059,s1_p4
1779334710.0,1,1,0.000000,s1_p1
1779334710.0,1,2,0.000000,s1_p2
1779334710.0,1,3,0.157382,s1_p3
1779334710.0,20,1,0.000000,s20_p1
1779334710.0,20,4,0.714162,s20_p4
1779334710.0,20,2,0.629431,s20_p2
1779334710.0,20,3,0.000000,s20_p3
1779334710.0,8,4,0.000000,s8_p4
1779334710.0,8,1,0.067791,s8_p1
1779334710.0,8,2,0.075054,s8_p2
1779334710.0,8,3,0.000000,s8_p3
1779334710.0,7,1,0.157329,s7_p1
1779334710.0,7,4,0.000000,s7_p4
1779334710.0,7,2,0.024204,s7_p2
1779334710.0,7,3,0.000000,s7_p3
1779334710.0,4,4,0.000000,s4_p4
1779334710.0,4,1,0.029049,s4_p1
1779334710.0,4,2,0.101672,s4_p2
1779334710.0,4,3,0.000000,s4_p3
1779334710.0,5,4,0.101666,s5_p4
1779334710.0,5,1,0.000000,s5_p1
1779334710.0,5,2,0.000000,s5_p2
1779334710.0,5,3,0.024206,s5_p3
1779334710.0,15,4,0.000000,s15_p4
1779334710.0,15,1,0.181554,s15_p1
1779334710.0,15,2,0.000000,s15_p2
1779334710.0,15,3,0.000000,s15_p3
1779334710.0,13,1,0.000000,s13_p1
1779334710.0,13,4,0.000000,s13_p4
1779334710.0,13,2,0.000000,s13_p2
1779334710.0,13,3,0.120912,s13_p3
1779334710.0,12,4,0.000000,s12_p4
1779334710.0,12,1,0.024193,s12_p1
1779334710.0,12,2,0.101611,s12_p2
1779334710.0,12,3,0.000000,s12_p3
1779334710.0,17,1,0.000000,s17_p1
1779334710.0,17,4,0.907766,s17_p4
1779334710.0,17,2,0.000000,s17_p2
1779334710.0,17,3,0.000000,s17_p3
1779334710.0,16,1,0.000000,s16_p1
1779334710.0,16,4,0.000000,s16_p4
1779334710.0,16,2,0.142837,s16_p2
1779334710.0,16,3,0.000000,s16_p3
1779334710.0,9,1,0.000000,s9_p1
1779334710.0,9,4,0.000000,s9_p4
1779334710.0,9,2,0.000000,s9_p2
1779334710.0,9,3,0.786763,s9_p3
1779334710.0,11,4,0.000000,s11_p4
1779334710.0,11,1,0.000000,s11_p1
1779334710.0,11,2,0.029048,s11_p2
1779334710.0,11,3,0.000000,s11_p3
1779334710.0,18,4,0.000000,s18_p4
1779334710.0,18,1,0.000000,s18_p1
1779334710.0,18,2,0.000000,s18_p2
1779334710.0,18,3,0.000000,s18_p3
1779334710.0,2,1,0.000000,s2_p1
1779334710.0,2,4,0.091987,s2_p4
1779334710.0,2,2,0.000000,s2_p2
1779334710.0,2,3,0.000000,s2_p3
1779334710.0,1,4,0.074981,s1_p4
1779334710.0,1,1,0.000000,s1_p1
1779334710.0,1,2,0.000000,s1_p2
1779334710.0,1,3,0.154799,s1_p3
1779334710.0,14,4,0.495269,s14_p4
1779334710.0,14,1,0.000000,s14_p1
1779334710.0,14,2,0.000000,s14_p2
1779334710.0,14,3,0.000000,s14_p3
1779334710.0,3,4,0.000000,s3_p4
1779334710.0,3,1,0.021743,s3_p1
1779334710.0,3,2,0.000000,s3_p2
1779334710.0,3,3,0.031406,s3_p3
1779334710.0,8,4,0.000000,s8_p4
1779334710.0,8,1,0.065224,s8_p1
1779334710.0,8,2,0.074887,s8_p2
1779334710.0,8,3,0.000000,s8_p3
1779334710.0,10,4,0.808587,s10_p4
1779334710.0,10,1,0.000000,s10_p1
1779334710.0,10,2,0.000000,s10_p2
1779334710.0,10,3,0.000000,s10_p3
1779334710.0,7,1,0.154578,s7_p1
1779334710.0,7,4,0.000000,s7_p4
1779334710.0,7,2,0.021738,s7_p2
1779334710.0,7,3,0.000000,s7_p3
1779334710.0,15,4,0.000000,s15_p4
1779334710.0,15,1,0.176315,s15_p1
1779334710.0,15,2,0.000000,s15_p2
1779334710.0,15,3,0.000000,s15_p3
1779334710.0,13,1,0.000000,s13_p1
1779334710.0,13,4,0.000000,s13_p4
1779334710.0,13,2,0.000000,s13_p2
1779334710.0,13,3,0.108684,s13_p3
1779334710.0,17,1,0.000000,s17_p1
1779334710.0,17,4,0.881295,s17_p4
1779334710.0,17,2,0.000000,s17_p2
1779334710.0,17,3,0.000000,s17_p3
1779334710.0,2,1,0.000000,s2_p1
1779334710.0,2,4,0.086922,s2_p4
1779334710.0,2,2,0.000000,s2_p2
1779334710.0,2,3,0.000000,s2_p3
1779334710.0,20,1,0.000000,s20_p1
1779334710.0,20,4,0.699629,s20_p4
1779334710.0,20,2,0.603129,s20_p2
1779334710.0,20,3,0.000000,s20_p3
1779334710.0,16,1,0.000000,s16_p1
1779334710.0,16,4,0.000000,s16_p4
1779334710.0,16,2,0.140019,s16_p2
1779334710.0,16,3,0.000000,s16_p3
1779334710.0,4,4,0.000000,s4_p4
1779334710.0,4,1,0.031363,s4_p1
1779334710.0,4,2,0.098915,s4_p2
1779334710.0,4,3,0.000000,s4_p3
1779334710.0,5,4,0.098913,s5_p4
1779334710.0,5,1,0.000000,s5_p1
1779334710.0,5,2,0.000000,s5_p2
1779334710.0,5,3,0.021713,s5_p3
1779334710.0,18,4,0.000000,s18_p4
1779334710.0,18,1,0.000000,s18_p1
1779334710.0,18,2,0.000000,s18_p2
1779334710.0,18,3,0.000000,s18_p3
1779334710.0,12,4,0.000000,s12_p4
1779334710.0,12,1,0.021721,s12_p1
1779334710.0,12,2,0.098952,s12_p2
1779334710.0,12,3,0.000000,s12_p3
1779334710.0,9,1,0.000000,s9_p1
1779334710.0,9,4,0.000000,s9_p4
1779334710.0,9,2,0.000000,s9_p2
1779334710.0,9,3,0.784186,s9_p3
1779334710.0,19,1,0.000000,s19_p1
1779334710.0,19,4,0.000000,s19_p4
1779334710.0,19,2,0.000000,s19_p2
1779334710.0,19,3,0.000000,s19_p3
1779334710.0,6,1,0.000000,s6_p1
1779334710.0,6,4,0.000000,s6_p4
1779334710.0,6,2,0.072265,s6_p2
1779334710.0,6,3,0.000000,s6_p3
1779334710.0,11,4,0.000000,s11_p4
1779334710.0,11,1,0.000000,s11_p1
1779334710.0,11,2,0.031365,s11_p2
1779334710.0,11,3,0.000000,s11_p3
1779334711.0,8,4,0.000000,s8_p4
1779334711.0,8,1,0.067785,s8_p1
1779334711.0,8,2,0.075048,s8_p2
1779334711.0,8,3,0.000000,s8_p3
1779334711.0,6,1,0.000000,s6_p1
1779334711.0,6,4,0.000000,s6_p4
1779334711.0,6,2,0.072729,s6_p2
1779334711.0,6,3,0.000000,s6_p3
1779334711.0,14,4,0.507663,s14_p4
1779334711.0,14,1,0.000000,s14_p1
1779334711.0,14,2,0.000000,s14_p2
1779334711.0,14,3,0.000000,s14_p3
1779334711.0,7,1,0.157295,s7_p1
1779334711.0,7,4,0.000000,s7_p4
1779334711.0,7,2,0.024199,s7_p2
1779334711.0,7,3,0.000000,s7_p3
1779334711.0,17,1,0.000000,s17_p1
1779334711.0,17,4,0.907693,s17_p4
1779334711.0,17,2,0.000000,s17_p2
1779334711.0,17,3,0.000000,s17_p3
1779334711.0,16,1,0.000000,s16_p1
1779334711.0,16,4,0.000000,s16_p4
1779334711.0,16,2,0.142827,s16_p2
1779334711.0,16,3,0.000000,s16_p3
1779334711.0,12,4,0.000000,s12_p4
1779334711.0,12,1,0.021790,s12_p1
1779334711.0,12,2,0.101688,s12_p2
1779334711.0,12,3,0.000000,s12_p3
1779334711.0,5,4,0.101674,s5_p4
1779334711.0,5,1,0.000000,s5_p1
1779334711.0,5,2,0.000000,s5_p2
1779334711.0,5,3,0.024208,s5_p3
1779334711.0,2,1,0.000000,s2_p1
1779334711.0,2,4,0.089557,s2_p4
1779334711.0,2,2,0.000000,s2_p2
1779334711.0,2,3,0.000000,s2_p3
1779334711.0,1,4,0.074811,s1_p4
1779334711.0,1,1,0.000000,s1_p1
1779334711.0,1,2,0.000000,s1_p2
1779334711.0,1,3,0.156862,s1_p3
1779334711.0,19,1,0.000000,s19_p1
1779334711.0,19,4,0.000000,s19_p4
1779334711.0,19,2,0.000000,s19_p2
1779334711.0,19,3,0.000000,s19_p3
1779334711.0,9,1,0.000000,s9_p1
1779334711.0,9,4,0.000000,s9_p4
1779334711.0,9,2,0.000000,s9_p2
1779334711.0,9,3,0.774667,s9_p3
1779334711.0,15,4,0.000000,s15_p4
1779334711.0,15,1,0.181262,s15_p1
1779334711.0,15,2,0.000000,s15_p2
1779334711.0,15,3,0.000000,s15_p3
1779334711.0,10,4,0.821565,s10_p4
1779334711.0,10,1,0.000000,s10_p1
1779334711.0,10,2,0.000000,s10_p2
1779334711.0,10,3,0.000000,s10_p3
1779334711.0,20,1,0.000000,s20_p1
1779334711.0,20,4,0.713372,s20_p4
1779334711.0,20,2,0.616643,s20_p2
1779334711.0,20,3,0.000000,s20_p3
1779334711.0,4,4,0.000000,s4_p4
1779334711.0,4,1,0.029019,s4_p1
1779334711.0,4,2,0.101565,s4_p2
1779334711.0,4,3,0.000000,s4_p3
1779334711.0,3,4,0.000000,s3_p4
1779334711.0,3,1,0.021717,s3_p1
1779334711.0,3,2,0.000000,s3_p2
1779334711.0,3,3,0.028956,s3_p3
1779334711.0,13,1,0.000000,s13_p1
1779334711.0,13,4,0.000000,s13_p4
1779334711.0,13,2,0.000000,s13_p2
1779334711.0,13,3,0.120779,s13_p3
1779334711.0,18,4,0.000000,s18_p4
1779334711.0,18,1,0.000000,s18_p1
1779334711.0,18,2,0.000000,s18_p2
1779334711.0,18,3,0.000000,s18_p3
1779334711.0,11,4,0.000000,s11_p4
1779334711.0,11,1,0.000000,s11_p1
1779334711.0,11,2,0.029031,s11_p2
1779334711.0,11,3,0.000000,s11_p3
1779334711.0,10,4,0.846554,s10_p4
1779334711.0,10,1,0.000000,s10_p1
1779334711.0,10,2,0.000000,s10_p2
1779334711.0,10,3,0.000000,s10_p3
1779334711.0,14,4,0.495052,s14_p4
1779334711.0,14,1,0.000000,s14_p1
1779334711.0,14,2,0.000000,s14_p2
1779334711.0,14,3,0.000000,s14_p3
1779334711.0,19,1,0.000000,s19_p1
1779334711.0,19,4,0.000000,s19_p4
1779334711.0,19,2,0.000000,s19_p2
1779334711.0,19,3,0.000000,s19_p3
1779334711.0,15,4,0.000000,s15_p4
1779334711.0,15,1,0.181352,s15_p1
1779334711.0,15,2,0.000000,s15_p2
1779334711.0,15,3,0.000000,s15_p3
1779334711.0,1,4,0.077364,s1_p4
1779334711.0,1,1,0.000000,s1_p1
1779334711.0,1,2,0.000000,s1_p2
1779334711.0,1,3,0.157147,s1_p3
1779334711.0,6,1,0.000000,s6_p1
1779334711.0,6,4,0.000000,s6_p4
1779334711.0,6,2,0.072436,s6_p2
1779334711.0,6,3,0.000000,s6_p3
1779334711.0,13,1,0.000000,s13_p1
1779334711.0,13,4,0.000000,s13_p4
1779334711.0,13,2,0.000000,s13_p2
1779334711.0,13,3,0.120865,s13_p3
1779334711.0,12,4,0.000000,s12_p4
1779334711.0,12,1,0.024144,s12_p1
1779334711.0,12,2,0.098992,s12_p2
1779334711.0,12,3,0.000000,s12_p3
1779334711.0,5,4,0.098991,s5_p4
1779334711.0,5,1,0.000000,s5_p1
1779334711.0,5,2,0.000000,s5_p2
1779334711.0,5,3,0.024144,s5_p3
1779334711.0,7,1,0.156806,s7_p1
1779334711.0,7,4,0.000000,s7_p4
1779334711.0,7,2,0.024124,s7_p2
1779334711.0,7,3,0.000000,s7_p3
1779334711.0,20,1,0.000000,s20_p1
1779334711.0,20,4,0.725009,s20_p4
1779334711.0,20,2,0.616258,s20_p2
1779334711.0,20,3,0.000000,s20_p3
1779334711.0,17,1,0.000000,s17_p1
1779334711.0,17,4,0.905235,s17_p4
1779334711.0,17,2,0.000000,s17_p2
1779334711.0,17,3,0.000000,s17_p3
1779334711.0,16,1,0.000000,s16_p1
1779334711.0,16,4,0.000000,s16_p4
1779334711.0,16,2,0.144843,s16_p2
1779334711.0,16,3,0.000000,s16_p3
1779334711.0,18,4,0.000000,s18_p4
1779334711.0,18,1,0.000000,s18_p1
1779334711.0,18,2,0.000000,s18_p2
1779334711.0,18,3,0.000000,s18_p3
1779334711.0,4,4,0.000000,s4_p4
1779334711.0,4,1,0.031414,s4_p1
1779334711.0,4,2,0.099076,s4_p2
1779334711.0,4,3,0.000000,s4_p3
1779334711.0,11,4,0.000000,s11_p4
1779334711.0,11,1,0.000000,s11_p1
1779334711.0,11,2,0.031420,s11_p2
1779334711.0,11,3,0.000000,s11_p3
1779334711.0,3,4,0.000000,s3_p4
1779334711.0,3,1,0.024164,s3_p1
1779334711.0,3,2,0.000000,s3_p2
1779334711.0,3,3,0.031414,s3_p3
1779334711.0,2,1,0.000000,s2_p1
1779334711.0,2,4,0.091727,s2_p4
1779334711.0,2,2,0.000000,s2_p2
1779334711.0,2,3,0.000000,s2_p3
1779334711.0,8,4,0.000000,s8_p4
1779334711.0,8,1,0.067490,s8_p1
1779334711.0,8,2,0.077131,s8_p2
1779334711.0,8,3,0.000000,s8_p3
1779334711.0,9,1,0.000000,s9_p1
1779334711.0,9,4,0.000000,s9_p4
1779334711.0,9,2,0.000000,s9_p2
1779334711.0,9,3,0.784724,s9_p3
1779334712.0,1,4,0.074936,s1_p4
1779334712.0,1,1,0.000000,s1_p1
1779334712.0,1,2,0.000000,s1_p2
1779334712.0,1,3,0.157125,s1_p3
1779334712.0,6,1,0.000000,s6_p1
1779334712.0,6,4,0.000000,s6_p4
1779334712.0,6,2,0.070091,s6_p2
1779334712.0,6,3,0.000000,s6_p3
1779334712.0,3,4,0.000000,s3_p4
1779334712.0,3,1,0.021766,s3_p1
1779334712.0,3,2,0.000000,s3_p2
1779334712.0,3,3,0.029021,s3_p3
1779334712.0,13,1,0.000000,s13_p1
1779334712.0,13,4,0.000000,s13_p4
1779334712.0,13,2,0.000000,s13_p2
1779334712.0,13,3,0.120871,s13_p3
1779334712.0,15,4,0.000000,s15_p4
1779334712.0,15,1,0.181143,s15_p1
1779334712.0,15,2,0.000000,s15_p2
1779334712.0,15,3,0.000000,s15_p3
1779334712.0,10,4,0.808910,s10_p4
1779334712.0,10,1,0.000000,s10_p1
1779334712.0,10,2,0.000000,s10_p2
1779334712.0,10,3,0.000000,s10_p3
1779334712.0,14,4,0.507146,s14_p4
1779334712.0,14,1,0.000000,s14_p1
1779334712.0,14,2,0.000000,s14_p2
1779334712.0,14,3,0.000000,s14_p3
1779334712.0,12,4,0.000000,s12_p4
1779334712.0,12,1,0.021749,s12_p1
1779334712.0,12,2,0.101494,s12_p2
1779334712.0,12,3,0.000000,s12_p3
1779334712.0,20,1,0.000000,s20_p1
1779334712.0,20,4,0.712869,s20_p4
1779334712.0,20,2,0.616208,s20_p2
1779334712.0,20,3,0.000000,s20_p3
1779334712.0,8,4,0.000000,s8_p4
1779334712.0,8,1,0.065258,s8_p1
1779334712.0,8,2,0.074926,s8_p2
1779334712.0,8,3,0.000000,s8_p3
1779334712.0,5,4,0.101483,s5_p4
1779334712.0,5,1,0.000000,s5_p1
1779334712.0,5,2,0.000000,s5_p2
1779334712.0,5,3,0.024163,s5_p3
1779334712.0,2,1,0.000000,s2_p1
1779334712.0,2,4,0.089391,s2_p4
1779334712.0,2,2,0.000000,s2_p2
1779334712.0,2,3,0.000000,s2_p3
1779334712.0,4,4,0.000000,s4_p4
1779334712.0,4,1,0.028988,s4_p1
1779334712.0,4,2,0.101459,s4_p2
1779334712.0,4,3,0.000000,s4_p3
1779334712.0,7,1,0.156990,s7_p1
1779334712.0,7,4,0.000000,s7_p4
1779334712.0,7,2,0.024152,s7_p2
1779334712.0,7,3,0.000000,s7_p3
1779334712.0,16,1,0.000000,s16_p1
1779334712.0,16,4,0.000000,s16_p4
1779334712.0,16,2,0.142507,s16_p2
1779334712.0,16,3,0.000000,s16_p3
1779334712.0,11,4,0.000000,s11_p4
1779334712.0,11,1,0.000000,s11_p1
1779334712.0,11,2,0.028978,s11_p2
1779334712.0,11,3,0.000000,s11_p3
1779334712.0,17,1,0.000000,s17_p1
1779334712.0,17,4,0.905367,s17_p4
1779334712.0,17,2,0.000000,s17_p2
1779334712.0,17,3,0.000000,s17_p3
1779334712.0,9,1,0.000000,s9_p1
1779334712.0,9,4,0.000000,s9_p4
1779334712.0,9,2,0.000000,s9_p2
1779334712.0,9,3,0.784908,s9_p3
1779334712.0,19,1,0.000000,s19_p1
1779334712.0,19,4,0.000000,s19_p4
1779334712.0,19,2,0.000000,s19_p2
1779334712.0,19,3,0.000000,s19_p3
1779334712.0,18,4,0.000000,s18_p4
1779334712.0,18,1,0.000000,s18_p1
1779334712.0,18,2,0.000000,s18_p2
1779334712.0,18,3,0.000000,s18_p3
1779334712.0,19,1,0.000000,s19_p1
1779334712.0,19,4,0.000000,s19_p4
1779334712.0,19,2,0.000000,s19_p2
1779334712.0,19,3,0.000000,s19_p3
1779334712.0,6,1,0.000000,s6_p1
1779334712.0,6,4,0.000000,s6_p4
1779334712.0,6,2,0.072440,s6_p2
1779334712.0,6,3,0.000000,s6_p3
1779334712.0,3,4,0.000000,s3_p4
1779334712.0,3,1,0.024158,s3_p1
1779334712.0,3,2,0.000000,s3_p2
1779334712.0,3,3,0.031405,s3_p3
1779334712.0,1,4,0.074834,s1_p4
1779334712.0,1,1,0.000000,s1_p1
1779334712.0,1,2,0.000000,s1_p2
1779334712.0,1,3,0.154495,s1_p3
1779334712.0,10,4,0.833506,s10_p4
1779334712.0,10,1,0.000000,s10_p1
1779334712.0,10,2,0.000000,s10_p2
1779334712.0,10,3,0.000000,s10_p3
1779334712.0,8,4,0.000000,s8_p4
1779334712.0,8,1,0.067650,s8_p1
1779334712.0,8,2,0.074898,s8_p2
1779334712.0,8,3,0.000000,s8_p3
1779334712.0,5,4,0.099055,s5_p4
1779334712.0,5,1,0.000000,s5_p1
1779334712.0,5,2,0.000000,s5_p2
1779334712.0,5,3,0.024160,s5_p3
1779334712.0,14,4,0.495014,s14_p4
1779334712.0,14,1,0.000000,s14_p1
1779334712.0,14,2,0.000000,s14_p2
1779334712.0,14,3,0.000000,s14_p3
1779334712.0,15,4,0.000000,s15_p4
1779334712.0,15,1,0.178676,s15_p1
1779334712.0,15,2,0.000000,s15_p2
1779334712.0,15,3,0.000000,s15_p3
1779334712.0,12,4,0.000000,s12_p4
1779334712.0,12,1,0.024155,s12_p1
1779334712.0,12,2,0.099035,s12_p2
1779334712.0,12,3,0.000000,s12_p3
1779334712.0,7,1,0.154595,s7_p1
1779334712.0,7,4,0.000000,s7_p4
1779334712.0,7,2,0.024155,s7_p2
1779334712.0,7,3,0.000000,s7_p3
1779334712.0,11,4,0.000000,s11_p4
1779334712.0,11,1,0.000000,s11_p1
1779334712.0,11,2,0.031412,s11_p2
1779334712.0,11,3,0.000000,s11_p3
1779334712.0,20,1,0.000000,s20_p1
1779334712.0,20,4,0.700091,s20_p4
1779334712.0,20,2,0.615597,s20_p2
1779334712.0,20,3,0.000000,s20_p3
1779334712.0,2,1,0.000000,s2_p1
1779334712.0,2,4,0.089357,s2_p4
1779334712.0,2,2,0.000000,s2_p2
1779334712.0,2,3,0.000000,s2_p3
1779334712.0,4,4,0.000000,s4_p4
1779334712.0,4,1,0.031397,s4_p1
1779334712.0,4,2,0.099020,s4_p2
1779334712.0,4,3,0.000000,s4_p3
1779334712.0,13,1,0.000000,s13_p1
1779334712.0,13,4,0.000000,s13_p4
1779334712.0,13,2,0.000000,s13_p2
1779334712.0,13,3,0.120633,s13_p3
1779334712.0,18,4,0.000000,s18_p4
1779334712.0,18,1,0.000000,s18_p1
1779334712.0,18,2,0.000000,s18_p2
1779334712.0,18,3,0.000000,s18_p3
1779334712.0,16,1,0.000000,s16_p1
1779334712.0,16,4,0.000000,s16_p4
1779334712.0,16,2,0.140077,s16_p2
1779334712.0,16,3,0.000000,s16_p3
1779334712.0,17,1,0.000000,s17_p1
1779334712.0,17,4,0.893930,s17_p4
1779334712.0,17,2,0.000000,s17_p2
1779334712.0,17,3,0.000000,s17_p3
1779334712.0,9,1,0.000000,s9_p1
1779334712.0,9,4,0.000000,s9_p4
1779334712.0,9,2,0.000000,s9_p2
1779334712.0,9,3,0.773054,s9_p3
1779334713.0,20,1,0.000000,s20_p1
1779334713.0,20,4,0.711413,s20_p4
1779334713.0,20,2,0.614950,s20_p2
1779334713.0,20,3,0.000000,s20_p3
1779334713.0,14,4,0.506003,s14_p4
1779334713.0,14,1,0.000000,s14_p1
1779334713.0,14,2,0.000000,s14_p2
1779334713.0,14,3,0.000000,s14_p3
1779334713.0,8,4,0.000000,s8_p4
1779334713.0,8,1,0.067459,s8_p1
1779334713.0,8,2,0.074687,s8_p2
1779334713.0,8,3,0.000000,s8_p3
1779334713.0,10,4,0.818746,s10_p4
1779334713.0,10,1,0.000000,s10_p1
1779334713.0,10,2,0.000000,s10_p2
1779334713.0,10,3,0.000000,s10_p3
1779334713.0,1,4,0.074646,s1_p4
1779334713.0,1,1,0.000000,s1_p1
1779334713.0,1,2,0.000000,s1_p2
1779334713.0,1,3,0.156515,s1_p3
1779334713.0,15,4,0.000000,s15_p4
1779334713.0,15,1,0.180699,s15_p1
1779334713.0,15,2,0.000000,s15_p2
1779334713.0,15,3,0.000000,s15_p3
1779334713.0,6,1,0.000000,s6_p1
1779334713.0,6,4,0.000000,s6_p4
1779334713.0,6,2,0.072227,s6_p2
1779334713.0,6,3,0.000000,s6_p3
1779334713.0,4,4,0.000000,s4_p4
1779334713.0,4,1,0.028931,s4_p1
1779334713.0,4,2,0.101258,s4_p2
1779334713.0,4,3,0.000000,s4_p3
1779334713.0,12,4,0.000000,s12_p4
1779334713.0,12,1,0.021682,s12_p1
1779334713.0,12,2,0.101182,s12_p2
1779334713.0,12,3,0.000000,s12_p3
1779334713.0,3,4,0.000000,s3_p4
1779334713.0,3,1,0.021667,s3_p1
1779334713.0,3,2,0.000000,s3_p2
1779334713.0,3,3,0.028890,s3_p3
1779334713.0,13,1,0.000000,s13_p1
1779334713.0,13,4,0.000000,s13_p4
1779334713.0,13,2,0.000000,s13_p2
1779334713.0,13,3,0.120536,s13_p3
1779334713.0,7,1,0.156667,s7_p1
1779334713.0,7,4,0.000000,s7_p4
1779334713.0,7,2,0.024103,s7_p2
1779334713.0,7,3,0.000000,s7_p3
1779334713.0,9,1,0.000000,s9_p1
1779334713.0,9,4,0.000000,s9_p4
1779334713.0,9,2,0.000000,s9_p2
1779334713.0,9,3,0.783141,s9_p3
1779334713.0,16,1,0.000000,s16_p1
1779334713.0,16,4,0.000000,s16_p4
1779334713.0,16,2,0.142139,s16_p2
1779334713.0,16,3,0.000000,s16_p3
1779334713.0,19,1,0.000000,s19_p1
1779334713.0,19,4,0.000000,s19_p4
1779334713.0,19,2,0.000000,s19_p2
1779334713.0,19,3,0.000000,s19_p3
1779334713.0,2,1,0.000000,s2_p1
1779334713.0,2,4,0.089126,s2_p4
1779334713.0,2,2,0.000000,s2_p2
1779334713.0,2,3,0.000000,s2_p3
1779334713.0,18,4,0.000000,s18_p4
1779334713.0,18,1,0.000000,s18_p1
1779334713.0,18,2,0.000000,s18_p2
1779334713.0,18,3,0.000000,s18_p3
1779334713.0,5,4,0.101089,s5_p4
1779334713.0,5,1,0.000000,s5_p1
1779334713.0,5,2,0.000000,s5_p2
1779334713.0,5,3,0.024069,s5_p3
1779334713.0,17,1,0.000000,s17_p1
1779334713.0,17,4,0.903329,s17_p4
1779334713.0,17,2,0.000000,s17_p2
1779334713.0,17,3,0.000000,s17_p3
1779334713.0,11,4,0.000000,s11_p4
1779334713.0,11,1,0.000000,s11_p1
1779334713.0,11,2,0.028901,s11_p2
1779334713.0,11,3,0.000000,s11_p3
1779334713.0,6,1,0.000000,s6_p1
1779334713.0,6,4,0.000000,s6_p4
1779334713.0,6,2,0.072703,s6_p2
1779334713.0,6,3,0.000000,s6_p3
1779334713.0,1,4,0.077526,s1_p4
1779334713.0,1,1,0.000000,s1_p1
1779334713.0,1,2,0.000000,s1_p2
1779334713.0,1,3,0.157475,s1_p3
1779334713.0,10,4,0.834819,s10_p4
1779334713.0,10,1,0.000000,s10_p1
1779334713.0,10,2,0.000000,s10_p2
1779334713.0,10,3,0.000000,s10_p3
1779334713.0,14,4,0.495933,s14_p4
1779334713.0,14,1,0.000000,s14_p1
1779334713.0,14,2,0.000000,s14_p2
1779334713.0,14,3,0.000000,s14_p3
1779334713.0,15,4,0.000000,s15_p4
1779334713.0,15,1,0.179030,s15_p1
1779334713.0,15,2,0.000000,s15_p2
1779334713.0,15,3,0.000000,s15_p3
1779334713.0,8,4,0.000000,s8_p4
1779334713.0,8,1,0.067734,s8_p1
1779334713.0,8,2,0.077410,s8_p2
1779334713.0,8,3,0.000000,s8_p3
1779334713.0,3,4,0.000000,s3_p4
1779334713.0,3,1,0.021775,s3_p1
1779334713.0,3,2,0.000000,s3_p2
1779334713.0,3,3,0.031452,s3_p3
1779334713.0,16,1,0.000000,s16_p1
1779334713.0,16,4,0.000000,s16_p4
1779334713.0,16,2,0.145121,s16_p2
1779334713.0,16,3,0.000000,s16_p3
1779334713.0,17,1,0.000000,s17_p1
1779334713.0,17,4,0.894950,s17_p4
1779334713.0,17,2,0.000000,s17_p2
1779334713.0,17,3,0.000000,s17_p3
1779334713.0,20,1,0.000000,s20_p1
1779334713.0,20,4,0.724698,s20_p4
1779334713.0,20,2,0.603915,s20_p2
1779334713.0,20,3,0.000000,s20_p3
1779334713.0,2,1,0.000000,s2_p1
1779334713.0,2,4,0.089483,s2_p4
1779334713.0,2,2,0.000000,s2_p2
1779334713.0,2,3,0.000000,s2_p3
1779334713.0,4,4,0.000000,s4_p4
1779334713.0,4,1,0.031412,s4_p1
1779334713.0,4,2,0.099067,s4_p2
1779334713.0,4,3,0.000000,s4_p3
1779334713.0,13,1,0.000000,s13_p1
1779334713.0,13,4,0.000000,s13_p4
1779334713.0,13,2,0.000000,s13_p2
1779334713.0,13,3,0.108738,s13_p3
1779334713.0,18,4,0.000000,s18_p4
1779334713.0,18,1,0.000000,s18_p1
1779334713.0,18,2,0.000000,s18_p2
1779334713.0,18,3,0.000000,s18_p3
1779334713.0,12,4,0.000000,s12_p4
1779334713.0,12,1,0.021744,s12_p1
1779334713.0,12,2,0.099058,s12_p2
1779334713.0,12,3,0.000000,s12_p3
1779334713.0,7,1,0.157046,s7_p1
1779334713.0,7,4,0.000000,s7_p4
1779334713.0,7,2,0.021745,s7_p2
1779334713.0,7,3,0.000000,s7_p3
1779334713.0,5,4,0.099132,s5_p4
1779334713.0,5,1,0.000000,s5_p1
1779334713.0,5,2,0.000000,s5_p2
1779334713.0,5,3,0.021761,s5_p3
1779334713.0,11,4,0.000000,s11_p4
1779334713.0,11,1,0.000000,s11_p1
1779334713.0,11,2,0.031423,s11_p2
1779334713.0,11,3,0.000000,s11_p3
1779334713.0,19,1,0.000000,s19_p1
1779334713.0,19,4,0.000000,s19_p4
1779334713.0,19,2,0.000000,s19_p2
1779334713.0,19,3,0.000000,s19_p3
1779334713.0,9,1,0.000000,s9_p1
1779334713.0,9,4,0.000000,s9_p4
1779334713.0,9,2,0.000000,s9_p2
1779334713.0,9,3,0.785325,s9_p3
1779334714.0,6,1,0.000000,s6_p1
1779334714.0,6,4,0.000000,s6_p4
1779334714.0,6,2,0.072492,s6_p2
1779334714.0,6,3,0.000000,s6_p3
1779334714.0,1,4,0.074917,s1_p4
1779334714.0,1,1,0.000000,s1_p1
1779334714.0,1,2,0.000000,s1_p2
1779334714.0,1,3,0.154668,s1_p3
1779334714.0,14,4,0.508166,s14_p4
1779334714.0,14,1,0.000000,s14_p1
1779334714.0,14,2,0.000000,s14_p2
1779334714.0,14,3,0.000000,s14_p3
1779334714.0,10,4,0.821980,s10_p4
1779334714.0,10,1,0.000000,s10_p1
1779334714.0,10,2,0.000000,s10_p2
1779334714.0,10,3,0.000000,s10_p3
1779334714.0,4,4,0.000000,s4_p4
1779334714.0,4,1,0.029054,s4_p1
1779334714.0,4,2,0.101690,s4_p2
1779334714.0,4,3,0.000000,s4_p3
1779334714.0,7,1,0.157404,s7_p1
1779334714.0,7,4,0.000000,s7_p4
1779334714.0,7,2,0.024216,s7_p2
1779334714.0,7,3,0.000000,s7_p3
1779334714.0,20,1,0.000000,s20_p1
1779334714.0,20,4,0.702054,s20_p4
1779334714.0,20,2,0.629428,s20_p2
1779334714.0,20,3,0.000000,s20_p3
1779334714.0,3,4,0.000000,s3_p4
1779334714.0,3,1,0.024180,s3_p1
1779334714.0,3,2,0.000000,s3_p2
1779334714.0,3,3,0.029017,s3_p3
1779334714.0,8,4,0.000000,s8_p4
1779334714.0,8,1,0.065281,s8_p1
1779334714.0,8,2,0.074953,s8_p2
1779334714.0,8,3,0.000000,s8_p3
1779334714.0,13,1,0.000000,s13_p1
1779334714.0,13,4,0.000000,s13_p4
1779334714.0,13,2,0.000000,s13_p2
1779334714.0,13,3,0.121051,s13_p3
1779334714.0,15,4,0.000000,s15_p4
1779334714.0,15,1,0.178906,s15_p1
1779334714.0,15,2,0.000000,s15_p2
1779334714.0,15,3,0.000000,s15_p3
1779334714.0,12,4,0.000000,s12_p4
1779334714.0,12,1,0.024201,s12_p1
1779334714.0,12,2,0.101644,s12_p2
1779334714.0,12,3,0.000000,s12_p3
1779334714.0,2,1,0.000000,s2_p1
1779334714.0,2,4,0.089518,s2_p4
1779334714.0,2,2,0.000000,s2_p2
1779334714.0,2,3,0.000000,s2_p3
1779334714.0,18,4,0.000000,s18_p4
1779334714.0,18,1,0.000000,s18_p1
1779334714.0,18,2,0.000000,s18_p2
1779334714.0,18,3,0.000000,s18_p3
1779334714.0,17,1,0.000000,s17_p1
1779334714.0,17,4,0.907157,s17_p4
1779334714.0,17,2,0.000000,s17_p2
1779334714.0,17,3,0.000000,s17_p3
1779334714.0,5,4,0.101634,s5_p4
1779334714.0,5,1,0.000000,s5_p1
1779334714.0,5,2,0.000000,s5_p2
1779334714.0,5,3,0.024199,s5_p3
1779334714.0,16,1,0.000000,s16_p1
1779334714.0,16,4,0.000000,s16_p4
1779334714.0,16,2,0.140283,s16_p2
1779334714.0,16,3,0.000000,s16_p3
1779334714.0,11,4,0.000000,s11_p4
1779334714.0,11,1,0.000000,s11_p1
1779334714.0,11,2,0.029045,s11_p2
1779334714.0,11,3,0.000000,s11_p3
1779334714.0,9,1,0.000000,s9_p1
1779334714.0,9,4,0.000000,s9_p4
1779334714.0,9,2,0.000000,s9_p2
1779334714.0,9,3,0.786564,s9_p3
1779334714.0,19,1,0.000000,s19_p1
1779334714.0,19,4,0.000000,s19_p4
1779334714.0,19,2,0.000000,s19_p2
1779334714.0,19,3,0.000000,s19_p3
1779334714.0,15,4,0.000000,s15_p4
1779334714.0,15,1,0.181467,s15_p1
1779334714.0,15,2,0.000000,s15_p2
1779334714.0,15,3,0.000000,s15_p3
1779334714.0,8,4,0.000000,s8_p4
1779334714.0,8,1,0.067735,s8_p1
1779334714.0,8,2,0.074992,s8_p2
1779334714.0,8,3,0.000000,s8_p3
1779334714.0,10,4,0.822330,s10_p4
1779334714.0,10,1,0.000000,s10_p1
1779334714.0,10,2,0.000000,s10_p2
1779334714.0,10,3,0.000000,s10_p3
1779334714.0,1,4,0.074914,s1_p4
1779334714.0,1,1,0.000000,s1_p1
1779334714.0,1,2,0.000000,s1_p2
1779334714.0,1,3,0.157078,s1_p3
1779334714.0,14,4,0.495126,s14_p4
1779334714.0,14,1,0.000000,s14_p1
1779334714.0,14,2,0.000000,s14_p2
1779334714.0,14,3,0.000000,s14_p3
1779334714.0,3,4,0.000000,s3_p4
1779334714.0,3,1,0.021755,s3_p1
1779334714.0,3,2,0.000000,s3_p2
1779334714.0,3,3,0.031424,s3_p3
1779334714.0,5,4,0.099176,s5_p4
1779334714.0,5,1,0.000000,s5_p1
1779334714.0,5,2,0.000000,s5_p2
1779334714.0,5,3,0.024189,s5_p3
1779334714.0,20,1,0.000000,s20_p1
1779334714.0,20,4,0.713034,s20_p4
1779334714.0,20,2,0.604266,s20_p2
1779334714.0,20,3,0.000000,s20_p3
1779334714.0,12,4,0.000000,s12_p4
1779334714.0,12,1,0.021765,s12_p1
1779334714.0,12,2,0.099152,s12_p2
1779334714.0,12,3,0.000000,s12_p3
1779334714.0,17,1,0.000000,s17_p1
1779334714.0,17,4,0.894356,s17_p4
1779334714.0,17,2,0.000000,s17_p2
1779334714.0,17,3,0.000000,s17_p3
1779334714.0,9,1,0.000000,s9_p1
1779334714.0,9,4,0.000000,s9_p4
1779334714.0,9,2,0.000000,s9_p2
1779334714.0,9,3,0.773702,s9_p3
1779334714.0,6,1,0.000000,s6_p1
1779334714.0,6,4,0.000000,s6_p4
1779334714.0,6,2,0.072380,s6_p2
1779334714.0,6,3,0.000000,s6_p3
1779334714.0,19,1,0.000000,s19_p1
1779334714.0,19,4,0.000000,s19_p4
1779334714.0,19,2,0.000000,s19_p2
1779334714.0,19,3,0.000000,s19_p3
1779334714.0,7,1,0.154566,s7_p1
1779334714.0,7,4,0.000000,s7_p4
1779334714.0,7,2,0.024151,s7_p2
1779334714.0,7,3,0.000000,s7_p3
1779334714.0,13,1,0.000000,s13_p1
1779334714.0,13,4,0.000000,s13_p4
1779334714.0,13,2,0.000000,s13_p2
1779334714.0,13,3,0.120762,s13_p3
1779334714.0,16,1,0.000000,s16_p1
1779334714.0,16,4,0.000000,s16_p4
1779334714.0,16,2,0.142599,s16_p2
1779334714.0,16,3,0.000000,s16_p3
1779334714.0,18,4,0.000000,s18_p4
1779334714.0,18,1,0.000000,s18_p1
1779334714.0,18,2,0.000000,s18_p2
1779334714.0,18,3,0.000000,s18_p3
1779334714.0,2,1,0.000000,s2_p1
1779334714.0,2,4,0.089408,s2_p4
1779334714.0,2,2,0.000000,s2_p2
1779334714.0,2,3,0.000000,s2_p3
1779334714.0,11,4,0.000000,s11_p4
1779334714.0,11,1,0.000000,s11_p1
1779334714.0,11,2,0.031419,s11_p2
1779334714.0,11,3,0.000000,s11_p3
1779334714.0,4,4,0.000000,s4_p4
1779334714.0,4,1,0.031387,s4_p1
1779334714.0,4,2,0.098989,s4_p2
1779334714.0,4,3,0.000000,s4_p3
1779334715.0,6,1,0.000000,s6_p1
1779334715.0,6,4,0.000000,s6_p4
1779334715.0,6,2,0.072409,s6_p2
1779334715.0,6,3,0.000000,s6_p3
1779334715.0,19,1,0.000000,s19_p1
1779334715.0,19,4,0.000000,s19_p4
1779334715.0,19,2,0.000000,s19_p2
1779334715.0,19,3,0.000000,s19_p3
1779334715.0,1,4,0.074698,s1_p4
1779334715.0,1,1,0.000000,s1_p1
1779334715.0,1,2,0.000000,s1_p2
1779334715.0,1,3,0.156624,s1_p3
1779334715.0,8,4,0.000000,s8_p4
1779334715.0,8,1,0.067421,s8_p1
1779334715.0,8,2,0.074644,s8_p2
1779334715.0,8,3,0.000000,s8_p3
1779334715.0,13,1,0.000000,s13_p1
1779334715.0,13,4,0.000000,s13_p4
1779334715.0,13,2,0.000000,s13_p2
1779334715.0,13,3,0.120574,s13_p3
1779334715.0,10,4,0.818586,s10_p4
1779334715.0,10,1,0.000000,s10_p1
1779334715.0,10,2,0.000000,s10_p2
1779334715.0,10,3,0.000000,s10_p3
1779334715.0,3,4,0.000000,s3_p4
1779334715.0,3,1,0.021683,s3_p1
1779334715.0,3,2,0.000000,s3_p2
1779334715.0,3,3,0.028911,s3_p3
1779334715.0,7,1,0.156730,s7_p1
1779334715.0,7,4,0.000000,s7_p4
1779334715.0,7,2,0.024112,s7_p2
1779334715.0,7,3,0.000000,s7_p3
1779334715.0,15,4,0.000000,s15_p4
1779334715.0,15,1,0.180521,s15_p1
1779334715.0,15,2,0.000000,s15_p2
1779334715.0,15,3,0.000000,s15_p3
1779334715.0,14,4,0.505856,s14_p4
1779334715.0,14,1,0.000000,s14_p1
1779334715.0,14,2,0.000000,s14_p2
1779334715.0,14,3,0.000000,s14_p3
1779334715.0,18,4,0.000000,s18_p4
1779334715.0,18,1,0.000000,s18_p1
1779334715.0,18,2,0.000000,s18_p2
1779334715.0,18,3,0.000000,s18_p3
1779334715.0,16,1,0.000000,s16_p1
1779334715.0,16,4,0.000000,s16_p4
1779334715.0,16,2,0.142160,s16_p2
1779334715.0,16,3,0.000000,s16_p3
1779334715.0,11,4,0.000000,s11_p4
1779334715.0,11,1,0.000000,s11_p1
1779334715.0,11,2,0.028915,s11_p2
1779334715.0,11,3,0.000000,s11_p3
1779334715.0,12,4,0.000000,s12_p4
1779334715.0,12,1,0.024074,s12_p1
1779334715.0,12,2,0.101110,s12_p2
1779334715.0,12,3,0.000000,s12_p3
1779334715.0,17,1,0.000000,s17_p1
1779334715.0,17,4,0.903319,s17_p4
1779334715.0,17,2,0.000000,s17_p2
1779334715.0,17,3,0.000000,s17_p3
1779334715.0,5,4,0.101102,s5_p4
1779334715.0,5,1,0.000000,s5_p1
1779334715.0,5,2,0.000000,s5_p2
1779334715.0,5,3,0.024072,s5_p3
1779334715.0,2,1,0.000000,s2_p1
1779334715.0,2,4,0.091554,s2_p4
1779334715.0,2,2,0.000000,s2_p2
1779334715.0,2,3,0.000000,s2_p3
1779334715.0,4,4,0.000000,s4_p4
1779334715.0,4,1,0.028916,s4_p1
1779334715.0,4,2,0.101207,s4_p2
1779334715.0,4,3,0.000000,s4_p3
1779334715.0,20,1,0.000000,s20_p1
1779334715.0,20,4,0.710095,s20_p4
1779334715.0,20,2,0.625846,s20_p2
1779334715.0,20,3,0.000000,s20_p3
1779334715.0,9,1,0.000000,s9_p1
1779334715.0,9,4,0.000000,s9_p4
1779334715.0,9,2,0.000000,s9_p2
1779334715.0,9,3,0.782759,s9_p3
1779334715.0,13,1,0.000000,s13_p1
1779334715.0,13,4,0.000000,s13_p4
1779334715.0,13,2,0.000000,s13_p2
1779334715.0,13,3,0.121071,s13_p3
1779334715.0,10,4,0.835308,s10_p4
1779334715.0,10,1,0.000000,s10_p1
1779334715.0,10,2,0.000000,s10_p2
1779334715.0,10,3,0.000000,s10_p3
1779334715.0,2,1,0.000000,s2_p1
1779334715.0,2,4,0.087139,s2_p4
1779334715.0,2,2,0.000000,s2_p2
1779334715.0,2,3,0.000000,s2_p3
1779334715.0,8,4,0.000000,s8_p4
1779334715.0,8,1,0.065279,s8_p1
1779334715.0,8,2,0.077368,s8_p2
1779334715.0,8,3,0.000000,s8_p3
1779334715.0,6,1,0.000000,s6_p1
1779334715.0,6,4,0.000000,s6_p4
1779334715.0,6,2,0.072468,s6_p2
1779334715.0,6,3,0.000000,s6_p3
1779334715.0,19,1,0.000000,s19_p1
1779334715.0,19,4,0.000000,s19_p4
1779334715.0,19,2,0.000000,s19_p2
1779334715.0,19,3,0.000000,s19_p3
1779334715.0,17,1,0.000000,s17_p1
1779334715.0,17,4,0.907515,s17_p4
1779334715.0,17,2,0.000000,s17_p2
1779334715.0,17,3,0.000000,s17_p3
1779334715.0,11,4,0.000000,s11_p4
1779334715.0,11,1,0.000000,s11_p1
1779334715.0,11,2,0.031458,s11_p2
1779334715.0,11,3,0.000000,s11_p3
1779334715.0,14,4,0.495693,s14_p4
1779334715.0,14,1,0.000000,s14_p1
1779334715.0,14,2,0.000000,s14_p2
1779334715.0,14,3,0.000000,s14_p3
1779334715.0,5,4,0.099192,s5_p4
1779334715.0,5,1,0.000000,s5_p1
1779334715.0,5,2,0.000000,s5_p2
1779334715.0,5,3,0.024193,s5_p3
1779334715.0,7,1,0.157112,s7_p1
1779334715.0,7,4,0.000000,s7_p4
1779334715.0,7,2,0.024171,s7_p2
1779334715.0,7,3,0.000000,s7_p3
1779334715.0,18,4,0.000000,s18_p4
1779334715.0,18,1,0.000000,s18_p1
1779334715.0,18,2,0.000000,s18_p2
1779334715.0,18,3,0.000000,s18_p3
1779334715.0,16,1,0.000000,s16_p1
1779334715.0,16,4,0.000000,s16_p4
1779334715.0,16,2,0.142709,s16_p2
1779334715.0,16,3,0.000000,s16_p3
1779334715.0,4,4,0.000000,s4_p4
1779334715.0,4,1,0.031448,s4_p1
1779334715.0,4,2,0.099181,s4_p2
1779334715.0,4,3,0.000000,s4_p3
1779334715.0,12,4,0.000000,s12_p4
1779334715.0,12,1,0.021769,s12_p1
1779334715.0,12,2,0.099168,s12_p2
1779334715.0,12,3,0.000000,s12_p3
1779334715.0,3,4,0.000000,s3_p4
1779334715.0,3,1,0.024166,s3_p1
1779334715.0,3,2,0.000000,s3_p2
1779334715.0,3,3,0.031416,s3_p3
1779334715.0,9,1,0.000000,s9_p1
1779334715.0,9,4,0.000000,s9_p4
1779334715.0,9,2,0.000000,s9_p2
1779334715.0,9,3,0.786225,s9_p3
1779334715.0,15,4,0.000000,s15_p4
1779334715.0,15,1,0.181246,s15_p1
1779334715.0,15,2,0.000000,s15_p2
1779334715.0,15,3,0.000000,s15_p3
1779334715.0,20,1,0.000000,s20_p1
1779334715.0,20,4,0.713502,s20_p4
1779334715.0,20,2,0.604662,s20_p2
1779334715.0,20,3,0.000000,s20_p3
1779334715.0,1,4,0.077257,s1_p4
1779334715.0,1,1,0.000000,s1_p1
1779334715.0,1,2,0.000000,s1_p2
1779334715.0,1,3,0.156928,s1_p3
1779334716.0,1,4,0.075095,s1_p4
1779334716.0,1,1,0.000000,s1_p1
1779334716.0,1,2,0.000000,s1_p2
1779334716.0,1,3,0.157458,s1_p3
1779334716.0,6,1,0.000000,s6_p1
1779334716.0,6,4,0.000000,s6_p4
1779334716.0,6,2,0.072571,s6_p2
1779334716.0,6,3,0.000000,s6_p3
1779334716.0,10,4,0.821279,s10_p4
1779334716.0,10,1,0.000000,s10_p1
1779334716.0,10,2,0.000000,s10_p2
1779334716.0,10,3,0.000000,s10_p3
1779334716.0,5,4,0.101567,s5_p4
1779334716.0,5,1,0.000000,s5_p1
1779334716.0,5,2,0.000000,s5_p2
1779334716.0,5,3,0.024183,s5_p3
1779334716.0,20,1,0.000000,s20_p1
1779334716.0,20,4,0.713580,s20_p4
1779334716.0,20,2,0.616823,s20_p2
1779334716.0,20,3,0.000000,s20_p3
1779334716.0,14,4,0.507657,s14_p4
1779334716.0,14,1,0.000000,s14_p1
1779334716.0,14,2,0.000000,s14_p2
1779334716.0,14,3,0.000000,s14_p3
1779334716.0,15,4,0.000000,s15_p4
1779334716.0,15,1,0.181401,s15_p1
1779334716.0,15,2,0.000000,s15_p2
1779334716.0,15,3,0.000000,s15_p3
1779334716.0,3,4,0.000000,s3_p4
1779334716.0,3,1,0.021766,s3_p1
1779334716.0,3,2,0.000000,s3_p2
1779334716.0,3,3,0.029021,s3_p3
1779334716.0,13,1,0.000000,s13_p1
1779334716.0,13,4,0.000000,s13_p4
1779334716.0,13,2,0.000000,s13_p2
1779334716.0,13,3,0.120669,s13_p3
1779334716.0,4,4,0.000000,s4_p4
1779334716.0,4,1,0.029017,s4_p1
1779334716.0,4,2,0.101560,s4_p2
1779334716.0,4,3,0.000000,s4_p3
1779334716.0,12,4,0.000000,s12_p4
1779334716.0,12,1,0.021757,s12_p1
1779334716.0,12,2,0.101531,s12_p2
1779334716.0,12,3,0.000000,s12_p3
1779334716.0,7,1,0.157098,s7_p1
1779334716.0,7,4,0.000000,s7_p4
1779334716.0,7,2,0.024169,s7_p2
1779334716.0,7,3,0.000000,s7_p3
1779334716.0,8,4,0.000000,s8_p4
1779334716.0,8,1,0.067640,s8_p1
1779334716.0,8,2,0.074888,s8_p2
1779334716.0,8,3,0.000000,s8_p3
1779334716.0,16,1,0.000000,s16_p1
1779334716.0,16,4,0.000000,s16_p4
1779334716.0,16,2,0.142600,s16_p2
1779334716.0,16,3,0.000000,s16_p3
1779334716.0,18,4,0.000000,s18_p4
1779334716.0,18,1,0.000000,s18_p1
1779334716.0,18,2,0.000000,s18_p2
1779334716.0,18,3,0.000000,s18_p3
1779334716.0,17,1,0.000000,s17_p1
1779334716.0,17,4,0.905745,s17_p4
1779334716.0,17,2,0.000000,s17_p2
1779334716.0,17,3,0.000000,s17_p3
1779334716.0,2,1,0.000000,s2_p1
1779334716.0,2,4,0.089347,s2_p4
1779334716.0,2,2,0.000000,s2_p2
1779334716.0,2,3,0.000000,s2_p3
1779334716.0,19,1,0.000000,s19_p1
1779334716.0,19,4,0.000000,s19_p4
1779334716.0,19,2,0.000000,s19_p2
1779334716.0,19,3,0.000000,s19_p3
1779334716.0,11,4,0.000000,s11_p4
1779334716.0,11,1,0.000000,s11_p1
1779334716.0,11,2,0.028971,s11_p2
1779334716.0,11,3,0.000000,s11_p3
1779334716.0,9,1,0.000000,s9_p1
1779334716.0,9,4,0.000000,s9_p4
1779334716.0,9,2,0.000000,s9_p2
1779334716.0,9,3,0.784898,s9_p3
1779334716.0,19,1,0.000000,s19_p1
1779334716.0,19,4,0.000000,s19_p4
1779334716.0,19,2,0.000000,s19_p2
1779334716.0,19,3,0.000000,s19_p3
1779334716.0,14,4,0.652806,s14_p4
1779334716.0,14,1,0.000272,s14_p1
1779334716.0,14,2,0.000000,s14_p2
1779334716.0,14,3,0.000000,s14_p3
1779334716.0,6,1,0.046169,s6_p1
1779334716.0,6,4,0.038651,s6_p4
1779334716.0,6,2,0.055560,s6_p2
1779334716.0,6,3,0.000000,s6_p3
1779334716.0,10,4,0.603675,s10_p4
1779334716.0,10,1,0.000271,s10_p1
1779334716.0,10,2,0.024690,s10_p2
1779334716.0,10,3,0.000000,s10_p3
1779334716.0,1,4,0.048252,s1_p4
1779334716.0,1,1,0.000271,s1_p1
1779334716.0,1,2,0.038873,s1_p2
1779334716.0,1,3,0.142343,s1_p3
1779334716.0,15,4,0.000000,s15_p4
1779334716.0,15,1,0.118388,s15_p1
1779334716.0,15,2,0.000000,s15_p2
1779334716.0,15,3,0.196003,s15_p3
1779334716.0,13,1,0.014769,s13_p1
1779334716.0,13,4,0.000000,s13_p4
1779334716.0,13,2,0.045908,s13_p2
1779334716.0,13,3,0.108728,s13_p3
1779334716.0,3,4,0.051009,s3_p4
1779334716.0,3,1,0.019328,s3_p1
1779334716.0,3,2,0.038928,s3_p2
1779334716.0,3,3,0.024161,s3_p3
1779334716.0,8,4,0.000544,s8_p4
1779334716.0,8,1,0.103938,s8_p1
1779334716.0,8,2,0.048343,s8_p2
1779334716.0,8,3,0.038674,s8_p3
1779334716.0,12,4,0.256400,s12_p4
1779334716.0,12,1,0.057985,s12_p1
1779334716.0,12,2,0.067649,s12_p2
1779334716.0,12,3,0.000000,s12_p3
1779334716.0,7,1,0.096640,s7_p1
1779334716.0,7,4,0.000000,s7_p4
1779334716.0,7,2,0.038656,s7_p2
1779334716.0,7,3,0.000543,s7_p3
1779334716.0,20,1,0.124804,s20_p1
1779334716.0,20,4,0.760607,s20_p4
1779334716.0,20,2,0.627803,s20_p2
1779334716.0,20,3,0.001357,s20_p3
1779334716.0,5,4,0.091748,s5_p4
1779334716.0,5,1,0.014758,s5_p1
1779334716.0,5,2,0.000271,s5_p2
1779334716.0,5,3,0.021730,s5_p3
1779334716.0,4,4,0.000272,s4_p4
1779334716.0,4,1,0.024149,s4_p1
1779334716.0,4,2,0.067617,s4_p2
1779334716.0,4,3,0.053399,s4_p3
1779334716.0,2,1,0.024433,s2_p1
1779334716.0,2,4,0.072483,s2_p4
1779334716.0,2,2,0.036513,s2_p2
1779334716.0,2,3,0.000000,s2_p3
1779334716.0,18,4,0.000000,s18_p4
1779334716.0,18,1,0.000000,s18_p1
1779334716.0,18,2,0.000000,s18_p2
1779334716.0,18,3,0.000000,s18_p3
1779334716.0,17,1,0.375782,s17_p1
1779334716.0,17,4,0.591832,s17_p4
1779334716.0,17,2,0.000000,s17_p2
1779334716.0,17,3,0.303313,s17_p3
1779334716.0,11,4,0.000000,s11_p4
1779334716.0,11,1,0.000272,s11_p1
1779334716.0,11,2,0.024162,s11_p2
1779334716.0,11,3,0.265782,s11_p3
1779334716.0,16,1,0.000000,s16_p1
1779334716.0,16,4,0.002715,s16_p4
1779334716.0,16,2,0.152104,s16_p2
1779334716.0,16,3,0.000000,s16_p3
1779334716.0,9,1,0.038936,s9_p1
1779334716.0,9,4,0.000000,s9_p4
1779334716.0,9,2,0.036248,s9_p2
1779334716.0,9,3,0.712874,s9_p3
1779334717.0,1,4,0.000000,s1_p4
1779334717.0,1,1,0.000000,s1_p1
1779334717.0,1,2,0.118067,s1_p2
1779334717.0,1,3,0.110838,s1_p3
1779334717.0,10,4,0.000000,s10_p4
1779334717.0,10,1,0.000000,s10_p1
1779334717.0,10,2,0.055406,s10_p2
1779334717.0,10,3,0.000000,s10_p3
1779334717.0,14,4,0.818009,s14_p4
1779334717.0,14,1,0.000000,s14_p1
1779334717.0,14,2,0.000000,s14_p2
1779334717.0,14,3,0.000000,s14_p3
1779334717.0,3,4,0.125193,s3_p4
1779334717.0,3,1,0.000000,s3_p1
1779334717.0,3,2,0.108340,s3_p2
1779334717.0,3,3,0.000000,s3_p3
1779334717.0,13,1,0.033704,s13_p1
1779334717.0,13,4,0.000000,s13_p4
1779334717.0,13,2,0.110741,s13_p2
1779334717.0,13,3,0.000000,s13_p3
1779334717.0,8,4,0.000000,s8_p4
1779334717.0,8,1,0.125188,s8_p1
1779334717.0,8,2,0.000000,s8_p2
1779334717.0,8,3,0.081853,s8_p3
1779334717.0,15,4,0.000000,s15_p4
1779334717.0,15,1,0.000000,s15_p1
1779334717.0,15,2,0.000000,s15_p2
1779334717.0,15,3,0.409230,s15_p3
1779334717.0,20,1,0.276976,s20_p1
1779334717.0,20,4,0.626207,s20_p4
1779334717.0,20,2,0.541910,s20_p2
1779334717.0,20,3,0.000000,s20_p3
1779334717.0,7,1,0.000000,s7_p1
1779334717.0,7,4,0.000000,s7_p4
1779334717.0,7,2,0.043351,s7_p2
1779334717.0,7,3,0.000000,s7_p3
1779334717.0,18,4,0.000000,s18_p4
1779334717.0,18,1,0.000000,s18_p1
1779334717.0,18,2,0.000000,s18_p2
1779334717.0,18,3,0.000000,s18_p3
1779334717.0,16,1,0.000000,s16_p1
1779334717.0,16,4,0.000000,s16_p4
1779334717.0,16,2,0.125254,s16_p2
1779334717.0,16,3,0.000000,s16_p3
1779334717.0,17,1,0.999302,s17_p1
1779334717.0,17,4,0.000000,s17_p4
1779334717.0,17,2,0.000000,s17_p2
1779334717.0,17,3,0.722387,s17_p3
1779334717.0,11,4,0.000000,s11_p4
1779334717.0,11,1,0.000000,s11_p1
1779334717.0,11,2,0.000000,s11_p2
1779334717.0,11,3,0.782749,s11_p3
1779334717.0,12,4,0.625693,s12_p4
1779334717.0,12,1,0.108293,s12_p1
1779334717.0,12,2,0.000000,s12_p2
1779334717.0,12,3,0.000000,s12_p3
1779334717.0,4,4,0.000000,s4_p4
1779334717.0,4,1,0.000000,s4_p1
1779334717.0,4,2,0.000000,s4_p2
1779334717.0,4,3,0.156439,s4_p3
1779334717.0,2,1,0.055366,s2_p1
1779334717.0,2,4,0.000000,s2_p4
1779334717.0,2,2,0.081846,s2_p2
1779334717.0,2,3,0.000000,s2_p3
1779334717.0,5,4,0.055350,s5_p4
1779334717.0,5,1,0.033691,s5_p1
1779334717.0,5,2,0.000000,s5_p2
1779334717.0,5,3,0.000000,s5_p3
1779334717.0,19,1,0.000000,s19_p1
1779334717.0,19,4,0.000000,s19_p4
1779334717.0,19,2,0.000000,s19_p2
1779334717.0,19,3,0.000000,s19_p3
1779334717.0,9,1,0.117957,s9_p1
1779334717.0,9,4,0.000000,s9_p4
1779334717.0,9,2,0.081848,s9_p2
1779334717.0,9,3,0.553677,s9_p3
1779334717.0,6,1,0.110520,s6_p1
1779334717.0,6,4,0.108117,s6_p4
1779334717.0,6,2,0.000000,s6_p2
1779334717.0,6,3,0.000000,s6_p3
1779334717.0,1,4,0.000000,s1_p4
1779334717.0,1,1,0.000000,s1_p1
1779334717.0,1,2,0.118182,s1_p2
1779334717.0,1,3,0.108534,s1_p3
1779334717.0,10,4,0.000000,s10_p4
1779334717.0,10,1,0.000000,s10_p1
1779334717.0,10,2,0.055425,s10_p2
1779334717.0,10,3,0.000000,s10_p3
1779334717.0,3,4,0.125384,s3_p4
1779334717.0,3,1,0.000000,s3_p1
1779334717.0,3,2,0.108505,s3_p2
1779334717.0,3,3,0.000000,s3_p3
1779334717.0,14,4,0.819690,s14_p4
1779334717.0,14,1,0.000000,s14_p1
1779334717.0,14,2,0.000000,s14_p2
1779334717.0,14,3,0.000000,s14_p3
1779334717.0,20,1,0.276943,s20_p1
1779334717.0,20,4,0.626131,s20_p4
1779334717.0,20,2,0.541845,s20_p2
1779334717.0,20,3,0.000000,s20_p3
1779334717.0,4,4,0.000000,s4_p4
1779334717.0,4,1,0.000000,s4_p1
1779334717.0,4,2,0.000000,s4_p2
1779334717.0,4,3,0.159046,s4_p3
1779334717.0,5,4,0.055428,s5_p4
1779334717.0,5,1,0.036148,s5_p1
1779334717.0,5,2,0.000000,s5_p2
1779334717.0,5,3,0.000000,s5_p3
1779334717.0,12,4,0.626477,s12_p4
1779334717.0,12,1,0.108429,s12_p1
1779334717.0,12,2,0.000000,s12_p2
1779334717.0,12,3,0.000000,s12_p3
1779334717.0,8,4,0.000000,s8_p4
1779334717.0,8,1,0.125194,s8_p1
1779334717.0,8,2,0.000000,s8_p2
1779334717.0,8,3,0.084265,s8_p3
1779334717.0,15,4,0.000000,s15_p4
1779334717.0,15,1,0.000000,s15_p1
1779334717.0,15,2,0.000000,s15_p2
1779334717.0,15,3,0.421315,s15_p3
1779334717.0,13,1,0.036106,s13_p1
1779334717.0,13,4,0.000000,s13_p4
1779334717.0,13,2,0.108319,s13_p2
1779334717.0,13,3,0.000000,s13_p3
1779334717.0,7,1,0.000000,s7_p1
1779334717.0,7,4,0.000000,s7_p4
1779334717.0,7,2,0.043330,s7_p2
1779334717.0,7,3,0.000000,s7_p3
1779334717.0,17,1,0.998949,s17_p1
1779334717.0,17,4,0.000000,s17_p4
1779334717.0,17,2,0.000000,s17_p2
1779334717.0,17,3,0.722132,s17_p3
1779334717.0,16,1,0.000000,s16_p1
1779334717.0,16,4,0.000000,s16_p4
1779334717.0,16,2,0.125154,s16_p2
1779334717.0,16,3,0.000000,s16_p3
1779334717.0,19,1,0.000000,s19_p1
1779334717.0,19,4,0.000000,s19_p4
1779334717.0,19,2,0.000000,s19_p2
1779334717.0,19,3,0.000000,s19_p3
1779334717.0,9,1,0.117997,s9_p1
1779334717.0,9,4,0.000000,s9_p4
1779334717.0,9,2,0.081875,s9_p2
1779334717.0,9,3,0.541821,s9_p3
1779334717.0,6,1,0.108363,s6_p1
1779334717.0,6,4,0.108363,s6_p4
1779334717.0,6,2,0.000000,s6_p2
1779334717.0,6,3,0.000000,s6_p3
1779334717.0,2,1,0.055358,s2_p1
1779334717.0,2,4,0.000000,s2_p4
1779334717.0,2,2,0.081834,s2_p2
1779334717.0,2,3,0.000000,s2_p3
1779334717.0,18,4,0.000000,s18_p4
1779334717.0,18,1,0.000000,s18_p1
1779334717.0,18,2,0.000000,s18_p2
1779334717.0,18,3,0.000000,s18_p3
1779334717.0,11,4,0.000000,s11_p4
1779334717.0,11,1,0.000000,s11_p1
1779334717.0,11,2,0.000000,s11_p2
1779334717.0,11,3,0.794084,s11_p3
1779334718.0,19,1,0.000000,s19_p1
1779334718.0,19,4,0.000000,s19_p4
1779334718.0,19,2,0.000000,s19_p2
1779334718.0,19,3,0.000000,s19_p3
1779334718.0,14,4,0.833191,s14_p4
1779334718.0,14,1,0.000000,s14_p1
1779334718.0,14,2,0.000000,s14_p2
1779334718.0,14,3,0.000000,s14_p3
1779334718.0,10,4,0.000000,s10_p4
1779334718.0,10,1,0.000000,s10_p1
1779334718.0,10,2,0.057944,s10_p2
1779334718.0,10,3,0.000000,s10_p3
1779334718.0,1,4,0.000000,s1_p4
1779334718.0,1,1,0.000000,s1_p1
1779334718.0,1,2,0.120586,s1_p2
1779334718.0,1,3,0.108527,s1_p3
1779334718.0,6,1,0.108945,s6_p1
1779334718.0,6,4,0.108945,s6_p4
1779334718.0,6,2,0.000000,s6_p2
1779334718.0,6,3,0.000000,s6_p3
1779334718.0,15,4,0.000000,s15_p4
1779334718.0,15,1,0.000000,s15_p1
1779334718.0,15,2,0.000000,s15_p2
1779334718.0,15,3,0.411125,s15_p3
1779334718.0,3,4,0.125549,s3_p4
1779334718.0,3,1,0.000000,s3_p1
1779334718.0,3,2,0.108648,s3_p2
1779334718.0,3,3,0.000000,s3_p3
1779334718.0,7,1,0.000000,s7_p1
1779334718.0,7,4,0.000000,s7_p4
1779334718.0,7,2,0.043516,s7_p2
1779334718.0,7,3,0.000000,s7_p3
1779334718.0,8,4,0.000000,s8_p4
1779334718.0,8,1,0.125677,s8_p1
1779334718.0,8,2,0.000000,s8_p2
1779334718.0,8,3,0.082173,s8_p3
1779334718.0,20,1,0.289950,s20_p1
1779334718.0,20,4,0.628225,s20_p4
1779334718.0,20,2,0.543657,s20_p2
1779334718.0,20,3,0.000000,s20_p3
1779334718.0,4,4,0.000000,s4_p4
1779334718.0,4,1,0.000000,s4_p1
1779334718.0,4,2,0.000000,s4_p2
1779334718.0,4,3,0.157068,s4_p3
1779334718.0,5,4,0.057996,s5_p4
1779334718.0,5,1,0.036247,s5_p1
1779334718.0,5,2,0.000000,s5_p2
1779334718.0,5,3,0.000000,s5_p3
1779334718.0,13,1,0.036256,s13_p1
1779334718.0,13,4,0.000000,s13_p4
1779334718.0,13,2,0.108767,s13_p2
1779334718.0,13,3,0.000000,s13_p3
1779334718.0,2,1,0.058044,s2_p1
1779334718.0,2,4,0.000000,s2_p4
1779334718.0,2,2,0.079811,s2_p2
1779334718.0,2,3,0.000000,s2_p3
1779334718.0,12,4,0.628013,s12_p4
1779334718.0,12,1,0.108695,s12_p1
1779334718.0,12,2,0.000000,s12_p2
1779334718.0,12,3,0.000000,s12_p3
1779334718.0,17,1,1.000000,s17_p1
1779334718.0,17,4,0.000000,s17_p4
1779334718.0,17,2,0.000000,s17_p2
1779334718.0,17,3,0.725270,s17_p3
1779334718.0,16,1,0.000000,s16_p1
1779334718.0,16,4,0.000000,s16_p4
1779334718.0,16,2,0.125683,s16_p2
1779334718.0,16,3,0.000000,s16_p3
1779334718.0,11,4,0.000000,s11_p4
1779334718.0,11,1,0.000000,s11_p1
1779334718.0,11,2,0.000000,s11_p2
1779334718.0,11,3,0.785682,s11_p3
1779334718.0,18,4,0.000000,s18_p4
1779334718.0,18,1,0.000000,s18_p1
1779334718.0,18,2,0.000000,s18_p2
1779334718.0,18,3,0.000000,s18_p3
1779334718.0,9,1,0.120846,s9_p1
1779334718.0,9,4,0.000000,s9_p4
1779334718.0,9,2,0.079759,s9_p2
1779334718.0,9,3,0.543808,s9_p3
1779334718.0,19,1,0.000000,s19_p1
1779334718.0,19,4,0.000000,s19_p4
1779334718.0,19,2,0.000000,s19_p2
1779334718.0,19,3,0.000000,s19_p3
1779334718.0,6,1,0.108881,s6_p1
1779334718.0,6,4,0.108881,s6_p4
1779334718.0,6,2,0.000000,s6_p2
1779334718.0,6,3,0.000000,s6_p3
1779334718.0,14,4,0.822459,s14_p4
1779334718.0,14,1,0.000000,s14_p1
1779334718.0,14,2,0.000000,s14_p2
1779334718.0,14,3,0.000000,s14_p3
1779334718.0,3,4,0.123391,s3_p4
1779334718.0,3,1,0.000000,s3_p1
1779334718.0,3,2,0.108875,s3_p2
1779334718.0,3,3,0.000000,s3_p3
1779334718.0,1,4,0.000000,s1_p4
1779334718.0,1,1,0.000000,s1_p1
1779334718.0,1,2,0.118542,s1_p2
1779334718.0,1,3,0.108865,s1_p3
1779334718.0,10,4,0.000000,s10_p4
1779334718.0,10,1,0.000000,s10_p1
1779334718.0,10,2,0.055638,s10_p2
1779334718.0,10,3,0.000000,s10_p3
1779334718.0,8,4,0.000000,s8_p4
1779334718.0,8,1,0.123414,s8_p1
1779334718.0,8,2,0.000000,s8_p2
1779334718.0,8,3,0.082276,s8_p3
1779334718.0,7,1,0.000000,s7_p1
1779334718.0,7,4,0.000000,s7_p4
1779334718.0,7,2,0.043552,s7_p2
1779334718.0,7,3,0.000000,s7_p3
1779334718.0,15,4,0.000000,s15_p4
1779334718.0,15,1,0.000000,s15_p1
1779334718.0,15,2,0.000000,s15_p2
1779334718.0,15,3,0.411099,s15_p3
1779334718.0,13,1,0.036297,s13_p1
1779334718.0,13,4,0.000000,s13_p4
1779334718.0,13,2,0.108892,s13_p2
1779334718.0,13,3,0.000000,s13_p3
1779334718.0,4,4,0.000000,s4_p4
1779334718.0,4,1,0.000000,s4_p1
1779334718.0,4,2,0.000000,s4_p2
1779334718.0,4,3,0.157199,s4_p3
1779334718.0,5,4,0.055622,s5_p4
1779334718.0,5,1,0.036275,s5_p1
1779334718.0,5,2,0.000000,s5_p2
1779334718.0,5,3,0.000000,s5_p3
1779334718.0,2,1,0.055641,s2_p1
1779334718.0,2,4,0.000000,s2_p4
1779334718.0,2,2,0.082252,s2_p2
1779334718.0,2,3,0.000000,s2_p3
1779334718.0,18,4,0.000000,s18_p4
1779334718.0,18,1,0.000000,s18_p1
1779334718.0,18,2,0.000000,s18_p2
1779334718.0,18,3,0.000000,s18_p3
1779334718.0,12,4,0.616890,s12_p4
1779334718.0,12,1,0.108863,s12_p1
1779334718.0,12,2,0.000000,s12_p2
1779334718.0,12,3,0.000000,s12_p3
1779334718.0,20,1,0.278054,s20_p1
1779334718.0,20,4,0.616554,s20_p4
1779334718.0,20,2,0.544019,s20_p2
1779334718.0,20,3,0.000000,s20_p3
1779334718.0,17,1,1.000000,s17_p1
1779334718.0,17,4,0.000000,s17_p4
1779334718.0,17,2,0.000000,s17_p2
1779334718.0,17,3,0.725742,s17_p3
1779334718.0,11,4,0.000000,s11_p4
1779334718.0,11,1,0.000000,s11_p1
1779334718.0,11,2,0.000000,s11_p2
1779334718.0,11,3,0.786310,s11_p3
1779334718.0,16,1,0.000000,s16_p1
1779334718.0,16,4,0.000000,s16_p4
1779334718.0,16,2,0.123375,s16_p2
1779334718.0,16,3,0.000000,s16_p3
1779334718.0,9,1,0.118548,s9_p1
1779334718.0,9,4,0.000000,s9_p4
1779334718.0,9,2,0.082258,s9_p2
1779334718.0,9,3,0.544355,s9_p3
1779334719.0,20,1,0.277428,s20_p1
1779334719.0,20,4,0.627227,s20_p4
1779334719.0,20,2,0.542793,s20_p2
1779334719.0,20,3,0.000000,s20_p3
1779334719.0,11,4,0.000000,s11_p4
1779334719.0,11,1,0.000000,s11_p1
1779334719.0,11,2,0.000000,s11_p2
1779334719.0,11,3,0.783277,s11_p3
1779334719.0,12,4,0.626361,s12_p4
1779334719.0,12,1,0.108409,s12_p1
1779334719.0,12,2,0.000000,s12_p2
1779334719.0,12,3,0.000000,s12_p3
1779334719.0,6,1,0.108262,s6_p1
1779334719.0,6,4,0.108262,s6_p4
1779334719.0,6,2,0.000000,s6_p2
1779334719.0,6,3,0.000000,s6_p3
1779334719.0,7,1,0.000000,s7_p1
1779334719.0,7,4,0.000000,s7_p4
1779334719.0,7,2,0.043328,s7_p2
1779334719.0,7,3,0.000000,s7_p3
1779334719.0,5,4,0.055398,s5_p4
1779334719.0,5,1,0.033720,s5_p1
1779334719.0,5,2,0.000000,s5_p2
1779334719.0,5,3,0.000000,s5_p3
1779334719.0,16,1,0.000000,s16_p1
1779334719.0,16,4,0.000000,s16_p4
1779334719.0,16,2,0.125308,s16_p2
1779334719.0,16,3,0.000000,s16_p3
1779334719.0,17,1,0.999703,s17_p1
1779334719.0,17,4,0.000000,s17_p4
1779334719.0,17,2,0.000000,s17_p2
1779334719.0,17,3,0.710632,s17_p3
1779334719.0,4,4,0.000000,s4_p4
1779334719.0,4,1,0.000000,s4_p1
1779334719.0,4,2,0.000000,s4_p2
1779334719.0,4,3,0.156539,s4_p3
1779334719.0,9,1,0.118075,s9_p1
1779334719.0,9,4,0.000000,s9_p4
1779334719.0,9,2,0.081930,s9_p2
1779334719.0,9,3,0.542183,s9_p3
1779334719.0,8,4,0.000000,s8_p4
1779334719.0,8,1,0.125146,s8_p1
1779334719.0,8,2,0.000000,s8_p2
1779334719.0,8,3,0.084233,s8_p3
1779334719.0,14,4,0.817911,s14_p4
1779334719.0,14,1,0.000000,s14_p1
1779334719.0,14,2,0.000000,s14_p2
1779334719.0,14,3,0.000000,s14_p3
1779334719.0,19,1,0.000000,s19_p1
1779334719.0,19,4,0.000000,s19_p4
1779334719.0,19,2,0.000000,s19_p2
1779334719.0,19,3,0.000000,s19_p3
1779334719.0,18,4,0.000000,s18_p4
1779334719.0,18,1,0.000000,s18_p1
1779334719.0,18,2,0.000000,s18_p2
1779334719.0,18,3,0.000000,s18_p3
1779334719.0,13,1,0.033694,s13_p1
1779334719.0,13,4,0.000000,s13_p4
1779334719.0,13,2,0.108304,s13_p2
1779334719.0,13,3,0.000000,s13_p3
1779334719.0,2,1,0.055357,s2_p1
1779334719.0,2,4,0.000000,s2_p4
1779334719.0,2,2,0.081831,s2_p2
1779334719.0,2,3,0.000000,s2_p3
1779334719.0,3,4,0.125000,s3_p4
1779334719.0,3,1,0.000000,s3_p1
1779334719.0,3,2,0.110577,s3_p2
1779334719.0,3,3,0.000000,s3_p3
1779334719.0,1,4,0.000000,s1_p4
1779334719.0,1,1,0.000000,s1_p1
1779334719.0,1,2,0.117785,s1_p2
1779334719.0,1,3,0.108170,s1_p3
1779334719.0,10,4,0.000000,s10_p4
1779334719.0,10,1,0.000000,s10_p1
1779334719.0,10,2,0.055286,s10_p2
1779334719.0,10,3,0.000000,s10_p3
1779334719.0,15,4,0.000000,s15_p4
1779334719.0,15,1,0.000000,s15_p1
1779334719.0,15,2,0.000000,s15_p2
1779334719.0,15,3,0.420821,s15_p3
1779334719.0,19,1,0.000000,s19_p1
1779334719.0,19,4,0.000000,s19_p4
1779334719.0,19,2,0.000000,s19_p2
1779334719.0,19,3,0.000000,s19_p3
1779334719.0,14,4,0.834343,s14_p4
1779334719.0,14,1,0.000000,s14_p1
1779334719.0,14,2,0.000000,s14_p2
1779334719.0,14,3,0.000000,s14_p3
1779334719.0,6,1,0.108798,s6_p1
1779334719.0,6,4,0.111215,s6_p4
1779334719.0,6,2,0.000000,s6_p2
1779334719.0,6,3,0.000000,s6_p3
1779334719.0,1,4,0.000000,s1_p4
1779334719.0,1,1,0.000000,s1_p1
1779334719.0,1,2,0.120999,s1_p2
1779334719.0,1,3,0.108899,s1_p3
1779334719.0,3,4,0.125782,s3_p4
1779334719.0,3,1,0.000000,s3_p1
1779334719.0,3,2,0.108850,s3_p2
1779334719.0,3,3,0.000000,s3_p3
1779334719.0,15,4,0.000000,s15_p4
1779334719.0,15,1,0.000000,s15_p1
1779334719.0,15,2,0.000000,s15_p2
1779334719.0,15,3,0.411234,s15_p3
1779334719.0,8,4,0.000000,s8_p4
1779334719.0,8,1,0.125670,s8_p1
1779334719.0,8,2,0.000000,s8_p2
1779334719.0,8,3,0.082169,s8_p3
1779334719.0,10,4,0.000000,s10_p4
1779334719.0,10,1,0.000000,s10_p1
1779334719.0,10,2,0.055633,s10_p2
1779334719.0,10,3,0.000000,s10_p3
1779334719.0,7,1,0.000000,s7_p1
1779334719.0,7,4,0.000000,s7_p4
1779334719.0,7,2,0.043485,s7_p2
1779334719.0,7,3,0.000000,s7_p3
1779334719.0,13,1,0.036242,s13_p1
1779334719.0,13,4,0.000000,s13_p4
1779334719.0,13,2,0.108727,s13_p2
1779334719.0,13,3,0.000000,s13_p3
1779334719.0,4,4,0.000000,s4_p4
1779334719.0,4,1,0.000000,s4_p1
1779334719.0,4,2,0.000000,s4_p2
1779334719.0,4,3,0.159410,s4_p3
1779334719.0,20,1,0.277330,s20_p1
1779334719.0,20,4,0.627006,s20_p4
1779334719.0,20,2,0.554660,s20_p2
1779334719.0,20,3,0.000000,s20_p3
1779334719.0,12,4,0.627735,s12_p4
1779334719.0,12,1,0.111061,s12_p1
1779334719.0,12,2,0.000000,s12_p2
1779334719.0,12,3,0.000000,s12_p3
1779334719.0,5,4,0.055531,s5_p4
1779334719.0,5,1,0.036216,s5_p1
1779334719.0,5,2,0.000000,s5_p2
1779334719.0,5,3,0.000000,s5_p3
1779334719.0,11,4,0.000000,s11_p4
1779334719.0,11,1,0.000000,s11_p1
1779334719.0,11,2,0.000000,s11_p2
1779334719.0,11,3,0.795949,s11_p3
1779334719.0,16,1,0.000000,s16_p1
1779334719.0,16,4,0.000000,s16_p4
1779334719.0,16,2,0.125437,s16_p2
1779334719.0,16,3,0.000000,s16_p3
1779334719.0,18,4,0.000000,s18_p4
1779334719.0,18,1,0.000000,s18_p1
1779334719.0,18,2,0.000000,s18_p2
1779334719.0,18,3,0.000000,s18_p3
1779334719.0,2,1,0.055521,s2_p1
1779334719.0,2,4,0.000000,s2_p4
1779334719.0,2,2,0.079660,s2_p2
1779334719.0,2,3,0.000000,s2_p3
1779334719.0,17,1,1.000000,s17_p1
1779334719.0,17,4,0.000000,s17_p4
1779334719.0,17,2,0.000000,s17_p2
1779334719.0,17,3,0.723623,s17_p3
1779334719.0,9,1,0.120585,s9_p1
1779334719.0,9,4,0.000000,s9_p4
1779334719.0,9,2,0.079586,s9_p2
1779334719.0,9,3,0.542634,s9_p3
1779334720.0,6,1,0.108658,s6_p1
1779334720.0,6,4,0.108658,s6_p4
1779334720.0,6,2,0.000000,s6_p2
1779334720.0,6,3,0.000000,s6_p3
1779334720.0,10,4,0.000000,s10_p4
1779334720.0,10,1,0.000000,s10_p1
1779334720.0,10,2,0.055530,s10_p2
1779334720.0,10,3,0.000000,s10_p3
1779334720.0,15,4,0.000000,s15_p4
1779334720.0,15,1,0.000000,s15_p1
1779334720.0,15,2,0.000000,s15_p2
1779334720.0,15,3,0.422458,s15_p3
1779334720.0,14,4,0.820228,s14_p4
1779334720.0,14,1,0.000000,s14_p1
1779334720.0,14,2,0.000000,s14_p2
1779334720.0,14,3,0.000000,s14_p3
1779334720.0,3,4,0.125515,s3_p4
1779334720.0,3,1,0.000000,s3_p1
1779334720.0,3,2,0.108619,s3_p2
1779334720.0,3,3,0.000000,s3_p3
1779334720.0,19,1,0.000000,s19_p1
1779334720.0,19,4,0.000000,s19_p4
1779334720.0,19,2,0.000000,s19_p2
1779334720.0,19,3,0.000000,s19_p3
1779334720.0,13,1,0.036220,s13_p1
1779334720.0,13,4,0.000000,s13_p4
1779334720.0,13,2,0.108659,s13_p2
1779334720.0,13,3,0.000000,s13_p3
1779334720.0,4,4,0.000000,s4_p4
1779334720.0,4,1,0.000000,s4_p1
1779334720.0,4,2,0.000000,s4_p2
1779334720.0,4,3,0.156894,s4_p3
1779334720.0,7,1,0.000000,s7_p1
1779334720.0,7,4,0.000000,s7_p4
1779334720.0,7,2,0.043431,s7_p2
1779334720.0,7,3,0.000000,s7_p3
1779334720.0,1,4,0.000000,s1_p4
1779334720.0,1,1,0.000000,s1_p1
1779334720.0,1,2,0.118138,s1_p2
1779334720.0,1,3,0.108495,s1_p3
1779334720.0,18,4,0.000000,s18_p4
1779334720.0,18,1,0.000000,s18_p1
1779334720.0,18,2,0.000000,s18_p2
1779334720.0,18,3,0.000000,s18_p3
1779334720.0,8,4,0.000000,s8_p4
1779334720.0,8,1,0.125429,s8_p1
1779334720.0,8,2,0.000000,s8_p2
1779334720.0,8,3,0.084423,s8_p3
1779334720.0,20,1,0.277554,s20_p1
1779334720.0,20,4,0.627513,s20_p4
1779334720.0,20,2,0.543040,s20_p2
1779334720.0,20,3,0.000000,s20_p3
1779334720.0,5,4,0.057935,s5_p4
1779334720.0,5,1,0.036209,s5_p1
1779334720.0,5,2,0.000000,s5_p2
1779334720.0,5,3,0.000000,s5_p3
1779334720.0,12,4,0.627574,s12_p4
1779334720.0,12,1,0.108619,s12_p1
1779334720.0,12,2,0.000000,s12_p2
1779334720.0,12,3,0.000000,s12_p3
1779334720.0,16,1,0.000000,s16_p1
1779334720.0,16,4,0.000000,s16_p4
1779334720.0,16,2,0.125589,s16_p2
1779334720.0,16,3,0.000000,s16_p3
1779334720.0,9,1,0.118370,s9_p1
1779334720.0,9,4,0.000000,s9_p4
1779334720.0,9,2,0.082134,s9_p2
1779334720.0,9,3,0.543536,s9_p3
1779334720.0,11,4,0.000000,s11_p4
1779334720.0,11,1,0.000000,s11_p1
1779334720.0,11,2,0.000000,s11_p2
1779334720.0,11,3,0.784807,s11_p3
1779334720.0,17,1,1.000000,s17_p1
1779334720.0,17,4,0.000000,s17_p4
1779334720.0,17,2,0.000000,s17_p2
1779334720.0,17,3,0.724514,s17_p3
1779334720.0,2,1,0.057957,s2_p1
1779334720.0,2,4,0.000000,s2_p4
1779334720.0,2,2,0.082106,s2_p2
1779334720.0,2,3,0.000000,s2_p3
1779334720.0,19,1,0.000000,s19_p1
1779334720.0,19,4,0.000000,s19_p4
1779334720.0,19,2,0.000000,s19_p2
1779334720.0,19,3,0.000000,s19_p3
1779334720.0,6,1,0.108677,s6_p1
1779334720.0,6,4,0.108677,s6_p4
1779334720.0,6,2,0.000000,s6_p2
1779334720.0,6,3,0.000000,s6_p3
1779334720.0,14,4,0.833790,s14_p4
1779334720.0,14,1,0.000000,s14_p1
1779334720.0,14,2,0.000000,s14_p2
1779334720.0,14,3,0.000000,s14_p3
1779334720.0,1,4,0.000000,s1_p4
1779334720.0,1,1,0.000000,s1_p1
1779334720.0,1,2,0.118510,s1_p2
1779334720.0,1,3,0.108836,s1_p3
1779334720.0,10,4,0.000000,s10_p4
1779334720.0,10,1,0.000000,s10_p1
1779334720.0,10,2,0.057993,s10_p2
1779334720.0,10,3,0.000000,s10_p3
1779334720.0,3,4,0.125666,s3_p4
1779334720.0,3,1,0.000000,s3_p1
1779334720.0,3,2,0.108750,s3_p2
1779334720.0,3,3,0.000000,s3_p3
1779334720.0,20,1,0.290093,s20_p1
1779334720.0,20,4,0.628534,s20_p4
1779334720.0,20,2,0.543924,s20_p2
1779334720.0,20,3,0.000000,s20_p3
1779334720.0,15,4,0.000000,s15_p4
1779334720.0,15,1,0.000000,s15_p1
1779334720.0,15,2,0.000000,s15_p2
1779334720.0,15,3,0.410585,s15_p3
1779334720.0,4,4,0.000000,s4_p4
1779334720.0,4,1,0.000000,s4_p1
1779334720.0,4,2,0.000000,s4_p2
1779334720.0,4,3,0.157094,s4_p3
1779334720.0,13,1,0.036230,s13_p1
1779334720.0,13,4,0.000000,s13_p4
1779334720.0,13,2,0.111105,s13_p2
1779334720.0,13,3,0.000000,s13_p3
1779334720.0,8,4,0.000000,s8_p4
1779334720.0,8,1,0.125688,s8_p1
1779334720.0,8,2,0.000000,s8_p2
1779334720.0,8,3,0.082180,s8_p3
1779334720.0,7,1,0.000000,s7_p1
1779334720.0,7,4,0.000000,s7_p4
1779334720.0,7,2,0.043502,s7_p2
1779334720.0,7,3,0.000000,s7_p3
1779334720.0,18,4,0.000000,s18_p4
1779334720.0,18,1,0.000000,s18_p1
1779334720.0,18,2,0.000000,s18_p2
1779334720.0,18,3,0.000000,s18_p3
1779334720.0,16,1,0.000000,s16_p1
1779334720.0,16,4,0.000000,s16_p4
1779334720.0,16,2,0.125694,s16_p2
1779334720.0,16,3,0.000000,s16_p3
1779334720.0,5,4,0.055571,s5_p4
1779334720.0,5,1,0.036242,s5_p1
1779334720.0,5,2,0.000000,s5_p2
1779334720.0,5,3,0.000000,s5_p3
1779334720.0,12,4,0.628199,s12_p4
1779334720.0,12,1,0.108727,s12_p1
1779334720.0,12,2,0.000000,s12_p2
1779334720.0,12,3,0.000000,s12_p3
1779334720.0,17,1,0.991122,s17_p1
1779334720.0,17,4,0.000000,s17_p4
1779334720.0,17,2,0.000000,s17_p2
1779334720.0,17,3,0.737298,s17_p3
1779334720.0,2,1,0.055587,s2_p1
1779334720.0,2,4,0.000000,s2_p4
1779334720.0,2,2,0.079755,s2_p2
1779334720.0,2,3,0.000000,s2_p3
1779334720.0,11,4,0.000000,s11_p4
1779334720.0,11,1,0.000000,s11_p1
1779334720.0,11,2,0.000000,s11_p2
1779334720.0,11,3,0.785356,s11_p3
1779334720.0,9,1,0.118388,s9_p1
1779334720.0,9,4,0.000000,s9_p4
1779334720.0,9,2,0.079731,s9_p2
1779334720.0,9,3,0.555699,s9_p3
1779334721.0,3,4,0.123192,s3_p4
1779334721.0,3,1,0.000000,s3_p1
1779334721.0,3,2,0.108699,s3_p2
1779334721.0,3,3,0.000000,s3_p3
1779334721.0,6,1,0.111080,s6_p1
1779334721.0,6,4,0.108665,s6_p4
1779334721.0,6,2,0.000000,s6_p2
1779334721.0,6,3,0.000000,s6_p3
1779334721.0,1,4,0.000000,s1_p4
1779334721.0,1,1,0.000000,s1_p1
1779334721.0,1,2,0.118333,s1_p2
1779334721.0,1,3,0.111088,s1_p3
1779334721.0,10,4,0.000000,s10_p4
1779334721.0,10,1,0.000000,s10_p1
1779334721.0,10,2,0.055543,s10_p2
1779334721.0,10,3,0.000000,s10_p3
1779334721.0,19,1,0.000000,s19_p1
1779334721.0,19,4,0.000000,s19_p4
1779334721.0,19,2,0.000000,s19_p2
1779334721.0,19,3,0.000000,s19_p3
1779334721.0,14,4,0.820948,s14_p4
1779334721.0,14,1,0.000000,s14_p1
1779334721.0,14,2,0.000000,s14_p2
1779334721.0,14,3,0.000000,s14_p3
1779334721.0,20,1,0.277549,s20_p1
1779334721.0,20,4,0.627502,s20_p4
1779334721.0,20,2,0.543030,s20_p2
1779334721.0,20,3,0.000000,s20_p3
1779334721.0,8,4,0.000000,s8_p4
1779334721.0,8,1,0.125504,s8_p1
1779334721.0,8,2,0.000000,s8_p2
1779334721.0,8,3,0.082060,s8_p3
1779334721.0,7,1,0.000000,s7_p1
1779334721.0,7,4,0.000000,s7_p4
1779334721.0,7,2,0.041030,s7_p2
1779334721.0,7,3,0.000000,s7_p3
1779334721.0,13,1,0.033786,s13_p1
1779334721.0,13,4,0.000000,s13_p4
1779334721.0,13,2,0.108599,s13_p2
1779334721.0,13,3,0.000000,s13_p3
1779334721.0,17,1,1.000000,s17_p1
1779334721.0,17,4,0.000000,s17_p4
1779334721.0,17,2,0.000000,s17_p2
1779334721.0,17,3,0.712292,s17_p3
1779334721.0,2,1,0.055548,s2_p1
1779334721.0,2,4,0.000000,s2_p4
1779334721.0,2,2,0.082114,s2_p2
1779334721.0,2,3,0.000000,s2_p3
1779334721.0,18,4,0.000000,s18_p4
1779334721.0,18,1,0.000000,s18_p1
1779334721.0,18,2,0.000000,s18_p2
1779334721.0,18,3,0.000000,s18_p3
1779334721.0,4,4,0.000000,s4_p4
1779334721.0,4,1,0.000000,s4_p1
1779334721.0,4,2,0.000000,s4_p2
1779334721.0,4,3,0.156840,s4_p3
1779334721.0,5,4,0.055524,s5_p4
1779334721.0,5,1,0.033798,s5_p1
1779334721.0,5,2,0.000000,s5_p2
1779334721.0,5,3,0.000000,s5_p3
1779334721.0,15,4,0.000000,s15_p4
1779334721.0,15,1,0.000000,s15_p1
1779334721.0,15,2,0.000000,s15_p2
1779334721.0,15,3,0.410162,s15_p3
1779334721.0,12,4,0.627638,s12_p4
1779334721.0,12,1,0.108630,s12_p1
1779334721.0,12,2,0.000000,s12_p2
1779334721.0,12,3,0.000000,s12_p3
1779334721.0,16,1,0.000000,s16_p1
1779334721.0,16,4,0.000000,s16_p4
1779334721.0,16,2,0.125479,s16_p2
1779334721.0,16,3,0.000000,s16_p3
1779334721.0,9,1,0.118294,s9_p1
1779334721.0,9,4,0.000000,s9_p4
1779334721.0,9,2,0.082081,s9_p2
1779334721.0,9,3,0.543186,s9_p3
1779334721.0,11,4,0.000000,s11_p4
1779334721.0,11,1,0.000000,s11_p1
1779334721.0,11,2,0.000000,s11_p2
1779334721.0,11,3,0.784473,s11_p3
1779334721.0,6,1,0.108763,s6_p1
1779334721.0,6,4,0.108763,s6_p4
1779334721.0,6,2,0.000000,s6_p2
1779334721.0,6,3,0.000000,s6_p3
1779334721.0,1,4,0.000000,s1_p4
1779334721.0,1,1,0.000000,s1_p1
1779334721.0,1,2,0.120751,s1_p2
1779334721.0,1,3,0.108676,s1_p3
1779334721.0,10,4,0.000000,s10_p4
1779334721.0,10,1,0.000000,s10_p1
1779334721.0,10,2,0.055543,s10_p2
1779334721.0,10,3,0.000000,s10_p3
1779334721.0,15,4,0.000000,s15_p4
1779334721.0,15,1,0.000000,s15_p1
1779334721.0,15,2,0.000000,s15_p2
1779334721.0,15,3,0.423219,s15_p3
1779334721.0,3,4,0.125539,s3_p4
1779334721.0,3,1,0.000000,s3_p1
1779334721.0,3,2,0.108639,s3_p2
1779334721.0,3,3,0.000000,s3_p3
1779334721.0,8,4,0.000000,s8_p4
1779334721.0,8,1,0.123300,s8_p1
1779334721.0,8,2,0.000000,s8_p2
1779334721.0,8,3,0.084618,s8_p3
1779334721.0,13,1,0.036249,s13_p1
1779334721.0,13,4,0.000000,s13_p4
1779334721.0,13,2,0.108747,s13_p2
1779334721.0,13,3,0.000000,s13_p3
1779334721.0,20,1,0.277840,s20_p1
1779334721.0,20,4,0.616080,s20_p4
1779334721.0,20,2,0.543600,s20_p2
1779334721.0,20,3,0.000000,s20_p3
1779334721.0,4,4,0.000000,s4_p4
1779334721.0,4,1,0.000000,s4_p1
1779334721.0,4,2,0.000000,s4_p2
1779334721.0,4,3,0.157084,s4_p3
1779334721.0,14,4,0.820560,s14_p4
1779334721.0,14,1,0.000000,s14_p1
1779334721.0,14,2,0.000000,s14_p2
1779334721.0,14,3,0.000000,s14_p3
1779334721.0,7,1,0.000000,s7_p1
1779334721.0,7,4,0.000000,s7_p4
1779334721.0,7,2,0.043491,s7_p2
1779334721.0,7,3,0.000000,s7_p3
1779334721.0,5,4,0.055578,s5_p4
1779334721.0,5,1,0.036247,s5_p1
1779334721.0,5,2,0.000000,s5_p2
1779334721.0,5,3,0.000000,s5_p3
1779334721.0,12,4,0.616224,s12_p4
1779334721.0,12,1,0.108745,s12_p1
1779334721.0,12,2,0.000000,s12_p2
1779334721.0,12,3,0.000000,s12_p3
1779334721.0,11,4,0.000000,s11_p4
1779334721.0,11,1,0.000000,s11_p1
1779334721.0,11,2,0.000000,s11_p2
1779334721.0,11,3,0.785332,s11_p3
1779334721.0,2,1,0.055540,s2_p1
1779334721.0,2,4,0.000000,s2_p4
1779334721.0,2,2,0.079687,s2_p2
1779334721.0,2,3,0.000000,s2_p3
1779334721.0,9,1,0.120806,s9_p1
1779334721.0,9,4,0.000000,s9_p4
1779334721.0,9,2,0.079732,s9_p2
1779334721.0,9,3,0.543625,s9_p3
1779334721.0,17,1,1.000000,s17_p1
1779334721.0,17,4,0.000000,s17_p4
1779334721.0,17,2,0.000000,s17_p2
1779334721.0,17,3,0.724375,s17_p3
1779334721.0,16,1,0.000000,s16_p1
1779334721.0,16,4,0.000000,s16_p4
1779334721.0,16,2,0.123208,s16_p2
1779334721.0,16,3,0.000000,s16_p3
1779334721.0,18,4,0.000000,s18_p4
1779334721.0,18,1,0.000000,s18_p1
1779334721.0,18,2,0.000000,s18_p2
1779334721.0,18,3,0.000000,s18_p3
1779334721.0,19,1,0.000000,s19_p1
1779334721.0,19,4,0.000000,s19_p4
1779334721.0,19,2,0.000000,s19_p2
1779334721.0,19,3,0.000000,s19_p3
1779334722.0,6,1,0.108794,s6_p1
1779334722.0,6,4,0.108794,s6_p4
1779334722.0,6,2,0.000000,s6_p2
1779334722.0,6,3,0.000000,s6_p3
1779334722.0,1,4,0.000000,s1_p4
1779334722.0,1,1,0.000000,s1_p1
1779334722.0,1,2,0.118510,s1_p2
1779334722.0,1,3,0.108836,s1_p3
1779334722.0,10,4,0.000000,s10_p4
1779334722.0,10,1,0.000000,s10_p1
1779334722.0,10,2,0.055628,s10_p2
1779334722.0,10,3,0.000000,s10_p3
1779334722.0,14,4,0.822889,s14_p4
1779334722.0,14,1,0.000000,s14_p1
1779334722.0,14,2,0.000000,s14_p2
1779334722.0,14,3,0.000000,s14_p3
1779334722.0,15,4,0.000000,s15_p4
1779334722.0,15,1,0.000000,s15_p1
1779334722.0,15,2,0.000000,s15_p2
1779334722.0,15,3,0.411023,s15_p3
1779334722.0,8,4,0.000000,s8_p4
1779334722.0,8,1,0.125722,s8_p1
1779334722.0,8,2,0.000000,s8_p2
1779334722.0,8,3,0.082203,s8_p3
1779334722.0,3,4,0.125715,s3_p4
1779334722.0,3,1,0.000000,s3_p1
1779334722.0,3,2,0.108792,s3_p2
1779334722.0,3,3,0.000000,s3_p3
1779334722.0,18,4,0.000000,s18_p4
1779334722.0,18,1,0.000000,s18_p1
1779334722.0,18,2,0.000000,s18_p2
1779334722.0,18,3,0.000000,s18_p3
1779334722.0,20,1,0.278034,s20_p1
1779334722.0,20,4,0.628599,s20_p4
1779334722.0,20,2,0.543980,s20_p2
1779334722.0,20,3,0.000000,s20_p3
1779334722.0,7,1,0.000000,s7_p1
1779334722.0,7,4,0.000000,s7_p4
1779334722.0,7,2,0.043521,s7_p2
1779334722.0,7,3,0.000000,s7_p3
1779334722.0,5,4,0.055613,s5_p4
1779334722.0,5,1,0.036269,s5_p1
1779334722.0,5,2,0.000000,s5_p2
1779334722.0,5,3,0.000000,s5_p3
1779334722.0,4,4,0.000000,s4_p4
1779334722.0,4,1,0.000000,s4_p1
1779334722.0,4,2,0.000000,s4_p2
1779334722.0,4,3,0.159561,s4_p3
1779334722.0,13,1,0.036260,s13_p1
1779334722.0,13,4,0.000000,s13_p4
1779334722.0,13,2,0.108779,s13_p2
1779334722.0,13,3,0.000000,s13_p3
1779334722.0,11,4,0.000000,s11_p4
1779334722.0,11,1,0.000000,s11_p1
1779334722.0,11,2,0.000000,s11_p2
1779334722.0,11,3,0.797976,s11_p3
1779334722.0,9,1,0.118491,s9_p1
1779334722.0,9,4,0.000000,s9_p4
1779334722.0,9,2,0.082218,s9_p2
1779334722.0,9,3,0.544090,s9_p3
1779334722.0,16,1,0.000000,s16_p1
1779334722.0,16,4,0.000000,s16_p4
1779334722.0,16,2,0.125747,s16_p2
1779334722.0,16,3,0.000000,s16_p3
1779334722.0,2,1,0.055613,s2_p1
1779334722.0,2,4,0.000000,s2_p4
1779334722.0,2,2,0.082211,s2_p2
1779334722.0,2,3,0.000000,s2_p3
1779334722.0,12,4,0.628307,s12_p4
1779334722.0,12,1,0.108745,s12_p1
1779334722.0,12,2,0.000000,s12_p2
1779334722.0,12,3,0.000000,s12_p3
1779334722.0,17,1,1.000000,s17_p1
1779334722.0,17,4,0.000000,s17_p4
1779334722.0,17,2,0.000000,s17_p2
1779334722.0,17,3,0.725398,s17_p3
1779334722.0,19,1,0.000000,s19_p1
1779334722.0,19,4,0.000000,s19_p4
1779334722.0,19,2,0.000000,s19_p2
1779334722.0,19,3,0.000000,s19_p3
1779334722.0,10,4,0.000000,s10_p4
1779334722.0,10,1,0.000000,s10_p1
1779334722.0,10,2,0.057918,s10_p2
1779334722.0,10,3,0.000000,s10_p3
1779334722.0,12,4,0.628395,s12_p4
1779334722.0,12,1,0.108761,s12_p1
1779334722.0,12,2,0.000000,s12_p2
1779334722.0,12,3,0.000000,s12_p3
1779334722.0,9,1,0.118291,s9_p1
1779334722.0,9,4,0.000000,s9_p4
1779334722.0,9,2,0.082079,s9_p2
1779334722.0,9,3,0.543172,s9_p3
1779334722.0,1,4,0.000000,s1_p4
1779334722.0,1,1,0.000000,s1_p1
1779334722.0,1,2,0.118082,s1_p2
1779334722.0,1,3,0.108443,s1_p3
1779334722.0,17,1,1.000000,s17_p1
1779334722.0,17,4,0.000000,s17_p4
1779334722.0,17,2,0.000000,s17_p2
1779334722.0,17,3,0.712138,s17_p3
1779334722.0,5,4,0.057900,s5_p4
1779334722.0,5,1,0.033775,s5_p1
1779334722.0,5,2,0.000000,s5_p2
1779334722.0,5,3,0.000000,s5_p3
1779334722.0,6,1,0.108386,s6_p1
1779334722.0,6,4,0.108386,s6_p4
1779334722.0,6,2,0.000000,s6_p2
1779334722.0,6,3,0.000000,s6_p3
1779334722.0,7,1,0.000000,s7_p1
1779334722.0,7,4,0.000000,s7_p4
1779334722.0,7,2,0.043422,s7_p2
1779334722.0,7,3,0.000000,s7_p3
1779334722.0,11,4,0.000000,s11_p4
1779334722.0,11,1,0.000000,s11_p1
1779334722.0,11,2,0.000000,s11_p2
1779334722.0,11,3,0.772301,s11_p3
1779334722.0,4,4,0.000000,s4_p4
1779334722.0,4,1,0.000000,s4_p1
1779334722.0,4,2,0.000000,s4_p2
1779334722.0,4,3,0.154391,s4_p3
1779334722.0,19,1,0.000000,s19_p1
1779334722.0,19,4,0.000000,s19_p4
1779334722.0,19,2,0.000000,s19_p2
1779334722.0,19,3,0.000000,s19_p3
1779334722.0,16,1,0.000000,s16_p1
1779334722.0,16,4,0.000000,s16_p4
1779334722.0,16,2,0.125503,s16_p2
1779334722.0,16,3,0.000000,s16_p3
1779334722.0,13,1,0.033772,s13_p1
1779334722.0,13,4,0.000000,s13_p4
1779334722.0,13,2,0.108552,s13_p2
1779334722.0,13,3,0.000000,s13_p3
1779334722.0,14,4,0.831309,s14_p4
1779334722.0,14,1,0.000000,s14_p1
1779334722.0,14,2,0.000000,s14_p2
1779334722.0,14,3,0.000000,s14_p3
1779334722.0,15,4,0.000000,s15_p4
1779334722.0,15,1,0.000000,s15_p1
1779334722.0,15,2,0.000000,s15_p2
1779334722.0,15,3,0.421803,s15_p3
1779334722.0,3,4,0.125344,s3_p4
1779334722.0,3,1,0.000000,s3_p1
1779334722.0,3,2,0.108471,s3_p2
1779334722.0,3,3,0.000000,s3_p3
1779334722.0,18,4,0.000000,s18_p4
1779334722.0,18,1,0.000000,s18_p1
1779334722.0,18,2,0.000000,s18_p2
1779334722.0,18,3,0.000000,s18_p3
1779334722.0,2,1,0.057917,s2_p1
1779334722.0,2,4,0.000000,s2_p4
1779334722.0,2,2,0.082050,s2_p2
1779334722.0,2,3,0.000000,s2_p3
1779334722.0,8,4,0.000000,s8_p4
1779334722.0,8,1,0.125333,s8_p1
1779334722.0,8,2,0.000000,s8_p2
1779334722.0,8,3,0.084359,s8_p3
1779334722.0,20,1,0.289396,s20_p1
1779334722.0,20,4,0.627024,s20_p4
1779334722.0,20,2,0.542617,s20_p2
1779334722.0,20,3,0.000000,s20_p3
1779334723.0,19,1,0.000000,s19_p1
1779334723.0,19,4,0.000000,s19_p4
1779334723.0,19,2,0.000000,s19_p2
1779334723.0,19,3,0.000000,s19_p3
1779334723.0,14,4,0.823120,s14_p4
1779334723.0,14,1,0.000000,s14_p1
1779334723.0,14,2,0.000000,s14_p2
1779334723.0,14,3,0.000000,s14_p3
1779334723.0,6,1,0.108920,s6_p1
1779334723.0,6,4,0.108920,s6_p4
1779334723.0,6,2,0.000000,s6_p2
1779334723.0,6,3,0.000000,s6_p3
1779334723.0,3,4,0.125885,s3_p4
1779334723.0,3,1,0.000000,s3_p1
1779334723.0,3,2,0.108939,s3_p2
1779334723.0,3,3,0.000000,s3_p3
1779334723.0,8,4,0.000000,s8_p4
1779334723.0,8,1,0.125841,s8_p1
1779334723.0,8,2,0.000000,s8_p2
1779334723.0,8,3,0.082281,s8_p3
1779334723.0,10,4,0.000000,s10_p4
1779334723.0,10,1,0.000000,s10_p1
1779334723.0,10,2,0.055549,s10_p2
1779334723.0,10,3,0.000000,s10_p3
1779334723.0,4,4,0.000000,s4_p4
1779334723.0,4,1,0.000000,s4_p1
1779334723.0,4,2,0.000000,s4_p2
1779334723.0,4,3,0.159628,s4_p3
1779334723.0,20,1,0.278197,s20_p1
1779334723.0,20,4,0.628967,s20_p4
1779334723.0,20,2,0.544298,s20_p2
1779334723.0,20,3,0.000000,s20_p3
1779334723.0,15,4,0.000000,s15_p4
1779334723.0,15,1,0.000000,s15_p1
1779334723.0,15,2,0.000000,s15_p2
1779334723.0,15,3,0.411183,s15_p3
1779334723.0,17,1,0.990850,s17_p1
1779334723.0,17,4,0.000000,s17_p4
1779334723.0,17,2,0.000000,s17_p2
1779334723.0,17,3,0.725012,s17_p3
1779334723.0,18,4,0.000000,s18_p4
1779334723.0,18,1,0.000000,s18_p1
1779334723.0,18,2,0.000000,s18_p2
1779334723.0,18,3,0.000000,s18_p3
1779334723.0,12,4,0.627525,s12_p4
1779334723.0,12,1,0.108610,s12_p1
1779334723.0,12,2,0.000000,s12_p2
1779334723.0,12,3,0.000000,s12_p3
1779334723.0,7,1,0.000000,s7_p1
1779334723.0,7,4,0.000000,s7_p4
1779334723.0,7,2,0.043498,s7_p2
1779334723.0,7,3,0.000000,s7_p3
1779334723.0,11,4,0.000000,s11_p4
1779334723.0,11,1,0.000000,s11_p1
1779334723.0,11,2,0.000000,s11_p2
1779334723.0,11,3,0.797452,s11_p3
1779334723.0,16,1,0.000000,s16_p1
1779334723.0,16,4,0.000000,s16_p4
1779334723.0,16,2,0.125664,s16_p2
1779334723.0,16,3,0.000000,s16_p3
1779334723.0,5,4,0.055574,s5_p4
1779334723.0,5,1,0.036244,s5_p1
1779334723.0,5,2,0.000000,s5_p2
1779334723.0,5,3,0.000000,s5_p3
1779334723.0,2,1,0.055588,s2_p1
1779334723.0,2,4,0.000000,s2_p4
1779334723.0,2,2,0.079756,s2_p2
1779334723.0,2,3,0.000000,s2_p3
1779334723.0,13,1,0.036247,s13_p1
1779334723.0,13,4,0.000000,s13_p4
1779334723.0,13,2,0.108742,s13_p2
1779334723.0,13,3,0.000000,s13_p3
1779334723.0,1,4,0.000000,s1_p4
1779334723.0,1,1,0.000000,s1_p1
1779334723.0,1,2,0.118318,s1_p2
1779334723.0,1,3,0.108659,s1_p3
1779334723.0,9,1,0.118298,s9_p1
1779334723.0,9,4,0.000000,s9_p4
1779334723.0,9,2,0.079670,s9_p2
1779334723.0,9,3,0.543205,s9_p3
1779334723.0,6,1,0.108715,s6_p1
1779334723.0,6,4,0.108715,s6_p4
1779334723.0,6,2,0.000000,s6_p2
1779334723.0,6,3,0.000000,s6_p3
1779334723.0,1,4,0.000000,s1_p4
1779334723.0,1,1,0.000000,s1_p1
1779334723.0,1,2,0.121057,s1_p2
1779334723.0,1,3,0.108951,s1_p3
1779334723.0,15,4,0.000000,s15_p4
1779334723.0,15,1,0.000000,s15_p1
1779334723.0,15,2,0.000000,s15_p2
1779334723.0,15,3,0.410777,s15_p3
1779334723.0,3,4,0.123120,s3_p4
1779334723.0,3,1,0.000000,s3_p1
1779334723.0,3,2,0.108635,s3_p2
1779334723.0,3,3,0.000000,s3_p3
1779334723.0,14,4,0.820646,s14_p4
1779334723.0,14,1,0.000000,s14_p1
1779334723.0,14,2,0.000000,s14_p2
1779334723.0,14,3,0.000000,s14_p3
1779334723.0,10,4,0.000000,s10_p4
1779334723.0,10,1,0.000000,s10_p1
1779334723.0,10,2,0.055559,s10_p2
1779334723.0,10,3,0.000000,s10_p3
1779334723.0,13,1,0.036269,s13_p1
1779334723.0,13,4,0.000000,s13_p4
1779334723.0,13,2,0.108808,s13_p2
1779334723.0,13,3,0.000000,s13_p3
1779334723.0,8,4,0.000000,s8_p4
1779334723.0,8,1,0.123152,s8_p1
1779334723.0,8,2,0.000000,s8_p2
1779334723.0,8,3,0.082101,s8_p3
1779334723.0,17,1,1.000000,s17_p1
1779334723.0,17,4,0.000000,s17_p4
1779334723.0,17,2,0.000000,s17_p2
1779334723.0,17,3,0.724760,s17_p3
1779334723.0,18,4,0.000000,s18_p4
1779334723.0,18,1,0.000000,s18_p1
1779334723.0,18,2,0.000000,s18_p2
1779334723.0,18,3,0.000000,s18_p3
1779334723.0,7,1,0.000000,s7_p1
1779334723.0,7,4,0.000000,s7_p4
1779334723.0,7,2,0.043484,s7_p2
1779334723.0,7,3,0.000000,s7_p3
1779334723.0,12,4,0.628071,s12_p4
1779334723.0,12,1,0.108705,s12_p1
1779334723.0,12,2,0.000000,s12_p2
1779334723.0,12,3,0.000000,s12_p3
1779334723.0,5,4,0.055565,s5_p4
1779334723.0,5,1,0.036238,s5_p1
1779334723.0,5,2,0.000000,s5_p2
1779334723.0,5,3,0.000000,s5_p3
1779334723.0,4,4,0.000000,s4_p4
1779334723.0,4,1,0.000000,s4_p1
1779334723.0,4,2,0.000000,s4_p2
1779334723.0,4,3,0.156889,s4_p3
1779334723.0,20,1,0.277575,s20_p1
1779334723.0,20,4,0.627561,s20_p4
1779334723.0,20,2,0.543082,s20_p2
1779334723.0,20,3,0.000000,s20_p3
1779334723.0,9,1,0.120815,s9_p1
1779334723.0,9,4,0.000000,s9_p4
1779334723.0,9,2,0.079738,s9_p2
1779334723.0,9,3,0.543666,s9_p3
1779334723.0,16,1,0.000000,s16_p1
1779334723.0,16,4,0.000000,s16_p4
1779334723.0,16,2,0.125549,s16_p2
1779334723.0,16,3,0.000000,s16_p3
1779334723.0,19,1,0.000000,s19_p1
1779334723.0,19,4,0.000000,s19_p4
1779334723.0,19,2,0.000000,s19_p2
1779334723.0,19,3,0.000000,s19_p3
1779334723.0,11,4,0.000000,s11_p4
1779334723.0,11,1,0.000000,s11_p1
1779334723.0,11,2,0.000000,s11_p2
1779334723.0,11,3,0.784625,s11_p3
1779334723.0,2,1,0.055530,s2_p1
1779334723.0,2,4,0.000000,s2_p4
1779334723.0,2,2,0.079673,s2_p2
1779334723.0,2,3,0.000000,s2_p3
1779334724.0,6,1,0.108518,s6_p1
1779334724.0,6,4,0.108518,s6_p4
1779334724.0,6,2,0.000000,s6_p2
1779334724.0,6,3,0.000000,s6_p3
1779334724.0,1,4,0.000000,s1_p4
1779334724.0,1,1,0.000000,s1_p1
1779334724.0,1,2,0.120578,s1_p2
1779334724.0,1,3,0.108520,s1_p3
1779334724.0,3,4,0.125433,s3_p4
1779334724.0,3,1,0.000000,s3_p1
1779334724.0,3,2,0.108548,s3_p2
1779334724.0,3,3,0.000000,s3_p3
1779334724.0,15,4,0.000000,s15_p4
1779334724.0,15,1,0.000000,s15_p1
1779334724.0,15,2,0.000000,s15_p2
1779334724.0,15,3,0.422063,s15_p3
1779334724.0,10,4,0.000000,s10_p4
1779334724.0,10,1,0.000000,s10_p1
1779334724.0,10,2,0.055477,s10_p2
1779334724.0,10,3,0.000000,s10_p3
1779334724.0,14,4,0.820048,s14_p4
1779334724.0,14,1,0.000000,s14_p1
1779334724.0,14,2,0.000000,s14_p2
1779334724.0,14,3,0.000000,s14_p3
1779334724.0,7,1,0.000000,s7_p1
1779334724.0,7,4,0.000000,s7_p4
1779334724.0,7,2,0.043428,s7_p2
1779334724.0,7,3,0.000000,s7_p3
1779334724.0,4,4,0.000000,s4_p4
1779334724.0,4,1,0.000000,s4_p1
1779334724.0,4,2,0.000000,s4_p2
1779334724.0,4,3,0.159238,s4_p3
1779334724.0,5,4,0.055489,s5_p4
1779334724.0,5,1,0.036189,s5_p1
1779334724.0,5,2,0.000000,s5_p2
1779334724.0,5,3,0.000000,s5_p3
1779334724.0,20,1,0.277451,s20_p1
1779334724.0,20,4,0.615217,s20_p4
1779334724.0,20,2,0.554902,s20_p2
1779334724.0,20,3,0.000000,s20_p3
1779334724.0,13,1,0.036156,s13_p1
1779334724.0,13,4,0.000000,s13_p4
1779334724.0,13,2,0.108468,s13_p2
1779334724.0,13,3,0.000000,s13_p3
1779334724.0,8,4,0.000000,s8_p4
1779334724.0,8,1,0.125339,s8_p1
1779334724.0,8,2,0.000000,s8_p2
1779334724.0,8,3,0.084363,s8_p3
1779334724.0,11,4,0.000000,s11_p4
1779334724.0,11,1,0.000000,s11_p1
1779334724.0,11,2,0.000000,s11_p2
1779334724.0,11,3,0.796227,s11_p3
1779334724.0,18,4,0.000000,s18_p4
1779334724.0,18,1,0.000000,s18_p1
1779334724.0,18,2,0.000000,s18_p2
1779334724.0,18,3,0.000000,s18_p3
1779334724.0,16,1,0.000000,s16_p1
1779334724.0,16,4,0.000000,s16_p4
1779334724.0,16,2,0.123031,s16_p2
1779334724.0,16,3,0.000000,s16_p3
1779334724.0,2,1,0.055487,s2_p1
1779334724.0,2,4,0.000000,s2_p4
1779334724.0,2,2,0.079612,s2_p2
1779334724.0,2,3,0.000000,s2_p3
1779334724.0,12,4,0.614743,s12_p4
1779334724.0,12,1,0.110895,s12_p1
1779334724.0,12,2,0.000000,s12_p2
1779334724.0,12,3,0.000000,s12_p3
1779334724.0,17,1,1.000000,s17_p1
1779334724.0,17,4,0.000000,s17_p4
1779334724.0,17,2,0.000000,s17_p2
1779334724.0,17,3,0.723070,s17_p3
1779334724.0,19,1,0.000000,s19_p1
1779334724.0,19,4,0.000000,s19_p4
1779334724.0,19,2,0.000000,s19_p2
1779334724.0,19,3,0.000000,s19_p3
1779334724.0,9,1,0.120567,s9_p1
1779334724.0,9,4,0.000000,s9_p4
1779334724.0,9,2,0.079574,s9_p2
1779334724.0,9,3,0.542552,s9_p3
1779334724.0,1,4,0.000000,s1_p4
1779334724.0,1,1,0.000000,s1_p1
1779334724.0,1,2,0.120874,s1_p2
1779334724.0,1,3,0.108786,s1_p3
1779334724.0,3,4,0.125680,s3_p4
1779334724.0,3,1,0.000000,s3_p1
1779334724.0,3,2,0.111179,s3_p2
1779334724.0,3,3,0.000000,s3_p3
1779334724.0,10,4,0.000000,s10_p4
1779334724.0,10,1,0.000000,s10_p1
1779334724.0,10,2,0.055594,s10_p2
1779334724.0,10,3,0.000000,s10_p3
1779334724.0,15,4,0.000000,s15_p4
1779334724.0,15,1,0.000000,s15_p1
1779334724.0,15,2,0.000000,s15_p2
1779334724.0,15,3,0.410872,s15_p3
1779334724.0,14,4,0.833894,s14_p4
1779334724.0,14,1,0.000000,s14_p1
1779334724.0,14,2,0.000000,s14_p2
1779334724.0,14,3,0.000000,s14_p3
1779334724.0,6,1,0.108692,s6_p1
1779334724.0,6,4,0.111107,s6_p4
1779334724.0,6,2,0.000000,s6_p2
1779334724.0,6,3,0.000000,s6_p3
1779334724.0,8,4,0.000000,s8_p4
1779334724.0,8,1,0.125721,s8_p1
1779334724.0,8,2,0.000000,s8_p2
1779334724.0,8,3,0.082202,s8_p3
1779334724.0,20,1,0.277957,s20_p1
1779334724.0,20,4,0.628425,s20_p4
1779334724.0,20,2,0.543829,s20_p2
1779334724.0,20,3,0.000000,s20_p3
1779334724.0,7,1,0.000000,s7_p1
1779334724.0,7,4,0.000000,s7_p4
1779334724.0,7,2,0.041082,s7_p2
1779334724.0,7,3,0.000000,s7_p3
1779334724.0,5,4,0.055584,s5_p4
1779334724.0,5,1,0.033834,s5_p1
1779334724.0,5,2,0.000000,s5_p2
1779334724.0,5,3,0.000000,s5_p3
1779334724.0,4,4,0.000000,s4_p4
1779334724.0,4,1,0.000000,s4_p1
1779334724.0,4,2,0.000000,s4_p2
1779334724.0,4,3,0.154661,s4_p3
1779334724.0,13,1,0.033835,s13_p1
1779334724.0,13,4,0.000000,s13_p4
1779334724.0,13,2,0.108757,s13_p2
1779334724.0,13,3,0.000000,s13_p3
1779334724.0,12,4,0.628495,s12_p4
1779334724.0,12,1,0.108778,s12_p1
1779334724.0,12,2,0.000000,s12_p2
1779334724.0,12,3,0.000000,s12_p3
1779334724.0,16,1,0.000000,s16_p1
1779334724.0,16,4,0.000000,s16_p4
1779334724.0,16,2,0.125680,s16_p2
1779334724.0,16,3,0.000000,s16_p3
1779334724.0,18,4,0.000000,s18_p4
1779334724.0,18,1,0.000000,s18_p1
1779334724.0,18,2,0.000000,s18_p2
1779334724.0,18,3,0.000000,s18_p3
1779334724.0,17,1,1.000000,s17_p1
1779334724.0,17,4,0.000000,s17_p4
1779334724.0,17,2,0.000000,s17_p2
1779334724.0,17,3,0.713032,s17_p3
1779334724.0,2,1,0.055586,s2_p1
1779334724.0,2,4,0.000000,s2_p4
1779334724.0,2,2,0.079754,s2_p2
1779334724.0,2,3,0.000000,s2_p3
1779334724.0,9,1,0.120852,s9_p1
1779334724.0,9,4,0.000000,s9_p4
1779334724.0,9,2,0.079762,s9_p2
1779334724.0,9,3,0.543834,s9_p3
1779334724.0,11,4,0.000000,s11_p4
1779334724.0,11,1,0.000000,s11_p1
1779334724.0,11,2,0.000000,s11_p2
1779334724.0,11,3,0.773038,s11_p3
1779334724.0,19,1,0.000000,s19_p1
1779334724.0,19,4,0.000000,s19_p4
1779334724.0,19,2,0.000000,s19_p2
1779334724.0,19,3,0.000000,s19_p3
1779334725.0,19,1,0.000000,s19_p1
1779334725.0,19,4,0.000000,s19_p4
1779334725.0,19,2,0.000000,s19_p2
1779334725.0,19,3,0.000000,s19_p3
1779334725.0,1,4,0.000000,s1_p4
1779334725.0,1,1,0.000000,s1_p1
1779334725.0,1,2,0.115851,s1_p2
1779334725.0,1,3,0.108610,s1_p3
1779334725.0,3,4,0.125566,s3_p4
1779334725.0,3,1,0.000000,s3_p1
1779334725.0,3,2,0.108663,s3_p2
1779334725.0,3,3,0.000000,s3_p3
1779334725.0,14,4,0.833168,s14_p4
1779334725.0,14,1,0.000000,s14_p1
1779334725.0,14,2,0.000000,s14_p2
1779334725.0,14,3,0.000000,s14_p3
1779334725.0,10,4,0.000000,s10_p4
1779334725.0,10,1,0.000000,s10_p1
1779334725.0,10,2,0.057955,s10_p2
1779334725.0,10,3,0.000000,s10_p3
1779334725.0,6,1,0.108671,s6_p1
1779334725.0,6,4,0.108671,s6_p4
1779334725.0,6,2,0.000000,s6_p2
1779334725.0,6,3,0.000000,s6_p3
1779334725.0,7,1,0.000000,s7_p1
1779334725.0,7,4,0.000000,s7_p4
1779334725.0,7,2,0.043468,s7_p2
1779334725.0,7,3,0.000000,s7_p3
1779334725.0,5,4,0.057955,s5_p4
1779334725.0,5,1,0.036222,s5_p1
1779334725.0,5,2,0.000000,s5_p2
1779334725.0,5,3,0.000000,s5_p3
1779334725.0,15,4,0.000000,s15_p4
1779334725.0,15,1,0.000000,s15_p1
1779334725.0,15,2,0.000000,s15_p2
1779334725.0,15,3,0.422253,s15_p3
1779334725.0,8,4,0.000000,s8_p4
1779334725.0,8,1,0.125519,s8_p1
1779334725.0,8,2,0.000000,s8_p2
1779334725.0,8,3,0.084484,s8_p3
1779334725.0,4,4,0.000000,s4_p4
1779334725.0,4,1,0.000000,s4_p1
1779334725.0,4,2,0.000000,s4_p2
1779334725.0,4,3,0.159359,s4_p3
1779334725.0,13,1,0.036218,s13_p1
1779334725.0,13,4,0.000000,s13_p4
1779334725.0,13,2,0.108654,s13_p2
1779334725.0,13,3,0.000000,s13_p3
1779334725.0,20,1,0.289694,s20_p1
1779334725.0,20,4,0.627670,s20_p4
1779334725.0,20,2,0.543176,s20_p2
1779334725.0,20,3,0.000000,s20_p3
1779334725.0,18,4,0.000000,s18_p4
1779334725.0,18,1,0.000000,s18_p1
1779334725.0,18,2,0.000000,s18_p2
1779334725.0,18,3,0.000000,s18_p3
1779334725.0,2,1,0.057950,s2_p1
1779334725.0,2,4,0.000000,s2_p4
1779334725.0,2,2,0.084510,s2_p2
1779334725.0,2,3,0.000000,s2_p3
1779334725.0,16,1,0.000000,s16_p1
1779334725.0,16,4,0.000000,s16_p4
1779334725.0,16,2,0.125545,s16_p2
1779334725.0,16,3,0.000000,s16_p3
1779334725.0,11,4,0.000000,s11_p4
1779334725.0,11,1,0.000000,s11_p1
1779334725.0,11,2,0.000000,s11_p2
1779334725.0,11,3,0.796996,s11_p3
1779334725.0,12,4,0.627643,s12_p4
1779334725.0,12,1,0.108630,s12_p1
1779334725.0,12,2,0.000000,s12_p2
1779334725.0,12,3,0.000000,s12_p3
1779334725.0,17,1,1.000000,s17_p1
1779334725.0,17,4,0.000000,s17_p4
1779334725.0,17,2,0.000000,s17_p2
1779334725.0,17,3,0.724287,s17_p3
1779334725.0,9,1,0.115901,s9_p1
1779334725.0,9,4,0.000000,s9_p4
1779334725.0,9,2,0.084511,s9_p2
1779334725.0,9,3,0.543284,s9_p3
1779334725.0,19,1,0.000000,s19_p1
1779334725.0,19,4,0.000000,s19_p4
1779334725.0,19,2,0.000000,s19_p2
1779334725.0,19,3,0.000000,s19_p3
1779334725.0,6,1,0.111162,s6_p1
1779334725.0,6,4,0.108745,s6_p4
1779334725.0,6,2,0.000000,s6_p2
1779334725.0,6,3,0.000000,s6_p3
1779334725.0,14,4,0.821531,s14_p4
1779334725.0,14,1,0.000000,s14_p1
1779334725.0,14,2,0.000000,s14_p2
1779334725.0,14,3,0.000000,s14_p3
1779334725.0,1,4,0.000000,s1_p4
1779334725.0,1,1,0.000000,s1_p1
1779334725.0,1,2,0.115952,s1_p2
1779334725.0,1,3,0.111121,s1_p3
1779334725.0,10,4,0.000000,s10_p4
1779334725.0,10,1,0.000000,s10_p1
1779334725.0,10,2,0.055545,s10_p2
1779334725.0,10,3,0.000000,s10_p3
1779334725.0,8,4,0.000000,s8_p4
1779334725.0,8,1,0.125684,s8_p1
1779334725.0,8,2,0.000000,s8_p2
1779334725.0,8,3,0.082178,s8_p3
1779334725.0,15,4,0.000000,s15_p4
1779334725.0,15,1,0.000000,s15_p1
1779334725.0,15,2,0.000000,s15_p2
1779334725.0,15,3,0.410835,s15_p3
1779334725.0,13,1,0.036253,s13_p1
1779334725.0,13,4,0.000000,s13_p4
1779334725.0,13,2,0.111177,s13_p2
1779334725.0,13,3,0.000000,s13_p3
1779334725.0,3,4,0.125550,s3_p4
1779334725.0,3,1,0.000000,s3_p1
1779334725.0,3,2,0.108649,s3_p2
1779334725.0,3,3,0.000000,s3_p3
1779334725.0,20,1,0.277830,s20_p1
1779334725.0,20,4,0.628136,s20_p4
1779334725.0,20,2,0.543579,s20_p2
1779334725.0,20,3,0.000000,s20_p3
1779334725.0,7,1,0.000000,s7_p1
1779334725.0,7,4,0.000000,s7_p4
1779334725.0,7,2,0.043473,s7_p2
1779334725.0,7,3,0.000000,s7_p3
1779334725.0,4,4,0.000000,s4_p4
1779334725.0,4,1,0.000000,s4_p1
1779334725.0,4,2,0.000000,s4_p2
1779334725.0,4,3,0.157013,s4_p3
1779334725.0,12,4,0.628470,s12_p4
1779334725.0,12,1,0.108774,s12_p1
1779334725.0,12,2,0.000000,s12_p2
1779334725.0,12,3,0.000000,s12_p3
1779334725.0,5,4,0.055549,s5_p4
1779334725.0,5,1,0.036228,s5_p1
1779334725.0,5,2,0.000000,s5_p2
1779334725.0,5,3,0.000000,s5_p3
1779334725.0,11,4,0.000000,s11_p4
1779334725.0,11,1,0.000000,s11_p1
1779334725.0,11,2,0.000000,s11_p2
1779334725.0,11,3,0.785254,s11_p3
1779334725.0,2,1,0.055564,s2_p1
1779334725.0,2,4,0.000000,s2_p4
1779334725.0,2,2,0.082139,s2_p2
1779334725.0,2,3,0.000000,s2_p3
1779334725.0,16,1,0.000000,s16_p1
1779334725.0,16,4,0.000000,s16_p4
1779334725.0,16,2,0.125624,s16_p2
1779334725.0,16,3,0.000000,s16_p3
1779334725.0,17,1,1.000000,s17_p1
1779334725.0,17,4,0.000000,s17_p4
1779334725.0,17,2,0.000000,s17_p2
1779334725.0,17,3,0.736653,s17_p3
1779334725.0,9,1,0.118354,s9_p1
1779334725.0,9,4,0.000000,s9_p4
1779334725.0,9,2,0.082123,s9_p2
1779334725.0,9,3,0.555540,s9_p3
1779334725.0,18,4,0.000000,s18_p4
1779334725.0,18,1,0.000000,s18_p1
1779334725.0,18,2,0.000000,s18_p2
1779334725.0,18,3,0.000000,s18_p3
1779334726.0,1,4,0.000000,s1_p4
1779334726.0,1,1,0.000000,s1_p1
1779334726.0,1,2,0.123102,s1_p2
1779334726.0,1,3,0.108619,s1_p3
1779334726.0,19,1,0.000000,s19_p1
1779334726.0,19,4,0.000000,s19_p4
1779334726.0,19,2,0.000000,s19_p2
1779334726.0,19,3,0.000000,s19_p3
1779334726.0,3,4,0.123155,s3_p4
1779334726.0,3,1,0.000000,s3_p1
1779334726.0,3,2,0.108666,s3_p2
1779334726.0,3,3,0.000000,s3_p3
1779334726.0,15,4,0.000000,s15_p4
1779334726.0,15,1,0.000000,s15_p1
1779334726.0,15,2,0.000000,s15_p2
1779334726.0,15,3,0.410486,s15_p3
1779334726.0,6,1,0.108574,s6_p1
1779334726.0,6,4,0.108574,s6_p4
1779334726.0,6,2,0.000000,s6_p2
1779334726.0,6,3,0.000000,s6_p3
1779334726.0,14,4,0.820355,s14_p4
1779334726.0,14,1,0.000000,s14_p1
1779334726.0,14,2,0.000000,s14_p2
1779334726.0,14,3,0.000000,s14_p3
1779334726.0,10,4,0.000000,s10_p4
1779334726.0,10,1,0.000000,s10_p1
1779334726.0,10,2,0.055522,s10_p2
1779334726.0,10,3,0.000000,s10_p3
1779334726.0,12,4,0.627646,s12_p4
1779334726.0,12,1,0.108631,s12_p1
1779334726.0,12,2,0.000000,s12_p2
1779334726.0,12,3,0.000000,s12_p3
1779334726.0,20,1,0.277563,s20_p1
1779334726.0,20,4,0.627534,s20_p4
1779334726.0,20,2,0.543059,s20_p2
1779334726.0,20,3,0.000000,s20_p3
1779334726.0,4,4,0.000000,s4_p4
1779334726.0,4,1,0.000000,s4_p1
1779334726.0,4,2,0.000000,s4_p2
1779334726.0,4,3,0.156893,s4_p3
1779334726.0,5,4,0.055517,s5_p4
1779334726.0,5,1,0.036207,s5_p1
1779334726.0,5,2,0.000000,s5_p2
1779334726.0,5,3,0.000000,s5_p3
1779334726.0,17,1,0.990425,s17_p1
1779334726.0,17,4,0.000000,s17_p4
1779334726.0,17,2,0.000000,s17_p2
1779334726.0,17,3,0.724701,s17_p3
1779334726.0,8,4,0.000000,s8_p4
1779334726.0,8,1,0.125427,s8_p1
1779334726.0,8,2,0.000000,s8_p2
1779334726.0,8,3,0.082010,s8_p3
1779334726.0,16,1,0.000000,s16_p1
1779334726.0,16,4,0.000000,s16_p4
1779334726.0,16,2,0.125560,s16_p2
1779334726.0,16,3,0.000000,s16_p3
1779334726.0,2,1,0.055532,s2_p1
1779334726.0,2,4,0.000000,s2_p4
1779334726.0,2,2,0.077263,s2_p2
1779334726.0,2,3,0.000000,s2_p3
1779334726.0,18,4,0.000000,s18_p4
1779334726.0,18,1,0.000000,s18_p1
1779334726.0,18,2,0.000000,s18_p2
1779334726.0,18,3,0.000000,s18_p3
1779334726.0,13,1,0.036177,s13_p1
1779334726.0,13,4,0.000000,s13_p4
1779334726.0,13,2,0.108532,s13_p2
1779334726.0,13,3,0.000000,s13_p3
1779334726.0,7,1,0.000000,s7_p1
1779334726.0,7,4,0.000000,s7_p4
1779334726.0,7,2,0.043433,s7_p2
1779334726.0,7,3,0.000000,s7_p3
1779334726.0,11,4,0.000000,s11_p4
1779334726.0,11,1,0.000000,s11_p1
1779334726.0,11,2,0.000000,s11_p2
1779334726.0,11,3,0.796469,s11_p3
1779334726.0,9,1,0.120730,s9_p1
1779334726.0,9,4,0.000000,s9_p4
1779334726.0,9,2,0.077267,s9_p2
1779334726.0,9,3,0.543286,s9_p3
1779334726.0,6,1,0.105621,s6_p1
1779334726.0,6,4,0.105621,s6_p4
1779334726.0,6,2,0.000000,s6_p2
1779334726.0,6,3,0.000000,s6_p3
1779334726.0,5,4,0.058788,s5_p4
1779334726.0,5,1,0.035273,s5_p1
1779334726.0,5,2,0.000000,s5_p2
1779334726.0,5,3,0.000000,s5_p3
1779334726.0,10,4,0.000000,s10_p4
1779334726.0,10,1,0.000000,s10_p1
1779334726.0,10,2,0.058668,s10_p2
1779334726.0,10,3,0.000000,s10_p3
1779334726.0,4,4,0.000000,s4_p4
1779334726.0,4,1,0.000000,s4_p1
1779334726.0,4,2,0.000000,s4_p2
1779334726.0,4,3,0.158697,s4_p3
1779334726.0,13,1,0.035288,s13_p1
1779334726.0,13,4,0.000000,s13_p4
1779334726.0,13,2,0.105865,s13_p2
1779334726.0,13,3,0.000000,s13_p3
1779334726.0,14,4,0.821116,s14_p4
1779334726.0,14,1,0.000000,s14_p1
1779334726.0,14,2,0.000000,s14_p2
1779334726.0,14,3,0.000000,s14_p3
1779334726.0,19,1,0.000000,s19_p1
1779334726.0,19,4,0.000000,s19_p4
1779334726.0,19,2,0.000000,s19_p2
1779334726.0,19,3,0.000000,s19_p3
1779334726.0,3,4,0.128991,s3_p4
1779334726.0,3,1,0.000000,s3_p1
1779334726.0,3,2,0.105538,s3_p2
1779334726.0,3,3,0.000000,s3_p3
1779334726.0,7,1,0.000000,s7_p1
1779334726.0,7,4,0.000000,s7_p4
1779334726.0,7,2,0.041165,s7_p2
1779334726.0,7,3,0.000000,s7_p3
1779334726.0,1,4,0.000000,s1_p4
1779334726.0,1,1,0.000000,s1_p1
1779334726.0,1,2,0.222306,s1_p2
1779334726.0,1,3,0.105303,s1_p3
1779334726.0,15,4,0.000000,s15_p4
1779334726.0,15,1,0.000000,s15_p1
1779334726.0,15,2,0.000000,s15_p2
1779334726.0,15,3,0.409646,s15_p3
1779334726.0,17,1,1.000000,s17_p1
1779334726.0,17,4,0.000000,s17_p4
1779334726.0,17,2,0.000000,s17_p2
1779334726.0,17,3,0.703820,s17_p3
1779334726.0,20,1,0.293189,s20_p1
1779334726.0,20,4,0.615698,s20_p4
1779334726.0,20,2,0.527741,s20_p2
1779334726.0,20,3,0.000000,s20_p3
1779334726.0,12,4,0.615572,s12_p4
1779334726.0,12,1,0.105527,s12_p1
1779334726.0,12,2,0.000000,s12_p2
1779334726.0,12,3,0.000000,s12_p3
1779334726.0,16,1,0.000000,s16_p1
1779334726.0,16,4,0.000000,s16_p4
1779334726.0,16,2,0.123188,s16_p2
1779334726.0,16,3,0.000000,s16_p3
1779334726.0,2,1,0.058660,s2_p1
1779334726.0,2,4,0.000000,s2_p4
1779334726.0,2,2,0.152515,s2_p2
1779334726.0,2,3,0.000000,s2_p3
1779334726.0,18,4,0.000000,s18_p4
1779334726.0,18,1,0.000000,s18_p1
1779334726.0,18,2,0.000000,s18_p2
1779334726.0,18,3,0.000000,s18_p3
1779334726.0,8,4,0.000000,s8_p4
1779334726.0,8,1,0.123132,s8_p1
1779334726.0,8,2,0.000000,s8_p2
1779334726.0,8,3,0.082088,s8_p3
1779334726.0,9,1,0.222962,s9_p1
1779334726.0,9,4,0.000000,s9_p4
1779334726.0,9,2,0.152553,s9_p2
1779334726.0,9,3,0.528069,s9_p3
1779334726.0,11,4,0.000000,s11_p4
1779334726.0,11,1,0.000000,s11_p1
1779334726.0,11,2,0.000000,s11_p2
1779334726.0,11,3,0.762578,s11_p3
1779334726.0,6,1,0.108599,s6_p1
1779334726.0,6,4,0.111013,s6_p4
1779334726.0,6,2,0.000000,s6_p2
1779334726.0,6,3,0.000000,s6_p3
1779334726.0,19,1,0.000000,s19_p1
1779334726.0,19,4,0.000000,s19_p4
1779334726.0,19,2,0.000000,s19_p2
1779334726.0,19,3,0.000000,s19_p3
1779334726.0,8,4,0.000000,s8_p4
1779334726.0,8,1,0.125629,s8_p1
1779334726.0,8,2,0.000000,s8_p2
1779334726.0,8,3,0.084558,s8_p3
1779334726.0,10,4,0.000000,s10_p4
1779334726.0,10,1,0.000000,s10_p1
1779334726.0,10,2,0.055502,s10_p2
1779334726.0,10,3,0.000000,s10_p3
1779334726.0,1,4,0.000000,s1_p4
1779334726.0,1,1,0.000000,s1_p1
1779334726.0,1,2,0.120756,s1_p2
1779334726.0,1,3,0.108680,s1_p3
1779334726.0,15,4,0.000000,s15_p4
1779334726.0,15,1,0.000000,s15_p1
1779334726.0,15,2,0.000000,s15_p2
1779334726.0,15,3,0.422663,s15_p3
1779334726.0,17,1,1.000000,s17_p1
1779334726.0,17,4,0.000000,s17_p4
1779334726.0,17,2,0.000000,s17_p2
1779334726.0,17,3,0.711847,s17_p3
1779334726.0,13,1,0.033749,s13_p1
1779334726.0,13,4,0.000000,s13_p4
1779334726.0,13,2,0.108480,s13_p2
1779334726.0,13,3,0.000000,s13_p3
1779334726.0,7,1,0.000000,s7_p1
1779334726.0,7,4,0.000000,s7_p4
1779334726.0,7,2,0.043394,s7_p2
1779334726.0,7,3,0.000000,s7_p3
1779334726.0,20,1,0.277457,s20_p1
1779334726.0,20,4,0.627294,s20_p4
1779334726.0,20,2,0.554914,s20_p2
1779334726.0,20,3,0.000000,s20_p3
1779334726.0,5,4,0.055434,s5_p4
1779334726.0,5,1,0.033743,s5_p1
1779334726.0,5,2,0.000000,s5_p2
1779334726.0,5,3,0.000000,s5_p3
1779334726.0,12,4,0.627259,s12_p4
1779334726.0,12,1,0.110977,s12_p1
1779334726.0,12,2,0.000000,s12_p2
1779334726.0,12,3,0.000000,s12_p3
1779334726.0,11,4,0.000000,s11_p4
1779334726.0,11,1,0.000000,s11_p1
1779334726.0,11,2,0.000000,s11_p2
1779334726.0,11,3,0.784334,s11_p3
1779334726.0,18,4,0.000000,s18_p4
1779334726.0,18,1,0.000000,s18_p1
1779334726.0,18,2,0.000000,s18_p2
1779334726.0,18,3,0.000000,s18_p3
1779334726.0,9,1,0.120655,s9_p1
1779334726.0,9,4,0.000000,s9_p4
1779334726.0,9,2,0.079632,s9_p2
1779334726.0,9,3,0.542948,s9_p3
1779334726.0,16,1,0.000000,s16_p1
1779334726.0,16,4,0.000000,s16_p4
1779334726.0,16,2,0.125441,s16_p2
1779334726.0,16,3,0.000000,s16_p3
1779334726.0,4,4,0.000000,s4_p4
1779334726.0,4,1,0.000000,s4_p1
1779334726.0,4,2,0.000000,s4_p2
1779334726.0,4,3,0.156644,s4_p3
1779334726.0,2,1,0.055484,s2_p1
1779334726.0,2,4,0.000000,s2_p4
1779334726.0,2,2,0.079607,s2_p2
1779334726.0,2,3,0.000000,s2_p3
1779334726.0,14,4,0.831420,s14_p4
1779334726.0,14,1,0.000000,s14_p1
1779334726.0,14,2,0.000000,s14_p2
1779334726.0,14,3,0.000000,s14_p3
1779334726.0,3,4,0.125317,s3_p4
1779334726.0,3,1,0.000000,s3_p1
1779334726.0,3,2,0.110857,s3_p2
1779334726.0,3,3,0.000000,s3_p3
1779334727.0,6,1,0.109083,s6_p1
1779334727.0,6,4,0.109083,s6_p4
1779334727.0,6,2,0.000000,s6_p2
1779334727.0,6,3,0.000000,s6_p3
1779334727.0,3,4,0.123771,s3_p4
1779334727.0,3,1,0.000000,s3_p1
1779334727.0,3,2,0.109210,s3_p2
1779334727.0,3,3,0.000000,s3_p3
1779334727.0,1,4,0.000000,s1_p4
1779334727.0,1,1,0.000000,s1_p1
1779334727.0,1,2,0.118740,s1_p2
1779334727.0,1,3,0.109047,s1_p3
1779334727.0,14,4,0.825025,s14_p4
1779334727.0,14,1,0.000000,s14_p1
1779334727.0,14,2,0.000000,s14_p2
1779334727.0,14,3,0.000000,s14_p3
1779334727.0,10,4,0.000000,s10_p4
1779334727.0,10,1,0.000000,s10_p1
1779334727.0,10,2,0.055731,s10_p2
1779334727.0,10,3,0.000000,s10_p3
1779334727.0,15,4,0.000000,s15_p4
1779334727.0,15,1,0.000000,s15_p1
1779334727.0,15,2,0.000000,s15_p2
1779334727.0,15,3,0.411882,s15_p3
1779334727.0,8,4,0.000000,s8_p4
1779334727.0,8,1,0.123532,s8_p1
1779334727.0,8,2,0.000000,s8_p2
1779334727.0,8,3,0.082355,s8_p3
1779334727.0,13,1,0.036362,s13_p1
1779334727.0,13,4,0.000000,s13_p4
1779334727.0,13,2,0.109085,s13_p2
1779334727.0,13,3,0.000000,s13_p3
1779334727.0,7,1,0.000000,s7_p1
1779334727.0,7,4,0.000000,s7_p4
1779334727.0,7,2,0.043620,s7_p2
1779334727.0,7,3,0.000000,s7_p3
1779334727.0,4,4,0.000000,s4_p4
1779334727.0,4,1,0.000000,s4_p1
1779334727.0,4,2,0.000000,s4_p2
1779334727.0,4,3,0.157548,s4_p3
1779334727.0,12,4,0.617830,s12_p4
1779334727.0,12,1,0.109029,s12_p1
1779334727.0,12,2,0.000000,s12_p2
1779334727.0,12,3,0.000000,s12_p3
1779334727.0,5,4,0.055720,s5_p4
1779334727.0,5,1,0.036339,s5_p1
1779334727.0,5,2,0.000000,s5_p2
1779334727.0,5,3,0.000000,s5_p3
1779334727.0,20,1,0.278583,s20_p1
1779334727.0,20,4,0.617727,s20_p4
1779334727.0,20,2,0.545053,s20_p2
1779334727.0,20,3,0.000000,s20_p3
1779334727.0,16,1,0.000000,s16_p1
1779334727.0,16,4,0.000000,s16_p4
1779334727.0,16,2,0.125944,s16_p2
1779334727.0,16,3,0.000000,s16_p3
1779334727.0,2,1,0.055703,s2_p1
1779334727.0,2,4,0.000000,s2_p4
1779334727.0,2,2,0.082343,s2_p2
1779334727.0,2,3,0.000000,s2_p3
1779334727.0,18,4,0.000000,s18_p4
1779334727.0,18,1,0.000000,s18_p1
1779334727.0,18,2,0.000000,s18_p2
1779334727.0,18,3,0.000000,s18_p3
1779334727.0,17,1,1.000000,s17_p1
1779334727.0,17,4,0.000000,s17_p4
1779334727.0,17,2,0.000000,s17_p2
1779334727.0,17,3,0.726224,s17_p3
1779334727.0,11,4,0.000000,s11_p4
1779334727.0,11,1,0.000000,s11_p1
1779334727.0,11,2,0.000000,s11_p2
1779334727.0,11,3,0.786807,s11_p3
1779334727.0,9,1,0.118625,s9_p1
1779334727.0,9,4,0.000000,s9_p4
1779334727.0,9,2,0.082312,s9_p2
1779334727.0,9,3,0.544709,s9_p3
1779334727.0,19,1,0.000000,s19_p1
1779334727.0,19,4,0.000000,s19_p4
1779334727.0,19,2,0.000000,s19_p2
1779334727.0,19,3,0.000000,s19_p3
1779334727.0,6,1,0.108718,s6_p1
1779334727.0,6,4,0.108718,s6_p4
1779334727.0,6,2,0.000000,s6_p2
1779334727.0,6,3,0.000000,s6_p3
1779334727.0,1,4,0.000000,s1_p4
1779334727.0,1,1,0.000000,s1_p1
1779334727.0,1,2,0.118369,s1_p2
1779334727.0,1,3,0.108706,s1_p3
1779334727.0,10,4,0.000000,s10_p4
1779334727.0,10,1,0.000000,s10_p1
1779334727.0,10,2,0.055559,s10_p2
1779334727.0,10,3,0.000000,s10_p3
1779334727.0,14,4,0.821262,s14_p4
1779334727.0,14,1,0.000000,s14_p1
1779334727.0,14,2,0.000000,s14_p2
1779334727.0,14,3,0.000000,s14_p3
1779334727.0,3,4,0.125587,s3_p4
1779334727.0,3,1,0.000000,s3_p1
1779334727.0,3,2,0.108681,s3_p2
1779334727.0,3,3,0.000000,s3_p3
1779334727.0,4,4,0.000000,s4_p4
1779334727.0,4,1,0.000000,s4_p1
1779334727.0,4,2,0.000000,s4_p2
1779334727.0,4,3,0.159536,s4_p3
1779334727.0,8,4,0.000000,s8_p4
1779334727.0,8,1,0.125591,s8_p1
1779334727.0,8,2,0.000000,s8_p2
1779334727.0,8,3,0.084532,s8_p3
1779334727.0,15,4,0.000000,s15_p4
1779334727.0,15,1,0.000000,s15_p1
1779334727.0,15,2,0.000000,s15_p2
1779334727.0,15,3,0.422579,s15_p3
1779334727.0,13,1,0.036237,s13_p1
1779334727.0,13,4,0.000000,s13_p4
1779334727.0,13,2,0.108712,s13_p2
1779334727.0,13,3,0.000000,s13_p3
1779334727.0,20,1,0.277912,s20_p1
1779334727.0,20,4,0.628323,s20_p4
1779334727.0,20,2,0.543741,s20_p2
1779334727.0,20,3,0.000000,s20_p3
1779334727.0,7,1,0.000000,s7_p1
1779334727.0,7,4,0.000000,s7_p4
1779334727.0,7,2,0.043478,s7_p2
1779334727.0,7,3,0.000000,s7_p3
1779334727.0,5,4,0.055575,s5_p4
1779334727.0,5,1,0.036245,s5_p1
1779334727.0,5,2,0.000000,s5_p2
1779334727.0,5,3,0.000000,s5_p3
1779334727.0,18,4,0.000000,s18_p4
1779334727.0,18,1,0.000000,s18_p1
1779334727.0,18,2,0.000000,s18_p2
1779334727.0,18,3,0.000000,s18_p3
1779334727.0,12,4,0.628169,s12_p4
1779334727.0,12,1,0.108722,s12_p1
1779334727.0,12,2,0.000000,s12_p2
1779334727.0,12,3,0.000000,s12_p3
1779334727.0,11,4,0.000000,s11_p4
1779334727.0,11,1,0.000000,s11_p1
1779334727.0,11,2,0.000000,s11_p2
1779334727.0,11,3,0.797627,s11_p3
1779334727.0,17,1,1.000000,s17_p1
1779334727.0,17,4,0.000000,s17_p4
1779334727.0,17,2,0.000000,s17_p2
1779334727.0,17,3,0.724923,s17_p3
1779334727.0,9,1,0.118430,s9_p1
1779334727.0,9,4,0.000000,s9_p4
1779334727.0,9,2,0.082176,s9_p2
1779334727.0,9,3,0.543810,s9_p3
1779334727.0,16,1,0.000000,s16_p1
1779334727.0,16,4,0.000000,s16_p4
1779334727.0,16,2,0.123210,s16_p2
1779334727.0,16,3,0.000000,s16_p3
1779334727.0,2,1,0.055569,s2_p1
1779334727.0,2,4,0.000000,s2_p4
1779334727.0,2,2,0.082146,s2_p2
1779334727.0,2,3,0.000000,s2_p3
1779334727.0,19,1,0.000000,s19_p1
1779334727.0,19,4,0.000000,s19_p4
1779334727.0,19,2,0.000000,s19_p2
1779334727.0,19,3,0.000000,s19_p3
1779334728.0,6,1,0.108715,s6_p1
1779334728.0,6,4,0.108715,s6_p4
1779334728.0,6,2,0.000000,s6_p2
1779334728.0,6,3,0.000000,s6_p3
1779334728.0,19,1,0.000000,s19_p1
1779334728.0,19,4,0.000000,s19_p4
1779334728.0,19,2,0.000000,s19_p2
1779334728.0,19,3,0.000000,s19_p3
1779334728.0,1,4,0.000000,s1_p4
1779334728.0,1,1,0.000000,s1_p1
1779334728.0,1,2,0.118362,s1_p2
1779334728.0,1,3,0.108700,s1_p3
1779334728.0,15,4,0.000000,s15_p4
1779334728.0,15,1,0.000000,s15_p1
1779334728.0,15,2,0.000000,s15_p2
1779334728.0,15,3,0.410856,s15_p3
1779334728.0,14,4,0.833356,s14_p4
1779334728.0,14,1,0.000000,s14_p1
1779334728.0,14,2,0.000000,s14_p2
1779334728.0,14,3,0.000000,s14_p3
1779334728.0,3,4,0.125607,s3_p4
1779334728.0,3,1,0.000000,s3_p1
1779334728.0,3,2,0.108699,s3_p2
1779334728.0,3,3,0.000000,s3_p3
1779334728.0,13,1,0.036250,s13_p1
1779334728.0,13,4,0.000000,s13_p4
1779334728.0,13,2,0.111167,s13_p2
1779334728.0,13,3,0.000000,s13_p3
1779334728.0,8,4,0.000000,s8_p4
1779334728.0,8,1,0.125653,s8_p1
1779334728.0,8,2,0.000000,s8_p2
1779334728.0,8,3,0.082158,s8_p3
1779334728.0,10,4,0.000000,s10_p4
1779334728.0,10,1,0.000000,s10_p1
1779334728.0,10,2,0.057964,s10_p2
1779334728.0,10,3,0.000000,s10_p3
1779334728.0,5,4,0.057996,s5_p4
1779334728.0,5,1,0.036247,s5_p1
1779334728.0,5,2,0.000000,s5_p2
1779334728.0,5,3,0.000000,s5_p3
1779334728.0,17,1,0.991220,s17_p1
1779334728.0,17,4,0.000000,s17_p4
1779334728.0,17,2,0.000000,s17_p2
1779334728.0,17,3,0.737371,s17_p3
1779334728.0,4,4,0.000000,s4_p4
1779334728.0,4,1,0.000000,s4_p1
1779334728.0,4,2,0.000000,s4_p2
1779334728.0,4,3,0.156949,s4_p3
1779334728.0,7,1,0.000000,s7_p1
1779334728.0,7,4,0.000000,s7_p4
1779334728.0,7,2,0.043491,s7_p2
1779334728.0,7,3,0.000000,s7_p3
1779334728.0,18,4,0.000000,s18_p4
1779334728.0,18,1,0.000000,s18_p1
1779334728.0,18,2,0.000000,s18_p2
1779334728.0,18,3,0.000000,s18_p3
1779334728.0,20,1,0.289908,s20_p1
1779334728.0,20,4,0.628134,s20_p4
1779334728.0,20,2,0.543578,s20_p2
1779334728.0,20,3,0.000000,s20_p3
1779334728.0,12,4,0.628218,s12_p4
1779334728.0,12,1,0.108730,s12_p1
1779334728.0,12,2,0.000000,s12_p2
1779334728.0,12,3,0.000000,s12_p3
1779334728.0,2,1,0.058004,s2_p1
1779334728.0,2,4,0.000000,s2_p4
1779334728.0,2,2,0.079756,s2_p2
1779334728.0,2,3,0.000000,s2_p3
1779334728.0,9,1,0.118414,s9_p1
1779334728.0,9,4,0.000000,s9_p4
1779334728.0,9,2,0.079748,s9_p2
1779334728.0,9,3,0.555820,s9_p3
1779334728.0,16,1,0.000000,s16_p1
1779334728.0,16,4,0.000000,s16_p4
1779334728.0,16,2,0.125663,s16_p2
1779334728.0,16,3,0.000000,s16_p3
1779334728.0,11,4,0.000000,s11_p4
1779334728.0,11,1,0.000000,s11_p1
1779334728.0,11,2,0.000000,s11_p2
1779334728.0,11,3,0.785274,s11_p3
1779334728.0,19,1,0.000000,s19_p1
1779334728.0,19,4,0.000000,s19_p4
1779334728.0,19,2,0.000000,s19_p2
1779334728.0,19,3,0.000000,s19_p3
1779334728.0,6,1,0.111139,s6_p1
1779334728.0,6,4,0.108723,s6_p4
1779334728.0,6,2,0.000000,s6_p2
1779334728.0,6,3,0.000000,s6_p3
1779334728.0,1,4,0.000000,s1_p4
1779334728.0,1,1,0.000000,s1_p1
1779334728.0,1,2,0.120897,s1_p2
1779334728.0,1,3,0.111225,s1_p3
1779334728.0,3,4,0.125709,s3_p4
1779334728.0,3,1,0.000000,s3_p1
1779334728.0,3,2,0.108787,s3_p2
1779334728.0,3,3,0.000000,s3_p3
1779334728.0,14,4,0.821742,s14_p4
1779334728.0,14,1,0.000000,s14_p1
1779334728.0,14,2,0.000000,s14_p2
1779334728.0,14,3,0.000000,s14_p3
1779334728.0,10,4,0.000000,s10_p4
1779334728.0,10,1,0.000000,s10_p1
1779334728.0,10,2,0.055556,s10_p2
1779334728.0,10,3,0.000000,s10_p3
1779334728.0,15,4,0.000000,s15_p4
1779334728.0,15,1,0.000000,s15_p1
1779334728.0,15,2,0.000000,s15_p2
1779334728.0,15,3,0.410518,s15_p3
1779334728.0,13,1,0.033809,s13_p1
1779334728.0,13,4,0.000000,s13_p4
1779334728.0,13,2,0.108673,s13_p2
1779334728.0,13,3,0.000000,s13_p3
1779334728.0,8,4,0.000000,s8_p4
1779334728.0,8,1,0.125576,s8_p1
1779334728.0,8,2,0.000000,s8_p2
1779334728.0,8,3,0.082108,s8_p3
1779334728.0,20,1,0.277742,s20_p1
1779334728.0,20,4,0.627938,s20_p4
1779334728.0,20,2,0.543408,s20_p2
1779334728.0,20,3,0.000000,s20_p3
1779334728.0,5,4,0.055535,s5_p4
1779334728.0,5,1,0.033804,s5_p1
1779334728.0,5,2,0.000000,s5_p2
1779334728.0,5,3,0.000000,s5_p3
1779334728.0,18,4,0.000000,s18_p4
1779334728.0,18,1,0.000000,s18_p1
1779334728.0,18,2,0.000000,s18_p2
1779334728.0,18,3,0.000000,s18_p3
1779334728.0,4,4,0.000000,s4_p4
1779334728.0,4,1,0.000000,s4_p1
1779334728.0,4,2,0.000000,s4_p2
1779334728.0,4,3,0.154538,s4_p3
1779334728.0,2,1,0.055556,s2_p1
1779334728.0,2,4,0.000000,s2_p4
1779334728.0,2,2,0.079711,s2_p2
1779334728.0,2,3,0.000000,s2_p3
1779334728.0,7,1,0.000000,s7_p1
1779334728.0,7,4,0.000000,s7_p4
1779334728.0,7,2,0.043462,s7_p2
1779334728.0,7,3,0.000000,s7_p3
1779334728.0,12,4,0.627813,s12_p4
1779334728.0,12,1,0.108660,s12_p1
1779334728.0,12,2,0.000000,s12_p2
1779334728.0,12,3,0.000000,s12_p3
1779334728.0,16,1,0.000000,s16_p1
1779334728.0,16,4,0.000000,s16_p4
1779334728.0,16,2,0.125570,s16_p2
1779334728.0,16,3,0.000000,s16_p3
1779334728.0,9,1,0.120732,s9_p1
1779334728.0,9,4,0.000000,s9_p4
1779334728.0,9,2,0.079683,s9_p2
1779334728.0,9,3,0.543294,s9_p3
1779334728.0,11,4,0.000000,s11_p4
1779334728.0,11,1,0.000000,s11_p1
1779334728.0,11,2,0.000000,s11_p2
1779334728.0,11,3,0.772710,s11_p3
1779334728.0,17,1,1.000000,s17_p1
1779334728.0,17,4,0.000000,s17_p4
1779334728.0,17,2,0.000000,s17_p2
1779334728.0,17,3,0.711965,s17_p3
1779334729.0,19,1,0.000000,s19_p1
1779334729.0,19,4,0.000000,s19_p4
1779334729.0,19,2,0.000000,s19_p2
1779334729.0,19,3,0.000000,s19_p3
1779334729.0,6,1,0.108638,s6_p1
1779334729.0,6,4,0.108638,s6_p4
1779334729.0,6,2,0.000000,s6_p2
1779334729.0,6,3,0.000000,s6_p3
1779334729.0,15,4,0.000000,s15_p4
1779334729.0,15,1,0.000000,s15_p1
1779334729.0,15,2,0.000000,s15_p2
1779334729.0,15,3,0.422882,s15_p3
1779334729.0,3,4,0.125518,s3_p4
1779334729.0,3,1,0.000000,s3_p1
1779334729.0,3,2,0.108621,s3_p2
1779334729.0,3,3,0.000000,s3_p3
1779334729.0,14,4,0.820677,s14_p4
1779334729.0,14,1,0.000000,s14_p1
1779334729.0,14,2,0.000000,s14_p2
1779334729.0,14,3,0.000000,s14_p3
1779334729.0,10,4,0.000000,s10_p4
1779334729.0,10,1,0.000000,s10_p1
1779334729.0,10,2,0.055554,s10_p2
1779334729.0,10,3,0.000000,s10_p3
1779334729.0,1,4,0.000000,s1_p4
1779334729.0,1,1,0.000000,s1_p1
1779334729.0,1,2,0.118198,s1_p2
1779334729.0,1,3,0.108549,s1_p3
1779334729.0,20,1,0.277769,s20_p1
1779334729.0,20,4,0.627999,s20_p4
1779334729.0,20,2,0.543461,s20_p2
1779334729.0,20,3,0.000000,s20_p3
1779334729.0,4,4,0.000000,s4_p4
1779334729.0,4,1,0.000000,s4_p1
1779334729.0,4,2,0.000000,s4_p2
1779334729.0,4,3,0.159424,s4_p3
1779334729.0,7,1,0.000000,s7_p1
1779334729.0,7,4,0.000000,s7_p4
1779334729.0,7,2,0.041065,s7_p2
1779334729.0,7,3,0.000000,s7_p3
1779334729.0,5,4,0.055550,s5_p4
1779334729.0,5,1,0.036229,s5_p1
1779334729.0,5,2,0.000000,s5_p2
1779334729.0,5,3,0.000000,s5_p3
1779334729.0,13,1,0.036200,s13_p1
1779334729.0,13,4,0.000000,s13_p4
1779334729.0,13,2,0.108601,s13_p2
1779334729.0,13,3,0.000000,s13_p3
1779334729.0,8,4,0.000000,s8_p4
1779334729.0,8,1,0.125489,s8_p1
1779334729.0,8,2,0.000000,s8_p2
1779334729.0,8,3,0.084464,s8_p3
1779334729.0,12,4,0.627658,s12_p4
1779334729.0,12,1,0.108633,s12_p1
1779334729.0,12,2,0.000000,s12_p2
1779334729.0,12,3,0.000000,s12_p3
1779334729.0,17,1,1.000000,s17_p1
1779334729.0,17,4,0.000000,s17_p4
1779334729.0,17,2,0.000000,s17_p2
1779334729.0,17,3,0.724465,s17_p3
1779334729.0,16,1,0.000000,s16_p1
1779334729.0,16,4,0.000000,s16_p4
1779334729.0,16,2,0.125520,s16_p2
1779334729.0,16,3,0.000000,s16_p3
1779334729.0,9,1,0.118278,s9_p1
1779334729.0,9,4,0.000000,s9_p4
1779334729.0,9,2,0.082071,s9_p2
1779334729.0,9,3,0.543115,s9_p3
1779334729.0,2,1,0.055494,s2_p1
1779334729.0,2,4,0.000000,s2_p4
1779334729.0,2,2,0.082035,s2_p2
1779334729.0,2,3,0.000000,s2_p3
1779334729.0,11,4,0.000000,s11_p4
1779334729.0,11,1,0.000000,s11_p1
1779334729.0,11,2,0.000000,s11_p2
1779334729.0,11,3,0.796530,s11_p3
1779334729.0,18,4,0.000000,s18_p4
1779334729.0,18,1,0.000000,s18_p1
1779334729.0,18,2,0.000000,s18_p2
1779334729.0,18,3,0.000000,s18_p3
1779334729.0,6,1,0.108669,s6_p1
1779334729.0,6,4,0.108669,s6_p4
1779334729.0,6,2,0.000000,s6_p2
1779334729.0,6,3,0.000000,s6_p3
1779334729.0,4,4,0.000000,s4_p4
1779334729.0,4,1,0.000000,s4_p1
1779334729.0,4,2,0.000000,s4_p2
1779334729.0,4,3,0.157067,s4_p3
1779334729.0,5,4,0.055577,s5_p4
1779334729.0,5,1,0.036246,s5_p1
1779334729.0,5,2,0.000000,s5_p2
1779334729.0,5,3,0.000000,s5_p3
1779334729.0,20,1,0.277827,s20_p1
1779334729.0,20,4,0.616052,s20_p4
1779334729.0,20,2,0.543575,s20_p2
1779334729.0,20,3,0.000000,s20_p3
1779334729.0,7,1,0.000000,s7_p1
1779334729.0,7,4,0.000000,s7_p4
1779334729.0,7,2,0.043489,s7_p2
1779334729.0,7,3,0.000000,s7_p3
1779334729.0,14,4,0.820624,s14_p4
1779334729.0,14,1,0.000000,s14_p1
1779334729.0,14,2,0.000000,s14_p2
1779334729.0,14,3,0.000000,s14_p3
1779334729.0,13,1,0.036240,s13_p1
1779334729.0,13,4,0.000000,s13_p4
1779334729.0,13,2,0.108719,s13_p2
1779334729.0,13,3,0.000000,s13_p3
1779334729.0,3,4,0.123056,s3_p4
1779334729.0,3,1,0.000000,s3_p1
1779334729.0,3,2,0.108579,s3_p2
1779334729.0,3,3,0.000000,s3_p3
1779334729.0,15,4,0.000000,s15_p4
1779334729.0,15,1,0.000000,s15_p1
1779334729.0,15,2,0.000000,s15_p2
1779334729.0,15,3,0.410148,s15_p3
1779334729.0,8,4,0.000000,s8_p4
1779334729.0,8,1,0.123216,s8_p1
1779334729.0,8,2,0.000000,s8_p2
1779334729.0,8,3,0.082144,s8_p3
1779334729.0,10,4,0.000000,s10_p4
1779334729.0,10,1,0.000000,s10_p1
1779334729.0,10,2,0.055508,s10_p2
1779334729.0,10,3,0.000000,s10_p3
1779334729.0,1,4,0.000000,s1_p4
1779334729.0,1,1,0.000000,s1_p1
1779334729.0,1,2,0.118259,s1_p2
1779334729.0,1,3,0.108605,s1_p3
1779334729.0,19,1,0.000000,s19_p1
1779334729.0,19,4,0.000000,s19_p4
1779334729.0,19,2,0.000000,s19_p2
1779334729.0,19,3,0.000000,s19_p3
1779334729.0,9,1,0.118411,s9_p1
1779334729.0,9,4,0.000000,s9_p4
1779334729.0,9,2,0.082162,s9_p2
1779334729.0,9,3,0.543722,s9_p3
1779334729.0,17,1,1.000000,s17_p1
1779334729.0,17,4,0.000000,s17_p4
1779334729.0,17,2,0.000000,s17_p2
1779334729.0,17,3,0.724659,s17_p3
1779334729.0,12,4,0.615894,s12_p4
1779334729.0,12,1,0.108687,s12_p1
1779334729.0,12,2,0.000000,s12_p2
1779334729.0,12,3,0.000000,s12_p3
1779334729.0,16,1,0.000000,s16_p1
1779334729.0,16,4,0.000000,s16_p4
1779334729.0,16,2,0.123225,s16_p2
1779334729.0,16,3,0.000000,s16_p3
1779334729.0,11,4,0.000000,s11_p4
1779334729.0,11,1,0.000000,s11_p1
1779334729.0,11,2,0.000000,s11_p2
1779334729.0,11,3,0.785307,s11_p3
1779334729.0,18,4,0.000000,s18_p4
1779334729.0,18,1,0.000000,s18_p1
1779334729.0,18,2,0.000000,s18_p2
1779334729.0,18,3,0.000000,s18_p3
1779334729.0,2,1,0.055569,s2_p1
1779334729.0,2,4,0.000000,s2_p4
1779334729.0,2,2,0.082145,s2_p2
1779334729.0,2,3,0.000000,s2_p3
1779334730.0,6,1,0.108743,s6_p1
1779334730.0,6,4,0.108743,s6_p4
1779334730.0,6,2,0.000000,s6_p2
1779334730.0,6,3,0.000000,s6_p3
1779334730.0,19,1,0.000000,s19_p1
1779334730.0,19,4,0.000000,s19_p4
1779334730.0,19,2,0.000000,s19_p2
1779334730.0,19,3,0.000000,s19_p3
1779334730.0,15,4,0.000000,s15_p4
1779334730.0,15,1,0.000000,s15_p1
1779334730.0,15,2,0.000000,s15_p2
1779334730.0,15,3,0.410995,s15_p3
1779334730.0,1,4,0.000000,s1_p4
1779334730.0,1,1,0.000000,s1_p1
1779334730.0,1,2,0.118461,s1_p2
1779334730.0,1,3,0.108790,s1_p3
1779334730.0,8,4,0.000000,s8_p4
1779334730.0,8,1,0.125705,s8_p1
1779334730.0,8,2,0.000000,s8_p2
1779334730.0,8,3,0.084609,s8_p3
1779334730.0,10,4,0.000000,s10_p4
1779334730.0,10,1,0.000000,s10_p1
1779334730.0,10,2,0.055600,s10_p2
1779334730.0,10,3,0.000000,s10_p3
1779334730.0,14,4,0.821798,s14_p4
1779334730.0,14,1,0.000000,s14_p1
1779334730.0,14,2,0.000000,s14_p2
1779334730.0,14,3,0.000000,s14_p3
1779334730.0,3,4,0.125692,s3_p4
1779334730.0,3,1,0.000000,s3_p1
1779334730.0,3,2,0.108772,s3_p2
1779334730.0,3,3,0.000000,s3_p3
1779334730.0,12,4,0.628581,s12_p4
1779334730.0,12,1,0.108793,s12_p1
1779334730.0,12,2,0.000000,s12_p2
1779334730.0,12,3,0.000000,s12_p3
1779334730.0,4,4,0.000000,s4_p4
1779334730.0,4,1,0.000000,s4_p1
1779334730.0,4,2,0.000000,s4_p2
1779334730.0,4,3,0.159368,s4_p3
1779334730.0,20,1,0.277715,s20_p1
1779334730.0,20,4,0.627878,s20_p4
1779334730.0,20,2,0.543356,s20_p2
1779334730.0,20,3,0.000000,s20_p3
1779334730.0,7,1,0.000000,s7_p1
1779334730.0,7,4,0.000000,s7_p4
1779334730.0,7,2,0.043469,s7_p2
1779334730.0,7,3,0.000000,s7_p3
1779334730.0,5,4,0.055538,s5_p4
1779334730.0,5,1,0.036220,s5_p1
1779334730.0,5,2,0.000000,s5_p2
1779334730.0,5,3,0.000000,s5_p3
1779334730.0,18,4,0.000000,s18_p4
1779334730.0,18,1,0.000000,s18_p1
1779334730.0,18,2,0.000000,s18_p2
1779334730.0,18,3,0.000000,s18_p3
1779334730.0,13,1,0.036225,s13_p1
1779334730.0,13,4,0.000000,s13_p4
1779334730.0,13,2,0.108675,s13_p2
1779334730.0,13,3,0.000000,s13_p3
1779334730.0,9,1,0.120801,s9_p1
1779334730.0,9,4,0.000000,s9_p4
1779334730.0,9,2,0.079729,s9_p2
1779334730.0,9,3,0.543604,s9_p3
1779334730.0,11,4,0.000000,s11_p4
1779334730.0,11,1,0.000000,s11_p1
1779334730.0,11,2,0.000000,s11_p2
1779334730.0,11,3,0.797388,s11_p3
1779334730.0,16,1,0.000000,s16_p1
1779334730.0,16,4,0.000000,s16_p4
1779334730.0,16,2,0.125640,s16_p2
1779334730.0,16,3,0.000000,s16_p3
1779334730.0,2,1,0.055578,s2_p1
1779334730.0,2,4,0.000000,s2_p4
1779334730.0,2,2,0.079742,s2_p2
1779334730.0,2,3,0.000000,s2_p3
1779334730.0,17,1,1.000000,s17_p1
1779334730.0,17,4,0.000000,s17_p4
1779334730.0,17,2,0.000000,s17_p2
1779334730.0,17,3,0.724759,s17_p3
1779334730.0,19,1,0.000000,s19_p1
1779334730.0,19,4,0.000000,s19_p4
1779334730.0,19,2,0.000000,s19_p2
1779334730.0,19,3,0.000000,s19_p3
1779334730.0,6,1,0.128003,s6_p1
1779334730.0,6,4,0.108682,s6_p4
1779334730.0,6,2,0.021736,s6_p2
1779334730.0,6,3,0.000000,s6_p3
1779334730.0,14,4,0.834083,s14_p4
1779334730.0,14,1,0.000000,s14_p1
1779334730.0,14,2,0.000000,s14_p2
1779334730.0,14,3,0.000000,s14_p3
1779334730.0,1,4,0.016922,s1_p4
1779334730.0,1,1,0.012087,s1_p1
1779334730.0,1,2,0.099112,s1_p2
1779334730.0,1,3,0.108782,s1_p3
1779334730.0,15,4,0.000000,s15_p4
1779334730.0,15,1,0.000000,s15_p1
1779334730.0,15,2,0.000000,s15_p2
1779334730.0,15,3,0.591944,s15_p3
1779334730.0,8,4,0.000000,s8_p4
1779334730.0,8,1,0.157053,s8_p1
1779334730.0,8,2,0.000000,s8_p2
1779334730.0,8,3,0.082151,s8_p3
1779334730.0,3,4,0.125646,s3_p4
1779334730.0,3,1,0.043493,s3_p1
1779334730.0,3,2,0.108732,s3_p2
1779334730.0,3,3,0.057990,s3_p3
1779334730.0,13,1,0.024183,s13_p1
1779334730.0,13,4,0.000000,s13_p4
1779334730.0,13,2,0.149935,s13_p2
1779334730.0,13,3,0.217648,s13_p3
1779334730.0,10,4,0.084562,s10_p4
1779334730.0,10,1,0.000000,s10_p1
1779334730.0,10,2,0.057985,s10_p2
1779334730.0,10,3,0.000000,s10_p3
1779334730.0,20,1,0.290028,s20_p1
1779334730.0,20,4,0.712985,s20_p4
1779334730.0,20,2,0.543802,s20_p2
1779334730.0,20,3,0.000000,s20_p3
1779334730.0,12,4,0.628297,s12_p4
1779334730.0,12,1,0.108744,s12_p1
1779334730.0,12,2,0.000000,s12_p2
1779334730.0,12,3,0.000000,s12_p3
1779334730.0,4,4,0.000000,s4_p4
1779334730.0,4,1,0.000000,s4_p1
1779334730.0,4,2,0.000000,s4_p2
1779334730.0,4,3,0.273078,s4_p3
1779334730.0,5,4,0.058002,s5_p4
1779334730.0,5,1,0.024167,s5_p1
1779334730.0,5,2,0.000000,s5_p2
1779334730.0,5,3,0.065252,s5_p3
1779334730.0,7,1,0.016915,s7_p1
1779334730.0,7,4,0.000000,s7_p4
1779334730.0,7,2,0.043497,s7_p2
1779334730.0,7,3,0.033831,s7_p3
1779334730.0,18,4,0.000000,s18_p4
1779334730.0,18,1,0.000000,s18_p1
1779334730.0,18,2,0.000000,s18_p2
1779334730.0,18,3,0.000000,s18_p3
1779334730.0,17,1,0.990900,s17_p1
1779334730.0,17,4,0.000000,s17_p4
1779334730.0,17,2,0.217515,s17_p2
1779334730.0,17,3,0.761301,s17_p3
1779334730.0,16,1,0.016917,s16_p1
1779334730.0,16,4,0.000000,s16_p4
1779334730.0,16,2,0.125666,s16_p2
1779334730.0,16,3,0.000000,s16_p3
1779334730.0,2,1,0.060416,s2_p1
1779334730.0,2,4,0.000000,s2_p4
1779334730.0,2,2,0.086999,s2_p2
1779334730.0,2,3,0.000000,s2_p3
1779334730.0,9,1,0.108717,s9_p1
1779334730.0,9,4,0.000000,s9_p4
1779334730.0,9,2,0.089390,s9_p2
1779334730.0,9,3,0.543586,s9_p3
1779334730.0,11,4,0.000000,s11_p4
1779334730.0,11,1,0.043486,s11_p1
1779334730.0,11,2,0.000000,s11_p2
1779334730.0,11,3,0.893873,s11_p3
1779334731.0,19,1,0.000000,s19_p1
1779334731.0,19,4,0.000000,s19_p4
1779334731.0,19,2,0.000000,s19_p2
1779334731.0,19,3,0.000000,s19_p3
1779334731.0,1,4,0.041000,s1_p4
1779334731.0,1,1,0.026530,s1_p1
1779334731.0,1,2,0.019294,s1_p2
1779334731.0,1,3,0.108530,s1_p3
1779334731.0,6,1,0.132621,s6_p1
1779334731.0,6,4,0.108508,s6_p4
1779334731.0,6,2,0.043403,s6_p2
1779334731.0,6,3,0.000000,s6_p3
1779334731.0,14,4,0.819889,s14_p4
1779334731.0,14,1,0.000000,s14_p1
1779334731.0,14,2,0.000000,s14_p2
1779334731.0,14,3,0.000000,s14_p3
1779334731.0,15,4,0.000000,s15_p4
1779334731.0,15,1,0.000000,s15_p1
1779334731.0,15,2,0.000000,s15_p2
1779334731.0,15,3,0.868205,s15_p3
1779334731.0,3,4,0.125412,s3_p4
1779334731.0,3,1,0.118176,s3_p1
1779334731.0,3,2,0.108529,s3_p2
1779334731.0,3,3,0.142294,s3_p3
1779334731.0,10,4,0.205002,s10_p4
1779334731.0,10,1,0.000000,s10_p1
1779334731.0,10,2,0.055471,s10_p2
1779334731.0,10,3,0.000000,s10_p3
1779334731.0,8,4,0.000000,s8_p4
1779334731.0,8,1,0.202547,s8_p1
1779334731.0,8,2,0.000000,s8_p2
1779334731.0,8,3,0.081983,s8_p3
1779334731.0,13,1,0.012055,s13_p1
1779334731.0,13,4,0.000000,s13_p4
1779334731.0,13,2,0.175999,s13_p2
1779334731.0,13,3,0.590680,s13_p3
1779334731.0,7,1,0.041007,s7_p1
1779334731.0,7,4,0.000000,s7_p4
1779334731.0,7,2,0.043419,s7_p2
1779334731.0,7,3,0.091663,s7_p3
1779334731.0,4,4,0.000000,s4_p4
1779334731.0,4,1,0.000000,s4_p1
1779334731.0,4,2,0.000000,s4_p2
1779334731.0,4,3,0.409964,s4_p3
1779334731.0,20,1,0.277262,s20_p1
1779334731.0,20,4,0.831785,s20_p4
1779334731.0,20,2,0.554523,s20_p2
1779334731.0,20,3,0.000000,s20_p3
1779334731.0,5,4,0.055450,s5_p4
1779334731.0,5,1,0.012054,s5_p1
1779334731.0,5,2,0.000000,s5_p2
1779334731.0,5,3,0.161529,s5_p3
1779334731.0,12,4,0.626698,s12_p4
1779334731.0,12,1,0.110877,s12_p1
1779334731.0,12,2,0.000000,s12_p2
1779334731.0,12,3,0.000000,s12_p3
1779334731.0,18,4,0.000000,s18_p4
1779334731.0,18,1,0.000000,s18_p1
1779334731.0,18,2,0.000000,s18_p2
1779334731.0,18,3,0.000000,s18_p3
1779334731.0,17,1,1.000000,s17_p1
1779334731.0,17,4,0.000000,s17_p4
1779334731.0,17,2,0.590702,s17_p2
1779334731.0,17,3,0.723309,s17_p3
1779334731.0,11,4,0.000000,s11_p4
1779334731.0,11,1,0.118149,s11_p1
1779334731.0,11,2,0.000000,s11_p2
1779334731.0,11,3,1.000000,s11_p3
1779334731.0,16,1,0.040976,s16_p1
1779334731.0,16,4,0.000000,s16_p4
1779334731.0,16,2,0.125338,s16_p2
1779334731.0,16,3,0.000000,s16_p3
1779334731.0,2,1,0.089182,s2_p1
1779334731.0,2,4,0.000000,s2_p4
1779334731.0,2,2,0.120516,s2_p2
1779334731.0,2,3,0.000000,s2_p3
1779334731.0,9,1,0.045800,s9_p1
1779334731.0,9,4,0.000000,s9_p4
1779334731.0,9,2,0.154275,s9_p2
1779334731.0,9,3,0.542373,s9_p3
1779334731.0,19,1,0.000000,s19_p1
1779334731.0,19,4,0.000000,s19_p4
1779334731.0,19,2,0.000000,s19_p2
1779334731.0,19,3,0.000000,s19_p3
1779334731.0,1,4,0.045373,s1_p4
1779334731.0,1,1,0.026054,s1_p1
1779334731.0,1,2,0.012076,s1_p2
1779334731.0,1,3,0.060654,s1_p3
1779334731.0,6,1,0.093679,s6_p1
1779334731.0,6,4,0.028983,s6_p4
1779334731.0,6,2,0.043747,s6_p2
1779334731.0,6,3,0.002444,s6_p3
1779334731.0,3,4,0.024435,s3_p4
1779334731.0,3,1,0.118674,s3_p1
1779334731.0,3,2,0.028997,s3_p2
1779334731.0,3,3,0.142566,s3_p3
1779334731.0,14,4,0.217372,s14_p4
1779334731.0,14,1,0.000588,s14_p1
1779334731.0,14,2,0.002169,s14_p2
1779334731.0,14,3,0.000000,s14_p3
1779334731.0,8,4,0.000272,s8_p4
1779334731.0,8,1,0.101456,s8_p1
1779334731.0,8,2,0.002444,s8_p2
1779334731.0,8,3,0.059873,s8_p3
1779334731.0,13,1,0.012079,s13_p1
1779334731.0,13,4,0.000000,s13_p4
1779334731.0,13,2,0.135287,s13_p2
1779334731.0,13,3,0.606819,s13_p3
1779334731.0,15,4,0.000000,s15_p4
1779334731.0,15,1,0.000000,s15_p1
1779334731.0,15,2,0.002443,s15_p2
1779334731.0,15,3,0.758045,s15_p3
1779334731.0,10,4,0.228185,s10_p4
1779334731.0,10,1,0.000000,s10_p1
1779334731.0,10,2,0.014489,s10_p2
1779334731.0,10,3,0.000000,s10_p3
1779334731.0,7,1,0.043748,s7_p1
1779334731.0,7,4,0.000000,s7_p4
1779334731.0,7,2,0.012077,s7_p2
1779334731.0,7,3,0.091783,s7_p3
1779334731.0,20,1,0.072478,s20_p1
1779334731.0,20,4,0.338231,s20_p4
1779334731.0,20,2,0.134235,s20_p2
1779334731.0,20,3,0.013789,s20_p3
1779334731.0,4,4,0.000316,s4_p4
1779334731.0,4,1,0.000543,s4_p1
1779334731.0,4,2,0.000272,s4_p2
1779334731.0,4,3,0.422710,s4_p3
1779334731.0,5,4,0.014479,s5_p4
1779334731.0,5,1,0.012381,s5_p1
1779334731.0,5,2,0.000271,s5_p2
1779334731.0,5,3,0.162220,s5_p3
1779334731.0,12,4,0.123597,s12_p4
1779334731.0,12,1,0.026817,s12_p1
1779334731.0,12,2,0.000000,s12_p2
1779334731.0,12,3,0.000000,s12_p3
1779334731.0,18,4,0.000000,s18_p4
1779334731.0,18,1,0.000000,s18_p1
1779334731.0,18,2,0.000000,s18_p2
1779334731.0,18,3,0.000000,s18_p3
1779334731.0,17,1,1.000000,s17_p1
1779334731.0,17,4,0.012212,s17_p4
1779334731.0,17,2,0.595404,s17_p2
1779334731.0,17,3,0.518925,s17_p3
1779334731.0,11,4,0.000000,s11_p4
1779334731.0,11,1,0.118254,s11_p1
1779334731.0,11,2,0.000814,s11_p2
1779334731.0,11,3,0.989470,s11_p3
1779334731.0,9,1,0.038105,s9_p1
1779334731.0,9,4,0.000000,s9_p4
1779334731.0,9,2,0.163615,s9_p2
1779334731.0,9,3,0.315283,s9_p3
1779334731.0,2,1,0.036200,s2_p1
1779334731.0,2,4,0.000271,s2_p4
1779334731.0,2,2,0.141869,s2_p2
1779334731.0,2,3,0.002442,s2_p3
1779334731.0,16,1,0.043438,s16_p1
1779334731.0,16,4,0.001357,s16_p4
1779334731.0,16,2,0.024132,s16_p2
1779334731.0,16,3,0.000000,s16_p3
1779334732.0,6,1,0.041037,s6_p1
1779334732.0,6,4,0.000000,s6_p4
1779334732.0,6,2,0.043451,s6_p2
1779334732.0,6,3,0.000000,s6_p3
1779334732.0,19,1,0.000000,s19_p1
1779334732.0,19,4,0.000000,s19_p4
1779334732.0,19,2,0.000000,s19_p2
1779334732.0,19,3,0.000000,s19_p3
1779334732.0,1,4,0.041027,s1_p4
1779334732.0,1,1,0.069987,s1_p1
1779334732.0,1,2,0.014796,s1_p2
1779334732.0,1,3,0.000271,s1_p3
1779334732.0,7,1,0.041040,s7_p1
1779334732.0,7,4,0.000000,s7_p4
1779334732.0,7,2,0.000000,s7_p2
1779334732.0,7,3,0.091737,s7_p3
1779334732.0,8,4,0.000000,s8_p4
1779334732.0,8,1,0.074798,s8_p1
1779334732.0,8,2,0.000000,s8_p2
1779334732.0,8,3,0.000000,s8_p3
1779334732.0,15,4,0.000000,s15_p4
1779334732.0,15,1,0.000000,s15_p1
1779334732.0,15,2,0.000000,s15_p2
1779334732.0,15,3,0.458485,s15_p3
1779334732.0,14,4,0.000000,s14_p4
1779334732.0,14,1,0.000000,s14_p1
1779334732.0,14,2,0.000000,s14_p2
1779334732.0,14,3,0.000000,s14_p3
1779334732.0,4,4,0.000316,s4_p4
1779334732.0,4,1,0.000000,s4_p1
1779334732.0,4,2,0.000271,s4_p2
1779334732.0,4,3,0.253469,s4_p3
1779334732.0,3,4,0.000000,s3_p4
1779334732.0,3,1,0.115743,s3_p1
1779334732.0,3,2,0.000000,s3_p2
1779334732.0,3,3,0.142268,s3_p3
1779334732.0,10,4,0.205088,s10_p4
1779334732.0,10,1,0.000316,s10_p1
1779334732.0,10,2,0.000000,s10_p2
1779334732.0,10,3,0.000000,s10_p3
1779334732.0,13,1,0.000000,s13_p1
1779334732.0,13,4,0.000000,s13_p4
1779334732.0,13,2,0.084441,s13_p2
1779334732.0,13,3,0.579024,s13_p3
1779334732.0,17,1,0.990521,s17_p1
1779334732.0,17,4,0.000000,s17_p4
1779334732.0,17,2,0.581175,s17_p2
1779334732.0,17,3,0.205352,s17_p3
1779334732.0,20,1,0.001579,s20_p1
1779334732.0,20,4,0.205021,s20_p4
1779334732.0,20,2,0.000000,s20_p2
1779334732.0,20,3,0.000000,s20_p3
1779334732.0,9,1,0.084586,s9_p1
1779334732.0,9,4,0.000000,s9_p4
1779334732.0,9,2,0.113586,s9_p2
1779334732.0,9,3,0.001359,s9_p3
1779334732.0,16,1,0.041086,s16_p1
1779334732.0,16,4,0.000000,s16_p4
1779334732.0,16,2,0.000000,s16_p2
1779334732.0,16,3,0.000000,s16_p3
1779334732.0,2,1,0.050751,s2_p1
1779334732.0,2,4,0.000000,s2_p4
1779334732.0,2,2,0.062834,s2_p2
1779334732.0,2,3,0.000000,s2_p3
1779334732.0,18,4,0.000000,s18_p4
1779334732.0,18,1,0.000000,s18_p1
1779334732.0,18,2,0.000000,s18_p2
1779334732.0,18,3,0.000000,s18_p3
1779334732.0,11,4,0.000000,s11_p4
1779334732.0,11,1,0.115982,s11_p1
1779334732.0,11,2,0.000272,s11_p2
1779334732.0,11,3,1.000000,s11_p3
1779334732.0,5,4,0.000000,s5_p4
1779334732.0,5,1,0.000000,s5_p1
1779334732.0,5,2,0.000000,s5_p2
1779334732.0,5,3,0.159376,s5_p3
1779334732.0,12,4,0.001581,s12_p4
1779334732.0,12,1,0.000000,s12_p1
1779334732.0,12,2,0.000000,s12_p2
1779334732.0,12,3,0.000000,s12_p3
1779334732.0,6,1,0.038695,s6_p1
1779334732.0,6,4,0.000000,s6_p4
1779334732.0,6,2,0.043532,s6_p2
1779334732.0,6,3,0.000000,s6_p3
1779334732.0,10,4,0.205661,s10_p4
1779334732.0,10,1,0.000000,s10_p1
1779334732.0,10,2,0.000000,s10_p2
1779334732.0,10,3,0.000000,s10_p3
1779334732.0,3,4,0.000000,s3_p4
1779334732.0,3,1,0.118544,s3_p1
1779334732.0,3,2,0.000000,s3_p2
1779334732.0,3,3,0.142737,s3_p3
1779334732.0,15,4,0.000000,s15_p4
1779334732.0,15,1,0.000000,s15_p1
1779334732.0,15,2,0.000000,s15_p2
1779334732.0,15,3,0.459593,s15_p3
1779334732.0,14,4,0.000000,s14_p4
1779334732.0,14,1,0.000000,s14_p1
1779334732.0,14,2,0.000000,s14_p2
1779334732.0,14,3,0.000000,s14_p3
1779334732.0,1,4,0.041083,s1_p4
1779334732.0,1,1,0.082166,s1_p1
1779334732.0,1,2,0.000000,s1_p2
1779334732.0,1,3,0.000000,s1_p3
1779334732.0,7,1,0.041085,s7_p1
1779334732.0,7,4,0.000000,s7_p4
1779334732.0,7,2,0.000000,s7_p2
1779334732.0,7,3,0.091837,s7_p3
1779334732.0,4,4,0.000000,s4_p4
1779334732.0,4,1,0.000000,s4_p1
1779334732.0,4,2,0.000000,s4_p2
1779334732.0,4,3,0.248945,s4_p3
1779334732.0,12,4,0.000000,s12_p4
1779334732.0,12,1,0.000000,s12_p1
1779334732.0,12,2,0.000000,s12_p2
1779334732.0,12,3,0.000000,s12_p3
1779334732.0,5,4,0.000000,s5_p4
1779334732.0,5,1,0.000000,s5_p1
1779334732.0,5,2,0.000000,s5_p2
1779334732.0,5,3,0.162083,s5_p3
1779334732.0,8,4,0.000000,s8_p4
1779334732.0,8,1,0.077330,s8_p1
1779334732.0,8,2,0.000000,s8_p2
1779334732.0,8,3,0.000000,s8_p3
1779334732.0,20,1,0.000000,s20_p1
1779334732.0,20,4,0.205583,s20_p4
1779334732.0,20,2,0.000000,s20_p2
1779334732.0,20,3,0.000000,s20_p3
1779334732.0,13,1,0.000000,s13_p1
1779334732.0,13,4,0.000000,s13_p4
1779334732.0,13,2,0.082177,s13_p2
1779334732.0,13,3,0.592154,s13_p3
1779334732.0,17,1,1.000000,s17_p1
1779334732.0,17,4,0.000000,s17_p4
1779334732.0,17,2,0.592285,s17_p2
1779334732.0,17,3,0.193399,s17_p3
1779334732.0,16,1,0.041099,s16_p1
1779334732.0,16,4,0.000000,s16_p4
1779334732.0,16,2,0.000000,s16_p2
1779334732.0,16,3,0.000000,s16_p3
1779334732.0,2,1,0.070110,s2_p1
1779334732.0,2,4,0.000000,s2_p4
1779334732.0,2,2,0.048352,s2_p2
1779334732.0,2,3,0.000000,s2_p3
1779334732.0,18,4,0.000000,s18_p4
1779334732.0,18,1,0.000000,s18_p1
1779334732.0,18,2,0.000000,s18_p2
1779334732.0,18,3,0.000000,s18_p3
1779334732.0,19,1,0.000000,s19_p1
1779334732.0,19,4,0.000000,s19_p4
1779334732.0,19,2,0.000000,s19_p2
1779334732.0,19,3,0.000000,s19_p3
1779334732.0,9,1,0.082167,s9_p1
1779334732.0,9,4,0.000000,s9_p4
1779334732.0,9,2,0.118417,s9_p2
1779334732.0,9,3,0.000000,s9_p3
1779334732.0,11,4,0.000000,s11_p4
1779334732.0,11,1,0.118427,s11_p1
1779334732.0,11,2,0.000000,s11_p2
1779334732.0,11,3,1.000000,s11_p3
1779334733.0,8,4,0.000000,s8_p4
1779334733.0,8,1,0.077208,s8_p1
1779334733.0,8,2,0.000000,s8_p2
1779334733.0,8,3,0.000000,s8_p3
1779334733.0,14,4,0.000000,s14_p4
1779334733.0,14,1,0.000000,s14_p1
1779334733.0,14,2,0.000000,s14_p2
1779334733.0,14,3,0.000000,s14_p3
1779334733.0,1,4,0.043386,s1_p4
1779334733.0,1,1,0.079542,s1_p1
1779334733.0,1,2,0.000000,s1_p2
1779334733.0,1,3,0.000000,s1_p3
1779334733.0,15,4,0.000000,s15_p4
1779334733.0,15,1,0.000000,s15_p1
1779334733.0,15,2,0.000000,s15_p2
1779334733.0,15,3,0.457915,s15_p3
1779334733.0,3,4,0.000000,s3_p4
1779334733.0,3,1,0.117996,s3_p1
1779334733.0,3,2,0.000000,s3_p2
1779334733.0,3,3,0.142077,s3_p3
1779334733.0,4,4,0.000000,s4_p4
1779334733.0,4,1,0.000000,s4_p1
1779334733.0,4,2,0.000000,s4_p2
1779334733.0,4,3,0.253058,s4_p3
1779334733.0,6,1,0.038496,s6_p1
1779334733.0,6,4,0.000000,s6_p4
1779334733.0,6,2,0.043308,s6_p2
1779334733.0,6,3,0.000000,s6_p3
1779334733.0,20,1,0.000000,s20_p1
1779334733.0,20,4,0.216905,s20_p4
1779334733.0,20,2,0.000000,s20_p2
1779334733.0,20,3,0.000000,s20_p3
1779334733.0,13,1,0.000000,s13_p1
1779334733.0,13,4,0.000000,s13_p4
1779334733.0,13,2,0.081942,s13_p2
1779334733.0,13,3,0.590463,s13_p3
1779334733.0,19,1,0.000000,s19_p1
1779334733.0,19,4,0.000000,s19_p4
1779334733.0,19,2,0.000000,s19_p2
1779334733.0,19,3,0.000000,s19_p3
1779334733.0,7,1,0.043371,s7_p1
1779334733.0,7,4,0.000000,s7_p4
1779334733.0,7,2,0.000000,s7_p2
1779334733.0,7,3,0.091561,s7_p3
1779334733.0,10,4,0.216655,s10_p4
1779334733.0,10,1,0.000000,s10_p1
1779334733.0,10,2,0.000000,s10_p2
1779334733.0,10,3,0.000000,s10_p3
1779334733.0,5,4,0.000000,s5_p4
1779334733.0,5,1,0.000000,s5_p1
1779334733.0,5,2,0.000000,s5_p2
1779334733.0,5,3,0.161363,s5_p3
1779334733.0,16,1,0.043371,s16_p1
1779334733.0,16,4,0.000000,s16_p4
1779334733.0,16,2,0.000000,s16_p2
1779334733.0,16,3,0.000000,s16_p3
1779334733.0,9,1,0.079538,s9_p1
1779334733.0,9,4,0.000000,s9_p4
1779334733.0,9,2,0.120512,s9_p2
1779334733.0,9,3,0.000000,s9_p3
1779334733.0,11,4,0.000000,s11_p4
1779334733.0,11,1,0.118100,s11_p1
1779334733.0,11,2,0.000000,s11_p2
1779334733.0,11,3,1.000000,s11_p3
1779334733.0,12,4,0.000000,s12_p4
1779334733.0,12,1,0.000000,s12_p1
1779334733.0,12,2,0.000000,s12_p2
1779334733.0,12,3,0.000000,s12_p3
1779334733.0,18,4,0.000000,s18_p4
1779334733.0,18,1,0.000000,s18_p1
1779334733.0,18,2,0.000000,s18_p2
1779334733.0,18,3,0.000000,s18_p3
1779334733.0,17,1,0.999697,s17_p1
1779334733.0,17,4,0.000000,s17_p4
1779334733.0,17,2,0.590183,s17_p2
1779334733.0,17,3,0.192713,s17_p3
1779334733.0,2,1,0.069864,s2_p1
1779334733.0,2,4,0.000000,s2_p4
1779334733.0,2,2,0.050591,s2_p2
1779334733.0,2,3,0.000000,s2_p3
1779334733.0,19,1,0.000000,s19_p1
1779334733.0,19,4,0.000000,s19_p4
1779334733.0,19,2,0.000000,s19_p2
1779334733.0,19,3,0.000000,s19_p3
1779334733.0,14,4,0.000000,s14_p4
1779334733.0,14,1,0.000000,s14_p1
1779334733.0,14,2,0.000000,s14_p2
1779334733.0,14,3,0.000000,s14_p3
1779334733.0,1,4,0.041131,s1_p4
1779334733.0,1,1,0.077422,s1_p1
1779334733.0,1,2,0.000000,s1_p2
1779334733.0,1,3,0.000000,s1_p3
1779334733.0,6,1,0.038745,s6_p1
1779334733.0,6,4,0.000000,s6_p4
1779334733.0,6,2,0.043588,s6_p2
1779334733.0,6,3,0.000000,s6_p3
1779334733.0,7,1,0.041143,s7_p1
1779334733.0,7,4,0.000000,s7_p4
1779334733.0,7,2,0.000000,s7_p2
1779334733.0,7,3,0.091967,s7_p3
1779334733.0,5,4,0.000000,s5_p4
1779334733.0,5,1,0.000000,s5_p1
1779334733.0,5,2,0.000000,s5_p2
1779334733.0,5,3,0.159808,s5_p3
1779334733.0,13,1,0.000000,s13_p1
1779334733.0,13,4,0.000000,s13_p4
1779334733.0,13,2,0.082271,s13_p2
1779334733.0,13,3,0.580736,s13_p3
1779334733.0,20,1,0.000000,s20_p1
1779334733.0,20,4,0.205669,s20_p4
1779334733.0,20,2,0.000000,s20_p2
1779334733.0,20,3,0.000000,s20_p3
1779334733.0,4,4,0.000000,s4_p4
1779334733.0,4,1,0.000000,s4_p1
1779334733.0,4,2,0.000000,s4_p2
1779334733.0,4,3,0.249191,s4_p3
1779334733.0,10,4,0.205677,s10_p4
1779334733.0,10,1,0.000000,s10_p1
1779334733.0,10,2,0.000000,s10_p2
1779334733.0,10,3,0.000000,s10_p3
1779334733.0,15,4,0.000000,s15_p4
1779334733.0,15,1,0.000000,s15_p1
1779334733.0,15,2,0.000000,s15_p2
1779334733.0,15,3,0.459249,s15_p3
1779334733.0,8,4,0.000000,s8_p4
1779334733.0,8,1,0.074914,s8_p1
1779334733.0,8,2,0.000000,s8_p2
1779334733.0,8,3,0.000000,s8_p3
1779334733.0,3,4,0.000000,s3_p4
1779334733.0,3,1,0.116103,s3_p1
1779334733.0,3,2,0.000000,s3_p2
1779334733.0,3,3,0.142710,s3_p3
1779334733.0,17,1,1.000000,s17_p1
1779334733.0,17,4,0.000000,s17_p4
1779334733.0,17,2,0.580863,s17_p2
1779334733.0,17,3,0.193621,s17_p3
1779334733.0,9,1,0.077434,s9_p1
1779334733.0,9,4,0.000000,s9_p4
1779334733.0,9,2,0.123411,s9_p2
1779334733.0,9,3,0.000000,s9_p3
1779334733.0,11,4,0.000000,s11_p4
1779334733.0,11,1,0.116154,s11_p1
1779334733.0,11,2,0.000000,s11_p2
1779334733.0,11,3,1.000000,s11_p3
1779334733.0,2,1,0.075020,s2_p1
1779334733.0,2,4,0.000000,s2_p4
1779334733.0,2,2,0.048400,s2_p2
1779334733.0,2,3,0.000000,s2_p3
1779334733.0,16,1,0.041131,s16_p1
1779334733.0,16,4,0.000000,s16_p4
1779334733.0,16,2,0.000000,s16_p2
1779334733.0,16,3,0.000000,s16_p3
1779334733.0,18,4,0.000000,s18_p4
1779334733.0,18,1,0.000000,s18_p1
1779334733.0,18,2,0.000000,s18_p2
1779334733.0,18,3,0.000000,s18_p3
1779334733.0,12,4,0.000000,s12_p4
1779334733.0,12,1,0.000000,s12_p1
1779334733.0,12,2,0.000000,s12_p2
1779334733.0,12,3,0.000000,s12_p3
1779334734.0,18,4,0.000000,s18_p4
1779334734.0,18,1,0.000000,s18_p1
1779334734.0,18,2,0.000000,s18_p2
1779334734.0,18,3,0.000000,s18_p3
1779334734.0,6,1,0.040980,s6_p1
1779334734.0,6,4,0.000000,s6_p4
1779334734.0,6,2,0.043390,s6_p2
1779334734.0,6,3,0.000000,s6_p3
1779334734.0,3,4,0.000000,s3_p4
1779334734.0,3,1,0.118235,s3_p1
1779334734.0,3,2,0.000000,s3_p2
1779334734.0,3,3,0.142365,s3_p3
1779334734.0,14,4,0.000000,s14_p4
1779334734.0,14,1,0.000000,s14_p1
1779334734.0,14,2,0.000000,s14_p2
1779334734.0,14,3,0.000000,s14_p3
1779334734.0,15,4,0.000000,s15_p4
1779334734.0,15,1,0.000000,s15_p1
1779334734.0,15,2,0.000000,s15_p2
1779334734.0,15,3,0.458398,s15_p3
1779334734.0,7,1,0.043415,s7_p1
1779334734.0,7,4,0.000000,s7_p4
1779334734.0,7,2,0.000000,s7_p2
1779334734.0,7,3,0.091655,s7_p3
1779334734.0,19,1,0.000000,s19_p1
1779334734.0,19,4,0.000000,s19_p4
1779334734.0,19,2,0.000000,s19_p2
1779334734.0,19,3,0.000000,s19_p3
1779334734.0,10,4,0.217104,s10_p4
1779334734.0,10,1,0.000000,s10_p1
1779334734.0,10,2,0.000000,s10_p2
1779334734.0,10,3,0.000000,s10_p3
1779334734.0,13,1,0.000000,s13_p1
1779334734.0,13,4,0.000000,s13_p4
1779334734.0,13,2,0.084422,s13_p2
1779334734.0,13,3,0.590954,s13_p3
1779334734.0,8,4,0.000000,s8_p4
1779334734.0,8,1,0.077195,s8_p1
1779334734.0,8,2,0.000000,s8_p2
1779334734.0,8,3,0.000000,s8_p3
1779334734.0,20,1,0.000000,s20_p1
1779334734.0,20,4,0.217081,s20_p4
1779334734.0,20,2,0.000000,s20_p2
1779334734.0,20,3,0.000000,s20_p3
1779334734.0,1,4,0.043376,s1_p4
1779334734.0,1,1,0.081933,s1_p1
1779334734.0,1,2,0.000000,s1_p2
1779334734.0,1,3,0.000000,s1_p3
1779334734.0,11,4,0.000000,s11_p4
1779334734.0,11,1,0.118206,s11_p1
1779334734.0,11,2,0.000000,s11_p2
1779334734.0,11,3,0.989072,s11_p3
1779334734.0,12,4,0.000000,s12_p4
1779334734.0,12,1,0.000000,s12_p1
1779334734.0,12,2,0.000000,s12_p2
1779334734.0,12,3,0.000000,s12_p3
1779334734.0,17,1,1.000000,s17_p1
1779334734.0,17,4,0.000000,s17_p4
1779334734.0,17,2,0.590927,s17_p2
1779334734.0,17,3,0.205015,s17_p3
1779334734.0,5,4,0.000000,s5_p4
1779334734.0,5,1,0.000000,s5_p1
1779334734.0,5,2,0.000000,s5_p2
1779334734.0,5,3,0.161487,s5_p3
1779334734.0,4,4,0.000000,s4_p4
1779334734.0,4,1,0.000000,s4_p1
1779334734.0,4,2,0.000000,s4_p2
1779334734.0,4,3,0.250675,s4_p3
1779334734.0,16,1,0.043418,s16_p1
1779334734.0,16,4,0.000000,s16_p4
1779334734.0,16,2,0.000000,s16_p2
1779334734.0,16,3,0.000000,s16_p3
1779334734.0,2,1,0.067534,s2_p1
1779334734.0,2,4,0.000000,s2_p4
1779334734.0,2,2,0.050651,s2_p2
1779334734.0,2,3,0.000000,s2_p3
1779334734.0,9,1,0.081997,s9_p1
1779334734.0,9,4,0.000000,s9_p4
1779334734.0,9,2,0.118172,s9_p2
1779334734.0,9,3,0.000000,s9_p3
1779334734.0,19,1,0.000000,s19_p1
1779334734.0,19,4,0.000000,s19_p4
1779334734.0,19,2,0.000000,s19_p2
1779334734.0,19,3,0.000000,s19_p3
1779334734.0,14,4,0.000000,s14_p4
1779334734.0,14,1,0.000000,s14_p1
1779334734.0,14,2,0.000000,s14_p2
1779334734.0,14,3,0.000000,s14_p3
1779334734.0,1,4,0.041032,s1_p4
1779334734.0,1,1,0.077236,s1_p1
1779334734.0,1,2,0.000000,s1_p2
1779334734.0,1,3,0.000000,s1_p3
1779334734.0,6,1,0.043431,s6_p1
1779334734.0,6,4,0.000000,s6_p4
1779334734.0,6,2,0.041018,s6_p2
1779334734.0,6,3,0.000000,s6_p3
1779334734.0,15,4,0.000000,s15_p4
1779334734.0,15,1,0.000000,s15_p1
1779334734.0,15,2,0.000000,s15_p2
1779334734.0,15,3,0.458239,s15_p3
1779334734.0,8,4,0.000000,s8_p4
1779334734.0,8,1,0.077181,s8_p1
1779334734.0,8,2,0.000000,s8_p2
1779334734.0,8,3,0.000000,s8_p3
1779334734.0,13,1,0.000000,s13_p1
1779334734.0,13,4,0.000000,s13_p4
1779334734.0,13,2,0.084412,s13_p2
1779334734.0,13,3,0.590882,s13_p3
1779334734.0,10,4,0.204989,s10_p4
1779334734.0,10,1,0.000000,s10_p1
1779334734.0,10,2,0.000000,s10_p2
1779334734.0,10,3,0.000000,s10_p3
1779334734.0,3,4,0.000000,s3_p4
1779334734.0,3,1,0.118148,s3_p1
1779334734.0,3,2,0.000000,s3_p2
1779334734.0,3,3,0.142259,s3_p3
1779334734.0,7,1,0.040966,s7_p1
1779334734.0,7,4,0.000000,s7_p4
1779334734.0,7,2,0.000000,s7_p2
1779334734.0,7,3,0.091571,s7_p3
1779334734.0,4,4,0.000000,s4_p4
1779334734.0,4,1,0.000000,s4_p1
1779334734.0,4,2,0.000000,s4_p2
1779334734.0,4,3,0.253228,s4_p3
1779334734.0,20,1,0.000000,s20_p1
1779334734.0,20,4,0.204841,s20_p4
1779334734.0,20,2,0.000000,s20_p2
1779334734.0,20,3,0.000000,s20_p3
1779334734.0,5,4,0.000000,s5_p4
1779334734.0,5,1,0.000000,s5_p1
1779334734.0,5,2,0.000000,s5_p2
1779334734.0,5,3,0.159155,s5_p3
1779334734.0,18,4,0.000000,s18_p4
1779334734.0,18,1,0.000000,s18_p1
1779334734.0,18,2,0.000000,s18_p2
1779334734.0,18,3,0.000000,s18_p3
1779334734.0,12,4,0.000000,s12_p4
1779334734.0,12,1,0.000000,s12_p1
1779334734.0,12,2,0.000000,s12_p2
1779334734.0,12,3,0.000000,s12_p3
1779334734.0,17,1,1.000000,s17_p1
1779334734.0,17,4,0.000000,s17_p4
1779334734.0,17,2,0.590508,s17_p2
1779334734.0,17,3,0.216921,s17_p3
1779334734.0,9,1,0.077136,s9_p1
1779334734.0,9,4,0.000000,s9_p4
1779334734.0,9,2,0.122936,s9_p2
1779334734.0,9,3,0.000000,s9_p3
1779334734.0,16,1,0.040974,s16_p1
1779334734.0,16,4,0.000000,s16_p4
1779334734.0,16,2,0.000000,s16_p2
1779334734.0,16,3,0.000000,s16_p3
1779334734.0,2,1,0.067488,s2_p1
1779334734.0,2,4,0.000000,s2_p4
1779334734.0,2,2,0.055437,s2_p2
1779334734.0,2,3,0.000000,s2_p3
1779334734.0,11,4,0.000000,s11_p4
1779334734.0,11,1,0.118075,s11_p1
1779334734.0,11,2,0.000000,s11_p2
1779334734.0,11,3,1.000000,s11_p3
1779334735.0,6,1,0.053192,s6_p1
1779334735.0,6,4,0.000000,s6_p4
1779334735.0,6,2,0.043521,s6_p2
1779334735.0,6,3,0.000000,s6_p3
1779334735.0,10,4,0.217589,s10_p4
1779334735.0,10,1,0.000000,s10_p1
1779334735.0,10,2,0.000000,s10_p2
1779334735.0,10,3,0.000000,s10_p3
1779334735.0,15,4,0.000000,s15_p4
1779334735.0,15,1,0.000000,s15_p1
1779334735.0,15,2,0.000000,s15_p2
1779334735.0,15,3,0.459235,s15_p3
1779334735.0,1,4,0.043480,s1_p4
1779334735.0,1,1,0.082129,s1_p1
1779334735.0,1,2,0.000000,s1_p2
1779334735.0,1,3,0.000000,s1_p3
1779334735.0,14,4,0.000000,s14_p4
1779334735.0,14,1,0.000000,s14_p1
1779334735.0,14,2,0.000000,s14_p2
1779334735.0,14,3,0.000000,s14_p3
1779334735.0,7,1,0.043513,s7_p1
1779334735.0,7,4,0.000000,s7_p4
1779334735.0,7,2,0.000000,s7_p2
1779334735.0,7,3,0.091861,s7_p3
1779334735.0,5,4,0.000000,s5_p4
1779334735.0,5,1,0.000000,s5_p1
1779334735.0,5,2,0.000000,s5_p2
1779334735.0,5,3,0.159555,s5_p3
1779334735.0,3,4,0.000000,s3_p4
1779334735.0,3,1,0.115944,s3_p1
1779334735.0,3,2,0.000000,s3_p2
1779334735.0,3,3,0.142514,s3_p3
1779334735.0,8,4,0.000000,s8_p4
1779334735.0,8,1,0.077287,s8_p1
1779334735.0,8,2,0.000000,s8_p2
1779334735.0,8,3,0.000000,s8_p3
1779334735.0,13,1,0.000000,s13_p1
1779334735.0,13,4,0.000000,s13_p4
1779334735.0,13,2,0.096611,s13_p2
1779334735.0,13,3,0.579664,s13_p3
1779334735.0,20,1,0.000000,s20_p1
1779334735.0,20,4,0.217548,s20_p4
1779334735.0,20,2,0.000000,s20_p2
1779334735.0,20,3,0.000000,s20_p3
1779334735.0,4,4,0.000000,s4_p4
1779334735.0,4,1,0.000000,s4_p1
1779334735.0,4,2,0.000000,s4_p2
1779334735.0,4,3,0.248958,s4_p3
1779334735.0,12,4,0.000000,s12_p4
1779334735.0,12,1,0.000000,s12_p1
1779334735.0,12,2,0.000000,s12_p2
1779334735.0,12,3,0.000000,s12_p3
1779334735.0,17,1,0.991034,s17_p1
1779334735.0,17,4,0.000000,s17_p4
1779334735.0,17,2,0.580117,s17_p2
1779334735.0,17,3,0.265887,s17_p3
1779334735.0,18,4,0.000000,s18_p4
1779334735.0,18,1,0.000000,s18_p1
1779334735.0,18,2,0.000000,s18_p2
1779334735.0,18,3,0.000000,s18_p3
1779334735.0,2,1,0.065265,s2_p1
1779334735.0,2,4,0.000000,s2_p4
1779334735.0,2,2,0.050761,s2_p2
1779334735.0,2,3,0.000000,s2_p3
1779334735.0,9,1,0.082151,s9_p1
1779334735.0,9,4,0.000000,s9_p4
1779334735.0,9,2,0.115978,s9_p2
1779334735.0,9,3,0.000000,s9_p3
1779334735.0,16,1,0.043490,s16_p1
1779334735.0,16,4,0.000000,s16_p4
1779334735.0,16,2,0.000000,s16_p2
1779334735.0,16,3,0.000000,s16_p3
1779334735.0,11,4,0.000000,s11_p4
1779334735.0,11,1,0.115969,s11_p1
1779334735.0,11,2,0.000000,s11_p2
1779334735.0,11,3,1.000000,s11_p3
1779334735.0,19,1,0.000000,s19_p1
1779334735.0,19,4,0.000000,s19_p4
1779334735.0,19,2,0.000000,s19_p2
1779334735.0,19,3,0.000000,s19_p3
1779334735.0,19,1,0.000000,s19_p1
1779334735.0,19,4,0.000000,s19_p4
1779334735.0,19,2,0.000000,s19_p2
1779334735.0,19,3,0.000000,s19_p3
1779334735.0,1,4,0.041146,s1_p4
1779334735.0,1,1,0.070190,s1_p1
1779334735.0,1,2,0.000000,s1_p2
1779334735.0,1,3,0.000000,s1_p3
1779334735.0,3,4,0.000000,s3_p4
1779334735.0,3,1,0.118677,s3_p1
1779334735.0,3,2,0.000000,s3_p2
1779334735.0,3,3,0.142897,s3_p3
1779334735.0,14,4,0.000000,s14_p4
1779334735.0,14,1,0.000000,s14_p1
1779334735.0,14,2,0.000000,s14_p2
1779334735.0,14,3,0.000000,s14_p3
1779334735.0,6,1,0.041101,s6_p1
1779334735.0,6,4,0.000000,s6_p4
1779334735.0,6,2,0.043519,s6_p2
1779334735.0,6,3,0.000000,s6_p3
1779334735.0,13,1,0.000000,s13_p1
1779334735.0,13,4,0.000000,s13_p4
1779334735.0,13,2,0.084717,s13_p2
1779334735.0,13,3,0.593022,s13_p3
1779334735.0,7,1,0.041138,s7_p1
1779334735.0,7,4,0.000000,s7_p4
1779334735.0,7,2,0.000000,s7_p2
1779334735.0,7,3,0.089536,s7_p3
1779334735.0,15,4,0.000000,s15_p4
1779334735.0,15,1,0.000000,s15_p1
1779334735.0,15,2,0.000000,s15_p2
1779334735.0,15,3,0.447348,s15_p3
1779334735.0,4,4,0.000000,s4_p4
1779334735.0,4,1,0.000000,s4_p1
1779334735.0,4,2,0.000000,s4_p2
1779334735.0,4,3,0.254123,s4_p3
1779334735.0,8,4,0.000000,s8_p4
1779334735.0,8,1,0.075020,s8_p1
1779334735.0,8,2,0.000000,s8_p2
1779334735.0,8,3,0.000000,s8_p3
1779334735.0,10,4,0.205500,s10_p4
1779334735.0,10,1,0.000000,s10_p1
1779334735.0,10,2,0.000000,s10_p2
1779334735.0,10,3,0.000000,s10_p3
1779334735.0,20,1,0.000000,s20_p1
1779334735.0,20,4,0.205690,s20_p4
1779334735.0,20,2,0.000000,s20_p2
1779334735.0,20,3,0.000000,s20_p3
1779334735.0,16,1,0.041157,s16_p1
1779334735.0,16,4,0.000000,s16_p4
1779334735.0,16,2,0.000000,s16_p2
1779334735.0,16,3,0.000000,s16_p3
1779334735.0,5,4,0.000000,s5_p4
1779334735.0,5,1,0.000000,s5_p1
1779334735.0,5,2,0.000000,s5_p2
1779334735.0,5,3,0.162012,s5_p3
1779334735.0,12,4,0.000000,s12_p4
1779334735.0,12,1,0.000000,s12_p1
1779334735.0,12,2,0.000000,s12_p2
1779334735.0,12,3,0.000000,s12_p3
1779334735.0,17,1,1.000000,s17_p1
1779334735.0,17,4,0.000000,s17_p4
1779334735.0,17,2,0.592759,s17_p2
1779334735.0,17,3,0.205651,s17_p3
1779334735.0,2,1,0.075007,s2_p1
1779334735.0,2,4,0.000000,s2_p4
1779334735.0,2,2,0.055650,s2_p2
1779334735.0,2,3,0.000000,s2_p3
1779334735.0,18,4,0.000000,s18_p4
1779334735.0,18,1,0.000000,s18_p1
1779334735.0,18,2,0.000000,s18_p2
1779334735.0,18,3,0.000000,s18_p3
1779334735.0,11,4,0.000000,s11_p4
1779334735.0,11,1,0.118591,s11_p1
1779334735.0,11,2,0.000000,s11_p2
1779334735.0,11,3,1.000000,s11_p3
1779334735.0,9,1,0.070172,s9_p1
1779334735.0,9,4,0.000000,s9_p4
1779334735.0,9,2,0.130665,s9_p2
1779334735.0,9,3,0.000000,s9_p3
1779334736.0,6,1,0.038632,s6_p1
1779334736.0,6,4,0.000000,s6_p4
1779334736.0,6,2,0.043461,s6_p2
1779334736.0,6,3,0.000000,s6_p3
1779334736.0,10,4,0.205364,s10_p4
1779334736.0,10,1,0.000000,s10_p1
1779334736.0,10,2,0.000000,s10_p2
1779334736.0,10,3,0.000000,s10_p3
1779334736.0,19,1,0.000000,s19_p1
1779334736.0,19,4,0.000000,s19_p4
1779334736.0,19,2,0.000000,s19_p2
1779334736.0,19,3,0.000000,s19_p3
1779334736.0,3,4,0.000000,s3_p4
1779334736.0,3,1,0.118276,s3_p1
1779334736.0,3,2,0.000000,s3_p2
1779334736.0,3,3,0.142414,s3_p3
1779334736.0,1,4,0.041029,s1_p4
1779334736.0,1,1,0.091712,s1_p1
1779334736.0,1,2,0.000000,s1_p2
1779334736.0,1,3,0.000000,s1_p3
1779334736.0,8,4,0.000000,s8_p4
1779334736.0,8,1,0.077253,s8_p1
1779334736.0,8,2,0.000000,s8_p2
1779334736.0,8,3,0.000000,s8_p3
1779334736.0,4,4,0.000000,s4_p4
1779334736.0,4,1,0.000000,s4_p1
1779334736.0,4,2,0.000000,s4_p2
1779334736.0,4,3,0.248635,s4_p3
1779334736.0,15,4,0.000000,s15_p4
1779334736.0,15,1,0.000000,s15_p1
1779334736.0,15,2,0.000000,s15_p2
1779334736.0,15,3,0.458620,s15_p3
1779334736.0,14,4,0.000000,s14_p4
1779334736.0,14,1,0.000000,s14_p1
1779334736.0,14,2,0.000000,s14_p2
1779334736.0,14,3,0.000000,s14_p3
1779334736.0,5,4,0.000000,s5_p4
1779334736.0,5,1,0.000000,s5_p1
1779334736.0,5,2,0.000000,s5_p2
1779334736.0,5,3,0.161845,s5_p3
1779334736.0,7,1,0.041030,s7_p1
1779334736.0,7,4,0.000000,s7_p4
1779334736.0,7,2,0.000000,s7_p2
1779334736.0,7,3,0.091715,s7_p3
1779334736.0,13,1,0.000000,s13_p1
1779334736.0,13,4,0.000000,s13_p4
1779334736.0,13,2,0.082052,s13_p2
1779334736.0,13,3,0.591256,s13_p3
1779334736.0,20,1,0.000000,s20_p1
1779334736.0,20,4,0.205182,s20_p4
1779334736.0,20,2,0.000000,s20_p2
1779334736.0,20,3,0.000000,s20_p3
1779334736.0,16,1,0.041036,s16_p1
1779334736.0,16,4,0.000000,s16_p4
1779334736.0,16,2,0.000000,s16_p2
1779334736.0,16,3,0.000000,s16_p3
1779334736.0,17,1,1.000000,s17_p1
1779334736.0,17,4,0.000000,s17_p4
1779334736.0,17,2,0.591436,s17_p2
1779334736.0,17,3,0.193122,s17_p3
1779334736.0,9,1,0.091759,s9_p1
1779334736.0,9,4,0.000000,s9_p4
1779334736.0,9,2,0.108663,s9_p2
1779334736.0,9,3,0.000000,s9_p3
1779334736.0,11,4,0.000000,s11_p4
1779334736.0,11,1,0.118312,s11_p1
1779334736.0,11,2,0.000000,s11_p2
1779334736.0,11,3,1.000000,s11_p3
1779334736.0,12,4,0.000000,s12_p4
1779334736.0,12,1,0.000000,s12_p1
1779334736.0,12,2,0.000000,s12_p2
1779334736.0,12,3,0.000000,s12_p3
1779334736.0,18,4,0.000000,s18_p4
1779334736.0,18,1,0.000000,s18_p1
1779334736.0,18,2,0.000000,s18_p2
1779334736.0,18,3,0.000000,s18_p3
1779334736.0,2,1,0.065170,s2_p1
1779334736.0,2,4,0.000000,s2_p4
1779334736.0,2,2,0.043447,s2_p2
1779334736.0,2,3,0.000000,s2_p3
1779334736.0,19,1,0.000000,s19_p1
1779334736.0,19,4,0.000000,s19_p4
1779334736.0,19,2,0.000000,s19_p2
1779334736.0,19,3,0.000000,s19_p3
1779334736.0,3,4,0.000000,s3_p4
1779334736.0,3,1,0.115892,s3_p1
1779334736.0,3,2,0.000000,s3_p2
1779334736.0,3,3,0.142450,s3_p3
1779334736.0,10,4,0.217260,s10_p4
1779334736.0,10,1,0.000000,s10_p1
1779334736.0,10,2,0.000000,s10_p2
1779334736.0,10,3,0.000000,s10_p3
1779334736.0,6,1,0.041027,s6_p1
1779334736.0,6,4,0.000000,s6_p4
1779334736.0,6,2,0.043440,s6_p2
1779334736.0,6,3,0.000000,s6_p3
1779334736.0,14,4,0.000000,s14_p4
1779334736.0,14,1,0.000000,s14_p1
1779334736.0,14,2,0.000000,s14_p2
1779334736.0,14,3,0.000000,s14_p3
1779334736.0,1,4,0.043447,s1_p4
1779334736.0,1,1,0.086893,s1_p1
1779334736.0,1,2,0.000000,s1_p2
1779334736.0,1,3,0.000000,s1_p3
1779334736.0,7,1,0.043453,s7_p1
1779334736.0,7,4,0.000000,s7_p4
1779334736.0,7,2,0.000000,s7_p2
1779334736.0,7,3,0.091733,s7_p3
1779334736.0,15,4,0.000000,s15_p4
1779334736.0,15,1,0.000000,s15_p1
1779334736.0,15,2,0.000000,s15_p2
1779334736.0,15,3,0.458605,s15_p3
1779334736.0,13,1,0.000000,s13_p1
1779334736.0,13,4,0.000000,s13_p4
1779334736.0,13,2,0.084484,s13_p2
1779334736.0,13,3,0.579318,s13_p3
1779334736.0,4,4,0.000000,s4_p4
1779334736.0,4,1,0.000000,s4_p1
1779334736.0,4,2,0.000000,s4_p2
1779334736.0,4,3,0.253419,s4_p3
1779334736.0,5,4,0.000000,s5_p4
1779334736.0,5,1,0.000000,s5_p1
1779334736.0,5,2,0.000000,s5_p2
1779334736.0,5,3,0.161714,s5_p3
1779334736.0,20,1,0.000000,s20_p1
1779334736.0,20,4,0.217235,s20_p4
1779334736.0,20,2,0.000000,s20_p2
1779334736.0,20,3,0.000000,s20_p3
1779334736.0,8,4,0.000000,s8_p4
1779334736.0,8,1,0.077221,s8_p1
1779334736.0,8,2,0.000000,s8_p2
1779334736.0,8,3,0.000000,s8_p3
1779334736.0,18,4,0.000000,s18_p4
1779334736.0,18,1,0.000000,s18_p1
1779334736.0,18,2,0.000000,s18_p2
1779334736.0,18,3,0.000000,s18_p3
1779334736.0,11,4,0.000000,s11_p4
1779334736.0,11,1,0.118289,s11_p1
1779334736.0,11,2,0.000000,s11_p2
1779334736.0,11,3,1.000000,s11_p3
1779334736.0,9,1,0.086902,s9_p1
1779334736.0,9,4,0.000000,s9_p4
1779334736.0,9,2,0.113455,s9_p2
1779334736.0,9,3,0.000000,s9_p3
1779334736.0,17,1,1.000000,s17_p1
1779334736.0,17,4,0.000000,s17_p4
1779334736.0,17,2,0.591379,s17_p2
1779334736.0,17,3,0.205172,s17_p3
1779334736.0,12,4,0.000000,s12_p4
1779334736.0,12,1,0.000000,s12_p1
1779334736.0,12,2,0.000000,s12_p2
1779334736.0,12,3,0.000000,s12_p3
1779334736.0,16,1,0.043443,s16_p1
1779334736.0,16,4,0.000000,s16_p4
1779334736.0,16,2,0.000000,s16_p2
1779334736.0,16,3,0.000000,s16_p3
1779334736.0,2,1,0.067592,s2_p1
1779334736.0,2,4,0.000000,s2_p4
1779334736.0,2,2,0.045866,s2_p2
1779334736.0,2,3,0.000000,s2_p3
1779334737.0,1,4,0.040855,s1_p4
1779334737.0,1,1,0.086518,s1_p1
1779334737.0,1,2,0.000000,s1_p2
1779334737.0,1,3,0.000000,s1_p3
1779334737.0,19,1,0.000000,s19_p1
1779334737.0,19,4,0.000000,s19_p4
1779334737.0,19,2,0.000000,s19_p2
1779334737.0,19,3,0.000000,s19_p3
1779334737.0,6,1,0.033632,s6_p1
1779334737.0,6,4,0.000000,s6_p4
1779334737.0,6,2,0.043241,s6_p2
1779334737.0,6,3,0.000000,s6_p3
1779334737.0,15,4,0.000000,s15_p4
1779334737.0,15,1,0.000000,s15_p1
1779334737.0,15,2,0.000000,s15_p2
1779334737.0,15,3,0.468222,s15_p3
1779334737.0,7,1,0.040811,s7_p1
1779334737.0,7,4,0.000000,s7_p4
1779334737.0,7,2,0.000000,s7_p2
1779334737.0,7,3,0.093626,s7_p3
1779334737.0,4,4,0.000000,s4_p4
1779334737.0,4,1,0.000000,s4_p1
1779334737.0,4,2,0.000000,s4_p2
1779334737.0,4,3,0.249688,s4_p3
1779334737.0,13,1,0.000000,s13_p1
1779334737.0,13,4,0.000000,s13_p4
1779334737.0,13,2,0.076820,s13_p2
1779334737.0,13,3,0.588157,s13_p3
1779334737.0,3,4,0.000000,s3_p4
1779334737.0,3,1,0.117497,s3_p1
1779334737.0,3,2,0.000000,s3_p2
1779334737.0,3,3,0.141476,s3_p3
1779334737.0,10,4,0.203836,s10_p4
1779334737.0,10,1,0.000000,s10_p1
1779334737.0,10,2,0.000000,s10_p2
1779334737.0,10,3,0.000000,s10_p3
1779334737.0,14,4,0.000000,s14_p4
1779334737.0,14,1,0.000000,s14_p1
1779334737.0,14,2,0.000000,s14_p2
1779334737.0,14,3,0.000000,s14_p3
1779334737.0,8,4,0.000000,s8_p4
1779334737.0,8,1,0.074417,s8_p1
1779334737.0,8,2,0.000000,s8_p2
1779334737.0,8,3,0.000000,s8_p3
1779334737.0,11,4,0.000000,s11_p4
1779334737.0,11,1,0.115194,s11_p1
1779334737.0,11,2,0.000000,s11_p2
1779334737.0,11,3,0.995949,s11_p3
1779334737.0,5,4,0.000000,s5_p4
1779334737.0,5,1,0.000000,s5_p1
1779334737.0,5,2,0.000000,s5_p2
1779334737.0,5,3,0.158284,s5_p3
1779334737.0,17,1,0.995882,s17_p1
1779334737.0,17,4,0.000000,s17_p4
1779334737.0,17,2,0.575932,s17_p2
1779334737.0,17,3,0.167980,s17_p3
1779334737.0,16,1,0.040796,s16_p1
1779334737.0,16,4,0.000000,s16_p4
1779334737.0,16,2,0.000000,s16_p2
1779334737.0,16,3,0.000000,s16_p3
1779334737.0,18,4,0.000000,s18_p4
1779334737.0,18,1,0.000000,s18_p1
1779334737.0,18,2,0.000000,s18_p2
1779334737.0,18,3,0.000000,s18_p3
1779334737.0,20,1,0.000000,s20_p1
1779334737.0,20,4,0.203831,s20_p4
1779334737.0,20,2,0.000000,s20_p2
1779334737.0,20,3,0.000000,s20_p3
1779334737.0,9,1,0.086379,s9_p1
1779334737.0,9,4,0.000000,s9_p4
1779334737.0,9,2,0.112772,s9_p2
1779334737.0,9,3,0.000000,s9_p3
1779334737.0,2,1,0.062389,s2_p1
1779334737.0,2,4,0.000000,s2_p4
1779334737.0,2,2,0.050391,s2_p2
1779334737.0,2,3,0.000000,s2_p3
1779334737.0,12,4,0.000000,s12_p4
1779334737.0,12,1,0.000000,s12_p1
1779334737.0,12,2,0.000000,s12_p2
1779334737.0,12,3,0.000000,s12_p3
1779334737.0,19,1,0.000000,s19_p1
1779334737.0,19,4,0.000000,s19_p4
1779334737.0,19,2,0.000000,s19_p2
1779334737.0,19,3,0.000000,s19_p3
1779334737.0,1,4,0.043644,s1_p4
1779334737.0,1,1,0.084863,s1_p1
1779334737.0,1,2,0.000000,s1_p2
1779334737.0,1,3,0.000000,s1_p3
1779334737.0,10,4,0.218511,s10_p4
1779334737.0,10,1,0.000000,s10_p1
1779334737.0,10,2,0.000000,s10_p2
1779334737.0,10,3,0.000000,s10_p3
1779334737.0,6,1,0.038778,s6_p1
1779334737.0,6,4,0.000000,s6_p4
1779334737.0,6,2,0.043626,s6_p2
1779334737.0,6,3,0.000000,s6_p3
1779334737.0,14,4,0.000000,s14_p4
1779334737.0,14,1,0.000000,s14_p1
1779334737.0,14,2,0.000000,s14_p2
1779334737.0,14,3,0.000000,s14_p3
1779334737.0,13,1,0.000000,s13_p1
1779334737.0,13,4,0.000000,s13_p4
1779334737.0,13,2,0.082529,s13_p2
1779334737.0,13,3,0.594691,s13_p3
1779334737.0,15,4,0.000000,s15_p4
1779334737.0,15,1,0.000000,s15_p1
1779334737.0,15,2,0.000000,s15_p2
1779334737.0,15,3,0.448931,s15_p3
1779334737.0,3,4,0.000000,s3_p4
1779334737.0,3,1,0.118937,s3_p1
1779334737.0,3,2,0.000000,s3_p2
1779334737.0,3,3,0.143210,s3_p3
1779334737.0,8,4,0.000000,s8_p4
1779334737.0,8,1,0.077623,s8_p1
1779334737.0,8,2,0.000000,s8_p2
1779334737.0,8,3,0.000000,s8_p3
1779334737.0,5,4,0.000000,s5_p4
1779334737.0,5,1,0.000000,s5_p1
1779334737.0,5,2,0.000000,s5_p2
1779334737.0,5,3,0.162655,s5_p3
1779334737.0,18,4,0.000000,s18_p4
1779334737.0,18,1,0.000000,s18_p1
1779334737.0,18,2,0.000000,s18_p2
1779334737.0,18,3,0.000000,s18_p3
1779334737.0,12,4,0.000000,s12_p4
1779334737.0,12,1,0.000000,s12_p1
1779334737.0,12,2,0.000000,s12_p2
1779334737.0,12,3,0.000000,s12_p3
1779334737.0,7,1,0.043644,s7_p1
1779334737.0,7,4,0.000000,s7_p4
1779334737.0,7,2,0.000000,s7_p2
1779334737.0,7,3,0.089713,s7_p3
1779334737.0,4,4,0.000000,s4_p4
1779334737.0,4,1,0.000000,s4_p1
1779334737.0,4,2,0.000000,s4_p2
1779334737.0,4,3,0.252165,s4_p3
1779334737.0,20,1,0.000000,s20_p1
1779334737.0,20,4,0.218478,s20_p4
1779334737.0,20,2,0.000000,s20_p2
1779334737.0,20,3,0.000000,s20_p3
1779334737.0,16,1,0.043675,s16_p1
1779334737.0,16,4,0.000000,s16_p4
1779334737.0,16,2,0.000000,s16_p2
1779334737.0,16,3,0.000000,s16_p3
1779334737.0,9,1,0.084924,s9_p1
1779334737.0,9,4,0.000000,s9_p4
1779334737.0,9,2,0.116467,s9_p2
1779334737.0,9,3,0.000000,s9_p3
1779334737.0,2,1,0.067939,s2_p1
1779334737.0,2,4,0.000000,s2_p4
1779334737.0,2,2,0.046101,s2_p2
1779334737.0,2,3,0.000000,s2_p3
1779334737.0,17,1,0.994645,s17_p1
1779334737.0,17,4,0.000000,s17_p4
1779334737.0,17,2,0.594361,s17_p2
1779334737.0,17,3,0.194077,s17_p3
1779334737.0,11,4,0.000000,s11_p4
1779334737.0,11,1,0.118854,s11_p1
1779334737.0,11,2,0.000000,s11_p2
1779334737.0,11,3,0.994492,s11_p3
1779334738.0,6,1,0.031425,s6_p1
1779334738.0,6,4,0.000000,s6_p4
1779334738.0,6,2,0.041094,s6_p2
1779334738.0,6,3,0.000000,s6_p3
1779334738.0,3,4,0.000000,s3_p4
1779334738.0,3,1,0.118397,s3_p1
1779334738.0,3,2,0.000000,s3_p2
1779334738.0,3,3,0.142560,s3_p3
1779334738.0,1,4,0.041039,s1_p4
1779334738.0,1,1,0.089320,s1_p1
1779334738.0,1,2,0.000000,s1_p2
1779334738.0,1,3,0.000000,s1_p3
1779334738.0,14,4,0.000000,s14_p4
1779334738.0,14,1,0.000000,s14_p1
1779334738.0,14,2,0.000000,s14_p2
1779334738.0,14,3,0.000000,s14_p3
1779334738.0,10,4,0.205314,s10_p4
1779334738.0,10,1,0.000000,s10_p1
1779334738.0,10,2,0.000000,s10_p2
1779334738.0,10,3,0.000000,s10_p3
1779334738.0,13,1,0.000000,s13_p1
1779334738.0,13,4,0.000000,s13_p4
1779334738.0,13,2,0.072454,s13_p2
1779334738.0,13,3,0.591705,s13_p3
1779334738.0,15,4,0.000000,s15_p4
1779334738.0,15,1,0.000000,s15_p1
1779334738.0,15,2,0.000000,s15_p2
1779334738.0,15,3,0.458862,s15_p3
1779334738.0,7,1,0.041092,s7_p1
1779334738.0,7,4,0.000000,s7_p4
1779334738.0,7,2,0.000000,s7_p2
1779334738.0,7,3,0.091854,s7_p3
1779334738.0,8,4,0.000000,s8_p4
1779334738.0,8,1,0.077327,s8_p1
1779334738.0,8,2,0.000000,s8_p2
1779334738.0,8,3,0.000000,s8_p3
1779334738.0,20,1,0.000000,s20_p1
1779334738.0,20,4,0.205381,s20_p4
1779334738.0,20,2,0.000000,s20_p2
1779334738.0,20,3,0.000000,s20_p3
1779334738.0,12,4,0.000000,s12_p4
1779334738.0,12,1,0.000000,s12_p1
1779334738.0,12,2,0.000000,s12_p2
1779334738.0,12,3,0.000000,s12_p3
1779334738.0,18,4,0.000000,s18_p4
1779334738.0,18,1,0.000000,s18_p1
1779334738.0,18,2,0.000000,s18_p2
1779334738.0,18,3,0.000000,s18_p3
1779334738.0,5,4,0.000000,s5_p4
1779334738.0,5,1,0.000000,s5_p1
1779334738.0,5,2,0.000000,s5_p2
1779334738.0,5,3,0.159418,s5_p3
1779334738.0,4,4,0.000000,s4_p4
1779334738.0,4,1,0.000000,s4_p1
1779334738.0,4,2,0.000000,s4_p2
1779334738.0,4,3,0.251231,s4_p3
1779334738.0,11,4,0.000000,s11_p4
1779334738.0,11,1,0.118406,s11_p1
1779334738.0,11,2,0.000000,s11_p2
1779334738.0,11,3,1.000000,s11_p3
1779334738.0,17,1,1.000000,s17_p1
1779334738.0,17,4,0.000000,s17_p4
1779334738.0,17,2,0.591981,s17_p2
1779334738.0,17,3,0.157056,s17_p3
1779334738.0,9,1,0.089392,s9_p1
1779334738.0,9,4,0.000000,s9_p4
1779334738.0,9,2,0.108720,s9_p2
1779334738.0,9,3,0.000000,s9_p3
1779334738.0,2,1,0.067648,s2_p1
1779334738.0,2,4,0.000000,s2_p4
1779334738.0,2,2,0.043488,s2_p2
1779334738.0,2,3,0.000000,s2_p3
1779334738.0,16,1,0.041067,s16_p1
1779334738.0,16,4,0.000000,s16_p4
1779334738.0,16,2,0.000000,s16_p2
1779334738.0,16,3,0.000000,s16_p3
1779334738.0,19,1,0.000000,s19_p1
1779334738.0,19,4,0.000000,s19_p4
1779334738.0,19,2,0.000000,s19_p2
1779334738.0,19,3,0.000000,s19_p3
1779334738.0,19,1,0.000000,s19_p1
1779334738.0,19,4,0.000000,s19_p4
1779334738.0,19,2,0.000000,s19_p2
1779334738.0,19,3,0.000000,s19_p3
1779334738.0,10,4,0.217275,s10_p4
1779334738.0,10,1,0.000000,s10_p1
1779334738.0,10,2,0.000000,s10_p2
1779334738.0,10,3,0.000000,s10_p3
1779334738.0,14,4,0.000000,s14_p4
1779334738.0,14,1,0.000000,s14_p1
1779334738.0,14,2,0.000000,s14_p2
1779334738.0,14,3,0.000000,s14_p3
1779334738.0,1,4,0.043448,s1_p4
1779334738.0,1,1,0.086897,s1_p1
1779334738.0,1,2,0.000000,s1_p2
1779334738.0,1,3,0.000000,s1_p3
1779334738.0,6,1,0.043419,s6_p1
1779334738.0,6,4,0.000000,s6_p4
1779334738.0,6,2,0.043419,s6_p2
1779334738.0,6,3,0.000000,s6_p3
1779334738.0,7,1,0.043445,s7_p1
1779334738.0,7,4,0.000000,s7_p4
1779334738.0,7,2,0.000000,s7_p2
1779334738.0,7,3,0.091716,s7_p3
1779334738.0,15,4,0.000000,s15_p4
1779334738.0,15,1,0.000000,s15_p1
1779334738.0,15,2,0.000000,s15_p2
1779334738.0,15,3,0.458526,s15_p3
1779334738.0,13,1,0.000000,s13_p1
1779334738.0,13,4,0.000000,s13_p4
1779334738.0,13,2,0.086871,s13_p2
1779334738.0,13,3,0.579142,s13_p3
1779334738.0,3,4,0.000000,s3_p4
1779334738.0,3,1,0.115777,s3_p1
1779334738.0,3,2,0.000000,s3_p2
1779334738.0,3,3,0.142309,s3_p3
1779334738.0,8,4,0.000000,s8_p4
1779334738.0,8,1,0.077233,s8_p1
1779334738.0,8,2,0.000000,s8_p2
1779334738.0,8,3,0.000000,s8_p3
1779334738.0,20,1,0.000000,s20_p1
1779334738.0,20,4,0.217291,s20_p4
1779334738.0,20,2,0.000000,s20_p2
1779334738.0,20,3,0.000000,s20_p3
1779334738.0,2,1,0.070025,s2_p1
1779334738.0,2,4,0.000000,s2_p4
1779334738.0,2,2,0.043464,s2_p2
1779334738.0,2,3,0.000000,s2_p3
1779334738.0,5,4,0.000000,s5_p4
1779334738.0,5,1,0.000000,s5_p1
1779334738.0,5,2,0.000000,s5_p2
1779334738.0,5,3,0.159284,s5_p3
1779334738.0,4,4,0.000000,s4_p4
1779334738.0,4,1,0.000000,s4_p1
1779334738.0,4,2,0.000000,s4_p2
1779334738.0,4,3,0.250992,s4_p3
1779334738.0,17,1,1.000000,s17_p1
1779334738.0,17,4,0.000000,s17_p4
1779334738.0,17,2,0.579421,s17_p2
1779334738.0,17,3,0.217283,s17_p3
1779334738.0,18,4,0.000000,s18_p4
1779334738.0,18,1,0.000000,s18_p1
1779334738.0,18,2,0.000000,s18_p2
1779334738.0,18,3,0.000000,s18_p3
1779334738.0,12,4,0.000000,s12_p4
1779334738.0,12,1,0.000000,s12_p1
1779334738.0,12,2,0.000000,s12_p2
1779334738.0,12,3,0.000000,s12_p3
1779334738.0,16,1,0.043457,s16_p1
1779334738.0,16,4,0.000000,s16_p4
1779334738.0,16,2,0.000000,s16_p2
1779334738.0,16,3,0.000000,s16_p3
1779334738.0,9,1,0.086895,s9_p1
1779334738.0,9,4,0.000000,s9_p4
1779334738.0,9,2,0.113446,s9_p2
1779334738.0,9,3,0.000000,s9_p3
1779334738.0,11,4,0.000000,s11_p4
1779334738.0,11,1,0.115844,s11_p1
1779334738.0,11,2,0.000000,s11_p2
1779334738.0,11,3,1.000000,s11_p3
1779334739.0,1,4,0.041042,s1_p4
1779334739.0,1,1,0.082084,s1_p1
1779334739.0,1,2,0.000000,s1_p2
1779334739.0,1,3,0.000000,s1_p3
1779334739.0,8,4,0.000000,s8_p4
1779334739.0,8,1,0.074848,s8_p1
1779334739.0,8,2,0.000000,s8_p2
1779334739.0,8,3,0.000000,s8_p3
1779334739.0,10,4,0.205048,s10_p4
1779334739.0,10,1,0.000000,s10_p1
1779334739.0,10,2,0.000000,s10_p2
1779334739.0,10,3,0.000000,s10_p3
1779334739.0,3,4,0.000000,s3_p4
1779334739.0,3,1,0.118284,s3_p1
1779334739.0,3,2,0.000000,s3_p2
1779334739.0,3,3,0.142424,s3_p3
1779334739.0,15,4,0.000000,s15_p4
1779334739.0,15,1,0.000000,s15_p1
1779334739.0,15,2,0.000000,s15_p2
1779334739.0,15,3,0.458606,s15_p3
1779334739.0,2,1,0.069983,s2_p1
1779334739.0,2,4,0.000000,s2_p4
1779334739.0,2,2,0.048264,s2_p2
1779334739.0,2,3,0.000000,s2_p3
1779334739.0,17,1,1.000000,s17_p1
1779334739.0,17,4,0.000000,s17_p4
1779334739.0,17,2,0.591203,s17_p2
1779334739.0,17,3,0.168915,s17_p3
1779334739.0,12,4,0.000000,s12_p4
1779334739.0,12,1,0.000000,s12_p1
1779334739.0,12,2,0.000000,s12_p2
1779334739.0,12,3,0.000000,s12_p3
1779334739.0,4,4,0.000000,s4_p4
1779334739.0,4,1,0.000000,s4_p1
1779334739.0,4,2,0.000000,s4_p2
1779334739.0,4,3,0.250931,s4_p3
1779334739.0,7,1,0.040985,s7_p1
1779334739.0,7,4,0.000000,s7_p4
1779334739.0,7,2,0.000000,s7_p2
1779334739.0,7,3,0.091614,s7_p3
1779334739.0,11,4,0.000000,s11_p4
1779334739.0,11,1,0.118258,s11_p1
1779334739.0,11,2,0.000000,s11_p2
1779334739.0,11,3,1.000000,s11_p3
1779334739.0,16,1,0.041018,s16_p1
1779334739.0,16,4,0.000000,s16_p4
1779334739.0,16,2,0.000000,s16_p2
1779334739.0,16,3,0.000000,s16_p3
1779334739.0,20,1,0.000000,s20_p1
1779334739.0,20,4,0.204943,s20_p4
1779334739.0,20,2,0.000000,s20_p2
1779334739.0,20,3,0.000000,s20_p3
1779334739.0,18,4,0.000000,s18_p4
1779334739.0,18,1,0.000000,s18_p1
1779334739.0,18,2,0.000000,s18_p2
1779334739.0,18,3,0.000000,s18_p3
1779334739.0,19,1,0.000000,s19_p1
1779334739.0,19,4,0.000000,s19_p4
1779334739.0,19,2,0.000000,s19_p2
1779334739.0,19,3,0.000000,s19_p3
1779334739.0,5,4,0.000000,s5_p4
1779334739.0,5,1,0.000000,s5_p1
1779334739.0,5,2,0.000000,s5_p2
1779334739.0,5,3,0.161531,s5_p3
1779334739.0,9,1,0.081993,s9_p1
1779334739.0,9,4,0.000000,s9_p4
1779334739.0,9,2,0.118167,s9_p2
1779334739.0,9,3,0.000000,s9_p3
1779334739.0,6,1,0.033711,s6_p1
1779334739.0,6,4,0.000000,s6_p4
1779334739.0,6,2,0.043343,s6_p2
1779334739.0,6,3,0.000000,s6_p3
1779334739.0,13,1,0.000000,s13_p1
1779334739.0,13,4,0.000000,s13_p4
1779334739.0,13,2,0.077095,s13_p2
1779334739.0,13,3,0.590261,s13_p3
1779334739.0,14,4,0.000000,s14_p4
1779334739.0,14,1,0.000000,s14_p1
1779334739.0,14,2,0.000000,s14_p2
1779334739.0,14,3,0.000000,s14_p3
1779334739.0,6,1,0.036339,s6_p1
1779334739.0,6,4,0.000000,s6_p4
1779334739.0,6,2,0.043606,s6_p2
1779334739.0,6,3,0.000000,s6_p3
1779334739.0,19,1,0.000000,s19_p1
1779334739.0,19,4,0.000000,s19_p4
1779334739.0,19,2,0.000000,s19_p2
1779334739.0,19,3,0.000000,s19_p3
1779334739.0,1,4,0.041064,s1_p4
1779334739.0,1,1,0.082129,s1_p1
1779334739.0,1,2,0.000000,s1_p2
1779334739.0,1,3,0.000000,s1_p3
1779334739.0,13,1,0.000000,s13_p1
1779334739.0,13,4,0.000000,s13_p4
1779334739.0,13,2,0.079886,s13_p2
1779334739.0,13,3,0.593092,s13_p3
1779334739.0,14,4,0.000000,s14_p4
1779334739.0,14,1,0.000000,s14_p1
1779334739.0,14,2,0.000000,s14_p2
1779334739.0,14,3,0.000000,s14_p3
1779334739.0,3,4,0.000000,s3_p4
1779334739.0,3,1,0.118376,s3_p1
1779334739.0,3,2,0.000000,s3_p2
1779334739.0,3,3,0.140119,s3_p3
1779334739.0,15,4,0.000000,s15_p4
1779334739.0,15,1,0.000000,s15_p1
1779334739.0,15,2,0.000000,s15_p2
1779334739.0,15,3,0.459022,s15_p3
1779334739.0,8,4,0.000000,s8_p4
1779334739.0,8,1,0.077290,s8_p1
1779334739.0,8,2,0.000000,s8_p2
1779334739.0,8,3,0.000000,s8_p3
1779334739.0,10,4,0.205315,s10_p4
1779334739.0,10,1,0.000000,s10_p1
1779334739.0,10,2,0.000000,s10_p2
1779334739.0,10,3,0.000000,s10_p3
1779334739.0,18,4,0.000000,s18_p4
1779334739.0,18,1,0.000000,s18_p1
1779334739.0,18,2,0.000000,s18_p2
1779334739.0,18,3,0.000000,s18_p3
1779334739.0,17,1,1.000000,s17_p1
1779334739.0,17,4,0.000000,s17_p4
1779334739.0,17,2,0.592062,s17_p2
1779334739.0,17,3,0.181243,s17_p3
1779334739.0,20,1,0.000000,s20_p1
1779334739.0,20,4,0.205448,s20_p4
1779334739.0,20,2,0.000000,s20_p2
1779334739.0,20,3,0.000000,s20_p3
1779334739.0,12,4,0.000000,s12_p4
1779334739.0,12,1,0.000000,s12_p1
1779334739.0,12,2,0.000000,s12_p2
1779334739.0,12,3,0.000000,s12_p3
1779334739.0,4,4,0.000000,s4_p4
1779334739.0,4,1,0.000000,s4_p1
1779334739.0,4,2,0.000000,s4_p2
1779334739.0,4,3,0.251328,s4_p3
1779334739.0,5,4,0.000000,s5_p4
1779334739.0,5,1,0.000000,s5_p1
1779334739.0,5,2,0.000000,s5_p2
1779334739.0,5,3,0.162032,s5_p3
1779334739.0,7,1,0.041082,s7_p1
1779334739.0,7,4,0.000000,s7_p4
1779334739.0,7,2,0.000000,s7_p2
1779334739.0,7,3,0.091831,s7_p3
1779334739.0,16,1,0.041072,s16_p1
1779334739.0,16,4,0.000000,s16_p4
1779334739.0,16,2,0.000000,s16_p2
1779334739.0,16,3,0.000000,s16_p3
1779334739.0,9,1,0.082196,s9_p1
1779334739.0,9,4,0.000000,s9_p4
1779334739.0,9,2,0.118459,s9_p2
1779334739.0,9,3,0.000000,s9_p3
1779334739.0,11,4,0.000000,s11_p4
1779334739.0,11,1,0.118371,s11_p1
1779334739.0,11,2,0.000000,s11_p2
1779334739.0,11,3,1.000000,s11_p3
1779334739.0,2,1,0.074862,s2_p1
1779334739.0,2,4,0.000000,s2_p4
1779334739.0,2,2,0.043469,s2_p2
1779334739.0,2,3,0.000000,s2_p3
1779334740.0,6,1,0.036203,s6_p1
1779334740.0,6,4,0.000000,s6_p4
1779334740.0,6,2,0.043443,s6_p2
1779334740.0,6,3,0.000000,s6_p3
1779334740.0,14,4,0.000000,s14_p4
1779334740.0,14,1,0.000000,s14_p1
1779334740.0,14,2,0.000000,s14_p2
1779334740.0,14,3,0.000000,s14_p3
1779334740.0,1,4,0.043420,s1_p4
1779334740.0,1,1,0.079603,s1_p1
1779334740.0,1,2,0.000000,s1_p2
1779334740.0,1,3,0.000000,s1_p3
1779334740.0,10,4,0.217248,s10_p4
1779334740.0,10,1,0.000000,s10_p1
1779334740.0,10,2,0.000000,s10_p2
1779334740.0,10,3,0.000000,s10_p3
1779334740.0,15,4,0.000000,s15_p4
1779334740.0,15,1,0.000000,s15_p1
1779334740.0,15,2,0.000000,s15_p2
1779334740.0,15,3,0.458423,s15_p3
1779334740.0,13,1,0.000000,s13_p1
1779334740.0,13,4,0.000000,s13_p4
1779334740.0,13,2,0.079604,s13_p2
1779334740.0,13,3,0.578938,s13_p3
1779334740.0,3,4,0.000000,s3_p4
1779334740.0,3,1,0.115794,s3_p1
1779334740.0,3,2,0.000000,s3_p2
1779334740.0,3,3,0.142331,s3_p3
1779334740.0,8,4,0.000000,s8_p4
1779334740.0,8,1,0.077197,s8_p1
1779334740.0,8,2,0.000000,s8_p2
1779334740.0,8,3,0.000000,s8_p3
1779334740.0,12,4,0.000000,s12_p4
1779334740.0,12,1,0.000000,s12_p1
1779334740.0,12,2,0.000000,s12_p2
1779334740.0,12,3,0.000000,s12_p3
1779334740.0,7,1,0.043433,s7_p1
1779334740.0,7,4,0.000000,s7_p4
1779334740.0,7,2,0.000000,s7_p2
1779334740.0,7,3,0.091692,s7_p3
1779334740.0,5,4,0.000000,s5_p4
1779334740.0,5,1,0.000000,s5_p1
1779334740.0,5,2,0.000000,s5_p2
1779334740.0,5,3,0.159247,s5_p3
1779334740.0,4,4,0.000000,s4_p4
1779334740.0,4,1,0.000000,s4_p1
1779334740.0,4,2,0.000000,s4_p2
1779334740.0,4,3,0.253338,s4_p3
1779334740.0,18,4,0.000000,s18_p4
1779334740.0,18,1,0.000000,s18_p1
1779334740.0,18,2,0.000000,s18_p2
1779334740.0,18,3,0.000000,s18_p3
1779334740.0,17,1,1.000000,s17_p1
1779334740.0,17,4,0.000000,s17_p4
1779334740.0,17,2,0.578989,s17_p2
1779334740.0,17,3,0.180934,s17_p3
1779334740.0,20,1,0.000000,s20_p1
1779334740.0,20,4,0.217124,s20_p4
1779334740.0,20,2,0.000000,s20_p2
1779334740.0,20,3,0.000000,s20_p3
1779334740.0,16,1,0.043432,s16_p1
1779334740.0,16,4,0.000000,s16_p4
1779334740.0,16,2,0.000000,s16_p2
1779334740.0,16,3,0.000000,s16_p3
1779334740.0,2,1,0.077217,s2_p1
1779334740.0,2,4,0.000000,s2_p4
1779334740.0,2,2,0.043434,s2_p2
1779334740.0,2,3,0.000000,s2_p3
1779334740.0,19,1,0.000000,s19_p1
1779334740.0,19,4,0.000000,s19_p4
1779334740.0,19,2,0.000000,s19_p2
1779334740.0,19,3,0.000000,s19_p3
1779334740.0,11,4,0.000000,s11_p4
1779334740.0,11,1,0.115786,s11_p1
1779334740.0,11,2,0.000000,s11_p2
1779334740.0,11,3,1.000000,s11_p3
1779334740.0,9,1,0.079598,s9_p1
1779334740.0,9,4,0.000000,s9_p4
1779334740.0,9,2,0.120603,s9_p2
1779334740.0,9,3,0.000000,s9_p3
1779334740.0,19,1,0.000000,s19_p1
1779334740.0,19,4,0.000000,s19_p4
1779334740.0,19,2,0.000000,s19_p2
1779334740.0,19,3,0.000000,s19_p3
1779334740.0,14,4,0.000000,s14_p4
1779334740.0,14,1,0.000000,s14_p1
1779334740.0,14,2,0.000000,s14_p2
1779334740.0,14,3,0.000000,s14_p3
1779334740.0,6,1,0.036229,s6_p1
1779334740.0,6,4,0.000000,s6_p4
1779334740.0,6,2,0.043475,s6_p2
1779334740.0,6,3,0.000000,s6_p3
1779334740.0,1,4,0.041088,s1_p4
1779334740.0,1,1,0.077343,s1_p1
1779334740.0,1,2,0.000000,s1_p2
1779334740.0,1,3,0.000000,s1_p3
1779334740.0,8,4,0.000000,s8_p4
1779334740.0,8,1,0.074944,s8_p1
1779334740.0,8,2,0.000000,s8_p2
1779334740.0,8,3,0.000000,s8_p3
1779334740.0,13,1,0.000000,s13_p1
1779334740.0,13,4,0.000000,s13_p4
1779334740.0,13,2,0.079770,s13_p2
1779334740.0,13,3,0.592228,s13_p3
1779334740.0,7,1,0.041119,s7_p1
1779334740.0,7,4,0.000000,s7_p4
1779334740.0,7,2,0.000000,s7_p2
1779334740.0,7,3,0.091913,s7_p3
1779334740.0,3,4,0.000000,s3_p4
1779334740.0,3,1,0.118444,s3_p1
1779334740.0,3,2,0.000000,s3_p2
1779334740.0,3,3,0.142617,s3_p3
1779334740.0,10,4,0.205269,s10_p4
1779334740.0,10,1,0.000000,s10_p1
1779334740.0,10,2,0.000000,s10_p2
1779334740.0,10,3,0.000000,s10_p3
1779334740.0,4,4,0.000000,s4_p4
1779334740.0,4,1,0.000000,s4_p1
1779334740.0,4,2,0.000000,s4_p2
1779334740.0,4,3,0.249026,s4_p3
1779334740.0,20,1,0.000000,s20_p1
1779334740.0,20,4,0.205514,s20_p4
1779334740.0,20,2,0.000000,s20_p2
1779334740.0,20,3,0.000000,s20_p3
1779334740.0,15,4,0.000000,s15_p4
1779334740.0,15,1,0.000000,s15_p1
1779334740.0,15,2,0.000000,s15_p2
1779334740.0,15,3,0.458961,s15_p3
1779334740.0,5,4,0.000000,s5_p4
1779334740.0,5,1,0.000000,s5_p1
1779334740.0,5,2,0.000000,s5_p2
1779334740.0,5,3,0.161909,s5_p3
1779334740.0,18,4,0.000000,s18_p4
1779334740.0,18,1,0.000000,s18_p1
1779334740.0,18,2,0.000000,s18_p2
1779334740.0,18,3,0.000000,s18_p3
1779334740.0,12,4,0.000000,s12_p4
1779334740.0,12,1,0.000000,s12_p1
1779334740.0,12,2,0.000000,s12_p2
1779334740.0,12,3,0.000000,s12_p3
1779334740.0,17,1,0.990702,s17_p1
1779334740.0,17,4,0.000000,s17_p4
1779334740.0,17,2,0.592005,s17_p2
1779334740.0,17,3,0.181226,s17_p3
1779334740.0,16,1,0.041075,s16_p1
1779334740.0,16,4,0.000000,s16_p4
1779334740.0,16,2,0.000000,s16_p2
1779334740.0,16,3,0.000000,s16_p3
1779334740.0,2,1,0.077318,s2_p1
1779334740.0,2,4,0.000000,s2_p4
1779334740.0,2,2,0.043491,s2_p2
1779334740.0,2,3,0.000000,s2_p3
1779334740.0,9,1,0.077343,s9_p1
1779334740.0,9,4,0.000000,s9_p4
1779334740.0,9,2,0.123265,s9_p2
1779334740.0,9,3,0.000000,s9_p3
1779334740.0,11,4,0.000000,s11_p4
1779334740.0,11,1,0.118425,s11_p1
1779334740.0,11,2,0.000000,s11_p2
1779334740.0,11,3,0.990906,s11_p3
1779334741.0,6,1,0.038709,s6_p1
1779334741.0,6,4,0.000000,s6_p4
1779334741.0,6,2,0.043547,s6_p2
1779334741.0,6,3,0.000000,s6_p3
1779334741.0,3,4,0.000000,s3_p4
1779334741.0,3,1,0.118561,s3_p1
1779334741.0,3,2,0.000000,s3_p2
1779334741.0,3,3,0.142757,s3_p3
1779334741.0,1,4,0.043529,s1_p4
1779334741.0,1,1,0.079803,s1_p1
1779334741.0,1,2,0.000000,s1_p2
1779334741.0,1,3,0.000000,s1_p3
1779334741.0,10,4,0.217775,s10_p4
1779334741.0,10,1,0.000000,s10_p1
1779334741.0,10,2,0.000000,s10_p2
1779334741.0,10,3,0.000000,s10_p3
1779334741.0,15,4,0.000000,s15_p4
1779334741.0,15,1,0.000000,s15_p1
1779334741.0,15,2,0.000000,s15_p2
1779334741.0,15,3,0.459790,s15_p3
1779334741.0,8,4,0.000000,s8_p4
1779334741.0,8,1,0.077385,s8_p1
1779334741.0,8,2,0.000000,s8_p2
1779334741.0,8,3,0.000000,s8_p3
1779334741.0,13,1,0.000000,s13_p1
1779334741.0,13,4,0.000000,s13_p4
1779334741.0,13,2,0.082213,s13_p2
1779334741.0,13,3,0.592419,s13_p3
1779334741.0,7,1,0.043512,s7_p1
1779334741.0,7,4,0.000000,s7_p4
1779334741.0,7,2,0.000000,s7_p2
1779334741.0,7,3,0.091860,s7_p3
1779334741.0,12,4,0.000000,s12_p4
1779334741.0,12,1,0.000000,s12_p1
1779334741.0,12,2,0.000000,s12_p2
1779334741.0,12,3,0.000000,s12_p3
1779334741.0,4,4,0.000000,s4_p4
1779334741.0,4,1,0.000000,s4_p1
1779334741.0,4,2,0.000000,s4_p2
1779334741.0,4,3,0.253921,s4_p3
1779334741.0,18,4,0.000000,s18_p4
1779334741.0,18,1,0.000000,s18_p1
1779334741.0,18,2,0.000000,s18_p2
1779334741.0,18,3,0.000000,s18_p3
1779334741.0,20,1,0.000000,s20_p1
1779334741.0,20,4,0.217554,s20_p4
1779334741.0,20,2,0.000000,s20_p2
1779334741.0,20,3,0.000000,s20_p3
1779334741.0,5,4,0.000000,s5_p4
1779334741.0,5,1,0.000000,s5_p1
1779334741.0,5,2,0.000000,s5_p2
1779334741.0,5,3,0.162023,s5_p3
1779334741.0,2,1,0.072582,s2_p1
1779334741.0,2,4,0.000000,s2_p4
1779334741.0,2,2,0.048388,s2_p2
1779334741.0,2,3,0.000000,s2_p3
1779334741.0,17,1,1.000000,s17_p1
1779334741.0,17,4,0.000000,s17_p4
1779334741.0,17,2,0.592537,s17_p2
1779334741.0,17,3,0.193482,s17_p3
1779334741.0,11,4,0.000000,s11_p4
1779334741.0,11,1,0.118528,s11_p1
1779334741.0,11,2,0.000000,s11_p2
1779334741.0,11,3,1.000000,s11_p3
1779334741.0,16,1,0.043534,s16_p1
1779334741.0,16,4,0.000000,s16_p4
1779334741.0,16,2,0.000000,s16_p2
1779334741.0,16,3,0.000000,s16_p3
1779334741.0,9,1,0.079817,s9_p1
1779334741.0,9,4,0.000000,s9_p4
1779334741.0,9,2,0.118515,s9_p2
1779334741.0,9,3,0.000000,s9_p3
1779334741.0,14,4,0.000000,s14_p4
1779334741.0,14,1,0.000000,s14_p1
1779334741.0,14,2,0.000000,s14_p2
1779334741.0,14,3,0.000000,s14_p3
1779334741.0,19,1,0.000000,s19_p1
1779334741.0,19,4,0.000000,s19_p4
1779334741.0,19,2,0.000000,s19_p2
1779334741.0,19,3,0.000000,s19_p3
1779334741.0,6,1,0.033697,s6_p1
1779334741.0,6,4,0.000000,s6_p4
1779334741.0,6,2,0.043325,s6_p2
1779334741.0,6,3,0.000000,s6_p3
1779334741.0,19,1,0.000000,s19_p1
1779334741.0,19,4,0.000000,s19_p4
1779334741.0,19,2,0.000000,s19_p2
1779334741.0,19,3,0.000000,s19_p3
1779334741.0,13,1,0.000000,s13_p1
1779334741.0,13,4,0.000000,s13_p4
1779334741.0,13,2,0.077083,s13_p2
1779334741.0,13,3,0.578123,s13_p3
1779334741.0,10,4,0.204696,s10_p4
1779334741.0,10,1,0.000000,s10_p1
1779334741.0,10,2,0.000000,s10_p2
1779334741.0,10,3,0.000000,s10_p3
1779334741.0,14,4,0.000000,s14_p4
1779334741.0,14,1,0.000000,s14_p1
1779334741.0,14,2,0.000000,s14_p2
1779334741.0,14,3,0.000000,s14_p3
1779334741.0,11,4,0.000000,s11_p4
1779334741.0,11,1,0.115602,s11_p1
1779334741.0,11,2,0.000000,s11_p2
1779334741.0,11,3,0.999477,s11_p3
1779334741.0,15,4,0.000000,s15_p4
1779334741.0,15,1,0.000000,s15_p1
1779334741.0,15,2,0.000000,s15_p2
1779334741.0,15,3,0.456944,s15_p3
1779334741.0,5,4,0.000000,s5_p4
1779334741.0,5,1,0.000000,s5_p1
1779334741.0,5,2,0.000000,s5_p2
1779334741.0,5,3,0.158892,s5_p3
1779334741.0,17,1,0.999108,s17_p1
1779334741.0,17,4,0.000000,s17_p4
1779334741.0,17,2,0.577797,s17_p2
1779334741.0,17,3,0.168524,s17_p3
1779334741.0,7,1,0.040902,s7_p1
1779334741.0,7,4,0.000000,s7_p4
1779334741.0,7,2,0.000000,s7_p2
1779334741.0,7,3,0.091427,s7_p3
1779334741.0,4,4,0.000000,s4_p4
1779334741.0,4,1,0.000000,s4_p1
1779334741.0,4,2,0.000000,s4_p2
1779334741.0,4,3,0.247833,s4_p3
1779334741.0,3,4,0.000000,s3_p4
1779334741.0,3,1,0.115378,s3_p1
1779334741.0,3,2,0.000000,s3_p2
1779334741.0,3,3,0.141819,s3_p3
1779334741.0,16,1,0.040935,s16_p1
1779334741.0,16,4,0.000000,s16_p4
1779334741.0,16,2,0.000000,s16_p2
1779334741.0,16,3,0.000000,s16_p3
1779334741.0,9,1,0.086688,s9_p1
1779334741.0,9,4,0.000000,s9_p4
1779334741.0,9,2,0.113176,s9_p2
1779334741.0,9,3,0.000000,s9_p3
1779334741.0,12,4,0.000000,s12_p4
1779334741.0,12,1,0.000000,s12_p1
1779334741.0,12,2,0.000000,s12_p2
1779334741.0,12,3,0.000000,s12_p3
1779334741.0,8,4,0.000000,s8_p4
1779334741.0,8,1,0.076946,s8_p1
1779334741.0,8,2,0.000000,s8_p2
1779334741.0,8,3,0.000000,s8_p3
1779334741.0,18,4,0.000000,s18_p4
1779334741.0,18,1,0.000000,s18_p1
1779334741.0,18,2,0.000000,s18_p2
1779334741.0,18,3,0.000000,s18_p3
1779334741.0,20,1,0.000000,s20_p1
1779334741.0,20,4,0.204585,s20_p4
1779334741.0,20,2,0.000000,s20_p2
1779334741.0,20,3,0.000000,s20_p3
1779334741.0,2,1,0.067395,s2_p1
1779334741.0,2,4,0.000000,s2_p4
1779334741.0,2,2,0.045732,s2_p2
1779334741.0,2,3,0.000000,s2_p3
1779334741.0,1,4,0.040860,s1_p4
1779334741.0,1,1,0.086526,s1_p1
1779334741.0,1,2,0.000000,s1_p2
1779334741.0,1,3,0.000000,s1_p3
1779334742.0,6,1,0.040923,s6_p1
1779334742.0,6,4,0.000000,s6_p4
1779334742.0,6,2,0.040923,s6_p2
1779334742.0,6,3,0.000000,s6_p3
1779334742.0,1,4,0.043396,s1_p4
1779334742.0,1,1,0.077149,s1_p1
1779334742.0,1,2,0.000000,s1_p2
1779334742.0,1,3,0.000000,s1_p3
1779334742.0,14,4,0.000000,s14_p4
1779334742.0,14,1,0.000000,s14_p1
1779334742.0,14,2,0.000000,s14_p2
1779334742.0,14,3,0.000000,s14_p3
1779334742.0,10,4,0.216509,s10_p4
1779334742.0,10,1,0.000000,s10_p1
1779334742.0,10,2,0.000000,s10_p2
1779334742.0,10,3,0.000000,s10_p3
1779334742.0,3,4,0.000000,s3_p4
1779334742.0,3,1,0.118047,s3_p1
1779334742.0,3,2,0.000000,s3_p2
1779334742.0,3,3,0.144547,s3_p3
1779334742.0,8,4,0.000000,s8_p4
1779334742.0,8,1,0.077081,s8_p1
1779334742.0,8,2,0.000000,s8_p2
1779334742.0,8,3,0.000000,s8_p3
1779334742.0,15,4,0.000000,s15_p4
1779334742.0,15,1,0.000000,s15_p1
1779334742.0,15,2,0.000000,s15_p2
1779334742.0,15,3,0.457549,s15_p3
1779334742.0,13,1,0.000000,s13_p1
1779334742.0,13,4,0.000000,s13_p4
1779334742.0,13,2,0.084152,s13_p2
1779334742.0,13,3,0.589067,s13_p3
1779334742.0,7,1,0.043338,s7_p1
1779334742.0,7,4,0.000000,s7_p4
1779334742.0,7,2,0.000000,s7_p2
1779334742.0,7,3,0.091490,s7_p3
1779334742.0,12,4,0.000000,s12_p4
1779334742.0,12,1,0.000000,s12_p1
1779334742.0,12,2,0.000000,s12_p2
1779334742.0,12,3,0.000000,s12_p3
1779334742.0,4,4,0.000000,s4_p4
1779334742.0,4,1,0.000000,s4_p1
1779334742.0,4,2,0.000000,s4_p2
1779334742.0,4,3,0.252493,s4_p3
1779334742.0,20,1,0.000000,s20_p1
1779334742.0,20,4,0.216441,s20_p4
1779334742.0,20,2,0.000000,s20_p2
1779334742.0,20,3,0.000000,s20_p3
1779334742.0,5,4,0.000000,s5_p4
1779334742.0,5,1,0.000000,s5_p1
1779334742.0,5,2,0.000000,s5_p2
1779334742.0,5,3,0.161090,s5_p3
1779334742.0,11,4,0.000000,s11_p4
1779334742.0,11,1,0.117737,s11_p1
1779334742.0,11,2,0.000000,s11_p2
1779334742.0,11,3,0.997158,s11_p3
1779334742.0,18,4,0.000000,s18_p4
1779334742.0,18,1,0.000000,s18_p1
1779334742.0,18,2,0.000000,s18_p2
1779334742.0,18,3,0.000000,s18_p3
1779334742.0,16,1,0.043253,s16_p1
1779334742.0,16,4,0.000000,s16_p4
1779334742.0,16,2,0.000000,s16_p2
1779334742.0,16,3,0.000000,s16_p3
1779334742.0,17,1,0.997114,s17_p1
1779334742.0,17,4,0.000000,s17_p4
1779334742.0,17,2,0.588658,s17_p2
1779334742.0,17,3,0.204228,s17_p3
1779334742.0,2,1,0.074496,s2_p1
1779334742.0,2,4,0.000000,s2_p4
1779334742.0,2,2,0.048062,s2_p2
1779334742.0,2,3,0.000000,s2_p3
1779334742.0,19,1,0.000000,s19_p1
1779334742.0,19,4,0.000000,s19_p4
1779334742.0,19,2,0.000000,s19_p2
1779334742.0,19,3,0.000000,s19_p3
1779334742.0,9,1,0.076867,s9_p1
1779334742.0,9,4,0.000000,s9_p4
1779334742.0,9,2,0.122507,s9_p2
1779334742.0,9,3,0.000000,s9_p3
1779334742.0,10,4,0.205468,s10_p4
1779334742.0,10,1,0.000000,s10_p1
1779334742.0,10,2,0.000000,s10_p2
1779334742.0,10,3,0.000000,s10_p3
1779334742.0,14,4,0.000000,s14_p4
1779334742.0,14,1,0.000000,s14_p1
1779334742.0,14,2,0.000000,s14_p2
1779334742.0,14,3,0.000000,s14_p3
1779334742.0,19,1,0.000000,s19_p1
1779334742.0,19,4,0.000000,s19_p4
1779334742.0,19,2,0.000000,s19_p2
1779334742.0,19,3,0.000000,s19_p3
1779334742.0,6,1,0.038633,s6_p1
1779334742.0,6,4,0.000000,s6_p4
1779334742.0,6,2,0.043463,s6_p2
1779334742.0,6,3,0.000000,s6_p3
1779334742.0,17,1,1.000000,s17_p1
1779334742.0,17,4,0.000000,s17_p4
1779334742.0,17,2,0.593218,s17_p2
1779334742.0,17,3,0.193704,s17_p3
1779334742.0,12,4,0.000000,s12_p4
1779334742.0,12,1,0.000000,s12_p1
1779334742.0,12,2,0.000000,s12_p2
1779334742.0,12,3,0.000000,s12_p3
1779334742.0,13,1,0.000000,s13_p1
1779334742.0,13,4,0.000000,s13_p4
1779334742.0,13,2,0.079720,s13_p2
1779334742.0,13,3,0.591862,s13_p3
1779334742.0,8,4,0.000000,s8_p4
1779334742.0,8,1,0.074870,s8_p1
1779334742.0,8,2,0.000000,s8_p2
1779334742.0,8,3,0.000000,s8_p3
1779334742.0,7,1,0.041072,s7_p1
1779334742.0,7,4,0.000000,s7_p4
1779334742.0,7,2,0.000000,s7_p2
1779334742.0,7,3,0.091807,s7_p3
1779334742.0,4,4,0.000000,s4_p4
1779334742.0,4,1,0.000000,s4_p1
1779334742.0,4,2,0.000000,s4_p2
1779334742.0,4,3,0.251570,s4_p3
1779334742.0,15,4,0.000000,s15_p4
1779334742.0,15,1,0.000000,s15_p1
1779334742.0,15,2,0.000000,s15_p2
1779334742.0,15,3,0.458872,s15_p3
1779334742.0,20,1,0.000000,s20_p1
1779334742.0,20,4,0.205606,s20_p4
1779334742.0,20,2,0.000000,s20_p2
1779334742.0,20,3,0.000000,s20_p3
1779334742.0,18,4,0.000000,s18_p4
1779334742.0,18,1,0.000000,s18_p1
1779334742.0,18,2,0.000000,s18_p2
1779334742.0,18,3,0.000000,s18_p3
1779334742.0,2,1,0.055675,s2_p1
1779334742.0,2,4,0.000000,s2_p4
1779334742.0,2,2,0.055675,s2_p2
1779334742.0,2,3,0.000000,s2_p3
1779334742.0,3,4,0.000000,s3_p4
1779334742.0,3,1,0.118295,s3_p1
1779334742.0,3,2,0.000000,s3_p2
1779334742.0,3,3,0.140022,s3_p3
1779334742.0,5,4,0.000000,s5_p4
1779334742.0,5,1,0.000000,s5_p1
1779334742.0,5,2,0.000000,s5_p2
1779334742.0,5,3,0.159638,s5_p3
1779334742.0,1,4,0.041016,s1_p4
1779334742.0,1,1,0.089270,s1_p1
1779334742.0,1,2,0.000000,s1_p2
1779334742.0,1,3,0.000000,s1_p3
1779334742.0,16,1,0.041135,s16_p1
1779334742.0,16,4,0.000000,s16_p4
1779334742.0,16,2,0.000000,s16_p2
1779334742.0,16,3,0.000000,s16_p3
1779334742.0,9,1,0.089558,s9_p1
1779334742.0,9,4,0.000000,s9_p4
1779334742.0,9,2,0.111342,s9_p2
1779334742.0,9,3,0.000000,s9_p3
1779334742.0,11,4,0.000000,s11_p4
1779334742.0,11,1,0.118537,s11_p1
1779334742.0,11,2,0.000000,s11_p2
1779334742.0,11,3,1.000000,s11_p3
1779334743.0,6,1,0.048296,s6_p1
1779334743.0,6,4,0.000000,s6_p4
1779334743.0,6,2,0.043466,s6_p2
1779334743.0,6,3,0.000000,s6_p3
1779334743.0,1,4,0.041093,s1_p4
1779334743.0,1,1,0.079768,s1_p1
1779334743.0,1,2,0.000000,s1_p2
1779334743.0,1,3,0.000000,s1_p3
1779334743.0,19,1,0.000000,s19_p1
1779334743.0,19,4,0.000000,s19_p4
1779334743.0,19,2,0.000000,s19_p2
1779334743.0,19,3,0.000000,s19_p3
1779334743.0,3,4,0.000000,s3_p4
1779334743.0,3,1,0.118428,s3_p1
1779334743.0,3,2,0.000000,s3_p2
1779334743.0,3,3,0.142597,s3_p3
1779334743.0,14,4,0.000000,s14_p4
1779334743.0,14,1,0.000000,s14_p1
1779334743.0,14,2,0.000000,s14_p2
1779334743.0,14,3,0.000000,s14_p3
1779334743.0,20,1,0.000000,s20_p1
1779334743.0,20,4,0.205266,s20_p4
1779334743.0,20,2,0.000000,s20_p2
1779334743.0,20,3,0.000000,s20_p3
1779334743.0,5,4,0.000000,s5_p4
1779334743.0,5,1,0.000000,s5_p1
1779334743.0,5,2,0.000000,s5_p2
1779334743.0,5,3,0.161800,s5_p3
1779334743.0,10,4,0.204981,s10_p4
1779334743.0,10,1,0.000000,s10_p1
1779334743.0,10,2,0.000000,s10_p2
1779334743.0,10,3,0.000000,s10_p3
1779334743.0,15,4,0.000000,s15_p4
1779334743.0,15,1,0.000000,s15_p1
1779334743.0,15,2,0.000000,s15_p2
1779334743.0,15,3,0.458714,s15_p3
1779334743.0,4,4,0.000000,s4_p4
1779334743.0,4,1,0.000000,s4_p1
1779334743.0,4,2,0.000000,s4_p2
1779334743.0,4,3,0.251061,s4_p3
1779334743.0,8,4,0.000000,s8_p4
1779334743.0,8,1,0.077244,s8_p1
1779334743.0,8,2,0.000000,s8_p2
1779334743.0,8,3,0.000000,s8_p3
1779334743.0,13,1,0.000000,s13_p1
1779334743.0,13,4,0.000000,s13_p4
1779334743.0,13,2,0.091723,s13_p2
1779334743.0,13,3,0.591372,s13_p3
1779334743.0,7,1,0.041035,s7_p1
1779334743.0,7,4,0.000000,s7_p4
1779334743.0,7,2,0.000000,s7_p2
1779334743.0,7,3,0.091725,s7_p3
1779334743.0,16,1,0.041032,s16_p1
1779334743.0,16,4,0.000000,s16_p4
1779334743.0,16,2,0.000000,s16_p2
1779334743.0,16,3,0.000000,s16_p3
1779334743.0,11,4,0.000000,s11_p4
1779334743.0,11,1,0.118272,s11_p1
1779334743.0,11,2,0.000000,s11_p2
1779334743.0,11,3,1.000000,s11_p3
1779334743.0,9,1,0.079647,s9_p1
1779334743.0,9,4,0.000000,s9_p4
1779334743.0,9,2,0.120678,s9_p2
1779334743.0,9,3,0.000000,s9_p3
1779334743.0,12,4,0.000000,s12_p4
1779334743.0,12,1,0.000000,s12_p1
1779334743.0,12,2,0.000000,s12_p2
1779334743.0,12,3,0.000000,s12_p3
1779334743.0,17,1,1.000000,s17_p1
1779334743.0,17,4,0.000000,s17_p4
1779334743.0,17,2,0.590889,s17_p2
1779334743.0,17,3,0.241179,s17_p3
1779334743.0,2,1,0.067548,s2_p1
1779334743.0,2,4,0.000000,s2_p4
1779334743.0,2,2,0.053074,s2_p2
1779334743.0,2,3,0.000000,s2_p3
1779334743.0,18,4,0.000000,s18_p4
1779334743.0,18,1,0.000000,s18_p1
1779334743.0,18,2,0.000000,s18_p2
1779334743.0,18,3,0.000000,s18_p3
1779334743.0,19,1,0.000000,s19_p1
1779334743.0,19,4,0.000000,s19_p4
1779334743.0,19,2,0.000000,s19_p2
1779334743.0,19,3,0.000000,s19_p3
1779334743.0,3,4,0.000000,s3_p4
1779334743.0,3,1,0.115973,s3_p1
1779334743.0,3,2,0.000000,s3_p2
1779334743.0,3,3,0.142550,s3_p3
1779334743.0,14,4,0.000000,s14_p4
1779334743.0,14,1,0.000000,s14_p1
1779334743.0,14,2,0.000000,s14_p2
1779334743.0,14,3,0.000000,s14_p3
1779334743.0,6,1,0.045889,s6_p1
1779334743.0,6,4,0.000000,s6_p4
1779334743.0,6,2,0.043474,s6_p2
1779334743.0,6,3,0.000000,s6_p3
1779334743.0,1,4,0.043480,s1_p4
1779334743.0,1,1,0.074882,s1_p1
1779334743.0,1,2,0.000000,s1_p2
1779334743.0,1,3,0.000000,s1_p3
1779334743.0,13,1,0.000000,s13_p1
1779334743.0,13,4,0.000000,s13_p4
1779334743.0,13,2,0.089440,s13_p2
1779334743.0,13,3,0.580154,s13_p3
1779334743.0,15,4,0.000000,s15_p4
1779334743.0,15,1,0.000000,s15_p1
1779334743.0,15,2,0.000000,s15_p2
1779334743.0,15,3,0.459206,s15_p3
1779334743.0,7,1,0.043508,s7_p1
1779334743.0,7,4,0.000000,s7_p4
1779334743.0,7,2,0.000000,s7_p2
1779334743.0,7,3,0.091850,s7_p3
1779334743.0,8,4,0.000000,s8_p4
1779334743.0,8,1,0.077342,s8_p1
1779334743.0,8,2,0.000000,s8_p2
1779334743.0,8,3,0.000000,s8_p3
1779334743.0,10,4,0.217479,s10_p4
1779334743.0,10,1,0.000000,s10_p1
1779334743.0,10,2,0.000000,s10_p2
1779334743.0,10,3,0.000000,s10_p3
1779334743.0,5,4,0.000000,s5_p4
1779334743.0,5,1,0.000000,s5_p1
1779334743.0,5,2,0.000000,s5_p2
1779334743.0,5,3,0.159393,s5_p3
1779334743.0,4,4,0.000000,s4_p4
1779334743.0,4,1,0.000000,s4_p1
1779334743.0,4,2,0.000000,s4_p2
1779334743.0,4,3,0.251199,s4_p3
1779334743.0,2,1,0.067682,s2_p1
1779334743.0,2,4,0.000000,s2_p4
1779334743.0,2,2,0.058013,s2_p2
1779334743.0,2,3,0.000000,s2_p3
1779334743.0,20,1,0.000000,s20_p1
1779334743.0,20,4,0.217313,s20_p4
1779334743.0,20,2,0.000000,s20_p2
1779334743.0,20,3,0.000000,s20_p3
1779334743.0,17,1,1.000000,s17_p1
1779334743.0,17,4,0.000000,s17_p4
1779334743.0,17,2,0.580081,s17_p2
1779334743.0,17,3,0.229616,s17_p3
1779334743.0,12,4,0.000000,s12_p4
1779334743.0,12,1,0.000000,s12_p1
1779334743.0,12,2,0.000000,s12_p2
1779334743.0,12,3,0.000000,s12_p3
1779334743.0,18,4,0.000000,s18_p4
1779334743.0,18,1,0.000000,s18_p1
1779334743.0,18,2,0.000000,s18_p2
1779334743.0,18,3,0.000000,s18_p3
1779334743.0,9,1,0.074897,s9_p1
1779334743.0,9,4,0.000000,s9_p4
1779334743.0,9,2,0.125634,s9_p2
1779334743.0,9,3,0.000000,s9_p3
1779334743.0,16,1,0.043482,s16_p1
1779334743.0,16,4,0.000000,s16_p4
1779334743.0,16,2,0.000000,s16_p2
1779334743.0,16,3,0.000000,s16_p3
1779334743.0,11,4,0.000000,s11_p4
1779334743.0,11,1,0.115956,s11_p1
1779334743.0,11,2,0.000000,s11_p2
1779334743.0,11,3,1.000000,s11_p3
1779334744.0,19,1,0.000000,s19_p1
1779334744.0,19,4,0.000000,s19_p4
1779334744.0,19,2,0.000000,s19_p2
1779334744.0,19,3,0.000000,s19_p3
1779334744.0,1,4,0.041071,s1_p4
1779334744.0,1,1,0.084557,s1_p1
1779334744.0,1,2,0.000000,s1_p2
1779334744.0,1,3,0.000000,s1_p3
1779334744.0,6,1,0.041067,s6_p1
1779334744.0,6,4,0.000000,s6_p4
1779334744.0,6,2,0.043482,s6_p2
1779334744.0,6,3,0.000000,s6_p3
1779334744.0,13,1,0.000000,s13_p1
1779334744.0,13,4,0.000000,s13_p4
1779334744.0,13,2,0.084535,s13_p2
1779334744.0,13,3,0.591746,s13_p3
1779334744.0,7,1,0.041061,s7_p1
1779334744.0,7,4,0.000000,s7_p4
1779334744.0,7,2,0.000000,s7_p2
1779334744.0,7,3,0.091783,s7_p3
1779334744.0,10,4,0.205306,s10_p4
1779334744.0,10,1,0.000000,s10_p1
1779334744.0,10,2,0.000000,s10_p2
1779334744.0,10,3,0.000000,s10_p3
1779334744.0,15,4,0.000000,s15_p4
1779334744.0,15,1,0.000000,s15_p1
1779334744.0,15,2,0.000000,s15_p2
1779334744.0,15,3,0.458873,s15_p3
1779334744.0,8,4,0.000000,s8_p4
1779334744.0,8,1,0.074871,s8_p1
1779334744.0,8,2,0.000000,s8_p2
1779334744.0,8,3,0.000000,s8_p3
1779334744.0,3,4,0.000000,s3_p4
1779334744.0,3,1,0.118257,s3_p1
1779334744.0,3,2,0.000000,s3_p2
1779334744.0,3,3,0.142392,s3_p3
1779334744.0,14,4,0.000000,s14_p4
1779334744.0,14,1,0.000000,s14_p1
1779334744.0,14,2,0.000000,s14_p2
1779334744.0,14,3,0.000000,s14_p3
1779334744.0,12,4,0.000000,s12_p4
1779334744.0,12,1,0.000000,s12_p1
1779334744.0,12,2,0.000000,s12_p2
1779334744.0,12,3,0.000000,s12_p3
1779334744.0,4,4,0.000000,s4_p4
1779334744.0,4,1,0.000000,s4_p1
1779334744.0,4,2,0.000000,s4_p2
1779334744.0,4,3,0.253595,s4_p3
1779334744.0,5,4,0.000000,s5_p4
1779334744.0,5,1,0.000000,s5_p1
1779334744.0,5,2,0.000000,s5_p2
1779334744.0,5,3,0.161801,s5_p3
1779334744.0,18,4,0.000000,s18_p4
1779334744.0,18,1,0.000000,s18_p1
1779334744.0,18,2,0.000000,s18_p2
1779334744.0,18,3,0.000000,s18_p3
1779334744.0,20,1,0.000000,s20_p1
1779334744.0,20,4,0.205283,s20_p4
1779334744.0,20,2,0.000000,s20_p2
1779334744.0,20,3,0.000000,s20_p3
1779334744.0,11,4,0.000000,s11_p4
1779334744.0,11,1,0.118334,s11_p1
1779334744.0,11,2,0.000000,s11_p2
1779334744.0,11,3,0.990143,s11_p3
1779334744.0,9,1,0.084511,s9_p1
1779334744.0,9,4,0.000000,s9_p4
1779334744.0,9,2,0.115901,s9_p2
1779334744.0,9,3,0.000000,s9_p3
1779334744.0,16,1,0.041049,s16_p1
1779334744.0,16,4,0.000000,s16_p4
1779334744.0,16,2,0.000000,s16_p2
1779334744.0,16,3,0.000000,s16_p3
1779334744.0,17,1,1.000000,s17_p1
1779334744.0,17,4,0.000000,s17_p4
1779334744.0,17,2,0.591338,s17_p2
1779334744.0,17,3,0.205158,s17_p3
1779334744.0,2,1,0.060336,s2_p1
1779334744.0,2,4,0.000000,s2_p4
1779334744.0,2,2,0.055509,s2_p2
1779334744.0,2,3,0.000000,s2_p3
1779334744.0,15,4,0.000000,s15_p4
1779334744.0,15,1,0.000000,s15_p1
1779334744.0,15,2,0.000000,s15_p2
1779334744.0,15,3,0.458709,s15_p3
1779334744.0,1,4,0.043410,s1_p4
1779334744.0,1,1,0.079585,s1_p1
1779334744.0,1,2,0.000000,s1_p2
1779334744.0,1,3,0.000000,s1_p3
1779334744.0,6,1,0.045822,s6_p1
1779334744.0,6,4,0.000000,s6_p4
1779334744.0,6,2,0.043411,s6_p2
1779334744.0,6,3,0.000000,s6_p3
1779334744.0,4,4,0.000000,s4_p4
1779334744.0,4,1,0.000000,s4_p1
1779334744.0,4,2,0.000000,s4_p2
1779334744.0,4,3,0.248592,s4_p3
1779334744.0,14,4,0.000000,s14_p4
1779334744.0,14,1,0.000000,s14_p1
1779334744.0,14,2,0.000000,s14_p2
1779334744.0,14,3,0.000000,s14_p3
1779334744.0,10,4,0.217030,s10_p4
1779334744.0,10,1,0.000000,s10_p1
1779334744.0,10,2,0.000000,s10_p2
1779334744.0,10,3,0.000000,s10_p3
1779334744.0,8,4,0.000000,s8_p4
1779334744.0,8,1,0.077164,s8_p1
1779334744.0,8,2,0.000000,s8_p2
1779334744.0,8,3,0.000000,s8_p3
1779334744.0,3,4,0.000000,s3_p4
1779334744.0,3,1,0.118156,s3_p1
1779334744.0,3,2,0.000000,s3_p2
1779334744.0,3,3,0.142269,s3_p3
1779334744.0,13,1,0.000000,s13_p1
1779334744.0,13,4,0.000000,s13_p4
1779334744.0,13,2,0.089200,s13_p2
1779334744.0,13,3,0.590651,s13_p3
1779334744.0,17,1,0.989188,s17_p1
1779334744.0,17,4,0.000000,s17_p4
1779334744.0,17,2,0.591100,s17_p2
1779334744.0,17,3,0.229202,s17_p3
1779334744.0,11,4,0.000000,s11_p4
1779334744.0,11,1,0.118197,s11_p1
1779334744.0,11,2,0.000000,s11_p2
1779334744.0,11,3,1.000000,s11_p3
1779334744.0,5,4,0.000000,s5_p4
1779334744.0,5,1,0.000000,s5_p1
1779334744.0,5,2,0.000000,s5_p2
1779334744.0,5,3,0.161518,s5_p3
1779334744.0,20,1,0.000000,s20_p1
1779334744.0,20,4,0.216970,s20_p4
1779334744.0,20,2,0.000000,s20_p2
1779334744.0,20,3,0.000000,s20_p3
1779334744.0,16,1,0.043420,s16_p1
1779334744.0,16,4,0.000000,s16_p4
1779334744.0,16,2,0.000000,s16_p2
1779334744.0,16,3,0.000000,s16_p3
1779334744.0,18,4,0.000000,s18_p4
1779334744.0,18,1,0.000000,s18_p1
1779334744.0,18,2,0.000000,s18_p2
1779334744.0,18,3,0.000000,s18_p3
1779334744.0,7,1,0.043355,s7_p1
1779334744.0,7,4,0.000000,s7_p4
1779334744.0,7,2,0.000000,s7_p2
1779334744.0,7,3,0.091527,s7_p3
1779334744.0,12,4,0.000000,s12_p4
1779334744.0,12,1,0.000000,s12_p1
1779334744.0,12,2,0.000000,s12_p2
1779334744.0,12,3,0.000000,s12_p3
1779334744.0,2,1,0.069947,s2_p1
1779334744.0,2,4,0.000000,s2_p4
1779334744.0,2,2,0.048239,s2_p2
1779334744.0,2,3,0.000000,s2_p3
1779334744.0,9,1,0.081981,s9_p1
1779334744.0,9,4,0.000000,s9_p4
1779334744.0,9,2,0.118150,s9_p2
1779334744.0,9,3,0.000000,s9_p3
1779334744.0,19,1,0.000000,s19_p1
1779334744.0,19,4,0.000000,s19_p4
1779334744.0,19,2,0.000000,s19_p2
1779334744.0,19,3,0.000000,s19_p3
1779334745.0,12,4,0.000000,s12_p4
1779334745.0,12,1,0.000000,s12_p1
1779334745.0,12,2,0.000000,s12_p2
1779334745.0,12,3,0.000000,s12_p3
1779334745.0,18,4,0.000000,s18_p4
1779334745.0,18,1,0.000000,s18_p1
1779334745.0,18,2,0.000000,s18_p2
1779334745.0,18,3,0.000000,s18_p3
1779334745.0,10,4,0.205415,s10_p4
1779334745.0,10,1,0.000000,s10_p1
1779334745.0,10,2,0.000000,s10_p2
1779334745.0,10,3,0.000000,s10_p3
1779334745.0,4,4,0.000000,s4_p4
1779334745.0,4,1,0.000000,s4_p1
1779334745.0,4,2,0.000000,s4_p2
1779334745.0,4,3,0.251277,s4_p3
1779334745.0,5,4,0.000000,s5_p4
1779334745.0,5,1,0.000000,s5_p1
1779334745.0,5,2,0.000000,s5_p2
1779334745.0,5,3,0.159653,s5_p3
1779334745.0,3,4,0.000000,s3_p4
1779334745.0,3,1,0.116004,s3_p1
1779334745.0,3,2,0.000000,s3_p2
1779334745.0,3,3,0.142588,s3_p3
1779334745.0,19,1,0.000000,s19_p1
1779334745.0,19,4,0.000000,s19_p4
1779334745.0,19,2,0.000000,s19_p2
1779334745.0,19,3,0.000000,s19_p3
1779334745.0,7,1,0.041126,s7_p1
1779334745.0,7,4,0.000000,s7_p4
1779334745.0,7,2,0.000000,s7_p2
1779334745.0,7,3,0.091928,s7_p3
1779334745.0,15,4,0.000000,s15_p4
1779334745.0,15,1,0.000000,s15_p1
1779334745.0,15,2,0.000000,s15_p2
1779334745.0,15,3,0.458578,s15_p3
1779334745.0,14,4,0.000000,s14_p4
1779334745.0,14,1,0.000000,s14_p1
1779334745.0,14,2,0.000000,s14_p2
1779334745.0,14,3,0.000000,s14_p3
1779334745.0,1,4,0.041038,s1_p4
1779334745.0,1,1,0.089319,s1_p1
1779334745.0,1,2,0.000000,s1_p2
1779334745.0,1,3,0.000000,s1_p3
1779334745.0,6,1,0.041038,s6_p1
1779334745.0,6,4,0.000000,s6_p4
1779334745.0,6,2,0.043453,s6_p2
1779334745.0,6,3,0.000000,s6_p3
1779334745.0,8,4,0.000000,s8_p4
1779334745.0,8,1,0.077316,s8_p1
1779334745.0,8,2,0.000000,s8_p2
1779334745.0,8,3,0.000000,s8_p3
1779334745.0,13,1,0.000000,s13_p1
1779334745.0,13,4,0.000000,s13_p4
1779334745.0,13,2,0.084567,s13_p2
1779334745.0,13,3,0.579889,s13_p3
1779334745.0,20,1,0.000000,s20_p1
1779334745.0,20,4,0.205554,s20_p4
1779334745.0,20,2,0.000000,s20_p2
1779334745.0,20,3,0.000000,s20_p3
1779334745.0,17,1,1.000000,s17_p1
1779334745.0,17,4,0.000000,s17_p4
1779334745.0,17,2,0.580297,s17_p2
1779334745.0,17,3,0.205522,s17_p3
1779334745.0,16,1,0.041096,s16_p1
1779334745.0,16,4,0.000000,s16_p4
1779334745.0,16,2,0.000000,s16_p2
1779334745.0,16,3,0.000000,s16_p3
1779334745.0,2,1,0.065275,s2_p1
1779334745.0,2,4,0.000000,s2_p4
1779334745.0,2,2,0.045935,s2_p2
1779334745.0,2,3,0.000000,s2_p3
1779334745.0,9,1,0.087051,s9_p1
1779334745.0,9,4,0.000000,s9_p4
1779334745.0,9,2,0.111232,s9_p2
1779334745.0,9,3,0.000000,s9_p3
1779334745.0,11,4,0.000000,s11_p4
1779334745.0,11,1,0.116011,s11_p1
1779334745.0,11,2,0.000000,s11_p2
1779334745.0,11,3,1.000000,s11_p3
1779334745.0,19,1,0.000000,s19_p1
1779334745.0,19,4,0.000000,s19_p4
1779334745.0,19,2,0.000000,s19_p2
1779334745.0,19,3,0.000000,s19_p3
1779334745.0,14,4,0.000000,s14_p4
1779334745.0,14,1,0.016933,s14_p1
1779334745.0,14,2,0.000000,s14_p2
1779334745.0,14,3,0.000000,s14_p3
1779334745.0,1,4,0.062892,s1_p4
1779334745.0,1,1,0.082243,s1_p1
1779334745.0,1,2,0.000272,s1_p2
1779334745.0,1,3,0.000000,s1_p3
1779334745.0,6,1,0.101595,s6_p1
1779334745.0,6,4,0.000000,s6_p4
1779334745.0,6,2,0.024189,s6_p2
1779334745.0,6,3,0.000272,s6_p3
1779334745.0,10,4,0.314254,s10_p4
1779334745.0,10,1,0.000272,s10_p1
1779334745.0,10,2,0.045929,s10_p2
1779334745.0,10,3,0.000000,s10_p3
1779334745.0,15,4,0.000000,s15_p4
1779334745.0,15,1,0.002417,s15_p1
1779334745.0,15,2,0.000000,s15_p2
1779334745.0,15,3,0.701074,s15_p3
1779334745.0,3,4,0.000000,s3_p4
1779334745.0,3,1,0.074935,s3_p1
1779334745.0,3,2,0.000000,s3_p2
1779334745.0,3,3,0.229912,s3_p3
1779334745.0,8,4,0.016924,s8_p4
1779334745.0,8,1,0.079786,s8_p1
1779334745.0,8,2,0.000272,s8_p2
1779334745.0,8,3,0.000000,s8_p3
1779334745.0,13,1,0.000272,s13_p1
1779334745.0,13,4,0.000000,s13_p4
1779334745.0,13,2,0.058027,s13_p2
1779334745.0,13,3,0.676978,s13_p3
1779334745.0,12,4,0.229445,s12_p4
1779334745.0,12,1,0.000000,s12_p1
1779334745.0,12,2,0.000000,s12_p2
1779334745.0,12,3,0.000000,s12_p3
1779334745.0,5,4,0.000000,s5_p4
1779334745.0,5,1,0.017181,s5_p1
1779334745.0,5,2,0.000000,s5_p2
1779334745.0,5,3,0.159431,s5_p3
1779334745.0,20,1,0.230908,s20_p1
1779334745.0,20,4,0.314120,s20_p4
1779334745.0,20,2,0.000000,s20_p2
1779334745.0,20,3,0.084571,s20_p3
1779334745.0,7,1,0.031403,s7_p1
1779334745.0,7,4,0.000272,s7_p4
1779334745.0,7,2,0.002416,s7_p2
1779334745.0,7,3,0.159432,s7_p3
1779334745.0,4,4,0.045892,s4_p4
1779334745.0,4,1,0.060385,s4_p1
1779334745.0,4,2,0.000000,s4_p2
1779334745.0,4,3,0.239123,s4_p3
1779334745.0,18,4,0.000000,s18_p4
1779334745.0,18,1,0.000000,s18_p1
1779334745.0,18,2,0.000000,s18_p2
1779334745.0,18,3,0.000000,s18_p3
1779334745.0,11,4,0.000000,s11_p4
1779334745.0,11,1,0.074911,s11_p1
1779334745.0,11,2,0.060412,s11_p2
1779334745.0,11,3,1.000000,s11_p3
1779334745.0,17,1,1.000000,s17_p1
1779334745.0,17,4,0.012076,s17_p4
1779334745.0,17,2,0.676244,s17_p2
1779334745.0,17,3,0.169061,s17_p3
1779334745.0,2,1,0.072484,s2_p1
1779334745.0,2,4,0.000000,s2_p4
1779334745.0,2,2,0.091813,s2_p2
1779334745.0,2,3,0.000000,s2_p3
1779334745.0,9,1,0.082149,s9_p1
1779334745.0,9,4,0.000000,s9_p4
1779334745.0,9,2,0.118391,s9_p2
1779334745.0,9,3,0.000000,s9_p3
1779334745.0,16,1,0.031406,s16_p1
1779334745.0,16,4,0.085914,s16_p4
1779334745.0,16,2,0.031406,s16_p2
1779334745.0,16,3,0.000000,s16_p3
1779334746.0,19,1,0.000000,s19_p1
1779334746.0,19,4,0.000000,s19_p4
1779334746.0,19,2,0.000000,s19_p2
1779334746.0,19,3,0.000000,s19_p3
1779334746.0,6,1,0.154986,s6_p1
1779334746.0,6,4,0.000000,s6_p4
1779334746.0,6,2,0.000000,s6_p2
1779334746.0,6,3,0.000543,s6_p3
1779334746.0,1,4,0.071019,s1_p4
1779334746.0,1,1,0.043812,s1_p1
1779334746.0,1,2,0.000000,s1_p2
1779334746.0,1,3,0.000543,s1_p3
1779334746.0,14,4,0.000000,s14_p4
1779334746.0,14,1,0.026566,s14_p1
1779334746.0,14,2,0.000316,s14_p2
1779334746.0,14,3,0.000000,s14_p3
1779334746.0,3,4,0.000316,s3_p4
1779334746.0,3,1,0.000000,s3_p1
1779334746.0,3,2,0.000543,s3_p2
1779334746.0,3,3,0.275462,s3_p3
1779334746.0,10,4,0.355035,s10_p4
1779334746.0,10,1,0.000316,s10_p1
1779334746.0,10,2,0.092125,s10_p2
1779334746.0,10,3,0.000000,s10_p3
1779334746.0,15,4,0.000000,s15_p4
1779334746.0,15,1,0.041103,s15_p1
1779334746.0,15,2,0.000000,s15_p2
1779334746.0,15,3,0.855133,s15_p3
1779334746.0,13,1,0.000000,s13_p1
1779334746.0,13,4,0.000000,s13_p4
1779334746.0,13,2,0.007247,s13_p2
1779334746.0,13,3,0.582490,s13_p3
1779334746.0,8,4,0.026571,s8_p4
1779334746.0,8,1,0.070050,s8_p1
1779334746.0,8,2,0.000000,s8_p2
1779334746.0,8,3,0.000000,s8_p3
1779334746.0,20,1,0.462198,s20_p1
1779334746.0,20,4,0.350315,s20_p4
1779334746.0,20,2,0.004714,s20_p2
1779334746.0,20,3,0.134460,s20_p3
1779334746.0,7,1,0.000000,s7_p1
1779334746.0,7,4,0.000000,s7_p4
1779334746.0,7,2,0.041098,s7_p2
1779334746.0,7,3,0.151680,s7_p3
1779334746.0,5,4,0.000000,s5_p4
1779334746.0,5,1,0.026572,s5_p1
1779334746.0,5,2,0.000000,s5_p2
1779334746.0,5,3,0.115950,s5_p3
1779334746.0,4,4,0.092432,s4_p4
1779334746.0,4,1,0.116500,s4_p1
1779334746.0,4,2,0.001486,s4_p2
1779334746.0,4,3,0.079720,s4_p3
1779334746.0,12,4,0.463662,s12_p4
1779334746.0,12,1,0.000000,s12_p1
1779334746.0,12,2,0.000943,s12_p2
1779334746.0,12,3,0.000000,s12_p3
1779334746.0,17,1,1.000000,s17_p1
1779334746.0,17,4,0.205501,s17_p4
1779334746.0,17,2,0.587982,s17_p2
1779334746.0,17,3,0.036240,s17_p3
1779334746.0,16,1,0.000000,s16_p1
1779334746.0,16,4,0.132880,s16_p4
1779334746.0,16,2,0.070064,s16_p2
1779334746.0,16,3,0.000000,s16_p3
1779334746.0,18,4,0.000000,s18_p4
1779334746.0,18,1,0.000000,s18_p1
1779334746.0,18,2,0.000000,s18_p2
1779334746.0,18,3,0.000000,s18_p3
1779334746.0,2,1,0.113858,s2_p1
1779334746.0,2,4,0.000000,s2_p4
1779334746.0,2,2,0.135599,s2_p2
1779334746.0,2,3,0.002988,s2_p3
1779334746.0,11,4,0.000000,s11_p4
1779334746.0,11,1,0.000543,s11_p1
1779334746.0,11,2,0.117011,s11_p2
1779334746.0,11,3,1.000000,s11_p3
1779334746.0,9,1,0.043474,s9_p1
1779334746.0,9,4,0.000000,s9_p4
1779334746.0,9,2,0.157307,s9_p2
1779334746.0,9,3,0.017651,s9_p3
1779334746.0,10,4,0.350217,s10_p4
1779334746.0,10,1,0.000000,s10_p1
1779334746.0,10,2,0.091781,s10_p2
1779334746.0,10,3,0.000000,s10_p3
1779334746.0,1,4,0.069989,s1_p4
1779334746.0,1,1,0.096537,s1_p1
1779334746.0,1,2,0.000000,s1_p2
1779334746.0,1,3,0.000000,s1_p3
1779334746.0,19,1,0.000000,s19_p1
1779334746.0,19,4,0.000000,s19_p4
1779334746.0,19,2,0.000000,s19_p2
1779334746.0,19,3,0.000000,s19_p3
1779334746.0,15,4,0.000000,s15_p4
1779334746.0,15,1,0.101425,s15_p1
1779334746.0,15,2,0.000000,s15_p2
1779334746.0,15,3,0.712389,s15_p3
1779334746.0,8,4,0.024137,s8_p4
1779334746.0,8,1,0.069996,s8_p1
1779334746.0,8,2,0.000000,s8_p2
1779334746.0,8,3,0.000000,s8_p3
1779334746.0,13,1,0.000000,s13_p1
1779334746.0,13,4,0.000000,s13_p4
1779334746.0,13,2,0.000000,s13_p2
1779334746.0,13,3,0.748137,s13_p3
1779334746.0,5,4,0.000000,s5_p4
1779334746.0,5,1,0.024149,s5_p1
1779334746.0,5,2,0.000000,s5_p2
1779334746.0,5,3,0.159381,s5_p3
1779334746.0,20,1,0.458763,s20_p1
1779334746.0,20,4,0.350109,s20_p4
1779334746.0,20,2,0.000000,s20_p2
1779334746.0,20,3,0.120727,s20_p3
1779334746.0,6,1,0.147057,s6_p1
1779334746.0,6,4,0.000000,s6_p4
1779334746.0,6,2,0.000000,s6_p2
1779334746.0,6,3,0.000000,s6_p3
1779334746.0,14,4,0.000000,s14_p4
1779334746.0,14,1,0.024121,s14_p1
1779334746.0,14,2,0.000000,s14_p2
1779334746.0,14,3,0.000000,s14_p3
1779334746.0,3,4,0.000000,s3_p4
1779334746.0,3,1,0.033772,s3_p1
1779334746.0,3,2,0.000000,s3_p2
1779334746.0,3,3,0.207455,s3_p3
1779334746.0,7,1,0.000000,s7_p1
1779334746.0,7,4,0.000000,s7_p4
1779334746.0,7,2,0.101404,s7_p2
1779334746.0,7,3,0.142448,s7_p3
1779334746.0,4,4,0.091748,s4_p4
1779334746.0,4,1,0.113478,s4_p1
1779334746.0,4,2,0.000000,s4_p2
1779334746.0,4,3,0.000000,s4_p3
1779334746.0,12,4,0.458486,s12_p4
1779334746.0,12,1,0.000000,s12_p1
1779334746.0,12,2,0.000000,s12_p2
1779334746.0,12,3,0.000000,s12_p3
1779334746.0,11,4,0.000000,s11_p4
1779334746.0,11,1,0.036217,s11_p1
1779334746.0,11,2,0.113479,s11_p2
1779334746.0,11,3,0.989925,s11_p3
1779334746.0,9,1,0.096580,s9_p1
1779334746.0,9,4,0.000000,s9_p4
1779334746.0,9,2,0.103824,s9_p2
1779334746.0,9,3,0.000000,s9_p3
1779334746.0,16,1,0.000000,s16_p1
1779334746.0,16,4,0.120687,s16_p4
1779334746.0,16,2,0.069998,s16_p2
1779334746.0,16,3,0.000000,s16_p3
1779334746.0,17,1,0.989549,s17_p1
1779334746.0,17,4,0.506842,s17_p4
1779334746.0,17,2,0.748196,s17_p2
1779334746.0,17,3,0.000000,s17_p3
1779334746.0,18,4,0.000000,s18_p4
1779334746.0,18,1,0.000000,s18_p1
1779334746.0,18,2,0.000000,s18_p2
1779334746.0,18,3,0.000000,s18_p3
1779334746.0,2,1,0.101376,s2_p1
1779334746.0,2,4,0.000000,s2_p4
1779334746.0,2,2,0.091721,s2_p2
1779334746.0,2,3,0.000000,s2_p3
1779334747.0,6,1,0.149362,s6_p1
1779334747.0,6,4,0.000000,s6_p4
1779334747.0,6,2,0.000000,s6_p2
1779334747.0,6,3,0.000000,s6_p3
1779334747.0,1,4,0.069784,s1_p4
1779334747.0,1,1,0.098660,s1_p1
1779334747.0,1,2,0.000000,s1_p2
1779334747.0,1,3,0.000000,s1_p3
1779334747.0,19,1,0.000000,s19_p1
1779334747.0,19,4,0.000000,s19_p4
1779334747.0,19,2,0.000000,s19_p2
1779334747.0,19,3,0.000000,s19_p3
1779334747.0,7,1,0.000000,s7_p1
1779334747.0,7,4,0.000000,s7_p4
1779334747.0,7,2,0.103502,s7_p2
1779334747.0,7,3,0.144421,s7_p3
1779334747.0,15,4,0.000000,s15_p4
1779334747.0,15,1,0.103383,s15_p1
1779334747.0,15,2,0.000000,s15_p2
1779334747.0,15,3,0.721274,s15_p3
1779334747.0,14,4,0.000000,s14_p4
1779334747.0,14,1,0.026471,s14_p1
1779334747.0,14,2,0.000000,s14_p2
1779334747.0,14,3,0.000000,s14_p3
1779334747.0,3,4,0.000000,s3_p4
1779334747.0,3,1,0.103483,s3_p1
1779334747.0,3,2,0.000000,s3_p2
1779334747.0,3,3,0.209373,s3_p3
1779334747.0,10,4,0.348524,s10_p4
1779334747.0,10,1,0.000000,s10_p1
1779334747.0,10,2,0.091337,s10_p2
1779334747.0,10,3,0.000000,s10_p3
1779334747.0,4,4,0.091454,s4_p4
1779334747.0,4,1,0.098674,s4_p1
1779334747.0,4,2,0.000000,s4_p2
1779334747.0,4,3,0.000000,s4_p3
1779334747.0,13,1,0.000000,s13_p1
1779334747.0,13,4,0.000000,s13_p4
1779334747.0,13,2,0.000000,s13_p2
1779334747.0,13,3,0.998517,s13_p3
1779334747.0,8,4,0.026464,s8_p4
1779334747.0,8,1,0.069768,s8_p1
1779334747.0,8,2,0.000000,s8_p2
1779334747.0,8,3,0.000000,s8_p3
1779334747.0,20,1,0.457118,s20_p1
1779334747.0,20,4,0.348854,s20_p4
1779334747.0,20,2,0.000000,s20_p2
1779334747.0,20,3,0.132324,s20_p3
1779334747.0,17,1,1.000000,s17_p1
1779334747.0,17,4,0.517469,s17_p4
1779334747.0,17,2,0.998835,s17_p2
1779334747.0,17,3,0.000000,s17_p3
1779334747.0,12,4,0.457196,s12_p4
1779334747.0,12,1,0.000000,s12_p1
1779334747.0,12,2,0.000000,s12_p2
1779334747.0,12,3,0.000000,s12_p3
1779334747.0,11,4,0.000000,s11_p4
1779334747.0,11,1,0.101070,s11_p1
1779334747.0,11,2,0.098663,s11_p2
1779334747.0,11,3,1.000000,s11_p3
1779334747.0,5,4,0.000000,s5_p4
1779334747.0,5,1,0.026447,s5_p1
1779334747.0,5,2,0.000000,s5_p2
1779334747.0,5,3,0.235616,s5_p3
1779334747.0,9,1,0.098659,s9_p1
1779334747.0,9,4,0.000000,s9_p4
1779334747.0,9,2,0.101065,s9_p2
1779334747.0,9,3,0.000000,s9_p3
1779334747.0,16,1,0.000000,s16_p1
1779334747.0,16,4,0.132346,s16_p4
1779334747.0,16,2,0.069783,s16_p2
1779334747.0,16,3,0.000000,s16_p3
1779334747.0,18,4,0.000000,s18_p4
1779334747.0,18,1,0.000000,s18_p1
1779334747.0,18,2,0.000000,s18_p2
1779334747.0,18,3,0.000000,s18_p3
1779334747.0,2,1,0.103468,s2_p1
1779334747.0,2,4,0.000000,s2_p4
1779334747.0,2,2,0.091437,s2_p2
1779334747.0,2,3,0.000000,s2_p3
1779334747.0,6,1,0.147313,s6_p1
1779334747.0,6,4,0.000000,s6_p4
1779334747.0,6,2,0.000000,s6_p2
1779334747.0,6,3,0.000000,s6_p3
1779334747.0,1,4,0.070033,s1_p4
1779334747.0,1,1,0.099011,s1_p1
1779334747.0,1,2,0.000000,s1_p2
1779334747.0,1,3,0.000000,s1_p3
1779334747.0,14,4,0.000000,s14_p4
1779334747.0,14,1,0.026576,s14_p1
1779334747.0,14,2,0.000000,s14_p2
1779334747.0,14,3,0.000000,s14_p3
1779334747.0,10,4,0.350316,s10_p4
1779334747.0,10,1,0.000000,s10_p1
1779334747.0,10,2,0.091807,s10_p2
1779334747.0,10,3,0.000000,s10_p3
1779334747.0,15,4,0.000000,s15_p4
1779334747.0,15,1,0.101459,s15_p1
1779334747.0,15,2,0.000000,s15_p2
1779334747.0,15,3,0.712627,s15_p3
1779334747.0,3,4,0.000000,s3_p4
1779334747.0,3,1,0.099041,s3_p1
1779334747.0,3,2,0.000000,s3_p2
1779334747.0,3,3,0.210161,s3_p3
1779334747.0,8,4,0.026574,s8_p4
1779334747.0,8,1,0.070060,s8_p1
1779334747.0,8,2,0.000000,s8_p2
1779334747.0,8,3,0.000000,s8_p3
1779334747.0,13,1,0.000000,s13_p1
1779334747.0,13,4,0.000000,s13_p4
1779334747.0,13,2,0.000000,s13_p2
1779334747.0,13,3,1.000000,s13_p3
1779334747.0,20,1,0.458852,s20_p1
1779334747.0,20,4,0.350177,s20_p4
1779334747.0,20,2,0.000000,s20_p2
1779334747.0,20,3,0.132826,s20_p3
1779334747.0,4,4,0.091751,s4_p4
1779334747.0,4,1,0.101409,s4_p1
1779334747.0,4,2,0.000000,s4_p2
1779334747.0,4,3,0.000000,s4_p3
1779334747.0,5,4,0.000000,s5_p4
1779334747.0,5,1,0.026580,s5_p1
1779334747.0,5,2,0.000000,s5_p2
1779334747.0,5,3,0.236808,s5_p3
1779334747.0,12,4,0.459071,s12_p4
1779334747.0,12,1,0.000000,s12_p1
1779334747.0,12,2,0.000000,s12_p2
1779334747.0,12,3,0.000000,s12_p3
1779334747.0,7,1,0.000000,s7_p1
1779334747.0,7,4,0.000000,s7_p4
1779334747.0,7,2,0.101376,s7_p2
1779334747.0,7,3,0.142409,s7_p3
1779334747.0,17,1,0.990059,s17_p1
1779334747.0,17,4,0.507103,s17_p4
1779334747.0,17,2,1.000000,s17_p2
1779334747.0,17,3,0.000000,s17_p3
1779334747.0,16,1,0.000000,s16_p1
1779334747.0,16,4,0.132835,s16_p4
1779334747.0,16,2,0.070040,s16_p2
1779334747.0,16,3,0.000000,s16_p3
1779334747.0,11,4,0.000000,s11_p4
1779334747.0,11,1,0.099009,s11_p1
1779334747.0,11,2,0.101424,s11_p2
1779334747.0,11,3,0.990095,s11_p3
1779334747.0,9,1,0.099015,s9_p1
1779334747.0,9,4,0.000000,s9_p4
1779334747.0,9,2,0.099015,s9_p2
1779334747.0,9,3,0.000000,s9_p3
1779334747.0,18,4,0.000000,s18_p4
1779334747.0,18,1,0.000000,s18_p1
1779334747.0,18,2,0.000000,s18_p2
1779334747.0,18,3,0.000000,s18_p3
1779334747.0,2,1,0.099023,s2_p1
1779334747.0,2,4,0.000000,s2_p4
1779334747.0,2,2,0.091777,s2_p2
1779334747.0,2,3,0.000000,s2_p3
1779334747.0,19,1,0.000000,s19_p1
1779334747.0,19,4,0.000000,s19_p4
1779334747.0,19,2,0.000000,s19_p2
1779334747.0,19,3,0.000000,s19_p3
1779334748.0,19,1,0.000000,s19_p1
1779334748.0,19,4,0.000000,s19_p4
1779334748.0,19,2,0.000000,s19_p2
1779334748.0,19,3,0.000000,s19_p3
1779334748.0,6,1,0.147143,s6_p1
1779334748.0,6,4,0.000000,s6_p4
1779334748.0,6,2,0.000000,s6_p2
1779334748.0,6,3,0.000000,s6_p3
1779334748.0,3,4,0.000000,s3_p4
1779334748.0,3,1,0.086858,s3_p1
1779334748.0,3,2,0.000000,s3_p2
1779334748.0,3,3,0.209907,s3_p3
1779334748.0,10,4,0.349764,s10_p4
1779334748.0,10,1,0.000000,s10_p1
1779334748.0,10,2,0.091662,s10_p2
1779334748.0,10,3,0.000000,s10_p3
1779334748.0,1,4,0.069911,s1_p4
1779334748.0,1,1,0.098840,s1_p1
1779334748.0,1,2,0.000000,s1_p2
1779334748.0,1,3,0.000000,s1_p3
1779334748.0,14,4,0.000000,s14_p4
1779334748.0,14,1,0.024119,s14_p1
1779334748.0,14,2,0.000000,s14_p2
1779334748.0,14,3,0.000000,s14_p3
1779334748.0,15,4,0.000000,s15_p4
1779334748.0,15,1,0.098896,s15_p1
1779334748.0,15,2,0.000000,s15_p2
1779334748.0,15,3,0.711567,s15_p3
1779334748.0,7,1,0.000000,s7_p1
1779334748.0,7,4,0.000000,s7_p4
1779334748.0,7,2,0.098917,s7_p2
1779334748.0,7,3,0.142344,s7_p3
1779334748.0,13,1,0.000000,s13_p1
1779334748.0,13,4,0.000000,s13_p4
1779334748.0,13,2,0.000000,s13_p2
1779334748.0,13,3,0.988455,s13_p3
1779334748.0,8,4,0.024107,s8_p4
1779334748.0,8,1,0.069910,s8_p1
1779334748.0,8,2,0.000000,s8_p2
1779334748.0,8,3,0.000000,s8_p3
1779334748.0,20,1,0.458216,s20_p1
1779334748.0,20,4,0.349691,s20_p4
1779334748.0,20,2,0.000000,s20_p2
1779334748.0,20,3,0.120583,s20_p3
1779334748.0,4,4,0.091646,s4_p4
1779334748.0,4,1,0.110940,s4_p1
1779334748.0,4,2,0.000000,s4_p2
1779334748.0,4,3,0.000000,s4_p3
1779334748.0,5,4,0.000000,s5_p4
1779334748.0,5,1,0.024108,s5_p1
1779334748.0,5,2,0.000000,s5_p2
1779334748.0,5,3,0.233847,s5_p3
1779334748.0,12,4,0.458029,s12_p4
1779334748.0,12,1,0.000000,s12_p1
1779334748.0,12,2,0.000000,s12_p2
1779334748.0,12,3,0.000000,s12_p3
1779334748.0,18,4,0.000000,s18_p4
1779334748.0,18,1,0.000000,s18_p1
1779334748.0,18,2,0.000000,s18_p2
1779334748.0,18,3,0.000000,s18_p3
1779334748.0,17,1,1.000000,s17_p1
1779334748.0,17,4,0.494398,s17_p4
1779334748.0,17,2,1.000000,s17_p2
1779334748.0,17,3,0.000000,s17_p3
1779334748.0,11,4,0.000000,s11_p4
1779334748.0,11,1,0.086794,s11_p1
1779334748.0,11,2,0.113314,s11_p2
1779334748.0,11,3,1.000000,s11_p3
1779334748.0,2,1,0.101259,s2_p1
1779334748.0,2,4,0.000000,s2_p4
1779334748.0,2,2,0.091615,s2_p2
1779334748.0,2,3,0.000000,s2_p3
1779334748.0,9,1,0.098841,s9_p1
1779334748.0,9,4,0.000000,s9_p4
1779334748.0,9,2,0.101252,s9_p2
1779334748.0,9,3,0.000000,s9_p3
1779334748.0,16,1,0.000000,s16_p1
1779334748.0,16,4,0.120530,s16_p4
1779334748.0,16,2,0.069907,s16_p2
1779334748.0,16,3,0.000000,s16_p3
1779334748.0,19,1,0.000000,s19_p1
1779334748.0,19,4,0.000000,s19_p4
1779334748.0,19,2,0.000000,s19_p2
1779334748.0,19,3,0.000000,s19_p3
1779334748.0,10,4,0.350991,s10_p4
1779334748.0,10,1,0.000000,s10_p1
1779334748.0,10,2,0.091984,s10_p2
1779334748.0,10,3,0.000000,s10_p3
1779334748.0,6,1,0.147442,s6_p1
1779334748.0,6,4,0.000000,s6_p4
1779334748.0,6,2,0.000000,s6_p2
1779334748.0,6,3,0.000000,s6_p3
1779334748.0,13,1,0.000000,s13_p1
1779334748.0,13,4,0.000000,s13_p4
1779334748.0,13,2,0.000000,s13_p2
1779334748.0,13,3,1.000000,s13_p3
1779334748.0,1,4,0.070141,s1_p4
1779334748.0,1,1,0.099165,s1_p1
1779334748.0,1,2,0.000000,s1_p2
1779334748.0,1,3,0.000000,s1_p3
1779334748.0,4,4,0.091977,s4_p4
1779334748.0,4,1,0.082295,s4_p1
1779334748.0,4,2,0.000000,s4_p2
1779334748.0,4,3,0.000000,s4_p3
1779334748.0,7,1,0.000000,s7_p1
1779334748.0,7,4,0.000000,s7_p4
1779334748.0,7,2,0.101636,s7_p2
1779334748.0,7,3,0.145195,s7_p3
1779334748.0,14,4,0.000000,s14_p4
1779334748.0,14,1,0.026604,s14_p1
1779334748.0,14,2,0.000000,s14_p2
1779334748.0,14,3,0.000000,s14_p3
1779334748.0,3,4,0.000000,s3_p4
1779334748.0,3,1,0.118483,s3_p1
1779334748.0,3,2,0.000000,s3_p2
1779334748.0,3,3,0.207949,s3_p3
1779334748.0,15,4,0.000000,s15_p4
1779334748.0,15,1,0.101573,s15_p1
1779334748.0,15,2,0.000000,s15_p2
1779334748.0,15,3,0.725522,s15_p3
1779334748.0,8,4,0.026620,s8_p4
1779334748.0,8,1,0.070179,s8_p1
1779334748.0,8,2,0.000000,s8_p2
1779334748.0,8,3,0.000000,s8_p3
1779334748.0,20,1,0.459570,s20_p1
1779334748.0,20,4,0.350725,s20_p4
1779334748.0,20,2,0.000000,s20_p2
1779334748.0,20,3,0.133034,s20_p3
1779334748.0,17,1,1.000000,s17_p1
1779334748.0,17,4,0.508223,s17_p4
1779334748.0,17,2,0.992244,s17_p2
1779334748.0,17,3,0.000000,s17_p3
1779334748.0,16,1,0.000000,s16_p1
1779334748.0,16,4,0.133167,s16_p4
1779334748.0,16,2,0.070215,s16_p2
1779334748.0,16,3,0.000000,s16_p3
1779334748.0,5,4,0.000000,s5_p4
1779334748.0,5,1,0.026615,s5_p1
1779334748.0,5,2,0.000000,s5_p2
1779334748.0,5,3,0.205665,s5_p3
1779334748.0,12,4,0.459743,s12_p4
1779334748.0,12,1,0.000000,s12_p1
1779334748.0,12,2,0.000000,s12_p2
1779334748.0,12,3,0.000000,s12_p3
1779334748.0,2,1,0.101679,s2_p1
1779334748.0,2,4,0.000000,s2_p4
1779334748.0,2,2,0.091995,s2_p2
1779334748.0,2,3,0.000000,s2_p3
1779334748.0,18,4,0.000000,s18_p4
1779334748.0,18,1,0.000000,s18_p1
1779334748.0,18,2,0.000000,s18_p2
1779334748.0,18,3,0.000000,s18_p3
1779334748.0,9,1,0.099240,s9_p1
1779334748.0,9,4,0.000000,s9_p4
1779334748.0,9,2,0.101661,s9_p2
1779334748.0,9,3,0.000000,s9_p3
1779334748.0,11,4,0.000000,s11_p4
1779334748.0,11,1,0.118589,s11_p1
1779334748.0,11,2,0.079866,s11_p2
1779334748.0,11,3,1.000000,s11_p3
1779334749.0,6,1,0.147755,s6_p1
1779334749.0,6,4,0.000000,s6_p4
1779334749.0,6,2,0.000000,s6_p2
1779334749.0,6,3,0.000000,s6_p3
1779334749.0,14,4,0.000000,s14_p4
1779334749.0,14,1,0.026637,s14_p1
1779334749.0,14,2,0.000000,s14_p2
1779334749.0,14,3,0.000000,s14_p3
1779334749.0,10,4,0.350779,s10_p4
1779334749.0,10,1,0.000000,s10_p1
1779334749.0,10,2,0.091928,s10_p2
1779334749.0,10,3,0.000000,s10_p3
1779334749.0,3,4,0.000000,s3_p4
1779334749.0,3,1,0.009686,s3_p1
1779334749.0,3,2,0.000000,s3_p2
1779334749.0,3,3,0.210663,s3_p3
1779334749.0,15,4,0.000000,s15_p4
1779334749.0,15,1,0.096830,s15_p1
1779334749.0,15,2,0.000000,s15_p2
1779334749.0,15,3,0.714119,s15_p3
1779334749.0,8,4,0.026627,s8_p4
1779334749.0,8,1,0.070198,s8_p1
1779334749.0,8,2,0.000000,s8_p2
1779334749.0,8,3,0.000000,s8_p3
1779334749.0,1,4,0.070184,s1_p4
1779334749.0,1,1,0.101645,s1_p1
1779334749.0,1,2,0.000000,s1_p2
1779334749.0,1,3,0.000000,s1_p3
1779334749.0,4,4,0.091936,s4_p4
1779334749.0,4,1,0.154839,s4_p1
1779334749.0,4,2,0.000000,s4_p2
1779334749.0,4,3,0.000000,s4_p3
1779334749.0,13,1,0.000000,s13_p1
1779334749.0,13,4,0.000000,s13_p4
1779334749.0,13,2,0.000000,s13_p2
1779334749.0,13,3,0.822485,s13_p3
1779334749.0,7,1,0.000000,s7_p1
1779334749.0,7,4,0.000000,s7_p4
1779334749.0,7,2,0.096768,s7_p2
1779334749.0,7,3,0.142732,s7_p3
1779334749.0,20,1,0.459931,s20_p1
1779334749.0,20,4,0.351000,s20_p4
1779334749.0,20,2,0.000000,s20_p2
1779334749.0,20,3,0.133138,s20_p3
1779334749.0,12,4,0.459866,s12_p4
1779334749.0,12,1,0.000000,s12_p1
1779334749.0,12,2,0.000000,s12_p2
1779334749.0,12,3,0.000000,s12_p3
1779334749.0,5,4,0.000000,s5_p4
1779334749.0,5,1,0.026622,s5_p1
1779334749.0,5,2,0.000000,s5_p2
1779334749.0,5,3,0.116168,s5_p3
1779334749.0,18,4,0.000000,s18_p4
1779334749.0,18,1,0.000000,s18_p1
1779334749.0,18,2,0.000000,s18_p2
1779334749.0,18,3,0.000000,s18_p3
1779334749.0,9,1,0.101634,s9_p1
1779334749.0,9,4,0.000000,s9_p4
1779334749.0,9,2,0.099214,s9_p2
1779334749.0,9,3,0.000000,s9_p3
1779334749.0,16,1,0.000000,s16_p1
1779334749.0,16,4,0.133048,s16_p4
1779334749.0,16,2,0.070152,s16_p2
1779334749.0,16,3,0.000000,s16_p3
1779334749.0,2,1,0.099184,s2_p1
1779334749.0,2,4,0.000000,s2_p4
1779334749.0,2,2,0.091927,s2_p2
1779334749.0,2,3,0.000000,s2_p3
1779334749.0,17,1,1.000000,s17_p1
1779334749.0,17,4,0.483768,s17_p4
1779334749.0,17,2,0.822405,s17_p2
1779334749.0,17,3,0.000000,s17_p3
1779334749.0,11,4,0.000000,s11_p4
1779334749.0,11,1,0.009678,s11_p1
1779334749.0,11,2,0.154855,s11_p2
1779334749.0,11,3,1.000000,s11_p3
1779334749.0,19,1,0.000000,s19_p1
1779334749.0,19,4,0.000000,s19_p4
1779334749.0,19,2,0.000000,s19_p2
1779334749.0,19,3,0.000000,s19_p3
1779334749.0,19,1,0.000000,s19_p1
1779334749.0,19,4,0.000000,s19_p4
1779334749.0,19,2,0.000000,s19_p2
1779334749.0,19,3,0.000000,s19_p3
1779334749.0,14,4,0.000000,s14_p4
1779334749.0,14,1,0.026557,s14_p1
1779334749.0,14,2,0.000000,s14_p2
1779334749.0,14,3,0.000000,s14_p3
1779334749.0,6,1,0.149607,s6_p1
1779334749.0,6,4,0.000000,s6_p4
1779334749.0,6,2,0.000000,s6_p2
1779334749.0,6,3,0.000000,s6_p3
1779334749.0,8,4,0.026559,s8_p4
1779334749.0,8,1,0.070018,s8_p1
1779334749.0,8,2,0.000000,s8_p2
1779334749.0,8,3,0.000000,s8_p3
1779334749.0,10,4,0.349921,s10_p4
1779334749.0,10,1,0.000000,s10_p1
1779334749.0,10,2,0.091703,s10_p2
1779334749.0,10,3,0.000000,s10_p3
1779334749.0,15,4,0.000000,s15_p4
1779334749.0,15,1,0.101388,s15_p1
1779334749.0,15,2,0.000000,s15_p2
1779334749.0,15,3,0.712129,s15_p3
1779334749.0,1,4,0.070012,s1_p4
1779334749.0,1,1,0.096568,s1_p1
1779334749.0,1,2,0.000000,s1_p2
1779334749.0,1,3,0.000000,s1_p3
1779334749.0,7,1,0.000000,s7_p1
1779334749.0,7,4,0.000000,s7_p4
1779334749.0,7,2,0.101397,s7_p2
1779334749.0,7,3,0.142439,s7_p3
1779334749.0,13,1,0.000000,s13_p1
1779334749.0,13,4,0.000000,s13_p4
1779334749.0,13,2,0.000000,s13_p2
1779334749.0,13,3,0.591419,s13_p3
1779334749.0,3,4,0.000000,s3_p4
1779334749.0,3,1,0.000000,s3_p1
1779334749.0,3,2,0.000000,s3_p2
1779334749.0,3,3,0.209835,s3_p3
1779334749.0,20,1,0.458652,s20_p1
1779334749.0,20,4,0.350024,s20_p4
1779334749.0,20,2,0.000000,s20_p2
1779334749.0,20,3,0.132768,s20_p3
1779334749.0,4,4,0.091682,s4_p4
1779334749.0,4,1,0.118222,s4_p1
1779334749.0,4,2,0.000000,s4_p2
1779334749.0,4,3,0.000000,s4_p3
1779334749.0,5,4,0.000000,s5_p4
1779334749.0,5,1,0.026550,s5_p1
1779334749.0,5,2,0.000000,s5_p2
1779334749.0,5,3,0.118269,s5_p3
1779334749.0,12,4,0.458553,s12_p4
1779334749.0,12,1,0.000000,s12_p1
1779334749.0,12,2,0.000000,s12_p2
1779334749.0,12,3,0.000000,s12_p3
1779334749.0,2,1,0.103828,s2_p1
1779334749.0,2,4,0.000000,s2_p4
1779334749.0,2,2,0.091755,s2_p2
1779334749.0,2,3,0.000000,s2_p3
1779334749.0,17,1,1.000000,s17_p1
1779334749.0,17,4,0.518975,s17_p4
1779334749.0,17,2,0.591390,s17_p2
1779334749.0,17,3,0.000000,s17_p3
1779334749.0,9,1,0.096537,s9_p1
1779334749.0,9,4,0.000000,s9_p4
1779334749.0,9,2,0.103777,s9_p2
1779334749.0,9,3,0.000000,s9_p3
1779334749.0,11,4,0.000000,s11_p4
1779334749.0,11,1,0.000000,s11_p1
1779334749.0,11,2,0.118271,s11_p2
1779334749.0,11,3,1.000000,s11_p3
1779334749.0,16,1,0.000000,s16_p1
1779334749.0,16,4,0.132740,s16_p4
1779334749.0,16,2,0.069990,s16_p2
1779334749.0,16,3,0.000000,s16_p3
1779334749.0,18,4,0.000000,s18_p4
1779334749.0,18,1,0.000000,s18_p1
1779334749.0,18,2,0.000000,s18_p2
1779334749.0,18,3,0.000000,s18_p3
1779334750.0,1,4,0.070027,s1_p4
1779334750.0,1,1,0.099004,s1_p1
1779334750.0,1,2,0.000000,s1_p2
1779334750.0,1,3,0.000000,s1_p3
1779334750.0,10,4,0.349863,s10_p4
1779334750.0,10,1,0.000000,s10_p1
1779334750.0,10,2,0.091688,s10_p2
1779334750.0,10,3,0.000000,s10_p3
1779334750.0,6,1,0.147113,s6_p1
1779334750.0,6,4,0.000000,s6_p4
1779334750.0,6,2,0.000000,s6_p2
1779334750.0,6,3,0.000000,s6_p3
1779334750.0,14,4,0.000000,s14_p4
1779334750.0,14,1,0.024114,s14_p1
1779334750.0,14,2,0.000000,s14_p2
1779334750.0,14,3,0.000000,s14_p3
1779334750.0,3,4,0.000000,s3_p4
1779334750.0,3,1,0.000000,s3_p1
1779334750.0,3,2,0.000000,s3_p2
1779334750.0,3,3,0.207593,s3_p3
1779334750.0,15,4,0.000000,s15_p4
1779334750.0,15,1,0.101323,s15_p1
1779334750.0,15,2,0.000000,s15_p2
1779334750.0,15,3,0.723737,s15_p3
1779334750.0,8,4,0.024122,s8_p4
1779334750.0,8,1,0.069953,s8_p1
1779334750.0,8,2,0.000000,s8_p2
1779334750.0,8,3,0.000000,s8_p3
1779334750.0,7,1,0.000000,s7_p1
1779334750.0,7,4,0.000000,s7_p4
1779334750.0,7,2,0.101317,s7_p2
1779334750.0,7,3,0.144739,s7_p3
1779334750.0,4,4,0.091711,s4_p4
1779334750.0,4,1,0.118259,s4_p1
1779334750.0,4,2,0.000000,s4_p2
1779334750.0,4,3,0.000000,s4_p3
1779334750.0,5,4,0.000000,s5_p4
1779334750.0,5,1,0.024135,s5_p1
1779334750.0,5,2,0.000000,s5_p2
1779334750.0,5,3,0.118262,s5_p3
1779334750.0,12,4,0.458569,s12_p4
1779334750.0,12,1,0.000000,s12_p1
1779334750.0,12,2,0.000000,s12_p2
1779334750.0,12,3,0.000000,s12_p3
1779334750.0,20,1,0.458331,s20_p1
1779334750.0,20,4,0.349779,s20_p4
1779334750.0,20,2,0.000000,s20_p2
1779334750.0,20,3,0.120613,s20_p3
1779334750.0,13,1,0.000000,s13_p1
1779334750.0,13,4,0.000000,s13_p4
1779334750.0,13,2,0.000000,s13_p2
1779334750.0,13,3,0.590961,s13_p3
1779334750.0,18,4,0.000000,s18_p4
1779334750.0,18,1,0.000000,s18_p1
1779334750.0,18,2,0.000000,s18_p2
1779334750.0,18,3,0.000000,s18_p3
1779334750.0,11,4,0.000000,s11_p4
1779334750.0,11,1,0.000000,s11_p1
1779334750.0,11,2,0.118255,s11_p2
1779334750.0,11,3,0.989481,s11_p3
1779334750.0,17,1,0.989366,s17_p1
1779334750.0,17,4,0.494683,s17_p4
1779334750.0,17,2,0.591207,s17_p2
1779334750.0,17,3,0.000000,s17_p3
1779334750.0,16,1,0.000000,s16_p1
1779334750.0,16,4,0.120665,s16_p4
1779334750.0,16,2,0.069985,s16_p2
1779334750.0,16,3,0.000000,s16_p3
1779334750.0,2,1,0.098899,s2_p1
1779334750.0,2,4,0.000000,s2_p4
1779334750.0,2,2,0.091663,s2_p2
1779334750.0,2,3,0.000000,s2_p3
1779334750.0,9,1,0.098936,s9_p1
1779334750.0,9,4,0.000000,s9_p4
1779334750.0,9,2,0.098936,s9_p2
1779334750.0,9,3,0.000000,s9_p3
1779334750.0,19,1,0.000000,s19_p1
1779334750.0,19,4,0.000000,s19_p4
1779334750.0,19,2,0.000000,s19_p2
1779334750.0,19,3,0.000000,s19_p3
1779334750.0,6,1,0.147355,s6_p1
1779334750.0,6,4,0.000000,s6_p4
1779334750.0,6,2,0.000000,s6_p2
1779334750.0,6,3,0.000000,s6_p3
1779334750.0,1,4,0.069988,s1_p4
1779334750.0,1,1,0.098948,s1_p1
1779334750.0,1,2,0.000000,s1_p2
1779334750.0,1,3,0.000000,s1_p3
1779334750.0,19,1,0.000000,s19_p1
1779334750.0,19,4,0.000000,s19_p4
1779334750.0,19,2,0.000000,s19_p2
1779334750.0,19,3,0.000000,s19_p3
1779334750.0,3,4,0.000000,s3_p4
1779334750.0,3,1,0.000000,s3_p1
1779334750.0,3,2,0.000000,s3_p2
1779334750.0,3,3,0.210036,s3_p3
1779334750.0,14,4,0.000000,s14_p4
1779334750.0,14,1,0.026551,s14_p1
1779334750.0,14,2,0.000000,s14_p2
1779334750.0,14,3,0.000000,s14_p3
1779334750.0,10,4,0.349949,s10_p4
1779334750.0,10,1,0.000000,s10_p1
1779334750.0,10,2,0.089297,s10_p2
1779334750.0,10,3,0.000000,s10_p3
1779334750.0,13,1,0.000000,s13_p1
1779334750.0,13,4,0.000000,s13_p4
1779334750.0,13,2,0.000000,s13_p2
1779334750.0,13,3,0.591797,s13_p3
1779334750.0,15,4,0.000000,s15_p4
1779334750.0,15,1,0.098960,s15_p1
1779334750.0,15,2,0.000000,s15_p2
1779334750.0,15,3,0.712029,s15_p3
1779334750.0,17,1,1.000000,s17_p1
1779334750.0,17,4,0.495071,s17_p4
1779334750.0,17,2,0.591670,s17_p2
1779334750.0,17,3,0.000000,s17_p3
1779334750.0,8,4,0.026532,s8_p4
1779334750.0,8,1,0.069948,s8_p1
1779334750.0,8,2,0.000000,s8_p2
1779334750.0,8,3,0.000000,s8_p3
1779334750.0,20,1,0.458557,s20_p1
1779334750.0,20,4,0.349951,s20_p4
1779334750.0,20,2,0.000000,s20_p2
1779334750.0,20,3,0.132740,s20_p3
1779334750.0,7,1,0.000000,s7_p1
1779334750.0,7,4,0.000000,s7_p4
1779334750.0,7,2,0.098935,s7_p2
1779334750.0,7,3,0.142369,s7_p3
1779334750.0,18,4,0.000000,s18_p4
1779334750.0,18,1,0.000000,s18_p1
1779334750.0,18,2,0.000000,s18_p2
1779334750.0,18,3,0.000000,s18_p3
1779334750.0,5,4,0.000000,s5_p4
1779334750.0,5,1,0.026545,s5_p1
1779334750.0,5,2,0.000000,s5_p2
1779334750.0,5,3,0.118246,s5_p3
1779334750.0,4,4,0.091696,s4_p4
1779334750.0,4,1,0.118239,s4_p1
1779334750.0,4,2,0.000000,s4_p2
1779334750.0,4,3,0.000000,s4_p3
1779334750.0,12,4,0.458486,s12_p4
1779334750.0,12,1,0.000000,s12_p1
1779334750.0,12,2,0.000000,s12_p2
1779334750.0,12,3,0.000000,s12_p3
1779334750.0,9,1,0.098968,s9_p1
1779334750.0,9,4,0.000000,s9_p4
1779334750.0,9,2,0.101381,s9_p2
1779334750.0,9,3,0.000000,s9_p3
1779334750.0,11,4,0.000000,s11_p4
1779334750.0,11,1,0.000000,s11_p1
1779334750.0,11,2,0.118261,s11_p2
1779334750.0,11,3,1.000000,s11_p3
1779334750.0,2,1,0.101371,s2_p1
1779334750.0,2,4,0.000000,s2_p4
1779334750.0,2,2,0.091717,s2_p2
1779334750.0,2,3,0.000000,s2_p3
1779334750.0,16,1,0.000000,s16_p1
1779334750.0,16,4,0.132743,s16_p4
1779334750.0,16,2,0.069992,s16_p2
1779334750.0,16,3,0.000000,s16_p3
1779334751.0,1,4,0.070102,s1_p4
1779334751.0,1,1,0.099110,s1_p1
1779334751.0,1,2,0.000000,s1_p2
1779334751.0,1,3,0.000000,s1_p3
1779334751.0,6,1,0.147412,s6_p1
1779334751.0,6,4,0.000000,s6_p4
1779334751.0,6,2,0.000000,s6_p2
1779334751.0,6,3,0.000000,s6_p3
1779334751.0,14,4,0.000000,s14_p4
1779334751.0,14,1,0.026597,s14_p1
1779334751.0,14,2,0.000000,s14_p2
1779334751.0,14,3,0.000000,s14_p3
1779334751.0,8,4,0.026618,s8_p4
1779334751.0,8,1,0.070174,s8_p1
1779334751.0,8,2,0.000000,s8_p2
1779334751.0,8,3,0.000000,s8_p3
1779334751.0,7,1,0.000000,s7_p1
1779334751.0,7,4,0.000000,s7_p4
1779334751.0,7,2,0.104033,s7_p2
1779334751.0,7,3,0.145162,s7_p3
1779334751.0,13,1,0.000000,s13_p1
1779334751.0,13,4,0.000000,s13_p4
1779334751.0,13,2,0.000000,s13_p2
1779334751.0,13,3,0.580136,s13_p3
1779334751.0,20,1,0.447361,s20_p1
1779334751.0,20,4,0.350635,s20_p4
1779334751.0,20,2,0.000000,s20_p2
1779334751.0,20,3,0.132999,s20_p3
1779334751.0,4,4,0.089474,s4_p4
1779334751.0,4,1,0.116075,s4_p1
1779334751.0,4,2,0.000000,s4_p2
1779334751.0,4,3,0.000000,s4_p3
1779334751.0,15,4,0.000000,s15_p4
1779334751.0,15,1,0.103895,s15_p1
1779334751.0,15,2,0.000000,s15_p2
1779334751.0,15,3,0.724846,s15_p3
1779334751.0,10,4,0.350297,s10_p4
1779334751.0,10,1,0.000000,s10_p1
1779334751.0,10,2,0.091802,s10_p2
1779334751.0,10,3,0.000000,s10_p3
1779334751.0,12,4,0.447360,s12_p4
1779334751.0,12,1,0.000000,s12_p1
1779334751.0,12,2,0.000000,s12_p2
1779334751.0,12,3,0.000000,s12_p3
1779334751.0,5,4,0.000000,s5_p4
1779334751.0,5,1,0.026598,s5_p1
1779334751.0,5,2,0.000000,s5_p2
1779334751.0,5,3,0.116062,s5_p3
1779334751.0,16,1,0.000000,s16_p1
1779334751.0,16,4,0.133003,s16_p4
1779334751.0,16,2,0.070129,s16_p2
1779334751.0,16,3,0.000000,s16_p3
1779334751.0,11,4,0.000000,s11_p4
1779334751.0,11,1,0.000000,s11_p1
1779334751.0,11,2,0.116062,s11_p2
1779334751.0,11,3,1.000000,s11_p3
1779334751.0,2,1,0.101552,s2_p1
1779334751.0,2,4,0.000000,s2_p4
1779334751.0,2,2,0.089463,s2_p2
1779334751.0,2,3,0.000000,s2_p3
1779334751.0,18,4,0.000000,s18_p4
1779334751.0,18,1,0.000000,s18_p1
1779334751.0,18,2,0.000000,s18_p2
1779334751.0,18,3,0.000000,s18_p3
1779334751.0,17,1,1.000000,s17_p1
1779334751.0,17,4,0.519507,s17_p4
1779334751.0,17,2,0.579914,s17_p2
1779334751.0,17,3,0.000000,s17_p3
1779334751.0,19,1,0.000000,s19_p1
1779334751.0,19,4,0.000000,s19_p4
1779334751.0,19,2,0.000000,s19_p2
1779334751.0,19,3,0.000000,s19_p3
1779334751.0,9,1,0.099099,s9_p1
1779334751.0,9,4,0.000000,s9_p4
1779334751.0,9,2,0.101516,s9_p2
1779334751.0,9,3,0.000000,s9_p3
1779334751.0,3,4,0.000000,s3_p4
1779334751.0,3,1,0.000000,s3_p1
1779334751.0,3,2,0.000000,s3_p2
1779334751.0,3,3,0.209954,s3_p3
1779334751.0,6,1,0.147200,s6_p1
1779334751.0,6,4,0.000000,s6_p4
1779334751.0,6,2,0.000000,s6_p2
1779334751.0,6,3,0.000000,s6_p3
1779334751.0,19,1,0.000000,s19_p1
1779334751.0,19,4,0.000000,s19_p4
1779334751.0,19,2,0.000000,s19_p2
1779334751.0,19,3,0.000000,s19_p3
1779334751.0,14,4,0.000000,s14_p4
1779334751.0,14,1,0.024117,s14_p1
1779334751.0,14,2,0.000000,s14_p2
1779334751.0,14,3,0.000000,s14_p3
1779334751.0,13,1,0.000000,s13_p1
1779334751.0,13,4,0.000000,s13_p4
1779334751.0,13,2,0.000000,s13_p2
1779334751.0,13,3,0.590975,s13_p3
1779334751.0,8,4,0.024114,s8_p4
1779334751.0,8,1,0.069931,s8_p1
1779334751.0,8,2,0.000000,s8_p2
1779334751.0,8,3,0.000000,s8_p3
1779334751.0,10,4,0.349926,s10_p4
1779334751.0,10,1,0.000000,s10_p1
1779334751.0,10,2,0.091705,s10_p2
1779334751.0,10,3,0.000000,s10_p3
1779334751.0,7,1,0.000000,s7_p1
1779334751.0,7,4,0.000000,s7_p4
1779334751.0,7,2,0.101296,s7_p2
1779334751.0,7,3,0.142296,s7_p3
1779334751.0,15,4,0.000000,s15_p4
1779334751.0,15,1,0.101347,s15_p1
1779334751.0,15,2,0.000000,s15_p2
1779334751.0,15,3,0.711840,s15_p3
1779334751.0,1,4,0.069886,s1_p4
1779334751.0,1,1,0.091574,s1_p1
1779334751.0,1,2,0.000000,s1_p2
1779334751.0,1,3,0.000000,s1_p3
1779334751.0,3,4,0.000000,s3_p4
1779334751.0,3,1,0.000000,s3_p1
1779334751.0,3,2,0.000000,s3_p2
1779334751.0,3,3,0.207701,s3_p3
1779334751.0,18,4,0.000000,s18_p4
1779334751.0,18,1,0.000000,s18_p1
1779334751.0,18,2,0.000000,s18_p2
1779334751.0,18,3,0.000000,s18_p3
1779334751.0,20,1,0.458088,s20_p1
1779334751.0,20,4,0.349593,s20_p4
1779334751.0,20,2,0.000000,s20_p2
1779334751.0,20,3,0.120549,s20_p3
1779334751.0,2,1,0.108559,s2_p1
1779334751.0,2,4,0.000000,s2_p4
1779334751.0,2,2,0.091672,s2_p2
1779334751.0,2,3,0.000000,s2_p3
1779334751.0,5,4,0.000000,s5_p4
1779334751.0,5,1,0.024112,s5_p1
1779334751.0,5,2,0.000000,s5_p2
1779334751.0,5,3,0.118150,s5_p3
1779334751.0,12,4,0.458115,s12_p4
1779334751.0,12,1,0.000000,s12_p1
1779334751.0,12,2,0.000000,s12_p2
1779334751.0,12,3,0.000000,s12_p3
1779334751.0,4,4,0.091612,s4_p4
1779334751.0,4,1,0.118132,s4_p1
1779334751.0,4,2,0.000000,s4_p2
1779334751.0,4,3,0.000000,s4_p3
1779334751.0,17,1,1.000000,s17_p1
1779334751.0,17,4,0.506572,s17_p4
1779334751.0,17,2,0.591001,s17_p2
1779334751.0,17,3,0.000000,s17_p3
1779334751.0,16,1,0.000000,s16_p1
1779334751.0,16,4,0.120562,s16_p4
1779334751.0,16,2,0.069926,s16_p2
1779334751.0,16,3,0.000000,s16_p3
1779334751.0,11,4,0.000000,s11_p4
1779334751.0,11,1,0.000000,s11_p1
1779334751.0,11,2,0.118151,s11_p2
1779334751.0,11,3,1.000000,s11_p3
1779334751.0,9,1,0.091655,s9_p1
1779334751.0,9,4,0.000000,s9_p4
1779334751.0,9,2,0.108539,s9_p2
1779334751.0,9,3,0.000000,s9_p3
1779334752.0,6,1,0.149306,s6_p1
1779334752.0,6,4,0.000000,s6_p4
1779334752.0,6,2,0.000000,s6_p2
1779334752.0,6,3,0.000000,s6_p3
1779334752.0,18,4,0.000000,s18_p4
1779334752.0,18,1,0.000000,s18_p1
1779334752.0,18,2,0.000000,s18_p2
1779334752.0,18,3,0.000000,s18_p3
1779334752.0,12,4,0.458386,s12_p4
1779334752.0,12,1,0.000000,s12_p1
1779334752.0,12,2,0.000000,s12_p2
1779334752.0,12,3,0.000000,s12_p3
1779334752.0,14,4,0.000000,s14_p4
1779334752.0,14,1,0.026507,s14_p1
1779334752.0,14,2,0.000000,s14_p2
1779334752.0,14,3,0.000000,s14_p3
1779334752.0,5,4,0.000000,s5_p4
1779334752.0,5,1,0.026536,s5_p1
1779334752.0,5,2,0.000000,s5_p2
1779334752.0,5,3,0.118205,s5_p3
1779334752.0,20,1,0.458312,s20_p1
1779334752.0,20,4,0.349764,s20_p4
1779334752.0,20,2,0.000000,s20_p2
1779334752.0,20,3,0.132669,s20_p3
1779334752.0,7,1,0.000000,s7_p1
1779334752.0,7,4,0.000000,s7_p4
1779334752.0,7,2,0.101145,s7_p2
1779334752.0,7,3,0.144493,s7_p3
1779334752.0,8,4,0.026487,s8_p4
1779334752.0,8,1,0.069829,s8_p1
1779334752.0,8,2,0.000000,s8_p2
1779334752.0,8,3,0.000000,s8_p3
1779334752.0,17,1,1.000000,s17_p1
1779334752.0,17,4,0.506156,s17_p4
1779334752.0,17,2,0.590516,s17_p2
1779334752.0,17,3,0.000000,s17_p3
1779334752.0,9,1,0.098853,s9_p1
1779334752.0,9,4,0.000000,s9_p4
1779334752.0,9,2,0.101264,s9_p2
1779334752.0,9,3,0.000000,s9_p3
1779334752.0,4,4,0.091583,s4_p4
1779334752.0,4,1,0.118094,s4_p1
1779334752.0,4,2,0.000000,s4_p2
1779334752.0,4,3,0.000000,s4_p3
1779334752.0,15,4,0.000000,s15_p4
1779334752.0,15,1,0.101134,s15_p1
1779334752.0,15,2,0.000000,s15_p2
1779334752.0,15,3,0.722385,s15_p3
1779334752.0,11,4,0.000000,s11_p4
1779334752.0,11,1,0.000000,s11_p1
1779334752.0,11,2,0.118130,s11_p2
1779334752.0,11,3,1.000000,s11_p3
1779334752.0,19,1,0.000000,s19_p1
1779334752.0,19,4,0.000000,s19_p4
1779334752.0,19,2,0.000000,s19_p2
1779334752.0,19,3,0.000000,s19_p3
1779334752.0,16,1,0.000000,s16_p1
1779334752.0,16,4,0.132582,s16_p4
1779334752.0,16,2,0.069907,s16_p2
1779334752.0,16,3,0.000000,s16_p3
1779334752.0,1,4,0.069828,s1_p4
1779334752.0,1,1,0.098722,s1_p1
1779334752.0,1,2,0.000000,s1_p2
1779334752.0,1,3,0.000000,s1_p3
1779334752.0,10,4,0.349075,s10_p4
1779334752.0,10,1,0.000000,s10_p1
1779334752.0,10,2,0.091482,s10_p2
1779334752.0,10,3,0.000000,s10_p3
1779334752.0,2,1,0.101196,s2_p1
1779334752.0,2,4,0.000000,s2_p4
1779334752.0,2,2,0.093968,s2_p2
1779334752.0,2,3,0.000000,s2_p3
1779334752.0,3,4,0.000000,s3_p4
1779334752.0,3,1,0.000000,s3_p1
1779334752.0,3,2,0.000000,s3_p2
1779334752.0,3,3,0.209456,s3_p3
1779334752.0,13,1,0.000000,s13_p1
1779334752.0,13,4,0.000000,s13_p4
1779334752.0,13,2,0.000000,s13_p2
1779334752.0,13,3,0.589701,s13_p3
1779334752.0,1,4,0.070096,s1_p4
1779334752.0,1,1,0.094267,s1_p1
1779334752.0,1,2,0.000000,s1_p2
1779334752.0,1,3,0.000000,s1_p3
1779334752.0,8,4,0.026566,s8_p4
1779334752.0,8,1,0.072452,s8_p1
1779334752.0,8,2,0.000000,s8_p2
1779334752.0,8,3,0.000000,s8_p3
1779334752.0,7,1,0.000000,s7_p1
1779334752.0,7,4,0.000000,s7_p4
1779334752.0,7,2,0.101415,s7_p2
1779334752.0,7,3,0.142465,s7_p3
1779334752.0,3,4,0.000000,s3_p4
1779334752.0,3,1,0.000000,s3_p1
1779334752.0,3,2,0.000000,s3_p2
1779334752.0,3,3,0.210152,s3_p3
1779334752.0,15,4,0.000000,s15_p4
1779334752.0,15,1,0.101426,s15_p1
1779334752.0,15,2,0.000000,s15_p2
1779334752.0,15,3,0.712400,s15_p3
1779334752.0,13,1,0.000000,s13_p1
1779334752.0,13,4,0.000000,s13_p4
1779334752.0,13,2,0.000000,s13_p2
1779334752.0,13,3,0.579187,s13_p3
1779334752.0,6,1,0.146976,s6_p1
1779334752.0,6,4,0.000000,s6_p4
1779334752.0,6,2,0.000000,s6_p2
1779334752.0,6,3,0.000000,s6_p3
1779334752.0,10,4,0.361906,s10_p4
1779334752.0,10,1,0.000000,s10_p1
1779334752.0,10,2,0.091683,s10_p2
1779334752.0,10,3,0.000000,s10_p3
1779334752.0,20,1,0.457882,s20_p1
1779334752.0,20,4,0.361486,s20_p4
1779334752.0,20,2,0.000000,s20_p2
1779334752.0,20,3,0.132545,s20_p3
1779334752.0,5,4,0.000000,s5_p4
1779334752.0,5,1,0.026508,s5_p1
1779334752.0,5,2,0.000000,s5_p2
1779334752.0,5,3,0.115670,s5_p3
1779334752.0,19,1,0.000000,s19_p1
1779334752.0,19,4,0.000000,s19_p4
1779334752.0,19,2,0.000000,s19_p2
1779334752.0,19,3,0.000000,s19_p3
1779334752.0,14,4,0.000000,s14_p4
1779334752.0,14,1,0.026506,s14_p1
1779334752.0,14,2,0.000000,s14_p2
1779334752.0,14,3,0.000000,s14_p3
1779334752.0,12,4,0.469850,s12_p4
1779334752.0,12,1,0.000000,s12_p1
1779334752.0,12,2,0.000000,s12_p2
1779334752.0,12,3,0.000000,s12_p3
1779334752.0,4,4,0.091654,s4_p4
1779334752.0,4,1,0.115774,s4_p1
1779334752.0,4,2,0.000000,s4_p2
1779334752.0,4,3,0.000000,s4_p3
1779334752.0,17,1,1.000000,s17_p1
1779334752.0,17,4,0.506174,s17_p4
1779334752.0,17,2,0.578485,s17_p2
1779334752.0,17,3,0.000000,s17_p3
1779334752.0,9,1,0.094000,s9_p1
1779334752.0,9,4,0.000000,s9_p4
1779334752.0,9,2,0.106051,s9_p2
1779334752.0,9,3,0.000000,s9_p3
1779334752.0,11,4,0.000000,s11_p4
1779334752.0,11,1,0.000000,s11_p1
1779334752.0,11,2,0.115696,s11_p2
1779334752.0,11,3,1.000000,s11_p3
1779334752.0,16,1,0.000000,s16_p1
1779334752.0,16,4,0.132570,s16_p4
1779334752.0,16,2,0.072311,s16_p2
1779334752.0,16,3,0.000000,s16_p3
1779334752.0,2,1,0.106062,s2_p1
1779334752.0,2,4,0.000000,s2_p4
1779334752.0,2,2,0.091599,s2_p2
1779334752.0,2,3,0.000000,s2_p3
1779334752.0,18,4,0.000000,s18_p4
1779334752.0,18,1,0.000000,s18_p1
1779334752.0,18,2,0.000000,s18_p2
1779334752.0,18,3,0.000000,s18_p3
1779334753.0,6,1,0.147589,s6_p1
1779334753.0,6,4,0.000000,s6_p4
1779334753.0,6,2,0.000000,s6_p2
1779334753.0,6,3,0.000000,s6_p3
1779334753.0,1,4,0.072441,s1_p4
1779334753.0,1,1,0.099003,s1_p1
1779334753.0,1,2,0.000000,s1_p2
1779334753.0,1,3,0.000000,s1_p3
1779334753.0,8,4,0.026559,s8_p4
1779334753.0,8,1,0.070020,s8_p1
1779334753.0,8,2,0.000000,s8_p2
1779334753.0,8,3,0.000000,s8_p3
1779334753.0,14,4,0.000000,s14_p4
1779334753.0,14,1,0.026592,s14_p1
1779334753.0,14,2,0.000000,s14_p2
1779334753.0,14,3,0.000000,s14_p3
1779334753.0,15,4,0.000000,s15_p4
1779334753.0,15,1,0.098998,s15_p1
1779334753.0,15,2,0.000000,s15_p2
1779334753.0,15,3,0.712302,s15_p3
1779334753.0,10,4,0.350474,s10_p4
1779334753.0,10,1,0.000000,s10_p1
1779334753.0,10,2,0.091848,s10_p2
1779334753.0,10,3,0.000000,s10_p3
1779334753.0,13,1,0.000000,s13_p1
1779334753.0,13,4,0.000000,s13_p4
1779334753.0,13,2,0.000000,s13_p2
1779334753.0,13,3,0.592097,s13_p3
1779334753.0,3,4,0.000000,s3_p4
1779334753.0,3,1,0.000000,s3_p1
1779334753.0,3,2,0.000000,s3_p2
1779334753.0,3,3,0.207636,s3_p3
1779334753.0,7,1,0.000000,s7_p1
1779334753.0,7,4,0.000000,s7_p4
1779334753.0,7,2,0.101322,s7_p2
1779334753.0,7,3,0.142333,s7_p3
1779334753.0,12,4,0.446803,s12_p4
1779334753.0,12,1,0.000000,s12_p1
1779334753.0,12,2,0.000000,s12_p2
1779334753.0,12,3,0.000000,s12_p3
1779334753.0,5,4,0.000000,s5_p4
1779334753.0,5,1,0.026564,s5_p1
1779334753.0,5,2,0.000000,s5_p2
1779334753.0,5,3,0.118330,s5_p3
1779334753.0,4,4,0.091774,s4_p4
1779334753.0,4,1,0.118340,s4_p1
1779334753.0,4,2,0.000000,s4_p2
1779334753.0,4,3,0.000000,s4_p3
1779334753.0,20,1,0.458799,s20_p1
1779334753.0,20,4,0.350136,s20_p4
1779334753.0,20,2,0.000000,s20_p2
1779334753.0,20,3,0.132810,s20_p3
1779334753.0,2,1,0.101507,s2_p1
1779334753.0,2,4,0.000000,s2_p4
1779334753.0,2,2,0.089423,s2_p2
1779334753.0,2,3,0.000000,s2_p3
1779334753.0,17,1,1.000000,s17_p1
1779334753.0,17,4,0.507433,s17_p4
1779334753.0,17,2,0.592005,s17_p2
1779334753.0,17,3,0.000000,s17_p3
1779334753.0,18,4,0.000000,s18_p4
1779334753.0,18,1,0.000000,s18_p1
1779334753.0,18,2,0.000000,s18_p2
1779334753.0,18,3,0.000000,s18_p3
1779334753.0,19,1,0.000000,s19_p1
1779334753.0,19,4,0.000000,s19_p4
1779334753.0,19,2,0.000000,s19_p2
1779334753.0,19,3,0.000000,s19_p3
1779334753.0,16,1,0.000000,s16_p1
1779334753.0,16,4,0.132848,s16_p4
1779334753.0,16,2,0.070047,s16_p2
1779334753.0,16,3,0.000000,s16_p3
1779334753.0,9,1,0.099023,s9_p1
1779334753.0,9,4,0.000000,s9_p4
1779334753.0,9,2,0.101438,s9_p2
1779334753.0,9,3,0.000000,s9_p3
1779334753.0,11,4,0.000000,s11_p4
1779334753.0,11,1,0.000000,s11_p1
1779334753.0,11,2,0.118344,s11_p2
1779334753.0,11,3,1.000000,s11_p3
1779334753.0,19,1,0.000000,s19_p1
1779334753.0,19,4,0.000000,s19_p4
1779334753.0,19,2,0.000000,s19_p2
1779334753.0,19,3,0.000000,s19_p3
1779334753.0,6,1,0.147479,s6_p1
1779334753.0,6,4,0.000000,s6_p4
1779334753.0,6,2,0.000000,s6_p2
1779334753.0,6,3,0.000000,s6_p3
1779334753.0,13,1,0.000000,s13_p1
1779334753.0,13,4,0.000000,s13_p4
1779334753.0,13,2,0.000000,s13_p2
1779334753.0,13,3,0.592613,s13_p3
1779334753.0,10,4,0.350698,s10_p4
1779334753.0,10,1,0.000000,s10_p1
1779334753.0,10,2,0.091907,s10_p2
1779334753.0,10,3,0.000000,s10_p3
1779334753.0,14,4,0.000000,s14_p4
1779334753.0,14,1,0.024183,s14_p1
1779334753.0,14,2,0.000000,s14_p2
1779334753.0,14,3,0.000000,s14_p3
1779334753.0,1,4,0.070071,s1_p4
1779334753.0,1,1,0.101482,s1_p1
1779334753.0,1,2,0.000000,s1_p2
1779334753.0,1,3,0.000000,s1_p3
1779334753.0,15,4,0.000000,s15_p4
1779334753.0,15,1,0.099151,s15_p1
1779334753.0,15,2,0.000000,s15_p2
1779334753.0,15,3,0.725494,s15_p3
1779334753.0,3,4,0.000000,s3_p4
1779334753.0,3,1,0.000000,s3_p1
1779334753.0,3,2,0.000000,s3_p2
1779334753.0,3,3,0.210398,s3_p3
1779334753.0,18,4,0.000000,s18_p4
1779334753.0,18,1,0.000000,s18_p1
1779334753.0,18,2,0.000000,s18_p2
1779334753.0,18,3,0.000000,s18_p3
1779334753.0,7,1,0.000000,s7_p1
1779334753.0,7,4,0.000000,s7_p4
1779334753.0,7,2,0.096751,s7_p2
1779334753.0,7,3,0.145127,s7_p3
1779334753.0,20,1,0.459635,s20_p1
1779334753.0,20,4,0.350774,s20_p4
1779334753.0,20,2,0.000000,s20_p2
1779334753.0,20,3,0.120957,s20_p3
1779334753.0,4,4,0.091923,s4_p4
1779334753.0,4,1,0.118532,s4_p1
1779334753.0,4,2,0.000000,s4_p2
1779334753.0,4,3,0.000000,s4_p3
1779334753.0,8,4,0.024163,s8_p4
1779334753.0,8,1,0.070072,s8_p1
1779334753.0,8,2,0.000000,s8_p2
1779334753.0,8,3,0.000000,s8_p3
1779334753.0,5,4,0.000000,s5_p4
1779334753.0,5,1,0.024189,s5_p1
1779334753.0,5,2,0.000000,s5_p2
1779334753.0,5,3,0.118525,s5_p3
1779334753.0,12,4,0.459559,s12_p4
1779334753.0,12,1,0.000000,s12_p1
1779334753.0,12,2,0.000000,s12_p2
1779334753.0,12,3,0.000000,s12_p3
1779334753.0,17,1,0.991496,s17_p1
1779334753.0,17,4,0.483656,s17_p4
1779334753.0,17,2,0.592479,s17_p2
1779334753.0,17,3,0.000000,s17_p3
1779334753.0,9,1,0.101617,s9_p1
1779334753.0,9,4,0.000000,s9_p4
1779334753.0,9,2,0.096778,s9_p2
1779334753.0,9,3,0.000000,s9_p3
1779334753.0,11,4,0.000000,s11_p4
1779334753.0,11,1,0.000000,s11_p1
1779334753.0,11,2,0.118553,s11_p2
1779334753.0,11,3,0.991973,s11_p3
1779334753.0,16,1,0.000000,s16_p1
1779334753.0,16,4,0.120962,s16_p4
1779334753.0,16,2,0.070158,s16_p2
1779334753.0,16,3,0.000000,s16_p3
1779334753.0,2,1,0.096713,s2_p1
1779334753.0,2,4,0.000000,s2_p4
1779334753.0,2,2,0.091877,s2_p2
1779334753.0,2,3,0.000000,s2_p3
1779334754.0,19,1,0.000000,s19_p1
1779334754.0,19,4,0.000000,s19_p4
1779334754.0,19,2,0.000000,s19_p2
1779334754.0,19,3,0.000000,s19_p3
1779334754.0,6,1,0.149739,s6_p1
1779334754.0,6,4,0.000000,s6_p4
1779334754.0,6,2,0.000000,s6_p2
1779334754.0,6,3,0.000000,s6_p3
1779334754.0,1,4,0.070024,s1_p4
1779334754.0,1,1,0.099000,s1_p1
1779334754.0,1,2,0.000000,s1_p2
1779334754.0,1,3,0.000000,s1_p3
1779334754.0,10,4,0.350063,s10_p4
1779334754.0,10,1,0.000000,s10_p1
1779334754.0,10,2,0.091741,s10_p2
1779334754.0,10,3,0.000000,s10_p3
1779334754.0,14,4,0.000000,s14_p4
1779334754.0,14,1,0.026547,s14_p1
1779334754.0,14,2,0.000000,s14_p2
1779334754.0,14,3,0.000000,s14_p3
1779334754.0,15,4,0.000000,s15_p4
1779334754.0,15,1,0.103772,s15_p1
1779334754.0,15,2,0.000000,s15_p2
1779334754.0,15,3,0.711924,s15_p3
1779334754.0,8,4,0.026565,s8_p4
1779334754.0,8,1,0.070034,s8_p1
1779334754.0,8,2,0.000000,s8_p2
1779334754.0,8,3,0.000000,s8_p3
1779334754.0,3,4,0.000000,s3_p4
1779334754.0,3,1,0.000000,s3_p1
1779334754.0,3,2,0.000000,s3_p2
1779334754.0,3,3,0.209955,s3_p3
1779334754.0,7,1,0.000000,s7_p1
1779334754.0,7,4,0.000000,s7_p4
1779334754.0,7,2,0.103757,s7_p2
1779334754.0,7,3,0.142364,s7_p3
1779334754.0,20,1,0.458432,s20_p1
1779334754.0,20,4,0.349856,s20_p4
1779334754.0,20,2,0.000000,s20_p2
1779334754.0,20,3,0.132704,s20_p3
1779334754.0,5,4,0.000000,s5_p4
1779334754.0,5,1,0.026541,s5_p1
1779334754.0,5,2,0.000000,s5_p2
1779334754.0,5,3,0.115817,s5_p3
1779334754.0,13,1,0.000000,s13_p1
1779334754.0,13,4,0.000000,s13_p4
1779334754.0,13,2,0.000000,s13_p2
1779334754.0,13,3,0.578549,s13_p3
1779334754.0,18,4,0.000000,s18_p4
1779334754.0,18,1,0.000000,s18_p1
1779334754.0,18,2,0.000000,s18_p2
1779334754.0,18,3,0.000000,s18_p3
1779334754.0,12,4,0.458401,s12_p4
1779334754.0,12,1,0.000000,s12_p1
1779334754.0,12,2,0.000000,s12_p2
1779334754.0,12,3,0.000000,s12_p3
1779334754.0,4,4,0.091668,s4_p4
1779334754.0,4,1,0.115792,s4_p1
1779334754.0,4,2,0.000000,s4_p2
1779334754.0,4,3,0.000000,s4_p3
1779334754.0,11,4,0.000000,s11_p4
1779334754.0,11,1,0.000000,s11_p1
1779334754.0,11,2,0.115800,s11_p2
1779334754.0,11,3,1.000000,s11_p3
1779334754.0,17,1,1.000000,s17_p1
1779334754.0,17,4,0.518607,s17_p4
1779334754.0,17,2,0.578910,s17_p2
1779334754.0,17,3,0.000000,s17_p3
1779334754.0,16,1,0.000000,s16_p1
1779334754.0,16,4,0.132678,s16_p4
1779334754.0,16,2,0.069958,s16_p2
1779334754.0,16,3,0.000000,s16_p3
1779334754.0,9,1,0.098898,s9_p1
1779334754.0,9,4,0.000000,s9_p4
1779334754.0,9,2,0.101310,s9_p2
1779334754.0,9,3,0.000000,s9_p3
1779334754.0,2,1,0.101315,s2_p1
1779334754.0,2,4,0.000000,s2_p4
1779334754.0,2,2,0.091666,s2_p2
1779334754.0,2,3,0.000000,s2_p3
1779334754.0,6,1,0.147654,s6_p1
1779334754.0,6,4,0.000000,s6_p4
1779334754.0,6,2,0.000000,s6_p2
1779334754.0,6,3,0.000000,s6_p3
1779334754.0,19,1,0.000000,s19_p1
1779334754.0,19,4,0.000000,s19_p4
1779334754.0,19,2,0.000000,s19_p2
1779334754.0,19,3,0.000000,s19_p3
1779334754.0,10,4,0.351094,s10_p4
1779334754.0,10,1,0.000000,s10_p1
1779334754.0,10,2,0.092011,s10_p2
1779334754.0,10,3,0.000000,s10_p3
1779334754.0,1,4,0.070208,s1_p4
1779334754.0,1,1,0.099259,s1_p1
1779334754.0,1,2,0.000000,s1_p2
1779334754.0,1,3,0.000000,s1_p3
1779334754.0,3,4,0.000000,s3_p4
1779334754.0,3,1,0.000000,s3_p1
1779334754.0,3,2,0.000000,s3_p2
1779334754.0,3,3,0.208322,s3_p3
1779334754.0,14,4,0.000000,s14_p4
1779334754.0,14,1,0.026642,s14_p1
1779334754.0,14,2,0.000000,s14_p2
1779334754.0,14,3,0.000000,s14_p3
1779334754.0,15,4,0.000000,s15_p4
1779334754.0,15,1,0.101721,s15_p1
1779334754.0,15,2,0.000000,s15_p2
1779334754.0,15,3,0.714468,s15_p3
1779334754.0,8,4,0.026641,s8_p4
1779334754.0,8,1,0.070236,s8_p1
1779334754.0,8,2,0.000000,s8_p2
1779334754.0,8,3,0.000000,s8_p3
1779334754.0,13,1,0.000000,s13_p1
1779334754.0,13,4,0.000000,s13_p4
1779334754.0,13,2,0.000000,s13_p2
1779334754.0,13,3,0.593889,s13_p3
1779334754.0,20,1,0.460205,s20_p1
1779334754.0,20,4,0.351209,s20_p4
1779334754.0,20,2,0.000000,s20_p2
1779334754.0,20,3,0.133217,s20_p3
1779334754.0,7,1,0.000000,s7_p1
1779334754.0,7,4,0.000000,s7_p4
1779334754.0,7,2,0.101713,s7_p2
1779334754.0,7,3,0.142882,s7_p3
1779334754.0,17,1,1.000000,s17_p1
1779334754.0,17,4,0.508961,s17_p4
1779334754.0,17,2,0.593788,s17_p2
1779334754.0,17,3,0.000000,s17_p3
1779334754.0,11,4,0.000000,s11_p4
1779334754.0,11,1,0.000000,s11_p1
1779334754.0,11,2,0.118747,s11_p2
1779334754.0,11,3,1.000000,s11_p3
1779334754.0,16,1,0.000000,s16_p1
1779334754.0,16,4,0.133294,s16_p4
1779334754.0,16,2,0.070282,s16_p2
1779334754.0,16,3,0.000000,s16_p3
1779334754.0,12,4,0.460181,s12_p4
1779334754.0,12,1,0.000000,s12_p1
1779334754.0,12,2,0.000000,s12_p2
1779334754.0,12,3,0.000000,s12_p3
1779334754.0,5,4,0.000000,s5_p4
1779334754.0,5,1,0.026638,s5_p1
1779334754.0,5,2,0.000000,s5_p2
1779334754.0,5,3,0.118662,s5_p3
1779334754.0,18,4,0.000000,s18_p4
1779334754.0,18,1,0.000000,s18_p1
1779334754.0,18,2,0.000000,s18_p2
1779334754.0,18,3,0.000000,s18_p3
1779334754.0,4,4,0.092037,s4_p4
1779334754.0,4,1,0.118679,s4_p1
1779334754.0,4,2,0.000000,s4_p2
1779334754.0,4,3,0.000000,s4_p3
1779334754.0,2,1,0.101784,s2_p1
1779334754.0,2,4,0.000000,s2_p4
1779334754.0,2,2,0.092090,s2_p2
1779334754.0,2,3,0.000000,s2_p3
1779334754.0,9,1,0.099341,s9_p1
1779334754.0,9,4,0.000000,s9_p4
1779334754.0,9,2,0.101764,s9_p2
1779334754.0,9,3,0.000000,s9_p3
1779334755.0,6,1,0.147162,s6_p1
1779334755.0,6,4,0.000000,s6_p4
1779334755.0,6,2,0.000000,s6_p2
1779334755.0,6,3,0.000000,s6_p3
1779334755.0,14,4,0.000000,s14_p4
1779334755.0,14,1,0.024142,s14_p1
1779334755.0,14,2,0.000000,s14_p2
1779334755.0,14,3,0.000000,s14_p3
1779334755.0,19,1,0.000000,s19_p1
1779334755.0,19,4,0.000000,s19_p4
1779334755.0,19,2,0.000000,s19_p2
1779334755.0,19,3,0.000000,s19_p3
1779334755.0,1,4,0.070002,s1_p4
1779334755.0,1,1,0.098969,s1_p1
1779334755.0,1,2,0.000000,s1_p2
1779334755.0,1,3,0.000000,s1_p3
1779334755.0,8,4,0.024131,s8_p4
1779334755.0,8,1,0.069981,s8_p1
1779334755.0,8,2,0.000000,s8_p2
1779334755.0,8,3,0.000000,s8_p3
1779334755.0,7,1,0.000000,s7_p1
1779334755.0,7,4,0.000000,s7_p4
1779334755.0,7,2,0.101426,s7_p2
1779334755.0,7,3,0.144894,s7_p3
1779334755.0,10,4,0.349761,s10_p4
1779334755.0,10,1,0.000000,s10_p1
1779334755.0,10,2,0.091662,s10_p2
1779334755.0,10,3,0.000000,s10_p3
1779334755.0,3,4,0.000000,s3_p4
1779334755.0,3,1,0.000000,s3_p1
1779334755.0,3,2,0.000000,s3_p2
1779334755.0,3,3,0.209877,s3_p3
1779334755.0,15,4,0.000000,s15_p4
1779334755.0,15,1,0.101330,s15_p1
1779334755.0,15,2,0.000000,s15_p2
1779334755.0,15,3,0.723784,s15_p3
1779334755.0,20,1,0.458755,s20_p1
1779334755.0,20,4,0.350102,s20_p4
1779334755.0,20,2,0.000000,s20_p2
1779334755.0,20,3,0.132797,s20_p3
1779334755.0,13,1,0.000000,s13_p1
1779334755.0,13,4,0.000000,s13_p4
1779334755.0,13,2,0.000000,s13_p2
1779334755.0,13,3,0.591113,s13_p3
1779334755.0,12,4,0.458484,s12_p4
1779334755.0,12,1,0.000000,s12_p1
1779334755.0,12,2,0.000000,s12_p2
1779334755.0,12,3,0.000000,s12_p3
1779334755.0,16,1,0.000000,s16_p1
1779334755.0,16,4,0.132705,s16_p4
1779334755.0,16,2,0.069972,s16_p2
1779334755.0,16,3,0.000000,s16_p3
1779334755.0,4,4,0.091693,s4_p4
1779334755.0,4,1,0.118236,s4_p1
1779334755.0,4,2,0.000000,s4_p2
1779334755.0,4,3,0.000000,s4_p3
1779334755.0,5,4,0.000000,s5_p4
1779334755.0,5,1,0.026541,s5_p1
1779334755.0,5,2,0.000000,s5_p2
1779334755.0,5,3,0.118228,s5_p3
1779334755.0,2,1,0.101342,s2_p1
1779334755.0,2,4,0.000000,s2_p4
1779334755.0,2,2,0.091691,s2_p2
1779334755.0,2,3,0.000000,s2_p3
1779334755.0,17,1,1.000000,s17_p1
1779334755.0,17,4,0.506609,s17_p4
1779334755.0,17,2,0.591044,s17_p2
1779334755.0,17,3,0.000000,s17_p3
1779334755.0,18,4,0.000000,s18_p4
1779334755.0,18,1,0.000000,s18_p1
1779334755.0,18,2,0.000000,s18_p2
1779334755.0,18,3,0.000000,s18_p3
1779334755.0,11,4,0.000000,s11_p4
1779334755.0,11,1,0.000000,s11_p1
1779334755.0,11,2,0.118185,s11_p2
1779334755.0,11,3,1.000000,s11_p3
1779334755.0,9,1,0.098915,s9_p1
1779334755.0,9,4,0.000000,s9_p4
1779334755.0,9,2,0.101328,s9_p2
1779334755.0,9,3,0.000000,s9_p3
1779334755.0,19,1,0.000000,s19_p1
1779334755.0,19,4,0.000000,s19_p4
1779334755.0,19,2,0.000000,s19_p2
1779334755.0,19,3,0.000000,s19_p3
1779334755.0,6,1,0.147156,s6_p1
1779334755.0,6,4,0.000000,s6_p4
1779334755.0,6,2,0.000000,s6_p2
1779334755.0,6,3,0.000000,s6_p3
1779334755.0,10,4,0.350066,s10_p4
1779334755.0,10,1,0.000000,s10_p1
1779334755.0,10,2,0.091742,s10_p2
1779334755.0,10,3,0.000000,s10_p3
1779334755.0,14,4,0.000000,s14_p4
1779334755.0,14,1,0.026528,s14_p1
1779334755.0,14,2,0.000000,s14_p2
1779334755.0,14,3,0.000000,s14_p3
1779334755.0,8,4,0.026542,s8_p4
1779334755.0,8,1,0.069973,s8_p1
1779334755.0,8,2,0.000000,s8_p2
1779334755.0,8,3,0.000000,s8_p3
1779334755.0,15,4,0.000000,s15_p4
1779334755.0,15,1,0.098942,s15_p1
1779334755.0,15,2,0.000000,s15_p2
1779334755.0,15,3,0.711901,s15_p3
1779334755.0,1,4,0.069933,s1_p4
1779334755.0,1,1,0.096460,s1_p1
1779334755.0,1,2,0.000000,s1_p2
1779334755.0,1,3,0.000000,s1_p3
1779334755.0,3,4,0.000000,s3_p4
1779334755.0,3,1,0.000000,s3_p1
1779334755.0,3,2,0.000000,s3_p2
1779334755.0,3,3,0.209868,s3_p3
1779334755.0,4,4,0.091747,s4_p4
1779334755.0,4,1,0.115891,s4_p1
1779334755.0,4,2,0.000000,s4_p2
1779334755.0,4,3,0.000000,s4_p3
1779334755.0,13,1,0.000000,s13_p1
1779334755.0,13,4,0.000000,s13_p4
1779334755.0,13,2,0.000000,s13_p2
1779334755.0,13,3,0.578928,s13_p3
1779334755.0,7,1,0.000000,s7_p1
1779334755.0,7,4,0.000000,s7_p4
1779334755.0,7,2,0.101291,s7_p2
1779334755.0,7,3,0.142290,s7_p3
1779334755.0,5,4,0.000000,s5_p4
1779334755.0,5,1,0.024127,s5_p1
1779334755.0,5,2,0.000000,s5_p2
1779334755.0,5,3,0.115810,s5_p3
1779334755.0,16,1,0.000000,s16_p1
1779334755.0,16,4,0.120621,s16_p4
1779334755.0,16,2,0.069960,s16_p2
1779334755.0,16,3,0.000000,s16_p3
1779334755.0,12,4,0.458307,s12_p4
1779334755.0,12,1,0.000000,s12_p1
1779334755.0,12,2,0.000000,s12_p2
1779334755.0,12,3,0.000000,s12_p3
1779334755.0,2,1,0.103735,s2_p1
1779334755.0,2,4,0.000000,s2_p4
1779334755.0,2,2,0.091673,s2_p2
1779334755.0,2,3,0.000000,s2_p3
1779334755.0,18,4,0.000000,s18_p4
1779334755.0,18,1,0.000000,s18_p1
1779334755.0,18,2,0.000000,s18_p2
1779334755.0,18,3,0.000000,s18_p3
1779334755.0,20,1,0.457894,s20_p1
1779334755.0,20,4,0.349445,s20_p4
1779334755.0,20,2,0.000000,s20_p2
1779334755.0,20,3,0.120498,s20_p3
1779334755.0,17,1,1.000000,s17_p1
1779334755.0,17,4,0.506433,s17_p4
1779334755.0,17,2,0.578780,s17_p2
1779334755.0,17,3,0.000000,s17_p3
1779334755.0,9,1,0.096485,s9_p1
1779334755.0,9,4,0.000000,s9_p4
1779334755.0,9,2,0.103721,s9_p2
1779334755.0,9,3,0.000000,s9_p3
1779334755.0,11,4,0.000000,s11_p4
1779334755.0,11,1,0.000000,s11_p1
1779334755.0,11,2,0.115772,s11_p2
1779334755.0,11,3,1.000000,s11_p3
1779334756.0,19,1,0.000000,s19_p1
1779334756.0,19,4,0.000000,s19_p4
1779334756.0,19,2,0.000000,s19_p2
1779334756.0,19,3,0.000000,s19_p3
1779334756.0,1,4,0.070087,s1_p4
1779334756.0,1,1,0.099088,s1_p1
1779334756.0,1,2,0.000000,s1_p2
1779334756.0,1,3,0.000000,s1_p3
1779334756.0,14,4,0.000000,s14_p4
1779334756.0,14,1,0.026578,s14_p1
1779334756.0,14,2,0.000000,s14_p2
1779334756.0,14,3,0.000000,s14_p3
1779334756.0,10,4,0.350201,s10_p4
1779334756.0,10,1,0.000000,s10_p1
1779334756.0,10,2,0.091777,s10_p2
1779334756.0,10,3,0.000000,s10_p3
1779334756.0,6,1,0.147308,s6_p1
1779334756.0,6,4,0.000000,s6_p4
1779334756.0,6,2,0.000000,s6_p2
1779334756.0,6,3,0.000000,s6_p3
1779334756.0,15,4,0.000000,s15_p4
1779334756.0,15,1,0.101480,s15_p1
1779334756.0,15,2,0.000000,s15_p2
1779334756.0,15,3,0.724855,s15_p3
1779334756.0,3,4,0.000000,s3_p4
1779334756.0,3,1,0.000000,s3_p1
1779334756.0,3,2,0.000000,s3_p2
1779334756.0,3,3,0.207865,s3_p3
1779334756.0,12,4,0.459253,s12_p4
1779334756.0,12,1,0.000000,s12_p1
1779334756.0,12,2,0.000000,s12_p2
1779334756.0,12,3,0.000000,s12_p3
1779334756.0,20,1,0.459266,s20_p1
1779334756.0,20,4,0.350492,s20_p4
1779334756.0,20,2,0.000000,s20_p2
1779334756.0,20,3,0.132945,s20_p3
1779334756.0,8,4,0.026550,s8_p4
1779334756.0,8,1,0.069996,s8_p1
1779334756.0,8,2,0.000000,s8_p2
1779334756.0,8,3,0.000000,s8_p3
1779334756.0,13,1,0.000000,s13_p1
1779334756.0,13,4,0.000000,s13_p4
1779334756.0,13,2,0.000000,s13_p2
1779334756.0,13,3,0.591627,s13_p3
1779334756.0,4,4,0.091757,s4_p4
1779334756.0,4,1,0.118319,s4_p1
1779334756.0,4,2,0.000000,s4_p2
1779334756.0,4,3,0.000000,s4_p3
1779334756.0,5,4,0.000000,s5_p4
1779334756.0,5,1,0.026580,s5_p1
1779334756.0,5,2,0.000000,s5_p2
1779334756.0,5,3,0.118401,s5_p3
1779334756.0,18,4,0.000000,s18_p4
1779334756.0,18,1,0.000000,s18_p1
1779334756.0,18,2,0.000000,s18_p2
1779334756.0,18,3,0.000000,s18_p3
1779334756.0,7,1,0.000000,s7_p1
1779334756.0,7,4,0.000000,s7_p4
1779334756.0,7,2,0.099008,s7_p2
1779334756.0,7,3,0.144889,s7_p3
1779334756.0,11,4,0.000000,s11_p4
1779334756.0,11,1,0.000000,s11_p1
1779334756.0,11,2,0.118406,s11_p2
1779334756.0,11,3,0.990747,s11_p3
1779334756.0,9,1,0.099064,s9_p1
1779334756.0,9,4,0.000000,s9_p4
1779334756.0,9,2,0.099064,s9_p2
1779334756.0,9,3,0.000000,s9_p3
1779334756.0,16,1,0.000000,s16_p1
1779334756.0,16,4,0.132820,s16_p4
1779334756.0,16,2,0.070032,s16_p2
1779334756.0,16,3,0.000000,s16_p3
1779334756.0,17,1,0.990525,s17_p1
1779334756.0,17,4,0.495262,s17_p4
1779334756.0,17,2,0.591899,s17_p2
1779334756.0,17,3,0.000000,s17_p3
1779334756.0,2,1,0.099012,s2_p1
1779334756.0,2,4,0.000000,s2_p4
1779334756.0,2,2,0.091767,s2_p2
1779334756.0,2,3,0.000000,s2_p3
1779334756.0,19,1,0.000000,s19_p1
1779334756.0,19,4,0.000000,s19_p4
1779334756.0,19,2,0.000000,s19_p2
1779334756.0,19,3,0.000000,s19_p3
1779334756.0,10,4,0.349528,s10_p4
1779334756.0,10,1,0.000000,s10_p1
1779334756.0,10,2,0.091601,s10_p2
1779334756.0,10,3,0.000000,s10_p3
1779334756.0,1,4,0.069889,s1_p4
1779334756.0,1,1,0.098808,s1_p1
1779334756.0,1,2,0.000000,s1_p2
1779334756.0,1,3,0.000000,s1_p3
1779334756.0,3,4,0.000000,s3_p4
1779334756.0,3,1,0.000000,s3_p1
1779334756.0,3,2,0.000000,s3_p2
1779334756.0,3,3,0.209711,s3_p3
1779334756.0,6,1,0.147029,s6_p1
1779334756.0,6,4,0.000000,s6_p4
1779334756.0,6,2,0.000000,s6_p2
1779334756.0,6,3,0.000000,s6_p3
1779334756.0,15,4,0.000000,s15_p4
1779334756.0,15,1,0.101232,s15_p1
1779334756.0,15,2,0.000000,s15_p2
1779334756.0,15,3,0.711032,s15_p3
1779334756.0,14,4,0.000000,s14_p4
1779334756.0,14,1,0.026510,s14_p1
1779334756.0,14,2,0.000000,s14_p2
1779334756.0,14,3,0.000000,s14_p3
1779334756.0,8,4,0.026538,s8_p4
1779334756.0,8,1,0.069963,s8_p1
1779334756.0,8,2,0.000000,s8_p2
1779334756.0,8,3,0.000000,s8_p3
1779334756.0,12,4,0.457985,s12_p4
1779334756.0,12,1,0.000000,s12_p1
1779334756.0,12,2,0.000000,s12_p2
1779334756.0,12,3,0.000000,s12_p3
1779334756.0,4,4,0.091607,s4_p4
1779334756.0,4,1,0.118125,s4_p1
1779334756.0,4,2,0.000000,s4_p2
1779334756.0,4,3,0.000000,s4_p3
1779334756.0,5,4,0.000000,s5_p4
1779334756.0,5,1,0.026518,s5_p1
1779334756.0,5,2,0.000000,s5_p2
1779334756.0,5,3,0.118124,s5_p3
1779334756.0,17,1,1.000000,s17_p1
1779334756.0,17,4,0.506582,s17_p4
1779334756.0,17,2,0.591013,s17_p2
1779334756.0,17,3,0.000000,s17_p3
1779334756.0,18,4,0.000000,s18_p4
1779334756.0,18,1,0.000000,s18_p1
1779334756.0,18,2,0.000000,s18_p2
1779334756.0,18,3,0.000000,s18_p3
1779334756.0,7,1,0.000000,s7_p1
1779334756.0,7,4,0.000000,s7_p4
1779334756.0,7,2,0.101243,s7_p2
1779334756.0,7,3,0.142223,s7_p3
1779334756.0,16,1,0.000000,s16_p1
1779334756.0,16,4,0.132659,s16_p4
1779334756.0,16,2,0.069948,s16_p2
1779334756.0,16,3,0.000000,s16_p3
1779334756.0,13,1,0.000000,s13_p1
1779334756.0,13,4,0.000000,s13_p4
1779334756.0,13,2,0.000000,s13_p2
1779334756.0,13,3,0.590502,s13_p3
1779334756.0,20,1,0.457882,s20_p1
1779334756.0,20,4,0.349437,s20_p4
1779334756.0,20,2,0.000000,s20_p2
1779334756.0,20,3,0.132545,s20_p3
1779334756.0,11,4,0.000000,s11_p4
1779334756.0,11,1,0.000000,s11_p1
1779334756.0,11,2,0.118133,s11_p2
1779334756.0,11,3,1.000000,s11_p3
1779334756.0,2,1,0.101268,s2_p1
1779334756.0,2,4,0.000000,s2_p4
1779334756.0,2,2,0.091624,s2_p2
1779334756.0,2,3,0.000000,s2_p3
1779334756.0,9,1,0.098845,s9_p1
1779334756.0,9,4,0.000000,s9_p4
1779334756.0,9,2,0.101256,s9_p2
1779334756.0,9,3,0.000000,s9_p3
1779334757.0,1,4,0.070079,s1_p4
1779334757.0,1,1,0.099077,s1_p1
1779334757.0,1,2,0.000000,s1_p2
1779334757.0,1,3,0.000000,s1_p3
1779334757.0,6,1,0.149798,s6_p1
1779334757.0,6,4,0.000000,s6_p4
1779334757.0,6,2,0.000000,s6_p2
1779334757.0,6,3,0.000000,s6_p3
1779334757.0,3,4,0.000000,s3_p4
1779334757.0,3,1,0.000000,s3_p1
1779334757.0,3,2,0.000000,s3_p2
1779334757.0,3,3,0.210080,s3_p3
1779334757.0,14,4,0.000000,s14_p4
1779334757.0,14,1,0.024147,s14_p1
1779334757.0,14,2,0.000000,s14_p2
1779334757.0,14,3,0.000000,s14_p3
1779334757.0,15,4,0.000000,s15_p4
1779334757.0,15,1,0.098997,s15_p1
1779334757.0,15,2,0.000000,s15_p2
1779334757.0,15,3,0.724371,s15_p3
1779334757.0,8,4,0.024147,s8_p4
1779334757.0,8,1,0.070027,s8_p1
1779334757.0,8,2,0.000000,s8_p2
1779334757.0,8,3,0.000000,s8_p3
1779334757.0,10,4,0.349862,s10_p4
1779334757.0,10,1,0.000000,s10_p1
1779334757.0,10,2,0.091688,s10_p2
1779334757.0,10,3,0.000000,s10_p3
1779334757.0,20,1,0.458991,s20_p1
1779334757.0,20,4,0.350283,s20_p4
1779334757.0,20,2,0.000000,s20_p2
1779334757.0,20,3,0.120787,s20_p3
1779334757.0,7,1,0.000000,s7_p1
1779334757.0,7,4,0.000000,s7_p4
1779334757.0,7,2,0.099032,s7_p2
1779334757.0,7,3,0.144925,s7_p3
1779334757.0,13,1,0.000000,s13_p1
1779334757.0,13,4,0.000000,s13_p4
1779334757.0,13,2,0.000000,s13_p2
1779334757.0,13,3,0.591800,s13_p3
1779334757.0,5,4,0.000000,s5_p4
1779334757.0,5,1,0.024151,s5_p1
1779334757.0,5,2,0.000000,s5_p2
1779334757.0,5,3,0.118339,s5_p3
1779334757.0,18,4,0.000000,s18_p4
1779334757.0,18,1,0.000000,s18_p1
1779334757.0,18,2,0.000000,s18_p2
1779334757.0,18,3,0.000000,s18_p3
1779334757.0,16,1,0.000000,s16_p1
1779334757.0,16,4,0.120687,s16_p4
1779334757.0,16,2,0.069999,s16_p2
1779334757.0,16,3,0.000000,s16_p3
1779334757.0,12,4,0.458488,s12_p4
1779334757.0,12,1,0.000000,s12_p1
1779334757.0,12,2,0.000000,s12_p2
1779334757.0,12,3,0.000000,s12_p3
1779334757.0,17,1,1.000000,s17_p1
1779334757.0,17,4,0.494738,s17_p4
1779334757.0,17,2,0.591273,s17_p2
1779334757.0,17,3,0.000000,s17_p3
1779334757.0,11,4,0.000000,s11_p4
1779334757.0,11,1,0.000000,s11_p1
1779334757.0,11,2,0.118300,s11_p2
1779334757.0,11,3,1.000000,s11_p3
1779334757.0,4,4,0.091694,s4_p4
1779334757.0,4,1,0.118236,s4_p1
1779334757.0,4,2,0.000000,s4_p2
1779334757.0,4,3,0.000000,s4_p3
1779334757.0,9,1,0.098988,s9_p1
1779334757.0,9,4,0.000000,s9_p4
1779334757.0,9,2,0.101403,s9_p2
1779334757.0,9,3,0.000000,s9_p3
1779334757.0,2,1,0.101396,s2_p1
1779334757.0,2,4,0.000000,s2_p4
1779334757.0,2,2,0.091740,s2_p2
1779334757.0,2,3,0.000000,s2_p3
1779334757.0,19,1,0.000000,s19_p1
1779334757.0,19,4,0.000000,s19_p4
1779334757.0,19,2,0.000000,s19_p2
1779334757.0,19,3,0.000000,s19_p3
1779334757.0,1,4,0.070109,s1_p4
1779334757.0,1,1,0.101537,s1_p1
1779334757.0,1,2,0.000000,s1_p2
1779334757.0,1,3,0.000000,s1_p3
1779334757.0,10,4,0.350817,s10_p4
1779334757.0,10,1,0.000000,s10_p1
1779334757.0,10,2,0.091938,s10_p2
1779334757.0,10,3,0.000000,s10_p3
1779334757.0,3,4,0.000000,s3_p4
1779334757.0,3,1,0.000000,s3_p1
1779334757.0,3,2,0.000000,s3_p2
1779334757.0,3,3,0.207916,s3_p3
1779334757.0,15,4,0.000000,s15_p4
1779334757.0,15,1,0.101549,s15_p1
1779334757.0,15,2,0.000000,s15_p2
1779334757.0,15,3,0.713261,s15_p3
1779334757.0,14,4,0.000000,s14_p4
1779334757.0,14,1,0.026593,s14_p1
1779334757.0,14,2,0.000000,s14_p2
1779334757.0,14,3,0.000000,s14_p3
1779334757.0,20,1,0.459453,s20_p1
1779334757.0,20,4,0.350635,s20_p4
1779334757.0,20,2,0.000000,s20_p2
1779334757.0,20,3,0.133000,s20_p3
1779334757.0,7,1,0.000000,s7_p1
1779334757.0,7,4,0.000000,s7_p4
1779334757.0,7,2,0.101560,s7_p2
1779334757.0,7,3,0.142668,s7_p3
1779334757.0,4,4,0.091966,s4_p4
1779334757.0,4,1,0.116168,s4_p1
1779334757.0,4,2,0.000000,s4_p2
1779334757.0,4,3,0.000000,s4_p3
1779334757.0,13,1,0.000000,s13_p1
1779334757.0,13,4,0.000000,s13_p4
1779334757.0,13,2,0.000000,s13_p2
1779334757.0,13,3,0.580327,s13_p3
1779334757.0,8,4,0.026580,s8_p4
1779334757.0,8,1,0.070076,s8_p1
1779334757.0,8,2,0.000000,s8_p2
1779334757.0,8,3,0.000000,s8_p3
1779334757.0,16,1,0.000000,s16_p1
1779334757.0,16,4,0.133036,s16_p4
1779334757.0,16,2,0.070146,s16_p2
1779334757.0,16,3,0.000000,s16_p3
1779334757.0,5,4,0.000000,s5_p4
1779334757.0,5,1,0.026587,s5_p1
1779334757.0,5,2,0.000000,s5_p2
1779334757.0,5,3,0.116018,s5_p3
1779334757.0,12,4,0.459505,s12_p4
1779334757.0,12,1,0.000000,s12_p1
1779334757.0,12,2,0.000000,s12_p2
1779334757.0,12,3,0.000000,s12_p3
1779334757.0,17,1,1.000000,s17_p1
1779334757.0,17,4,0.507870,s17_p4
1779334757.0,17,2,0.580422,s17_p2
1779334757.0,17,3,0.000000,s17_p3
1779334757.0,18,4,0.000000,s18_p4
1779334757.0,18,1,0.000000,s18_p1
1779334757.0,18,2,0.000000,s18_p2
1779334757.0,18,3,0.000000,s18_p3
1779334757.0,2,1,0.099141,s2_p1
1779334757.0,2,4,0.000000,s2_p4
1779334757.0,2,2,0.091886,s2_p2
1779334757.0,2,3,0.000000,s2_p3
1779334757.0,11,4,0.000000,s11_p4
1779334757.0,11,1,0.000000,s11_p1
1779334757.0,11,2,0.116050,s11_p2
1779334757.0,11,3,1.000000,s11_p3
1779334757.0,9,1,0.101546,s9_p1
1779334757.0,9,4,0.000000,s9_p4
1779334757.0,9,2,0.099129,s9_p2
1779334757.0,9,3,0.000000,s9_p3
1779334757.0,6,1,0.147129,s6_p1
1779334757.0,6,4,0.000000,s6_p4
1779334757.0,6,2,0.000000,s6_p2
1779334757.0,6,3,0.000000,s6_p3
1779334757.0,19,1,0.000000,s19_p1
1779334757.0,19,4,0.000000,s19_p4
1779334757.0,19,2,0.000000,s19_p2
1779334757.0,19,3,0.000000,s19_p3
1779334758.0,19,1,0.000000,s19_p1
1779334758.0,19,4,0.000000,s19_p4
1779334758.0,19,2,0.000000,s19_p2
1779334758.0,19,3,0.000000,s19_p3
1779334758.0,6,1,0.145201,s6_p1
1779334758.0,6,4,0.000000,s6_p4
1779334758.0,6,2,0.000000,s6_p2
1779334758.0,6,3,0.000000,s6_p3
1779334758.0,8,4,0.024098,s8_p4
1779334758.0,8,1,0.066269,s8_p1
1779334758.0,8,2,0.000000,s8_p2
1779334758.0,8,3,0.000000,s8_p3
1779334758.0,3,4,0.000000,s3_p4
1779334758.0,3,1,0.000000,s3_p1
1779334758.0,3,2,0.000000,s3_p2
1779334758.0,3,3,0.210482,s3_p3
1779334758.0,15,4,0.000000,s15_p4
1779334758.0,15,1,0.186419,s15_p1
1779334758.0,15,2,0.000000,s15_p2
1779334758.0,15,3,0.721624,s15_p3
1779334758.0,14,4,0.000000,s14_p4
1779334758.0,14,1,0.024055,s14_p1
1779334758.0,14,2,0.000000,s14_p2
1779334758.0,14,3,0.000000,s14_p3
1779334758.0,10,4,0.330590,s10_p4
1779334758.0,10,1,0.000000,s10_p1
1779334758.0,10,2,0.090161,s10_p2
1779334758.0,10,3,0.000000,s10_p3
1779334758.0,1,4,0.066005,s1_p4
1779334758.0,1,1,0.264021,s1_p1
1779334758.0,1,2,0.000000,s1_p2
1779334758.0,1,3,0.000000,s1_p3
1779334758.0,12,4,0.451585,s12_p4
1779334758.0,12,1,0.000000,s12_p1
1779334758.0,12,2,0.000000,s12_p2
1779334758.0,12,3,0.000000,s12_p3
1779334758.0,4,4,0.090170,s4_p4
1779334758.0,4,1,0.120227,s4_p1
1779334758.0,4,2,0.000000,s4_p2
1779334758.0,4,3,0.000000,s4_p3
1779334758.0,20,1,0.450716,s20_p1
1779334758.0,20,4,0.330525,s20_p4
1779334758.0,20,2,0.000000,s20_p2
1779334758.0,20,3,0.120191,s20_p3
1779334758.0,7,1,0.000000,s7_p1
1779334758.0,7,4,0.000000,s7_p4
1779334758.0,7,2,0.186312,s7_p2
1779334758.0,7,3,0.144242,s7_p3
1779334758.0,18,4,0.000000,s18_p4
1779334758.0,18,1,0.000000,s18_p1
1779334758.0,18,2,0.000000,s18_p2
1779334758.0,18,3,0.000000,s18_p3
1779334758.0,13,1,0.000000,s13_p1
1779334758.0,13,4,0.000000,s13_p4
1779334758.0,13,2,0.000000,s13_p2
1779334758.0,13,3,0.601026,s13_p3
1779334758.0,5,4,0.000000,s5_p4
1779334758.0,5,1,0.024066,s5_p1
1779334758.0,5,2,0.000000,s5_p2
1779334758.0,5,3,0.120328,s5_p3
1779334758.0,11,4,0.000000,s11_p4
1779334758.0,11,1,0.000000,s11_p1
1779334758.0,11,2,0.120378,s11_p2
1779334758.0,11,3,1.000000,s11_p3
1779334758.0,17,1,1.000000,s17_p1
1779334758.0,17,4,0.931963,s17_p4
1779334758.0,17,2,0.601266,s17_p2
1779334758.0,17,3,0.000000,s17_p3
1779334758.0,16,1,0.000000,s16_p1
1779334758.0,16,4,0.120176,s16_p4
1779334758.0,16,2,0.066097,s16_p2
1779334758.0,16,3,0.000000,s16_p3
1779334758.0,2,1,0.210576,s2_p1
1779334758.0,2,4,0.000000,s2_p4
1779334758.0,2,2,0.090247,s2_p2
1779334758.0,2,3,0.000000,s2_p3
1779334758.0,9,1,0.264770,s9_p1
1779334758.0,9,4,0.000000,s9_p4
1779334758.0,9,2,0.210612,s9_p2
1779334758.0,9,3,0.000000,s9_p3
1779334758.0,6,1,0.149785,s6_p1
1779334758.0,6,4,0.000000,s6_p4
1779334758.0,6,2,0.000000,s6_p2
1779334758.0,6,3,0.000000,s6_p3
1779334758.0,14,4,0.000000,s14_p4
1779334758.0,14,1,0.026581,s14_p1
1779334758.0,14,2,0.000000,s14_p2
1779334758.0,14,3,0.000000,s14_p3
1779334758.0,1,4,0.070075,s1_p4
1779334758.0,1,1,0.082157,s1_p1
1779334758.0,1,2,0.000000,s1_p2
1779334758.0,1,3,0.000000,s1_p3
1779334758.0,3,4,0.000000,s3_p4
1779334758.0,3,1,0.000000,s3_p1
1779334758.0,3,2,0.000000,s3_p2
1779334758.0,3,3,0.210186,s3_p3
1779334758.0,15,4,0.000000,s15_p4
1779334758.0,15,1,0.103888,s15_p1
1779334758.0,15,2,0.000000,s15_p2
1779334758.0,15,3,0.712719,s15_p3
1779334758.0,10,4,0.350210,s10_p4
1779334758.0,10,1,0.000000,s10_p1
1779334758.0,10,2,0.091779,s10_p2
1779334758.0,10,3,0.000000,s10_p3
1779334758.0,4,4,0.091831,s4_p4
1779334758.0,4,1,0.115997,s4_p1
1779334758.0,4,2,0.000000,s4_p2
1779334758.0,4,3,0.000000,s4_p3
1779334758.0,13,1,0.000000,s13_p1
1779334758.0,13,4,0.000000,s13_p4
1779334758.0,13,2,0.000000,s13_p2
1779334758.0,13,3,0.580022,s13_p3
1779334758.0,8,4,0.026559,s8_p4
1779334758.0,8,1,0.070019,s8_p1
1779334758.0,8,2,0.000000,s8_p2
1779334758.0,8,3,0.000000,s8_p3
1779334758.0,7,1,0.000000,s7_p1
1779334758.0,7,4,0.000000,s7_p4
1779334758.0,7,2,0.103870,s7_p2
1779334758.0,7,3,0.142519,s7_p3
1779334758.0,12,4,0.458867,s12_p4
1779334758.0,12,1,0.000000,s12_p1
1779334758.0,12,2,0.000000,s12_p2
1779334758.0,12,3,0.000000,s12_p3
1779334758.0,20,1,0.458896,s20_p1
1779334758.0,20,4,0.350210,s20_p4
1779334758.0,20,2,0.000000,s20_p2
1779334758.0,20,3,0.132838,s20_p3
1779334758.0,5,4,0.000000,s5_p4
1779334758.0,5,1,0.026569,s5_p1
1779334758.0,5,2,0.000000,s5_p2
1779334758.0,5,3,0.115938,s5_p3
1779334758.0,2,1,0.118363,s2_p1
1779334758.0,2,4,0.000000,s2_p4
1779334758.0,2,2,0.091791,s2_p2
1779334758.0,2,3,0.000000,s2_p3
1779334758.0,11,4,0.000000,s11_p4
1779334758.0,11,1,0.000000,s11_p1
1779334758.0,11,2,0.115927,s11_p2
1779334758.0,11,3,1.000000,s11_p3
1779334758.0,9,1,0.082122,s9_p1
1779334758.0,9,4,0.000000,s9_p4
1779334758.0,9,2,0.118352,s9_p2
1779334758.0,9,3,0.000000,s9_p3
1779334758.0,17,1,1.000000,s17_p1
1779334758.0,17,4,0.519238,s17_p4
1779334758.0,17,2,0.579615,s17_p2
1779334758.0,17,3,0.000000,s17_p3
1779334758.0,18,4,0.000000,s18_p4
1779334758.0,18,1,0.000000,s18_p1
1779334758.0,18,2,0.000000,s18_p2
1779334758.0,18,3,0.000000,s18_p3
1779334758.0,16,1,0.000000,s16_p1
1779334758.0,16,4,0.132799,s16_p4
1779334758.0,16,2,0.070021,s16_p2
1779334758.0,16,3,0.000000,s16_p3
1779334758.0,19,1,0.000000,s19_p1
1779334758.0,19,4,0.000000,s19_p4
1779334758.0,19,2,0.000000,s19_p2
1779334758.0,19,3,0.000000,s19_p3
1779334759.0,6,1,0.147177,s6_p1
1779334759.0,6,4,0.000000,s6_p4
1779334759.0,6,2,0.000000,s6_p2
1779334759.0,6,3,0.000000,s6_p3
1779334759.0,13,1,0.000000,s13_p1
1779334759.0,13,4,0.000000,s13_p4
1779334759.0,13,2,0.000000,s13_p2
1779334759.0,13,3,0.591036,s13_p3
1779334759.0,10,4,0.349720,s10_p4
1779334759.0,10,1,0.000000,s10_p1
1779334759.0,10,2,0.091651,s10_p2
1779334759.0,10,3,0.000000,s10_p3
1779334759.0,3,4,0.000000,s3_p4
1779334759.0,3,1,0.000000,s3_p1
1779334759.0,3,2,0.000000,s3_p2
1779334759.0,3,3,0.209735,s3_p3
1779334759.0,15,4,0.000000,s15_p4
1779334759.0,15,1,0.101250,s15_p1
1779334759.0,15,2,0.000000,s15_p2
1779334759.0,15,3,0.723217,s15_p3
1779334759.0,14,4,0.000000,s14_p4
1779334759.0,14,1,0.026514,s14_p1
1779334759.0,14,2,0.000000,s14_p2
1779334759.0,14,3,0.000000,s14_p3
1779334759.0,1,4,0.069903,s1_p4
1779334759.0,1,1,0.081955,s1_p1
1779334759.0,1,2,0.000000,s1_p2
1779334759.0,1,3,0.000000,s1_p3
1779334759.0,4,4,0.091555,s4_p4
1779334759.0,4,1,0.118057,s4_p1
1779334759.0,4,2,0.000000,s4_p2
1779334759.0,4,3,0.000000,s4_p3
1779334759.0,5,4,0.000000,s5_p4
1779334759.0,5,1,0.026517,s5_p1
1779334759.0,5,2,0.000000,s5_p2
1779334759.0,5,3,0.118119,s5_p3
1779334759.0,12,4,0.457966,s12_p4
1779334759.0,12,1,0.000000,s12_p1
1779334759.0,12,2,0.000000,s12_p2
1779334759.0,12,3,0.000000,s12_p3
1779334759.0,8,4,0.026500,s8_p4
1779334759.0,8,1,0.072271,s8_p1
1779334759.0,8,2,0.000000,s8_p2
1779334759.0,8,3,0.000000,s8_p3
1779334759.0,2,1,0.118153,s2_p1
1779334759.0,2,4,0.000000,s2_p4
1779334759.0,2,2,0.091629,s2_p2
1779334759.0,2,3,0.000000,s2_p3
1779334759.0,20,1,0.457925,s20_p1
1779334759.0,20,4,0.361519,s20_p4
1779334759.0,20,2,0.000000,s20_p2
1779334759.0,20,3,0.132557,s20_p3
1779334759.0,18,4,0.000000,s18_p4
1779334759.0,18,1,0.000000,s18_p1
1779334759.0,18,2,0.000000,s18_p2
1779334759.0,18,3,0.000000,s18_p3
1779334759.0,7,1,0.000000,s7_p1
1779334759.0,7,4,0.000000,s7_p4
1779334759.0,7,2,0.101206,s7_p2
1779334759.0,7,3,0.144580,s7_p3
1779334759.0,16,1,0.000000,s16_p1
1779334759.0,16,4,0.132653,s16_p4
1779334759.0,16,2,0.072356,s16_p2
1779334759.0,16,3,0.000000,s16_p3
1779334759.0,19,1,0.000000,s19_p1
1779334759.0,19,4,0.000000,s19_p4
1779334759.0,19,2,0.000000,s19_p2
1779334759.0,19,3,0.000000,s19_p3
1779334759.0,11,4,0.000000,s11_p4
1779334759.0,11,1,0.000000,s11_p1
1779334759.0,11,2,0.118085,s11_p2
1779334759.0,11,3,1.000000,s11_p3
1779334759.0,9,1,0.081938,s9_p1
1779334759.0,9,4,0.000000,s9_p4
1779334759.0,9,2,0.118087,s9_p2
1779334759.0,9,3,0.000000,s9_p3
1779334759.0,17,1,1.000000,s17_p1
1779334759.0,17,4,0.518148,s17_p4
1779334759.0,17,2,0.590448,s17_p2
1779334759.0,17,3,0.000000,s17_p3
1779334759.0,6,1,0.147398,s6_p1
1779334759.0,6,4,0.000000,s6_p4
1779334759.0,6,2,0.000000,s6_p2
1779334759.0,6,3,0.000000,s6_p3
1779334759.0,19,1,0.000000,s19_p1
1779334759.0,19,4,0.000000,s19_p4
1779334759.0,19,2,0.000000,s19_p2
1779334759.0,19,3,0.000000,s19_p3
1779334759.0,1,4,0.072564,s1_p4
1779334759.0,1,1,0.091915,s1_p1
1779334759.0,1,2,0.000000,s1_p2
1779334759.0,1,3,0.000000,s1_p3
1779334759.0,3,4,0.000000,s3_p4
1779334759.0,3,1,0.000000,s3_p1
1779334759.0,3,2,0.000000,s3_p2
1779334759.0,3,3,0.207942,s3_p3
1779334759.0,14,4,0.000000,s14_p4
1779334759.0,14,1,0.026597,s14_p1
1779334759.0,14,2,0.000000,s14_p2
1779334759.0,14,3,0.000000,s14_p3
1779334759.0,10,4,0.362619,s10_p4
1779334759.0,10,1,0.000000,s10_p1
1779334759.0,10,2,0.091863,s10_p2
1779334759.0,10,3,0.000000,s10_p3
1779334759.0,4,4,0.091933,s4_p4
1779334759.0,4,1,0.118545,s4_p1
1779334759.0,4,2,0.000000,s4_p2
1779334759.0,4,3,0.000000,s4_p3
1779334759.0,13,1,0.000000,s13_p1
1779334759.0,13,4,0.000000,s13_p4
1779334759.0,13,2,0.000000,s13_p2
1779334759.0,13,3,0.591957,s13_p3
1779334759.0,15,4,0.000000,s15_p4
1779334759.0,15,1,0.103912,s15_p1
1779334759.0,15,2,0.000000,s15_p2
1779334759.0,15,3,0.712883,s15_p3
1779334759.0,8,4,0.026614,s8_p4
1779334759.0,8,1,0.070164,s8_p1
1779334759.0,8,2,0.000000,s8_p2
1779334759.0,8,3,0.000000,s8_p3
1779334759.0,12,4,0.459488,s12_p4
1779334759.0,12,1,0.000000,s12_p1
1779334759.0,12,2,0.000000,s12_p2
1779334759.0,12,3,0.000000,s12_p3
1779334759.0,18,4,0.000000,s18_p4
1779334759.0,18,1,0.000000,s18_p1
1779334759.0,18,2,0.000000,s18_p2
1779334759.0,18,3,0.000000,s18_p3
1779334759.0,7,1,0.000000,s7_p1
1779334759.0,7,4,0.000000,s7_p4
1779334759.0,7,2,0.104001,s7_p2
1779334759.0,7,3,0.142699,s7_p3
1779334759.0,5,4,0.000000,s5_p4
1779334759.0,5,1,0.026598,s5_p1
1779334759.0,5,2,0.000000,s5_p2
1779334759.0,5,3,0.118481,s5_p3
1779334759.0,20,1,0.459486,s20_p1
1779334759.0,20,4,0.350660,s20_p4
1779334759.0,20,2,0.000000,s20_p2
1779334759.0,20,3,0.133009,s20_p3
1779334759.0,17,1,0.991793,s17_p1
1779334759.0,17,4,0.507992,s17_p4
1779334759.0,17,2,0.592657,s17_p2
1779334759.0,17,3,0.000000,s17_p3
1779334759.0,16,1,0.000000,s16_p1
1779334759.0,16,4,0.132968,s16_p4
1779334759.0,16,2,0.070110,s16_p2
1779334759.0,16,3,0.000000,s16_p3
1779334759.0,9,1,0.091912,s9_p1
1779334759.0,9,4,0.000000,s9_p4
1779334759.0,9,2,0.106424,s9_p2
1779334759.0,9,3,0.000000,s9_p3
1779334759.0,11,4,0.000000,s11_p4
1779334759.0,11,1,0.000000,s11_p1
1779334759.0,11,2,0.118511,s11_p2
1779334759.0,11,3,0.991621,s11_p3
1779334759.0,2,1,0.106348,s2_p1
1779334759.0,2,4,0.000000,s2_p4
1779334759.0,2,2,0.091846,s2_p2
1779334759.0,2,3,0.000000,s2_p3
1779334760.0,6,1,0.147457,s6_p1
1779334760.0,6,4,0.041094,s6_p4
1779334760.0,6,2,0.055598,s6_p2
1779334760.0,6,3,0.000000,s6_p3
1779334760.0,10,4,0.350437,s10_p4
1779334760.0,10,1,0.065254,s10_p1
1779334760.0,10,2,0.087005,s10_p2
1779334760.0,10,3,0.000000,s10_p3
1779334760.0,1,4,0.070048,s1_p4
1779334760.0,1,1,0.159420,s1_p1
1779334760.0,1,2,0.002415,s1_p2
1779334760.0,1,3,0.000000,s1_p3
1779334760.0,14,4,0.543630,s14_p4
1779334760.0,14,1,0.024161,s14_p1
1779334760.0,14,2,0.055571,s14_p2
1779334760.0,14,3,0.000000,s14_p3
1779334760.0,15,4,0.000000,s15_p4
1779334760.0,15,1,0.094273,s15_p1
1779334760.0,15,2,0.000000,s15_p2
1779334760.0,15,3,0.870213,s15_p3
1779334760.0,8,4,0.024171,s8_p4
1779334760.0,8,1,0.108770,s8_p1
1779334760.0,8,2,0.000000,s8_p2
1779334760.0,8,3,0.077347,s8_p3
1779334760.0,3,4,0.000000,s3_p4
1779334760.0,3,1,0.050725,s3_p1
1779334760.0,3,2,0.000000,s3_p2
1779334760.0,3,3,0.236718,s3_p3
1779334760.0,17,1,1.000000,s17_p1
1779334760.0,17,4,0.471295,s17_p4
1779334760.0,17,2,0.821745,s17_p2
1779334760.0,17,3,0.048338,s17_p3
1779334760.0,20,1,0.773065,s20_p1
1779334760.0,20,4,0.543561,s20_p4
1779334760.0,20,2,0.253662,s20_p2
1779334760.0,20,3,0.398612,s20_p3
1779334760.0,11,4,0.000000,s11_p4
1779334760.0,11,1,0.000000,s11_p1
1779334760.0,11,2,0.164347,s11_p2
1779334760.0,11,3,1.000000,s11_p3
1779334760.0,9,1,0.096666,s9_p1
1779334760.0,9,4,0.000000,s9_p4
1779334760.0,9,2,0.103916,s9_p2
1779334760.0,9,3,0.289997,s9_p3
1779334760.0,16,1,0.000000,s16_p1
1779334760.0,16,4,0.374538,s16_p4
1779334760.0,16,2,0.108737,s16_p2
1779334760.0,16,3,0.000000,s16_p3
1779334760.0,5,4,0.074866,s5_p4
1779334760.0,5,1,0.024150,s5_p1
1779334760.0,5,2,0.009660,s5_p2
1779334760.0,5,3,0.115921,s5_p3
1779334760.0,4,4,0.149631,s4_p4
1779334760.0,4,1,0.111017,s4_p1
1779334760.0,4,2,0.053095,s4_p2
1779334760.0,4,3,0.000000,s4_p3
1779334760.0,2,1,0.099061,s2_p1
1779334760.0,2,4,0.000000,s2_p4
1779334760.0,2,2,0.091812,s2_p2
1779334760.0,2,3,0.057987,s2_p3
1779334760.0,18,4,0.000000,s18_p4
1779334760.0,18,1,0.000000,s18_p1
1779334760.0,18,2,0.000000,s18_p2
1779334760.0,18,3,0.000000,s18_p3
1779334760.0,7,1,0.000000,s7_p1
1779334760.0,7,4,0.050706,s7_p4
1779334760.0,7,2,0.094169,s7_p2
1779334760.0,7,3,0.154534,s7_p3
1779334760.0,13,1,0.009652,s13_p1
1779334760.0,13,4,0.000000,s13_p4
1779334760.0,13,2,0.000000,s13_p2
1779334760.0,13,3,0.579141,s13_p3
1779334760.0,12,4,0.736312,s12_p4
1779334760.0,12,1,0.050697,s12_p1
1779334760.0,12,2,0.000000,s12_p2
1779334760.0,12,3,0.000000,s12_p3
1779334760.0,19,1,0.000000,s19_p1
1779334760.0,19,4,0.000000,s19_p4
1779334760.0,19,2,0.000000,s19_p2
1779334760.0,19,3,0.000000,s19_p3
1779334760.0,19,1,0.000000,s19_p1
1779334760.0,19,4,0.000000,s19_p4
1779334760.0,19,2,0.000000,s19_p2
1779334760.0,19,3,0.000000,s19_p3
1779334760.0,3,4,0.000000,s3_p4
1779334760.0,3,1,0.104056,s3_p1
1779334760.0,3,2,0.000000,s3_p2
1779334760.0,3,3,0.249251,s3_p3
1779334760.0,8,4,0.026615,s8_p4
1779334760.0,8,1,0.147595,s8_p1
1779334760.0,8,2,0.000000,s8_p2
1779334760.0,8,3,0.147595,s8_p3
1779334760.0,14,4,1.000000,s14_p4
1779334760.0,14,1,0.026610,s14_p1
1779334760.0,14,2,0.111279,s14_p2
1779334760.0,14,3,0.000000,s14_p3
1779334760.0,10,4,0.350685,s10_p4
1779334760.0,10,1,0.116089,s10_p1
1779334760.0,10,2,0.084648,s10_p2
1779334760.0,10,3,0.000000,s10_p3
1779334760.0,6,1,0.147356,s6_p1
1779334760.0,6,4,0.079717,s6_p4
1779334760.0,6,2,0.111121,s6_p2
1779334760.0,6,3,0.000000,s6_p3
1779334760.0,15,4,0.000000,s15_p4
1779334760.0,15,1,0.084663,s15_p1
1779334760.0,15,2,0.000000,s15_p2
1779334760.0,15,3,1.000000,s15_p3
1779334760.0,1,4,0.070137,s1_p4
1779334760.0,1,1,0.195901,s1_p1
1779334760.0,1,2,0.036278,s1_p2
1779334760.0,1,3,0.000000,s1_p3
1779334760.0,12,4,1.000000,s12_p4
1779334760.0,12,1,0.106512,s12_p1
1779334760.0,12,2,0.000000,s12_p2
1779334760.0,12,3,0.000000,s12_p3
1779334760.0,20,1,0.991829,s20_p1
1779334760.0,20,4,0.737824,s20_p4
1779334760.0,20,2,0.532201,s20_p2
1779334760.0,20,3,0.689442,s20_p3
1779334760.0,4,4,0.203268,s4_p4
1779334760.0,4,1,0.104054,s4_p1
1779334760.0,4,2,0.094374,s4_p2
1779334760.0,4,3,0.000000,s4_p3
1779334760.0,5,4,0.128245,s5_p4
1779334760.0,5,1,0.026617,s5_p1
1779334760.0,5,2,0.012099,s5_p2
1779334760.0,5,3,0.118566,s5_p3
1779334760.0,7,1,0.000000,s7_p1
1779334760.0,7,4,0.106481,s7_p4
1779334760.0,7,2,0.084701,s7_p2
1779334760.0,7,3,0.169402,s7_p3
1779334760.0,13,1,0.012101,s13_p1
1779334760.0,13,4,0.000000,s13_p4
1779334760.0,13,2,0.000000,s13_p2
1779334760.0,13,3,0.592935,s13_p3
1779334760.0,18,4,0.000000,s18_p4
1779334760.0,18,1,0.000000,s18_p1
1779334760.0,18,2,0.000000,s18_p2
1779334760.0,18,3,0.000000,s18_p3
1779334760.0,17,1,1.000000,s17_p1
1779334760.0,17,4,0.423068,s17_p4
1779334760.0,17,2,0.991189,s17_p2
1779334760.0,17,3,0.060438,s17_p3
1779334760.0,11,4,0.000000,s11_p4
1779334760.0,11,1,0.000000,s11_p1
1779334760.0,11,2,0.198251,s11_p2
1779334760.0,11,3,1.000000,s11_p3
1779334760.0,16,1,0.000000,s16_p1
1779334760.0,16,4,0.664944,s16_p4
1779334760.0,16,2,0.147497,s16_p2
1779334760.0,16,3,0.000000,s16_p3
1779334760.0,9,1,0.116051,s9_p1
1779334760.0,9,4,0.000000,s9_p4
1779334760.0,9,2,0.084620,s9_p2
1779334760.0,9,3,0.519811,s9_p3
1779334760.0,2,1,0.048365,s2_p1
1779334760.0,2,4,0.000000,s2_p4
1779334760.0,2,2,0.120913,s2_p2
1779334760.0,2,3,0.103985,s2_p3
1779334761.0,6,1,0.021666,s6_p1
1779334761.0,6,4,0.079441,s6_p4
1779334761.0,6,2,0.115821,s6_p2
1779334761.0,6,3,0.000000,s6_p3
1779334761.0,14,4,1.000000,s14_p4
1779334761.0,14,1,0.012032,s14_p1
1779334761.0,14,2,0.115509,s14_p2
1779334761.0,14,3,0.000000,s14_p3
1779334761.0,15,4,0.000000,s15_p4
1779334761.0,15,1,0.080140,s15_p1
1779334761.0,15,2,0.001889,s15_p2
1779334761.0,15,3,0.994375,s15_p3
1779334761.0,1,4,0.031247,s1_p4
1779334761.0,1,1,0.216328,s1_p1
1779334761.0,1,2,0.031006,s1_p2
1779334761.0,1,3,0.003780,s1_p3
1779334761.0,3,4,0.000000,s3_p4
1779334761.0,3,1,0.105722,s3_p1
1779334761.0,3,2,0.000810,s3_p2
1779334761.0,3,3,0.264934,s3_p3
1779334761.0,8,4,0.014175,s8_p4
1779334761.0,8,1,0.107612,s8_p1
1779334761.0,8,2,0.001081,s8_p2
1779334761.0,8,3,0.147516,s8_p3
1779334761.0,10,4,0.166998,s10_p4
1779334761.0,10,1,0.139129,s10_p1
1779334761.0,10,2,0.042738,s10_p2
1779334761.0,10,3,0.000000,s10_p3
1779334761.0,5,4,0.130817,s5_p4
1779334761.0,5,1,0.012956,s5_p1
1779334761.0,5,2,0.020841,s5_p2
1779334761.0,5,3,0.073649,s5_p3
1779334761.0,4,4,0.143613,s4_p4
1779334761.0,4,1,0.092853,s4_p1
1779334761.0,4,2,0.110256,s4_p2
1779334761.0,4,3,0.002431,s4_p3
1779334761.0,12,4,0.741945,s12_p4
1779334761.0,12,1,0.103272,s12_p1
1779334761.0,12,2,0.002160,s12_p2
1779334761.0,12,3,0.000000,s12_p3
1779334761.0,18,4,0.000000,s18_p4
1779334761.0,18,1,0.000000,s18_p1
1779334761.0,18,2,0.000000,s18_p2
1779334761.0,18,3,0.000000,s18_p3
1779334761.0,13,1,0.021780,s13_p1
1779334761.0,13,4,0.000000,s13_p4
1779334761.0,13,2,0.000000,s13_p2
1779334761.0,13,3,0.368161,s13_p3
1779334761.0,20,1,0.908844,s20_p1
1779334761.0,20,4,0.533762,s20_p4
1779334761.0,20,2,0.527155,s20_p2
1779334761.0,20,3,0.636436,s20_p3
1779334761.0,7,1,0.000810,s7_p1
1779334761.0,7,4,0.103275,s7_p4
1779334761.0,7,2,0.079258,s7_p2
1779334761.0,7,3,0.135156,s7_p3
1779334761.0,11,4,0.000000,s11_p4
1779334761.0,11,1,0.000810,s11_p1
1779334761.0,11,2,0.200877,s11_p2
1779334761.0,11,3,0.992617,s11_p3
1779334761.0,9,1,0.108054,s9_p1
1779334761.0,9,4,0.000000,s9_p4
1779334761.0,9,2,0.091245,s9_p2
1779334761.0,9,3,0.551195,s9_p3
1779334761.0,16,1,0.000000,s16_p1
1779334761.0,16,4,0.599052,s16_p4
1779334761.0,16,2,0.106725,s16_p2
1779334761.0,16,3,0.000000,s16_p3
1779334761.0,17,1,0.996305,s17_p1
1779334761.0,17,4,0.409601,s17_p4
1779334761.0,17,2,1.000000,s17_p2
1779334761.0,17,3,0.108843,s17_p3
1779334761.0,2,1,0.038417,s2_p1
1779334761.0,2,4,0.002160,s2_p4
1779334761.0,2,2,0.095527,s2_p2
1779334761.0,2,3,0.106456,s2_p3
1779334761.0,19,1,0.000000,s19_p1
1779334761.0,19,4,0.000000,s19_p4
1779334761.0,19,2,0.000000,s19_p2
1779334761.0,19,3,0.000000,s19_p3
1779334761.0,8,4,0.000000,s8_p4
1779334761.0,8,1,0.074986,s8_p1
1779334761.0,8,2,0.000000,s8_p2
1779334761.0,8,3,0.145134,s8_p3
1779334761.0,3,4,0.000950,s3_p4
1779334761.0,3,1,0.107497,s3_p1
1779334761.0,3,2,0.001631,s3_p2
1779334761.0,3,3,0.047216,s3_p3
1779334761.0,7,1,0.001634,s7_p1
1779334761.0,7,4,0.106606,s7_p4
1779334761.0,7,2,0.034872,s7_p2
1779334761.0,7,3,0.025498,s7_p3
1779334761.0,1,4,0.000000,s1_p4
1779334761.0,1,1,0.136365,s1_p1
1779334761.0,1,2,0.012091,s1_p2
1779334761.0,1,3,0.000544,s1_p3
1779334761.0,14,4,0.990072,s14_p4
1779334761.0,14,1,0.000000,s14_p1
1779334761.0,14,2,0.111081,s14_p2
1779334761.0,14,3,0.000000,s14_p3
1779334761.0,15,4,0.000000,s15_p4
1779334761.0,15,1,0.035478,s15_p1
1779334761.0,15,2,0.000000,s15_p2
1779334761.0,15,3,1.000000,s15_p3
1779334761.0,6,1,0.000000,s6_p1
1779334761.0,6,4,0.079665,s6_p4
1779334761.0,6,2,0.111049,s6_p2
1779334761.0,6,3,0.000000,s6_p3
1779334761.0,4,4,0.111328,s4_p4
1779334761.0,4,1,0.000000,s4_p1
1779334761.0,4,2,0.116169,s4_p2
1779334761.0,4,3,0.000000,s4_p3
1779334761.0,19,1,0.000000,s19_p1
1779334761.0,19,4,0.000000,s19_p4
1779334761.0,19,2,0.000000,s19_p2
1779334761.0,19,3,0.000000,s19_p3
1779334761.0,2,1,0.049405,s2_p1
1779334761.0,2,4,0.000000,s2_p4
1779334761.0,2,2,0.125980,s2_p2
1779334761.0,2,3,0.105810,s2_p3
1779334761.0,16,1,0.000952,s16_p1
1779334761.0,16,4,0.520833,s16_p4
1779334761.0,16,2,0.077519,s16_p2
1779334761.0,16,3,0.000000,s16_p3
1779334761.0,17,1,1.000000,s17_p1
1779334761.0,17,4,0.177747,s17_p4
1779334761.0,17,2,0.595021,s17_p2
1779334761.0,17,3,0.109013,s17_p3
1779334761.0,13,1,0.021781,s13_p1
1779334761.0,13,4,0.000000,s13_p4
1779334761.0,13,2,0.000000,s13_p2
1779334761.0,13,3,0.000000,s13_p3
1779334761.0,9,1,0.025174,s9_p1
1779334761.0,9,4,0.000000,s9_p4
1779334761.0,9,2,0.175352,s9_p2
1779334761.0,9,3,0.531672,s9_p3
1779334761.0,5,4,0.128222,s5_p4
1779334761.0,5,1,0.000000,s5_p1
1779334761.0,5,2,0.021774,s5_p2
1779334761.0,5,3,0.000000,s5_p3
1779334761.0,18,4,0.000000,s18_p4
1779334761.0,18,1,0.000000,s18_p1
1779334761.0,18,2,0.000000,s18_p2
1779334761.0,18,3,0.000000,s18_p3
1779334761.0,10,4,0.000000,s10_p4
1779334761.0,10,1,0.123195,s10_p1
1779334761.0,10,2,0.000000,s10_p2
1779334761.0,10,3,0.000000,s10_p3
1779334761.0,20,1,0.617017,s20_p1
1779334761.0,20,4,0.379802,s20_p4
1779334761.0,20,2,0.532328,s20_p2
1779334761.0,20,3,0.556525,s20_p3
1779334761.0,11,4,0.000000,s11_p4
1779334761.0,11,1,0.002723,s11_p1
1779334761.0,11,2,0.116232,s11_p2
1779334761.0,11,3,0.564870,s11_p3
1779334761.0,12,4,0.561171,s12_p4
1779334761.0,12,1,0.106445,s12_p1
1779334761.0,12,2,0.000000,s12_p2
1779334761.0,12,3,0.000000,s12_p3
1779334762.0,19,1,0.000000,s19_p1
1779334762.0,19,4,0.000000,s19_p4
1779334762.0,19,2,0.000000,s19_p2
1779334762.0,19,3,0.000000,s19_p3
1779334762.0,14,4,1.000000,s14_p4
1779334762.0,14,1,0.000000,s14_p1
1779334762.0,14,2,0.113664,s14_p2
1779334762.0,14,3,0.000000,s14_p3
1779334762.0,6,1,0.000000,s6_p1
1779334762.0,6,4,0.079800,s6_p4
1779334762.0,6,2,0.113655,s6_p2
1779334762.0,6,3,0.000000,s6_p3
1779334762.0,1,4,0.000000,s1_p4
1779334762.0,1,1,0.123314,s1_p1
1779334762.0,1,2,0.036269,s1_p2
1779334762.0,1,3,0.000000,s1_p3
1779334762.0,15,4,0.000000,s15_p4
1779334762.0,15,1,0.000000,s15_p1
1779334762.0,15,2,0.000000,s15_p2
1779334762.0,15,3,1.000000,s15_p3
1779334762.0,3,4,0.000000,s3_p4
1779334762.0,3,1,0.106309,s3_p1
1779334762.0,3,2,0.000000,s3_p2
1779334762.0,3,3,0.041074,s3_p3
1779334762.0,10,4,0.000000,s10_p4
1779334762.0,10,1,0.123372,s10_p1
1779334762.0,10,2,0.000000,s10_p2
1779334762.0,10,3,0.000000,s10_p3
1779334762.0,13,1,0.026605,s13_p1
1779334762.0,13,4,0.000000,s13_p4
1779334762.0,13,2,0.000000,s13_p2
1779334762.0,13,3,0.000000,s13_p3
1779334762.0,20,1,0.616604,s20_p1
1779334762.0,20,4,0.386889,s20_p4
1779334762.0,20,2,0.531972,s20_p2
1779334762.0,20,3,0.568243,s20_p3
1779334762.0,5,4,0.130547,s5_p4
1779334762.0,5,1,0.000000,s5_p1
1779334762.0,5,2,0.026593,s5_p2
1779334762.0,5,3,0.000000,s5_p3
1779334762.0,12,4,0.568223,s12_p4
1779334762.0,12,1,0.106391,s12_p1
1779334762.0,12,2,0.000000,s12_p2
1779334762.0,12,3,0.000000,s12_p3
1779334762.0,7,1,0.000000,s7_p1
1779334762.0,7,4,0.106244,s7_p4
1779334762.0,7,2,0.000000,s7_p2
1779334762.0,7,3,0.021732,s7_p3
1779334762.0,8,4,0.000000,s8_p4
1779334762.0,8,1,0.077253,s8_p1
1779334762.0,8,2,0.000000,s8_p2
1779334762.0,8,3,0.147264,s8_p3
1779334762.0,11,4,0.000000,s11_p4
1779334762.0,11,1,0.000000,s11_p1
1779334762.0,11,2,0.106318,s11_p2
1779334762.0,11,3,0.205388,s11_p3
1779334762.0,4,4,0.113511,s4_p4
1779334762.0,4,1,0.000000,s4_p1
1779334762.0,4,2,0.103850,s4_p2
1779334762.0,4,3,0.000000,s4_p3
1779334762.0,16,1,0.000000,s16_p1
1779334762.0,16,4,0.531373,s16_p4
1779334762.0,16,2,0.074875,s16_p2
1779334762.0,16,3,0.000000,s16_p3
1779334762.0,2,1,0.000000,s2_p1
1779334762.0,2,4,0.000000,s2_p4
1779334762.0,2,2,0.164234,s2_p2
1779334762.0,2,3,0.106269,s2_p3
1779334762.0,18,4,0.000000,s18_p4
1779334762.0,18,1,0.000000,s18_p1
1779334762.0,18,2,0.000000,s18_p2
1779334762.0,18,3,0.000000,s18_p3
1779334762.0,9,1,0.036222,s9_p1
1779334762.0,9,4,0.000000,s9_p4
1779334762.0,9,2,0.164207,s9_p2
1779334762.0,9,3,0.531258,s9_p3
1779334762.0,17,1,1.000000,s17_p1
1779334762.0,17,4,0.000000,s17_p4
1779334762.0,17,2,0.531220,s17_p2
1779334762.0,17,3,0.132805,s17_p3
1779334762.0,6,1,0.000000,s6_p1
1779334762.0,6,4,0.079652,s6_p4
1779334762.0,6,2,0.111030,s6_p2
1779334762.0,6,3,0.000000,s6_p3
1779334762.0,19,1,0.000000,s19_p1
1779334762.0,19,4,0.000000,s19_p4
1779334762.0,19,2,0.000000,s19_p2
1779334762.0,19,3,0.000000,s19_p3
1779334762.0,15,4,0.000000,s15_p4
1779334762.0,15,1,0.000000,s15_p1
1779334762.0,15,2,0.000000,s15_p2
1779334762.0,15,3,0.856593,s15_p3
1779334762.0,14,4,1.000000,s14_p4
1779334762.0,14,1,0.000000,s14_p1
1779334762.0,14,2,0.110902,s14_p2
1779334762.0,14,3,0.000000,s14_p3
1779334762.0,13,1,0.021717,s13_p1
1779334762.0,13,4,0.000000,s13_p4
1779334762.0,13,2,0.000000,s13_p2
1779334762.0,13,3,0.000000,s13_p3
1779334762.0,7,1,0.000000,s7_p1
1779334762.0,7,4,0.106228,s7_p4
1779334762.0,7,2,0.000000,s7_p2
1779334762.0,7,3,0.021729,s7_p3
1779334762.0,3,4,0.000000,s3_p4
1779334762.0,3,1,0.106158,s3_p1
1779334762.0,3,2,0.000000,s3_p2
1779334762.0,3,3,0.041016,s3_p3
1779334762.0,8,4,0.000000,s8_p4
1779334762.0,8,1,0.077255,s8_p1
1779334762.0,8,2,0.000000,s8_p2
1779334762.0,8,3,0.147268,s8_p3
1779334762.0,10,4,0.000000,s10_p4
1779334762.0,10,1,0.123047,s10_p1
1779334762.0,10,2,0.000000,s10_p2
1779334762.0,10,3,0.000000,s10_p3
1779334762.0,1,4,0.000000,s1_p4
1779334762.0,1,1,0.122954,s1_p1
1779334762.0,1,2,0.038574,s1_p2
1779334762.0,1,3,0.000000,s1_p3
1779334762.0,17,1,1.000000,s17_p1
1779334762.0,17,4,0.000000,s17_p4
1779334762.0,17,2,0.519252,s17_p2
1779334762.0,17,3,0.108681,s17_p3
1779334762.0,2,1,0.000000,s2_p1
1779334762.0,2,4,0.000000,s2_p4
1779334762.0,2,2,0.161757,s2_p2
1779334762.0,2,3,0.103814,s2_p3
1779334762.0,9,1,0.038637,s9_p1
1779334762.0,9,4,0.000000,s9_p4
1779334762.0,9,2,0.161792,s9_p2
1779334762.0,9,3,0.519184,s9_p3
1779334762.0,16,1,0.000000,s16_p1
1779334762.0,16,4,0.531086,s16_p4
1779334762.0,16,2,0.077249,s16_p2
1779334762.0,16,3,0.000000,s16_p3
1779334762.0,5,4,0.130248,s5_p4
1779334762.0,5,1,0.000000,s5_p1
1779334762.0,5,2,0.021708,s5_p2
1779334762.0,5,3,0.000000,s5_p3
1779334762.0,4,4,0.111032,s4_p4
1779334762.0,4,1,0.000000,s4_p1
1779334762.0,4,2,0.106205,s4_p2
1779334762.0,4,3,0.000000,s4_p3
1779334762.0,12,4,0.554739,s12_p4
1779334762.0,12,1,0.106124,s12_p1
1779334762.0,12,2,0.000000,s12_p2
1779334762.0,12,3,0.000000,s12_p3
1779334762.0,20,1,0.614952,s20_p1
1779334762.0,20,4,0.385852,s20_p4
1779334762.0,20,2,0.530547,s20_p2
1779334762.0,20,3,0.554662,s20_p3
1779334762.0,11,4,0.000000,s11_p4
1779334762.0,11,1,0.000000,s11_p1
1779334762.0,11,2,0.103773,s11_p2
1779334762.0,11,3,0.205132,s11_p3
1779334762.0,18,4,0.000000,s18_p4
1779334762.0,18,1,0.000000,s18_p1
1779334762.0,18,2,0.000000,s18_p2
1779334762.0,18,3,0.000000,s18_p3
1779334763.0,6,1,0.000000,s6_p1
1779334763.0,6,4,0.079604,s6_p4
1779334763.0,6,2,0.113375,s6_p2
1779334763.0,6,3,0.000000,s6_p3
1779334763.0,1,4,0.000000,s1_p4
1779334763.0,1,1,0.125564,s1_p1
1779334763.0,1,2,0.043464,s1_p2
1779334763.0,1,3,0.000000,s1_p3
1779334763.0,15,4,0.000000,s15_p4
1779334763.0,15,1,0.000000,s15_p1
1779334763.0,15,2,0.000000,s15_p2
1779334763.0,15,3,0.856438,s15_p3
1779334763.0,10,4,0.000000,s10_p4
1779334763.0,10,1,0.125467,s10_p1
1779334763.0,10,2,0.000000,s10_p2
1779334763.0,10,3,0.000000,s10_p3
1779334763.0,14,4,1.000000,s14_p4
1779334763.0,14,1,0.000000,s14_p1
1779334763.0,14,2,0.113379,s14_p2
1779334763.0,14,3,0.000000,s14_p3
1779334763.0,8,4,0.000000,s8_p4
1779334763.0,8,1,0.074791,s8_p1
1779334763.0,8,2,0.000000,s8_p2
1779334763.0,8,3,0.147170,s8_p3
1779334763.0,13,1,0.024111,s13_p1
1779334763.0,13,4,0.000000,s13_p4
1779334763.0,13,2,0.000000,s13_p2
1779334763.0,13,3,0.000000,s13_p3
1779334763.0,20,1,0.627486,s20_p1
1779334763.0,20,4,0.374078,s20_p4
1779334763.0,20,2,0.530950,s20_p2
1779334763.0,20,3,0.567151,s20_p3
1779334763.0,7,1,0.000000,s7_p1
1779334763.0,7,4,0.106082,s7_p4
1779334763.0,7,2,0.000000,s7_p2
1779334763.0,7,3,0.024109,s7_p3
1779334763.0,3,4,0.000000,s3_p4
1779334763.0,3,1,0.106081,s3_p1
1779334763.0,3,2,0.000000,s3_p2
1779334763.0,3,3,0.040986,s3_p3
1779334763.0,5,4,0.127886,s5_p4
1779334763.0,5,1,0.000000,s5_p1
1779334763.0,5,2,0.024129,s5_p2
1779334763.0,5,3,0.000000,s5_p3
1779334763.0,4,4,0.113411,s4_p4
1779334763.0,4,1,0.000000,s4_p1
1779334763.0,4,2,0.103759,s4_p2
1779334763.0,4,3,0.000000,s4_p3
1779334763.0,17,1,0.988520,s17_p1
1779334763.0,17,4,0.000000,s17_p4
1779334763.0,17,2,0.518370,s17_p2
1779334763.0,17,3,0.120551,s17_p3
1779334763.0,12,4,0.566693,s12_p4
1779334763.0,12,1,0.106104,s12_p1
1779334763.0,12,2,0.000000,s12_p2
1779334763.0,12,3,0.000000,s12_p3
1779334763.0,11,4,0.000000,s11_p4
1779334763.0,11,1,0.000000,s11_p1
1779334763.0,11,2,0.103693,s11_p2
1779334763.0,11,3,0.204975,s11_p3
1779334763.0,2,1,0.000000,s2_p1
1779334763.0,2,4,0.000000,s2_p4
1779334763.0,2,2,0.154280,s2_p2
1779334763.0,2,3,0.103657,s2_p3
1779334763.0,16,1,0.000000,s16_p1
1779334763.0,16,4,0.530362,s16_p4
1779334763.0,16,2,0.074733,s16_p2
1779334763.0,16,3,0.000000,s16_p3
1779334763.0,9,1,0.043379,s9_p1
1779334763.0,9,4,0.000000,s9_p4
1779334763.0,9,2,0.154236,s9_p2
1779334763.0,9,3,0.518136,s9_p3
1779334763.0,18,4,0.000000,s18_p4
1779334763.0,18,1,0.000000,s18_p1
1779334763.0,18,2,0.000000,s18_p2
1779334763.0,18,3,0.000000,s18_p3
1779334763.0,19,1,0.000000,s19_p1
1779334763.0,19,4,0.000000,s19_p4
1779334763.0,19,2,0.000000,s19_p2
1779334763.0,19,3,0.000000,s19_p3
1779334763.0,10,4,0.000000,s10_p4
1779334763.0,10,1,0.123223,s10_p1
1779334763.0,10,2,0.000000,s10_p2
1779334763.0,10,3,0.000000,s10_p3
1779334763.0,15,4,0.000000,s15_p4
1779334763.0,15,1,0.000000,s15_p1
1779334763.0,15,2,0.000000,s15_p2
1779334763.0,15,3,0.833350,s15_p3
1779334763.0,19,1,0.000000,s19_p1
1779334763.0,19,4,0.000000,s19_p4
1779334763.0,19,2,0.000000,s19_p2
1779334763.0,19,3,0.000000,s19_p3
1779334763.0,13,1,0.021754,s13_p1
1779334763.0,13,4,0.000000,s13_p4
1779334763.0,13,2,0.000000,s13_p2
1779334763.0,13,3,0.000000,s13_p3
1779334763.0,6,1,0.000000,s6_p1
1779334763.0,6,4,0.079639,s6_p4
1779334763.0,6,2,0.111012,s6_p2
1779334763.0,6,3,0.000000,s6_p3
1779334763.0,8,4,0.000000,s8_p4
1779334763.0,8,1,0.077304,s8_p1
1779334763.0,8,2,0.000000,s8_p2
1779334763.0,8,3,0.144945,s8_p3
1779334763.0,1,4,0.000000,s1_p4
1779334763.0,1,1,0.122998,s1_p1
1779334763.0,1,2,0.043411,s1_p2
1779334763.0,1,3,0.000000,s1_p3
1779334763.0,7,1,0.000000,s7_p1
1779334763.0,7,4,0.103850,s7_p4
1779334763.0,7,2,0.000000,s7_p2
1779334763.0,7,3,0.021736,s7_p3
1779334763.0,17,1,1.000000,s17_p1
1779334763.0,17,4,0.000000,s17_p4
1779334763.0,17,2,0.531645,s17_p2
1779334763.0,17,3,0.108746,s17_p3
1779334763.0,9,1,0.043521,s9_p1
1779334763.0,9,4,0.000000,s9_p4
1779334763.0,9,2,0.157160,s9_p2
1779334763.0,9,3,0.531927,s9_p3
1779334763.0,11,4,0.000000,s11_p4
1779334763.0,11,1,0.000000,s11_p1
1779334763.0,11,2,0.106337,s11_p2
1779334763.0,11,3,0.205424,s11_p3
1779334763.0,20,1,0.615754,s20_p1
1779334763.0,20,4,0.386356,s20_p4
1779334763.0,20,2,0.519165,s20_p2
1779334763.0,20,3,0.555386,s20_p3
1779334763.0,4,4,0.111088,s4_p4
1779334763.0,4,1,0.000000,s4_p1
1779334763.0,4,2,0.103843,s4_p2
1779334763.0,4,3,0.000000,s4_p3
1779334763.0,3,4,0.000000,s3_p4
1779334763.0,3,1,0.103836,s3_p1
1779334763.0,3,2,0.000000,s3_p2
1779334763.0,3,3,0.041051,s3_p3
1779334763.0,16,1,0.000000,s16_p1
1779334763.0,16,4,0.519640,s16_p4
1779334763.0,16,2,0.077342,s16_p2
1779334763.0,16,3,0.000000,s16_p3
1779334763.0,2,1,0.000000,s2_p1
1779334763.0,2,4,0.000000,s2_p4
1779334763.0,2,2,0.157092,s2_p2
1779334763.0,2,3,0.106339,s2_p3
1779334763.0,5,4,0.130394,s5_p4
1779334763.0,5,1,0.000000,s5_p1
1779334763.0,5,2,0.021732,s5_p2
1779334763.0,5,3,0.000000,s5_p3
1779334763.0,12,4,0.555759,s12_p4
1779334763.0,12,1,0.103903,s12_p1
1779334763.0,12,2,0.000000,s12_p2
1779334763.0,12,3,0.000000,s12_p3
1779334763.0,14,4,1.000000,s14_p4
1779334763.0,14,1,0.000000,s14_p1
1779334763.0,14,2,0.110991,s14_p2
1779334763.0,14,3,0.000000,s14_p3
1779334763.0,18,4,0.000000,s18_p4
1779334763.0,18,1,0.000000,s18_p1
1779334763.0,18,2,0.000000,s18_p2
1779334763.0,18,3,0.000000,s18_p3
1779334764.0,14,4,1.000000,s14_p4
1779334764.0,14,1,0.000000,s14_p1
1779334764.0,14,2,0.113667,s14_p2
1779334764.0,14,3,0.000000,s14_p3
1779334764.0,1,4,0.000000,s1_p4
1779334764.0,1,1,0.123283,s1_p1
1779334764.0,1,2,0.043512,s1_p2
1779334764.0,1,3,0.000000,s1_p3
1779334764.0,19,1,0.000000,s19_p1
1779334764.0,19,4,0.000000,s19_p4
1779334764.0,19,2,0.000000,s19_p2
1779334764.0,19,3,0.000000,s19_p3
1779334764.0,6,1,0.000000,s6_p1
1779334764.0,6,4,0.079697,s6_p4
1779334764.0,6,2,0.113507,s6_p2
1779334764.0,6,3,0.000000,s6_p3
1779334764.0,10,4,0.000000,s10_p4
1779334764.0,10,1,0.123062,s10_p1
1779334764.0,10,2,0.000000,s10_p2
1779334764.0,10,3,0.000000,s10_p3
1779334764.0,3,4,0.000000,s3_p4
1779334764.0,3,1,0.106300,s3_p1
1779334764.0,3,2,0.000000,s3_p2
1779334764.0,3,3,0.041071,s3_p3
1779334764.0,7,1,0.000000,s7_p1
1779334764.0,7,4,0.106280,s7_p4
1779334764.0,7,2,0.000000,s7_p2
1779334764.0,7,3,0.024155,s7_p3
1779334764.0,5,4,0.130460,s5_p4
1779334764.0,5,1,0.000000,s5_p1
1779334764.0,5,2,0.024159,s5_p2
1779334764.0,5,3,0.000000,s5_p3
1779334764.0,13,1,0.024131,s13_p1
1779334764.0,13,4,0.000000,s13_p4
1779334764.0,13,2,0.000000,s13_p2
1779334764.0,13,3,0.000000,s13_p3
1779334764.0,4,4,0.113536,s4_p4
1779334764.0,4,1,0.000000,s4_p1
1779334764.0,4,2,0.106289,s4_p2
1779334764.0,4,3,0.000000,s4_p3
1779334764.0,15,4,0.000000,s15_p4
1779334764.0,15,1,0.000000,s15_p1
1779334764.0,15,2,0.000000,s15_p2
1779334764.0,15,3,0.844485,s15_p3
1779334764.0,20,1,0.615935,s20_p1
1779334764.0,20,4,0.386469,s20_p4
1779334764.0,20,2,0.531395,s20_p2
1779334764.0,20,3,0.567627,s20_p3
1779334764.0,8,4,0.000000,s8_p4
1779334764.0,8,1,0.077211,s8_p1
1779334764.0,8,2,0.000000,s8_p2
1779334764.0,8,3,0.147184,s8_p3
1779334764.0,9,1,0.043455,s9_p1
1779334764.0,9,4,0.000000,s9_p4
1779334764.0,9,2,0.156922,s9_p2
1779334764.0,9,3,0.519048,s9_p3
1779334764.0,12,4,0.567385,s12_p4
1779334764.0,12,1,0.106234,s12_p1
1779334764.0,12,2,0.000000,s12_p2
1779334764.0,12,3,0.000000,s12_p3
1779334764.0,16,1,0.000000,s16_p1
1779334764.0,16,4,0.531123,s16_p4
1779334764.0,16,2,0.077254,s16_p2
1779334764.0,16,3,0.000000,s16_p3
1779334764.0,2,1,0.000000,s2_p1
1779334764.0,2,4,0.000000,s2_p4
1779334764.0,2,2,0.156922,s2_p2
1779334764.0,2,3,0.103810,s2_p3
1779334764.0,18,4,0.000000,s18_p4
1779334764.0,18,1,0.000000,s18_p1
1779334764.0,18,2,0.000000,s18_p2
1779334764.0,18,3,0.000000,s18_p3
1779334764.0,17,1,1.000000,s17_p1
1779334764.0,17,4,0.000000,s17_p4
1779334764.0,17,2,0.518960,s17_p2
1779334764.0,17,3,0.120688,s17_p3
1779334764.0,11,4,0.000000,s11_p4
1779334764.0,11,1,0.000000,s11_p1
1779334764.0,11,2,0.103794,s11_p2
1779334764.0,11,3,0.205174,s11_p3
1779334764.0,1,4,0.000000,s1_p4
1779334764.0,1,1,0.123252,s1_p1
1779334764.0,1,2,0.043501,s1_p2
1779334764.0,1,3,0.000000,s1_p3
1779334764.0,10,4,0.000000,s10_p4
1779334764.0,10,1,0.123246,s10_p1
1779334764.0,10,2,0.000000,s10_p2
1779334764.0,10,3,0.000000,s10_p3
1779334764.0,7,1,0.000000,s7_p1
1779334764.0,7,4,0.106333,s7_p4
1779334764.0,7,2,0.000000,s7_p2
1779334764.0,7,3,0.021750,s7_p3
1779334764.0,15,4,0.000000,s15_p4
1779334764.0,15,1,0.000000,s15_p1
1779334764.0,15,2,0.000000,s15_p2
1779334764.0,15,3,0.857958,s15_p3
1779334764.0,8,4,0.000000,s8_p4
1779334764.0,8,1,0.074924,s8_p1
1779334764.0,8,2,0.000000,s8_p2
1779334764.0,8,3,0.147432,s8_p3
1779334764.0,13,1,0.021749,s13_p1
1779334764.0,13,4,0.000000,s13_p4
1779334764.0,13,2,0.000000,s13_p2
1779334764.0,13,3,0.000000,s13_p3
1779334764.0,3,4,0.000000,s3_p4
1779334764.0,3,1,0.106319,s3_p1
1779334764.0,3,2,0.000000,s3_p2
1779334764.0,3,3,0.041078,s3_p3
1779334764.0,14,4,0.989746,s14_p4
1779334764.0,14,1,0.000000,s14_p1
1779334764.0,14,2,0.111045,s14_p2
1779334764.0,14,3,0.000000,s14_p3
1779334764.0,5,4,0.128007,s5_p4
1779334764.0,5,1,0.000000,s5_p1
1779334764.0,5,2,0.021737,s5_p2
1779334764.0,5,3,0.000000,s5_p3
1779334764.0,4,4,0.111096,s4_p4
1779334764.0,4,1,0.000000,s4_p1
1779334764.0,4,2,0.103850,s4_p2
1779334764.0,4,3,0.000000,s4_p3
1779334764.0,12,4,0.555800,s12_p4
1779334764.0,12,1,0.106327,s12_p1
1779334764.0,12,2,0.000000,s12_p2
1779334764.0,12,3,0.000000,s12_p3
1779334764.0,20,1,0.615864,s20_p1
1779334764.0,20,4,0.374349,s20_p4
1779334764.0,20,2,0.531334,s20_p2
1779334764.0,20,3,0.555485,s20_p3
1779334764.0,9,1,0.043472,s9_p1
1779334764.0,9,4,0.000000,s9_p4
1779334764.0,9,2,0.156983,s9_p2
1779334764.0,9,3,0.519250,s9_p3
1779334764.0,17,1,1.000000,s17_p1
1779334764.0,17,4,0.000000,s17_p4
1779334764.0,17,2,0.519291,s17_p2
1779334764.0,17,3,0.108689,s17_p3
1779334764.0,11,4,0.000000,s11_p4
1779334764.0,11,1,0.000000,s11_p1
1779334764.0,11,2,0.103857,s11_p2
1779334764.0,11,3,0.205298,s11_p3
1779334764.0,16,1,0.000000,s16_p1
1779334764.0,16,4,0.531288,s16_p4
1779334764.0,16,2,0.077278,s16_p2
1779334764.0,16,3,0.000000,s16_p3
1779334764.0,18,4,0.000000,s18_p4
1779334764.0,18,1,0.000000,s18_p1
1779334764.0,18,2,0.000000,s18_p2
1779334764.0,18,3,0.000000,s18_p3
1779334764.0,2,1,0.000000,s2_p1
1779334764.0,2,4,0.000000,s2_p4
1779334764.0,2,2,0.156962,s2_p2
1779334764.0,2,3,0.103836,s2_p3
1779334764.0,19,1,0.000000,s19_p1
1779334764.0,19,4,0.000000,s19_p4
1779334764.0,19,2,0.000000,s19_p2
1779334764.0,19,3,0.000000,s19_p3
1779334764.0,6,1,0.000000,s6_p1
1779334764.0,6,4,0.079544,s6_p4
1779334764.0,6,2,0.110879,s6_p2
1779334764.0,6,3,0.000000,s6_p3
1779334765.0,10,4,0.000000,s10_p4
1779334765.0,10,1,0.125521,s10_p1
1779334765.0,10,2,0.000000,s10_p2
1779334765.0,10,3,0.000000,s10_p3
1779334765.0,6,1,0.000000,s6_p1
1779334765.0,6,4,0.079798,s6_p4
1779334765.0,6,2,0.111234,s6_p2
1779334765.0,6,3,0.000000,s6_p3
1779334765.0,14,4,1.000000,s14_p4
1779334765.0,14,1,0.000000,s14_p1
1779334765.0,14,2,0.111041,s14_p2
1779334765.0,14,3,0.000000,s14_p3
1779334765.0,19,1,0.000000,s19_p1
1779334765.0,19,4,0.000000,s19_p4
1779334765.0,19,2,0.000000,s19_p2
1779334765.0,19,3,0.000000,s19_p3
1779334765.0,15,4,0.000000,s15_p4
1779334765.0,15,1,0.000000,s15_p1
1779334765.0,15,2,0.000000,s15_p2
1779334765.0,15,3,0.844763,s15_p3
1779334765.0,1,4,0.000000,s1_p4
1779334765.0,1,1,0.125395,s1_p1
1779334765.0,1,2,0.043406,s1_p2
1779334765.0,1,3,0.000000,s1_p3
1779334765.0,8,4,0.000000,s8_p4
1779334765.0,8,1,0.074821,s8_p1
1779334765.0,8,2,0.000000,s8_p2
1779334765.0,8,3,0.147228,s8_p3
1779334765.0,13,1,0.021722,s13_p1
1779334765.0,13,4,0.000000,s13_p4
1779334765.0,13,2,0.000000,s13_p2
1779334765.0,13,3,0.000000,s13_p3
1779334765.0,17,1,0.989917,s17_p1
1779334765.0,17,4,0.000000,s17_p4
1779334765.0,17,2,0.531175,s17_p2
1779334765.0,17,3,0.108649,s17_p3
1779334765.0,20,1,0.627349,s20_p1
1779334765.0,20,4,0.373997,s20_p4
1779334765.0,20,2,0.530834,s20_p2
1779334765.0,20,3,0.554963,s20_p3
1779334765.0,11,4,0.000000,s11_p4
1779334765.0,11,1,0.000000,s11_p1
1779334765.0,11,2,0.106227,s11_p2
1779334765.0,11,3,0.205212,s11_p3
1779334765.0,7,1,0.000000,s7_p1
1779334765.0,7,4,0.106081,s7_p4
1779334765.0,7,2,0.000000,s7_p2
1779334765.0,7,3,0.021698,s7_p3
1779334765.0,5,4,0.130267,s5_p4
1779334765.0,5,1,0.000000,s5_p1
1779334765.0,5,2,0.021711,s5_p2
1779334765.0,5,3,0.000000,s5_p3
1779334765.0,16,1,0.000000,s16_p1
1779334765.0,16,4,0.531131,s16_p4
1779334765.0,16,2,0.072427,s16_p2
1779334765.0,16,3,0.000000,s16_p3
1779334765.0,18,4,0.000000,s18_p4
1779334765.0,18,1,0.000000,s18_p1
1779334765.0,18,2,0.000000,s18_p2
1779334765.0,18,3,0.000000,s18_p3
1779334765.0,3,4,0.000000,s3_p4
1779334765.0,3,1,0.106083,s3_p1
1779334765.0,3,2,0.000000,s3_p2
1779334765.0,3,3,0.040987,s3_p3
1779334765.0,4,4,0.110969,s4_p4
1779334765.0,4,1,0.000000,s4_p1
1779334765.0,4,2,0.103732,s4_p2
1779334765.0,4,3,0.000000,s4_p3
1779334765.0,9,1,0.043446,s9_p1
1779334765.0,9,4,0.000000,s9_p4
1779334765.0,9,2,0.154475,s9_p2
1779334765.0,9,3,0.531007,s9_p3
1779334765.0,12,4,0.566890,s12_p4
1779334765.0,12,1,0.106141,s12_p1
1779334765.0,12,2,0.000000,s12_p2
1779334765.0,12,3,0.000000,s12_p3
1779334765.0,2,1,0.000000,s2_p1
1779334765.0,2,4,0.000000,s2_p4
1779334765.0,2,2,0.154501,s2_p2
1779334765.0,2,3,0.106220,s2_p3
1779334765.0,6,1,0.000000,s6_p1
1779334765.0,6,4,0.079827,s6_p4
1779334765.0,6,2,0.113693,s6_p2
1779334765.0,6,3,0.000000,s6_p3
1779334765.0,1,4,0.000000,s1_p4
1779334765.0,1,1,0.123366,s1_p1
1779334765.0,1,2,0.041122,s1_p2
1779334765.0,1,3,0.000000,s1_p3
1779334765.0,14,4,1.000000,s14_p4
1779334765.0,14,1,0.000000,s14_p1
1779334765.0,14,2,0.113678,s14_p2
1779334765.0,14,3,0.000000,s14_p3
1779334765.0,3,4,0.000000,s3_p4
1779334765.0,3,1,0.104066,s3_p1
1779334765.0,3,2,0.000000,s3_p2
1779334765.0,3,3,0.041142,s3_p3
1779334765.0,15,4,0.000000,s15_p4
1779334765.0,15,1,0.000000,s15_p1
1779334765.0,15,2,0.000000,s15_p2
1779334765.0,15,3,0.845988,s15_p3
1779334765.0,8,4,0.000000,s8_p4
1779334765.0,8,1,0.077347,s8_p1
1779334765.0,8,2,0.000000,s8_p2
1779334765.0,8,3,0.145025,s8_p3
1779334765.0,10,4,0.000000,s10_p4
1779334765.0,10,1,0.123235,s10_p1
1779334765.0,10,2,0.000000,s10_p2
1779334765.0,10,3,0.000000,s10_p3
1779334765.0,13,1,0.024170,s13_p1
1779334765.0,13,4,0.000000,s13_p4
1779334765.0,13,2,0.000000,s13_p2
1779334765.0,13,3,0.000000,s13_p3
1779334765.0,20,1,0.616588,s20_p1
1779334765.0,20,4,0.386879,s20_p4
1779334765.0,20,2,0.519869,s20_p2
1779334765.0,20,3,0.568229,s20_p3
1779334765.0,4,4,0.113656,s4_p4
1779334765.0,4,1,0.000000,s4_p1
1779334765.0,4,2,0.106401,s4_p2
1779334765.0,4,3,0.000000,s4_p3
1779334765.0,7,1,0.000000,s7_p1
1779334765.0,7,4,0.103969,s7_p4
1779334765.0,7,2,0.000000,s7_p2
1779334765.0,7,3,0.024179,s7_p3
1779334765.0,17,1,0.930745,s17_p1
1779334765.0,17,4,0.000000,s17_p4
1779334765.0,17,2,0.519767,s17_p2
1779334765.0,17,3,0.120876,s17_p3
1779334765.0,2,1,0.000000,s2_p1
1779334765.0,2,4,0.000000,s2_p4
1779334765.0,2,2,0.145091,s2_p2
1779334765.0,2,3,0.103982,s2_p3
1779334765.0,12,4,0.556149,s12_p4
1779334765.0,12,1,0.103976,s12_p1
1779334765.0,12,2,0.000000,s12_p2
1779334765.0,12,3,0.000000,s12_p3
1779334765.0,18,4,0.000000,s18_p4
1779334765.0,18,1,0.000000,s18_p1
1779334765.0,18,2,0.000000,s18_p2
1779334765.0,18,3,0.000000,s18_p3
1779334765.0,5,4,0.128128,s5_p4
1779334765.0,5,1,0.000000,s5_p1
1779334765.0,5,2,0.024175,s5_p2
1779334765.0,5,3,0.000000,s5_p3
1779334765.0,9,1,0.041088,s9_p1
1779334765.0,9,4,0.000000,s9_p4
1779334765.0,9,2,0.145017,s9_p2
1779334765.0,9,3,0.519643,s9_p3
1779334765.0,16,1,0.000000,s16_p1
1779334765.0,16,4,0.519573,s16_p4
1779334765.0,16,2,0.077332,s16_p2
1779334765.0,16,3,0.000000,s16_p3
1779334765.0,19,1,0.000000,s19_p1
1779334765.0,19,4,0.000000,s19_p4
1779334765.0,19,2,0.000000,s19_p2
1779334765.0,19,3,0.000000,s19_p3
1779334765.0,11,4,0.000000,s11_p4
1779334765.0,11,1,0.000000,s11_p1
1779334765.0,11,2,0.103902,s11_p2
1779334765.0,11,3,0.205388,s11_p3
1779334766.0,10,4,0.000000,s10_p4
1779334766.0,10,1,0.127801,s10_p1
1779334766.0,10,2,0.000000,s10_p2
1779334766.0,10,3,0.000000,s10_p3
1779334766.0,15,4,0.000000,s15_p4
1779334766.0,15,1,0.000000,s15_p1
1779334766.0,15,2,0.000000,s15_p2
1779334766.0,15,3,0.843758,s15_p3
1779334766.0,8,4,0.000000,s8_p4
1779334766.0,8,1,0.072323,s8_p1
1779334766.0,8,2,0.000000,s8_p2
1779334766.0,8,3,0.147057,s8_p3
1779334766.0,3,4,0.000000,s3_p4
1779334766.0,3,1,0.105951,s3_p1
1779334766.0,3,2,0.000000,s3_p2
1779334766.0,3,3,0.040936,s3_p3
1779334766.0,18,4,0.000000,s18_p4
1779334766.0,18,1,0.000000,s18_p1
1779334766.0,18,2,0.000000,s18_p2
1779334766.0,18,3,0.000000,s18_p3
1779334766.0,20,1,0.638525,s20_p1
1779334766.0,20,4,0.361429,s20_p4
1779334766.0,20,2,0.530096,s20_p2
1779334766.0,20,3,0.554191,s20_p3
1779334766.0,16,1,0.000000,s16_p1
1779334766.0,16,4,0.530435,s16_p4
1779334766.0,16,2,0.072332,s16_p2
1779334766.0,16,3,0.000000,s16_p3
1779334766.0,6,1,0.000000,s6_p1
1779334766.0,6,4,0.079390,s6_p4
1779334766.0,6,2,0.110665,s6_p2
1779334766.0,6,3,0.000000,s6_p3
1779334766.0,17,1,0.939770,s17_p1
1779334766.0,17,4,0.000000,s17_p4
1779334766.0,17,2,0.518078,s17_p2
1779334766.0,17,3,0.108435,s17_p3
1779334766.0,19,1,0.000000,s19_p1
1779334766.0,19,4,0.000000,s19_p4
1779334766.0,19,2,0.000000,s19_p2
1779334766.0,19,3,0.000000,s19_p3
1779334766.0,4,4,0.110834,s4_p4
1779334766.0,4,1,0.000000,s4_p1
1779334766.0,4,2,0.103606,s4_p2
1779334766.0,4,3,0.000000,s4_p3
1779334766.0,14,4,0.998483,s14_p4
1779334766.0,14,1,0.000000,s14_p1
1779334766.0,14,2,0.110675,s14_p2
1779334766.0,14,3,0.000000,s14_p3
1779334766.0,5,4,0.130132,s5_p4
1779334766.0,5,1,0.000000,s5_p1
1779334766.0,5,2,0.021689,s5_p2
1779334766.0,5,3,0.000000,s5_p3
1779334766.0,7,1,0.000000,s7_p1
1779334766.0,7,4,0.106010,s7_p4
1779334766.0,7,2,0.000000,s7_p2
1779334766.0,7,3,0.021684,s7_p3
1779334766.0,13,1,0.021669,s13_p1
1779334766.0,13,4,0.000000,s13_p4
1779334766.0,13,2,0.000000,s13_p2
1779334766.0,13,3,0.000000,s13_p3
1779334766.0,2,1,0.000000,s2_p1
1779334766.0,2,4,0.000000,s2_p4
1779334766.0,2,2,0.146968,s2_p2
1779334766.0,2,3,0.103600,s2_p3
1779334766.0,1,4,0.000000,s1_p4
1779334766.0,1,1,0.127493,s1_p1
1779334766.0,1,2,0.040894,s1_p2
1779334766.0,1,3,0.000000,s1_p3
1779334766.0,12,4,0.554136,s12_p4
1779334766.0,12,1,0.106009,s12_p1
1779334766.0,12,2,0.000000,s12_p2
1779334766.0,12,3,0.000000,s12_p3
1779334766.0,11,4,0.000000,s11_p4
1779334766.0,11,1,0.000000,s11_p1
1779334766.0,11,2,0.103633,s11_p2
1779334766.0,11,3,0.204856,s11_p3
1779334766.0,9,1,0.040964,s9_p1
1779334766.0,9,4,0.000000,s9_p4
1779334766.0,9,2,0.146989,s9_p2
1779334766.0,9,3,0.518078,s9_p3
1779334766.0,19,1,0.000000,s19_p1
1779334766.0,19,4,0.000000,s19_p4
1779334766.0,19,2,0.000000,s19_p2
1779334766.0,19,3,0.000000,s19_p3
1779334766.0,14,4,1.000000,s14_p4
1779334766.0,14,1,0.000000,s14_p1
1779334766.0,14,2,0.113799,s14_p2
1779334766.0,14,3,0.000000,s14_p3
1779334766.0,6,1,0.000000,s6_p1
1779334766.0,6,4,0.079890,s6_p4
1779334766.0,6,2,0.113782,s6_p2
1779334766.0,6,3,0.000000,s6_p3
1779334766.0,1,4,0.000000,s1_p4
1779334766.0,1,1,0.121070,s1_p1
1779334766.0,1,2,0.041164,s1_p2
1779334766.0,1,3,0.000000,s1_p3
1779334766.0,15,4,0.000000,s15_p4
1779334766.0,15,1,0.000000,s15_p1
1779334766.0,15,2,0.000000,s15_p2
1779334766.0,15,3,0.845943,s15_p3
1779334766.0,10,4,0.000000,s10_p4
1779334766.0,10,1,0.120817,s10_p1
1779334766.0,10,2,0.000000,s10_p2
1779334766.0,10,3,0.000000,s10_p3
1779334766.0,3,4,0.000000,s3_p4
1779334766.0,3,1,0.106447,s3_p1
1779334766.0,3,2,0.000000,s3_p2
1779334766.0,3,3,0.041127,s3_p3
1779334766.0,8,4,0.000000,s8_p4
1779334766.0,8,1,0.079752,s8_p1
1779334766.0,8,2,0.000000,s8_p2
1779334766.0,8,3,0.147420,s8_p3
1779334766.0,4,4,0.113674,s4_p4
1779334766.0,4,1,0.000000,s4_p1
1779334766.0,4,2,0.103999,s4_p2
1779334766.0,4,3,0.000000,s4_p3
1779334766.0,13,1,0.021768,s13_p1
1779334766.0,13,4,0.000000,s13_p4
1779334766.0,13,2,0.000000,s13_p2
1779334766.0,13,3,0.000000,s13_p3
1779334766.0,7,1,0.000000,s7_p1
1779334766.0,7,4,0.106416,s7_p4
1779334766.0,7,2,0.000000,s7_p2
1779334766.0,7,3,0.021767,s7_p3
1779334766.0,20,1,0.604515,s20_p1
1779334766.0,20,4,0.398980,s20_p4
1779334766.0,20,2,0.531973,s20_p2
1779334766.0,20,3,0.568244,s20_p3
1779334766.0,18,4,0.000000,s18_p4
1779334766.0,18,1,0.000000,s18_p1
1779334766.0,18,2,0.000000,s18_p2
1779334766.0,18,3,0.000000,s18_p3
1779334766.0,5,4,0.130536,s5_p4
1779334766.0,5,1,0.000000,s5_p1
1779334766.0,5,2,0.021756,s5_p2
1779334766.0,5,3,0.000000,s5_p3
1779334766.0,12,4,0.568144,s12_p4
1779334766.0,12,1,0.106376,s12_p1
1779334766.0,12,2,0.000000,s12_p2
1779334766.0,12,3,0.000000,s12_p3
1779334766.0,2,1,0.000000,s2_p1
1779334766.0,2,4,0.000000,s2_p4
1779334766.0,2,2,0.147467,s2_p2
1779334766.0,2,3,0.106369,s2_p3
1779334766.0,16,1,0.000000,s16_p1
1779334766.0,16,4,0.531712,s16_p4
1779334766.0,16,2,0.079757,s16_p2
1779334766.0,16,3,0.000000,s16_p3
1779334766.0,9,1,0.041097,s9_p1
1779334766.0,9,4,0.000000,s9_p4
1779334766.0,9,2,0.147467,s9_p2
1779334766.0,9,3,0.531849,s9_p3
1779334766.0,17,1,0.942306,s17_p1
1779334766.0,17,4,0.000000,s17_p4
1779334766.0,17,2,0.531557,s17_p2
1779334766.0,17,3,0.108728,s17_p3
1779334766.0,11,4,0.000000,s11_p4
1779334766.0,11,1,0.000000,s11_p1
1779334766.0,11,2,0.106353,s11_p2
1779334766.0,11,3,0.205455,s11_p3
1779334767.0,19,1,0.000000,s19_p1
1779334767.0,19,4,0.000000,s19_p4
1779334767.0,19,2,0.000000,s19_p2
1779334767.0,19,3,0.000000,s19_p3
1779334767.0,6,1,0.000000,s6_p1
1779334767.0,6,4,0.082058,s6_p4
1779334767.0,6,2,0.111020,s6_p2
1779334767.0,6,3,0.000000,s6_p3
1779334767.0,12,4,0.555434,s12_p4
1779334767.0,12,1,0.106257,s12_p1
1779334767.0,12,2,0.000000,s12_p2
1779334767.0,12,3,0.000000,s12_p3
1779334767.0,15,4,0.000000,s15_p4
1779334767.0,15,1,0.000000,s15_p1
1779334767.0,15,2,0.000000,s15_p2
1779334767.0,15,3,0.856220,s15_p3
1779334767.0,17,1,0.942070,s17_p1
1779334767.0,17,4,0.000000,s17_p4
1779334767.0,17,2,0.519346,s17_p2
1779334767.0,17,3,0.120778,s17_p3
1779334767.0,7,1,0.000000,s7_p1
1779334767.0,7,4,0.106188,s7_p4
1779334767.0,7,2,0.000000,s7_p2
1779334767.0,7,3,0.024134,s7_p3
1779334767.0,5,4,0.127965,s5_p4
1779334767.0,5,1,0.000000,s5_p1
1779334767.0,5,2,0.024144,s5_p2
1779334767.0,5,3,0.000000,s5_p3
1779334767.0,3,4,0.000000,s3_p4
1779334767.0,3,1,0.106123,s3_p1
1779334767.0,3,2,0.000000,s3_p2
1779334767.0,3,3,0.041002,s3_p3
1779334767.0,8,4,0.000000,s8_p4
1779334767.0,8,1,0.072357,s8_p1
1779334767.0,8,2,0.000000,s8_p2
1779334767.0,8,3,0.147125,s8_p3
1779334767.0,4,4,0.110987,s4_p4
1779334767.0,4,1,0.000000,s4_p1
1779334767.0,4,2,0.106161,s4_p2
1779334767.0,4,3,0.000000,s4_p3
1779334767.0,18,4,0.000000,s18_p4
1779334767.0,18,1,0.000000,s18_p1
1779334767.0,18,2,0.000000,s18_p2
1779334767.0,18,3,0.000000,s18_p3
1779334767.0,13,1,0.024128,s13_p1
1779334767.0,13,4,0.000000,s13_p4
1779334767.0,13,2,0.000000,s13_p2
1779334767.0,13,3,0.000000,s13_p3
1779334767.0,20,1,0.639403,s20_p1
1779334767.0,20,4,0.361926,s20_p4
1779334767.0,20,2,0.530826,s20_p2
1779334767.0,20,3,0.554954,s20_p3
1779334767.0,1,4,0.000000,s1_p4
1779334767.0,1,1,0.127738,s1_p1
1779334767.0,1,2,0.040973,s1_p2
1779334767.0,1,3,0.000000,s1_p3
1779334767.0,14,4,1.000000,s14_p4
1779334767.0,14,1,0.000000,s14_p1
1779334767.0,14,2,0.110854,s14_p2
1779334767.0,14,3,0.000000,s14_p3
1779334767.0,10,4,0.000000,s10_p4
1779334767.0,10,1,0.127789,s10_p1
1779334767.0,10,2,0.000000,s10_p2
1779334767.0,10,3,0.000000,s10_p3
1779334767.0,16,1,0.000000,s16_p1
1779334767.0,16,4,0.530862,s16_p4
1779334767.0,16,2,0.072390,s16_p2
1779334767.0,16,3,0.000000,s16_p3
1779334767.0,9,1,0.041030,s9_p1
1779334767.0,9,4,0.000000,s9_p4
1779334767.0,9,2,0.147224,s9_p2
1779334767.0,9,3,0.518905,s9_p3
1779334767.0,2,1,0.000000,s2_p1
1779334767.0,2,4,0.000000,s2_p4
1779334767.0,2,2,0.147177,s2_p2
1779334767.0,2,3,0.103748,s2_p3
1779334767.0,11,4,0.000000,s11_p4
1779334767.0,11,1,0.000000,s11_p1
1779334767.0,11,2,0.103786,s11_p2
1779334767.0,11,3,0.205158,s11_p3
1779334767.0,6,1,0.000000,s6_p1
1779334767.0,6,4,0.079806,s6_p4
1779334767.0,6,2,0.113664,s6_p2
1779334767.0,6,3,0.000000,s6_p3
1779334767.0,3,4,0.000000,s3_p4
1779334767.0,3,1,0.104057,s3_p1
1779334767.0,3,2,0.000000,s3_p2
1779334767.0,3,3,0.041139,s3_p3
1779334767.0,1,4,0.000000,s1_p4
1779334767.0,1,1,0.121014,s1_p1
1779334767.0,1,2,0.041145,s1_p2
1779334767.0,1,3,0.000000,s1_p3
1779334767.0,10,4,0.000000,s10_p4
1779334767.0,10,1,0.121018,s10_p1
1779334767.0,10,2,0.000000,s10_p2
1779334767.0,10,3,0.000000,s10_p3
1779334767.0,8,4,0.000000,s8_p4
1779334767.0,8,1,0.077376,s8_p1
1779334767.0,8,2,0.000000,s8_p2
1779334767.0,8,3,0.145080,s8_p3
1779334767.0,7,1,0.000000,s7_p1
1779334767.0,7,4,0.103958,s7_p4
1779334767.0,7,2,0.000000,s7_p2
1779334767.0,7,3,0.021759,s7_p3
1779334767.0,14,4,0.991478,s14_p4
1779334767.0,14,1,0.000000,s14_p1
1779334767.0,14,2,0.113657,s14_p2
1779334767.0,14,3,0.000000,s14_p3
1779334767.0,15,4,0.000000,s15_p4
1779334767.0,15,1,0.000000,s15_p1
1779334767.0,15,2,0.000000,s15_p2
1779334767.0,15,3,0.833975,s15_p3
1779334767.0,13,1,0.021762,s13_p1
1779334767.0,13,4,0.000000,s13_p4
1779334767.0,13,2,0.000000,s13_p2
1779334767.0,13,3,0.000000,s13_p3
1779334767.0,20,1,0.604496,s20_p1
1779334767.0,20,4,0.386877,s20_p4
1779334767.0,20,2,0.519866,s20_p2
1779334767.0,20,3,0.568226,s20_p3
1779334767.0,17,1,0.930176,s17_p1
1779334767.0,17,4,0.000000,s17_p4
1779334767.0,17,2,0.519449,s17_p2
1779334767.0,17,3,0.108722,s17_p3
1779334767.0,16,1,0.000000,s16_p1
1779334767.0,16,4,0.531883,s16_p4
1779334767.0,16,2,0.077365,s16_p2
1779334767.0,16,3,0.000000,s16_p3
1779334767.0,5,4,0.130463,s5_p4
1779334767.0,5,1,0.000000,s5_p1
1779334767.0,5,2,0.021744,s5_p2
1779334767.0,5,3,0.000000,s5_p3
1779334767.0,18,4,0.000000,s18_p4
1779334767.0,18,1,0.000000,s18_p1
1779334767.0,18,2,0.000000,s18_p2
1779334767.0,18,3,0.000000,s18_p3
1779334767.0,12,4,0.567628,s12_p4
1779334767.0,12,1,0.103864,s12_p1
1779334767.0,12,2,0.000000,s12_p2
1779334767.0,12,3,0.000000,s12_p3
1779334767.0,4,4,0.113553,s4_p4
1779334767.0,4,1,0.000000,s4_p1
1779334767.0,4,2,0.103889,s4_p2
1779334767.0,4,3,0.000000,s4_p3
1779334767.0,2,1,0.000000,s2_p1
1779334767.0,2,4,0.000000,s2_p4
1779334767.0,2,2,0.145047,s2_p2
1779334767.0,2,3,0.103950,s2_p3
1779334767.0,19,1,0.000000,s19_p1
1779334767.0,19,4,0.000000,s19_p4
1779334767.0,19,2,0.000000,s19_p2
1779334767.0,19,3,0.000000,s19_p3
1779334767.0,9,1,0.041083,s9_p1
1779334767.0,9,4,0.000000,s9_p4
1779334767.0,9,2,0.144998,s9_p2
1779334767.0,9,3,0.519577,s9_p3
1779334767.0,11,4,0.000000,s11_p4
1779334767.0,11,1,0.000000,s11_p1
1779334767.0,11,2,0.103918,s11_p2
1779334767.0,11,3,0.205418,s11_p3
1779334768.0,10,4,0.000000,s10_p4
1779334768.0,10,1,0.122845,s10_p1
1779334768.0,10,2,0.000000,s10_p2
1779334768.0,10,3,0.000000,s10_p3
1779334768.0,19,1,0.000000,s19_p1
1779334768.0,19,4,0.000000,s19_p4
1779334768.0,19,2,0.000000,s19_p2
1779334768.0,19,3,0.000000,s19_p3
1779334768.0,14,4,1.000000,s14_p4
1779334768.0,14,1,0.000000,s14_p1
1779334768.0,14,2,0.110874,s14_p2
1779334768.0,14,3,0.000000,s14_p3
1779334768.0,1,4,0.000000,s1_p4
1779334768.0,1,1,0.122817,s1_p1
1779334768.0,1,2,0.040939,s1_p2
1779334768.0,1,3,0.000000,s1_p3
1779334768.0,6,1,0.000000,s6_p1
1779334768.0,6,4,0.079418,s6_p4
1779334768.0,6,2,0.110704,s6_p2
1779334768.0,6,3,0.000000,s6_p3
1779334768.0,3,4,0.000000,s3_p4
1779334768.0,3,1,0.105947,s3_p1
1779334768.0,3,2,0.000000,s3_p2
1779334768.0,3,3,0.040934,s3_p3
1779334768.0,8,4,0.000000,s8_p4
1779334768.0,8,1,0.077069,s8_p1
1779334768.0,8,2,0.000000,s8_p2
1779334768.0,8,3,0.146914,s8_p3
1779334768.0,12,4,0.554366,s12_p4
1779334768.0,12,1,0.106053,s12_p1
1779334768.0,12,2,0.000000,s12_p2
1779334768.0,12,3,0.000000,s12_p3
1779334768.0,5,4,0.127735,s5_p4
1779334768.0,5,1,0.000000,s5_p1
1779334768.0,5,2,0.024101,s5_p2
1779334768.0,5,3,0.000000,s5_p3
1779334768.0,20,1,0.614186,s20_p1
1779334768.0,20,4,0.385372,s20_p4
1779334768.0,20,2,0.529886,s20_p2
1779334768.0,20,3,0.553972,s20_p3
1779334768.0,15,4,0.000000,s15_p4
1779334768.0,15,1,0.000000,s15_p1
1779334768.0,15,2,0.000000,s15_p2
1779334768.0,15,3,0.854991,s15_p3
1779334768.0,4,4,0.110870,s4_p4
1779334768.0,4,1,0.000000,s4_p1
1779334768.0,4,2,0.106050,s4_p2
1779334768.0,4,3,0.000000,s4_p3
1779334768.0,13,1,0.024084,s13_p1
1779334768.0,13,4,0.000000,s13_p4
1779334768.0,13,2,0.000000,s13_p2
1779334768.0,13,3,0.000000,s13_p3
1779334768.0,7,1,0.000000,s7_p1
1779334768.0,7,4,0.105956,s7_p4
1779334768.0,7,2,0.000000,s7_p2
1779334768.0,7,3,0.024081,s7_p3
1779334768.0,18,4,0.000000,s18_p4
1779334768.0,18,1,0.000000,s18_p1
1779334768.0,18,2,0.000000,s18_p2
1779334768.0,18,3,0.000000,s18_p3
1779334768.0,17,1,0.939262,s17_p1
1779334768.0,17,4,0.000000,s17_p4
1779334768.0,17,2,0.529840,s17_p2
1779334768.0,17,3,0.120418,s17_p3
1779334768.0,16,1,0.000000,s16_p1
1779334768.0,16,4,0.517814,s16_p4
1779334768.0,16,2,0.077070,s16_p2
1779334768.0,16,3,0.000000,s16_p3
1779334768.0,9,1,0.040962,s9_p1
1779334768.0,9,4,0.000000,s9_p4
1779334768.0,9,2,0.146981,s9_p2
1779334768.0,9,3,0.530097,s9_p3
1779334768.0,11,4,0.000000,s11_p4
1779334768.0,11,1,0.000000,s11_p1
1779334768.0,11,2,0.106019,s11_p2
1779334768.0,11,3,0.204810,s11_p3
1779334768.0,2,1,0.000000,s2_p1
1779334768.0,2,4,0.000000,s2_p4
1779334768.0,2,2,0.146929,s2_p2
1779334768.0,2,3,0.105982,s2_p3
1779334768.0,1,4,0.000000,s1_p4
1779334768.0,1,1,0.127875,s1_p1
1779334768.0,1,2,0.041017,s1_p2
1779334768.0,1,3,0.000000,s1_p3
1779334768.0,13,1,0.021729,s13_p1
1779334768.0,13,4,0.000000,s13_p4
1779334768.0,13,2,0.000000,s13_p2
1779334768.0,13,3,0.000000,s13_p3
1779334768.0,10,4,0.000000,s10_p4
1779334768.0,10,1,0.127825,s10_p1
1779334768.0,10,2,0.000000,s10_p2
1779334768.0,10,3,0.000000,s10_p3
1779334768.0,5,4,0.130356,s5_p4
1779334768.0,5,1,0.000000,s5_p1
1779334768.0,5,2,0.021726,s5_p2
1779334768.0,5,3,0.000000,s5_p3
1779334768.0,20,1,0.639710,s20_p1
1779334768.0,20,4,0.362100,s20_p4
1779334768.0,20,2,0.531080,s20_p2
1779334768.0,20,3,0.567290,s20_p3
1779334768.0,7,1,0.000000,s7_p1
1779334768.0,7,4,0.106223,s7_p4
1779334768.0,7,2,0.000000,s7_p2
1779334768.0,7,3,0.021727,s7_p3
1779334768.0,3,4,0.000000,s3_p4
1779334768.0,3,1,0.106134,s3_p1
1779334768.0,3,2,0.000000,s3_p2
1779334768.0,3,3,0.041006,s3_p3
1779334768.0,6,1,0.000000,s6_p1
1779334768.0,6,4,0.079597,s6_p4
1779334768.0,6,2,0.113365,s6_p2
1779334768.0,6,3,0.000000,s6_p3
1779334768.0,8,4,0.000000,s8_p4
1779334768.0,8,1,0.072402,s8_p1
1779334768.0,8,2,0.000000,s8_p2
1779334768.0,8,3,0.147218,s8_p3
1779334768.0,14,4,1.000000,s14_p4
1779334768.0,14,1,0.000000,s14_p1
1779334768.0,14,2,0.113351,s14_p2
1779334768.0,14,3,0.000000,s14_p3
1779334768.0,15,4,0.000000,s15_p4
1779334768.0,15,1,0.000000,s15_p1
1779334768.0,15,2,0.000000,s15_p2
1779334768.0,15,3,0.844719,s15_p3
1779334768.0,19,1,0.000000,s19_p1
1779334768.0,19,4,0.000000,s19_p4
1779334768.0,19,2,0.000000,s19_p2
1779334768.0,19,3,0.000000,s19_p3
1779334768.0,18,4,0.000000,s18_p4
1779334768.0,18,1,0.000000,s18_p1
1779334768.0,18,2,0.000000,s18_p2
1779334768.0,18,3,0.000000,s18_p3
1779334768.0,12,4,0.567056,s12_p4
1779334768.0,12,1,0.106172,s12_p1
1779334768.0,12,2,0.000000,s12_p2
1779334768.0,12,3,0.000000,s12_p3
1779334768.0,11,4,0.000000,s11_p4
1779334768.0,11,1,0.000000,s11_p1
1779334768.0,11,2,0.103774,s11_p2
1779334768.0,11,3,0.205135,s11_p3
1779334768.0,17,1,0.941052,s17_p1
1779334768.0,17,4,0.000000,s17_p4
1779334768.0,17,2,0.518785,s17_p2
1779334768.0,17,3,0.108583,s17_p3
1779334768.0,9,1,0.041021,s9_p1
1779334768.0,9,4,0.000000,s9_p4
1779334768.0,9,2,0.147194,s9_p2
1779334768.0,9,3,0.518799,s9_p3
1779334768.0,16,1,0.000000,s16_p1
1779334768.0,16,4,0.530839,s16_p4
1779334768.0,16,2,0.072387,s16_p2
1779334768.0,16,3,0.000000,s16_p3
1779334768.0,2,1,0.000000,s2_p1
1779334768.0,2,4,0.000000,s2_p4
1779334768.0,2,2,0.147194,s2_p2
1779334768.0,2,3,0.103760,s2_p3
1779334768.0,4,4,0.113330,s4_p4
1779334768.0,4,1,0.000000,s4_p1
1779334768.0,4,2,0.103685,s4_p2
1779334768.0,4,3,0.000000,s4_p3
1779334769.0,19,1,0.000000,s19_p1
1779334769.0,19,4,0.000000,s19_p4
1779334769.0,19,2,0.000000,s19_p2
1779334769.0,19,3,0.000000,s19_p3
1779334769.0,1,4,0.000000,s1_p4
1779334769.0,1,1,0.123432,s1_p1
1779334769.0,1,2,0.041144,s1_p2
1779334769.0,1,3,0.000000,s1_p3
1779334769.0,6,1,0.000000,s6_p1
1779334769.0,6,4,0.079888,s6_p4
1779334769.0,6,2,0.111359,s6_p2
1779334769.0,6,3,0.000000,s6_p3
1779334769.0,14,4,1.000000,s14_p4
1779334769.0,14,1,0.000000,s14_p1
1779334769.0,14,2,0.111340,s14_p2
1779334769.0,14,3,0.000000,s14_p3
1779334769.0,3,4,0.000000,s3_p4
1779334769.0,3,1,0.106482,s3_p1
1779334769.0,3,2,0.000000,s3_p2
1779334769.0,3,3,0.041141,s3_p3
1779334769.0,8,4,0.000000,s8_p4
1779334769.0,8,1,0.077423,s8_p1
1779334769.0,8,2,0.000000,s8_p2
1779334769.0,8,3,0.147588,s8_p3
1779334769.0,13,1,0.021769,s13_p1
1779334769.0,13,4,0.000000,s13_p4
1779334769.0,13,2,0.000000,s13_p2
1779334769.0,13,3,0.000000,s13_p3
1779334769.0,15,4,0.000000,s15_p4
1779334769.0,15,1,0.000000,s15_p1
1779334769.0,15,2,0.000000,s15_p2
1779334769.0,15,3,0.846820,s15_p3
1779334769.0,7,1,0.000000,s7_p1
1779334769.0,7,4,0.106396,s7_p4
1779334769.0,7,2,0.000000,s7_p2
1779334769.0,7,3,0.021763,s7_p3
1779334769.0,12,4,0.556297,s12_p4
1779334769.0,12,1,0.106422,s12_p1
1779334769.0,12,2,0.000000,s12_p2
1779334769.0,12,3,0.000000,s12_p3
1779334769.0,5,4,0.130555,s5_p4
1779334769.0,5,1,0.000000,s5_p1
1779334769.0,5,2,0.021759,s5_p2
1779334769.0,5,3,0.000000,s5_p3
1779334769.0,4,4,0.111343,s4_p4
1779334769.0,4,1,0.000000,s4_p1
1779334769.0,4,2,0.104082,s4_p2
1779334769.0,4,3,0.000000,s4_p3
1779334769.0,10,4,0.000000,s10_p4
1779334769.0,10,1,0.123293,s10_p1
1779334769.0,10,2,0.000000,s10_p2
1779334769.0,10,3,0.000000,s10_p3
1779334769.0,17,1,0.943412,s17_p1
1779334769.0,17,4,0.000000,s17_p4
1779334769.0,17,2,0.520086,s17_p2
1779334769.0,17,3,0.108855,s17_p3
1779334769.0,16,1,0.000000,s16_p1
1779334769.0,16,4,0.532176,s16_p4
1779334769.0,16,2,0.077407,s16_p2
1779334769.0,16,3,0.000000,s16_p3
1779334769.0,20,1,0.616134,s20_p1
1779334769.0,20,4,0.386594,s20_p4
1779334769.0,20,2,0.531567,s20_p2
1779334769.0,20,3,0.555729,s20_p3
1779334769.0,18,4,0.000000,s18_p4
1779334769.0,18,1,0.000000,s18_p1
1779334769.0,18,2,0.000000,s18_p2
1779334769.0,18,3,0.000000,s18_p3
1779334769.0,2,1,0.000000,s2_p1
1779334769.0,2,4,0.000000,s2_p4
1779334769.0,2,2,0.147548,s2_p2
1779334769.0,2,3,0.104009,s2_p3
1779334769.0,11,4,0.000000,s11_p4
1779334769.0,11,1,0.000000,s11_p1
1779334769.0,11,2,0.103972,s11_p2
1779334769.0,11,3,0.205526,s11_p3
1779334769.0,9,1,0.041108,s9_p1
1779334769.0,9,4,0.000000,s9_p4
1779334769.0,9,2,0.147504,s9_p2
1779334769.0,9,3,0.519891,s9_p3
1779334769.0,1,4,0.000000,s1_p4
1779334769.0,1,1,0.125702,s1_p1
1779334769.0,1,2,0.041095,s1_p2
1779334769.0,1,3,0.000000,s1_p3
1779334769.0,10,4,0.000000,s10_p4
1779334769.0,10,1,0.125810,s10_p1
1779334769.0,10,2,0.000000,s10_p2
1779334769.0,10,3,0.000000,s10_p3
1779334769.0,15,4,0.000000,s15_p4
1779334769.0,15,1,0.000000,s15_p1
1779334769.0,15,2,0.000000,s15_p2
1779334769.0,15,3,0.846284,s15_p3
1779334769.0,5,4,0.128149,s5_p4
1779334769.0,5,1,0.000000,s5_p1
1779334769.0,5,2,0.024179,s5_p2
1779334769.0,5,3,0.000000,s5_p3
1779334769.0,7,1,0.000000,s7_p1
1779334769.0,7,4,0.106370,s7_p4
1779334769.0,7,2,0.000000,s7_p2
1779334769.0,7,3,0.024175,s7_p3
1779334769.0,4,4,0.113634,s4_p4
1779334769.0,4,1,0.000000,s4_p1
1779334769.0,4,2,0.103963,s4_p2
1779334769.0,4,3,0.000000,s4_p3
1779334769.0,20,1,0.628980,s20_p1
1779334769.0,20,4,0.374969,s20_p4
1779334769.0,20,2,0.532214,s20_p2
1779334769.0,20,3,0.568501,s20_p3
1779334769.0,3,4,0.000000,s3_p4
1779334769.0,3,1,0.106272,s3_p1
1779334769.0,3,2,0.000000,s3_p2
1779334769.0,3,3,0.041059,s3_p3
1779334769.0,18,4,0.000000,s18_p4
1779334769.0,18,1,0.000000,s18_p1
1779334769.0,18,2,0.000000,s18_p2
1779334769.0,18,3,0.000000,s18_p3
1779334769.0,17,1,0.930707,s17_p1
1779334769.0,17,4,0.000000,s17_p4
1779334769.0,17,2,0.519746,s17_p2
1779334769.0,17,3,0.120871,s17_p3
1779334769.0,11,4,0.000000,s11_p4
1779334769.0,11,1,0.000000,s11_p1
1779334769.0,11,2,0.103981,s11_p2
1779334769.0,11,3,0.205543,s11_p3
1779334769.0,16,1,0.000000,s16_p1
1779334769.0,16,4,0.531821,s16_p4
1779334769.0,16,2,0.074938,s16_p2
1779334769.0,16,3,0.000000,s16_p3
1779334769.0,12,4,0.567721,s12_p4
1779334769.0,12,1,0.106297,s12_p1
1779334769.0,12,2,0.000000,s12_p2
1779334769.0,12,3,0.000000,s12_p3
1779334769.0,2,1,0.000000,s2_p1
1779334769.0,2,4,0.000000,s2_p4
1779334769.0,2,2,0.145050,s2_p2
1779334769.0,2,3,0.103952,s2_p3
1779334769.0,6,1,0.000000,s6_p1
1779334769.0,6,4,0.079606,s6_p4
1779334769.0,6,2,0.113379,s6_p2
1779334769.0,6,3,0.000000,s6_p3
1779334769.0,19,1,0.000000,s19_p1
1779334769.0,19,4,0.000000,s19_p4
1779334769.0,19,2,0.000000,s19_p2
1779334769.0,19,3,0.000000,s19_p3
1779334769.0,9,1,0.041093,s9_p1
1779334769.0,9,4,0.000000,s9_p4
1779334769.0,9,2,0.145034,s9_p2
1779334769.0,9,3,0.519704,s9_p3
1779334769.0,8,4,0.000000,s8_p4
1779334769.0,8,1,0.074803,s8_p1
1779334769.0,8,2,0.000000,s8_p2
1779334769.0,8,3,0.144780,s8_p3
1779334769.0,13,1,0.024130,s13_p1
1779334769.0,13,4,0.000000,s13_p4
1779334769.0,13,2,0.000000,s13_p2
1779334769.0,13,3,0.000000,s13_p3
1779334769.0,14,4,1.000000,s14_p4
1779334769.0,14,1,0.000000,s14_p1
1779334769.0,14,2,0.113361,s14_p2
1779334769.0,14,3,0.000000,s14_p3
1779334770.0,19,1,0.000000,s19_p1
1779334770.0,19,4,0.000000,s19_p4
1779334770.0,19,2,0.000000,s19_p2
1779334770.0,19,3,0.000000,s19_p3
1779334770.0,1,4,0.000000,s1_p4
1779334770.0,1,1,0.122741,s1_p1
1779334770.0,1,2,0.040914,s1_p2
1779334770.0,1,3,0.000000,s1_p3
1779334770.0,6,1,0.000000,s6_p1
1779334770.0,6,4,0.079586,s6_p4
1779334770.0,6,2,0.110939,s6_p2
1779334770.0,6,3,0.000000,s6_p3
1779334770.0,10,4,0.000000,s10_p4
1779334770.0,10,1,0.122677,s10_p1
1779334770.0,10,2,0.000000,s10_p2
1779334770.0,10,3,0.000000,s10_p3
1779334770.0,3,4,0.000000,s3_p4
1779334770.0,3,1,0.103504,s3_p1
1779334770.0,3,2,0.000000,s3_p2
1779334770.0,3,3,0.040920,s3_p3
1779334770.0,14,4,1.000000,s14_p4
1779334770.0,14,1,0.000000,s14_p1
1779334770.0,14,2,0.110864,s14_p2
1779334770.0,14,3,0.000000,s14_p3
1779334770.0,7,1,0.000000,s7_p1
1779334770.0,7,4,0.105841,s7_p4
1779334770.0,7,2,0.000000,s7_p2
1779334770.0,7,3,0.021649,s7_p3
1779334770.0,13,1,0.021679,s13_p1
1779334770.0,13,4,0.000000,s13_p4
1779334770.0,13,2,0.000000,s13_p2
1779334770.0,13,3,0.000000,s13_p3
1779334770.0,8,4,0.000000,s8_p4
1779334770.0,8,1,0.077074,s8_p1
1779334770.0,8,2,0.000000,s8_p2
1779334770.0,8,3,0.146922,s8_p3
1779334770.0,15,4,0.000000,s15_p4
1779334770.0,15,1,0.000000,s15_p1
1779334770.0,15,2,0.000000,s15_p2
1779334770.0,15,3,0.841345,s15_p3
1779334770.0,18,4,0.000000,s18_p4
1779334770.0,18,1,0.000000,s18_p1
1779334770.0,18,2,0.000000,s18_p2
1779334770.0,18,3,0.000000,s18_p3
1779334770.0,4,4,0.110558,s4_p4
1779334770.0,4,1,0.000000,s4_p1
1779334770.0,4,2,0.105751,s4_p2
1779334770.0,4,3,0.000000,s4_p3
1779334770.0,17,1,0.937892,s17_p1
1779334770.0,17,4,0.000000,s17_p4
1779334770.0,17,2,0.529067,s17_p2
1779334770.0,17,3,0.108218,s17_p3
1779334770.0,5,4,0.129766,s5_p4
1779334770.0,5,1,0.000000,s5_p1
1779334770.0,5,2,0.021628,s5_p2
1779334770.0,5,3,0.000000,s5_p3
1779334770.0,20,1,0.612844,s20_p1
1779334770.0,20,4,0.384529,s20_p4
1779334770.0,20,2,0.528728,s20_p2
1779334770.0,20,3,0.552761,s20_p3
1779334770.0,12,4,0.553140,s12_p4
1779334770.0,12,1,0.105818,s12_p1
1779334770.0,12,2,0.000000,s12_p2
1779334770.0,12,3,0.000000,s12_p3
1779334770.0,11,4,0.000000,s11_p4
1779334770.0,11,1,0.000000,s11_p1
1779334770.0,11,2,0.105778,s11_p2
1779334770.0,11,3,0.204344,s11_p3
1779334770.0,9,1,0.040884,s9_p1
1779334770.0,9,4,0.000000,s9_p4
1779334770.0,9,2,0.146701,s9_p2
1779334770.0,9,3,0.529087,s9_p3
1779334770.0,16,1,0.000000,s16_p1
1779334770.0,16,4,0.528860,s16_p4
1779334770.0,16,2,0.076925,s16_p2
1779334770.0,16,3,0.000000,s16_p3
1779334770.0,2,1,0.000000,s2_p1
1779334770.0,2,4,0.000000,s2_p4
1779334770.0,2,2,0.146642,s2_p2
1779334770.0,2,3,0.105774,s2_p3
1779334770.0,19,1,0.000000,s19_p1
1779334770.0,19,4,0.000000,s19_p4
1779334770.0,19,2,0.000000,s19_p2
1779334770.0,19,3,0.000000,s19_p3
1779334770.0,3,4,0.000000,s3_p4
1779334770.0,3,1,0.105941,s3_p1
1779334770.0,3,2,0.000000,s3_p2
1779334770.0,3,3,0.040932,s3_p3
1779334770.0,8,4,0.000000,s8_p4
1779334770.0,8,1,0.079494,s8_p1
1779334770.0,8,2,0.000000,s8_p2
1779334770.0,8,3,0.146943,s8_p3
1779334770.0,10,4,0.000000,s10_p4
1779334770.0,10,1,0.120355,s10_p1
1779334770.0,10,2,0.000000,s10_p2
1779334770.0,10,3,0.000000,s10_p3
1779334770.0,1,4,0.000000,s1_p4
1779334770.0,1,1,0.120234,s1_p1
1779334770.0,1,2,0.040879,s1_p2
1779334770.0,1,3,0.000000,s1_p3
1779334770.0,6,1,0.000000,s6_p1
1779334770.0,6,4,0.079358,s6_p4
1779334770.0,6,2,0.113025,s6_p2
1779334770.0,6,3,0.000000,s6_p3
1779334770.0,4,4,0.113296,s4_p4
1779334770.0,4,1,0.000000,s4_p1
1779334770.0,4,2,0.103654,s4_p2
1779334770.0,4,3,0.000000,s4_p3
1779334770.0,7,1,0.000000,s7_p1
1779334770.0,7,4,0.103559,s7_p4
1779334770.0,7,2,0.000000,s7_p2
1779334770.0,7,3,0.021675,s7_p3
1779334770.0,5,4,0.130168,s5_p4
1779334770.0,5,1,0.000000,s5_p1
1779334770.0,5,2,0.021695,s5_p2
1779334770.0,5,3,0.000000,s5_p3
1779334770.0,14,4,0.998934,s14_p4
1779334770.0,14,1,0.000000,s14_p1
1779334770.0,14,2,0.113132,s14_p2
1779334770.0,14,3,0.000000,s14_p3
1779334770.0,15,4,0.000000,s15_p4
1779334770.0,15,1,0.000000,s15_p1
1779334770.0,15,2,0.000000,s15_p2
1779334770.0,15,3,0.842934,s15_p3
1779334770.0,20,1,0.602576,s20_p1
1779334770.0,20,4,0.397700,s20_p4
1779334770.0,20,2,0.518216,s20_p2
1779334770.0,20,3,0.566422,s20_p3
1779334770.0,12,4,0.566413,s12_p4
1779334770.0,12,1,0.103641,s12_p1
1779334770.0,12,2,0.000000,s12_p2
1779334770.0,12,3,0.000000,s12_p3
1779334770.0,13,1,0.021671,s13_p1
1779334770.0,13,4,0.000000,s13_p4
1779334770.0,13,2,0.000000,s13_p2
1779334770.0,13,3,0.000000,s13_p3
1779334770.0,9,1,0.040970,s9_p1
1779334770.0,9,4,0.000000,s9_p4
1779334770.0,9,2,0.147011,s9_p2
1779334770.0,9,3,0.518153,s9_p3
1779334770.0,16,1,0.000000,s16_p1
1779334770.0,16,4,0.518127,s16_p4
1779334770.0,16,2,0.079526,s16_p2
1779334770.0,16,3,0.000000,s16_p3
1779334770.0,17,1,0.939372,s17_p1
1779334770.0,17,4,0.000000,s17_p4
1779334770.0,17,2,0.517859,s17_p2
1779334770.0,17,3,0.108389,s17_p3
1779334770.0,18,4,0.000000,s18_p4
1779334770.0,18,1,0.000000,s18_p1
1779334770.0,18,2,0.000000,s18_p2
1779334770.0,18,3,0.000000,s18_p3
1779334770.0,2,1,0.000000,s2_p1
1779334770.0,2,4,0.000000,s2_p4
1779334770.0,2,2,0.146985,s2_p2
1779334770.0,2,3,0.103613,s2_p3
1779334770.0,11,4,0.000000,s11_p4
1779334770.0,11,1,0.000000,s11_p1
1779334770.0,11,2,0.103598,s11_p2
1779334770.0,11,3,0.204787,s11_p3
1779334771.0,6,1,0.000000,s6_p1
1779334771.0,6,4,0.080148,s6_p4
1779334771.0,6,2,0.111722,s6_p2
1779334771.0,6,3,0.000000,s6_p3
1779334771.0,1,4,0.000000,s1_p4
1779334771.0,1,1,0.126267,s1_p1
1779334771.0,1,2,0.041280,s1_p2
1779334771.0,1,3,0.000000,s1_p3
1779334771.0,19,1,0.000000,s19_p1
1779334771.0,19,4,0.000000,s19_p4
1779334771.0,19,2,0.000000,s19_p2
1779334771.0,19,3,0.000000,s19_p3
1779334771.0,8,4,0.000000,s8_p4
1779334771.0,8,1,0.072796,s8_p1
1779334771.0,8,2,0.000000,s8_p2
1779334771.0,8,3,0.148018,s8_p3
1779334771.0,3,4,0.000000,s3_p4
1779334771.0,3,1,0.106743,s3_p1
1779334771.0,3,2,0.000000,s3_p2
1779334771.0,3,3,0.041242,s3_p3
1779334771.0,14,4,0.994957,s14_p4
1779334771.0,14,1,0.000000,s14_p1
1779334771.0,14,2,0.111629,s14_p2
1779334771.0,14,3,0.000000,s14_p3
1779334771.0,10,4,0.000000,s10_p4
1779334771.0,10,1,0.126165,s10_p1
1779334771.0,10,2,0.000000,s10_p2
1779334771.0,10,3,0.000000,s10_p3
1779334771.0,15,4,0.000000,s15_p4
1779334771.0,15,1,0.000000,s15_p1
1779334771.0,15,2,0.000000,s15_p2
1779334771.0,15,3,0.861470,s15_p3
1779334771.0,20,1,0.630461,s20_p1
1779334771.0,20,4,0.363728,s20_p4
1779334771.0,20,2,0.533467,s20_p2
1779334771.0,20,3,0.557716,s20_p3
1779334771.0,13,1,0.024249,s13_p1
1779334771.0,13,4,0.000000,s13_p4
1779334771.0,13,2,0.000000,s13_p2
1779334771.0,13,3,0.000000,s13_p3
1779334771.0,7,1,0.000000,s7_p1
1779334771.0,7,4,0.106666,s7_p4
1779334771.0,7,2,0.000000,s7_p2
1779334771.0,7,3,0.024242,s7_p3
1779334771.0,5,4,0.128486,s5_p4
1779334771.0,5,1,0.000000,s5_p1
1779334771.0,5,2,0.024243,s5_p2
1779334771.0,5,3,0.000000,s5_p3
1779334771.0,4,4,0.111506,s4_p4
1779334771.0,4,1,0.000000,s4_p1
1779334771.0,4,2,0.104234,s4_p2
1779334771.0,4,3,0.000000,s4_p3
1779334771.0,12,4,0.557626,s12_p4
1779334771.0,12,1,0.106676,s12_p1
1779334771.0,12,2,0.000000,s12_p2
1779334771.0,12,3,0.000000,s12_p3
1779334771.0,11,4,0.000000,s11_p4
1779334771.0,11,1,0.000000,s11_p1
1779334771.0,11,2,0.106710,s11_p2
1779334771.0,11,3,0.206144,s11_p3
1779334771.0,9,1,0.041215,s9_p1
1779334771.0,9,4,0.000000,s9_p4
1779334771.0,9,2,0.147890,s9_p2
1779334771.0,9,3,0.533375,s9_p3
1779334771.0,16,1,0.000000,s16_p1
1779334771.0,16,4,0.533403,s16_p4
1779334771.0,16,2,0.072737,s16_p2
1779334771.0,16,3,0.000000,s16_p3
1779334771.0,2,1,0.000000,s2_p1
1779334771.0,2,4,0.000000,s2_p4
1779334771.0,2,2,0.147913,s2_p2
1779334771.0,2,3,0.106691,s2_p3
1779334771.0,18,4,0.000000,s18_p4
1779334771.0,18,1,0.000000,s18_p1
1779334771.0,18,2,0.000000,s18_p2
1779334771.0,18,3,0.000000,s18_p3
1779334771.0,17,1,0.945496,s17_p1
1779334771.0,17,4,0.000000,s17_p4
1779334771.0,17,2,0.533357,s17_p2
1779334771.0,17,3,0.121217,s17_p3
1779334771.0,19,1,0.000000,s19_p1
1779334771.0,19,4,0.000000,s19_p4
1779334771.0,19,2,0.000000,s19_p2
1779334771.0,19,3,0.000000,s19_p3
1779334771.0,15,4,0.000000,s15_p4
1779334771.0,15,1,0.000000,s15_p1
1779334771.0,15,2,0.000000,s15_p2
1779334771.0,15,3,0.833456,s15_p3
1779334771.0,3,4,0.000000,s3_p4
1779334771.0,3,1,0.106284,s3_p1
1779334771.0,3,2,0.000000,s3_p2
1779334771.0,3,3,0.041064,s3_p3
1779334771.0,6,1,0.000000,s6_p1
1779334771.0,6,4,0.079638,s6_p4
1779334771.0,6,2,0.111010,s6_p2
1779334771.0,6,3,0.000000,s6_p3
1779334771.0,1,4,0.000000,s1_p4
1779334771.0,1,1,0.120684,s1_p1
1779334771.0,1,2,0.041032,s1_p2
1779334771.0,1,3,0.000000,s1_p3
1779334771.0,14,4,1.000000,s14_p4
1779334771.0,14,1,0.000000,s14_p1
1779334771.0,14,2,0.111109,s14_p2
1779334771.0,14,3,0.000000,s14_p3
1779334771.0,10,4,0.000000,s10_p4
1779334771.0,10,1,0.120698,s10_p1
1779334771.0,10,2,0.000000,s10_p2
1779334771.0,10,3,0.000000,s10_p3
1779334771.0,8,4,0.000000,s8_p4
1779334771.0,8,1,0.079643,s8_p1
1779334771.0,8,2,0.000000,s8_p2
1779334771.0,8,3,0.144805,s8_p3
1779334771.0,12,4,0.555718,s12_p4
1779334771.0,12,1,0.106311,s12_p1
1779334771.0,12,2,0.000000,s12_p2
1779334771.0,12,3,0.000000,s12_p3
1779334771.0,13,1,0.021742,s13_p1
1779334771.0,13,4,0.000000,s13_p4
1779334771.0,13,2,0.000000,s13_p2
1779334771.0,13,3,0.000000,s13_p3
1779334771.0,20,1,0.603891,s20_p1
1779334771.0,20,4,0.398568,s20_p4
1779334771.0,20,2,0.531424,s20_p2
1779334771.0,20,3,0.555580,s20_p3
1779334771.0,4,4,0.111128,s4_p4
1779334771.0,4,1,0.000000,s4_p1
1779334771.0,4,2,0.106296,s4_p2
1779334771.0,4,3,0.000000,s4_p3
1779334771.0,5,4,0.130448,s5_p4
1779334771.0,5,1,0.000000,s5_p1
1779334771.0,5,2,0.021741,s5_p2
1779334771.0,5,3,0.000000,s5_p3
1779334771.0,7,1,0.000000,s7_p1
1779334771.0,7,4,0.106285,s7_p4
1779334771.0,7,2,0.000000,s7_p2
1779334771.0,7,3,0.021740,s7_p3
1779334771.0,11,4,0.000000,s11_p4
1779334771.0,11,1,0.000000,s11_p1
1779334771.0,11,2,0.103876,s11_p2
1779334771.0,11,3,0.205337,s11_p3
1779334771.0,16,1,0.000000,s16_p1
1779334771.0,16,4,0.531480,s16_p4
1779334771.0,16,2,0.079722,s16_p2
1779334771.0,16,3,0.000000,s16_p3
1779334771.0,9,1,0.041066,s9_p1
1779334771.0,9,4,0.000000,s9_p4
1779334771.0,9,2,0.144940,s9_p2
1779334771.0,9,3,0.519368,s9_p3
1779334771.0,18,4,0.000000,s18_p4
1779334771.0,18,1,0.000000,s18_p1
1779334771.0,18,2,0.000000,s18_p2
1779334771.0,18,3,0.000000,s18_p3
1779334771.0,2,1,0.000000,s2_p1
1779334771.0,2,4,0.000000,s2_p4
1779334771.0,2,2,0.144937,s2_p2
1779334771.0,2,3,0.103872,s2_p3
1779334771.0,17,1,0.930048,s17_p1
1779334771.0,17,4,0.000000,s17_p4
1779334771.0,17,2,0.519378,s17_p2
1779334771.0,17,3,0.108707,s17_p3
1779334772.0,5,4,0.128053,s5_p4
1779334772.0,5,1,0.000000,s5_p1
1779334772.0,5,2,0.024161,s5_p2
1779334772.0,5,3,0.000000,s5_p3
1779334772.0,19,1,0.000000,s19_p1
1779334772.0,19,4,0.000000,s19_p4
1779334772.0,19,2,0.000000,s19_p2
1779334772.0,19,3,0.000000,s19_p3
1779334772.0,13,1,0.024154,s13_p1
1779334772.0,13,4,0.000000,s13_p4
1779334772.0,13,2,0.000000,s13_p2
1779334772.0,13,3,0.000000,s13_p3
1779334772.0,10,4,0.000000,s10_p4
1779334772.0,10,1,0.123166,s10_p1
1779334772.0,10,2,0.000000,s10_p2
1779334772.0,10,3,0.000000,s10_p3
1779334772.0,12,4,0.567573,s12_p4
1779334772.0,12,1,0.103854,s12_p1
1779334772.0,12,2,0.000000,s12_p2
1779334772.0,12,3,0.000000,s12_p3
1779334772.0,6,1,0.000000,s6_p1
1779334772.0,6,4,0.079635,s6_p4
1779334772.0,6,2,0.113420,s6_p2
1779334772.0,6,3,0.000000,s6_p3
1779334772.0,18,4,0.000000,s18_p4
1779334772.0,18,1,0.000000,s18_p1
1779334772.0,18,2,0.000000,s18_p2
1779334772.0,18,3,0.000000,s18_p3
1779334772.0,20,1,0.615830,s20_p1
1779334772.0,20,4,0.386403,s20_p4
1779334772.0,20,2,0.519229,s20_p2
1779334772.0,20,3,0.567529,s20_p3
1779334772.0,17,1,0.929814,s17_p1
1779334772.0,17,4,0.000000,s17_p4
1779334772.0,17,2,0.519247,s17_p2
1779334772.0,17,3,0.120755,s17_p3
1779334772.0,7,1,0.000000,s7_p1
1779334772.0,7,4,0.103771,s7_p4
1779334772.0,7,2,0.000000,s7_p2
1779334772.0,7,3,0.024133,s7_p3
1779334772.0,11,4,0.000000,s11_p4
1779334772.0,11,1,0.000000,s11_p1
1779334772.0,11,2,0.103815,s11_p2
1779334772.0,11,3,0.205215,s11_p3
1779334772.0,4,4,0.113411,s4_p4
1779334772.0,4,1,0.000000,s4_p1
1779334772.0,4,2,0.103759,s4_p2
1779334772.0,4,3,0.000000,s4_p3
1779334772.0,16,1,0.000000,s16_p1
1779334772.0,16,4,0.531154,s16_p4
1779334772.0,16,2,0.077259,s16_p2
1779334772.0,16,3,0.000000,s16_p3
1779334772.0,14,4,1.000000,s14_p4
1779334772.0,14,1,0.000000,s14_p1
1779334772.0,14,2,0.113313,s14_p2
1779334772.0,14,3,0.000000,s14_p3
1779334772.0,9,1,0.041043,s9_p1
1779334772.0,9,4,0.000000,s9_p4
1779334772.0,9,2,0.147273,s9_p2
1779334772.0,9,3,0.519078,s9_p3
1779334772.0,15,4,0.000000,s15_p4
1779334772.0,15,1,0.000000,s15_p1
1779334772.0,15,2,0.000000,s15_p2
1779334772.0,15,3,0.855724,s15_p3
1779334772.0,2,1,0.000000,s2_p1
1779334772.0,2,4,0.000000,s2_p4
1779334772.0,2,2,0.147278,s2_p2
1779334772.0,2,3,0.103819,s2_p3
1779334772.0,1,4,0.000000,s1_p4
1779334772.0,1,1,0.122940,s1_p1
1779334772.0,1,2,0.038569,s1_p2
1779334772.0,1,3,0.000000,s1_p3
1779334772.0,8,4,0.000000,s8_p4
1779334772.0,8,1,0.077194,s8_p1
1779334772.0,8,2,0.000000,s8_p2
1779334772.0,8,3,0.147151,s8_p3
1779334772.0,3,4,0.000000,s3_p4
1779334772.0,3,1,0.103647,s3_p1
1779334772.0,3,2,0.000000,s3_p2
1779334772.0,3,3,0.038566,s3_p3
1779334772.0,19,1,0.000000,s19_p1
1779334772.0,19,4,0.000000,s19_p4
1779334772.0,19,2,0.000000,s19_p2
1779334772.0,19,3,0.000000,s19_p3
1779334772.0,1,4,0.000000,s1_p4
1779334772.0,1,1,0.128160,s1_p1
1779334772.0,1,2,0.041108,s1_p2
1779334772.0,1,3,0.000000,s1_p3
1779334772.0,8,4,0.000000,s8_p4
1779334772.0,8,1,0.072542,s8_p1
1779334772.0,8,2,0.000000,s8_p2
1779334772.0,8,3,0.147501,s8_p3
1779334772.0,3,4,0.000000,s3_p4
1779334772.0,3,1,0.106394,s3_p1
1779334772.0,3,2,0.000000,s3_p2
1779334772.0,3,3,0.041107,s3_p3
1779334772.0,14,4,1.000000,s14_p4
1779334772.0,14,1,0.000000,s14_p1
1779334772.0,14,2,0.111213,s14_p2
1779334772.0,14,3,0.000000,s14_p3
1779334772.0,15,4,0.000000,s15_p4
1779334772.0,15,1,0.000000,s15_p1
1779334772.0,15,2,0.000000,s15_p2
1779334772.0,15,3,0.846212,s15_p3
1779334772.0,6,1,0.000000,s6_p1
1779334772.0,6,4,0.079675,s6_p4
1779334772.0,6,2,0.111063,s6_p2
1779334772.0,6,3,0.000000,s6_p3
1779334772.0,4,4,0.111076,s4_p4
1779334772.0,4,1,0.000000,s4_p1
1779334772.0,4,2,0.103832,s4_p2
1779334772.0,4,3,0.000000,s4_p3
1779334772.0,7,1,0.000000,s7_p1
1779334772.0,7,4,0.106234,s7_p4
1779334772.0,7,2,0.000000,s7_p2
1779334772.0,7,3,0.021730,s7_p3
1779334772.0,9,1,0.038634,s9_p1
1779334772.0,9,4,0.000000,s9_p4
1779334772.0,9,2,0.147291,s9_p2
1779334772.0,9,3,0.531215,s9_p3
1779334772.0,5,4,0.130216,s5_p4
1779334772.0,5,1,0.000000,s5_p1
1779334772.0,5,2,0.021703,s5_p2
1779334772.0,5,3,0.000000,s5_p3
1779334772.0,17,1,0.941488,s17_p1
1779334772.0,17,4,0.000000,s17_p4
1779334772.0,17,2,0.519026,s17_p2
1779334772.0,17,3,0.108633,s17_p3
1779334772.0,18,4,0.000000,s18_p4
1779334772.0,18,1,0.000000,s18_p1
1779334772.0,18,2,0.000000,s18_p2
1779334772.0,18,3,0.000000,s18_p3
1779334772.0,12,4,0.554722,s12_p4
1779334772.0,12,1,0.106121,s12_p1
1779334772.0,12,2,0.000000,s12_p2
1779334772.0,12,3,0.000000,s12_p3
1779334772.0,2,1,0.000000,s2_p1
1779334772.0,2,4,0.000000,s2_p4
1779334772.0,2,2,0.147281,s2_p2
1779334772.0,2,3,0.103821,s2_p3
1779334772.0,20,1,0.639168,s20_p1
1779334772.0,20,4,0.361793,s20_p4
1779334772.0,20,2,0.530630,s20_p2
1779334772.0,20,3,0.554749,s20_p3
1779334772.0,13,1,0.021703,s13_p1
1779334772.0,13,4,0.000000,s13_p4
1779334772.0,13,2,0.000000,s13_p2
1779334772.0,13,3,0.000000,s13_p3
1779334772.0,16,1,0.000000,s16_p1
1779334772.0,16,4,0.519000,s16_p4
1779334772.0,16,2,0.072419,s16_p2
1779334772.0,16,3,0.000000,s16_p3
1779334772.0,11,4,0.000000,s11_p4
1779334772.0,11,1,0.000000,s11_p1
1779334772.0,11,2,0.106206,s11_p2
1779334772.0,11,3,0.193102,s11_p3
1779334772.0,10,4,0.000000,s10_p4
1779334772.0,10,1,0.127798,s10_p1
1779334772.0,10,2,0.000000,s10_p2
1779334772.0,10,3,0.000000,s10_p3
1779334773.0,12,4,0.568398,s12_p4
1779334773.0,12,1,0.106424,s12_p1
1779334773.0,12,2,0.000000,s12_p2
1779334773.0,12,3,0.000000,s12_p3
1779334773.0,5,4,0.128165,s5_p4
1779334773.0,5,1,0.000000,s5_p1
1779334773.0,5,2,0.021764,s5_p2
1779334773.0,5,3,0.000000,s5_p3
1779334773.0,15,4,0.000000,s15_p4
1779334773.0,15,1,0.000000,s15_p1
1779334773.0,15,2,0.000000,s15_p2
1779334773.0,15,3,0.845255,s15_p3
1779334773.0,8,4,0.000000,s8_p4
1779334773.0,8,1,0.079688,s8_p1
1779334773.0,8,2,0.000000,s8_p2
1779334773.0,8,3,0.147302,s8_p3
1779334773.0,1,4,0.000000,s1_p4
1779334773.0,1,1,0.120731,s1_p1
1779334773.0,1,2,0.041049,s1_p2
1779334773.0,1,3,0.000000,s1_p3
1779334773.0,6,1,0.000000,s6_p1
1779334773.0,6,4,0.079632,s6_p4
1779334773.0,6,2,0.113415,s6_p2
1779334773.0,6,3,0.000000,s6_p3
1779334773.0,20,1,0.603885,s20_p1
1779334773.0,20,4,0.398564,s20_p4
1779334773.0,20,2,0.531419,s20_p2
1779334773.0,20,3,0.567652,s20_p3
1779334773.0,10,4,0.000000,s10_p4
1779334773.0,10,1,0.120788,s10_p1
1779334773.0,10,2,0.000000,s10_p2
1779334773.0,10,3,0.000000,s10_p3
1779334773.0,7,1,0.000000,s7_p1
1779334773.0,7,4,0.106257,s7_p4
1779334773.0,7,2,0.000000,s7_p2
1779334773.0,7,3,0.021734,s7_p3
1779334773.0,11,4,0.000000,s11_p4
1779334773.0,11,1,0.000000,s11_p1
1779334773.0,11,2,0.103870,s11_p2
1779334773.0,11,3,0.205325,s11_p3
1779334773.0,4,4,0.113489,s4_p4
1779334773.0,4,1,0.000000,s4_p1
1779334773.0,4,2,0.106245,s4_p2
1779334773.0,4,3,0.000000,s4_p3
1779334773.0,9,1,0.041051,s9_p1
1779334773.0,9,4,0.000000,s9_p4
1779334773.0,9,2,0.147302,s9_p2
1779334773.0,9,3,0.519178,s9_p3
1779334773.0,14,4,1.000000,s14_p4
1779334773.0,14,1,0.000000,s14_p1
1779334773.0,14,2,0.113344,s14_p2
1779334773.0,14,3,0.000000,s14_p3
1779334773.0,16,1,0.000000,s16_p1
1779334773.0,16,4,0.531340,s16_p4
1779334773.0,16,2,0.079701,s16_p2
1779334773.0,16,3,0.000000,s16_p3
1779334773.0,18,4,0.000000,s18_p4
1779334773.0,18,1,0.000000,s18_p1
1779334773.0,18,2,0.000000,s18_p2
1779334773.0,18,3,0.000000,s18_p3
1779334773.0,3,4,0.000000,s3_p4
1779334773.0,3,1,0.106101,s3_p1
1779334773.0,3,2,0.000000,s3_p2
1779334773.0,3,3,0.040993,s3_p3
1779334773.0,17,1,0.941684,s17_p1
1779334773.0,17,4,0.000000,s17_p4
1779334773.0,17,2,0.531206,s17_p2
1779334773.0,17,3,0.108656,s17_p3
1779334773.0,19,1,0.000000,s19_p1
1779334773.0,19,4,0.000000,s19_p4
1779334773.0,19,2,0.000000,s19_p2
1779334773.0,19,3,0.000000,s19_p3
1779334773.0,13,1,0.021733,s13_p1
1779334773.0,13,4,0.000000,s13_p4
1779334773.0,13,2,0.000000,s13_p2
1779334773.0,13,3,0.000000,s13_p3
1779334773.0,2,1,0.000000,s2_p1
1779334773.0,2,4,0.000000,s2_p4
1779334773.0,2,2,0.147288,s2_p2
1779334773.0,2,3,0.106241,s2_p3
1779334773.0,13,1,0.024127,s13_p1
1779334773.0,13,4,0.000000,s13_p4
1779334773.0,13,2,0.000000,s13_p2
1779334773.0,13,3,0.000000,s13_p3
1779334773.0,6,1,0.000000,s6_p1
1779334773.0,6,4,0.079574,s6_p4
1779334773.0,6,2,0.110921,s6_p2
1779334773.0,6,3,0.000000,s6_p3
1779334773.0,19,1,0.000000,s19_p1
1779334773.0,19,4,0.000000,s19_p4
1779334773.0,19,2,0.000000,s19_p2
1779334773.0,19,3,0.000000,s19_p3
1779334773.0,14,4,1.000000,s14_p4
1779334773.0,14,1,0.000000,s14_p1
1779334773.0,14,2,0.110944,s14_p2
1779334773.0,14,3,0.000000,s14_p3
1779334773.0,15,4,0.000000,s15_p4
1779334773.0,15,1,0.000000,s15_p1
1779334773.0,15,2,0.000000,s15_p2
1779334773.0,15,3,0.842940,s15_p3
1779334773.0,8,4,0.000000,s8_p4
1779334773.0,8,1,0.072252,s8_p1
1779334773.0,8,2,0.000000,s8_p2
1779334773.0,8,3,0.144505,s8_p3
1779334773.0,10,4,0.000000,s10_p4
1779334773.0,10,1,0.127797,s10_p1
1779334773.0,10,2,0.000000,s10_p2
1779334773.0,10,3,0.000000,s10_p3
1779334773.0,3,4,0.000000,s3_p4
1779334773.0,3,1,0.106117,s3_p1
1779334773.0,3,2,0.000000,s3_p2
1779334773.0,3,3,0.041000,s3_p3
1779334773.0,1,4,0.000000,s1_p4
1779334773.0,1,1,0.127640,s1_p1
1779334773.0,1,2,0.040941,s1_p2
1779334773.0,1,3,0.000000,s1_p3
1779334773.0,2,1,0.000000,s2_p1
1779334773.0,2,4,0.000000,s2_p4
1779334773.0,2,2,0.147028,s2_p2
1779334773.0,2,3,0.103643,s2_p3
1779334773.0,9,1,0.040963,s9_p1
1779334773.0,9,4,0.000000,s9_p4
1779334773.0,9,2,0.146985,s9_p2
1779334773.0,9,3,0.518064,s9_p3
1779334773.0,17,1,0.939831,s17_p1
1779334773.0,17,4,0.000000,s17_p4
1779334773.0,17,2,0.518112,s17_p2
1779334773.0,17,3,0.120491,s17_p3
1779334773.0,4,4,0.110830,s4_p4
1779334773.0,4,1,0.000000,s4_p1
1779334773.0,4,2,0.103602,s4_p2
1779334773.0,4,3,0.000000,s4_p3
1779334773.0,12,4,0.553311,s12_p4
1779334773.0,12,1,0.105851,s12_p1
1779334773.0,12,2,0.000000,s12_p2
1779334773.0,12,3,0.000000,s12_p3
1779334773.0,11,4,0.000000,s11_p4
1779334773.0,11,1,0.000000,s11_p1
1779334773.0,11,2,0.103596,s11_p2
1779334773.0,11,3,0.204783,s11_p3
1779334773.0,18,4,0.000000,s18_p4
1779334773.0,18,1,0.000000,s18_p1
1779334773.0,18,2,0.000000,s18_p2
1779334773.0,18,3,0.000000,s18_p3
1779334773.0,7,1,0.000000,s7_p1
1779334773.0,7,4,0.105993,s7_p4
1779334773.0,7,2,0.000000,s7_p2
1779334773.0,7,3,0.024089,s7_p3
1779334773.0,5,4,0.129910,s5_p4
1779334773.0,5,1,0.000000,s5_p1
1779334773.0,5,2,0.024057,s5_p2
1779334773.0,5,3,0.000000,s5_p3
1779334773.0,20,1,0.638295,s20_p1
1779334773.0,20,4,0.361299,s20_p4
1779334773.0,20,2,0.529905,s20_p2
1779334773.0,20,3,0.553992,s20_p3
1779334773.0,16,1,0.000000,s16_p1
1779334773.0,16,4,0.530011,s16_p4
1779334773.0,16,2,0.072274,s16_p2
1779334773.0,16,3,0.000000,s16_p3
1779334774.0,1,4,0.000000,s1_p4
1779334774.0,1,1,0.120852,s1_p1
1779334774.0,1,2,0.041090,s1_p2
1779334774.0,1,3,0.000000,s1_p3
1779334774.0,6,1,0.000000,s6_p1
1779334774.0,6,4,0.079734,s6_p4
1779334774.0,6,2,0.113561,s6_p2
1779334774.0,6,3,0.000000,s6_p3
1779334774.0,3,4,0.000000,s3_p4
1779334774.0,3,1,0.106283,s3_p1
1779334774.0,3,2,0.000000,s3_p2
1779334774.0,3,3,0.041064,s3_p3
1779334774.0,14,4,0.990193,s14_p4
1779334774.0,14,1,0.000000,s14_p1
1779334774.0,14,2,0.113510,s14_p2
1779334774.0,14,3,0.000000,s14_p3
1779334774.0,10,4,0.000000,s10_p4
1779334774.0,10,1,0.120758,s10_p1
1779334774.0,10,2,0.000000,s10_p2
1779334774.0,10,3,0.000000,s10_p3
1779334774.0,8,4,0.000000,s8_p4
1779334774.0,8,1,0.077238,s8_p1
1779334774.0,8,2,0.000000,s8_p2
1779334774.0,8,3,0.147235,s8_p3
1779334774.0,7,1,0.000000,s7_p1
1779334774.0,7,4,0.106303,s7_p4
1779334774.0,7,2,0.000000,s7_p2
1779334774.0,7,3,0.021744,s7_p3
1779334774.0,4,4,0.113532,s4_p4
1779334774.0,4,1,0.000000,s4_p1
1779334774.0,4,2,0.106285,s4_p2
1779334774.0,4,3,0.000000,s4_p3
1779334774.0,15,4,0.000000,s15_p4
1779334774.0,15,1,0.000000,s15_p1
1779334774.0,15,2,0.000000,s15_p2
1779334774.0,15,3,0.844650,s15_p3
1779334774.0,13,1,0.021713,s13_p1
1779334774.0,13,4,0.000000,s13_p4
1779334774.0,13,2,0.000000,s13_p2
1779334774.0,13,3,0.000000,s13_p3
1779334774.0,20,1,0.615799,s20_p1
1779334774.0,20,4,0.386384,s20_p4
1779334774.0,20,2,0.531278,s20_p2
1779334774.0,20,3,0.567501,s20_p3
1779334774.0,5,4,0.130390,s5_p4
1779334774.0,5,1,0.000000,s5_p1
1779334774.0,5,2,0.021732,s5_p2
1779334774.0,5,3,0.000000,s5_p3
1779334774.0,12,4,0.567334,s12_p4
1779334774.0,12,1,0.106224,s12_p1
1779334774.0,12,2,0.000000,s12_p2
1779334774.0,12,3,0.000000,s12_p3
1779334774.0,17,1,0.928969,s17_p1
1779334774.0,17,4,0.000000,s17_p4
1779334774.0,17,2,0.530839,s17_p2
1779334774.0,17,3,0.108581,s17_p3
1779334774.0,2,1,0.000000,s2_p1
1779334774.0,2,4,0.000000,s2_p4
1779334774.0,2,2,0.144748,s2_p2
1779334774.0,2,3,0.106148,s2_p3
1779334774.0,18,4,0.000000,s18_p4
1779334774.0,18,1,0.000000,s18_p1
1779334774.0,18,2,0.000000,s18_p2
1779334774.0,18,3,0.000000,s18_p3
1779334774.0,11,4,0.000000,s11_p4
1779334774.0,11,1,0.000000,s11_p1
1779334774.0,11,2,0.106125,s11_p2
1779334774.0,11,3,0.205013,s11_p3
1779334774.0,16,1,0.000000,s16_p1
1779334774.0,16,4,0.530673,s16_p4
1779334774.0,16,2,0.077189,s16_p2
1779334774.0,16,3,0.000000,s16_p3
1779334774.0,9,1,0.040995,s9_p1
1779334774.0,9,4,0.000000,s9_p4
1779334774.0,9,2,0.144687,s9_p2
1779334774.0,9,3,0.530520,s9_p3
1779334774.0,19,1,0.000000,s19_p1
1779334774.0,19,4,0.000000,s19_p4
1779334774.0,19,2,0.000000,s19_p2
1779334774.0,19,3,0.000000,s19_p3
1779334774.0,1,4,0.000000,s1_p4
1779334774.0,1,1,0.120751,s1_p1
1779334774.0,1,2,0.041055,s1_p2
1779334774.0,1,3,0.000000,s1_p3
1779334774.0,14,4,1.000000,s14_p4
1779334774.0,14,1,0.000000,s14_p1
1779334774.0,14,2,0.111151,s14_p2
1779334774.0,14,3,0.000000,s14_p3
1779334774.0,10,4,0.000000,s10_p4
1779334774.0,10,1,0.120778,s10_p1
1779334774.0,10,2,0.000000,s10_p2
1779334774.0,10,3,0.000000,s10_p3
1779334774.0,15,4,0.000000,s15_p4
1779334774.0,15,1,0.000000,s15_p1
1779334774.0,15,2,0.000000,s15_p2
1779334774.0,15,3,0.858096,s15_p3
1779334774.0,8,4,0.000000,s8_p4
1779334774.0,8,1,0.079752,s8_p1
1779334774.0,8,2,0.000000,s8_p2
1779334774.0,8,3,0.147421,s8_p3
1779334774.0,3,4,0.000000,s3_p4
1779334774.0,3,1,0.103842,s3_p1
1779334774.0,3,2,0.000000,s3_p2
1779334774.0,3,3,0.041054,s3_p3
1779334774.0,20,1,0.592140,s20_p1
1779334774.0,20,4,0.398788,s20_p4
1779334774.0,20,2,0.531717,s20_p2
1779334774.0,20,3,0.555886,s20_p3
1779334774.0,5,4,0.128098,s5_p4
1779334774.0,5,1,0.000000,s5_p1
1779334774.0,5,2,0.024170,s5_p2
1779334774.0,5,3,0.000000,s5_p3
1779334774.0,7,1,0.000000,s7_p1
1779334774.0,7,4,0.103865,s7_p4
1779334774.0,7,2,0.000000,s7_p2
1779334774.0,7,3,0.024155,s7_p3
1779334774.0,4,4,0.111113,s4_p4
1779334774.0,4,1,0.000000,s4_p1
1779334774.0,4,2,0.103866,s4_p2
1779334774.0,4,3,0.000000,s4_p3
1779334774.0,13,1,0.024156,s13_p1
1779334774.0,13,4,0.000000,s13_p4
1779334774.0,13,2,0.000000,s13_p2
1779334774.0,13,3,0.000000,s13_p3
1779334774.0,17,1,0.942666,s17_p1
1779334774.0,17,4,0.000000,s17_p4
1779334774.0,17,2,0.519675,s17_p2
1779334774.0,17,3,0.120855,s17_p3
1779334774.0,12,4,0.555623,s12_p4
1779334774.0,12,1,0.106293,s12_p1
1779334774.0,12,2,0.000000,s12_p2
1779334774.0,12,3,0.000000,s12_p3
1779334774.0,2,1,0.000000,s2_p1
1779334774.0,2,4,0.000000,s2_p4
1779334774.0,2,2,0.147435,s2_p2
1779334774.0,2,3,0.103930,s2_p3
1779334774.0,18,4,0.000000,s18_p4
1779334774.0,18,1,0.000000,s18_p1
1779334774.0,18,2,0.000000,s18_p2
1779334774.0,18,3,0.000000,s18_p3
1779334774.0,11,4,0.000000,s11_p4
1779334774.0,11,1,0.000000,s11_p1
1779334774.0,11,2,0.103928,s11_p2
1779334774.0,11,3,0.205438,s11_p3
1779334774.0,9,1,0.041087,s9_p1
1779334774.0,9,4,0.000000,s9_p4
1779334774.0,9,2,0.147431,s9_p2
1779334774.0,9,3,0.519635,s9_p3
1779334774.0,16,1,0.000000,s16_p1
1779334774.0,16,4,0.531683,s16_p4
1779334774.0,16,2,0.079753,s16_p2
1779334774.0,16,3,0.000000,s16_p3
1779334774.0,19,1,0.000000,s19_p1
1779334774.0,19,4,0.000000,s19_p4
1779334774.0,19,2,0.000000,s19_p2
1779334774.0,19,3,0.000000,s19_p3
1779334774.0,6,1,0.000000,s6_p1
1779334774.0,6,4,0.081906,s6_p4
1779334774.0,6,2,0.110815,s6_p2
1779334774.0,6,3,0.000000,s6_p3
1779334775.0,19,1,0.000000,s19_p1
1779334775.0,19,4,0.000000,s19_p4
1779334775.0,19,2,0.000000,s19_p2
1779334775.0,19,3,0.000000,s19_p3
1779334775.0,6,1,0.039272,s6_p1
1779334775.0,6,4,0.152518,s6_p4
1779334775.0,6,2,0.075034,s6_p2
1779334775.0,6,3,0.000317,s6_p3
1779334775.0,3,4,0.135291,s3_p4
1779334775.0,3,1,0.085488,s3_p1
1779334775.0,3,2,0.000272,s3_p2
1779334775.0,3,3,0.021739,s3_p3
1779334775.0,14,4,1.000000,s14_p4
1779334775.0,14,1,0.070823,s14_p1
1779334775.0,14,2,0.116420,s14_p2
1779334775.0,14,3,0.000000,s14_p3
1779334775.0,1,4,0.080466,s1_p4
1779334775.0,1,1,0.142724,s1_p1
1779334775.0,1,2,0.021723,s1_p2
1779334775.0,1,3,0.000271,s1_p3
1779334775.0,10,4,0.414588,s10_p4
1779334775.0,10,1,0.142473,s10_p1
1779334775.0,10,2,0.033807,s10_p2
1779334775.0,10,3,0.000000,s10_p3
1779334775.0,7,1,0.000543,s7_p1
1779334775.0,7,4,0.085485,s7_p4
1779334775.0,7,2,0.001086,s7_p2
1779334775.0,7,3,0.142504,s7_p3
1779334775.0,20,1,0.881458,s20_p1
1779334775.0,20,4,0.391823,s20_p4
1779334775.0,20,2,0.778887,s20_p2
1779334775.0,20,3,0.586377,s20_p3
1779334775.0,15,4,0.000000,s15_p4
1779334775.0,15,1,0.000543,s15_p1
1779334775.0,15,2,0.123680,s15_p2
1779334775.0,15,3,0.422377,s15_p3
1779334775.0,13,1,0.016906,s13_p1
1779334775.0,13,4,0.000000,s13_p4
1779334775.0,13,2,0.000000,s13_p2
1779334775.0,13,3,0.259469,s13_p3
1779334775.0,4,4,0.185955,s4_p4
1779334775.0,4,1,0.000272,s4_p1
1779334775.0,4,2,0.120750,s4_p2
1779334775.0,4,3,0.000272,s4_p3
1779334775.0,8,4,0.000543,s8_p4
1779334775.0,8,1,0.116161,s8_p1
1779334775.0,8,2,0.087155,s8_p2
1779334775.0,8,3,0.067576,s8_p3
1779334775.0,12,4,0.850739,s12_p4
1779334775.0,12,1,0.083064,s12_p1
1779334775.0,12,2,0.072727,s12_p2
1779334775.0,12,3,0.000000,s12_p3
1779334775.0,5,4,0.101376,s5_p4
1779334775.0,5,1,0.070812,s5_p1
1779334775.0,5,2,0.016896,s5_p2
1779334775.0,5,3,0.051547,s5_p3
1779334775.0,18,4,0.000000,s18_p4
1779334775.0,18,1,0.000000,s18_p1
1779334775.0,18,2,0.000000,s18_p2
1779334775.0,18,3,0.000000,s18_p3
1779334775.0,2,1,0.034082,s2_p1
1779334775.0,2,4,0.000000,s2_p4
1779334775.0,2,2,0.118335,s2_p2
1779334775.0,2,3,0.048572,s2_p3
1779334775.0,17,1,0.703188,s17_p1
1779334775.0,17,4,0.005653,s17_p4
1779334775.0,17,2,0.242823,s17_p2
1779334775.0,17,3,0.084513,s17_p3
1779334775.0,9,1,0.022057,s9_p1
1779334775.0,9,4,0.000000,s9_p4
1779334775.0,9,2,0.118639,s9_p2
1779334775.0,9,3,0.244282,s9_p3
1779334775.0,16,1,0.001086,s16_p1
1779334775.0,16,4,0.418115,s16_p4
1779334775.0,16,2,0.077300,s16_p2
1779334775.0,16,3,0.000000,s16_p3
1779334775.0,11,4,0.000000,s11_p4
1779334775.0,11,1,0.000272,s11_p1
1779334775.0,11,2,0.048304,s11_p2
1779334775.0,11,3,0.110042,s11_p3
1779334775.0,15,4,0.000000,s15_p4
1779334775.0,15,1,0.000000,s15_p1
1779334775.0,15,2,0.215391,s15_p2
1779334775.0,15,3,0.000000,s15_p3
1779334775.0,12,4,0.996694,s12_p4
1779334775.0,12,1,0.000317,s12_p1
1779334775.0,12,2,0.161891,s12_p2
1779334775.0,12,3,0.000000,s12_p3
1779334775.0,11,4,0.000000,s11_p4
1779334775.0,11,1,0.000000,s11_p1
1779334775.0,11,2,0.000000,s11_p2
1779334775.0,11,3,0.000000,s11_p3
1779334775.0,2,1,0.065339,s2_p1
1779334775.0,2,4,0.000000,s2_p4
1779334775.0,2,2,0.089538,s2_p2
1779334775.0,2,3,0.000000,s2_p3
1779334775.0,9,1,0.000000,s9_p1
1779334775.0,9,4,0.000000,s9_p4
1779334775.0,9,2,0.089526,s9_p2
1779334775.0,9,3,0.000000,s9_p3
1779334775.0,1,4,0.152201,s1_p4
1779334775.0,1,1,0.031407,s1_p1
1779334775.0,1,2,0.000000,s1_p2
1779334775.0,1,3,0.000000,s1_p3
1779334775.0,4,4,0.120356,s4_p4
1779334775.0,4,1,0.002174,s4_p1
1779334775.0,4,2,0.159553,s4_p2
1779334775.0,4,3,0.000000,s4_p3
1779334775.0,19,1,0.000000,s19_p1
1779334775.0,19,4,0.000000,s19_p4
1779334775.0,19,2,0.000000,s19_p2
1779334775.0,19,3,0.000000,s19_p3
1779334775.0,3,4,0.219816,s3_p4
1779334775.0,3,1,0.000316,s3_p1
1779334775.0,3,2,0.000000,s3_p2
1779334775.0,3,3,0.000000,s3_p3
1779334775.0,6,1,0.094168,s6_p1
1779334775.0,6,4,0.144873,s6_p4
1779334775.0,6,2,0.019949,s6_p2
1779334775.0,6,3,0.000000,s6_p3
1779334775.0,14,4,0.154384,s14_p4
1779334775.0,14,1,0.144882,s14_p1
1779334775.0,14,2,0.111709,s14_p2
1779334775.0,14,3,0.000000,s14_p3
1779334775.0,10,4,0.760664,s10_p4
1779334775.0,10,1,0.031392,s10_p1
1779334775.0,10,2,0.065200,s10_p2
1779334775.0,10,3,0.000000,s10_p3
1779334775.0,8,4,0.000000,s8_p4
1779334775.0,8,1,0.094238,s8_p1
1779334775.0,8,2,0.137733,s8_p2
1779334775.0,8,3,0.000000,s8_p3
1779334775.0,7,1,0.000000,s7_p1
1779334775.0,7,4,0.000316,s7_p4
1779334775.0,7,2,0.000272,s7_p2
1779334775.0,7,3,0.212534,s7_p3
1779334775.0,13,1,0.000000,s13_p1
1779334775.0,13,4,0.000000,s13_p4
1779334775.0,13,2,0.000000,s13_p2
1779334775.0,13,3,0.446830,s13_p3
1779334775.0,20,1,0.483018,s20_p1
1779334775.0,20,4,0.097961,s20_p4
1779334775.0,20,2,0.821498,s20_p2
1779334775.0,20,3,0.558634,s20_p3
1779334775.0,5,4,0.000000,s5_p4
1779334775.0,5,1,0.144986,s5_p1
1779334775.0,5,2,0.000000,s5_p2
1779334775.0,5,3,0.089408,s5_p3
1779334775.0,17,1,0.446953,s17_p1
1779334775.0,17,4,0.000000,s17_p4
1779334775.0,17,2,0.000000,s17_p2
1779334775.0,17,3,0.000000,s17_p3
1779334775.0,16,1,0.000272,s16_p1
1779334775.0,16,4,0.001582,s16_p4
1779334775.0,16,2,0.019332,s16_p2
1779334775.0,16,3,0.000000,s16_p3
1779334775.0,18,4,0.000000,s18_p4
1779334775.0,18,1,0.000000,s18_p1
1779334775.0,18,2,0.000000,s18_p2
1779334775.0,18,3,0.000000,s18_p3
1779334776.0,6,1,0.101648,s6_p1
1779334776.0,6,4,0.142791,s6_p4
1779334776.0,6,2,0.000000,s6_p2
1779334776.0,6,3,0.000000,s6_p3
1779334776.0,1,4,0.152388,s1_p4
1779334776.0,1,1,0.019351,s1_p1
1779334776.0,1,2,0.000000,s1_p2
1779334776.0,1,3,0.000000,s1_p3
1779334776.0,3,4,0.220056,s3_p4
1779334776.0,3,1,0.000000,s3_p1
1779334776.0,3,2,0.000000,s3_p2
1779334776.0,3,3,0.000000,s3_p3
1779334776.0,10,4,0.749889,s10_p4
1779334776.0,10,1,0.019352,s10_p1
1779334776.0,10,2,0.079827,s10_p2
1779334776.0,10,3,0.000000,s10_p3
1779334776.0,14,4,0.000000,s14_p4
1779334776.0,14,1,0.142712,s14_p1
1779334776.0,14,2,0.101591,s14_p2
1779334776.0,14,3,0.000000,s14_p3
1779334776.0,15,4,0.000000,s15_p4
1779334776.0,15,1,0.000000,s15_p1
1779334776.0,15,2,0.214819,s15_p2
1779334776.0,15,3,0.000000,s15_p3
1779334776.0,8,4,0.000000,s8_p4
1779334776.0,8,1,0.074941,s8_p1
1779334776.0,8,2,0.140212,s8_p2
1779334776.0,8,3,0.000000,s8_p3
1779334776.0,7,1,0.000000,s7_p1
1779334776.0,7,4,0.000000,s7_p4
1779334776.0,7,2,0.000000,s7_p2
1779334776.0,7,3,0.215213,s7_p3
1779334776.0,13,1,0.000000,s13_p1
1779334776.0,13,4,0.000000,s13_p4
1779334776.0,13,2,0.000000,s13_p2
1779334776.0,13,3,0.447370,s13_p3
1779334776.0,20,1,0.495509,s20_p1
1779334776.0,20,4,0.000000,s20_p4
1779334776.0,20,2,0.749307,s20_p2
1779334776.0,20,3,0.507595,s20_p3
1779334776.0,12,4,1.000000,s12_p4
1779334776.0,12,1,0.000000,s12_p1
1779334776.0,12,2,0.152043,s12_p2
1779334776.0,12,3,0.000000,s12_p3
1779334776.0,18,4,0.000000,s18_p4
1779334776.0,18,1,0.000000,s18_p1
1779334776.0,18,2,0.000000,s18_p2
1779334776.0,18,3,0.000000,s18_p3
1779334776.0,5,4,0.000000,s5_p4
1779334776.0,5,1,0.142594,s5_p1
1779334776.0,5,2,0.000000,s5_p2
1779334776.0,5,3,0.089423,s5_p3
1779334776.0,4,4,0.120730,s4_p4
1779334776.0,4,1,0.000000,s4_p1
1779334776.0,4,2,0.152120,s4_p2
1779334776.0,4,3,0.000000,s4_p3
1779334776.0,11,4,0.000000,s11_p4
1779334776.0,11,1,0.000000,s11_p1
1779334776.0,11,2,0.000000,s11_p2
1779334776.0,11,3,0.000000,s11_p3
1779334776.0,17,1,0.447008,s17_p1
1779334776.0,17,4,0.000000,s17_p4
1779334776.0,17,2,0.000000,s17_p2
1779334776.0,17,3,0.000000,s17_p3
1779334776.0,9,1,0.000000,s9_p1
1779334776.0,9,4,0.000000,s9_p4
1779334776.0,9,2,0.089284,s9_p2
1779334776.0,9,3,0.000000,s9_p3
1779334776.0,16,1,0.000000,s16_p1
1779334776.0,16,4,0.000000,s16_p4
1779334776.0,16,2,0.000000,s16_p2
1779334776.0,16,3,0.000000,s16_p3
1779334776.0,2,1,0.079598,s2_p1
1779334776.0,2,4,0.000000,s2_p4
1779334776.0,2,2,0.089246,s2_p2
1779334776.0,2,3,0.000000,s2_p3
1779334776.0,19,1,0.000000,s19_p1
1779334776.0,19,4,0.000000,s19_p4
1779334776.0,19,2,0.000000,s19_p2
1779334776.0,19,3,0.000000,s19_p3
1779334776.0,19,1,0.000000,s19_p1
1779334776.0,19,4,0.000000,s19_p4
1779334776.0,19,2,0.000000,s19_p2
1779334776.0,19,3,0.000000,s19_p3
1779334776.0,6,1,0.103858,s6_p1
1779334776.0,6,4,0.142503,s6_p4
1779334776.0,6,2,0.000000,s6_p2
1779334776.0,6,3,0.000000,s6_p3
1779334776.0,10,4,0.760799,s10_p4
1779334776.0,10,1,0.026568,s10_p1
1779334776.0,10,2,0.067627,s10_p2
1779334776.0,10,3,0.000000,s10_p3
1779334776.0,1,4,0.152082,s1_p4
1779334776.0,1,1,0.026554,s1_p1
1779334776.0,1,2,0.000000,s1_p2
1779334776.0,1,3,0.000000,s1_p3
1779334776.0,3,4,0.219745,s3_p4
1779334776.0,3,1,0.000000,s3_p1
1779334776.0,3,2,0.000000,s3_p2
1779334776.0,3,3,0.000000,s3_p3
1779334776.0,14,4,0.000000,s14_p4
1779334776.0,14,1,0.142486,s14_p1
1779334776.0,14,2,0.103846,s14_p2
1779334776.0,14,3,0.000000,s14_p3
1779334776.0,13,1,0.000000,s13_p1
1779334776.0,13,4,0.000000,s13_p4
1779334776.0,13,2,0.000000,s13_p2
1779334776.0,13,3,0.447073,s13_p3
1779334776.0,8,4,0.000000,s8_p4
1779334776.0,8,1,0.074909,s8_p1
1779334776.0,8,2,0.137737,s8_p2
1779334776.0,8,3,0.000000,s8_p3
1779334776.0,15,4,0.000000,s15_p4
1779334776.0,15,1,0.000000,s15_p1
1779334776.0,15,2,0.212621,s15_p2
1779334776.0,15,3,0.000000,s15_p3
1779334776.0,12,4,1.000000,s12_p4
1779334776.0,12,1,0.000000,s12_p1
1779334776.0,12,2,0.152253,s12_p2
1779334776.0,12,3,0.000000,s12_p3
1779334776.0,7,1,0.000000,s7_p1
1779334776.0,7,4,0.000000,s7_p4
1779334776.0,7,2,0.000000,s7_p2
1779334776.0,7,3,0.212528,s7_p3
1779334776.0,4,4,0.120830,s4_p4
1779334776.0,4,1,0.000000,s4_p1
1779334776.0,4,2,0.152246,s4_p2
1779334776.0,4,3,0.000000,s4_p3
1779334776.0,5,4,0.000000,s5_p4
1779334776.0,5,1,0.142573,s5_p1
1779334776.0,5,2,0.000000,s5_p2
1779334776.0,5,3,0.089410,s5_p3
1779334776.0,18,4,0.000000,s18_p4
1779334776.0,18,1,0.000000,s18_p1
1779334776.0,18,2,0.000000,s18_p2
1779334776.0,18,3,0.000000,s18_p3
1779334776.0,20,1,0.471123,s20_p1
1779334776.0,20,4,0.000000,s20_p4
1779334776.0,20,2,0.761045,s20_p2
1779334776.0,20,3,0.531523,s20_p3
1779334776.0,11,4,0.000000,s11_p4
1779334776.0,11,1,0.000000,s11_p1
1779334776.0,11,2,0.000000,s11_p2
1779334776.0,11,3,0.000000,s11_p3
1779334776.0,9,1,0.000000,s9_p1
1779334776.0,9,4,0.000000,s9_p4
1779334776.0,9,2,0.089410,s9_p2
1779334776.0,9,3,0.000000,s9_p3
1779334776.0,16,1,0.000000,s16_p1
1779334776.0,16,4,0.000000,s16_p4
1779334776.0,16,2,0.000000,s16_p2
1779334776.0,16,3,0.000000,s16_p3
1779334776.0,2,1,0.067661,s2_p1
1779334776.0,2,4,0.000000,s2_p4
1779334776.0,2,2,0.089409,s2_p2
1779334776.0,2,3,0.000000,s2_p3
1779334776.0,17,1,0.446996,s17_p1
1779334776.0,17,4,0.000000,s17_p4
1779334776.0,17,2,0.000000,s17_p2
1779334776.0,17,3,0.000000,s17_p3
1779334777.0,19,1,0.000000,s19_p1
1779334777.0,19,4,0.000000,s19_p4
1779334777.0,19,2,0.000000,s19_p2
1779334777.0,19,3,0.000000,s19_p3
1779334777.0,6,1,0.089213,s6_p1
1779334777.0,6,4,0.144670,s6_p4
1779334777.0,6,2,0.000000,s6_p2
1779334777.0,6,3,0.000000,s6_p3
1779334777.0,10,4,0.759929,s10_p4
1779334777.0,10,1,0.024125,s10_p1
1779334777.0,10,2,0.086849,s10_p2
1779334777.0,10,3,0.000000,s10_p3
1779334777.0,14,4,0.000000,s14_p4
1779334777.0,14,1,0.144758,s14_p1
1779334777.0,14,2,0.089267,s14_p2
1779334777.0,14,3,0.000000,s14_p3
1779334777.0,3,4,0.219538,s3_p4
1779334777.0,3,1,0.000000,s3_p1
1779334777.0,3,2,0.000000,s3_p2
1779334777.0,3,3,0.000000,s3_p3
1779334777.0,1,4,0.151979,s1_p4
1779334777.0,1,1,0.024124,s1_p1
1779334777.0,1,2,0.000000,s1_p2
1779334777.0,1,3,0.000000,s1_p3
1779334777.0,7,1,0.000000,s7_p1
1779334777.0,7,4,0.000000,s7_p4
1779334777.0,7,2,0.000000,s7_p2
1779334777.0,7,3,0.217133,s7_p3
1779334777.0,15,4,0.000000,s15_p4
1779334777.0,15,1,0.000000,s15_p1
1779334777.0,15,2,0.216990,s15_p2
1779334777.0,15,3,0.000000,s15_p3
1779334777.0,4,4,0.118206,s4_p4
1779334777.0,4,1,0.000000,s4_p1
1779334777.0,4,2,0.151979,s4_p2
1779334777.0,4,3,0.000000,s4_p3
1779334777.0,20,1,0.554879,s20_p1
1779334777.0,20,4,0.000000,s20_p4
1779334777.0,20,2,0.759943,s20_p2
1779334777.0,20,3,0.434253,s20_p3
1779334777.0,13,1,0.000000,s13_p1
1779334777.0,13,4,0.000000,s13_p4
1779334777.0,13,2,0.000000,s13_p2
1779334777.0,13,3,0.445963,s13_p3
1779334777.0,8,4,0.000000,s8_p4
1779334777.0,8,1,0.077138,s8_p1
1779334777.0,8,2,0.139813,s8_p2
1779334777.0,8,3,0.000000,s8_p3
1779334777.0,17,1,0.446249,s17_p1
1779334777.0,17,4,0.000000,s17_p4
1779334777.0,17,2,0.000000,s17_p2
1779334777.0,17,3,0.000000,s17_p3
1779334777.0,12,4,0.988121,s12_p4
1779334777.0,12,1,0.000000,s12_p1
1779334777.0,12,2,0.151833,s12_p2
1779334777.0,12,3,0.000000,s12_p3
1779334777.0,5,4,0.000000,s5_p4
1779334777.0,5,1,0.144620,s5_p1
1779334777.0,5,2,0.000000,s5_p2
1779334777.0,5,3,0.089182,s5_p3
1779334777.0,16,1,0.000000,s16_p1
1779334777.0,16,4,0.000000,s16_p4
1779334777.0,16,2,0.000000,s16_p2
1779334777.0,16,3,0.000000,s16_p3
1779334777.0,18,4,0.000000,s18_p4
1779334777.0,18,1,0.000000,s18_p1
1779334777.0,18,2,0.000000,s18_p2
1779334777.0,18,3,0.000000,s18_p3
1779334777.0,2,1,0.086819,s2_p1
1779334777.0,2,4,0.000000,s2_p4
1779334777.0,2,2,0.089230,s2_p2
1779334777.0,2,3,0.000000,s2_p3
1779334777.0,9,1,0.000000,s9_p1
1779334777.0,9,4,0.000000,s9_p4
1779334777.0,9,2,0.089207,s9_p2
1779334777.0,9,3,0.000000,s9_p3
1779334777.0,11,4,0.000000,s11_p4
1779334777.0,11,1,0.000000,s11_p1
1779334777.0,11,2,0.000000,s11_p2
1779334777.0,11,3,0.000000,s11_p3
1779334777.0,19,1,0.000000,s19_p1
1779334777.0,19,4,0.000000,s19_p4
1779334777.0,19,2,0.000000,s19_p2
1779334777.0,19,3,0.000000,s19_p3
1779334777.0,6,1,0.096510,s6_p1
1779334777.0,6,4,0.142352,s6_p4
1779334777.0,6,2,0.000000,s6_p2
1779334777.0,6,3,0.000000,s6_p3
1779334777.0,1,4,0.151962,s1_p4
1779334777.0,1,1,0.033769,s1_p1
1779334777.0,1,2,0.000000,s1_p2
1779334777.0,1,3,0.000000,s1_p3
1779334777.0,10,4,0.759657,s10_p4
1779334777.0,10,1,0.033763,s10_p1
1779334777.0,10,2,0.069937,s10_p2
1779334777.0,10,3,0.000000,s10_p3
1779334777.0,14,4,0.000000,s14_p4
1779334777.0,14,1,0.142286,s14_p1
1779334777.0,14,2,0.096465,s14_p2
1779334777.0,14,3,0.000000,s14_p3
1779334777.0,3,4,0.219439,s3_p4
1779334777.0,3,1,0.000000,s3_p1
1779334777.0,3,2,0.000000,s3_p2
1779334777.0,3,3,0.000000,s3_p3
1779334777.0,7,1,0.000000,s7_p1
1779334777.0,7,4,0.000000,s7_p4
1779334777.0,7,2,0.000000,s7_p2
1779334777.0,7,3,0.214629,s7_p3
1779334777.0,4,4,0.120585,s4_p4
1779334777.0,4,1,0.000000,s4_p1
1779334777.0,4,2,0.151938,s4_p2
1779334777.0,4,3,0.000000,s4_p3
1779334777.0,15,4,0.000000,s15_p4
1779334777.0,15,1,0.000000,s15_p1
1779334777.0,15,2,0.214618,s15_p2
1779334777.0,15,3,0.000000,s15_p3
1779334777.0,13,1,0.000000,s13_p1
1779334777.0,13,4,0.000000,s13_p4
1779334777.0,13,2,0.000000,s13_p2
1779334777.0,13,3,0.458215,s13_p3
1779334777.0,8,4,0.000000,s8_p4
1779334777.0,8,1,0.074763,s8_p1
1779334777.0,8,2,0.139878,s8_p2
1779334777.0,8,3,0.000000,s8_p3
1779334777.0,5,4,0.000000,s5_p4
1779334777.0,5,1,0.142352,s5_p1
1779334777.0,5,2,0.000000,s5_p2
1779334777.0,5,3,0.091684,s5_p3
1779334777.0,20,1,0.518271,s20_p1
1779334777.0,20,4,0.000000,s20_p4
1779334777.0,20,2,0.759328,s20_p2
1779334777.0,20,3,0.482113,s20_p3
1779334777.0,12,4,1.000000,s12_p4
1779334777.0,12,1,0.000000,s12_p1
1779334777.0,12,2,0.151983,s12_p2
1779334777.0,12,3,0.000000,s12_p3
1779334777.0,18,4,0.000000,s18_p4
1779334777.0,18,1,0.000000,s18_p1
1779334777.0,18,2,0.000000,s18_p2
1779334777.0,18,3,0.000000,s18_p3
1779334777.0,17,1,0.458194,s17_p1
1779334777.0,17,4,0.000000,s17_p4
1779334777.0,17,2,0.000000,s17_p2
1779334777.0,17,3,0.000000,s17_p3
1779334777.0,16,1,0.000000,s16_p1
1779334777.0,16,4,0.000000,s16_p4
1779334777.0,16,2,0.000000,s16_p2
1779334777.0,16,3,0.000000,s16_p3
1779334777.0,2,1,0.069925,s2_p1
1779334777.0,2,4,0.000000,s2_p4
1779334777.0,2,2,0.091626,s2_p2
1779334777.0,2,3,0.000000,s2_p3
1779334777.0,11,4,0.000000,s11_p4
1779334777.0,11,1,0.000000,s11_p1
1779334777.0,11,2,0.000000,s11_p2
1779334777.0,11,3,0.000000,s11_p3
1779334777.0,9,1,0.000000,s9_p1
1779334777.0,9,4,0.000000,s9_p4
1779334777.0,9,2,0.091629,s9_p2
1779334777.0,9,3,0.000000,s9_p3
1779334778.0,1,4,0.152332,s1_p4
1779334778.0,1,1,0.033852,s1_p1
1779334778.0,1,2,0.000000,s1_p2
1779334778.0,1,3,0.000000,s1_p3
1779334778.0,6,1,0.089410,s6_p1
1779334778.0,6,4,0.144990,s6_p4
1779334778.0,6,2,0.000000,s6_p2
1779334778.0,6,3,0.000000,s6_p3
1779334778.0,19,1,0.000000,s19_p1
1779334778.0,19,4,0.000000,s19_p4
1779334778.0,19,2,0.000000,s19_p2
1779334778.0,19,3,0.000000,s19_p3
1779334778.0,14,4,0.000000,s14_p4
1779334778.0,14,1,0.145066,s14_p1
1779334778.0,14,2,0.089457,s14_p2
1779334778.0,14,3,0.000000,s14_p3
1779334778.0,7,1,0.000000,s7_p1
1779334778.0,7,4,0.000000,s7_p4
1779334778.0,7,2,0.000000,s7_p2
1779334778.0,7,3,0.212783,s7_p3
1779334778.0,20,1,0.556410,s20_p1
1779334778.0,20,4,0.000000,s20_p4
1779334778.0,20,2,0.762040,s20_p2
1779334778.0,20,3,0.447548,s20_p3
1779334778.0,10,4,0.761030,s10_p4
1779334778.0,10,1,0.033824,s10_p1
1779334778.0,10,2,0.077311,s10_p2
1779334778.0,10,3,0.000000,s10_p3
1779334778.0,4,4,0.118473,s4_p4
1779334778.0,4,1,0.000000,s4_p1
1779334778.0,4,2,0.152323,s4_p2
1779334778.0,4,3,0.000000,s4_p3
1779334778.0,15,4,0.000000,s15_p4
1779334778.0,15,1,0.000000,s15_p1
1779334778.0,15,2,0.212781,s15_p2
1779334778.0,15,3,0.000000,s15_p3
1779334778.0,13,1,0.000000,s13_p1
1779334778.0,13,4,0.000000,s13_p4
1779334778.0,13,2,0.000000,s13_p2
1779334778.0,13,3,0.447327,s13_p3
1779334778.0,8,4,0.000000,s8_p4
1779334778.0,8,1,0.074957,s8_p1
1779334778.0,8,2,0.137824,s8_p2
1779334778.0,8,3,0.000000,s8_p3
1779334778.0,3,4,0.219862,s3_p4
1779334778.0,3,1,0.000000,s3_p1
1779334778.0,3,2,0.000000,s3_p2
1779334778.0,3,3,0.000000,s3_p3
1779334778.0,12,4,1.000000,s12_p4
1779334778.0,12,1,0.000000,s12_p1
1779334778.0,12,2,0.152314,s12_p2
1779334778.0,12,3,0.000000,s12_p3
1779334778.0,17,1,0.447373,s17_p1
1779334778.0,17,4,0.000000,s17_p4
1779334778.0,17,2,0.000000,s17_p2
1779334778.0,17,3,0.000000,s17_p3
1779334778.0,16,1,0.000000,s16_p1
1779334778.0,16,4,0.000000,s16_p4
1779334778.0,16,2,0.000000,s16_p2
1779334778.0,16,3,0.000000,s16_p3
1779334778.0,5,4,0.000000,s5_p4
1779334778.0,5,1,0.145027,s5_p1
1779334778.0,5,2,0.000000,s5_p2
1779334778.0,5,3,0.089433,s5_p3
1779334778.0,2,1,0.077401,s2_p1
1779334778.0,2,4,0.000000,s2_p4
1779334778.0,2,2,0.089495,s2_p2
1779334778.0,2,3,0.000000,s2_p3
1779334778.0,18,4,0.000000,s18_p4
1779334778.0,18,1,0.000000,s18_p1
1779334778.0,18,2,0.000000,s18_p2
1779334778.0,18,3,0.000000,s18_p3
1779334778.0,11,4,0.000000,s11_p4
1779334778.0,11,1,0.000000,s11_p1
1779334778.0,11,2,0.000000,s11_p2
1779334778.0,11,3,0.000000,s11_p3
1779334778.0,9,1,0.000000,s9_p1
1779334778.0,9,4,0.000000,s9_p4
1779334778.0,9,2,0.089494,s9_p2
1779334778.0,9,3,0.000000,s9_p3
1779334778.0,19,1,0.000000,s19_p1
1779334778.0,19,4,0.000000,s19_p4
1779334778.0,19,2,0.000000,s19_p2
1779334778.0,19,3,0.000000,s19_p3
1779334778.0,3,4,0.220216,s3_p4
1779334778.0,3,1,0.000000,s3_p1
1779334778.0,3,2,0.000000,s3_p2
1779334778.0,3,3,0.000000,s3_p3
1779334778.0,6,1,0.111212,s6_p1
1779334778.0,6,4,0.142641,s6_p4
1779334778.0,6,2,0.000000,s6_p2
1779334778.0,6,3,0.000000,s6_p3
1779334778.0,1,4,0.152229,s1_p4
1779334778.0,1,1,0.026580,s1_p1
1779334778.0,1,2,0.000000,s1_p2
1779334778.0,1,3,0.000000,s1_p3
1779334778.0,13,1,0.000000,s13_p1
1779334778.0,13,4,0.000000,s13_p4
1779334778.0,13,2,0.000000,s13_p2
1779334778.0,13,3,0.447431,s13_p3
1779334778.0,10,4,0.761768,s10_p4
1779334778.0,10,1,0.026601,s10_p1
1779334778.0,10,2,0.062876,s10_p2
1779334778.0,10,3,0.000000,s10_p3
1779334778.0,15,4,0.000000,s15_p4
1779334778.0,15,1,0.000000,s15_p1
1779334778.0,15,2,0.215234,s15_p2
1779334778.0,15,3,0.000000,s15_p3
1779334778.0,14,4,0.000000,s14_p4
1779334778.0,14,1,0.142520,s14_p1
1779334778.0,14,2,0.111118,s14_p2
1779334778.0,14,3,0.000000,s14_p3
1779334778.0,7,1,0.000000,s7_p1
1779334778.0,7,4,0.000000,s7_p4
1779334778.0,7,2,0.000000,s7_p2
1779334778.0,7,3,0.215101,s7_p3
1779334778.0,4,4,0.120856,s4_p4
1779334778.0,4,1,0.000000,s4_p1
1779334778.0,4,2,0.152278,s4_p2
1779334778.0,4,3,0.000000,s4_p3
1779334778.0,5,4,0.000000,s5_p4
1779334778.0,5,1,0.142711,s5_p1
1779334778.0,5,2,0.000000,s5_p2
1779334778.0,5,3,0.089497,s5_p3
1779334778.0,8,4,0.000000,s8_p4
1779334778.0,8,1,0.074933,s8_p1
1779334778.0,8,2,0.140196,s8_p2
1779334778.0,8,3,0.000000,s8_p3
1779334778.0,20,1,0.447101,s20_p1
1779334778.0,20,4,0.000000,s20_p4
1779334778.0,20,2,0.761280,s20_p2
1779334778.0,20,3,0.555855,s20_p3
1779334778.0,18,4,0.000000,s18_p4
1779334778.0,18,1,0.000000,s18_p1
1779334778.0,18,2,0.000000,s18_p2
1779334778.0,18,3,0.000000,s18_p3
1779334778.0,16,1,0.000000,s16_p1
1779334778.0,16,4,0.000000,s16_p4
1779334778.0,16,2,0.000000,s16_p2
1779334778.0,16,3,0.000000,s16_p3
1779334778.0,17,1,0.447228,s17_p1
1779334778.0,17,4,0.000000,s17_p4
1779334778.0,17,2,0.000000,s17_p2
1779334778.0,17,3,0.000000,s17_p3
1779334778.0,2,1,0.062858,s2_p1
1779334778.0,2,4,0.000000,s2_p4
1779334778.0,2,2,0.089452,s2_p2
1779334778.0,2,3,0.000000,s2_p3
1779334778.0,11,4,0.000000,s11_p4
1779334778.0,11,1,0.000000,s11_p1
1779334778.0,11,2,0.000000,s11_p2
1779334778.0,11,3,0.000000,s11_p3
1779334778.0,12,4,1.000000,s12_p4
1779334778.0,12,1,0.000000,s12_p1
1779334778.0,12,2,0.152242,s12_p2
1779334778.0,12,3,0.000000,s12_p3
1779334778.0,9,1,0.000000,s9_p1
1779334778.0,9,4,0.000000,s9_p4
1779334778.0,9,2,0.089439,s9_p2
1779334778.0,9,3,0.000000,s9_p3
1779334779.0,12,4,1.000000,s12_p4
1779334779.0,12,1,0.000000,s12_p1
1779334779.0,12,2,0.152296,s12_p2
1779334779.0,12,3,0.000000,s12_p3
1779334779.0,4,4,0.118336,s4_p4
1779334779.0,4,1,0.000000,s4_p1
1779334779.0,4,2,0.152146,s4_p2
1779334779.0,4,3,0.000000,s4_p3
1779334779.0,5,4,0.000000,s5_p4
1779334779.0,5,1,0.142484,s5_p1
1779334779.0,5,2,0.000000,s5_p2
1779334779.0,5,3,0.089354,s5_p3
1779334779.0,10,4,0.759346,s10_p4
1779334779.0,10,1,0.024106,s10_p1
1779334779.0,10,2,0.081961,s10_p2
1779334779.0,10,3,0.000000,s10_p3
1779334779.0,13,1,0.000000,s13_p1
1779334779.0,13,4,0.000000,s13_p4
1779334779.0,13,2,0.000000,s13_p2
1779334779.0,13,3,0.445906,s13_p3
1779334779.0,18,4,0.000000,s18_p4
1779334779.0,18,1,0.000000,s18_p1
1779334779.0,18,2,0.000000,s18_p2
1779334779.0,18,3,0.000000,s18_p3
1779334779.0,17,1,0.446338,s17_p1
1779334779.0,17,4,0.000000,s17_p4
1779334779.0,17,2,0.000000,s17_p2
1779334779.0,17,3,0.000000,s17_p3
1779334779.0,14,4,0.000000,s14_p4
1779334779.0,14,1,0.142254,s14_p1
1779334779.0,14,2,0.094032,s14_p2
1779334779.0,14,3,0.000000,s14_p3
1779334779.0,6,1,0.093940,s6_p1
1779334779.0,6,4,0.142114,s6_p4
1779334779.0,6,2,0.000000,s6_p2
1779334779.0,6,3,0.000000,s6_p3
1779334779.0,7,1,0.000000,s7_p1
1779334779.0,7,4,0.000000,s7_p4
1779334779.0,7,2,0.000000,s7_p2
1779334779.0,7,3,0.214580,s7_p3
1779334779.0,20,1,0.530460,s20_p1
1779334779.0,20,4,0.000000,s20_p4
1779334779.0,20,2,0.759523,s20_p2
1779334779.0,20,3,0.470181,s20_p3
1779334779.0,16,1,0.000000,s16_p1
1779334779.0,16,4,0.000000,s16_p4
1779334779.0,16,2,0.000000,s16_p2
1779334779.0,16,3,0.000000,s16_p3
1779334779.0,11,4,0.000000,s11_p4
1779334779.0,11,1,0.000000,s11_p1
1779334779.0,11,2,0.000000,s11_p2
1779334779.0,11,3,0.000000,s11_p3
1779334779.0,15,4,0.000000,s15_p4
1779334779.0,15,1,0.000000,s15_p1
1779334779.0,15,2,0.214455,s15_p2
1779334779.0,15,3,0.000000,s15_p3
1779334779.0,2,1,0.082008,s2_p1
1779334779.0,2,4,0.000000,s2_p4
1779334779.0,2,2,0.089244,s2_p2
1779334779.0,2,3,0.000000,s2_p3
1779334779.0,8,4,0.000000,s8_p4
1779334779.0,8,1,0.077143,s8_p1
1779334779.0,8,2,0.137411,s8_p2
1779334779.0,8,3,0.000000,s8_p3
1779334779.0,19,1,0.000000,s19_p1
1779334779.0,19,4,0.000000,s19_p4
1779334779.0,19,2,0.000000,s19_p2
1779334779.0,19,3,0.000000,s19_p3
1779334779.0,3,4,0.221523,s3_p4
1779334779.0,3,1,0.000000,s3_p1
1779334779.0,3,2,0.000000,s3_p2
1779334779.0,3,3,0.000000,s3_p3
1779334779.0,1,4,0.151757,s1_p4
1779334779.0,1,1,0.024088,s1_p1
1779334779.0,1,2,0.000000,s1_p2
1779334779.0,1,3,0.000000,s1_p3
1779334779.0,9,1,0.000000,s9_p1
1779334779.0,9,4,0.000000,s9_p4
1779334779.0,9,2,0.089237,s9_p2
1779334779.0,9,3,0.000000,s9_p3
1779334779.0,6,1,0.089416,s6_p1
1779334779.0,6,4,0.144999,s6_p4
1779334779.0,6,2,0.000000,s6_p2
1779334779.0,6,3,0.000000,s6_p3
1779334779.0,10,4,0.760640,s10_p4
1779334779.0,10,1,0.024147,s10_p1
1779334779.0,10,2,0.086930,s10_p2
1779334779.0,10,3,0.000000,s10_p3
1779334779.0,14,4,0.000000,s14_p4
1779334779.0,14,1,0.144911,s14_p1
1779334779.0,14,2,0.089362,s14_p2
1779334779.0,14,3,0.000000,s14_p3
1779334779.0,1,4,0.152215,s1_p4
1779334779.0,1,1,0.024161,s1_p1
1779334779.0,1,2,0.000000,s1_p2
1779334779.0,1,3,0.000000,s1_p3
1779334779.0,8,4,0.000000,s8_p4
1779334779.0,8,1,0.074871,s8_p1
1779334779.0,8,2,0.140082,s8_p2
1779334779.0,8,3,0.000000,s8_p3
1779334779.0,15,4,0.000000,s15_p4
1779334779.0,15,1,0.000000,s15_p1
1779334779.0,15,2,0.214924,s15_p2
1779334779.0,15,3,0.000000,s15_p3
1779334779.0,3,4,0.219779,s3_p4
1779334779.0,3,1,0.000000,s3_p1
1779334779.0,3,2,0.000000,s3_p2
1779334779.0,3,3,0.000000,s3_p3
1779334779.0,20,1,0.555284,s20_p1
1779334779.0,20,4,0.000000,s20_p4
1779334779.0,20,2,0.760497,s20_p2
1779334779.0,20,3,0.446641,s20_p3
1779334779.0,4,4,0.120466,s4_p4
1779334779.0,4,1,0.000000,s4_p1
1779334779.0,4,2,0.151787,s4_p2
1779334779.0,4,3,0.000000,s4_p3
1779334779.0,5,4,0.000000,s5_p4
1779334779.0,5,1,0.144555,s5_p1
1779334779.0,5,2,0.000000,s5_p2
1779334779.0,5,3,0.089142,s5_p3
1779334779.0,13,1,0.000000,s13_p1
1779334779.0,13,4,0.000000,s13_p4
1779334779.0,13,2,0.000000,s13_p2
1779334779.0,13,3,0.446304,s13_p3
1779334779.0,12,4,0.999302,s12_p4
1779334779.0,12,1,0.000000,s12_p1
1779334779.0,12,2,0.151701,s12_p2
1779334779.0,12,3,0.000000,s12_p3
1779334779.0,7,1,0.000000,s7_p1
1779334779.0,7,4,0.000000,s7_p4
1779334779.0,7,2,0.000000,s7_p2
1779334779.0,7,3,0.214669,s7_p3
1779334779.0,2,1,0.086843,s2_p1
1779334779.0,2,4,0.000000,s2_p4
1779334779.0,2,2,0.089256,s2_p2
1779334779.0,2,3,0.000000,s2_p3
1779334779.0,16,1,0.000000,s16_p1
1779334779.0,16,4,0.000000,s16_p4
1779334779.0,16,2,0.000000,s16_p2
1779334779.0,16,3,0.000000,s16_p3
1779334779.0,11,4,0.000000,s11_p4
1779334779.0,11,1,0.000000,s11_p1
1779334779.0,11,2,0.000000,s11_p2
1779334779.0,11,3,0.000000,s11_p3
1779334779.0,9,1,0.000000,s9_p1
1779334779.0,9,4,0.000000,s9_p4
1779334779.0,9,2,0.089243,s9_p2
1779334779.0,9,3,0.000000,s9_p3
1779334779.0,17,1,0.445902,s17_p1
1779334779.0,17,4,0.000000,s17_p4
1779334779.0,17,2,0.000000,s17_p2
1779334779.0,17,3,0.000000,s17_p3
1779334779.0,18,4,0.000000,s18_p4
1779334779.0,18,1,0.000000,s18_p1
1779334779.0,18,2,0.000000,s18_p2
1779334779.0,18,3,0.000000,s18_p3
1779334779.0,19,1,0.000000,s19_p1
1779334779.0,19,4,0.000000,s19_p4
1779334779.0,19,2,0.000000,s19_p2
1779334779.0,19,3,0.000000,s19_p3
1779334780.0,7,1,0.000000,s7_p1
1779334780.0,7,4,0.000000,s7_p4
1779334780.0,7,2,0.000000,s7_p2
1779334780.0,7,3,0.214876,s7_p3
1779334780.0,1,4,0.151866,s1_p4
1779334780.0,1,1,0.036159,s1_p1
1779334780.0,1,2,0.000000,s1_p2
1779334780.0,1,3,0.000000,s1_p3
1779334780.0,14,4,0.000000,s14_p4
1779334780.0,14,1,0.142214,s14_p1
1779334780.0,14,2,0.094006,s14_p2
1779334780.0,14,3,0.000000,s14_p3
1779334780.0,5,4,0.000000,s5_p4
1779334780.0,5,1,0.142347,s5_p1
1779334780.0,5,2,0.000000,s5_p2
1779334780.0,5,3,0.089268,s5_p3
1779334780.0,6,1,0.093951,s6_p1
1779334780.0,6,4,0.142131,s6_p4
1779334780.0,6,2,0.000000,s6_p2
1779334780.0,6,3,0.000000,s6_p3
1779334780.0,15,4,0.000000,s15_p4
1779334780.0,15,1,0.000000,s15_p1
1779334780.0,15,2,0.214583,s15_p2
1779334780.0,15,3,0.000000,s15_p3
1779334780.0,3,4,0.219407,s3_p4
1779334780.0,3,1,0.000000,s3_p1
1779334780.0,3,2,0.000000,s3_p2
1779334780.0,3,3,0.000000,s3_p3
1779334780.0,8,4,0.000000,s8_p4
1779334780.0,8,1,0.074734,s8_p1
1779334780.0,8,2,0.139825,s8_p2
1779334780.0,8,3,0.000000,s8_p3
1779334780.0,12,4,0.989413,s12_p4
1779334780.0,12,1,0.000000,s12_p1
1779334780.0,12,2,0.152032,s12_p2
1779334780.0,12,3,0.000000,s12_p3
1779334780.0,16,1,0.000000,s16_p1
1779334780.0,16,4,0.000000,s16_p4
1779334780.0,16,2,0.000000,s16_p2
1779334780.0,16,3,0.000000,s16_p3
1779334780.0,11,4,0.000000,s11_p4
1779334780.0,11,1,0.000000,s11_p1
1779334780.0,11,2,0.000000,s11_p2
1779334780.0,11,3,0.000000,s11_p3
1779334780.0,17,1,0.446299,s17_p1
1779334780.0,17,4,0.000000,s17_p4
1779334780.0,17,2,0.000000,s17_p2
1779334780.0,17,3,0.000000,s17_p3
1779334780.0,4,4,0.120485,s4_p4
1779334780.0,4,1,0.000000,s4_p1
1779334780.0,4,2,0.151811,s4_p2
1779334780.0,4,3,0.000000,s4_p3
1779334780.0,9,1,0.000000,s9_p1
1779334780.0,9,4,0.000000,s9_p4
1779334780.0,9,2,0.089253,s9_p2
1779334780.0,9,3,0.000000,s9_p3
1779334780.0,10,4,0.758306,s10_p4
1779334780.0,10,1,0.036110,s10_p1
1779334780.0,10,2,0.067405,s10_p2
1779334780.0,10,3,0.000000,s10_p3
1779334780.0,20,1,0.517850,s20_p1
1779334780.0,20,4,0.000000,s20_p4
1779334780.0,20,2,0.758711,s20_p2
1779334780.0,20,3,0.469678,s20_p3
1779334780.0,2,1,0.067502,s2_p1
1779334780.0,2,4,0.000000,s2_p4
1779334780.0,2,2,0.089199,s2_p2
1779334780.0,2,3,0.000000,s2_p3
1779334780.0,13,1,0.000000,s13_p1
1779334780.0,13,4,0.000000,s13_p4
1779334780.0,13,2,0.000000,s13_p2
1779334780.0,13,3,0.445781,s13_p3
1779334780.0,19,1,0.000000,s19_p1
1779334780.0,19,4,0.000000,s19_p4
1779334780.0,19,2,0.000000,s19_p2
1779334780.0,19,3,0.000000,s19_p3
1779334780.0,18,4,0.000000,s18_p4
1779334780.0,18,1,0.000000,s18_p1
1779334780.0,18,2,0.000000,s18_p2
1779334780.0,18,3,0.000000,s18_p3
1779334780.0,1,4,0.152019,s1_p4
1779334780.0,1,1,0.016891,s1_p1
1779334780.0,1,2,0.000000,s1_p2
1779334780.0,1,3,0.000000,s1_p3
1779334780.0,7,1,0.000000,s7_p1
1779334780.0,7,4,0.000000,s7_p4
1779334780.0,7,2,0.000000,s7_p2
1779334780.0,7,3,0.212274,s7_p3
1779334780.0,8,4,0.000000,s8_p4
1779334780.0,8,1,0.074799,s8_p1
1779334780.0,8,2,0.137534,s8_p2
1779334780.0,8,3,0.000000,s8_p3
1779334780.0,10,4,0.760884,s10_p4
1779334780.0,10,1,0.016909,s10_p1
1779334780.0,10,2,0.074881,s10_p2
1779334780.0,10,3,0.000000,s10_p3
1779334780.0,14,4,0.000000,s14_p4
1779334780.0,14,1,0.144747,s14_p1
1779334780.0,14,2,0.108560,s14_p2
1779334780.0,14,3,0.000000,s14_p3
1779334780.0,19,1,0.000000,s19_p1
1779334780.0,19,4,0.000000,s19_p4
1779334780.0,19,2,0.000000,s19_p2
1779334780.0,19,3,0.000000,s19_p3
1779334780.0,4,4,0.118340,s4_p4
1779334780.0,4,1,0.000000,s4_p1
1779334780.0,4,2,0.152152,s4_p2
1779334780.0,4,3,0.000000,s4_p3
1779334780.0,3,4,0.219528,s3_p4
1779334780.0,3,1,0.000000,s3_p1
1779334780.0,3,2,0.000000,s3_p2
1779334780.0,3,3,0.000000,s3_p3
1779334780.0,12,4,1.000000,s12_p4
1779334780.0,12,1,0.000000,s12_p1
1779334780.0,12,2,0.151985,s12_p2
1779334780.0,12,3,0.000000,s12_p3
1779334780.0,15,4,0.000000,s15_p4
1779334780.0,15,1,0.000000,s15_p1
1779334780.0,15,2,0.212275,s15_p2
1779334780.0,15,3,0.000000,s15_p3
1779334780.0,13,1,0.000000,s13_p1
1779334780.0,13,4,0.000000,s13_p4
1779334780.0,13,2,0.000000,s13_p2
1779334780.0,13,3,0.446806,s13_p3
1779334780.0,6,1,0.108543,s6_p1
1779334780.0,6,4,0.144724,s6_p4
1779334780.0,6,2,0.000000,s6_p2
1779334780.0,6,3,0.000000,s6_p3
1779334780.0,5,4,0.000000,s5_p4
1779334780.0,5,1,0.144717,s5_p1
1779334780.0,5,2,0.000000,s5_p2
1779334780.0,5,3,0.089242,s5_p3
1779334780.0,20,1,0.458828,s20_p1
1779334780.0,20,4,0.000000,s20_p4
1779334780.0,20,2,0.760688,s20_p2
1779334780.0,20,3,0.543349,s20_p3
1779334780.0,17,1,0.446473,s17_p1
1779334780.0,17,4,0.000000,s17_p4
1779334780.0,17,2,0.000000,s17_p2
1779334780.0,17,3,0.000000,s17_p3
1779334780.0,16,1,0.000000,s16_p1
1779334780.0,16,4,0.000000,s16_p4
1779334780.0,16,2,0.000000,s16_p2
1779334780.0,16,3,0.000000,s16_p3
1779334780.0,9,1,0.000000,s9_p1
1779334780.0,9,4,0.000000,s9_p4
1779334780.0,9,2,0.089290,s9_p2
1779334780.0,9,3,0.000000,s9_p3
1779334780.0,2,1,0.074815,s2_p1
1779334780.0,2,4,0.000000,s2_p4
1779334780.0,2,2,0.089295,s2_p2
1779334780.0,2,3,0.000000,s2_p3
1779334780.0,11,4,0.000000,s11_p4
1779334780.0,11,1,0.000000,s11_p1
1779334780.0,11,2,0.000000,s11_p2
1779334780.0,11,3,0.000000,s11_p3
1779334780.0,18,4,0.000000,s18_p4
1779334780.0,18,1,0.000000,s18_p1
1779334780.0,18,2,0.000000,s18_p2
1779334780.0,18,3,0.000000,s18_p3
1779334781.0,19,1,0.000000,s19_p1
1779334781.0,19,4,0.000000,s19_p4
1779334781.0,19,2,0.000000,s19_p2
1779334781.0,19,3,0.000000,s19_p3
1779334781.0,3,4,0.219782,s3_p4
1779334781.0,3,1,0.000000,s3_p1
1779334781.0,3,2,0.000000,s3_p2
1779334781.0,3,3,0.000000,s3_p3
1779334781.0,1,4,0.152086,s1_p4
1779334781.0,1,1,0.033797,s1_p1
1779334781.0,1,2,0.000000,s1_p2
1779334781.0,1,3,0.000000,s1_p3
1779334781.0,6,1,0.096606,s6_p1
1779334781.0,6,4,0.142494,s6_p4
1779334781.0,6,2,0.000000,s6_p2
1779334781.0,6,3,0.000000,s6_p3
1779334781.0,14,4,0.000000,s14_p4
1779334781.0,14,1,0.142460,s14_p1
1779334781.0,14,2,0.096583,s14_p2
1779334781.0,14,3,0.000000,s14_p3
1779334781.0,10,4,0.760349,s10_p4
1779334781.0,10,1,0.033793,s10_p1
1779334781.0,10,2,0.070000,s10_p2
1779334781.0,10,3,0.000000,s10_p3
1779334781.0,15,4,0.000000,s15_p4
1779334781.0,15,1,0.000000,s15_p1
1779334781.0,15,2,0.217268,s15_p2
1779334781.0,15,3,0.000000,s15_p3
1779334781.0,7,1,0.000000,s7_p1
1779334781.0,7,4,0.000000,s7_p4
1779334781.0,7,2,0.000000,s7_p2
1779334781.0,7,3,0.217130,s7_p3
1779334781.0,13,1,0.000000,s13_p1
1779334781.0,13,4,0.000000,s13_p4
1779334781.0,13,2,0.000000,s13_p2
1779334781.0,13,3,0.446434,s13_p3
1779334781.0,8,4,0.000000,s8_p4
1779334781.0,8,1,0.077199,s8_p1
1779334781.0,8,2,0.139923,s8_p2
1779334781.0,8,3,0.000000,s8_p3
1779334781.0,4,4,0.120598,s4_p4
1779334781.0,4,1,0.000000,s4_p1
1779334781.0,4,2,0.151953,s4_p2
1779334781.0,4,3,0.000000,s4_p3
1779334781.0,5,4,0.000000,s5_p4
1779334781.0,5,1,0.142315,s5_p1
1779334781.0,5,2,0.000000,s5_p2
1779334781.0,5,3,0.089248,s5_p3
1779334781.0,20,1,0.518596,s20_p1
1779334781.0,20,4,0.000000,s20_p4
1779334781.0,20,2,0.759804,s20_p2
1779334781.0,20,3,0.482415,s20_p3
1779334781.0,12,4,1.000000,s12_p4
1779334781.0,12,1,0.000000,s12_p1
1779334781.0,12,2,0.151939,s12_p2
1779334781.0,12,3,0.000000,s12_p3
1779334781.0,2,1,0.069963,s2_p1
1779334781.0,2,4,0.000000,s2_p4
1779334781.0,2,2,0.089263,s2_p2
1779334781.0,2,3,0.000000,s2_p3
1779334781.0,18,4,0.000000,s18_p4
1779334781.0,18,1,0.000000,s18_p1
1779334781.0,18,2,0.000000,s18_p2
1779334781.0,18,3,0.000000,s18_p3
1779334781.0,17,1,0.446190,s17_p1
1779334781.0,17,4,0.000000,s17_p4
1779334781.0,17,2,0.000000,s17_p2
1779334781.0,17,3,0.000000,s17_p3
1779334781.0,16,1,0.000000,s16_p1
1779334781.0,16,4,0.000000,s16_p4
1779334781.0,16,2,0.000000,s16_p2
1779334781.0,16,3,0.000000,s16_p3
1779334781.0,11,4,0.000000,s11_p4
1779334781.0,11,1,0.000000,s11_p1
1779334781.0,11,2,0.000000,s11_p2
1779334781.0,11,3,0.000000,s11_p3
1779334781.0,9,1,0.000000,s9_p1
1779334781.0,9,4,0.000000,s9_p4
1779334781.0,9,2,0.089213,s9_p2
1779334781.0,9,3,0.000000,s9_p3
1779334781.0,19,1,0.000000,s19_p1
1779334781.0,19,4,0.000000,s19_p4
1779334781.0,19,2,0.000000,s19_p2
1779334781.0,19,3,0.000000,s19_p3
1779334781.0,14,4,0.000000,s14_p4
1779334781.0,14,1,0.145216,s14_p1
1779334781.0,14,2,0.099231,s14_p2
1779334781.0,14,3,0.000000,s14_p3
1779334781.0,6,1,0.099217,s6_p1
1779334781.0,6,4,0.145196,s6_p4
1779334781.0,6,2,0.000000,s6_p2
1779334781.0,6,3,0.000000,s6_p3
1779334781.0,1,4,0.152443,s1_p4
1779334781.0,1,1,0.019358,s1_p1
1779334781.0,1,2,0.000000,s1_p2
1779334781.0,1,3,0.000000,s1_p3
1779334781.0,8,4,0.000000,s8_p4
1779334781.0,8,1,0.075042,s8_p1
1779334781.0,8,2,0.140401,s8_p2
1779334781.0,8,3,0.000000,s8_p3
1779334781.0,10,4,0.762060,s10_p4
1779334781.0,10,1,0.019354,s10_p1
1779334781.0,10,2,0.082254,s10_p2
1779334781.0,10,3,0.000000,s10_p3
1779334781.0,13,1,0.000000,s13_p1
1779334781.0,13,4,0.000000,s13_p4
1779334781.0,13,2,0.000000,s13_p2
1779334781.0,13,3,0.447760,s13_p3
1779334781.0,3,4,0.220042,s3_p4
1779334781.0,3,1,0.000000,s3_p1
1779334781.0,3,2,0.000000,s3_p2
1779334781.0,3,3,0.000000,s3_p3
1779334781.0,15,4,0.000000,s15_p4
1779334781.0,15,1,0.000000,s15_p1
1779334781.0,15,2,0.215310,s15_p2
1779334781.0,15,3,0.000000,s15_p3
1779334781.0,4,4,0.118571,s4_p4
1779334781.0,4,1,0.000000,s4_p1
1779334781.0,4,2,0.152448,s4_p2
1779334781.0,4,3,0.000000,s4_p3
1779334781.0,20,1,0.508181,s20_p1
1779334781.0,20,4,0.000000,s20_p4
1779334781.0,20,2,0.762271,s20_p2
1779334781.0,20,3,0.496081,s20_p3
1779334781.0,7,1,0.000000,s7_p1
1779334781.0,7,4,0.000000,s7_p4
1779334781.0,7,2,0.000000,s7_p2
1779334781.0,7,3,0.215240,s7_p3
1779334781.0,12,4,1.000000,s12_p4
1779334781.0,12,1,0.000000,s12_p1
1779334781.0,12,2,0.152451,s12_p2
1779334781.0,12,3,0.000000,s12_p3
1779334781.0,5,4,0.000000,s5_p4
1779334781.0,5,1,0.145177,s5_p1
1779334781.0,5,2,0.000000,s5_p2
1779334781.0,5,3,0.089526,s5_p3
1779334781.0,17,1,0.447789,s17_p1
1779334781.0,17,4,0.000000,s17_p4
1779334781.0,17,2,0.000000,s17_p2
1779334781.0,17,3,0.000000,s17_p3
1779334781.0,18,4,0.000000,s18_p4
1779334781.0,18,1,0.000000,s18_p1
1779334781.0,18,2,0.000000,s18_p2
1779334781.0,18,3,0.000000,s18_p3
1779334781.0,9,1,0.000000,s9_p1
1779334781.0,9,4,0.000000,s9_p4
1779334781.0,9,2,0.089554,s9_p2
1779334781.0,9,3,0.000000,s9_p3
1779334781.0,2,1,0.082244,s2_p1
1779334781.0,2,4,0.000000,s2_p4
1779334781.0,2,2,0.089501,s2_p2
1779334781.0,2,3,0.000000,s2_p3
1779334781.0,16,1,0.000000,s16_p1
1779334781.0,16,4,0.000000,s16_p4
1779334781.0,16,2,0.000000,s16_p2
1779334781.0,16,3,0.000000,s16_p3
1779334781.0,11,4,0.000000,s11_p4
1779334781.0,11,1,0.000000,s11_p1
1779334781.0,11,2,0.000000,s11_p2
1779334781.0,11,3,0.000000,s11_p3
1779334782.0,19,1,0.000000,s19_p1
1779334782.0,19,4,0.000000,s19_p4
1779334782.0,19,2,0.000000,s19_p2
1779334782.0,19,3,0.000000,s19_p3
1779334782.0,14,4,0.000000,s14_p4
1779334782.0,14,1,0.142492,s14_p1
1779334782.0,14,2,0.106265,s14_p2
1779334782.0,14,3,0.000000,s14_p3
1779334782.0,6,1,0.106269,s6_p1
1779334782.0,6,4,0.142497,s6_p4
1779334782.0,6,2,0.000000,s6_p2
1779334782.0,6,3,0.000000,s6_p3
1779334782.0,1,4,0.152161,s1_p4
1779334782.0,1,1,0.036229,s1_p1
1779334782.0,1,2,0.000000,s1_p2
1779334782.0,1,3,0.000000,s1_p3
1779334782.0,10,4,0.761207,s10_p4
1779334782.0,10,1,0.036248,s10_p1
1779334782.0,10,2,0.057997,s10_p2
1779334782.0,10,3,0.000000,s10_p3
1779334782.0,13,1,0.000000,s13_p1
1779334782.0,13,4,0.000000,s13_p4
1779334782.0,13,2,0.000000,s13_p2
1779334782.0,13,3,0.446842,s13_p3
1779334782.0,3,4,0.219781,s3_p4
1779334782.0,3,1,0.000000,s3_p1
1779334782.0,3,2,0.000000,s3_p2
1779334782.0,3,3,0.000000,s3_p3
1779334782.0,7,1,0.000000,s7_p1
1779334782.0,7,4,0.000000,s7_p4
1779334782.0,7,2,0.000000,s7_p2
1779334782.0,7,3,0.212675,s7_p3
1779334782.0,4,4,0.120819,s4_p4
1779334782.0,4,1,0.000000,s4_p1
1779334782.0,4,2,0.152232,s4_p2
1779334782.0,4,3,0.000000,s4_p3
1779334782.0,15,4,0.000000,s15_p4
1779334782.0,15,1,0.000000,s15_p1
1779334782.0,15,2,0.212507,s15_p2
1779334782.0,15,3,0.000000,s15_p3
1779334782.0,8,4,0.000000,s8_p4
1779334782.0,8,1,0.074845,s8_p1
1779334782.0,8,2,0.137618,s8_p2
1779334782.0,8,3,0.000000,s8_p3
1779334782.0,18,4,0.000000,s18_p4
1779334782.0,18,1,0.000000,s18_p1
1779334782.0,18,2,0.000000,s18_p2
1779334782.0,18,3,0.000000,s18_p3
1779334782.0,20,1,0.470892,s20_p1
1779334782.0,20,4,0.000000,s20_p4
1779334782.0,20,2,0.760671,s20_p2
1779334782.0,20,3,0.531263,s20_p3
1779334782.0,16,1,0.000000,s16_p1
1779334782.0,16,4,0.000000,s16_p4
1779334782.0,16,2,0.000000,s16_p2
1779334782.0,16,3,0.000000,s16_p3
1779334782.0,2,1,0.058003,s2_p1
1779334782.0,2,4,0.000000,s2_p4
1779334782.0,2,2,0.089421,s2_p2
1779334782.0,2,3,0.000000,s2_p3
1779334782.0,17,1,0.446884,s17_p1
1779334782.0,17,4,0.000000,s17_p4
1779334782.0,17,2,0.000000,s17_p2
1779334782.0,17,3,0.000000,s17_p3
1779334782.0,11,4,0.000000,s11_p4
1779334782.0,11,1,0.000000,s11_p1
1779334782.0,11,2,0.000000,s11_p2
1779334782.0,11,3,0.000000,s11_p3
1779334782.0,5,4,0.000000,s5_p4
1779334782.0,5,1,0.142471,s5_p1
1779334782.0,5,2,0.000000,s5_p2
1779334782.0,5,3,0.089346,s5_p3
1779334782.0,12,4,1.000000,s12_p4
1779334782.0,12,1,0.000000,s12_p1
1779334782.0,12,2,0.152122,s12_p2
1779334782.0,12,3,0.000000,s12_p3
1779334782.0,9,1,0.000000,s9_p1
1779334782.0,9,4,0.000000,s9_p4
1779334782.0,9,2,0.089394,s9_p2
1779334782.0,9,3,0.000000,s9_p3
1779334782.0,19,1,0.000000,s19_p1
1779334782.0,19,4,0.000000,s19_p4
1779334782.0,19,2,0.000000,s19_p2
1779334782.0,19,3,0.000000,s19_p3
1779334782.0,1,4,0.152127,s1_p4
1779334782.0,1,1,0.031391,s1_p1
1779334782.0,1,2,0.000000,s1_p2
1779334782.0,1,3,0.000000,s1_p3
1779334782.0,6,1,0.079680,s6_p1
1779334782.0,6,4,0.142459,s6_p4
1779334782.0,6,2,0.000000,s6_p2
1779334782.0,6,3,0.000000,s6_p3
1779334782.0,14,4,0.000000,s14_p4
1779334782.0,14,1,0.142414,s14_p1
1779334782.0,14,2,0.079655,s14_p2
1779334782.0,14,3,0.000000,s14_p3
1779334782.0,3,4,0.219810,s3_p4
1779334782.0,3,1,0.000000,s3_p1
1779334782.0,3,2,0.000000,s3_p2
1779334782.0,3,3,0.000000,s3_p3
1779334782.0,10,4,0.760209,s10_p4
1779334782.0,10,1,0.031374,s10_p1
1779334782.0,10,2,0.089294,s10_p2
1779334782.0,10,3,0.000000,s10_p3
1779334782.0,15,4,0.000000,s15_p4
1779334782.0,15,1,0.000000,s15_p1
1779334782.0,15,2,0.217331,s15_p2
1779334782.0,15,3,0.000000,s15_p3
1779334782.0,8,4,0.000000,s8_p4
1779334782.0,8,1,0.077266,s8_p1
1779334782.0,8,2,0.140044,s8_p2
1779334782.0,8,3,0.000000,s8_p3
1779334782.0,13,1,0.000000,s13_p1
1779334782.0,13,4,0.000000,s13_p4
1779334782.0,13,2,0.000000,s13_p2
1779334782.0,13,3,0.446284,s13_p3
1779334782.0,4,4,0.120588,s4_p4
1779334782.0,4,1,0.000000,s4_p1
1779334782.0,4,2,0.151941,s4_p2
1779334782.0,4,3,0.000000,s4_p3
1779334782.0,5,4,0.000000,s5_p4
1779334782.0,5,1,0.144818,s5_p1
1779334782.0,5,2,0.000000,s5_p2
1779334782.0,5,3,0.089304,s5_p3
1779334782.0,20,1,0.603320,s20_p1
1779334782.0,20,4,0.000000,s20_p4
1779334782.0,20,2,0.760183,s20_p2
1779334782.0,20,3,0.398191,s20_p3
1779334782.0,7,1,0.000000,s7_p1
1779334782.0,7,4,0.000000,s7_p4
1779334782.0,7,2,0.000000,s7_p2
1779334782.0,7,3,0.217024,s7_p3
1779334782.0,2,1,0.089266,s2_p1
1779334782.0,2,4,0.000000,s2_p4
1779334782.0,2,2,0.089266,s2_p2
1779334782.0,2,3,0.000000,s2_p3
1779334782.0,17,1,0.446313,s17_p1
1779334782.0,17,4,0.000000,s17_p4
1779334782.0,17,2,0.000000,s17_p2
1779334782.0,17,3,0.000000,s17_p3
1779334782.0,18,4,0.000000,s18_p4
1779334782.0,18,1,0.000000,s18_p1
1779334782.0,18,2,0.000000,s18_p2
1779334782.0,18,3,0.000000,s18_p3
1779334782.0,12,4,1.000000,s12_p4
1779334782.0,12,1,0.000000,s12_p1
1779334782.0,12,2,0.151986,s12_p2
1779334782.0,12,3,0.000000,s12_p3
1779334782.0,11,4,0.000000,s11_p4
1779334782.0,11,1,0.000000,s11_p1
1779334782.0,11,2,0.000000,s11_p2
1779334782.0,11,3,0.000000,s11_p3
1779334782.0,9,1,0.000000,s9_p1
1779334782.0,9,4,0.000000,s9_p4
1779334782.0,9,2,0.089250,s9_p2
1779334782.0,9,3,0.000000,s9_p3
1779334782.0,16,1,0.000000,s16_p1
1779334782.0,16,4,0.000000,s16_p4
1779334782.0,16,2,0.000000,s16_p2
1779334782.0,16,3,0.000000,s16_p3
1779334783.0,19,1,0.000000,s19_p1
1779334783.0,19,4,0.000000,s19_p4
1779334783.0,19,2,0.000000,s19_p2
1779334783.0,19,3,0.000000,s19_p3
1779334783.0,10,4,0.760435,s10_p4
1779334783.0,10,1,0.031383,s10_p1
1779334783.0,10,2,0.070008,s10_p2
1779334783.0,10,3,0.000000,s10_p3
1779334783.0,6,1,0.098914,s6_p1
1779334783.0,6,4,0.144753,s6_p4
1779334783.0,6,2,0.000000,s6_p2
1779334783.0,6,3,0.000000,s6_p3
1779334783.0,14,4,0.000000,s14_p4
1779334783.0,14,1,0.144782,s14_p1
1779334783.0,14,2,0.098935,s14_p2
1779334783.0,14,3,0.000000,s14_p3
1779334783.0,15,4,0.000000,s15_p4
1779334783.0,15,1,0.000000,s15_p1
1779334783.0,15,2,0.214865,s15_p2
1779334783.0,15,3,0.000000,s15_p3
1779334783.0,1,4,0.151973,s1_p4
1779334783.0,1,1,0.031360,s1_p1
1779334783.0,1,2,0.000000,s1_p2
1779334783.0,1,3,0.000000,s1_p3
1779334783.0,20,1,0.507402,s20_p1
1779334783.0,20,4,0.000000,s20_p4
1779334783.0,20,2,0.761103,s20_p2
1779334783.0,20,3,0.495321,s20_p3
1779334783.0,13,1,0.000000,s13_p1
1779334783.0,13,4,0.000000,s13_p4
1779334783.0,13,2,0.000000,s13_p2
1779334783.0,13,3,0.446738,s13_p3
1779334783.0,8,4,0.000000,s8_p4
1779334783.0,8,1,0.074810,s8_p1
1779334783.0,8,2,0.139968,s8_p2
1779334783.0,8,3,0.000000,s8_p3
1779334783.0,3,4,0.221884,s3_p4
1779334783.0,3,1,0.000000,s3_p1
1779334783.0,3,2,0.000000,s3_p2
1779334783.0,3,3,0.000000,s3_p3
1779334783.0,7,1,0.000000,s7_p1
1779334783.0,7,4,0.000000,s7_p4
1779334783.0,7,2,0.000000,s7_p2
1779334783.0,7,3,0.214955,s7_p3
1779334783.0,4,4,0.118325,s4_p4
1779334783.0,4,1,0.000000,s4_p1
1779334783.0,4,2,0.152132,s4_p2
1779334783.0,4,3,0.000000,s4_p3
1779334783.0,12,4,1.000000,s12_p4
1779334783.0,12,1,0.000000,s12_p1
1779334783.0,12,2,0.152213,s12_p2
1779334783.0,12,3,0.000000,s12_p3
1779334783.0,5,4,0.000000,s5_p4
1779334783.0,5,1,0.142416,s5_p1
1779334783.0,5,2,0.000000,s5_p2
1779334783.0,5,3,0.089312,s5_p3
1779334783.0,17,1,0.446727,s17_p1
1779334783.0,17,4,0.000000,s17_p4
1779334783.0,17,2,0.000000,s17_p2
1779334783.0,17,3,0.000000,s17_p3
1779334783.0,16,1,0.000000,s16_p1
1779334783.0,16,4,0.000000,s16_p4
1779334783.0,16,2,0.000000,s16_p2
1779334783.0,16,3,0.000000,s16_p3
1779334783.0,18,4,0.000000,s18_p4
1779334783.0,18,1,0.000000,s18_p1
1779334783.0,18,2,0.000000,s18_p2
1779334783.0,18,3,0.000000,s18_p3
1779334783.0,2,1,0.070019,s2_p1
1779334783.0,2,4,0.000000,s2_p4
1779334783.0,2,2,0.089334,s2_p2
1779334783.0,2,3,0.000000,s2_p3
1779334783.0,9,1,0.000000,s9_p1
1779334783.0,9,4,0.000000,s9_p4
1779334783.0,9,2,0.089354,s9_p2
1779334783.0,9,3,0.000000,s9_p3
1779334783.0,11,4,0.000000,s11_p4
1779334783.0,11,1,0.000000,s11_p1
1779334783.0,11,2,0.000000,s11_p2
1779334783.0,11,3,0.000000,s11_p3
1779334783.0,8,4,0.000000,s8_p4
1779334783.0,8,1,0.074923,s8_p1
1779334783.0,8,2,0.137762,s8_p2
1779334783.0,8,3,0.000000,s8_p3
1779334783.0,10,4,0.760696,s10_p4
1779334783.0,10,1,0.026564,s10_p1
1779334783.0,10,2,0.079692,s10_p2
1779334783.0,10,3,0.000000,s10_p3
1779334783.0,15,4,0.000000,s15_p4
1779334783.0,15,1,0.000000,s15_p1
1779334783.0,15,2,0.212535,s15_p2
1779334783.0,15,3,0.000000,s15_p3
1779334783.0,12,4,0.990764,s12_p4
1779334783.0,12,1,0.000000,s12_p1
1779334783.0,12,2,0.152239,s12_p2
1779334783.0,12,3,0.000000,s12_p3
1779334783.0,7,1,0.000000,s7_p1
1779334783.0,7,4,0.000000,s7_p4
1779334783.0,7,2,0.000000,s7_p2
1779334783.0,7,3,0.212618,s7_p3
1779334783.0,20,1,0.531302,s20_p1
1779334783.0,20,4,0.000000,s20_p4
1779334783.0,20,2,0.760728,s20_p2
1779334783.0,20,3,0.458852,s20_p3
1779334783.0,18,4,0.000000,s18_p4
1779334783.0,18,1,0.000000,s18_p1
1779334783.0,18,2,0.000000,s18_p2
1779334783.0,18,3,0.000000,s18_p3
1779334783.0,2,1,0.079754,s2_p1
1779334783.0,2,4,0.000000,s2_p4
1779334783.0,2,2,0.089421,s2_p2
1779334783.0,2,3,0.000000,s2_p3
1779334783.0,16,1,0.000000,s16_p1
1779334783.0,16,4,0.000000,s16_p4
1779334783.0,16,2,0.000000,s16_p2
1779334783.0,16,3,0.000000,s16_p3
1779334783.0,3,4,0.219699,s3_p4
1779334783.0,3,1,0.000000,s3_p1
1779334783.0,3,2,0.000000,s3_p2
1779334783.0,3,3,0.000000,s3_p3
1779334783.0,4,4,0.120756,s4_p4
1779334783.0,4,1,0.000000,s4_p1
1779334783.0,4,2,0.152152,s4_p2
1779334783.0,4,3,0.000000,s4_p3
1779334783.0,13,1,0.000000,s13_p1
1779334783.0,13,4,0.000000,s13_p4
1779334783.0,13,2,0.000000,s13_p2
1779334783.0,13,3,0.446483,s13_p3
1779334783.0,6,1,0.091654,s6_p1
1779334783.0,6,4,0.142304,s6_p4
1779334783.0,6,2,0.000000,s6_p2
1779334783.0,6,3,0.000000,s6_p3
1779334783.0,1,4,0.151960,s1_p4
1779334783.0,1,1,0.026533,s1_p1
1779334783.0,1,2,0.000000,s1_p2
1779334783.0,1,3,0.000000,s1_p3
1779334783.0,5,4,0.000000,s5_p4
1779334783.0,5,1,0.142481,s5_p1
1779334783.0,5,2,0.000000,s5_p2
1779334783.0,5,3,0.089352,s5_p3
1779334783.0,14,4,0.000000,s14_p4
1779334783.0,14,1,0.142272,s14_p1
1779334783.0,14,2,0.091633,s14_p2
1779334783.0,14,3,0.000000,s14_p3
1779334783.0,9,1,0.000000,s9_p1
1779334783.0,9,4,0.000000,s9_p4
1779334783.0,9,2,0.089357,s9_p2
1779334783.0,9,3,0.000000,s9_p3
1779334783.0,11,4,0.000000,s11_p4
1779334783.0,11,1,0.000000,s11_p1
1779334783.0,11,2,0.000000,s11_p2
1779334783.0,11,3,0.000000,s11_p3
1779334783.0,17,1,0.446561,s17_p1
1779334783.0,17,4,0.000000,s17_p4
1779334783.0,17,2,0.000000,s17_p2
1779334783.0,17,3,0.000000,s17_p3
1779334783.0,19,1,0.000000,s19_p1
1779334783.0,19,4,0.000000,s19_p4
1779334783.0,19,2,0.000000,s19_p2
1779334783.0,19,3,0.000000,s19_p3
1779334784.0,6,1,0.111323,s6_p1
1779334784.0,6,4,0.145204,s6_p4
1779334784.0,6,2,0.000000,s6_p2
1779334784.0,6,3,0.000000,s6_p3
1779334784.0,14,4,0.000000,s14_p4
1779334784.0,14,1,0.145068,s14_p1
1779334784.0,14,2,0.111219,s14_p2
1779334784.0,14,3,0.000000,s14_p3
1779334784.0,15,4,0.000000,s15_p4
1779334784.0,15,1,0.000000,s15_p1
1779334784.0,15,2,0.214830,s15_p2
1779334784.0,15,3,0.000000,s15_p3
1779334784.0,8,4,0.000000,s8_p4
1779334784.0,8,1,0.074813,s8_p1
1779334784.0,8,2,0.139972,s8_p2
1779334784.0,8,3,0.000000,s8_p3
1779334784.0,3,4,0.219848,s3_p4
1779334784.0,3,1,0.000000,s3_p1
1779334784.0,3,2,0.000000,s3_p2
1779334784.0,3,3,0.000000,s3_p3
1779334784.0,13,1,0.000000,s13_p1
1779334784.0,13,4,0.000000,s13_p4
1779334784.0,13,2,0.000000,s13_p2
1779334784.0,13,3,0.459151,s13_p3
1779334784.0,19,1,0.000000,s19_p1
1779334784.0,19,4,0.000000,s19_p4
1779334784.0,19,2,0.000000,s19_p2
1779334784.0,19,3,0.000000,s19_p3
1779334784.0,10,4,0.760231,s10_p4
1779334784.0,10,1,0.016894,s10_p1
1779334784.0,10,2,0.072403,s10_p2
1779334784.0,10,3,0.000000,s10_p3
1779334784.0,1,4,0.152248,s1_p4
1779334784.0,1,1,0.016916,s1_p1
1779334784.0,1,2,0.000000,s1_p2
1779334784.0,1,3,0.000000,s1_p3
1779334784.0,17,1,0.459170,s17_p1
1779334784.0,17,4,0.000000,s17_p4
1779334784.0,17,2,0.000000,s17_p2
1779334784.0,17,3,0.000000,s17_p3
1779334784.0,20,1,0.446388,s20_p1
1779334784.0,20,4,0.000000,s20_p4
1779334784.0,20,2,0.760066,s20_p2
1779334784.0,20,3,0.554969,s20_p3
1779334784.0,7,1,0.000000,s7_p1
1779334784.0,7,4,0.000000,s7_p4
1779334784.0,7,2,0.000000,s7_p2
1779334784.0,7,3,0.214736,s7_p3
1779334784.0,4,4,0.118278,s4_p4
1779334784.0,4,1,0.000000,s4_p1
1779334784.0,4,2,0.152072,s4_p2
1779334784.0,4,3,0.000000,s4_p3
1779334784.0,11,4,0.000000,s11_p4
1779334784.0,11,1,0.000000,s11_p1
1779334784.0,11,2,0.000000,s11_p2
1779334784.0,11,3,0.000000,s11_p3
1779334784.0,5,4,0.000000,s5_p4
1779334784.0,5,1,0.144902,s5_p1
1779334784.0,5,2,0.000000,s5_p2
1779334784.0,5,3,0.091771,s5_p3
1779334784.0,18,4,0.000000,s18_p4
1779334784.0,18,1,0.000000,s18_p1
1779334784.0,18,2,0.000000,s18_p2
1779334784.0,18,3,0.000000,s18_p3
1779334784.0,12,4,1.000000,s12_p4
1779334784.0,12,1,0.000000,s12_p1
1779334784.0,12,2,0.151969,s12_p2
1779334784.0,12,3,0.000000,s12_p3
1779334784.0,2,1,0.072395,s2_p1
1779334784.0,2,4,0.000000,s2_p4
1779334784.0,2,2,0.091700,s2_p2
1779334784.0,2,3,0.000000,s2_p3
1779334784.0,9,1,0.000000,s9_p1
1779334784.0,9,4,0.000000,s9_p4
1779334784.0,9,2,0.091763,s9_p2
1779334784.0,9,3,0.000000,s9_p3
1779334784.0,16,1,0.000000,s16_p1
1779334784.0,16,4,0.000000,s16_p4
1779334784.0,16,2,0.000000,s16_p2
1779334784.0,16,3,0.000000,s16_p3
1779334784.0,6,1,0.089331,s6_p1
1779334784.0,6,4,0.142447,s6_p4
1779334784.0,6,2,0.000000,s6_p2
1779334784.0,6,3,0.000000,s6_p3
1779334784.0,1,4,0.152302,s1_p4
1779334784.0,1,1,0.038680,s1_p1
1779334784.0,1,2,0.000000,s1_p2
1779334784.0,1,3,0.000000,s1_p3
1779334784.0,14,4,0.000000,s14_p4
1779334784.0,14,1,0.142592,s14_p1
1779334784.0,14,2,0.089422,s14_p2
1779334784.0,14,3,0.000000,s14_p3
1779334784.0,19,1,0.000000,s19_p1
1779334784.0,19,4,0.000000,s19_p4
1779334784.0,19,2,0.000000,s19_p2
1779334784.0,19,3,0.000000,s19_p3
1779334784.0,15,4,0.000000,s15_p4
1779334784.0,15,1,0.000000,s15_p1
1779334784.0,15,2,0.215026,s15_p2
1779334784.0,15,3,0.000000,s15_p3
1779334784.0,8,4,0.000000,s8_p4
1779334784.0,8,1,0.077310,s8_p1
1779334784.0,8,2,0.137709,s8_p2
1779334784.0,8,3,0.000000,s8_p3
1779334784.0,3,4,0.219849,s3_p4
1779334784.0,3,1,0.000000,s3_p1
1779334784.0,3,2,0.000000,s3_p2
1779334784.0,3,3,0.000000,s3_p3
1779334784.0,10,4,0.761044,s10_p4
1779334784.0,10,1,0.038656,s10_p1
1779334784.0,10,2,0.072480,s10_p2
1779334784.0,10,3,0.000000,s10_p3
1779334784.0,7,1,0.000000,s7_p1
1779334784.0,7,4,0.000000,s7_p4
1779334784.0,7,2,0.000000,s7_p2
1779334784.0,7,3,0.215149,s7_p3
1779334784.0,13,1,0.000000,s13_p1
1779334784.0,13,4,0.000000,s13_p4
1779334784.0,13,2,0.000000,s13_p2
1779334784.0,13,3,0.446832,s13_p3
1779334784.0,4,4,0.120850,s4_p4
1779334784.0,4,1,0.000000,s4_p1
1779334784.0,4,2,0.152271,s4_p2
1779334784.0,4,3,0.000000,s4_p3
1779334784.0,5,4,0.000000,s5_p4
1779334784.0,5,1,0.142583,s5_p1
1779334784.0,5,2,0.000000,s5_p2
1779334784.0,5,3,0.089417,s5_p3
1779334784.0,20,1,0.555653,s20_p1
1779334784.0,20,4,0.000000,s20_p4
1779334784.0,20,2,0.761003,s20_p2
1779334784.0,20,3,0.446938,s20_p3
1779334784.0,12,4,1.000000,s12_p4
1779334784.0,12,1,0.000000,s12_p1
1779334784.0,12,2,0.152226,s12_p2
1779334784.0,12,3,0.000000,s12_p3
1779334784.0,2,1,0.072478,s2_p1
1779334784.0,2,4,0.000000,s2_p4
1779334784.0,2,2,0.089389,s2_p2
1779334784.0,2,3,0.000000,s2_p3
1779334784.0,18,4,0.000000,s18_p4
1779334784.0,18,1,0.000000,s18_p1
1779334784.0,18,2,0.000000,s18_p2
1779334784.0,18,3,0.000000,s18_p3
1779334784.0,11,4,0.000000,s11_p4
1779334784.0,11,1,0.000000,s11_p1
1779334784.0,11,2,0.000000,s11_p2
1779334784.0,11,3,0.000000,s11_p3
1779334784.0,17,1,0.446670,s17_p1
1779334784.0,17,4,0.000000,s17_p4
1779334784.0,17,2,0.000000,s17_p2
1779334784.0,17,3,0.000000,s17_p3
1779334784.0,9,1,0.000000,s9_p1
1779334784.0,9,4,0.000000,s9_p4
1779334784.0,9,2,0.089362,s9_p2
1779334784.0,9,3,0.000000,s9_p3
1779334784.0,16,1,0.000000,s16_p1
1779334784.0,16,4,0.000000,s16_p4
1779334784.0,16,2,0.000000,s16_p2
1779334784.0,16,3,0.000000,s16_p3
1779334785.0,19,1,0.000000,s19_p1
1779334785.0,19,4,0.000000,s19_p4
1779334785.0,19,2,0.000000,s19_p2
1779334785.0,19,3,0.000000,s19_p3
1779334785.0,1,4,0.151937,s1_p4
1779334785.0,1,1,0.021705,s1_p1
1779334785.0,1,2,0.000000,s1_p2
1779334785.0,1,3,0.000000,s1_p3
1779334785.0,14,4,0.000000,s14_p4
1779334785.0,14,1,0.142289,s14_p1
1779334785.0,14,2,0.086820,s14_p2
1779334785.0,14,3,0.000000,s14_p3
1779334785.0,6,1,0.086802,s6_p1
1779334785.0,6,4,0.142259,s6_p4
1779334785.0,6,2,0.000000,s6_p2
1779334785.0,6,3,0.000000,s6_p3
1779334785.0,10,4,0.759660,s10_p4
1779334785.0,10,1,0.021705,s10_p1
1779334785.0,10,2,0.091642,s10_p2
1779334785.0,10,3,0.000000,s10_p3
1779334785.0,3,4,0.219430,s3_p4
1779334785.0,3,1,0.000000,s3_p1
1779334785.0,3,2,0.000000,s3_p2
1779334785.0,3,3,0.000000,s3_p3
1779334785.0,8,4,0.000000,s8_p4
1779334785.0,8,1,0.074744,s8_p1
1779334785.0,8,2,0.139844,s8_p2
1779334785.0,8,3,0.000000,s8_p3
1779334785.0,15,4,0.000000,s15_p4
1779334785.0,15,1,0.000000,s15_p1
1779334785.0,15,2,0.214570,s15_p2
1779334785.0,15,3,0.000000,s15_p3
1779334785.0,13,1,0.000000,s13_p1
1779334785.0,13,4,0.000000,s13_p4
1779334785.0,13,2,0.000000,s13_p2
1779334785.0,13,3,0.446173,s13_p3
1779334785.0,20,1,0.566787,s20_p1
1779334785.0,20,4,0.000000,s20_p4
1779334785.0,20,2,0.759735,s20_p2
1779334785.0,20,3,0.434134,s20_p3
1779334785.0,4,4,0.120536,s4_p4
1779334785.0,4,1,0.000000,s4_p1
1779334785.0,4,2,0.151876,s4_p2
1779334785.0,4,3,0.000000,s4_p3
1779334785.0,7,1,0.000000,s7_p1
1779334785.0,7,4,0.000000,s7_p4
1779334785.0,7,2,0.000000,s7_p2
1779334785.0,7,3,0.214501,s7_p3
1779334785.0,5,4,0.000000,s5_p4
1779334785.0,5,1,0.144658,s5_p1
1779334785.0,5,2,0.000000,s5_p2
1779334785.0,5,3,0.089206,s5_p3
1779334785.0,16,1,0.000000,s16_p1
1779334785.0,16,4,0.000000,s16_p4
1779334785.0,16,2,0.000000,s16_p2
1779334785.0,16,3,0.000000,s16_p3
1779334785.0,12,4,1.000000,s12_p4
1779334785.0,12,1,0.000000,s12_p1
1779334785.0,12,2,0.151918,s12_p2
1779334785.0,12,3,0.000000,s12_p3
1779334785.0,2,1,0.091647,s2_p1
1779334785.0,2,4,0.000000,s2_p4
1779334785.0,2,2,0.089236,s2_p2
1779334785.0,2,3,0.000000,s2_p3
1779334785.0,11,4,0.000000,s11_p4
1779334785.0,11,1,0.000000,s11_p1
1779334785.0,11,2,0.000000,s11_p2
1779334785.0,11,3,0.000000,s11_p3
1779334785.0,18,4,0.000000,s18_p4
1779334785.0,18,1,0.000000,s18_p1
1779334785.0,18,2,0.000000,s18_p2
1779334785.0,18,3,0.000000,s18_p3
1779334785.0,9,1,0.000000,s9_p1
1779334785.0,9,4,0.000000,s9_p4
1779334785.0,9,2,0.089248,s9_p2
1779334785.0,9,3,0.000000,s9_p3
1779334785.0,17,1,0.446133,s17_p1
1779334785.0,17,4,0.000000,s17_p4
1779334785.0,17,2,0.000000,s17_p2
1779334785.0,17,3,0.000000,s17_p3
1779334785.0,6,1,0.094408,s6_p1
1779334785.0,6,4,0.145243,s6_p4
1779334785.0,6,2,0.000000,s6_p2
1779334785.0,6,3,0.000000,s6_p3
1779334785.0,15,4,0.000000,s15_p4
1779334785.0,15,1,0.000000,s15_p1
1779334785.0,15,2,0.215440,s15_p2
1779334785.0,15,3,0.000000,s15_p3
1779334785.0,10,4,0.762307,s10_p4
1779334785.0,10,1,0.038720,s10_p1
1779334785.0,10,2,0.065341,s10_p2
1779334785.0,10,3,0.000000,s10_p3
1779334785.0,1,4,0.152361,s1_p4
1779334785.0,1,1,0.038695,s1_p1
1779334785.0,1,2,0.000000,s1_p2
1779334785.0,1,3,0.000000,s1_p3
1779334785.0,3,4,0.220134,s3_p4
1779334785.0,3,1,0.000000,s3_p1
1779334785.0,3,2,0.000000,s3_p2
1779334785.0,3,3,0.000000,s3_p3
1779334785.0,14,4,0.000000,s14_p4
1779334785.0,14,1,0.145033,s14_p1
1779334785.0,14,2,0.096688,s14_p2
1779334785.0,14,3,0.000000,s14_p3
1779334785.0,13,1,0.000000,s13_p1
1779334785.0,13,4,0.000000,s13_p4
1779334785.0,13,2,0.000000,s13_p2
1779334785.0,13,3,0.447518,s13_p3
1779334785.0,8,4,0.000000,s8_p4
1779334785.0,8,1,0.074985,s8_p1
1779334785.0,8,2,0.140294,s8_p2
1779334785.0,8,3,0.000000,s8_p3
1779334785.0,4,4,0.118552,s4_p4
1779334785.0,4,1,0.000000,s4_p1
1779334785.0,4,2,0.152424,s4_p2
1779334785.0,4,3,0.000000,s4_p3
1779334785.0,20,1,0.520110,s20_p1
1779334785.0,20,4,0.000000,s20_p4
1779334785.0,20,2,0.762022,s20_p2
1779334785.0,20,3,0.483823,s20_p3
1779334785.0,7,1,0.000000,s7_p1
1779334785.0,7,4,0.000000,s7_p4
1779334785.0,7,2,0.000000,s7_p2
1779334785.0,7,3,0.215321,s7_p3
1779334785.0,5,4,0.000000,s5_p4
1779334785.0,5,1,0.142740,s5_p1
1779334785.0,5,2,0.000000,s5_p2
1779334785.0,5,3,0.089515,s5_p3
1779334785.0,12,4,1.000000,s12_p4
1779334785.0,12,1,0.000000,s12_p1
1779334785.0,12,2,0.152425,s12_p2
1779334785.0,12,3,0.000000,s12_p3
1779334785.0,18,4,0.000000,s18_p4
1779334785.0,18,1,0.000000,s18_p1
1779334785.0,18,2,0.000000,s18_p2
1779334785.0,18,3,0.000000,s18_p3
1779334785.0,9,1,0.000000,s9_p1
1779334785.0,9,4,0.000000,s9_p4
1779334785.0,9,2,0.089536,s9_p2
1779334785.0,9,3,0.000000,s9_p3
1779334785.0,17,1,0.447642,s17_p1
1779334785.0,17,4,0.000000,s17_p4
1779334785.0,17,2,0.000000,s17_p2
1779334785.0,17,3,0.000000,s17_p3
1779334785.0,16,1,0.000000,s16_p1
1779334785.0,16,4,0.000000,s16_p4
1779334785.0,16,2,0.000000,s16_p2
1779334785.0,16,3,0.000000,s16_p3
1779334785.0,2,1,0.065287,s2_p1
1779334785.0,2,4,0.000000,s2_p4
1779334785.0,2,2,0.089467,s2_p2
1779334785.0,2,3,0.000000,s2_p3
1779334785.0,11,4,0.000000,s11_p4
1779334785.0,11,1,0.000000,s11_p1
1779334785.0,11,2,0.000000,s11_p2
1779334785.0,11,3,0.000000,s11_p3
1779334785.0,19,1,0.000000,s19_p1
1779334785.0,19,4,0.000000,s19_p4
1779334785.0,19,2,0.000000,s19_p2
1779334785.0,19,3,0.000000,s19_p3
1779334786.0,1,4,0.152182,s1_p4
1779334786.0,1,1,0.024156,s1_p1
1779334786.0,1,2,0.000000,s1_p2
1779334786.0,1,3,0.000000,s1_p3
1779334786.0,10,4,0.760339,s10_p4
1779334786.0,10,1,0.024138,s10_p1
1779334786.0,10,2,0.079655,s10_p2
1779334786.0,10,3,0.000000,s10_p3
1779334786.0,8,4,0.000000,s8_p4
1779334786.0,8,1,0.074867,s8_p1
1779334786.0,8,2,0.137659,s8_p2
1779334786.0,8,3,0.000000,s8_p3
1779334786.0,14,4,0.000000,s14_p4
1779334786.0,14,1,0.142475,s14_p1
1779334786.0,14,2,0.094178,s14_p2
1779334786.0,14,3,0.000000,s14_p3
1779334786.0,3,4,0.219721,s3_p4
1779334786.0,3,1,0.000000,s3_p1
1779334786.0,3,2,0.000000,s3_p2
1779334786.0,3,3,0.000000,s3_p3
1779334786.0,4,4,0.120784,s4_p4
1779334786.0,4,1,0.000000,s4_p1
1779334786.0,4,2,0.152188,s4_p2
1779334786.0,4,3,0.000000,s4_p3
1779334786.0,15,4,0.000000,s15_p4
1779334786.0,15,1,0.000000,s15_p1
1779334786.0,15,2,0.212335,s15_p2
1779334786.0,15,3,0.000000,s15_p3
1779334786.0,13,1,0.000000,s13_p1
1779334786.0,13,4,0.000000,s13_p4
1779334786.0,13,2,0.000000,s13_p2
1779334786.0,13,3,0.446675,s13_p3
1779334786.0,12,4,0.989933,s12_p4
1779334786.0,12,1,0.000000,s12_p1
1779334786.0,12,2,0.152112,s12_p2
1779334786.0,12,3,0.000000,s12_p3
1779334786.0,20,1,0.519019,s20_p1
1779334786.0,20,4,0.000000,s20_p4
1779334786.0,20,2,0.760423,s20_p2
1779334786.0,20,3,0.470738,s20_p3
1779334786.0,7,1,0.000000,s7_p1
1779334786.0,7,4,0.000000,s7_p4
1779334786.0,7,2,0.000000,s7_p2
1779334786.0,7,3,0.212436,s7_p3
1779334786.0,18,4,0.000000,s18_p4
1779334786.0,18,1,0.000000,s18_p1
1779334786.0,18,2,0.000000,s18_p2
1779334786.0,18,3,0.000000,s18_p3
1779334786.0,5,4,0.000000,s5_p4
1779334786.0,5,1,0.142427,s5_p1
1779334786.0,5,2,0.000000,s5_p2
1779334786.0,5,3,0.089318,s5_p3
1779334786.0,17,1,0.446577,s17_p1
1779334786.0,17,4,0.000000,s17_p4
1779334786.0,17,2,0.000000,s17_p2
1779334786.0,17,3,0.000000,s17_p3
1779334786.0,9,1,0.000000,s9_p1
1779334786.0,9,4,0.000000,s9_p4
1779334786.0,9,2,0.089300,s9_p2
1779334786.0,9,3,0.000000,s9_p3
1779334786.0,16,1,0.000000,s16_p1
1779334786.0,16,4,0.000000,s16_p4
1779334786.0,16,2,0.000000,s16_p2
1779334786.0,16,3,0.000000,s16_p3
1779334786.0,11,4,0.000000,s11_p4
1779334786.0,11,1,0.000000,s11_p1
1779334786.0,11,2,0.000000,s11_p2
1779334786.0,11,3,0.000000,s11_p3
1779334786.0,2,1,0.079671,s2_p1
1779334786.0,2,4,0.000000,s2_p4
1779334786.0,2,2,0.089328,s2_p2
1779334786.0,2,3,0.000000,s2_p3
1779334786.0,19,1,0.000000,s19_p1
1779334786.0,19,4,0.000000,s19_p4
1779334786.0,19,2,0.000000,s19_p2
1779334786.0,19,3,0.000000,s19_p3
1779334786.0,6,1,0.098701,s6_p1
1779334786.0,6,4,0.142034,s6_p4
1779334786.0,6,2,0.000000,s6_p2
1779334786.0,6,3,0.000000,s6_p3
1779334786.0,13,1,0.000000,s13_p1
1779334786.0,13,4,0.000000,s13_p4
1779334786.0,13,2,0.000000,s13_p2
1779334786.0,13,3,0.446235,s13_p3
1779334786.0,12,4,1.000000,s12_p4
1779334786.0,12,1,0.000000,s12_p1
1779334786.0,12,2,0.152021,s12_p2
1779334786.0,12,3,0.000000,s12_p3
1779334786.0,15,4,0.000000,s15_p4
1779334786.0,15,1,0.000000,s15_p1
1779334786.0,15,2,0.217029,s15_p2
1779334786.0,15,3,0.000000,s15_p3
1779334786.0,4,4,0.118153,s4_p4
1779334786.0,4,1,0.000000,s4_p1
1779334786.0,4,2,0.151911,s4_p2
1779334786.0,4,3,0.000000,s4_p3
1779334786.0,20,1,0.494671,s20_p1
1779334786.0,20,4,0.000000,s20_p4
1779334786.0,20,2,0.760104,s20_p2
1779334786.0,20,3,0.506736,s20_p3
1779334786.0,10,4,0.759347,s10_p4
1779334786.0,10,1,0.026517,s10_p1
1779334786.0,10,2,0.072319,s10_p2
1779334786.0,10,3,0.000000,s10_p3
1779334786.0,8,4,0.000000,s8_p4
1779334786.0,8,1,0.077144,s8_p1
1779334786.0,8,2,0.139824,s8_p2
1779334786.0,8,3,0.000000,s8_p3
1779334786.0,6,1,0.099010,s6_p1
1779334786.0,6,4,0.144893,s6_p4
1779334786.0,6,2,0.000000,s6_p2
1779334786.0,6,3,0.000000,s6_p3
1779334786.0,1,4,0.151748,s1_p4
1779334786.0,1,1,0.026496,s1_p1
1779334786.0,1,2,0.000000,s1_p2
1779334786.0,1,3,0.000000,s1_p3
1779334786.0,18,4,0.000000,s18_p4
1779334786.0,18,1,0.000000,s18_p1
1779334786.0,18,2,0.000000,s18_p2
1779334786.0,18,3,0.000000,s18_p3
1779334786.0,7,1,0.000000,s7_p1
1779334786.0,7,4,0.000000,s7_p4
1779334786.0,7,2,0.000000,s7_p2
1779334786.0,7,3,0.217149,s7_p3
1779334786.0,3,4,0.219379,s3_p4
1779334786.0,3,1,0.000000,s3_p1
1779334786.0,3,2,0.000000,s3_p2
1779334786.0,3,3,0.000000,s3_p3
1779334786.0,19,1,0.000000,s19_p1
1779334786.0,19,4,0.000000,s19_p4
1779334786.0,19,2,0.000000,s19_p2
1779334786.0,19,3,0.000000,s19_p3
1779334786.0,5,4,0.000000,s5_p4
1779334786.0,5,1,0.144764,s5_p1
1779334786.0,5,2,0.000000,s5_p2
1779334786.0,5,3,0.089271,s5_p3
1779334786.0,14,4,0.000000,s14_p4
1779334786.0,14,1,0.144629,s14_p1
1779334786.0,14,2,0.101240,s14_p2
1779334786.0,14,3,0.000000,s14_p3
1779334786.0,16,1,0.000000,s16_p1
1779334786.0,16,4,0.000000,s16_p4
1779334786.0,16,2,0.000000,s16_p2
1779334786.0,16,3,0.000000,s16_p3
1779334786.0,9,1,0.000000,s9_p1
1779334786.0,9,4,0.000000,s9_p4
1779334786.0,9,2,0.089263,s9_p2
1779334786.0,9,3,0.000000,s9_p3
1779334786.0,2,1,0.072378,s2_p1
1779334786.0,2,4,0.000000,s2_p4
1779334786.0,2,2,0.089266,s2_p2
1779334786.0,2,3,0.000000,s2_p3
1779334786.0,11,4,0.000000,s11_p4
1779334786.0,11,1,0.000000,s11_p1
1779334786.0,11,2,0.000000,s11_p2
1779334786.0,11,3,0.000000,s11_p3
1779334786.0,17,1,0.446257,s17_p1
1779334786.0,17,4,0.000000,s17_p4
1779334786.0,17,2,0.000000,s17_p2
1779334786.0,17,3,0.000000,s17_p3
1779334787.0,1,4,0.152307,s1_p4
1779334787.0,1,1,0.029011,s1_p1
1779334787.0,1,2,0.000000,s1_p2
1779334787.0,1,3,0.000000,s1_p3
1779334787.0,14,4,0.000000,s14_p4
1779334787.0,14,1,0.142631,s14_p1
1779334787.0,14,2,0.091864,s14_p2
1779334787.0,14,3,0.000000,s14_p3
1779334787.0,6,1,0.091847,s6_p1
1779334787.0,6,4,0.142604,s6_p4
1779334787.0,6,2,0.000000,s6_p2
1779334787.0,6,3,0.000000,s6_p3
1779334787.0,10,4,0.760955,s10_p4
1779334787.0,10,1,0.028989,s10_p1
1779334787.0,10,2,0.079719,s10_p2
1779334787.0,10,3,0.000000,s10_p3
1779334787.0,15,4,0.000000,s15_p4
1779334787.0,15,1,0.000000,s15_p1
1779334787.0,15,2,0.214963,s15_p2
1779334787.0,15,3,0.000000,s15_p3
1779334787.0,8,4,0.000000,s8_p4
1779334787.0,8,1,0.074880,s8_p1
1779334787.0,8,2,0.140098,s8_p2
1779334787.0,8,3,0.000000,s8_p3
1779334787.0,3,4,0.219825,s3_p4
1779334787.0,3,1,0.000000,s3_p1
1779334787.0,3,2,0.000000,s3_p2
1779334787.0,3,3,0.000000,s3_p3
1779334787.0,13,1,0.000000,s13_p1
1779334787.0,13,4,0.000000,s13_p4
1779334787.0,13,2,0.000000,s13_p2
1779334787.0,13,3,0.446701,s13_p3
1779334787.0,4,4,0.120709,s4_p4
1779334787.0,4,1,0.000000,s4_p1
1779334787.0,4,2,0.152094,s4_p2
1779334787.0,4,3,0.000000,s4_p3
1779334787.0,7,1,0.000000,s7_p1
1779334787.0,7,4,0.000000,s7_p4
1779334787.0,7,2,0.000000,s7_p2
1779334787.0,7,3,0.214880,s7_p3
1779334787.0,5,4,0.000000,s5_p4
1779334787.0,5,1,0.142452,s5_p1
1779334787.0,5,2,0.000000,s5_p2
1779334787.0,5,3,0.089334,s5_p3
1779334787.0,12,4,1.000000,s12_p4
1779334787.0,12,1,0.000000,s12_p1
1779334787.0,12,2,0.152062,s12_p2
1779334787.0,12,3,0.000000,s12_p3
1779334787.0,20,1,0.543114,s20_p1
1779334787.0,20,4,0.000000,s20_p4
1779334787.0,20,2,0.760360,s20_p2
1779334787.0,20,3,0.458630,s20_p3
1779334787.0,18,4,0.000000,s18_p4
1779334787.0,18,1,0.000000,s18_p1
1779334787.0,18,2,0.000000,s18_p2
1779334787.0,18,3,0.000000,s18_p3
1779334787.0,11,4,0.000000,s11_p4
1779334787.0,11,1,0.000000,s11_p1
1779334787.0,11,2,0.000000,s11_p2
1779334787.0,11,3,0.000000,s11_p3
1779334787.0,17,1,0.446578,s17_p1
1779334787.0,17,4,0.000000,s17_p4
1779334787.0,17,2,0.000000,s17_p2
1779334787.0,17,3,0.000000,s17_p3
1779334787.0,16,1,0.000000,s16_p1
1779334787.0,16,4,0.000000,s16_p4
1779334787.0,16,2,0.000000,s16_p2
1779334787.0,16,3,0.000000,s16_p3
1779334787.0,9,1,0.000000,s9_p1
1779334787.0,9,4,0.000000,s9_p4
1779334787.0,9,2,0.089299,s9_p2
1779334787.0,9,3,0.000000,s9_p3
1779334787.0,2,1,0.079645,s2_p1
1779334787.0,2,4,0.000000,s2_p4
1779334787.0,2,2,0.089299,s2_p2
1779334787.0,2,3,0.000000,s2_p3
1779334787.0,19,1,0.000000,s19_p1
1779334787.0,19,4,0.000000,s19_p4
1779334787.0,19,2,0.000000,s19_p2
1779334787.0,19,3,0.000000,s19_p3
1779334787.0,7,1,0.000000,s7_p1
1779334787.0,7,4,0.000000,s7_p4
1779334787.0,7,2,0.000000,s7_p2
1779334787.0,7,3,0.212624,s7_p3
1779334787.0,20,1,0.579377,s20_p1
1779334787.0,20,4,0.000000,s20_p4
1779334787.0,20,2,0.760432,s20_p2
1779334787.0,20,3,0.422462,s20_p3
1779334787.0,17,1,0.446894,s17_p1
1779334787.0,17,4,0.000000,s17_p4
1779334787.0,17,2,0.000000,s17_p2
1779334787.0,17,3,0.000000,s17_p3
1779334787.0,5,4,0.000000,s5_p4
1779334787.0,5,1,0.144811,s5_p1
1779334787.0,5,2,0.000000,s5_p2
1779334787.0,5,3,0.089300,s5_p3
1779334787.0,4,4,0.118244,s4_p4
1779334787.0,4,1,0.000000,s4_p1
1779334787.0,4,2,0.152027,s4_p2
1779334787.0,4,3,0.000000,s4_p3
1779334787.0,12,4,1.000000,s12_p4
1779334787.0,12,1,0.000000,s12_p1
1779334787.0,12,2,0.152043,s12_p2
1779334787.0,12,3,0.000000,s12_p3
1779334787.0,18,4,0.000000,s18_p4
1779334787.0,18,1,0.000000,s18_p1
1779334787.0,18,2,0.000000,s18_p2
1779334787.0,18,3,0.000000,s18_p3
1779334787.0,11,4,0.000000,s11_p4
1779334787.0,11,1,0.000000,s11_p1
1779334787.0,11,2,0.000000,s11_p2
1779334787.0,11,3,0.000000,s11_p3
1779334787.0,16,1,0.000000,s16_p1
1779334787.0,16,4,0.000000,s16_p4
1779334787.0,16,2,0.000000,s16_p2
1779334787.0,16,3,0.000000,s16_p3
1779334787.0,2,1,0.084507,s2_p1
1779334787.0,2,4,0.000000,s2_p4
1779334787.0,2,2,0.089336,s2_p2
1779334787.0,2,3,0.000000,s2_p3
1779334787.0,19,1,0.000000,s19_p1
1779334787.0,19,4,0.000000,s19_p4
1779334787.0,19,2,0.000000,s19_p2
1779334787.0,19,3,0.000000,s19_p3
1779334787.0,9,1,0.000000,s9_p1
1779334787.0,9,4,0.000000,s9_p4
1779334787.0,9,2,0.089312,s9_p2
1779334787.0,9,3,0.000000,s9_p3
1779334787.0,6,1,0.084293,s6_p1
1779334787.0,6,4,0.144503,s6_p4
1779334787.0,6,2,0.000000,s6_p2
1779334787.0,6,3,0.000000,s6_p3
1779334787.0,1,4,0.151671,s1_p4
1779334787.0,1,1,0.031297,s1_p1
1779334787.0,1,2,0.000000,s1_p2
1779334787.0,1,3,0.000000,s1_p3
1779334787.0,10,4,0.758705,s10_p4
1779334787.0,10,1,0.031312,s10_p1
1779334787.0,10,2,0.084301,s10_p2
1779334787.0,10,3,0.000000,s10_p3
1779334787.0,14,4,0.000000,s14_p4
1779334787.0,14,1,0.144428,s14_p1
1779334787.0,14,2,0.084249,s14_p2
1779334787.0,14,3,0.000000,s14_p3
1779334787.0,3,4,0.221539,s3_p4
1779334787.0,3,1,0.000000,s3_p1
1779334787.0,3,2,0.000000,s3_p2
1779334787.0,3,3,0.000000,s3_p3
1779334787.0,13,1,0.000000,s13_p1
1779334787.0,13,4,0.000000,s13_p4
1779334787.0,13,2,0.000000,s13_p2
1779334787.0,13,3,0.445473,s13_p3
1779334787.0,15,4,0.000000,s15_p4
1779334787.0,15,1,0.000000,s15_p1
1779334787.0,15,2,0.211876,s15_p2
1779334787.0,15,3,0.000000,s15_p3
1779334787.0,8,4,0.000000,s8_p4
1779334787.0,8,1,0.074632,s8_p1
1779334787.0,8,2,0.137226,s8_p2
1779334787.0,8,3,0.000000,s8_p3
1779334788.0,6,1,0.099355,s6_p1
1779334788.0,6,4,0.142974,s6_p4
1779334788.0,6,2,0.000000,s6_p2
1779334788.0,6,3,0.000000,s6_p3
1779334788.0,19,1,0.000000,s19_p1
1779334788.0,19,4,0.000000,s19_p4
1779334788.0,19,2,0.000000,s19_p2
1779334788.0,19,3,0.000000,s19_p3
1779334788.0,14,4,0.000000,s14_p4
1779334788.0,14,1,0.142936,s14_p1
1779334788.0,14,2,0.099328,s14_p2
1779334788.0,14,3,0.000000,s14_p3
1779334788.0,1,4,0.152575,s1_p4
1779334788.0,1,1,0.029062,s1_p1
1779334788.0,1,2,0.000000,s1_p2
1779334788.0,1,3,0.000000,s1_p3
1779334788.0,10,4,0.763018,s10_p4
1779334788.0,10,1,0.029067,s10_p1
1779334788.0,10,2,0.072668,s10_p2
1779334788.0,10,3,0.000000,s10_p3
1779334788.0,3,4,0.220442,s3_p4
1779334788.0,3,1,0.000000,s3_p1
1779334788.0,3,2,0.000000,s3_p2
1779334788.0,3,3,0.000000,s3_p3
1779334788.0,15,4,0.000000,s15_p4
1779334788.0,15,1,0.000000,s15_p1
1779334788.0,15,2,0.215594,s15_p2
1779334788.0,15,3,0.000000,s15_p3
1779334788.0,13,1,0.000000,s13_p1
1779334788.0,13,4,0.000000,s13_p4
1779334788.0,13,2,0.000000,s13_p2
1779334788.0,13,3,0.448093,s13_p3
1779334788.0,8,4,0.000000,s8_p4
1779334788.0,8,1,0.075095,s8_p1
1779334788.0,8,2,0.140500,s8_p2
1779334788.0,8,3,0.000000,s8_p3
1779334788.0,7,1,0.000000,s7_p1
1779334788.0,7,4,0.000000,s7_p4
1779334788.0,7,2,0.000000,s7_p2
1779334788.0,7,3,0.214811,s7_p3
1779334788.0,5,4,0.000000,s5_p4
1779334788.0,5,1,0.142557,s5_p1
1779334788.0,5,2,0.000000,s5_p2
1779334788.0,5,3,0.089400,s5_p3
1779334788.0,12,4,1.000000,s12_p4
1779334788.0,12,1,0.000000,s12_p1
1779334788.0,12,2,0.152229,s12_p2
1779334788.0,12,3,0.000000,s12_p3
1779334788.0,20,1,0.507286,s20_p1
1779334788.0,20,4,0.000000,s20_p4
1779334788.0,20,2,0.760929,s20_p2
1779334788.0,20,3,0.495208,s20_p3
1779334788.0,4,4,0.120807,s4_p4
1779334788.0,4,1,0.000000,s4_p1
1779334788.0,4,2,0.152217,s4_p2
1779334788.0,4,3,0.000000,s4_p3
1779334788.0,2,1,0.072495,s2_p1
1779334788.0,2,4,0.000000,s2_p4
1779334788.0,2,2,0.089410,s2_p2
1779334788.0,2,3,0.000000,s2_p3
1779334788.0,17,1,0.446746,s17_p1
1779334788.0,17,4,0.000000,s17_p4
1779334788.0,17,2,0.000000,s17_p2
1779334788.0,17,3,0.000000,s17_p3
1779334788.0,16,1,0.000000,s16_p1
1779334788.0,16,4,0.000000,s16_p4
1779334788.0,16,2,0.000000,s16_p2
1779334788.0,16,3,0.000000,s16_p3
1779334788.0,11,4,0.000000,s11_p4
1779334788.0,11,1,0.000000,s11_p1
1779334788.0,11,2,0.000000,s11_p2
1779334788.0,11,3,0.000000,s11_p3
1779334788.0,9,1,0.000000,s9_p1
1779334788.0,9,4,0.000000,s9_p4
1779334788.0,9,2,0.089419,s9_p2
1779334788.0,9,3,0.000000,s9_p3
1779334788.0,18,4,0.000000,s18_p4
1779334788.0,18,1,0.000000,s18_p1
1779334788.0,18,2,0.000000,s18_p2
1779334788.0,18,3,0.000000,s18_p3
1779334788.0,19,1,0.000000,s19_p1
1779334788.0,19,4,0.000000,s19_p4
1779334788.0,19,2,0.000000,s19_p2
1779334788.0,19,3,0.000000,s19_p3
1779334788.0,3,4,0.219504,s3_p4
1779334788.0,3,1,0.000000,s3_p1
1779334788.0,3,2,0.000000,s3_p2
1779334788.0,3,3,0.000000,s3_p3
1779334788.0,6,1,0.118053,s6_p1
1779334788.0,6,4,0.142145,s6_p4
1779334788.0,6,2,0.000000,s6_p2
1779334788.0,6,3,0.000000,s6_p3
1779334788.0,1,4,0.151894,s1_p4
1779334788.0,1,1,0.019288,s1_p1
1779334788.0,1,2,0.000000,s1_p2
1779334788.0,1,3,0.000000,s1_p3
1779334788.0,14,4,0.000000,s14_p4
1779334788.0,14,1,0.142241,s14_p1
1779334788.0,14,2,0.118133,s14_p2
1779334788.0,14,3,0.000000,s14_p3
1779334788.0,10,4,0.759288,s10_p4
1779334788.0,10,1,0.019283,s10_p1
1779334788.0,10,2,0.062671,s10_p2
1779334788.0,10,3,0.000000,s10_p3
1779334788.0,15,4,0.000000,s15_p4
1779334788.0,15,1,0.000000,s15_p1
1779334788.0,15,2,0.214614,s15_p2
1779334788.0,15,3,0.000000,s15_p3
1779334788.0,4,4,0.120634,s4_p4
1779334788.0,4,1,0.000000,s4_p1
1779334788.0,4,2,0.151999,s4_p2
1779334788.0,4,3,0.000000,s4_p3
1779334788.0,8,4,0.000000,s8_p4
1779334788.0,8,1,0.077148,s8_p1
1779334788.0,8,2,0.139830,s8_p2
1779334788.0,8,3,0.000000,s8_p3
1779334788.0,13,1,0.000000,s13_p1
1779334788.0,13,4,0.000000,s13_p4
1779334788.0,13,2,0.000000,s13_p2
1779334788.0,13,3,0.445980,s13_p3
1779334788.0,5,4,0.000000,s5_p4
1779334788.0,5,1,0.142289,s5_p1
1779334788.0,5,2,0.000000,s5_p2
1779334788.0,5,3,0.089232,s5_p3
1779334788.0,7,1,0.000000,s7_p1
1779334788.0,7,4,0.000000,s7_p4
1779334788.0,7,2,0.000000,s7_p2
1779334788.0,7,3,0.217027,s7_p3
1779334788.0,12,4,1.000000,s12_p4
1779334788.0,12,1,0.000000,s12_p1
1779334788.0,12,2,0.151928,s12_p2
1779334788.0,12,3,0.000000,s12_p3
1779334788.0,18,4,0.000000,s18_p4
1779334788.0,18,1,0.000000,s18_p1
1779334788.0,18,2,0.000000,s18_p2
1779334788.0,18,3,0.000000,s18_p3
1779334788.0,17,1,0.446218,s17_p1
1779334788.0,17,4,0.000000,s17_p4
1779334788.0,17,2,0.000000,s17_p2
1779334788.0,17,3,0.000000,s17_p3
1779334788.0,20,1,0.409841,s20_p1
1779334788.0,20,4,0.000000,s20_p4
1779334788.0,20,2,0.759411,s20_p2
1779334788.0,20,3,0.590653,s20_p3
1779334788.0,2,1,0.062686,s2_p1
1779334788.0,2,4,0.000000,s2_p4
1779334788.0,2,2,0.089207,s2_p2
1779334788.0,2,3,0.000000,s2_p3
1779334788.0,9,1,0.000000,s9_p1
1779334788.0,9,4,0.000000,s9_p4
1779334788.0,9,2,0.089216,s9_p2
1779334788.0,9,3,0.000000,s9_p3
1779334788.0,11,4,0.000000,s11_p4
1779334788.0,11,1,0.000000,s11_p1
1779334788.0,11,2,0.000000,s11_p2
1779334788.0,11,3,0.000000,s11_p3
1779334788.0,16,1,0.000000,s16_p1
1779334788.0,16,4,0.000000,s16_p4
1779334788.0,16,2,0.000000,s16_p2
1779334788.0,16,3,0.000000,s16_p3
1779334789.0,6,1,0.089464,s6_p1
1779334789.0,6,4,0.145077,s6_p4
1779334789.0,6,2,0.000000,s6_p2
1779334789.0,6,3,0.000000,s6_p3
1779334789.0,14,4,0.000000,s14_p4
1779334789.0,14,1,0.144991,s14_p1
1779334789.0,14,2,0.089411,s14_p2
1779334789.0,14,3,0.000000,s14_p3
1779334789.0,1,4,0.152224,s1_p4
1779334789.0,1,1,0.028995,s1_p1
1779334789.0,1,2,0.000000,s1_p2
1779334789.0,1,3,0.000000,s1_p3
1779334789.0,15,4,0.000000,s15_p4
1779334789.0,15,1,0.000000,s15_p1
1779334789.0,15,2,0.215104,s15_p2
1779334789.0,15,3,0.000000,s15_p3
1779334789.0,3,4,0.219843,s3_p4
1779334789.0,3,1,0.000000,s3_p1
1779334789.0,3,2,0.000000,s3_p2
1779334789.0,3,3,0.000000,s3_p3
1779334789.0,10,4,0.761260,s10_p4
1779334789.0,10,1,0.029000,s10_p1
1779334789.0,10,2,0.079751,s10_p2
1779334789.0,10,3,0.000000,s10_p3
1779334789.0,8,4,0.000000,s8_p4
1779334789.0,8,1,0.074910,s8_p1
1779334789.0,8,2,0.137738,s8_p2
1779334789.0,8,3,0.000000,s8_p3
1779334789.0,20,1,0.556132,s20_p1
1779334789.0,20,4,0.000000,s20_p4
1779334789.0,20,2,0.761659,s20_p2
1779334789.0,20,3,0.447324,s20_p3
1779334789.0,13,1,0.000000,s13_p1
1779334789.0,13,4,0.000000,s13_p4
1779334789.0,13,2,0.000000,s13_p2
1779334789.0,13,3,0.447014,s13_p3
1779334789.0,7,1,0.000000,s7_p1
1779334789.0,7,4,0.000000,s7_p4
1779334789.0,7,2,0.000000,s7_p2
1779334789.0,7,3,0.212693,s7_p3
1779334789.0,4,4,0.118382,s4_p4
1779334789.0,4,1,0.000000,s4_p1
1779334789.0,4,2,0.152206,s4_p2
1779334789.0,4,3,0.000000,s4_p3
1779334789.0,18,4,0.000000,s18_p4
1779334789.0,18,1,0.000000,s18_p1
1779334789.0,18,2,0.000000,s18_p2
1779334789.0,18,3,0.000000,s18_p3
1779334789.0,12,4,1.000000,s12_p4
1779334789.0,12,1,0.000000,s12_p1
1779334789.0,12,2,0.152221,s12_p2
1779334789.0,12,3,0.000000,s12_p3
1779334789.0,5,4,0.000000,s5_p4
1779334789.0,5,1,0.144956,s5_p1
1779334789.0,5,2,0.000000,s5_p2
1779334789.0,5,3,0.089390,s5_p3
1779334789.0,11,4,0.000000,s11_p4
1779334789.0,11,1,0.000000,s11_p1
1779334789.0,11,2,0.000000,s11_p2
1779334789.0,11,3,0.000000,s11_p3
1779334789.0,17,1,0.446915,s17_p1
1779334789.0,17,4,0.000000,s17_p4
1779334789.0,17,2,0.000000,s17_p2
1779334789.0,17,3,0.000000,s17_p3
1779334789.0,2,1,0.082162,s2_p1
1779334789.0,2,4,0.000000,s2_p4
1779334789.0,2,2,0.089412,s2_p2
1779334789.0,2,3,0.000000,s2_p3
1779334789.0,16,1,0.000000,s16_p1
1779334789.0,16,4,0.000000,s16_p4
1779334789.0,16,2,0.000000,s16_p2
1779334789.0,16,3,0.000000,s16_p3
1779334789.0,9,1,0.000000,s9_p1
1779334789.0,9,4,0.000000,s9_p4
1779334789.0,9,2,0.089403,s9_p2
1779334789.0,9,3,0.000000,s9_p3
1779334789.0,19,1,0.000000,s19_p1
1779334789.0,19,4,0.000000,s19_p4
1779334789.0,19,2,0.000000,s19_p2
1779334789.0,19,3,0.000000,s19_p3
1779334789.0,14,4,0.000000,s14_p4
1779334789.0,14,1,0.373884,s14_p1
1779334789.0,14,2,0.335862,s14_p2
1779334789.0,14,3,0.000000,s14_p3
1779334789.0,1,4,0.620873,s1_p4
1779334789.0,1,1,0.297766,s1_p1
1779334789.0,1,2,0.000000,s1_p2
1779334789.0,1,3,0.000000,s1_p3
1779334789.0,10,4,1.000000,s10_p4
1779334789.0,10,1,0.297364,s10_p1
1779334789.0,10,2,0.487172,s10_p2
1779334789.0,10,3,0.000000,s10_p3
1779334789.0,15,4,0.000000,s15_p4
1779334789.0,15,1,0.000000,s15_p1
1779334789.0,15,2,0.556565,s15_p2
1779334789.0,15,3,1.000000,s15_p3
1779334789.0,13,1,0.000000,s13_p1
1779334789.0,13,4,0.000000,s13_p4
1779334789.0,13,2,0.000000,s13_p2
1779334789.0,13,3,1.000000,s13_p3
1779334789.0,3,4,0.790474,s3_p4
1779334789.0,3,1,0.000000,s3_p1
1779334789.0,3,2,0.246628,s3_p2
1779334789.0,3,3,0.000000,s3_p3
1779334789.0,8,4,0.215259,s8_p4
1779334789.0,8,1,0.354545,s8_p1
1779334789.0,8,2,0.360876,s8_p2
1779334789.0,8,3,0.000000,s8_p3
1779334789.0,7,1,0.214977,s7_p1
1779334789.0,7,4,0.000000,s7_p4
1779334789.0,7,2,0.000000,s7_p2
1779334789.0,7,3,0.777713,s7_p3
1779334789.0,20,1,1.000000,s20_p1
1779334789.0,20,4,0.790062,s20_p4
1779334789.0,20,2,1.000000,s20_p2
1779334789.0,20,3,1.000000,s20_p3
1779334789.0,17,1,1.000000,s17_p1
1779334789.0,17,4,0.000000,s17_p4
1779334789.0,17,2,0.000000,s17_p2
1779334789.0,17,3,0.000000,s17_p3
1779334789.0,4,4,0.549919,s4_p4
1779334789.0,4,1,0.000000,s4_p1
1779334789.0,4,2,0.391896,s4_p2
1779334789.0,4,3,0.246515,s4_p3
1779334789.0,12,4,1.000000,s12_p4
1779334789.0,12,1,0.000000,s12_p1
1779334789.0,12,2,0.392175,s12_p2
1779334789.0,12,3,0.000000,s12_p3
1779334789.0,2,1,0.480727,s2_p1
1779334789.0,2,4,0.000000,s2_p4
1779334789.0,2,2,0.455425,s2_p2
1779334789.0,2,3,0.000000,s2_p3
1779334789.0,6,1,0.333199,s6_p1
1779334789.0,6,4,0.370919,s6_p4
1779334789.0,6,2,0.176030,s6_p2
1779334789.0,6,3,0.000000,s6_p3
1779334789.0,19,1,0.000000,s19_p1
1779334789.0,19,4,0.000000,s19_p4
1779334789.0,19,2,0.000000,s19_p2
1779334789.0,19,3,0.000000,s19_p3
1779334789.0,11,4,0.000000,s11_p4
1779334789.0,11,1,0.246548,s11_p1
1779334789.0,11,2,0.000000,s11_p2
1779334789.0,11,3,0.000000,s11_p3
1779334789.0,9,1,0.000000,s9_p1
1779334789.0,9,4,0.000000,s9_p4
1779334789.0,9,2,0.455394,s9_p2
1779334789.0,9,3,0.000000,s9_p3
1779334789.0,5,4,0.000000,s5_p4
1779334789.0,5,1,0.372521,s5_p1
1779334789.0,5,2,0.113651,s5_p2
1779334789.0,5,3,0.233615,s5_p3
1779334789.0,16,1,0.214932,s16_p1
1779334789.0,16,4,0.000000,s16_p4
1779334789.0,16,2,0.158038,s16_p2
1779334789.0,16,3,0.000000,s16_p3
1779334789.0,18,4,0.000000,s18_p4
1779334789.0,18,1,0.000000,s18_p1
1779334789.0,18,2,0.000000,s18_p2
1779334789.0,18,3,0.000000,s18_p3
1779334789.0,14,4,0.000000,s14_p4
1779334789.0,14,1,0.055362,s14_p1
1779334789.0,14,2,0.002407,s14_p2
1779334789.0,14,3,0.000000,s14_p3
1779334789.0,10,4,0.301055,s10_p4
1779334789.0,10,1,0.093929,s10_p1
1779334789.0,10,2,0.168591,s10_p2
1779334789.0,10,3,0.000000,s10_p3
1779334789.0,1,4,0.223837,s1_p4
1779334789.0,1,1,0.093867,s1_p1
1779334789.0,1,2,0.000000,s1_p2
1779334789.0,1,3,0.000000,s1_p3
1779334789.0,6,1,0.002412,s6_p1
1779334789.0,6,4,0.055478,s6_p4
1779334789.0,6,2,0.101308,s6_p2
1779334789.0,6,3,0.000000,s6_p3
1779334789.0,19,1,0.000000,s19_p1
1779334789.0,19,4,0.000000,s19_p4
1779334789.0,19,2,0.000000,s19_p2
1779334789.0,19,3,0.000000,s19_p3
1779334789.0,15,4,0.000000,s15_p4
1779334789.0,15,1,0.000000,s15_p1
1779334789.0,15,2,0.084287,s15_p2
1779334789.0,15,3,0.746545,s15_p3
1779334789.0,8,4,0.120421,s8_p4
1779334789.0,8,1,0.127646,s8_p1
1779334789.0,8,2,0.055393,s8_p2
1779334789.0,8,3,0.000000,s8_p3
1779334789.0,7,1,0.120383,s7_p1
1779334789.0,7,4,0.000000,s7_p4
1779334789.0,7,2,0.000000,s7_p2
1779334789.0,7,3,0.233543,s7_p3
1779334789.0,20,1,0.493569,s20_p1
1779334789.0,20,4,0.493569,s20_p4
1779334789.0,20,2,0.300956,s20_p2
1779334789.0,20,3,0.012038,s20_p3
1779334789.0,16,1,0.120485,s16_p1
1779334789.0,16,4,0.000000,s16_p4
1779334789.0,16,2,0.098797,s16_p2
1779334789.0,16,3,0.000000,s16_p3
1779334789.0,4,4,0.182981,s4_p4
1779334789.0,4,1,0.000000,s4_p1
1779334789.0,4,2,0.060191,s4_p2
1779334789.0,4,3,0.139644,s4_p3
1779334789.0,13,1,0.000000,s13_p1
1779334789.0,13,4,0.000000,s13_p4
1779334789.0,13,2,0.000000,s13_p2
1779334789.0,13,3,0.180417,s13_p3
1779334789.0,11,4,0.000000,s11_p4
1779334789.0,11,1,0.139731,s11_p1
1779334789.0,11,2,0.000000,s11_p2
1779334789.0,11,3,0.000000,s11_p3
1779334789.0,17,1,0.854606,s17_p1
1779334789.0,17,4,0.000000,s17_p4
1779334789.0,17,2,0.000000,s17_p2
1779334789.0,17,3,0.000000,s17_p3
1779334789.0,9,1,0.000000,s9_p1
1779334789.0,9,4,0.000000,s9_p4
1779334789.0,9,2,0.171044,s9_p2
1779334789.0,9,3,0.000000,s9_p3
1779334789.0,2,1,0.168600,s2_p1
1779334789.0,2,4,0.000000,s2_p4
1779334789.0,2,2,0.171009,s2_p2
1779334789.0,2,3,0.000000,s2_p3
1779334789.0,12,4,0.998990,s12_p4
1779334789.0,12,1,0.000000,s12_p1
1779334789.0,12,2,0.060180,s12_p2
1779334789.0,12,3,0.000000,s12_p3
1779334789.0,18,4,0.000000,s18_p4
1779334789.0,18,1,0.000000,s18_p1
1779334789.0,18,2,0.000000,s18_p2
1779334789.0,18,3,0.000000,s18_p3
1779334789.0,3,4,0.221261,s3_p4
1779334789.0,3,1,0.000000,s3_p1
1779334789.0,3,2,0.139490,s3_p2
1779334789.0,3,3,0.000000,s3_p3
1779334789.0,5,4,0.000000,s5_p4
1779334789.0,5,1,0.055402,s5_p1
1779334789.0,5,2,0.065037,s5_p2
1779334789.0,5,3,0.036132,s5_p3
1779334790.0,19,1,0.000000,s19_p1
1779334790.0,19,4,0.000000,s19_p4
1779334790.0,19,2,0.000000,s19_p2
1779334790.0,19,3,0.000000,s19_p3
1779334790.0,1,4,0.216214,s1_p4
1779334790.0,1,1,0.082587,s1_p1
1779334790.0,1,2,0.000544,s1_p2
1779334790.0,1,3,0.000000,s1_p3
1779334790.0,6,1,0.031771,s6_p1
1779334790.0,6,4,0.017481,s6_p4
1779334790.0,6,2,0.101894,s6_p2
1779334790.0,6,3,0.000000,s6_p3
1779334790.0,15,4,0.000000,s15_p4
1779334790.0,15,1,0.000544,s15_p1
1779334790.0,15,2,0.014511,s15_p2
1779334790.0,15,3,0.749709,s15_p3
1779334790.0,10,4,0.266323,s10_p4
1779334790.0,10,1,0.082748,s10_p1
1779334790.0,10,2,0.199207,s10_p2
1779334790.0,10,3,0.000000,s10_p3
1779334790.0,14,4,0.002718,s14_p4
1779334790.0,14,1,0.016920,s14_p1
1779334790.0,14,2,0.031695,s14_p2
1779334790.0,14,3,0.000000,s14_p3
1779334790.0,8,4,0.120906,s8_p4
1779334790.0,8,1,0.065289,s8_p1
1779334790.0,8,2,0.000000,s8_p2
1779334790.0,8,3,0.000544,s8_p3
1779334790.0,3,4,0.239717,s3_p4
1779334790.0,3,1,0.000544,s3_p1
1779334790.0,3,2,0.140985,s3_p2
1779334790.0,3,3,0.000634,s3_p3
1779334790.0,12,4,0.999607,s12_p4
1779334790.0,12,1,0.001088,s12_p1
1779334790.0,12,2,0.052766,s12_p2
1779334790.0,12,3,0.000000,s12_p3
1779334790.0,4,4,0.192721,s4_p4
1779334790.0,4,1,0.001632,s4_p1
1779334790.0,4,2,0.051118,s4_p2
1779334790.0,4,3,0.140307,s4_p3
1779334790.0,7,1,0.121204,s7_p1
1779334790.0,7,4,0.000000,s7_p4
1779334790.0,7,2,0.000272,s7_p2
1779334790.0,7,3,0.164467,s7_p3
1779334790.0,5,4,0.000272,s5_p4
1779334790.0,5,1,0.016938,s5_p1
1779334790.0,5,2,0.066691,s5_p2
1779334790.0,5,3,0.018205,s5_p3
1779334790.0,13,1,0.001360,s13_p1
1779334790.0,13,4,0.000000,s13_p4
1779334790.0,13,2,0.000317,s13_p2
1779334790.0,13,3,0.090998,s13_p3
1779334790.0,20,1,0.587938,s20_p1
1779334790.0,20,4,0.253955,s20_p4
1779334790.0,20,2,0.269135,s20_p2
1779334790.0,20,3,0.157210,s20_p3
1779334790.0,11,4,0.000000,s11_p4
1779334790.0,11,1,0.140233,s11_p1
1779334790.0,11,2,0.000000,s11_p2
1779334790.0,11,3,0.003166,s11_p3
1779334790.0,16,1,0.120872,s16_p1
1779334790.0,16,4,0.000000,s16_p4
1779334790.0,16,2,0.050766,s16_p2
1779334790.0,16,3,0.000000,s16_p3
1779334790.0,17,1,0.914542,s17_p1
1779334790.0,17,4,0.000000,s17_p4
1779334790.0,17,2,0.000000,s17_p2
1779334790.0,17,3,0.008379,s17_p3
1779334790.0,9,1,0.000317,s9_p1
1779334790.0,9,4,0.000000,s9_p4
1779334790.0,9,2,0.182597,s9_p2
1779334790.0,9,3,0.006796,s9_p3
1779334790.0,2,1,0.199207,s2_p1
1779334790.0,2,4,0.001631,s2_p4
1779334790.0,2,2,0.182599,s2_p2
1779334790.0,2,3,0.001359,s2_p3
1779334790.0,18,4,0.000000,s18_p4
1779334790.0,18,1,0.000000,s18_p1
1779334790.0,18,2,0.000000,s18_p2
1779334790.0,18,3,0.000000,s18_p3
1779334790.0,15,4,0.000000,s15_p4
1779334790.0,15,1,0.000000,s15_p1
1779334790.0,15,2,0.000000,s15_p2
1779334790.0,15,3,0.748421,s15_p3
1779334790.0,6,1,0.000000,s6_p1
1779334790.0,6,4,0.000000,s6_p4
1779334790.0,6,2,0.103739,s6_p2
1779334790.0,6,3,0.000000,s6_p3
1779334790.0,19,1,0.000000,s19_p1
1779334790.0,19,4,0.000000,s19_p4
1779334790.0,19,2,0.000000,s19_p2
1779334790.0,19,3,0.000000,s19_p3
1779334790.0,7,1,0.120795,s7_p1
1779334790.0,7,4,0.000000,s7_p4
1779334790.0,7,2,0.000000,s7_p2
1779334790.0,7,3,0.149786,s7_p3
1779334790.0,8,4,0.120705,s8_p4
1779334790.0,8,1,0.096564,s8_p1
1779334790.0,8,2,0.000000,s8_p2
1779334790.0,8,3,0.000000,s8_p3
1779334790.0,10,4,0.000000,s10_p4
1779334790.0,10,1,0.101378,s10_p1
1779334790.0,10,2,0.164768,s10_p2
1779334790.0,10,3,0.000000,s10_p3
1779334790.0,14,4,0.000000,s14_p4
1779334790.0,14,1,0.000000,s14_p1
1779334790.0,14,2,0.000000,s14_p2
1779334790.0,14,3,0.000000,s14_p3
1779334790.0,13,1,0.000000,s13_p1
1779334790.0,13,4,0.000000,s13_p4
1779334790.0,13,2,0.000000,s13_p2
1779334790.0,13,3,0.000000,s13_p3
1779334790.0,3,4,0.135174,s3_p4
1779334790.0,3,1,0.000000,s3_p1
1779334790.0,3,2,0.137588,s3_p2
1779334790.0,3,3,0.000000,s3_p3
1779334790.0,1,4,0.164000,s1_p4
1779334790.0,1,1,0.101294,s1_p1
1779334790.0,1,2,0.000000,s1_p2
1779334790.0,1,3,0.000000,s1_p3
1779334790.0,4,4,0.137589,s4_p4
1779334790.0,4,1,0.000000,s4_p1
1779334790.0,4,2,0.000000,s4_p2
1779334790.0,4,3,0.137589,s4_p3
1779334790.0,20,1,0.510105,s20_p1
1779334790.0,20,4,0.482804,s20_p4
1779334790.0,20,2,0.000000,s20_p2
1779334790.0,20,3,0.000000,s20_p3
1779334790.0,2,1,0.164879,s2_p1
1779334790.0,2,4,0.000000,s2_p4
1779334790.0,2,2,0.149754,s2_p2
1779334790.0,2,3,0.000000,s2_p3
1779334790.0,17,1,0.748721,s17_p1
1779334790.0,17,4,0.000000,s17_p4
1779334790.0,17,2,0.000000,s17_p2
1779334790.0,17,3,0.000000,s17_p3
1779334790.0,12,4,0.992627,s12_p4
1779334790.0,12,1,0.000000,s12_p1
1779334790.0,12,2,0.000000,s12_p2
1779334790.0,12,3,0.000000,s12_p3
1779334790.0,16,1,0.120753,s16_p1
1779334790.0,16,4,0.000000,s16_p4
1779334790.0,16,2,0.096602,s16_p2
1779334790.0,16,3,0.000000,s16_p3
1779334790.0,5,4,0.000000,s5_p4
1779334790.0,5,1,0.000000,s5_p1
1779334790.0,5,2,0.065167,s5_p2
1779334790.0,5,3,0.000000,s5_p3
1779334790.0,9,1,0.000000,s9_p1
1779334790.0,9,4,0.000000,s9_p4
1779334790.0,9,2,0.149732,s9_p2
1779334790.0,9,3,0.000000,s9_p3
1779334790.0,18,4,0.000000,s18_p4
1779334790.0,18,1,0.000000,s18_p1
1779334790.0,18,2,0.000000,s18_p2
1779334790.0,18,3,0.000000,s18_p3
1779334790.0,11,4,0.000000,s11_p4
1779334790.0,11,1,0.137634,s11_p1
1779334790.0,11,2,0.000000,s11_p2
1779334790.0,11,3,0.000000,s11_p3
1779334791.0,3,4,0.137704,s3_p4
1779334791.0,3,1,0.000000,s3_p1
1779334791.0,3,2,0.140120,s3_p2
1779334791.0,3,3,0.000000,s3_p3
1779334791.0,10,4,0.000000,s10_p4
1779334791.0,10,1,0.115929,s10_p1
1779334791.0,10,2,0.164232,s10_p2
1779334791.0,10,3,0.000000,s10_p3
1779334791.0,13,1,0.000000,s13_p1
1779334791.0,13,4,0.000000,s13_p4
1779334791.0,13,2,0.000000,s13_p2
1779334791.0,13,3,0.000000,s13_p3
1779334791.0,6,1,0.000000,s6_p1
1779334791.0,6,4,0.000000,s6_p4
1779334791.0,6,2,0.101416,s6_p2
1779334791.0,6,3,0.000000,s6_p3
1779334791.0,19,1,0.000000,s19_p1
1779334791.0,19,4,0.000000,s19_p4
1779334791.0,19,2,0.000000,s19_p2
1779334791.0,19,3,0.000000,s19_p3
1779334791.0,14,4,0.000000,s14_p4
1779334791.0,14,1,0.000000,s14_p1
1779334791.0,14,2,0.000000,s14_p2
1779334791.0,14,3,0.000000,s14_p3
1779334791.0,15,4,0.000000,s15_p4
1779334791.0,15,1,0.000000,s15_p1
1779334791.0,15,2,0.000000,s15_p2
1779334791.0,15,3,0.747915,s15_p3
1779334791.0,20,1,0.579620,s20_p1
1779334791.0,20,4,0.422640,s20_p4
1779334791.0,20,2,0.000000,s20_p2
1779334791.0,20,3,0.000000,s20_p3
1779334791.0,4,4,0.135231,s4_p4
1779334791.0,4,1,0.000000,s4_p1
1779334791.0,4,2,0.000000,s4_p2
1779334791.0,4,3,0.140061,s4_p3
1779334791.0,8,4,0.120645,s8_p4
1779334791.0,8,1,0.084451,s8_p1
1779334791.0,8,2,0.000000,s8_p2
1779334791.0,8,3,0.000000,s8_p3
1779334791.0,1,4,0.164099,s1_p4
1779334791.0,1,1,0.115834,s1_p1
1779334791.0,1,2,0.000000,s1_p2
1779334791.0,1,3,0.000000,s1_p3
1779334791.0,5,4,0.000000,s5_p4
1779334791.0,5,1,0.000000,s5_p1
1779334791.0,5,2,0.067623,s5_p2
1779334791.0,5,3,0.000000,s5_p3
1779334791.0,12,4,1.000000,s12_p4
1779334791.0,12,1,0.000000,s12_p1
1779334791.0,12,2,0.000000,s12_p2
1779334791.0,12,3,0.000000,s12_p3
1779334791.0,2,1,0.164204,s2_p1
1779334791.0,2,4,0.000000,s2_p4
1779334791.0,2,2,0.149715,s2_p2
1779334791.0,2,3,0.000000,s2_p3
1779334791.0,18,4,0.000000,s18_p4
1779334791.0,18,1,0.000000,s18_p1
1779334791.0,18,2,0.000000,s18_p2
1779334791.0,18,3,0.000000,s18_p3
1779334791.0,17,1,0.748303,s17_p1
1779334791.0,17,4,0.000000,s17_p4
1779334791.0,17,2,0.000000,s17_p2
1779334791.0,17,3,0.000000,s17_p3
1779334791.0,11,4,0.000000,s11_p4
1779334791.0,11,1,0.140014,s11_p1
1779334791.0,11,2,0.000000,s11_p2
1779334791.0,11,3,0.000000,s11_p3
1779334791.0,9,1,0.000000,s9_p1
1779334791.0,9,4,0.000000,s9_p4
1779334791.0,9,2,0.149657,s9_p2
1779334791.0,9,3,0.000000,s9_p3
1779334791.0,16,1,0.123095,s16_p1
1779334791.0,16,4,0.000000,s16_p4
1779334791.0,16,2,0.084477,s16_p2
1779334791.0,16,3,0.000000,s16_p3
1779334791.0,7,1,0.120559,s7_p1
1779334791.0,7,4,0.000000,s7_p4
1779334791.0,7,2,0.000000,s7_p2
1779334791.0,7,3,0.149493,s7_p3
1779334791.0,6,1,0.000000,s6_p1
1779334791.0,6,4,0.000000,s6_p4
1779334791.0,6,2,0.103963,s6_p2
1779334791.0,6,3,0.000000,s6_p3
1779334791.0,14,4,0.000000,s14_p4
1779334791.0,14,1,0.000000,s14_p1
1779334791.0,14,2,0.000000,s14_p2
1779334791.0,14,3,0.000000,s14_p3
1779334791.0,8,4,0.120924,s8_p4
1779334791.0,8,1,0.089484,s8_p1
1779334791.0,8,2,0.000000,s8_p2
1779334791.0,8,3,0.000000,s8_p3
1779334791.0,1,4,0.164452,s1_p4
1779334791.0,1,1,0.111247,s1_p1
1779334791.0,1,2,0.000000,s1_p2
1779334791.0,1,3,0.000000,s1_p3
1779334791.0,15,4,0.000000,s15_p4
1779334791.0,15,1,0.000000,s15_p1
1779334791.0,15,2,0.000000,s15_p2
1779334791.0,15,3,0.749229,s15_p3
1779334791.0,5,4,0.000000,s5_p4
1779334791.0,5,1,0.000000,s5_p1
1779334791.0,5,2,0.065262,s5_p2
1779334791.0,5,3,0.000000,s5_p3
1779334791.0,10,4,0.000000,s10_p4
1779334791.0,10,1,0.111079,s10_p1
1779334791.0,10,2,0.164203,s10_p2
1779334791.0,10,3,0.000000,s10_p3
1779334791.0,13,1,0.000000,s13_p1
1779334791.0,13,4,0.000000,s13_p4
1779334791.0,13,2,0.000000,s13_p2
1779334791.0,13,3,0.000000,s13_p3
1779334791.0,20,1,0.555825,s20_p1
1779334791.0,20,4,0.447076,s20_p4
1779334791.0,20,2,0.000000,s20_p2
1779334791.0,20,3,0.000000,s20_p3
1779334791.0,3,4,0.137596,s3_p4
1779334791.0,3,1,0.000000,s3_p1
1779334791.0,3,2,0.137596,s3_p2
1779334791.0,3,3,0.000000,s3_p3
1779334791.0,4,4,0.137689,s4_p4
1779334791.0,4,1,0.000000,s4_p1
1779334791.0,4,2,0.000000,s4_p2
1779334791.0,4,3,0.140105,s4_p3
1779334791.0,16,1,0.120854,s16_p1
1779334791.0,16,4,0.000000,s16_p4
1779334791.0,16,2,0.089432,s16_p2
1779334791.0,16,3,0.000000,s16_p3
1779334791.0,7,1,0.120855,s7_p1
1779334791.0,7,4,0.000000,s7_p4
1779334791.0,7,2,0.000000,s7_p2
1779334791.0,7,3,0.149860,s7_p3
1779334791.0,2,1,0.164252,s2_p1
1779334791.0,2,4,0.000000,s2_p4
1779334791.0,2,2,0.149759,s2_p2
1779334791.0,2,3,0.000000,s2_p3
1779334791.0,12,4,1.000000,s12_p4
1779334791.0,12,1,0.000000,s12_p1
1779334791.0,12,2,0.000000,s12_p2
1779334791.0,12,3,0.000000,s12_p3
1779334791.0,17,1,0.748745,s17_p1
1779334791.0,17,4,0.000000,s17_p4
1779334791.0,17,2,0.000000,s17_p2
1779334791.0,17,3,0.000000,s17_p3
1779334791.0,19,1,0.000000,s19_p1
1779334791.0,19,4,0.000000,s19_p4
1779334791.0,19,2,0.000000,s19_p2
1779334791.0,19,3,0.000000,s19_p3
1779334791.0,11,4,0.000000,s11_p4
1779334791.0,11,1,0.140082,s11_p1
1779334791.0,11,2,0.000000,s11_p2
1779334791.0,11,3,0.000000,s11_p3
1779334791.0,9,1,0.000000,s9_p1
1779334791.0,9,4,0.000000,s9_p4
1779334791.0,9,2,0.149742,s9_p2
1779334791.0,9,3,0.000000,s9_p3
1779334791.0,18,4,0.000000,s18_p4
1779334791.0,18,1,0.000000,s18_p1
1779334791.0,18,2,0.000000,s18_p2
1779334791.0,18,3,0.000000,s18_p3
1779334792.0,6,1,0.000000,s6_p1
1779334792.0,6,4,0.000000,s6_p4
1779334792.0,6,2,0.101354,s6_p2
1779334792.0,6,3,0.000000,s6_p3
1779334792.0,15,4,0.000000,s15_p4
1779334792.0,15,1,0.000000,s15_p1
1779334792.0,15,2,0.000000,s15_p2
1779334792.0,15,3,0.747913,s15_p3
1779334792.0,8,4,0.120555,s8_p4
1779334792.0,8,1,0.086800,s8_p1
1779334792.0,8,2,0.000000,s8_p2
1779334792.0,8,3,0.000000,s8_p3
1779334792.0,1,4,0.163958,s1_p4
1779334792.0,1,1,0.113324,s1_p1
1779334792.0,1,2,0.000000,s1_p2
1779334792.0,1,3,0.000000,s1_p3
1779334792.0,7,1,0.120700,s7_p1
1779334792.0,7,4,0.000000,s7_p4
1779334792.0,7,2,0.000000,s7_p2
1779334792.0,7,3,0.149668,s7_p3
1779334792.0,10,4,0.000000,s10_p4
1779334792.0,10,1,0.113387,s10_p1
1779334792.0,10,2,0.164049,s10_p2
1779334792.0,10,3,0.000000,s10_p3
1779334792.0,13,1,0.000000,s13_p1
1779334792.0,13,4,0.000000,s13_p4
1779334792.0,13,2,0.000000,s13_p2
1779334792.0,13,3,0.000000,s13_p3
1779334792.0,20,1,0.566920,s20_p1
1779334792.0,20,4,0.434236,s20_p4
1779334792.0,20,2,0.000000,s20_p2
1779334792.0,20,3,0.000000,s20_p3
1779334792.0,3,4,0.135100,s3_p4
1779334792.0,3,1,0.000000,s3_p1
1779334792.0,3,2,0.139925,s3_p2
1779334792.0,3,3,0.000000,s3_p3
1779334792.0,4,4,0.137563,s4_p4
1779334792.0,4,1,0.000000,s4_p1
1779334792.0,4,2,0.000000,s4_p2
1779334792.0,4,3,0.137563,s4_p3
1779334792.0,18,4,0.000000,s18_p4
1779334792.0,18,1,0.000000,s18_p1
1779334792.0,18,2,0.000000,s18_p2
1779334792.0,18,3,0.000000,s18_p3
1779334792.0,5,4,0.000000,s5_p4
1779334792.0,5,1,0.000000,s5_p1
1779334792.0,5,2,0.065120,s5_p2
1779334792.0,5,3,0.000000,s5_p3
1779334792.0,14,4,0.000000,s14_p4
1779334792.0,14,1,0.000000,s14_p1
1779334792.0,14,2,0.000000,s14_p2
1779334792.0,14,3,0.000000,s14_p3
1779334792.0,17,1,0.748188,s17_p1
1779334792.0,17,4,0.000000,s17_p4
1779334792.0,17,2,0.000000,s17_p2
1779334792.0,17,3,0.000000,s17_p3
1779334792.0,11,4,0.000000,s11_p4
1779334792.0,11,1,0.137581,s11_p1
1779334792.0,11,2,0.000000,s11_p2
1779334792.0,11,3,0.000000,s11_p3
1779334792.0,16,1,0.120594,s16_p1
1779334792.0,16,4,0.000000,s16_p4
1779334792.0,16,2,0.086828,s16_p2
1779334792.0,16,3,0.000000,s16_p3
1779334792.0,9,1,0.000000,s9_p1
1779334792.0,9,4,0.000000,s9_p4
1779334792.0,9,2,0.149647,s9_p2
1779334792.0,9,3,0.000000,s9_p3
1779334792.0,19,1,0.000000,s19_p1
1779334792.0,19,4,0.000000,s19_p4
1779334792.0,19,2,0.000000,s19_p2
1779334792.0,19,3,0.000000,s19_p3
1779334792.0,2,1,0.164016,s2_p1
1779334792.0,2,4,0.000000,s2_p4
1779334792.0,2,2,0.149544,s2_p2
1779334792.0,2,3,0.000000,s2_p3
1779334792.0,12,4,1.000000,s12_p4
1779334792.0,12,1,0.000000,s12_p1
1779334792.0,12,2,0.000000,s12_p2
1779334792.0,12,3,0.000000,s12_p3
1779334792.0,6,1,0.000000,s6_p1
1779334792.0,6,4,0.000000,s6_p4
1779334792.0,6,2,0.103827,s6_p2
1779334792.0,6,3,0.000000,s6_p3
1779334792.0,1,4,0.164349,s1_p4
1779334792.0,1,1,0.113594,s1_p1
1779334792.0,1,2,0.000000,s1_p2
1779334792.0,1,3,0.000000,s1_p3
1779334792.0,15,4,0.000000,s15_p4
1779334792.0,15,1,0.000000,s15_p1
1779334792.0,15,2,0.000000,s15_p2
1779334792.0,15,3,0.747773,s15_p3
1779334792.0,10,4,0.000000,s10_p4
1779334792.0,10,1,0.113368,s10_p1
1779334792.0,10,2,0.164022,s10_p2
1779334792.0,10,3,0.000000,s10_p3
1779334792.0,7,1,0.123004,s7_p1
1779334792.0,7,4,0.000000,s7_p4
1779334792.0,7,2,0.000000,s7_p2
1779334792.0,7,3,0.149534,s7_p3
1779334792.0,13,1,0.000000,s13_p1
1779334792.0,13,4,0.000000,s13_p4
1779334792.0,13,2,0.000000,s13_p2
1779334792.0,13,3,0.000000,s13_p3
1779334792.0,3,4,0.137482,s3_p4
1779334792.0,3,1,0.000000,s3_p1
1779334792.0,3,2,0.139894,s3_p2
1779334792.0,3,3,0.000000,s3_p3
1779334792.0,14,4,0.000000,s14_p4
1779334792.0,14,1,0.000000,s14_p1
1779334792.0,14,2,0.000000,s14_p2
1779334792.0,14,3,0.000000,s14_p3
1779334792.0,18,4,0.000000,s18_p4
1779334792.0,18,1,0.000000,s18_p1
1779334792.0,18,2,0.000000,s18_p2
1779334792.0,18,3,0.000000,s18_p3
1779334792.0,4,4,0.137343,s4_p4
1779334792.0,4,1,0.000000,s4_p1
1779334792.0,4,2,0.000000,s4_p2
1779334792.0,4,3,0.139752,s4_p3
1779334792.0,17,1,0.747351,s17_p1
1779334792.0,17,4,0.000000,s17_p4
1779334792.0,17,2,0.000000,s17_p2
1779334792.0,17,3,0.000000,s17_p3
1779334792.0,11,4,0.000000,s11_p4
1779334792.0,11,1,0.139830,s11_p1
1779334792.0,11,2,0.000000,s11_p2
1779334792.0,11,3,0.000000,s11_p3
1779334792.0,16,1,0.120542,s16_p1
1779334792.0,16,4,0.000000,s16_p4
1779334792.0,16,2,0.086790,s16_p2
1779334792.0,16,3,0.000000,s16_p3
1779334792.0,2,1,0.163945,s2_p1
1779334792.0,2,4,0.000000,s2_p4
1779334792.0,2,2,0.149480,s2_p2
1779334792.0,2,3,0.000000,s2_p3
1779334792.0,5,4,0.000000,s5_p4
1779334792.0,5,1,0.000000,s5_p1
1779334792.0,5,2,0.067458,s5_p2
1779334792.0,5,3,0.000000,s5_p3
1779334792.0,20,1,0.566072,s20_p1
1779334792.0,20,4,0.433587,s20_p4
1779334792.0,20,2,0.000000,s20_p2
1779334792.0,20,3,0.000000,s20_p3
1779334792.0,8,4,0.122818,s8_p4
1779334792.0,8,1,0.086695,s8_p1
1779334792.0,8,2,0.000000,s8_p2
1779334792.0,8,3,0.000000,s8_p3
1779334792.0,12,4,1.000000,s12_p4
1779334792.0,12,1,0.000000,s12_p1
1779334792.0,12,2,0.000000,s12_p2
1779334792.0,12,3,0.000000,s12_p3
1779334792.0,9,1,0.000000,s9_p1
1779334792.0,9,4,0.000000,s9_p4
1779334792.0,9,2,0.149398,s9_p2
1779334792.0,9,3,0.000000,s9_p3
1779334792.0,19,1,0.000000,s19_p1
1779334792.0,19,4,0.000000,s19_p4
1779334792.0,19,2,0.000000,s19_p2
1779334792.0,19,3,0.000000,s19_p3
1779334793.0,19,1,0.000000,s19_p1
1779334793.0,19,4,0.000000,s19_p4
1779334793.0,19,2,0.000000,s19_p2
1779334793.0,19,3,0.000000,s19_p3
1779334793.0,14,4,0.000000,s14_p4
1779334793.0,14,1,0.000000,s14_p1
1779334793.0,14,2,0.000000,s14_p2
1779334793.0,14,3,0.000000,s14_p3
1779334793.0,1,4,0.164232,s1_p4
1779334793.0,1,1,0.113514,s1_p1
1779334793.0,1,2,0.000000,s1_p2
1779334793.0,1,3,0.000000,s1_p3
1779334793.0,6,1,0.000000,s6_p1
1779334793.0,6,4,0.000000,s6_p4
1779334793.0,6,2,0.101389,s6_p2
1779334793.0,6,3,0.000000,s6_p3
1779334793.0,3,4,0.137963,s3_p4
1779334793.0,3,1,0.000000,s3_p1
1779334793.0,3,2,0.137963,s3_p2
1779334793.0,3,3,0.000000,s3_p3
1779334793.0,13,1,0.000000,s13_p1
1779334793.0,13,4,0.000000,s13_p4
1779334793.0,13,2,0.000000,s13_p2
1779334793.0,13,3,0.000000,s13_p3
1779334793.0,15,4,0.000000,s15_p4
1779334793.0,15,1,0.000000,s15_p1
1779334793.0,15,2,0.000000,s15_p2
1779334793.0,15,3,0.749748,s15_p3
1779334793.0,8,4,0.121134,s8_p4
1779334793.0,8,1,0.087217,s8_p1
1779334793.0,8,2,0.000000,s8_p2
1779334793.0,8,3,0.000000,s8_p3
1779334793.0,10,4,0.000000,s10_p4
1779334793.0,10,1,0.113687,s10_p1
1779334793.0,10,2,0.164483,s10_p2
1779334793.0,10,3,0.000000,s10_p3
1779334793.0,12,4,1.000000,s12_p4
1779334793.0,12,1,0.000000,s12_p1
1779334793.0,12,2,0.000000,s12_p2
1779334793.0,12,3,0.000000,s12_p3
1779334793.0,20,1,0.569008,s20_p1
1779334793.0,20,4,0.435836,s20_p4
1779334793.0,20,2,0.000000,s20_p2
1779334793.0,20,3,0.000000,s20_p3
1779334793.0,7,1,0.120896,s7_p1
1779334793.0,7,4,0.000000,s7_p4
1779334793.0,7,2,0.000000,s7_p2
1779334793.0,7,3,0.149911,s7_p3
1779334793.0,4,4,0.135555,s4_p4
1779334793.0,4,1,0.000000,s4_p1
1779334793.0,4,2,0.000000,s4_p2
1779334793.0,4,3,0.137976,s4_p3
1779334793.0,5,4,0.000000,s5_p4
1779334793.0,5,1,0.000000,s5_p1
1779334793.0,5,2,0.065368,s5_p2
1779334793.0,5,3,0.000000,s5_p3
1779334793.0,17,1,0.750244,s17_p1
1779334793.0,17,4,0.000000,s17_p4
1779334793.0,17,2,0.000000,s17_p2
1779334793.0,17,3,0.000000,s17_p3
1779334793.0,18,4,0.000000,s18_p4
1779334793.0,18,1,0.000000,s18_p1
1779334793.0,18,2,0.000000,s18_p2
1779334793.0,18,3,0.000000,s18_p3
1779334793.0,2,1,0.164575,s2_p1
1779334793.0,2,4,0.000000,s2_p4
1779334793.0,2,2,0.150053,s2_p2
1779334793.0,2,3,0.000000,s2_p3
1779334793.0,9,1,0.000000,s9_p1
1779334793.0,9,4,0.000000,s9_p4
1779334793.0,9,2,0.150092,s9_p2
1779334793.0,9,3,0.000000,s9_p3
1779334793.0,11,4,0.000000,s11_p4
1779334793.0,11,1,0.140322,s11_p1
1779334793.0,11,2,0.000000,s11_p2
1779334793.0,11,3,0.000000,s11_p3
1779334793.0,16,1,0.120969,s16_p1
1779334793.0,16,4,0.000000,s16_p4
1779334793.0,16,2,0.087097,s16_p2
1779334793.0,16,3,0.000000,s16_p3
1779334793.0,14,4,0.000000,s14_p4
1779334793.0,14,1,0.000000,s14_p1
1779334793.0,14,2,0.000000,s14_p2
1779334793.0,14,3,0.000000,s14_p3
1779334793.0,6,1,0.000000,s6_p1
1779334793.0,6,4,0.000000,s6_p4
1779334793.0,6,2,0.101504,s6_p2
1779334793.0,6,3,0.000000,s6_p3
1779334793.0,1,4,0.161812,s1_p4
1779334793.0,1,1,0.113510,s1_p1
1779334793.0,1,2,0.000000,s1_p2
1779334793.0,1,3,0.000000,s1_p3
1779334793.0,15,4,0.000000,s15_p4
1779334793.0,15,1,0.000000,s15_p1
1779334793.0,15,2,0.000000,s15_p2
1779334793.0,15,3,0.748965,s15_p3
1779334793.0,19,1,0.000000,s19_p1
1779334793.0,19,4,0.000000,s19_p4
1779334793.0,19,2,0.000000,s19_p2
1779334793.0,19,3,0.000000,s19_p3
1779334793.0,4,4,0.137782,s4_p4
1779334793.0,4,1,0.000000,s4_p1
1779334793.0,4,2,0.000000,s4_p2
1779334793.0,4,3,0.140199,s4_p3
1779334793.0,3,4,0.137646,s3_p4
1779334793.0,3,1,0.000000,s3_p1
1779334793.0,3,2,0.140061,s3_p2
1779334793.0,3,3,0.000000,s3_p3
1779334793.0,8,4,0.120791,s8_p4
1779334793.0,8,1,0.084554,s8_p1
1779334793.0,8,2,0.000000,s8_p2
1779334793.0,8,3,0.000000,s8_p3
1779334793.0,10,4,0.000000,s10_p4
1779334793.0,10,1,0.113545,s10_p1
1779334793.0,10,2,0.161862,s10_p2
1779334793.0,10,3,0.000000,s10_p3
1779334793.0,13,1,0.000000,s13_p1
1779334793.0,13,4,0.000000,s13_p4
1779334793.0,13,2,0.000000,s13_p2
1779334793.0,13,3,0.000000,s13_p3
1779334793.0,7,1,0.120778,s7_p1
1779334793.0,7,4,0.000000,s7_p4
1779334793.0,7,2,0.000000,s7_p2
1779334793.0,7,3,0.149765,s7_p3
1779334793.0,5,4,0.000000,s5_p4
1779334793.0,5,1,0.000000,s5_p1
1779334793.0,5,2,0.065220,s5_p2
1779334793.0,5,3,0.000000,s5_p3
1779334793.0,20,1,0.567599,s20_p1
1779334793.0,20,4,0.422680,s20_p4
1779334793.0,20,2,0.000000,s20_p2
1779334793.0,20,3,0.000000,s20_p3
1779334793.0,12,4,0.990170,s12_p4
1779334793.0,12,1,0.000000,s12_p1
1779334793.0,12,2,0.000000,s12_p2
1779334793.0,12,3,0.000000,s12_p3
1779334793.0,9,1,0.000000,s9_p1
1779334793.0,9,4,0.000000,s9_p4
1779334793.0,9,2,0.149779,s9_p2
1779334793.0,9,3,0.000000,s9_p3
1779334793.0,11,4,0.000000,s11_p4
1779334793.0,11,1,0.137698,s11_p1
1779334793.0,11,2,0.000000,s11_p2
1779334793.0,11,3,0.000000,s11_p3
1779334793.0,16,1,0.120787,s16_p1
1779334793.0,16,4,0.000000,s16_p4
1779334793.0,16,2,0.084551,s16_p2
1779334793.0,16,3,0.000000,s16_p3
1779334793.0,2,1,0.161801,s2_p1
1779334793.0,2,4,0.000000,s2_p4
1779334793.0,2,2,0.149726,s2_p2
1779334793.0,2,3,0.000000,s2_p3
1779334793.0,18,4,0.000000,s18_p4
1779334793.0,18,1,0.000000,s18_p1
1779334793.0,18,2,0.000000,s18_p2
1779334793.0,18,3,0.000000,s18_p3
1779334793.0,17,1,0.748521,s17_p1
1779334793.0,17,4,0.000000,s17_p4
1779334793.0,17,2,0.000000,s17_p2
1779334793.0,17,3,0.000000,s17_p3
1779334794.0,6,1,0.000000,s6_p1
1779334794.0,6,4,0.000000,s6_p4
1779334794.0,6,2,0.103839,s6_p2
1779334794.0,6,3,0.000000,s6_p3
1779334794.0,14,4,0.000000,s14_p4
1779334794.0,14,1,0.000000,s14_p1
1779334794.0,14,2,0.000000,s14_p2
1779334794.0,14,3,0.000000,s14_p3
1779334794.0,1,4,0.164289,s1_p4
1779334794.0,1,1,0.113553,s1_p1
1779334794.0,1,2,0.000000,s1_p2
1779334794.0,1,3,0.000000,s1_p3
1779334794.0,15,4,0.000000,s15_p4
1779334794.0,15,1,0.000000,s15_p1
1779334794.0,15,2,0.000000,s15_p2
1779334794.0,15,3,0.748996,s15_p3
1779334794.0,3,4,0.135312,s3_p4
1779334794.0,3,1,0.000000,s3_p1
1779334794.0,3,2,0.140144,s3_p2
1779334794.0,3,3,0.000000,s3_p3
1779334794.0,19,1,0.000000,s19_p1
1779334794.0,19,4,0.000000,s19_p4
1779334794.0,19,2,0.000000,s19_p2
1779334794.0,19,3,0.000000,s19_p3
1779334794.0,20,1,0.567701,s20_p1
1779334794.0,20,4,0.434835,s20_p4
1779334794.0,20,2,0.000000,s20_p2
1779334794.0,20,3,0.000000,s20_p3
1779334794.0,4,4,0.137590,s4_p4
1779334794.0,4,1,0.000000,s4_p1
1779334794.0,4,2,0.000000,s4_p2
1779334794.0,4,3,0.140004,s4_p3
1779334794.0,5,4,0.000000,s5_p4
1779334794.0,5,1,0.000000,s5_p1
1779334794.0,5,2,0.065218,s5_p2
1779334794.0,5,3,0.000000,s5_p3
1779334794.0,10,4,0.000000,s10_p4
1779334794.0,10,1,0.113450,s10_p1
1779334794.0,10,2,0.164140,s10_p2
1779334794.0,10,3,0.000000,s10_p3
1779334794.0,13,1,0.000000,s13_p1
1779334794.0,13,4,0.000000,s13_p4
1779334794.0,13,2,0.000000,s13_p2
1779334794.0,13,3,0.000000,s13_p3
1779334794.0,8,4,0.120682,s8_p4
1779334794.0,8,1,0.086891,s8_p1
1779334794.0,8,2,0.000000,s8_p2
1779334794.0,8,3,0.000000,s8_p3
1779334794.0,7,1,0.120753,s7_p1
1779334794.0,7,4,0.000000,s7_p4
1779334794.0,7,2,0.000000,s7_p2
1779334794.0,7,3,0.149734,s7_p3
1779334794.0,17,1,0.748769,s17_p1
1779334794.0,17,4,0.000000,s17_p4
1779334794.0,17,2,0.000000,s17_p2
1779334794.0,17,3,0.000000,s17_p3
1779334794.0,11,4,0.000000,s11_p4
1779334794.0,11,1,0.140068,s11_p1
1779334794.0,11,2,0.000000,s11_p2
1779334794.0,11,3,0.000000,s11_p3
1779334794.0,18,4,0.000000,s18_p4
1779334794.0,18,1,0.000000,s18_p1
1779334794.0,18,2,0.000000,s18_p2
1779334794.0,18,3,0.000000,s18_p3
1779334794.0,16,1,0.120741,s16_p1
1779334794.0,16,4,0.000000,s16_p4
1779334794.0,16,2,0.086933,s16_p2
1779334794.0,16,3,0.000000,s16_p3
1779334794.0,9,1,0.000000,s9_p1
1779334794.0,9,4,0.000000,s9_p4
1779334794.0,9,2,0.152114,s9_p2
1779334794.0,9,3,0.000000,s9_p3
1779334794.0,2,1,0.164203,s2_p1
1779334794.0,2,4,0.000000,s2_p4
1779334794.0,2,2,0.152129,s2_p2
1779334794.0,2,3,0.000000,s2_p3
1779334794.0,12,4,1.000000,s12_p4
1779334794.0,12,1,0.000000,s12_p1
1779334794.0,12,2,0.000000,s12_p2
1779334794.0,12,3,0.000000,s12_p3
1779334794.0,1,4,0.164309,s1_p4
1779334794.0,1,1,0.108734,s1_p1
1779334794.0,1,2,0.000000,s1_p2
1779334794.0,1,3,0.000000,s1_p3
1779334794.0,3,4,0.137645,s3_p4
1779334794.0,3,1,0.000000,s3_p1
1779334794.0,3,2,0.137645,s3_p2
1779334794.0,3,3,0.000000,s3_p3
1779334794.0,8,4,0.120865,s8_p4
1779334794.0,8,1,0.091857,s8_p1
1779334794.0,8,2,0.000000,s8_p2
1779334794.0,8,3,0.000000,s8_p3
1779334794.0,14,4,0.000000,s14_p4
1779334794.0,14,1,0.000000,s14_p1
1779334794.0,14,2,0.000000,s14_p2
1779334794.0,14,3,0.000000,s14_p3
1779334794.0,10,4,0.000000,s10_p4
1779334794.0,10,1,0.108766,s10_p1
1779334794.0,10,2,0.164357,s10_p2
1779334794.0,10,3,0.000000,s10_p3
1779334794.0,20,1,0.543379,s20_p1
1779334794.0,20,4,0.458854,s20_p4
1779334794.0,20,2,0.000000,s20_p2
1779334794.0,20,3,0.000000,s20_p3
1779334794.0,4,4,0.137653,s4_p4
1779334794.0,4,1,0.000000,s4_p1
1779334794.0,4,2,0.000000,s4_p2
1779334794.0,4,3,0.137653,s4_p3
1779334794.0,5,4,0.000000,s5_p4
1779334794.0,5,1,0.000000,s5_p1
1779334794.0,5,2,0.065204,s5_p2
1779334794.0,5,3,0.000000,s5_p3
1779334794.0,13,1,0.000000,s13_p1
1779334794.0,13,4,0.000000,s13_p4
1779334794.0,13,2,0.000000,s13_p2
1779334794.0,13,3,0.000000,s13_p3
1779334794.0,15,4,0.000000,s15_p4
1779334794.0,15,1,0.000000,s15_p1
1779334794.0,15,2,0.000000,s15_p2
1779334794.0,15,3,0.759911,s15_p3
1779334794.0,7,1,0.120755,s7_p1
1779334794.0,7,4,0.000000,s7_p4
1779334794.0,7,2,0.000000,s7_p2
1779334794.0,7,3,0.152151,s7_p3
1779334794.0,12,4,1.000000,s12_p4
1779334794.0,12,1,0.000000,s12_p1
1779334794.0,12,2,0.000000,s12_p2
1779334794.0,12,3,0.000000,s12_p3
1779334794.0,9,1,0.000000,s9_p1
1779334794.0,9,4,0.000000,s9_p4
1779334794.0,9,2,0.149750,s9_p2
1779334794.0,9,3,0.000000,s9_p3
1779334794.0,16,1,0.120754,s16_p1
1779334794.0,16,4,0.000000,s16_p4
1779334794.0,16,2,0.091773,s16_p2
1779334794.0,16,3,0.000000,s16_p3
1779334794.0,11,4,0.000000,s11_p4
1779334794.0,11,1,0.137643,s11_p1
1779334794.0,11,2,0.000000,s11_p2
1779334794.0,11,3,0.000000,s11_p3
1779334794.0,18,4,0.000000,s18_p4
1779334794.0,18,1,0.000000,s18_p1
1779334794.0,18,2,0.000000,s18_p2
1779334794.0,18,3,0.000000,s18_p3
1779334794.0,2,1,0.164222,s2_p1
1779334794.0,2,4,0.000000,s2_p4
1779334794.0,2,2,0.149732,s2_p2
1779334794.0,2,3,0.000000,s2_p3
1779334794.0,6,1,0.000000,s6_p1
1779334794.0,6,4,0.000000,s6_p4
1779334794.0,6,2,0.101192,s6_p2
1779334794.0,6,3,0.000000,s6_p3
1779334794.0,17,1,0.760336,s17_p1
1779334794.0,17,4,0.000000,s17_p4
1779334794.0,17,2,0.000000,s17_p2
1779334794.0,17,3,0.000000,s17_p3
1779334794.0,19,1,0.000000,s19_p1
1779334794.0,19,4,0.000000,s19_p4
1779334794.0,19,2,0.000000,s19_p2
1779334794.0,19,3,0.000000,s19_p3
1779334795.0,19,1,0.000000,s19_p1
1779334795.0,19,4,0.000000,s19_p4
1779334795.0,19,2,0.000000,s19_p2
1779334795.0,19,3,0.000000,s19_p3
1779334795.0,10,4,0.000000,s10_p4
1779334795.0,10,1,0.113483,s10_p1
1779334795.0,10,2,0.164189,s10_p2
1779334795.0,10,3,0.000000,s10_p3
1779334795.0,13,1,0.000000,s13_p1
1779334795.0,13,4,0.000000,s13_p4
1779334795.0,13,2,0.000000,s13_p2
1779334795.0,13,3,0.000000,s13_p3
1779334795.0,7,1,0.120716,s7_p1
1779334795.0,7,4,0.000000,s7_p4
1779334795.0,7,2,0.000000,s7_p2
1779334795.0,7,3,0.149688,s7_p3
1779334795.0,11,4,0.000000,s11_p4
1779334795.0,11,1,0.140124,s11_p1
1779334795.0,11,2,0.000000,s11_p2
1779334795.0,11,3,0.000000,s11_p3
1779334795.0,4,4,0.135174,s4_p4
1779334795.0,4,1,0.000000,s4_p1
1779334795.0,4,2,0.000000,s4_p2
1779334795.0,4,3,0.140002,s4_p3
1779334795.0,1,4,0.163877,s1_p4
1779334795.0,1,1,0.113268,s1_p1
1779334795.0,1,2,0.000000,s1_p2
1779334795.0,1,3,0.000000,s1_p3
1779334795.0,14,4,0.000000,s14_p4
1779334795.0,14,1,0.000000,s14_p1
1779334795.0,14,2,0.000000,s14_p2
1779334795.0,14,3,0.000000,s14_p3
1779334795.0,16,1,0.120780,s16_p1
1779334795.0,16,4,0.000000,s16_p4
1779334795.0,16,2,0.086961,s16_p2
1779334795.0,16,3,0.000000,s16_p3
1779334795.0,8,4,0.120581,s8_p4
1779334795.0,8,1,0.086818,s8_p1
1779334795.0,8,2,0.000000,s8_p2
1779334795.0,8,3,0.000000,s8_p3
1779334795.0,15,4,0.000000,s15_p4
1779334795.0,15,1,0.000000,s15_p1
1779334795.0,15,2,0.000000,s15_p2
1779334795.0,15,3,0.748252,s15_p3
1779334795.0,2,1,0.164263,s2_p1
1779334795.0,2,4,0.000000,s2_p4
1779334795.0,2,2,0.149769,s2_p2
1779334795.0,2,3,0.000000,s2_p3
1779334795.0,3,4,0.137442,s3_p4
1779334795.0,3,1,0.000000,s3_p1
1779334795.0,3,2,0.139854,s3_p2
1779334795.0,3,3,0.000000,s3_p3
1779334795.0,20,1,0.567114,s20_p1
1779334795.0,20,4,0.434386,s20_p4
1779334795.0,20,2,0.000000,s20_p2
1779334795.0,20,3,0.000000,s20_p3
1779334795.0,6,1,0.000000,s6_p1
1779334795.0,6,4,0.000000,s6_p4
1779334795.0,6,2,0.103894,s6_p2
1779334795.0,6,3,0.000000,s6_p3
1779334795.0,9,1,0.000000,s9_p1
1779334795.0,9,4,0.000000,s9_p4
1779334795.0,9,2,0.149679,s9_p2
1779334795.0,9,3,0.000000,s9_p3
1779334795.0,5,4,0.000000,s5_p4
1779334795.0,5,1,0.000000,s5_p1
1779334795.0,5,2,0.067545,s5_p2
1779334795.0,5,3,0.000000,s5_p3
1779334795.0,18,4,0.000000,s18_p4
1779334795.0,18,1,0.000000,s18_p1
1779334795.0,18,2,0.000000,s18_p2
1779334795.0,18,3,0.000000,s18_p3
1779334795.0,12,4,1.000000,s12_p4
1779334795.0,12,1,0.000000,s12_p1
1779334795.0,12,2,0.000000,s12_p2
1779334795.0,12,3,0.000000,s12_p3
1779334795.0,17,1,0.748641,s17_p1
1779334795.0,17,4,0.000000,s17_p4
1779334795.0,17,2,0.000000,s17_p2
1779334795.0,17,3,0.000000,s17_p3
1779334795.0,14,4,0.000000,s14_p4
1779334795.0,14,1,0.000000,s14_p1
1779334795.0,14,2,0.000000,s14_p2
1779334795.0,14,3,0.000000,s14_p3
1779334795.0,6,1,0.000000,s6_p1
1779334795.0,6,4,0.000000,s6_p4
1779334795.0,6,2,0.101597,s6_p2
1779334795.0,6,3,0.000000,s6_p3
1779334795.0,1,4,0.164459,s1_p4
1779334795.0,1,1,0.113670,s1_p1
1779334795.0,1,2,0.000000,s1_p2
1779334795.0,1,3,0.000000,s1_p3
1779334795.0,19,1,0.000000,s19_p1
1779334795.0,19,4,0.000000,s19_p4
1779334795.0,19,2,0.000000,s19_p2
1779334795.0,19,3,0.000000,s19_p3
1779334795.0,10,4,0.000000,s10_p4
1779334795.0,10,1,0.113472,s10_p1
1779334795.0,10,2,0.164172,s10_p2
1779334795.0,10,3,0.000000,s10_p3
1779334795.0,8,4,0.120843,s8_p4
1779334795.0,8,1,0.087007,s8_p1
1779334795.0,8,2,0.000000,s8_p2
1779334795.0,8,3,0.000000,s8_p3
1779334795.0,20,1,0.567986,s20_p1
1779334795.0,20,4,0.435053,s20_p4
1779334795.0,20,2,0.000000,s20_p2
1779334795.0,20,3,0.000000,s20_p3
1779334795.0,5,4,0.000000,s5_p4
1779334795.0,5,1,0.000000,s5_p1
1779334795.0,5,2,0.065285,s5_p2
1779334795.0,5,3,0.000000,s5_p3
1779334795.0,3,4,0.137752,s3_p4
1779334795.0,3,1,0.000000,s3_p1
1779334795.0,3,2,0.137752,s3_p2
1779334795.0,3,3,0.000000,s3_p3
1779334795.0,4,4,0.137728,s4_p4
1779334795.0,4,1,0.000000,s4_p1
1779334795.0,4,2,0.000000,s4_p2
1779334795.0,4,3,0.137728,s4_p3
1779334795.0,15,4,0.000000,s15_p4
1779334795.0,15,1,0.000000,s15_p1
1779334795.0,15,2,0.000000,s15_p2
1779334795.0,15,3,0.749120,s15_p3
1779334795.0,13,1,0.000000,s13_p1
1779334795.0,13,4,0.000000,s13_p4
1779334795.0,13,2,0.000000,s13_p2
1779334795.0,13,3,0.000000,s13_p3
1779334795.0,12,4,1.000000,s12_p4
1779334795.0,12,1,0.000000,s12_p1
1779334795.0,12,2,0.000000,s12_p2
1779334795.0,12,3,0.000000,s12_p3
1779334795.0,7,1,0.120737,s7_p1
1779334795.0,7,4,0.000000,s7_p4
1779334795.0,7,2,0.000000,s7_p2
1779334795.0,7,3,0.149714,s7_p3
1779334795.0,11,4,0.000000,s11_p4
1779334795.0,11,1,0.140060,s11_p1
1779334795.0,11,2,0.000000,s11_p2
1779334795.0,11,3,0.000000,s11_p3
1779334795.0,16,1,0.120751,s16_p1
1779334795.0,16,4,0.000000,s16_p4
1779334795.0,16,2,0.086941,s16_p2
1779334795.0,16,3,0.000000,s16_p3
1779334795.0,18,4,0.000000,s18_p4
1779334795.0,18,1,0.000000,s18_p1
1779334795.0,18,2,0.000000,s18_p2
1779334795.0,18,3,0.000000,s18_p3
1779334795.0,17,1,0.749102,s17_p1
1779334795.0,17,4,0.000000,s17_p4
1779334795.0,17,2,0.000000,s17_p2
1779334795.0,17,3,0.000000,s17_p3
1779334795.0,2,1,0.164218,s2_p1
1779334795.0,2,4,0.000000,s2_p4
1779334795.0,2,2,0.149729,s2_p2
1779334795.0,2,3,0.000000,s2_p3
1779334795.0,9,1,0.000000,s9_p1
1779334795.0,9,4,0.000000,s9_p4
1779334795.0,9,2,0.149776,s9_p2
1779334795.0,9,3,0.000000,s9_p3
1779334796.0,1,4,0.164447,s1_p4
1779334796.0,1,1,0.111244,s1_p1
1779334796.0,1,2,0.000000,s1_p2
1779334796.0,1,3,0.000000,s1_p3
1779334796.0,6,1,0.000000,s6_p1
1779334796.0,6,4,0.000000,s6_p4
1779334796.0,6,2,0.103968,s6_p2
1779334796.0,6,3,0.000000,s6_p3
1779334796.0,15,4,0.000000,s15_p4
1779334796.0,15,1,0.000000,s15_p1
1779334796.0,15,2,0.000000,s15_p2
1779334796.0,15,3,0.749844,s15_p3
1779334796.0,7,1,0.120998,s7_p1
1779334796.0,7,4,0.000000,s7_p4
1779334796.0,7,2,0.000000,s7_p2
1779334796.0,7,3,0.150038,s7_p3
1779334796.0,3,4,0.135437,s3_p4
1779334796.0,3,1,0.000000,s3_p1
1779334796.0,3,2,0.140274,s3_p2
1779334796.0,3,3,0.000000,s3_p3
1779334796.0,13,1,0.000000,s13_p1
1779334796.0,13,4,0.000000,s13_p4
1779334796.0,13,2,0.000000,s13_p2
1779334796.0,13,3,0.000000,s13_p3
1779334796.0,14,4,0.000000,s14_p4
1779334796.0,14,1,0.000000,s14_p1
1779334796.0,14,2,0.000000,s14_p2
1779334796.0,14,3,0.000000,s14_p3
1779334796.0,8,4,0.120904,s8_p4
1779334796.0,8,1,0.087051,s8_p1
1779334796.0,8,2,0.000000,s8_p2
1779334796.0,8,3,0.000000,s8_p3
1779334796.0,4,4,0.137800,s4_p4
1779334796.0,4,1,0.000000,s4_p1
1779334796.0,4,2,0.000000,s4_p2
1779334796.0,4,3,0.140217,s4_p3
1779334796.0,10,4,0.000000,s10_p4
1779334796.0,10,1,0.111174,s10_p1
1779334796.0,10,2,0.164344,s10_p2
1779334796.0,10,3,0.000000,s10_p3
1779334796.0,12,4,0.991585,s12_p4
1779334796.0,12,1,0.000000,s12_p1
1779334796.0,12,2,0.000000,s12_p2
1779334796.0,12,3,0.000000,s12_p3
1779334796.0,20,1,0.555911,s20_p1
1779334796.0,20,4,0.435061,s20_p4
1779334796.0,20,2,0.000000,s20_p2
1779334796.0,20,3,0.000000,s20_p3
1779334796.0,18,4,0.000000,s18_p4
1779334796.0,18,1,0.000000,s18_p1
1779334796.0,18,2,0.000000,s18_p2
1779334796.0,18,3,0.000000,s18_p3
1779334796.0,11,4,0.000000,s11_p4
1779334796.0,11,1,0.137813,s11_p1
1779334796.0,11,2,0.000000,s11_p2
1779334796.0,11,3,0.000000,s11_p3
1779334796.0,16,1,0.120885,s16_p1
1779334796.0,16,4,0.000000,s16_p4
1779334796.0,16,2,0.087037,s16_p2
1779334796.0,16,3,0.000000,s16_p3
1779334796.0,5,4,0.000000,s5_p4
1779334796.0,5,1,0.000000,s5_p1
1779334796.0,5,2,0.065234,s5_p2
1779334796.0,5,3,0.000000,s5_p3
1779334796.0,2,1,0.164407,s2_p1
1779334796.0,2,4,0.000000,s2_p4
1779334796.0,2,2,0.149901,s2_p2
1779334796.0,2,3,0.000000,s2_p3
1779334796.0,17,1,0.749473,s17_p1
1779334796.0,17,4,0.000000,s17_p4
1779334796.0,17,2,0.000000,s17_p2
1779334796.0,17,3,0.000000,s17_p3
1779334796.0,9,1,0.000000,s9_p1
1779334796.0,9,4,0.000000,s9_p4
1779334796.0,9,2,0.149891,s9_p2
1779334796.0,9,3,0.000000,s9_p3
1779334796.0,19,1,0.000000,s19_p1
1779334796.0,19,4,0.000000,s19_p4
1779334796.0,19,2,0.000000,s19_p2
1779334796.0,19,3,0.000000,s19_p3
1779334796.0,19,1,0.000000,s19_p1
1779334796.0,19,4,0.000000,s19_p4
1779334796.0,19,2,0.000000,s19_p2
1779334796.0,19,3,0.000000,s19_p3
1779334796.0,10,4,0.000000,s10_p4
1779334796.0,10,1,0.108662,s10_p1
1779334796.0,10,2,0.164201,s10_p2
1779334796.0,10,3,0.000000,s10_p3
1779334796.0,1,4,0.163979,s1_p4
1779334796.0,1,1,0.108516,s1_p1
1779334796.0,1,2,0.000000,s1_p2
1779334796.0,1,3,0.000000,s1_p3
1779334796.0,14,4,0.000000,s14_p4
1779334796.0,14,1,0.000000,s14_p1
1779334796.0,14,2,0.000000,s14_p2
1779334796.0,14,3,0.000000,s14_p3
1779334796.0,3,4,0.137550,s3_p4
1779334796.0,3,1,0.000000,s3_p1
1779334796.0,3,2,0.139964,s3_p2
1779334796.0,3,3,0.000000,s3_p3
1779334796.0,6,1,0.000000,s6_p1
1779334796.0,6,4,0.000000,s6_p4
1779334796.0,6,2,0.101287,s6_p2
1779334796.0,6,3,0.000000,s6_p3
1779334796.0,4,4,0.135101,s4_p4
1779334796.0,4,1,0.000000,s4_p1
1779334796.0,4,2,0.000000,s4_p2
1779334796.0,4,3,0.139926,s4_p3
1779334796.0,5,4,0.000000,s5_p4
1779334796.0,5,1,0.000000,s5_p1
1779334796.0,5,2,0.065171,s5_p2
1779334796.0,5,3,0.000000,s5_p3
1779334796.0,7,1,0.120560,s7_p1
1779334796.0,7,4,0.000000,s7_p4
1779334796.0,7,2,0.000000,s7_p2
1779334796.0,7,3,0.149494,s7_p3
1779334796.0,20,1,0.542815,s20_p1
1779334796.0,20,4,0.458377,s20_p4
1779334796.0,20,2,0.000000,s20_p2
1779334796.0,20,3,0.000000,s20_p3
1779334796.0,8,4,0.120560,s8_p4
1779334796.0,8,1,0.091626,s8_p1
1779334796.0,8,2,0.000000,s8_p2
1779334796.0,8,3,0.000000,s8_p3
1779334796.0,13,1,0.000000,s13_p1
1779334796.0,13,4,0.000000,s13_p4
1779334796.0,13,2,0.000000,s13_p2
1779334796.0,13,3,0.000000,s13_p3
1779334796.0,15,4,0.000000,s15_p4
1779334796.0,15,1,0.000000,s15_p1
1779334796.0,15,2,0.000000,s15_p2
1779334796.0,15,3,0.747304,s15_p3
1779334796.0,17,1,0.747809,s17_p1
1779334796.0,17,4,0.000000,s17_p4
1779334796.0,17,2,0.000000,s17_p2
1779334796.0,17,3,0.000000,s17_p3
1779334796.0,9,1,0.000000,s9_p1
1779334796.0,9,4,0.000000,s9_p4
1779334796.0,9,2,0.149580,s9_p2
1779334796.0,9,3,0.000000,s9_p3
1779334796.0,16,1,0.120595,s16_p1
1779334796.0,16,4,0.000000,s16_p4
1779334796.0,16,2,0.091652,s16_p2
1779334796.0,16,3,0.000000,s16_p3
1779334796.0,2,1,0.164011,s2_p1
1779334796.0,2,4,0.000000,s2_p4
1779334796.0,2,2,0.149539,s2_p2
1779334796.0,2,3,0.000000,s2_p3
1779334796.0,12,4,1.000000,s12_p4
1779334796.0,12,1,0.000000,s12_p1
1779334796.0,12,2,0.000000,s12_p2
1779334796.0,12,3,0.000000,s12_p3
1779334796.0,11,4,0.000000,s11_p4
1779334796.0,11,1,0.139866,s11_p1
1779334796.0,11,2,0.000000,s11_p2
1779334796.0,11,3,0.000000,s11_p3
1779334796.0,18,4,0.000000,s18_p4
1779334796.0,18,1,0.000000,s18_p1
1779334796.0,18,2,0.000000,s18_p2
1779334796.0,18,3,0.000000,s18_p3
1779334797.0,6,1,0.000000,s6_p1
1779334797.0,6,4,0.000000,s6_p4
1779334797.0,6,2,0.101614,s6_p2
1779334797.0,6,3,0.000000,s6_p3
1779334797.0,14,4,0.000000,s14_p4
1779334797.0,14,1,0.000000,s14_p1
1779334797.0,14,2,0.000000,s14_p2
1779334797.0,14,3,0.000000,s14_p3
1779334797.0,10,4,0.000000,s10_p4
1779334797.0,10,1,0.118462,s10_p1
1779334797.0,10,2,0.161979,s10_p2
1779334797.0,10,3,0.000000,s10_p3
1779334797.0,1,4,0.161922,s1_p4
1779334797.0,1,1,0.118421,s1_p1
1779334797.0,1,2,0.000000,s1_p2
1779334797.0,1,3,0.000000,s1_p3
1779334797.0,13,1,0.000000,s13_p1
1779334797.0,13,4,0.000000,s13_p4
1779334797.0,13,2,0.000000,s13_p2
1779334797.0,13,3,0.000000,s13_p3
1779334797.0,15,4,0.000000,s15_p4
1779334797.0,15,1,0.000000,s15_p1
1779334797.0,15,2,0.000000,s15_p2
1779334797.0,15,3,0.749879,s15_p3
1779334797.0,8,4,0.120938,s8_p4
1779334797.0,8,1,0.082238,s8_p1
1779334797.0,8,2,0.000000,s8_p2
1779334797.0,8,3,0.000000,s8_p3
1779334797.0,12,4,1.000000,s12_p4
1779334797.0,12,1,0.000000,s12_p1
1779334797.0,12,2,0.000000,s12_p2
1779334797.0,12,3,0.000000,s12_p3
1779334797.0,7,1,0.120848,s7_p1
1779334797.0,7,4,0.000000,s7_p4
1779334797.0,7,2,0.000000,s7_p2
1779334797.0,7,3,0.149852,s7_p3
1779334797.0,20,1,0.592153,s20_p1
1779334797.0,20,4,0.410882,s20_p4
1779334797.0,20,2,0.000000,s20_p2
1779334797.0,20,3,0.000000,s20_p3
1779334797.0,5,4,0.000000,s5_p4
1779334797.0,5,1,0.000000,s5_p1
1779334797.0,5,2,0.067669,s5_p2
1779334797.0,5,3,0.000000,s5_p3
1779334797.0,4,4,0.137743,s4_p4
1779334797.0,4,1,0.000000,s4_p1
1779334797.0,4,2,0.000000,s4_p2
1779334797.0,4,3,0.137743,s4_p3
1779334797.0,11,4,0.000000,s11_p4
1779334797.0,11,1,0.137798,s11_p1
1779334797.0,11,2,0.000000,s11_p2
1779334797.0,11,3,0.000000,s11_p3
1779334797.0,16,1,0.120854,s16_p1
1779334797.0,16,4,0.000000,s16_p4
1779334797.0,16,2,0.082181,s16_p2
1779334797.0,16,3,0.000000,s16_p3
1779334797.0,2,1,0.164363,s2_p1
1779334797.0,2,4,0.000000,s2_p4
1779334797.0,2,2,0.149860,s2_p2
1779334797.0,2,3,0.000000,s2_p3
1779334797.0,9,1,0.000000,s9_p1
1779334797.0,9,4,0.000000,s9_p4
1779334797.0,9,2,0.149846,s9_p2
1779334797.0,9,3,0.000000,s9_p3
1779334797.0,19,1,0.000000,s19_p1
1779334797.0,19,4,0.000000,s19_p4
1779334797.0,19,2,0.000000,s19_p2
1779334797.0,19,3,0.000000,s19_p3
1779334797.0,17,1,0.749137,s17_p1
1779334797.0,17,4,0.000000,s17_p4
1779334797.0,17,2,0.000000,s17_p2
1779334797.0,17,3,0.000000,s17_p3
1779334797.0,18,4,0.000000,s18_p4
1779334797.0,18,1,0.000000,s18_p1
1779334797.0,18,2,0.000000,s18_p2
1779334797.0,18,3,0.000000,s18_p3
1779334797.0,3,4,0.137531,s3_p4
1779334797.0,3,1,0.000000,s3_p1
1779334797.0,3,2,0.137531,s3_p2
1779334797.0,3,3,0.000000,s3_p3
1779334797.0,6,1,0.000000,s6_p1
1779334797.0,6,4,0.000000,s6_p4
1779334797.0,6,2,0.103860,s6_p2
1779334797.0,6,3,0.000000,s6_p3
1779334797.0,15,4,0.000000,s15_p4
1779334797.0,15,1,0.000000,s15_p1
1779334797.0,15,2,0.000000,s15_p2
1779334797.0,15,3,0.748710,s15_p3
1779334797.0,8,4,0.120752,s8_p4
1779334797.0,8,1,0.089356,s8_p1
1779334797.0,8,2,0.000000,s8_p2
1779334797.0,8,3,0.000000,s8_p3
1779334797.0,1,4,0.164194,s1_p4
1779334797.0,1,1,0.111073,s1_p1
1779334797.0,1,2,0.000000,s1_p2
1779334797.0,1,3,0.000000,s1_p3
1779334797.0,13,1,0.000000,s13_p1
1779334797.0,13,4,0.000000,s13_p4
1779334797.0,13,2,0.000000,s13_p2
1779334797.0,13,3,0.000000,s13_p3
1779334797.0,14,4,0.000000,s14_p4
1779334797.0,14,1,0.000000,s14_p1
1779334797.0,14,2,0.000000,s14_p2
1779334797.0,14,3,0.000000,s14_p3
1779334797.0,3,4,0.135441,s3_p4
1779334797.0,3,1,0.000000,s3_p1
1779334797.0,3,2,0.140278,s3_p2
1779334797.0,3,3,0.000000,s3_p3
1779334797.0,10,4,0.000000,s10_p4
1779334797.0,10,1,0.111015,s10_p1
1779334797.0,10,2,0.164109,s10_p2
1779334797.0,10,3,0.000000,s10_p3
1779334797.0,20,1,0.555403,s20_p1
1779334797.0,20,4,0.446737,s20_p4
1779334797.0,20,2,0.000000,s20_p2
1779334797.0,20,3,0.000000,s20_p3
1779334797.0,17,1,0.749089,s17_p1
1779334797.0,17,4,0.000000,s17_p4
1779334797.0,17,2,0.000000,s17_p2
1779334797.0,17,3,0.000000,s17_p3
1779334797.0,7,1,0.120720,s7_p1
1779334797.0,7,4,0.000000,s7_p4
1779334797.0,7,2,0.000000,s7_p2
1779334797.0,7,3,0.149692,s7_p3
1779334797.0,4,4,0.137628,s4_p4
1779334797.0,4,1,0.000000,s4_p1
1779334797.0,4,2,0.000000,s4_p2
1779334797.0,4,3,0.140042,s4_p3
1779334797.0,5,4,0.000000,s5_p4
1779334797.0,5,1,0.000000,s5_p1
1779334797.0,5,2,0.065189,s5_p2
1779334797.0,5,3,0.000000,s5_p3
1779334797.0,18,4,0.000000,s18_p4
1779334797.0,18,1,0.000000,s18_p1
1779334797.0,18,2,0.000000,s18_p2
1779334797.0,18,3,0.000000,s18_p3
1779334797.0,12,4,1.000000,s12_p4
1779334797.0,12,1,0.000000,s12_p1
1779334797.0,12,2,0.000000,s12_p2
1779334797.0,12,3,0.000000,s12_p3
1779334797.0,16,1,0.120739,s16_p1
1779334797.0,16,4,0.000000,s16_p4
1779334797.0,16,2,0.089347,s16_p2
1779334797.0,16,3,0.000000,s16_p3
1779334797.0,11,4,0.000000,s11_p4
1779334797.0,11,1,0.140039,s11_p1
1779334797.0,11,2,0.000000,s11_p2
1779334797.0,11,3,0.000000,s11_p3
1779334797.0,19,1,0.000000,s19_p1
1779334797.0,19,4,0.000000,s19_p4
1779334797.0,19,2,0.000000,s19_p2
1779334797.0,19,3,0.000000,s19_p3
1779334797.0,9,1,0.000000,s9_p1
1779334797.0,9,4,0.000000,s9_p4
1779334797.0,9,2,0.149706,s9_p2
1779334797.0,9,3,0.000000,s9_p3
1779334797.0,2,1,0.161772,s2_p1
1779334797.0,2,4,0.000000,s2_p4
1779334797.0,2,2,0.149699,s2_p2
1779334797.0,2,3,0.000000,s2_p3
1779334798.0,19,1,0.000000,s19_p1
1779334798.0,19,4,0.000000,s19_p4
1779334798.0,19,2,0.000000,s19_p2
1779334798.0,19,3,0.000000,s19_p3
1779334798.0,6,1,0.000000,s6_p1
1779334798.0,6,4,0.000000,s6_p4
1779334798.0,6,2,0.101385,s6_p2
1779334798.0,6,3,0.000000,s6_p3
1779334798.0,10,4,0.000000,s10_p4
1779334798.0,10,1,0.108754,s10_p1
1779334798.0,10,2,0.164340,s10_p2
1779334798.0,10,3,0.000000,s10_p3
1779334798.0,14,4,0.000000,s14_p4
1779334798.0,14,1,0.000000,s14_p1
1779334798.0,14,2,0.000000,s14_p2
1779334798.0,14,3,0.000000,s14_p3
1779334798.0,3,4,0.137736,s3_p4
1779334798.0,3,1,0.000000,s3_p1
1779334798.0,3,2,0.137736,s3_p2
1779334798.0,3,3,0.000000,s3_p3
1779334798.0,1,4,0.164301,s1_p4
1779334798.0,1,1,0.108729,s1_p1
1779334798.0,1,2,0.000000,s1_p2
1779334798.0,1,3,0.000000,s1_p3
1779334798.0,12,4,1.000000,s12_p4
1779334798.0,12,1,0.000000,s12_p1
1779334798.0,12,2,0.000000,s12_p2
1779334798.0,12,3,0.000000,s12_p3
1779334798.0,13,1,0.000000,s13_p1
1779334798.0,13,4,0.000000,s13_p4
1779334798.0,13,2,0.000000,s13_p2
1779334798.0,13,3,0.000000,s13_p3
1779334798.0,20,1,0.543583,s20_p1
1779334798.0,20,4,0.459025,s20_p4
1779334798.0,20,2,0.000000,s20_p2
1779334798.0,20,3,0.000000,s20_p3
1779334798.0,8,4,0.120700,s8_p4
1779334798.0,8,1,0.091732,s8_p1
1779334798.0,8,2,0.000000,s8_p2
1779334798.0,8,3,0.000000,s8_p3
1779334798.0,7,1,0.120808,s7_p1
1779334798.0,7,4,0.000000,s7_p4
1779334798.0,7,2,0.000000,s7_p2
1779334798.0,7,3,0.149801,s7_p3
1779334798.0,4,4,0.135306,s4_p4
1779334798.0,4,1,0.000000,s4_p1
1779334798.0,4,2,0.000000,s4_p2
1779334798.0,4,3,0.137722,s4_p3
1779334798.0,5,4,0.000000,s5_p4
1779334798.0,5,1,0.000000,s5_p1
1779334798.0,5,2,0.065237,s5_p2
1779334798.0,5,3,0.000000,s5_p3
1779334798.0,15,4,0.000000,s15_p4
1779334798.0,15,1,0.000000,s15_p1
1779334798.0,15,2,0.000000,s15_p2
1779334798.0,15,3,0.748219,s15_p3
1779334798.0,11,4,0.000000,s11_p4
1779334798.0,11,1,0.140153,s11_p1
1779334798.0,11,2,0.000000,s11_p2
1779334798.0,11,3,0.000000,s11_p3
1779334798.0,17,1,0.748581,s17_p1
1779334798.0,17,4,0.000000,s17_p4
1779334798.0,17,2,0.000000,s17_p2
1779334798.0,17,3,0.000000,s17_p3
1779334798.0,16,1,0.120802,s16_p1
1779334798.0,16,4,0.000000,s16_p4
1779334798.0,16,2,0.091810,s16_p2
1779334798.0,16,3,0.000000,s16_p3
1779334798.0,9,1,0.000000,s9_p1
1779334798.0,9,4,0.000000,s9_p4
1779334798.0,9,2,0.149806,s9_p2
1779334798.0,9,3,0.000000,s9_p3
1779334798.0,2,1,0.164302,s2_p1
1779334798.0,2,4,0.000000,s2_p4
1779334798.0,2,2,0.149805,s2_p2
1779334798.0,2,3,0.000000,s2_p3
1779334798.0,18,4,0.000000,s18_p4
1779334798.0,18,1,0.000000,s18_p1
1779334798.0,18,2,0.000000,s18_p2
1779334798.0,18,3,0.000000,s18_p3
1779334798.0,19,1,0.000000,s19_p1
1779334798.0,19,4,0.000000,s19_p4
1779334798.0,19,2,0.000000,s19_p2
1779334798.0,19,3,0.000000,s19_p3
1779334798.0,1,4,0.164279,s1_p4
1779334798.0,1,1,0.115961,s1_p1
1779334798.0,1,2,0.000000,s1_p2
1779334798.0,1,3,0.000000,s1_p3
1779334798.0,10,4,0.000000,s10_p4
1779334798.0,10,1,0.115934,s10_p1
1779334798.0,10,2,0.164241,s10_p2
1779334798.0,10,3,0.000000,s10_p3
1779334798.0,3,4,0.137683,s3_p4
1779334798.0,3,1,0.000000,s3_p1
1779334798.0,3,2,0.140099,s3_p2
1779334798.0,3,3,0.000000,s3_p3
1779334798.0,14,4,0.000000,s14_p4
1779334798.0,14,1,0.000000,s14_p1
1779334798.0,14,2,0.000000,s14_p2
1779334798.0,14,3,0.000000,s14_p3
1779334798.0,15,4,0.000000,s15_p4
1779334798.0,15,1,0.000000,s15_p1
1779334798.0,15,2,0.000000,s15_p2
1779334798.0,15,3,0.749494,s15_p3
1779334798.0,6,1,0.000000,s6_p1
1779334798.0,6,4,0.000000,s6_p4
1779334798.0,6,2,0.103825,s6_p2
1779334798.0,6,3,0.000000,s6_p3
1779334798.0,20,1,0.579706,s20_p1
1779334798.0,20,4,0.410625,s20_p4
1779334798.0,20,2,0.000000,s20_p2
1779334798.0,20,3,0.000000,s20_p3
1779334798.0,7,1,0.120765,s7_p1
1779334798.0,7,4,0.000000,s7_p4
1779334798.0,7,2,0.000000,s7_p2
1779334798.0,7,3,0.149749,s7_p3
1779334798.0,4,4,0.137666,s4_p4
1779334798.0,4,1,0.000000,s4_p1
1779334798.0,4,2,0.000000,s4_p2
1779334798.0,4,3,0.140082,s4_p3
1779334798.0,5,4,0.000000,s5_p4
1779334798.0,5,1,0.000000,s5_p1
1779334798.0,5,2,0.065210,s5_p2
1779334798.0,5,3,0.000000,s5_p3
1779334798.0,13,1,0.000000,s13_p1
1779334798.0,13,4,0.000000,s13_p4
1779334798.0,13,2,0.000000,s13_p2
1779334798.0,13,3,0.000000,s13_p3
1779334798.0,8,4,0.120740,s8_p4
1779334798.0,8,1,0.082103,s8_p1
1779334798.0,8,2,0.000000,s8_p2
1779334798.0,8,3,0.000000,s8_p3
1779334798.0,12,4,0.989929,s12_p4
1779334798.0,12,1,0.000000,s12_p1
1779334798.0,12,2,0.000000,s12_p2
1779334798.0,12,3,0.000000,s12_p3
1779334798.0,11,4,0.000000,s11_p4
1779334798.0,11,1,0.137639,s11_p1
1779334798.0,11,2,0.000000,s11_p2
1779334798.0,11,3,0.000000,s11_p3
1779334798.0,17,1,0.748495,s17_p1
1779334798.0,17,4,0.000000,s17_p4
1779334798.0,17,2,0.000000,s17_p2
1779334798.0,17,3,0.000000,s17_p3
1779334798.0,9,1,0.000000,s9_p1
1779334798.0,9,4,0.000000,s9_p4
1779334798.0,9,2,0.149699,s9_p2
1779334798.0,9,3,0.000000,s9_p3
1779334798.0,18,4,0.000000,s18_p4
1779334798.0,18,1,0.000000,s18_p1
1779334798.0,18,2,0.000000,s18_p2
1779334798.0,18,3,0.000000,s18_p3
1779334798.0,2,1,0.164178,s2_p1
1779334798.0,2,4,0.000000,s2_p4
1779334798.0,2,2,0.149692,s2_p2
1779334798.0,2,3,0.000000,s2_p3
1779334798.0,16,1,0.120706,s16_p1
1779334798.0,16,4,0.000000,s16_p4
1779334798.0,16,2,0.082080,s16_p2
1779334798.0,16,3,0.000000,s16_p3
1779334799.0,1,4,0.164327,s1_p4
1779334799.0,1,1,0.111163,s1_p1
1779334799.0,1,2,0.000000,s1_p2
1779334799.0,1,3,0.000000,s1_p3
1779334799.0,14,4,0.000000,s14_p4
1779334799.0,14,1,0.000000,s14_p1
1779334799.0,14,2,0.000000,s14_p2
1779334799.0,14,3,0.000000,s14_p3
1779334799.0,15,4,0.000000,s15_p4
1779334799.0,15,1,0.000000,s15_p1
1779334799.0,15,2,0.000000,s15_p2
1779334799.0,15,3,0.748685,s15_p3
1779334799.0,3,4,0.135229,s3_p4
1779334799.0,3,1,0.000000,s3_p1
1779334799.0,3,2,0.140058,s3_p2
1779334799.0,3,3,0.000000,s3_p3
1779334799.0,10,4,0.000000,s10_p4
1779334799.0,10,1,0.111073,s10_p1
1779334799.0,10,2,0.164195,s10_p2
1779334799.0,10,3,0.000000,s10_p3
1779334799.0,8,4,0.120807,s8_p4
1779334799.0,8,1,0.089397,s8_p1
1779334799.0,8,2,0.000000,s8_p2
1779334799.0,8,3,0.000000,s8_p3
1779334799.0,13,1,0.000000,s13_p1
1779334799.0,13,4,0.000000,s13_p4
1779334799.0,13,2,0.000000,s13_p2
1779334799.0,13,3,0.000000,s13_p3
1779334799.0,20,1,0.555503,s20_p1
1779334799.0,20,4,0.446818,s20_p4
1779334799.0,20,2,0.000000,s20_p2
1779334799.0,20,3,0.000000,s20_p3
1779334799.0,7,1,0.120771,s7_p1
1779334799.0,7,4,0.000000,s7_p4
1779334799.0,7,2,0.000000,s7_p2
1779334799.0,7,3,0.149756,s7_p3
1779334799.0,4,4,0.137684,s4_p4
1779334799.0,4,1,0.000000,s4_p1
1779334799.0,4,2,0.000000,s4_p2
1779334799.0,4,3,0.140100,s4_p3
1779334799.0,5,4,0.000000,s5_p4
1779334799.0,5,1,0.000000,s5_p1
1779334799.0,5,2,0.067635,s5_p2
1779334799.0,5,3,0.000000,s5_p3
1779334799.0,9,1,0.000000,s9_p1
1779334799.0,9,4,0.000000,s9_p4
1779334799.0,9,2,0.149834,s9_p2
1779334799.0,9,3,0.000000,s9_p3
1779334799.0,18,4,0.000000,s18_p4
1779334799.0,18,1,0.000000,s18_p1
1779334799.0,18,2,0.000000,s18_p2
1779334799.0,18,3,0.000000,s18_p3
1779334799.0,12,4,1.000000,s12_p4
1779334799.0,12,1,0.000000,s12_p1
1779334799.0,12,2,0.000000,s12_p2
1779334799.0,12,3,0.000000,s12_p3
1779334799.0,2,1,0.164329,s2_p1
1779334799.0,2,4,0.000000,s2_p4
1779334799.0,2,2,0.149829,s2_p2
1779334799.0,2,3,0.000000,s2_p3
1779334799.0,17,1,0.749010,s17_p1
1779334799.0,17,4,0.000000,s17_p4
1779334799.0,17,2,0.000000,s17_p2
1779334799.0,17,3,0.000000,s17_p3
1779334799.0,11,4,0.000000,s11_p4
1779334799.0,11,1,0.140076,s11_p1
1779334799.0,11,2,0.000000,s11_p2
1779334799.0,11,3,0.000000,s11_p3
1779334799.0,19,1,0.000000,s19_p1
1779334799.0,19,4,0.000000,s19_p4
1779334799.0,19,2,0.000000,s19_p2
1779334799.0,19,3,0.000000,s19_p3
1779334799.0,16,1,0.120787,s16_p1
1779334799.0,16,4,0.000000,s16_p4
1779334799.0,16,2,0.089382,s16_p2
1779334799.0,16,3,0.000000,s16_p3
1779334799.0,6,1,0.000000,s6_p1
1779334799.0,6,4,0.000000,s6_p4
1779334799.0,6,2,0.101261,s6_p2
1779334799.0,6,3,0.000000,s6_p3
1779334799.0,1,4,0.163471,s1_p4
1779334799.0,1,1,0.110583,s1_p1
1779334799.0,1,2,0.000000,s1_p2
1779334799.0,1,3,0.000000,s1_p3
1779334799.0,19,1,0.000000,s19_p1
1779334799.0,19,4,0.000000,s19_p4
1779334799.0,19,2,0.000000,s19_p2
1779334799.0,19,3,0.000000,s19_p3
1779334799.0,10,4,0.000000,s10_p4
1779334799.0,10,1,0.110612,s10_p1
1779334799.0,10,2,0.163513,s10_p2
1779334799.0,10,3,0.000000,s10_p3
1779334799.0,8,4,0.120290,s8_p4
1779334799.0,8,1,0.089014,s8_p1
1779334799.0,8,2,0.000000,s8_p2
1779334799.0,8,3,0.000000,s8_p3
1779334799.0,15,4,0.000000,s15_p4
1779334799.0,15,1,0.000000,s15_p1
1779334799.0,15,2,0.000000,s15_p2
1779334799.0,15,3,0.757270,s15_p3
1779334799.0,3,4,0.137038,s3_p4
1779334799.0,3,1,0.000000,s3_p1
1779334799.0,3,2,0.139442,s3_p2
1779334799.0,3,3,0.000000,s3_p3
1779334799.0,6,1,0.000000,s6_p1
1779334799.0,6,4,0.000000,s6_p4
1779334799.0,6,2,0.103547,s6_p2
1779334799.0,6,3,0.000000,s6_p3
1779334799.0,14,4,0.000000,s14_p4
1779334799.0,14,1,0.000000,s14_p1
1779334799.0,14,2,0.000000,s14_p2
1779334799.0,14,3,0.000000,s14_p3
1779334799.0,4,4,0.137092,s4_p4
1779334799.0,4,1,0.000000,s4_p1
1779334799.0,4,2,0.000000,s4_p2
1779334799.0,4,3,0.139497,s4_p3
1779334799.0,20,1,0.553122,s20_p1
1779334799.0,20,4,0.444903,s20_p4
1779334799.0,20,2,0.000000,s20_p2
1779334799.0,20,3,0.000000,s20_p3
1779334799.0,13,1,0.000000,s13_p1
1779334799.0,13,4,0.000000,s13_p4
1779334799.0,13,2,0.000000,s13_p2
1779334799.0,13,3,0.000000,s13_p3
1779334799.0,5,4,0.000000,s5_p4
1779334799.0,5,1,0.000000,s5_p1
1779334799.0,5,2,0.064933,s5_p2
1779334799.0,5,3,0.000000,s5_p3
1779334799.0,17,1,0.757642,s17_p1
1779334799.0,17,4,0.000000,s17_p4
1779334799.0,17,2,0.000000,s17_p2
1779334799.0,17,3,0.000000,s17_p3
1779334799.0,18,4,0.000000,s18_p4
1779334799.0,18,1,0.000000,s18_p1
1779334799.0,18,2,0.000000,s18_p2
1779334799.0,18,3,0.000000,s18_p3
1779334799.0,12,4,0.998030,s12_p4
1779334799.0,12,1,0.000000,s12_p1
1779334799.0,12,2,0.000000,s12_p2
1779334799.0,12,3,0.000000,s12_p3
1779334799.0,7,1,0.120184,s7_p1
1779334799.0,7,4,0.000000,s7_p4
1779334799.0,7,2,0.000000,s7_p2
1779334799.0,7,3,0.151432,s7_p3
1779334799.0,2,1,0.163529,s2_p1
1779334799.0,2,4,0.000000,s2_p4
1779334799.0,2,2,0.151505,s2_p2
1779334799.0,2,3,0.000000,s2_p3
1779334799.0,11,4,0.000000,s11_p4
1779334799.0,11,1,0.139493,s11_p1
1779334799.0,11,2,0.000000,s11_p2
1779334799.0,11,3,0.000000,s11_p3
1779334799.0,9,1,0.000000,s9_p1
1779334799.0,9,4,0.000000,s9_p4
1779334799.0,9,2,0.151447,s9_p2
1779334799.0,9,3,0.000000,s9_p3
1779334799.0,16,1,0.120252,s16_p1
1779334799.0,16,4,0.000000,s16_p4
1779334799.0,16,2,0.088986,s16_p2
1779334799.0,16,3,0.000000,s16_p3
1779334800.0,19,1,0.000000,s19_p1
1779334800.0,19,4,0.000000,s19_p4
1779334800.0,19,2,0.000000,s19_p2
1779334800.0,19,3,0.000000,s19_p3
1779334800.0,1,4,0.164257,s1_p4
1779334800.0,1,1,0.111115,s1_p1
1779334800.0,1,2,0.000000,s1_p2
1779334800.0,1,3,0.000000,s1_p3
1779334800.0,6,1,0.000000,s6_p1
1779334800.0,6,4,0.000000,s6_p4
1779334800.0,6,2,0.101530,s6_p2
1779334800.0,6,3,0.000000,s6_p3
1779334800.0,3,4,0.137781,s3_p4
1779334800.0,3,1,0.000000,s3_p1
1779334800.0,3,2,0.137781,s3_p2
1779334800.0,3,3,0.000000,s3_p3
1779334800.0,14,4,0.000000,s14_p4
1779334800.0,14,1,0.000000,s14_p1
1779334800.0,14,2,0.000000,s14_p2
1779334800.0,14,3,0.000000,s14_p3
1779334800.0,10,4,0.000000,s10_p4
1779334800.0,10,1,0.111146,s10_p1
1779334800.0,10,2,0.164303,s10_p2
1779334800.0,10,3,0.000000,s10_p3
1779334800.0,8,4,0.120812,s8_p4
1779334800.0,8,1,0.089401,s8_p1
1779334800.0,8,2,0.000000,s8_p2
1779334800.0,8,3,0.000000,s8_p3
1779334800.0,15,4,0.000000,s15_p4
1779334800.0,15,1,0.000000,s15_p1
1779334800.0,15,2,0.000000,s15_p2
1779334800.0,15,3,0.749037,s15_p3
1779334800.0,20,1,0.555757,s20_p1
1779334800.0,20,4,0.447022,s20_p4
1779334800.0,20,2,0.000000,s20_p2
1779334800.0,20,3,0.000000,s20_p3
1779334800.0,13,1,0.000000,s13_p1
1779334800.0,13,4,0.000000,s13_p4
1779334800.0,13,2,0.000000,s13_p2
1779334800.0,13,3,0.000000,s13_p3
1779334800.0,4,4,0.137703,s4_p4
1779334800.0,4,1,0.000000,s4_p1
1779334800.0,4,2,0.000000,s4_p2
1779334800.0,4,3,0.137703,s4_p3
1779334800.0,7,1,0.120859,s7_p1
1779334800.0,7,4,0.000000,s7_p4
1779334800.0,7,2,0.000000,s7_p2
1779334800.0,7,3,0.149866,s7_p3
1779334800.0,5,4,0.000000,s5_p4
1779334800.0,5,1,0.000000,s5_p1
1779334800.0,5,2,0.065205,s5_p2
1779334800.0,5,3,0.000000,s5_p3
1779334800.0,16,1,0.120839,s16_p1
1779334800.0,16,4,0.000000,s16_p4
1779334800.0,16,2,0.089421,s16_p2
1779334800.0,16,3,0.000000,s16_p3
1779334800.0,17,1,0.748850,s17_p1
1779334800.0,17,4,0.000000,s17_p4
1779334800.0,17,2,0.000000,s17_p2
1779334800.0,17,3,0.000000,s17_p3
1779334800.0,18,4,0.000000,s18_p4
1779334800.0,18,1,0.000000,s18_p1
1779334800.0,18,2,0.000000,s18_p2
1779334800.0,18,3,0.000000,s18_p3
1779334800.0,2,1,0.164275,s2_p1
1779334800.0,2,4,0.000000,s2_p4
1779334800.0,2,2,0.149780,s2_p2
1779334800.0,2,3,0.000000,s2_p3
1779334800.0,12,4,1.000000,s12_p4
1779334800.0,12,1,0.000000,s12_p1
1779334800.0,12,2,0.000000,s12_p2
1779334800.0,12,3,0.000000,s12_p3
1779334800.0,11,4,0.000000,s11_p4
1779334800.0,11,1,0.137699,s11_p1
1779334800.0,11,2,0.000000,s11_p2
1779334800.0,11,3,0.000000,s11_p3
1779334800.0,9,1,0.000000,s9_p1
1779334800.0,9,4,0.000000,s9_p4
1779334800.0,9,2,0.149778,s9_p2
1779334800.0,9,3,0.000000,s9_p3
1779334800.0,14,4,0.000000,s14_p4
1779334800.0,14,1,0.000000,s14_p1
1779334800.0,14,2,0.000000,s14_p2
1779334800.0,14,3,0.000000,s14_p3
1779334800.0,6,1,0.000000,s6_p1
1779334800.0,6,4,0.000000,s6_p4
1779334800.0,6,2,0.103766,s6_p2
1779334800.0,6,3,0.000000,s6_p3
1779334800.0,13,1,0.000000,s13_p1
1779334800.0,13,4,0.000000,s13_p4
1779334800.0,13,2,0.000000,s13_p2
1779334800.0,13,3,0.000000,s13_p3
1779334800.0,1,4,0.163964,s1_p4
1779334800.0,1,1,0.113328,s1_p1
1779334800.0,1,2,0.000000,s1_p2
1779334800.0,1,3,0.000000,s1_p3
1779334800.0,10,4,0.000000,s10_p4
1779334800.0,10,1,0.113366,s10_p1
1779334800.0,10,2,0.164019,s10_p2
1779334800.0,10,3,0.000000,s10_p3
1779334800.0,3,4,0.137447,s3_p4
1779334800.0,3,1,0.000000,s3_p1
1779334800.0,3,2,0.139858,s3_p2
1779334800.0,3,3,0.000000,s3_p3
1779334800.0,15,4,0.000000,s15_p4
1779334800.0,15,1,0.000000,s15_p1
1779334800.0,15,2,0.000000,s15_p2
1779334800.0,15,3,0.747762,s15_p3
1779334800.0,8,4,0.120599,s8_p4
1779334800.0,8,1,0.086832,s8_p1
1779334800.0,8,2,0.000000,s8_p2
1779334800.0,8,3,0.000000,s8_p3
1779334800.0,7,1,0.120670,s7_p1
1779334800.0,7,4,0.000000,s7_p4
1779334800.0,7,2,0.000000,s7_p2
1779334800.0,7,3,0.149631,s7_p3
1779334800.0,12,4,1.000000,s12_p4
1779334800.0,12,1,0.000000,s12_p1
1779334800.0,12,2,0.000000,s12_p2
1779334800.0,12,3,0.000000,s12_p3
1779334800.0,17,1,0.748023,s17_p1
1779334800.0,17,4,0.000000,s17_p4
1779334800.0,17,2,0.000000,s17_p2
1779334800.0,17,3,0.000000,s17_p3
1779334800.0,2,1,0.164087,s2_p1
1779334800.0,2,4,0.000000,s2_p4
1779334800.0,2,2,0.149609,s2_p2
1779334800.0,2,3,0.000000,s2_p3
1779334800.0,16,1,0.120638,s16_p1
1779334800.0,16,4,0.000000,s16_p4
1779334800.0,16,2,0.086859,s16_p2
1779334800.0,16,3,0.000000,s16_p3
1779334800.0,18,4,0.000000,s18_p4
1779334800.0,18,1,0.000000,s18_p1
1779334800.0,18,2,0.000000,s18_p2
1779334800.0,18,3,0.000000,s18_p3
1779334800.0,4,4,0.135039,s4_p4
1779334800.0,4,1,0.000000,s4_p1
1779334800.0,4,2,0.000000,s4_p2
1779334800.0,4,3,0.139862,s4_p3
1779334800.0,5,4,0.000000,s5_p4
1779334800.0,5,1,0.000000,s5_p1
1779334800.0,5,2,0.065137,s5_p2
1779334800.0,5,3,0.000000,s5_p3
1779334800.0,20,1,0.566572,s20_p1
1779334800.0,20,4,0.433970,s20_p4
1779334800.0,20,2,0.000000,s20_p2
1779334800.0,20,3,0.000000,s20_p3
1779334800.0,11,4,0.000000,s11_p4
1779334800.0,11,1,0.139972,s11_p1
1779334800.0,11,2,0.000000,s11_p2
1779334800.0,11,3,0.000000,s11_p3
1779334800.0,19,1,0.000000,s19_p1
1779334800.0,19,4,0.000000,s19_p4
1779334800.0,19,2,0.000000,s19_p2
1779334800.0,19,3,0.000000,s19_p3
1779334800.0,9,1,0.000000,s9_p1
1779334800.0,9,4,0.000000,s9_p4
1779334800.0,9,2,0.149598,s9_p2
1779334800.0,9,3,0.000000,s9_p3
1779334801.0,1,4,0.164521,s1_p4
1779334801.0,1,1,0.118552,s1_p1
1779334801.0,1,2,0.000000,s1_p2
1779334801.0,1,3,0.000000,s1_p3
1779334801.0,14,4,0.000000,s14_p4
1779334801.0,14,1,0.000000,s14_p1
1779334801.0,14,2,0.000000,s14_p2
1779334801.0,14,3,0.000000,s14_p3
1779334801.0,6,1,0.000000,s6_p1
1779334801.0,6,4,0.000000,s6_p4
1779334801.0,6,2,0.101520,s6_p2
1779334801.0,6,3,0.000000,s6_p3
1779334801.0,8,4,0.120891,s8_p4
1779334801.0,8,1,0.082206,s8_p1
1779334801.0,8,2,0.000000,s8_p2
1779334801.0,8,3,0.000000,s8_p3
1779334801.0,15,4,0.000000,s15_p4
1779334801.0,15,1,0.000000,s15_p1
1779334801.0,15,2,0.000000,s15_p2
1779334801.0,15,3,0.749431,s15_p3
1779334801.0,3,4,0.137784,s3_p4
1779334801.0,3,1,0.000000,s3_p1
1779334801.0,3,2,0.137784,s3_p2
1779334801.0,3,3,0.000000,s3_p3
1779334801.0,7,1,0.120862,s7_p1
1779334801.0,7,4,0.000000,s7_p4
1779334801.0,7,2,0.000000,s7_p2
1779334801.0,7,3,0.149868,s7_p3
1779334801.0,13,1,0.000000,s13_p1
1779334801.0,13,4,0.000000,s13_p4
1779334801.0,13,2,0.000000,s13_p2
1779334801.0,13,3,0.000000,s13_p3
1779334801.0,10,4,0.000000,s10_p4
1779334801.0,10,1,0.118422,s10_p1
1779334801.0,10,2,0.164341,s10_p2
1779334801.0,10,3,0.000000,s10_p3
1779334801.0,17,1,0.749345,s17_p1
1779334801.0,17,4,0.000000,s17_p4
1779334801.0,17,2,0.000000,s17_p2
1779334801.0,17,3,0.000000,s17_p3
1779334801.0,12,4,1.000000,s12_p4
1779334801.0,12,1,0.000000,s12_p1
1779334801.0,12,2,0.000000,s12_p2
1779334801.0,12,3,0.000000,s12_p3
1779334801.0,4,4,0.137784,s4_p4
1779334801.0,4,1,0.000000,s4_p1
1779334801.0,4,2,0.000000,s4_p2
1779334801.0,4,3,0.137784,s4_p3
1779334801.0,16,1,0.120855,s16_p1
1779334801.0,16,4,0.000000,s16_p4
1779334801.0,16,2,0.082181,s16_p2
1779334801.0,16,3,0.000000,s16_p3
1779334801.0,2,1,0.164355,s2_p1
1779334801.0,2,4,0.000000,s2_p4
1779334801.0,2,2,0.149853,s2_p2
1779334801.0,2,3,0.000000,s2_p3
1779334801.0,5,4,0.000000,s5_p4
1779334801.0,5,1,0.000000,s5_p1
1779334801.0,5,2,0.067680,s5_p2
1779334801.0,5,3,0.000000,s5_p3
1779334801.0,18,4,0.000000,s18_p4
1779334801.0,18,1,0.000000,s18_p1
1779334801.0,18,2,0.000000,s18_p2
1779334801.0,18,3,0.000000,s18_p3
1779334801.0,20,1,0.592187,s20_p1
1779334801.0,20,4,0.410905,s20_p4
1779334801.0,20,2,0.000000,s20_p2
1779334801.0,20,3,0.000000,s20_p3
1779334801.0,9,1,0.000000,s9_p1
1779334801.0,9,4,0.000000,s9_p4
1779334801.0,9,2,0.149862,s9_p2
1779334801.0,9,3,0.000000,s9_p3
1779334801.0,19,1,0.000000,s19_p1
1779334801.0,19,4,0.000000,s19_p4
1779334801.0,19,2,0.000000,s19_p2
1779334801.0,19,3,0.000000,s19_p3
1779334801.0,11,4,0.000000,s11_p4
1779334801.0,11,1,0.137733,s11_p1
1779334801.0,11,2,0.000000,s11_p2
1779334801.0,11,3,0.000000,s11_p3
1779334801.0,1,4,0.163650,s1_p4
1779334801.0,1,1,0.117925,s1_p1
1779334801.0,1,2,0.000000,s1_p2
1779334801.0,1,3,0.000000,s1_p3
1779334801.0,6,1,0.000000,s6_p1
1779334801.0,6,4,0.000000,s6_p4
1779334801.0,6,2,0.103482,s6_p2
1779334801.0,6,3,0.000000,s6_p3
1779334801.0,10,4,0.000000,s10_p4
1779334801.0,10,1,0.117907,s10_p1
1779334801.0,10,2,0.163626,s10_p2
1779334801.0,10,3,0.000000,s10_p3
1779334801.0,15,4,0.000000,s15_p4
1779334801.0,15,1,0.000000,s15_p1
1779334801.0,15,2,0.000000,s15_p2
1779334801.0,15,3,0.745675,s15_p3
1779334801.0,14,4,0.000000,s14_p4
1779334801.0,14,1,0.000000,s14_p1
1779334801.0,14,2,0.000000,s14_p2
1779334801.0,14,3,0.000000,s14_p3
1779334801.0,3,4,0.134697,s3_p4
1779334801.0,3,1,0.000000,s3_p1
1779334801.0,3,2,0.139507,s3_p2
1779334801.0,3,3,0.000000,s3_p3
1779334801.0,13,1,0.000000,s13_p1
1779334801.0,13,4,0.000000,s13_p4
1779334801.0,13,2,0.000000,s13_p2
1779334801.0,13,3,0.000000,s13_p3
1779334801.0,8,4,0.120153,s8_p4
1779334801.0,8,1,0.081704,s8_p1
1779334801.0,8,2,0.000000,s8_p2
1779334801.0,8,3,0.000000,s8_p3
1779334801.0,20,1,0.589380,s20_p1
1779334801.0,20,4,0.408957,s20_p4
1779334801.0,20,2,0.000000,s20_p2
1779334801.0,20,3,0.000000,s20_p3
1779334801.0,7,1,0.120167,s7_p1
1779334801.0,7,4,0.000000,s7_p4
1779334801.0,7,2,0.000000,s7_p2
1779334801.0,7,3,0.149007,s7_p3
1779334801.0,5,4,0.000000,s5_p4
1779334801.0,5,1,0.000000,s5_p1
1779334801.0,5,2,0.064942,s5_p2
1779334801.0,5,3,0.000000,s5_p3
1779334801.0,4,4,0.137087,s4_p4
1779334801.0,4,1,0.000000,s4_p1
1779334801.0,4,2,0.000000,s4_p2
1779334801.0,4,3,0.139492,s4_p3
1779334801.0,12,4,0.998032,s12_p4
1779334801.0,12,1,0.000000,s12_p1
1779334801.0,12,2,0.000000,s12_p2
1779334801.0,12,3,0.000000,s12_p3
1779334801.0,18,4,0.000000,s18_p4
1779334801.0,18,1,0.000000,s18_p1
1779334801.0,18,2,0.000000,s18_p2
1779334801.0,18,3,0.000000,s18_p3
1779334801.0,17,1,0.745002,s17_p1
1779334801.0,17,4,0.000000,s17_p4
1779334801.0,17,2,0.000000,s17_p2
1779334801.0,17,3,0.000000,s17_p3
1779334801.0,11,4,0.000000,s11_p4
1779334801.0,11,1,0.139449,s11_p1
1779334801.0,11,2,0.000000,s11_p2
1779334801.0,11,3,0.000000,s11_p3
1779334801.0,16,1,0.120158,s16_p1
1779334801.0,16,4,0.000000,s16_p4
1779334801.0,16,2,0.081707,s16_p2
1779334801.0,16,3,0.000000,s16_p3
1779334801.0,19,1,0.000000,s19_p1
1779334801.0,19,4,0.000000,s19_p4
1779334801.0,19,2,0.000000,s19_p2
1779334801.0,19,3,0.000000,s19_p3
1779334801.0,2,1,0.163391,s2_p1
1779334801.0,2,4,0.000000,s2_p4
1779334801.0,2,2,0.148974,s2_p2
1779334801.0,2,3,0.000000,s2_p3
1779334801.0,9,1,0.000000,s9_p1
1779334801.0,9,4,0.000000,s9_p4
1779334801.0,9,2,0.149009,s9_p2
1779334801.0,9,3,0.000000,s9_p3
1779334802.0,19,1,0.000000,s19_p1
1779334802.0,19,4,0.000000,s19_p4
1779334802.0,19,2,0.000000,s19_p2
1779334802.0,19,3,0.000000,s19_p3
1779334802.0,1,4,0.164808,s1_p4
1779334802.0,1,1,0.113911,s1_p1
1779334802.0,1,2,0.000000,s1_p2
1779334802.0,1,3,0.000000,s1_p3
1779334802.0,6,1,0.000000,s6_p1
1779334802.0,6,4,0.000000,s6_p4
1779334802.0,6,2,0.101811,s6_p2
1779334802.0,6,3,0.000000,s6_p3
1779334802.0,10,4,0.000000,s10_p4
1779334802.0,10,1,0.114028,s10_p1
1779334802.0,10,2,0.164977,s10_p2
1779334802.0,10,3,0.000000,s10_p3
1779334802.0,13,1,0.000000,s13_p1
1779334802.0,13,4,0.000000,s13_p4
1779334802.0,13,2,0.000000,s13_p2
1779334802.0,13,3,0.000000,s13_p3
1779334802.0,15,4,0.000000,s15_p4
1779334802.0,15,1,0.000000,s15_p1
1779334802.0,15,2,0.000000,s15_p2
1779334802.0,15,3,0.751735,s15_p3
1779334802.0,7,1,0.121369,s7_p1
1779334802.0,7,4,0.000000,s7_p4
1779334802.0,7,2,0.000000,s7_p2
1779334802.0,7,3,0.150498,s7_p3
1779334802.0,8,4,0.121349,s8_p4
1779334802.0,8,1,0.084944,s8_p1
1779334802.0,8,2,0.000000,s8_p2
1779334802.0,8,3,0.000000,s8_p3
1779334802.0,14,4,0.000000,s14_p4
1779334802.0,14,1,0.000000,s14_p1
1779334802.0,14,2,0.000000,s14_p2
1779334802.0,14,3,0.000000,s14_p3
1779334802.0,3,4,0.138221,s3_p4
1779334802.0,3,1,0.000000,s3_p1
1779334802.0,3,2,0.140646,s3_p2
1779334802.0,3,3,0.000000,s3_p3
1779334802.0,20,1,0.570029,s20_p1
1779334802.0,20,4,0.424490,s20_p4
1779334802.0,20,2,0.000000,s20_p2
1779334802.0,20,3,0.000000,s20_p3
1779334802.0,4,4,0.135839,s4_p4
1779334802.0,4,1,0.000000,s4_p1
1779334802.0,4,2,0.000000,s4_p2
1779334802.0,4,3,0.140691,s4_p3
1779334802.0,5,4,0.000000,s5_p4
1779334802.0,5,1,0.000000,s5_p1
1779334802.0,5,2,0.065490,s5_p2
1779334802.0,5,3,0.000000,s5_p3
1779334802.0,12,4,0.994504,s12_p4
1779334802.0,12,1,0.000000,s12_p1
1779334802.0,12,2,0.000000,s12_p2
1779334802.0,12,3,0.000000,s12_p3
1779334802.0,18,4,0.000000,s18_p4
1779334802.0,18,1,0.000000,s18_p1
1779334802.0,18,2,0.000000,s18_p2
1779334802.0,18,3,0.000000,s18_p3
1779334802.0,17,1,0.752061,s17_p1
1779334802.0,17,4,0.000000,s17_p4
1779334802.0,17,2,0.000000,s17_p2
1779334802.0,17,3,0.000000,s17_p3
1779334802.0,11,4,0.000000,s11_p4
1779334802.0,11,1,0.140710,s11_p1
1779334802.0,11,2,0.000000,s11_p2
1779334802.0,11,3,0.000000,s11_p3
1779334802.0,16,1,0.121305,s16_p1
1779334802.0,16,4,0.000000,s16_p4
1779334802.0,16,2,0.084914,s16_p2
1779334802.0,16,3,0.000000,s16_p3
1779334802.0,9,1,0.000000,s9_p1
1779334802.0,9,4,0.000000,s9_p4
1779334802.0,9,2,0.150436,s9_p2
1779334802.0,9,3,0.000000,s9_p3
1779334802.0,2,1,0.164977,s2_p1
1779334802.0,2,4,0.000000,s2_p4
1779334802.0,2,2,0.150420,s2_p2
1779334802.0,2,3,0.000000,s2_p3
1779334802.0,1,4,0.163661,s1_p4
1779334802.0,1,1,0.120339,s1_p1
1779334802.0,1,2,0.000000,s1_p2
1779334802.0,1,3,0.000000,s1_p3
1779334802.0,15,4,0.000000,s15_p4
1779334802.0,15,1,0.000000,s15_p1
1779334802.0,15,2,0.000000,s15_p2
1779334802.0,15,3,0.745981,s15_p3
1779334802.0,19,1,0.000000,s19_p1
1779334802.0,19,4,0.000000,s19_p4
1779334802.0,19,2,0.000000,s19_p2
1779334802.0,19,3,0.000000,s19_p3
1779334802.0,13,1,0.000000,s13_p1
1779334802.0,13,4,0.000000,s13_p4
1779334802.0,13,2,0.000000,s13_p2
1779334802.0,13,3,0.000000,s13_p3
1779334802.0,14,4,0.000000,s14_p4
1779334802.0,14,1,0.000000,s14_p1
1779334802.0,14,2,0.000000,s14_p2
1779334802.0,14,3,0.000000,s14_p3
1779334802.0,6,1,0.000000,s6_p1
1779334802.0,6,4,0.000000,s6_p4
1779334802.0,6,2,0.100949,s6_p2
1779334802.0,6,3,0.000000,s6_p3
1779334802.0,3,4,0.137116,s3_p4
1779334802.0,3,1,0.000000,s3_p1
1779334802.0,3,2,0.137116,s3_p2
1779334802.0,3,3,0.000000,s3_p3
1779334802.0,8,4,0.120268,s8_p4
1779334802.0,8,1,0.079377,s8_p1
1779334802.0,8,2,0.000000,s8_p2
1779334802.0,8,3,0.000000,s8_p3
1779334802.0,10,4,0.000000,s10_p4
1779334802.0,10,1,0.120184,s10_p1
1779334802.0,10,2,0.163450,s10_p2
1779334802.0,10,3,0.000000,s10_p3
1779334802.0,17,1,0.745979,s17_p1
1779334802.0,17,4,0.000000,s17_p4
1779334802.0,17,2,0.000000,s17_p2
1779334802.0,17,3,0.000000,s17_p3
1779334802.0,20,1,0.601155,s20_p1
1779334802.0,20,4,0.396763,s20_p4
1779334802.0,20,2,0.000000,s20_p2
1779334802.0,20,3,0.000000,s20_p3
1779334802.0,18,4,0.000000,s18_p4
1779334802.0,18,1,0.000000,s18_p1
1779334802.0,18,2,0.000000,s18_p2
1779334802.0,18,3,0.000000,s18_p3
1779334802.0,4,4,0.137071,s4_p4
1779334802.0,4,1,0.000000,s4_p1
1779334802.0,4,2,0.000000,s4_p2
1779334802.0,4,3,0.137071,s4_p3
1779334802.0,16,1,0.120312,s16_p1
1779334802.0,16,4,0.000000,s16_p4
1779334802.0,16,2,0.081812,s16_p2
1779334802.0,16,3,0.000000,s16_p3
1779334802.0,5,4,0.000000,s5_p4
1779334802.0,5,1,0.000000,s5_p1
1779334802.0,5,2,0.064928,s5_p2
1779334802.0,5,3,0.000000,s5_p3
1779334802.0,12,4,1.000000,s12_p4
1779334802.0,12,1,0.000000,s12_p1
1779334802.0,12,2,0.000000,s12_p2
1779334802.0,12,3,0.000000,s12_p3
1779334802.0,2,1,0.163633,s2_p1
1779334802.0,2,4,0.000000,s2_p4
1779334802.0,2,2,0.149195,s2_p2
1779334802.0,2,3,0.000000,s2_p3
1779334802.0,7,1,0.120126,s7_p1
1779334802.0,7,4,0.000000,s7_p4
1779334802.0,7,2,0.000000,s7_p2
1779334802.0,7,3,0.148956,s7_p3
1779334802.0,11,4,0.000000,s11_p4
1779334802.0,11,1,0.137095,s11_p1
1779334802.0,11,2,0.000000,s11_p2
1779334802.0,11,3,0.000000,s11_p3
1779334802.0,9,1,0.000000,s9_p1
1779334802.0,9,4,0.000000,s9_p4
1779334802.0,9,2,0.149136,s9_p2
1779334802.0,9,3,0.000000,s9_p3
1779334803.0,19,1,0.000000,s19_p1
1779334803.0,19,4,0.000000,s19_p4
1779334803.0,19,2,0.000000,s19_p2
1779334803.0,19,3,0.000000,s19_p3
1779334803.0,6,1,0.000000,s6_p1
1779334803.0,6,4,0.000000,s6_p4
1779334803.0,6,2,0.104181,s6_p2
1779334803.0,6,3,0.000000,s6_p3
1779334803.0,1,4,0.162084,s1_p4
1779334803.0,1,1,0.111282,s1_p1
1779334803.0,1,2,0.000000,s1_p2
1779334803.0,1,3,0.000000,s1_p3
1779334803.0,14,4,0.000000,s14_p4
1779334803.0,14,1,0.000000,s14_p1
1779334803.0,14,2,0.000000,s14_p2
1779334803.0,14,3,0.000000,s14_p3
1779334803.0,10,4,0.000000,s10_p4
1779334803.0,10,1,0.111449,s10_p1
1779334803.0,10,2,0.162328,s10_p2
1779334803.0,10,3,0.000000,s10_p3
1779334803.0,3,4,0.135667,s3_p4
1779334803.0,3,1,0.000000,s3_p1
1779334803.0,3,2,0.140512,s3_p2
1779334803.0,3,3,0.000000,s3_p3
1779334803.0,4,4,0.138166,s4_p4
1779334803.0,4,1,0.000000,s4_p1
1779334803.0,4,2,0.000000,s4_p2
1779334803.0,4,3,0.140590,s4_p3
1779334803.0,20,1,0.557444,s20_p1
1779334803.0,20,4,0.448379,s20_p4
1779334803.0,20,2,0.000000,s20_p2
1779334803.0,20,3,0.000000,s20_p3
1779334803.0,8,4,0.121066,s8_p4
1779334803.0,8,1,0.089589,s8_p1
1779334803.0,8,2,0.000000,s8_p2
1779334803.0,8,3,0.000000,s8_p3
1779334803.0,13,1,0.000000,s13_p1
1779334803.0,13,4,0.000000,s13_p4
1779334803.0,13,2,0.000000,s13_p2
1779334803.0,13,3,0.000000,s13_p3
1779334803.0,15,4,0.000000,s15_p4
1779334803.0,15,1,0.000000,s15_p1
1779334803.0,15,2,0.000000,s15_p2
1779334803.0,15,3,0.750208,s15_p3
1779334803.0,5,4,0.000000,s5_p4
1779334803.0,5,1,0.000000,s5_p1
1779334803.0,5,2,0.067835,s5_p2
1779334803.0,5,3,0.000000,s5_p3
1779334803.0,18,4,0.000000,s18_p4
1779334803.0,18,1,0.000000,s18_p1
1779334803.0,18,2,0.000000,s18_p2
1779334803.0,18,3,0.000000,s18_p3
1779334803.0,7,1,0.121140,s7_p1
1779334803.0,7,4,0.000000,s7_p4
1779334803.0,7,2,0.000000,s7_p2
1779334803.0,7,3,0.150214,s7_p3
1779334803.0,2,1,0.162314,s2_p1
1779334803.0,2,4,0.000000,s2_p4
1779334803.0,2,2,0.150201,s2_p2
1779334803.0,2,3,0.000000,s2_p3
1779334803.0,12,4,0.993156,s12_p4
1779334803.0,12,1,0.000000,s12_p1
1779334803.0,12,2,0.000000,s12_p2
1779334803.0,12,3,0.000000,s12_p3
1779334803.0,17,1,0.750506,s17_p1
1779334803.0,17,4,0.000000,s17_p4
1779334803.0,17,2,0.000000,s17_p2
1779334803.0,17,3,0.000000,s17_p3
1779334803.0,11,4,0.000000,s11_p4
1779334803.0,11,1,0.140490,s11_p1
1779334803.0,11,2,0.000000,s11_p2
1779334803.0,11,3,0.000000,s11_p3
1779334803.0,16,1,0.121060,s16_p1
1779334803.0,16,4,0.000000,s16_p4
1779334803.0,16,2,0.087163,s16_p2
1779334803.0,16,3,0.000000,s16_p3
1779334803.0,9,1,0.000000,s9_p1
1779334803.0,9,4,0.000000,s9_p4
1779334803.0,9,2,0.150176,s9_p2
1779334803.0,9,3,0.000000,s9_p3
1779334803.0,1,4,0.164337,s1_p4
1779334803.0,1,1,0.111169,s1_p1
1779334803.0,1,2,0.000000,s1_p2
1779334803.0,1,3,0.000000,s1_p3
1779334803.0,6,1,0.000000,s6_p1
1779334803.0,6,4,0.000000,s6_p4
1779334803.0,6,2,0.101480,s6_p2
1779334803.0,6,3,0.000000,s6_p3
1779334803.0,10,4,0.000000,s10_p4
1779334803.0,10,1,0.111096,s10_p1
1779334803.0,10,2,0.164229,s10_p2
1779334803.0,10,3,0.000000,s10_p3
1779334803.0,3,4,0.137529,s3_p4
1779334803.0,3,1,0.000000,s3_p1
1779334803.0,3,2,0.137529,s3_p2
1779334803.0,3,3,0.000000,s3_p3
1779334803.0,8,4,0.120702,s8_p4
1779334803.0,8,1,0.089319,s8_p1
1779334803.0,8,2,0.000000,s8_p2
1779334803.0,8,3,0.000000,s8_p3
1779334803.0,14,4,0.000000,s14_p4
1779334803.0,14,1,0.000000,s14_p1
1779334803.0,14,2,0.000000,s14_p2
1779334803.0,14,3,0.000000,s14_p3
1779334803.0,15,4,0.000000,s15_p4
1779334803.0,15,1,0.000000,s15_p1
1779334803.0,15,2,0.000000,s15_p2
1779334803.0,15,3,0.748348,s15_p3
1779334803.0,13,1,0.000000,s13_p1
1779334803.0,13,4,0.000000,s13_p4
1779334803.0,13,2,0.000000,s13_p2
1779334803.0,13,3,0.000000,s13_p3
1779334803.0,20,1,0.554664,s20_p1
1779334803.0,20,4,0.446143,s20_p4
1779334803.0,20,2,0.000000,s20_p2
1779334803.0,20,3,0.000000,s20_p3
1779334803.0,7,1,0.120640,s7_p1
1779334803.0,7,4,0.000000,s7_p4
1779334803.0,7,2,0.000000,s7_p2
1779334803.0,7,3,0.149594,s7_p3
1779334803.0,11,4,0.000000,s11_p4
1779334803.0,11,1,0.140009,s11_p1
1779334803.0,11,2,0.000000,s11_p2
1779334803.0,11,3,0.000000,s11_p3
1779334803.0,16,1,0.120676,s16_p1
1779334803.0,16,4,0.000000,s16_p4
1779334803.0,16,2,0.089301,s16_p2
1779334803.0,16,3,0.000000,s16_p3
1779334803.0,2,1,0.164019,s2_p1
1779334803.0,2,4,0.000000,s2_p4
1779334803.0,2,2,0.149547,s2_p2
1779334803.0,2,3,0.000000,s2_p3
1779334803.0,9,1,0.000000,s9_p1
1779334803.0,9,4,0.000000,s9_p4
1779334803.0,9,2,0.149622,s9_p2
1779334803.0,9,3,0.000000,s9_p3
1779334803.0,18,4,0.000000,s18_p4
1779334803.0,18,1,0.000000,s18_p1
1779334803.0,18,2,0.000000,s18_p2
1779334803.0,18,3,0.000000,s18_p3
1779334803.0,4,4,0.137381,s4_p4
1779334803.0,4,1,0.000000,s4_p1
1779334803.0,4,2,0.000000,s4_p2
1779334803.0,4,3,0.137381,s4_p3
1779334803.0,19,1,0.000000,s19_p1
1779334803.0,19,4,0.000000,s19_p4
1779334803.0,19,2,0.000000,s19_p2
1779334803.0,19,3,0.000000,s19_p3
1779334803.0,17,1,0.747914,s17_p1
1779334803.0,17,4,0.000000,s17_p4
1779334803.0,17,2,0.000000,s17_p2
1779334803.0,17,3,0.000000,s17_p3
1779334803.0,5,4,0.000000,s5_p4
1779334803.0,5,1,0.000000,s5_p1
1779334803.0,5,2,0.065106,s5_p2
1779334803.0,5,3,0.000000,s5_p3
1779334803.0,12,4,1.000000,s12_p4
1779334803.0,12,1,0.000000,s12_p1
1779334803.0,12,2,0.000000,s12_p2
1779334803.0,12,3,0.000000,s12_p3
1779334804.0,19,1,0.000000,s19_p1
1779334804.0,19,4,0.000000,s19_p4
1779334804.0,19,2,0.000000,s19_p2
1779334804.0,19,3,0.000000,s19_p3
1779334804.0,1,4,0.077100,s1_p4
1779334804.0,1,1,0.127649,s1_p1
1779334804.0,1,2,0.000271,s1_p2
1779334804.0,1,3,0.033719,s1_p3
1779334804.0,6,1,0.026765,s6_p1
1779334804.0,6,4,0.028903,s6_p4
1779334804.0,6,2,0.038537,s6_p2
1779334804.0,6,3,0.000000,s6_p3
1779334804.0,15,4,0.000000,s15_p4
1779334804.0,15,1,0.001085,s15_p1
1779334804.0,15,2,0.000000,s15_p2
1779334804.0,15,3,0.945606,s15_p3
1779334804.0,8,4,0.039682,s8_p4
1779334804.0,8,1,0.098904,s8_p1
1779334804.0,8,2,0.007508,s8_p2
1779334804.0,8,3,0.000000,s8_p3
1779334804.0,14,4,0.144738,s14_p4
1779334804.0,14,1,0.000000,s14_p1
1779334804.0,14,2,0.026535,s14_p2
1779334804.0,14,3,0.000000,s14_p3
1779334804.0,3,4,0.131193,s3_p4
1779334804.0,3,1,0.001085,s3_p1
1779334804.0,3,2,0.074771,s3_p2
1779334804.0,3,3,0.000271,s3_p3
1779334804.0,10,4,0.144712,s10_p4
1779334804.0,10,1,0.127973,s10_p1
1779334804.0,10,2,0.074694,s10_p2
1779334804.0,10,3,0.000000,s10_p3
1779334804.0,7,1,0.038607,s7_p1
1779334804.0,7,4,0.034053,s7_p4
1779334804.0,7,2,0.001085,s7_p2
1779334804.0,7,3,0.198810,s7_p3
1779334804.0,13,1,0.132576,s13_p1
1779334804.0,13,4,0.000000,s13_p4
1779334804.0,13,2,0.000000,s13_p2
1779334804.0,13,3,0.000000,s13_p3
1779334804.0,20,1,0.639330,s20_p1
1779334804.0,20,4,0.530765,s20_p4
1779334804.0,20,2,0.162386,s20_p2
1779334804.0,20,3,0.132691,s20_p3
1779334804.0,12,4,1.000000,s12_p4
1779334804.0,12,1,0.030054,s12_p1
1779334804.0,12,2,0.002443,s12_p2
1779334804.0,12,3,0.000000,s12_p3
1779334804.0,17,1,0.644420,s17_p1
1779334804.0,17,4,0.005428,s17_p4
1779334804.0,17,2,0.000000,s17_p2
1779334804.0,17,3,0.663817,s17_p3
1779334804.0,4,4,0.209470,s4_p4
1779334804.0,4,1,0.000271,s4_p1
1779334804.0,4,2,0.002442,s4_p2
1779334804.0,4,3,0.098960,s4_p3
1779334804.0,18,4,0.000000,s18_p4
1779334804.0,18,1,0.000000,s18_p1
1779334804.0,18,2,0.000000,s18_p2
1779334804.0,18,3,0.000000,s18_p3
1779334804.0,5,4,0.000000,s5_p4
1779334804.0,5,1,0.031651,s5_p1
1779334804.0,5,2,0.127931,s5_p2
1779334804.0,5,3,0.000000,s5_p3
1779334804.0,11,4,0.000000,s11_p4
1779334804.0,11,1,0.043413,s11_p1
1779334804.0,11,2,0.000271,s11_p2
1779334804.0,11,3,0.265301,s11_p3
1779334804.0,16,1,0.038595,s16_p1
1779334804.0,16,4,0.174277,s16_p4
1779334804.0,16,2,0.106407,s16_p2
1779334804.0,16,3,0.000000,s16_p3
1779334804.0,2,1,0.127858,s2_p1
1779334804.0,2,4,0.026808,s2_p4
1779334804.0,2,2,0.075733,s2_p2
1779334804.0,2,3,0.001085,s2_p3
1779334804.0,9,1,0.000000,s9_p1
1779334804.0,9,4,0.000000,s9_p4
1779334804.0,9,2,0.128808,s9_p2
1779334804.0,9,3,0.174296,s9_p3
1779334804.0,1,4,0.000000,s1_p4
1779334804.0,1,1,0.052699,s1_p1
1779334804.0,1,2,0.000000,s1_p2
1779334804.0,1,3,0.048380,s1_p3
1779334804.0,8,4,0.001360,s8_p4
1779334804.0,8,1,0.166079,s8_p1
1779334804.0,8,2,0.029029,s8_p2
1779334804.0,8,3,0.000000,s8_p3
1779334804.0,5,4,0.000000,s5_p4
1779334804.0,5,1,0.041163,s5_p1
1779334804.0,5,2,0.159810,s5_p2
1779334804.0,5,3,0.000000,s5_p3
1779334804.0,12,4,0.997983,s12_p4
1779334804.0,12,1,0.040099,s12_p1
1779334804.0,12,2,0.000000,s12_p2
1779334804.0,12,3,0.000000,s12_p3
1779334804.0,15,4,0.000000,s15_p4
1779334804.0,15,1,0.000000,s15_p1
1779334804.0,15,2,0.000000,s15_p2
1779334804.0,15,3,0.907044,s15_p3
1779334804.0,18,4,0.000000,s18_p4
1779334804.0,18,1,0.000000,s18_p1
1779334804.0,18,2,0.000000,s18_p2
1779334804.0,18,3,0.000000,s18_p3
1779334804.0,17,1,0.387050,s17_p1
1779334804.0,17,4,0.000000,s17_p4
1779334804.0,17,2,0.000000,s17_p2
1779334804.0,17,3,1.000000,s17_p3
1779334804.0,3,4,0.039621,s3_p4
1779334804.0,3,1,0.001359,s3_p1
1779334804.0,3,2,0.038672,s3_p2
1779334804.0,3,3,0.000000,s3_p3
1779334804.0,13,1,0.200756,s13_p1
1779334804.0,13,4,0.000000,s13_p4
1779334804.0,13,2,0.000000,s13_p2
1779334804.0,13,3,0.000000,s13_p3
1779334804.0,11,4,0.000000,s11_p4
1779334804.0,11,1,0.000000,s11_p1
1779334804.0,11,2,0.000000,s11_p2
1779334804.0,11,3,0.387161,s11_p3
1779334804.0,7,1,0.000000,s7_p1
1779334804.0,7,4,0.048370,s7_p4
1779334804.0,7,2,0.000000,s7_p2
1779334804.0,7,3,0.171714,s7_p3
1779334804.0,9,1,0.000000,s9_p1
1779334804.0,9,4,0.000000,s9_p4
1779334804.0,9,2,0.077438,s9_p2
1779334804.0,9,3,0.254094,s9_p3
1779334804.0,20,1,0.263459,s20_p1
1779334804.0,20,4,0.975376,s20_p4
1779334804.0,20,2,0.200290,s20_p2
1779334804.0,20,3,0.217678,s20_p3
1779334804.0,10,4,0.217510,s10_p4
1779334804.0,10,1,0.052651,s10_p1
1779334804.0,10,2,0.000000,s10_p2
1779334804.0,10,3,0.000000,s10_p3
1779334804.0,16,1,0.000000,s16_p1
1779334804.0,16,4,0.248769,s16_p4
1779334804.0,16,2,0.195158,s16_p2
1779334804.0,16,3,0.000000,s16_p3
1779334804.0,4,4,0.164470,s4_p4
1779334804.0,4,1,0.000000,s4_p1
1779334804.0,4,2,0.000000,s4_p2
1779334804.0,4,3,0.077397,s4_p3
1779334804.0,2,1,0.077428,s2_p1
1779334804.0,2,4,0.043553,s2_p4
1779334804.0,2,2,0.000000,s2_p2
1779334804.0,2,3,0.000000,s2_p3
1779334804.0,14,4,0.193304,s14_p4
1779334804.0,14,1,0.000000,s14_p1
1779334804.0,14,2,0.043493,s14_p2
1779334804.0,14,3,0.000000,s14_p3
1779334804.0,6,1,0.043481,s6_p1
1779334804.0,6,4,0.038650,s6_p4
1779334804.0,6,2,0.000000,s6_p2
1779334804.0,6,3,0.000000,s6_p3
1779334804.0,19,1,0.000000,s19_p1
1779334804.0,19,4,0.000000,s19_p4
1779334804.0,19,2,0.000000,s19_p2
1779334804.0,19,3,0.000000,s19_p3
1779334805.0,3,4,0.038702,s3_p4
1779334805.0,3,1,0.000000,s3_p1
1779334805.0,3,2,0.038702,s3_p2
1779334805.0,3,3,0.000000,s3_p3
1779334805.0,13,1,0.200593,s13_p1
1779334805.0,13,4,0.000000,s13_p4
1779334805.0,13,2,0.000000,s13_p2
1779334805.0,13,3,0.000000,s13_p3
1779334805.0,7,1,0.000000,s7_p1
1779334805.0,7,4,0.048333,s7_p4
1779334805.0,7,2,0.000000,s7_p2
1779334805.0,7,3,0.171581,s7_p3
1779334805.0,10,4,0.205417,s10_p4
1779334805.0,10,1,0.048333,s10_p1
1779334805.0,10,2,0.000000,s10_p2
1779334805.0,10,3,0.000000,s10_p3
1779334805.0,8,4,0.000000,s8_p4
1779334805.0,8,1,0.161740,s8_p1
1779334805.0,8,2,0.038624,s8_p2
1779334805.0,8,3,0.000000,s8_p3
1779334805.0,15,4,0.000000,s15_p4
1779334805.0,15,1,0.000000,s15_p1
1779334805.0,15,2,0.000000,s15_p2
1779334805.0,15,3,0.844958,s15_p3
1779334805.0,17,1,0.398414,s17_p1
1779334805.0,17,4,0.000000,s17_p4
1779334805.0,17,2,0.000000,s17_p2
1779334805.0,17,3,1.000000,s17_p3
1779334805.0,20,1,0.241472,s20_p1
1779334805.0,20,4,1.000000,s20_p4
1779334805.0,20,2,0.193177,s20_p2
1779334805.0,20,3,0.205251,s20_p3
1779334805.0,18,4,0.000000,s18_p4
1779334805.0,18,1,0.000000,s18_p1
1779334805.0,18,2,0.000000,s18_p2
1779334805.0,18,3,0.000000,s18_p3
1779334805.0,5,4,0.000000,s5_p4
1779334805.0,5,1,0.045830,s5_p1
1779334805.0,5,2,0.154375,s5_p2
1779334805.0,5,3,0.000000,s5_p3
1779334805.0,12,4,1.000000,s12_p4
1779334805.0,12,1,0.038594,s12_p1
1779334805.0,12,2,0.000000,s12_p2
1779334805.0,12,3,0.000000,s12_p3
1779334805.0,4,4,0.164191,s4_p4
1779334805.0,4,1,0.000000,s4_p1
1779334805.0,4,2,0.000000,s4_p2
1779334805.0,4,3,0.079681,s4_p3
1779334805.0,9,1,0.000000,s9_p1
1779334805.0,9,4,0.000000,s9_p4
1779334805.0,9,2,0.079643,s9_p2
1779334805.0,9,3,0.241344,s9_p3
1779334805.0,16,1,0.000000,s16_p1
1779334805.0,16,4,0.241341,s16_p4
1779334805.0,16,2,0.200313,s16_p2
1779334805.0,16,3,0.000000,s16_p3
1779334805.0,19,1,0.000000,s19_p1
1779334805.0,19,4,0.000000,s19_p4
1779334805.0,19,2,0.000000,s19_p2
1779334805.0,19,3,0.000000,s19_p3
1779334805.0,11,4,0.000000,s11_p4
1779334805.0,11,1,0.000000,s11_p1
1779334805.0,11,2,0.000000,s11_p2
1779334805.0,11,3,0.398151,s11_p3
1779334805.0,2,1,0.079640,s2_p1
1779334805.0,2,4,0.041027,s2_p4
1779334805.0,2,2,0.000000,s2_p2
1779334805.0,2,3,0.000000,s2_p3
1779334805.0,6,1,0.041029,s6_p1
1779334805.0,6,4,0.038616,s6_p4
1779334805.0,6,2,0.000000,s6_p2
1779334805.0,6,3,0.000000,s6_p3
1779334805.0,1,4,0.000000,s1_p4
1779334805.0,1,1,0.048171,s1_p1
1779334805.0,1,2,0.000000,s1_p2
1779334805.0,1,3,0.050579,s1_p3
1779334805.0,14,4,0.192914,s14_p4
1779334805.0,14,1,0.000000,s14_p1
1779334805.0,14,2,0.040994,s14_p2
1779334805.0,14,3,0.000000,s14_p3
1779334805.0,1,4,0.000000,s1_p4
1779334805.0,1,1,0.048329,s1_p1
1779334805.0,1,2,0.000000,s1_p2
1779334805.0,1,3,0.050745,s1_p3
1779334805.0,19,1,0.000000,s19_p1
1779334805.0,19,4,0.000000,s19_p4
1779334805.0,19,2,0.000000,s19_p2
1779334805.0,19,3,0.000000,s19_p3
1779334805.0,6,1,0.043460,s6_p1
1779334805.0,6,4,0.038631,s6_p4
1779334805.0,6,2,0.000000,s6_p2
1779334805.0,6,3,0.000000,s6_p3
1779334805.0,10,4,0.216758,s10_p4
1779334805.0,10,1,0.048169,s10_p1
1779334805.0,10,2,0.000000,s10_p2
1779334805.0,10,3,0.000000,s10_p3
1779334805.0,13,1,0.199855,s13_p1
1779334805.0,13,4,0.000000,s13_p4
1779334805.0,13,2,0.000000,s13_p2
1779334805.0,13,3,0.000000,s13_p3
1779334805.0,4,4,0.166312,s4_p4
1779334805.0,4,1,0.000000,s4_p1
1779334805.0,4,2,0.000000,s4_p2
1779334805.0,4,3,0.077130,s4_p3
1779334805.0,3,4,0.038490,s3_p4
1779334805.0,3,1,0.000000,s3_p1
1779334805.0,3,2,0.038490,s3_p2
1779334805.0,3,3,0.000000,s3_p3
1779334805.0,5,4,0.000000,s5_p4
1779334805.0,5,1,0.045791,s5_p1
1779334805.0,5,2,0.154243,s5_p2
1779334805.0,5,3,0.000000,s5_p3
1779334805.0,15,4,0.000000,s15_p4
1779334805.0,15,1,0.000000,s15_p1
1779334805.0,15,2,0.000000,s15_p2
1779334805.0,15,3,0.854864,s15_p3
1779334805.0,8,4,0.000000,s8_p4
1779334805.0,8,1,0.161334,s8_p1
1779334805.0,8,2,0.038527,s8_p2
1779334805.0,8,3,0.000000,s8_p3
1779334805.0,14,4,0.193059,s14_p4
1779334805.0,14,1,0.000000,s14_p1
1779334805.0,14,2,0.043438,s14_p2
1779334805.0,14,3,0.000000,s14_p3
1779334805.0,7,1,0.000000,s7_p1
1779334805.0,7,4,0.048152,s7_p4
1779334805.0,7,2,0.000000,s7_p2
1779334805.0,7,3,0.168533,s7_p3
1779334805.0,11,4,0.000000,s11_p4
1779334805.0,11,1,0.000000,s11_p1
1779334805.0,11,2,0.000000,s11_p2
1779334805.0,11,3,0.385583,s11_p3
1779334805.0,16,1,0.000000,s16_p1
1779334805.0,16,4,0.240948,s16_p4
1779334805.0,16,2,0.199986,s16_p2
1779334805.0,16,3,0.000000,s16_p3
1779334805.0,17,1,0.385246,s17_p1
1779334805.0,17,4,0.000000,s17_p4
1779334805.0,17,2,0.000000,s17_p2
1779334805.0,17,3,0.999232,s17_p3
1779334805.0,18,4,0.000000,s18_p4
1779334805.0,18,1,0.000000,s18_p1
1779334805.0,18,2,0.000000,s18_p2
1779334805.0,18,3,0.000000,s18_p3
1779334805.0,20,1,0.240790,s20_p1
1779334805.0,20,4,0.999280,s20_p4
1779334805.0,20,2,0.192632,s20_p2
1779334805.0,20,3,0.216711,s20_p3
1779334805.0,12,4,0.999350,s12_p4
1779334805.0,12,1,0.038529,s12_p1
1779334805.0,12,2,0.000000,s12_p2
1779334805.0,12,3,0.000000,s12_p3
1779334805.0,9,1,0.000000,s9_p1
1779334805.0,9,4,0.000000,s9_p4
1779334805.0,9,2,0.077089,s9_p2
1779334805.0,9,3,0.252947,s9_p3
1779334805.0,2,1,0.077099,s2_p1
1779334805.0,2,4,0.043368,s2_p4
1779334805.0,2,2,0.000000,s2_p2
1779334805.0,2,3,0.000000,s2_p3
1779334806.0,19,1,0.000000,s19_p1
1779334806.0,19,4,0.000000,s19_p4
1779334806.0,19,2,0.000000,s19_p2
1779334806.0,19,3,0.000000,s19_p3
1779334806.0,6,1,0.041125,s6_p1
1779334806.0,6,4,0.041125,s6_p4
1779334806.0,6,2,0.000000,s6_p2
1779334806.0,6,3,0.000000,s6_p3
1779334806.0,14,4,0.205763,s14_p4
1779334806.0,14,1,0.000000,s14_p1
1779334806.0,14,2,0.041153,s14_p2
1779334806.0,14,3,0.000000,s14_p3
1779334806.0,1,4,0.000000,s1_p4
1779334806.0,1,1,0.048343,s1_p1
1779334806.0,1,2,0.000000,s1_p2
1779334806.0,1,3,0.048343,s1_p3
1779334806.0,3,4,0.038723,s3_p4
1779334806.0,3,1,0.000000,s3_p1
1779334806.0,3,2,0.041143,s3_p2
1779334806.0,3,3,0.000000,s3_p3
1779334806.0,10,4,0.205684,s10_p4
1779334806.0,10,1,0.048396,s10_p1
1779334806.0,10,2,0.000000,s10_p2
1779334806.0,10,3,0.000000,s10_p3
1779334806.0,20,1,0.254101,s20_p1
1779334806.0,20,4,1.000000,s20_p4
1779334806.0,20,2,0.205701,s20_p2
1779334806.0,20,3,0.205701,s20_p3
1779334806.0,7,1,0.000000,s7_p1
1779334806.0,7,4,0.050780,s7_p4
1779334806.0,7,2,0.000000,s7_p2
1779334806.0,7,3,0.171683,s7_p3
1779334806.0,15,4,0.000000,s15_p4
1779334806.0,15,1,0.000000,s15_p1
1779334806.0,15,2,0.000000,s15_p2
1779334806.0,15,3,0.858304,s15_p3
1779334806.0,13,1,0.198228,s13_p1
1779334806.0,13,4,0.000000,s13_p4
1779334806.0,13,2,0.000000,s13_p2
1779334806.0,13,3,0.000000,s13_p3
1779334806.0,8,4,0.000000,s8_p4
1779334806.0,8,1,0.164403,s8_p1
1779334806.0,8,2,0.036265,s8_p2
1779334806.0,8,3,0.000000,s8_p3
1779334806.0,11,4,0.000000,s11_p4
1779334806.0,11,1,0.000000,s11_p1
1779334806.0,11,2,0.000000,s11_p2
1779334806.0,11,3,0.386808,s11_p3
1779334806.0,4,4,0.164266,s4_p4
1779334806.0,4,1,0.000000,s4_p1
1779334806.0,4,2,0.000000,s4_p2
1779334806.0,4,3,0.077302,s4_p3
1779334806.0,16,1,0.000000,s16_p1
1779334806.0,16,4,0.253831,s16_p4
1779334806.0,16,2,0.200647,s16_p2
1779334806.0,16,3,0.000000,s16_p3
1779334806.0,17,1,0.386791,s17_p1
1779334806.0,17,4,0.000000,s17_p4
1779334806.0,17,2,0.000000,s17_p2
1779334806.0,17,3,1.000000,s17_p3
1779334806.0,5,4,0.000000,s5_p4
1779334806.0,5,1,0.038648,s5_p1
1779334806.0,5,2,0.159422,s5_p2
1779334806.0,5,3,0.000000,s5_p3
1779334806.0,18,4,0.000000,s18_p4
1779334806.0,18,1,0.000000,s18_p1
1779334806.0,18,2,0.000000,s18_p2
1779334806.0,18,3,0.000000,s18_p3
1779334806.0,12,4,1.000000,s12_p4
1779334806.0,12,1,0.041096,s12_p1
1779334806.0,12,2,0.000000,s12_p2
1779334806.0,12,3,0.000000,s12_p3
1779334806.0,9,1,0.000000,s9_p1
1779334806.0,9,4,0.000000,s9_p4
1779334806.0,9,2,0.077357,s9_p2
1779334806.0,9,3,0.241741,s9_p3
1779334806.0,2,1,0.077357,s2_p1
1779334806.0,2,4,0.041096,s2_p4
1779334806.0,2,2,0.000000,s2_p2
1779334806.0,2,3,0.000000,s2_p3
1779334806.0,19,1,0.000000,s19_p1
1779334806.0,19,4,0.000000,s19_p4
1779334806.0,19,2,0.000000,s19_p2
1779334806.0,19,3,0.000000,s19_p3
1779334806.0,6,1,0.041023,s6_p1
1779334806.0,6,4,0.038609,s6_p4
1779334806.0,6,2,0.000000,s6_p2
1779334806.0,6,3,0.000000,s6_p3
1779334806.0,1,4,0.000000,s1_p4
1779334806.0,1,1,0.050696,s1_p1
1779334806.0,1,2,0.000000,s1_p2
1779334806.0,1,3,0.050696,s1_p3
1779334806.0,3,4,0.038615,s3_p4
1779334806.0,3,1,0.000000,s3_p1
1779334806.0,3,2,0.038615,s3_p2
1779334806.0,3,3,0.000000,s3_p3
1779334806.0,14,4,0.193047,s14_p4
1779334806.0,14,1,0.000000,s14_p1
1779334806.0,14,2,0.041022,s14_p2
1779334806.0,14,3,0.000000,s14_p3
1779334806.0,15,4,0.000000,s15_p4
1779334806.0,15,1,0.000000,s15_p1
1779334806.0,15,2,0.000000,s15_p2
1779334806.0,15,3,0.845171,s15_p3
1779334806.0,10,4,0.205029,s10_p4
1779334806.0,10,1,0.050654,s10_p1
1779334806.0,10,2,0.000000,s10_p2
1779334806.0,10,3,0.000000,s10_p3
1779334806.0,8,4,0.000000,s8_p4
1779334806.0,8,1,0.161782,s8_p1
1779334806.0,8,2,0.038635,s8_p2
1779334806.0,8,3,0.000000,s8_p3
1779334806.0,4,4,0.164313,s4_p4
1779334806.0,4,1,0.000000,s4_p1
1779334806.0,4,2,0.000000,s4_p2
1779334806.0,4,3,0.077324,s4_p3
1779334806.0,13,1,0.200404,s13_p1
1779334806.0,13,4,0.000000,s13_p4
1779334806.0,13,2,0.000000,s13_p2
1779334806.0,13,3,0.000000,s13_p3
1779334806.0,7,1,0.000000,s7_p1
1779334806.0,7,4,0.048269,s7_p4
1779334806.0,7,2,0.000000,s7_p2
1779334806.0,7,3,0.168941,s7_p3
1779334806.0,12,4,1.000000,s12_p4
1779334806.0,12,1,0.038652,s12_p1
1779334806.0,12,2,0.000000,s12_p2
1779334806.0,12,3,0.000000,s12_p3
1779334806.0,18,4,0.000000,s18_p4
1779334806.0,18,1,0.000000,s18_p1
1779334806.0,18,2,0.000000,s18_p2
1779334806.0,18,3,0.000000,s18_p3
1779334806.0,5,4,0.000000,s5_p4
1779334806.0,5,1,0.045894,s5_p1
1779334806.0,5,2,0.154590,s5_p2
1779334806.0,5,3,0.000000,s5_p3
1779334806.0,20,1,0.241291,s20_p1
1779334806.0,20,4,1.000000,s20_p4
1779334806.0,20,2,0.193033,s20_p2
1779334806.0,20,3,0.205097,s20_p3
1779334806.0,2,1,0.077275,s2_p1
1779334806.0,2,4,0.041053,s2_p4
1779334806.0,2,2,0.000000,s2_p2
1779334806.0,2,3,0.000000,s2_p3
1779334806.0,11,4,0.000000,s11_p4
1779334806.0,11,1,0.000000,s11_p1
1779334806.0,11,2,0.000000,s11_p2
1779334806.0,11,3,0.386233,s11_p3
1779334806.0,16,1,0.000000,s16_p1
1779334806.0,16,4,0.241426,s16_p4
1779334806.0,16,2,0.200384,s16_p2
1779334806.0,16,3,0.000000,s16_p3
1779334806.0,9,1,0.000000,s9_p1
1779334806.0,9,4,0.000000,s9_p4
1779334806.0,9,2,0.077265,s9_p2
1779334806.0,9,3,0.253525,s9_p3
1779334806.0,17,1,0.386267,s17_p1
1779334806.0,17,4,0.000000,s17_p4
1779334806.0,17,2,0.000000,s17_p2
1779334806.0,17,3,0.989810,s17_p3
1779334807.0,6,1,0.043148,s6_p1
1779334807.0,6,4,0.038353,s6_p4
1779334807.0,6,2,0.000000,s6_p2
1779334807.0,6,3,0.000000,s6_p3
1779334807.0,5,4,0.000000,s5_p4
1779334807.0,5,1,0.043208,s5_p1
1779334807.0,5,2,0.156030,s5_p2
1779334807.0,5,3,0.000000,s5_p3
1779334807.0,19,1,0.000000,s19_p1
1779334807.0,19,4,0.000000,s19_p4
1779334807.0,19,2,0.000000,s19_p2
1779334807.0,19,3,0.000000,s19_p3
1779334807.0,10,4,0.215904,s10_p4
1779334807.0,10,1,0.047979,s10_p1
1779334807.0,10,2,0.000000,s10_p2
1779334807.0,10,3,0.000000,s10_p3
1779334807.0,4,4,0.165531,s4_p4
1779334807.0,4,1,0.000000,s4_p1
1779334807.0,4,2,0.000000,s4_p2
1779334807.0,4,3,0.076768,s4_p3
1779334807.0,16,1,0.000000,s16_p1
1779334807.0,16,4,0.240123,s16_p4
1779334807.0,16,2,0.199302,s16_p2
1779334807.0,16,3,0.000000,s16_p3
1779334807.0,17,1,0.384214,s17_p1
1779334807.0,17,4,0.000000,s17_p4
1779334807.0,17,2,0.000000,s17_p2
1779334807.0,17,3,1.000000,s17_p3
1779334807.0,7,1,0.000000,s7_p1
1779334807.0,7,4,0.047994,s7_p4
1779334807.0,7,2,0.000000,s7_p2
1779334807.0,7,3,0.170380,s7_p3
1779334807.0,3,4,0.038356,s3_p4
1779334807.0,3,1,0.000000,s3_p1
1779334807.0,3,2,0.038356,s3_p2
1779334807.0,3,3,0.000000,s3_p3
1779334807.0,1,4,0.000000,s1_p4
1779334807.0,1,1,0.047929,s1_p1
1779334807.0,1,2,0.000000,s1_p2
1779334807.0,1,3,0.047929,s1_p3
1779334807.0,18,4,0.000000,s18_p4
1779334807.0,18,1,0.000000,s18_p1
1779334807.0,18,2,0.000000,s18_p2
1779334807.0,18,3,0.000000,s18_p3
1779334807.0,15,4,0.000000,s15_p4
1779334807.0,15,1,0.000000,s15_p1
1779334807.0,15,2,0.000000,s15_p2
1779334807.0,15,3,0.851384,s15_p3
1779334807.0,14,4,0.191768,s14_p4
1779334807.0,14,1,0.000000,s14_p1
1779334807.0,14,2,0.043148,s14_p2
1779334807.0,14,3,0.000000,s14_p3
1779334807.0,13,1,0.199073,s13_p1
1779334807.0,13,4,0.000000,s13_p4
1779334807.0,13,2,0.000000,s13_p2
1779334807.0,13,3,0.000000,s13_p3
1779334807.0,12,4,0.995779,s12_p4
1779334807.0,12,1,0.038391,s12_p1
1779334807.0,12,2,0.000000,s12_p2
1779334807.0,12,3,0.000000,s12_p3
1779334807.0,8,4,0.000000,s8_p4
1779334807.0,8,1,0.160684,s8_p1
1779334807.0,8,2,0.038372,s8_p2
1779334807.0,8,3,0.000000,s8_p3
1779334807.0,2,1,0.076806,s2_p1
1779334807.0,2,4,0.043203,s2_p4
1779334807.0,2,2,0.000000,s2_p2
1779334807.0,2,3,0.000000,s2_p3
1779334807.0,20,1,0.239929,s20_p1
1779334807.0,20,4,0.995706,s20_p4
1779334807.0,20,2,0.191943,s20_p2
1779334807.0,20,3,0.215936,s20_p3
1779334807.0,9,1,0.000000,s9_p1
1779334807.0,9,4,0.000000,s9_p4
1779334807.0,9,2,0.076790,s9_p2
1779334807.0,9,3,0.239969,s9_p3
1779334807.0,11,4,0.000000,s11_p4
1779334807.0,11,1,0.000000,s11_p1
1779334807.0,11,2,0.000000,s11_p2
1779334807.0,11,3,0.383903,s11_p3
1779334807.0,19,1,0.000000,s19_p1
1779334807.0,19,4,0.000000,s19_p4
1779334807.0,19,2,0.000000,s19_p2
1779334807.0,19,3,0.000000,s19_p3
1779334807.0,13,1,0.201116,s13_p1
1779334807.0,13,4,0.000000,s13_p4
1779334807.0,13,2,0.000000,s13_p2
1779334807.0,13,3,0.000000,s13_p3
1779334807.0,6,1,0.041169,s6_p1
1779334807.0,6,4,0.038748,s6_p4
1779334807.0,6,2,0.000000,s6_p2
1779334807.0,6,3,0.000000,s6_p3
1779334807.0,15,4,0.000000,s15_p4
1779334807.0,15,1,0.000000,s15_p1
1779334807.0,15,2,0.000000,s15_p2
1779334807.0,15,3,0.860091,s15_p3
1779334807.0,10,4,0.205887,s10_p4
1779334807.0,10,1,0.048444,s10_p1
1779334807.0,10,2,0.000000,s10_p2
1779334807.0,10,3,0.000000,s10_p3
1779334807.0,1,4,0.000000,s1_p4
1779334807.0,1,1,0.048451,s1_p1
1779334807.0,1,2,0.000000,s1_p2
1779334807.0,1,3,0.050874,s1_p3
1779334807.0,14,4,0.193814,s14_p4
1779334807.0,14,1,0.000000,s14_p1
1779334807.0,14,2,0.041186,s14_p2
1779334807.0,14,3,0.000000,s14_p3
1779334807.0,8,4,0.000000,s8_p4
1779334807.0,8,1,0.159904,s8_p1
1779334807.0,8,2,0.038765,s8_p2
1779334807.0,8,3,0.000000,s8_p3
1779334807.0,11,4,0.000000,s11_p4
1779334807.0,11,1,0.000000,s11_p1
1779334807.0,11,2,0.000000,s11_p2
1779334807.0,11,3,0.399662,s11_p3
1779334807.0,7,1,0.000000,s7_p1
1779334807.0,7,4,0.048408,s7_p4
1779334807.0,7,2,0.000000,s7_p2
1779334807.0,7,3,0.171850,s7_p3
1779334807.0,4,4,0.164568,s4_p4
1779334807.0,4,1,0.000000,s4_p1
1779334807.0,4,2,0.000000,s4_p2
1779334807.0,4,3,0.077444,s4_p3
1779334807.0,16,1,0.000000,s16_p1
1779334807.0,16,4,0.242007,s16_p4
1779334807.0,16,2,0.200866,s16_p2
1779334807.0,16,3,0.000000,s16_p3
1779334807.0,20,1,0.242093,s20_p1
1779334807.0,20,4,0.992583,s20_p4
1779334807.0,20,2,0.193675,s20_p2
1779334807.0,20,3,0.205779,s20_p3
1779334807.0,9,1,0.000000,s9_p1
1779334807.0,9,4,0.000000,s9_p4
1779334807.0,9,2,0.079912,s9_p2
1779334807.0,9,3,0.254265,s9_p3
1779334807.0,2,1,0.079884,s2_p1
1779334807.0,2,4,0.041152,s2_p4
1779334807.0,2,2,0.000000,s2_p2
1779334807.0,2,3,0.000000,s2_p3
1779334807.0,3,4,0.041141,s3_p4
1779334807.0,3,1,0.000000,s3_p1
1779334807.0,3,2,0.038721,s3_p2
1779334807.0,3,3,0.000000,s3_p3
1779334807.0,12,4,0.992353,s12_p4
1779334807.0,12,1,0.038726,s12_p1
1779334807.0,12,2,0.000000,s12_p2
1779334807.0,12,3,0.000000,s12_p3
1779334807.0,18,4,0.000000,s18_p4
1779334807.0,18,1,0.000000,s18_p1
1779334807.0,18,2,0.000000,s18_p2
1779334807.0,18,3,0.000000,s18_p3
1779334807.0,5,4,0.000000,s5_p4
1779334807.0,5,1,0.041128,s5_p1
1779334807.0,5,2,0.159672,s5_p2
1779334807.0,5,3,0.000000,s5_p3
1779334807.0,17,1,0.399230,s17_p1
1779334807.0,17,4,0.000000,s17_p4
1779334807.0,17,2,0.000000,s17_p2
1779334807.0,17,3,0.992027,s17_p3
1779334808.0,1,4,0.000000,s1_p4
1779334808.0,1,1,0.048370,s1_p1
1779334808.0,1,2,0.000000,s1_p2
1779334808.0,1,3,0.048370,s1_p3
1779334808.0,14,4,0.193383,s14_p4
1779334808.0,14,1,0.000000,s14_p1
1779334808.0,14,2,0.043511,s14_p2
1779334808.0,14,3,0.000000,s14_p3
1779334808.0,3,4,0.038711,s3_p4
1779334808.0,3,1,0.000000,s3_p1
1779334808.0,3,2,0.038711,s3_p2
1779334808.0,3,3,0.000000,s3_p3
1779334808.0,15,4,0.000000,s15_p4
1779334808.0,15,1,0.000000,s15_p1
1779334808.0,15,2,0.000000,s15_p2
1779334808.0,15,3,0.845894,s15_p3
1779334808.0,8,4,0.000000,s8_p4
1779334808.0,8,1,0.161940,s8_p1
1779334808.0,8,2,0.038672,s8_p2
1779334808.0,8,3,0.000000,s8_p3
1779334808.0,13,1,0.200527,s13_p1
1779334808.0,13,4,0.000000,s13_p4
1779334808.0,13,2,0.000000,s13_p2
1779334808.0,13,3,0.000000,s13_p3
1779334808.0,10,4,0.217454,s10_p4
1779334808.0,10,1,0.048323,s10_p1
1779334808.0,10,2,0.000000,s10_p2
1779334808.0,10,3,0.000000,s10_p3
1779334808.0,4,4,0.164440,s4_p4
1779334808.0,4,1,0.000000,s4_p1
1779334808.0,4,2,0.000000,s4_p2
1779334808.0,4,3,0.079802,s4_p3
1779334808.0,5,4,0.000000,s5_p4
1779334808.0,5,1,0.048363,s5_p1
1779334808.0,5,2,0.152345,s5_p2
1779334808.0,5,3,0.000000,s5_p3
1779334808.0,7,1,0.000000,s7_p1
1779334808.0,7,4,0.048349,s7_p4
1779334808.0,7,2,0.000000,s7_p2
1779334808.0,7,3,0.169220,s7_p3
1779334808.0,20,1,0.241763,s20_p1
1779334808.0,20,4,1.000000,s20_p4
1779334808.0,20,2,0.193411,s20_p2
1779334808.0,20,3,0.217587,s20_p3
1779334808.0,12,4,1.000000,s12_p4
1779334808.0,12,1,0.038679,s12_p1
1779334808.0,12,2,0.000000,s12_p2
1779334808.0,12,3,0.000000,s12_p3
1779334808.0,18,4,0.000000,s18_p4
1779334808.0,18,1,0.000000,s18_p1
1779334808.0,18,2,0.000000,s18_p2
1779334808.0,18,3,0.000000,s18_p3
1779334808.0,16,1,0.000000,s16_p1
1779334808.0,16,4,0.241671,s16_p4
1779334808.0,16,2,0.198170,s16_p2
1779334808.0,16,3,0.000000,s16_p3
1779334808.0,2,1,0.077275,s2_p1
1779334808.0,2,4,0.043467,s2_p4
1779334808.0,2,2,0.000000,s2_p2
1779334808.0,2,3,0.000000,s2_p3
1779334808.0,19,1,0.000000,s19_p1
1779334808.0,19,4,0.000000,s19_p4
1779334808.0,19,2,0.000000,s19_p2
1779334808.0,19,3,0.000000,s19_p3
1779334808.0,17,1,0.386215,s17_p1
1779334808.0,17,4,0.000000,s17_p4
1779334808.0,17,2,0.000000,s17_p2
1779334808.0,17,3,1.000000,s17_p3
1779334808.0,9,1,0.000000,s9_p1
1779334808.0,9,4,0.000000,s9_p4
1779334808.0,9,2,0.077227,s9_p2
1779334808.0,9,3,0.241335,s9_p3
1779334808.0,6,1,0.043394,s6_p1
1779334808.0,6,4,0.038573,s6_p4
1779334808.0,6,2,0.000000,s6_p2
1779334808.0,6,3,0.000000,s6_p3
1779334808.0,11,4,0.000000,s11_p4
1779334808.0,11,1,0.000000,s11_p1
1779334808.0,11,2,0.000000,s11_p2
1779334808.0,11,3,0.386045,s11_p3
1779334808.0,14,4,0.193441,s14_p4
1779334808.0,14,1,0.000000,s14_p1
1779334808.0,14,2,0.041106,s14_p2
1779334808.0,14,3,0.000000,s14_p3
1779334808.0,1,4,0.000000,s1_p4
1779334808.0,1,1,0.048328,s1_p1
1779334808.0,1,2,0.000000,s1_p2
1779334808.0,1,3,0.050744,s1_p3
1779334808.0,6,1,0.041206,s6_p1
1779334808.0,6,4,0.038782,s6_p4
1779334808.0,6,2,0.000000,s6_p2
1779334808.0,6,3,0.000000,s6_p3
1779334808.0,15,4,0.000000,s15_p4
1779334808.0,15,1,0.000000,s15_p1
1779334808.0,15,2,0.000000,s15_p2
1779334808.0,15,3,0.858323,s15_p3
1779334808.0,10,4,0.205419,s10_p4
1779334808.0,10,1,0.048334,s10_p1
1779334808.0,10,2,0.000000,s10_p2
1779334808.0,10,3,0.000000,s10_p3
1779334808.0,20,1,0.241738,s20_p1
1779334808.0,20,4,1.000000,s20_p4
1779334808.0,20,2,0.193391,s20_p2
1779334808.0,20,3,0.205477,s20_p3
1779334808.0,4,4,0.166739,s4_p4
1779334808.0,4,1,0.000000,s4_p1
1779334808.0,4,2,0.000000,s4_p2
1779334808.0,4,3,0.077328,s4_p3
1779334808.0,7,1,0.000000,s7_p1
1779334808.0,7,4,0.048343,s7_p4
1779334808.0,7,2,0.000000,s7_p2
1779334808.0,7,3,0.171618,s7_p3
1779334808.0,19,1,0.000000,s19_p1
1779334808.0,19,4,0.000000,s19_p4
1779334808.0,19,2,0.000000,s19_p2
1779334808.0,19,3,0.000000,s19_p3
1779334808.0,3,4,0.038647,s3_p4
1779334808.0,3,1,0.000000,s3_p1
1779334808.0,3,2,0.038647,s3_p2
1779334808.0,3,3,0.000000,s3_p3
1779334808.0,12,4,1.000000,s12_p4
1779334808.0,12,1,0.038679,s12_p1
1779334808.0,12,2,0.000000,s12_p2
1779334808.0,12,3,0.000000,s12_p3
1779334808.0,8,4,0.000000,s8_p4
1779334808.0,8,1,0.161837,s8_p1
1779334808.0,8,2,0.038648,s8_p2
1779334808.0,8,3,0.000000,s8_p3
1779334808.0,5,4,0.000000,s5_p4
1779334808.0,5,1,0.041086,s5_p1
1779334808.0,5,2,0.159511,s5_p2
1779334808.0,5,3,0.000000,s5_p3
1779334808.0,13,1,0.200528,s13_p1
1779334808.0,13,4,0.000000,s13_p4
1779334808.0,13,2,0.000000,s13_p2
1779334808.0,13,3,0.000000,s13_p3
1779334808.0,17,1,0.387165,s17_p1
1779334808.0,17,4,0.000000,s17_p4
1779334808.0,17,2,0.000000,s17_p2
1779334808.0,17,3,1.000000,s17_p3
1779334808.0,18,4,0.000000,s18_p4
1779334808.0,18,1,0.000000,s18_p1
1779334808.0,18,2,0.000000,s18_p2
1779334808.0,18,3,0.000000,s18_p3
1779334808.0,11,4,0.000000,s11_p4
1779334808.0,11,1,0.000000,s11_p1
1779334808.0,11,2,0.000000,s11_p2
1779334808.0,11,3,0.387134,s11_p3
1779334808.0,9,1,0.000000,s9_p1
1779334808.0,9,4,0.000000,s9_p4
1779334808.0,9,2,0.077421,s9_p2
1779334808.0,9,3,0.254037,s9_p3
1779334808.0,16,1,0.000000,s16_p1
1779334808.0,16,4,0.241575,s16_p4
1779334808.0,16,2,0.200508,s16_p2
1779334808.0,16,3,0.000000,s16_p3
1779334808.0,2,1,0.077366,s2_p1
1779334808.0,2,4,0.041101,s2_p4
1779334808.0,2,2,0.000000,s2_p2
1779334808.0,2,3,0.000000,s2_p3
1779334809.0,19,1,0.000000,s19_p1
1779334809.0,19,4,0.000000,s19_p4
1779334809.0,19,2,0.000000,s19_p2
1779334809.0,19,3,0.000000,s19_p3
1779334809.0,6,1,0.043516,s6_p1
1779334809.0,6,4,0.038681,s6_p4
1779334809.0,6,2,0.000000,s6_p2
1779334809.0,6,3,0.000000,s6_p3
1779334809.0,3,4,0.038701,s3_p4
1779334809.0,3,1,0.000000,s3_p1
1779334809.0,3,2,0.038701,s3_p2
1779334809.0,3,3,0.000000,s3_p3
1779334809.0,15,4,0.000000,s15_p4
1779334809.0,15,1,0.000000,s15_p1
1779334809.0,15,2,0.000000,s15_p2
1779334809.0,15,3,0.845729,s15_p3
1779334809.0,14,4,0.193265,s14_p4
1779334809.0,14,1,0.000000,s14_p1
1779334809.0,14,2,0.043485,s14_p2
1779334809.0,14,3,0.000000,s14_p3
1779334809.0,1,4,0.000000,s1_p4
1779334809.0,1,1,0.048322,s1_p1
1779334809.0,1,2,0.000000,s1_p2
1779334809.0,1,3,0.048322,s1_p3
1779334809.0,10,4,0.217625,s10_p4
1779334809.0,10,1,0.048361,s10_p1
1779334809.0,10,2,0.000000,s10_p2
1779334809.0,10,3,0.000000,s10_p3
1779334809.0,8,4,0.000000,s8_p4
1779334809.0,8,1,0.162005,s8_p1
1779334809.0,8,2,0.038688,s8_p2
1779334809.0,8,3,0.000000,s8_p3
1779334809.0,7,1,0.000000,s7_p1
1779334809.0,7,4,0.048353,s7_p4
1779334809.0,7,2,0.000000,s7_p2
1779334809.0,7,3,0.169235,s7_p3
1779334809.0,13,1,0.200682,s13_p1
1779334809.0,13,4,0.000000,s13_p4
1779334809.0,13,2,0.000000,s13_p2
1779334809.0,13,3,0.000000,s13_p3
1779334809.0,20,1,0.241669,s20_p1
1779334809.0,20,4,1.000000,s20_p4
1779334809.0,20,2,0.193335,s20_p2
1779334809.0,20,3,0.217502,s20_p3
1779334809.0,4,4,0.164329,s4_p4
1779334809.0,4,1,0.000000,s4_p1
1779334809.0,4,2,0.000000,s4_p2
1779334809.0,4,3,0.077332,s4_p3
1779334809.0,2,1,0.077410,s2_p1
1779334809.0,2,4,0.043543,s2_p4
1779334809.0,2,2,0.000000,s2_p2
1779334809.0,2,3,0.000000,s2_p3
1779334809.0,12,4,1.000000,s12_p4
1779334809.0,12,1,0.038667,s12_p1
1779334809.0,12,2,0.000000,s12_p2
1779334809.0,12,3,0.000000,s12_p3
1779334809.0,17,1,0.386716,s17_p1
1779334809.0,17,4,0.000000,s17_p4
1779334809.0,17,2,0.000000,s17_p2
1779334809.0,17,3,1.000000,s17_p3
1779334809.0,11,4,0.000000,s11_p4
1779334809.0,11,1,0.000000,s11_p1
1779334809.0,11,2,0.000000,s11_p2
1779334809.0,11,3,0.386749,s11_p3
1779334809.0,16,1,0.000000,s16_p1
1779334809.0,16,4,0.241735,s16_p4
1779334809.0,16,2,0.200640,s16_p2
1779334809.0,16,3,0.000000,s16_p3
1779334809.0,5,4,0.000000,s5_p4
1779334809.0,5,1,0.043473,s5_p1
1779334809.0,5,2,0.156987,s5_p2
1779334809.0,5,3,0.000000,s5_p3
1779334809.0,18,4,0.000000,s18_p4
1779334809.0,18,1,0.000000,s18_p1
1779334809.0,18,2,0.000000,s18_p2
1779334809.0,18,3,0.000000,s18_p3
1779334809.0,9,1,0.000000,s9_p1
1779334809.0,9,4,0.000000,s9_p4
1779334809.0,9,2,0.077333,s9_p2
1779334809.0,9,3,0.241664,s9_p3
1779334809.0,19,1,0.000000,s19_p1
1779334809.0,19,4,0.000000,s19_p4
1779334809.0,19,2,0.000000,s19_p2
1779334809.0,19,3,0.000000,s19_p3
1779334809.0,1,4,0.000000,s1_p4
1779334809.0,1,1,0.048344,s1_p1
1779334809.0,1,2,0.000000,s1_p2
1779334809.0,1,3,0.050761,s1_p3
1779334809.0,3,4,0.038668,s3_p4
1779334809.0,3,1,0.000000,s3_p1
1779334809.0,3,2,0.038668,s3_p2
1779334809.0,3,3,0.000000,s3_p3
1779334809.0,6,1,0.041065,s6_p1
1779334809.0,6,4,0.038649,s6_p4
1779334809.0,6,2,0.000000,s6_p2
1779334809.0,6,3,0.000000,s6_p3
1779334809.0,14,4,0.193348,s14_p4
1779334809.0,14,1,0.000000,s14_p1
1779334809.0,14,2,0.041086,s14_p2
1779334809.0,14,3,0.000000,s14_p3
1779334809.0,10,4,0.205436,s10_p4
1779334809.0,10,1,0.048338,s10_p1
1779334809.0,10,2,0.000000,s10_p2
1779334809.0,10,3,0.000000,s10_p3
1779334809.0,4,4,0.164390,s4_p4
1779334809.0,4,1,0.000000,s4_p1
1779334809.0,4,2,0.000000,s4_p2
1779334809.0,4,3,0.077360,s4_p3
1779334809.0,7,1,0.000000,s7_p1
1779334809.0,7,4,0.048328,s7_p4
1779334809.0,7,2,0.000000,s7_p2
1779334809.0,7,3,0.171565,s7_p3
1779334809.0,20,1,0.241711,s20_p1
1779334809.0,20,4,1.000000,s20_p4
1779334809.0,20,2,0.193369,s20_p2
1779334809.0,20,3,0.205455,s20_p3
1779334809.0,8,4,0.000000,s8_p4
1779334809.0,8,1,0.161881,s8_p1
1779334809.0,8,2,0.038658,s8_p2
1779334809.0,8,3,0.000000,s8_p3
1779334809.0,13,1,0.198137,s13_p1
1779334809.0,13,4,0.000000,s13_p4
1779334809.0,13,2,0.000000,s13_p2
1779334809.0,13,3,0.000000,s13_p3
1779334809.0,15,4,0.000000,s15_p4
1779334809.0,15,1,0.000000,s15_p1
1779334809.0,15,2,0.000000,s15_p2
1779334809.0,15,3,0.857418,s15_p3
1779334809.0,5,4,0.000000,s5_p4
1779334809.0,5,1,0.048357,s5_p1
1779334809.0,5,2,0.149905,s5_p2
1779334809.0,5,3,0.000000,s5_p3
1779334809.0,12,4,1.000000,s12_p4
1779334809.0,12,1,0.038657,s12_p1
1779334809.0,12,2,0.000000,s12_p2
1779334809.0,12,3,0.000000,s12_p3
1779334809.0,17,1,0.386765,s17_p1
1779334809.0,17,4,0.000000,s17_p4
1779334809.0,17,2,0.000000,s17_p2
1779334809.0,17,3,0.991085,s17_p3
1779334809.0,16,1,0.000000,s16_p1
1779334809.0,16,4,0.241745,s16_p4
1779334809.0,16,2,0.200649,s16_p2
1779334809.0,16,3,0.000000,s16_p3
1779334809.0,2,1,0.077306,s2_p1
1779334809.0,2,4,0.041069,s2_p4
1779334809.0,2,2,0.000000,s2_p2
1779334809.0,2,3,0.000000,s2_p3
1779334809.0,18,4,0.000000,s18_p4
1779334809.0,18,1,0.000000,s18_p1
1779334809.0,18,2,0.000000,s18_p2
1779334809.0,18,3,0.000000,s18_p3
1779334809.0,11,4,0.000000,s11_p4
1779334809.0,11,1,0.000000,s11_p1
1779334809.0,11,2,0.000000,s11_p2
1779334809.0,11,3,0.386695,s11_p3
1779334809.0,9,1,0.000000,s9_p1
1779334809.0,9,4,0.000000,s9_p4
1779334809.0,9,2,0.077355,s9_p2
1779334809.0,9,3,0.253820,s9_p3
1779334810.0,1,4,0.000000,s1_p4
1779334810.0,1,1,0.048204,s1_p1
1779334810.0,1,2,0.000000,s1_p2
1779334810.0,1,3,0.050614,s1_p3
1779334810.0,8,4,0.000000,s8_p4
1779334810.0,8,1,0.159166,s8_p1
1779334810.0,8,2,0.038586,s8_p2
1779334810.0,8,3,0.000000,s8_p3
1779334810.0,3,4,0.038560,s3_p4
1779334810.0,3,1,0.000000,s3_p1
1779334810.0,3,2,0.038560,s3_p2
1779334810.0,3,3,0.000000,s3_p3
1779334810.0,15,4,0.000000,s15_p4
1779334810.0,15,1,0.000000,s15_p1
1779334810.0,15,2,0.000000,s15_p2
1779334810.0,15,3,0.843653,s15_p3
1779334810.0,6,1,0.040949,s6_p1
1779334810.0,6,4,0.038540,s6_p4
1779334810.0,6,2,0.000000,s6_p2
1779334810.0,6,3,0.000000,s6_p3
1779334810.0,14,4,0.192698,s14_p4
1779334810.0,14,1,0.000000,s14_p1
1779334810.0,14,2,0.040948,s14_p2
1779334810.0,14,3,0.000000,s14_p3
1779334810.0,10,4,0.204736,s10_p4
1779334810.0,10,1,0.048173,s10_p1
1779334810.0,10,2,0.000000,s10_p2
1779334810.0,10,3,0.000000,s10_p3
1779334810.0,12,4,1.000000,s12_p4
1779334810.0,12,1,0.038578,s12_p1
1779334810.0,12,2,0.000000,s12_p2
1779334810.0,12,3,0.000000,s12_p3
1779334810.0,19,1,0.000000,s19_p1
1779334810.0,19,4,0.000000,s19_p4
1779334810.0,19,2,0.000000,s19_p2
1779334810.0,19,3,0.000000,s19_p3
1779334810.0,20,1,0.240965,s20_p1
1779334810.0,20,4,1.000000,s20_p4
1779334810.0,20,2,0.192772,s20_p2
1779334810.0,20,3,0.204820,s20_p3
1779334810.0,11,4,0.000000,s11_p4
1779334810.0,11,1,0.000000,s11_p1
1779334810.0,11,2,0.000000,s11_p2
1779334810.0,11,3,0.385723,s11_p3
1779334810.0,17,1,0.385607,s17_p1
1779334810.0,17,4,0.000000,s17_p4
1779334810.0,17,2,0.000000,s17_p2
1779334810.0,17,3,1.000000,s17_p3
1779334810.0,9,1,0.000000,s9_p1
1779334810.0,9,4,0.000000,s9_p4
1779334810.0,9,2,0.077142,s9_p2
1779334810.0,9,3,0.253123,s9_p3
1779334810.0,16,1,0.000000,s16_p1
1779334810.0,16,4,0.240997,s16_p4
1779334810.0,16,2,0.200028,s16_p2
1779334810.0,16,3,0.000000,s16_p3
1779334810.0,2,1,0.077115,s2_p1
1779334810.0,2,4,0.040968,s2_p4
1779334810.0,2,2,0.000000,s2_p2
1779334810.0,2,3,0.000000,s2_p3
1779334810.0,7,1,0.000000,s7_p1
1779334810.0,7,4,0.048156,s7_p4
1779334810.0,7,2,0.000000,s7_p2
1779334810.0,7,3,0.168545,s7_p3
1779334810.0,13,1,0.199851,s13_p1
1779334810.0,13,4,0.000000,s13_p4
1779334810.0,13,2,0.000000,s13_p2
1779334810.0,13,3,0.000000,s13_p3
1779334810.0,4,4,0.166094,s4_p4
1779334810.0,4,1,0.000000,s4_p1
1779334810.0,4,2,0.000000,s4_p2
1779334810.0,4,3,0.077029,s4_p3
1779334810.0,5,4,0.000000,s5_p4
1779334810.0,5,1,0.038524,s5_p1
1779334810.0,5,2,0.161319,s5_p2
1779334810.0,5,3,0.000000,s5_p3
1779334810.0,18,4,0.000000,s18_p4
1779334810.0,18,1,0.000000,s18_p1
1779334810.0,18,2,0.000000,s18_p2
1779334810.0,18,3,0.000000,s18_p3
1779334810.0,7,1,0.000000,s7_p1
1779334810.0,7,4,0.048278,s7_p4
1779334810.0,7,2,0.000000,s7_p2
1779334810.0,7,3,0.171387,s7_p3
1779334810.0,13,1,0.200330,s13_p1
1779334810.0,13,4,0.000000,s13_p4
1779334810.0,13,2,0.000000,s13_p2
1779334810.0,13,3,0.000000,s13_p3
1779334810.0,1,4,0.000000,s1_p4
1779334810.0,1,1,0.048187,s1_p1
1779334810.0,1,2,0.000000,s1_p2
1779334810.0,1,3,0.048187,s1_p3
1779334810.0,14,4,0.192886,s14_p4
1779334810.0,14,1,0.000000,s14_p1
1779334810.0,14,2,0.043399,s14_p2
1779334810.0,14,3,0.000000,s14_p3
1779334810.0,8,4,0.000000,s8_p4
1779334810.0,8,1,0.161438,s8_p1
1779334810.0,8,2,0.038552,s8_p2
1779334810.0,8,3,0.000000,s8_p3
1779334810.0,3,4,0.038553,s3_p4
1779334810.0,3,1,0.000000,s3_p1
1779334810.0,3,2,0.038553,s3_p2
1779334810.0,3,3,0.000000,s3_p3
1779334810.0,15,4,0.000000,s15_p4
1779334810.0,15,1,0.000000,s15_p1
1779334810.0,15,2,0.000000,s15_p2
1779334810.0,15,3,0.855784,s15_p3
1779334810.0,6,1,0.043393,s6_p1
1779334810.0,6,4,0.038572,s6_p4
1779334810.0,6,2,0.000000,s6_p2
1779334810.0,6,3,0.000000,s6_p3
1779334810.0,10,4,0.216977,s10_p4
1779334810.0,10,1,0.048217,s10_p1
1779334810.0,10,2,0.000000,s10_p2
1779334810.0,10,3,0.000000,s10_p3
1779334810.0,11,4,0.000000,s11_p4
1779334810.0,11,1,0.000000,s11_p1
1779334810.0,11,2,0.000000,s11_p2
1779334810.0,11,3,0.385604,s11_p3
1779334810.0,16,1,0.000000,s16_p1
1779334810.0,16,4,0.241008,s16_p4
1779334810.0,16,2,0.200037,s16_p2
1779334810.0,16,3,0.000000,s16_p3
1779334810.0,20,1,0.240883,s20_p1
1779334810.0,20,4,0.987620,s20_p4
1779334810.0,20,2,0.192706,s20_p2
1779334810.0,20,3,0.216795,s20_p3
1779334810.0,2,1,0.077122,s2_p1
1779334810.0,2,4,0.043381,s2_p4
1779334810.0,2,2,0.000000,s2_p2
1779334810.0,2,3,0.000000,s2_p3
1779334810.0,17,1,0.385555,s17_p1
1779334810.0,17,4,0.000000,s17_p4
1779334810.0,17,2,0.000000,s17_p2
1779334810.0,17,3,1.000000,s17_p3
1779334810.0,4,4,0.163942,s4_p4
1779334810.0,4,1,0.000000,s4_p1
1779334810.0,4,2,0.000000,s4_p2
1779334810.0,4,3,0.077149,s4_p3
1779334810.0,5,4,0.000000,s5_p4
1779334810.0,5,1,0.045821,s5_p1
1779334810.0,5,2,0.154343,s5_p2
1779334810.0,5,3,0.000000,s5_p3
1779334810.0,12,4,0.987375,s12_p4
1779334810.0,12,1,0.038532,s12_p1
1779334810.0,12,2,0.000000,s12_p2
1779334810.0,12,3,0.000000,s12_p3
1779334810.0,18,4,0.000000,s18_p4
1779334810.0,18,1,0.000000,s18_p1
1779334810.0,18,2,0.000000,s18_p2
1779334810.0,18,3,0.000000,s18_p3
1779334810.0,9,1,0.000000,s9_p1
1779334810.0,9,4,0.000000,s9_p4
1779334810.0,9,2,0.077090,s9_p2
1779334810.0,9,3,0.240905,s9_p3
1779334810.0,19,1,0.000000,s19_p1
1779334810.0,19,4,0.000000,s19_p4
1779334810.0,19,2,0.000000,s19_p2
1779334810.0,19,3,0.000000,s19_p3
1779334811.0,19,1,0.000000,s19_p1
1779334811.0,19,4,0.000000,s19_p4
1779334811.0,19,2,0.000000,s19_p2
1779334811.0,19,3,0.000000,s19_p3
1779334811.0,6,1,0.041142,s6_p1
1779334811.0,6,4,0.038722,s6_p4
1779334811.0,6,2,0.000000,s6_p2
1779334811.0,6,3,0.000000,s6_p3
1779334811.0,1,4,0.000000,s1_p4
1779334811.0,1,1,0.050812,s1_p1
1779334811.0,1,2,0.000000,s1_p2
1779334811.0,1,3,0.050812,s1_p3
1779334811.0,14,4,0.193500,s14_p4
1779334811.0,14,1,0.000000,s14_p1
1779334811.0,14,2,0.041119,s14_p2
1779334811.0,14,3,0.000000,s14_p3
1779334811.0,3,4,0.038699,s3_p4
1779334811.0,3,1,0.000000,s3_p1
1779334811.0,3,2,0.038699,s3_p2
1779334811.0,3,3,0.000000,s3_p3
1779334811.0,8,4,0.000000,s8_p4
1779334811.0,8,1,0.162044,s8_p1
1779334811.0,8,2,0.038697,s8_p2
1779334811.0,8,3,0.000000,s8_p3
1779334811.0,10,4,0.205596,s10_p4
1779334811.0,10,1,0.050794,s10_p1
1779334811.0,10,2,0.000000,s10_p2
1779334811.0,10,3,0.000000,s10_p3
1779334811.0,15,4,0.000000,s15_p4
1779334811.0,15,1,0.000000,s15_p1
1779334811.0,15,2,0.000000,s15_p2
1779334811.0,15,3,0.858573,s15_p3
1779334811.0,7,1,0.000000,s7_p1
1779334811.0,7,4,0.050750,s7_p4
1779334811.0,7,2,0.000000,s7_p2
1779334811.0,7,3,0.171585,s7_p3
1779334811.0,5,4,0.000000,s5_p4
1779334811.0,5,1,0.045983,s5_p1
1779334811.0,5,2,0.154888,s5_p2
1779334811.0,5,3,0.000000,s5_p3
1779334811.0,20,1,0.254071,s20_p1
1779334811.0,20,4,1.000000,s20_p4
1779334811.0,20,2,0.193578,s20_p2
1779334811.0,20,3,0.205677,s20_p3
1779334811.0,4,4,0.164551,s4_p4
1779334811.0,4,1,0.000000,s4_p1
1779334811.0,4,2,0.000000,s4_p2
1779334811.0,4,3,0.079855,s4_p3
1779334811.0,13,1,0.200589,s13_p1
1779334811.0,13,4,0.000000,s13_p4
1779334811.0,13,2,0.000000,s13_p2
1779334811.0,13,3,0.000000,s13_p3
1779334811.0,17,1,0.399099,s17_p1
1779334811.0,17,4,0.000000,s17_p4
1779334811.0,17,2,0.000000,s17_p2
1779334811.0,17,3,1.000000,s17_p3
1779334811.0,18,4,0.000000,s18_p4
1779334811.0,18,1,0.000000,s18_p1
1779334811.0,18,2,0.000000,s18_p2
1779334811.0,18,3,0.000000,s18_p3
1779334811.0,2,1,0.079811,s2_p1
1779334811.0,2,4,0.041115,s2_p4
1779334811.0,2,2,0.000000,s2_p2
1779334811.0,2,3,0.000000,s2_p3
1779334811.0,16,1,0.000000,s16_p1
1779334811.0,16,4,0.253918,s16_p4
1779334811.0,16,2,0.198298,s16_p2
1779334811.0,16,3,0.000000,s16_p3
1779334811.0,12,4,1.000000,s12_p4
1779334811.0,12,1,0.038700,s12_p1
1779334811.0,12,2,0.000000,s12_p2
1779334811.0,12,3,0.000000,s12_p3
1779334811.0,9,1,0.000000,s9_p1
1779334811.0,9,4,0.000000,s9_p4
1779334811.0,9,2,0.079818,s9_p2
1779334811.0,9,3,0.253967,s9_p3
1779334811.0,11,4,0.000000,s11_p4
1779334811.0,11,1,0.000000,s11_p1
1779334811.0,11,2,0.000000,s11_p2
1779334811.0,11,3,0.398874,s11_p3
1779334811.0,6,1,0.043451,s6_p1
1779334811.0,6,4,0.038623,s6_p4
1779334811.0,6,2,0.000000,s6_p2
1779334811.0,6,3,0.000000,s6_p3
1779334811.0,1,4,0.000000,s1_p4
1779334811.0,1,1,0.048266,s1_p1
1779334811.0,1,2,0.000000,s1_p2
1779334811.0,1,3,0.048266,s1_p3
1779334811.0,8,4,0.000000,s8_p4
1779334811.0,8,1,0.161584,s8_p1
1779334811.0,8,2,0.038587,s8_p2
1779334811.0,8,3,0.000000,s8_p3
1779334811.0,3,4,0.038582,s3_p4
1779334811.0,3,1,0.000000,s3_p1
1779334811.0,3,2,0.038582,s3_p2
1779334811.0,3,3,0.000000,s3_p3
1779334811.0,15,4,0.000000,s15_p4
1779334811.0,15,1,0.000000,s15_p1
1779334811.0,15,2,0.000000,s15_p2
1779334811.0,15,3,0.843921,s15_p3
1779334811.0,13,1,0.200235,s13_p1
1779334811.0,13,4,0.000000,s13_p4
1779334811.0,13,2,0.000000,s13_p2
1779334811.0,13,3,0.000000,s13_p3
1779334811.0,14,4,0.192842,s14_p4
1779334811.0,14,1,0.000000,s14_p1
1779334811.0,14,2,0.043390,s14_p2
1779334811.0,14,3,0.000000,s14_p3
1779334811.0,10,4,0.216961,s10_p4
1779334811.0,10,1,0.048213,s10_p1
1779334811.0,10,2,0.000000,s10_p2
1779334811.0,10,3,0.000000,s10_p3
1779334811.0,17,1,0.385603,s17_p1
1779334811.0,17,4,0.000000,s17_p4
1779334811.0,17,2,0.000000,s17_p2
1779334811.0,17,3,1.000000,s17_p3
1779334811.0,12,4,1.000000,s12_p4
1779334811.0,12,1,0.038561,s12_p1
1779334811.0,12,2,0.000000,s12_p2
1779334811.0,12,3,0.000000,s12_p3
1779334811.0,2,1,0.077117,s2_p1
1779334811.0,2,4,0.043378,s2_p4
1779334811.0,2,2,0.000000,s2_p2
1779334811.0,2,3,0.000000,s2_p3
1779334811.0,5,4,0.000000,s5_p4
1779334811.0,5,1,0.043353,s5_p1
1779334811.0,5,2,0.156551,s5_p2
1779334811.0,5,3,0.000000,s5_p3
1779334811.0,4,4,0.166191,s4_p4
1779334811.0,4,1,0.000000,s4_p1
1779334811.0,4,2,0.000000,s4_p2
1779334811.0,4,3,0.077074,s4_p3
1779334811.0,7,1,0.000000,s7_p1
1779334811.0,7,4,0.048164,s7_p4
1779334811.0,7,2,0.000000,s7_p2
1779334811.0,7,3,0.168574,s7_p3
1779334811.0,11,4,0.000000,s11_p4
1779334811.0,11,1,0.000000,s11_p1
1779334811.0,11,2,0.000000,s11_p2
1779334811.0,11,3,0.385663,s11_p3
1779334811.0,9,1,0.000000,s9_p1
1779334811.0,9,4,0.000000,s9_p4
1779334811.0,9,2,0.077127,s9_p2
1779334811.0,9,3,0.241021,s9_p3
1779334811.0,16,1,0.000000,s16_p1
1779334811.0,16,4,0.240965,s16_p4
1779334811.0,16,2,0.200001,s16_p2
1779334811.0,16,3,0.000000,s16_p3
1779334811.0,20,1,0.240825,s20_p1
1779334811.0,20,4,0.999423,s20_p4
1779334811.0,20,2,0.192660,s20_p2
1779334811.0,20,3,0.216742,s20_p3
1779334811.0,18,4,0.000000,s18_p4
1779334811.0,18,1,0.000000,s18_p1
1779334811.0,18,2,0.000000,s18_p2
1779334811.0,18,3,0.000000,s18_p3
1779334811.0,19,1,0.000000,s19_p1
1779334811.0,19,4,0.000000,s19_p4
1779334811.0,19,2,0.000000,s19_p2
1779334811.0,19,3,0.000000,s19_p3
1779334812.0,19,1,0.000000,s19_p1
1779334812.0,19,4,0.000000,s19_p4
1779334812.0,19,2,0.000000,s19_p2
1779334812.0,19,3,0.000000,s19_p3
1779334812.0,3,4,0.038737,s3_p4
1779334812.0,3,1,0.000000,s3_p1
1779334812.0,3,2,0.041159,s3_p2
1779334812.0,3,3,0.000000,s3_p3
1779334812.0,14,4,0.205829,s14_p4
1779334812.0,14,1,0.000000,s14_p1
1779334812.0,14,2,0.041166,s14_p2
1779334812.0,14,3,0.000000,s14_p3
1779334812.0,6,1,0.041087,s6_p1
1779334812.0,6,4,0.041087,s6_p4
1779334812.0,6,2,0.000000,s6_p2
1779334812.0,6,3,0.000000,s6_p3
1779334812.0,1,4,0.000000,s1_p4
1779334812.0,1,1,0.048352,s1_p1
1779334812.0,1,2,0.000000,s1_p2
1779334812.0,1,3,0.050769,s1_p3
1779334812.0,20,1,0.242418,s20_p1
1779334812.0,20,4,1.000000,s20_p4
1779334812.0,20,2,0.206055,s20_p2
1779334812.0,20,3,0.206055,s20_p3
1779334812.0,4,4,0.164796,s4_p4
1779334812.0,4,1,0.000000,s4_p1
1779334812.0,4,2,0.000000,s4_p2
1779334812.0,4,3,0.077551,s4_p3
1779334812.0,15,4,0.000000,s15_p4
1779334812.0,15,1,0.000000,s15_p1
1779334812.0,15,2,0.000000,s15_p2
1779334812.0,15,3,0.858879,s15_p3
1779334812.0,8,4,0.000000,s8_p4
1779334812.0,8,1,0.159630,s8_p1
1779334812.0,8,2,0.041117,s8_p2
1779334812.0,8,3,0.000000,s8_p3
1779334812.0,13,1,0.200807,s13_p1
1779334812.0,13,4,0.000000,s13_p4
1779334812.0,13,2,0.000000,s13_p2
1779334812.0,13,3,0.000000,s13_p3
1779334812.0,10,4,0.205662,s10_p4
1779334812.0,10,1,0.048391,s10_p1
1779334812.0,10,2,0.000000,s10_p2
1779334812.0,10,3,0.000000,s10_p3
1779334812.0,7,1,0.000000,s7_p1
1779334812.0,7,4,0.048444,s7_p4
1779334812.0,7,2,0.000000,s7_p2
1779334812.0,7,3,0.171975,s7_p3
1779334812.0,2,1,0.077500,s2_p1
1779334812.0,2,4,0.041172,s2_p4
1779334812.0,2,2,0.000000,s2_p2
1779334812.0,2,3,0.000000,s2_p3
1779334812.0,16,1,0.000000,s16_p1
1779334812.0,16,4,0.242206,s16_p4
1779334812.0,16,2,0.201031,s16_p2
1779334812.0,16,3,0.000000,s16_p3
1779334812.0,12,4,1.000000,s12_p4
1779334812.0,12,1,0.041166,s12_p1
1779334812.0,12,2,0.000000,s12_p2
1779334812.0,12,3,0.000000,s12_p3
1779334812.0,11,4,0.000000,s11_p4
1779334812.0,11,1,0.000000,s11_p1
1779334812.0,11,2,0.000000,s11_p2
1779334812.0,11,3,0.387469,s11_p3
1779334812.0,17,1,0.387246,s17_p1
1779334812.0,17,4,0.000000,s17_p4
1779334812.0,17,2,0.000000,s17_p2
1779334812.0,17,3,1.000000,s17_p3
1779334812.0,9,1,0.000000,s9_p1
1779334812.0,9,4,0.000000,s9_p4
1779334812.0,9,2,0.077462,s9_p2
1779334812.0,9,3,0.254171,s9_p3
1779334812.0,18,4,0.000000,s18_p4
1779334812.0,18,1,0.000000,s18_p1
1779334812.0,18,2,0.000000,s18_p2
1779334812.0,18,3,0.000000,s18_p3
1779334812.0,5,4,0.000000,s5_p4
1779334812.0,5,1,0.045987,s5_p1
1779334812.0,5,2,0.154902,s5_p2
1779334812.0,5,3,0.000000,s5_p3
1779334812.0,19,1,0.000000,s19_p1
1779334812.0,19,4,0.000000,s19_p4
1779334812.0,19,2,0.000000,s19_p2
1779334812.0,19,3,0.000000,s19_p3
1779334812.0,14,4,0.192893,s14_p4
1779334812.0,14,1,0.000000,s14_p1
1779334812.0,14,2,0.043401,s14_p2
1779334812.0,14,3,0.000000,s14_p3
1779334812.0,15,4,0.000000,s15_p4
1779334812.0,15,1,0.000000,s15_p1
1779334812.0,15,2,0.000000,s15_p2
1779334812.0,15,3,0.844428,s15_p3
1779334812.0,6,1,0.043393,s6_p1
1779334812.0,6,4,0.038572,s6_p4
1779334812.0,6,2,0.000000,s6_p2
1779334812.0,6,3,0.000000,s6_p3
1779334812.0,1,4,0.000000,s1_p4
1779334812.0,1,1,0.048216,s1_p1
1779334812.0,1,2,0.000000,s1_p2
1779334812.0,1,3,0.048216,s1_p3
1779334812.0,20,1,0.240912,s20_p1
1779334812.0,20,4,0.999785,s20_p4
1779334812.0,20,2,0.192730,s20_p2
1779334812.0,20,3,0.216821,s20_p3
1779334812.0,8,4,0.000000,s8_p4
1779334812.0,8,1,0.161428,s8_p1
1779334812.0,8,2,0.038550,s8_p2
1779334812.0,8,3,0.000000,s8_p3
1779334812.0,4,4,0.163821,s4_p4
1779334812.0,4,1,0.000000,s4_p1
1779334812.0,4,2,0.000000,s4_p2
1779334812.0,4,3,0.077092,s4_p3
1779334812.0,12,4,1.000000,s12_p4
1779334812.0,12,1,0.038573,s12_p1
1779334812.0,12,2,0.000000,s12_p2
1779334812.0,12,3,0.000000,s12_p3
1779334812.0,5,4,0.000000,s5_p4
1779334812.0,5,1,0.043417,s5_p1
1779334812.0,5,2,0.154371,s5_p2
1779334812.0,5,3,0.000000,s5_p3
1779334812.0,3,4,0.038511,s3_p4
1779334812.0,3,1,0.000000,s3_p1
1779334812.0,3,2,0.038511,s3_p2
1779334812.0,3,3,0.000000,s3_p3
1779334812.0,10,4,0.216831,s10_p4
1779334812.0,10,1,0.048185,s10_p1
1779334812.0,10,2,0.000000,s10_p2
1779334812.0,10,3,0.000000,s10_p3
1779334812.0,13,1,0.197544,s13_p1
1779334812.0,13,4,0.000000,s13_p4
1779334812.0,13,2,0.000000,s13_p2
1779334812.0,13,3,0.000000,s13_p3
1779334812.0,7,1,0.000000,s7_p1
1779334812.0,7,4,0.048203,s7_p4
1779334812.0,7,2,0.000000,s7_p2
1779334812.0,7,3,0.168709,s7_p3
1779334812.0,18,4,0.000000,s18_p4
1779334812.0,18,1,0.000000,s18_p1
1779334812.0,18,2,0.000000,s18_p2
1779334812.0,18,3,0.000000,s18_p3
1779334812.0,17,1,0.385656,s17_p1
1779334812.0,17,4,0.000000,s17_p4
1779334812.0,17,2,0.000000,s17_p2
1779334812.0,17,3,1.000000,s17_p3
1779334812.0,2,1,0.077089,s2_p1
1779334812.0,2,4,0.043362,s2_p4
1779334812.0,2,2,0.000000,s2_p2
1779334812.0,2,3,0.000000,s2_p3
1779334812.0,11,4,0.000000,s11_p4
1779334812.0,11,1,0.000000,s11_p1
1779334812.0,11,2,0.000000,s11_p2
1779334812.0,11,3,0.385481,s11_p3
1779334812.0,9,1,0.000000,s9_p1
1779334812.0,9,4,0.000000,s9_p4
1779334812.0,9,2,0.077127,s9_p2
1779334812.0,9,3,0.241021,s9_p3
1779334812.0,16,1,0.000000,s16_p1
1779334812.0,16,4,0.240877,s16_p4
1779334812.0,16,2,0.199928,s16_p2
1779334812.0,16,3,0.000000,s16_p3
1779334813.0,6,1,0.041158,s6_p1
1779334813.0,6,4,0.038737,s6_p4
1779334813.0,6,2,0.000000,s6_p2
1779334813.0,6,3,0.000000,s6_p3
1779334813.0,1,4,0.000000,s1_p4
1779334813.0,1,1,0.048414,s1_p1
1779334813.0,1,2,0.000000,s1_p2
1779334813.0,1,3,0.050835,s1_p3
1779334813.0,3,4,0.038759,s3_p4
1779334813.0,3,1,0.000000,s3_p1
1779334813.0,3,2,0.038759,s3_p2
1779334813.0,3,3,0.000000,s3_p3
1779334813.0,10,4,0.205891,s10_p4
1779334813.0,10,1,0.048445,s10_p1
1779334813.0,10,2,0.000000,s10_p2
1779334813.0,10,3,0.000000,s10_p3
1779334813.0,13,1,0.201041,s13_p1
1779334813.0,13,4,0.000000,s13_p4
1779334813.0,13,2,0.000000,s13_p2
1779334813.0,13,3,0.000000,s13_p3
1779334813.0,15,4,0.000000,s15_p4
1779334813.0,15,1,0.000000,s15_p1
1779334813.0,15,2,0.000000,s15_p2
1779334813.0,15,3,0.858519,s15_p3
1779334813.0,14,4,0.193432,s14_p4
1779334813.0,14,1,0.000000,s14_p1
1779334813.0,14,2,0.041104,s14_p2
1779334813.0,14,3,0.000000,s14_p3
1779334813.0,7,1,0.000000,s7_p1
1779334813.0,7,4,0.048413,s7_p4
1779334813.0,7,2,0.000000,s7_p2
1779334813.0,7,3,0.171867,s7_p3
1779334813.0,8,4,0.000000,s8_p4
1779334813.0,8,1,0.159725,s8_p1
1779334813.0,8,2,0.038721,s8_p2
1779334813.0,8,3,0.000000,s8_p3
1779334813.0,4,4,0.166986,s4_p4
1779334813.0,4,1,0.000000,s4_p1
1779334813.0,4,2,0.000000,s4_p2
1779334813.0,4,3,0.077443,s4_p3
1779334813.0,5,4,0.000000,s5_p4
1779334813.0,5,1,0.041143,s5_p1
1779334813.0,5,2,0.159730,s5_p2
1779334813.0,5,3,0.000000,s5_p3
1779334813.0,20,1,0.241955,s20_p1
1779334813.0,20,4,0.992014,s20_p4
1779334813.0,20,2,0.193564,s20_p2
1779334813.0,20,3,0.205662,s20_p3
1779334813.0,12,4,0.991757,s12_p4
1779334813.0,12,1,0.038703,s12_p1
1779334813.0,12,2,0.000000,s12_p2
1779334813.0,12,3,0.000000,s12_p3
1779334813.0,17,1,0.387232,s17_p1
1779334813.0,17,4,0.000000,s17_p4
1779334813.0,17,2,0.000000,s17_p2
1779334813.0,17,3,0.992283,s17_p3
1779334813.0,9,1,0.000000,s9_p1
1779334813.0,9,4,0.000000,s9_p4
1779334813.0,9,2,0.077454,s9_p2
1779334813.0,9,3,0.254146,s9_p3
1779334813.0,16,1,0.000000,s16_p1
1779334813.0,16,4,0.242035,s16_p4
1779334813.0,16,2,0.200889,s16_p2
1779334813.0,16,3,0.000000,s16_p3
1779334813.0,18,4,0.000000,s18_p4
1779334813.0,18,1,0.000000,s18_p1
1779334813.0,18,2,0.000000,s18_p2
1779334813.0,18,3,0.000000,s18_p3
1779334813.0,2,1,0.077433,s2_p1
1779334813.0,2,4,0.041136,s2_p4
1779334813.0,2,2,0.000000,s2_p2
1779334813.0,2,3,0.000000,s2_p3
1779334813.0,11,4,0.000000,s11_p4
1779334813.0,11,1,0.000000,s11_p1
1779334813.0,11,2,0.000000,s11_p2
1779334813.0,11,3,0.387171,s11_p3
1779334813.0,19,1,0.000000,s19_p1
1779334813.0,19,4,0.000000,s19_p4
1779334813.0,19,2,0.000000,s19_p2
1779334813.0,19,3,0.000000,s19_p3
1779334813.0,3,4,0.038657,s3_p4
1779334813.0,3,1,0.000000,s3_p1
1779334813.0,3,2,0.038657,s3_p2
1779334813.0,3,3,0.000000,s3_p3
1779334813.0,1,4,0.000000,s1_p4
1779334813.0,1,1,0.048280,s1_p1
1779334813.0,1,2,0.000000,s1_p2
1779334813.0,1,3,0.048280,s1_p3
1779334813.0,6,1,0.041030,s6_p1
1779334813.0,6,4,0.038616,s6_p4
1779334813.0,6,2,0.000000,s6_p2
1779334813.0,6,3,0.000000,s6_p3
1779334813.0,10,4,0.205261,s10_p4
1779334813.0,10,1,0.048297,s10_p1
1779334813.0,10,2,0.000000,s10_p2
1779334813.0,10,3,0.000000,s10_p3
1779334813.0,14,4,0.193191,s14_p4
1779334813.0,14,1,0.000000,s14_p1
1779334813.0,14,2,0.041053,s14_p2
1779334813.0,14,3,0.000000,s14_p3
1779334813.0,8,4,0.000000,s8_p4
1779334813.0,8,1,0.161894,s8_p1
1779334813.0,8,2,0.038661,s8_p2
1779334813.0,8,3,0.000000,s8_p3
1779334813.0,15,4,0.000000,s15_p4
1779334813.0,15,1,0.000000,s15_p1
1779334813.0,15,2,0.000000,s15_p2
1779334813.0,15,3,0.845076,s15_p3
1779334813.0,20,1,0.241614,s20_p1
1779334813.0,20,4,1.000000,s20_p4
1779334813.0,20,2,0.193291,s20_p2
1779334813.0,20,3,0.205372,s20_p3
1779334813.0,11,4,0.000000,s11_p4
1779334813.0,11,1,0.000000,s11_p1
1779334813.0,11,2,0.000000,s11_p2
1779334813.0,11,3,0.386560,s11_p3
1779334813.0,5,4,0.000000,s5_p4
1779334813.0,5,1,0.048277,s5_p1
1779334813.0,5,2,0.152072,s5_p2
1779334813.0,5,3,0.000000,s5_p3
1779334813.0,7,1,0.000000,s7_p1
1779334813.0,7,4,0.048269,s7_p4
1779334813.0,7,2,0.000000,s7_p2
1779334813.0,7,3,0.168941,s7_p3
1779334813.0,12,4,1.000000,s12_p4
1779334813.0,12,1,0.038637,s12_p1
1779334813.0,12,2,0.000000,s12_p2
1779334813.0,12,3,0.000000,s12_p3
1779334813.0,2,1,0.077293,s2_p1
1779334813.0,2,4,0.041062,s2_p4
1779334813.0,2,2,0.000000,s2_p2
1779334813.0,2,3,0.000000,s2_p3
1779334813.0,18,4,0.000000,s18_p4
1779334813.0,18,1,0.000000,s18_p1
1779334813.0,18,2,0.000000,s18_p2
1779334813.0,18,3,0.000000,s18_p3
1779334813.0,16,1,0.000000,s16_p1
1779334813.0,16,4,0.241511,s16_p4
1779334813.0,16,2,0.198039,s16_p2
1779334813.0,16,3,0.000000,s16_p3
1779334813.0,4,4,0.164108,s4_p4
1779334813.0,4,1,0.000000,s4_p1
1779334813.0,4,2,0.000000,s4_p2
1779334813.0,4,3,0.077227,s4_p3
1779334813.0,9,1,0.000000,s9_p1
1779334813.0,9,4,0.000000,s9_p4
1779334813.0,9,2,0.077249,s9_p2
1779334813.0,9,3,0.241404,s9_p3
1779334813.0,17,1,0.386197,s17_p1
1779334813.0,17,4,0.000000,s17_p4
1779334813.0,17,2,0.000000,s17_p2
1779334813.0,17,3,1.000000,s17_p3
1779334813.0,13,1,0.200060,s13_p1
1779334813.0,13,4,0.000000,s13_p4
1779334813.0,13,2,0.000000,s13_p2
1779334813.0,13,3,0.000000,s13_p3
1779334813.0,19,1,0.000000,s19_p1
1779334813.0,19,4,0.000000,s19_p4
1779334813.0,19,2,0.000000,s19_p2
1779334813.0,19,3,0.000000,s19_p3
1779334814.0,14,4,0.192816,s14_p4
1779334814.0,14,1,0.000000,s14_p1
1779334814.0,14,2,0.043384,s14_p2
1779334814.0,14,3,0.000000,s14_p3
1779334814.0,6,1,0.043350,s6_p1
1779334814.0,6,4,0.038533,s6_p4
1779334814.0,6,2,0.000000,s6_p2
1779334814.0,6,3,0.000000,s6_p3
1779334814.0,1,4,0.000000,s1_p4
1779334814.0,1,1,0.048131,s1_p1
1779334814.0,1,2,0.000000,s1_p2
1779334814.0,1,3,0.050538,s1_p3
1779334814.0,3,4,0.040901,s3_p4
1779334814.0,3,1,0.000000,s3_p1
1779334814.0,3,2,0.038495,s3_p2
1779334814.0,3,3,0.000000,s3_p3
1779334814.0,15,4,0.000000,s15_p4
1779334814.0,15,1,0.000000,s15_p1
1779334814.0,15,2,0.000000,s15_p2
1779334814.0,15,3,0.854765,s15_p3
1779334814.0,10,4,0.216645,s10_p4
1779334814.0,10,1,0.048143,s10_p1
1779334814.0,10,2,0.000000,s10_p2
1779334814.0,10,3,0.000000,s10_p3
1779334814.0,13,1,0.200018,s13_p1
1779334814.0,13,4,0.000000,s13_p4
1779334814.0,13,2,0.000000,s13_p2
1779334814.0,13,3,0.000000,s13_p3
1779334814.0,8,4,0.000000,s8_p4
1779334814.0,8,1,0.161162,s8_p1
1779334814.0,8,2,0.038487,s8_p2
1779334814.0,8,3,0.000000,s8_p3
1779334814.0,20,1,0.240567,s20_p1
1779334814.0,20,4,0.998355,s20_p4
1779334814.0,20,2,0.192454,s20_p2
1779334814.0,20,3,0.216511,s20_p3
1779334814.0,7,1,0.000000,s7_p1
1779334814.0,7,4,0.048157,s7_p4
1779334814.0,7,2,0.000000,s7_p2
1779334814.0,7,3,0.170956,s7_p3
1779334814.0,4,4,0.166149,s4_p4
1779334814.0,4,1,0.000000,s4_p1
1779334814.0,4,2,0.000000,s4_p2
1779334814.0,4,3,0.079463,s4_p3
1779334814.0,2,1,0.079390,s2_p1
1779334814.0,2,4,0.043304,s2_p4
1779334814.0,2,2,0.000000,s2_p2
1779334814.0,2,3,0.000000,s2_p3
1779334814.0,17,1,0.397109,s17_p1
1779334814.0,17,4,0.000000,s17_p4
1779334814.0,17,2,0.000000,s17_p2
1779334814.0,17,3,0.998789,s17_p3
1779334814.0,5,4,0.000000,s5_p4
1779334814.0,5,1,0.043293,s5_p1
1779334814.0,5,2,0.156337,s5_p2
1779334814.0,5,3,0.000000,s5_p3
1779334814.0,16,1,0.000000,s16_p1
1779334814.0,16,4,0.240549,s16_p4
1779334814.0,16,2,0.199655,s16_p2
1779334814.0,16,3,0.000000,s16_p3
1779334814.0,12,4,0.998170,s12_p4
1779334814.0,12,1,0.038484,s12_p1
1779334814.0,12,2,0.000000,s12_p2
1779334814.0,12,3,0.000000,s12_p3
1779334814.0,18,4,0.000000,s18_p4
1779334814.0,18,1,0.000000,s18_p1
1779334814.0,18,2,0.000000,s18_p2
1779334814.0,18,3,0.000000,s18_p3
1779334814.0,11,4,0.000000,s11_p4
1779334814.0,11,1,0.000000,s11_p1
1779334814.0,11,2,0.000000,s11_p2
1779334814.0,11,3,0.396638,s11_p3
1779334814.0,9,1,0.000000,s9_p1
1779334814.0,9,4,0.000000,s9_p4
1779334814.0,9,2,0.079369,s9_p2
1779334814.0,9,3,0.252536,s9_p3
1779334814.0,19,1,0.000000,s19_p1
1779334814.0,19,4,0.000000,s19_p4
1779334814.0,19,2,0.000000,s19_p2
1779334814.0,19,3,0.000000,s19_p3
1779334814.0,6,1,0.041132,s6_p1
1779334814.0,6,4,0.038712,s6_p4
1779334814.0,6,2,0.000000,s6_p2
1779334814.0,6,3,0.000000,s6_p3
1779334814.0,20,1,0.242151,s20_p1
1779334814.0,20,4,1.000000,s20_p4
1779334814.0,20,2,0.193720,s20_p2
1779334814.0,20,3,0.205828,s20_p3
1779334814.0,10,4,0.205616,s10_p4
1779334814.0,10,1,0.048380,s10_p1
1779334814.0,10,2,0.000000,s10_p2
1779334814.0,10,3,0.000000,s10_p3
1779334814.0,4,4,0.164664,s4_p4
1779334814.0,4,1,0.000000,s4_p1
1779334814.0,4,2,0.000000,s4_p2
1779334814.0,4,3,0.077489,s4_p3
1779334814.0,7,1,0.000000,s7_p1
1779334814.0,7,4,0.048426,s7_p4
1779334814.0,7,2,0.000000,s7_p2
1779334814.0,7,3,0.171911,s7_p3
1779334814.0,5,4,0.000000,s5_p4
1779334814.0,5,1,0.038781,s5_p1
1779334814.0,5,2,0.162395,s5_p2
1779334814.0,5,3,0.000000,s5_p3
1779334814.0,15,4,0.000000,s15_p4
1779334814.0,15,1,0.000000,s15_p1
1779334814.0,15,2,0.000000,s15_p2
1779334814.0,15,3,0.858574,s15_p3
1779334814.0,14,4,0.193239,s14_p4
1779334814.0,14,1,0.000000,s14_p1
1779334814.0,14,2,0.041063,s14_p2
1779334814.0,14,3,0.000000,s14_p3
1779334814.0,19,1,0.000000,s19_p1
1779334814.0,19,4,0.000000,s19_p4
1779334814.0,19,2,0.000000,s19_p2
1779334814.0,19,3,0.000000,s19_p3
1779334814.0,12,4,1.000000,s12_p4
1779334814.0,12,1,0.038772,s12_p1
1779334814.0,12,2,0.000000,s12_p2
1779334814.0,12,3,0.000000,s12_p3
1779334814.0,13,1,0.200850,s13_p1
1779334814.0,13,4,0.000000,s13_p4
1779334814.0,13,2,0.000000,s13_p2
1779334814.0,13,3,0.000000,s13_p3
1779334814.0,1,4,0.000000,s1_p4
1779334814.0,1,1,0.048348,s1_p1
1779334814.0,1,2,0.000000,s1_p2
1779334814.0,1,3,0.048348,s1_p3
1779334814.0,3,4,0.038682,s3_p4
1779334814.0,3,1,0.000000,s3_p1
1779334814.0,3,2,0.038682,s3_p2
1779334814.0,3,3,0.000000,s3_p3
1779334814.0,8,4,0.000000,s8_p4
1779334814.0,8,1,0.162131,s8_p1
1779334814.0,8,2,0.038718,s8_p2
1779334814.0,8,3,0.000000,s8_p3
1779334814.0,9,1,0.000000,s9_p1
1779334814.0,9,4,0.000000,s9_p4
1779334814.0,9,2,0.077515,s9_p2
1779334814.0,9,3,0.242236,s9_p3
1779334814.0,11,4,0.000000,s11_p4
1779334814.0,11,1,0.000000,s11_p1
1779334814.0,11,2,0.000000,s11_p2
1779334814.0,11,3,0.387508,s11_p3
1779334814.0,16,1,0.000000,s16_p1
1779334814.0,16,4,0.242073,s16_p4
1779334814.0,16,2,0.200921,s16_p2
1779334814.0,16,3,0.000000,s16_p3
1779334814.0,2,1,0.077441,s2_p1
1779334814.0,2,4,0.041141,s2_p4
1779334814.0,2,2,0.000000,s2_p2
1779334814.0,2,3,0.000000,s2_p3
1779334814.0,18,4,0.000000,s18_p4
1779334814.0,18,1,0.000000,s18_p1
1779334814.0,18,2,0.000000,s18_p2
1779334814.0,18,3,0.000000,s18_p3
1779334814.0,17,1,0.387200,s17_p1
1779334814.0,17,4,0.000000,s17_p4
1779334814.0,17,2,0.000000,s17_p2
1779334814.0,17,3,1.000000,s17_p3
1779334815.0,15,4,0.000000,s15_p4
1779334815.0,15,1,0.000000,s15_p1
1779334815.0,15,2,0.000000,s15_p2
1779334815.0,15,3,0.846526,s15_p3
1779334815.0,10,4,0.217607,s10_p4
1779334815.0,10,1,0.048357,s10_p1
1779334815.0,10,2,0.000000,s10_p2
1779334815.0,10,3,0.000000,s10_p3
1779334815.0,1,4,0.000000,s1_p4
1779334815.0,1,1,0.048377,s1_p1
1779334815.0,1,2,0.000000,s1_p2
1779334815.0,1,3,0.050796,s1_p3
1779334815.0,14,4,0.193335,s14_p4
1779334815.0,14,1,0.000000,s14_p1
1779334815.0,14,2,0.043500,s14_p2
1779334815.0,14,3,0.000000,s14_p3
1779334815.0,8,4,0.000000,s8_p4
1779334815.0,8,1,0.161943,s8_p1
1779334815.0,8,2,0.038673,s8_p2
1779334815.0,8,3,0.000000,s8_p3
1779334815.0,6,1,0.043434,s6_p1
1779334815.0,6,4,0.038608,s6_p4
1779334815.0,6,2,0.000000,s6_p2
1779334815.0,6,3,0.000000,s6_p3
1779334815.0,13,1,0.198166,s13_p1
1779334815.0,13,4,0.000000,s13_p4
1779334815.0,13,2,0.000000,s13_p2
1779334815.0,13,3,0.000000,s13_p3
1779334815.0,3,4,0.038668,s3_p4
1779334815.0,3,1,0.000000,s3_p1
1779334815.0,3,2,0.038668,s3_p2
1779334815.0,3,3,0.000000,s3_p3
1779334815.0,7,1,0.000000,s7_p1
1779334815.0,7,4,0.048313,s7_p4
1779334815.0,7,2,0.000000,s7_p2
1779334815.0,7,3,0.169095,s7_p3
1779334815.0,20,1,0.241405,s20_p1
1779334815.0,20,4,1.000000,s20_p4
1779334815.0,20,2,0.193124,s20_p2
1779334815.0,20,3,0.217265,s20_p3
1779334815.0,5,4,0.000000,s5_p4
1779334815.0,5,1,0.050701,s5_p1
1779334815.0,5,2,0.149689,s5_p2
1779334815.0,5,3,0.000000,s5_p3
1779334815.0,11,4,0.000000,s11_p4
1779334815.0,11,1,0.000000,s11_p1
1779334815.0,11,2,0.000000,s11_p2
1779334815.0,11,3,0.386753,s11_p3
1779334815.0,2,1,0.077363,s2_p1
1779334815.0,2,4,0.043516,s2_p4
1779334815.0,2,2,0.000000,s2_p2
1779334815.0,2,3,0.000000,s2_p3
1779334815.0,12,4,1.000000,s12_p4
1779334815.0,12,1,0.038637,s12_p1
1779334815.0,12,2,0.000000,s12_p2
1779334815.0,12,3,0.000000,s12_p3
1779334815.0,16,1,0.000000,s16_p1
1779334815.0,16,4,0.241630,s16_p4
1779334815.0,16,2,0.200553,s16_p2
1779334815.0,16,3,0.000000,s16_p3
1779334815.0,17,1,0.386669,s17_p1
1779334815.0,17,4,0.000000,s17_p4
1779334815.0,17,2,0.000000,s17_p2
1779334815.0,17,3,1.000000,s17_p3
1779334815.0,9,1,0.000000,s9_p1
1779334815.0,9,4,0.000000,s9_p4
1779334815.0,9,2,0.077301,s9_p2
1779334815.0,9,3,0.253645,s9_p3
1779334815.0,4,4,0.164064,s4_p4
1779334815.0,4,1,0.000000,s4_p1
1779334815.0,4,2,0.000000,s4_p2
1779334815.0,4,3,0.077207,s4_p3
1779334815.0,18,4,0.000000,s18_p4
1779334815.0,18,1,0.000000,s18_p1
1779334815.0,18,2,0.000000,s18_p2
1779334815.0,18,3,0.000000,s18_p3
1779334815.0,19,1,0.000000,s19_p1
1779334815.0,19,4,0.000000,s19_p4
1779334815.0,19,2,0.000000,s19_p2
1779334815.0,19,3,0.000000,s19_p3
1779334815.0,6,1,0.041111,s6_p1
1779334815.0,6,4,0.038692,s6_p4
1779334815.0,6,2,0.000000,s6_p2
1779334815.0,6,3,0.000000,s6_p3
1779334815.0,19,1,0.000000,s19_p1
1779334815.0,19,4,0.000000,s19_p4
1779334815.0,19,2,0.000000,s19_p2
1779334815.0,19,3,0.000000,s19_p3
1779334815.0,10,4,0.205165,s10_p4
1779334815.0,10,1,0.048274,s10_p1
1779334815.0,10,2,0.000000,s10_p2
1779334815.0,10,3,0.000000,s10_p3
1779334815.0,14,4,0.193236,s14_p4
1779334815.0,14,1,0.000000,s14_p1
1779334815.0,14,2,0.041063,s14_p2
1779334815.0,14,3,0.000000,s14_p3
1779334815.0,8,4,0.000000,s8_p4
1779334815.0,8,1,0.161843,s8_p1
1779334815.0,8,2,0.038649,s8_p2
1779334815.0,8,3,0.000000,s8_p3
1779334815.0,3,4,0.038651,s3_p4
1779334815.0,3,1,0.000000,s3_p1
1779334815.0,3,2,0.038651,s3_p2
1779334815.0,3,3,0.000000,s3_p3
1779334815.0,15,4,0.000000,s15_p4
1779334815.0,15,1,0.000000,s15_p1
1779334815.0,15,2,0.000000,s15_p2
1779334815.0,15,3,0.856576,s15_p3
1779334815.0,13,1,0.200474,s13_p1
1779334815.0,13,4,0.000000,s13_p4
1779334815.0,13,2,0.000000,s13_p2
1779334815.0,13,3,0.000000,s13_p3
1779334815.0,1,4,0.000000,s1_p4
1779334815.0,1,1,0.048263,s1_p1
1779334815.0,1,2,0.000000,s1_p2
1779334815.0,1,3,0.050676,s1_p3
1779334815.0,7,1,0.000000,s7_p1
1779334815.0,7,4,0.048277,s7_p4
1779334815.0,7,2,0.000000,s7_p2
1779334815.0,7,3,0.171382,s7_p3
1779334815.0,12,4,1.000000,s12_p4
1779334815.0,12,1,0.038645,s12_p1
1779334815.0,12,2,0.000000,s12_p2
1779334815.0,12,3,0.000000,s12_p3
1779334815.0,20,1,0.241479,s20_p1
1779334815.0,20,4,1.000000,s20_p4
1779334815.0,20,2,0.193183,s20_p2
1779334815.0,20,3,0.205257,s20_p3
1779334815.0,2,1,0.077283,s2_p1
1779334815.0,2,4,0.041057,s2_p4
1779334815.0,2,2,0.000000,s2_p2
1779334815.0,2,3,0.000000,s2_p3
1779334815.0,17,1,0.386581,s17_p1
1779334815.0,17,4,0.000000,s17_p4
1779334815.0,17,2,0.000000,s17_p2
1779334815.0,17,3,0.990613,s17_p3
1779334815.0,16,1,0.000000,s16_p1
1779334815.0,16,4,0.241589,s16_p4
1779334815.0,16,2,0.200519,s16_p2
1779334815.0,16,3,0.000000,s16_p3
1779334815.0,5,4,0.000000,s5_p4
1779334815.0,5,1,0.041048,s5_p1
1779334815.0,5,2,0.156950,s5_p2
1779334815.0,5,3,0.000000,s5_p3
1779334815.0,18,4,0.000000,s18_p4
1779334815.0,18,1,0.000000,s18_p1
1779334815.0,18,2,0.000000,s18_p2
1779334815.0,18,3,0.000000,s18_p3
1779334815.0,4,4,0.164288,s4_p4
1779334815.0,4,1,0.000000,s4_p1
1779334815.0,4,2,0.000000,s4_p2
1779334815.0,4,3,0.077312,s4_p3
1779334815.0,11,4,0.000000,s11_p4
1779334815.0,11,1,0.000000,s11_p1
1779334815.0,11,2,0.000000,s11_p2
1779334815.0,11,3,0.386261,s11_p3
1779334815.0,9,1,0.000000,s9_p1
1779334815.0,9,4,0.000000,s9_p4
1779334815.0,9,2,0.077289,s9_p2
1779334815.0,9,3,0.253604,s9_p3
1779334816.0,1,4,0.000000,s1_p4
1779334816.0,1,1,0.050666,s1_p1
1779334816.0,1,2,0.000000,s1_p2
1779334816.0,1,3,0.048253,s1_p3
1779334816.0,10,4,0.204990,s10_p4
1779334816.0,10,1,0.050645,s10_p1
1779334816.0,10,2,0.000000,s10_p2
1779334816.0,10,3,0.000000,s10_p3
1779334816.0,15,4,0.000000,s15_p4
1779334816.0,15,1,0.000000,s15_p1
1779334816.0,15,2,0.000000,s15_p2
1779334816.0,15,3,0.844188,s15_p3
1779334816.0,19,1,0.000000,s19_p1
1779334816.0,19,4,0.000000,s19_p4
1779334816.0,19,2,0.000000,s19_p2
1779334816.0,19,3,0.000000,s19_p3
1779334816.0,3,4,0.038585,s3_p4
1779334816.0,3,1,0.000000,s3_p1
1779334816.0,3,2,0.038585,s3_p2
1779334816.0,3,3,0.000000,s3_p3
1779334816.0,6,1,0.040950,s6_p1
1779334816.0,6,4,0.038541,s6_p4
1779334816.0,6,2,0.000000,s6_p2
1779334816.0,6,3,0.000000,s6_p3
1779334816.0,8,4,0.000000,s8_p4
1779334816.0,8,1,0.159149,s8_p1
1779334816.0,8,2,0.038582,s8_p2
1779334816.0,8,3,0.000000,s8_p3
1779334816.0,20,1,0.253236,s20_p1
1779334816.0,20,4,1.000000,s20_p4
1779334816.0,20,2,0.192942,s20_p2
1779334816.0,20,3,0.205001,s20_p3
1779334816.0,7,1,0.000000,s7_p1
1779334816.0,7,4,0.050639,s7_p4
1779334816.0,7,2,0.000000,s7_p2
1779334816.0,7,3,0.168796,s7_p3
1779334816.0,14,4,0.192736,s14_p4
1779334816.0,14,1,0.000000,s14_p1
1779334816.0,14,2,0.040956,s14_p2
1779334816.0,14,3,0.000000,s14_p3
1779334816.0,4,4,0.166426,s4_p4
1779334816.0,4,1,0.000000,s4_p1
1779334816.0,4,2,0.000000,s4_p2
1779334816.0,4,3,0.077183,s4_p3
1779334816.0,5,4,0.000000,s5_p4
1779334816.0,5,1,0.043411,s5_p1
1779334816.0,5,2,0.156763,s5_p2
1779334816.0,5,3,0.000000,s5_p3
1779334816.0,13,1,0.199979,s13_p1
1779334816.0,13,4,0.000000,s13_p4
1779334816.0,13,2,0.000000,s13_p2
1779334816.0,13,3,0.000000,s13_p3
1779334816.0,18,4,0.000000,s18_p4
1779334816.0,18,1,0.000000,s18_p1
1779334816.0,18,2,0.000000,s18_p2
1779334816.0,18,3,0.000000,s18_p3
1779334816.0,16,1,0.000000,s16_p1
1779334816.0,16,4,0.253194,s16_p4
1779334816.0,16,2,0.200144,s16_p2
1779334816.0,16,3,0.000000,s16_p3
1779334816.0,2,1,0.077156,s2_p1
1779334816.0,2,4,0.040989,s2_p4
1779334816.0,2,2,0.000000,s2_p2
1779334816.0,2,3,0.000000,s2_p3
1779334816.0,9,1,0.000000,s9_p1
1779334816.0,9,4,0.000000,s9_p4
1779334816.0,9,2,0.077188,s9_p2
1779334816.0,9,3,0.241212,s9_p3
1779334816.0,12,4,1.000000,s12_p4
1779334816.0,12,1,0.038574,s12_p1
1779334816.0,12,2,0.000000,s12_p2
1779334816.0,12,3,0.000000,s12_p3
1779334816.0,17,1,0.385775,s17_p1
1779334816.0,17,4,0.000000,s17_p4
1779334816.0,17,2,0.000000,s17_p2
1779334816.0,17,3,1.000000,s17_p3
1779334816.0,11,4,0.000000,s11_p4
1779334816.0,11,1,0.000000,s11_p1
1779334816.0,11,2,0.000000,s11_p2
1779334816.0,11,3,0.385854,s11_p3
1779334816.0,10,4,0.216703,s10_p4
1779334816.0,10,1,0.048156,s10_p1
1779334816.0,10,2,0.000000,s10_p2
1779334816.0,10,3,0.000000,s10_p3
1779334816.0,20,1,0.240969,s20_p1
1779334816.0,20,4,0.987973,s20_p4
1779334816.0,20,2,0.192775,s20_p2
1779334816.0,20,3,0.216872,s20_p3
1779334816.0,13,1,0.200037,s13_p1
1779334816.0,13,4,0.000000,s13_p4
1779334816.0,13,2,0.000000,s13_p2
1779334816.0,13,3,0.000000,s13_p3
1779334816.0,7,1,0.000000,s7_p1
1779334816.0,7,4,0.048193,s7_p4
1779334816.0,7,2,0.000000,s7_p2
1779334816.0,7,3,0.171085,s7_p3
1779334816.0,8,4,0.000000,s8_p4
1779334816.0,8,1,0.161308,s8_p1
1779334816.0,8,2,0.038521,s8_p2
1779334816.0,8,3,0.000000,s8_p3
1779334816.0,6,1,0.043334,s6_p1
1779334816.0,6,4,0.038519,s6_p4
1779334816.0,6,2,0.000000,s6_p2
1779334816.0,6,3,0.000000,s6_p3
1779334816.0,19,1,0.000000,s19_p1
1779334816.0,19,4,0.000000,s19_p4
1779334816.0,19,2,0.000000,s19_p2
1779334816.0,19,3,0.000000,s19_p3
1779334816.0,14,4,0.192757,s14_p4
1779334816.0,14,1,0.000000,s14_p1
1779334816.0,14,2,0.043370,s14_p2
1779334816.0,14,3,0.000000,s14_p3
1779334816.0,3,4,0.038516,s3_p4
1779334816.0,3,1,0.000000,s3_p1
1779334816.0,3,2,0.038516,s3_p2
1779334816.0,3,3,0.000000,s3_p3
1779334816.0,15,4,0.000000,s15_p4
1779334816.0,15,1,0.000000,s15_p1
1779334816.0,15,2,0.000000,s15_p2
1779334816.0,15,3,0.853765,s15_p3
1779334816.0,11,4,0.000000,s11_p4
1779334816.0,11,1,0.000000,s11_p1
1779334816.0,11,2,0.000000,s11_p2
1779334816.0,11,3,0.385266,s11_p3
1779334816.0,16,1,0.000000,s16_p1
1779334816.0,16,4,0.240731,s16_p4
1779334816.0,16,2,0.199807,s16_p2
1779334816.0,16,3,0.000000,s16_p3
1779334816.0,4,4,0.163669,s4_p4
1779334816.0,4,1,0.000000,s4_p1
1779334816.0,4,2,0.000000,s4_p2
1779334816.0,4,3,0.077021,s4_p3
1779334816.0,2,1,0.077032,s2_p1
1779334816.0,2,4,0.043330,s2_p4
1779334816.0,2,2,0.000000,s2_p2
1779334816.0,2,3,0.000000,s2_p3
1779334816.0,9,1,0.000000,s9_p1
1779334816.0,9,4,0.000000,s9_p4
1779334816.0,9,2,0.077032,s9_p2
1779334816.0,9,3,0.252760,s9_p3
1779334816.0,5,4,0.000000,s5_p4
1779334816.0,5,1,0.045730,s5_p1
1779334816.0,5,2,0.154037,s5_p2
1779334816.0,5,3,0.000000,s5_p3
1779334816.0,12,4,0.998977,s12_p4
1779334816.0,12,1,0.038515,s12_p1
1779334816.0,12,2,0.000000,s12_p2
1779334816.0,12,3,0.000000,s12_p3
1779334816.0,17,1,0.385139,s17_p1
1779334816.0,17,4,0.000000,s17_p4
1779334816.0,17,2,0.000000,s17_p2
1779334816.0,17,3,0.998954,s17_p3
1779334816.0,18,4,0.000000,s18_p4
1779334816.0,18,1,0.000000,s18_p1
1779334816.0,18,2,0.000000,s18_p2
1779334816.0,18,3,0.000000,s18_p3
1779334816.0,1,4,0.000000,s1_p4
1779334816.0,1,1,0.048070,s1_p1
1779334816.0,1,2,0.000000,s1_p2
1779334816.0,1,3,0.050474,s1_p3
1779334817.0,19,1,0.000000,s19_p1
1779334817.0,19,4,0.000000,s19_p4
1779334817.0,19,2,0.000000,s19_p2
1779334817.0,19,3,0.000000,s19_p3
1779334817.0,1,4,0.000000,s1_p4
1779334817.0,1,1,0.048523,s1_p1
1779334817.0,1,2,0.000000,s1_p2
1779334817.0,1,3,0.048523,s1_p3
1779334817.0,14,4,0.193829,s14_p4
1779334817.0,14,1,0.000000,s14_p1
1779334817.0,14,2,0.041189,s14_p2
1779334817.0,14,3,0.000000,s14_p3
1779334817.0,3,4,0.038765,s3_p4
1779334817.0,3,1,0.000000,s3_p1
1779334817.0,3,2,0.038765,s3_p2
1779334817.0,3,3,0.000000,s3_p3
1779334817.0,6,1,0.041184,s6_p1
1779334817.0,6,4,0.038762,s6_p4
1779334817.0,6,2,0.000000,s6_p2
1779334817.0,6,3,0.000000,s6_p3
1779334817.0,13,1,0.200961,s13_p1
1779334817.0,13,4,0.000000,s13_p4
1779334817.0,13,2,0.000000,s13_p2
1779334817.0,13,3,0.000000,s13_p3
1779334817.0,10,4,0.205743,s10_p4
1779334817.0,10,1,0.048410,s10_p1
1779334817.0,10,2,0.000000,s10_p2
1779334817.0,10,3,0.000000,s10_p3
1779334817.0,8,4,0.000000,s8_p4
1779334817.0,8,1,0.162216,s8_p1
1779334817.0,8,2,0.038738,s8_p2
1779334817.0,8,3,0.000000,s8_p3
1779334817.0,15,4,0.000000,s15_p4
1779334817.0,15,1,0.000000,s15_p1
1779334817.0,15,2,0.000000,s15_p2
1779334817.0,15,3,0.860285,s15_p3
1779334817.0,7,1,0.000000,s7_p1
1779334817.0,7,4,0.048419,s7_p4
1779334817.0,7,2,0.000000,s7_p2
1779334817.0,7,3,0.171888,s7_p3
1779334817.0,20,1,0.241963,s20_p1
1779334817.0,20,4,1.000000,s20_p4
1779334817.0,20,2,0.193571,s20_p2
1779334817.0,20,3,0.205669,s20_p3
1779334817.0,17,1,0.399784,s17_p1
1779334817.0,17,4,0.000000,s17_p4
1779334817.0,17,2,0.000000,s17_p2
1779334817.0,17,3,1.000000,s17_p3
1779334817.0,12,4,0.993329,s12_p4
1779334817.0,12,1,0.038764,s12_p1
1779334817.0,12,2,0.000000,s12_p2
1779334817.0,12,3,0.000000,s12_p3
1779334817.0,18,4,0.000000,s18_p4
1779334817.0,18,1,0.000000,s18_p1
1779334817.0,18,2,0.000000,s18_p2
1779334817.0,18,3,0.000000,s18_p3
1779334817.0,5,4,0.000000,s5_p4
1779334817.0,5,1,0.041184,s5_p1
1779334817.0,5,2,0.159890,s5_p2
1779334817.0,5,3,0.000000,s5_p3
1779334817.0,4,4,0.167142,s4_p4
1779334817.0,4,1,0.000000,s4_p1
1779334817.0,4,2,0.000000,s4_p2
1779334817.0,4,3,0.079938,s4_p3
1779334817.0,16,1,0.000000,s16_p1
1779334817.0,16,4,0.242160,s16_p4
1779334817.0,16,2,0.198571,s16_p2
1779334817.0,16,3,0.000000,s16_p3
1779334817.0,2,1,0.079911,s2_p1
1779334817.0,2,4,0.041166,s2_p4
1779334817.0,2,2,0.000000,s2_p2
1779334817.0,2,3,0.000000,s2_p3
1779334817.0,11,4,0.000000,s11_p4
1779334817.0,11,1,0.000000,s11_p1
1779334817.0,11,2,0.000000,s11_p2
1779334817.0,11,3,0.399506,s11_p3
1779334817.0,9,1,0.000000,s9_p1
1779334817.0,9,4,0.000000,s9_p4
1779334817.0,9,2,0.079906,s9_p2
1779334817.0,9,3,0.242141,s9_p3
1779334817.0,8,4,0.000000,s8_p4
1779334817.0,8,1,0.161240,s8_p1
1779334817.0,8,2,0.038505,s8_p2
1779334817.0,8,3,0.000000,s8_p3
1779334817.0,10,4,0.216515,s10_p4
1779334817.0,10,1,0.048115,s10_p1
1779334817.0,10,2,0.000000,s10_p2
1779334817.0,10,3,0.000000,s10_p3
1779334817.0,3,4,0.038466,s3_p4
1779334817.0,3,1,0.000000,s3_p1
1779334817.0,3,2,0.038466,s3_p2
1779334817.0,3,3,0.000000,s3_p3
1779334817.0,15,4,0.000000,s15_p4
1779334817.0,15,1,0.000000,s15_p1
1779334817.0,15,2,0.000000,s15_p2
1779334817.0,15,3,0.841930,s15_p3
1779334817.0,1,4,0.000000,s1_p4
1779334817.0,1,1,0.048073,s1_p1
1779334817.0,1,2,0.000000,s1_p2
1779334817.0,1,3,0.050476,s1_p3
1779334817.0,12,4,0.997486,s12_p4
1779334817.0,12,1,0.038457,s12_p1
1779334817.0,12,2,0.000000,s12_p2
1779334817.0,12,3,0.000000,s12_p3
1779334817.0,20,1,0.240297,s20_p1
1779334817.0,20,4,0.997234,s20_p4
1779334817.0,20,2,0.192238,s20_p2
1779334817.0,20,3,0.216268,s20_p3
1779334817.0,5,4,0.000000,s5_p4
1779334817.0,5,1,0.045658,s5_p1
1779334817.0,5,2,0.153794,s5_p2
1779334817.0,5,3,0.000000,s5_p3
1779334817.0,14,4,0.191987,s14_p4
1779334817.0,14,1,0.000000,s14_p1
1779334817.0,14,2,0.043197,s14_p2
1779334817.0,14,3,0.000000,s14_p3
1779334817.0,4,4,0.163392,s4_p4
1779334817.0,4,1,0.000000,s4_p1
1779334817.0,4,2,0.000000,s4_p2
1779334817.0,4,3,0.076890,s4_p3
1779334817.0,7,1,0.000000,s7_p1
1779334817.0,7,4,0.048024,s7_p4
1779334817.0,7,2,0.000000,s7_p2
1779334817.0,7,3,0.168085,s7_p3
1779334817.0,13,1,0.199262,s13_p1
1779334817.0,13,4,0.000000,s13_p4
1779334817.0,13,2,0.000000,s13_p2
1779334817.0,13,3,0.000000,s13_p3
1779334817.0,18,4,0.000000,s18_p4
1779334817.0,18,1,0.000000,s18_p1
1779334817.0,18,2,0.000000,s18_p2
1779334817.0,18,3,0.000000,s18_p3
1779334817.0,19,1,0.000000,s19_p1
1779334817.0,19,4,0.000000,s19_p4
1779334817.0,19,2,0.000000,s19_p2
1779334817.0,19,3,0.000000,s19_p3
1779334817.0,17,1,0.383984,s17_p1
1779334817.0,17,4,0.000000,s17_p4
1779334817.0,17,2,0.000000,s17_p2
1779334817.0,17,3,0.995958,s17_p3
1779334817.0,16,1,0.000000,s16_p1
1779334817.0,16,4,0.240071,s16_p4
1779334817.0,16,2,0.199259,s16_p2
1779334817.0,16,3,0.000000,s16_p3
1779334817.0,9,1,0.000000,s9_p1
1779334817.0,9,4,0.000000,s9_p4
1779334817.0,9,2,0.076831,s9_p2
1779334817.0,9,3,0.252103,s9_p3
1779334817.0,6,1,0.043143,s6_p1
1779334817.0,6,4,0.040746,s6_p4
1779334817.0,6,2,0.000000,s6_p2
1779334817.0,6,3,0.000000,s6_p3
1779334817.0,11,4,0.000000,s11_p4
1779334817.0,11,1,0.000000,s11_p1
1779334817.0,11,2,0.000000,s11_p2
1779334817.0,11,3,0.384097,s11_p3
1779334817.0,2,1,0.076814,s2_p1
1779334817.0,2,4,0.043208,s2_p4
1779334817.0,2,2,0.000000,s2_p2
1779334817.0,2,3,0.000000,s2_p3
1779334818.0,19,1,0.000000,s19_p1
1779334818.0,19,4,0.000000,s19_p4
1779334818.0,19,2,0.000000,s19_p2
1779334818.0,19,3,0.000000,s19_p3
1779334818.0,6,1,0.041374,s6_p1
1779334818.0,6,4,0.038940,s6_p4
1779334818.0,6,2,0.000000,s6_p2
1779334818.0,6,3,0.000000,s6_p3
1779334818.0,8,4,0.000000,s8_p4
1779334818.0,8,1,0.159937,s8_p1
1779334818.0,8,2,0.041196,s8_p2
1779334818.0,8,3,0.000000,s8_p3
1779334818.0,15,4,0.000000,s15_p4
1779334818.0,15,1,0.000000,s15_p1
1779334818.0,15,2,0.000000,s15_p2
1779334818.0,15,3,0.860578,s15_p3
1779334818.0,1,4,0.000000,s1_p4
1779334818.0,1,1,0.048484,s1_p1
1779334818.0,1,2,0.000000,s1_p2
1779334818.0,1,3,0.048484,s1_p3
1779334818.0,4,4,0.164995,s4_p4
1779334818.0,4,1,0.000000,s4_p1
1779334818.0,4,2,0.000000,s4_p2
1779334818.0,4,3,0.077645,s4_p3
1779334818.0,12,4,1.000000,s12_p4
1779334818.0,12,1,0.041229,s12_p1
1779334818.0,12,2,0.000000,s12_p2
1779334818.0,12,3,0.000000,s12_p3
1779334818.0,10,4,0.205820,s10_p4
1779334818.0,10,1,0.048428,s10_p1
1779334818.0,10,2,0.000000,s10_p2
1779334818.0,10,3,0.000000,s10_p3
1779334818.0,20,1,0.242546,s20_p1
1779334818.0,20,4,1.000000,s20_p4
1779334818.0,20,2,0.206164,s20_p2
1779334818.0,20,3,0.206164,s20_p3
1779334818.0,14,4,0.206195,s14_p4
1779334818.0,14,1,0.000000,s14_p1
1779334818.0,14,2,0.041239,s14_p2
1779334818.0,14,3,0.000000,s14_p3
1779334818.0,3,4,0.038743,s3_p4
1779334818.0,3,1,0.000000,s3_p1
1779334818.0,3,2,0.041165,s3_p2
1779334818.0,3,3,0.000000,s3_p3
1779334818.0,13,1,0.201361,s13_p1
1779334818.0,13,4,0.000000,s13_p4
1779334818.0,13,2,0.000000,s13_p2
1779334818.0,13,3,0.000000,s13_p3
1779334818.0,7,1,0.000000,s7_p1
1779334818.0,7,4,0.048516,s7_p4
1779334818.0,7,2,0.000000,s7_p2
1779334818.0,7,3,0.172233,s7_p3
1779334818.0,5,4,0.000000,s5_p4
1779334818.0,5,1,0.046082,s5_p1
1779334818.0,5,2,0.155224,s5_p2
1779334818.0,5,3,0.000000,s5_p3
1779334818.0,17,1,0.388363,s17_p1
1779334818.0,17,4,0.000000,s17_p4
1779334818.0,17,2,0.000000,s17_p2
1779334818.0,17,3,1.000000,s17_p3
1779334818.0,16,1,0.000000,s16_p1
1779334818.0,16,4,0.242724,s16_p4
1779334818.0,16,2,0.201461,s16_p2
1779334818.0,16,3,0.000000,s16_p3
1779334818.0,2,1,0.077683,s2_p1
1779334818.0,2,4,0.041269,s2_p4
1779334818.0,2,2,0.000000,s2_p2
1779334818.0,2,3,0.000000,s2_p3
1779334818.0,11,4,0.000000,s11_p4
1779334818.0,11,1,0.000000,s11_p1
1779334818.0,11,2,0.000000,s11_p2
1779334818.0,11,3,0.388379,s11_p3
1779334818.0,18,4,0.000000,s18_p4
1779334818.0,18,1,0.000000,s18_p1
1779334818.0,18,2,0.000000,s18_p2
1779334818.0,18,3,0.000000,s18_p3
1779334818.0,9,1,0.000000,s9_p1
1779334818.0,9,4,0.000000,s9_p4
1779334818.0,9,2,0.077661,s9_p2
1779334818.0,9,3,0.242691,s9_p3
1779334818.0,10,4,0.217715,s10_p4
1779334818.0,10,1,0.048381,s10_p1
1779334818.0,10,2,0.000000,s10_p2
1779334818.0,10,3,0.000000,s10_p3
1779334818.0,6,1,0.043455,s6_p1
1779334818.0,6,4,0.038627,s6_p4
1779334818.0,6,2,0.000000,s6_p2
1779334818.0,6,3,0.000000,s6_p3
1779334818.0,19,1,0.000000,s19_p1
1779334818.0,19,4,0.000000,s19_p4
1779334818.0,19,2,0.000000,s19_p2
1779334818.0,19,3,0.000000,s19_p3
1779334818.0,13,1,0.198182,s13_p1
1779334818.0,13,4,0.000000,s13_p4
1779334818.0,13,2,0.000000,s13_p2
1779334818.0,13,3,0.000000,s13_p3
1779334818.0,8,4,0.000000,s8_p4
1779334818.0,8,1,0.161722,s8_p1
1779334818.0,8,2,0.038620,s8_p2
1779334818.0,8,3,0.000000,s8_p3
1779334818.0,3,4,0.038664,s3_p4
1779334818.0,3,1,0.000000,s3_p1
1779334818.0,3,2,0.038664,s3_p2
1779334818.0,3,3,0.000000,s3_p3
1779334818.0,12,4,1.000000,s12_p4
1779334818.0,12,1,0.038659,s12_p1
1779334818.0,12,2,0.000000,s12_p2
1779334818.0,12,3,0.000000,s12_p3
1779334818.0,7,1,0.000000,s7_p1
1779334818.0,7,4,0.048332,s7_p4
1779334818.0,7,2,0.000000,s7_p2
1779334818.0,7,3,0.169162,s7_p3
1779334818.0,1,4,0.000000,s1_p4
1779334818.0,1,1,0.048278,s1_p1
1779334818.0,1,2,0.000000,s1_p2
1779334818.0,1,3,0.050692,s1_p3
1779334818.0,14,4,0.193300,s14_p4
1779334818.0,14,1,0.000000,s14_p1
1779334818.0,14,2,0.043492,s14_p2
1779334818.0,14,3,0.000000,s14_p3
1779334818.0,18,4,0.000000,s18_p4
1779334818.0,18,1,0.000000,s18_p1
1779334818.0,18,2,0.000000,s18_p2
1779334818.0,18,3,0.000000,s18_p3
1779334818.0,15,4,0.000000,s15_p4
1779334818.0,15,1,0.000000,s15_p1
1779334818.0,15,2,0.000000,s15_p2
1779334818.0,15,3,0.844778,s15_p3
1779334818.0,4,4,0.166681,s4_p4
1779334818.0,4,1,0.000000,s4_p1
1779334818.0,4,2,0.000000,s4_p2
1779334818.0,4,3,0.077301,s4_p3
1779334818.0,5,4,0.000000,s5_p4
1779334818.0,5,1,0.041078,s5_p1
1779334818.0,5,2,0.157065,s5_p2
1779334818.0,5,3,0.000000,s5_p3
1779334818.0,20,1,0.241597,s20_p1
1779334818.0,20,4,1.000000,s20_p4
1779334818.0,20,2,0.193277,s20_p2
1779334818.0,20,3,0.217437,s20_p3
1779334818.0,17,1,0.386659,s17_p1
1779334818.0,17,4,0.000000,s17_p4
1779334818.0,17,2,0.000000,s17_p2
1779334818.0,17,3,0.990814,s17_p3
1779334818.0,11,4,0.000000,s11_p4
1779334818.0,11,1,0.000000,s11_p1
1779334818.0,11,2,0.000000,s11_p2
1779334818.0,11,3,0.386697,s11_p3
1779334818.0,16,1,0.000000,s16_p1
1779334818.0,16,4,0.241656,s16_p4
1779334818.0,16,2,0.200575,s16_p2
1779334818.0,16,3,0.000000,s16_p3
1779334818.0,9,1,0.000000,s9_p1
1779334818.0,9,4,0.000000,s9_p4
1779334818.0,9,2,0.077341,s9_p2
1779334818.0,9,3,0.253777,s9_p3
1779334818.0,2,1,0.077329,s2_p1
1779334818.0,2,4,0.043498,s2_p4
1779334818.0,2,2,0.000000,s2_p2
1779334818.0,2,3,0.000000,s2_p3
1779334819.0,19,1,0.000000,s19_p1
1779334819.0,19,4,0.000000,s19_p4
1779334819.0,19,2,0.000000,s19_p2
1779334819.0,19,3,0.000000,s19_p3
1779334819.0,14,4,0.036139,s14_p4
1779334819.0,14,1,0.000000,s14_p1
1779334819.0,14,2,0.009637,s14_p2
1779334819.0,14,3,0.000000,s14_p3
1779334819.0,6,1,0.009626,s6_p1
1779334819.0,6,4,0.007220,s6_p4
1779334819.0,6,2,0.000000,s6_p2
1779334819.0,6,3,0.000000,s6_p3
1779334819.0,1,4,0.000000,s1_p4
1779334819.0,1,1,0.012045,s1_p1
1779334819.0,1,2,0.005640,s1_p2
1779334819.0,1,3,0.012045,s1_p3
1779334819.0,8,4,0.005638,s8_p4
1779334819.0,8,1,0.096317,s8_p1
1779334819.0,8,2,0.021671,s8_p2
1779334819.0,8,3,0.005638,s8_p3
1779334819.0,13,1,0.117973,s13_p1
1779334819.0,13,4,0.000000,s13_p4
1779334819.0,13,2,0.000000,s13_p2
1779334819.0,13,3,0.056369,s13_p3
1779334819.0,15,4,0.000000,s15_p4
1779334819.0,15,1,0.005638,s15_p1
1779334819.0,15,2,0.000000,s15_p2
1779334819.0,15,3,0.232875,s15_p3
1779334819.0,3,4,0.009631,s3_p4
1779334819.0,3,1,0.005637,s3_p1
1779334819.0,3,2,0.007223,s3_p2
1779334819.0,3,3,0.000000,s3_p3
1779334819.0,4,4,0.038513,s4_p4
1779334819.0,4,1,0.005636,s4_p1
1779334819.0,4,2,0.000000,s4_p2
1779334819.0,4,3,0.019257,s4_p3
1779334819.0,5,4,0.000000,s5_p4
1779334819.0,5,1,0.031290,s5_p1
1779334819.0,5,2,0.086651,s5_p2
1779334819.0,5,3,0.011271,s5_p3
1779334819.0,20,1,0.060172,s20_p1
1779334819.0,20,4,0.589682,s20_p4
1779334819.0,20,2,0.064279,s20_p2
1779334819.0,20,3,0.048137,s20_p3
1779334819.0,7,1,0.005634,s7_p1
1779334819.0,7,4,0.012032,s7_p4
1779334819.0,7,2,0.000000,s7_p2
1779334819.0,7,3,0.040910,s7_p3
1779334819.0,10,4,0.048053,s10_p4
1779334819.0,10,1,0.012013,s10_p1
1779334819.0,10,2,0.000000,s10_p2
1779334819.0,10,3,0.000000,s10_p3
1779334819.0,16,1,0.000000,s16_p1
1779334819.0,16,4,0.088339,s16_p4
1779334819.0,16,2,0.117926,s16_p2
1779334819.0,16,3,0.000000,s16_p3
1779334819.0,18,4,0.000000,s18_p4
1779334819.0,18,1,0.000000,s18_p1
1779334819.0,18,2,0.000000,s18_p2
1779334819.0,18,3,0.000000,s18_p3
1779334819.0,2,1,0.019253,s2_p1
1779334819.0,2,4,0.009627,s2_p4
1779334819.0,2,2,0.000000,s2_p2
1779334819.0,2,3,0.000000,s2_p3
1779334819.0,12,4,0.589251,s12_p4
1779334819.0,12,1,0.012846,s12_p1
1779334819.0,12,2,0.000000,s12_p2
1779334819.0,12,3,0.000000,s12_p3
1779334819.0,17,1,0.124417,s17_p1
1779334819.0,17,4,0.028168,s17_p4
1779334819.0,17,2,0.028168,s17_p2
1779334819.0,17,3,0.589525,s17_p3
1779334819.0,11,4,0.000000,s11_p4
1779334819.0,11,1,0.000000,s11_p1
1779334819.0,11,2,0.005633,s11_p2
1779334819.0,11,3,0.096236,s11_p3
1779334819.0,9,1,0.005632,s9_p1
1779334819.0,9,4,0.000000,s9_p4
1779334819.0,9,2,0.019246,s9_p2
1779334819.0,9,3,0.060143,s9_p3
1779334819.0,12,4,0.000000,s12_p4
1779334819.0,12,1,0.000000,s12_p1
1779334819.0,12,2,0.000000,s12_p2
1779334819.0,12,3,0.000000,s12_p3
1779334819.0,5,4,0.000000,s5_p4
1779334819.0,5,1,0.000000,s5_p1
1779334819.0,5,2,0.000000,s5_p2
1779334819.0,5,3,0.000000,s5_p3
1779334819.0,13,1,0.000000,s13_p1
1779334819.0,13,4,0.000000,s13_p4
1779334819.0,13,2,0.000000,s13_p2
1779334819.0,13,3,0.000000,s13_p3
1779334819.0,6,1,0.000000,s6_p1
1779334819.0,6,4,0.000000,s6_p4
1779334819.0,6,2,0.000000,s6_p2
1779334819.0,6,3,0.000000,s6_p3
1779334819.0,20,1,0.000000,s20_p1
1779334819.0,20,4,0.000000,s20_p4
1779334819.0,20,2,0.000000,s20_p2
1779334819.0,20,3,0.000000,s20_p3
1779334819.0,10,4,0.000000,s10_p4
1779334819.0,10,1,0.000000,s10_p1
1779334819.0,10,2,0.000000,s10_p2
1779334819.0,10,3,0.000000,s10_p3
1779334819.0,19,1,0.000000,s19_p1
1779334819.0,19,4,0.000000,s19_p4
1779334819.0,19,2,0.000000,s19_p2
1779334819.0,19,3,0.000000,s19_p3
1779334819.0,9,1,0.000000,s9_p1
1779334819.0,9,4,0.000000,s9_p4
1779334819.0,9,2,0.000000,s9_p2
1779334819.0,9,3,0.000000,s9_p3
1779334819.0,16,1,0.000000,s16_p1
1779334819.0,16,4,0.000000,s16_p4
1779334819.0,16,2,0.000000,s16_p2
1779334819.0,16,3,0.000000,s16_p3
1779334819.0,11,4,0.000000,s11_p4
1779334819.0,11,1,0.000000,s11_p1
1779334819.0,11,2,0.000000,s11_p2
1779334819.0,11,3,0.000000,s11_p3
1779334819.0,8,4,0.000000,s8_p4
1779334819.0,8,1,0.000000,s8_p1
1779334819.0,8,2,0.000000,s8_p2
1779334819.0,8,3,0.000000,s8_p3
1779334819.0,15,4,0.000000,s15_p4
1779334819.0,15,1,0.000000,s15_p1
1779334819.0,15,2,0.000000,s15_p2
1779334819.0,15,3,0.000000,s15_p3
1779334819.0,2,1,0.000000,s2_p1
1779334819.0,2,4,0.000000,s2_p4
1779334819.0,2,2,0.000000,s2_p2
1779334819.0,2,3,0.000000,s2_p3
1779334819.0,17,1,0.000000,s17_p1
1779334819.0,17,4,0.000000,s17_p4
1779334819.0,17,2,0.000000,s17_p2
1779334819.0,17,3,0.000000,s17_p3
1779334819.0,14,4,0.000000,s14_p4
1779334819.0,14,1,0.000000,s14_p1
1779334819.0,14,2,0.000000,s14_p2
1779334819.0,14,3,0.000000,s14_p3
1779334819.0,7,1,0.000000,s7_p1
1779334819.0,7,4,0.000000,s7_p4
1779334819.0,7,2,0.000000,s7_p2
1779334819.0,7,3,0.000000,s7_p3
1779334819.0,4,4,0.000000,s4_p4
1779334819.0,4,1,0.000000,s4_p1
1779334819.0,4,2,0.000000,s4_p2
1779334819.0,4,3,0.000000,s4_p3
1779334819.0,18,4,0.000000,s18_p4
1779334819.0,18,1,0.000000,s18_p1
1779334819.0,18,2,0.000000,s18_p2
1779334819.0,18,3,0.000000,s18_p3
1779334819.0,3,4,0.000000,s3_p4
1779334819.0,3,1,0.000000,s3_p1
1779334819.0,3,2,0.000000,s3_p2
1779334819.0,3,3,0.000000,s3_p3
1779334819.0,1,4,0.000000,s1_p4
1779334819.0,1,1,0.000000,s1_p1
1779334819.0,1,2,0.000000,s1_p2
1779334819.0,1,3,0.000000,s1_p3
1779334820.0,1,4,0.000000,s1_p4
1779334820.0,1,3,0.000000,s1_p3
1779334820.0,8,4,0.000000,s8_p4
1779334820.0,8,1,0.000000,s8_p1
1779334820.0,8,2,0.000000,s8_p2
1779334820.0,8,3,0.000000,s8_p3
1779334820.0,15,4,0.000000,s15_p4
1779334820.0,15,1,0.000000,s15_p1
1779334820.0,15,2,0.000000,s15_p2
1779334820.0,15,3,0.000000,s15_p3
1779334820.0,5,4,0.000000,s5_p4
1779334820.0,5,1,0.000000,s5_p1
1779334820.0,5,2,0.000000,s5_p2
1779334820.0,5,3,0.000000,s5_p3
1779334820.0,17,1,0.000000,s17_p1
1779334820.0,17,4,0.000000,s17_p4
1779334820.0,17,2,0.000000,s17_p2
1779334820.0,17,3,0.000000,s17_p3
1779334820.0,4,4,0.000000,s4_p4
1779334820.0,4,1,0.000000,s4_p1
1779334820.0,4,2,0.000000,s4_p2
1779334820.0,4,3,0.000000,s4_p3
1779334820.0,13,1,0.000000,s13_p1
1779334820.0,13,4,0.000000,s13_p4
1779334820.0,13,2,0.000000,s13_p2
1779334820.0,13,3,0.000000,s13_p3
1779334820.0,19,1,0.000000,s19_p1
1779334820.0,19,4,0.000000,s19_p4
1779334820.0,19,2,0.000000,s19_p2
1779334820.0,19,3,0.000000,s19_p3
1779334820.0,7,1,0.000000,s7_p1
1779334820.0,7,4,0.000000,s7_p4
1779334820.0,7,2,0.000000,s7_p2
1779334820.0,7,3,0.000000,s7_p3
1779334820.0,6,1,0.000000,s6_p1
1779334820.0,6,4,0.000000,s6_p4
1779334820.0,6,2,0.000000,s6_p2
1779334820.0,6,3,0.000000,s6_p3
1779334820.0,10,4,0.000000,s10_p4
1779334820.0,10,1,0.000000,s10_p1
1779334820.0,10,2,0.000000,s10_p2
1779334820.0,10,3,0.000000,s10_p3
1779334820.0,12,4,0.000000,s12_p4
1779334820.0,12,1,0.000000,s12_p1
1779334820.0,12,2,0.000000,s12_p2
1779334820.0,12,3,0.000000,s12_p3
1779334820.0,14,4,0.000000,s14_p4
1779334820.0,14,1,0.000000,s14_p1
1779334820.0,14,2,0.000000,s14_p2
1779334820.0,14,3,0.000000,s14_p3
1779334820.0,18,4,0.000000,s18_p4
1779334820.0,18,1,0.000000,s18_p1
1779334820.0,18,2,0.000000,s18_p2
1779334820.0,18,3,0.000000,s18_p3
1779334820.0,3,4,0.000000,s3_p4
1779334820.0,3,2,0.000000,s3_p2
1779334820.0,3,3,0.000000,s3_p3
1779334820.0,9,1,0.000000,s9_p1
1779334820.0,9,4,0.000000,s9_p4
1779334820.0,9,2,0.000000,s9_p2
1779334820.0,9,3,0.000000,s9_p3
1779334820.0,16,1,0.000000,s16_p1
1779334820.0,16,4,0.000000,s16_p4
1779334820.0,16,2,0.000000,s16_p2
1779334820.0,16,3,0.000000,s16_p3
1779334820.0,20,1,0.000000,s20_p1
1779334820.0,20,4,0.000000,s20_p4
1779334820.0,20,2,0.000000,s20_p2
1779334820.0,20,3,0.000000,s20_p3
1779334820.0,11,4,0.000000,s11_p4
1779334820.0,11,1,0.000000,s11_p1
1779334820.0,11,2,0.000000,s11_p2
1779334820.0,11,3,0.000000,s11_p3
1779334820.0,2,4,0.000000,s2_p4
1779334820.0,2,3,0.000000,s2_p3
1779334820.0,19,1,0.000000,s19_p1
1779334820.0,19,4,0.000000,s19_p4
1779334820.0,19,2,0.000000,s19_p2
1779334820.0,19,3,0.000000,s19_p3
1779334820.0,14,4,0.000000,s14_p4
1779334820.0,14,1,0.000000,s14_p1
1779334820.0,14,2,0.000000,s14_p2
1779334820.0,14,3,0.000000,s14_p3
1779334820.0,10,4,0.000000,s10_p4
1779334820.0,10,1,0.000000,s10_p1
1779334820.0,10,2,0.000000,s10_p2
1779334820.0,10,3,0.000000,s10_p3
1779334820.0,6,4,0.000000,s6_p4
1779334820.0,6,2,0.000000,s6_p2
1779334820.0,6,3,0.000000,s6_p3
1779334820.0,7,1,0.000000,s7_p1
1779334820.0,7,4,0.000000,s7_p4
1779334820.0,7,2,0.000000,s7_p2
1779334820.0,7,3,0.000000,s7_p3
1779334820.0,20,1,0.000000,s20_p1
1779334820.0,20,4,0.000000,s20_p4
1779334820.0,20,2,0.000000,s20_p2
1779334820.0,20,3,0.000000,s20_p3
1779334820.0,3,4,0.000000,s3_p4
1779334820.0,3,3,0.000000,s3_p3
1779334820.0,15,4,0.000000,s15_p4
1779334820.0,15,1,0.000000,s15_p1
1779334820.0,15,2,0.000000,s15_p2
1779334820.0,15,3,0.000000,s15_p3
1779334820.0,18,4,0.000000,s18_p4
1779334820.0,18,1,0.000000,s18_p1
1779334820.0,18,2,0.000000,s18_p2
1779334820.0,18,3,0.000000,s18_p3
1779334820.0,13,1,0.000000,s13_p1
1779334820.0,13,4,0.000000,s13_p4
1779334820.0,13,2,0.000000,s13_p2
1779334820.0,13,3,0.000000,s13_p3
1779334820.0,1,4,0.000000,s1_p4
1779334820.0,1,3,0.000000,s1_p3
1779334820.0,8,4,0.000000,s8_p4
1779334820.0,8,1,0.000000,s8_p1
1779334820.0,8,2,0.000000,s8_p2
1779334820.0,8,3,0.000000,s8_p3
1779334820.0,16,1,0.000000,s16_p1
1779334820.0,16,4,0.000000,s16_p4
1779334820.0,16,2,0.000000,s16_p2
1779334820.0,16,3,0.000000,s16_p3
1779334820.0,11,4,0.000000,s11_p4
1779334820.0,11,1,0.000000,s11_p1
1779334820.0,11,2,0.000000,s11_p2
1779334820.0,11,3,0.000000,s11_p3
1779334820.0,9,1,0.000000,s9_p1
1779334820.0,9,4,0.000000,s9_p4
1779334820.0,9,2,0.000000,s9_p2
1779334820.0,9,3,0.000000,s9_p3
1779334820.0,5,4,0.000000,s5_p4
1779334820.0,5,3,0.000000,s5_p3
1779334820.0,12,4,0.000000,s12_p4
1779334820.0,12,1,0.000000,s12_p1
1779334820.0,12,2,0.000000,s12_p2
1779334820.0,12,3,0.000000,s12_p3
1779334820.0,4,4,0.000000,s4_p4
1779334820.0,4,3,0.000000,s4_p3
1779334820.0,2,4,0.000000,s2_p4
1779334820.0,2,3,0.000000,s2_p3
1779334820.0,17,1,0.000000,s17_p1
1779334820.0,17,4,0.000000,s17_p4
1779334820.0,17,2,0.000000,s17_p2
1779334820.0,17,3,0.000000,s17_p3
1779334821.0,19,1,0.000000,s19_p1
1779334821.0,19,4,0.000000,s19_p4
1779334821.0,19,2,0.000000,s19_p2
1779334821.0,19,3,0.000000,s19_p3
1779334821.0,6,4,0.000000,s6_p4
1779334821.0,6,3,0.000000,s6_p3
1779334821.0,10,4,0.000000,s10_p4
1779334821.0,10,3,0.000000,s10_p3
1779334821.0,14,4,0.000000,s14_p4
1779334821.0,14,1,0.000000,s14_p1
1779334821.0,14,2,0.000000,s14_p2
1779334821.0,14,3,0.000000,s14_p3
1779334821.0,15,4,0.000000,s15_p4
1779334821.0,15,1,0.000000,s15_p1
1779334821.0,15,2,0.000000,s15_p2
1779334821.0,15,3,0.000000,s15_p3
1779334821.0,8,4,0.000000,s8_p4
1779334821.0,8,3,0.000000,s8_p3
1779334821.0,13,1,0.000000,s13_p1
1779334821.0,13,4,0.000000,s13_p4
1779334821.0,13,2,0.000000,s13_p2
1779334821.0,13,3,0.000000,s13_p3
1779334821.0,18,4,0.000000,s18_p4
1779334821.0,18,1,0.000000,s18_p1
1779334821.0,18,2,0.000000,s18_p2
1779334821.0,18,3,0.000000,s18_p3
1779334821.0,11,4,0.000000,s11_p4
1779334821.0,11,3,0.000000,s11_p3
1779334821.0,12,4,0.000000,s12_p4
1779334821.0,12,2,0.000000,s12_p2
1779334821.0,12,3,0.000000,s12_p3
1779334821.0,17,1,0.000000,s17_p1
1779334821.0,17,4,0.000000,s17_p4
1779334821.0,17,2,0.000000,s17_p2
1779334821.0,17,3,0.000000,s17_p3
1779334821.0,9,4,0.000000,s9_p4
1779334821.0,9,3,0.000000,s9_p3
1779334821.0,7,4,0.000000,s7_p4
1779334821.0,7,3,0.000000,s7_p3
1779334821.0,5,4,0.000000,s5_p4
1779334821.0,5,3,0.000000,s5_p3
1779334821.0,16,1,0.000000,s16_p1
1779334821.0,16,4,0.000000,s16_p4
1779334821.0,16,2,0.000000,s16_p2
1779334821.0,16,3,0.000000,s16_p3
1779334821.0,4,4,0.000000,s4_p4
1779334821.0,20,1,0.000000,s20_p1
1779334821.0,20,4,0.000000,s20_p4
1779334821.0,20,2,0.000000,s20_p2
1779334821.0,20,3,0.000000,s20_p3
1779334821.0,10,4,0.000000,s10_p4
1779334821.0,10,3,0.000000,s10_p3
1779334821.0,14,4,0.000000,s14_p4
1779334821.0,14,3,0.000000,s14_p3
1779334821.0,19,1,0.000000,s19_p1
1779334821.0,19,4,0.000000,s19_p4
1779334821.0,19,2,0.000000,s19_p2
1779334821.0,19,3,0.000000,s19_p3
1779334821.0,13,4,0.000000,s13_p4
1779334821.0,13,3,0.000000,s13_p3
1779334821.0,15,4,0.000000,s15_p4
1779334821.0,15,3,0.000000,s15_p3
1779334821.0,8,4,0.000000,s8_p4
1779334821.0,20,1,0.000000,s20_p1
1779334821.0,20,4,0.000000,s20_p4
1779334821.0,20,2,0.000000,s20_p2
1779334821.0,20,3,0.000000,s20_p3
1779334821.0,18,4,0.000000,s18_p4
1779334821.0,18,1,0.000000,s18_p1
1779334821.0,18,2,0.000000,s18_p2
1779334821.0,18,3,0.000000,s18_p3
1779334821.0,16,4,0.000000,s16_p4
1779334821.0,16,2,0.000000,s16_p2
1779334821.0,16,3,0.000000,s16_p3
1779334821.0,9,4,0.000000,s9_p4
1779334821.0,9,3,0.000000,s9_p3
1779334821.0,12,4,0.000000,s12_p4
1779334821.0,12,3,0.000000,s12_p3
1779334821.0,17,1,0.000000,s17_p1
1779334821.0,17,4,0.000000,s17_p4
1779334821.0,17,2,0.000000,s17_p2
1779334821.0,17,3,0.000000,s17_p3
1779334821.0,11,4,0.000000,s11_p4
1779334821.0,11,3,0.000000,s11_p3
1779334822.0,19,4,0.000000,s19_p4
1779334822.0,19,2,0.000000,s19_p2
1779334822.0,19,3,0.000000,s19_p3
1779334822.0,13,4,0.000000,s13_p4
1779334822.0,13,3,0.000000,s13_p3
1779334822.0,20,4,0.000000,s20_p4
1779334822.0,20,2,0.000000,s20_p2
1779334822.0,20,3,0.000000,s20_p3
1779334822.0,14,4,0.000000,s14_p4
1779334822.0,14,3,0.000000,s14_p3
1779334822.0,15,4,0.000000,s15_p4
1779334822.0,15,3,0.000000,s15_p3
1779334822.0,12,4,0.000000,s12_p4
1779334822.0,12,3,0.000000,s12_p3
1779334822.0,11,4,0.000000,s11_p4
1779334822.0,17,4,0.000000,s17_p4
1779334822.0,17,3,0.000000,s17_p3
1779334822.0,16,4,0.000000,s16_p4
1779334822.0,16,3,0.000000,s16_p3
1779334822.0,18,4,0.000000,s18_p4
1779334822.0,18,2,0.000000,s18_p2
1779334822.0,18,3,0.000000,s18_p3
1779334822.0,19,4,0.000000,s19_p4
1779334822.0,16,4,0.000000,s16_p4
1779334822.0,16,3,0.000000,s16_p3
1779334822.0,18,4,0.000000,s18_p4
1779334822.0,17,4,0.000000,s17_p4
1779334822.0,15,4,0.000000,s15_p4
1779334822.0,15,3,0.000000,s15_p3
1779334822.0,20,4,0.000000,s20_p4
