timestamp,dpid,port_no,utilization,link_label
1779161460,1,4,0.000032,edge_s1_p4
1779161460,1,1,0.000032,s1_p1_edge
1779161460,1,2,0.000032,s1_p2_edge
1779161460,1,3,0.000032,edge_s1_p3
1779161460,16,1,0.000032,agg_s16_p1
1779161460,16,4,0.000032,s16_p4_edge
1779161460,16,2,0.000032,agg_s16_p2
1779161460,16,3,0.000032,s16_p3_edge
1779161460,3,4,0.000032,edge_s3_p4
1779161460,3,1,0.000032,s3_p1_edge
1779161460,3,2,0.000032,s3_p2_edge
1779161460,3,3,0.000016,edge_s3_p3
1779161460,4,4,0.000032,edge_s4_p4
1779161460,4,1,0.000032,s4_p1_edge
1779161460,4,2,0.000032,s4_p2_edge
1779161460,4,3,0.000016,edge_s4_p3
1779161460,18,4,0.000032,s18_p4_edge
1779161460,18,1,0.000032,core_s18_p1
1779161460,18,2,0.000032,core_s18_p2
1779161460,18,3,0.000032,s18_p3_edge
1779161460,2,1,0.000032,s2_p1_edge
1779161460,2,4,0.000032,edge_s2_p4
1779161460,2,2,0.000032,s2_p2_edge
1779161460,2,3,0.000032,edge_s2_p3
1779161460,9,4,0.000016,agg_s9_p4
1779161460,9,1,0.000016,agg_s9_p1
1779161460,9,2,0.000016,agg_s9_p2
1779161460,9,3,0.000016,agg_s9_p3
1779161460,17,4,0.000016,core_s17_p4
1779161460,17,1,0.000016,core_s17_p1
1779161460,17,2,0.000016,core_s17_p2
1779161460,17,3,0.000016,core_s17_p3
1779161460,21,4,0.000016,core_s21_p4
1779161460,21,1,0.000016,core_s21_p1
1779161460,21,2,0.000016,core_s21_p2
1779161460,21,3,0.000016,core_s21_p3
1779161460,19,4,0.000016,core_s19_p4
1779161460,19,1,0.000016,core_s19_p1
1779161460,19,2,0.000016,core_s19_p2
1779161460,19,3,0.000016,core_s19_p3
1779161460,16,1,0.000016,agg_s16_p1
1779161460,16,4,0.000016,agg_s16_p4
1779161460,16,2,0.000016,agg_s16_p2
1779161460,16,3,0.000016,agg_s16_p3
1779161460,4,4,0.000016,edge_s4_p4
1779161460,4,3,0.000016,edge_s4_p3
1779161460,5,4,0.000016,edge_s5_p4
1779161460,5,1,0.000016,s5_p1_edge
1779161460,5,2,0.000016,s5_p2_edge
1779161460,5,3,0.000016,edge_s5_p3
1779161460,24,1,0.000016,core_s24_p1
1779161460,24,4,0.000016,core_s24_p4
1779161460,24,2,0.000016,core_s24_p2
1779161460,24,3,0.000016,core_s24_p3
1779161460,18,4,0.000016,core_s18_p4
1779161460,18,1,0.000016,core_s18_p1
1779161460,18,2,0.000016,core_s18_p2
1779161460,18,3,0.000016,core_s18_p3
1779161460,17,4,0.000016,core_s17_p4
1779161460,17,1,0.000016,core_s17_p1
1779161460,17,2,0.000016,core_s17_p2
1779161460,17,3,0.000016,core_s17_p3
1779161460,23,1,0.000016,core_s23_p1
1779161460,23,4,0.000016,core_s23_p4
1779161460,23,2,0.000016,core_s23_p2
1779161460,23,3,0.000016,core_s23_p3
1779161460,22,1,0.000016,core_s22_p1
1779161460,22,4,0.000016,core_s22_p4
1779161460,22,2,0.000016,core_s22_p2
1779161460,22,3,0.000016,core_s22_p3
1779161460,2,4,0.000016,edge_s2_p4
1779161460,2,3,0.000016,edge_s2_p3
1779161460,6,1,0.000016,s6_p1_edge
1779161460,6,4,0.000016,edge_s6_p4
1779161460,6,2,0.000016,s6_p2_edge
1779161460,6,3,0.000016,edge_s6_p3
1779161460,25,1,0.000016,core_s25_p1
1779161460,25,4,0.000016,core_s25_p4
1779161460,25,2,0.000016,core_s25_p2
1779161460,25,3,0.000016,core_s25_p3
1779161460,9,4,0.000016,agg_s9_p4
1779161460,9,1,0.000016,agg_s9_p1
1779161460,9,2,0.000016,agg_s9_p2
1779161460,9,3,0.000016,agg_s9_p3
1779161460,1,4,0.000016,edge_s1_p4
1779161460,1,1,0.000016,s1_p1_edge
1779161460,1,2,0.000016,s1_p2_edge
1779161460,1,3,0.000016,edge_s1_p3
1779161460,3,4,0.000016,edge_s3_p4
1779161460,3,1,0.000016,s3_p1_edge
1779161460,3,2,0.000016,s3_p2_edge
1779161460,3,3,0.000016,edge_s3_p3
1779161460,20,1,0.000016,core_s20_p1
1779161460,8,4,0.000016,edge_s8_p4
1779161460,8,1,0.000016,s8_p1_edge
1779161460,8,2,0.000016,s8_p2_edge
1779161460,8,3,0.000016,edge_s8_p3
1779161460,32,1,0.000016,core_s32_p1
1779161460,32,4,0.000016,core_s32_p4
1779161460,32,2,0.000016,core_s32_p2
1779161460,32,3,0.000016,core_s32_p3
1779161460,7,1,0.000016,s7_p1_edge
1779161460,7,4,0.000016,edge_s7_p4
1779161460,7,2,0.000016,s7_p2_edge
1779161460,7,3,0.000016,edge_s7_p3
1779161465,6,1,0.000010,s6_p1_edge
1779161465,6,4,0.000010,edge_s6_p4
1779161465,6,2,0.000010,s6_p2_edge
1779161465,6,3,0.000019,edge_s6_p3
1779161465,19,4,0.000010,core_s19_p4
1779161465,19,1,0.000010,core_s19_p1
1779161465,19,2,0.000010,core_s19_p2
1779161465,19,3,0.000010,core_s19_p3
1779161465,8,4,0.000010,edge_s8_p4
1779161465,8,1,0.000010,s8_p1_edge
1779161465,8,2,0.000010,s8_p2_edge
1779161465,8,3,0.000010,edge_s8_p3
1779161465,7,1,0.000010,s7_p1_edge
1779161465,7,4,0.000010,edge_s7_p4
1779161465,7,2,0.000010,s7_p2_edge
1779161465,7,3,0.000010,edge_s7_p3
1779161465,20,1,0.000019,core_s20_p1
1779161465,20,4,0.000019,core_s20_p4
1779161465,20,2,0.000019,core_s20_p2
1779161465,20,3,0.000019,core_s20_p3
1779161465,16,1,0.000010,agg_s16_p1
1779161465,16,4,0.000010,agg_s16_p4
1779161465,16,2,0.000010,agg_s16_p2
1779161465,16,3,0.000010,agg_s16_p3
1779161465,3,4,0.000010,edge_s3_p4
1779161465,3,1,0.000010,s3_p1_edge
1779161465,3,2,0.000010,s3_p2_edge
1779161465,3,3,0.000019,edge_s3_p3
1779161465,21,4,0.000010,core_s21_p4
1779161465,21,1,0.000010,core_s21_p1
1779161465,21,2,0.000010,core_s21_p2
1779161465,21,3,0.000010,core_s21_p3
1779161465,1,4,0.000010,edge_s1_p4
1779161465,1,1,0.000010,s1_p1_edge
1779161465,1,2,0.000010,s1_p2_edge
1779161465,1,3,0.000010,edge_s1_p3
1779161465,2,1,0.000019,s2_p1_edge
1779161465,2,4,0.000010,edge_s2_p4
1779161465,2,2,0.000019,s2_p2_edge
1779161465,2,3,0.000010,edge_s2_p3
1779161465,32,1,0.000010,core_s32_p1
1779161465,32,4,0.000010,core_s32_p4
1779161465,32,2,0.000010,core_s32_p2
1779161465,32,3,0.000010,core_s32_p3
1779161465,5,4,0.000010,edge_s5_p4
1779161465,5,1,0.000010,s5_p1_edge
1779161465,5,2,0.000010,s5_p2_edge
1779161465,5,3,0.000019,edge_s5_p3
1779161465,4,4,0.000010,edge_s4_p4
1779161465,4,1,0.000019,s4_p1_edge
1779161465,4,2,0.000019,s4_p2_edge
1779161465,4,3,0.000019,edge_s4_p3
1779161465,23,1,0.000010,core_s23_p1
1779161465,23,4,0.000010,core_s23_p4
1779161465,23,2,0.000010,core_s23_p2
1779161465,23,3,0.000010,core_s23_p3
1779161465,24,1,0.000010,core_s24_p1
1779161465,24,4,0.000010,core_s24_p4
1779161465,24,2,0.000010,core_s24_p2
1779161465,24,3,0.000010,core_s24_p3
1779161465,9,4,0.000010,agg_s9_p4
1779161465,9,1,0.000010,agg_s9_p1
1779161465,9,2,0.000010,agg_s9_p2
1779161465,9,3,0.000019,agg_s9_p3
1779161465,22,1,0.000010,core_s22_p1
1779161465,22,4,0.000010,core_s22_p4
1779161465,22,2,0.000010,core_s22_p2
1779161465,22,3,0.000010,core_s22_p3
1779161465,18,4,0.000010,core_s18_p4
1779161465,18,1,0.000010,core_s18_p1
1779161465,18,2,0.000010,core_s18_p2
1779161465,18,3,0.000010,core_s18_p3
1779161465,17,4,0.000019,core_s17_p4
1779161465,17,1,0.000019,core_s17_p1
1779161465,17,2,0.000019,core_s17_p2
1779161465,17,3,0.000019,core_s17_p3
1779161465,25,1,0.000010,core_s25_p1
1779161465,25,4,0.000010,core_s25_p4
1779161465,25,2,0.000010,core_s25_p2
1779161465,25,3,0.000010,core_s25_p3
1779161470,6,1,0.000010,s6_p1_edge
1779161470,6,4,0.000010,edge_s6_p4
1779161470,6,2,0.000010,s6_p2_edge
1779161470,6,3,0.000010,edge_s6_p3
1779161470,1,4,0.000010,edge_s1_p4
1779161470,1,1,0.000010,s1_p1_edge
1779161470,1,2,0.000010,s1_p2_edge
1779161470,1,3,0.000010,edge_s1_p3
1779161470,20,1,0.000010,core_s20_p1
1779161470,20,4,0.000010,core_s20_p4
1779161470,20,2,0.000010,core_s20_p2
1779161470,20,3,0.000010,core_s20_p3
1779161470,3,4,0.000010,edge_s3_p4
1779161470,3,1,0.000010,s3_p1_edge
1779161470,3,2,0.000010,s3_p2_edge
1779161470,3,3,0.000010,edge_s3_p3
1779161470,16,1,0.000010,agg_s16_p1
1779161470,16,4,0.000010,agg_s16_p4
1779161470,16,2,0.000010,agg_s16_p2
1779161470,16,3,0.000010,agg_s16_p3
1779161470,21,4,0.000019,core_s21_p4
1779161470,21,1,0.000010,core_s21_p1
1779161470,21,2,0.000010,core_s21_p2
1779161470,21,3,0.000019,core_s21_p3
1779161470,18,4,0.000010,core_s18_p4
1779161470,18,1,0.000010,core_s18_p1
1779161470,18,2,0.000010,core_s18_p2
1779161470,18,3,0.000010,core_s18_p3
1779161470,19,4,0.000010,core_s19_p4
1779161470,19,1,0.000010,core_s19_p1
1779161470,19,2,0.000010,core_s19_p2
1779161470,19,3,0.000010,core_s19_p3
1779161470,24,1,0.000010,core_s24_p1
1779161470,24,4,0.000010,core_s24_p4
1779161470,24,2,0.000010,core_s24_p2
1779161470,24,3,0.000010,core_s24_p3
1779161470,8,4,0.000019,edge_s8_p4
1779161470,8,1,0.000010,s8_p1_edge
1779161470,8,2,0.000010,s8_p2_edge
1779161470,8,3,0.000019,edge_s8_p3
1779161470,2,1,0.000010,s2_p1_edge
1779161470,2,4,0.000010,edge_s2_p4
1779161470,2,2,0.000010,s2_p2_edge
1779161470,2,3,0.000010,edge_s2_p3
1779161470,22,1,0.000010,core_s22_p1
1779161470,22,4,0.000010,core_s22_p4
1779161470,22,2,0.000010,core_s22_p2
1779161470,22,3,0.000010,core_s22_p3
1779161470,25,1,0.000019,core_s25_p1
1779161470,25,4,0.000019,core_s25_p4
1779161470,25,2,0.000019,core_s25_p2
1779161470,25,3,0.000019,core_s25_p3
1779161470,5,4,0.000010,edge_s5_p4
1779161470,5,1,0.000010,s5_p1_edge
1779161470,5,2,0.000010,s5_p2_edge
1779161470,5,3,0.000010,edge_s5_p3
1779161470,23,1,0.000010,core_s23_p1
1779161470,23,4,0.000010,core_s23_p4
1779161470,23,2,0.000010,core_s23_p2
1779161470,23,3,0.000010,core_s23_p3
1779161470,7,1,0.000010,s7_p1_edge
1779161470,7,4,0.000019,edge_s7_p4
1779161470,7,2,0.000010,s7_p2_edge
1779161470,7,3,0.000019,edge_s7_p3
1779161470,4,4,0.000010,edge_s4_p4
1779161470,4,1,0.000010,s4_p1_edge
1779161470,4,2,0.000010,s4_p2_edge
1779161470,4,3,0.000010,edge_s4_p3
1779161470,9,4,0.000019,agg_s9_p4
1779161470,9,1,0.000019,agg_s9_p1
1779161470,9,2,0.000019,agg_s9_p2
1779161470,9,3,0.000010,agg_s9_p3
1779161470,32,1,0.000019,core_s32_p1
1779161470,32,4,0.000019,core_s32_p4
1779161470,32,2,0.000019,core_s32_p2
1779161470,32,3,0.000019,core_s32_p3
1779161470,17,4,0.000010,core_s17_p4
1779161470,17,1,0.000010,core_s17_p1
1779161470,17,2,0.000010,core_s17_p2
1779161470,17,3,0.000010,core_s17_p3
1779161475,25,1,0.000012,core_s25_p1
1779161475,25,4,0.000012,core_s25_p4
1779161475,25,2,0.000012,core_s25_p2
1779161475,25,3,0.000012,core_s25_p3
1779161475,6,1,0.000012,s6_p1_edge
1779161475,6,4,0.000025,edge_s6_p4
1779161475,6,2,0.000012,s6_p2_edge
1779161475,6,3,0.000012,edge_s6_p3
1779161475,20,1,0.000012,core_s20_p1
1779161475,20,4,0.000012,core_s20_p4
1779161475,20,2,0.000012,core_s20_p2
1779161475,20,3,0.000012,core_s20_p3
1779161475,7,1,0.000025,s7_p1_edge
1779161475,7,4,0.000012,edge_s7_p4
1779161475,7,2,0.000025,s7_p2_edge
1779161475,7,3,0.000012,edge_s7_p3
1779161475,32,1,0.000012,core_s32_p1
1779161475,32,4,0.000012,core_s32_p4
1779161475,32,2,0.000012,core_s32_p2
1779161475,32,3,0.000012,core_s32_p3
1779161475,16,1,0.000012,agg_s16_p1
1779161475,16,4,0.000025,agg_s16_p4
1779161475,16,2,0.000025,agg_s16_p2
1779161475,16,3,0.000025,agg_s16_p3
1779161475,21,4,0.000012,core_s21_p4
1779161475,21,1,0.000012,core_s21_p1
1779161475,21,2,0.000012,core_s21_p2
1779161475,21,3,0.000012,core_s21_p3
1779161475,1,4,0.000012,edge_s1_p4
1779161475,1,1,0.000012,s1_p1_edge
1779161475,1,2,0.000012,s1_p2_edge
1779161475,1,3,0.000025,edge_s1_p3
1779161475,8,4,0.000012,edge_s8_p4
1779161475,8,1,0.000025,s8_p1_edge
1779161475,8,2,0.000025,s8_p2_edge
1779161475,8,3,0.000012,edge_s8_p3
1779161475,19,4,0.000012,core_s19_p4
1779161475,19,1,0.000012,core_s19_p1
1779161475,19,2,0.000012,core_s19_p2
1779161475,19,3,0.000012,core_s19_p3
1779161475,3,4,0.000025,edge_s3_p4
1779161475,3,1,0.000012,s3_p1_edge
1779161475,3,2,0.000012,s3_p2_edge
1779161475,3,3,0.000012,edge_s3_p3
1779161475,22,1,0.000012,core_s22_p1
1779161475,22,4,0.000012,core_s22_p4
1779161475,22,2,0.000012,core_s22_p2
1779161475,22,3,0.000012,core_s22_p3
1779161475,4,4,0.000025,edge_s4_p4
1779161475,4,1,0.000012,s4_p1_edge
1779161475,4,2,0.000012,s4_p2_edge
1779161475,4,3,0.000012,edge_s4_p3
1779161475,9,4,0.000012,agg_s9_p4
1779161475,9,1,0.000012,agg_s9_p1
1779161475,9,2,0.000012,agg_s9_p2
1779161475,9,3,0.000012,agg_s9_p3
1779161475,5,4,0.000025,edge_s5_p4
1779161475,5,1,0.000012,s5_p1_edge
1779161475,5,2,0.000012,s5_p2_edge
1779161475,5,3,0.000012,edge_s5_p3
1779161475,2,1,0.000012,s2_p1_edge
1779161475,2,4,0.000012,edge_s2_p4
1779161475,2,2,0.000012,s2_p2_edge
1779161475,2,3,0.000025,edge_s2_p3
1779161475,17,4,0.000012,core_s17_p4
1779161475,17,1,0.000012,core_s17_p1
1779161475,17,2,0.000012,core_s17_p2
1779161475,17,3,0.000012,core_s17_p3
1779161475,18,4,0.000025,core_s18_p4
1779161475,18,1,0.000025,core_s18_p1
1779161475,18,2,0.000025,core_s18_p2
1779161475,18,3,0.000025,core_s18_p3
1779161475,23,1,0.000012,core_s23_p1
1779161475,23,4,0.000012,core_s23_p4
1779161475,23,2,0.000012,core_s23_p2
1779161475,23,3,0.000012,core_s23_p3
1779161475,24,1,0.000012,core_s24_p1
1779161475,24,4,0.000012,core_s24_p4
1779161475,24,2,0.000012,core_s24_p2
1779161475,24,3,0.000012,core_s24_p3
1779161480,1,4,0.000019,edge_s1_p4
1779161480,1,1,0.000010,s1_p1_edge
1779161480,1,2,0.000010,s1_p2_edge
1779161480,1,3,0.000010,edge_s1_p3
1779161480,6,1,0.000010,s6_p1_edge
1779161480,6,4,0.000010,edge_s6_p4
1779161480,6,2,0.000010,s6_p2_edge
1779161480,6,3,0.000010,edge_s6_p3
1779161480,8,4,0.000010,edge_s8_p4
1779161480,8,1,0.000010,s8_p1_edge
1779161480,8,2,0.000010,s8_p2_edge
1779161480,8,3,0.000010,edge_s8_p3
1779161480,20,1,0.000010,core_s20_p1
1779161480,20,4,0.000010,core_s20_p4
1779161480,20,2,0.000010,core_s20_p2
1779161480,20,3,0.000010,core_s20_p3
1779161480,25,1,0.000010,core_s25_p1
1779161480,25,4,0.000010,core_s25_p4
1779161480,25,2,0.000010,core_s25_p2
1779161480,25,3,0.000010,core_s25_p3
1779161480,3,4,0.000010,edge_s3_p4
1779161480,3,1,0.000010,s3_p1_edge
1779161480,3,2,0.000010,s3_p2_edge
1779161480,3,3,0.000010,edge_s3_p3
1779161480,16,1,0.000019,agg_s16_p1
1779161480,16,4,0.000010,agg_s16_p4
1779161480,16,2,0.000010,agg_s16_p2
1779161480,16,3,0.000010,agg_s16_p3
1779161480,32,1,0.000010,core_s32_p1
1779161480,32,4,0.000010,core_s32_p4
1779161480,32,2,0.000010,core_s32_p2
1779161480,32,3,0.000010,core_s32_p3
1779161480,7,1,0.000010,s7_p1_edge
1779161480,7,4,0.000010,edge_s7_p4
1779161480,7,2,0.000010,s7_p2_edge
1779161480,7,3,0.000010,edge_s7_p3
1779161480,4,4,0.000010,edge_s4_p4
1779161480,4,1,0.000010,s4_p1_edge
1779161480,4,2,0.000010,s4_p2_edge
1779161480,4,3,0.000010,edge_s4_p3
1779161480,19,4,0.000010,core_s19_p4
1779161480,19,1,0.000010,core_s19_p1
1779161480,19,2,0.000010,core_s19_p2
1779161480,19,3,0.000010,core_s19_p3
1779161480,21,4,0.000010,core_s21_p4
1779161480,21,1,0.000010,core_s21_p1
1779161480,21,2,0.000019,core_s21_p2
1779161480,21,3,0.000010,core_s21_p3
1779161480,2,1,0.000010,s2_p1_edge
1779161480,2,4,0.000019,edge_s2_p4
1779161480,2,2,0.000010,s2_p2_edge
1779161480,2,3,0.000010,edge_s2_p3
1779161480,22,1,0.000019,core_s22_p1
1779161480,22,4,0.000019,core_s22_p4
1779161480,22,2,0.000019,core_s22_p2
1779161480,22,3,0.000019,core_s22_p3
1779161480,24,1,0.000019,core_s24_p1
1779161480,24,4,0.000019,core_s24_p4
1779161480,24,2,0.000019,core_s24_p2
1779161480,24,3,0.000019,core_s24_p3
1779161480,17,4,0.000010,core_s17_p4
1779161480,17,1,0.000010,core_s17_p1
1779161480,17,2,0.000010,core_s17_p2
1779161480,17,3,0.000010,core_s17_p3
1779161480,18,4,0.000010,core_s18_p4
1779161480,18,1,0.000010,core_s18_p1
1779161480,18,2,0.000010,core_s18_p2
1779161480,18,3,0.000010,core_s18_p3
1779161480,5,4,0.000010,edge_s5_p4
1779161480,5,1,0.000010,s5_p1_edge
1779161480,5,2,0.000010,s5_p2_edge
1779161480,5,3,0.000010,edge_s5_p3
1779161480,23,1,0.000019,core_s23_p1
1779161480,23,4,0.000019,core_s23_p4
1779161480,23,2,0.000019,core_s23_p2
1779161480,23,3,0.000019,core_s23_p3
1779161480,9,4,0.000010,agg_s9_p4
1779161480,9,1,0.000010,agg_s9_p1
1779161480,9,2,0.000010,agg_s9_p2
1779161480,9,3,0.000010,agg_s9_p3
1779161485,25,1,0.000010,core_s25_p1
1779161485,25,4,0.000010,core_s25_p4
1779161485,25,2,0.000010,core_s25_p2
1779161485,25,3,0.000010,core_s25_p3
1779161485,3,4,0.000010,edge_s3_p4
1779161485,3,1,0.000019,s3_p1_edge
1779161485,3,2,0.000019,s3_p2_edge
1779161485,3,3,0.000010,edge_s3_p3
1779161485,20,1,0.000010,core_s20_p1
1779161485,20,4,0.000010,core_s20_p4
1779161485,20,2,0.000010,core_s20_p2
1779161485,20,3,0.000010,core_s20_p3
1779161485,1,4,0.000010,edge_s1_p4
1779161485,1,1,0.000019,s1_p1_edge
1779161485,1,2,0.000019,s1_p2_edge
1779161485,1,3,0.000010,edge_s1_p3
1779161485,6,1,0.000019,s6_p1_edge
1779161485,6,4,0.000010,edge_s6_p4
1779161485,6,2,0.000019,s6_p2_edge
1779161485,6,3,0.000010,edge_s6_p3
1779161485,7,1,0.000010,s7_p1_edge
1779161485,7,4,0.000010,edge_s7_p4
1779161485,7,2,0.000010,s7_p2_edge
1779161485,7,3,0.000010,edge_s7_p3
1779161485,16,1,0.000010,agg_s16_p1
1779161485,16,4,0.000010,agg_s16_p4
1779161485,16,2,0.000010,agg_s16_p2
1779161485,16,3,0.000010,agg_s16_p3
1779161485,19,4,0.000019,core_s19_p4
1779161485,19,1,0.000019,core_s19_p1
1779161485,19,2,0.000019,core_s19_p2
1779161485,19,3,0.000019,core_s19_p3
1779161485,8,4,0.000010,edge_s8_p4
1779161485,8,1,0.000010,s8_p1_edge
1779161485,8,2,0.000010,s8_p2_edge
1779161485,8,3,0.000010,edge_s8_p3
1779161485,4,4,0.000010,edge_s4_p4
1779161485,4,1,0.000019,s4_p1_edge
1779161485,4,2,0.000019,s4_p2_edge
1779161485,4,3,0.000010,edge_s4_p3
1779161485,21,4,0.000010,core_s21_p4
1779161485,21,1,0.000019,core_s21_p1
1779161485,21,2,0.000010,core_s21_p2
1779161485,21,3,0.000010,core_s21_p3
1779161485,2,1,0.000019,s2_p1_edge
1779161485,2,4,0.000010,edge_s2_p4
1779161485,2,2,0.000019,s2_p2_edge
1779161485,2,3,0.000010,edge_s2_p3
1779161485,32,1,0.000010,core_s32_p1
1779161485,32,4,0.000010,core_s32_p4
1779161485,32,2,0.000010,core_s32_p2
1779161485,32,3,0.000010,core_s32_p3
1779161485,17,4,0.000010,core_s17_p4
1779161485,17,1,0.000010,core_s17_p1
1779161485,17,2,0.000010,core_s17_p2
1779161485,17,3,0.000010,core_s17_p3
1779161485,22,1,0.000010,core_s22_p1
1779161485,22,4,0.000010,core_s22_p4
1779161485,22,2,0.000010,core_s22_p2
1779161485,22,3,0.000010,core_s22_p3
1779161485,9,4,0.000010,agg_s9_p4
1779161485,9,1,0.000010,agg_s9_p1
1779161485,9,2,0.000010,agg_s9_p2
1779161485,9,3,0.000010,agg_s9_p3
1779161485,5,4,0.000010,edge_s5_p4
1779161485,5,1,0.000019,s5_p1_edge
1779161485,5,2,0.000019,s5_p2_edge
1779161485,5,3,0.000010,edge_s5_p3
1779161485,24,1,0.000010,core_s24_p1
1779161485,24,4,0.000010,core_s24_p4
1779161485,24,2,0.000010,core_s24_p2
1779161485,24,3,0.000010,core_s24_p3
1779161485,23,1,0.000010,core_s23_p1
1779161485,23,4,0.000010,core_s23_p4
1779161485,23,2,0.000010,core_s23_p2
1779161485,23,3,0.000010,core_s23_p3
1779161485,18,4,0.000010,core_s18_p4
1779161485,18,1,0.000010,core_s18_p1
1779161485,18,2,0.000010,core_s18_p2
1779161485,18,3,0.000010,core_s18_p3
1779161490,1,4,0.000010,edge_s1_p4
1779161490,1,1,0.000010,s1_p1_edge
1779161490,1,2,0.000010,s1_p2_edge
1779161490,1,3,0.000010,edge_s1_p3
1779161490,6,1,0.000010,s6_p1_edge
1779161490,6,4,0.000010,edge_s6_p4
1779161490,6,2,0.000010,s6_p2_edge
1779161490,6,3,0.000019,edge_s6_p3
1779161490,8,4,0.000010,edge_s8_p4
1779161490,8,1,0.000010,s8_p1_edge
1779161490,8,2,0.000010,s8_p2_edge
1779161490,8,3,0.000010,edge_s8_p3
1779161490,16,1,0.000010,agg_s16_p1
1779161490,16,4,0.000010,agg_s16_p4
1779161490,16,2,0.000010,agg_s16_p2
1779161490,16,3,0.000010,agg_s16_p3
1779161490,21,4,0.000010,core_s21_p4
1779161490,21,1,0.000010,core_s21_p1
1779161490,21,2,0.000010,core_s21_p2
1779161490,21,3,0.000010,core_s21_p3
1779161490,25,1,0.000010,core_s25_p1
1779161490,25,4,0.000010,core_s25_p4
1779161490,25,2,0.000010,core_s25_p2
1779161490,25,3,0.000019,core_s25_p3
1779161490,3,4,0.000010,edge_s3_p4
1779161490,3,1,0.000010,s3_p1_edge
1779161490,3,2,0.000010,s3_p2_edge
1779161490,3,3,0.000019,edge_s3_p3
1779161490,7,1,0.000010,s7_p1_edge
1779161490,7,4,0.000010,edge_s7_p4
1779161490,7,2,0.000010,s7_p2_edge
1779161490,7,3,0.000010,edge_s7_p3
1779161490,19,4,0.000010,core_s19_p4
1779161490,19,1,0.000010,core_s19_p1
1779161490,19,2,0.000010,core_s19_p2
1779161490,19,3,0.000010,core_s19_p3
1779161490,20,1,0.000019,core_s20_p1
1779161490,20,4,0.000019,core_s20_p4
1779161490,20,2,0.000019,core_s20_p2
1779161490,20,3,0.000019,core_s20_p3
1779161490,18,4,0.000010,core_s18_p4
1779161490,18,1,0.000010,core_s18_p1
1779161490,18,2,0.000010,core_s18_p2
1779161490,18,3,0.000010,core_s18_p3
1779161490,5,4,0.000010,edge_s5_p4
1779161490,5,1,0.000010,s5_p1_edge
1779161490,5,2,0.000010,s5_p2_edge
1779161490,5,3,0.000019,edge_s5_p3
1779161490,4,4,0.000010,edge_s4_p4
1779161490,4,1,0.000010,s4_p1_edge
1779161490,4,2,0.000010,s4_p2_edge
1779161490,4,3,0.000019,edge_s4_p3
1779161490,9,4,0.000010,agg_s9_p4
1779161490,9,1,0.000010,agg_s9_p1
1779161490,9,2,0.000010,agg_s9_p2
1779161490,9,3,0.000019,agg_s9_p3
1779161490,23,1,0.000010,core_s23_p1
1779161490,23,4,0.000010,core_s23_p4
1779161490,23,2,0.000010,core_s23_p2
1779161490,23,3,0.000010,core_s23_p3
1779161490,22,1,0.000010,core_s22_p1
1779161490,22,4,0.000010,core_s22_p4
1779161490,22,2,0.000010,core_s22_p2
1779161490,22,3,0.000010,core_s22_p3
1779161490,2,1,0.000010,s2_p1_edge
1779161490,2,4,0.000010,edge_s2_p4
1779161490,2,2,0.000010,s2_p2_edge
1779161490,2,3,0.000010,edge_s2_p3
1779161490,24,1,0.000010,core_s24_p1
1779161490,24,4,0.000010,core_s24_p4
1779161490,24,2,0.000010,core_s24_p2
1779161490,24,3,0.000010,core_s24_p3
1779161490,32,1,0.000010,core_s32_p1
1779161490,32,4,0.000019,core_s32_p4
1779161490,32,2,0.000019,core_s32_p2
1779161490,32,3,0.000019,core_s32_p3
1779161490,17,4,0.000019,core_s17_p4
1779161490,17,1,0.000019,core_s17_p1
1779161490,17,2,0.000019,core_s17_p2
1779161490,17,3,0.000019,core_s17_p3
1779161495,2,1,0.006840,s2_p1_edge
1779161495,2,4,0.008884,edge_s2_p4
1779161495,2,2,0.006840,s2_p2_edge
1779161495,2,3,0.004460,edge_s2_p3
1779161495,6,1,0.006794,s6_p1_edge
1779161495,6,4,0.003449,edge_s6_p4
1779161495,6,2,0.006799,s6_p2_edge
1779161495,6,3,0.005299,edge_s6_p3
1779161495,8,4,0.004290,edge_s8_p4
1779161495,8,1,0.006738,s8_p1_edge
1779161495,8,2,0.115111,s8_p2_edge
1779161495,8,3,0.003705,edge_s8_p3
1779161495,5,4,0.003420,edge_s5_p4
1779161495,5,1,0.006771,s5_p1_edge
1779161495,5,2,0.006775,s5_p2_edge
1779161495,5,3,0.003396,edge_s5_p3
1779161495,7,1,0.006694,s7_p1_edge
1779161495,7,4,0.011138,edge_s7_p4
1779161495,7,2,0.006684,s7_p2_edge
1779161495,7,3,0.107363,edge_s7_p3
1779161495,3,4,0.006094,edge_s3_p4
1779161495,3,1,0.006598,s3_p1_edge
1779161495,3,2,0.006622,s3_p2_edge
1779161495,3,3,0.004886,edge_s3_p3
1779161495,4,4,0.107962,edge_s4_p4
1779161495,4,1,0.006040,s4_p1_edge
1779161495,4,2,0.006705,s4_p2_edge
1779161495,4,3,0.115464,edge_s4_p3
1779161500,16,1,0.032007,agg_s16_p1
1779161500,16,4,0.006676,agg_s16_p4
1779161500,16,2,0.012124,agg_s16_p2
1779161500,16,3,0.003432,agg_s16_p3
1779161500,9,4,0.007036,agg_s9_p4
1779161500,9,1,0.033819,agg_s9_p1
1779161500,9,2,0.011358,agg_s9_p2
1779161500,9,3,0.004699,agg_s9_p3
1779161500,1,4,0.004649,edge_s1_p4
1779161500,1,1,0.001787,s1_p1_edge
1779161500,1,2,0.045673,s1_p2_edge
1779161500,1,3,0.005510,edge_s1_p3
1779161500,17,4,0.027581,core_s17_p4
1779161500,17,1,0.018493,core_s17_p1
1779161500,17,2,0.003947,core_s17_p2
1779161500,17,3,0.049925,core_s17_p3
1779161500,18,4,0.033970,core_s18_p4
1779161500,18,1,0.020031,core_s18_p1
1779161500,18,2,0.003931,core_s18_p2
1779161500,18,3,0.035803,core_s18_p3
1779161500,19,4,0.005828,core_s19_p4
1779161500,19,1,0.005808,core_s19_p1
1779161500,19,2,0.006317,core_s19_p2
1779161500,19,3,0.004252,core_s19_p3
1779161500,21,4,0.003572,core_s21_p4
1779161500,21,1,0.004349,core_s21_p1
1779161500,21,2,0.076012,core_s21_p2
1779161500,21,3,0.009094,core_s21_p3
1779161500,20,1,0.003842,core_s20_p1
1779161500,20,4,0.003391,core_s20_p4
1779161500,20,2,0.005419,core_s20_p2
1779161500,20,3,0.004971,core_s20_p3
1779161500,22,1,0.006480,core_s22_p1
1779161500,22,4,0.004333,core_s22_p4
1779161500,22,2,0.009513,core_s22_p2
1779161500,22,3,0.007329,core_s22_p3
1779161500,25,1,0.022128,core_s25_p1
1779161500,25,4,0.009128,core_s25_p4
1779161500,25,2,0.004885,core_s25_p2
1779161500,25,3,0.009101,core_s25_p3
1779161500,24,1,0.013422,core_s24_p1
1779161500,24,4,0.006904,core_s24_p4
1779161500,24,2,0.004993,core_s24_p2
1779161500,24,3,0.007203,core_s24_p3
1779161500,23,1,0.031121,core_s23_p1
1779161500,23,4,0.010653,core_s23_p4
1779161500,23,2,0.004638,core_s23_p2
1779161500,23,3,0.012200,core_s23_p3
1779161500,32,1,0.017019,core_s32_p1
1779161500,32,4,0.009349,core_s32_p4
1779161500,32,2,0.003237,core_s32_p2
1779161500,32,3,0.008103,core_s32_p3
1779161505,2,1,0.008589,s2_p1_edge
1779161505,2,4,0.008179,edge_s2_p4
1779161505,2,2,0.008589,s2_p2_edge
1779161505,2,3,0.017089,edge_s2_p3
1779161505,6,1,0.008482,s6_p1_edge
1779161505,6,4,0.007479,edge_s6_p4
1779161505,6,2,0.008427,s6_p2_edge
1779161505,6,3,0.007201,edge_s6_p3
1779161505,5,4,0.146093,edge_s5_p4
1779161505,5,1,0.008498,s5_p1_edge
1779161505,5,2,0.008462,s5_p2_edge
1779161505,5,3,0.019944,edge_s5_p3
1779161505,8,4,0.004913,edge_s8_p4
1779161505,8,1,0.008426,s8_p1_edge
1779161505,8,2,0.442381,s8_p2_edge
1779161505,8,3,0.004263,edge_s8_p3
1779161505,7,1,0.008441,s7_p1_edge
1779161505,7,4,0.006620,edge_s7_p4
1779161505,7,2,0.008433,s7_p2_edge
1779161505,7,3,0.438961,edge_s7_p3
1779161505,3,4,0.015246,edge_s3_p4
1779161505,3,1,0.008180,s3_p1_edge
1779161505,3,2,0.151652,s3_p2_edge
1779161505,3,3,0.015562,edge_s3_p3
1779161505,4,4,0.119008,edge_s4_p4
1779161505,4,1,0.007507,s4_p1_edge
1779161505,4,2,0.008277,s4_p2_edge
1779161505,4,3,0.153185,edge_s4_p3
1779161510,24,1,0.027749,core_s24_p1
1779161510,24,4,0.031323,core_s24_p4
1779161510,24,2,0.014145,core_s24_p2
1779161510,24,3,0.018922,core_s24_p3
1779161510,9,4,0.012973,agg_s9_p4
1779161510,9,1,0.041152,agg_s9_p1
1779161510,9,2,0.010737,agg_s9_p2
1779161510,9,3,0.008572,agg_s9_p3
1779161510,16,1,0.031322,agg_s16_p1
1779161510,16,4,0.014206,agg_s16_p4
1779161510,16,2,0.018779,agg_s16_p2
1779161510,16,3,0.013700,agg_s16_p3
1779161510,25,1,0.046646,core_s25_p1
1779161510,25,4,0.014175,core_s25_p4
1779161510,25,2,0.050034,core_s25_p2
1779161510,25,3,0.011896,core_s25_p3
1779161510,1,4,0.007430,edge_s1_p4
1779161510,1,1,0.002153,s1_p1_edge
1779161510,1,2,0.052935,s1_p2_edge
1779161510,1,3,0.002922,edge_s1_p3
1779161510,2,1,0.010037,s2_p1_edge
1779161510,2,4,0.016153,edge_s2_p4
1779161510,2,2,0.010037,s2_p2_edge
1779161510,2,3,0.018179,edge_s2_p3
1779161510,18,4,0.035396,core_s18_p4
1779161510,18,1,0.117446,core_s18_p1
1779161510,18,2,0.004881,core_s18_p2
1779161510,18,3,0.044131,core_s18_p3
1779161510,17,4,0.046936,core_s17_p4
1779161510,17,1,0.045952,core_s17_p1
1779161510,17,2,0.004849,core_s17_p2
1779161510,17,3,0.049533,core_s17_p3
1779161510,21,4,0.009155,core_s21_p4
1779161510,21,1,0.008072,core_s21_p1
1779161510,21,2,0.308924,core_s21_p2
1779161510,21,3,0.019873,core_s21_p3
1779161510,5,4,0.504483,edge_s5_p4
1779161510,5,1,0.009839,s5_p1_edge
1779161510,5,2,0.009793,s5_p2_edge
1779161510,5,3,0.080108,edge_s5_p3
1779161510,6,1,0.009718,s6_p1_edge
1779161510,6,4,0.006006,edge_s6_p4
1779161510,6,2,0.009733,s6_p2_edge
1779161510,6,3,0.009563,edge_s6_p3
1779161510,8,4,0.004894,edge_s8_p4
1779161510,8,1,0.009721,s8_p1_edge
1779161510,8,2,0.563885,s8_p2_edge
1779161510,8,3,0.007405,edge_s8_p3
1779161510,7,1,0.009728,s7_p1_edge
1779161510,7,4,0.005207,edge_s7_p4
1779161510,7,2,0.009683,s7_p2_edge
1779161510,7,3,0.560149,edge_s7_p3
1779161510,19,4,0.009141,core_s19_p4
1779161510,19,1,0.007103,core_s19_p1
1779161510,19,2,0.007569,core_s19_p2
1779161510,19,3,0.017081,core_s19_p3
1779161510,20,1,0.005888,core_s20_p1
1779161510,20,4,0.066768,core_s20_p4
1779161510,20,2,0.007342,core_s20_p2
1779161510,20,3,0.044117,core_s20_p3
1779161510,22,1,0.005438,core_s22_p1
1779161510,22,4,0.007468,core_s22_p4
1779161510,22,2,0.006120,core_s22_p2
1779161510,22,3,0.008933,core_s22_p3
1779161510,3,4,0.013418,edge_s3_p4
1779161510,3,1,0.009538,s3_p1_edge
1779161510,3,2,0.401313,s3_p2_edge
1779161510,3,3,0.012088,edge_s3_p3
1779161515,32,1,0.028978,core_s32_p1
1779161515,32,4,0.013468,core_s32_p4
1779161515,32,2,0.069405,core_s32_p2
1779161515,32,3,0.011495,core_s32_p3
1779161515,4,4,0.199436,edge_s4_p4
1779161515,4,1,0.008068,s4_p1_edge
1779161515,4,2,0.009624,s4_p2_edge
1779161515,4,3,0.266433,edge_s4_p3
1779161517,23,1,0.036430,core_s23_p1
1779161517,23,4,0.012959,core_s23_p4
1779161517,23,2,0.013924,core_s23_p2
1779161517,23,3,0.011919,core_s23_p3
1779161517,24,1,0.079550,core_s24_p1
1779161517,24,4,0.040513,core_s24_p4
1779161517,24,2,0.014918,path_A
1779161517,24,3,0.030755,path_A
1779161517,25,1,0.066290,core_s25_p1
1779161517,25,4,0.031115,core_s25_p4
1779161517,25,2,0.028067,path_B
1779161517,25,3,0.035585,path_B
1779161517,5,4,0.333899,path_B
1779161517,5,1,0.014305,s5_p1_edge
1779161517,5,2,0.014284,s5_p2_edge
1779161517,5,3,0.007408,path_A
1779161520,32,1,0.105039,core_s32_p1
1779161520,32,4,0.074817,core_s32_p4
1779161520,32,2,0.632362,core_s32_p2
1779161520,32,3,0.036873,core_s32_p3
1779161520,5,4,0.023611,path_B
1779161520,5,1,0.047306,s5_p1_edge
1779161520,5,2,0.047211,s5_p2_edge
1779161520,5,3,0.023824,path_A
1779161520,2,1,0.010328,s2_p1_edge
1779161520,2,4,0.082378,edge_s2_p4
1779161520,2,2,0.010307,s2_p2_edge
1779161520,2,3,0.023762,edge_s2_p3
1779161520,21,4,0.023153,core_s21_p4
1779161520,21,1,0.013431,core_s21_p1
1779161520,21,2,0.576435,core_s21_p2
1779161520,21,3,0.017624,core_s21_p3
1779161520,8,4,0.005140,edge_s8_p4
1779161520,8,1,0.009585,s8_p1_edge
1779161520,8,2,0.230303,s8_p2_edge
1779161520,8,3,0.005627,edge_s8_p3
1779161520,6,1,0.008199,s6_p1_edge
1779161520,6,4,0.005594,edge_s6_p4
1779161520,6,2,0.008203,s6_p2_edge
1779161520,6,3,0.005023,edge_s6_p3
1779161523,24,1,0.049678,core_s24_p1
1779161523,24,4,0.017033,core_s24_p4
1779161523,24,2,0.015996,path_A
1779161523,24,3,0.027777,path_A
1779161523,7,1,0.050820,s7_p1_edge
1779161523,7,4,0.004295,edge_s7_p4
1779161523,7,2,0.007978,s7_p2_edge
1779161523,7,3,0.202689,edge_s7_p3
1779161523,3,4,0.010181,edge_s3_p4
1779161523,3,1,0.008011,s3_p1_edge
1779161523,3,2,0.105012,s3_p2_edge
1779161523,3,3,0.009360,edge_s3_p3
1779161523,2,1,0.025937,s2_p1_edge
1779161523,2,4,0.013043,edge_s2_p4
1779161523,2,2,0.025924,s2_p2_edge
1779161523,2,3,0.013017,edge_s2_p3
1779161523,16,1,0.050206,agg_s16_p1
1779161523,16,4,0.015020,agg_s16_p4
1779161523,16,2,0.022766,agg_s16_p2
1779161523,16,3,0.007814,agg_s16_p3
1779161523,4,4,0.044618,path_B
1779161523,4,1,0.006992,s4_p1_edge
1779161523,4,2,0.007994,s4_p2_edge
1779161523,4,3,0.113395,path_A
1779161523,5,4,0.458717,path_B
1779161523,5,1,0.099609,s5_p1_edge
1779161523,5,2,0.073459,s5_p2_edge
1779161523,5,3,0.157108,path_A
1779161523,25,1,0.029900,core_s25_p1
1779161523,25,4,0.030562,core_s25_p4
1779161523,25,2,0.014808,path_B
1779161523,25,3,0.016666,path_B
1779161523,8,4,0.011358,edge_s8_p4
1779161523,8,1,0.022814,s8_p1_edge
1779161523,8,2,0.022630,s8_p2_edge
1779161523,8,3,0.011392,edge_s8_p3
1779161523,22,1,0.006998,core_s22_p1
1779161523,22,4,0.011802,core_s22_p4
1779161523,22,2,0.011845,core_s22_p2
1779161523,22,3,0.012872,core_s22_p3
1779161523,9,4,0.006763,agg_s9_p4
1779161523,9,1,0.028873,agg_s9_p1
1779161523,9,2,0.013538,agg_s9_p2
1779161523,9,3,0.015296,agg_s9_p3
1779161523,1,4,0.008546,edge_s1_p4
1779161523,1,1,0.002276,s1_p1_edge
1779161523,1,2,0.038759,s1_p2_edge
1779161523,1,3,0.006265,edge_s1_p3
1779161523,2,1,0.063215,s2_p1_edge
1779161523,2,4,0.054153,edge_s2_p4
1779161523,2,2,0.018066,s2_p2_edge
1779161523,2,3,0.054169,edge_s2_p3
1779161523,32,1,0.064543,core_s32_p1
1779161523,32,4,0.156486,core_s32_p4
1779161523,32,2,0.176910,core_s32_p2
1779161523,32,3,0.019944,core_s32_p3
1779161526,23,1,0.037381,core_s23_p1
1779161526,23,4,0.023303,core_s23_p4
1779161526,23,2,0.055887,core_s23_p2
1779161526,23,3,0.030700,core_s23_p3
1779161526,8,4,0.032212,edge_s8_p4
1779161526,8,1,0.025754,s8_p1_edge
1779161526,8,2,0.043503,s8_p2_edge
1779161526,8,3,0.032059,edge_s8_p3
1779161526,19,4,0.012787,s19_p4_edge
1779161526,19,1,0.010838,path_B
1779161526,19,2,0.006687,core_s19_p2
1779161526,19,3,0.050848,path_B
1779161526,17,4,0.045210,core_s17_p4
1779161526,17,1,0.046856,core_s17_p1
1779161526,17,2,0.005565,path_B
1779161526,17,3,0.043580,path_B
1779161526,18,4,0.061147,core_s18_p4
1779161526,18,1,0.206687,core_s18_p1
1779161526,18,2,0.072463,path_A
1779161526,18,3,0.056116,path_A
1779161526,20,1,0.004828,path_A
1779161526,20,4,0.274791,core_s20_p4
1779161526,20,2,0.008536,core_s20_p2
1779161526,20,3,0.010547,path_A
1779161526,21,4,0.010113,core_s21_p4
1779161526,21,1,0.024716,core_s21_p1
1779161526,21,2,0.263167,core_s21_p2
1779161526,21,3,0.008929,core_s21_p3
1779161526,5,4,0.405289,path_A
1779161526,5,1,0.055012,s5_p1_edge
1779161526,5,2,0.067220,s5_p2_edge
1779161526,5,3,0.113206,path_B
1779161526,8,4,0.189332,edge_s8_p4
1779161526,8,1,0.011710,s8_p1_edge
1779161526,8,2,0.194858,s8_p2_edge
1779161526,8,3,0.188868,edge_s8_p3
1779161526,24,1,0.009027,core_s24_p1
1779161526,24,4,0.009003,core_s24_p4
1779161526,24,2,0.009142,core_s24_p2
1779161526,24,3,0.009033,s24_p3_edge
1779161526,2,1,0.152410,s2_p1_edge
1779161526,2,4,0.148579,edge_s2_p4
1779161526,2,2,0.007805,s2_p2_edge
1779161526,2,3,0.148409,edge_s2_p3
1779161529,5,4,0.477730,path_A
1779161529,5,1,0.035534,s5_p1_edge
1779161529,5,2,0.031300,s5_p2_edge
1779161529,5,3,0.015876,path_B
1779161529,16,1,0.030544,agg_s16_p1
1779161529,16,4,0.076760,agg_s16_p4
1779161529,16,2,0.016346,agg_s16_p2
1779161529,16,3,0.022008,agg_s16_p3
1779161529,25,1,0.008794,core_s25_p1
1779161529,25,4,0.008654,core_s25_p4
1779161529,25,2,0.008700,path_A
1779161529,25,3,0.008589,path_A
1779161529,22,1,0.091719,core_s22_p1
1779161529,22,4,0.010510,core_s22_p4
1779161529,22,2,0.010195,core_s22_p2
1779161529,22,3,0.015274,core_s22_p3
1779161529,32,1,0.009469,core_s32_p1
1779161529,32,4,0.009331,core_s32_p4
1779161529,32,2,0.009431,core_s32_p2
1779161529,32,3,0.009331,core_s32_p3
1779161529,2,1,0.153719,s2_p1_edge
1779161529,2,4,0.147655,edge_s2_p4
1779161529,2,2,0.012233,s2_p2_edge
1779161529,2,3,0.147564,edge_s2_p3
1779161529,8,4,0.170449,edge_s8_p4
1779161529,8,1,0.009442,s8_p1_edge
1779161529,8,2,0.175201,s8_p2_edge
1779161529,8,3,0.170585,edge_s8_p3
1779161529,6,1,0.007822,s6_p1_edge
1779161529,6,4,0.003927,edge_s6_p4
1779161529,6,2,0.007798,s6_p2_edge
1779161529,6,3,0.003908,edge_s6_p3
1779161529,7,1,0.007673,s7_p1_edge
1779161529,7,4,0.003880,edge_s7_p4
1779161529,7,2,0.007646,s7_p2_edge
1779161529,7,3,0.003810,edge_s7_p3
1779161529,3,4,0.003797,edge_s3_p4
1779161529,3,1,0.007572,s3_p1_edge
1779161529,3,2,0.007669,s3_p2_edge
1779161529,3,3,0.003824,edge_s3_p3
1779161532,24,1,0.008808,core_s24_p1
1779161532,24,4,0.008719,s24_p4_edge
1779161532,24,2,0.088606,core_s24_p2
1779161532,24,3,0.009293,s24_p3_edge
1779161532,21,4,0.009856,s21_p4_edge
1779161532,21,1,0.011297,core_s21_p1
1779161532,21,2,0.011227,core_s21_p2
1779161532,21,3,0.009807,core_s21_p3
1779161532,4,4,0.003336,path_B
1779161532,4,1,0.006548,s4_p1_edge
1779161532,4,2,0.007620,s4_p2_edge
1779161532,4,3,0.003240,path_A
1779161532,20,1,0.011061,path_B
1779161532,20,4,0.299295,path_B
1779161532,20,2,0.011993,core_s20_p2
1779161532,20,3,0.015075,core_s20_p3
1779161532,23,1,0.025525,core_s23_p1
1779161532,23,4,0.032302,core_s23_p4
1779161532,23,2,0.012888,path_A
1779161532,23,3,0.024775,path_A
1779161532,17,4,0.054397,core_s17_p4
1779161532,17,1,0.049751,core_s17_p1
1779161532,17,2,0.008832,path_A
1779161532,17,3,0.063559,path_A
1779161532,25,1,0.010659,core_s25_p1
1779161532,25,4,0.010659,core_s25_p4
1779161532,25,2,0.410884,core_s25_p2
1779161532,25,3,0.011029,core_s25_p3
1779161532,1,4,0.008694,edge_s1_p4
1779161532,1,1,0.003357,s1_p1_edge
1779161532,1,2,0.025915,s1_p2_edge
1779161532,1,3,0.007570,edge_s1_p3
1779161532,5,4,0.173260,path_B
1779161532,5,1,0.005842,s5_p1_edge
1779161532,5,2,0.175118,s5_p2_edge
1779161532,5,3,0.173435,path_A
1779161532,32,1,0.009368,core_s32_p1
1779161532,32,4,0.009294,core_s32_p4
1779161532,32,2,0.009747,path_B
1779161532,32,3,0.009284,path_B
1779161532,19,4,0.010714,s19_p4_edge
1779161532,19,1,0.011641,path_A
1779161532,19,2,0.009366,core_s19_p2
1779161532,19,3,0.010579,path_A
1779161535,9,4,0.006996,agg_s9_p4
1779161535,9,1,0.019328,agg_s9_p1
1779161535,9,2,0.015352,agg_s9_p2
1779161535,9,3,0.018108,agg_s9_p3
1779161535,24,1,0.009369,core_s24_p1
1779161535,24,4,0.009157,s24_p4_edge
1779161535,24,2,0.086522,core_s24_p2
1779161535,24,3,0.009485,s24_p3_edge
1779161535,8,4,0.140886,edge_s8_p4
1779161535,8,1,0.067282,s8_p1_edge
1779161535,8,2,0.079711,s8_p2_edge
1779161535,8,3,0.140879,edge_s8_p3
1779161535,22,1,0.010086,core_s22_p1
1779161535,22,4,0.008826,core_s22_p4
1779161535,22,2,0.010067,core_s22_p2
1779161535,22,3,0.008807,core_s22_p3
1779161535,25,1,0.009332,core_s25_p1
1779161535,25,4,0.009451,core_s25_p4
1779161535,25,2,0.517305,core_s25_p2
1779161535,25,3,0.009731,core_s25_p3
1779161535,16,1,0.008932,agg_s16_p1
1779161535,16,4,0.006984,agg_s16_p4
1779161535,16,2,0.008093,agg_s16_p2
1779161535,16,3,0.006964,agg_s16_p3
1779161535,4,4,0.004722,path_B
1779161535,4,1,0.009179,s4_p1_edge
1779161535,4,2,0.010439,s4_p2_edge
1779161535,4,3,0.004579,path_A
1779161535,2,1,0.099234,s2_p1_edge
1779161535,2,4,0.096906,edge_s2_p4
1779161535,2,2,0.004655,s2_p2_edge
1779161535,2,3,0.096933,edge_s2_p3
1779161535,18,4,0.027535,path_B
1779161535,18,1,0.083113,core_s18_p1
1779161535,18,2,0.026901,path_B
1779161535,18,3,0.016162,core_s18_p3
1779161535,21,4,0.006167,s21_p4_edge
1779161535,21,1,0.007019,core_s21_p1
1779161535,21,2,0.007056,core_s21_p2
1779161535,21,3,0.006346,core_s21_p3
1779161535,6,1,0.007611,s6_p1_edge
1779161535,6,4,0.003781,edge_s6_p4
1779161535,6,2,0.007598,s6_p2_edge
1779161535,6,3,0.003836,edge_s6_p3
1779161535,7,1,0.007438,s7_p1_edge
1779161535,7,4,0.004040,edge_s7_p4
1779161535,7,2,0.007703,s7_p2_edge
1779161535,7,3,0.003970,edge_s7_p3
1779161535,3,4,0.003881,edge_s3_p4
1779161535,3,1,0.007553,s3_p1_edge
1779161535,3,2,0.007618,s3_p2_edge
1779161535,3,3,0.003833,edge_s3_p3
1779161535,32,1,0.009438,core_s32_p1
1779161535,32,4,0.009213,core_s32_p4
1779161535,32,2,0.009384,path_B
1779161535,32,3,0.009223,path_B
1779161535,5,4,0.063391,path_B
1779161535,5,1,0.008787,s5_p1_edge
1779161535,5,2,0.264961,s5_p2_edge
1779161535,5,3,0.064809,path_A
1779161535,17,4,0.009457,core_s17_p4
1779161535,17,1,0.010829,core_s17_p1
1779161535,17,2,0.010993,path_A
1779161535,17,3,0.009388,path_A
1779161535,16,1,0.018674,agg_s16_p1
1779161535,16,4,0.014824,agg_s16_p4
1779161535,16,2,0.017244,agg_s16_p2
1779161535,16,3,0.014879,agg_s16_p3
1779161538,24,1,0.010213,core_s24_p1
1779161538,24,4,0.009861,s24_p4_edge
1779161538,24,2,0.018347,core_s24_p2
1779161538,24,3,0.010518,s24_p3_edge
1779161538,21,4,0.018323,s21_p4_edge
1779161538,21,1,0.020839,core_s21_p1
1779161538,21,2,0.021042,core_s21_p2
1779161538,21,3,0.018075,core_s21_p3
1779161538,4,4,0.008536,path_B
1779161538,4,1,0.016733,s4_p1_edge
1779161538,4,2,0.018813,s4_p2_edge
1779161538,4,3,0.008487,path_A
1779161538,20,1,0.009136,path_B
1779161538,20,4,0.007935,path_B
1779161538,20,2,0.009124,core_s20_p2
1779161538,20,3,0.007975,core_s20_p3
1779161538,23,1,0.008821,core_s23_p1
1779161538,23,4,0.008657,core_s23_p4
1779161538,23,2,0.008745,path_A
1779161538,23,3,0.008640,path_A
1779161538,16,1,0.044655,agg_s16_p1
1779161538,16,4,0.034839,agg_s16_p4
1779161538,16,2,0.040391,agg_s16_p2
1779161538,16,3,0.034795,agg_s16_p3
1779161538,21,4,0.029951,s21_p4_edge
1779161538,21,1,0.034091,core_s21_p1
1779161538,21,2,0.034428,core_s21_p2
1779161538,21,3,0.030513,core_s21_p3
1779161538,25,1,0.009319,core_s25_p1
1779161538,25,4,0.009340,core_s25_p4
1779161538,25,2,0.196815,core_s25_p2
1779161538,25,3,0.009775,core_s25_p3
1779161538,22,1,0.009810,core_s22_p1
1779161538,22,4,0.008413,core_s22_p4
1779161538,22,2,0.009718,core_s22_p2
1779161538,22,3,0.008535,core_s22_p3
1779161538,21,4,0.039496,s21_p4_edge
1779161538,21,1,0.046465,core_s21_p1
1779161538,21,2,0.046359,core_s21_p2
1779161538,21,3,0.040507,core_s21_p3
1779161538,16,1,0.031404,agg_s16_p1
1779161538,16,4,0.024750,agg_s16_p4
1779161538,16,2,0.028993,agg_s16_p2
1779161538,16,3,0.025168,agg_s16_p3
1779161538,8,4,0.133723,edge_s8_p4
1779161538,8,1,0.060925,s8_p1_edge
1779161538,8,2,0.081369,s8_p2_edge
1779161538,8,3,0.133723,edge_s8_p3
1779161538,1,4,0.003397,edge_s1_p4
1779161538,1,1,0.003792,s1_p1_edge
1779161538,1,2,0.007177,s1_p2_edge
1779161538,1,3,0.003066,edge_s1_p3
1779161538,19,4,0.008643,s19_p4_edge
1779161538,19,1,0.009884,path_A
1779161538,19,2,0.009866,core_s19_p2
1779161538,19,3,0.008643,path_A
1779161538,32,1,0.009176,core_s32_p1
1779161538,32,4,0.009347,core_s32_p4
1779161538,32,2,0.009191,path_B
1779161538,32,3,0.009127,path_B
1779161538,9,4,0.008559,agg_s9_p4
1779161538,9,1,0.010863,agg_s9_p1
1779161538,9,2,0.009946,agg_s9_p2
1779161538,9,3,0.008547,agg_s9_p3
1779161540,22,1,0.026373,core_s22_p1
1779161540,22,4,0.023298,core_s22_p4
1779161540,22,2,0.026203,core_s22_p2
1779161540,22,3,0.023070,core_s22_p3
1779161540,4,4,0.007698,path_B
1779161540,4,1,0.014883,s4_p1_edge
1779161540,4,2,0.016498,s4_p2_edge
1779161540,4,3,0.007344,path_A
1779161535,17,4,0.016716,core_s17_p4
1779161535,17,1,0.018516,core_s17_p1
1779161535,17,2,0.184964,path_A
1779161535,17,3,0.016197,path_A
1779161535,21,4,1.000000,s21_p4_edge
1779161535,21,1,1.000000,core_s21_p1
1779161535,21,2,1.000000,core_s21_p2
1779161535,21,3,1.000000,core_s21_p3
1779161535,2,1,0.107627,s2_p1_edge
1779161535,2,4,0.103537,edge_s2_p4
1779161535,2,2,0.007977,s2_p2_edge
1779161535,2,3,0.103745,edge_s2_p3
1779161535,5,4,0.009192,path_B
1779161535,5,1,0.015490,s5_p1_edge
1779161535,5,2,0.442677,s5_p2_edge
1779161535,5,3,0.007060,path_A
1779161535,24,1,0.015909,core_s24_p1
1779161535,24,4,0.015408,s24_p4_edge
1779161535,24,2,0.026452,core_s24_p2
1779161535,24,3,0.015948,s24_p3_edge
1779161540,20,1,0.016389,path_A
1779161540,20,4,0.014073,path_A
1779161540,20,2,0.015332,core_s20_p2
1779161540,20,3,0.555448,core_s20_p3
1779161540,6,1,0.010063,s6_p1_edge
1779161540,6,4,0.004961,edge_s6_p4
1779161540,6,2,0.009958,s6_p2_edge
1779161540,6,3,0.005057,edge_s6_p3
1779161540,23,1,0.014751,core_s23_p1
1779161540,23,4,0.014588,core_s23_p4
1779161540,23,2,0.014441,path_B
1779161540,23,3,0.014490,path_B
1779161540,7,1,0.010127,s7_p1_edge
1779161540,7,4,0.005096,edge_s7_p4
1779161540,7,2,0.010180,s7_p2_edge
1779161540,7,3,0.005167,s7_p3_edge
1779161540,25,1,0.016447,core_s25_p1
1779161540,25,4,0.016125,core_s25_p4
1779161540,25,2,0.032624,path_B
1779161540,25,3,0.016720,path_B
1779161540,3,4,0.004856,edge_s3_p4
1779161540,3,1,0.009431,s3_p1_edge
1779161540,3,2,0.009790,s3_p2_edge
1779161540,3,3,0.004728,edge_s3_p3
1779161540,18,4,0.010203,core_s18_p4
1779161540,18,1,0.011693,core_s18_p1
1779161540,18,2,0.012124,path_B
1779161540,18,3,0.010128,path_B
1779161540,16,1,0.047539,agg_s16_p1
1779161540,16,4,0.037913,agg_s16_p4
1779161540,16,2,0.043564,agg_s16_p2
1779161540,16,3,0.037038,agg_s16_p3
1779161540,22,1,0.094173,core_s22_p1
1779161540,22,4,0.082227,core_s22_p4
1779161540,22,2,0.094756,core_s22_p2
1779161540,22,3,0.082865,core_s22_p3
1779161540,21,4,0.016676,s21_p4_edge
1779161540,21,1,0.019376,s21_p1_edge
1779161540,21,2,0.019107,core_s21_p2
1779161540,21,3,0.016654,core_s21_p3
1779161540,20,1,0.024911,path_B
1779161540,20,4,0.020229,core_s20_p4
1779161540,20,2,0.023193,core_s20_p2
1779161540,20,3,1.000000,path_B
1779161540,1,4,0.005922,edge_s1_p4
1779161540,1,1,0.006731,s1_p1_edge
1779161540,1,2,0.013767,s1_p2_edge
1779161540,1,3,0.005735,edge_s1_p3
1779161540,22,1,0.026717,core_s22_p1
1779161540,22,4,0.023005,core_s22_p4
1779161540,22,2,0.026484,core_s22_p2
1779161540,22,3,0.023063,core_s22_p3
1779161540,32,1,0.013308,core_s32_p1
1779161540,32,4,0.013162,core_s32_p4
1779161540,32,2,0.013009,core_s32_p2
1779161540,32,3,0.013122,core_s32_p3
1779161540,8,4,0.152598,edge_s8_p4
1779161540,8,1,0.018146,s8_p1_edge
1779161540,8,2,0.148889,s8_p2_edge
1779161540,8,3,0.152248,edge_s8_p3
1779161540,21,4,0.044953,s21_p4_edge
1779161540,21,1,0.046891,s21_p1_edge
1779161540,21,2,0.022663,core_s21_p2
1779161540,21,3,0.045004,core_s21_p3
1779161540,19,4,0.127385,path_B
1779161540,19,1,0.014883,path_B
1779161540,19,2,0.014163,core_s19_p2
1779161540,19,3,0.012490,core_s19_p3
1779161540,16,1,0.019032,agg_s16_p1
1779161540,16,4,0.015328,agg_s16_p4
1779161540,16,2,0.017630,agg_s16_p2
1779161540,16,3,0.015056,agg_s16_p3
1779161540,9,4,0.011784,agg_s9_p4
1779161540,9,1,0.015052,agg_s9_p1
1779161540,9,2,0.013616,agg_s9_p2
1779161540,9,3,0.011828,agg_s9_p3
1779161540,22,1,0.050487,core_s22_p1
1779161540,22,4,0.043673,core_s22_p4
1779161540,22,2,0.050076,core_s22_p2
1779161540,22,3,0.044319,core_s22_p3
1779161540,24,1,0.009198,core_s24_p1
1779161540,24,4,0.008778,s24_p4_edge
1779161540,24,2,0.013840,path_B
1779161540,24,3,0.009093,path_B
1779161540,17,4,0.007755,path_B
1779161540,17,1,0.008746,core_s17_p1
1779161540,17,2,0.080856,path_B
1779161540,17,3,0.007576,core_s17_p3
1779161540,4,4,0.005503,path_A
1779161540,4,1,0.011055,s4_p1_edge
1779161540,4,2,0.012891,s4_p2_edge
1779161540,4,3,0.005688,path_B
1779161540,23,1,0.010141,core_s23_p1
1779161540,23,4,0.009922,core_s23_p4
1779161540,23,2,0.010049,core_s23_p2
1779161540,23,3,0.009922,core_s23_p3
1779161540,25,1,0.010347,core_s25_p1
1779161540,25,4,0.010274,core_s25_p4
1779161540,25,2,0.019553,path_A
1779161540,25,3,0.010613,path_A
1779161540,9,4,0.024819,agg_s9_p4
1779161540,9,1,0.031883,agg_s9_p1
1779161540,9,2,0.028905,agg_s9_p2
1779161540,9,3,0.024724,agg_s9_p3
1779161540,19,4,0.203316,path_B
1779161540,19,1,0.025988,path_B
1779161540,19,2,0.024636,core_s19_p2
1779161540,19,3,0.021453,core_s19_p3
1779161540,5,4,0.005969,path_A
1779161540,5,1,0.010045,s5_p1_edge
1779161540,5,2,0.267556,s5_p2_edge
1779161540,5,3,0.004382,path_B
1779161540,18,4,0.008552,core_s18_p4
1779161540,18,1,0.010149,core_s18_p1
1779161540,18,2,0.361363,path_A
1779161540,18,3,0.008916,path_A
1779161544,3,4,0.005633,edge_s3_p4
1779161544,3,1,0.011127,s3_p1_edge
1779161544,3,2,0.011464,s3_p2_edge
1779161544,3,3,0.005719,edge_s3_p3
1779161544,22,1,0.019394,core_s22_p1
1779161544,22,4,0.017446,core_s22_p4
1779161544,22,2,0.019832,core_s22_p2
1779161544,22,3,0.017008,core_s22_p3
1779161544,2,1,0.024944,s2_p1_edge
1779161544,2,4,0.021413,edge_s2_p4
1779161544,2,2,0.007137,s2_p2_edge
1779161544,2,3,0.021320,edge_s2_p3
1779161544,9,4,0.033253,agg_s9_p4
1779161544,9,1,0.040479,agg_s9_p1
1779161544,9,2,0.038239,agg_s9_p2
1779161544,9,3,0.033229,agg_s9_p3
1779161544,20,1,0.010980,path_A
1779161544,20,4,0.008834,core_s20_p4
1779161544,20,2,0.010106,core_s20_p2
1779161544,20,3,0.197612,path_A
1779161544,3,4,0.030652,edge_s3_p4
1779161544,3,1,0.060267,s3_p1_edge
1779161544,3,2,0.061717,s3_p2_edge
1779161544,3,3,0.030859,edge_s3_p3
1779161544,32,1,0.011350,core_s32_p1
1779161544,32,4,0.011126,core_s32_p4
1779161544,32,2,0.011271,core_s32_p2
1779161544,32,3,0.011007,core_s32_p3
1779161544,1,4,0.003563,edge_s1_p4
1779161544,1,1,0.004414,s1_p1_edge
1779161544,1,2,0.008467,s1_p2_edge
1779161544,1,3,0.003988,edge_s1_p3
1779161544,9,4,0.024463,agg_s9_p4
1779161544,9,1,0.030691,agg_s9_p1
1779161544,9,2,0.028173,agg_s9_p2
1779161544,9,3,0.024151,agg_s9_p3
1779161544,3,4,0.026015,edge_s3_p4
1779161544,3,1,0.050698,s3_p1_edge
1779161544,3,2,0.051863,s3_p2_edge
1779161544,3,3,0.025429,edge_s3_p3
1779161544,6,1,0.007521,s6_p1_edge
1779161544,6,4,0.003753,edge_s6_p4
1779161544,6,2,0.007495,s6_p2_edge
1779161544,6,3,0.003749,edge_s6_p3
1779161544,8,4,0.109506,edge_s8_p4
1779161544,8,1,0.008116,s8_p1_edge
1779161544,8,2,0.113517,s8_p2_edge
1779161544,8,3,0.109387,s8_p3_edge
1779161544,20,1,0.030190,path_B
1779161544,20,4,0.025175,path_B
1779161544,20,2,0.028795,core_s20_p2
1779161544,20,3,0.033445,core_s20_p3
1779161544,7,1,0.007598,s7_p1_edge
1779161544,7,4,0.003829,edge_s7_p4
1779161544,7,2,0.007618,s7_p2_edge
1779161544,7,3,0.003836,s7_p3_edge
1779161544,24,1,0.009628,core_s24_p1
1779161544,24,4,0.008522,s24_p4_edge
1779161544,24,2,0.013421,path_A
1779161544,24,3,0.008643,path_A
1779161544,21,4,0.056896,s21_p4_edge
1779161544,21,1,0.057655,s21_p1_edge
1779161544,21,2,0.007676,s21_p2_edge
1779161544,21,3,0.056847,core_s21_p3
1779161544,3,4,0.028526,edge_s3_p4
1779161544,3,1,0.057248,s3_p1_edge
1779161544,3,2,0.058183,s3_p2_edge
1779161544,3,3,0.029328,edge_s3_p3
1779161544,22,1,0.052375,core_s22_p1
1779161544,22,4,0.050759,core_s22_p4
1779161544,22,2,0.014166,core_s22_p2
1779161544,22,3,0.050887,core_s22_p3
1779161544,9,4,0.026643,agg_s9_p4
1779161544,9,1,0.033084,agg_s9_p1
1779161544,9,2,0.031179,agg_s9_p2
1779161544,9,3,0.026886,agg_s9_p3
1779161544,25,1,0.009615,core_s25_p1
1779161544,25,4,0.008856,core_s25_p4
1779161544,25,2,0.014620,core_s25_p2
1779161544,25,3,0.008947,core_s25_p3
1779161544,16,1,0.013630,agg_s16_p1
1779161544,16,4,0.011823,agg_s16_p4
1779161544,16,2,0.007506,agg_s16_p2
1779161544,16,3,0.011951,agg_s16_p3
1779161544,20,1,0.039181,path_A
1779161544,20,4,0.033675,path_A
1779161544,20,2,0.038096,core_s20_p2
1779161544,20,3,0.042142,core_s20_p3
1779161544,19,4,0.011843,core_s19_p4
1779161544,19,1,0.011524,path_B
1779161544,19,2,0.010825,core_s19_p2
1779161544,19,3,0.009523,path_B
1779161544,3,4,0.040566,edge_s3_p4
1779161544,3,1,0.080844,s3_p1_edge
1779161544,3,2,0.081811,s3_p2_edge
1779161544,3,3,0.042425,edge_s3_p3
1779161544,23,1,0.008684,core_s23_p1
1779161544,23,4,0.008704,core_s23_p4
1779161544,23,2,0.008694,path_B
1779161544,23,3,0.008877,path_B
1779161544,17,4,0.007037,core_s17_p4
1779161544,17,1,0.007962,core_s17_p1
1779161544,17,2,0.017663,path_B
1779161544,17,3,0.006949,path_B
1779161544,3,4,0.082565,edge_s3_p4
1779161544,3,1,0.160596,s3_p1_edge
1779161544,3,2,0.160309,s3_p2_edge
1779161544,3,3,0.082196,edge_s3_p3
1779161547,1,4,0.007356,edge_s1_p4
1779161547,1,1,0.009302,s1_p1_edge
1779161547,1,2,0.019251,s1_p2_edge
1779161547,1,3,0.007828,edge_s1_p3
1779161547,18,4,0.008378,path_A
1779161547,18,1,0.009472,core_s18_p1
1779161547,18,2,0.505090,path_A
1779161547,18,3,0.008670,core_s18_p3
1779161547,1,4,0.019526,edge_s1_p4
1779161547,1,1,0.022725,s1_p1_edge
1779161547,1,2,0.044116,s1_p2_edge
1779161547,1,3,0.019526,edge_s1_p3
1779161547,32,1,0.009489,core_s32_p1
1779161547,32,4,0.009407,core_s32_p4
1779161547,32,2,0.016990,path_A
1779161547,32,3,0.009407,path_A
1779161547,4,4,0.003548,path_A
1779161547,4,1,0.007172,s4_p1_edge
1779161547,4,2,0.008204,s4_p2_edge
1779161547,4,3,0.003689,path_B
1779161547,19,4,0.019942,core_s19_p4
1779161547,19,1,0.022289,path_B
1779161547,19,2,0.020789,core_s19_p2
1779161547,19,3,0.024395,path_B
1779161547,9,4,0.014613,agg_s9_p4
1779161547,9,1,0.018635,agg_s9_p1
1779161547,9,2,0.017099,agg_s9_p2
1779161547,9,3,0.014411,agg_s9_p3
1779161547,5,4,0.005519,path_A
1779161547,5,1,0.009780,s5_p1_edge
1779161547,5,2,0.056947,s5_p2_edge
1779161547,5,3,0.004284,path_B
1779161547,1,4,0.020888,edge_s1_p4
1779161547,1,1,0.023891,s1_p1_edge
1779161547,1,2,0.041911,s1_p2_edge
1779161547,1,3,0.019575,edge_s1_p3
1779161547,24,1,0.012855,core_s24_p1
1779161547,24,4,0.011662,s24_p4_edge
1779161547,24,2,0.018950,core_s24_p2
1779161547,24,3,0.012349,core_s24_p3
1779161547,2,1,0.007888,s2_p1_edge
1779161547,2,4,0.003951,edge_s2_p4
1779161547,2,2,0.007895,s2_p2_edge
1779161547,2,3,0.003947,edge_s2_p3
1779161547,1,4,0.013674,edge_s1_p4
1779161547,1,1,0.016662,s1_p1_edge
1779161547,1,2,0.030164,s1_p2_edge
1779161547,1,3,0.014062,edge_s1_p3
1779161547,19,4,0.020416,core_s19_p4
1779161547,19,1,0.024894,path_B
1779161547,19,2,0.023324,core_s19_p2
1779161547,19,3,0.029140,path_B
1779161547,25,1,0.009736,core_s25_p1
1779161547,25,4,0.009360,core_s25_p4
1779161547,25,2,0.013822,core_s25_p2
1779161547,25,3,0.009249,core_s25_p3
1779161547,17,4,0.009199,core_s17_p4
1779161547,17,1,0.010399,core_s17_p1
1779161547,17,2,0.028615,path_B
1779161547,17,3,0.009320,path_B
1779161547,20,1,0.009592,path_A
1779161547,20,4,0.010358,path_A
1779161547,20,2,0.009135,core_s20_p2
1779161547,20,3,0.008062,core_s20_p3
1779161547,8,4,0.097402,edge_s8_p4
1779161547,8,1,0.007064,s8_p1_edge
1779161547,8,2,0.100892,s8_p2_edge
1779161547,8,3,0.097343,s8_p3_edge
1779161547,1,4,0.017001,edge_s1_p4
1779161547,1,1,0.020716,s1_p1_edge
1779161547,1,2,0.041336,s1_p2_edge
1779161547,1,3,0.016856,edge_s1_p3
1779161547,23,1,0.008913,core_s23_p1
1779161547,23,4,0.008771,core_s23_p4
1779161547,23,2,0.015132,path_B
1779161547,23,3,0.009153,path_B
1779161550,24,1,0.016229,core_s24_p1
1779161550,24,4,0.015230,s24_p4_edge
1779161550,24,2,0.022604,core_s24_p2
1779161550,24,3,0.015131,core_s24_p3
1779161550,6,1,0.007786,s6_p1_edge
1779161550,6,4,0.003896,edge_s6_p4
1779161550,6,2,0.007775,s6_p2_edge
1779161550,6,3,0.003879,s6_p3_edge
1779161550,7,1,0.007672,s7_p1_edge
1779161550,7,4,0.003916,edge_s7_p4
1779161550,7,2,0.007701,s7_p2_edge
1779161550,7,3,0.003852,edge_s7_p3
1779161550,1,4,0.015329,edge_s1_p4
1779161550,1,1,0.018910,s1_p1_edge
1779161550,1,2,0.032853,s1_p2_edge
1779161550,1,3,0.015923,edge_s1_p3
1779161550,32,1,0.009295,core_s32_p1
1779161550,32,4,0.009165,core_s32_p4
1779161550,32,2,0.016334,core_s32_p2
1779161550,32,3,0.009589,core_s32_p3
1779161550,18,4,0.007288,core_s18_p4
1779161550,18,1,0.008396,core_s18_p1
1779161550,18,2,0.171848,path_A
1779161550,18,3,0.007544,path_A
1779161550,25,1,0.019721,core_s25_p1
1779161550,25,4,0.018427,core_s25_p4
1779161550,25,2,0.025734,path_A
1779161550,25,3,0.018405,path_A
1779161550,3,4,0.083724,edge_s3_p4
1779161550,3,1,0.072765,s3_p1_edge
1779161550,3,2,0.028088,s3_p2_edge
1779161550,3,3,0.083747,edge_s3_p3
1779161550,5,4,0.010353,path_A
1779161550,5,1,0.021734,s5_p1_edge
1779161550,5,2,0.019581,s5_p2_edge
1779161550,5,3,0.009836,s5_p3_edge
1779161550,9,4,0.007027,agg_s9_p4
1779161550,9,1,0.009115,agg_s9_p1
1779161550,9,2,0.008297,agg_s9_p2
1779161550,9,3,0.007206,agg_s9_p3
1779161550,19,4,0.009354,core_s19_p4
1779161550,19,1,0.011269,s19_p1_edge
1779161550,19,2,0.010693,s19_p2_edge
1779161550,19,3,0.010393,core_s19_p3
1779161550,23,1,0.010897,core_s23_p1
1779161550,23,4,0.010695,core_s23_p4
1779161550,23,2,0.021162,core_s23_p2
1779161550,23,3,0.011150,core_s23_p3
1779161550,24,1,0.019961,core_s24_p1
1779161550,24,4,0.018877,s24_p4_edge
1779161550,24,2,0.028591,core_s24_p2
1779161550,24,3,0.018863,core_s24_p3
1779161550,17,4,0.008476,core_s17_p4
1779161550,17,1,0.009795,core_s17_p1
1779161550,17,2,0.027058,core_s17_p2
1779161550,17,3,0.008615,core_s17_p3
1779161550,32,1,0.015384,core_s32_p1
1779161550,32,4,0.015314,core_s32_p4
1779161550,32,2,0.025829,core_s32_p2
1779161550,32,3,0.015700,core_s32_p3
1779161550,1,4,0.009211,edge_s1_p4
1779161550,1,1,0.011331,s1_p1_edge
1779161550,1,2,0.020218,s1_p2_edge
1779161550,1,3,0.009196,edge_s1_p3
1779161553,21,4,0.039663,s21_p4_edge
1779161553,21,1,0.040372,core_s21_p1
1779161553,21,2,0.006774,s21_p2_edge
1779161553,21,3,0.039564,core_s21_p3
1779161553,4,4,0.002977,path_A
1779161553,4,1,0.005811,s4_p1_edge
1779161553,4,2,0.006918,s4_p2_edge
1779161553,4,3,0.007431,edge_s4_p3
1779161553,6,1,0.013637,s6_p1_edge
1779161553,6,4,0.006882,edge_s6_p4
1779161553,6,2,0.013536,s6_p2_edge
1779161553,6,3,0.006683,s6_p3_edge
1779161553,25,1,0.025035,core_s25_p1
1779161553,25,4,0.023750,core_s25_p4
1779161553,25,2,0.038959,path_A
1779161553,25,3,0.024930,path_A
1779161553,20,1,0.009497,path_A
1779161553,20,4,0.010216,core_s20_p4
1779161553,20,2,0.008909,core_s20_p2
1779161553,20,3,0.007721,path_A
1779161550,22,1,0.042466,core_s22_p1
1779161550,22,4,0.041789,core_s22_p4
1779161550,22,2,0.006249,core_s22_p2
1779161550,22,3,0.041664,core_s22_p3
1779161550,16,1,0.027428,agg_s16_p1
1779161550,16,4,0.026441,agg_s16_p4
1779161550,16,2,0.004032,agg_s16_p2
1779161550,16,3,0.026371,agg_s16_p3
1779161550,2,1,0.008320,s2_p1_edge
1779161550,2,4,0.004172,edge_s2_p4
1779161550,2,2,0.008334,s2_p2_edge
1779161550,2,3,0.004133,edge_s2_p3
1779161550,6,1,0.049748,s6_p1_edge
1779161550,6,4,0.024720,edge_s6_p4
1779161550,6,2,0.050030,s6_p2_edge
1779161550,6,3,0.024934,s6_p3_edge
1779161550,24,1,0.027168,core_s24_p1
1779161550,24,4,0.021116,s24_p4_edge
1779161550,24,2,0.038239,core_s24_p2
1779161550,24,3,0.025694,core_s24_p3
1779161550,18,4,0.007443,core_s18_p4
1779161550,18,1,0.008607,core_s18_p1
1779161550,18,2,0.020342,path_A
1779161550,18,3,0.007744,path_A
1779161550,6,1,0.048786,s6_p1_edge
1779161550,6,4,0.024826,edge_s6_p4
1779161550,6,2,0.048568,s6_p2_edge
1779161550,6,3,0.024041,s6_p3_edge
1779161550,9,4,0.009332,agg_s9_p4
1779161550,9,1,0.011890,agg_s9_p1
1779161550,9,2,0.010850,agg_s9_p2
1779161550,9,3,0.009278,agg_s9_p3
1779161550,19,4,0.010063,core_s19_p4
1779161550,19,1,0.012185,s19_p1_edge
1779161550,19,2,0.011467,s19_p2_edge
1779161550,19,3,0.010903,core_s19_p3
1779161550,25,1,0.017570,core_s25_p1
1779161550,25,4,0.015686,core_s25_p4
1779161550,25,2,0.024925,path_A
1779161550,25,3,0.016384,path_A
1779161550,32,1,0.022241,core_s32_p1
1779161550,32,4,0.022503,core_s32_p4
1779161550,32,2,0.032057,core_s32_p2
1779161550,32,3,0.022634,core_s32_p3
1779161555,5,4,0.144133,path_A
1779161555,5,1,0.147914,s5_p1_edge
1779161555,5,2,0.006419,s5_p2_edge
1779161555,5,3,0.144044,s5_p3_edge
1779161555,7,1,0.007969,s7_p1_edge
1779161555,7,4,0.004023,edge_s7_p4
1779161555,7,2,0.007965,s7_p2_edge
1779161555,7,3,0.004009,edge_s7_p3
1779161555,23,1,0.009582,core_s23_p1
1779161555,23,4,0.009726,core_s23_p4
1779161555,23,2,0.015513,core_s23_p2
1779161555,23,3,0.009798,core_s23_p3
1779161555,17,4,0.009492,core_s17_p4
1779161555,17,1,0.010771,core_s17_p1
1779161555,17,2,0.025291,core_s17_p2
1779161555,17,3,0.009569,core_s17_p3
1779161555,20,1,0.013496,path_A
1779161555,20,4,0.013821,path_A
1779161555,20,2,0.012942,core_s20_p2
1779161555,20,3,0.011467,core_s20_p3
1779161555,6,1,0.031934,s6_p1_edge
1779161555,6,4,0.015877,edge_s6_p4
1779161555,6,2,0.031906,s6_p2_edge
1779161555,6,3,0.016085,s6_p3_edge
1779161555,3,4,0.150749,edge_s3_p4
1779161555,3,1,0.051040,s3_p1_edge
1779161555,3,2,0.105105,s3_p2_edge
1779161555,3,3,0.150760,edge_s3_p3
1779161555,1,4,0.043826,edge_s1_p4
1779161555,1,1,0.004941,s1_p1_edge
1779161555,1,2,0.047524,s1_p2_edge
1779161555,1,3,0.043826,edge_s1_p3
1779161555,21,4,0.053898,core_s21_p4
1779161555,21,1,0.054887,core_s21_p1
1779161555,21,2,0.009320,s21_p2_edge
1779161555,21,3,0.053869,core_s21_p3
1779161555,32,1,0.021583,core_s32_p1
1779161555,32,4,0.019814,core_s32_p4
1779161555,32,2,0.027927,core_s32_p2
1779161555,32,3,0.021128,core_s32_p3
1779161555,22,1,0.057697,core_s22_p1
1779161555,22,4,0.056389,core_s22_p4
1779161555,22,2,0.009834,core_s22_p2
1779161555,22,3,0.056211,s22_p3_edge
1779161555,4,4,0.001307,path_A
1779161555,4,1,0.002651,s4_p1_edge
1779161555,4,2,0.006966,s4_p2_edge
1779161555,4,3,0.100409,path_B
1779161555,8,4,0.072795,edge_s8_p4
1779161555,8,1,0.006741,s8_p1_edge
1779161555,8,2,0.076060,s8_p2_edge
1779161555,8,3,0.072642,s8_p3_edge
1779161555,18,4,0.009349,core_s18_p4
1779161555,18,1,0.010859,core_s18_p1
1779161555,18,2,0.025087,path_B
1779161555,18,3,0.009772,path_B
1779161555,25,1,0.013413,core_s25_p1
1779161555,25,4,0.018184,s25_p4_edge
1779161555,25,2,0.025164,path_B
1779161555,25,3,0.020314,path_B
1779161555,19,4,0.010039,path_A
1779161555,19,1,0.012398,path_A
1779161555,19,2,0.011526,core_s19_p2
1779161555,19,3,0.011190,core_s19_p3
1779161555,21,4,0.023135,core_s21_p4
1779161555,21,1,0.025012,core_s21_p1
1779161555,21,2,0.017055,s21_p2_edge
1779161555,21,3,0.023021,core_s21_p3
1779161555,24,1,0.021062,core_s24_p1
1779161555,24,4,0.006689,core_s24_p4
1779161555,24,2,0.023634,path_A
1779161555,24,3,0.020427,path_A
1779161555,17,4,0.009300,path_A
1779161555,17,1,0.010616,core_s17_p1
1779161555,17,2,0.026275,path_A
1779161555,17,3,0.009551,core_s17_p3
1779161555,23,1,0.009600,core_s23_p1
1779161555,23,4,0.009657,core_s23_p4
1779161555,23,2,0.015685,core_s23_p2
1779161555,23,3,0.009804,core_s23_p3
1779161555,32,1,0.012029,core_s32_p1
1779161555,32,4,0.010816,core_s32_p4
1779161555,32,2,0.015962,core_s32_p2
1779161555,32,3,0.011163,core_s32_p3
1779161555,5,4,0.143782,path_B
1779161555,5,1,0.073316,s5_p1_edge
1779161555,5,2,0.080235,s5_p2_edge
1779161555,5,3,0.144148,path_A
1779161555,22,1,0.028975,core_s22_p1
1779161555,22,4,0.027048,core_s22_p4
1779161555,22,2,0.012792,core_s22_p2
1779161555,22,3,0.027193,s22_p3_edge
1779161555,7,1,0.007956,s7_p1_edge
1779161555,7,4,0.004007,edge_s7_p4
1779161555,7,2,0.007953,s7_p2_edge
1779161555,7,3,0.004014,edge_s7_p3
1779161555,23,1,0.018817,core_s23_p1
1779161555,23,4,0.018839,core_s23_p4
1779161555,23,2,0.029917,core_s23_p2
1779161555,23,3,0.019483,core_s23_p3
1779161560,18,4,0.009337,core_s18_p4
1779161560,18,1,0.010486,core_s18_p1
1779161560,18,2,0.027715,path_B
1779161560,18,3,0.009065,path_B
1779161560,3,4,0.003874,edge_s3_p4
1779161560,3,1,0.007821,s3_p1_edge
1779161560,3,2,0.007987,s3_p2_edge
1779161560,3,3,0.004044,edge_s3_p3
1779161560,17,4,0.011354,core_s17_p4
1779161560,17,1,0.012860,core_s17_p1
1779161560,17,2,0.030924,path_B
1779161560,17,3,0.011903,path_B
1779161560,2,1,0.008659,s2_p1_edge
1779161560,2,4,0.004338,edge_s2_p4
1779161560,2,2,0.008678,s2_p2_edge
1779161560,2,3,0.004319,edge_s2_p3
1779161560,4,4,0.001378,path_A
1779161560,4,1,0.002831,s4_p1_edge
1779161560,4,2,0.008117,s4_p2_edge
1779161560,4,3,0.045477,path_B
1779161560,6,1,0.011295,s6_p1_edge
1779161560,6,4,0.005668,edge_s6_p4
1779161560,6,2,0.011283,s6_p2_edge
1779161560,6,3,0.005705,edge_s6_p3
1779161560,8,4,0.074339,edge_s8_p4
1779161560,8,1,0.006646,s8_p1_edge
1779161560,8,2,0.077763,s8_p2_edge
1779161560,8,3,0.074602,edge_s8_p3
1779161560,5,4,0.313896,path_A
1779161560,5,1,0.107358,s5_p1_edge
1779161560,5,2,0.216014,s5_p2_edge
1779161560,5,3,0.314005,path_B
1779161560,9,4,0.024547,agg_s9_p4
1779161560,9,1,0.026132,agg_s9_p1
1779161560,9,2,0.006699,agg_s9_p2
1779161560,9,3,0.024622,agg_s9_p3
1779161560,24,1,0.020703,core_s24_p1
1779161560,24,4,0.019175,core_s24_p4
1779161560,24,2,0.033970,core_s24_p2
1779161560,24,3,0.030590,core_s24_p3
1779161560,23,1,0.023555,core_s23_p1
1779161560,23,4,0.023181,core_s23_p4
1779161560,23,2,0.033738,path_B
1779161560,23,3,0.023215,path_B
1779161560,18,4,0.013650,core_s18_p4
1779161560,18,1,0.015126,core_s18_p1
1779161560,18,2,0.038695,path_A
1779161560,18,3,0.013022,path_A
1779161560,1,4,0.042180,edge_s1_p4
1779161560,1,1,0.003072,s1_p1_edge
1779161560,1,2,0.045306,s1_p2_edge
1779161560,1,3,0.043304,edge_s1_p3
1779161560,4,4,0.006972,path_A
1779161560,4,1,0.013448,s4_p1_edge
1779161560,4,2,0.041967,s4_p2_edge
1779161560,4,3,0.239865,path_B
1779161560,20,1,0.007275,path_A
1779161560,20,4,0.013961,core_s20_p4
1779161560,20,2,0.014022,core_s20_p2
1779161560,20,3,0.014919,path_A
1779161560,4,4,0.033841,path_A
1779161560,4,1,0.064835,s4_p1_edge
1779161560,4,2,0.196122,s4_p2_edge
1779161560,4,3,1.000000,path_B
1779161560,32,1,0.014968,core_s32_p1
1779161560,32,4,0.020573,core_s32_p4
1779161560,32,2,0.029820,core_s32_p2
1779161560,32,3,0.027581,core_s32_p3
1779161560,23,1,0.025756,core_s23_p1
1779161560,23,4,0.024498,core_s23_p4
1779161560,23,2,0.034532,path_B
1779161560,23,3,0.025694,path_B
1779161560,4,4,0.036031,path_A
1779161560,4,1,0.077950,s4_p1_edge
1779161560,4,2,0.232843,s4_p2_edge
1779161560,4,3,0.193291,path_B
1779161560,21,4,0.028936,core_s21_p4
1779161560,21,1,0.029609,core_s21_p1
1779161560,21,2,0.005163,core_s21_p2
1779161560,21,3,0.028930,core_s21_p3
1779161560,22,1,0.028752,core_s22_p1
1779161560,22,4,0.028027,core_s22_p4
1779161560,22,2,0.006276,core_s22_p2
1779161560,22,3,0.027824,s22_p3_edge
1779161560,4,4,0.011680,path_A
1779161560,4,1,0.024075,s4_p1_edge
1779161560,4,2,0.059364,s4_p2_edge
1779161560,4,3,0.049266,path_B
1779161560,25,1,0.004554,core_s25_p1
1779161560,25,4,0.004118,s25_p4_edge
1779161560,25,2,0.005982,path_A
1779161560,25,3,0.034594,path_A
1779161560,7,1,0.008775,s7_p1_edge
1779161560,7,4,0.004413,edge_s7_p4
1779161560,7,2,0.008830,s7_p2_edge
1779161560,7,3,0.004468,edge_s7_p3
1779161560,16,1,0.013990,agg_s16_p1
1779161560,16,4,0.012968,agg_s16_p4
1779161560,16,2,0.004634,agg_s16_p2
1779161560,16,3,0.012861,agg_s16_p3
1779161560,19,4,0.012801,core_s19_p4
1779161560,19,1,0.007688,path_B
1779161560,19,2,0.012806,core_s19_p2
1779161560,19,3,0.012726,path_B
1779161560,23,1,0.017590,core_s23_p1
1779161560,23,4,0.016113,core_s23_p4
1779161560,23,2,0.023775,path_B
1779161560,23,3,0.016743,path_B
1779161560,17,4,0.010640,core_s17_p4
1779161560,17,1,0.011630,core_s17_p1
1779161560,17,2,0.089530,path_B
1779161560,17,3,0.010463,path_B
1779161560,2,1,0.009000,s2_p1_edge
1779161560,2,4,0.004516,edge_s2_p4
1779161560,2,2,0.009008,s2_p2_edge
1779161560,2,3,0.004475,edge_s2_p3
1779161560,3,4,0.004145,edge_s3_p4
1779161560,3,1,0.008219,s3_p1_edge
1779161560,3,2,0.008470,s3_p2_edge
1779161560,3,3,0.004112,edge_s3_p3
1779161565,18,4,0.008831,path_B
1779161565,18,1,0.009598,core_s18_p1
1779161565,18,2,0.022765,path_B
1779161565,18,3,0.008337,core_s18_p3
1779161565,6,1,0.008890,s6_p1_edge
1779161565,6,4,0.004430,edge_s6_p4
1779161565,6,2,0.008866,s6_p2_edge
1779161565,6,3,0.004484,edge_s6_p3
1779161565,5,4,0.207094,path_B
1779161565,5,1,0.036169,s5_p1_edge
1779161565,5,2,0.188462,s5_p2_edge
1779161565,5,3,0.207623,path_A
1779161565,8,4,0.034114,edge_s8_p4
1779161565,8,1,0.007790,s8_p1_edge
1779161565,8,2,0.037914,s8_p2_edge
1779161565,8,3,0.033963,edge_s8_p3
1779161565,24,1,0.019261,core_s24_p1
1779161565,24,4,0.014526,core_s24_p4
1779161565,24,2,0.023483,core_s24_p2
1779161565,24,3,0.018996,core_s24_p3
1779161565,17,4,0.026628,core_s17_p4
1779161565,17,1,0.029794,core_s17_p1
1779161565,17,2,0.283270,path_A
1779161565,17,3,0.026423,path_A
1779161565,20,1,0.008734,path_B
1779161565,20,4,0.022229,path_B
1779161565,20,2,0.022628,core_s20_p2
1779161565,20,3,0.022439,core_s20_p3
1779161565,19,4,0.016595,core_s19_p4
1779161565,19,1,0.015513,path_A
1779161565,19,2,0.015548,core_s19_p2
1779161565,19,3,0.014190,path_A
1779161565,23,1,0.019315,core_s23_p1
1779161565,23,4,0.017407,core_s23_p4
1779161565,23,2,0.024549,path_A
1779161565,23,3,0.017471,path_A
1779161565,4,4,0.011841,path_B
1779161565,4,1,0.023436,s4_p1_edge
1779161565,4,2,0.023436,s4_p2_edge
1779161565,4,3,0.025412,path_A
1779161565,16,1,0.013277,agg_s16_p1
1779161565,16,4,0.010444,agg_s16_p4
1779161565,16,2,0.012090,agg_s16_p2
1779161565,16,3,0.010207,agg_s16_p3
1779161565,20,1,0.025684,path_B
1779161565,20,4,0.025968,path_B
1779161565,20,2,0.026225,core_s20_p2
1779161565,20,3,0.021971,core_s20_p3
1779161565,1,4,0.012094,edge_s1_p4
1779161565,1,1,0.015799,s1_p1_edge
1779161565,1,2,0.021273,s1_p2_edge
1779161565,1,3,0.011781,edge_s1_p3
1779161565,7,1,0.011676,s7_p1_edge
1779161565,7,4,0.005838,edge_s7_p4
1779161565,7,2,0.011696,s7_p2_edge
1779161565,7,3,0.005889,edge_s7_p3
1779161565,20,1,1.000000,path_B
1779161565,20,4,0.067198,path_B
1779161565,20,2,0.074527,core_s20_p2
1779161565,20,3,0.065829,core_s20_p3
1779161565,19,4,0.014653,core_s19_p4
1779161565,19,1,0.018148,path_A
1779161565,19,2,0.017271,core_s19_p2
1779161565,19,3,0.016979,path_A
1779161565,17,4,0.013856,core_s17_p4
1779161565,17,1,0.015239,core_s17_p1
1779161565,17,2,0.029327,path_A
1779161565,17,3,0.013514,path_A
1779161565,16,1,0.023214,agg_s16_p1
1779161565,16,4,0.018270,agg_s16_p4
1779161565,16,2,0.021303,agg_s16_p2
1779161565,16,3,0.017840,agg_s16_p3
1779161568,1,4,0.063033,edge_s1_p4
1779161568,1,1,0.066831,s1_p1_edge
1779161568,1,2,0.090560,s1_p2_edge
1779161568,1,3,0.015118,edge_s1_p3
1779161568,9,4,0.025459,agg_s9_p4
1779161568,9,1,0.026448,agg_s9_p1
1779161568,9,2,0.003972,agg_s9_p2
1779161568,9,3,0.025566,agg_s9_p3
1779161568,19,4,0.023050,core_s19_p4
1779161568,19,1,0.389091,path_A
1779161568,19,2,0.028072,core_s19_p2
1779161568,19,3,0.027220,path_A
1779161568,32,1,0.077372,core_s32_p1
1779161568,32,4,0.010323,core_s32_p4
1779161568,32,2,0.022228,path_B
1779161568,32,3,0.033261,path_B
1779161568,20,1,0.412970,path_B
1779161568,20,4,0.040899,path_B
1779161568,20,2,0.044647,core_s20_p2
1779161568,20,3,0.038391,core_s20_p3
1779161568,1,4,0.028334,edge_s1_p4
1779161568,1,1,0.034248,s1_p1_edge
1779161568,1,2,0.073785,s1_p2_edge
1779161568,1,3,0.027961,edge_s1_p3
1779161568,2,1,0.008015,s2_p1_edge
1779161568,2,4,0.004074,edge_s2_p4
1779161568,2,2,0.008037,s2_p2_edge
1779161568,2,3,0.003931,edge_s2_p3
1779161568,7,1,0.026228,s7_p1_edge
1779161568,7,4,0.012957,edge_s7_p4
1779161568,7,2,0.026083,s7_p2_edge
1779161568,7,3,0.013225,edge_s7_p3
1779161568,17,4,0.013191,core_s17_p4
1779161568,17,1,0.015452,core_s17_p1
1779161568,17,2,0.027476,path_A
1779161568,17,3,0.014027,path_A
1779161568,9,4,0.020915,agg_s9_p4
1779161568,9,1,0.026624,agg_s9_p1
1779161568,9,2,0.024611,agg_s9_p2
1779161568,9,3,0.021219,agg_s9_p3
1779161568,16,1,0.016168,agg_s16_p1
1779161568,16,4,0.012996,agg_s16_p4
1779161568,16,2,0.015329,agg_s16_p2
1779161568,16,3,0.012610,agg_s16_p3
1779161568,18,4,0.009149,path_B
1779161568,18,1,0.010354,core_s18_p1
1779161568,18,2,0.081586,path_B
1779161568,18,3,0.009264,core_s18_p3
1779161568,6,1,0.008008,s6_p1_edge
1779161568,6,4,0.004050,edge_s6_p4
1779161568,6,2,0.008001,s6_p2_edge
1779161568,6,3,0.004029,edge_s6_p3
1779161568,8,4,0.004178,edge_s8_p4
1779161568,8,1,0.008124,s8_p1_edge
1779161568,8,2,0.008167,s8_p2_edge
1779161568,8,3,0.004087,edge_s8_p3
1779161568,7,1,0.076205,s7_p1_edge
1779161568,7,4,0.037769,edge_s7_p4
1779161568,7,2,0.074951,s7_p2_edge
1779161568,7,3,0.037461,edge_s7_p3
1779161568,20,1,0.068484,path_B
1779161568,20,4,0.036004,path_B
1779161568,20,2,0.040486,core_s20_p2
1779161568,20,3,0.032631,core_s20_p3
1779161568,19,4,0.029472,core_s19_p4
1779161568,19,1,0.358233,path_A
1779161568,19,2,0.036387,core_s19_p2
1779161568,19,3,0.034236,path_A
1779161568,23,1,0.012500,core_s23_p1
1779161568,23,4,0.010589,core_s23_p4
1779161568,23,2,0.015471,path_A
1779161568,23,3,0.011763,path_A
1779161568,7,1,0.066899,s7_p1_edge
1779161568,7,4,0.033283,edge_s7_p4
1779161568,7,2,0.066064,s7_p2_edge
1779161568,7,3,0.033045,edge_s7_p3
1779161568,18,4,0.030055,path_B
1779161568,18,1,0.033435,core_s18_p1
1779161568,18,2,0.307958,path_B
1779161568,18,3,0.028953,core_s18_p3
1779161568,25,1,0.007368,core_s25_p1
1779161568,25,4,0.006738,core_s25_p4
1779161568,25,2,0.009480,core_s25_p2
1779161568,25,3,0.038374,core_s25_p3
1779161571,7,1,0.060234,s7_p1_edge
1779161571,7,4,0.030036,edge_s7_p4
1779161571,7,2,0.060396,s7_p2_edge
1779161571,7,3,0.030923,edge_s7_p3
1779161571,19,4,0.038469,core_s19_p4
1779161571,19,1,0.082963,path_A
1779161571,19,2,0.045871,core_s19_p2
1779161571,19,3,0.042020,path_A
1779161571,9,4,0.014135,agg_s9_p4
1779161571,9,1,0.018293,agg_s9_p1
1779161571,9,2,0.016968,agg_s9_p2
1779161571,9,3,0.014525,agg_s9_p3
1779161571,18,4,0.032690,path_B
1779161571,18,1,0.035653,core_s18_p1
1779161571,18,2,0.064722,path_B
1779161571,18,3,0.031729,core_s18_p3
1779161571,3,4,0.004594,edge_s3_p4
1779161571,3,1,0.009017,s3_p1_edge
1779161571,3,2,0.009235,s3_p2_edge
1779161571,3,3,0.004599,edge_s3_p3
1779161571,16,1,0.024951,agg_s16_p1
1779161571,16,4,0.019842,agg_s16_p4
1779161571,16,2,0.023118,agg_s16_p2
1779161571,16,3,0.019481,agg_s16_p3
1779161571,1,4,0.162257,edge_s1_p4
1779161571,1,1,0.006468,s1_p1_edge
1779161571,1,2,0.169760,s1_p2_edge
1779161571,1,3,0.162520,edge_s1_p3
1779161571,17,4,0.015860,core_s17_p4
1779161571,17,1,0.019300,core_s17_p1
1779161571,17,2,0.035666,path_A
1779161571,17,3,0.017332,path_A
1779161571,5,4,0.132502,path_B
1779161571,5,1,0.099227,s5_p1_edge
1779161571,5,2,0.097329,s5_p2_edge
1779161571,5,3,0.129085,path_A
1779161571,18,4,0.021905,path_B
1779161571,18,1,0.024460,core_s18_p1
1779161571,18,2,0.044200,path_B
1779161571,18,3,0.022322,core_s18_p3
1779161571,21,4,0.019859,core_s21_p4
1779161571,21,1,0.057701,core_s21_p1
1779161571,21,2,0.005277,core_s21_p2
1779161571,21,3,0.019976,core_s21_p3
1779161571,2,1,0.011672,s2_p1_edge
1779161571,2,4,0.006045,edge_s2_p4
1779161571,2,2,0.011848,s2_p2_edge
1779161571,2,3,0.005631,edge_s2_p3
1779161571,24,1,0.021415,core_s24_p1
1779161571,24,4,0.006705,core_s24_p4
1779161571,24,2,0.023232,core_s24_p2
1779161571,24,3,0.020671,core_s24_p3
1779161570,7,1,0.169365,s7_p1_edge
1779161570,7,4,0.013026,edge_s7_p4
1779161570,7,2,0.026101,s7_p2_edge
1779161570,7,3,0.013203,edge_s7_p3
1779161570,22,1,0.023063,core_s22_p1
1779161570,22,4,0.084181,core_s22_p4
1779161570,22,2,0.004773,core_s22_p2
1779161570,22,3,0.076264,core_s22_p3
1779161570,4,4,0.003703,path_B
1779161570,4,1,0.007087,s4_p1_edge
1779161570,4,2,0.011245,s4_p2_edge
1779161570,4,3,0.208012,path_A
1779161570,6,1,0.006132,s6_p1_edge
1779161570,6,4,0.094507,edge_s6_p4
1779161570,6,2,0.097648,s6_p2_edge
1779161570,6,3,0.094673,edge_s6_p3
1779161570,9,4,0.014511,agg_s9_p4
1779161570,9,1,0.018927,agg_s9_p1
1779161570,9,2,0.017647,agg_s9_p2
1779161570,9,3,0.014918,agg_s9_p3
1779161570,17,4,0.018202,path_B
1779161570,17,1,0.022840,core_s17_p1
1779161570,17,2,0.042840,path_B
1779161570,17,3,0.020429,core_s17_p3
1779161575,25,1,0.014051,core_s25_p1
1779161575,25,4,0.013270,core_s25_p4
1779161575,25,2,0.016628,core_s25_p2
1779161575,25,3,0.021947,s25_p3_edge
1779161575,32,1,0.018113,core_s32_p1
1779161575,32,4,0.008184,core_s32_p4
1779161575,32,2,0.019383,path_A
1779161575,32,3,0.017226,path_A
1779161575,17,4,0.056318,path_B
1779161575,17,1,0.056486,core_s17_p1
1779161575,17,2,0.113827,path_B
1779161575,17,3,0.115678,core_s17_p3
1779161575,8,4,0.269264,edge_s8_p4
1779161575,8,1,0.010360,s8_p1_edge
1779161575,8,2,0.010376,s8_p2_edge
1779161575,8,3,0.136268,edge_s8_p3
1779161575,18,4,0.012065,path_A
1779161575,18,1,0.013578,core_s18_p1
1779161575,18,2,0.023444,path_A
1779161575,18,3,0.011969,core_s18_p3
1779161575,16,1,0.012256,agg_s16_p1
1779161575,16,4,0.009722,agg_s16_p4
1779161575,16,2,0.011314,agg_s16_p2
1779161575,16,3,0.009490,agg_s16_p3
1779161575,17,4,0.024503,path_B
1779161575,17,1,0.026334,core_s17_p1
1779161575,17,2,0.042689,path_B
1779161575,17,3,0.049921,core_s17_p3
1779161575,24,1,0.058683,core_s24_p1
1779161575,24,4,0.010676,core_s24_p4
1779161575,24,2,0.018546,path_B
1779161575,24,3,0.014336,path_B
1779161575,19,4,0.045755,path_B
1779161575,19,1,0.008869,path_B
1779161575,19,2,0.048537,core_s19_p2
1779161575,19,3,0.047534,core_s19_p3
1779161575,9,4,0.011805,agg_s9_p4
1779161575,9,1,0.015098,agg_s9_p1
1779161575,9,2,0.013998,agg_s9_p2
1779161575,9,3,0.012080,agg_s9_p3
1779161575,1,4,0.075327,edge_s1_p4
1779161575,1,1,0.001262,s1_p1_edge
1779161575,1,2,0.077270,s1_p2_edge
1779161575,1,3,0.116564,edge_s1_p3
1779161575,20,1,0.020532,path_B
1779161575,20,4,0.014674,path_B
1779161575,20,2,0.015748,core_s20_p2
1779161575,20,3,0.014690,core_s20_p3
1779161575,24,1,0.020710,core_s24_p1
1779161575,24,4,0.018503,core_s24_p4
1779161575,24,2,0.023623,path_A
1779161575,24,3,0.018040,path_A
1779161575,6,1,0.015522,s6_p1_edge
1779161575,6,4,0.092900,edge_s6_p4
1779161575,6,2,0.103242,s6_p2_edge
1779161575,6,3,0.098071,edge_s6_p3
1779161575,21,4,0.007114,core_s21_p4
1779161575,21,1,0.465359,core_s21_p1
1779161575,21,2,0.014629,core_s21_p2
1779161575,21,3,0.085788,core_s21_p3
1779161575,23,1,0.012331,core_s23_p1
1779161575,23,4,0.005402,core_s23_p4
1779161575,23,2,0.013399,core_s23_p2
1779161575,23,3,0.081504,core_s23_p3
1779161580,25,1,0.028600,core_s25_p1
1779161580,25,4,0.010177,core_s25_p4
1779161580,25,2,0.012271,core_s25_p2
1779161580,25,3,0.031241,core_s25_p3
1779161580,3,4,0.004207,edge_s3_p4
1779161580,3,1,0.008089,s3_p1_edge
1779161580,3,2,0.008239,s3_p2_edge
1779161580,3,3,0.004108,edge_s3_p3
1779161580,32,1,0.033503,core_s32_p1
1779161580,32,4,0.009694,core_s32_p4
1779161580,32,2,0.018058,path_B
1779161580,32,3,0.015399,path_B
1779161580,5,4,0.004566,path_B
1779161580,5,1,0.014049,s5_p1_edge
1779161580,5,2,0.014040,s5_p2_edge
1779161580,5,3,0.009842,path_A
1779161580,22,1,0.014463,core_s22_p1
1779161580,22,4,0.008110,core_s22_p4
1779161580,22,2,0.014247,core_s22_p2
1779161580,22,3,0.013202,core_s22_p3
1779161580,17,4,0.009088,path_A
1779161580,17,1,0.010525,core_s17_p1
1779161580,17,2,0.015538,path_A
1779161580,17,3,0.009670,core_s17_p3
1779161580,6,1,0.141966,s6_p1_edge
1779161580,6,4,0.068825,edge_s6_p4
1779161580,6,2,0.141686,s6_p2_edge
1779161580,6,3,0.072937,edge_s6_p3
1779161580,2,1,0.008435,s2_p1_edge
1779161580,2,4,0.004186,edge_s2_p4
1779161580,2,2,0.008561,s2_p2_edge
1779161580,2,3,0.004243,edge_s2_p3
1779161580,16,1,0.013745,agg_s16_p1
1779161580,16,4,0.034059,agg_s16_p4
1779161580,16,2,0.080384,agg_s16_p2
1779161580,16,3,0.033933,agg_s16_p3
1779161580,18,4,0.010442,path_B
1779161580,18,1,0.011655,core_s18_p1
1779161580,18,2,0.020801,path_B
1779161580,18,3,0.009705,core_s18_p3
1779161580,6,1,0.056957,s6_p1_edge
1779161580,6,4,0.027317,edge_s6_p4
1779161580,6,2,0.057015,s6_p2_edge
1779161580,6,3,0.029828,edge_s6_p3
1779161580,6,1,1.000000,s6_p1_edge
1779161580,6,4,1.000000,edge_s6_p4
1779161580,6,2,1.000000,s6_p2_edge
1779161580,6,3,1.000000,edge_s6_p3
1779161580,7,1,0.112175,s7_p1_edge
1779161580,7,4,0.005014,edge_s7_p4
1779161580,7,2,0.009270,s7_p2_edge
1779161580,7,3,0.004344,edge_s7_p3
1779161580,16,1,0.262468,agg_s16_p1
1779161580,16,4,0.041711,agg_s16_p4
1779161580,16,2,0.063250,agg_s16_p2
1779161580,16,3,0.058217,agg_s16_p3
1779161580,24,1,0.011536,core_s24_p1
1779161580,24,4,0.010413,core_s24_p4
1779161580,24,2,0.013133,path_A
1779161580,24,3,0.010132,path_A
1779161580,32,1,0.078566,core_s32_p1
1779161580,32,4,0.013880,core_s32_p4
1779161580,32,2,0.017414,path_B
1779161580,32,3,0.013970,path_B
1779161580,25,1,0.061551,core_s25_p1
1779161580,25,4,0.010880,core_s25_p4
1779161580,25,2,0.013356,core_s25_p2
1779161580,25,3,0.027207,core_s25_p3
1779161580,21,4,0.014149,core_s21_p4
1779161580,21,1,0.106201,core_s21_p1
1779161580,21,2,0.017915,core_s21_p2
1779161580,21,3,0.016022,core_s21_p3
1779161580,9,4,0.034190,agg_s9_p4
1779161580,9,1,0.013260,agg_s9_p1
1779161580,9,2,0.135287,agg_s9_p2
1779161580,9,3,0.035696,agg_s9_p3
1779161580,22,1,0.025000,core_s22_p1
1779161580,22,4,0.017463,core_s22_p4
1779161580,22,2,0.025040,core_s22_p2
1779161580,22,3,0.022883,core_s22_p3
1779161580,4,4,0.003582,path_B
1779161580,4,1,0.006776,s4_p1_edge
1779161580,4,2,0.013963,s4_p2_edge
1779161580,4,3,0.215929,path_A
1779161583,21,4,0.046733,core_s21_p4
1779161583,21,1,0.060613,core_s21_p1
1779161583,21,2,0.051744,core_s21_p2
1779161583,21,3,0.046387,core_s21_p3
1779161583,16,1,0.028034,agg_s16_p1
1779161583,16,4,0.020227,agg_s16_p4
1779161583,16,2,0.025326,agg_s16_p2
1779161583,16,3,0.020910,agg_s16_p3
1779161583,22,1,0.094961,core_s22_p1
1779161583,22,4,0.026792,core_s22_p4
1779161583,22,2,0.030689,core_s22_p2
1779161583,22,3,0.026590,core_s22_p3
1779161583,9,4,0.051159,agg_s9_p4
1779161583,9,1,0.034931,agg_s9_p1
1779161583,9,2,0.214180,agg_s9_p2
1779161583,9,3,0.065119,agg_s9_p3
1779161583,8,4,0.004224,edge_s8_p4
1779161583,8,1,0.008414,s8_p1_edge
1779161583,8,2,0.008507,s8_p2_edge
1779161583,8,3,0.503785,edge_s8_p3
1779161583,5,4,0.004603,path_A
1779161583,5,1,0.008880,s5_p1_edge
1779161583,5,2,0.008880,s5_p2_edge
1779161583,5,3,0.004668,path_B
1779161583,32,1,0.013158,core_s32_p1
1779161583,32,4,0.011936,core_s32_p4
1779161583,32,2,0.015022,s32_p2_edge
1779161583,32,3,0.012052,core_s32_p3
1779161583,19,4,0.003245,core_s19_p4
1779161583,19,1,0.016375,path_B
1779161583,19,2,0.003920,core_s19_p2
1779161583,19,3,0.003238,path_B
1779161583,21,4,0.020283,core_s21_p4
1779161583,21,1,0.023429,core_s21_p1
1779161583,21,2,0.023523,core_s21_p2
1779161583,21,3,0.021054,core_s21_p3
1779161583,18,4,0.012205,s18_p4_edge
1779161583,18,1,0.013887,core_s18_p1
1779161583,18,2,0.024568,path_A
1779161583,18,3,0.010962,path_A
1779161583,23,1,0.065537,core_s23_p1
1779161583,23,4,0.009040,core_s23_p4
1779161583,23,2,0.021728,path_B
1779161583,23,3,0.021889,path_B
1779161583,20,1,0.014582,path_A
1779161583,20,4,0.018944,core_s20_p4
1779161583,20,2,0.022195,core_s20_p2
1779161583,20,3,0.021094,path_A
1779161583,22,1,0.019947,core_s22_p1
1779161583,22,4,0.017399,core_s22_p4
1779161583,22,2,0.019848,core_s22_p2
1779161583,22,3,0.017281,core_s22_p3
1779161583,1,4,0.020934,edge_s1_p4
1779161583,1,1,0.002051,s1_p1_edge
1779161583,1,2,0.024126,s1_p2_edge
1779161583,1,3,0.021122,edge_s1_p3
1779161583,25,1,0.010739,core_s25_p1
1779161583,25,4,0.009430,core_s25_p4
1779161583,25,2,0.012160,path_A
1779161583,25,3,0.021153,path_A
1779161586,9,4,0.018136,agg_s9_p4
1779161586,9,1,0.029433,agg_s9_p1
1779161586,9,2,0.026569,agg_s9_p2
1779161586,9,3,0.022647,agg_s9_p3
1779161586,6,1,0.007216,s6_p1_edge
1779161586,6,4,0.067456,edge_s6_p4
1779161586,6,2,0.071006,s6_p2_edge
1779161586,6,3,0.067403,edge_s6_p3
1779161586,24,1,0.019095,core_s24_p1
1779161586,24,4,0.027801,core_s24_p4
1779161586,24,2,0.031136,core_s24_p2
1779161586,24,3,0.020914,core_s24_p3
1779161586,23,1,0.016239,core_s23_p1
1779161586,23,4,0.015476,core_s23_p4
1779161586,23,2,0.019257,path_B
1779161586,23,3,0.045667,path_B
1779161586,3,4,0.004568,edge_s3_p4
1779161586,3,1,0.008974,s3_p1_edge
1779161586,3,2,0.009035,s3_p2_edge
1779161586,3,3,0.004643,edge_s3_p3
1779161586,4,4,0.002976,path_A
1779161586,4,1,0.005663,s4_p1_edge
1779161586,4,2,0.012420,s4_p2_edge
1779161586,4,3,0.101330,path_B
1779161586,3,4,0.027373,edge_s3_p4
1779161586,3,1,0.053268,s3_p1_edge
1779161586,3,2,0.052693,s3_p2_edge
1779161586,3,3,0.027879,edge_s3_p3
1779161586,16,1,0.025146,agg_s16_p1
1779161586,16,4,0.008806,agg_s16_p4
1779161586,16,2,0.017119,agg_s16_p2
1779161586,16,3,0.015174,agg_s16_p3
1779161586,2,1,0.008737,s2_p1_edge
1779161586,2,4,0.004244,edge_s2_p4
1779161586,2,2,0.008867,s2_p2_edge
1779161586,2,3,0.004495,edge_s2_p3
1779161586,21,4,0.011712,core_s21_p4
1779161586,21,1,0.013006,core_s21_p1
1779161586,21,2,0.013116,core_s21_p2
1779161586,21,3,0.011661,core_s21_p3
1779161589,32,1,0.019871,core_s32_p1
1779161589,32,4,0.011006,core_s32_p4
1779161589,32,2,0.014026,s32_p2_edge
1779161589,32,3,0.011633,core_s32_p3
1779161589,3,4,0.014293,edge_s3_p4
1779161589,3,1,0.028364,s3_p1_edge
1779161589,3,2,0.028503,s3_p2_edge
1779161589,3,3,0.014674,edge_s3_p3
1779161589,7,1,0.072338,s7_p1_edge
1779161589,7,4,0.082755,edge_s7_p4
1779161589,7,2,0.093538,s7_p2_edge
1779161589,7,3,0.070141,s7_p3_edge
1779161589,22,1,0.011681,core_s22_p1
1779161589,22,4,0.010288,core_s22_p4
1779161589,22,2,0.011728,core_s22_p2
1779161589,22,3,0.010147,core_s22_p3
1779161589,9,4,0.013972,agg_s9_p4
1779161589,9,1,0.022045,agg_s9_p1
1779161589,9,2,0.020494,agg_s9_p2
1779161589,9,3,0.014935,agg_s9_p3
1779161589,3,4,0.033366,edge_s3_p4
1779161589,3,1,0.065271,s3_p1_edge
1779161589,3,2,0.065374,s3_p2_edge
1779161589,3,3,0.033539,edge_s3_p3
1779161589,18,4,0.021424,s18_p4_edge
1779161589,18,1,0.005466,core_s18_p1
1779161589,18,2,0.025901,path_B
1779161589,18,3,0.020955,path_B
1779161589,24,1,0.016675,core_s24_p1
1779161589,24,4,0.012213,core_s24_p4
1779161589,24,2,0.015128,core_s24_p2
1779161589,24,3,0.039475,core_s24_p3
1779161589,25,1,0.010976,core_s25_p1
1779161589,25,4,0.009763,core_s25_p4
1779161589,25,2,0.012872,path_B
1779161589,25,3,0.018945,path_B
1779161589,5,4,0.010610,path_B
1779161589,5,1,0.013790,s5_p1_edge
1779161589,5,2,0.013801,s5_p2_edge
1779161589,5,3,0.003359,path_A
1779161589,23,1,0.008650,core_s23_p1
1779161589,23,4,0.008112,core_s23_p4
1779161589,23,2,0.009898,path_A
1779161589,23,3,0.011143,path_A
1779161589,17,4,0.035391,core_s17_p4
1779161589,17,1,0.035833,core_s17_p1
1779161589,17,2,0.006895,path_A
1779161589,17,3,0.045101,path_A
1779161589,3,4,0.027429,edge_s3_p4
1779161589,3,1,0.052426,s3_p1_edge
1779161589,3,2,0.051821,s3_p2_edge
1779161589,3,3,0.026245,edge_s3_p3
1779161589,19,4,0.004117,core_s19_p4
1779161589,19,1,0.053627,path_A
1779161589,19,2,0.004597,core_s19_p2
1779161589,19,3,0.004254,path_A
1779161592,8,4,0.004407,edge_s8_p4
1779161592,8,1,0.008762,s8_p1_edge
1779161592,8,2,0.008884,s8_p2_edge
1779161592,8,3,0.076283,edge_s8_p3
1779161590,8,4,0.351543,edge_s8_p4
1779161590,8,1,0.159864,s8_p1_edge
1779161590,8,2,0.159723,s8_p2_edge
1779161590,8,3,0.098590,edge_s8_p3
1779161590,20,1,0.054826,path_B
1779161590,20,4,0.005576,core_s20_p4
1779161590,20,2,0.007157,core_s20_p2
1779161590,20,3,0.004964,path_B
1779161590,8,4,0.045474,edge_s8_p4
1779161590,8,1,0.090844,s8_p1_edge
1779161590,8,2,0.090698,s8_p2_edge
1779161590,8,3,0.045765,edge_s8_p3
1779161590,4,4,0.004025,path_B
1779161590,4,1,0.008130,s4_p1_edge
1779161590,4,2,0.014705,s4_p2_edge
1779161590,4,3,0.004279,path_A
1779161590,8,4,0.026877,edge_s8_p4
1779161590,8,1,0.054783,s8_p1_edge
1779161590,8,2,0.054865,s8_p2_edge
1779161590,8,3,0.028356,edge_s8_p3
1779161590,6,1,0.005917,s6_p1_edge
1779161590,6,4,0.092828,edge_s6_p4
1779161590,6,2,0.095770,s6_p2_edge
1779161590,6,3,0.092854,edge_s6_p3
1779161590,7,1,0.038451,s7_p1_edge
1779161590,7,4,0.114945,edge_s7_p4
1779161590,7,2,0.126563,s7_p2_edge
1779161590,7,3,0.114477,s7_p3_edge
1779161590,5,4,0.009505,path_B
1779161590,5,1,0.024439,s5_p1_edge
1779161590,5,2,0.024419,s5_p2_edge
1779161590,5,3,0.015514,path_A
1779161595,8,4,0.073579,edge_s8_p4
1779161595,8,1,0.139676,s8_p1_edge
1779161595,8,2,0.139780,s8_p2_edge
1779161595,8,3,0.066250,edge_s8_p3
1779161595,2,1,0.009800,s2_p1_edge
1779161595,2,4,0.004869,edge_s2_p4
1779161595,2,2,0.102221,s2_p2_edge
1779161595,2,3,0.004929,edge_s2_p3
1779161595,23,1,0.011835,core_s23_p1
1779161595,23,4,0.011363,core_s23_p4
1779161595,23,2,0.014064,core_s23_p2
1779161595,23,3,0.108729,core_s23_p3
1779161595,21,4,0.025459,s21_p4_edge
1779161595,21,1,0.008147,s21_p1_edge
1779161595,21,2,0.024279,core_s21_p2
1779161595,21,3,0.023519,core_s21_p3
1779161595,25,1,0.012951,core_s25_p1
1779161595,25,4,0.009755,s25_p4_edge
1779161595,25,2,0.012373,path_B
1779161595,25,3,0.082953,path_B
1779161595,3,4,0.033181,edge_s3_p4
1779161595,3,1,0.037563,s3_p1_edge
1779161595,3,2,0.472027,s3_p2_edge
1779161595,3,3,0.030232,edge_s3_p3
1779161595,32,1,0.012254,core_s32_p1
1779161595,32,4,0.015601,core_s32_p4
1779161595,32,2,0.016235,s32_p2_edge
1779161595,32,3,0.047703,core_s32_p3
1779161595,2,1,0.033864,s2_p1_edge
1779161595,2,4,0.016930,edge_s2_p4
1779161595,2,2,0.239018,s2_p2_edge
1779161595,2,3,0.016989,edge_s2_p3
1779161595,22,1,0.008284,core_s22_p1
1779161595,22,4,0.022600,core_s22_p4
1779161595,22,2,0.023690,core_s22_p2
1779161595,22,3,0.022527,s22_p3_edge
1779161595,24,1,0.009255,core_s24_p1
1779161595,24,4,0.008829,s24_p4_edge
1779161595,24,2,0.006927,path_A
1779161595,24,3,0.043838,path_A
1779161595,18,4,0.007455,s18_p4_edge
1779161595,18,1,0.013763,core_s18_p1
1779161595,18,2,0.017213,path_B
1779161595,18,3,0.009960,path_B
1779161595,2,1,0.040451,s2_p1_edge
1779161595,2,4,0.020138,edge_s2_p4
1779161595,2,2,0.040290,s2_p2_edge
1779161595,2,3,0.020235,edge_s2_p3
1779161595,1,4,0.006542,edge_s1_p4
1779161595,1,1,0.004605,s1_p1_edge
1779161595,1,2,0.010516,s1_p2_edge
1779161595,1,3,0.008684,edge_s1_p3
1779161595,5,4,0.024072,path_B
1779161595,5,1,0.073620,s5_p1_edge
1779161595,5,2,0.073673,s5_p2_edge
1779161595,5,3,0.049961,path_A
1779161595,8,4,0.009963,edge_s8_p4
1779161595,8,1,0.019081,s8_p1_edge
1779161595,8,2,0.018935,s8_p2_edge
1779161595,8,3,0.009181,edge_s8_p3
1779161595,2,1,0.088919,s2_p1_edge
1779161595,2,4,0.044744,edge_s2_p4
1779161595,2,2,0.088690,s2_p2_edge
1779161595,2,3,0.044286,edge_s2_p3
1779161595,25,1,0.010379,core_s25_p1
1779161595,25,4,0.009779,s25_p4_edge
1779161595,25,2,0.011702,path_B
1779161595,25,3,0.041515,path_B
1779161595,32,1,0.015697,core_s32_p1
1779161595,32,4,0.014997,core_s32_p4
1779161595,32,2,0.016574,s32_p2_edge
1779161595,32,3,0.023568,core_s32_p3
1779161595,16,1,0.007095,agg_s16_p1
1779161595,16,4,0.025777,agg_s16_p4
1779161595,16,2,0.026791,agg_s16_p2
1779161595,16,3,0.025970,agg_s16_p3
1779161595,5,4,0.054071,path_B
1779161595,5,1,0.090056,s5_p1_edge
1779161595,5,2,0.090083,s5_p2_edge
1779161595,5,3,0.036263,path_A
1779161595,24,1,0.012652,core_s24_p1
1779161595,24,4,0.011610,s24_p4_edge
1779161595,24,2,0.013902,path_A
1779161595,24,3,0.017247,path_A
1779161595,7,1,0.032082,s7_p1_edge
1779161595,7,4,0.025925,edge_s7_p4
1779161595,7,2,0.044293,s7_p2_edge
1779161595,7,3,0.030634,s7_p3_edge
1779161595,2,1,0.052546,s2_p1_edge
1779161595,2,4,0.026305,edge_s2_p4
1779161595,2,2,0.052416,s2_p2_edge
1779161595,2,3,0.026305,edge_s2_p3
1779161595,9,4,0.024152,agg_s9_p4
1779161595,9,1,0.009986,agg_s9_p1
1779161595,9,2,0.025499,agg_s9_p2
1779161595,9,3,0.022409,agg_s9_p3
1779161595,21,4,0.019323,s21_p4_edge
1779161595,21,1,0.007695,s21_p1_edge
1779161595,21,2,0.020259,core_s21_p2
1779161595,21,3,0.019338,core_s21_p3
1779161600,2,1,0.052208,s2_p1_edge
1779161600,2,4,0.026215,edge_s2_p4
1779161600,2,2,0.052085,s2_p2_edge
1779161600,2,3,0.026092,edge_s2_p3
1779161600,4,4,0.008792,path_B
1779161600,4,1,0.008738,s4_p1_edge
1779161600,4,2,0.016101,s4_p2_edge
1779161600,4,3,0.005428,path_A
1779161600,23,1,0.009728,core_s23_p1
1779161600,23,4,0.014250,core_s23_p4
1779161600,23,2,0.013989,core_s23_p2
1779161600,23,3,0.045374,core_s23_p3
1779161600,3,4,0.129050,edge_s3_p4
1779161600,3,1,0.132457,s3_p1_edge
1779161600,3,2,0.475526,s3_p2_edge
1779161600,3,3,0.128713,edge_s3_p3
1779161600,20,1,0.093190,path_B
1779161600,20,4,0.006696,core_s20_p4
1779161600,20,2,0.007448,core_s20_p2
1779161600,20,3,0.005077,path_B
1779161600,2,1,0.032572,s2_p1_edge
1779161600,2,4,0.016337,edge_s2_p4
1779161600,2,2,0.032439,s2_p2_edge
1779161600,2,3,0.016284,edge_s2_p3
1779161600,32,1,0.011293,core_s32_p1
1779161600,32,4,0.010172,core_s32_p4
1779161600,32,2,0.012218,s32_p2_edge
1779161600,32,3,0.014619,core_s32_p3
1779161600,5,4,0.078139,path_B
1779161600,5,1,0.159041,s5_p1_edge
1779161600,5,2,0.159078,s5_p2_edge
1779161600,5,3,0.081138,path_A
1779161600,2,1,0.079905,s2_p1_edge
1779161600,2,4,0.046770,edge_s2_p4
1779161600,2,2,0.079686,s2_p2_edge
1779161600,2,3,0.033056,edge_s2_p3
1779161600,22,1,0.005784,core_s22_p1
1779161600,22,4,0.017702,core_s22_p4
1779161600,22,2,0.018336,core_s22_p2
1779161600,22,3,0.017667,s22_p3_edge
1779161600,6,1,0.011340,s6_p1_edge
1779161600,6,4,0.058015,edge_s6_p4
1779161600,6,2,0.063527,s6_p2_edge
1779161600,6,3,0.057752,edge_s6_p3
1779161600,25,1,0.009734,core_s25_p1
1779161600,25,4,0.009054,s25_p4_edge
1779161600,25,2,0.010511,path_B
1779161600,25,3,0.012540,path_B
1779161600,8,4,0.005648,edge_s8_p4
1779161600,8,1,0.010837,s8_p1_edge
1779161600,8,2,0.010725,s8_p2_edge
1779161600,8,3,0.005235,edge_s8_p3
1779161600,19,4,0.008227,path_A
1779161600,19,1,0.123547,path_A
1779161600,19,2,0.008736,core_s19_p2
1779161600,19,3,0.004513,core_s19_p3
1779161600,18,4,0.014948,s18_p4_edge
1779161600,18,1,0.011884,core_s18_p1
1779161600,18,2,0.016755,path_B
1779161600,18,3,0.010733,path_B
1779161600,17,4,0.004738,core_s17_p4
1779161600,17,1,0.004741,core_s17_p1
1779161600,17,2,0.006933,path_B
1779161600,17,3,0.005597,path_B
1779161600,24,1,0.173788,core_s24_p1
1779161600,24,4,0.022263,core_s24_p4
1779161600,24,2,0.023133,core_s24_p2
1779161600,24,3,0.022988,core_s24_p3
1779161600,21,4,0.013111,core_s21_p4
1779161600,21,1,0.016753,s21_p1_edge
1779161600,21,2,0.019046,core_s21_p2
1779161600,21,3,0.018443,core_s21_p3
1779161600,23,1,0.015713,core_s23_p1
1779161600,23,4,0.032095,core_s23_p4
1779161600,23,2,0.031904,path_B
1779161600,23,3,0.085846,path_B
1779161600,32,1,0.020140,core_s32_p1
1779161600,32,4,0.018482,core_s32_p4
1779161600,32,2,0.022434,s32_p2_edge
1779161600,32,3,0.020980,core_s32_p3
1779161600,16,1,0.007930,agg_s16_p1
1779161600,16,4,0.011894,agg_s16_p4
1779161600,16,2,0.013048,agg_s16_p2
1779161600,16,3,0.012021,agg_s16_p3
1779161600,25,1,0.021236,core_s25_p1
1779161600,25,4,0.771196,s25_p4_edge
1779161600,25,2,0.022813,s25_p2_edge
1779161600,25,3,0.045383,core_s25_p3
1779161600,1,4,0.004283,edge_s1_p4
1779161600,1,1,0.005302,s1_p1_edge
1779161600,1,2,0.009630,s1_p2_edge
1779161600,1,3,0.006697,edge_s1_p3
1779161600,21,4,0.024581,core_s21_p4
1779161600,21,1,0.025536,core_s21_p1
1779161600,21,2,0.023272,core_s21_p2
1779161600,21,3,0.208524,core_s21_p3
1779161600,22,1,0.014734,core_s22_p1
1779161600,22,4,0.014406,core_s22_p4
1779161600,22,2,0.016150,core_s22_p2
1779161600,22,3,0.014406,s22_p3_edge
1779161600,2,1,0.289658,s2_p1_edge
1779161600,2,4,0.293819,edge_s2_p4
1779161600,2,2,0.102084,s2_p2_edge
1779161600,2,3,0.292415,edge_s2_p3
1779161605,3,4,0.156342,path_B
1779161605,3,1,0.161200,s3_p1_edge
1779161605,3,2,0.557700,s3_p2_edge
1779161605,3,3,0.155448,path_B
1779161605,1,4,0.017557,edge_s1_p4
1779161605,1,1,0.019305,s1_p1_edge
1779161605,1,2,0.038740,s1_p2_edge
1779161605,1,3,0.015898,edge_s1_p3
1779161605,20,1,0.304707,path_B
1779161605,20,4,0.012549,core_s20_p4
1779161605,20,2,0.014136,path_B
1779161605,20,3,0.015538,core_s20_p3
1779161605,1,4,0.023741,edge_s1_p4
1779161605,1,1,0.026901,s1_p1_edge
1779161605,1,2,0.052445,s1_p2_edge
1779161605,1,3,0.023564,edge_s1_p3
1779161605,17,4,0.009199,path_B
1779161605,17,1,0.653554,path_B
1779161605,17,2,0.050753,path_A
1779161605,17,3,0.011081,path_A
1779161604,7,1,0.016359,s7_p1_edge
1779161604,7,4,0.007099,edge_s7_p4
1779161604,7,2,0.016305,s7_p2_edge
1779161604,7,3,0.009272,edge_s7_p3
1779161604,9,4,0.021969,s9_p4_edge
1779161604,9,1,0.005521,agg_s9_p1
1779161604,9,2,0.022730,agg_s9_p2
1779161604,9,3,0.021931,agg_s9_p3
1779161604,5,4,0.337639,path_A
1779161604,5,1,0.115694,s5_p1_edge
1779161604,5,2,0.115710,s5_p2_edge
1779161604,5,3,0.066760,path_B
1779161604,6,1,0.013337,s6_p1_edge
1779161604,6,4,0.005120,edge_s6_p4
1779161604,6,2,0.013353,s6_p2_edge
1779161604,6,3,0.008293,edge_s6_p3
1779161604,21,4,0.040688,core_s21_p4
1779161604,21,1,0.041773,core_s21_p1
1779161604,21,2,0.192779,core_s21_p2
1779161604,21,3,0.241132,core_s21_p3
1779161607,16,1,0.011646,agg_s16_p1
1779161607,16,4,0.011732,agg_s16_p4
1779161607,16,2,0.013291,agg_s16_p2
1779161607,16,3,0.011625,agg_s16_p3
1779161607,22,1,0.373307,core_s22_p1
1779161607,22,4,0.162309,core_s22_p4
1779161607,22,2,0.022293,core_s22_p2
1779161607,22,3,0.022702,core_s22_p3
1779161607,8,4,0.102754,edge_s8_p4
1779161607,8,1,0.099988,s8_p1_edge
1779161607,8,2,0.013561,s8_p2_edge
1779161607,8,3,0.104039,edge_s8_p3
1779161607,23,1,0.009360,core_s23_p1
1779161607,23,4,0.008768,core_s23_p4
1779161607,23,2,0.010554,path_B
1779161607,23,3,0.023465,path_B
1779161607,18,4,0.011133,s18_p4_edge
1779161607,18,1,0.016100,core_s18_p1
1779161607,18,2,0.020877,path_A
1779161607,18,3,0.014959,path_A
1779161607,4,4,0.005408,path_A
1779161607,4,1,0.009209,s4_p1_edge
1779161607,4,2,0.015731,s4_p2_edge
1779161607,4,3,0.006732,path_B
1779161607,24,1,0.673670,s24_p1_edge
1779161607,24,4,0.115382,core_s24_p4
1779161607,24,2,0.011520,core_s24_p2
1779161607,24,3,0.133066,core_s24_p3
1779161607,19,4,0.008628,core_s19_p4
1779161607,19,1,0.143770,path_B
1779161607,19,2,0.009718,core_s19_p2
1779161607,19,3,0.010791,path_B
1779161607,1,4,0.159698,edge_s1_p4
1779161607,1,1,0.016561,s1_p1_edge
1779161607,1,2,0.022523,s1_p2_edge
1779161607,1,3,0.008424,edge_s1_p3
1779161607,25,1,0.010461,core_s25_p1
1779161607,25,4,0.131420,core_s25_p4
1779161607,25,2,0.011835,path_A
1779161607,25,3,0.018422,path_A
1779161607,20,1,0.045979,path_A
1779161607,20,4,0.007815,core_s20_p4
1779161607,20,2,0.008873,core_s20_p2
1779161607,20,3,0.007850,path_A
1779161607,22,1,0.639208,core_s22_p1
1779161607,22,4,0.032989,core_s22_p4
1779161607,22,2,0.052823,core_s22_p2
1779161607,22,3,0.037112,core_s22_p3
1779161607,23,1,0.491941,core_s23_p1
1779161607,23,4,0.011817,core_s23_p4
1779161607,23,2,0.241284,path_B
1779161607,23,3,0.052249,path_B
1779161607,32,1,0.014368,core_s32_p1
1779161607,32,4,0.107643,core_s32_p4
1779161607,32,2,0.017342,s32_p2_edge
1779161607,32,3,0.112473,core_s32_p3
1779161610,1,4,0.841891,edge_s1_p4
1779161610,1,1,0.030611,s1_p1_edge
1779161610,1,2,0.042879,s1_p2_edge
1779161610,1,3,0.021530,edge_s1_p3
1779161610,17,4,0.007146,core_s17_p4
1779161610,17,1,0.568117,core_s17_p1
1779161610,17,2,0.161453,path_A
1779161610,17,3,0.009940,path_A
1779161610,16,1,0.013783,agg_s16_p1
1779161610,16,4,0.009480,agg_s16_p4
1779161610,16,2,0.014011,agg_s16_p2
1779161610,16,3,0.012551,agg_s16_p3
1779161610,18,4,0.009090,path_B
1779161610,18,1,0.010157,core_s18_p1
1779161610,18,2,0.048592,path_B
1779161610,18,3,0.008950,core_s18_p3
1779161610,19,4,0.009788,core_s19_p4
1779161610,19,1,0.151872,path_A
1779161610,19,2,0.010944,core_s19_p2
1779161610,19,3,0.009733,path_A
1779161610,6,1,0.012135,s6_p1_edge
1779161610,6,4,0.005710,edge_s6_p4
1779161610,6,2,0.012135,s6_p2_edge
1779161610,6,3,0.006486,edge_s6_p3
1779161610,9,4,0.007954,s9_p4_edge
1779161610,9,1,0.006746,agg_s9_p1
1779161610,9,2,0.008998,agg_s9_p2
1779161610,9,3,0.008187,agg_s9_p3
1779161610,20,1,0.023991,path_B
1779161610,20,4,0.009446,path_B
1779161610,20,2,0.011164,core_s20_p2
1779161610,20,3,0.009580,core_s20_p3
1779161610,2,1,0.061669,s2_p1_edge
1779161610,2,4,0.169571,edge_s2_p4
1779161610,2,2,0.125427,s2_p2_edge
1779161610,2,3,0.171559,edge_s2_p3
1779161613,24,1,0.010133,s24_p1_edge
1779161613,24,4,0.217983,core_s24_p4
1779161613,24,2,0.011594,core_s24_p2
1779161613,24,3,0.093064,core_s24_p3
1779161613,4,4,0.003806,path_B
1779161613,4,1,0.007352,s4_p1_edge
1779161613,4,2,0.053539,s4_p2_edge
1779161613,4,3,0.379946,path_A
1779161613,3,4,0.003805,edge_s3_p4
1779161613,3,1,0.007493,s3_p1_edge
1779161613,3,2,0.261890,s3_p2_edge
1779161613,3,3,0.003756,edge_s3_p3
1779161613,17,4,0.188235,core_s17_p4
1779161613,17,1,0.678693,core_s17_p1
1779161613,17,2,0.196826,path_A
1779161613,17,3,0.038494,path_A
1779161613,21,4,0.009646,core_s21_p4
1779161613,21,1,0.011358,core_s21_p1
1779161613,21,2,0.011963,core_s21_p2
1779161613,21,3,0.143995,core_s21_p3
1779161613,1,4,0.007635,edge_s1_p4
1779161613,1,1,0.009762,s1_p1_edge
1779161613,1,2,0.015729,s1_p2_edge
1779161613,1,3,0.006872,edge_s1_p3
1779161613,19,4,0.008962,core_s19_p4
1779161613,19,1,0.036504,path_A
1779161613,19,2,0.010692,core_s19_p2
1779161613,19,3,0.009138,path_A
1779161613,16,1,0.016894,agg_s16_p1
1779161613,16,4,0.323833,agg_s16_p4
1779161613,16,2,0.015519,agg_s16_p2
1779161613,16,3,0.013570,agg_s16_p3
1779161613,18,4,0.009149,path_B
1779161613,18,1,0.009511,core_s18_p1
1779161613,18,2,0.195891,path_B
1779161613,18,3,0.008368,core_s18_p3
1779161613,25,1,0.009270,core_s25_p1
1779161613,25,4,0.017279,core_s25_p4
1779161613,25,2,0.010568,core_s25_p2
1779161613,25,3,0.012903,core_s25_p3
1779161613,32,1,0.010242,core_s32_p1
1779161613,32,4,0.009530,core_s32_p4
1779161613,32,2,0.146595,path_B
1779161613,32,3,0.085688,path_B
1779161613,7,1,0.013585,s7_p1_edge
1779161613,7,4,0.007375,edge_s7_p4
1779161613,7,2,0.013625,s7_p2_edge
1779161613,7,3,0.006318,edge_s7_p3
1779161613,23,1,0.567913,core_s23_p1
1779161613,23,4,0.010100,core_s23_p4
1779161613,23,2,0.626990,path_A
1779161613,23,3,0.037206,path_A
1779161613,8,4,0.114837,edge_s8_p4
1779161613,8,1,0.056624,s8_p1_edge
1779161613,8,2,0.056024,s8_p2_edge
1779161613,8,3,0.091530,edge_s8_p3
1779161613,5,4,0.109517,path_B
1779161613,5,1,0.090377,s5_p1_edge
1779161613,5,2,0.090384,s5_p2_edge
1779161613,5,3,0.147728,path_A
1779161613,22,1,0.011010,core_s22_p1
1779161613,22,4,0.008925,core_s22_p4
1779161613,22,2,0.018750,core_s22_p2
1779161613,22,3,0.010334,core_s22_p3
1779161613,9,4,0.008803,s9_p4_edge
1779161613,9,1,0.372434,agg_s9_p1
1779161613,9,2,0.013263,agg_s9_p2
1779161613,9,3,0.181830,agg_s9_p3
1779161613,20,1,0.029690,path_B
1779161613,20,4,0.008242,path_B
1779161613,20,2,0.010178,core_s20_p2
1779161613,20,3,0.358510,core_s20_p3
1779161616,16,1,0.031556,agg_s16_p1
1779161616,16,4,0.548507,agg_s16_p4
1779161616,16,2,0.029106,agg_s16_p2
1779161616,16,3,0.025136,agg_s16_p3
1779161616,6,1,0.012180,s6_p1_edge
1779161616,6,4,0.008165,edge_s6_p4
1779161616,6,2,0.012147,s6_p2_edge
1779161616,6,3,0.239384,edge_s6_p3
1779161616,18,4,0.010497,path_B
1779161616,18,1,0.012165,core_s18_p1
1779161616,18,2,0.234327,path_B
1779161616,18,3,0.010748,core_s18_p3
1779161616,19,4,0.008951,core_s19_p4
1779161616,19,1,0.059729,path_A
1779161616,19,2,0.011113,core_s19_p2
1779161616,19,3,0.403566,path_A
1779161616,24,1,0.012729,s24_p1_edge
1779161616,24,4,0.011174,core_s24_p4
1779161616,24,2,0.266550,core_s24_p2
1779161616,24,3,0.038186,core_s24_p3
1779161616,17,4,0.794365,core_s17_p4
1779161616,17,1,0.513188,core_s17_p1
1779161616,17,2,0.017310,path_A
1779161616,17,3,0.014647,path_A
