timestamp,dpid,port_no,utilization,link_label
1779334083.0,1,4,0.000000,s1_p4
1779334083.0,1,1,0.000000,s1_p1
1779334083.0,1,2,0.000000,s1_p2
1779334083.0,1,3,0.000000,s1_p3
1779334083.0,2,1,0.000000,s2_p1
1779334083.0,2,4,0.000000,s2_p4
1779334083.0,2,2,0.000000,s2_p2
1779334083.0,2,3,0.000000,s2_p3
1779334083.0,1,4,0.000000,s1_p4
1779334083.0,1,1,0.000000,s1_p1
1779334083.0,1,2,0.000000,s1_p2
1779334083.0,1,3,0.000000,s1_p3
1779334083.0,10,4,0.000000,s10_p4
1779334083.0,10,1,0.000000,s10_p1
1779334083.0,10,2,0.000000,s10_p2
1779334083.0,10,3,0.000000,s10_p3
1779334083.0,2,1,0.000000,s2_p1
1779334083.0,2,4,0.000000,s2_p4
1779334083.0,2,2,0.000000,s2_p2
1779334083.0,2,3,0.000000,s2_p3
1779334083.0,9,1,0.000000,s9_p1
1779334083.0,9,4,0.000000,s9_p4
1779334083.0,9,2,0.000000,s9_p2
1779334083.0,9,3,0.000000,s9_p3
1779334084.0,3,4,0.000000,s3_p4
1779334084.0,3,1,0.000000,s3_p1
1779334084.0,3,2,0.000000,s3_p2
1779334084.0,3,3,0.000000,s3_p3
1779334084.0,2,1,0.000000,s2_p1
1779334084.0,2,4,0.000000,s2_p4
1779334084.0,2,2,0.000000,s2_p2
1779334084.0,2,3,0.000000,s2_p3
1779334084.0,4,1,0.000000,s4_p1
1779334084.0,4,4,0.000000,s4_p4
1779334084.0,4,2,0.000000,s4_p2
1779334084.0,4,3,0.000000,s4_p3
1779334084.0,11,4,0.000000,s11_p4
1779334084.0,11,1,0.000000,s11_p1
1779334084.0,11,2,0.000000,s11_p2
1779334084.0,11,3,0.000000,s11_p3
1779334084.0,1,4,0.000000,s1_p4
1779334084.0,1,1,0.000000,s1_p1
1779334084.0,1,2,0.000000,s1_p2
1779334084.0,1,3,0.000000,s1_p3
1779334084.0,10,4,0.000000,s10_p4
1779334084.0,10,1,0.000000,s10_p1
1779334084.0,10,2,0.000000,s10_p2
1779334084.0,10,3,0.000000,s10_p3
1779334084.0,9,1,0.000000,s9_p1
1779334084.0,9,4,0.000000,s9_p4
1779334084.0,9,2,0.000000,s9_p2
1779334084.0,9,3,0.000000,s9_p3
1779334084.0,3,4,0.000000,s3_p4
1779334084.0,3,1,0.000000,s3_p1
1779334084.0,3,2,0.000000,s3_p2
1779334084.0,3,3,0.000000,s3_p3
1779334084.0,1,4,0.000000,s1_p4
1779334084.0,1,1,0.000000,s1_p1
1779334084.0,1,2,0.000000,s1_p2
1779334084.0,1,3,0.000000,s1_p3
1779334084.0,5,4,0.000000,s5_p4
1779334084.0,5,1,0.000000,s5_p1
1779334084.0,5,2,0.000000,s5_p2
1779334084.0,5,3,0.000000,s5_p3
1779334084.0,2,1,0.000000,s2_p1
1779334084.0,2,4,0.000000,s2_p4
1779334084.0,2,2,0.000000,s2_p2
1779334084.0,2,3,0.000000,s2_p3
1779334084.0,12,4,0.000000,s12_p4
1779334084.0,12,1,0.000000,s12_p1
1779334084.0,12,2,0.000000,s12_p2
1779334084.0,12,3,0.000000,s12_p3
1779334084.0,11,4,0.000000,s11_p4
1779334084.0,11,1,0.000000,s11_p1
1779334084.0,11,2,0.000000,s11_p2
1779334084.0,11,3,0.000000,s11_p3
1779334084.0,9,1,0.000000,s9_p1
1779334084.0,9,4,0.000000,s9_p4
1779334084.0,9,2,0.000000,s9_p2
1779334084.0,9,3,0.000000,s9_p3
1779334084.0,4,1,0.000000,s4_p1
1779334084.0,4,4,0.000000,s4_p4
1779334084.0,4,2,0.000000,s4_p2
1779334084.0,4,3,0.000000,s4_p3
1779334084.0,10,4,0.000000,s10_p4
1779334084.0,10,1,0.000000,s10_p1
1779334084.0,10,2,0.000000,s10_p2
1779334084.0,10,3,0.000000,s10_p3
1779334085.0,1,4,0.000000,s1_p4
1779334085.0,1,1,0.000000,s1_p1
1779334085.0,1,2,0.000000,s1_p2
1779334085.0,1,3,0.000000,s1_p3
1779334085.0,13,1,0.000000,s13_p1
1779334085.0,13,4,0.000000,s13_p4
1779334085.0,13,2,0.000000,s13_p2
1779334085.0,13,3,0.000000,s13_p3
1779334085.0,3,4,0.000000,s3_p4
1779334085.0,3,1,0.000000,s3_p1
1779334085.0,3,2,0.000000,s3_p2
1779334085.0,3,3,0.000000,s3_p3
1779334085.0,4,1,0.000000,s4_p1
1779334085.0,4,4,0.000000,s4_p4
1779334085.0,4,2,0.000000,s4_p2
1779334085.0,4,3,0.000000,s4_p3
1779334085.0,10,4,0.000000,s10_p4
1779334085.0,10,1,0.000000,s10_p1
1779334085.0,10,2,0.000000,s10_p2
1779334085.0,10,3,0.000000,s10_p3
1779334085.0,12,4,0.000000,s12_p4
1779334085.0,12,1,0.000000,s12_p1
1779334085.0,12,2,0.000000,s12_p2
1779334085.0,12,3,0.000000,s12_p3
1779334085.0,5,4,0.000000,s5_p4
1779334085.0,5,1,0.000000,s5_p1
1779334085.0,5,2,0.000000,s5_p2
1779334085.0,5,3,0.000000,s5_p3
1779334085.0,2,1,0.000000,s2_p1
1779334085.0,2,4,0.000000,s2_p4
1779334085.0,2,2,0.000000,s2_p2
1779334085.0,2,3,0.000000,s2_p3
1779334085.0,11,4,0.000000,s11_p4
1779334085.0,11,1,0.000000,s11_p1
1779334085.0,11,2,0.000000,s11_p2
1779334085.0,11,3,0.000000,s11_p3
1779334085.0,9,1,0.000000,s9_p1
1779334085.0,9,4,0.000000,s9_p4
1779334085.0,9,2,0.000000,s9_p2
1779334085.0,9,3,0.000000,s9_p3
1779334085.0,6,1,0.000000,s6_p1
1779334085.0,6,4,0.000000,s6_p4
1779334085.0,6,2,0.000000,s6_p2
1779334085.0,6,3,0.000000,s6_p3
1779334085.0,6,1,0.000000,s6_p1
1779334085.0,6,4,0.000000,s6_p4
1779334085.0,6,2,0.000000,s6_p2
1779334085.0,6,3,0.000000,s6_p3
1779334085.0,14,4,0.000000,s14_p4
1779334085.0,14,1,0.000000,s14_p1
1779334085.0,14,2,0.000000,s14_p2
1779334085.0,14,3,0.000000,s14_p3
1779334085.0,3,4,0.000000,s3_p4
1779334085.0,3,1,0.000000,s3_p1
1779334085.0,3,2,0.000000,s3_p2
1779334085.0,3,3,0.000000,s3_p3
1779334085.0,1,4,0.000000,s1_p4
1779334085.0,1,1,0.000000,s1_p1
1779334085.0,1,2,0.000000,s1_p2
1779334085.0,1,3,0.000000,s1_p3
1779334085.0,10,4,0.000000,s10_p4
1779334085.0,10,1,0.000000,s10_p1
1779334085.0,10,2,0.000000,s10_p2
1779334085.0,10,3,0.000000,s10_p3
1779334085.0,8,4,0.000000,s8_p4
1779334085.0,8,1,0.000000,s8_p1
1779334085.0,8,2,0.000000,s8_p2
1779334085.0,8,3,0.000000,s8_p3
1779334085.0,13,1,0.000000,s13_p1
1779334085.0,13,4,0.000000,s13_p4
1779334085.0,13,2,0.000000,s13_p2
1779334085.0,13,3,0.000000,s13_p3
1779334085.0,7,1,0.000000,s7_p1
1779334085.0,7,4,0.000000,s7_p4
1779334085.0,7,2,0.000000,s7_p2
1779334085.0,7,3,0.000000,s7_p3
1779334085.0,4,1,0.000000,s4_p1
1779334085.0,4,4,0.000000,s4_p4
1779334085.0,4,2,0.000000,s4_p2
1779334085.0,4,3,0.000000,s4_p3
1779334085.0,5,4,0.000000,s5_p4
1779334085.0,5,1,0.000000,s5_p1
1779334085.0,5,2,0.000000,s5_p2
1779334085.0,5,3,0.000000,s5_p3
1779334085.0,12,4,0.000000,s12_p4
1779334085.0,12,1,0.000000,s12_p1
1779334085.0,12,2,0.000000,s12_p2
1779334085.0,12,3,0.000000,s12_p3
1779334085.0,11,4,0.000000,s11_p4
1779334085.0,11,1,0.000000,s11_p1
1779334085.0,11,2,0.000000,s11_p2
1779334085.0,11,3,0.000000,s11_p3
1779334085.0,2,1,0.000000,s2_p1
1779334085.0,2,4,0.000000,s2_p4
1779334085.0,2,2,0.000000,s2_p2
1779334085.0,2,3,0.000000,s2_p3
1779334085.0,9,1,0.000000,s9_p1
1779334085.0,9,4,0.000000,s9_p4
1779334085.0,9,2,0.000000,s9_p2
1779334085.0,9,3,0.000000,s9_p3
1779334086.0,6,1,0.000000,s6_p1
1779334086.0,6,4,0.000000,s6_p4
1779334086.0,6,2,0.000000,s6_p2
1779334086.0,6,3,0.000000,s6_p3
1779334086.0,1,4,0.000000,s1_p4
1779334086.0,1,1,0.000000,s1_p1
1779334086.0,1,2,0.000000,s1_p2
1779334086.0,1,3,0.000000,s1_p3
1779334086.0,14,4,0.000000,s14_p4
1779334086.0,14,1,0.000000,s14_p1
1779334086.0,14,2,0.000000,s14_p2
1779334086.0,14,3,0.000000,s14_p3
1779334086.0,10,4,0.000000,s10_p4
1779334086.0,10,1,0.000000,s10_p1
1779334086.0,10,2,0.000000,s10_p2
1779334086.0,10,3,0.000000,s10_p3
1779334086.0,3,4,0.000000,s3_p4
1779334086.0,3,1,0.000000,s3_p1
1779334086.0,3,2,0.000000,s3_p2
1779334086.0,3,3,0.000000,s3_p3
1779334086.0,8,4,0.000000,s8_p4
1779334086.0,8,1,0.000000,s8_p1
1779334086.0,8,2,0.000000,s8_p2
1779334086.0,8,3,0.000000,s8_p3
1779334086.0,7,1,0.000000,s7_p1
1779334086.0,7,4,0.000000,s7_p4
1779334086.0,7,2,0.000000,s7_p2
1779334086.0,7,3,0.000000,s7_p3
1779334086.0,13,1,0.000000,s13_p1
1779334086.0,13,4,0.000000,s13_p4
1779334086.0,13,2,0.000000,s13_p2
1779334086.0,13,3,0.000000,s13_p3
1779334086.0,15,4,0.000000,s15_p4
1779334086.0,15,1,0.000000,s15_p1
1779334086.0,15,2,0.000000,s15_p2
1779334086.0,15,3,0.000000,s15_p3
1779334086.0,4,1,0.000000,s4_p1
1779334086.0,4,4,0.000000,s4_p4
1779334086.0,4,2,0.000000,s4_p2
1779334086.0,4,3,0.000000,s4_p3
1779334086.0,5,4,0.000000,s5_p4
1779334086.0,5,1,0.000000,s5_p1
1779334086.0,5,2,0.000000,s5_p2
1779334086.0,5,3,0.000000,s5_p3
1779334086.0,11,4,0.000000,s11_p4
1779334086.0,11,1,0.000000,s11_p1
1779334086.0,11,2,0.000000,s11_p2
1779334086.0,11,3,0.000000,s11_p3
1779334086.0,9,1,0.000000,s9_p1
1779334086.0,9,4,0.000000,s9_p4
1779334086.0,9,2,0.000000,s9_p2
1779334086.0,9,3,0.000000,s9_p3
1779334086.0,12,4,0.000000,s12_p4
1779334086.0,12,1,0.000000,s12_p1
1779334086.0,12,2,0.000000,s12_p2
1779334086.0,12,3,0.000000,s12_p3
1779334086.0,2,1,0.000000,s2_p1
1779334086.0,2,4,0.000000,s2_p4
1779334086.0,2,2,0.000000,s2_p2
1779334086.0,2,3,0.000000,s2_p3
1779334086.0,16,1,0.000000,s16_p1
1779334086.0,16,4,0.000000,s16_p4
1779334086.0,16,2,0.000000,s16_p2
1779334086.0,16,3,0.000000,s16_p3
1779334086.0,6,1,0.000000,s6_p1
1779334086.0,6,4,0.000000,s6_p4
1779334086.0,6,2,0.000000,s6_p2
1779334086.0,6,3,0.000000,s6_p3
1779334086.0,14,4,0.000000,s14_p4
1779334086.0,14,1,0.000000,s14_p1
1779334086.0,14,2,0.000000,s14_p2
1779334086.0,14,3,0.000000,s14_p3
1779334086.0,7,1,0.000000,s7_p1
1779334086.0,7,4,0.000000,s7_p4
1779334086.0,7,2,0.000000,s7_p2
1779334086.0,7,3,0.000000,s7_p3
1779334086.0,15,4,0.000000,s15_p4
1779334086.0,15,1,0.000000,s15_p1
1779334086.0,15,2,0.000000,s15_p2
1779334086.0,15,3,0.000000,s15_p3
1779334086.0,3,4,0.000000,s3_p4
1779334086.0,3,1,0.000000,s3_p1
1779334086.0,3,2,0.000000,s3_p2
1779334086.0,3,3,0.000000,s3_p3
1779334086.0,1,4,0.000000,s1_p4
1779334086.0,1,1,0.000000,s1_p1
1779334086.0,1,2,0.000000,s1_p2
1779334086.0,1,3,0.000000,s1_p3
1779334086.0,8,4,0.000000,s8_p4
1779334086.0,8,1,0.000000,s8_p1
1779334086.0,8,2,0.000000,s8_p2
1779334086.0,8,3,0.000000,s8_p3
1779334086.0,13,1,0.000000,s13_p1
1779334086.0,13,4,0.000000,s13_p4
1779334086.0,13,2,0.000000,s13_p2
1779334086.0,13,3,0.000000,s13_p3
1779334086.0,10,4,0.000000,s10_p4
1779334086.0,10,1,0.000000,s10_p1
1779334086.0,10,2,0.000000,s10_p2
1779334086.0,10,3,0.000000,s10_p3
1779334086.0,18,4,0.000000,s18_p4
1779334086.0,18,1,0.000000,s18_p1
1779334086.0,18,2,0.000000,s18_p2
1779334086.0,18,3,0.000000,s18_p3
1779334086.0,5,4,0.000000,s5_p4
1779334086.0,5,1,0.000000,s5_p1
1779334086.0,5,2,0.000000,s5_p2
1779334086.0,5,3,0.000000,s5_p3
1779334086.0,12,4,0.000000,s12_p4
1779334086.0,12,1,0.000000,s12_p1
1779334086.0,12,2,0.000000,s12_p2
1779334086.0,12,3,0.000000,s12_p3
1779334086.0,9,1,0.000000,s9_p1
1779334086.0,9,4,0.000000,s9_p4
1779334086.0,9,2,0.000000,s9_p2
1779334086.0,9,3,0.000000,s9_p3
1779334086.0,11,4,0.000000,s11_p4
1779334086.0,11,1,0.000000,s11_p1
1779334086.0,11,2,0.000000,s11_p2
1779334086.0,11,3,0.000000,s11_p3
1779334086.0,17,4,0.000000,s17_p4
1779334086.0,17,1,0.000000,s17_p1
1779334086.0,17,2,0.000000,s17_p2
1779334086.0,17,3,0.000000,s17_p3
1779334086.0,16,1,0.000000,s16_p1
1779334086.0,16,4,0.000000,s16_p4
1779334086.0,16,2,0.000000,s16_p2
1779334086.0,16,3,0.000000,s16_p3
1779334086.0,4,1,0.000000,s4_p1
1779334086.0,4,4,0.000000,s4_p4
1779334086.0,4,2,0.000000,s4_p2
1779334086.0,4,3,0.000000,s4_p3
1779334086.0,2,1,0.000000,s2_p1
1779334086.0,2,4,0.000000,s2_p4
1779334086.0,2,2,0.000000,s2_p2
1779334086.0,2,3,0.000000,s2_p3
1779334087.0,6,1,0.000000,s6_p1
1779334087.0,6,4,0.000000,s6_p4
1779334087.0,6,2,0.000000,s6_p2
1779334087.0,6,3,0.000000,s6_p3
1779334087.0,14,4,0.000000,s14_p4
1779334087.0,14,1,0.000000,s14_p1
1779334087.0,14,2,0.000000,s14_p2
1779334087.0,14,3,0.000000,s14_p3
1779334087.0,1,4,0.000000,s1_p4
1779334087.0,1,1,0.000000,s1_p1
1779334087.0,1,2,0.000000,s1_p2
1779334087.0,1,3,0.000000,s1_p3
1779334087.0,3,4,0.000000,s3_p4
1779334087.0,3,1,0.000000,s3_p1
1779334087.0,3,2,0.000000,s3_p2
1779334087.0,3,3,0.000000,s3_p3
1779334087.0,15,4,0.000000,s15_p4
1779334087.0,15,1,0.000000,s15_p1
1779334087.0,15,2,0.000000,s15_p2
1779334087.0,15,3,0.000000,s15_p3
1779334087.0,10,4,0.000000,s10_p4
1779334087.0,10,1,0.000000,s10_p1
1779334087.0,10,2,0.000000,s10_p2
1779334087.0,10,3,0.000000,s10_p3
1779334087.0,8,4,0.000000,s8_p4
1779334087.0,8,1,0.000000,s8_p1
1779334087.0,8,2,0.000000,s8_p2
1779334087.0,8,3,0.000000,s8_p3
1779334087.0,13,1,0.000000,s13_p1
1779334087.0,13,4,0.000000,s13_p4
1779334087.0,13,2,0.000000,s13_p2
1779334087.0,13,3,0.000000,s13_p3
1779334087.0,7,1,0.000000,s7_p1
1779334087.0,7,4,0.000000,s7_p4
1779334087.0,7,2,0.000000,s7_p2
1779334087.0,7,3,0.000000,s7_p3
1779334087.0,20,1,0.000000,s20_p1
1779334087.0,20,4,0.000000,s20_p4
1779334087.0,20,2,0.000000,s20_p2
1779334087.0,20,3,0.000000,s20_p3
1779334087.0,5,4,0.000000,s5_p4
1779334087.0,5,1,0.000000,s5_p1
1779334087.0,5,2,0.000000,s5_p2
1779334087.0,5,3,0.000000,s5_p3
1779334087.0,12,4,0.000000,s12_p4
1779334087.0,12,1,0.000000,s12_p1
1779334087.0,12,2,0.000000,s12_p2
1779334087.0,12,3,0.000000,s12_p3
1779334087.0,18,4,0.000000,s18_p4
1779334087.0,18,1,0.000000,s18_p1
1779334087.0,18,2,0.000000,s18_p2
1779334087.0,18,3,0.000000,s18_p3
1779334087.0,2,1,0.000000,s2_p1
1779334087.0,2,4,0.000000,s2_p4
1779334087.0,2,2,0.000000,s2_p2
1779334087.0,2,3,0.000000,s2_p3
1779334087.0,4,1,0.000000,s4_p1
1779334087.0,4,4,0.000000,s4_p4
1779334087.0,4,2,0.000000,s4_p2
1779334087.0,4,3,0.000000,s4_p3
1779334087.0,17,4,0.000000,s17_p4
1779334087.0,17,1,0.000000,s17_p1
1779334087.0,17,2,0.000000,s17_p2
1779334087.0,17,3,0.000000,s17_p3
1779334087.0,16,1,0.000000,s16_p1
1779334087.0,16,4,0.000000,s16_p4
1779334087.0,16,2,0.000000,s16_p2
1779334087.0,16,3,0.000000,s16_p3
1779334087.0,11,4,0.000000,s11_p4
1779334087.0,11,1,0.000000,s11_p1
1779334087.0,11,2,0.000000,s11_p2
1779334087.0,11,3,0.000000,s11_p3
1779334087.0,9,1,0.000000,s9_p1
1779334087.0,9,4,0.000000,s9_p4
1779334087.0,9,2,0.000000,s9_p2
1779334087.0,9,3,0.000000,s9_p3
1779334087.0,19,1,0.000000,s19_p1
1779334087.0,19,4,0.000000,s19_p4
1779334087.0,19,2,0.000000,s19_p2
1779334087.0,19,3,0.000000,s19_p3
1779334087.0,6,1,0.000000,s6_p1
1779334087.0,6,4,0.000000,s6_p4
1779334087.0,6,2,0.000000,s6_p2
1779334087.0,6,3,0.000000,s6_p3
1779334087.0,1,4,0.000000,s1_p4
1779334087.0,1,1,0.000000,s1_p1
1779334087.0,1,2,0.000000,s1_p2
1779334087.0,1,3,0.000000,s1_p3
1779334087.0,3,4,0.000000,s3_p4
1779334087.0,3,1,0.000000,s3_p1
1779334087.0,3,2,0.000000,s3_p2
1779334087.0,3,3,0.000000,s3_p3
1779334087.0,14,4,0.000000,s14_p4
1779334087.0,14,1,0.000000,s14_p1
1779334087.0,14,2,0.000000,s14_p2
1779334087.0,14,3,0.000000,s14_p3
1779334087.0,10,4,0.000000,s10_p4
1779334087.0,10,1,0.000000,s10_p1
1779334087.0,10,2,0.000000,s10_p2
1779334087.0,10,3,0.000000,s10_p3
1779334087.0,8,4,0.000000,s8_p4
1779334087.0,8,1,0.000000,s8_p1
1779334087.0,8,2,0.000000,s8_p2
1779334087.0,8,3,0.000000,s8_p3
1779334087.0,13,1,0.000000,s13_p1
1779334087.0,13,4,0.000000,s13_p4
1779334087.0,13,2,0.000000,s13_p2
1779334087.0,13,3,0.000000,s13_p3
1779334087.0,4,1,0.000000,s4_p1
1779334087.0,4,4,0.000000,s4_p4
1779334087.0,4,2,0.000000,s4_p2
1779334087.0,4,3,0.000000,s4_p3
1779334087.0,15,4,0.000000,s15_p4
1779334087.0,15,1,0.000000,s15_p1
1779334087.0,15,2,0.000000,s15_p2
1779334087.0,15,3,0.000000,s15_p3
1779334087.0,7,1,0.000000,s7_p1
1779334087.0,7,4,0.000000,s7_p4
1779334087.0,7,2,0.000000,s7_p2
1779334087.0,7,3,0.000000,s7_p3
1779334087.0,17,4,0.000000,s17_p4
1779334087.0,17,1,0.000000,s17_p1
1779334087.0,17,2,0.000000,s17_p2
1779334087.0,17,3,0.000000,s17_p3
1779334087.0,12,4,0.000000,s12_p4
1779334087.0,12,1,0.000000,s12_p1
1779334087.0,12,2,0.000000,s12_p2
1779334087.0,12,3,0.000000,s12_p3
1779334087.0,20,1,0.000000,s20_p1
1779334087.0,20,4,0.000000,s20_p4
1779334087.0,20,2,0.000000,s20_p2
1779334087.0,20,3,0.000000,s20_p3
1779334087.0,2,1,0.000000,s2_p1
1779334087.0,2,4,0.000000,s2_p4
1779334087.0,2,2,0.000000,s2_p2
1779334087.0,2,3,0.000000,s2_p3
1779334087.0,18,4,0.000000,s18_p4
1779334087.0,18,1,0.000000,s18_p1
1779334087.0,18,2,0.000000,s18_p2
1779334087.0,18,3,0.000000,s18_p3
1779334087.0,5,4,0.000000,s5_p4
1779334087.0,5,1,0.000000,s5_p1
1779334087.0,5,2,0.000000,s5_p2
1779334087.0,5,3,0.000000,s5_p3
1779334087.0,16,1,0.000000,s16_p1
1779334087.0,16,4,0.000000,s16_p4
1779334087.0,16,2,0.000000,s16_p2
1779334087.0,16,3,0.000000,s16_p3
1779334087.0,11,4,0.000000,s11_p4
1779334087.0,11,1,0.000000,s11_p1
1779334087.0,11,2,0.000000,s11_p2
1779334087.0,11,3,0.000000,s11_p3
1779334087.0,19,1,0.000000,s19_p1
1779334087.0,19,4,0.000000,s19_p4
1779334087.0,19,2,0.000000,s19_p2
1779334087.0,19,3,0.000000,s19_p3
1779334087.0,9,1,0.000000,s9_p1
1779334087.0,9,4,0.000000,s9_p4
1779334087.0,9,2,0.000000,s9_p2
1779334087.0,9,3,0.000000,s9_p3
1779334088.0,10,4,0.000000,s10_p4
1779334088.0,10,1,0.000000,s10_p1
1779334088.0,10,2,0.000000,s10_p2
1779334088.0,10,3,0.000000,s10_p3
1779334088.0,3,4,0.000000,s3_p4
1779334088.0,3,1,0.000000,s3_p1
1779334088.0,3,2,0.000000,s3_p2
1779334088.0,3,3,0.000000,s3_p3
1779334088.0,14,4,0.000000,s14_p4
1779334088.0,14,1,0.000000,s14_p1
1779334088.0,14,2,0.000000,s14_p2
1779334088.0,14,3,0.000000,s14_p3
1779334088.0,15,4,0.000000,s15_p4
1779334088.0,15,1,0.000000,s15_p1
1779334088.0,15,2,0.000000,s15_p2
1779334088.0,15,3,0.000000,s15_p3
1779334088.0,18,4,0.000000,s18_p4
1779334088.0,18,1,0.000000,s18_p1
1779334088.0,18,2,0.000000,s18_p2
1779334088.0,18,3,0.000000,s18_p3
1779334088.0,20,1,0.000000,s20_p1
1779334088.0,20,4,0.000000,s20_p4
1779334088.0,20,2,0.000000,s20_p2
1779334088.0,20,3,0.000000,s20_p3
1779334088.0,12,4,0.000000,s12_p4
1779334088.0,12,1,0.000000,s12_p1
1779334088.0,12,2,0.000000,s12_p2
1779334088.0,12,3,0.000000,s12_p3
1779334088.0,8,4,0.000000,s8_p4
1779334088.0,8,1,0.000000,s8_p1
1779334088.0,8,2,0.000000,s8_p2
1779334088.0,8,3,0.000000,s8_p3
1779334088.0,17,4,0.000000,s17_p4
1779334088.0,17,1,0.000000,s17_p1
1779334088.0,17,2,0.000000,s17_p2
1779334088.0,17,3,0.000000,s17_p3
1779334088.0,9,1,0.000000,s9_p1
1779334088.0,9,4,0.000000,s9_p4
1779334088.0,9,2,0.000000,s9_p2
1779334088.0,9,3,0.000000,s9_p3
1779334088.0,7,1,0.000000,s7_p1
1779334088.0,7,4,0.000000,s7_p4
1779334088.0,7,2,0.000000,s7_p2
1779334088.0,7,3,0.000000,s7_p3
1779334088.0,4,1,0.000000,s4_p1
1779334088.0,4,4,0.000000,s4_p4
1779334088.0,4,2,0.000000,s4_p2
1779334088.0,4,3,0.000000,s4_p3
1779334088.0,5,4,0.000000,s5_p4
1779334088.0,5,1,0.000000,s5_p1
1779334088.0,5,2,0.000000,s5_p2
1779334088.0,5,3,0.000000,s5_p3
1779334088.0,16,1,0.000000,s16_p1
1779334088.0,16,4,0.000000,s16_p4
1779334088.0,16,2,0.000000,s16_p2
1779334088.0,16,3,0.000000,s16_p3
1779334088.0,11,4,0.000000,s11_p4
1779334088.0,11,1,0.000000,s11_p1
1779334088.0,11,2,0.000000,s11_p2
1779334088.0,11,3,0.000000,s11_p3
1779334088.0,2,1,0.000000,s2_p1
1779334088.0,2,4,0.000000,s2_p4
1779334088.0,2,2,0.000000,s2_p2
1779334088.0,2,3,0.000000,s2_p3
1779334088.0,13,1,0.000000,s13_p1
1779334088.0,13,4,0.000000,s13_p4
1779334088.0,13,2,0.000000,s13_p2
1779334088.0,13,3,0.000000,s13_p3
1779334088.0,1,4,0.000000,s1_p4
1779334088.0,1,1,0.000000,s1_p1
1779334088.0,1,2,0.000000,s1_p2
1779334088.0,1,3,0.000000,s1_p3
1779334088.0,6,1,0.000000,s6_p1
1779334088.0,6,4,0.000000,s6_p4
1779334088.0,6,2,0.000000,s6_p2
1779334088.0,6,3,0.000000,s6_p3
1779334088.0,19,1,0.000000,s19_p1
1779334088.0,19,4,0.000000,s19_p4
1779334088.0,19,2,0.000000,s19_p2
1779334088.0,19,3,0.000000,s19_p3
1779334088.0,1,4,0.000000,s1_p4
1779334088.0,1,1,0.000000,s1_p1
1779334088.0,1,2,0.000000,s1_p2
1779334088.0,1,3,0.000000,s1_p3
1779334088.0,14,4,0.000000,s14_p4
1779334088.0,14,1,0.000000,s14_p1
1779334088.0,14,2,0.000000,s14_p2
1779334088.0,14,3,0.000000,s14_p3
1779334088.0,6,1,0.000000,s6_p1
1779334088.0,6,4,0.000000,s6_p4
1779334088.0,6,2,0.000000,s6_p2
1779334088.0,6,3,0.000000,s6_p3
1779334088.0,8,4,0.000000,s8_p4
1779334088.0,8,1,0.000000,s8_p1
1779334088.0,8,2,0.000000,s8_p2
1779334088.0,8,3,0.000000,s8_p3
1779334088.0,3,4,0.000000,s3_p4
1779334088.0,3,1,0.000000,s3_p1
1779334088.0,3,2,0.000000,s3_p2
1779334088.0,3,3,0.000000,s3_p3
1779334088.0,7,1,0.000000,s7_p1
1779334088.0,7,4,0.000000,s7_p4
1779334088.0,7,2,0.000000,s7_p2
1779334088.0,7,3,0.000000,s7_p3
1779334088.0,13,1,0.000000,s13_p1
1779334088.0,13,4,0.000000,s13_p4
1779334088.0,13,2,0.000000,s13_p2
1779334088.0,13,3,0.000000,s13_p3
1779334088.0,10,4,0.000000,s10_p4
1779334088.0,10,1,0.000000,s10_p1
1779334088.0,10,2,0.000000,s10_p2
1779334088.0,10,3,0.000000,s10_p3
1779334088.0,20,1,0.000000,s20_p1
1779334088.0,20,4,0.000000,s20_p4
1779334088.0,20,2,0.000000,s20_p2
1779334088.0,20,3,0.000000,s20_p3
1779334088.0,4,1,0.000000,s4_p1
1779334088.0,4,4,0.000000,s4_p4
1779334088.0,4,2,0.000000,s4_p2
1779334088.0,4,3,0.000000,s4_p3
1779334088.0,15,4,0.000000,s15_p4
1779334088.0,15,1,0.000000,s15_p1
1779334088.0,15,2,0.000000,s15_p2
1779334088.0,15,3,0.000000,s15_p3
1779334088.0,5,4,0.000000,s5_p4
1779334088.0,5,1,0.000000,s5_p1
1779334088.0,5,2,0.000000,s5_p2
1779334088.0,5,3,0.000000,s5_p3
1779334088.0,12,4,0.000000,s12_p4
1779334088.0,12,1,0.000000,s12_p1
1779334088.0,12,2,0.000000,s12_p2
1779334088.0,12,3,0.000000,s12_p3
1779334088.0,17,4,0.000000,s17_p4
1779334088.0,17,1,0.000000,s17_p1
1779334088.0,17,2,0.000000,s17_p2
1779334088.0,17,3,0.000000,s17_p3
1779334088.0,2,1,0.000000,s2_p1
1779334088.0,2,4,0.000000,s2_p4
1779334088.0,2,2,0.000000,s2_p2
1779334088.0,2,3,0.000000,s2_p3
1779334088.0,11,4,0.000000,s11_p4
1779334088.0,11,1,0.000000,s11_p1
1779334088.0,11,2,0.000000,s11_p2
1779334088.0,11,3,0.000000,s11_p3
1779334088.0,16,1,0.000000,s16_p1
1779334088.0,16,4,0.000000,s16_p4
1779334088.0,16,2,0.000000,s16_p2
1779334088.0,16,3,0.000000,s16_p3
1779334088.0,9,1,0.000000,s9_p1
1779334088.0,9,4,0.000000,s9_p4
1779334088.0,9,2,0.000000,s9_p2
1779334088.0,9,3,0.000000,s9_p3
1779334088.0,18,4,0.000000,s18_p4
1779334088.0,18,1,0.000000,s18_p1
1779334088.0,18,2,0.000000,s18_p2
1779334088.0,18,3,0.000000,s18_p3
1779334088.0,19,1,0.000000,s19_p1
1779334088.0,19,4,0.000000,s19_p4
1779334088.0,19,2,0.000000,s19_p2
1779334088.0,19,3,0.000000,s19_p3
1779334089.0,1,4,0.000000,s1_p4
1779334089.0,1,1,0.000000,s1_p1
1779334089.0,1,2,0.000000,s1_p2
1779334089.0,1,3,0.000000,s1_p3
1779334089.0,14,4,0.000000,s14_p4
1779334089.0,14,1,0.000000,s14_p1
1779334089.0,14,2,0.000000,s14_p2
1779334089.0,14,3,0.000000,s14_p3
1779334089.0,6,1,0.000000,s6_p1
1779334089.0,6,4,0.000000,s6_p4
1779334089.0,6,2,0.000000,s6_p2
1779334089.0,6,3,0.000000,s6_p3
1779334089.0,3,4,0.000000,s3_p4
1779334089.0,3,1,0.000000,s3_p1
1779334089.0,3,2,0.000000,s3_p2
1779334089.0,3,3,0.000000,s3_p3
1779334089.0,10,4,0.000000,s10_p4
1779334089.0,10,1,0.000000,s10_p1
1779334089.0,10,2,0.000000,s10_p2
1779334089.0,10,3,0.000000,s10_p3
1779334089.0,15,4,0.000000,s15_p4
1779334089.0,15,1,0.000000,s15_p1
1779334089.0,15,2,0.000000,s15_p2
1779334089.0,15,3,0.000000,s15_p3
1779334089.0,7,1,0.000000,s7_p1
1779334089.0,7,4,0.000000,s7_p4
1779334089.0,7,2,0.000000,s7_p2
1779334089.0,7,3,0.000000,s7_p3
1779334089.0,13,1,0.000000,s13_p1
1779334089.0,13,4,0.000000,s13_p4
1779334089.0,13,2,0.000000,s13_p2
1779334089.0,13,3,0.000000,s13_p3
1779334089.0,8,4,0.000000,s8_p4
1779334089.0,8,1,0.000000,s8_p1
1779334089.0,8,2,0.000000,s8_p2
1779334089.0,8,3,0.000000,s8_p3
1779334089.0,20,1,0.000000,s20_p1
1779334089.0,20,4,0.000000,s20_p4
1779334089.0,20,2,0.000000,s20_p2
1779334089.0,20,3,0.000000,s20_p3
1779334089.0,18,4,0.000000,s18_p4
1779334089.0,18,1,0.000000,s18_p1
1779334089.0,18,2,0.000000,s18_p2
1779334089.0,18,3,0.000000,s18_p3
1779334089.0,4,1,0.000000,s4_p1
1779334089.0,4,4,0.000000,s4_p4
1779334089.0,4,2,0.000000,s4_p2
1779334089.0,4,3,0.000000,s4_p3
1779334089.0,12,4,0.000000,s12_p4
1779334089.0,12,1,0.000000,s12_p1
1779334089.0,12,2,0.000000,s12_p2
1779334089.0,12,3,0.000000,s12_p3
1779334089.0,5,4,0.000000,s5_p4
1779334089.0,5,1,0.000000,s5_p1
1779334089.0,5,2,0.000000,s5_p2
1779334089.0,5,3,0.000000,s5_p3
1779334089.0,2,1,0.000000,s2_p1
1779334089.0,2,4,0.000000,s2_p4
1779334089.0,2,2,0.000000,s2_p2
1779334089.0,2,3,0.000000,s2_p3
1779334089.0,17,4,0.000000,s17_p4
1779334089.0,17,1,0.000000,s17_p1
1779334089.0,17,2,0.000000,s17_p2
1779334089.0,17,3,0.000000,s17_p3
1779334089.0,16,1,0.000000,s16_p1
1779334089.0,16,4,0.000000,s16_p4
1779334089.0,16,2,0.000000,s16_p2
1779334089.0,16,3,0.000000,s16_p3
1779334089.0,11,4,0.000000,s11_p4
1779334089.0,11,1,0.000000,s11_p1
1779334089.0,11,2,0.000000,s11_p2
1779334089.0,11,3,0.000000,s11_p3
1779334089.0,19,1,0.000000,s19_p1
1779334089.0,19,4,0.000000,s19_p4
1779334089.0,19,2,0.000000,s19_p2
1779334089.0,19,3,0.000000,s19_p3
1779334089.0,9,1,0.000000,s9_p1
1779334089.0,9,4,0.000000,s9_p4
1779334089.0,9,2,0.000000,s9_p2
1779334089.0,9,3,0.000000,s9_p3
1779334089.0,6,1,0.000000,s6_p1
1779334089.0,6,4,0.000000,s6_p4
1779334089.0,6,2,0.000000,s6_p2
1779334089.0,6,3,0.000000,s6_p3
1779334089.0,14,4,0.000000,s14_p4
1779334089.0,14,1,0.000000,s14_p1
1779334089.0,14,2,0.000000,s14_p2
1779334089.0,14,3,0.000000,s14_p3
1779334089.0,15,4,0.000000,s15_p4
1779334089.0,15,1,0.000000,s15_p1
1779334089.0,15,2,0.000000,s15_p2
1779334089.0,15,3,0.000000,s15_p3
1779334089.0,3,4,0.000000,s3_p4
1779334089.0,3,1,0.000000,s3_p1
1779334089.0,3,2,0.000000,s3_p2
1779334089.0,3,3,0.000000,s3_p3
1779334089.0,10,4,0.000000,s10_p4
1779334089.0,10,1,0.000000,s10_p1
1779334089.0,10,2,0.000000,s10_p2
1779334089.0,10,3,0.000000,s10_p3
1779334089.0,1,4,0.000000,s1_p4
1779334089.0,1,1,0.000000,s1_p1
1779334089.0,1,2,0.000000,s1_p2
1779334089.0,1,3,0.000000,s1_p3
1779334089.0,13,1,0.000000,s13_p1
1779334089.0,13,4,0.000000,s13_p4
1779334089.0,13,2,0.000000,s13_p2
1779334089.0,13,3,0.000000,s13_p3
1779334089.0,8,4,0.000000,s8_p4
1779334089.0,8,1,0.000000,s8_p1
1779334089.0,8,2,0.000000,s8_p2
1779334089.0,8,3,0.000000,s8_p3
1779334089.0,7,1,0.000000,s7_p1
1779334089.0,7,4,0.000000,s7_p4
1779334089.0,7,2,0.000000,s7_p2
1779334089.0,7,3,0.000000,s7_p3
1779334089.0,17,4,0.000000,s17_p4
1779334089.0,17,1,0.000000,s17_p1
1779334089.0,17,2,0.000000,s17_p2
1779334089.0,17,3,0.000000,s17_p3
1779334089.0,5,4,0.000000,s5_p4
1779334089.0,5,1,0.000000,s5_p1
1779334089.0,5,2,0.000000,s5_p2
1779334089.0,5,3,0.000000,s5_p3
1779334089.0,11,4,0.000000,s11_p4
1779334089.0,11,1,0.000000,s11_p1
1779334089.0,11,2,0.000000,s11_p2
1779334089.0,11,3,0.000000,s11_p3
1779334089.0,18,4,0.000000,s18_p4
1779334089.0,18,1,0.000000,s18_p1
1779334089.0,18,2,0.000000,s18_p2
1779334089.0,18,3,0.000000,s18_p3
1779334089.0,9,1,0.000000,s9_p1
1779334089.0,9,4,0.000000,s9_p4
1779334089.0,9,2,0.000000,s9_p2
1779334089.0,9,3,0.000000,s9_p3
1779334089.0,16,1,0.000000,s16_p1
1779334089.0,16,4,0.000000,s16_p4
1779334089.0,16,2,0.000000,s16_p2
1779334089.0,16,3,0.000000,s16_p3
1779334089.0,12,4,0.000000,s12_p4
1779334089.0,12,1,0.000000,s12_p1
1779334089.0,12,2,0.000000,s12_p2
1779334089.0,12,3,0.000000,s12_p3
1779334089.0,20,1,0.000000,s20_p1
1779334089.0,20,4,0.000000,s20_p4
1779334089.0,20,2,0.000000,s20_p2
1779334089.0,20,3,0.000000,s20_p3
1779334089.0,4,1,0.000000,s4_p1
1779334089.0,4,4,0.000000,s4_p4
1779334089.0,4,2,0.000000,s4_p2
1779334089.0,4,3,0.000000,s4_p3
1779334089.0,2,1,0.000000,s2_p1
1779334089.0,2,4,0.000000,s2_p4
1779334089.0,2,2,0.000000,s2_p2
1779334089.0,2,3,0.000000,s2_p3
1779334089.0,19,1,0.000000,s19_p1
1779334089.0,19,4,0.000000,s19_p4
1779334089.0,19,2,0.000000,s19_p2
1779334089.0,19,3,0.000000,s19_p3
1779334090.0,6,1,0.000000,s6_p1
1779334090.0,6,4,0.000000,s6_p4
1779334090.0,6,2,0.000000,s6_p2
1779334090.0,6,3,0.000000,s6_p3
1779334090.0,19,1,0.000000,s19_p1
1779334090.0,19,4,0.000000,s19_p4
1779334090.0,19,2,0.000000,s19_p2
1779334090.0,19,3,0.000000,s19_p3
1779334090.0,8,4,0.000000,s8_p4
1779334090.0,8,1,0.000000,s8_p1
1779334090.0,8,2,0.000000,s8_p2
1779334090.0,8,3,0.000000,s8_p3
1779334090.0,14,4,0.000000,s14_p4
1779334090.0,14,1,0.000000,s14_p1
1779334090.0,14,2,0.000000,s14_p2
1779334090.0,14,3,0.000000,s14_p3
1779334090.0,3,4,0.000000,s3_p4
1779334090.0,3,1,0.000000,s3_p1
1779334090.0,3,2,0.000000,s3_p2
1779334090.0,3,3,0.000000,s3_p3
1779334090.0,15,4,0.000000,s15_p4
1779334090.0,15,1,0.000000,s15_p1
1779334090.0,15,2,0.000000,s15_p2
1779334090.0,15,3,0.000000,s15_p3
1779334090.0,1,4,0.000000,s1_p4
1779334090.0,1,1,0.000000,s1_p1
1779334090.0,1,2,0.000000,s1_p2
1779334090.0,1,3,0.000000,s1_p3
1779334090.0,10,4,0.000000,s10_p4
1779334090.0,10,1,0.000000,s10_p1
1779334090.0,10,2,0.000000,s10_p2
1779334090.0,10,3,0.000000,s10_p3
1779334090.0,20,1,0.000000,s20_p1
1779334090.0,20,4,0.000000,s20_p4
1779334090.0,20,2,0.000000,s20_p2
1779334090.0,20,3,0.000000,s20_p3
1779334090.0,12,4,0.000000,s12_p4
1779334090.0,12,1,0.000000,s12_p1
1779334090.0,12,2,0.000000,s12_p2
1779334090.0,12,3,0.000000,s12_p3
1779334090.0,13,1,0.000000,s13_p1
1779334090.0,13,4,0.000000,s13_p4
1779334090.0,13,2,0.000000,s13_p2
1779334090.0,13,3,0.000000,s13_p3
1779334090.0,7,1,0.000000,s7_p1
1779334090.0,7,4,0.000000,s7_p4
1779334090.0,7,2,0.000000,s7_p2
1779334090.0,7,3,0.000000,s7_p3
1779334090.0,4,1,0.000000,s4_p1
1779334090.0,4,4,0.000000,s4_p4
1779334090.0,4,2,0.000000,s4_p2
1779334090.0,4,3,0.000000,s4_p3
1779334090.0,5,4,0.000000,s5_p4
1779334090.0,5,1,0.000000,s5_p1
1779334090.0,5,2,0.000000,s5_p2
1779334090.0,5,3,0.000000,s5_p3
1779334090.0,11,4,0.000000,s11_p4
1779334090.0,11,1,0.000000,s11_p1
1779334090.0,11,2,0.000000,s11_p2
1779334090.0,11,3,0.000000,s11_p3
1779334090.0,2,1,0.000000,s2_p1
1779334090.0,2,4,0.000000,s2_p4
1779334090.0,2,2,0.000000,s2_p2
1779334090.0,2,3,0.000000,s2_p3
1779334090.0,18,4,0.000000,s18_p4
1779334090.0,18,1,0.000000,s18_p1
1779334090.0,18,2,0.000000,s18_p2
1779334090.0,18,3,0.000000,s18_p3
1779334090.0,9,1,0.000000,s9_p1
1779334090.0,9,4,0.000000,s9_p4
1779334090.0,9,2,0.000000,s9_p2
1779334090.0,9,3,0.000000,s9_p3
1779334090.0,17,4,0.000000,s17_p4
1779334090.0,17,1,0.000000,s17_p1
1779334090.0,17,2,0.000000,s17_p2
1779334090.0,17,3,0.000000,s17_p3
1779334090.0,16,1,0.000000,s16_p1
1779334090.0,16,4,0.000000,s16_p4
1779334090.0,16,2,0.000000,s16_p2
1779334090.0,16,3,0.000000,s16_p3
1779334090.0,19,1,0.000000,s19_p1
1779334090.0,19,4,0.000000,s19_p4
1779334090.0,19,2,0.000000,s19_p2
1779334090.0,19,3,0.000000,s19_p3
1779334090.0,6,1,0.000000,s6_p1
1779334090.0,6,4,0.000000,s6_p4
1779334090.0,6,2,0.000000,s6_p2
1779334090.0,6,3,0.000000,s6_p3
1779334090.0,14,4,0.000000,s14_p4
1779334090.0,14,1,0.000000,s14_p1
1779334090.0,14,2,0.000000,s14_p2
1779334090.0,14,3,0.000000,s14_p3
1779334090.0,1,4,0.000000,s1_p4
1779334090.0,1,1,0.000000,s1_p1
1779334090.0,1,2,0.000000,s1_p2
1779334090.0,1,3,0.000000,s1_p3
1779334090.0,3,4,0.000000,s3_p4
1779334090.0,3,1,0.000000,s3_p1
1779334090.0,3,2,0.000000,s3_p2
1779334090.0,3,3,0.000000,s3_p3
1779334090.0,10,4,0.000000,s10_p4
1779334090.0,10,1,0.000000,s10_p1
1779334090.0,10,2,0.000000,s10_p2
1779334090.0,10,3,0.000000,s10_p3
1779334090.0,15,4,0.000000,s15_p4
1779334090.0,15,1,0.000000,s15_p1
1779334090.0,15,2,0.000000,s15_p2
1779334090.0,15,3,0.000000,s15_p3
1779334090.0,8,4,0.000000,s8_p4
1779334090.0,8,1,0.000000,s8_p1
1779334090.0,8,2,0.000000,s8_p2
1779334090.0,8,3,0.000000,s8_p3
1779334090.0,13,1,0.000000,s13_p1
1779334090.0,13,4,0.000000,s13_p4
1779334090.0,13,2,0.000000,s13_p2
1779334090.0,13,3,0.000000,s13_p3
1779334090.0,7,1,0.000000,s7_p1
1779334090.0,7,4,0.000000,s7_p4
1779334090.0,7,2,0.000000,s7_p2
1779334090.0,7,3,0.000000,s7_p3
1779334090.0,4,1,0.000000,s4_p1
1779334090.0,4,4,0.000000,s4_p4
1779334090.0,4,2,0.000000,s4_p2
1779334090.0,4,3,0.000000,s4_p3
1779334090.0,20,1,0.000000,s20_p1
1779334090.0,20,4,0.000000,s20_p4
1779334090.0,20,2,0.000000,s20_p2
1779334090.0,20,3,0.000000,s20_p3
1779334090.0,5,4,0.000000,s5_p4
1779334090.0,5,1,0.000000,s5_p1
1779334090.0,5,2,0.000000,s5_p2
1779334090.0,5,3,0.000000,s5_p3
1779334090.0,12,4,0.000000,s12_p4
1779334090.0,12,1,0.000000,s12_p1
1779334090.0,12,2,0.000000,s12_p2
1779334090.0,12,3,0.000000,s12_p3
1779334090.0,18,4,0.000000,s18_p4
1779334090.0,18,1,0.000000,s18_p1
1779334090.0,18,2,0.000000,s18_p2
1779334090.0,18,3,0.000000,s18_p3
1779334090.0,16,1,0.000000,s16_p1
1779334090.0,16,4,0.000000,s16_p4
1779334090.0,16,2,0.000000,s16_p2
1779334090.0,16,3,0.000000,s16_p3
1779334090.0,9,1,0.000000,s9_p1
1779334090.0,9,4,0.000000,s9_p4
1779334090.0,9,2,0.000000,s9_p2
1779334090.0,9,3,0.000000,s9_p3
1779334090.0,11,4,0.000000,s11_p4
1779334090.0,11,1,0.000000,s11_p1
1779334090.0,11,2,0.000000,s11_p2
1779334090.0,11,3,0.000000,s11_p3
1779334090.0,17,4,0.000000,s17_p4
1779334090.0,17,1,0.000000,s17_p1
1779334090.0,17,2,0.000000,s17_p2
1779334090.0,17,3,0.000000,s17_p3
1779334090.0,2,1,0.000000,s2_p1
1779334090.0,2,4,0.000000,s2_p4
1779334090.0,2,2,0.000000,s2_p2
1779334090.0,2,3,0.000000,s2_p3
1779334091.0,1,4,0.000000,s1_p4
1779334091.0,1,1,0.000000,s1_p1
1779334091.0,1,2,0.000000,s1_p2
1779334091.0,1,3,0.000000,s1_p3
1779334091.0,14,4,0.000000,s14_p4
1779334091.0,14,1,0.000000,s14_p1
1779334091.0,14,2,0.000000,s14_p2
1779334091.0,14,3,0.000000,s14_p3
1779334091.0,3,4,0.000000,s3_p4
1779334091.0,3,1,0.000000,s3_p1
1779334091.0,3,2,0.000000,s3_p2
1779334091.0,3,3,0.000000,s3_p3
1779334091.0,8,4,0.000000,s8_p4
1779334091.0,8,1,0.000000,s8_p1
1779334091.0,8,2,0.000000,s8_p2
1779334091.0,8,3,0.000000,s8_p3
1779334091.0,13,1,0.000000,s13_p1
1779334091.0,13,4,0.000000,s13_p4
1779334091.0,13,2,0.000000,s13_p2
1779334091.0,13,3,0.000000,s13_p3
1779334091.0,10,4,0.000000,s10_p4
1779334091.0,10,1,0.000000,s10_p1
1779334091.0,10,2,0.000000,s10_p2
1779334091.0,10,3,0.000000,s10_p3
1779334091.0,15,4,0.000000,s15_p4
1779334091.0,15,1,0.000000,s15_p1
1779334091.0,15,2,0.000000,s15_p2
1779334091.0,15,3,0.000000,s15_p3
1779334091.0,20,1,0.000000,s20_p1
1779334091.0,20,4,0.000000,s20_p4
1779334091.0,20,2,0.000000,s20_p2
1779334091.0,20,3,0.000000,s20_p3
1779334091.0,7,1,0.000000,s7_p1
1779334091.0,7,4,0.000000,s7_p4
1779334091.0,7,2,0.000000,s7_p2
1779334091.0,7,3,0.000000,s7_p3
1779334091.0,18,4,0.000000,s18_p4
1779334091.0,18,1,0.000000,s18_p1
1779334091.0,18,2,0.000000,s18_p2
1779334091.0,18,3,0.000000,s18_p3
1779334091.0,16,1,0.000000,s16_p1
1779334091.0,16,4,0.000000,s16_p4
1779334091.0,16,2,0.000000,s16_p2
1779334091.0,16,3,0.000000,s16_p3
1779334091.0,11,4,0.000000,s11_p4
1779334091.0,11,1,0.000000,s11_p1
1779334091.0,11,2,0.000000,s11_p2
1779334091.0,11,3,0.000000,s11_p3
1779334091.0,2,1,0.000000,s2_p1
1779334091.0,2,4,0.000000,s2_p4
1779334091.0,2,2,0.000000,s2_p2
1779334091.0,2,3,0.000000,s2_p3
1779334091.0,12,4,0.000000,s12_p4
1779334091.0,12,1,0.000000,s12_p1
1779334091.0,12,2,0.000000,s12_p2
1779334091.0,12,3,0.000000,s12_p3
1779334091.0,17,4,0.000000,s17_p4
1779334091.0,17,1,0.000000,s17_p1
1779334091.0,17,2,0.000000,s17_p2
1779334091.0,17,3,0.000000,s17_p3
1779334091.0,4,1,0.000000,s4_p1
1779334091.0,4,4,0.000000,s4_p4
1779334091.0,4,2,0.000000,s4_p2
1779334091.0,4,3,0.000000,s4_p3
1779334091.0,5,4,0.000000,s5_p4
1779334091.0,5,1,0.000000,s5_p1
1779334091.0,5,2,0.000000,s5_p2
1779334091.0,5,3,0.000000,s5_p3
1779334091.0,6,1,0.000000,s6_p1
1779334091.0,6,4,0.000000,s6_p4
1779334091.0,6,2,0.000000,s6_p2
1779334091.0,6,3,0.000000,s6_p3
1779334091.0,9,1,0.000000,s9_p1
1779334091.0,9,4,0.000000,s9_p4
1779334091.0,9,2,0.000000,s9_p2
1779334091.0,9,3,0.000000,s9_p3
1779334091.0,19,1,0.000000,s19_p1
1779334091.0,19,4,0.000000,s19_p4
1779334091.0,19,2,0.000000,s19_p2
1779334091.0,19,3,0.000000,s19_p3
1779334091.0,13,1,0.000000,s13_p1
1779334091.0,13,4,0.000000,s13_p4
1779334091.0,13,2,0.000000,s13_p2
1779334091.0,13,3,0.000000,s13_p3
1779334091.0,14,4,0.000000,s14_p4
1779334091.0,14,1,0.000000,s14_p1
1779334091.0,14,2,0.000000,s14_p2
1779334091.0,14,3,0.000000,s14_p3
1779334091.0,3,4,0.000000,s3_p4
1779334091.0,3,1,0.000000,s3_p1
1779334091.0,3,2,0.000000,s3_p2
1779334091.0,3,3,0.000000,s3_p3
1779334091.0,19,1,0.000000,s19_p1
1779334091.0,19,4,0.000000,s19_p4
1779334091.0,19,2,0.000000,s19_p2
1779334091.0,19,3,0.000000,s19_p3
1779334091.0,4,1,0.000000,s4_p1
1779334091.0,4,4,0.000000,s4_p4
1779334091.0,4,2,0.000000,s4_p2
1779334091.0,4,3,0.000000,s4_p3
1779334091.0,5,4,0.000000,s5_p4
1779334091.0,5,1,0.000000,s5_p1
1779334091.0,5,2,0.000000,s5_p2
1779334091.0,5,3,0.000000,s5_p3
1779334091.0,18,4,0.000000,s18_p4
1779334091.0,18,1,0.000000,s18_p1
1779334091.0,18,2,0.000000,s18_p2
1779334091.0,18,3,0.000000,s18_p3
1779334091.0,10,4,0.000000,s10_p4
1779334091.0,10,1,0.000000,s10_p1
1779334091.0,10,2,0.000000,s10_p2
1779334091.0,10,3,0.000000,s10_p3
1779334091.0,17,4,0.000000,s17_p4
1779334091.0,17,1,0.000000,s17_p1
1779334091.0,17,2,0.000000,s17_p2
1779334091.0,17,3,0.000000,s17_p3
1779334091.0,8,4,0.000000,s8_p4
1779334091.0,8,1,0.000000,s8_p1
1779334091.0,8,2,0.000000,s8_p2
1779334091.0,8,3,0.000000,s8_p3
1779334091.0,15,4,0.000000,s15_p4
1779334091.0,15,1,0.000000,s15_p1
1779334091.0,15,2,0.000000,s15_p2
1779334091.0,15,3,0.000000,s15_p3
1779334091.0,12,4,0.000000,s12_p4
1779334091.0,12,1,0.000000,s12_p1
1779334091.0,12,2,0.000000,s12_p2
1779334091.0,12,3,0.000000,s12_p3
1779334091.0,20,1,0.000000,s20_p1
1779334091.0,20,4,0.000000,s20_p4
1779334091.0,20,2,0.000000,s20_p2
1779334091.0,20,3,0.000000,s20_p3
1779334091.0,7,1,0.000000,s7_p1
1779334091.0,7,4,0.000000,s7_p4
1779334091.0,7,2,0.000000,s7_p2
1779334091.0,7,3,0.000000,s7_p3
1779334091.0,6,1,0.000000,s6_p1
1779334091.0,6,4,0.000000,s6_p4
1779334091.0,6,2,0.000000,s6_p2
1779334091.0,6,3,0.000000,s6_p3
1779334091.0,1,4,0.000000,s1_p4
1779334091.0,1,1,0.000000,s1_p1
1779334091.0,1,2,0.000000,s1_p2
1779334091.0,1,3,0.000000,s1_p3
1779334091.0,2,1,0.000000,s2_p1
1779334091.0,2,4,0.000000,s2_p4
1779334091.0,2,2,0.000000,s2_p2
1779334091.0,2,3,0.000000,s2_p3
1779334091.0,11,4,0.000000,s11_p4
1779334091.0,11,1,0.000000,s11_p1
1779334091.0,11,2,0.000000,s11_p2
1779334091.0,11,3,0.000000,s11_p3
1779334091.0,9,1,0.000000,s9_p1
1779334091.0,9,4,0.000000,s9_p4
1779334091.0,9,2,0.000000,s9_p2
1779334091.0,9,3,0.000000,s9_p3
1779334091.0,16,1,0.000000,s16_p1
1779334091.0,16,4,0.000000,s16_p4
1779334091.0,16,2,0.000000,s16_p2
1779334091.0,16,3,0.000000,s16_p3
1779334092.0,14,4,0.000000,s14_p4
1779334092.0,14,1,0.000000,s14_p1
1779334092.0,14,2,0.000000,s14_p2
1779334092.0,14,3,0.000000,s14_p3
1779334092.0,3,4,0.000000,s3_p4
1779334092.0,3,1,0.000000,s3_p1
1779334092.0,3,2,0.000000,s3_p2
1779334092.0,3,3,0.000000,s3_p3
1779334092.0,15,4,0.000000,s15_p4
1779334092.0,15,1,0.000000,s15_p1
1779334092.0,15,2,0.000000,s15_p2
1779334092.0,15,3,0.000000,s15_p3
1779334092.0,8,4,0.000000,s8_p4
1779334092.0,8,1,0.000000,s8_p1
1779334092.0,8,2,0.000000,s8_p2
1779334092.0,8,3,0.000000,s8_p3
1779334092.0,13,1,0.000000,s13_p1
1779334092.0,13,4,0.000000,s13_p4
1779334092.0,13,2,0.000000,s13_p2
1779334092.0,13,3,0.000000,s13_p3
1779334092.0,1,4,0.000000,s1_p4
1779334092.0,1,1,0.000000,s1_p1
1779334092.0,1,2,0.000000,s1_p2
1779334092.0,1,3,0.000000,s1_p3
1779334092.0,6,1,0.000000,s6_p1
1779334092.0,6,4,0.000000,s6_p4
1779334092.0,6,2,0.000000,s6_p2
1779334092.0,6,3,0.000000,s6_p3
1779334092.0,10,4,0.000000,s10_p4
1779334092.0,10,1,0.000000,s10_p1
1779334092.0,10,2,0.000000,s10_p2
1779334092.0,10,3,0.000000,s10_p3
1779334092.0,19,1,0.000000,s19_p1
1779334092.0,19,4,0.000000,s19_p4
1779334092.0,19,2,0.000000,s19_p2
1779334092.0,19,3,0.000000,s19_p3
1779334092.0,4,1,0.000000,s4_p1
1779334092.0,4,4,0.000000,s4_p4
1779334092.0,4,2,0.000000,s4_p2
1779334092.0,4,3,0.000000,s4_p3
1779334092.0,12,4,0.000000,s12_p4
1779334092.0,12,1,0.000000,s12_p1
1779334092.0,12,2,0.000000,s12_p2
1779334092.0,12,3,0.000000,s12_p3
1779334092.0,5,4,0.000000,s5_p4
1779334092.0,5,1,0.000000,s5_p1
1779334092.0,5,2,0.000000,s5_p2
1779334092.0,5,3,0.000000,s5_p3
1779334092.0,18,4,0.000000,s18_p4
1779334092.0,18,1,0.000000,s18_p1
1779334092.0,18,2,0.000000,s18_p2
1779334092.0,18,3,0.000000,s18_p3
1779334092.0,20,1,0.000000,s20_p1
1779334092.0,20,4,0.000000,s20_p4
1779334092.0,20,2,0.000000,s20_p2
1779334092.0,20,3,0.000000,s20_p3
1779334092.0,7,1,0.000000,s7_p1
1779334092.0,7,4,0.000000,s7_p4
1779334092.0,7,2,0.000000,s7_p2
1779334092.0,7,3,0.000000,s7_p3
1779334092.0,17,4,0.000000,s17_p4
1779334092.0,17,1,0.000000,s17_p1
1779334092.0,17,2,0.000000,s17_p2
1779334092.0,17,3,0.000000,s17_p3
1779334092.0,2,1,0.000000,s2_p1
1779334092.0,2,4,0.000000,s2_p4
1779334092.0,2,2,0.000000,s2_p2
1779334092.0,2,3,0.000000,s2_p3
1779334092.0,11,4,0.000000,s11_p4
1779334092.0,11,1,0.000000,s11_p1
1779334092.0,11,2,0.000000,s11_p2
1779334092.0,11,3,0.000000,s11_p3
1779334092.0,9,1,0.000000,s9_p1
1779334092.0,9,4,0.000000,s9_p4
1779334092.0,9,2,0.000000,s9_p2
1779334092.0,9,3,0.000000,s9_p3
1779334092.0,16,1,0.000000,s16_p1
1779334092.0,16,4,0.000000,s16_p4
1779334092.0,16,2,0.000000,s16_p2
1779334092.0,16,3,0.000000,s16_p3
1779334092.0,1,4,0.000000,s1_p4
1779334092.0,1,1,0.000000,s1_p1
1779334092.0,1,2,0.000000,s1_p2
1779334092.0,1,3,0.000000,s1_p3
1779334092.0,6,1,0.000000,s6_p1
1779334092.0,6,4,0.000000,s6_p4
1779334092.0,6,2,0.000000,s6_p2
1779334092.0,6,3,0.000000,s6_p3
1779334092.0,15,4,0.000000,s15_p4
1779334092.0,15,1,0.000000,s15_p1
1779334092.0,15,2,0.000000,s15_p2
1779334092.0,15,3,0.000000,s15_p3
1779334092.0,8,4,0.000000,s8_p4
1779334092.0,8,1,0.000000,s8_p1
1779334092.0,8,2,0.000000,s8_p2
1779334092.0,8,3,0.000000,s8_p3
1779334092.0,3,4,0.000000,s3_p4
1779334092.0,3,1,0.000000,s3_p1
1779334092.0,3,2,0.000000,s3_p2
1779334092.0,3,3,0.000000,s3_p3
1779334092.0,10,4,0.000000,s10_p4
1779334092.0,10,1,0.000000,s10_p1
1779334092.0,10,2,0.000000,s10_p2
1779334092.0,10,3,0.000000,s10_p3
1779334092.0,7,1,0.000000,s7_p1
1779334092.0,7,4,0.000000,s7_p4
1779334092.0,7,2,0.000000,s7_p2
1779334092.0,7,3,0.000000,s7_p3
1779334092.0,4,1,0.000000,s4_p1
1779334092.0,4,4,0.000000,s4_p4
1779334092.0,4,2,0.000000,s4_p2
1779334092.0,4,3,0.000000,s4_p3
1779334092.0,12,4,0.000000,s12_p4
1779334092.0,12,1,0.000000,s12_p1
1779334092.0,12,2,0.000000,s12_p2
1779334092.0,12,3,0.000000,s12_p3
1779334092.0,13,1,0.000000,s13_p1
1779334092.0,13,4,0.000000,s13_p4
1779334092.0,13,2,0.000000,s13_p2
1779334092.0,13,3,0.000000,s13_p3
1779334092.0,20,1,0.000000,s20_p1
1779334092.0,20,4,0.000000,s20_p4
1779334092.0,20,2,0.000000,s20_p2
1779334092.0,20,3,0.000000,s20_p3
1779334092.0,11,4,0.000000,s11_p4
1779334092.0,11,1,0.000000,s11_p1
1779334092.0,11,2,0.000000,s11_p2
1779334092.0,11,3,0.000000,s11_p3
1779334092.0,16,1,0.000000,s16_p1
1779334092.0,16,4,0.000000,s16_p4
1779334092.0,16,2,0.000000,s16_p2
1779334092.0,16,3,0.000000,s16_p3
1779334092.0,17,4,0.000000,s17_p4
1779334092.0,17,1,0.000000,s17_p1
1779334092.0,17,2,0.000000,s17_p2
1779334092.0,17,3,0.000000,s17_p3
1779334092.0,5,4,0.000000,s5_p4
1779334092.0,5,1,0.000000,s5_p1
1779334092.0,5,2,0.000000,s5_p2
1779334092.0,5,3,0.000000,s5_p3
1779334092.0,2,1,0.000000,s2_p1
1779334092.0,2,4,0.000000,s2_p4
1779334092.0,2,2,0.000000,s2_p2
1779334092.0,2,3,0.000000,s2_p3
1779334092.0,18,4,0.000000,s18_p4
1779334092.0,18,1,0.000000,s18_p1
1779334092.0,18,2,0.000000,s18_p2
1779334092.0,18,3,0.000000,s18_p3
1779334092.0,14,4,0.000000,s14_p4
1779334092.0,14,1,0.000000,s14_p1
1779334092.0,14,2,0.000000,s14_p2
1779334092.0,14,3,0.000000,s14_p3
1779334092.0,9,1,0.000000,s9_p1
1779334092.0,9,4,0.000000,s9_p4
1779334092.0,9,2,0.000000,s9_p2
1779334092.0,9,3,0.000000,s9_p3
1779334092.0,19,1,0.000000,s19_p1
1779334092.0,19,4,0.000000,s19_p4
1779334092.0,19,2,0.000000,s19_p2
1779334092.0,19,3,0.000000,s19_p3
1779334092.0,6,1,0.000000,s6_p1
1779334092.0,6,4,0.000000,s6_p4
1779334092.0,6,2,0.000000,s6_p2
1779334092.0,6,3,0.000000,s6_p3
1779334092.0,3,4,0.000000,s3_p4
1779334092.0,3,1,0.000000,s3_p1
1779334092.0,3,2,0.000000,s3_p2
1779334092.0,3,3,0.000000,s3_p3
1779334092.0,13,1,0.000000,s13_p1
1779334092.0,13,4,0.000000,s13_p4
1779334092.0,13,2,0.000000,s13_p2
1779334092.0,13,3,0.000000,s13_p3
1779334092.0,10,4,0.000000,s10_p4
1779334092.0,10,1,0.000000,s10_p1
1779334092.0,10,2,0.000000,s10_p2
1779334092.0,10,3,0.000000,s10_p3
1779334092.0,8,4,0.000000,s8_p4
1779334092.0,8,1,0.000000,s8_p1
1779334092.0,8,2,0.000000,s8_p2
1779334092.0,8,3,0.000000,s8_p3
1779334092.0,1,4,0.000000,s1_p4
1779334092.0,1,1,0.000000,s1_p1
1779334092.0,1,2,0.000000,s1_p2
1779334092.0,1,3,0.000000,s1_p3
1779334092.0,15,4,0.000000,s15_p4
1779334092.0,15,1,0.000000,s15_p1
1779334092.0,15,2,0.000000,s15_p2
1779334092.0,15,3,0.000000,s15_p3
1779334092.0,14,4,0.000000,s14_p4
1779334092.0,14,1,0.000000,s14_p1
1779334092.0,14,2,0.000000,s14_p2
1779334092.0,14,3,0.000000,s14_p3
1779334092.0,18,4,0.000000,s18_p4
1779334092.0,18,1,0.000000,s18_p1
1779334092.0,18,2,0.000000,s18_p2
1779334092.0,18,3,0.000000,s18_p3
1779334092.0,4,1,0.000000,s4_p1
1779334092.0,4,4,0.000000,s4_p4
1779334092.0,4,2,0.000000,s4_p2
1779334092.0,4,3,0.000000,s4_p3
1779334092.0,17,4,0.000000,s17_p4
1779334092.0,17,1,0.000000,s17_p1
1779334092.0,17,2,0.000000,s17_p2
1779334092.0,17,3,0.000000,s17_p3
1779334092.0,12,4,0.000000,s12_p4
1779334092.0,12,1,0.000000,s12_p1
1779334092.0,12,2,0.000000,s12_p2
1779334092.0,12,3,0.000000,s12_p3
1779334092.0,20,1,0.000000,s20_p1
1779334092.0,20,4,0.000000,s20_p4
1779334092.0,20,2,0.000000,s20_p2
1779334092.0,20,3,0.000000,s20_p3
1779334092.0,7,1,0.000000,s7_p1
1779334092.0,7,4,0.000000,s7_p4
1779334092.0,7,2,0.000000,s7_p2
1779334092.0,7,3,0.000000,s7_p3
1779334092.0,5,4,0.000000,s5_p4
1779334092.0,5,1,0.000000,s5_p1
1779334092.0,5,2,0.000000,s5_p2
1779334092.0,5,3,0.000000,s5_p3
1779334092.0,11,4,0.000000,s11_p4
1779334092.0,11,1,0.000000,s11_p1
1779334092.0,11,2,0.000000,s11_p2
1779334092.0,11,3,0.000000,s11_p3
1779334092.0,16,1,0.000000,s16_p1
1779334092.0,16,4,0.000000,s16_p4
1779334092.0,16,2,0.000000,s16_p2
1779334092.0,16,3,0.000000,s16_p3
1779334092.0,19,1,0.000000,s19_p1
1779334092.0,19,4,0.000000,s19_p4
1779334092.0,19,2,0.000000,s19_p2
1779334092.0,19,3,0.000000,s19_p3
1779334092.0,2,1,0.000000,s2_p1
1779334092.0,2,4,0.000000,s2_p4
1779334092.0,2,2,0.000000,s2_p2
1779334092.0,2,3,0.000000,s2_p3
1779334092.0,9,1,0.000000,s9_p1
1779334092.0,9,4,0.000000,s9_p4
1779334092.0,9,2,0.000000,s9_p2
1779334092.0,9,3,0.000000,s9_p3
1779334093.0,10,4,0.000000,s10_p4
1779334093.0,10,1,0.000000,s10_p1
1779334093.0,10,2,0.000000,s10_p2
1779334093.0,10,3,0.000000,s10_p3
1779334093.0,12,4,0.000000,s12_p4
1779334093.0,12,1,0.000000,s12_p1
1779334093.0,12,2,0.000000,s12_p2
1779334093.0,12,3,0.000000,s12_p3
1779334093.0,13,1,0.000000,s13_p1
1779334093.0,13,4,0.000000,s13_p4
1779334093.0,13,2,0.000000,s13_p2
1779334093.0,13,3,0.000000,s13_p3
1779334093.0,15,4,0.000000,s15_p4
1779334093.0,15,1,0.000000,s15_p1
1779334093.0,15,2,0.000000,s15_p2
1779334093.0,15,3,0.000000,s15_p3
1779334093.0,14,4,0.000000,s14_p4
1779334093.0,14,1,0.000000,s14_p1
1779334093.0,14,2,0.000000,s14_p2
1779334093.0,14,3,0.000000,s14_p3
1779334093.0,17,4,0.000000,s17_p4
1779334093.0,17,1,0.000000,s17_p1
1779334093.0,17,2,0.000000,s17_p2
1779334093.0,17,3,0.000000,s17_p3
1779334093.0,3,4,0.000000,s3_p4
1779334093.0,3,1,0.000000,s3_p1
1779334093.0,3,2,0.000000,s3_p2
1779334093.0,3,3,0.000000,s3_p3
1779334093.0,7,1,0.000000,s7_p1
1779334093.0,7,4,0.000000,s7_p4
1779334093.0,7,2,0.000000,s7_p2
1779334093.0,7,3,0.000000,s7_p3
1779334093.0,20,1,0.000000,s20_p1
1779334093.0,20,4,0.000000,s20_p4
1779334093.0,20,2,0.000000,s20_p2
1779334093.0,20,3,0.000000,s20_p3
1779334093.0,11,4,0.000000,s11_p4
1779334093.0,11,1,0.000000,s11_p1
1779334093.0,11,2,0.000000,s11_p2
1779334093.0,11,3,0.000000,s11_p3
1779334093.0,18,4,0.000000,s18_p4
1779334093.0,18,1,0.000000,s18_p1
1779334093.0,18,2,0.000000,s18_p2
1779334093.0,18,3,0.000000,s18_p3
1779334093.0,8,4,0.000000,s8_p4
1779334093.0,8,1,0.000000,s8_p1
1779334093.0,8,2,0.000000,s8_p2
1779334093.0,8,3,0.000000,s8_p3
1779334093.0,1,4,0.000000,s1_p4
1779334093.0,1,1,0.000000,s1_p1
1779334093.0,1,2,0.000000,s1_p2
1779334093.0,1,3,0.000000,s1_p3
1779334093.0,19,1,0.000000,s19_p1
1779334093.0,19,4,0.000000,s19_p4
1779334093.0,19,2,0.000000,s19_p2
1779334093.0,19,3,0.000000,s19_p3
1779334093.0,2,1,0.000000,s2_p1
1779334093.0,2,4,0.000000,s2_p4
1779334093.0,2,2,0.000000,s2_p2
1779334093.0,2,3,0.000000,s2_p3
1779334093.0,9,1,0.000000,s9_p1
1779334093.0,9,4,0.000000,s9_p4
1779334093.0,9,2,0.000000,s9_p2
1779334093.0,9,3,0.000000,s9_p3
1779334093.0,4,1,0.000000,s4_p1
1779334093.0,4,4,0.000000,s4_p4
1779334093.0,4,2,0.000000,s4_p2
1779334093.0,4,3,0.000000,s4_p3
1779334093.0,5,4,0.000000,s5_p4
1779334093.0,5,1,0.000000,s5_p1
1779334093.0,5,2,0.000000,s5_p2
1779334093.0,5,3,0.000000,s5_p3
1779334093.0,6,1,0.000000,s6_p1
1779334093.0,6,4,0.000000,s6_p4
1779334093.0,6,2,0.000000,s6_p2
1779334093.0,6,3,0.000000,s6_p3
1779334093.0,16,1,0.000000,s16_p1
1779334093.0,16,4,0.000000,s16_p4
1779334093.0,16,2,0.000000,s16_p2
1779334093.0,16,3,0.000000,s16_p3
1779334093.0,1,4,0.000000,s1_p4
1779334093.0,1,1,0.000000,s1_p1
1779334093.0,1,2,0.000000,s1_p2
1779334093.0,1,3,0.000000,s1_p3
1779334093.0,3,4,0.000000,s3_p4
1779334093.0,3,1,0.000000,s3_p1
1779334093.0,3,2,0.000000,s3_p2
1779334093.0,3,3,0.000000,s3_p3
1779334093.0,8,4,0.000000,s8_p4
1779334093.0,8,1,0.000000,s8_p1
1779334093.0,8,2,0.000000,s8_p2
1779334093.0,8,3,0.000000,s8_p3
1779334093.0,6,1,0.000000,s6_p1
1779334093.0,6,4,0.000000,s6_p4
1779334093.0,6,2,0.000000,s6_p2
1779334093.0,6,3,0.000000,s6_p3
1779334093.0,13,1,0.000000,s13_p1
1779334093.0,13,4,0.000000,s13_p4
1779334093.0,13,2,0.000000,s13_p2
1779334093.0,13,3,0.000000,s13_p3
1779334093.0,7,1,0.000000,s7_p1
1779334093.0,7,4,0.000000,s7_p4
1779334093.0,7,2,0.000000,s7_p2
1779334093.0,7,3,0.000000,s7_p3
1779334093.0,10,4,0.000000,s10_p4
1779334093.0,10,1,0.000000,s10_p1
1779334093.0,10,2,0.000000,s10_p2
1779334093.0,10,3,0.000000,s10_p3
1779334093.0,15,4,0.000000,s15_p4
1779334093.0,15,1,0.000000,s15_p1
1779334093.0,15,2,0.000000,s15_p2
1779334093.0,15,3,0.000000,s15_p3
1779334093.0,17,4,0.000000,s17_p4
1779334093.0,17,1,0.000000,s17_p1
1779334093.0,17,2,0.000000,s17_p2
1779334093.0,17,3,0.000000,s17_p3
1779334093.0,4,1,0.000000,s4_p1
1779334093.0,4,4,0.000000,s4_p4
1779334093.0,4,2,0.000000,s4_p2
1779334093.0,4,3,0.000000,s4_p3
1779334093.0,20,1,0.000000,s20_p1
1779334093.0,20,4,0.000000,s20_p4
1779334093.0,20,2,0.000000,s20_p2
1779334093.0,20,3,0.000000,s20_p3
1779334093.0,12,4,0.000000,s12_p4
1779334093.0,12,1,0.000000,s12_p1
1779334093.0,12,2,0.000000,s12_p2
1779334093.0,12,3,0.000000,s12_p3
1779334093.0,5,4,0.000000,s5_p4
1779334093.0,5,1,0.000000,s5_p1
1779334093.0,5,2,0.000000,s5_p2
1779334093.0,5,3,0.000000,s5_p3
1779334093.0,2,1,0.000000,s2_p1
1779334093.0,2,4,0.000000,s2_p4
1779334093.0,2,2,0.000000,s2_p2
1779334093.0,2,3,0.000000,s2_p3
1779334093.0,9,1,0.000000,s9_p1
1779334093.0,9,4,0.000000,s9_p4
1779334093.0,9,2,0.000000,s9_p2
1779334093.0,9,3,0.000000,s9_p3
1779334093.0,11,4,0.000000,s11_p4
1779334093.0,11,1,0.000000,s11_p1
1779334093.0,11,2,0.000000,s11_p2
1779334093.0,11,3,0.000000,s11_p3
1779334093.0,16,1,0.000000,s16_p1
1779334093.0,16,4,0.000000,s16_p4
1779334093.0,16,2,0.000000,s16_p2
1779334093.0,16,3,0.000000,s16_p3
1779334093.0,18,4,0.000000,s18_p4
1779334093.0,18,1,0.000000,s18_p1
1779334093.0,18,2,0.000000,s18_p2
1779334093.0,18,3,0.000000,s18_p3
1779334093.0,14,4,0.000000,s14_p4
1779334093.0,14,1,0.000000,s14_p1
1779334093.0,14,2,0.000000,s14_p2
1779334093.0,14,3,0.000000,s14_p3
1779334093.0,19,1,0.000000,s19_p1
1779334093.0,19,4,0.000000,s19_p4
1779334093.0,19,2,0.000000,s19_p2
1779334093.0,19,3,0.000000,s19_p3
1779334094.0,6,1,0.000000,s6_p1
1779334094.0,6,4,0.000000,s6_p4
1779334094.0,6,2,0.000000,s6_p2
1779334094.0,6,3,0.000000,s6_p3
1779334094.0,3,4,0.000000,s3_p4
1779334094.0,3,1,0.000000,s3_p1
1779334094.0,3,2,0.000000,s3_p2
1779334094.0,3,3,0.000000,s3_p3
1779334094.0,1,4,0.000000,s1_p4
1779334094.0,1,1,0.000000,s1_p1
1779334094.0,1,2,0.000000,s1_p2
1779334094.0,1,3,0.000000,s1_p3
1779334094.0,19,1,0.000000,s19_p1
1779334094.0,19,4,0.000000,s19_p4
1779334094.0,19,2,0.000000,s19_p2
1779334094.0,19,3,0.000000,s19_p3
1779334094.0,14,4,0.000000,s14_p4
1779334094.0,14,1,0.000000,s14_p1
1779334094.0,14,2,0.000000,s14_p2
1779334094.0,14,3,0.000000,s14_p3
1779334094.0,8,4,0.000000,s8_p4
1779334094.0,8,1,0.000000,s8_p1
1779334094.0,8,2,0.000000,s8_p2
1779334094.0,8,3,0.000000,s8_p3
1779334094.0,12,4,0.000000,s12_p4
1779334094.0,12,1,0.000000,s12_p1
1779334094.0,12,2,0.000000,s12_p2
1779334094.0,12,3,0.000000,s12_p3
1779334094.0,13,1,0.000000,s13_p1
1779334094.0,13,4,0.000000,s13_p4
1779334094.0,13,2,0.000000,s13_p2
1779334094.0,13,3,0.000000,s13_p3
1779334094.0,20,1,0.000000,s20_p1
1779334094.0,20,4,0.000000,s20_p4
1779334094.0,20,2,0.000000,s20_p2
1779334094.0,20,3,0.000000,s20_p3
1779334094.0,10,4,0.000000,s10_p4
1779334094.0,10,1,0.000000,s10_p1
1779334094.0,10,2,0.000000,s10_p2
1779334094.0,10,3,0.000000,s10_p3
1779334094.0,7,1,0.000000,s7_p1
1779334094.0,7,4,0.000000,s7_p4
1779334094.0,7,2,0.000000,s7_p2
1779334094.0,7,3,0.000000,s7_p3
1779334094.0,15,4,0.000000,s15_p4
1779334094.0,15,1,0.000000,s15_p1
1779334094.0,15,2,0.000000,s15_p2
1779334094.0,15,3,0.000000,s15_p3
1779334094.0,4,1,0.000000,s4_p1
1779334094.0,4,4,0.000000,s4_p4
1779334094.0,4,2,0.000000,s4_p2
1779334094.0,4,3,0.000000,s4_p3
1779334094.0,18,4,0.000000,s18_p4
1779334094.0,18,1,0.000000,s18_p1
1779334094.0,18,2,0.000000,s18_p2
1779334094.0,18,3,0.000000,s18_p3
1779334094.0,9,1,0.000000,s9_p1
1779334094.0,9,4,0.000000,s9_p4
1779334094.0,9,2,0.000000,s9_p2
1779334094.0,9,3,0.000000,s9_p3
1779334094.0,16,1,0.000000,s16_p1
1779334094.0,16,4,0.000000,s16_p4
1779334094.0,16,2,0.000000,s16_p2
1779334094.0,16,3,0.000000,s16_p3
1779334094.0,11,4,0.000000,s11_p4
1779334094.0,11,1,0.000000,s11_p1
1779334094.0,11,2,0.000000,s11_p2
1779334094.0,11,3,0.000000,s11_p3
1779334094.0,2,1,0.000000,s2_p1
1779334094.0,2,4,0.000000,s2_p4
1779334094.0,2,2,0.000000,s2_p2
1779334094.0,2,3,0.000000,s2_p3
1779334094.0,5,4,0.000000,s5_p4
1779334094.0,5,1,0.000000,s5_p1
1779334094.0,5,2,0.000000,s5_p2
1779334094.0,5,3,0.000000,s5_p3
1779334094.0,17,4,0.000000,s17_p4
1779334094.0,17,1,0.000000,s17_p1
1779334094.0,17,2,0.000000,s17_p2
1779334094.0,17,3,0.000000,s17_p3
1779334094.0,19,1,0.000000,s19_p1
1779334094.0,19,4,0.000000,s19_p4
1779334094.0,19,2,0.000000,s19_p2
1779334094.0,19,3,0.000000,s19_p3
1779334094.0,6,1,0.000000,s6_p1
1779334094.0,6,4,0.000000,s6_p4
1779334094.0,6,2,0.000000,s6_p2
1779334094.0,6,3,0.000000,s6_p3
1779334094.0,3,4,0.000000,s3_p4
1779334094.0,3,1,0.000000,s3_p1
1779334094.0,3,2,0.000000,s3_p2
1779334094.0,3,3,0.000000,s3_p3
1779334094.0,1,4,0.000000,s1_p4
1779334094.0,1,1,0.000000,s1_p1
1779334094.0,1,2,0.000000,s1_p2
1779334094.0,1,3,0.000000,s1_p3
1779334094.0,14,4,0.000000,s14_p4
1779334094.0,14,1,0.000000,s14_p1
1779334094.0,14,2,0.000000,s14_p2
1779334094.0,14,3,0.000000,s14_p3
1779334094.0,10,4,0.000000,s10_p4
1779334094.0,10,1,0.000000,s10_p1
1779334094.0,10,2,0.000000,s10_p2
1779334094.0,10,3,0.000000,s10_p3
1779334094.0,4,1,0.000000,s4_p1
1779334094.0,4,4,0.000000,s4_p4
1779334094.0,4,2,0.000000,s4_p2
1779334094.0,4,3,0.000000,s4_p3
1779334094.0,15,4,0.000000,s15_p4
1779334094.0,15,1,0.000000,s15_p1
1779334094.0,15,2,0.000000,s15_p2
1779334094.0,15,3,0.000000,s15_p3
1779334094.0,8,4,0.000000,s8_p4
1779334094.0,8,1,0.000000,s8_p1
1779334094.0,8,2,0.000000,s8_p2
1779334094.0,8,3,0.000000,s8_p3
1779334094.0,13,1,0.000000,s13_p1
1779334094.0,13,4,0.000000,s13_p4
1779334094.0,13,2,0.000000,s13_p2
1779334094.0,13,3,0.000000,s13_p3
1779334094.0,7,1,0.000000,s7_p1
1779334094.0,7,4,0.000000,s7_p4
1779334094.0,7,2,0.000000,s7_p2
1779334094.0,7,3,0.000000,s7_p3
1779334094.0,20,1,0.000000,s20_p1
1779334094.0,20,4,0.000000,s20_p4
1779334094.0,20,2,0.000000,s20_p2
1779334094.0,20,3,0.000000,s20_p3
1779334094.0,2,1,0.000000,s2_p1
1779334094.0,2,4,0.000000,s2_p4
1779334094.0,2,2,0.000000,s2_p2
1779334094.0,2,3,0.000000,s2_p3
1779334094.0,17,4,0.000000,s17_p4
1779334094.0,17,1,0.000000,s17_p1
1779334094.0,17,2,0.000000,s17_p2
1779334094.0,17,3,0.000000,s17_p3
1779334094.0,18,4,0.000000,s18_p4
1779334094.0,18,1,0.000000,s18_p1
1779334094.0,18,2,0.000000,s18_p2
1779334094.0,18,3,0.000000,s18_p3
1779334094.0,5,4,0.000000,s5_p4
1779334094.0,5,1,0.000000,s5_p1
1779334094.0,5,2,0.000000,s5_p2
1779334094.0,5,3,0.000000,s5_p3
1779334094.0,12,4,0.000000,s12_p4
1779334094.0,12,1,0.000000,s12_p1
1779334094.0,12,2,0.000000,s12_p2
1779334094.0,12,3,0.000000,s12_p3
1779334094.0,9,1,0.000000,s9_p1
1779334094.0,9,4,0.000000,s9_p4
1779334094.0,9,2,0.000000,s9_p2
1779334094.0,9,3,0.000000,s9_p3
1779334094.0,16,1,0.000000,s16_p1
1779334094.0,16,4,0.000000,s16_p4
1779334094.0,16,2,0.000000,s16_p2
1779334094.0,16,3,0.000000,s16_p3
1779334094.0,11,4,0.000000,s11_p4
1779334094.0,11,1,0.000000,s11_p1
1779334094.0,11,2,0.000000,s11_p2
1779334094.0,11,3,0.000000,s11_p3
1779334095.0,19,1,0.000000,s19_p1
1779334095.0,19,4,0.000000,s19_p4
1779334095.0,19,2,0.000000,s19_p2
1779334095.0,19,3,0.000000,s19_p3
1779334095.0,14,4,0.000000,s14_p4
1779334095.0,14,1,0.000000,s14_p1
1779334095.0,14,2,0.000000,s14_p2
1779334095.0,14,3,0.000000,s14_p3
1779334095.0,6,1,0.000000,s6_p1
1779334095.0,6,4,0.000000,s6_p4
1779334095.0,6,2,0.000000,s6_p2
1779334095.0,6,3,0.000000,s6_p3
1779334095.0,1,4,0.000000,s1_p4
1779334095.0,1,1,0.000000,s1_p1
1779334095.0,1,2,0.000000,s1_p2
1779334095.0,1,3,0.000000,s1_p3
1779334095.0,3,4,0.000000,s3_p4
1779334095.0,3,1,0.000000,s3_p1
1779334095.0,3,2,0.000000,s3_p2
1779334095.0,3,3,0.000000,s3_p3
1779334095.0,15,4,0.000000,s15_p4
1779334095.0,15,1,0.000000,s15_p1
1779334095.0,15,2,0.000000,s15_p2
1779334095.0,15,3,0.000000,s15_p3
1779334095.0,10,4,0.000000,s10_p4
1779334095.0,10,1,0.000000,s10_p1
1779334095.0,10,2,0.000000,s10_p2
1779334095.0,10,3,0.000000,s10_p3
1779334095.0,5,4,0.000000,s5_p4
1779334095.0,5,1,0.000000,s5_p1
1779334095.0,5,2,0.000000,s5_p2
1779334095.0,5,3,0.000000,s5_p3
1779334095.0,13,1,0.000000,s13_p1
1779334095.0,13,4,0.000000,s13_p4
1779334095.0,13,2,0.000000,s13_p2
1779334095.0,13,3,0.000000,s13_p3
1779334095.0,20,1,0.000000,s20_p1
1779334095.0,20,4,0.000000,s20_p4
1779334095.0,20,2,0.000000,s20_p2
1779334095.0,20,3,0.000000,s20_p3
1779334095.0,8,4,0.000000,s8_p4
1779334095.0,8,1,0.000000,s8_p1
1779334095.0,8,2,0.000000,s8_p2
1779334095.0,8,3,0.000000,s8_p3
1779334095.0,7,1,0.000000,s7_p1
1779334095.0,7,4,0.000000,s7_p4
1779334095.0,7,2,0.000000,s7_p2
1779334095.0,7,3,0.000000,s7_p3
1779334095.0,4,1,0.000000,s4_p1
1779334095.0,4,4,0.000000,s4_p4
1779334095.0,4,2,0.000000,s4_p2
1779334095.0,4,3,0.000000,s4_p3
1779334095.0,11,4,0.000000,s11_p4
1779334095.0,11,1,0.000000,s11_p1
1779334095.0,11,2,0.000000,s11_p2
1779334095.0,11,3,0.000000,s11_p3
1779334095.0,18,4,0.000000,s18_p4
1779334095.0,18,1,0.000000,s18_p1
1779334095.0,18,2,0.000000,s18_p2
1779334095.0,18,3,0.000000,s18_p3
1779334095.0,9,1,0.000000,s9_p1
1779334095.0,9,4,0.000000,s9_p4
1779334095.0,9,2,0.000000,s9_p2
1779334095.0,9,3,0.000000,s9_p3
1779334095.0,12,4,0.000000,s12_p4
1779334095.0,12,1,0.000000,s12_p1
1779334095.0,12,2,0.000000,s12_p2
1779334095.0,12,3,0.000000,s12_p3
1779334095.0,17,4,0.000000,s17_p4
1779334095.0,17,1,0.000000,s17_p1
1779334095.0,17,2,0.000000,s17_p2
1779334095.0,17,3,0.000000,s17_p3
1779334095.0,2,1,0.000000,s2_p1
1779334095.0,2,4,0.000000,s2_p4
1779334095.0,2,2,0.000000,s2_p2
1779334095.0,2,3,0.000000,s2_p3
1779334095.0,16,1,0.000000,s16_p1
1779334095.0,16,4,0.000000,s16_p4
1779334095.0,16,2,0.000000,s16_p2
1779334095.0,16,3,0.000000,s16_p3
1779334095.0,19,1,0.000000,s19_p1
1779334095.0,19,4,0.000000,s19_p4
1779334095.0,19,2,0.000000,s19_p2
1779334095.0,19,3,0.000000,s19_p3
1779334095.0,1,4,0.000000,s1_p4
1779334095.0,1,1,0.000000,s1_p1
1779334095.0,1,2,0.000000,s1_p2
1779334095.0,1,3,0.000000,s1_p3
1779334095.0,6,1,0.000000,s6_p1
1779334095.0,6,4,0.000000,s6_p4
1779334095.0,6,2,0.000000,s6_p2
1779334095.0,6,3,0.000000,s6_p3
1779334095.0,14,4,0.000000,s14_p4
1779334095.0,14,1,0.000000,s14_p1
1779334095.0,14,2,0.000000,s14_p2
1779334095.0,14,3,0.000000,s14_p3
1779334095.0,3,4,0.000000,s3_p4
1779334095.0,3,1,0.000000,s3_p1
1779334095.0,3,2,0.000000,s3_p2
1779334095.0,3,3,0.000000,s3_p3
1779334095.0,10,4,0.000000,s10_p4
1779334095.0,10,1,0.000000,s10_p1
1779334095.0,10,2,0.000000,s10_p2
1779334095.0,10,3,0.000000,s10_p3
1779334095.0,8,4,0.000000,s8_p4
1779334095.0,8,1,0.000000,s8_p1
1779334095.0,8,2,0.000000,s8_p2
1779334095.0,8,3,0.000000,s8_p3
1779334095.0,13,1,0.000000,s13_p1
1779334095.0,13,4,0.000000,s13_p4
1779334095.0,13,2,0.000000,s13_p2
1779334095.0,13,3,0.000000,s13_p3
1779334095.0,15,4,0.000000,s15_p4
1779334095.0,15,1,0.000000,s15_p1
1779334095.0,15,2,0.000000,s15_p2
1779334095.0,15,3,0.000000,s15_p3
1779334095.0,5,4,0.000000,s5_p4
1779334095.0,5,1,0.000000,s5_p1
1779334095.0,5,2,0.000000,s5_p2
1779334095.0,5,3,0.000000,s5_p3
1779334095.0,7,1,0.000000,s7_p1
1779334095.0,7,4,0.000000,s7_p4
1779334095.0,7,2,0.000000,s7_p2
1779334095.0,7,3,0.000000,s7_p3
1779334095.0,12,4,0.000000,s12_p4
1779334095.0,12,1,0.000000,s12_p1
1779334095.0,12,2,0.000000,s12_p2
1779334095.0,12,3,0.000000,s12_p3
1779334095.0,20,1,0.000000,s20_p1
1779334095.0,20,4,0.000000,s20_p4
1779334095.0,20,2,0.000000,s20_p2
1779334095.0,20,3,0.000000,s20_p3
1779334095.0,4,1,0.000000,s4_p1
1779334095.0,4,4,0.000000,s4_p4
1779334095.0,4,2,0.000000,s4_p2
1779334095.0,4,3,0.000000,s4_p3
1779334095.0,18,4,0.000000,s18_p4
1779334095.0,18,1,0.000000,s18_p1
1779334095.0,18,2,0.000000,s18_p2
1779334095.0,18,3,0.000000,s18_p3
1779334095.0,17,4,0.000000,s17_p4
1779334095.0,17,1,0.000000,s17_p1
1779334095.0,17,2,0.000000,s17_p2
1779334095.0,17,3,0.000000,s17_p3
1779334095.0,16,1,0.000000,s16_p1
1779334095.0,16,4,0.000000,s16_p4
1779334095.0,16,2,0.000000,s16_p2
1779334095.0,16,3,0.000000,s16_p3
1779334095.0,11,4,0.000000,s11_p4
1779334095.0,11,1,0.000000,s11_p1
1779334095.0,11,2,0.000000,s11_p2
1779334095.0,11,3,0.000000,s11_p3
1779334095.0,2,1,0.000000,s2_p1
1779334095.0,2,4,0.000000,s2_p4
1779334095.0,2,2,0.000000,s2_p2
1779334095.0,2,3,0.000000,s2_p3
1779334095.0,9,1,0.000000,s9_p1
1779334095.0,9,4,0.000000,s9_p4
1779334095.0,9,2,0.000000,s9_p2
1779334095.0,9,3,0.000000,s9_p3
1779334096.0,19,1,0.000000,s19_p1
1779334096.0,19,4,0.000000,s19_p4
1779334096.0,19,2,0.000000,s19_p2
1779334096.0,19,3,0.000000,s19_p3
1779334096.0,6,1,0.000000,s6_p1
1779334096.0,6,4,0.000000,s6_p4
1779334096.0,6,2,0.000000,s6_p2
1779334096.0,6,3,0.000000,s6_p3
1779334096.0,3,4,0.000000,s3_p4
1779334096.0,3,1,0.000000,s3_p1
1779334096.0,3,2,0.000000,s3_p2
1779334096.0,3,3,0.000000,s3_p3
1779334096.0,14,4,0.000000,s14_p4
1779334096.0,14,1,0.000000,s14_p1
1779334096.0,14,2,0.000000,s14_p2
1779334096.0,14,3,0.000000,s14_p3
1779334096.0,15,4,0.000000,s15_p4
1779334096.0,15,1,0.000000,s15_p1
1779334096.0,15,2,0.000000,s15_p2
1779334096.0,15,3,0.000000,s15_p3
1779334096.0,1,4,0.000000,s1_p4
1779334096.0,1,1,0.000000,s1_p1
1779334096.0,1,2,0.000000,s1_p2
1779334096.0,1,3,0.000000,s1_p3
1779334096.0,10,4,0.000000,s10_p4
1779334096.0,10,1,0.000000,s10_p1
1779334096.0,10,2,0.000000,s10_p2
1779334096.0,10,3,0.000000,s10_p3
1779334096.0,8,4,0.000000,s8_p4
1779334096.0,8,1,0.000000,s8_p1
1779334096.0,8,2,0.000000,s8_p2
1779334096.0,8,3,0.000000,s8_p3
1779334096.0,7,1,0.000000,s7_p1
1779334096.0,7,4,0.000000,s7_p4
1779334096.0,7,2,0.000000,s7_p2
1779334096.0,7,3,0.000000,s7_p3
1779334096.0,4,1,0.000000,s4_p1
1779334096.0,4,4,0.000000,s4_p4
1779334096.0,4,2,0.000000,s4_p2
1779334096.0,4,3,0.000000,s4_p3
1779334096.0,18,4,0.000000,s18_p4
1779334096.0,18,1,0.000000,s18_p1
1779334096.0,18,2,0.000000,s18_p2
1779334096.0,18,3,0.000000,s18_p3
1779334096.0,12,4,0.000000,s12_p4
1779334096.0,12,1,0.000000,s12_p1
1779334096.0,12,2,0.000000,s12_p2
1779334096.0,12,3,0.000000,s12_p3
1779334096.0,13,1,0.000000,s13_p1
1779334096.0,13,4,0.000000,s13_p4
1779334096.0,13,2,0.000000,s13_p2
1779334096.0,13,3,0.000000,s13_p3
1779334096.0,20,1,0.000000,s20_p1
1779334096.0,20,4,0.000000,s20_p4
1779334096.0,20,2,0.000000,s20_p2
1779334096.0,20,3,0.000000,s20_p3
1779334096.0,2,1,0.000000,s2_p1
1779334096.0,2,4,0.000000,s2_p4
1779334096.0,2,2,0.000000,s2_p2
1779334096.0,2,3,0.000000,s2_p3
1779334096.0,16,1,0.000000,s16_p1
1779334096.0,16,4,0.000000,s16_p4
1779334096.0,16,2,0.000000,s16_p2
1779334096.0,16,3,0.000000,s16_p3
1779334096.0,11,4,0.000000,s11_p4
1779334096.0,11,1,0.000000,s11_p1
1779334096.0,11,2,0.000000,s11_p2
1779334096.0,11,3,0.000000,s11_p3
1779334096.0,5,4,0.000000,s5_p4
1779334096.0,5,1,0.000000,s5_p1
1779334096.0,5,2,0.000000,s5_p2
1779334096.0,5,3,0.000000,s5_p3
1779334096.0,9,1,0.000000,s9_p1
1779334096.0,9,4,0.000000,s9_p4
1779334096.0,9,2,0.000000,s9_p2
1779334096.0,9,3,0.000000,s9_p3
1779334096.0,17,4,0.000000,s17_p4
1779334096.0,17,1,0.000000,s17_p1
1779334096.0,17,2,0.000000,s17_p2
1779334096.0,17,3,0.000000,s17_p3
1779334096.0,6,1,0.019327,s6_p1
1779334096.0,6,4,0.000000,s6_p4
1779334096.0,6,2,0.043486,s6_p2
1779334096.0,6,3,0.000000,s6_p3
1779334096.0,1,4,0.014501,s1_p4
1779334096.0,1,1,0.009667,s1_p1
1779334096.0,1,2,0.000000,s1_p2
1779334096.0,1,3,0.000000,s1_p3
1779334096.0,14,4,0.000000,s14_p4
1779334096.0,14,1,0.000000,s14_p1
1779334096.0,14,2,0.000000,s14_p2
1779334096.0,14,3,0.000000,s14_p3
1779334096.0,10,4,0.072484,s10_p4
1779334096.0,10,1,0.009665,s10_p1
1779334096.0,10,2,0.000000,s10_p2
1779334096.0,10,3,0.000000,s10_p3
1779334096.0,3,4,0.000000,s3_p4
1779334096.0,3,1,0.000000,s3_p1
1779334096.0,3,2,0.014493,s3_p2
1779334096.0,3,3,0.026571,s3_p3
1779334096.0,15,4,0.000000,s15_p4
1779334096.0,15,1,0.000000,s15_p1
1779334096.0,15,2,0.026570,s15_p2
1779334096.0,15,3,0.338170,s15_p3
1779334096.0,8,4,0.000000,s8_p4
1779334096.0,8,1,0.026560,s8_p1
1779334096.0,8,2,0.000000,s8_p2
1779334096.0,8,3,0.014487,s8_p3
1779334096.0,7,1,0.000000,s7_p1
1779334096.0,7,4,0.000000,s7_p4
1779334096.0,7,2,0.024154,s7_p2
1779334096.0,7,3,0.053138,s7_p3
1779334096.0,13,1,0.012079,s13_p1
1779334096.0,13,4,0.000000,s13_p4
1779334096.0,13,2,0.062810,s13_p2
1779334096.0,13,3,0.132867,s13_p3
1779334096.0,20,1,0.048309,s20_p1
1779334096.0,20,4,0.120773,s20_p4
1779334096.0,20,2,0.072464,s20_p2
1779334096.0,20,3,0.000000,s20_p3
1779334096.0,4,1,0.000000,s4_p1
1779334096.0,4,4,0.033805,s4_p4
1779334096.0,4,2,0.000000,s4_p2
1779334096.0,4,3,0.000000,s4_p3
1779334096.0,5,4,0.000000,s5_p4
1779334096.0,5,1,0.000000,s5_p1
1779334096.0,5,2,0.012079,s5_p2
1779334096.0,5,3,0.026574,s5_p3
1779334096.0,12,4,0.168986,s12_p4
1779334096.0,12,1,0.014485,s12_p1
1779334096.0,12,2,0.000000,s12_p2
1779334096.0,12,3,0.000000,s12_p3
1779334096.0,18,4,0.000000,s18_p4
1779334096.0,18,1,0.000000,s18_p1
1779334096.0,18,2,0.000000,s18_p2
1779334096.0,18,3,0.000000,s18_p3
1779334096.0,17,4,0.132828,s17_p4
1779334096.0,17,1,0.000000,s17_p1
1779334096.0,17,2,0.000000,s17_p2
1779334096.0,17,3,0.374333,s17_p3
1779334096.0,2,1,0.000000,s2_p1
1779334096.0,2,4,0.000000,s2_p4
1779334096.0,2,2,0.048287,s2_p2
1779334096.0,2,3,0.000000,s2_p3
1779334096.0,16,1,0.026556,s16_p1
1779334096.0,16,4,0.000000,s16_p4
1779334096.0,16,2,0.000000,s16_p2
1779334096.0,16,3,0.000000,s16_p3
1779334096.0,11,4,0.000000,s11_p4
1779334096.0,11,1,0.000000,s11_p1
1779334096.0,11,2,0.000000,s11_p2
1779334096.0,11,3,0.132762,s11_p3
1779334096.0,9,1,0.000000,s9_p1
1779334096.0,9,4,0.000000,s9_p4
1779334096.0,9,2,0.000000,s9_p2
1779334096.0,9,3,0.000000,s9_p3
1779334096.0,19,1,0.000000,s19_p1
1779334096.0,19,4,0.000000,s19_p4
1779334096.0,19,2,0.000000,s19_p2
1779334096.0,19,3,0.000000,s19_p3
1779334097.0,10,4,0.169017,s10_p4
1779334097.0,10,1,0.026560,s10_p1
1779334097.0,10,2,0.000000,s10_p2
1779334097.0,10,3,0.000000,s10_p3
1779334097.0,15,4,0.000000,s15_p4
1779334097.0,15,1,0.000000,s15_p1
1779334097.0,15,2,0.072441,s15_p2
1779334097.0,15,3,0.833070,s15_p3
1779334097.0,20,1,0.132890,s20_p1
1779334097.0,20,4,0.289942,s20_p4
1779334097.0,20,2,0.169133,s20_p2
1779334097.0,20,3,0.000000,s20_p3
1779334097.0,7,1,0.000000,s7_p1
1779334097.0,7,4,0.000000,s7_p4
1779334097.0,7,2,0.057972,s7_p2
1779334097.0,7,3,0.137684,s7_p3
1779334097.0,13,1,0.024156,s13_p1
1779334097.0,13,4,0.000000,s13_p4
1779334097.0,13,2,0.176338,s13_p2
1779334097.0,13,3,0.362339,s13_p3
1779334097.0,12,4,0.423001,s12_p4
1779334097.0,12,1,0.033840,s12_p1
1779334097.0,12,2,0.000000,s12_p2
1779334097.0,12,3,0.000000,s12_p3
1779334097.0,4,1,0.000000,s4_p1
1779334097.0,4,4,0.084571,s4_p4
1779334097.0,4,2,0.000000,s4_p2
1779334097.0,4,3,0.000000,s4_p3
1779334097.0,5,4,0.000000,s5_p4
1779334097.0,5,1,0.000000,s5_p1
1779334097.0,5,2,0.024159,s5_p2
1779334097.0,5,3,0.072476,s5_p3
1779334097.0,18,4,0.000000,s18_p4
1779334097.0,18,1,0.000000,s18_p1
1779334097.0,18,2,0.000000,s18_p2
1779334097.0,18,3,0.000000,s18_p3
1779334097.0,17,4,0.362473,s17_p4
1779334097.0,17,1,0.000000,s17_p1
1779334097.0,17,2,0.000000,s17_p2
1779334097.0,17,3,1.000000,s17_p3
1779334097.0,11,4,0.000000,s11_p4
1779334097.0,11,1,0.000000,s11_p1
1779334097.0,11,2,0.000000,s11_p2
1779334097.0,11,3,0.362613,s11_p3
1779334097.0,16,1,0.055591,s16_p1
1779334097.0,16,4,0.000000,s16_p4
1779334097.0,16,2,0.000000,s16_p2
1779334097.0,16,3,0.000000,s16_p3
1779334097.0,2,1,0.000000,s2_p1
1779334097.0,2,4,0.000000,s2_p4
1779334097.0,2,2,0.169161,s2_p2
1779334097.0,2,3,0.000000,s2_p3
1779334097.0,3,4,0.000000,s3_p4
1779334097.0,3,1,0.000000,s3_p1
1779334097.0,3,2,0.033746,s3_p2
1779334097.0,3,3,0.072312,s3_p3
1779334097.0,19,1,0.000000,s19_p1
1779334097.0,19,4,0.000000,s19_p4
1779334097.0,19,2,0.000000,s19_p2
1779334097.0,19,3,0.000000,s19_p3
1779334097.0,1,4,0.033730,s1_p4
1779334097.0,1,1,0.026502,s1_p1
1779334097.0,1,2,0.000000,s1_p2
1779334097.0,1,3,0.000000,s1_p3
1779334097.0,14,4,0.000000,s14_p4
1779334097.0,14,1,0.000000,s14_p1
1779334097.0,14,2,0.000000,s14_p2
1779334097.0,14,3,0.000000,s14_p3
1779334097.0,9,1,0.000000,s9_p1
1779334097.0,9,4,0.000000,s9_p4
1779334097.0,9,2,0.000000,s9_p2
1779334097.0,9,3,0.000000,s9_p3
1779334097.0,6,1,0.060205,s6_p1
1779334097.0,6,4,0.000000,s6_p4
1779334097.0,6,2,0.115594,s6_p2
1779334097.0,6,3,0.000000,s6_p3
1779334097.0,8,4,0.000000,s8_p4
1779334097.0,8,1,0.072339,s8_p1
1779334097.0,8,2,0.000000,s8_p2
1779334097.0,8,3,0.028935,s8_p3
1779334097.0,6,1,0.060457,s6_p1
1779334097.0,6,4,0.000000,s6_p4
1779334097.0,6,2,0.116076,s6_p2
1779334097.0,6,3,0.000000,s6_p3
1779334097.0,14,4,0.000000,s14_p4
1779334097.0,14,1,0.000000,s14_p1
1779334097.0,14,2,0.000000,s14_p2
1779334097.0,14,3,0.000000,s14_p3
1779334097.0,1,4,0.033838,s1_p4
1779334097.0,1,1,0.026587,s1_p1
1779334097.0,1,2,0.000000,s1_p2
1779334097.0,1,3,0.000000,s1_p3
1779334097.0,15,4,0.000000,s15_p4
1779334097.0,15,1,0.000000,s15_p1
1779334097.0,15,2,0.069943,s15_p2
1779334097.0,15,3,0.844139,s15_p3
1779334097.0,10,4,0.168797,s10_p4
1779334097.0,10,1,0.026525,s10_p1
1779334097.0,10,2,0.000000,s10_p2
1779334097.0,10,3,0.000000,s10_p3
1779334097.0,3,4,0.000000,s3_p4
1779334097.0,3,1,0.000000,s3_p1
1779334097.0,3,2,0.033818,s3_p2
1779334097.0,3,3,0.070052,s3_p3
1779334097.0,7,1,0.000000,s7_p1
1779334097.0,7,4,0.000000,s7_p4
1779334097.0,7,2,0.055493,s7_p2
1779334097.0,7,3,0.137526,s7_p3
1779334097.0,8,4,0.000000,s8_p4
1779334097.0,8,1,0.070067,s8_p1
1779334097.0,8,2,0.000000,s8_p2
1779334097.0,8,3,0.031409,s8_p3
1779334097.0,4,1,0.000000,s4_p1
1779334097.0,4,4,0.081996,s4_p4
1779334097.0,4,2,0.000000,s4_p2
1779334097.0,4,3,0.000000,s4_p3
1779334097.0,13,1,0.024113,s13_p1
1779334097.0,13,4,0.000000,s13_p4
1779334097.0,13,2,0.176027,s13_p2
1779334097.0,13,3,0.349643,s13_p3
1779334097.0,12,4,0.409909,s12_p4
1779334097.0,12,1,0.033757,s12_p1
1779334097.0,12,2,0.000000,s12_p2
1779334097.0,12,3,0.000000,s12_p3
1779334097.0,5,4,0.000000,s5_p4
1779334097.0,5,1,0.000000,s5_p1
1779334097.0,5,2,0.024122,s5_p2
1779334097.0,5,3,0.069955,s5_p3
1779334097.0,20,1,0.132581,s20_p1
1779334097.0,20,4,0.277216,s20_p4
1779334097.0,20,2,0.168740,s20_p2
1779334097.0,20,3,0.000000,s20_p3
1779334097.0,17,4,0.349643,s17_p4
1779334097.0,17,1,0.000000,s17_p1
1779334097.0,17,2,0.000000,s17_p2
1779334097.0,17,3,1.000000,s17_p3
1779334097.0,2,1,0.000000,s2_p1
1779334097.0,2,4,0.000000,s2_p4
1779334097.0,2,2,0.168798,s2_p2
1779334097.0,2,3,0.000000,s2_p3
1779334097.0,18,4,0.000000,s18_p4
1779334097.0,18,1,0.000000,s18_p1
1779334097.0,18,2,0.000000,s18_p2
1779334097.0,18,3,0.000000,s18_p3
1779334097.0,9,1,0.000000,s9_p1
1779334097.0,9,4,0.000000,s9_p4
1779334097.0,9,2,0.000000,s9_p2
1779334097.0,9,3,0.000000,s9_p3
1779334097.0,11,4,0.000000,s11_p4
1779334097.0,11,1,0.000000,s11_p1
1779334097.0,11,2,0.000000,s11_p2
1779334097.0,11,3,0.361573,s11_p3
1779334097.0,16,1,0.055441,s16_p1
1779334097.0,16,4,0.000000,s16_p4
1779334097.0,16,2,0.000000,s16_p2
1779334097.0,16,3,0.000000,s16_p3
1779334097.0,19,1,0.000000,s19_p1
1779334097.0,19,4,0.000000,s19_p4
1779334097.0,19,2,0.000000,s19_p2
1779334097.0,19,3,0.000000,s19_p3
1779334098.0,6,1,0.055473,s6_p1
1779334098.0,6,4,0.000000,s6_p4
1779334098.0,6,2,0.120594,s6_p2
1779334098.0,6,3,0.000000,s6_p3
1779334098.0,3,4,0.000000,s3_p4
1779334098.0,3,1,0.000000,s3_p1
1779334098.0,3,2,0.033782,s3_p2
1779334098.0,3,3,0.072389,s3_p3
1779334098.0,14,4,0.000000,s14_p4
1779334098.0,14,1,0.000000,s14_p1
1779334098.0,14,2,0.000000,s14_p2
1779334098.0,14,3,0.000000,s14_p3
1779334098.0,10,4,0.168887,s10_p4
1779334098.0,10,1,0.026539,s10_p1
1779334098.0,10,2,0.000000,s10_p2
1779334098.0,10,3,0.000000,s10_p3
1779334098.0,1,4,0.033761,s1_p4
1779334098.0,1,1,0.026526,s1_p1
1779334098.0,1,2,0.000000,s1_p2
1779334098.0,1,3,0.000000,s1_p3
1779334098.0,15,4,0.000000,s15_p4
1779334098.0,15,1,0.000000,s15_p1
1779334098.0,15,2,0.072353,s15_p2
1779334098.0,15,3,0.819999,s15_p3
1779334098.0,7,1,0.000000,s7_p1
1779334098.0,7,4,0.000000,s7_p4
1779334098.0,7,2,0.055473,s7_p2
1779334098.0,7,3,0.137476,s7_p3
1779334098.0,13,1,0.024133,s13_p1
1779334098.0,13,4,0.000000,s13_p4
1779334098.0,13,2,0.176168,s13_p2
1779334098.0,13,3,0.361990,s13_p3
1779334098.0,8,4,0.000000,s8_p4
1779334098.0,8,1,0.072353,s8_p1
1779334098.0,8,2,0.000000,s8_p2
1779334098.0,8,3,0.028941,s8_p3
1779334098.0,12,4,0.422217,s12_p4
1779334098.0,12,1,0.033777,s12_p1
1779334098.0,12,2,0.000000,s12_p2
1779334098.0,12,3,0.000000,s12_p3
1779334098.0,4,1,0.000000,s4_p1
1779334098.0,4,4,0.084426,s4_p4
1779334098.0,4,2,0.000000,s4_p2
1779334098.0,4,3,0.000000,s4_p3
1779334098.0,20,1,0.144769,s20_p1
1779334098.0,20,4,0.277474,s20_p4
1779334098.0,20,2,0.168897,s20_p2
1779334098.0,20,3,0.000000,s20_p3
1779334098.0,17,4,0.362006,s17_p4
1779334098.0,17,1,0.000000,s17_p1
1779334098.0,17,2,0.000000,s17_p2
1779334098.0,17,3,1.000000,s17_p3
1779334098.0,5,4,0.000000,s5_p4
1779334098.0,5,1,0.000000,s5_p1
1779334098.0,5,2,0.024112,s5_p2
1779334098.0,5,3,0.072335,s5_p3
1779334098.0,11,4,0.000000,s11_p4
1779334098.0,11,1,0.000000,s11_p1
1779334098.0,11,2,0.000000,s11_p2
1779334098.0,11,3,0.349891,s11_p3
1779334098.0,2,1,0.000000,s2_p1
1779334098.0,2,4,0.000000,s2_p4
1779334098.0,2,2,0.171263,s2_p2
1779334098.0,2,3,0.000000,s2_p3
1779334098.0,16,1,0.055499,s16_p1
1779334098.0,16,4,0.000000,s16_p4
1779334098.0,16,2,0.000000,s16_p2
1779334098.0,16,3,0.000000,s16_p3
1779334098.0,9,1,0.000000,s9_p1
1779334098.0,9,4,0.000000,s9_p4
1779334098.0,9,2,0.000000,s9_p2
1779334098.0,9,3,0.000000,s9_p3
1779334098.0,19,1,0.000000,s19_p1
1779334098.0,19,4,0.000000,s19_p4
1779334098.0,19,2,0.000000,s19_p2
1779334098.0,19,3,0.000000,s19_p3
1779334098.0,18,4,0.000000,s18_p4
1779334098.0,18,1,0.000000,s18_p1
1779334098.0,18,2,0.000000,s18_p2
1779334098.0,18,3,0.000000,s18_p3
1779334098.0,19,1,0.000000,s19_p1
1779334098.0,19,4,0.000000,s19_p4
1779334098.0,19,2,0.000000,s19_p2
1779334098.0,19,3,0.000000,s19_p3
1779334098.0,1,4,0.036224,s1_p4
1779334098.0,1,1,0.028979,s1_p1
1779334098.0,1,2,0.000000,s1_p2
1779334098.0,1,3,0.000000,s1_p3
1779334098.0,6,1,0.057918,s6_p1
1779334098.0,6,4,0.000000,s6_p4
1779334098.0,6,2,0.125488,s6_p2
1779334098.0,6,3,0.000000,s6_p3
1779334098.0,14,4,0.000000,s14_p4
1779334098.0,14,1,0.000000,s14_p1
1779334098.0,14,2,0.000000,s14_p2
1779334098.0,14,3,0.000000,s14_p3
1779334098.0,3,4,0.000000,s3_p4
1779334098.0,3,1,0.000000,s3_p1
1779334098.0,3,2,0.036215,s3_p2
1779334098.0,3,3,0.072430,s3_p3
1779334098.0,8,4,0.000000,s8_p4
1779334098.0,8,1,0.070031,s8_p1
1779334098.0,8,2,0.000000,s8_p2
1779334098.0,8,3,0.031393,s8_p3
1779334098.0,15,4,0.000000,s15_p4
1779334098.0,15,1,0.000000,s15_p1
1779334098.0,15,2,0.070017,s15_p2
1779334098.0,15,3,0.845038,s15_p3
1779334098.0,7,1,0.000000,s7_p1
1779334098.0,7,4,0.000000,s7_p4
1779334098.0,7,2,0.055533,s7_p2
1779334098.0,7,3,0.135210,s7_p3
1779334098.0,10,4,0.181009,s10_p4
1779334098.0,10,1,0.028961,s10_p1
1779334098.0,10,2,0.000000,s10_p2
1779334098.0,10,3,0.000000,s10_p3
1779334098.0,13,1,0.016895,s13_p1
1779334098.0,13,4,0.000000,s13_p4
1779334098.0,13,2,0.183428,s13_p2
1779334098.0,13,3,0.349961,s13_p3
1779334098.0,20,1,0.132790,s20_p1
1779334098.0,20,4,0.277652,s20_p4
1779334098.0,20,2,0.181078,s20_p2
1779334098.0,20,3,0.000000,s20_p3
1779334098.0,12,4,0.410385,s12_p4
1779334098.0,12,1,0.036210,s12_p1
1779334098.0,12,2,0.000000,s12_p2
1779334098.0,12,3,0.000000,s12_p3
1779334098.0,4,1,0.000000,s4_p1
1779334098.0,4,4,0.082080,s4_p4
1779334098.0,4,2,0.000000,s4_p2
1779334098.0,4,3,0.000000,s4_p3
1779334098.0,17,4,0.349979,s17_p4
1779334098.0,17,1,0.000000,s17_p1
1779334098.0,17,2,0.000000,s17_p2
1779334098.0,17,3,1.000000,s17_p3
1779334098.0,2,1,0.000000,s2_p1
1779334098.0,2,4,0.000000,s2_p4
1779334098.0,2,2,0.169042,s2_p2
1779334098.0,2,3,0.000000,s2_p3
1779334098.0,16,1,0.055542,s16_p1
1779334098.0,16,4,0.000000,s16_p4
1779334098.0,16,2,0.000000,s16_p2
1779334098.0,16,3,0.000000,s16_p3
1779334098.0,18,4,0.000000,s18_p4
1779334098.0,18,1,0.000000,s18_p1
1779334098.0,18,2,0.000000,s18_p2
1779334098.0,18,3,0.000000,s18_p3
1779334098.0,5,4,0.000000,s5_p4
1779334098.0,5,1,0.000000,s5_p1
1779334098.0,5,2,0.016901,s5_p2
1779334098.0,5,3,0.070019,s5_p3
1779334098.0,9,1,0.000000,s9_p1
1779334098.0,9,4,0.000000,s9_p4
1779334098.0,9,2,0.000000,s9_p2
1779334098.0,9,3,0.000000,s9_p3
1779334098.0,11,4,0.000000,s11_p4
1779334098.0,11,1,0.000000,s11_p1
1779334098.0,11,2,0.000000,s11_p2
1779334098.0,11,3,0.362116,s11_p3
1779334099.0,1,4,0.033859,s1_p4
1779334099.0,1,1,0.026604,s1_p1
1779334099.0,1,2,0.000000,s1_p2
1779334099.0,1,3,0.000000,s1_p3
1779334099.0,10,4,0.169342,s10_p4
1779334099.0,10,1,0.026611,s10_p1
1779334099.0,10,2,0.000000,s10_p2
1779334099.0,10,3,0.000000,s10_p3
1779334099.0,12,4,0.423476,s12_p4
1779334099.0,12,1,0.033878,s12_p1
1779334099.0,12,2,0.000000,s12_p2
1779334099.0,12,3,0.000000,s12_p3
1779334099.0,18,4,0.000000,s18_p4
1779334099.0,18,1,0.000000,s18_p1
1779334099.0,18,2,0.000000,s18_p2
1779334099.0,18,3,0.000000,s18_p3
1779334099.0,4,1,0.000000,s4_p1
1779334099.0,4,4,0.084669,s4_p4
1779334099.0,4,2,0.000000,s4_p2
1779334099.0,4,3,0.000000,s4_p3
1779334099.0,14,4,0.000000,s14_p4
1779334099.0,14,1,0.000000,s14_p1
1779334099.0,14,2,0.000000,s14_p2
1779334099.0,14,3,0.000000,s14_p3
1779334099.0,8,4,0.000000,s8_p4
1779334099.0,8,1,0.070087,s8_p1
1779334099.0,8,2,0.000000,s8_p2
1779334099.0,8,3,0.029002,s8_p3
1779334099.0,5,4,0.000000,s5_p4
1779334099.0,5,1,0.000000,s5_p1
1779334099.0,5,2,0.021775,s5_p2
1779334099.0,5,3,0.070164,s5_p3
1779334099.0,16,1,0.058043,s16_p1
1779334099.0,16,4,0.000000,s16_p4
1779334099.0,16,2,0.000000,s16_p2
1779334099.0,16,3,0.000000,s16_p3
1779334099.0,11,4,0.000000,s11_p4
1779334099.0,11,1,0.000000,s11_p1
1779334099.0,11,2,0.000000,s11_p2
1779334099.0,11,3,0.362843,s11_p3
1779334099.0,6,1,0.057950,s6_p1
1779334099.0,6,4,0.000000,s6_p4
1779334099.0,6,2,0.118315,s6_p2
1779334099.0,6,3,0.000000,s6_p3
1779334099.0,9,1,0.000000,s9_p1
1779334099.0,9,4,0.000000,s9_p4
1779334099.0,9,2,0.000000,s9_p2
1779334099.0,9,3,0.000000,s9_p3
1779334099.0,17,4,0.350432,s17_p4
1779334099.0,17,1,0.000000,s17_p1
1779334099.0,17,2,0.000000,s17_p2
1779334099.0,17,3,1.000000,s17_p3
1779334099.0,13,1,0.021739,s13_p1
1779334099.0,13,4,0.000000,s13_p4
1779334099.0,13,2,0.176327,s13_p2
1779334099.0,13,3,0.350239,s13_p3
1779334099.0,19,1,0.000000,s19_p1
1779334099.0,19,4,0.000000,s19_p4
1779334099.0,19,2,0.000000,s19_p2
1779334099.0,19,3,0.000000,s19_p3
1779334099.0,20,1,0.132849,s20_p1
1779334099.0,20,4,0.289853,s20_p4
1779334099.0,20,2,0.169081,s20_p2
1779334099.0,20,3,0.000000,s20_p3
1779334099.0,15,4,0.000000,s15_p4
1779334099.0,15,1,0.000000,s15_p1
1779334099.0,15,2,0.072425,s15_p2
1779334099.0,15,3,0.832886,s15_p3
1779334099.0,3,4,0.000000,s3_p4
1779334099.0,3,1,0.000000,s3_p1
1779334099.0,3,2,0.033783,s3_p2
1779334099.0,3,3,0.072392,s3_p3
1779334099.0,2,1,0.000000,s2_p1
1779334099.0,2,4,0.000000,s2_p4
1779334099.0,2,2,0.169146,s2_p2
1779334099.0,2,3,0.000000,s2_p3
1779334099.0,7,1,0.000000,s7_p1
1779334099.0,7,4,0.000000,s7_p4
1779334099.0,7,2,0.057928,s7_p2
1779334099.0,7,3,0.137580,s7_p3
1779334099.0,19,1,0.000000,s19_p1
1779334099.0,19,4,0.000000,s19_p4
1779334099.0,19,2,0.000000,s19_p2
1779334099.0,19,3,0.000000,s19_p3
1779334099.0,6,1,0.060444,s6_p1
1779334099.0,6,4,0.000000,s6_p4
1779334099.0,6,2,0.118471,s6_p2
1779334099.0,6,3,0.000000,s6_p3
1779334099.0,14,4,0.000000,s14_p4
1779334099.0,14,1,0.000000,s14_p1
1779334099.0,14,2,0.000000,s14_p2
1779334099.0,14,3,0.000000,s14_p3
1779334099.0,1,4,0.033788,s1_p4
1779334099.0,1,1,0.026548,s1_p1
1779334099.0,1,2,0.000000,s1_p2
1779334099.0,1,3,0.000000,s1_p3
1779334099.0,7,1,0.000000,s7_p1
1779334099.0,7,4,0.000000,s7_p4
1779334099.0,7,2,0.055629,s7_p2
1779334099.0,7,3,0.137864,s7_p3
1779334099.0,10,4,0.168915,s10_p4
1779334099.0,10,1,0.026544,s10_p1
1779334099.0,10,2,0.000000,s10_p2
1779334099.0,10,3,0.000000,s10_p3
1779334099.0,8,4,0.000000,s8_p4
1779334099.0,8,1,0.072452,s8_p1
1779334099.0,8,2,0.000000,s8_p2
1779334099.0,8,3,0.031396,s8_p3
1779334099.0,3,4,0.000000,s3_p4
1779334099.0,3,1,0.000000,s3_p1
1779334099.0,3,2,0.033850,s3_p2
1779334099.0,3,3,0.072536,s3_p3
1779334099.0,15,4,0.000000,s15_p4
1779334099.0,15,1,0.000000,s15_p1
1779334099.0,15,2,0.070111,s15_p2
1779334099.0,15,3,0.846171,s15_p3
1779334099.0,13,1,0.021739,s13_p1
1779334099.0,13,4,0.000000,s13_p4
1779334099.0,13,2,0.178744,s13_p2
1779334099.0,13,3,0.362320,s13_p3
1779334099.0,18,4,0.000000,s18_p4
1779334099.0,18,1,0.000000,s18_p1
1779334099.0,18,2,0.000000,s18_p2
1779334099.0,18,3,0.000000,s18_p3
1779334099.0,12,4,0.409880,s12_p4
1779334099.0,12,1,0.033755,s12_p1
1779334099.0,12,2,0.000000,s12_p2
1779334099.0,12,3,0.000000,s12_p3
1779334099.0,4,1,0.000000,s4_p1
1779334099.0,4,4,0.082001,s4_p4
1779334099.0,4,2,0.000000,s4_p2
1779334099.0,4,3,0.000000,s4_p3
1779334099.0,20,1,0.132834,s20_p1
1779334099.0,20,4,0.277744,s20_p4
1779334099.0,20,2,0.169062,s20_p2
1779334099.0,20,3,0.000000,s20_p3
1779334099.0,9,1,0.000000,s9_p1
1779334099.0,9,4,0.000000,s9_p4
1779334099.0,9,2,0.000000,s9_p2
1779334099.0,9,3,0.000000,s9_p3
1779334099.0,16,1,0.055481,s16_p1
1779334099.0,16,4,0.000000,s16_p4
1779334099.0,16,2,0.000000,s16_p2
1779334099.0,16,3,0.000000,s16_p3
1779334099.0,17,4,0.362042,s17_p4
1779334099.0,17,1,0.000000,s17_p1
1779334099.0,17,2,0.000000,s17_p2
1779334099.0,17,3,0.989581,s17_p3
1779334099.0,2,1,0.000000,s2_p1
1779334099.0,2,4,0.000000,s2_p4
1779334099.0,2,2,0.168986,s2_p2
1779334099.0,2,3,0.000000,s2_p3
1779334099.0,11,4,0.000000,s11_p4
1779334099.0,11,1,0.000000,s11_p1
1779334099.0,11,2,0.000000,s11_p2
1779334099.0,11,3,0.361828,s11_p3
1779334099.0,5,4,0.000000,s5_p4
1779334099.0,5,1,0.000000,s5_p1
1779334099.0,5,2,0.021700,s5_p2
1779334099.0,5,3,0.072333,s5_p3
1779334100.0,19,1,0.000000,s19_p1
1779334100.0,19,4,0.000000,s19_p4
1779334100.0,19,2,0.000000,s19_p2
1779334100.0,19,3,0.000000,s19_p3
1779334100.0,6,1,0.065163,s6_p1
1779334100.0,6,4,0.000000,s6_p4
1779334100.0,6,2,0.115845,s6_p2
1779334100.0,6,3,0.000000,s6_p3
1779334100.0,10,4,0.181010,s10_p4
1779334100.0,10,1,0.026548,s10_p1
1779334100.0,10,2,0.000000,s10_p2
1779334100.0,10,3,0.000000,s10_p3
1779334100.0,14,4,0.000000,s14_p4
1779334100.0,14,1,0.000000,s14_p1
1779334100.0,14,2,0.000000,s14_p2
1779334100.0,14,3,0.000000,s14_p3
1779334100.0,1,4,0.036180,s1_p4
1779334100.0,1,1,0.026532,s1_p1
1779334100.0,1,2,0.000000,s1_p2
1779334100.0,1,3,0.000000,s1_p3
1779334100.0,15,4,0.000000,s15_p4
1779334100.0,15,1,0.000000,s15_p1
1779334100.0,15,2,0.069986,s15_p2
1779334100.0,15,3,0.820524,s15_p3
1779334100.0,3,4,0.000000,s3_p4
1779334100.0,3,1,0.000000,s3_p1
1779334100.0,3,2,0.036196,s3_p2
1779334100.0,3,3,0.072393,s3_p3
1779334100.0,8,4,0.000000,s8_p4
1779334100.0,8,1,0.069974,s8_p1
1779334100.0,8,2,0.000000,s8_p2
1779334100.0,8,3,0.028955,s8_p3
1779334100.0,13,1,0.019310,s13_p1
1779334100.0,13,4,0.000000,s13_p4
1779334100.0,13,2,0.181029,s13_p2
1779334100.0,13,3,0.349989,s13_p3
1779334100.0,5,4,0.000000,s5_p4
1779334100.0,5,1,0.000000,s5_p1
1779334100.0,5,2,0.019323,s5_p2
1779334100.0,5,3,0.070045,s5_p3
1779334100.0,12,4,0.410327,s12_p4
1779334100.0,12,1,0.036205,s12_p1
1779334100.0,12,2,0.000000,s12_p2
1779334100.0,12,3,0.000000,s12_p3
1779334100.0,7,1,0.000000,s7_p1
1779334100.0,7,4,0.000000,s7_p4
1779334100.0,7,2,0.055448,s7_p2
1779334100.0,7,3,0.135005,s7_p3
1779334100.0,18,4,0.000000,s18_p4
1779334100.0,18,1,0.000000,s18_p1
1779334100.0,18,2,0.000000,s18_p2
1779334100.0,18,3,0.000000,s18_p3
1779334100.0,4,1,0.000000,s4_p1
1779334100.0,4,4,0.082010,s4_p4
1779334100.0,4,2,0.000000,s4_p2
1779334100.0,4,3,0.000000,s4_p3
1779334100.0,20,1,0.132665,s20_p1
1779334100.0,20,4,0.277391,s20_p4
1779334100.0,20,2,0.180907,s20_p2
1779334100.0,20,3,0.000000,s20_p3
1779334100.0,2,1,0.000000,s2_p1
1779334100.0,2,4,0.000000,s2_p4
1779334100.0,2,2,0.168863,s2_p2
1779334100.0,2,3,0.000000,s2_p3
1779334100.0,17,4,0.349757,s17_p4
1779334100.0,17,1,0.000000,s17_p1
1779334100.0,17,2,0.000000,s17_p2
1779334100.0,17,3,1.000000,s17_p3
1779334100.0,11,4,0.000000,s11_p4
1779334100.0,11,1,0.000000,s11_p1
1779334100.0,11,2,0.000000,s11_p2
1779334100.0,11,3,0.361766,s11_p3
1779334100.0,16,1,0.055463,s16_p1
1779334100.0,16,4,0.000000,s16_p4
1779334100.0,16,2,0.000000,s16_p2
1779334100.0,16,3,0.000000,s16_p3
1779334100.0,9,1,0.000000,s9_p1
1779334100.0,9,4,0.000000,s9_p4
1779334100.0,9,2,0.000000,s9_p2
1779334100.0,9,3,0.000000,s9_p3
1779334100.0,19,1,0.000000,s19_p1
1779334100.0,19,4,0.000000,s19_p4
1779334100.0,19,2,0.000000,s19_p2
1779334100.0,19,3,0.000000,s19_p3
1779334100.0,14,4,0.000000,s14_p4
1779334100.0,14,1,0.000000,s14_p1
1779334100.0,14,2,0.000000,s14_p2
1779334100.0,14,3,0.000000,s14_p3
1779334100.0,6,1,0.050663,s6_p1
1779334100.0,6,4,0.000000,s6_p4
1779334100.0,6,2,0.125451,s6_p2
1779334100.0,6,3,0.000000,s6_p3
1779334100.0,3,4,0.000000,s3_p4
1779334100.0,3,1,0.000000,s3_p1
1779334100.0,3,2,0.033799,s3_p2
1779334100.0,3,3,0.072427,s3_p3
1779334100.0,1,4,0.033796,s1_p4
1779334100.0,1,1,0.026554,s1_p1
1779334100.0,1,2,0.000000,s1_p2
1779334100.0,1,3,0.000000,s1_p3
1779334100.0,7,1,0.000000,s7_p1
1779334100.0,7,4,0.000000,s7_p4
1779334100.0,7,2,0.055528,s7_p2
1779334100.0,7,3,0.137614,s7_p3
1779334100.0,8,4,0.000000,s8_p4
1779334100.0,8,1,0.072366,s8_p1
1779334100.0,8,2,0.000000,s8_p2
1779334100.0,8,3,0.031358,s8_p3
1779334100.0,13,1,0.024135,s13_p1
1779334100.0,13,4,0.000000,s13_p4
1779334100.0,13,2,0.176184,s13_p2
1779334100.0,13,3,0.362023,s13_p3
1779334100.0,10,4,0.168795,s10_p4
1779334100.0,10,1,0.026525,s10_p1
1779334100.0,10,2,0.000000,s10_p2
1779334100.0,10,3,0.000000,s10_p3
1779334100.0,20,1,0.132846,s20_p1
1779334100.0,20,4,0.277769,s20_p4
1779334100.0,20,2,0.169077,s20_p2
1779334100.0,20,3,0.000000,s20_p3
1779334100.0,4,1,0.000000,s4_p1
1779334100.0,4,4,0.082117,s4_p4
1779334100.0,4,2,0.000000,s4_p2
1779334100.0,4,3,0.000000,s4_p3
1779334100.0,15,4,0.000000,s15_p4
1779334100.0,15,1,0.000000,s15_p1
1779334100.0,15,2,0.072343,s15_p2
1779334100.0,15,3,0.844004,s15_p3
1779334100.0,5,4,0.000000,s5_p4
1779334100.0,5,1,0.000000,s5_p1
1779334100.0,5,2,0.024119,s5_p2
1779334100.0,5,3,0.072356,s5_p3
1779334100.0,2,1,0.000000,s2_p1
1779334100.0,2,4,0.000000,s2_p4
1779334100.0,2,2,0.169023,s2_p2
1779334100.0,2,3,0.000000,s2_p3
1779334100.0,17,4,0.362204,s17_p4
1779334100.0,17,1,0.000000,s17_p1
1779334100.0,17,2,0.000000,s17_p2
1779334100.0,17,3,1.000000,s17_p3
1779334100.0,12,4,0.409977,s12_p4
1779334100.0,12,1,0.033763,s12_p1
1779334100.0,12,2,0.000000,s12_p2
1779334100.0,12,3,0.000000,s12_p3
1779334100.0,18,4,0.000000,s18_p4
1779334100.0,18,1,0.000000,s18_p1
1779334100.0,18,2,0.000000,s18_p2
1779334100.0,18,3,0.000000,s18_p3
1779334100.0,16,1,0.055534,s16_p1
1779334100.0,16,4,0.000000,s16_p4
1779334100.0,16,2,0.000000,s16_p2
1779334100.0,16,3,0.000000,s16_p3
1779334100.0,9,1,0.000000,s9_p1
1779334100.0,9,4,0.000000,s9_p4
1779334100.0,9,2,0.000000,s9_p2
1779334100.0,9,3,0.000000,s9_p3
1779334100.0,11,4,0.000000,s11_p4
1779334100.0,11,1,0.000000,s11_p1
1779334100.0,11,2,0.000000,s11_p2
1779334100.0,11,3,0.362121,s11_p3
1779334101.0,19,1,0.000000,s19_p1
1779334101.0,19,4,0.000000,s19_p4
1779334101.0,19,2,0.000000,s19_p2
1779334101.0,19,3,0.000000,s19_p3
1779334101.0,6,1,0.060304,s6_p1
1779334101.0,6,4,0.000000,s6_p4
1779334101.0,6,2,0.120607,s6_p2
1779334101.0,6,3,0.000000,s6_p3
1779334101.0,3,4,0.000000,s3_p4
1779334101.0,3,1,0.000000,s3_p1
1779334101.0,3,2,0.033756,s3_p2
1779334101.0,3,3,0.072334,s3_p3
1779334101.0,1,4,0.033754,s1_p4
1779334101.0,1,1,0.028932,s1_p1
1779334101.0,1,2,0.000000,s1_p2
1779334101.0,1,3,0.000000,s1_p3
1779334101.0,14,4,0.000000,s14_p4
1779334101.0,14,1,0.000000,s14_p1
1779334101.0,14,2,0.000000,s14_p2
1779334101.0,14,3,0.000000,s14_p3
1779334101.0,10,4,0.168837,s10_p4
1779334101.0,10,1,0.028944,s10_p1
1779334101.0,10,2,0.000000,s10_p2
1779334101.0,10,3,0.000000,s10_p3
1779334101.0,8,4,0.000000,s8_p4
1779334101.0,8,1,0.069935,s8_p1
1779334101.0,8,2,0.000000,s8_p2
1779334101.0,8,3,0.028939,s8_p3
1779334101.0,15,4,0.000000,s15_p4
1779334101.0,15,1,0.000000,s15_p1
1779334101.0,15,2,0.069949,s15_p2
1779334101.0,15,3,0.832154,s15_p3
1779334101.0,13,1,0.019288,s13_p1
1779334101.0,13,4,0.000000,s13_p4
1779334101.0,13,2,0.180820,s13_p2
1779334101.0,13,3,0.349586,s13_p3
1779334101.0,7,1,0.000000,s7_p1
1779334101.0,7,4,0.000000,s7_p4
1779334101.0,7,2,0.057851,s7_p2
1779334101.0,7,3,0.137396,s7_p3
1779334101.0,4,1,0.000000,s4_p1
1779334101.0,4,4,0.086784,s4_p4
1779334101.0,4,2,0.000000,s4_p2
1779334101.0,4,3,0.000000,s4_p3
1779334101.0,20,1,0.144611,s20_p1
1779334101.0,20,4,0.289222,s20_p4
1779334101.0,20,2,0.168713,s20_p2
1779334101.0,20,3,0.000000,s20_p3
1779334101.0,5,4,0.000000,s5_p4
1779334101.0,5,1,0.000000,s5_p1
1779334101.0,5,2,0.019292,s5_p2
1779334101.0,5,3,0.072343,s5_p3
1779334101.0,12,4,0.433945,s12_p4
1779334101.0,12,1,0.033751,s12_p1
1779334101.0,12,2,0.000000,s12_p2
1779334101.0,12,3,0.000000,s12_p3
1779334101.0,18,4,0.000000,s18_p4
1779334101.0,18,1,0.000000,s18_p1
1779334101.0,18,2,0.000000,s18_p2
1779334101.0,18,3,0.000000,s18_p3
1779334101.0,17,4,0.361577,s17_p4
1779334101.0,17,1,0.000000,s17_p1
1779334101.0,17,2,0.000000,s17_p2
1779334101.0,17,3,1.000000,s17_p3
1779334101.0,2,1,0.000000,s2_p1
1779334101.0,2,4,0.000000,s2_p4
1779334101.0,2,2,0.168675,s2_p2
1779334101.0,2,3,0.000000,s2_p3
1779334101.0,9,1,0.000000,s9_p1
1779334101.0,9,4,0.000000,s9_p4
1779334101.0,9,2,0.000000,s9_p2
1779334101.0,9,3,0.000000,s9_p3
1779334101.0,16,1,0.057847,s16_p1
1779334101.0,16,4,0.000000,s16_p4
1779334101.0,16,2,0.000000,s16_p2
1779334101.0,16,3,0.000000,s16_p3
1779334101.0,11,4,0.000000,s11_p4
1779334101.0,11,1,0.000000,s11_p1
1779334101.0,11,2,0.000000,s11_p2
1779334101.0,11,3,0.361567,s11_p3
1779334101.0,19,1,0.000000,s19_p1
1779334101.0,19,4,0.000000,s19_p4
1779334101.0,19,2,0.000000,s19_p2
1779334101.0,19,3,0.000000,s19_p3
1779334101.0,6,1,0.062849,s6_p1
1779334101.0,6,4,0.000000,s6_p4
1779334101.0,6,2,0.120863,s6_p2
1779334101.0,6,3,0.000000,s6_p3
1779334101.0,7,1,0.000000,s7_p1
1779334101.0,7,4,0.000000,s7_p4
1779334101.0,7,2,0.055604,s7_p2
1779334101.0,7,3,0.137801,s7_p3
1779334101.0,14,4,0.000000,s14_p4
1779334101.0,14,1,0.000000,s14_p1
1779334101.0,14,2,0.000000,s14_p2
1779334101.0,14,3,0.000000,s14_p3
1779334101.0,15,4,0.000000,s15_p4
1779334101.0,15,1,0.000000,s15_p1
1779334101.0,15,2,0.072492,s15_p2
1779334101.0,15,3,0.845735,s15_p3
1779334101.0,3,4,0.000000,s3_p4
1779334101.0,3,1,0.000000,s3_p1
1779334101.0,3,2,0.036218,s3_p2
1779334101.0,3,3,0.072436,s3_p3
1779334101.0,8,4,0.000000,s8_p4
1779334101.0,8,1,0.072485,s8_p1
1779334101.0,8,2,0.000000,s8_p2
1779334101.0,8,3,0.031410,s8_p3
1779334101.0,10,4,0.181188,s10_p4
1779334101.0,10,1,0.026574,s10_p1
1779334101.0,10,2,0.000000,s10_p2
1779334101.0,10,3,0.000000,s10_p3
1779334101.0,13,1,0.016917,s13_p1
1779334101.0,13,4,0.000000,s13_p4
1779334101.0,13,2,0.183671,s13_p2
1779334101.0,13,3,0.362509,s13_p3
1779334101.0,1,4,0.036217,s1_p4
1779334101.0,1,1,0.026559,s1_p1
1779334101.0,1,2,0.000000,s1_p2
1779334101.0,1,3,0.000000,s1_p3
1779334101.0,4,1,0.000000,s4_p1
1779334101.0,4,4,0.082115,s4_p4
1779334101.0,4,2,0.000000,s4_p2
1779334101.0,4,3,0.000000,s4_p3
1779334101.0,2,1,0.000000,s2_p1
1779334101.0,2,4,0.000000,s2_p4
1779334101.0,2,2,0.169238,s2_p2
1779334101.0,2,3,0.000000,s2_p3
1779334101.0,16,1,0.055610,s16_p1
1779334101.0,16,4,0.000000,s16_p4
1779334101.0,16,2,0.000000,s16_p2
1779334101.0,16,3,0.000000,s16_p3
1779334101.0,11,4,0.000000,s11_p4
1779334101.0,11,1,0.000000,s11_p1
1779334101.0,11,2,0.000000,s11_p2
1779334101.0,11,3,0.362670,s11_p3
1779334101.0,12,4,0.410796,s12_p4
1779334101.0,12,1,0.036247,s12_p1
1779334101.0,12,2,0.000000,s12_p2
1779334101.0,12,3,0.000000,s12_p3
1779334101.0,17,4,0.350407,s17_p4
1779334101.0,17,1,0.000000,s17_p1
1779334101.0,17,2,0.000000,s17_p2
1779334101.0,17,3,1.000000,s17_p3
1779334101.0,18,4,0.000000,s18_p4
1779334101.0,18,1,0.000000,s18_p1
1779334101.0,18,2,0.000000,s18_p2
1779334101.0,18,3,0.000000,s18_p3
1779334101.0,5,4,0.000000,s5_p4
1779334101.0,5,1,0.000000,s5_p1
1779334101.0,5,2,0.016907,s5_p2
1779334101.0,5,3,0.070044,s5_p3
1779334101.0,20,1,0.132817,s20_p1
1779334101.0,20,4,0.277708,s20_p4
1779334101.0,20,2,0.181114,s20_p2
1779334101.0,20,3,0.000000,s20_p3
1779334101.0,9,1,0.000000,s9_p1
1779334101.0,9,4,0.000000,s9_p4
1779334101.0,9,2,0.000000,s9_p2
1779334101.0,9,3,0.000000,s9_p3
1779334102.0,19,1,0.000000,s19_p1
1779334102.0,19,4,0.000000,s19_p4
1779334102.0,19,2,0.000000,s19_p2
1779334102.0,19,3,0.000000,s19_p3
1779334102.0,6,1,0.055635,s6_p1
1779334102.0,6,4,0.000000,s6_p4
1779334102.0,6,2,0.118526,s6_p2
1779334102.0,6,3,0.000000,s6_p3
1779334102.0,3,4,0.000000,s3_p4
1779334102.0,3,1,0.000000,s3_p1
1779334102.0,3,2,0.033905,s3_p2
1779334102.0,3,3,0.072654,s3_p3
1779334102.0,15,4,0.000000,s15_p4
1779334102.0,15,1,0.000000,s15_p1
1779334102.0,15,2,0.070227,s15_p2
1779334102.0,15,3,0.823345,s15_p3
1779334102.0,1,4,0.033906,s1_p4
1779334102.0,1,1,0.026641,s1_p1
1779334102.0,1,2,0.000000,s1_p2
1779334102.0,1,3,0.000000,s1_p3
1779334102.0,10,4,0.169519,s10_p4
1779334102.0,10,1,0.026639,s10_p1
1779334102.0,10,2,0.000000,s10_p2
1779334102.0,10,3,0.000000,s10_p3
1779334102.0,14,4,0.000000,s14_p4
1779334102.0,14,1,0.000000,s14_p1
1779334102.0,14,2,0.000000,s14_p2
1779334102.0,14,3,0.000000,s14_p3
1779334102.0,13,1,0.024209,s13_p1
1779334102.0,13,4,0.000000,s13_p4
1779334102.0,13,2,0.174303,s13_p2
1779334102.0,13,3,0.351027,s13_p3
1779334102.0,8,4,0.000000,s8_p4
1779334102.0,8,1,0.070189,s8_p1
1779334102.0,8,2,0.000000,s8_p2
1779334102.0,8,3,0.029044,s8_p3
1779334102.0,20,1,0.133275,s20_p1
1779334102.0,20,4,0.278666,s20_p4
1779334102.0,20,2,0.169623,s20_p2
1779334102.0,20,3,0.000000,s20_p3
1779334102.0,7,1,0.000000,s7_p1
1779334102.0,7,4,0.000000,s7_p4
1779334102.0,7,2,0.055650,s7_p2
1779334102.0,7,3,0.135496,s7_p3
1779334102.0,12,4,0.411612,s12_p4
1779334102.0,12,1,0.033897,s12_p1
1779334102.0,12,2,0.000000,s12_p2
1779334102.0,12,3,0.000000,s12_p3
1779334102.0,18,4,0.000000,s18_p4
1779334102.0,18,1,0.000000,s18_p1
1779334102.0,18,2,0.000000,s18_p2
1779334102.0,18,3,0.000000,s18_p3
1779334102.0,4,1,0.000000,s4_p1
1779334102.0,4,4,0.082298,s4_p4
1779334102.0,4,2,0.000000,s4_p2
1779334102.0,4,3,0.000000,s4_p3
1779334102.0,2,1,0.000000,s2_p1
1779334102.0,2,4,0.000000,s2_p4
1779334102.0,2,2,0.169451,s2_p2
1779334102.0,2,3,0.000000,s2_p3
1779334102.0,5,4,0.000000,s5_p4
1779334102.0,5,1,0.000000,s5_p1
1779334102.0,5,2,0.024211,s5_p2
1779334102.0,5,3,0.070212,s5_p3
1779334102.0,16,1,0.055677,s16_p1
1779334102.0,16,4,0.000000,s16_p4
1779334102.0,16,2,0.000000,s16_p2
1779334102.0,16,3,0.000000,s16_p3
1779334102.0,17,4,0.351022,s17_p4
1779334102.0,17,1,0.000000,s17_p1
1779334102.0,17,2,0.000000,s17_p2
1779334102.0,17,3,1.000000,s17_p3
1779334102.0,11,4,0.000000,s11_p4
1779334102.0,11,1,0.000000,s11_p1
1779334102.0,11,2,0.000000,s11_p2
1779334102.0,11,3,0.363028,s11_p3
1779334102.0,9,1,0.000000,s9_p1
1779334102.0,9,4,0.000000,s9_p4
1779334102.0,9,2,0.000000,s9_p2
1779334102.0,9,3,0.000000,s9_p3
1779334102.0,19,1,0.000000,s19_p1
1779334102.0,19,4,0.000000,s19_p4
1779334102.0,19,2,0.000000,s19_p2
1779334102.0,19,3,0.000000,s19_p3
1779334102.0,6,1,0.060370,s6_p1
1779334102.0,6,4,0.000000,s6_p4
1779334102.0,6,2,0.118325,s6_p2
1779334102.0,6,3,0.000000,s6_p3
1779334102.0,1,4,0.033820,s1_p4
1779334102.0,1,1,0.026573,s1_p1
1779334102.0,1,2,0.000000,s1_p2
1779334102.0,1,3,0.000000,s1_p3
1779334102.0,14,4,0.000000,s14_p4
1779334102.0,14,1,0.000000,s14_p1
1779334102.0,14,2,0.000000,s14_p2
1779334102.0,14,3,0.000000,s14_p3
1779334102.0,3,4,0.000000,s3_p4
1779334102.0,3,1,0.000000,s3_p1
1779334102.0,3,2,0.033786,s3_p2
1779334102.0,3,3,0.072399,s3_p3
1779334102.0,10,4,0.168934,s10_p4
1779334102.0,10,1,0.026547,s10_p1
1779334102.0,10,2,0.000000,s10_p2
1779334102.0,10,3,0.000000,s10_p3
1779334102.0,4,1,0.000000,s4_p1
1779334102.0,4,4,0.082097,s4_p4
1779334102.0,4,2,0.000000,s4_p2
1779334102.0,4,3,0.000000,s4_p3
1779334102.0,15,4,0.000000,s15_p4
1779334102.0,15,1,0.000000,s15_p1
1779334102.0,15,2,0.072327,s15_p2
1779334102.0,15,3,0.843811,s15_p3
1779334102.0,12,4,0.410377,s12_p4
1779334102.0,12,1,0.033796,s12_p1
1779334102.0,12,2,0.000000,s12_p2
1779334102.0,12,3,0.000000,s12_p3
1779334102.0,20,1,0.132672,s20_p1
1779334102.0,20,4,0.277405,s20_p4
1779334102.0,20,2,0.168855,s20_p2
1779334102.0,20,3,0.000000,s20_p3
1779334102.0,8,4,0.000000,s8_p4
1779334102.0,8,1,0.072362,s8_p1
1779334102.0,8,2,0.000000,s8_p2
1779334102.0,8,3,0.031357,s8_p3
1779334102.0,13,1,0.021704,s13_p1
1779334102.0,13,4,0.000000,s13_p4
1779334102.0,13,2,0.178456,s13_p2
1779334102.0,13,3,0.361735,s13_p3
1779334102.0,5,4,0.000000,s5_p4
1779334102.0,5,1,0.000000,s5_p1
1779334102.0,5,2,0.021726,s5_p2
1779334102.0,5,3,0.072420,s5_p3
1779334102.0,7,1,0.000000,s7_p1
1779334102.0,7,4,0.000000,s7_p4
1779334102.0,7,2,0.055476,s7_p2
1779334102.0,7,3,0.137484,s7_p3
1779334102.0,18,4,0.000000,s18_p4
1779334102.0,18,1,0.000000,s18_p1
1779334102.0,18,2,0.000000,s18_p2
1779334102.0,18,3,0.000000,s18_p3
1779334102.0,16,1,0.055489,s16_p1
1779334102.0,16,4,0.000000,s16_p4
1779334102.0,16,2,0.000000,s16_p2
1779334102.0,16,3,0.000000,s16_p3
1779334102.0,2,1,0.000000,s2_p1
1779334102.0,2,4,0.000000,s2_p4
1779334102.0,2,2,0.171280,s2_p2
1779334102.0,2,3,0.000000,s2_p3
1779334102.0,11,4,0.000000,s11_p4
1779334102.0,11,1,0.000000,s11_p1
1779334102.0,11,2,0.000000,s11_p2
1779334102.0,11,3,0.361954,s11_p3
1779334102.0,9,1,0.000000,s9_p1
1779334102.0,9,4,0.000000,s9_p4
1779334102.0,9,2,0.000000,s9_p2
1779334102.0,9,3,0.000000,s9_p3
1779334102.0,17,4,0.361845,s17_p4
1779334102.0,17,1,0.000000,s17_p1
1779334102.0,17,2,0.000000,s17_p2
1779334102.0,17,3,0.989042,s17_p3
1779334103.0,14,4,0.000000,s14_p4
1779334103.0,14,1,0.000000,s14_p1
1779334103.0,14,2,0.000000,s14_p2
1779334103.0,14,3,0.000000,s14_p3
1779334103.0,3,4,0.000000,s3_p4
1779334103.0,3,1,0.000000,s3_p1
1779334103.0,3,2,0.033886,s3_p2
1779334103.0,3,3,0.072613,s3_p3
1779334103.0,10,4,0.169437,s10_p4
1779334103.0,10,1,0.026626,s10_p1
1779334103.0,10,2,0.000000,s10_p2
1779334103.0,10,3,0.000000,s10_p3
1779334103.0,8,4,0.000000,s8_p4
1779334103.0,8,1,0.070265,s8_p1
1779334103.0,8,2,0.000000,s8_p2
1779334103.0,8,3,0.029075,s8_p3
1779334103.0,15,4,0.000000,s15_p4
1779334103.0,15,1,0.000000,s15_p1
1779334103.0,15,2,0.070255,s15_p2
1779334103.0,15,3,0.835796,s15_p3
1779334103.0,13,1,0.024212,s13_p1
1779334103.0,13,4,0.000000,s13_p4
1779334103.0,13,2,0.176751,s13_p2
1779334103.0,13,3,0.351080,s13_p3
1779334103.0,20,1,0.133148,s20_p1
1779334103.0,20,4,0.278400,s20_p4
1779334103.0,20,2,0.169461,s20_p2
1779334103.0,20,3,0.000000,s20_p3
1779334103.0,12,4,0.411523,s12_p4
1779334103.0,12,1,0.033890,s12_p1
1779334103.0,12,2,0.000000,s12_p2
1779334103.0,12,3,0.000000,s12_p3
1779334103.0,7,1,0.000000,s7_p1
1779334103.0,7,4,0.000000,s7_p4
1779334103.0,7,2,0.055684,s7_p2
1779334103.0,7,3,0.138001,s7_p3
1779334103.0,4,1,0.000000,s4_p1
1779334103.0,4,4,0.082287,s4_p4
1779334103.0,4,2,0.000000,s4_p2
1779334103.0,4,3,0.000000,s4_p3
1779334103.0,18,4,0.000000,s18_p4
1779334103.0,18,1,0.000000,s18_p1
1779334103.0,18,2,0.000000,s18_p2
1779334103.0,18,3,0.000000,s18_p3
1779334103.0,17,4,0.351091,s17_p4
1779334103.0,17,1,0.000000,s17_p1
1779334103.0,17,2,0.000000,s17_p2
1779334103.0,17,3,1.000000,s17_p3
1779334103.0,16,1,0.055680,s16_p1
1779334103.0,16,4,0.000000,s16_p4
1779334103.0,16,2,0.000000,s16_p2
1779334103.0,16,3,0.000000,s16_p3
1779334103.0,11,4,0.000000,s11_p4
1779334103.0,11,1,0.000000,s11_p1
1779334103.0,11,2,0.000000,s11_p2
1779334103.0,11,3,0.363137,s11_p3
1779334103.0,9,1,0.000000,s9_p1
1779334103.0,9,4,0.000000,s9_p4
1779334103.0,9,2,0.000000,s9_p2
1779334103.0,9,3,0.000000,s9_p3
1779334103.0,2,1,0.000000,s2_p1
1779334103.0,2,4,0.000000,s2_p4
1779334103.0,2,2,0.169448,s2_p2
1779334103.0,2,3,0.000000,s2_p3
1779334103.0,5,4,0.000000,s5_p4
1779334103.0,5,1,0.000000,s5_p1
1779334103.0,5,2,0.024191,s5_p2
1779334103.0,5,3,0.070153,s5_p3
1779334103.0,1,4,0.033777,s1_p4
1779334103.0,1,1,0.026539,s1_p1
1779334103.0,1,2,0.000000,s1_p2
1779334103.0,1,3,0.000000,s1_p3
1779334103.0,19,1,0.000000,s19_p1
1779334103.0,19,4,0.000000,s19_p4
1779334103.0,19,2,0.000000,s19_p2
1779334103.0,19,3,0.000000,s19_p3
1779334103.0,6,1,0.057890,s6_p1
1779334103.0,6,4,0.000000,s6_p4
1779334103.0,6,2,0.118191,s6_p2
1779334103.0,6,3,0.000000,s6_p3
1779334103.0,6,1,0.063033,s6_p1
1779334103.0,6,4,0.000000,s6_p4
1779334103.0,6,2,0.118793,s6_p2
1779334103.0,6,3,0.000000,s6_p3
1779334103.0,1,4,0.036349,s1_p4
1779334103.0,1,1,0.026656,s1_p1
1779334103.0,1,2,0.000000,s1_p2
1779334103.0,1,3,0.000000,s1_p3
1779334103.0,8,4,0.000000,s8_p4
1779334103.0,8,1,0.072513,s8_p1
1779334103.0,8,2,0.000000,s8_p2
1779334103.0,8,3,0.031422,s8_p3
1779334103.0,14,4,0.000000,s14_p4
1779334103.0,14,1,0.000000,s14_p1
1779334103.0,14,2,0.000000,s14_p2
1779334103.0,14,3,0.000000,s14_p3
1779334103.0,20,1,0.132967,s20_p1
1779334103.0,20,4,0.290111,s20_p4
1779334103.0,20,2,0.181319,s20_p2
1779334103.0,20,3,0.000000,s20_p3
1779334103.0,3,4,0.000000,s3_p4
1779334103.0,3,1,0.000000,s3_p1
1779334103.0,3,2,0.036227,s3_p2
1779334103.0,3,3,0.070038,s3_p3
1779334103.0,7,1,0.000000,s7_p1
1779334103.0,7,4,0.000000,s7_p4
1779334103.0,7,2,0.058020,s7_p2
1779334103.0,7,3,0.135380,s7_p3
1779334103.0,13,1,0.019337,s13_p1
1779334103.0,13,4,0.000000,s13_p4
1779334103.0,13,2,0.181282,s13_p2
1779334103.0,13,3,0.362564,s13_p3
1779334103.0,10,4,0.181132,s10_p4
1779334103.0,10,1,0.026566,s10_p1
1779334103.0,10,2,0.000000,s10_p2
1779334103.0,10,3,0.000000,s10_p3
1779334103.0,15,4,0.000000,s15_p4
1779334103.0,15,1,0.000000,s15_p1
1779334103.0,15,2,0.072458,s15_p2
1779334103.0,15,3,0.833264,s15_p3
1779334103.0,4,1,0.000000,s4_p1
1779334103.0,4,4,0.084604,s4_p4
1779334103.0,4,2,0.000000,s4_p2
1779334103.0,4,3,0.000000,s4_p3
1779334103.0,16,1,0.058020,s16_p1
1779334103.0,16,4,0.000000,s16_p4
1779334103.0,16,2,0.000000,s16_p2
1779334103.0,16,3,0.000000,s16_p3
1779334103.0,17,4,0.362584,s17_p4
1779334103.0,17,1,0.000000,s17_p1
1779334103.0,17,2,0.000000,s17_p2
1779334103.0,17,3,1.000000,s17_p3
1779334103.0,18,4,0.000000,s18_p4
1779334103.0,18,1,0.000000,s18_p1
1779334103.0,18,2,0.000000,s18_p2
1779334103.0,18,3,0.000000,s18_p3
1779334103.0,5,4,0.000000,s5_p4
1779334103.0,5,1,0.000000,s5_p1
1779334103.0,5,2,0.019340,s5_p2
1779334103.0,5,3,0.072524,s5_p3
1779334103.0,12,4,0.422704,s12_p4
1779334103.0,12,1,0.036232,s12_p1
1779334103.0,12,2,0.000000,s12_p2
1779334103.0,12,3,0.000000,s12_p3
1779334103.0,2,1,0.000000,s2_p1
1779334103.0,2,4,0.000000,s2_p4
1779334103.0,2,2,0.169212,s2_p2
1779334103.0,2,3,0.000000,s2_p3
1779334103.0,19,1,0.000000,s19_p1
1779334103.0,19,4,0.000000,s19_p4
1779334103.0,19,2,0.000000,s19_p2
1779334103.0,19,3,0.000000,s19_p3
1779334103.0,9,1,0.000000,s9_p1
1779334103.0,9,4,0.000000,s9_p4
1779334103.0,9,2,0.000000,s9_p2
1779334103.0,9,3,0.000000,s9_p3
1779334103.0,11,4,0.000000,s11_p4
1779334103.0,11,1,0.000000,s11_p1
1779334103.0,11,2,0.000000,s11_p2
1779334103.0,11,3,0.362445,s11_p3
1779334104.0,14,4,0.000000,s14_p4
1779334104.0,14,1,0.000000,s14_p1
1779334104.0,14,2,0.000000,s14_p2
1779334104.0,14,3,0.000000,s14_p3
1779334104.0,10,4,0.168752,s10_p4
1779334104.0,10,1,0.026518,s10_p1
1779334104.0,10,2,0.000000,s10_p2
1779334104.0,10,3,0.000000,s10_p3
1779334104.0,8,4,0.000000,s8_p4
1779334104.0,8,1,0.069855,s8_p1
1779334104.0,8,2,0.000000,s8_p2
1779334104.0,8,3,0.028906,s8_p3
1779334104.0,3,4,0.000000,s3_p4
1779334104.0,3,1,0.000000,s3_p1
1779334104.0,3,2,0.033746,s3_p2
1779334104.0,3,3,0.072312,s3_p3
1779334104.0,19,1,0.000000,s19_p1
1779334104.0,19,4,0.000000,s19_p4
1779334104.0,19,2,0.000000,s19_p2
1779334104.0,19,3,0.000000,s19_p3
1779334104.0,1,4,0.033709,s1_p4
1779334104.0,1,1,0.026486,s1_p1
1779334104.0,1,2,0.000000,s1_p2
1779334104.0,1,3,0.000000,s1_p3
1779334104.0,6,1,0.057765,s6_p1
1779334104.0,6,4,0.000000,s6_p4
1779334104.0,6,2,0.122750,s6_p2
1779334104.0,6,3,0.000000,s6_p3
1779334104.0,13,1,0.019282,s13_p1
1779334104.0,13,4,0.000000,s13_p4
1779334104.0,13,2,0.180768,s13_p2
1779334104.0,13,3,0.349485,s13_p3
1779334104.0,15,4,0.000000,s15_p4
1779334104.0,15,1,0.000000,s15_p1
1779334104.0,15,2,0.069900,s15_p2
1779334104.0,15,3,0.831567,s15_p3
1779334104.0,12,4,0.409766,s12_p4
1779334104.0,12,1,0.033745,s12_p1
1779334104.0,12,2,0.000000,s12_p2
1779334104.0,12,3,0.000000,s12_p3
1779334104.0,2,1,0.000000,s2_p1
1779334104.0,2,4,0.000000,s2_p4
1779334104.0,2,2,0.168720,s2_p2
1779334104.0,2,3,0.000000,s2_p3
1779334104.0,18,4,0.000000,s18_p4
1779334104.0,18,1,0.000000,s18_p1
1779334104.0,18,2,0.000000,s18_p2
1779334104.0,18,3,0.000000,s18_p3
1779334104.0,7,1,0.000000,s7_p1
1779334104.0,7,4,0.000000,s7_p4
1779334104.0,7,2,0.055387,s7_p2
1779334104.0,7,3,0.137263,s7_p3
1779334104.0,9,1,0.000000,s9_p1
1779334104.0,9,4,0.000000,s9_p4
1779334104.0,9,2,0.000000,s9_p2
1779334104.0,9,3,0.000000,s9_p3
1779334104.0,11,4,0.000000,s11_p4
1779334104.0,11,1,0.000000,s11_p1
1779334104.0,11,2,0.000000,s11_p2
1779334104.0,11,3,0.349584,s11_p3
1779334104.0,5,4,0.000000,s5_p4
1779334104.0,5,1,0.000000,s5_p1
1779334104.0,5,2,0.019279,s5_p2
1779334104.0,5,3,0.069886,s5_p3
1779334104.0,17,4,0.349398,s17_p4
1779334104.0,17,1,0.000000,s17_p1
1779334104.0,17,2,0.000000,s17_p2
1779334104.0,17,3,1.000000,s17_p3
1779334104.0,20,1,0.132413,s20_p1
1779334104.0,20,4,0.276863,s20_p4
1779334104.0,20,2,0.168525,s20_p2
1779334104.0,20,3,0.000000,s20_p3
1779334104.0,4,1,0.000000,s4_p1
1779334104.0,4,4,0.081869,s4_p4
1779334104.0,4,2,0.000000,s4_p2
1779334104.0,4,3,0.000000,s4_p3
1779334104.0,16,1,0.055410,s16_p1
1779334104.0,16,4,0.000000,s16_p4
1779334104.0,16,2,0.000000,s16_p2
1779334104.0,16,3,0.000000,s16_p3
1779334104.0,6,1,0.062916,s6_p1
1779334104.0,6,4,0.000000,s6_p4
1779334104.0,6,2,0.116152,s6_p2
1779334104.0,6,3,0.000000,s6_p3
1779334104.0,14,4,0.000000,s14_p4
1779334104.0,14,1,0.000000,s14_p1
1779334104.0,14,2,0.000000,s14_p2
1779334104.0,14,3,0.000000,s14_p3
1779334104.0,15,4,0.000000,s15_p4
1779334104.0,15,1,0.000000,s15_p1
1779334104.0,15,2,0.072549,s15_p2
1779334104.0,15,3,0.846410,s15_p3
1779334104.0,3,4,0.000000,s3_p4
1779334104.0,3,1,0.000000,s3_p1
1779334104.0,3,2,0.033849,s3_p2
1779334104.0,3,3,0.072533,s3_p3
1779334104.0,7,1,0.000000,s7_p1
1779334104.0,7,4,0.000000,s7_p4
1779334104.0,7,2,0.055661,s7_p2
1779334104.0,7,3,0.137943,s7_p3
1779334104.0,8,4,0.000000,s8_p4
1779334104.0,8,1,0.072527,s8_p1
1779334104.0,8,2,0.000000,s8_p2
1779334104.0,8,3,0.031428,s8_p3
1779334104.0,1,4,0.033847,s1_p4
1779334104.0,1,1,0.029012,s1_p1
1779334104.0,1,2,0.000000,s1_p2
1779334104.0,1,3,0.000000,s1_p3
1779334104.0,10,4,0.169215,s10_p4
1779334104.0,10,1,0.029008,s10_p1
1779334104.0,10,2,0.000000,s10_p2
1779334104.0,10,3,0.000000,s10_p3
1779334104.0,13,1,0.019340,s13_p1
1779334104.0,13,4,0.000000,s13_p4
1779334104.0,13,2,0.178899,s13_p2
1779334104.0,13,3,0.362634,s13_p3
1779334104.0,2,1,0.000000,s2_p1
1779334104.0,2,4,0.000000,s2_p4
1779334104.0,2,2,0.169251,s2_p2
1779334104.0,2,3,0.000000,s2_p3
1779334104.0,17,4,0.362713,s17_p4
1779334104.0,17,1,0.000000,s17_p1
1779334104.0,17,2,0.000000,s17_p2
1779334104.0,17,3,1.000000,s17_p3
1779334104.0,20,1,0.145085,s20_p1
1779334104.0,20,4,0.278079,s20_p4
1779334104.0,20,2,0.169266,s20_p2
1779334104.0,20,3,0.000000,s20_p3
1779334104.0,4,1,0.000000,s4_p1
1779334104.0,4,4,0.084633,s4_p4
1779334104.0,4,2,0.000000,s4_p2
1779334104.0,4,3,0.000000,s4_p3
1779334104.0,12,4,0.423013,s12_p4
1779334104.0,12,1,0.033841,s12_p1
1779334104.0,12,2,0.000000,s12_p2
1779334104.0,12,3,0.000000,s12_p3
1779334104.0,5,4,0.000000,s5_p4
1779334104.0,5,1,0.000000,s5_p1
1779334104.0,5,2,0.019341,s5_p2
1779334104.0,5,3,0.072529,s5_p3
1779334104.0,18,4,0.000000,s18_p4
1779334104.0,18,1,0.000000,s18_p1
1779334104.0,18,2,0.000000,s18_p2
1779334104.0,18,3,0.000000,s18_p3
1779334104.0,16,1,0.055596,s16_p1
1779334104.0,16,4,0.000000,s16_p4
1779334104.0,16,2,0.000000,s16_p2
1779334104.0,16,3,0.000000,s16_p3
1779334104.0,11,4,0.000000,s11_p4
1779334104.0,11,1,0.000000,s11_p1
1779334104.0,11,2,0.000000,s11_p2
1779334104.0,11,3,0.362490,s11_p3
1779334104.0,19,1,0.000000,s19_p1
1779334104.0,19,4,0.000000,s19_p4
1779334104.0,19,2,0.000000,s19_p2
1779334104.0,19,3,0.000000,s19_p3
1779334104.0,9,1,0.000000,s9_p1
1779334104.0,9,4,0.000000,s9_p4
1779334104.0,9,2,0.000000,s9_p2
1779334104.0,9,3,0.000000,s9_p3
1779334105.0,3,4,0.000000,s3_p4
1779334105.0,3,1,0.000000,s3_p1
1779334105.0,3,2,0.036235,s3_p2
1779334105.0,3,3,0.072470,s3_p3
1779334105.0,14,4,0.000000,s14_p4
1779334105.0,14,1,0.000000,s14_p1
1779334105.0,14,2,0.000000,s14_p2
1779334105.0,14,3,0.000000,s14_p3
1779334105.0,6,1,0.060335,s6_p1
1779334105.0,6,4,0.000000,s6_p4
1779334105.0,6,2,0.113429,s6_p2
1779334105.0,6,3,0.000000,s6_p3
1779334105.0,19,1,0.000000,s19_p1
1779334105.0,19,4,0.000000,s19_p4
1779334105.0,19,2,0.000000,s19_p2
1779334105.0,19,3,0.000000,s19_p3
1779334105.0,1,4,0.036202,s1_p4
1779334105.0,1,1,0.026548,s1_p1
1779334105.0,1,2,0.000000,s1_p2
1779334105.0,1,3,0.000000,s1_p3
1779334105.0,8,4,0.000000,s8_p4
1779334105.0,8,1,0.069984,s8_p1
1779334105.0,8,2,0.000000,s8_p2
1779334105.0,8,3,0.028959,s8_p3
1779334105.0,15,4,0.000000,s15_p4
1779334105.0,15,1,0.000000,s15_p1
1779334105.0,15,2,0.069972,s15_p2
1779334105.0,15,3,0.820367,s15_p3
1779334105.0,18,4,0.000000,s18_p4
1779334105.0,18,1,0.000000,s18_p1
1779334105.0,18,2,0.000000,s18_p2
1779334105.0,18,3,0.000000,s18_p3
1779334105.0,10,4,0.180989,s10_p4
1779334105.0,10,1,0.026545,s10_p1
1779334105.0,10,2,0.000000,s10_p2
1779334105.0,10,3,0.000000,s10_p3
1779334105.0,20,1,0.132843,s20_p1
1779334105.0,20,4,0.277762,s20_p4
1779334105.0,20,2,0.181149,s20_p2
1779334105.0,20,3,0.000000,s20_p3
1779334105.0,12,4,0.410618,s12_p4
1779334105.0,12,1,0.036231,s12_p1
1779334105.0,12,2,0.000000,s12_p2
1779334105.0,12,3,0.000000,s12_p3
1779334105.0,13,1,0.026545,s13_p1
1779334105.0,13,4,0.000000,s13_p4
1779334105.0,13,2,0.173750,s13_p2
1779334105.0,13,3,0.349913,s13_p3
1779334105.0,7,1,0.000000,s7_p1
1779334105.0,7,4,0.000000,s7_p4
1779334105.0,7,2,0.055491,s7_p2
1779334105.0,7,3,0.135109,s7_p3
1779334105.0,4,1,0.000000,s4_p1
1779334105.0,4,4,0.082068,s4_p4
1779334105.0,4,2,0.000000,s4_p2
1779334105.0,4,3,0.000000,s4_p3
1779334105.0,11,4,0.000000,s11_p4
1779334105.0,11,1,0.000000,s11_p1
1779334105.0,11,2,0.000000,s11_p2
1779334105.0,11,3,0.362201,s11_p3
1779334105.0,2,1,0.000000,s2_p1
1779334105.0,2,4,0.000000,s2_p4
1779334105.0,2,2,0.168917,s2_p2
1779334105.0,2,3,0.000000,s2_p3
1779334105.0,9,1,0.000000,s9_p1
1779334105.0,9,4,0.000000,s9_p4
1779334105.0,9,2,0.000000,s9_p2
1779334105.0,9,3,0.000000,s9_p3
1779334105.0,5,4,0.000000,s5_p4
1779334105.0,5,1,0.000000,s5_p1
1779334105.0,5,2,0.026548,s5_p2
1779334105.0,5,3,0.069991,s5_p3
1779334105.0,17,4,0.349892,s17_p4
1779334105.0,17,1,0.000000,s17_p1
1779334105.0,17,2,0.000000,s17_p2
1779334105.0,17,3,0.989350,s17_p3
1779334105.0,16,1,0.055526,s16_p1
1779334105.0,16,4,0.000000,s16_p4
1779334105.0,16,2,0.000000,s16_p2
1779334105.0,16,3,0.000000,s16_p3
1779334105.0,6,1,0.058008,s6_p1
1779334105.0,6,4,0.000000,s6_p4
1779334105.0,6,2,0.123266,s6_p2
1779334105.0,6,3,0.000000,s6_p3
1779334105.0,19,1,0.000000,s19_p1
1779334105.0,19,4,0.000000,s19_p4
1779334105.0,19,2,0.000000,s19_p2
1779334105.0,19,3,0.000000,s19_p3
1779334105.0,1,4,0.033859,s1_p4
1779334105.0,1,1,0.026604,s1_p1
1779334105.0,1,2,0.000000,s1_p2
1779334105.0,1,3,0.000000,s1_p3
1779334105.0,10,4,0.169235,s10_p4
1779334105.0,10,1,0.026594,s10_p1
1779334105.0,10,2,0.000000,s10_p2
1779334105.0,10,3,0.000000,s10_p3
1779334105.0,15,4,0.000000,s15_p4
1779334105.0,15,1,0.000000,s15_p1
1779334105.0,15,2,0.072520,s15_p2
1779334105.0,15,3,0.846062,s15_p3
1779334105.0,3,4,0.000000,s3_p4
1779334105.0,3,1,0.000000,s3_p1
1779334105.0,3,2,0.033804,s3_p2
1779334105.0,3,3,0.072437,s3_p3
1779334105.0,7,1,0.000000,s7_p1
1779334105.0,7,4,0.000000,s7_p4
1779334105.0,7,2,0.055604,s7_p2
1779334105.0,7,3,0.137802,s7_p3
1779334105.0,8,4,0.000000,s8_p4
1779334105.0,8,1,0.072510,s8_p1
1779334105.0,8,2,0.000000,s8_p2
1779334105.0,8,3,0.031421,s8_p3
1779334105.0,14,4,0.000000,s14_p4
1779334105.0,14,1,0.000000,s14_p1
1779334105.0,14,2,0.000000,s14_p2
1779334105.0,14,3,0.000000,s14_p3
1779334105.0,17,4,0.362705,s17_p4
1779334105.0,17,1,0.000000,s17_p1
1779334105.0,17,2,0.000000,s17_p2
1779334105.0,17,3,1.000000,s17_p3
1779334105.0,12,4,0.422772,s12_p4
1779334105.0,12,1,0.033822,s12_p1
1779334105.0,12,2,0.000000,s12_p2
1779334105.0,12,3,0.000000,s12_p3
1779334105.0,2,1,0.000000,s2_p1
1779334105.0,2,4,0.000000,s2_p4
1779334105.0,2,2,0.169229,s2_p2
1779334105.0,2,3,0.000000,s2_p3
1779334105.0,13,1,0.019326,s13_p1
1779334105.0,13,4,0.000000,s13_p4
1779334105.0,13,2,0.181184,s13_p2
1779334105.0,13,3,0.362368,s13_p3
1779334105.0,4,1,0.000000,s4_p1
1779334105.0,4,4,0.084603,s4_p4
1779334105.0,4,2,0.000000,s4_p2
1779334105.0,4,3,0.000000,s4_p3
1779334105.0,18,4,0.000000,s18_p4
1779334105.0,18,1,0.000000,s18_p1
1779334105.0,18,2,0.000000,s18_p2
1779334105.0,18,3,0.000000,s18_p3
1779334105.0,20,1,0.132850,s20_p1
1779334105.0,20,4,0.289855,s20_p4
1779334105.0,20,2,0.169082,s20_p2
1779334105.0,20,3,0.000000,s20_p3
1779334105.0,5,4,0.000000,s5_p4
1779334105.0,5,1,0.000000,s5_p1
1779334105.0,5,2,0.019340,s5_p2
1779334105.0,5,3,0.072523,s5_p3
1779334105.0,16,1,0.058007,s16_p1
1779334105.0,16,4,0.000000,s16_p4
1779334105.0,16,2,0.000000,s16_p2
1779334105.0,16,3,0.000000,s16_p3
1779334105.0,11,4,0.000000,s11_p4
1779334105.0,11,1,0.000000,s11_p1
1779334105.0,11,2,0.000000,s11_p2
1779334105.0,11,3,0.362466,s11_p3
1779334105.0,9,1,0.000000,s9_p1
1779334105.0,9,4,0.000000,s9_p4
1779334105.0,9,2,0.000000,s9_p2
1779334105.0,9,3,0.000000,s9_p3
1779334106.0,7,1,0.000000,s7_p1
1779334106.0,7,4,0.000000,s7_p4
1779334106.0,7,2,0.057965,s7_p2
1779334106.0,7,3,0.137667,s7_p3
1779334106.0,14,4,0.000000,s14_p4
1779334106.0,14,1,0.000000,s14_p1
1779334106.0,14,2,0.000000,s14_p2
1779334106.0,14,3,0.000000,s14_p3
1779334106.0,5,4,0.000000,s5_p4
1779334106.0,5,1,0.000000,s5_p1
1779334106.0,5,2,0.021714,s5_p2
1779334106.0,5,3,0.069967,s5_p3
1779334106.0,2,1,0.000000,s2_p1
1779334106.0,2,4,0.000000,s2_p4
1779334106.0,2,2,0.168849,s2_p2
1779334106.0,2,3,0.000000,s2_p3
1779334106.0,15,4,0.000000,s15_p4
1779334106.0,15,1,0.000000,s15_p1
1779334106.0,15,2,0.069882,s15_p2
1779334106.0,15,3,0.831350,s15_p3
1779334106.0,12,4,0.409930,s12_p4
1779334106.0,12,1,0.033759,s12_p1
1779334106.0,12,2,0.000000,s12_p2
1779334106.0,12,3,0.000000,s12_p3
1779334106.0,9,1,0.000000,s9_p1
1779334106.0,9,4,0.000000,s9_p4
1779334106.0,9,2,0.000000,s9_p2
1779334106.0,9,3,0.000000,s9_p3
1779334106.0,18,4,0.000000,s18_p4
1779334106.0,18,1,0.000000,s18_p1
1779334106.0,18,2,0.000000,s18_p2
1779334106.0,18,3,0.000000,s18_p3
1779334106.0,1,4,0.033711,s1_p4
1779334106.0,1,1,0.026487,s1_p1
1779334106.0,1,2,0.000000,s1_p2
1779334106.0,1,3,0.000000,s1_p3
1779334106.0,8,4,0.000000,s8_p4
1779334106.0,8,1,0.069875,s8_p1
1779334106.0,8,2,0.000000,s8_p2
1779334106.0,8,3,0.028914,s8_p3
1779334106.0,19,1,0.000000,s19_p1
1779334106.0,19,4,0.000000,s19_p4
1779334106.0,19,2,0.000000,s19_p2
1779334106.0,19,3,0.000000,s19_p3
1779334106.0,20,1,0.132607,s20_p1
1779334106.0,20,4,0.277269,s20_p4
1779334106.0,20,2,0.168772,s20_p2
1779334106.0,20,3,0.000000,s20_p3
1779334106.0,13,1,0.021697,s13_p1
1779334106.0,13,4,0.000000,s13_p4
1779334106.0,13,2,0.178401,s13_p2
1779334106.0,13,3,0.349570,s13_p3
1779334106.0,3,4,0.000000,s3_p4
1779334106.0,3,1,0.000000,s3_p1
1779334106.0,3,2,0.033726,s3_p2
1779334106.0,3,3,0.072269,s3_p3
1779334106.0,17,4,0.349501,s17_p4
1779334106.0,17,1,0.000000,s17_p1
1779334106.0,17,2,0.000000,s17_p2
1779334106.0,17,3,1.000000,s17_p3
1779334106.0,11,4,0.000000,s11_p4
1779334106.0,11,1,0.000000,s11_p1
1779334106.0,11,2,0.000000,s11_p2
1779334106.0,11,3,0.361733,s11_p3
1779334106.0,6,1,0.057763,s6_p1
1779334106.0,6,4,0.000000,s6_p4
1779334106.0,6,2,0.120340,s6_p2
1779334106.0,6,3,0.000000,s6_p3
1779334106.0,10,4,0.168587,s10_p4
1779334106.0,10,1,0.026492,s10_p1
1779334106.0,10,2,0.000000,s10_p2
1779334106.0,10,3,0.000000,s10_p3
1779334106.0,16,1,0.055459,s16_p1
1779334106.0,16,4,0.000000,s16_p4
1779334106.0,16,2,0.000000,s16_p2
1779334106.0,16,3,0.000000,s16_p3
1779334106.0,4,1,0.000000,s4_p1
1779334106.0,4,4,0.081954,s4_p4
1779334106.0,4,2,0.000000,s4_p2
1779334106.0,4,3,0.000000,s4_p3
1779334106.0,6,1,0.063106,s6_p1
1779334106.0,6,4,0.000000,s6_p4
1779334106.0,6,2,0.118931,s6_p2
1779334106.0,6,3,0.000000,s6_p3
1779334106.0,3,4,0.000000,s3_p4
1779334106.0,3,1,0.000000,s3_p1
1779334106.0,3,2,0.033962,s3_p2
1779334106.0,3,3,0.072775,s3_p3
1779334106.0,14,4,0.000000,s14_p4
1779334106.0,14,1,0.000000,s14_p1
1779334106.0,14,2,0.000000,s14_p2
1779334106.0,14,3,0.000000,s14_p3
1779334106.0,1,4,0.033951,s1_p4
1779334106.0,1,1,0.026676,s1_p1
1779334106.0,1,2,0.000000,s1_p2
1779334106.0,1,3,0.000000,s1_p3
1779334106.0,15,4,0.000000,s15_p4
1779334106.0,15,1,0.000000,s15_p1
1779334106.0,15,2,0.072715,s15_p2
1779334106.0,15,3,0.848339,s15_p3
1779334106.0,10,4,0.169735,s10_p4
1779334106.0,10,1,0.026673,s10_p1
1779334106.0,10,2,0.000000,s10_p2
1779334106.0,10,3,0.000000,s10_p3
1779334106.0,8,4,0.000000,s8_p4
1779334106.0,8,1,0.072722,s8_p1
1779334106.0,8,2,0.000000,s8_p2
1779334106.0,8,3,0.031513,s8_p3
1779334106.0,13,1,0.019388,s13_p1
1779334106.0,13,4,0.000000,s13_p4
1779334106.0,13,2,0.181764,s13_p2
1779334106.0,13,3,0.363528,s13_p3
1779334106.0,4,1,0.000000,s4_p1
1779334106.0,4,4,0.082410,s4_p4
1779334106.0,4,2,0.000000,s4_p2
1779334106.0,4,3,0.000000,s4_p3
1779334106.0,20,1,0.133277,s20_p1
1779334106.0,20,4,0.278670,s20_p4
1779334106.0,20,2,0.169625,s20_p2
1779334106.0,20,3,0.000000,s20_p3
1779334106.0,7,1,0.000000,s7_p1
1779334106.0,7,4,0.000000,s7_p4
1779334106.0,7,2,0.055594,s7_p2
1779334106.0,7,3,0.137776,s7_p3
1779334106.0,5,4,0.000000,s5_p4
1779334106.0,5,1,0.000000,s5_p1
1779334106.0,5,2,0.019366,s5_p2
1779334106.0,5,3,0.072623,s5_p3
1779334106.0,12,4,0.411656,s12_p4
1779334106.0,12,1,0.033901,s12_p1
1779334106.0,12,2,0.000000,s12_p2
1779334106.0,12,3,0.000000,s12_p3
1779334106.0,18,4,0.000000,s18_p4
1779334106.0,18,1,0.000000,s18_p1
1779334106.0,18,2,0.000000,s18_p2
1779334106.0,18,3,0.000000,s18_p3
1779334106.0,11,4,0.000000,s11_p4
1779334106.0,11,1,0.000000,s11_p1
1779334106.0,11,2,0.000000,s11_p2
1779334106.0,11,3,0.363180,s11_p3
1779334106.0,16,1,0.055687,s16_p1
1779334106.0,16,4,0.000000,s16_p4
1779334106.0,16,2,0.000000,s16_p2
1779334106.0,16,3,0.000000,s16_p3
1779334106.0,17,4,0.363130,s17_p4
1779334106.0,17,1,0.000000,s17_p1
1779334106.0,17,2,0.000000,s17_p2
1779334106.0,17,3,1.000000,s17_p3
1779334106.0,2,1,0.000000,s2_p1
1779334106.0,2,4,0.000000,s2_p4
1779334106.0,2,2,0.169346,s2_p2
1779334106.0,2,3,0.000000,s2_p3
1779334106.0,19,1,0.000000,s19_p1
1779334106.0,19,4,0.000000,s19_p4
1779334106.0,19,2,0.000000,s19_p2
1779334106.0,19,3,0.000000,s19_p3
1779334106.0,9,1,0.000000,s9_p1
1779334106.0,9,4,0.000000,s9_p4
1779334106.0,9,2,0.000000,s9_p2
1779334106.0,9,3,0.000000,s9_p3
1779334107.0,13,1,0.021729,s13_p1
1779334107.0,13,4,0.000000,s13_p4
1779334107.0,13,2,0.176243,s13_p2
1779334107.0,13,3,0.350071,s13_p3
1779334107.0,6,1,0.055440,s6_p1
1779334107.0,6,4,0.000000,s6_p4
1779334107.0,6,2,0.120521,s6_p2
1779334107.0,6,3,0.000000,s6_p3
1779334107.0,1,4,0.036174,s1_p4
1779334107.0,1,1,0.026528,s1_p1
1779334107.0,1,2,0.000000,s1_p2
1779334107.0,1,3,0.000000,s1_p3
1779334107.0,4,1,0.000000,s4_p1
1779334107.0,4,4,0.081949,s4_p4
1779334107.0,4,2,0.000000,s4_p2
1779334107.0,4,3,0.000000,s4_p3
1779334107.0,15,4,0.000000,s15_p4
1779334107.0,15,1,0.000000,s15_p1
1779334107.0,15,2,0.069854,s15_p2
1779334107.0,15,3,0.818983,s15_p3
1779334107.0,18,4,0.000000,s18_p4
1779334107.0,18,1,0.000000,s18_p1
1779334107.0,18,2,0.000000,s18_p2
1779334107.0,18,3,0.000000,s18_p3
1779334107.0,12,4,0.409869,s12_p4
1779334107.0,12,1,0.036165,s12_p1
1779334107.0,12,2,0.000000,s12_p2
1779334107.0,12,3,0.000000,s12_p3
1779334107.0,9,1,0.000000,s9_p1
1779334107.0,9,4,0.000000,s9_p4
1779334107.0,9,2,0.000000,s9_p2
1779334107.0,9,3,0.000000,s9_p3
1779334107.0,20,1,0.132538,s20_p1
1779334107.0,20,4,0.277125,s20_p4
1779334107.0,20,2,0.180733,s20_p2
1779334107.0,20,3,0.000000,s20_p3
1779334107.0,7,1,0.000000,s7_p1
1779334107.0,7,4,0.000000,s7_p4
1779334107.0,7,2,0.055424,s7_p2
1779334107.0,7,3,0.134946,s7_p3
1779334107.0,10,4,0.180639,s10_p4
1779334107.0,10,1,0.026494,s10_p1
1779334107.0,10,2,0.000000,s10_p2
1779334107.0,10,3,0.000000,s10_p3
1779334107.0,17,4,0.349766,s17_p4
1779334107.0,17,1,0.000000,s17_p1
1779334107.0,17,2,0.000000,s17_p2
1779334107.0,17,3,0.988993,s17_p3
1779334107.0,19,1,0.000000,s19_p1
1779334107.0,19,4,0.000000,s19_p4
1779334107.0,19,2,0.000000,s19_p2
1779334107.0,19,3,0.000000,s19_p3
1779334107.0,8,4,0.000000,s8_p4
1779334107.0,8,1,0.069841,s8_p1
1779334107.0,8,2,0.000000,s8_p2
1779334107.0,8,3,0.028900,s8_p3
1779334107.0,2,1,0.000000,s2_p1
1779334107.0,2,4,0.000000,s2_p4
1779334107.0,2,2,0.168837,s2_p2
1779334107.0,2,3,0.000000,s2_p3
1779334107.0,3,4,0.000000,s3_p4
1779334107.0,3,1,0.000000,s3_p1
1779334107.0,3,2,0.036102,s3_p2
1779334107.0,3,3,0.072205,s3_p3
1779334107.0,14,4,0.000000,s14_p4
1779334107.0,14,1,0.000000,s14_p1
1779334107.0,14,2,0.000000,s14_p2
1779334107.0,14,3,0.000000,s14_p3
1779334107.0,16,1,0.055468,s16_p1
1779334107.0,16,4,0.000000,s16_p4
1779334107.0,16,2,0.000000,s16_p2
1779334107.0,16,3,0.000000,s16_p3
1779334107.0,5,4,0.000000,s5_p4
1779334107.0,5,1,0.000000,s5_p1
1779334107.0,5,2,0.021690,s5_p2
1779334107.0,5,3,0.069889,s5_p3
1779334107.0,11,4,0.000000,s11_p4
1779334107.0,11,1,0.000000,s11_p1
1779334107.0,11,2,0.000000,s11_p2
1779334107.0,11,3,0.361623,s11_p3
1779334107.0,6,1,0.060544,s6_p1
1779334107.0,6,4,0.000000,s6_p4
1779334107.0,6,2,0.118667,s6_p2
1779334107.0,6,3,0.000000,s6_p3
1779334107.0,10,4,0.169722,s10_p4
1779334107.0,10,1,0.029095,s10_p1
1779334107.0,10,2,0.000000,s10_p2
1779334107.0,10,3,0.000000,s10_p3
1779334107.0,15,4,0.000000,s15_p4
1779334107.0,15,1,0.000000,s15_p1
1779334107.0,15,2,0.070296,s15_p2
1779334107.0,15,3,0.848400,s15_p3
1779334107.0,1,4,0.033882,s1_p4
1779334107.0,1,1,0.029042,s1_p1
1779334107.0,1,2,0.000000,s1_p2
1779334107.0,1,3,0.000000,s1_p3
1779334107.0,14,4,0.000000,s14_p4
1779334107.0,14,1,0.000000,s14_p1
1779334107.0,14,2,0.000000,s14_p2
1779334107.0,14,3,0.000000,s14_p3
1779334107.0,3,4,0.000000,s3_p4
1779334107.0,3,1,0.000000,s3_p1
1779334107.0,3,2,0.033945,s3_p2
1779334107.0,3,3,0.072739,s3_p3
1779334107.0,13,1,0.021764,s13_p1
1779334107.0,13,4,0.000000,s13_p4
1779334107.0,13,2,0.178945,s13_p2
1779334107.0,13,3,0.350636,s13_p3
1779334107.0,4,1,0.000000,s4_p1
1779334107.0,4,4,0.084779,s4_p4
1779334107.0,4,2,0.000000,s4_p2
1779334107.0,4,3,0.000000,s4_p3
1779334107.0,8,4,0.000000,s8_p4
1779334107.0,8,1,0.070272,s8_p1
1779334107.0,8,2,0.000000,s8_p2
1779334107.0,8,3,0.031501,s8_p3
1779334107.0,20,1,0.145362,s20_p1
1779334107.0,20,4,0.278610,s20_p4
1779334107.0,20,2,0.169589,s20_p2
1779334107.0,20,3,0.000000,s20_p3
1779334107.0,7,1,0.000000,s7_p1
1779334107.0,7,4,0.000000,s7_p4
1779334107.0,7,2,0.055723,s7_p2
1779334107.0,7,3,0.138095,s7_p3
1779334107.0,18,4,0.000000,s18_p4
1779334107.0,18,1,0.000000,s18_p1
1779334107.0,18,2,0.000000,s18_p2
1779334107.0,18,3,0.000000,s18_p3
1779334107.0,12,4,0.423674,s12_p4
1779334107.0,12,1,0.033894,s12_p1
1779334107.0,12,2,0.000000,s12_p2
1779334107.0,12,3,0.000000,s12_p3
1779334107.0,17,4,0.363185,s17_p4
1779334107.0,17,1,0.000000,s17_p1
1779334107.0,17,2,0.000000,s17_p2
1779334107.0,17,3,1.000000,s17_p3
1779334107.0,16,1,0.055698,s16_p1
1779334107.0,16,4,0.000000,s16_p4
1779334107.0,16,2,0.000000,s16_p2
1779334107.0,16,3,0.000000,s16_p3
1779334107.0,5,4,0.000000,s5_p4
1779334107.0,5,1,0.000000,s5_p1
1779334107.0,5,2,0.021794,s5_p2
1779334107.0,5,3,0.070226,s5_p3
1779334107.0,2,1,0.000000,s2_p1
1779334107.0,2,4,0.000000,s2_p4
1779334107.0,2,2,0.169490,s2_p2
1779334107.0,2,3,0.000000,s2_p3
1779334107.0,9,1,0.000000,s9_p1
1779334107.0,9,4,0.000000,s9_p4
1779334107.0,9,2,0.000000,s9_p2
1779334107.0,9,3,0.000000,s9_p3
1779334107.0,19,1,0.000000,s19_p1
1779334107.0,19,4,0.000000,s19_p4
1779334107.0,19,2,0.000000,s19_p2
1779334107.0,19,3,0.000000,s19_p3
1779334107.0,11,4,0.000000,s11_p4
1779334107.0,11,1,0.000000,s11_p1
1779334107.0,11,2,0.000000,s11_p2
1779334107.0,11,3,0.363183,s11_p3
1779334108.0,14,4,0.000000,s14_p4
1779334108.0,14,1,0.000000,s14_p1
1779334108.0,14,2,0.000000,s14_p2
1779334108.0,14,3,0.000000,s14_p3
1779334108.0,19,1,0.000000,s19_p1
1779334108.0,19,4,0.000000,s19_p4
1779334108.0,19,2,0.000000,s19_p2
1779334108.0,19,3,0.000000,s19_p3
1779334108.0,6,1,0.060301,s6_p1
1779334108.0,6,4,0.000000,s6_p4
1779334108.0,6,2,0.115779,s6_p2
1779334108.0,6,3,0.000000,s6_p3
1779334108.0,15,4,0.000000,s15_p4
1779334108.0,15,1,0.000000,s15_p1
1779334108.0,15,2,0.072345,s15_p2
1779334108.0,15,3,0.831962,s15_p3
1779334108.0,12,4,0.422518,s12_p4
1779334108.0,12,1,0.033801,s12_p1
1779334108.0,12,2,0.000000,s12_p2
1779334108.0,12,3,0.000000,s12_p3
1779334108.0,3,4,0.000000,s3_p4
1779334108.0,3,1,0.000000,s3_p1
1779334108.0,3,2,0.033759,s3_p2
1779334108.0,3,3,0.072341,s3_p3
1779334108.0,18,4,0.000000,s18_p4
1779334108.0,18,1,0.000000,s18_p1
1779334108.0,18,2,0.000000,s18_p2
1779334108.0,18,3,0.000000,s18_p3
1779334108.0,8,4,0.000000,s8_p4
1779334108.0,8,1,0.072377,s8_p1
1779334108.0,8,2,0.000000,s8_p2
1779334108.0,8,3,0.028951,s8_p3
1779334108.0,13,1,0.024123,s13_p1
1779334108.0,13,4,0.000000,s13_p4
1779334108.0,13,2,0.176098,s13_p2
1779334108.0,13,3,0.361846,s13_p3
1779334108.0,20,1,0.132685,s20_p1
1779334108.0,20,4,0.289495,s20_p4
1779334108.0,20,2,0.168872,s20_p2
1779334108.0,20,3,0.000000,s20_p3
1779334108.0,1,4,0.033752,s1_p4
1779334108.0,1,1,0.026520,s1_p1
1779334108.0,1,2,0.000000,s1_p2
1779334108.0,1,3,0.000000,s1_p3
1779334108.0,7,1,0.000000,s7_p1
1779334108.0,7,4,0.000000,s7_p4
1779334108.0,7,2,0.057896,s7_p2
1779334108.0,7,3,0.137502,s7_p3
1779334108.0,10,4,0.168730,s10_p4
1779334108.0,10,1,0.026515,s10_p1
1779334108.0,10,2,0.000000,s10_p2
1779334108.0,10,3,0.000000,s10_p3
1779334108.0,9,1,0.000000,s9_p1
1779334108.0,9,4,0.000000,s9_p4
1779334108.0,9,2,0.000000,s9_p2
1779334108.0,9,3,0.000000,s9_p3
1779334108.0,11,4,0.000000,s11_p4
1779334108.0,11,1,0.000000,s11_p1
1779334108.0,11,2,0.000000,s11_p2
1779334108.0,11,3,0.362035,s11_p3
1779334108.0,4,1,0.000000,s4_p1
1779334108.0,4,4,0.084372,s4_p4
1779334108.0,4,2,0.000000,s4_p2
1779334108.0,4,3,0.000000,s4_p3
1779334108.0,17,4,0.349782,s17_p4
1779334108.0,17,1,0.000000,s17_p1
1779334108.0,17,2,0.000000,s17_p2
1779334108.0,17,3,1.000000,s17_p3
1779334108.0,16,1,0.057894,s16_p1
1779334108.0,16,4,0.000000,s16_p4
1779334108.0,16,2,0.000000,s16_p2
1779334108.0,16,3,0.000000,s16_p3
1779334108.0,5,4,0.000000,s5_p4
1779334108.0,5,1,0.000000,s5_p1
1779334108.0,5,2,0.024123,s5_p2
1779334108.0,5,3,0.072369,s5_p3
1779334108.0,2,1,0.000000,s2_p1
1779334108.0,2,4,0.000000,s2_p4
1779334108.0,2,2,0.171276,s2_p2
1779334108.0,2,3,0.000000,s2_p3
1779334108.0,6,1,0.055658,s6_p1
1779334108.0,6,4,0.000000,s6_p4
1779334108.0,6,2,0.123417,s6_p2
1779334108.0,6,3,0.000000,s6_p3
1779334108.0,3,4,0.000000,s3_p4
1779334108.0,3,1,0.000000,s3_p1
1779334108.0,3,2,0.033892,s3_p2
1779334108.0,3,3,0.072625,s3_p3
1779334108.0,1,4,0.033893,s1_p4
1779334108.0,1,1,0.026630,s1_p1
1779334108.0,1,2,0.000000,s1_p2
1779334108.0,1,3,0.000000,s1_p3
1779334108.0,14,4,0.000000,s14_p4
1779334108.0,14,1,0.000000,s14_p1
1779334108.0,14,2,0.000000,s14_p2
1779334108.0,14,3,0.000000,s14_p3
1779334108.0,10,4,0.181570,s10_p4
1779334108.0,10,1,0.026630,s10_p1
1779334108.0,10,2,0.000000,s10_p2
1779334108.0,10,3,0.000000,s10_p3
1779334108.0,15,4,0.000000,s15_p4
1779334108.0,15,1,0.000000,s15_p1
1779334108.0,15,2,0.070107,s15_p2
1779334108.0,15,3,0.834035,s15_p3
1779334108.0,13,1,0.021759,s13_p1
1779334108.0,13,4,0.000000,s13_p4
1779334108.0,13,2,0.178909,s13_p2
1779334108.0,13,3,0.350565,s13_p3
1779334108.0,20,1,0.132973,s20_p1
1779334108.0,20,4,0.278034,s20_p4
1779334108.0,20,2,0.181326,s20_p2
1779334108.0,20,3,0.000000,s20_p3
1779334108.0,8,4,0.000000,s8_p4
1779334108.0,8,1,0.070106,s8_p1
1779334108.0,8,2,0.000000,s8_p2
1779334108.0,8,3,0.031427,s8_p3
1779334108.0,7,1,0.000000,s7_p1
1779334108.0,7,4,0.000000,s7_p4
1779334108.0,7,2,0.055607,s7_p2
1779334108.0,7,3,0.135392,s7_p3
1779334108.0,4,1,0.000000,s4_p1
1779334108.0,4,4,0.082251,s4_p4
1779334108.0,4,2,0.000000,s4_p2
1779334108.0,4,3,0.000000,s4_p3
1779334108.0,19,1,0.000000,s19_p1
1779334108.0,19,4,0.000000,s19_p4
1779334108.0,19,2,0.000000,s19_p2
1779334108.0,19,3,0.000000,s19_p3
1779334108.0,18,4,0.000000,s18_p4
1779334108.0,18,1,0.000000,s18_p1
1779334108.0,18,2,0.000000,s18_p2
1779334108.0,18,3,0.000000,s18_p3
1779334108.0,9,1,0.000000,s9_p1
1779334108.0,9,4,0.000000,s9_p4
1779334108.0,9,2,0.000000,s9_p2
1779334108.0,9,3,0.000000,s9_p3
1779334108.0,17,4,0.350425,s17_p4
1779334108.0,17,1,0.000000,s17_p1
1779334108.0,17,2,0.000000,s17_p2
1779334108.0,17,3,1.000000,s17_p3
1779334108.0,12,4,0.410456,s12_p4
1779334108.0,12,1,0.036217,s12_p1
1779334108.0,12,2,0.000000,s12_p2
1779334108.0,12,3,0.000000,s12_p3
1779334108.0,11,4,0.000000,s11_p4
1779334108.0,11,1,0.000000,s11_p1
1779334108.0,11,2,0.000000,s11_p2
1779334108.0,11,3,0.362454,s11_p3
1779334108.0,16,1,0.055579,s16_p1
1779334108.0,16,4,0.000000,s16_p4
1779334108.0,16,2,0.000000,s16_p2
1779334108.0,16,3,0.000000,s16_p3
1779334108.0,5,4,0.000000,s5_p4
1779334108.0,5,1,0.000000,s5_p1
1779334108.0,5,2,0.021747,s5_p2
1779334108.0,5,3,0.070074,s5_p3
1779334108.0,2,1,0.000000,s2_p1
1779334108.0,2,4,0.000000,s2_p4
1779334108.0,2,2,0.169136,s2_p2
1779334108.0,2,3,0.000000,s2_p3
1779334109.0,6,1,0.057909,s6_p1
1779334109.0,6,4,0.000000,s6_p4
1779334109.0,6,2,0.125470,s6_p2
1779334109.0,6,3,0.000000,s6_p3
1779334109.0,19,1,0.000000,s19_p1
1779334109.0,19,4,0.000000,s19_p4
1779334109.0,19,2,0.000000,s19_p2
1779334109.0,19,3,0.000000,s19_p3
1779334109.0,8,4,0.000000,s8_p4
1779334109.0,8,1,0.072491,s8_p1
1779334109.0,8,2,0.000000,s8_p2
1779334109.0,8,3,0.028996,s8_p3
1779334109.0,15,4,0.000000,s15_p4
1779334109.0,15,1,0.000000,s15_p1
1779334109.0,15,2,0.072471,s15_p2
1779334109.0,15,3,0.833415,s15_p3
1779334109.0,10,4,0.168914,s10_p4
1779334109.0,10,1,0.026544,s10_p1
1779334109.0,10,2,0.000000,s10_p2
1779334109.0,10,3,0.000000,s10_p3
1779334109.0,3,4,0.000000,s3_p4
1779334109.0,3,1,0.000000,s3_p1
1779334109.0,3,2,0.036188,s3_p2
1779334109.0,3,3,0.072376,s3_p3
1779334109.0,1,4,0.036192,s1_p4
1779334109.0,1,1,0.026540,s1_p1
1779334109.0,1,2,0.000000,s1_p2
1779334109.0,1,3,0.000000,s1_p3
1779334109.0,14,4,0.000000,s14_p4
1779334109.0,14,1,0.000000,s14_p1
1779334109.0,14,2,0.000000,s14_p2
1779334109.0,14,3,0.000000,s14_p3
1779334109.0,4,1,0.000000,s4_p1
1779334109.0,4,4,0.082115,s4_p4
1779334109.0,4,2,0.000000,s4_p2
1779334109.0,4,3,0.000000,s4_p3
1779334109.0,13,1,0.016902,s13_p1
1779334109.0,13,4,0.000000,s13_p4
1779334109.0,13,2,0.183511,s13_p2
1779334109.0,13,3,0.362192,s13_p3
1779334109.0,20,1,0.132806,s20_p1
1779334109.0,20,4,0.277686,s20_p4
1779334109.0,20,2,0.169026,s20_p2
1779334109.0,20,3,0.000000,s20_p3
1779334109.0,7,1,0.000000,s7_p1
1779334109.0,7,4,0.000000,s7_p4
1779334109.0,7,2,0.055539,s7_p2
1779334109.0,7,3,0.137640,s7_p3
1779334109.0,12,4,0.410957,s12_p4
1779334109.0,12,1,0.033844,s12_p1
1779334109.0,12,2,0.000000,s12_p2
1779334109.0,12,3,0.000000,s12_p3
1779334109.0,5,4,0.000000,s5_p4
1779334109.0,5,1,0.000000,s5_p1
1779334109.0,5,2,0.016924,s5_p2
1779334109.0,5,3,0.072533,s5_p3
1779334109.0,18,4,0.000000,s18_p4
1779334109.0,18,1,0.000000,s18_p1
1779334109.0,18,2,0.000000,s18_p2
1779334109.0,18,3,0.000000,s18_p3
1779334109.0,17,4,0.362411,s17_p4
1779334109.0,17,1,0.000000,s17_p1
1779334109.0,17,2,0.000000,s17_p2
1779334109.0,17,3,1.000000,s17_p3
1779334109.0,11,4,0.000000,s11_p4
1779334109.0,11,1,0.000000,s11_p1
1779334109.0,11,2,0.000000,s11_p2
1779334109.0,11,3,0.362426,s11_p3
1779334109.0,9,1,0.000000,s9_p1
1779334109.0,9,4,0.000000,s9_p4
1779334109.0,9,2,0.000000,s9_p2
1779334109.0,9,3,0.000000,s9_p3
1779334109.0,16,1,0.055572,s16_p1
1779334109.0,16,4,0.000000,s16_p4
1779334109.0,16,2,0.000000,s16_p2
1779334109.0,16,3,0.000000,s16_p3
1779334109.0,2,1,0.000000,s2_p1
1779334109.0,2,4,0.000000,s2_p4
1779334109.0,2,2,0.169149,s2_p2
1779334109.0,2,3,0.000000,s2_p3
1779334109.0,1,4,0.033885,s1_p4
1779334109.0,1,1,0.026624,s1_p1
1779334109.0,1,2,0.000000,s1_p2
1779334109.0,1,3,0.000000,s1_p3
1779334109.0,14,4,0.000000,s14_p4
1779334109.0,14,1,0.000000,s14_p1
1779334109.0,14,2,0.000000,s14_p2
1779334109.0,14,3,0.000000,s14_p3
1779334109.0,10,4,0.169284,s10_p4
1779334109.0,10,1,0.026602,s10_p1
1779334109.0,10,2,0.000000,s10_p2
1779334109.0,10,3,0.000000,s10_p3
1779334109.0,6,1,0.060406,s6_p1
1779334109.0,6,4,0.000000,s6_p4
1779334109.0,6,2,0.118395,s6_p2
1779334109.0,6,3,0.000000,s6_p3
1779334109.0,7,1,0.000000,s7_p1
1779334109.0,7,4,0.000000,s7_p4
1779334109.0,7,2,0.055647,s7_p2
1779334109.0,7,3,0.137909,s7_p3
1779334109.0,8,4,0.000000,s8_p4
1779334109.0,8,1,0.070111,s8_p1
1779334109.0,8,2,0.000000,s8_p2
1779334109.0,8,3,0.031429,s8_p3
1779334109.0,4,1,0.000000,s4_p1
1779334109.0,4,4,0.082242,s4_p4
1779334109.0,4,2,0.000000,s4_p2
1779334109.0,4,3,0.000000,s4_p3
1779334109.0,3,4,0.000000,s3_p4
1779334109.0,3,1,0.000000,s3_p1
1779334109.0,3,2,0.033848,s3_p2
1779334109.0,3,3,0.070114,s3_p3
1779334109.0,15,4,0.000000,s15_p4
1779334109.0,15,1,0.000000,s15_p1
1779334109.0,15,2,0.070107,s15_p2
1779334109.0,15,3,0.846114,s15_p3
1779334109.0,17,4,0.350726,s17_p4
1779334109.0,17,1,0.000000,s17_p1
1779334109.0,17,2,0.000000,s17_p2
1779334109.0,17,3,0.991708,s17_p3
1779334109.0,12,4,0.410963,s12_p4
1779334109.0,12,1,0.033844,s12_p1
1779334109.0,12,2,0.000000,s12_p2
1779334109.0,12,3,0.000000,s12_p3
1779334109.0,18,4,0.000000,s18_p4
1779334109.0,18,1,0.000000,s18_p1
1779334109.0,18,2,0.000000,s18_p2
1779334109.0,18,3,0.000000,s18_p3
1779334109.0,5,4,0.000000,s5_p4
1779334109.0,5,1,0.000000,s5_p1
1779334109.0,5,2,0.019339,s5_p2
1779334109.0,5,3,0.070103,s5_p3
1779334109.0,16,1,0.055631,s16_p1
1779334109.0,16,4,0.000000,s16_p4
1779334109.0,16,2,0.000000,s16_p2
1779334109.0,16,3,0.000000,s16_p3
1779334109.0,20,1,0.132935,s20_p1
1779334109.0,20,4,0.277955,s20_p4
1779334109.0,20,2,0.169190,s20_p2
1779334109.0,20,3,0.000000,s20_p3
1779334109.0,9,1,0.000000,s9_p1
1779334109.0,9,4,0.000000,s9_p4
1779334109.0,9,2,0.000000,s9_p2
1779334109.0,9,3,0.000000,s9_p3
1779334109.0,11,4,0.000000,s11_p4
1779334109.0,11,1,0.000000,s11_p1
1779334109.0,11,2,0.000000,s11_p2
1779334109.0,11,3,0.362747,s11_p3
1779334109.0,2,1,0.000000,s2_p1
1779334109.0,2,4,0.000000,s2_p4
1779334109.0,2,2,0.169292,s2_p2
1779334109.0,2,3,0.000000,s2_p3
1779334109.0,13,1,0.019333,s13_p1
1779334109.0,13,4,0.000000,s13_p4
1779334109.0,13,2,0.178829,s13_p2
1779334109.0,13,3,0.350408,s13_p3
1779334109.0,19,1,0.000000,s19_p1
1779334109.0,19,4,0.000000,s19_p4
1779334109.0,19,2,0.000000,s19_p2
1779334109.0,19,3,0.000000,s19_p3
1779334110.0,14,4,0.000000,s14_p4
1779334110.0,14,1,0.000000,s14_p1
1779334110.0,14,2,0.000000,s14_p2
1779334110.0,14,3,0.000000,s14_p3
1779334110.0,8,4,0.000000,s8_p4
1779334110.0,8,1,0.072387,s8_p1
1779334110.0,8,2,0.000000,s8_p2
1779334110.0,8,3,0.028955,s8_p3
1779334110.0,20,1,0.132824,s20_p1
1779334110.0,20,4,0.277722,s20_p4
1779334110.0,20,2,0.169048,s20_p2
1779334110.0,20,3,0.000000,s20_p3
1779334110.0,19,1,0.000000,s19_p1
1779334110.0,19,4,0.000000,s19_p4
1779334110.0,19,2,0.000000,s19_p2
1779334110.0,19,3,0.000000,s19_p3
1779334110.0,1,4,0.033744,s1_p4
1779334110.0,1,1,0.026513,s1_p1
1779334110.0,1,2,0.000000,s1_p2
1779334110.0,1,3,0.000000,s1_p3
1779334110.0,15,4,0.000000,s15_p4
1779334110.0,15,1,0.000000,s15_p1
1779334110.0,15,2,0.072386,s15_p2
1779334110.0,15,3,0.820380,s15_p3
1779334110.0,7,1,0.000000,s7_p1
1779334110.0,7,4,0.000000,s7_p4
1779334110.0,7,2,0.055485,s7_p2
1779334110.0,7,3,0.135094,s7_p3
1779334110.0,6,1,0.060304,s6_p1
1779334110.0,6,4,0.000000,s6_p4
1779334110.0,6,2,0.120608,s6_p2
1779334110.0,6,3,0.000000,s6_p3
1779334110.0,3,4,0.000000,s3_p4
1779334110.0,3,1,0.000000,s3_p1
1779334110.0,3,2,0.033776,s3_p2
1779334110.0,3,3,0.072378,s3_p3
1779334110.0,17,4,0.361926,s17_p4
1779334110.0,17,1,0.000000,s17_p1
1779334110.0,17,2,0.000000,s17_p2
1779334110.0,17,3,1.000000,s17_p3
1779334110.0,13,1,0.019307,s13_p1
1779334110.0,13,4,0.000000,s13_p4
1779334110.0,13,2,0.181004,s13_p2
1779334110.0,13,3,0.362008,s13_p3
1779334110.0,16,1,0.055496,s16_p1
1779334110.0,16,4,0.000000,s16_p4
1779334110.0,16,2,0.000000,s16_p2
1779334110.0,16,3,0.000000,s16_p3
1779334110.0,10,4,0.168717,s10_p4
1779334110.0,10,1,0.026513,s10_p1
1779334110.0,10,2,0.000000,s10_p2
1779334110.0,10,3,0.000000,s10_p3
1779334110.0,4,1,0.000000,s4_p1
1779334110.0,4,4,0.081967,s4_p4
1779334110.0,4,2,0.000000,s4_p2
1779334110.0,4,3,0.000000,s4_p3
1779334110.0,2,1,0.000000,s2_p1
1779334110.0,2,4,0.000000,s2_p4
1779334110.0,2,2,0.168912,s2_p2
1779334110.0,2,3,0.000000,s2_p3
1779334110.0,12,4,0.410113,s12_p4
1779334110.0,12,1,0.033774,s12_p1
1779334110.0,12,2,0.000000,s12_p2
1779334110.0,12,3,0.000000,s12_p3
1779334110.0,5,4,0.000000,s5_p4
1779334110.0,5,1,0.000000,s5_p1
1779334110.0,5,2,0.019294,s5_p2
1779334110.0,5,3,0.072354,s5_p3
1779334110.0,18,4,0.000000,s18_p4
1779334110.0,18,1,0.000000,s18_p1
1779334110.0,18,2,0.000000,s18_p2
1779334110.0,18,3,0.000000,s18_p3
1779334110.0,9,1,0.000000,s9_p1
1779334110.0,9,4,0.000000,s9_p4
1779334110.0,9,2,0.000000,s9_p2
1779334110.0,9,3,0.000000,s9_p3
1779334110.0,11,4,0.000000,s11_p4
1779334110.0,11,1,0.000000,s11_p1
1779334110.0,11,2,0.000000,s11_p2
1779334110.0,11,3,0.349700,s11_p3
1779334110.0,6,1,0.053253,s6_p1
1779334110.0,6,4,0.000000,s6_p4
1779334110.0,6,2,0.128290,s6_p2
1779334110.0,6,3,0.000000,s6_p3
1779334110.0,14,4,0.000000,s14_p4
1779334110.0,14,1,0.000000,s14_p1
1779334110.0,14,2,0.000000,s14_p2
1779334110.0,14,3,0.000000,s14_p3
1779334110.0,1,4,0.036284,s1_p4
1779334110.0,1,1,0.029027,s1_p1
1779334110.0,1,2,0.000000,s1_p2
1779334110.0,1,3,0.000000,s1_p3
1779334110.0,10,4,0.181558,s10_p4
1779334110.0,10,1,0.029049,s10_p1
1779334110.0,10,2,0.000000,s10_p2
1779334110.0,10,3,0.000000,s10_p3
1779334110.0,3,4,0.000000,s3_p4
1779334110.0,3,1,0.000000,s3_p1
1779334110.0,3,2,0.036285,s3_p2
1779334110.0,3,3,0.072571,s3_p3
1779334110.0,8,4,0.000000,s8_p4
1779334110.0,8,1,0.070120,s8_p1
1779334110.0,8,2,0.000000,s8_p2
1779334110.0,8,3,0.031433,s8_p3
1779334110.0,15,4,0.000000,s15_p4
1779334110.0,15,1,0.000000,s15_p1
1779334110.0,15,2,0.070128,s15_p2
1779334110.0,15,3,0.846368,s15_p3
1779334110.0,7,1,0.000000,s7_p1
1779334110.0,7,4,0.000000,s7_p4
1779334110.0,7,2,0.058036,s7_p2
1779334110.0,7,3,0.137836,s7_p3
1779334110.0,5,4,0.000000,s5_p4
1779334110.0,5,1,0.000000,s5_p1
1779334110.0,5,2,0.019356,s5_p2
1779334110.0,5,3,0.070166,s5_p3
1779334110.0,13,1,0.019345,s13_p1
1779334110.0,13,4,0.000000,s13_p4
1779334110.0,13,2,0.181361,s13_p2
1779334110.0,13,3,0.350631,s13_p3
1779334110.0,4,1,0.000000,s4_p1
1779334110.0,4,4,0.087057,s4_p4
1779334110.0,4,2,0.000000,s4_p2
1779334110.0,4,3,0.000000,s4_p3
1779334110.0,12,4,0.435287,s12_p4
1779334110.0,12,1,0.036274,s12_p1
1779334110.0,12,2,0.000000,s12_p2
1779334110.0,12,3,0.000000,s12_p3
1779334110.0,20,1,0.144955,s20_p1
1779334110.0,20,4,0.289909,s20_p4
1779334110.0,20,2,0.181193,s20_p2
1779334110.0,20,3,0.000000,s20_p3
1779334110.0,18,4,0.000000,s18_p4
1779334110.0,18,1,0.000000,s18_p1
1779334110.0,18,2,0.000000,s18_p2
1779334110.0,18,3,0.000000,s18_p3
1779334110.0,11,4,0.000000,s11_p4
1779334110.0,11,1,0.000000,s11_p1
1779334110.0,11,2,0.000000,s11_p2
1779334110.0,11,3,0.362688,s11_p3
1779334110.0,17,4,0.350345,s17_p4
1779334110.0,17,1,0.000000,s17_p1
1779334110.0,17,2,0.000000,s17_p2
1779334110.0,17,3,1.000000,s17_p3
1779334110.0,9,1,0.000000,s9_p1
1779334110.0,9,4,0.000000,s9_p4
1779334110.0,9,2,0.000000,s9_p2
1779334110.0,9,3,0.000000,s9_p3
1779334110.0,16,1,0.057991,s16_p1
1779334110.0,16,4,0.000000,s16_p4
1779334110.0,16,2,0.000000,s16_p2
1779334110.0,16,3,0.000000,s16_p3
1779334110.0,19,1,0.000000,s19_p1
1779334110.0,19,4,0.000000,s19_p4
1779334110.0,19,2,0.000000,s19_p2
1779334110.0,19,3,0.000000,s19_p3
1779334110.0,2,1,0.000000,s2_p1
1779334110.0,2,4,0.000000,s2_p4
1779334110.0,2,2,0.169146,s2_p2
1779334110.0,2,3,0.000000,s2_p3
1779334111.0,3,4,0.000000,s3_p4
1779334111.0,3,1,0.000000,s3_p1
1779334111.0,3,2,0.033722,s3_p2
1779334111.0,3,3,0.072262,s3_p3
1779334111.0,14,4,0.000000,s14_p4
1779334111.0,14,1,0.000000,s14_p1
1779334111.0,14,2,0.000000,s14_p2
1779334111.0,14,3,0.000000,s14_p3
1779334111.0,13,1,0.021693,s13_p1
1779334111.0,13,4,0.000000,s13_p4
1779334111.0,13,2,0.178366,s13_p2
1779334111.0,13,3,0.361553,s13_p3
1779334111.0,17,4,0.361436,s17_p4
1779334111.0,17,1,0.000000,s17_p1
1779334111.0,17,2,0.000000,s17_p2
1779334111.0,17,3,0.999974,s17_p3
1779334111.0,5,4,0.000000,s5_p4
1779334111.0,5,1,0.000000,s5_p1
1779334111.0,5,2,0.021666,s5_p2
1779334111.0,5,3,0.072221,s5_p3
1779334111.0,15,4,0.000000,s15_p4
1779334111.0,15,1,0.000000,s15_p1
1779334111.0,15,2,0.072174,s15_p2
1779334111.0,15,3,0.829995,s15_p3
1779334111.0,16,1,0.055416,s16_p1
1779334111.0,16,4,0.000000,s16_p4
1779334111.0,16,2,0.000000,s16_p2
1779334111.0,16,3,0.000000,s16_p3
1779334111.0,6,1,0.060086,s6_p1
1779334111.0,6,4,0.000000,s6_p4
1779334111.0,6,2,0.117768,s6_p2
1779334111.0,6,3,0.000000,s6_p3
1779334111.0,12,4,0.409298,s12_p4
1779334111.0,12,1,0.033707,s12_p1
1779334111.0,12,2,0.000000,s12_p2
1779334111.0,12,3,0.000000,s12_p3
1779334111.0,18,4,0.000000,s18_p4
1779334111.0,18,1,0.000000,s18_p1
1779334111.0,18,2,0.000000,s18_p2
1779334111.0,18,3,0.000000,s18_p3
1779334111.0,20,1,0.132419,s20_p1
1779334111.0,20,4,0.276877,s20_p4
1779334111.0,20,2,0.168534,s20_p2
1779334111.0,20,3,0.000000,s20_p3
1779334111.0,10,4,0.168335,s10_p4
1779334111.0,10,1,0.026453,s10_p1
1779334111.0,10,2,0.000000,s10_p2
1779334111.0,10,3,0.000000,s10_p3
1779334111.0,2,1,0.000000,s2_p1
1779334111.0,2,4,0.000000,s2_p4
1779334111.0,2,2,0.168648,s2_p2
1779334111.0,2,3,0.000000,s2_p3
1779334111.0,11,4,0.000000,s11_p4
1779334111.0,11,1,0.000000,s11_p1
1779334111.0,11,2,0.000000,s11_p2
1779334111.0,11,3,0.361330,s11_p3
1779334111.0,1,4,0.033664,s1_p4
1779334111.0,1,1,0.026450,s1_p1
1779334111.0,1,2,0.000000,s1_p2
1779334111.0,1,3,0.000000,s1_p3
1779334111.0,19,1,0.000000,s19_p1
1779334111.0,19,4,0.000000,s19_p4
1779334111.0,19,2,0.000000,s19_p2
1779334111.0,19,3,0.000000,s19_p3
1779334111.0,7,1,0.000000,s7_p1
1779334111.0,7,4,0.000000,s7_p4
1779334111.0,7,2,0.055323,s7_p2
1779334111.0,7,3,0.137105,s7_p3
1779334111.0,8,4,0.000000,s8_p4
1779334111.0,8,1,0.072153,s8_p1
1779334111.0,8,2,0.000000,s8_p2
1779334111.0,8,3,0.028861,s8_p3
1779334111.0,4,1,0.000000,s4_p1
1779334111.0,4,4,0.081836,s4_p4
1779334111.0,4,2,0.000000,s4_p2
1779334111.0,4,3,0.000000,s4_p3
1779334111.0,9,1,0.000000,s9_p1
1779334111.0,9,4,0.000000,s9_p4
1779334111.0,9,2,0.000000,s9_p2
1779334111.0,9,3,0.000000,s9_p3
1779334111.0,8,4,0.000000,s8_p4
1779334111.0,8,1,0.058070,s8_p1
1779334111.0,8,2,0.038713,s8_p2
1779334111.0,8,3,0.122340,s8_p3
1779334111.0,15,4,0.000000,s15_p4
1779334111.0,15,1,0.029023,s15_p1
1779334111.0,15,2,0.096743,s15_p2
1779334111.0,15,3,0.909681,s15_p3
1779334111.0,6,1,0.058046,s6_p1
1779334111.0,6,4,0.000000,s6_p4
1779334111.0,6,2,0.118511,s6_p2
1779334111.0,6,3,0.082776,s6_p3
1779334111.0,10,4,0.231137,s10_p4
1779334111.0,10,1,0.024459,s10_p1
1779334111.0,10,2,0.014512,s10_p2
1779334111.0,10,3,0.000000,s10_p3
1779334111.0,14,4,0.000000,s14_p4
1779334111.0,14,1,0.019323,s14_p1
1779334111.0,14,2,0.000000,s14_p2
1779334111.0,14,3,0.000000,s14_p3
1779334111.0,3,4,0.014760,s3_p4
1779334111.0,3,1,0.000000,s3_p1
1779334111.0,3,2,0.026561,s3_p2
1779334111.0,3,3,0.149710,s3_p3
1779334111.0,1,4,0.046227,s1_p4
1779334111.0,1,1,0.024187,s1_p1
1779334111.0,1,2,0.000272,s1_p2
1779334111.0,1,3,0.016931,s1_p3
1779334111.0,11,4,0.000000,s11_p4
1779334111.0,11,1,0.000000,s11_p1
1779334111.0,11,2,0.029003,s11_p2
1779334111.0,11,3,0.640472,s11_p3
1779334111.0,13,1,0.024135,s13_p1
1779334111.0,13,4,0.000000,s13_p4
1779334111.0,13,2,0.176187,s13_p2
1779334111.0,13,3,0.615447,s13_p3
1779334111.0,7,1,0.016917,s7_p1
1779334111.0,7,4,0.000272,s7_p4
1779334111.0,7,2,0.048336,s7_p2
1779334111.0,7,3,0.125673,s7_p3
1779334111.0,12,4,0.375895,s12_p4
1779334111.0,12,1,0.026580,s12_p1
1779334111.0,12,2,0.000543,s12_p2
1779334111.0,12,3,0.000000,s12_p3
1779334111.0,20,1,0.194671,s20_p1
1779334111.0,20,4,0.181231,s20_p4
1779334111.0,20,2,0.135619,s20_p2
1779334111.0,20,3,0.096656,s20_p3
1779334111.0,4,1,0.000272,s4_p1
1779334111.0,4,4,0.060420,s4_p4
1779334111.0,4,2,0.029273,s4_p2
1779334111.0,4,3,0.009667,s4_p3
1779334111.0,17,4,0.628095,s17_p4
1779334111.0,17,1,0.193260,s17_p1
1779334111.0,17,2,0.144945,s17_p2
1779334111.0,17,3,1.000000,s17_p3
1779334111.0,2,1,0.038932,s2_p1
1779334111.0,2,4,0.000000,s2_p4
1779334111.0,2,2,0.135311,s2_p2
1779334111.0,2,3,0.000000,s2_p3
1779334111.0,18,4,0.000000,s18_p4
1779334111.0,18,1,0.000000,s18_p1
1779334111.0,18,2,0.000000,s18_p2
1779334111.0,18,3,0.000000,s18_p3
1779334111.0,16,1,0.036237,s16_p1
1779334111.0,16,4,0.001358,s16_p4
1779334111.0,16,2,0.000000,s16_p2
1779334111.0,16,3,0.000000,s16_p3
1779334111.0,9,1,0.000000,s9_p1
1779334111.0,9,4,0.000000,s9_p4
1779334111.0,9,2,0.038657,s9_p2
1779334111.0,9,3,0.084563,s9_p3
1779334111.0,19,1,0.000000,s19_p1
1779334111.0,19,4,0.000000,s19_p4
1779334111.0,19,2,0.000000,s19_p2
1779334111.0,19,3,0.000000,s19_p3
1779334111.0,5,4,0.000000,s5_p4
1779334111.0,5,1,0.000000,s5_p1
1779334111.0,5,2,0.043465,s5_p2
1779334111.0,5,3,0.084516,s5_p3
1779334112.0,6,1,0.066831,s6_p1
1779334112.0,6,4,0.000000,s6_p4
1779334112.0,6,2,0.054748,s6_p2
1779334112.0,6,3,0.219425,s6_p3
1779334112.0,10,4,0.181144,s10_p4
1779334112.0,10,1,0.000000,s10_p1
1779334112.0,10,2,0.043475,s10_p2
1779334112.0,10,3,0.000000,s10_p3
1779334112.0,15,4,0.000000,s15_p4
1779334112.0,15,1,0.083736,s15_p1
1779334112.0,15,2,0.118494,s15_p2
1779334112.0,15,3,0.999621,s15_p3
1779334112.0,1,4,0.036227,s1_p4
1779334112.0,1,1,0.000000,s1_p1
1779334112.0,1,2,0.000000,s1_p2
1779334112.0,1,3,0.033811,s1_p3
1779334112.0,14,4,0.000000,s14_p4
1779334112.0,14,1,0.037805,s14_p1
1779334112.0,14,2,0.001581,s14_p2
1779334112.0,14,3,0.000000,s14_p3
1779334112.0,3,4,0.043468,s3_p4
1779334112.0,3,1,0.002172,s3_p1
1779334112.0,3,2,0.000000,s3_p2
1779334112.0,3,3,0.190259,s3_p3
1779334112.0,13,1,0.079482,s13_p1
1779334112.0,13,4,0.000000,s13_p4
1779334112.0,13,2,0.119961,s13_p2
1779334112.0,13,3,0.994782,s13_p3
1779334112.0,7,1,0.062023,s7_p1
1779334112.0,7,4,0.001582,s7_p4
1779334112.0,7,2,0.021741,s7_p2
1779334112.0,7,3,0.045899,s7_p3
1779334112.0,8,4,0.001580,s8_p4
1779334112.0,8,1,0.032316,s8_p1
1779334112.0,8,2,0.086081,s8_p2
1779334112.0,8,3,0.247205,s8_p3
1779334112.0,12,4,0.217400,s12_p4
1779334112.0,12,1,0.000000,s12_p1
1779334112.0,12,2,0.000000,s12_p2
1779334112.0,12,3,0.000000,s12_p3
1779334112.0,11,4,0.000000,s11_p4
1779334112.0,11,1,0.002171,s11_p1
1779334112.0,11,2,0.074833,s11_p2
1779334112.0,11,3,0.999212,s11_p3
1779334112.0,16,1,0.000000,s16_p1
1779334112.0,16,4,0.015809,s16_p4
1779334112.0,16,2,0.000000,s16_p2
1779334112.0,16,3,0.000000,s16_p3
1779334112.0,20,1,0.217258,s20_p1
1779334112.0,20,4,0.000000,s20_p4
1779334112.0,20,2,0.000000,s20_p2
1779334112.0,20,3,0.196854,s20_p3
1779334112.0,17,4,1.000000,s17_p4
1779334112.0,17,1,0.422462,s17_p1
1779334112.0,17,2,0.385038,s17_p2
1779334112.0,17,3,0.996458,s17_p3
1779334112.0,4,1,0.000000,s4_p1
1779334112.0,4,4,0.000000,s4_p4
1779334112.0,4,2,0.074831,s4_p2
1779334112.0,4,3,0.021725,s4_p3
1779334112.0,2,1,0.084451,s2_p1
1779334112.0,2,4,0.000000,s2_p4
1779334112.0,2,2,0.043432,s2_p2
1779334112.0,2,3,0.000000,s2_p3
1779334112.0,5,4,0.000000,s5_p4
1779334112.0,5,1,0.016654,s5_p1
1779334112.0,5,2,0.100549,s5_p2
1779334112.0,5,3,0.009167,s5_p3
1779334112.0,19,1,0.000000,s19_p1
1779334112.0,19,4,0.000000,s19_p4
1779334112.0,19,2,0.000000,s19_p2
1779334112.0,19,3,0.000000,s19_p3
1779334112.0,9,1,0.000000,s9_p1
1779334112.0,9,4,0.000000,s9_p4
1779334112.0,9,2,0.084473,s9_p2
1779334112.0,9,3,0.168946,s9_p3
1779334112.0,18,4,0.000000,s18_p4
1779334112.0,18,1,0.000000,s18_p1
1779334112.0,18,2,0.000000,s18_p2
1779334112.0,18,3,0.000000,s18_p3
1779334112.0,1,4,0.033770,s1_p4
1779334112.0,1,1,0.000000,s1_p1
1779334112.0,1,2,0.000000,s1_p2
1779334112.0,1,3,0.036182,s1_p3
1779334112.0,6,1,0.000316,s6_p1
1779334112.0,6,4,0.000000,s6_p4
1779334112.0,6,2,0.000000,s6_p2
1779334112.0,6,3,0.219285,s6_p3
1779334112.0,10,4,0.168521,s10_p4
1779334112.0,10,1,0.000000,s10_p1
1779334112.0,10,2,0.040926,s10_p2
1779334112.0,10,3,0.000000,s10_p3
1779334112.0,14,4,0.000000,s14_p4
1779334112.0,14,1,0.033706,s14_p1
1779334112.0,14,2,0.000000,s14_p2
1779334112.0,14,3,0.000000,s14_p3
1779334112.0,15,4,0.000000,s15_p4
1779334112.0,15,1,0.067403,s15_p1
1779334112.0,15,2,0.130622,s15_p2
1779334112.0,15,3,0.999009,s15_p3
1779334112.0,19,1,0.000000,s19_p1
1779334112.0,19,4,0.000000,s19_p4
1779334112.0,19,2,0.000000,s19_p2
1779334112.0,19,3,0.000000,s19_p3
1779334112.0,8,4,0.000000,s8_p4
1779334112.0,8,1,0.000631,s8_p1
1779334112.0,8,2,0.130070,s8_p2
1779334112.0,8,3,0.171018,s8_p3
1779334112.0,3,4,0.040925,s3_p4
1779334112.0,3,1,0.000000,s3_p1
1779334112.0,3,2,0.000000,s3_p2
1779334112.0,3,3,0.151663,s3_p3
1779334112.0,20,1,0.204873,s20_p1
1779334112.0,20,4,0.000000,s20_p4
1779334112.0,20,2,0.000000,s20_p2
1779334112.0,20,3,0.168719,s20_p3
1779334112.0,4,1,0.000000,s4_p1
1779334112.0,4,4,0.000000,s4_p4
1779334112.0,4,2,0.089181,s4_p2
1779334112.0,4,3,0.024103,s4_p3
1779334112.0,7,1,0.055390,s7_p1
1779334112.0,7,4,0.000000,s7_p4
1779334112.0,7,2,0.012041,s7_p2
1779334112.0,7,3,0.000000,s7_p3
1779334112.0,11,4,0.000000,s11_p4
1779334112.0,11,1,0.000000,s11_p1
1779334112.0,11,2,0.089102,s11_p2
1779334112.0,11,3,0.999391,s11_p3
1779334112.0,9,1,0.000000,s9_p1
1779334112.0,9,4,0.000000,s9_p4
1779334112.0,9,2,0.200024,s9_p2
1779334112.0,9,3,0.180744,s9_p3
1779334112.0,2,1,0.199992,s2_p1
1779334112.0,2,4,0.000000,s2_p4
1779334112.0,2,2,0.040962,s2_p2
1779334112.0,2,3,0.000000,s2_p3
1779334112.0,5,4,0.000000,s5_p4
1779334112.0,5,1,0.033735,s5_p1
1779334112.0,5,2,0.060241,s5_p2
1779334112.0,5,3,0.000000,s5_p3
1779334112.0,13,1,0.060151,s13_p1
1779334112.0,13,4,0.000000,s13_p4
1779334112.0,13,2,0.000315,s13_p2
1779334112.0,13,3,0.998505,s13_p3
1779334112.0,12,4,0.204547,s12_p4
1779334112.0,12,1,0.000000,s12_p1
1779334112.0,12,2,0.000000,s12_p2
1779334112.0,12,3,0.000000,s12_p3
1779334112.0,18,4,0.000000,s18_p4
1779334112.0,18,1,0.000000,s18_p1
1779334112.0,18,2,0.000000,s18_p2
1779334112.0,18,3,0.000000,s18_p3
1779334112.0,16,1,0.000000,s16_p1
1779334112.0,16,4,0.000000,s16_p4
1779334112.0,16,2,0.000000,s16_p2
1779334112.0,16,3,0.000000,s16_p3
1779334112.0,17,4,0.990372,s17_p4
1779334112.0,17,1,0.999258,s17_p1
1779334112.0,17,2,0.445453,s17_p2
1779334112.0,17,3,0.302558,s17_p3
1779334113.0,19,1,0.000000,s19_p1
1779334113.0,19,4,0.000000,s19_p4
1779334113.0,19,2,0.000000,s19_p2
1779334113.0,19,3,0.000000,s19_p3
1779334113.0,6,1,0.000000,s6_p1
1779334113.0,6,4,0.000000,s6_p4
1779334113.0,6,2,0.000000,s6_p2
1779334113.0,6,3,0.217057,s6_p3
1779334113.0,15,4,0.000000,s15_p4
1779334113.0,15,1,0.028965,s15_p1
1779334113.0,15,2,0.171374,s15_p2
1779334113.0,15,3,0.989623,s15_p3
1779334113.0,14,4,0.000000,s14_p4
1779334113.0,14,1,0.036197,s14_p1
1779334113.0,14,2,0.000000,s14_p2
1779334113.0,14,3,0.000000,s14_p3
1779334113.0,1,4,0.036124,s1_p4
1779334113.0,1,1,0.000000,s1_p1
1779334113.0,1,2,0.000000,s1_p2
1779334113.0,1,3,0.036124,s1_p3
1779334113.0,3,4,0.043436,s3_p4
1779334113.0,3,1,0.000000,s3_p1
1779334113.0,3,2,0.000000,s3_p2
1779334113.0,3,3,0.154439,s3_p3
1779334113.0,10,4,0.180924,s10_p4
1779334113.0,10,1,0.000000,s10_p1
1779334113.0,10,2,0.043422,s10_p2
1779334113.0,10,3,0.000000,s10_p3
1779334113.0,13,1,0.024134,s13_p1
1779334113.0,13,4,0.000000,s13_p4
1779334113.0,13,2,0.000000,s13_p2
1779334113.0,13,3,1.000000,s13_p3
1779334113.0,20,1,0.216985,s20_p1
1779334113.0,20,4,0.000000,s20_p4
1779334113.0,20,2,0.000000,s20_p2
1779334113.0,20,3,0.180821,s20_p3
1779334113.0,7,1,0.016877,s7_p1
1779334113.0,7,4,0.000000,s7_p4
1779334113.0,7,2,0.012055,s7_p2
1779334113.0,7,3,0.000000,s7_p3
1779334113.0,4,1,0.000000,s4_p1
1779334113.0,4,4,0.000000,s4_p4
1779334113.0,4,2,0.089197,s4_p2
1779334113.0,4,3,0.021697,s4_p3
1779334113.0,8,4,0.000000,s8_p4
1779334113.0,8,1,0.000000,s8_p1
1779334113.0,8,2,0.171135,s8_p2
1779334113.0,8,3,0.168724,s8_p3
1779334113.0,18,4,0.000000,s18_p4
1779334113.0,18,1,0.000000,s18_p1
1779334113.0,18,2,0.000000,s18_p2
1779334113.0,18,3,0.000000,s18_p3
1779334113.0,12,4,0.216974,s12_p4
1779334113.0,12,1,0.000000,s12_p1
1779334113.0,12,2,0.000000,s12_p2
1779334113.0,12,3,0.000000,s12_p3
1779334113.0,17,4,1.000000,s17_p4
1779334113.0,17,1,0.988504,s17_p1
1779334113.0,17,2,0.446032,s17_p2
1779334113.0,17,3,0.120549,s17_p3
1779334113.0,16,1,0.000000,s16_p1
1779334113.0,16,4,0.000000,s16_p4
1779334113.0,16,2,0.000000,s16_p2
1779334113.0,16,3,0.000000,s16_p3
1779334113.0,5,4,0.000000,s5_p4
1779334113.0,5,1,0.024105,s5_p1
1779334113.0,5,2,0.036157,s5_p2
1779334113.0,5,3,0.000000,s5_p3
1779334113.0,11,4,0.000000,s11_p4
1779334113.0,11,1,0.000000,s11_p1
1779334113.0,11,2,0.089174,s11_p2
1779334113.0,11,3,0.976091,s11_p3
1779334113.0,2,1,0.197645,s2_p1
1779334113.0,2,4,0.000000,s2_p4
1779334113.0,2,2,0.043386,s2_p2
1779334113.0,2,3,0.000000,s2_p3
1779334113.0,9,1,0.000000,s9_p1
1779334113.0,9,4,0.000000,s9_p4
1779334113.0,9,2,0.197607,s9_p2
1779334113.0,9,3,0.180738,s9_p3
1779334113.0,19,1,0.000000,s19_p1
1779334113.0,19,4,0.000000,s19_p4
1779334113.0,19,2,0.000000,s19_p2
1779334113.0,19,3,0.000000,s19_p3
1779334113.0,6,1,0.000000,s6_p1
1779334113.0,6,4,0.000000,s6_p4
1779334113.0,6,2,0.000000,s6_p2
1779334113.0,6,3,0.215476,s6_p3
1779334113.0,15,4,0.000000,s15_p4
1779334113.0,15,1,0.058129,s15_p1
1779334113.0,15,2,0.142899,s15_p2
1779334113.0,15,3,0.847708,s15_p3
1779334113.0,14,4,0.000000,s14_p4
1779334113.0,14,1,0.036335,s14_p1
1779334113.0,14,2,0.000000,s14_p2
1779334113.0,14,3,0.000000,s14_p3
1779334113.0,3,4,0.041183,s3_p4
1779334113.0,3,1,0.000000,s3_p1
1779334113.0,3,2,0.000000,s3_p2
1779334113.0,3,3,0.152621,s3_p3
1779334113.0,1,4,0.036336,s1_p4
1779334113.0,1,1,0.000000,s1_p1
1779334113.0,1,2,0.000000,s1_p2
1779334113.0,1,3,0.036336,s1_p3
1779334113.0,10,4,0.181703,s10_p4
1779334113.0,10,1,0.000000,s10_p1
1779334113.0,10,2,0.041186,s10_p2
1779334113.0,10,3,0.000000,s10_p3
1779334113.0,7,1,0.038785,s7_p1
1779334113.0,7,4,0.000000,s7_p4
1779334113.0,7,2,0.019392,s7_p2
1779334113.0,7,3,0.000000,s7_p3
1779334113.0,12,4,0.206223,s12_p4
1779334113.0,12,1,0.000000,s12_p1
1779334113.0,12,2,0.000000,s12_p2
1779334113.0,12,3,0.000000,s12_p3
1779334113.0,20,1,0.206014,s20_p1
1779334113.0,20,4,0.000000,s20_p4
1779334113.0,20,2,0.000000,s20_p2
1779334113.0,20,3,0.181777,s20_p3
1779334113.0,8,4,0.000000,s8_p4
1779334113.0,8,1,0.000000,s8_p1
1779334113.0,8,2,0.143021,s8_p2
1779334113.0,8,3,0.169685,s8_p3
1779334113.0,4,1,0.000000,s4_p1
1779334113.0,4,4,0.000000,s4_p4
1779334113.0,4,2,0.096921,s4_p2
1779334113.0,4,3,0.024230,s4_p3
1779334113.0,18,4,0.000000,s18_p4
1779334113.0,18,1,0.000000,s18_p1
1779334113.0,18,2,0.000000,s18_p2
1779334113.0,18,3,0.000000,s18_p3
1779334113.0,17,4,1.000000,s17_p4
1779334113.0,17,1,0.848737,s17_p1
1779334113.0,17,2,0.484993,s17_p2
1779334113.0,17,3,0.121248,s17_p3
1779334113.0,13,1,0.024221,s13_p1
1779334113.0,13,4,0.000000,s13_p4
1779334113.0,13,2,0.000000,s13_p2
1779334113.0,13,3,1.000000,s13_p3
1779334113.0,5,4,0.000000,s5_p4
1779334113.0,5,1,0.024250,s5_p1
1779334113.0,5,2,0.036375,s5_p2
1779334113.0,5,3,0.000000,s5_p3
1779334113.0,2,1,0.169722,s2_p1
1779334113.0,2,4,0.000000,s2_p4
1779334113.0,2,2,0.041218,s2_p2
1779334113.0,2,3,0.000000,s2_p3
1779334113.0,9,1,0.000000,s9_p1
1779334113.0,9,4,0.000000,s9_p4
1779334113.0,9,2,0.169703,s9_p2
1779334113.0,9,3,0.181825,s9_p3
1779334113.0,16,1,0.000000,s16_p1
1779334113.0,16,4,0.000000,s16_p4
1779334113.0,16,2,0.000000,s16_p2
1779334113.0,16,3,0.000000,s16_p3
1779334113.0,11,4,0.000000,s11_p4
1779334113.0,11,1,0.000000,s11_p1
1779334113.0,11,2,0.096911,s11_p2
1779334113.0,11,3,0.884312,s11_p3
1779334114.0,14,4,0.000000,s14_p4
1779334114.0,14,1,0.036221,s14_p1
1779334114.0,14,2,0.000000,s14_p2
1779334114.0,14,3,0.000000,s14_p3
1779334114.0,6,1,0.000000,s6_p1
1779334114.0,6,4,0.000000,s6_p4
1779334114.0,6,2,0.000000,s6_p2
1779334114.0,6,3,0.217170,s6_p3
1779334114.0,1,4,0.036216,s1_p4
1779334114.0,1,1,0.000000,s1_p1
1779334114.0,1,2,0.000000,s1_p2
1779334114.0,1,3,0.033801,s1_p3
1779334114.0,3,4,0.043456,s3_p4
1779334114.0,3,1,0.000000,s3_p1
1779334114.0,3,2,0.000000,s3_p2
1779334114.0,3,3,0.154512,s3_p3
1779334114.0,13,1,0.021738,s13_p1
1779334114.0,13,4,0.000000,s13_p4
1779334114.0,13,2,0.000000,s13_p2
1779334114.0,13,3,1.000000,s13_p3
1779334114.0,15,4,0.000000,s15_p4
1779334114.0,15,1,0.069960,s15_p1
1779334114.0,15,2,0.130270,s15_p2
1779334114.0,15,3,0.844341,s15_p3
1779334114.0,7,1,0.050684,s7_p1
1779334114.0,7,4,0.000000,s7_p4
1779334114.0,7,2,0.019308,s7_p2
1779334114.0,7,3,0.000000,s7_p3
1779334114.0,8,4,0.000000,s8_p4
1779334114.0,8,1,0.000000,s8_p1
1779334114.0,8,2,0.130340,s8_p2
1779334114.0,8,3,0.168960,s8_p3
1779334114.0,10,4,0.180941,s10_p4
1779334114.0,10,1,0.000000,s10_p1
1779334114.0,10,2,0.043426,s10_p2
1779334114.0,10,3,0.000000,s10_p3
1779334114.0,20,1,0.217219,s20_p1
1779334114.0,20,4,0.000000,s20_p4
1779334114.0,20,2,0.000000,s20_p2
1779334114.0,20,3,0.181016,s20_p3
1779334114.0,4,1,0.000000,s4_p1
1779334114.0,4,4,0.000000,s4_p4
1779334114.0,4,2,0.089281,s4_p2
1779334114.0,4,3,0.021717,s4_p3
1779334114.0,9,1,0.000000,s9_p1
1779334114.0,9,4,0.000000,s9_p4
1779334114.0,9,2,0.168999,s9_p2
1779334114.0,9,3,0.168999,s9_p3
1779334114.0,17,4,1.000000,s17_p4
1779334114.0,17,1,0.844531,s17_p1
1779334114.0,17,2,0.446395,s17_p2
1779334114.0,17,3,0.108582,s17_p3
1779334114.0,2,1,0.168944,s2_p1
1779334114.0,2,4,0.000000,s2_p4
1779334114.0,2,2,0.043443,s2_p2
1779334114.0,2,3,0.000000,s2_p3
1779334114.0,18,4,0.000000,s18_p4
1779334114.0,18,1,0.000000,s18_p1
1779334114.0,18,2,0.000000,s18_p2
1779334114.0,18,3,0.000000,s18_p3
1779334114.0,12,4,0.217022,s12_p4
1779334114.0,12,1,0.000000,s12_p1
1779334114.0,12,2,0.000000,s12_p2
1779334114.0,12,3,0.000000,s12_p3
1779334114.0,16,1,0.000000,s16_p1
1779334114.0,16,4,0.000000,s16_p4
1779334114.0,16,2,0.000000,s16_p2
1779334114.0,16,3,0.000000,s16_p3
1779334114.0,11,4,0.000000,s11_p4
1779334114.0,11,1,0.000000,s11_p1
1779334114.0,11,2,0.089345,s11_p2
1779334114.0,11,3,0.881380,s11_p3
1779334114.0,5,4,0.000000,s5_p4
1779334114.0,5,1,0.021712,s5_p1
1779334114.0,5,2,0.036186,s5_p2
1779334114.0,5,3,0.000000,s5_p3
1779334114.0,19,1,0.000000,s19_p1
1779334114.0,19,4,0.000000,s19_p4
1779334114.0,19,2,0.000000,s19_p2
1779334114.0,19,3,0.000000,s19_p3
1779334114.0,1,4,0.033828,s1_p4
1779334114.0,1,1,0.000000,s1_p1
1779334114.0,1,2,0.000000,s1_p2
1779334114.0,1,3,0.036244,s1_p3
1779334114.0,19,1,0.000000,s19_p1
1779334114.0,19,4,0.000000,s19_p4
1779334114.0,19,2,0.000000,s19_p2
1779334114.0,19,3,0.000000,s19_p3
1779334114.0,6,1,0.000000,s6_p1
1779334114.0,6,4,0.000000,s6_p4
1779334114.0,6,2,0.000000,s6_p2
1779334114.0,6,3,0.214998,s6_p3
1779334114.0,20,1,0.205357,s20_p1
1779334114.0,20,4,0.000000,s20_p4
1779334114.0,20,2,0.000000,s20_p2
1779334114.0,20,3,0.169118,s20_p3
1779334114.0,14,4,0.000000,s14_p4
1779334114.0,14,1,0.033786,s14_p1
1779334114.0,14,2,0.000000,s14_p2
1779334114.0,14,3,0.000000,s14_p3
1779334114.0,15,4,0.000000,s15_p4
1779334114.0,15,1,0.057969,s15_p1
1779334114.0,15,2,0.140092,s15_p2
1779334114.0,15,3,0.845381,s15_p3
1779334114.0,7,1,0.036231,s7_p1
1779334114.0,7,4,0.000000,s7_p4
1779334114.0,7,2,0.021739,s7_p2
1779334114.0,7,3,0.000000,s7_p3
1779334114.0,10,4,0.169084,s10_p4
1779334114.0,10,1,0.000000,s10_p1
1779334114.0,10,2,0.041063,s10_p2
1779334114.0,10,3,0.000000,s10_p3
1779334114.0,3,4,0.041032,s3_p4
1779334114.0,3,1,0.000000,s3_p1
1779334114.0,3,2,0.000000,s3_p2
1779334114.0,3,3,0.152059,s3_p3
1779334114.0,8,4,0.000000,s8_p4
1779334114.0,8,1,0.000000,s8_p1
1779334114.0,8,2,0.140086,s8_p2
1779334114.0,8,3,0.169069,s8_p3
1779334114.0,13,1,0.021733,s13_p1
1779334114.0,13,4,0.000000,s13_p4
1779334114.0,13,2,0.000000,s13_p2
1779334114.0,13,3,1.000000,s13_p3
1779334114.0,4,1,0.000000,s4_p1
1779334114.0,4,4,0.000000,s4_p4
1779334114.0,4,2,0.096614,s4_p2
1779334114.0,4,3,0.021738,s4_p3
1779334114.0,17,4,0.990336,s17_p4
1779334114.0,17,1,0.845409,s17_p1
1779334114.0,17,2,0.483091,s17_p2
1779334114.0,17,3,0.108695,s17_p3
1779334114.0,9,1,0.000000,s9_p1
1779334114.0,9,4,0.000000,s9_p4
1779334114.0,9,2,0.169070,s9_p2
1779334114.0,9,3,0.181146,s9_p3
1779334114.0,5,4,0.000000,s5_p4
1779334114.0,5,1,0.021744,s5_p1
1779334114.0,5,2,0.033823,s5_p2
1779334114.0,5,3,0.000000,s5_p3
1779334114.0,18,4,0.000000,s18_p4
1779334114.0,18,1,0.000000,s18_p1
1779334114.0,18,2,0.000000,s18_p2
1779334114.0,18,3,0.000000,s18_p3
1779334114.0,12,4,0.205322,s12_p4
1779334114.0,12,1,0.000000,s12_p1
1779334114.0,12,2,0.000000,s12_p2
1779334114.0,12,3,0.000000,s12_p3
1779334114.0,16,1,0.000000,s16_p1
1779334114.0,16,4,0.000000,s16_p4
1779334114.0,16,2,0.000000,s16_p2
1779334114.0,16,3,0.000000,s16_p3
1779334114.0,11,4,0.000000,s11_p4
1779334114.0,11,1,0.000000,s11_p1
1779334114.0,11,2,0.096628,s11_p2
1779334114.0,11,3,0.869651,s11_p3
1779334114.0,2,1,0.169061,s2_p1
1779334114.0,2,4,0.000000,s2_p4
1779334114.0,2,2,0.041058,s2_p2
1779334114.0,2,3,0.000000,s2_p3
1779334115.0,14,4,0.000000,s14_p4
1779334115.0,14,1,0.036254,s14_p1
1779334115.0,14,2,0.000000,s14_p2
1779334115.0,14,3,0.000000,s14_p3
1779334115.0,13,1,0.024147,s13_p1
1779334115.0,13,4,0.000000,s13_p4
1779334115.0,13,2,0.000000,s13_p2
1779334115.0,13,3,0.990035,s13_p3
1779334115.0,15,4,0.000000,s15_p4
1779334115.0,15,1,0.067597,s15_p1
1779334115.0,15,2,0.132780,s15_p2
1779334115.0,15,3,0.844967,s15_p3
1779334115.0,3,4,0.041042,s3_p4
1779334115.0,3,1,0.000000,s3_p1
1779334115.0,3,2,0.000000,s3_p2
1779334115.0,3,3,0.152098,s3_p3
1779334115.0,1,4,0.036172,s1_p4
1779334115.0,1,1,0.000000,s1_p1
1779334115.0,1,2,0.000000,s1_p2
1779334115.0,1,3,0.036172,s1_p3
1779334115.0,6,1,0.000000,s6_p1
1779334115.0,6,4,0.000000,s6_p4
1779334115.0,6,2,0.000000,s6_p2
1779334115.0,6,3,0.219472,s6_p3
1779334115.0,4,1,0.000000,s4_p1
1779334115.0,4,4,0.000000,s4_p4
1779334115.0,4,2,0.091794,s4_p2
1779334115.0,4,3,0.024156,s4_p3
1779334115.0,8,4,0.000000,s8_p4
1779334115.0,8,1,0.000000,s8_p1
1779334115.0,8,2,0.132770,s8_p2
1779334115.0,8,3,0.168980,s8_p3
1779334115.0,10,4,0.181034,s10_p4
1779334115.0,10,1,0.000000,s10_p1
1779334115.0,10,2,0.041034,s10_p2
1779334115.0,10,3,0.000000,s10_p3
1779334115.0,12,4,0.205343,s12_p4
1779334115.0,12,1,0.000000,s12_p1
1779334115.0,12,2,0.000000,s12_p2
1779334115.0,12,3,0.000000,s12_p3
1779334115.0,7,1,0.043444,s7_p1
1779334115.0,7,4,0.000000,s7_p4
1779334115.0,7,2,0.024135,s7_p2
1779334115.0,7,3,0.000000,s7_p3
1779334115.0,16,1,0.000000,s16_p1
1779334115.0,16,4,0.000000,s16_p4
1779334115.0,16,2,0.000000,s16_p2
1779334115.0,16,3,0.000000,s16_p3
1779334115.0,20,1,0.204980,s20_p1
1779334115.0,20,4,0.000000,s20_p4
1779334115.0,20,2,0.000000,s20_p2
1779334115.0,20,3,0.180865,s20_p3
1779334115.0,11,4,0.000000,s11_p4
1779334115.0,11,1,0.000000,s11_p1
1779334115.0,11,2,0.091735,s11_p2
1779334115.0,11,3,0.893214,s11_p3
1779334115.0,19,1,0.000000,s19_p1
1779334115.0,19,4,0.000000,s19_p4
1779334115.0,19,2,0.000000,s19_p2
1779334115.0,19,3,0.000000,s19_p3
1779334115.0,2,1,0.168982,s2_p1
1779334115.0,2,4,0.000000,s2_p4
1779334115.0,2,2,0.041039,s2_p2
1779334115.0,2,3,0.000000,s2_p3
1779334115.0,17,4,1.000000,s17_p4
1779334115.0,17,1,0.844747,s17_p1
1779334115.0,17,2,0.458577,s17_p2
1779334115.0,17,3,0.120678,s17_p3
1779334115.0,9,1,0.000000,s9_p1
1779334115.0,9,4,0.000000,s9_p4
1779334115.0,9,2,0.168950,s9_p2
1779334115.0,9,3,0.181018,s9_p3
1779334115.0,5,4,0.000000,s5_p4
1779334115.0,5,1,0.024136,s5_p1
1779334115.0,5,2,0.036204,s5_p2
1779334115.0,5,3,0.000000,s5_p3
1779334115.0,18,4,0.000000,s18_p4
1779334115.0,18,1,0.000000,s18_p1
1779334115.0,18,2,0.000000,s18_p2
1779334115.0,18,3,0.000000,s18_p3
1779334115.0,8,4,0.000000,s8_p4
1779334115.0,8,1,0.000000,s8_p1
1779334115.0,8,2,0.130471,s8_p2
1779334115.0,8,3,0.169130,s8_p3
1779334115.0,6,1,0.000000,s6_p1
1779334115.0,6,4,0.000000,s6_p4
1779334115.0,6,2,0.000000,s6_p2
1779334115.0,6,3,0.214993,s6_p3
1779334115.0,3,4,0.043476,s3_p4
1779334115.0,3,1,0.000000,s3_p1
1779334115.0,3,2,0.000000,s3_p2
1779334115.0,3,3,0.154583,s3_p3
1779334115.0,7,1,0.045902,s7_p1
1779334115.0,7,4,0.000000,s7_p4
1779334115.0,7,2,0.024159,s7_p2
1779334115.0,7,3,0.000000,s7_p3
1779334115.0,15,4,0.000000,s15_p4
1779334115.0,15,1,0.070040,s15_p1
1779334115.0,15,2,0.130419,s15_p2
1779334115.0,15,3,0.845310,s15_p3
1779334115.0,20,1,0.217570,s20_p1
1779334115.0,20,4,0.000000,s20_p4
1779334115.0,20,2,0.000000,s20_p2
1779334115.0,20,3,0.181309,s20_p3
1779334115.0,4,1,0.000000,s4_p1
1779334115.0,4,4,0.000000,s4_p4
1779334115.0,4,2,0.089372,s4_p2
1779334115.0,4,3,0.021739,s4_p3
1779334115.0,1,4,0.036199,s1_p4
1779334115.0,1,1,0.000000,s1_p1
1779334115.0,1,2,0.000000,s1_p2
1779334115.0,1,3,0.036199,s1_p3
1779334115.0,16,1,0.000000,s16_p1
1779334115.0,16,4,0.000000,s16_p4
1779334115.0,16,2,0.000000,s16_p2
1779334115.0,16,3,0.000000,s16_p3
1779334115.0,2,1,0.169078,s2_p1
1779334115.0,2,4,0.000000,s2_p4
1779334115.0,2,2,0.043477,s2_p2
1779334115.0,2,3,0.000000,s2_p3
1779334115.0,12,4,0.217206,s12_p4
1779334115.0,12,1,0.000000,s12_p1
1779334115.0,12,2,0.000000,s12_p2
1779334115.0,12,3,0.000000,s12_p3
1779334115.0,14,4,0.000000,s14_p4
1779334115.0,14,1,0.036149,s14_p1
1779334115.0,14,2,0.000000,s14_p2
1779334115.0,14,3,0.000000,s14_p3
1779334115.0,5,4,0.000000,s5_p4
1779334115.0,5,1,0.021738,s5_p1
1779334115.0,5,2,0.036230,s5_p2
1779334115.0,5,3,0.000000,s5_p3
1779334115.0,13,1,0.021711,s13_p1
1779334115.0,13,4,0.000000,s13_p4
1779334115.0,13,2,0.000000,s13_p2
1779334115.0,13,3,1.000000,s13_p3
1779334115.0,19,1,0.000000,s19_p1
1779334115.0,19,4,0.000000,s19_p4
1779334115.0,19,2,0.000000,s19_p2
1779334115.0,19,3,0.000000,s19_p3
1779334115.0,10,4,0.180961,s10_p4
1779334115.0,10,1,0.000000,s10_p1
1779334115.0,10,2,0.043431,s10_p2
1779334115.0,10,3,0.000000,s10_p3
1779334115.0,9,1,0.000000,s9_p1
1779334115.0,9,4,0.000000,s9_p4
1779334115.0,9,2,0.169042,s9_p2
1779334115.0,9,3,0.181116,s9_p3
1779334115.0,17,4,1.000000,s17_p4
1779334115.0,17,1,0.845157,s17_p1
1779334115.0,17,2,0.446726,s17_p2
1779334115.0,17,3,0.108663,s17_p3
1779334115.0,18,4,0.000000,s18_p4
1779334115.0,18,1,0.000000,s18_p1
1779334115.0,18,2,0.000000,s18_p2
1779334115.0,18,3,0.000000,s18_p3
1779334115.0,11,4,0.000000,s11_p4
1779334115.0,11,1,0.000000,s11_p1
1779334115.0,11,2,0.089331,s11_p2
1779334115.0,11,3,0.869164,s11_p3
1779334116.0,1,4,0.033892,s1_p4
1779334116.0,1,1,0.000000,s1_p1
1779334116.0,1,2,0.000000,s1_p2
1779334116.0,1,3,0.033892,s1_p3
1779334116.0,6,1,0.000000,s6_p1
1779334116.0,6,4,0.000000,s6_p4
1779334116.0,6,2,0.000000,s6_p2
1779334116.0,6,3,0.217635,s6_p3
1779334116.0,14,4,0.000000,s14_p4
1779334116.0,14,1,0.033890,s14_p1
1779334116.0,14,2,0.000000,s14_p2
1779334116.0,14,3,0.000000,s14_p3
1779334116.0,10,4,0.169399,s10_p4
1779334116.0,10,1,0.000000,s10_p1
1779334116.0,10,2,0.041140,s10_p2
1779334116.0,10,3,0.000000,s10_p3
1779334116.0,3,4,0.041086,s3_p4
1779334116.0,3,1,0.000000,s3_p1
1779334116.0,3,2,0.000000,s3_p2
1779334116.0,3,3,0.152260,s3_p3
1779334116.0,15,4,0.000000,s15_p4
1779334116.0,15,1,0.067672,s15_p1
1779334116.0,15,2,0.132927,s15_p2
1779334116.0,15,3,0.845898,s15_p3
1779334116.0,8,4,0.000000,s8_p4
1779334116.0,8,1,0.000000,s8_p1
1779334116.0,8,2,0.132895,s8_p2
1779334116.0,8,3,0.169139,s8_p3
1779334116.0,12,4,0.205533,s12_p4
1779334116.0,12,1,0.000000,s12_p1
1779334116.0,12,2,0.000000,s12_p2
1779334116.0,12,3,0.000000,s12_p3
1779334116.0,13,1,0.021764,s13_p1
1779334116.0,13,4,0.000000,s13_p4
1779334116.0,13,2,0.000000,s13_p2
1779334116.0,13,3,1.000000,s13_p3
1779334116.0,4,1,0.000000,s4_p1
1779334116.0,4,4,0.000000,s4_p4
1779334116.0,4,2,0.099038,s4_p2
1779334116.0,4,3,0.021740,s4_p3
1779334116.0,20,1,0.205315,s20_p1
1779334116.0,20,4,0.000000,s20_p4
1779334116.0,20,2,0.000000,s20_p2
1779334116.0,20,3,0.181160,s20_p3
1779334116.0,5,4,0.000000,s5_p4
1779334116.0,5,1,0.021761,s5_p1
1779334116.0,5,2,0.036269,s5_p2
1779334116.0,5,3,0.000000,s5_p3
1779334116.0,7,1,0.043475,s7_p1
1779334116.0,7,4,0.000000,s7_p4
1779334116.0,7,2,0.024153,s7_p2
1779334116.0,7,3,0.000000,s7_p3
1779334116.0,11,4,0.000000,s11_p4
1779334116.0,11,1,0.000000,s11_p1
1779334116.0,11,2,0.099116,s11_p2
1779334116.0,11,3,0.870289,s11_p3
1779334116.0,16,1,0.000000,s16_p1
1779334116.0,16,4,0.000000,s16_p4
1779334116.0,16,2,0.000000,s16_p2
1779334116.0,16,3,0.000000,s16_p3
1779334116.0,9,1,0.000000,s9_p1
1779334116.0,9,4,0.000000,s9_p4
1779334116.0,9,2,0.171604,s9_p2
1779334116.0,9,3,0.169187,s9_p3
1779334116.0,2,1,0.171551,s2_p1
1779334116.0,2,4,0.000000,s2_p4
1779334116.0,2,2,0.041076,s2_p2
1779334116.0,2,3,0.000000,s2_p3
1779334116.0,18,4,0.000000,s18_p4
1779334116.0,18,1,0.000000,s18_p1
1779334116.0,18,2,0.000000,s18_p2
1779334116.0,18,3,0.000000,s18_p3
1779334116.0,17,4,1.000000,s17_p4
1779334116.0,17,1,0.857992,s17_p1
1779334116.0,17,2,0.495460,s17_p2
1779334116.0,17,3,0.108760,s17_p3
1779334116.0,19,1,0.000000,s19_p1
1779334116.0,19,4,0.000000,s19_p4
1779334116.0,19,2,0.000000,s19_p2
1779334116.0,19,3,0.000000,s19_p3
1779334116.0,6,1,0.000000,s6_p1
1779334116.0,6,4,0.000000,s6_p4
1779334116.0,6,2,0.000000,s6_p2
1779334116.0,6,3,0.217113,s6_p3
1779334116.0,1,4,0.036173,s1_p4
1779334116.0,1,1,0.000000,s1_p1
1779334116.0,1,2,0.000000,s1_p2
1779334116.0,1,3,0.036173,s1_p3
1779334116.0,3,4,0.043417,s3_p4
1779334116.0,3,1,0.000000,s3_p1
1779334116.0,3,2,0.000000,s3_p2
1779334116.0,3,3,0.154371,s3_p3
1779334116.0,8,4,0.000000,s8_p4
1779334116.0,8,1,0.000000,s8_p1
1779334116.0,8,2,0.132659,s8_p2
1779334116.0,8,3,0.171251,s8_p3
1779334116.0,10,4,0.180866,s10_p4
1779334116.0,10,1,0.000000,s10_p1
1779334116.0,10,2,0.043408,s10_p2
1779334116.0,10,3,0.000000,s10_p3
1779334116.0,15,4,0.000000,s15_p4
1779334116.0,15,1,0.067529,s15_p1
1779334116.0,15,2,0.132646,s15_p2
1779334116.0,15,3,0.856170,s15_p3
1779334116.0,14,4,0.000000,s14_p4
1779334116.0,14,1,0.036155,s14_p1
1779334116.0,14,2,0.000000,s14_p2
1779334116.0,14,3,0.000000,s14_p3
1779334116.0,13,1,0.024118,s13_p1
1779334116.0,13,4,0.000000,s13_p4
1779334116.0,13,2,0.000000,s13_p2
1779334116.0,13,3,1.000000,s13_p3
1779334116.0,12,4,0.217026,s12_p4
1779334116.0,12,1,0.000000,s12_p1
1779334116.0,12,2,0.000000,s12_p2
1779334116.0,12,3,0.000000,s12_p3
1779334116.0,4,1,0.000000,s4_p1
1779334116.0,4,4,0.000000,s4_p4
1779334116.0,4,2,0.089225,s4_p2
1779334116.0,4,3,0.024115,s4_p3
1779334116.0,17,4,1.000000,s17_p4
1779334116.0,17,1,0.843998,s17_p1
1779334116.0,17,2,0.446113,s17_p2
1779334116.0,17,3,0.120571,s17_p3
1779334116.0,20,1,0.216868,s20_p1
1779334116.0,20,4,0.000000,s20_p4
1779334116.0,20,2,0.000000,s20_p2
1779334116.0,20,3,0.168675,s20_p3
1779334116.0,18,4,0.000000,s18_p4
1779334116.0,18,1,0.000000,s18_p1
1779334116.0,18,2,0.000000,s18_p2
1779334116.0,18,3,0.000000,s18_p3
1779334116.0,11,4,0.000000,s11_p4
1779334116.0,11,1,0.000000,s11_p1
1779334116.0,11,2,0.089195,s11_p2
1779334116.0,11,3,0.891952,s11_p3
1779334116.0,7,1,0.045779,s7_p1
1779334116.0,7,4,0.000000,s7_p4
1779334116.0,7,2,0.021685,s7_p2
1779334116.0,7,3,0.000000,s7_p3
1779334116.0,9,1,0.000000,s9_p1
1779334116.0,9,4,0.000000,s9_p4
1779334116.0,9,2,0.168748,s9_p2
1779334116.0,9,3,0.180801,s9_p3
1779334116.0,16,1,0.000000,s16_p1
1779334116.0,16,4,0.000000,s16_p4
1779334116.0,16,2,0.000000,s16_p2
1779334116.0,16,3,0.000000,s16_p3
1779334116.0,5,4,0.000000,s5_p4
1779334116.0,5,1,0.024092,s5_p1
1779334116.0,5,2,0.033729,s5_p2
1779334116.0,5,3,0.000000,s5_p3
1779334116.0,2,1,0.168740,s2_p1
1779334116.0,2,4,0.000000,s2_p4
1779334116.0,2,2,0.043390,s2_p2
1779334116.0,2,3,0.000000,s2_p3
1779334116.0,19,1,0.000000,s19_p1
1779334116.0,19,4,0.000000,s19_p4
1779334116.0,19,2,0.000000,s19_p2
1779334116.0,19,3,0.000000,s19_p3
1779334117.0,19,1,0.000000,s19_p1
1779334117.0,19,4,0.000000,s19_p4
1779334117.0,19,2,0.000000,s19_p2
1779334117.0,19,3,0.000000,s19_p3
1779334117.0,6,1,0.000000,s6_p1
1779334117.0,6,4,0.000000,s6_p4
1779334117.0,6,2,0.000000,s6_p2
1779334117.0,6,3,0.214624,s6_p3
1779334117.0,3,4,0.041004,s3_p4
1779334117.0,3,1,0.000000,s3_p1
1779334117.0,3,2,0.000000,s3_p2
1779334117.0,3,3,0.151956,s3_p3
1779334117.0,1,4,0.036158,s1_p4
1779334117.0,1,1,0.000000,s1_p1
1779334117.0,1,2,0.000000,s1_p2
1779334117.0,1,3,0.036158,s1_p3
1779334117.0,10,4,0.180909,s10_p4
1779334117.0,10,1,0.000000,s10_p1
1779334117.0,10,2,0.041006,s10_p2
1779334117.0,10,3,0.000000,s10_p3
1779334117.0,14,4,0.000000,s14_p4
1779334117.0,14,1,0.036183,s14_p1
1779334117.0,14,2,0.000000,s14_p2
1779334117.0,14,3,0.000000,s14_p3
1779334117.0,8,4,0.000000,s8_p4
1779334117.0,8,1,0.000000,s8_p1
1779334117.0,8,2,0.139785,s8_p2
1779334117.0,8,3,0.168706,s8_p3
1779334117.0,15,4,0.000000,s15_p4
1779334117.0,15,1,0.060251,s15_p1
1779334117.0,15,2,0.139783,s15_p2
1779334117.0,15,3,0.843516,s15_p3
1779334117.0,4,1,0.000000,s4_p1
1779334117.0,4,4,0.000000,s4_p4
1779334117.0,4,2,0.094052,s4_p2
1779334117.0,4,3,0.021704,s4_p3
1779334117.0,20,1,0.205140,s20_p1
1779334117.0,20,4,0.000000,s20_p4
1779334117.0,20,2,0.000000,s20_p2
1779334117.0,20,3,0.181006,s20_p3
1779334117.0,7,1,0.038618,s7_p1
1779334117.0,7,4,0.000000,s7_p4
1779334117.0,7,2,0.021723,s7_p2
1779334117.0,7,3,0.000000,s7_p3
1779334117.0,18,4,0.000000,s18_p4
1779334117.0,18,1,0.000000,s18_p1
1779334117.0,18,2,0.000000,s18_p2
1779334117.0,18,3,0.000000,s18_p3
1779334117.0,16,1,0.000000,s16_p1
1779334117.0,16,4,0.000000,s16_p4
1779334117.0,16,2,0.000000,s16_p2
1779334117.0,16,3,0.000000,s16_p3
1779334117.0,12,4,0.204795,s12_p4
1779334117.0,12,1,0.000000,s12_p1
1779334117.0,12,2,0.000000,s12_p2
1779334117.0,12,3,0.000000,s12_p3
1779334117.0,2,1,0.168827,s2_p1
1779334117.0,2,4,0.000000,s2_p4
1779334117.0,2,2,0.041001,s2_p2
1779334117.0,2,3,0.000000,s2_p3
1779334117.0,9,1,0.000000,s9_p1
1779334117.0,9,4,0.000000,s9_p4
1779334117.0,9,2,0.168811,s9_p2
1779334117.0,9,3,0.180869,s9_p3
1779334117.0,11,4,0.000000,s11_p4
1779334117.0,11,1,0.000000,s11_p1
1779334117.0,11,2,0.094040,s11_p2
1779334117.0,11,3,0.868061,s11_p3
1779334117.0,17,4,1.000000,s17_p4
1779334117.0,17,1,0.843809,s17_p1
1779334117.0,17,2,0.470122,s17_p2
1779334117.0,17,3,0.108490,s17_p3
1779334117.0,13,1,0.021679,s13_p1
1779334117.0,13,4,0.000000,s13_p4
1779334117.0,13,2,0.000000,s13_p2
1779334117.0,13,3,0.999648,s13_p3
1779334117.0,5,4,0.000000,s5_p4
1779334117.0,5,1,0.021703,s5_p1
1779334117.0,5,2,0.036172,s5_p2
1779334117.0,5,3,0.000000,s5_p3
1779334117.0,1,4,0.036244,s1_p4
1779334117.0,1,1,0.000000,s1_p1
1779334117.0,1,2,0.000000,s1_p2
1779334117.0,1,3,0.036244,s1_p3
1779334117.0,14,4,0.000000,s14_p4
1779334117.0,14,1,0.036239,s14_p1
1779334117.0,14,2,0.000000,s14_p2
1779334117.0,14,3,0.000000,s14_p3
1779334117.0,6,1,0.000000,s6_p1
1779334117.0,6,4,0.000000,s6_p4
1779334117.0,6,2,0.000000,s6_p2
1779334117.0,6,3,0.219699,s6_p3
1779334117.0,4,1,0.000000,s4_p1
1779334117.0,4,4,0.000000,s4_p4
1779334117.0,4,2,0.096635,s4_p2
1779334117.0,4,3,0.024159,s4_p3
1779334117.0,15,4,0.000000,s15_p4
1779334117.0,15,1,0.070052,s15_p1
1779334117.0,15,2,0.128027,s15_p2
1779334117.0,15,3,0.845461,s15_p3
1779334117.0,13,1,0.024181,s13_p1
1779334117.0,13,4,0.000000,s13_p4
1779334117.0,13,2,0.000000,s13_p2
1779334117.0,13,3,1.000000,s13_p3
1779334117.0,3,4,0.043435,s3_p4
1779334117.0,3,1,0.000000,s3_p1
1779334117.0,3,2,0.000000,s3_p2
1779334117.0,3,3,0.154437,s3_p3
1779334117.0,20,1,0.217400,s20_p1
1779334117.0,20,4,0.000000,s20_p4
1779334117.0,20,2,0.000000,s20_p2
1779334117.0,20,3,0.181166,s20_p3
1779334117.0,8,4,0.000000,s8_p4
1779334117.0,8,1,0.000000,s8_p1
1779334117.0,8,2,0.128000,s8_p2
1779334117.0,8,3,0.169056,s8_p3
1779334117.0,10,4,0.180982,s10_p4
1779334117.0,10,1,0.000000,s10_p1
1779334117.0,10,2,0.043436,s10_p2
1779334117.0,10,3,0.000000,s10_p3
1779334117.0,7,1,0.048309,s7_p1
1779334117.0,7,4,0.000000,s7_p4
1779334117.0,7,2,0.024154,s7_p2
1779334117.0,7,3,0.000000,s7_p3
1779334117.0,19,1,0.000000,s19_p1
1779334117.0,19,4,0.000000,s19_p4
1779334117.0,19,2,0.000000,s19_p2
1779334117.0,19,3,0.000000,s19_p3
1779334117.0,17,4,1.000000,s17_p4
1779334117.0,17,1,0.845556,s17_p1
1779334117.0,17,2,0.483175,s17_p2
1779334117.0,17,3,0.120794,s17_p3
1779334117.0,12,4,0.217397,s12_p4
1779334117.0,12,1,0.000000,s12_p1
1779334117.0,12,2,0.000000,s12_p2
1779334117.0,12,3,0.000000,s12_p3
1779334117.0,5,4,0.000000,s5_p4
1779334117.0,5,1,0.024158,s5_p1
1779334117.0,5,2,0.036238,s5_p2
1779334117.0,5,3,0.000000,s5_p3
1779334117.0,18,4,0.000000,s18_p4
1779334117.0,18,1,0.000000,s18_p1
1779334117.0,18,2,0.000000,s18_p2
1779334117.0,18,3,0.000000,s18_p3
1779334117.0,2,1,0.169078,s2_p1
1779334117.0,2,4,0.000000,s2_p4
1779334117.0,2,2,0.043477,s2_p2
1779334117.0,2,3,0.000000,s2_p3
1779334117.0,9,1,0.000000,s9_p1
1779334117.0,9,4,0.000000,s9_p4
1779334117.0,9,2,0.169073,s9_p2
1779334117.0,9,3,0.181150,s9_p3
1779334117.0,16,1,0.000000,s16_p1
1779334117.0,16,4,0.000000,s16_p4
1779334117.0,16,2,0.000000,s16_p2
1779334117.0,16,3,0.000000,s16_p3
1779334117.0,11,4,0.000000,s11_p4
1779334117.0,11,1,0.000000,s11_p1
1779334117.0,11,2,0.096608,s11_p2
1779334117.0,11,3,0.893623,s11_p3
1779334118.0,1,4,0.033779,s1_p4
1779334118.0,1,1,0.000000,s1_p1
1779334118.0,1,2,0.000000,s1_p2
1779334118.0,1,3,0.033779,s1_p3
1779334118.0,2,1,0.169046,s2_p1
1779334118.0,2,4,0.000000,s2_p4
1779334118.0,2,2,0.041054,s2_p2
1779334118.0,2,3,0.000000,s2_p3
1779334118.0,14,4,0.000000,s14_p4
1779334118.0,14,1,0.033737,s14_p1
1779334118.0,14,2,0.000000,s14_p2
1779334118.0,14,3,0.000000,s14_p3
1779334118.0,7,1,0.045836,s7_p1
1779334118.0,7,4,0.000000,s7_p4
1779334118.0,7,2,0.026537,s7_p2
1779334118.0,7,3,0.000000,s7_p3
1779334118.0,19,1,0.000000,s19_p1
1779334118.0,19,4,0.000000,s19_p4
1779334118.0,19,2,0.000000,s19_p2
1779334118.0,19,3,0.000000,s19_p3
1779334118.0,12,4,0.205210,s12_p4
1779334118.0,12,1,0.000000,s12_p1
1779334118.0,12,2,0.000000,s12_p2
1779334118.0,12,3,0.000000,s12_p3
1779334118.0,3,4,0.041005,s3_p4
1779334118.0,3,1,0.000000,s3_p1
1779334118.0,3,2,0.000000,s3_p2
1779334118.0,3,3,0.151958,s3_p3
1779334118.0,13,1,0.021707,s13_p1
1779334118.0,13,4,0.000000,s13_p4
1779334118.0,13,2,0.000000,s13_p2
1779334118.0,13,3,0.988885,s13_p3
1779334118.0,11,4,0.000000,s11_p4
1779334118.0,11,1,0.000000,s11_p1
1779334118.0,11,2,0.091753,s11_p2
1779334118.0,11,3,0.869242,s11_p3
1779334118.0,20,1,0.205008,s20_p1
1779334118.0,20,4,0.000000,s20_p4
1779334118.0,20,2,0.000000,s20_p2
1779334118.0,20,3,0.168830,s20_p3
1779334118.0,17,4,0.989658,s17_p4
1779334118.0,17,1,0.844830,s17_p1
1779334118.0,17,2,0.458622,s17_p2
1779334118.0,17,3,0.108621,s17_p3
1779334118.0,10,4,0.168826,s10_p4
1779334118.0,10,1,0.000000,s10_p1
1779334118.0,10,2,0.041001,s10_p2
1779334118.0,10,3,0.000000,s10_p3
1779334118.0,16,1,0.000000,s16_p1
1779334118.0,16,4,0.000000,s16_p4
1779334118.0,16,2,0.000000,s16_p2
1779334118.0,16,3,0.000000,s16_p3
1779334118.0,15,4,0.000000,s15_p4
1779334118.0,15,1,0.074752,s15_p1
1779334118.0,15,2,0.125390,s15_p2
1779334118.0,15,3,0.843974,s15_p3
1779334118.0,8,4,0.000000,s8_p4
1779334118.0,8,1,0.000000,s8_p1
1779334118.0,8,2,0.125400,s8_p2
1779334118.0,8,3,0.168808,s8_p3
1779334118.0,6,1,0.000000,s6_p1
1779334118.0,6,4,0.000000,s6_p4
1779334118.0,6,2,0.000000,s6_p2
1779334118.0,6,3,0.214395,s6_p3
1779334118.0,5,4,0.000000,s5_p4
1779334118.0,5,1,0.021722,s5_p1
1779334118.0,5,2,0.033789,s5_p2
1779334118.0,5,3,0.000000,s5_p3
1779334118.0,18,4,0.000000,s18_p4
1779334118.0,18,1,0.000000,s18_p1
1779334118.0,18,2,0.000000,s18_p2
1779334118.0,18,3,0.000000,s18_p3
1779334118.0,4,1,0.000000,s4_p1
1779334118.0,4,4,0.000000,s4_p4
1779334118.0,4,2,0.089181,s4_p2
1779334118.0,4,3,0.021693,s4_p3
1779334118.0,9,1,0.000000,s9_p1
1779334118.0,9,4,0.000000,s9_p4
1779334118.0,9,2,0.168909,s9_p2
1779334118.0,9,3,0.168909,s9_p3
1779334118.0,6,1,0.000000,s6_p1
1779334118.0,6,4,0.000000,s6_p4
1779334118.0,6,2,0.000000,s6_p2
1779334118.0,6,3,0.217630,s6_p3
1779334118.0,1,4,0.036198,s1_p4
1779334118.0,1,1,0.000000,s1_p1
1779334118.0,1,2,0.000000,s1_p2
1779334118.0,1,3,0.036198,s1_p3
1779334118.0,14,4,0.000000,s14_p4
1779334118.0,14,1,0.036231,s14_p1
1779334118.0,14,2,0.000000,s14_p2
1779334118.0,14,3,0.000000,s14_p3
1779334118.0,3,4,0.041064,s3_p4
1779334118.0,3,1,0.000000,s3_p1
1779334118.0,3,2,0.000000,s3_p2
1779334118.0,3,3,0.154594,s3_p3
1779334118.0,8,4,0.000000,s8_p4
1779334118.0,8,1,0.000000,s8_p1
1779334118.0,8,2,0.130468,s8_p2
1779334118.0,8,3,0.169126,s8_p3
1779334118.0,10,4,0.181187,s10_p4
1779334118.0,10,1,0.000000,s10_p1
1779334118.0,10,2,0.041069,s10_p2
1779334118.0,10,3,0.000000,s10_p3
1779334118.0,15,4,0.000000,s15_p4
1779334118.0,15,1,0.070061,s15_p1
1779334118.0,15,2,0.130458,s15_p2
1779334118.0,15,3,0.845559,s15_p3
1779334118.0,7,1,0.050719,s7_p1
1779334118.0,7,4,0.000000,s7_p4
1779334118.0,7,2,0.019321,s7_p2
1779334118.0,7,3,0.000000,s7_p3
1779334118.0,13,1,0.021730,s13_p1
1779334118.0,13,4,0.000000,s13_p4
1779334118.0,13,2,0.000000,s13_p2
1779334118.0,13,3,1.000000,s13_p3
1779334118.0,20,1,0.205229,s20_p1
1779334118.0,20,4,0.000000,s20_p4
1779334118.0,20,2,0.000000,s20_p2
1779334118.0,20,3,0.181084,s20_p3
1779334118.0,12,4,0.205197,s12_p4
1779334118.0,12,1,0.000000,s12_p1
1779334118.0,12,2,0.000000,s12_p2
1779334118.0,12,3,0.000000,s12_p3
1779334118.0,4,1,0.000000,s4_p1
1779334118.0,4,4,0.000000,s4_p4
1779334118.0,4,2,0.096555,s4_p2
1779334118.0,4,3,0.021725,s4_p3
1779334118.0,9,1,0.000000,s9_p1
1779334118.0,9,4,0.000000,s9_p4
1779334118.0,9,2,0.168968,s9_p2
1779334118.0,9,3,0.181037,s9_p3
1779334118.0,2,1,0.168816,s2_p1
1779334118.0,2,4,0.000000,s2_p4
1779334118.0,2,2,0.040998,s2_p2
1779334118.0,2,3,0.000000,s2_p3
1779334118.0,16,1,0.000000,s16_p1
1779334118.0,16,4,0.000000,s16_p4
1779334118.0,16,2,0.000000,s16_p2
1779334118.0,16,3,0.000000,s16_p3
1779334118.0,17,4,1.000000,s17_p4
1779334118.0,17,1,0.844335,s17_p1
1779334118.0,17,2,0.470415,s17_p2
1779334118.0,17,3,0.108557,s17_p3
1779334118.0,18,4,0.000000,s18_p4
1779334118.0,18,1,0.000000,s18_p1
1779334118.0,18,2,0.000000,s18_p2
1779334118.0,18,3,0.000000,s18_p3
1779334118.0,11,4,0.000000,s11_p4
1779334118.0,11,1,0.000000,s11_p1
1779334118.0,11,2,0.094070,s11_p2
1779334118.0,11,3,0.880395,s11_p3
1779334118.0,5,4,0.000000,s5_p4
1779334118.0,5,1,0.021713,s5_p1
1779334118.0,5,2,0.036188,s5_p2
1779334118.0,5,3,0.000000,s5_p3
1779334118.0,19,1,0.000000,s19_p1
1779334118.0,19,4,0.000000,s19_p4
1779334118.0,19,2,0.000000,s19_p2
1779334118.0,19,3,0.000000,s19_p3
1779334119.0,6,1,0.000000,s6_p1
1779334119.0,6,4,0.000000,s6_p4
1779334119.0,6,2,0.000000,s6_p2
1779334119.0,6,3,0.217236,s6_p3
1779334119.0,15,4,0.000000,s15_p4
1779334119.0,15,1,0.060351,s15_p1
1779334119.0,15,2,0.140014,s15_p2
1779334119.0,15,3,0.844911,s15_p3
1779334119.0,13,1,0.024149,s13_p1
1779334119.0,13,4,0.000000,s13_p4
1779334119.0,13,2,0.000000,s13_p2
1779334119.0,13,3,1.000000,s13_p3
1779334119.0,3,4,0.043444,s3_p4
1779334119.0,3,1,0.000000,s3_p1
1779334119.0,3,2,0.000000,s3_p2
1779334119.0,3,3,0.152054,s3_p3
1779334119.0,7,1,0.041032,s7_p1
1779334119.0,7,4,0.000000,s7_p4
1779334119.0,7,2,0.019309,s7_p2
1779334119.0,7,3,0.000000,s7_p3
1779334119.0,10,4,0.181010,s10_p4
1779334119.0,10,1,0.000000,s10_p1
1779334119.0,10,2,0.043443,s10_p2
1779334119.0,10,3,0.000000,s10_p3
1779334119.0,14,4,0.000000,s14_p4
1779334119.0,14,1,0.036197,s14_p1
1779334119.0,14,2,0.000000,s14_p2
1779334119.0,14,3,0.000000,s14_p3
1779334119.0,1,4,0.036175,s1_p4
1779334119.0,1,1,0.000000,s1_p1
1779334119.0,1,2,0.000000,s1_p2
1779334119.0,1,3,0.036175,s1_p3
1779334119.0,8,4,0.000000,s8_p4
1779334119.0,8,1,0.000000,s8_p1
1779334119.0,8,2,0.139961,s8_p2
1779334119.0,8,3,0.168919,s8_p3
1779334119.0,4,1,0.000000,s4_p1
1779334119.0,4,4,0.000000,s4_p4
1779334119.0,4,2,0.091759,s4_p2
1779334119.0,4,3,0.024147,s4_p3
1779334119.0,12,4,0.217162,s12_p4
1779334119.0,12,1,0.000000,s12_p1
1779334119.0,12,2,0.000000,s12_p2
1779334119.0,12,3,0.000000,s12_p3
1779334119.0,17,4,1.000000,s17_p4
1779334119.0,17,1,0.857280,s17_p1
1779334119.0,17,2,0.458826,s17_p2
1779334119.0,17,3,0.120744,s17_p3
1779334119.0,20,1,0.217141,s20_p1
1779334119.0,20,4,0.000000,s20_p4
1779334119.0,20,2,0.000000,s20_p2
1779334119.0,20,3,0.180951,s20_p3
1779334119.0,16,1,0.000000,s16_p1
1779334119.0,16,4,0.000000,s16_p4
1779334119.0,16,2,0.000000,s16_p2
1779334119.0,16,3,0.000000,s16_p3
1779334119.0,2,1,0.171430,s2_p1
1779334119.0,2,4,0.000000,s2_p4
1779334119.0,2,2,0.043461,s2_p2
1779334119.0,2,3,0.000000,s2_p3
1779334119.0,18,4,0.000000,s18_p4
1779334119.0,18,1,0.000000,s18_p1
1779334119.0,18,2,0.000000,s18_p2
1779334119.0,18,3,0.000000,s18_p3
1779334119.0,5,4,0.000000,s5_p4
1779334119.0,5,1,0.024147,s5_p1
1779334119.0,5,2,0.036221,s5_p2
1779334119.0,5,3,0.000000,s5_p3
1779334119.0,9,1,0.000000,s9_p1
1779334119.0,9,4,0.000000,s9_p4
1779334119.0,9,2,0.171369,s9_p2
1779334119.0,9,3,0.181024,s9_p3
1779334119.0,19,1,0.000000,s19_p1
1779334119.0,19,4,0.000000,s19_p4
1779334119.0,19,2,0.000000,s19_p2
1779334119.0,19,3,0.000000,s19_p3
1779334119.0,11,4,0.000000,s11_p4
1779334119.0,11,1,0.000000,s11_p1
1779334119.0,11,2,0.091727,s11_p2
1779334119.0,11,3,0.881060,s11_p3
1779334119.0,14,4,0.000000,s14_p4
1779334119.0,14,1,0.036260,s14_p1
1779334119.0,14,2,0.000000,s14_p2
1779334119.0,14,3,0.000000,s14_p3
1779334119.0,13,1,0.021748,s13_p1
1779334119.0,13,4,0.000000,s13_p4
1779334119.0,13,2,0.000000,s13_p2
1779334119.0,13,3,1.000000,s13_p3
1779334119.0,12,4,0.205575,s12_p4
1779334119.0,12,1,0.000000,s12_p1
1779334119.0,12,2,0.000000,s12_p2
1779334119.0,12,3,0.000000,s12_p3
1779334119.0,5,4,0.000000,s5_p4
1779334119.0,5,1,0.021770,s5_p1
1779334119.0,5,2,0.036284,s5_p2
1779334119.0,5,3,0.000000,s5_p3
1779334119.0,4,1,0.000000,s4_p1
1779334119.0,4,4,0.000000,s4_p4
1779334119.0,4,2,0.096729,s4_p2
1779334119.0,4,3,0.021764,s4_p3
1779334119.0,18,4,0.000000,s18_p4
1779334119.0,18,1,0.000000,s18_p1
1779334119.0,18,2,0.000000,s18_p2
1779334119.0,18,3,0.000000,s18_p3
1779334119.0,16,1,0.000000,s16_p1
1779334119.0,16,4,0.000000,s16_p4
1779334119.0,16,2,0.000000,s16_p2
1779334119.0,16,3,0.000000,s16_p3
1779334119.0,11,4,0.000000,s11_p4
1779334119.0,11,1,0.000000,s11_p1
1779334119.0,11,2,0.096707,s11_p2
1779334119.0,11,3,0.870359,s11_p3
1779334119.0,3,4,0.041043,s3_p4
1779334119.0,3,1,0.000000,s3_p1
1779334119.0,3,2,0.000000,s3_p2
1779334119.0,3,3,0.152099,s3_p3
1779334119.0,17,4,1.000000,s17_p4
1779334119.0,17,1,0.845720,s17_p1
1779334119.0,17,2,0.483269,s17_p2
1779334119.0,17,3,0.108735,s17_p3
1779334119.0,10,4,0.181077,s10_p4
1779334119.0,10,1,0.000000,s10_p1
1779334119.0,10,2,0.041044,s10_p2
1779334119.0,10,3,0.000000,s10_p3
1779334119.0,19,1,0.000000,s19_p1
1779334119.0,19,4,0.000000,s19_p4
1779334119.0,19,2,0.000000,s19_p2
1779334119.0,19,3,0.000000,s19_p3
1779334119.0,6,1,0.000000,s6_p1
1779334119.0,6,4,0.000000,s6_p4
1779334119.0,6,2,0.000000,s6_p2
1779334119.0,6,3,0.217066,s6_p3
1779334119.0,7,1,0.043429,s7_p1
1779334119.0,7,4,0.000000,s7_p4
1779334119.0,7,2,0.016889,s7_p2
1779334119.0,7,3,0.000000,s7_p3
1779334119.0,15,4,0.000000,s15_p4
1779334119.0,15,1,0.060304,s15_p1
1779334119.0,15,2,0.139906,s15_p2
1779334119.0,15,3,0.856319,s15_p3
1779334119.0,8,4,0.000000,s8_p4
1779334119.0,8,1,0.000000,s8_p1
1779334119.0,8,2,0.139948,s8_p2
1779334119.0,8,3,0.171316,s8_p3
1779334119.0,2,1,0.169030,s2_p1
1779334119.0,2,4,0.000000,s2_p4
1779334119.0,2,2,0.041050,s2_p2
1779334119.0,2,3,0.000000,s2_p3
1779334119.0,1,4,0.036190,s1_p4
1779334119.0,1,1,0.000000,s1_p1
1779334119.0,1,2,0.000000,s1_p2
1779334119.0,1,3,0.036190,s1_p3
1779334119.0,20,1,0.205227,s20_p1
1779334119.0,20,4,0.000000,s20_p4
1779334119.0,20,2,0.000000,s20_p2
1779334119.0,20,3,0.181083,s20_p3
1779334119.0,9,1,0.000000,s9_p1
1779334119.0,9,4,0.000000,s9_p4
1779334119.0,9,2,0.169074,s9_p2
1779334119.0,9,3,0.181151,s9_p3
1779334120.0,1,4,0.033937,s1_p4
1779334120.0,1,1,0.000000,s1_p1
1779334120.0,1,2,0.000000,s1_p2
1779334120.0,1,3,0.033937,s1_p3
1779334120.0,8,4,0.000000,s8_p4
1779334120.0,8,1,0.000000,s8_p1
1779334120.0,8,2,0.130819,s8_p2
1779334120.0,8,3,0.169580,s8_p3
1779334120.0,3,4,0.043569,s3_p4
1779334120.0,3,1,0.000000,s3_p1
1779334120.0,3,2,0.000000,s3_p2
1779334120.0,3,3,0.154913,s3_p3
1779334120.0,10,4,0.169438,s10_p4
1779334120.0,10,1,0.000000,s10_p1
1779334120.0,10,2,0.043570,s10_p2
1779334120.0,10,3,0.000000,s10_p3
1779334120.0,6,1,0.000000,s6_p1
1779334120.0,6,4,0.000000,s6_p4
1779334120.0,6,2,0.000000,s6_p2
1779334120.0,6,3,0.217861,s6_p3
1779334120.0,15,4,0.000000,s15_p4
1779334120.0,15,1,0.070239,s15_p1
1779334120.0,15,2,0.130790,s15_p2
1779334120.0,15,3,0.847714,s15_p3
1779334120.0,7,1,0.043574,s7_p1
1779334120.0,7,4,0.000000,s7_p4
1779334120.0,7,2,0.026628,s7_p2
1779334120.0,7,3,0.000000,s7_p3
1779334120.0,4,1,0.000000,s4_p1
1779334120.0,4,4,0.000000,s4_p4
1779334120.0,4,2,0.096676,s4_p2
1779334120.0,4,3,0.021752,s4_p3
1779334120.0,13,1,0.021749,s13_p1
1779334120.0,13,4,0.000000,s13_p4
1779334120.0,13,2,0.000000,s13_p2
1779334120.0,13,3,1.000000,s13_p3
1779334120.0,20,1,0.217875,s20_p1
1779334120.0,20,4,0.000000,s20_p4
1779334120.0,20,2,0.000000,s20_p2
1779334120.0,20,3,0.169459,s20_p3
1779334120.0,2,1,0.169380,s2_p1
1779334120.0,2,4,0.000000,s2_p4
1779334120.0,2,2,0.043555,s2_p2
1779334120.0,2,3,0.000000,s2_p3
1779334120.0,5,4,0.000000,s5_p4
1779334120.0,5,1,0.021740,s5_p1
1779334120.0,5,2,0.033817,s5_p2
1779334120.0,5,3,0.000000,s5_p3
1779334120.0,17,4,1.000000,s17_p4
1779334120.0,17,1,0.846167,s17_p1
1779334120.0,17,2,0.483524,s17_p2
1779334120.0,17,3,0.108793,s17_p3
1779334120.0,12,4,0.217377,s12_p4
1779334120.0,12,1,0.000000,s12_p1
1779334120.0,12,2,0.000000,s12_p2
1779334120.0,12,3,0.000000,s12_p3
1779334120.0,16,1,0.000000,s16_p1
1779334120.0,16,4,0.000000,s16_p4
1779334120.0,16,2,0.000000,s16_p2
1779334120.0,16,3,0.000000,s16_p3
1779334120.0,18,4,0.000000,s18_p4
1779334120.0,18,1,0.000000,s18_p1
1779334120.0,18,2,0.000000,s18_p2
1779334120.0,18,3,0.000000,s18_p3
1779334120.0,14,4,0.000000,s14_p4
1779334120.0,14,1,0.033796,s14_p1
1779334120.0,14,2,0.000000,s14_p2
1779334120.0,14,3,0.000000,s14_p3
1779334120.0,11,4,0.000000,s11_p4
1779334120.0,11,1,0.000000,s11_p1
1779334120.0,11,2,0.096661,s11_p2
1779334120.0,11,3,0.882031,s11_p3
1779334120.0,19,1,0.000000,s19_p1
1779334120.0,19,4,0.000000,s19_p4
1779334120.0,19,2,0.000000,s19_p2
1779334120.0,19,3,0.000000,s19_p3
1779334120.0,9,1,0.000000,s9_p1
1779334120.0,9,4,0.000000,s9_p4
1779334120.0,9,2,0.169275,s9_p2
1779334120.0,9,3,0.169275,s9_p3
1779334120.0,1,4,0.036213,s1_p4
1779334120.0,1,1,0.000000,s1_p1
1779334120.0,1,2,0.000000,s1_p2
1779334120.0,1,3,0.036213,s1_p3
1779334120.0,3,4,0.041040,s3_p4
1779334120.0,3,1,0.000000,s3_p1
1779334120.0,3,2,0.000000,s3_p2
1779334120.0,3,3,0.152090,s3_p3
1779334120.0,13,1,0.024156,s13_p1
1779334120.0,13,4,0.000000,s13_p4
1779334120.0,13,2,0.000000,s13_p2
1779334120.0,13,3,1.000000,s13_p3
1779334120.0,10,4,0.181047,s10_p4
1779334120.0,10,1,0.000000,s10_p1
1779334120.0,10,2,0.041037,s10_p2
1779334120.0,10,3,0.000000,s10_p3
1779334120.0,8,4,0.000000,s8_p4
1779334120.0,8,1,0.000000,s8_p1
1779334120.0,8,2,0.132751,s8_p2
1779334120.0,8,3,0.168955,s8_p3
1779334120.0,14,4,0.000000,s14_p4
1779334120.0,14,1,0.036255,s14_p1
1779334120.0,14,2,0.000000,s14_p2
1779334120.0,14,3,0.000000,s14_p3
1779334120.0,17,4,1.000000,s17_p4
1779334120.0,17,1,0.844823,s17_p1
1779334120.0,17,2,0.470687,s17_p2
1779334120.0,17,3,0.120689,s17_p3
1779334120.0,2,1,0.168935,s2_p1
1779334120.0,2,4,0.000000,s2_p4
1779334120.0,2,2,0.041027,s2_p2
1779334120.0,2,3,0.000000,s2_p3
1779334120.0,16,1,0.000000,s16_p1
1779334120.0,16,4,0.000000,s16_p4
1779334120.0,16,2,0.000000,s16_p2
1779334120.0,16,3,0.000000,s16_p3
1779334120.0,7,1,0.041002,s7_p1
1779334120.0,7,4,0.000000,s7_p4
1779334120.0,7,2,0.024119,s7_p2
1779334120.0,7,3,0.000000,s7_p3
1779334120.0,20,1,0.205028,s20_p1
1779334120.0,20,4,0.000000,s20_p4
1779334120.0,20,2,0.000000,s20_p2
1779334120.0,20,3,0.180907,s20_p3
1779334120.0,6,1,0.000000,s6_p1
1779334120.0,6,4,0.000000,s6_p4
1779334120.0,6,2,0.000000,s6_p2
1779334120.0,6,3,0.214536,s6_p3
1779334120.0,4,1,0.000000,s4_p1
1779334120.0,4,4,0.000000,s4_p4
1779334120.0,4,2,0.094061,s4_p2
1779334120.0,4,3,0.024118,s4_p3
1779334120.0,12,4,0.205122,s12_p4
1779334120.0,12,1,0.000000,s12_p1
1779334120.0,12,2,0.000000,s12_p2
1779334120.0,12,3,0.000000,s12_p3
1779334120.0,5,4,0.000000,s5_p4
1779334120.0,5,1,0.024130,s5_p1
1779334120.0,5,2,0.036195,s5_p2
1779334120.0,5,3,0.000000,s5_p3
1779334120.0,15,4,0.000000,s15_p4
1779334120.0,15,1,0.065058,s15_p1
1779334120.0,15,2,0.134934,s15_p2
1779334120.0,15,3,0.843339,s15_p3
1779334120.0,19,1,0.000000,s19_p1
1779334120.0,19,4,0.000000,s19_p4
1779334120.0,19,2,0.000000,s19_p2
1779334120.0,19,3,0.000000,s19_p3
1779334120.0,11,4,0.000000,s11_p4
1779334120.0,11,1,0.000000,s11_p1
1779334120.0,11,2,0.094105,s11_p2
1779334120.0,11,3,0.880730,s11_p3
1779334120.0,9,1,0.000000,s9_p1
1779334120.0,9,4,0.000000,s9_p4
1779334120.0,9,2,0.168934,s9_p2
1779334120.0,9,3,0.181001,s9_p3
1779334120.0,18,4,0.000000,s18_p4
1779334120.0,18,1,0.000000,s18_p1
1779334120.0,18,2,0.000000,s18_p2
1779334120.0,18,3,0.000000,s18_p3
1779334121.0,6,1,0.000000,s6_p1
1779334121.0,6,4,0.000000,s6_p4
1779334121.0,6,2,0.000000,s6_p2
1779334121.0,6,3,0.217590,s6_p3
1779334121.0,10,4,0.180914,s10_p4
1779334121.0,10,1,0.000000,s10_p1
1779334121.0,10,2,0.043419,s10_p2
1779334121.0,10,3,0.000000,s10_p3
1779334121.0,8,4,0.000000,s8_p4
1779334121.0,8,1,0.000000,s8_p1
1779334121.0,8,2,0.130250,s8_p2
1779334121.0,8,3,0.168843,s8_p3
1779334121.0,15,4,0.000000,s15_p4
1779334121.0,15,1,0.070079,s15_p1
1779334121.0,15,2,0.128075,s15_p2
1779334121.0,15,3,0.845781,s15_p3
1779334121.0,7,1,0.055550,s7_p1
1779334121.0,7,4,0.000000,s7_p4
1779334121.0,7,2,0.014491,s7_p2
1779334121.0,7,3,0.000000,s7_p3
1779334121.0,14,4,0.000000,s14_p4
1779334121.0,14,1,0.036186,s14_p1
1779334121.0,14,2,0.000000,s14_p2
1779334121.0,14,3,0.000000,s14_p3
1779334121.0,1,4,0.036148,s1_p4
1779334121.0,1,1,0.000000,s1_p1
1779334121.0,1,2,0.000000,s1_p2
1779334121.0,1,3,0.036148,s1_p3
1779334121.0,3,4,0.043404,s3_p4
1779334121.0,3,1,0.000000,s3_p1
1779334121.0,3,2,0.000000,s3_p2
1779334121.0,3,3,0.154325,s3_p3
1779334121.0,13,1,0.021692,s13_p1
1779334121.0,13,4,0.000000,s13_p4
1779334121.0,13,2,0.000000,s13_p2
1779334121.0,13,3,1.000000,s13_p3
1779334121.0,20,1,0.217231,s20_p1
1779334121.0,20,4,0.000000,s20_p4
1779334121.0,20,2,0.000000,s20_p2
1779334121.0,20,3,0.181026,s20_p3
1779334121.0,4,1,0.000000,s4_p1
1779334121.0,4,4,0.000000,s4_p4
1779334121.0,4,2,0.094136,s4_p2
1779334121.0,4,3,0.021724,s4_p3
1779334121.0,12,4,0.217231,s12_p4
1779334121.0,12,1,0.000000,s12_p1
1779334121.0,12,2,0.000000,s12_p2
1779334121.0,12,3,0.000000,s12_p3
1779334121.0,18,4,0.000000,s18_p4
1779334121.0,18,1,0.000000,s18_p1
1779334121.0,18,2,0.000000,s18_p2
1779334121.0,18,3,0.000000,s18_p3
1779334121.0,11,4,0.000000,s11_p4
1779334121.0,11,1,0.000000,s11_p1
1779334121.0,11,2,0.094131,s11_p2
1779334121.0,11,3,0.880972,s11_p3
1779334121.0,5,4,0.000000,s5_p4
1779334121.0,5,1,0.021711,s5_p1
1779334121.0,5,2,0.036185,s5_p2
1779334121.0,5,3,0.000000,s5_p3
1779334121.0,16,1,0.000000,s16_p1
1779334121.0,16,4,0.000000,s16_p4
1779334121.0,16,2,0.000000,s16_p2
1779334121.0,16,3,0.000000,s16_p3
1779334121.0,2,1,0.168822,s2_p1
1779334121.0,2,4,0.000000,s2_p4
1779334121.0,2,2,0.043411,s2_p2
1779334121.0,2,3,0.000000,s2_p3
1779334121.0,19,1,0.000000,s19_p1
1779334121.0,19,4,0.000000,s19_p4
1779334121.0,19,2,0.000000,s19_p2
1779334121.0,19,3,0.000000,s19_p3
1779334121.0,9,1,0.000000,s9_p1
1779334121.0,9,4,0.000000,s9_p4
1779334121.0,9,2,0.168920,s9_p2
1779334121.0,9,3,0.180986,s9_p3
1779334121.0,17,4,0.988594,s17_p4
1779334121.0,17,1,0.843922,s17_p1
1779334121.0,17,2,0.470185,s17_p2
1779334121.0,17,3,0.108504,s17_p3
1779334121.0,6,1,0.000000,s6_p1
1779334121.0,6,4,0.000000,s6_p4
1779334121.0,6,2,0.000000,s6_p2
1779334121.0,6,3,0.215232,s6_p3
1779334121.0,8,4,0.000000,s8_p4
1779334121.0,8,1,0.000000,s8_p1
1779334121.0,8,2,0.133043,s8_p2
1779334121.0,8,3,0.169327,s8_p3
1779334121.0,3,4,0.041126,s3_p4
1779334121.0,3,1,0.000000,s3_p1
1779334121.0,3,2,0.000000,s3_p2
1779334121.0,3,3,0.152410,s3_p3
1779334121.0,14,4,0.000000,s14_p4
1779334121.0,14,1,0.036283,s14_p1
1779334121.0,14,2,0.000000,s14_p2
1779334121.0,14,3,0.000000,s14_p3
1779334121.0,1,4,0.036281,s1_p4
1779334121.0,1,1,0.000000,s1_p1
1779334121.0,1,2,0.000000,s1_p2
1779334121.0,1,3,0.033863,s1_p3
1779334121.0,10,4,0.181365,s10_p4
1779334121.0,10,1,0.000000,s10_p1
1779334121.0,10,2,0.041109,s10_p2
1779334121.0,10,3,0.000000,s10_p3
1779334121.0,15,4,0.000000,s15_p4
1779334121.0,15,1,0.067715,s15_p1
1779334121.0,15,2,0.133012,s15_p2
1779334121.0,15,3,0.846437,s15_p3
1779334121.0,7,1,0.041099,s7_p1
1779334121.0,7,4,0.000000,s7_p4
1779334121.0,7,2,0.026593,s7_p2
1779334121.0,7,3,0.000000,s7_p3
1779334121.0,20,1,0.205615,s20_p1
1779334121.0,20,4,0.000000,s20_p4
1779334121.0,20,2,0.000000,s20_p2
1779334121.0,20,3,0.181425,s20_p3
1779334121.0,12,4,0.205621,s12_p4
1779334121.0,12,1,0.000000,s12_p1
1779334121.0,12,2,0.000000,s12_p2
1779334121.0,12,3,0.000000,s12_p3
1779334121.0,17,4,1.000000,s17_p4
1779334121.0,17,1,0.846810,s17_p1
1779334121.0,17,2,0.459697,s17_p2
1779334121.0,17,3,0.120973,s17_p3
1779334121.0,4,1,0.000000,s4_p1
1779334121.0,4,4,0.000000,s4_p4
1779334121.0,4,2,0.091859,s4_p2
1779334121.0,4,3,0.024173,s4_p3
1779334121.0,11,4,0.000000,s11_p4
1779334121.0,11,1,0.000000,s11_p1
1779334121.0,11,2,0.091907,s11_p2
1779334121.0,11,3,0.882789,s11_p3
1779334121.0,13,1,0.024170,s13_p1
1779334121.0,13,4,0.000000,s13_p4
1779334121.0,13,2,0.000000,s13_p2
1779334121.0,13,3,0.990952,s13_p3
1779334121.0,16,1,0.000000,s16_p1
1779334121.0,16,4,0.000000,s16_p4
1779334121.0,16,2,0.000000,s16_p2
1779334121.0,16,3,0.000000,s16_p3
1779334121.0,2,1,0.169299,s2_p1
1779334121.0,2,4,0.000000,s2_p4
1779334121.0,2,2,0.041115,s2_p2
1779334121.0,2,3,0.000000,s2_p3
1779334121.0,5,4,0.000000,s5_p4
1779334121.0,5,1,0.024183,s5_p1
1779334121.0,5,2,0.036275,s5_p2
1779334121.0,5,3,0.000000,s5_p3
1779334121.0,9,1,0.000000,s9_p1
1779334121.0,9,4,0.000000,s9_p4
1779334121.0,9,2,0.169303,s9_p2
1779334121.0,9,3,0.169303,s9_p3
1779334121.0,18,4,0.000000,s18_p4
1779334121.0,18,1,0.000000,s18_p1
1779334121.0,18,2,0.000000,s18_p2
1779334121.0,18,3,0.000000,s18_p3
1779334121.0,19,1,0.000000,s19_p1
1779334121.0,19,4,0.000000,s19_p4
1779334121.0,19,2,0.000000,s19_p2
1779334121.0,19,3,0.000000,s19_p3
1779334122.0,6,1,0.000000,s6_p1
1779334122.0,6,4,0.000000,s6_p4
1779334122.0,6,2,0.000000,s6_p2
1779334122.0,6,3,0.216992,s6_p3
1779334122.0,10,4,0.168793,s10_p4
1779334122.0,10,1,0.000000,s10_p1
1779334122.0,10,2,0.040993,s10_p2
1779334122.0,10,3,0.000000,s10_p3
1779334122.0,14,4,0.000000,s14_p4
1779334122.0,14,1,0.033752,s14_p1
1779334122.0,14,2,0.000000,s14_p2
1779334122.0,14,3,0.000000,s14_p3
1779334122.0,15,4,0.000000,s15_p4
1779334122.0,15,1,0.062688,s15_p1
1779334122.0,15,2,0.137432,s15_p2
1779334122.0,15,3,0.843884,s15_p3
1779334122.0,3,4,0.040979,s3_p4
1779334122.0,3,1,0.000000,s3_p1
1779334122.0,3,2,0.000000,s3_p2
1779334122.0,3,3,0.154274,s3_p3
1779334122.0,1,4,0.033741,s1_p4
1779334122.0,1,1,0.000000,s1_p1
1779334122.0,1,2,0.000000,s1_p2
1779334122.0,1,3,0.036151,s1_p3
1779334122.0,8,4,0.000000,s8_p4
1779334122.0,8,1,0.000000,s8_p1
1779334122.0,8,2,0.137337,s8_p2
1779334122.0,8,3,0.168659,s8_p3
1779334122.0,13,1,0.021701,s13_p1
1779334122.0,13,4,0.000000,s13_p4
1779334122.0,13,2,0.000000,s13_p2
1779334122.0,13,3,1.000000,s13_p3
1779334122.0,20,1,0.204774,s20_p1
1779334122.0,20,4,0.000000,s20_p4
1779334122.0,20,2,0.000000,s20_p2
1779334122.0,20,3,0.168637,s20_p3
1779334122.0,17,4,1.000000,s17_p4
1779334122.0,17,1,0.843699,s17_p1
1779334122.0,17,2,0.470061,s17_p2
1779334122.0,17,3,0.108476,s17_p3
1779334122.0,18,4,0.000000,s18_p4
1779334122.0,18,1,0.000000,s18_p1
1779334122.0,18,2,0.000000,s18_p2
1779334122.0,18,3,0.000000,s18_p3
1779334122.0,2,1,0.168770,s2_p1
1779334122.0,2,4,0.000000,s2_p4
1779334122.0,2,2,0.040987,s2_p2
1779334122.0,2,3,0.000000,s2_p3
1779334122.0,7,1,0.040944,s7_p1
1779334122.0,7,4,0.000000,s7_p4
1779334122.0,7,2,0.021676,s7_p2
1779334122.0,7,3,0.000000,s7_p3
1779334122.0,12,4,0.204738,s12_p4
1779334122.0,12,1,0.000000,s12_p1
1779334122.0,12,2,0.000000,s12_p2
1779334122.0,12,3,0.000000,s12_p3
1779334122.0,19,1,0.000000,s19_p1
1779334122.0,19,4,0.000000,s19_p4
1779334122.0,19,2,0.000000,s19_p2
1779334122.0,19,3,0.000000,s19_p3
1779334122.0,11,4,0.000000,s11_p4
1779334122.0,11,1,0.000000,s11_p1
1779334122.0,11,2,0.093950,s11_p2
1779334122.0,11,3,0.879278,s11_p3
1779334122.0,16,1,0.000000,s16_p1
1779334122.0,16,4,0.000000,s16_p4
1779334122.0,16,2,0.000000,s16_p2
1779334122.0,16,3,0.000000,s16_p3
1779334122.0,9,1,0.000000,s9_p1
1779334122.0,9,4,0.000000,s9_p4
1779334122.0,9,2,0.168655,s9_p2
1779334122.0,9,3,0.180702,s9_p3
1779334122.0,5,4,0.000000,s5_p4
1779334122.0,5,1,0.021683,s5_p1
1779334122.0,5,2,0.033729,s5_p2
1779334122.0,5,3,0.000000,s5_p3
1779334122.0,4,1,0.000000,s4_p1
1779334122.0,4,4,0.000000,s4_p4
1779334122.0,4,2,0.093938,s4_p2
1779334122.0,4,3,0.021678,s4_p3
1779334122.0,6,1,0.000000,s6_p1
1779334122.0,6,4,0.000000,s6_p4
1779334122.0,6,2,0.000000,s6_p2
1779334122.0,6,3,0.219918,s6_p3
1779334122.0,14,4,0.000000,s14_p4
1779334122.0,14,1,0.036256,s14_p1
1779334122.0,14,2,0.000000,s14_p2
1779334122.0,14,3,0.000000,s14_p3
1779334122.0,15,4,0.000000,s15_p4
1779334122.0,15,1,0.072509,s15_p1
1779334122.0,15,2,0.128100,s15_p2
1779334122.0,15,3,0.845943,s15_p3
1779334122.0,3,4,0.043505,s3_p4
1779334122.0,3,1,0.000000,s3_p1
1779334122.0,3,2,0.000000,s3_p2
1779334122.0,3,3,0.152269,s3_p3
1779334122.0,1,4,0.036266,s1_p4
1779334122.0,1,1,0.000000,s1_p1
1779334122.0,1,2,0.000000,s1_p2
1779334122.0,1,3,0.036266,s1_p3
1779334122.0,10,4,0.181233,s10_p4
1779334122.0,10,1,0.000000,s10_p1
1779334122.0,10,2,0.043496,s10_p2
1779334122.0,10,3,0.000000,s10_p3
1779334122.0,7,1,0.045974,s7_p1
1779334122.0,7,4,0.000000,s7_p4
1779334122.0,7,2,0.026616,s7_p2
1779334122.0,7,3,0.000000,s7_p3
1779334122.0,8,4,0.000000,s8_p4
1779334122.0,8,1,0.000000,s8_p1
1779334122.0,8,2,0.128103,s8_p2
1779334122.0,8,3,0.169193,s8_p3
1779334122.0,20,1,0.217708,s20_p1
1779334122.0,20,4,0.000000,s20_p4
1779334122.0,20,2,0.000000,s20_p2
1779334122.0,20,3,0.181424,s20_p3
1779334122.0,12,4,0.217685,s12_p4
1779334122.0,12,1,0.000000,s12_p1
1779334122.0,12,2,0.000000,s12_p2
1779334122.0,12,3,0.000000,s12_p3
1779334122.0,17,4,1.000000,s17_p4
1779334122.0,17,1,0.846341,s17_p1
1779334122.0,17,2,0.459443,s17_p2
1779334122.0,17,3,0.108815,s17_p3
1779334122.0,13,1,0.021759,s13_p1
1779334122.0,13,4,0.000000,s13_p4
1779334122.0,13,2,0.000000,s13_p2
1779334122.0,13,3,1.000000,s13_p3
1779334122.0,18,4,0.000000,s18_p4
1779334122.0,18,1,0.000000,s18_p1
1779334122.0,18,2,0.000000,s18_p2
1779334122.0,18,3,0.000000,s18_p3
1779334122.0,16,1,0.000000,s16_p1
1779334122.0,16,4,0.000000,s16_p4
1779334122.0,16,2,0.000000,s16_p2
1779334122.0,16,3,0.000000,s16_p3
1779334122.0,2,1,0.169181,s2_p1
1779334122.0,2,4,0.000000,s2_p4
1779334122.0,2,2,0.043504,s2_p2
1779334122.0,2,3,0.000000,s2_p3
1779334122.0,4,1,0.000000,s4_p1
1779334122.0,4,4,0.000000,s4_p4
1779334122.0,4,2,0.091913,s4_p2
1779334122.0,4,3,0.021769,s4_p3
1779334122.0,5,4,0.000000,s5_p4
1779334122.0,5,1,0.021768,s5_p1
1779334122.0,5,2,0.036279,s5_p2
1779334122.0,5,3,0.000000,s5_p3
1779334122.0,9,1,0.000000,s9_p1
1779334122.0,9,4,0.000000,s9_p4
1779334122.0,9,2,0.169294,s9_p2
1779334122.0,9,3,0.181387,s9_p3
1779334122.0,11,4,0.000000,s11_p4
1779334122.0,11,1,0.000000,s11_p1
1779334122.0,11,2,0.091880,s11_p2
1779334122.0,11,3,0.870443,s11_p3
1779334122.0,19,1,0.000000,s19_p1
1779334122.0,19,4,0.000000,s19_p4
1779334122.0,19,2,0.000000,s19_p2
1779334122.0,19,3,0.000000,s19_p3
1779334123.0,19,1,0.000000,s19_p1
1779334123.0,19,4,0.000000,s19_p4
1779334123.0,19,2,0.000000,s19_p2
1779334123.0,19,3,0.000000,s19_p3
1779334123.0,6,1,0.000000,s6_p1
1779334123.0,6,4,0.000000,s6_p4
1779334123.0,6,2,0.000000,s6_p2
1779334123.0,6,3,0.214902,s6_p3
1779334123.0,3,4,0.041058,s3_p4
1779334123.0,3,1,0.000000,s3_p1
1779334123.0,3,2,0.000000,s3_p2
1779334123.0,3,3,0.152156,s3_p3
1779334123.0,14,4,0.000000,s14_p4
1779334123.0,14,1,0.036221,s14_p1
1779334123.0,14,2,0.000000,s14_p2
1779334123.0,14,3,0.000000,s14_p3
1779334123.0,8,4,0.000000,s8_p4
1779334123.0,8,1,0.000000,s8_p1
1779334123.0,8,2,0.135286,s8_p2
1779334123.0,8,3,0.169108,s8_p3
1779334123.0,1,4,0.036224,s1_p4
1779334123.0,1,1,0.000000,s1_p1
1779334123.0,1,2,0.000000,s1_p2
1779334123.0,1,3,0.036224,s1_p3
1779334123.0,15,4,0.000000,s15_p4
1779334123.0,15,1,0.065198,s15_p1
1779334123.0,15,2,0.135226,s15_p2
1779334123.0,15,3,0.845165,s15_p3
1779334123.0,10,4,0.181117,s10_p4
1779334123.0,10,1,0.000000,s10_p1
1779334123.0,10,2,0.041053,s10_p2
1779334123.0,10,3,0.000000,s10_p3
1779334123.0,5,4,0.000000,s5_p4
1779334123.0,5,1,0.024171,s5_p1
1779334123.0,5,2,0.036257,s5_p2
1779334123.0,5,3,0.000000,s5_p3
1779334123.0,12,4,0.205299,s12_p4
1779334123.0,12,1,0.000000,s12_p1
1779334123.0,12,2,0.000000,s12_p2
1779334123.0,12,3,0.000000,s12_p3
1779334123.0,13,1,0.024155,s13_p1
1779334123.0,13,4,0.000000,s13_p4
1779334123.0,13,2,0.000000,s13_p2
1779334123.0,13,3,1.000000,s13_p3
1779334123.0,4,1,0.000000,s4_p1
1779334123.0,4,4,0.000000,s4_p4
1779334123.0,4,2,0.094253,s4_p2
1779334123.0,4,3,0.024167,s4_p3
1779334123.0,7,1,0.041038,s7_p1
1779334123.0,7,4,0.000000,s7_p4
1779334123.0,7,2,0.024140,s7_p2
1779334123.0,7,3,0.000000,s7_p3
1779334123.0,20,1,0.205206,s20_p1
1779334123.0,20,4,0.000000,s20_p4
1779334123.0,20,2,0.000000,s20_p2
1779334123.0,20,3,0.181065,s20_p3
1779334123.0,2,1,0.169089,s2_p1
1779334123.0,2,4,0.000000,s2_p4
1779334123.0,2,2,0.041064,s2_p2
1779334123.0,2,3,0.000000,s2_p3
1779334123.0,18,4,0.000000,s18_p4
1779334123.0,18,1,0.000000,s18_p1
1779334123.0,18,2,0.000000,s18_p2
1779334123.0,18,3,0.000000,s18_p3
1779334123.0,9,1,0.000000,s9_p1
1779334123.0,9,4,0.000000,s9_p4
1779334123.0,9,2,0.169091,s9_p2
1779334123.0,9,3,0.181169,s9_p3
1779334123.0,17,4,1.000000,s17_p4
1779334123.0,17,1,0.844870,s17_p1
1779334123.0,17,2,0.470713,s17_p2
1779334123.0,17,3,0.120696,s17_p3
1779334123.0,11,4,0.000000,s11_p4
1779334123.0,11,1,0.000000,s11_p1
1779334123.0,11,2,0.094220,s11_p2
1779334123.0,11,3,0.881807,s11_p3
1779334123.0,16,1,0.000000,s16_p1
1779334123.0,16,4,0.000000,s16_p4
1779334123.0,16,2,0.000000,s16_p2
1779334123.0,16,3,0.000000,s16_p3
1779334123.0,4,1,0.000000,s4_p1
1779334123.0,4,4,0.000000,s4_p4
1779334123.0,4,2,0.096458,s4_p2
1779334123.0,4,3,0.021703,s4_p3
1779334123.0,14,4,0.000000,s14_p4
1779334123.0,14,1,0.036142,s14_p1
1779334123.0,14,2,0.000000,s14_p2
1779334123.0,14,3,0.000000,s14_p3
1779334123.0,7,1,0.040988,s7_p1
1779334123.0,7,4,0.000000,s7_p4
1779334123.0,7,2,0.026521,s7_p2
1779334123.0,7,3,0.000000,s7_p3
1779334123.0,1,4,0.036141,s1_p4
1779334123.0,1,1,0.000000,s1_p1
1779334123.0,1,2,0.000000,s1_p2
1779334123.0,1,3,0.033731,s1_p3
1779334123.0,13,1,0.021698,s13_p1
1779334123.0,13,4,0.000000,s13_p4
1779334123.0,13,2,0.000000,s13_p2
1779334123.0,13,3,1.000000,s13_p3
1779334123.0,6,1,0.000000,s6_p1
1779334123.0,6,4,0.000000,s6_p4
1779334123.0,6,2,0.000000,s6_p2
1779334123.0,6,3,0.216482,s6_p3
1779334123.0,15,4,0.000000,s15_p4
1779334123.0,15,1,0.067391,s15_p1
1779334123.0,15,2,0.132374,s15_p2
1779334123.0,15,3,0.854417,s15_p3
1779334123.0,20,1,0.216750,s20_p1
1779334123.0,20,4,0.000000,s20_p4
1779334123.0,20,2,0.000000,s20_p2
1779334123.0,20,3,0.180625,s20_p3
1779334123.0,17,4,0.999951,s17_p4
1779334123.0,17,1,0.855380,s17_p1
1779334123.0,17,2,0.481904,s17_p2
1779334123.0,17,3,0.108428,s17_p3
1779334123.0,11,4,0.000000,s11_p4
1779334123.0,11,1,0.000000,s11_p1
1779334123.0,11,2,0.096381,s11_p2
1779334123.0,11,3,0.879481,s11_p3
1779334123.0,8,4,0.000000,s8_p4
1779334123.0,8,1,0.000000,s8_p1
1779334123.0,8,2,0.132354,s8_p2
1779334123.0,8,3,0.170857,s8_p3
1779334123.0,12,4,0.216708,s12_p4
1779334123.0,12,1,0.000000,s12_p1
1779334123.0,12,2,0.000000,s12_p2
1779334123.0,12,3,0.000000,s12_p3
1779334123.0,3,4,0.043310,s3_p4
1779334123.0,3,1,0.000000,s3_p1
1779334123.0,3,2,0.000000,s3_p2
1779334123.0,3,3,0.153991,s3_p3
1779334123.0,10,4,0.180484,s10_p4
1779334123.0,10,1,0.000000,s10_p1
1779334123.0,10,2,0.043316,s10_p2
1779334123.0,10,3,0.000000,s10_p3
1779334123.0,2,1,0.171038,s2_p1
1779334123.0,2,4,0.000000,s2_p4
1779334123.0,2,2,0.043362,s2_p2
1779334123.0,2,3,0.000000,s2_p3
1779334123.0,16,1,0.000000,s16_p1
1779334123.0,16,4,0.000000,s16_p4
1779334123.0,16,2,0.000000,s16_p2
1779334123.0,16,3,0.000000,s16_p3
1779334123.0,18,4,0.000000,s18_p4
1779334123.0,18,1,0.000000,s18_p1
1779334123.0,18,2,0.000000,s18_p2
1779334123.0,18,3,0.000000,s18_p3
1779334123.0,9,1,0.000000,s9_p1
1779334123.0,9,4,0.000000,s9_p4
1779334123.0,9,2,0.171043,s9_p2
1779334123.0,9,3,0.168634,s9_p3
1779334123.0,5,4,0.000000,s5_p4
1779334123.0,5,1,0.021667,s5_p1
1779334123.0,5,2,0.036111,s5_p2
1779334123.0,5,3,0.000000,s5_p3
1779334123.0,19,1,0.000000,s19_p1
1779334123.0,19,4,0.000000,s19_p4
1779334123.0,19,2,0.000000,s19_p2
1779334123.0,19,3,0.000000,s19_p3
1779334124.0,14,4,0.000000,s14_p4
1779334124.0,14,1,0.045838,s14_p1
1779334124.0,14,2,0.000000,s14_p2
1779334124.0,14,3,0.000000,s14_p3
1779334124.0,6,1,0.000000,s6_p1
1779334124.0,6,4,0.000000,s6_p4
1779334124.0,6,2,0.000000,s6_p2
1779334124.0,6,3,0.262520,s6_p3
1779334124.0,1,4,0.045806,s1_p4
1779334124.0,1,1,0.000000,s1_p1
1779334124.0,1,2,0.000000,s1_p2
1779334124.0,1,3,0.052350,s1_p3
1779334124.0,8,4,0.000000,s8_p4
1779334124.0,8,1,0.000000,s8_p1
1779334124.0,8,2,0.281766,s8_p2
1779334124.0,8,3,0.196581,s8_p3
1779334124.0,10,4,0.229318,s10_p4
1779334124.0,10,1,0.000000,s10_p1
1779334124.0,10,2,0.052415,s10_p2
1779334124.0,10,3,0.000000,s10_p3
1779334124.0,15,4,0.000000,s15_p4
1779334124.0,15,1,0.261915,s15_p1
1779334124.0,15,2,0.281559,s15_p2
1779334124.0,15,3,0.982181,s15_p3
1779334124.0,3,4,0.052398,s3_p4
1779334124.0,3,1,0.000000,s3_p1
1779334124.0,3,2,0.000000,s3_p2
1779334124.0,3,3,0.183394,s3_p3
1779334124.0,4,1,0.000000,s4_p1
1779334124.0,4,4,0.000000,s4_p4
1779334124.0,4,2,0.195396,s4_p2
1779334124.0,4,3,0.032566,s4_p3
1779334124.0,20,1,0.261411,s20_p1
1779334124.0,20,4,0.000000,s20_p4
1779334124.0,20,2,0.000000,s20_p2
1779334124.0,20,3,0.228735,s20_p3
1779334124.0,7,1,0.208419,s7_p1
1779334124.0,7,4,0.000000,s7_p4
1779334124.0,7,2,0.052105,s7_p2
1779334124.0,7,3,0.000000,s7_p3
1779334124.0,13,1,0.032556,s13_p1
1779334124.0,13,4,0.000000,s13_p4
1779334124.0,13,2,0.000000,s13_p2
1779334124.0,13,3,1.000000,s13_p3
1779334124.0,18,4,0.000000,s18_p4
1779334124.0,18,1,0.000000,s18_p1
1779334124.0,18,2,0.000000,s18_p2
1779334124.0,18,3,0.000000,s18_p3
1779334124.0,16,1,0.000000,s16_p1
1779334124.0,16,4,0.000000,s16_p4
1779334124.0,16,2,0.000000,s16_p2
1779334124.0,16,3,0.000000,s16_p3
1779334124.0,2,1,0.195322,s2_p1
1779334124.0,2,4,0.000000,s2_p4
1779334124.0,2,2,0.052086,s2_p2
1779334124.0,2,3,0.000000,s2_p3
1779334124.0,5,4,0.000000,s5_p4
1779334124.0,5,1,0.032557,s5_p1
1779334124.0,5,2,0.045579,s5_p2
1779334124.0,5,3,0.000000,s5_p3
1779334124.0,12,4,0.260335,s12_p4
1779334124.0,12,1,0.000000,s12_p1
1779334124.0,12,2,0.000000,s12_p2
1779334124.0,12,3,0.000000,s12_p3
1779334124.0,17,4,1.000000,s17_p4
1779334124.0,17,1,0.976040,s17_p1
1779334124.0,17,2,0.976040,s17_p2
1779334124.0,17,3,0.162673,s17_p3
1779334124.0,11,4,0.000000,s11_p4
1779334124.0,11,1,0.000000,s11_p1
1779334124.0,11,2,0.195043,s11_p2
1779334124.0,11,3,1.000000,s11_p3
1779334124.0,19,1,0.000000,s19_p1
1779334124.0,19,4,0.000000,s19_p4
1779334124.0,19,2,0.000000,s19_p2
1779334124.0,19,3,0.000000,s19_p3
1779334124.0,9,1,0.000000,s9_p1
1779334124.0,9,4,0.000000,s9_p4
1779334124.0,9,2,0.195061,s9_p2
1779334124.0,9,3,0.260082,s9_p3
1779334124.0,19,1,0.000000,s19_p1
1779334124.0,19,4,0.000000,s19_p4
1779334124.0,19,2,0.000000,s19_p2
1779334124.0,19,3,0.000000,s19_p3
1779334124.0,6,1,0.000000,s6_p1
1779334124.0,6,4,0.000000,s6_p4
1779334124.0,6,2,0.000000,s6_p2
1779334124.0,6,3,0.200725,s6_p3
1779334124.0,10,4,0.157245,s10_p4
1779334124.0,10,1,0.000000,s10_p1
1779334124.0,10,2,0.036287,s10_p2
1779334124.0,10,3,0.000000,s10_p3
1779334124.0,3,4,0.036289,s3_p4
1779334124.0,3,1,0.000000,s3_p1
1779334124.0,3,2,0.000000,s3_p2
1779334124.0,3,3,0.142737,s3_p3
1779334124.0,14,4,0.000000,s14_p4
1779334124.0,14,1,0.031411,s14_p1
1779334124.0,14,2,0.000000,s14_p2
1779334124.0,14,3,0.000000,s14_p3
1779334124.0,1,4,0.031420,s1_p4
1779334124.0,1,1,0.000000,s1_p1
1779334124.0,1,2,0.000000,s1_p2
1779334124.0,1,3,0.031420,s1_p3
1779334124.0,7,1,0.070183,s7_p1
1779334124.0,7,4,0.000000,s7_p4
1779334124.0,7,2,0.019361,s7_p2
1779334124.0,7,3,0.000000,s7_p3
1779334124.0,13,1,0.019362,s13_p1
1779334124.0,13,4,0.000000,s13_p4
1779334124.0,13,2,0.000000,s13_p2
1779334124.0,13,3,0.931803,s13_p3
1779334124.0,15,4,0.000000,s15_p4
1779334124.0,15,1,0.089456,s15_p1
1779334124.0,15,2,0.099127,s15_p2
1779334124.0,15,3,0.797853,s15_p3
1779334124.0,8,4,0.000000,s8_p4
1779334124.0,8,1,0.000000,s8_p1
1779334124.0,8,2,0.099108,s8_p2
1779334124.0,8,3,0.159540,s8_p3
1779334124.0,12,4,0.181684,s12_p4
1779334124.0,12,1,0.000000,s12_p1
1779334124.0,12,2,0.000000,s12_p2
1779334124.0,12,3,0.000000,s12_p3
1779334124.0,4,1,0.000000,s4_p1
1779334124.0,4,4,0.000000,s4_p4
1779334124.0,4,2,0.082216,s4_p2
1779334124.0,4,3,0.019345,s4_p3
1779334124.0,20,1,0.181361,s20_p1
1779334124.0,20,4,0.000000,s20_p4
1779334124.0,20,2,0.000000,s20_p2
1779334124.0,20,3,0.157179,s20_p3
1779334124.0,5,4,0.000000,s5_p4
1779334124.0,5,1,0.019375,s5_p1
1779334124.0,5,2,0.031484,s5_p2
1779334124.0,5,3,0.000000,s5_p3
1779334124.0,18,4,0.000000,s18_p4
1779334124.0,18,1,0.000000,s18_p1
1779334124.0,18,2,0.000000,s18_p2
1779334124.0,18,3,0.000000,s18_p3
1779334124.0,17,4,0.944080,s17_p4
1779334124.0,17,1,0.798837,s17_p1
1779334124.0,17,2,0.411522,s17_p2
1779334124.0,17,3,0.096829,s17_p3
1779334124.0,16,1,0.000000,s16_p1
1779334124.0,16,4,0.000000,s16_p4
1779334124.0,16,2,0.000000,s16_p2
1779334124.0,16,3,0.000000,s16_p3
1779334124.0,2,1,0.159741,s2_p1
1779334124.0,2,4,0.000000,s2_p4
1779334124.0,2,2,0.038725,s2_p2
1779334124.0,2,3,0.000000,s2_p3
1779334124.0,11,4,0.000000,s11_p4
1779334124.0,11,1,0.000000,s11_p1
1779334124.0,11,2,0.082325,s11_p2
1779334124.0,11,3,0.811139,s11_p3
1779334124.0,9,1,0.000000,s9_p1
1779334124.0,9,4,0.000000,s9_p4
1779334124.0,9,2,0.159802,s9_p2
1779334124.0,9,3,0.157380,s9_p3
1779334125.0,14,4,0.000000,s14_p4
1779334125.0,14,1,0.036194,s14_p1
1779334125.0,14,2,0.000000,s14_p2
1779334125.0,14,3,0.000000,s14_p3
1779334125.0,19,1,0.000000,s19_p1
1779334125.0,19,4,0.000000,s19_p4
1779334125.0,19,2,0.000000,s19_p2
1779334125.0,19,3,0.000000,s19_p3
1779334125.0,8,4,0.000000,s8_p4
1779334125.0,8,1,0.000000,s8_p1
1779334125.0,8,2,0.106204,s8_p2
1779334125.0,8,3,0.168960,s8_p3
1779334125.0,6,1,0.000000,s6_p1
1779334125.0,6,4,0.000000,s6_p4
1779334125.0,6,2,0.000000,s6_p2
1779334125.0,6,3,0.214555,s6_p3
1779334125.0,1,4,0.036184,s1_p4
1779334125.0,1,1,0.000000,s1_p1
1779334125.0,1,2,0.000000,s1_p2
1779334125.0,1,3,0.033772,s1_p3
1779334125.0,13,1,0.021720,s13_p1
1779334125.0,13,4,0.000000,s13_p4
1779334125.0,13,2,0.000000,s13_p2
1779334125.0,13,3,1.000000,s13_p3
1779334125.0,7,1,0.077161,s7_p1
1779334125.0,7,4,0.000000,s7_p4
1779334125.0,7,2,0.014468,s7_p2
1779334125.0,7,3,0.000000,s7_p3
1779334125.0,4,1,0.000000,s4_p1
1779334125.0,4,4,0.000000,s4_p4
1779334125.0,4,2,0.091679,s4_p2
1779334125.0,4,3,0.021713,s4_p3
1779334125.0,2,1,0.168999,s2_p1
1779334125.0,2,4,0.000000,s2_p4
1779334125.0,2,2,0.041043,s2_p2
1779334125.0,2,3,0.000000,s2_p3
1779334125.0,17,4,0.989768,s17_p4
1779334125.0,17,1,0.844924,s17_p1
1779334125.0,17,2,0.458673,s17_p2
1779334125.0,17,3,0.108633,s17_p3
1779334125.0,15,4,0.000000,s15_p4
1779334125.0,15,1,0.091626,s15_p1
1779334125.0,15,2,0.106093,s15_p2
1779334125.0,15,3,0.843924,s15_p3
1779334125.0,5,4,0.000000,s5_p4
1779334125.0,5,1,0.021714,s5_p1
1779334125.0,5,2,0.036190,s5_p2
1779334125.0,5,3,0.000000,s5_p3
1779334125.0,12,4,0.217093,s12_p4
1779334125.0,12,1,0.000000,s12_p1
1779334125.0,12,2,0.000000,s12_p2
1779334125.0,12,3,0.000000,s12_p3
1779334125.0,16,1,0.000000,s16_p1
1779334125.0,16,4,0.000000,s16_p4
1779334125.0,16,2,0.000000,s16_p2
1779334125.0,16,3,0.000000,s16_p3
1779334125.0,10,4,0.180710,s10_p4
1779334125.0,10,1,0.000000,s10_p1
1779334125.0,10,2,0.043370,s10_p2
1779334125.0,10,3,0.000000,s10_p3
1779334125.0,3,4,0.043372,s3_p4
1779334125.0,3,1,0.000000,s3_p1
1779334125.0,3,2,0.000000,s3_p2
1779334125.0,3,3,0.151802,s3_p3
1779334125.0,9,1,0.000000,s9_p1
1779334125.0,9,4,0.000000,s9_p4
1779334125.0,9,2,0.168996,s9_p2
1779334125.0,9,3,0.168996,s9_p3
1779334125.0,20,1,0.217101,s20_p1
1779334125.0,20,4,0.000000,s20_p4
1779334125.0,20,2,0.000000,s20_p2
1779334125.0,20,3,0.180917,s20_p3
1779334125.0,11,4,0.000000,s11_p4
1779334125.0,11,1,0.000000,s11_p1
1779334125.0,11,2,0.091707,s11_p2
1779334125.0,11,3,0.868807,s11_p3
1779334125.0,18,4,0.000000,s18_p4
1779334125.0,18,1,0.000000,s18_p1
1779334125.0,18,2,0.000000,s18_p2
1779334125.0,18,3,0.000000,s18_p3
1779334125.0,19,1,0.000000,s19_p1
1779334125.0,19,4,0.000000,s19_p4
1779334125.0,19,2,0.000000,s19_p2
1779334125.0,19,3,0.000000,s19_p3
1779334125.0,6,1,0.000000,s6_p1
1779334125.0,6,4,0.000000,s6_p4
1779334125.0,6,2,0.000000,s6_p2
1779334125.0,6,3,0.217979,s6_p3
1779334125.0,14,4,0.000000,s14_p4
1779334125.0,14,1,0.033879,s14_p1
1779334125.0,14,2,0.000000,s14_p2
1779334125.0,14,3,0.000000,s14_p3
1779334125.0,15,4,0.000000,s15_p4
1779334125.0,15,1,0.099334,s15_p1
1779334125.0,15,2,0.101756,s15_p2
1779334125.0,15,3,0.847969,s15_p3
1779334125.0,3,4,0.041190,s3_p4
1779334125.0,3,1,0.000000,s3_p1
1779334125.0,3,2,0.000000,s3_p2
1779334125.0,3,3,0.152644,s3_p3
1779334125.0,10,4,0.169597,s10_p4
1779334125.0,10,1,0.000000,s10_p1
1779334125.0,10,2,0.041188,s10_p2
1779334125.0,10,3,0.000000,s10_p3
1779334125.0,1,4,0.033883,s1_p4
1779334125.0,1,1,0.000000,s1_p1
1779334125.0,1,2,0.000000,s1_p2
1779334125.0,1,3,0.036304,s1_p3
1779334125.0,8,4,0.000000,s8_p4
1779334125.0,8,1,0.000000,s8_p1
1779334125.0,8,2,0.101643,s8_p2
1779334125.0,8,3,0.169405,s8_p3
1779334125.0,13,1,0.024190,s13_p1
1779334125.0,13,4,0.000000,s13_p4
1779334125.0,13,2,0.000000,s13_p2
1779334125.0,13,3,1.000000,s13_p3
1779334125.0,7,1,0.077465,s7_p1
1779334125.0,7,4,0.000000,s7_p4
1779334125.0,7,2,0.021787,s7_p2
1779334125.0,7,3,0.000000,s7_p3
1779334125.0,12,4,0.205797,s12_p4
1779334125.0,12,1,0.000000,s12_p1
1779334125.0,12,2,0.000000,s12_p2
1779334125.0,12,3,0.000000,s12_p3
1779334125.0,20,1,0.205818,s20_p1
1779334125.0,20,4,0.000000,s20_p4
1779334125.0,20,2,0.000000,s20_p2
1779334125.0,20,3,0.169497,s20_p3
1779334125.0,18,4,0.000000,s18_p4
1779334125.0,18,1,0.000000,s18_p1
1779334125.0,18,2,0.000000,s18_p2
1779334125.0,18,3,0.000000,s18_p3
1779334125.0,5,4,0.000000,s5_p4
1779334125.0,5,1,0.024208,s5_p1
1779334125.0,5,2,0.033891,s5_p2
1779334125.0,5,3,0.000000,s5_p3
1779334125.0,4,1,0.000000,s4_p1
1779334125.0,4,4,0.000000,s4_p4
1779334125.0,4,2,0.089557,s4_p2
1779334125.0,4,3,0.024205,s4_p3
1779334125.0,17,4,1.000000,s17_p4
1779334125.0,17,1,0.846861,s17_p1
1779334125.0,17,2,0.447626,s17_p2
1779334125.0,17,3,0.120980,s17_p3
1779334125.0,2,1,0.169357,s2_p1
1779334125.0,2,4,0.000000,s2_p4
1779334125.0,2,2,0.041130,s2_p2
1779334125.0,2,3,0.000000,s2_p3
1779334125.0,9,1,0.000000,s9_p1
1779334125.0,9,4,0.000000,s9_p4
1779334125.0,9,2,0.169383,s9_p2
1779334125.0,9,3,0.181482,s9_p3
1779334125.0,16,1,0.000000,s16_p1
1779334125.0,16,4,0.000000,s16_p4
1779334125.0,16,2,0.000000,s16_p2
1779334125.0,16,3,0.000000,s16_p3
1779334125.0,11,4,0.000000,s11_p4
1779334125.0,11,1,0.000000,s11_p1
1779334125.0,11,2,0.089547,s11_p2
1779334125.0,11,3,0.895472,s11_p3
1779334126.0,4,1,0.000000,s4_p1
1779334126.0,4,4,0.055609,s4_p4
1779334126.0,4,2,0.089458,s4_p2
1779334126.0,4,3,0.021760,s4_p3
1779334126.0,7,1,0.074925,s7_p1
1779334126.0,7,4,0.082176,s7_p4
1779334126.0,7,2,0.019335,s7_p2
1779334126.0,7,3,0.000000,s7_p3
1779334126.0,19,1,0.000000,s19_p1
1779334126.0,19,4,0.000000,s19_p4
1779334126.0,19,2,0.000000,s19_p2
1779334126.0,19,3,0.000000,s19_p3
1779334126.0,15,4,0.000000,s15_p4
1779334126.0,15,1,0.094088,s15_p1
1779334126.0,15,2,0.106151,s15_p2
1779334126.0,15,3,0.916758,s15_p3
1779334126.0,2,1,0.147357,s2_p1
1779334126.0,2,4,0.000000,s2_p4
1779334126.0,2,2,0.099043,s2_p2
1779334126.0,2,3,0.000000,s2_p3
1779334126.0,17,4,1.000000,s17_p4
1779334126.0,17,1,0.917881,s17_p1
1779334126.0,17,2,0.446863,s17_p2
1779334126.0,17,3,0.108696,s17_p3
1779334126.0,3,4,0.043423,s3_p4
1779334126.0,3,1,0.024124,s3_p1
1779334126.0,3,2,0.057898,s3_p2
1779334126.0,3,3,0.154394,s3_p3
1779334126.0,1,4,0.060310,s1_p4
1779334126.0,1,1,0.000000,s1_p1
1779334126.0,1,2,0.036186,s1_p2
1779334126.0,1,3,0.036186,s1_p3
1779334126.0,8,4,0.000000,s8_p4
1779334126.0,8,1,0.041011,s8_p1
1779334126.0,8,2,0.106146,s8_p2
1779334126.0,8,3,0.221941,s8_p3
1779334126.0,12,4,0.494829,s12_p4
1779334126.0,12,1,0.082069,s12_p1
1779334126.0,12,2,0.000000,s12_p2
1779334126.0,12,3,0.000000,s12_p3
1779334126.0,13,1,0.060336,s13_p1
1779334126.0,13,4,0.000000,s13_p4
1779334126.0,13,2,0.000000,s13_p2
1779334126.0,13,3,0.989513,s13_p3
1779334126.0,20,1,0.217232,s20_p1
1779334126.0,20,4,0.205164,s20_p4
1779334126.0,20,2,0.410328,s20_p2
1779334126.0,20,3,0.374122,s20_p3
1779334126.0,6,1,0.024102,s6_p1
1779334126.0,6,4,0.000000,s6_p4
1779334126.0,6,2,0.000000,s6_p2
1779334126.0,6,3,0.255482,s6_p3
1779334126.0,10,4,0.301484,s10_p4
1779334126.0,10,1,0.000000,s10_p1
1779334126.0,10,2,0.043414,s10_p2
1779334126.0,10,3,0.000000,s10_p3
1779334126.0,14,4,0.000000,s14_p4
1779334126.0,14,1,0.050638,s14_p1
1779334126.0,14,2,0.024113,s14_p2
1779334126.0,14,3,0.000000,s14_p3
1779334126.0,5,4,0.000000,s5_p4
1779334126.0,5,1,0.060339,s5_p1
1779334126.0,5,2,0.050684,s5_p2
1779334126.0,5,3,0.000000,s5_p3
1779334126.0,11,4,0.000000,s11_p4
1779334126.0,11,1,0.000000,s11_p1
1779334126.0,11,2,0.089318,s11_p2
1779334126.0,11,3,0.869044,s11_p3
1779334126.0,18,4,0.000000,s18_p4
1779334126.0,18,1,0.000000,s18_p1
1779334126.0,18,2,0.000000,s18_p2
1779334126.0,18,3,0.000000,s18_p3
1779334126.0,9,1,0.036205,s9_p1
1779334126.0,9,4,0.000000,s9_p4
1779334126.0,9,2,0.147235,s9_p2
1779334126.0,9,3,0.181026,s9_p3
1779334126.0,16,1,0.000000,s16_p1
1779334126.0,16,4,0.410326,s16_p4
1779334126.0,16,2,0.041033,s16_p2
1779334126.0,16,3,0.000000,s16_p3
1779334126.0,6,1,0.067774,s6_p1
1779334126.0,6,4,0.000000,s6_p4
1779334126.0,6,2,0.000000,s6_p2
1779334126.0,6,3,0.319504,s6_p3
1779334126.0,19,1,0.000000,s19_p1
1779334126.0,19,4,0.000000,s19_p4
1779334126.0,19,2,0.000000,s19_p2
1779334126.0,19,3,0.000000,s19_p3
1779334126.0,1,4,0.103975,s1_p4
1779334126.0,1,1,0.000000,s1_p1
1779334126.0,1,2,0.089467,s1_p2
1779334126.0,1,3,0.036270,s1_p3
1779334126.0,14,4,0.000000,s14_p4
1779334126.0,14,1,0.070135,s14_p1
1779334126.0,14,2,0.067717,s14_p2
1779334126.0,14,3,0.000000,s14_p3
1779334126.0,8,4,0.000000,s8_p4
1779334126.0,8,1,0.087042,s8_p1
1779334126.0,8,2,0.106385,s8_p2
1779334126.0,8,3,0.294977,s8_p3
1779334126.0,15,4,0.000000,s15_p4
1779334126.0,15,1,0.094279,s15_p1
1779334126.0,15,2,0.106366,s15_p2
1779334126.0,15,3,1.000000,s15_p3
1779334126.0,3,4,0.041098,s3_p4
1779334126.0,3,1,0.045934,s3_p1
1779334126.0,3,2,0.128130,s3_p2
1779334126.0,3,3,0.152306,s3_p3
1779334126.0,10,4,0.519868,s10_p4
1779334126.0,10,1,0.000000,s10_p1
1779334126.0,10,2,0.041106,s10_p2
1779334126.0,10,3,0.000000,s10_p3
1779334126.0,4,1,0.000000,s4_p1
1779334126.0,4,4,0.120632,s4_p4
1779334126.0,4,2,0.089268,s4_p2
1779334126.0,4,3,0.021714,s4_p3
1779334126.0,13,1,0.123224,s13_p1
1779334126.0,13,4,0.000000,s13_p4
1779334126.0,13,2,0.000000,s13_p2
1779334126.0,13,3,1.000000,s13_p3
1779334126.0,18,4,0.000000,s18_p4
1779334126.0,18,1,0.000000,s18_p1
1779334126.0,18,2,0.000000,s18_p2
1779334126.0,18,3,0.000000,s18_p3
1779334126.0,7,1,0.074794,s7_p1
1779334126.0,7,4,0.173715,s7_p4
1779334126.0,7,2,0.019302,s7_p2
1779334126.0,7,3,0.000000,s7_p3
1779334126.0,5,4,0.000000,s5_p4
1779334126.0,5,1,0.123238,s5_p1
1779334126.0,5,2,0.070076,s5_p2
1779334126.0,5,3,0.000000,s5_p3
1779334126.0,12,4,0.809277,s12_p4
1779334126.0,12,1,0.173934,s12_p1
1779334126.0,12,2,0.000000,s12_p2
1779334126.0,12,3,0.000000,s12_p3
1779334126.0,20,1,0.205350,s20_p1
1779334126.0,20,4,0.434859,s20_p4
1779334126.0,20,2,0.869718,s20_p2
1779334126.0,20,3,0.688527,s20_p3
1779334126.0,17,4,1.000000,s17_p4
1779334126.0,17,1,1.000000,s17_p1
1779334126.0,17,2,0.446701,s17_p2
1779334126.0,17,3,0.108657,s17_p3
1779334126.0,11,4,0.000000,s11_p4
1779334126.0,11,1,0.000000,s11_p1
1779334126.0,11,2,0.089402,s11_p2
1779334126.0,11,3,0.869858,s11_p3
1779334126.0,2,1,0.111060,s2_p1
1779334126.0,2,4,0.000000,s2_p4
1779334126.0,2,2,0.169004,s2_p2
1779334126.0,2,3,0.000000,s2_p3
1779334126.0,16,1,0.000000,s16_p1
1779334126.0,16,4,0.869915,s16_p4
1779334126.0,16,2,0.086991,s16_p2
1779334126.0,16,3,0.000000,s16_p3
1779334126.0,9,1,0.089404,s9_p1
1779334126.0,9,4,0.000000,s9_p4
1779334126.0,9,2,0.111151,s9_p2
1779334126.0,9,3,0.181224,s9_p3
1779334127.0,10,4,0.387674,s10_p4
1779334127.0,10,1,0.000271,s10_p1
1779334127.0,10,2,0.016901,s10_p2
1779334127.0,10,3,0.000000,s10_p3
1779334127.0,1,4,0.077235,s1_p4
1779334127.0,1,1,0.000000,s1_p1
1779334127.0,1,2,0.094402,s1_p2
1779334127.0,1,3,0.086890,s1_p3
1779334127.0,14,4,0.001357,s14_p4
1779334127.0,14,1,0.042613,s14_p1
1779334127.0,14,2,0.067584,s14_p2
1779334127.0,14,3,0.000000,s14_p3
1779334127.0,20,1,0.085880,s20_p1
1779334127.0,20,4,0.436268,s20_p4
1779334127.0,20,2,0.870732,s20_p2
1779334127.0,20,3,0.551265,s20_p3
1779334127.0,3,4,0.017205,s3_p4
1779334127.0,3,1,0.046112,s3_p1
1779334127.0,3,2,0.128415,s3_p2
1779334127.0,3,3,0.113397,s3_p3
1779334127.0,7,1,0.074847,s7_p1
1779334127.0,7,4,0.173837,s7_p4
1779334127.0,7,2,0.028973,s7_p2
1779334127.0,7,3,0.001629,s7_p3
1779334127.0,13,1,0.154508,s13_p1
1779334127.0,13,4,0.000000,s13_p4
1779334127.0,13,2,0.002443,s13_p2
1779334127.0,13,3,1.000000,s13_p3
1779334127.0,8,4,0.000000,s8_p4
1779334127.0,8,1,0.087110,s8_p1
1779334127.0,8,2,0.094391,s8_p2
1779334127.0,8,3,0.253308,s8_p3
1779334127.0,15,4,0.000000,s15_p4
1779334127.0,15,1,0.103719,s15_p1
1779334127.0,15,2,0.094342,s15_p2
1779334127.0,15,3,0.991657,s15_p3
1779334127.0,16,1,0.000000,s16_p1
1779334127.0,16,4,0.868895,s16_p4
1779334127.0,16,2,0.087206,s16_p2
1779334127.0,16,3,0.000000,s16_p3
1779334127.0,18,4,0.000000,s18_p4
1779334127.0,18,1,0.000000,s18_p1
1779334127.0,18,2,0.000000,s18_p2
1779334127.0,18,3,0.000000,s18_p3
1779334127.0,11,4,0.000000,s11_p4
1779334127.0,11,1,0.000543,s11_p1
1779334127.0,11,2,0.087356,s11_p2
1779334127.0,11,3,0.856850,s11_p3
1779334127.0,17,4,0.992055,s17_p4
1779334127.0,17,1,0.989342,s17_p1
1779334127.0,17,2,0.439452,s17_p2
1779334127.0,17,3,0.289707,s17_p3
1779334127.0,4,1,0.001627,s4_p1
1779334127.0,4,4,0.119751,s4_p4
1779334127.0,4,2,0.085672,s4_p2
1779334127.0,4,3,0.057909,s4_p3
1779334127.0,2,1,0.103765,s2_p1
1779334127.0,2,4,0.000271,s2_p4
1779334127.0,2,2,0.144788,s2_p2
1779334127.0,2,3,0.002442,s2_p3
1779334127.0,5,4,0.000271,s5_p4
1779334127.0,5,1,0.155944,s5_p1
1779334127.0,5,2,0.041003,s5_p2
1779334127.0,5,3,0.002441,s5_p3
1779334127.0,12,4,0.684828,s12_p4
1779334127.0,12,1,0.173933,s12_p1
1779334127.0,12,2,0.000000,s12_p2
1779334127.0,12,3,0.000000,s12_p3
1779334127.0,19,1,0.000000,s19_p1
1779334127.0,19,4,0.000000,s19_p4
1779334127.0,19,2,0.000000,s19_p2
1779334127.0,19,3,0.000000,s19_p3
1779334127.0,6,1,0.067390,s6_p1
1779334127.0,6,4,0.000000,s6_p4
1779334127.0,6,2,0.002435,s6_p2
1779334127.0,6,3,0.283486,s6_p3
1779334127.0,9,1,0.094080,s9_p1
1779334127.0,9,4,0.000000,s9_p4
1779334127.0,9,2,0.103729,s9_p2
1779334127.0,9,3,0.446418,s9_p3
1779334127.0,1,4,0.067666,s1_p4
1779334127.0,1,1,0.000543,s1_p1
1779334127.0,1,2,0.157081,s1_p2
1779334127.0,1,3,0.034149,s1_p3
1779334127.0,3,4,0.000633,s3_p4
1779334127.0,3,1,0.045920,s3_p1
1779334127.0,3,2,0.128636,s3_p2
1779334127.0,3,3,0.000000,s3_p3
1779334127.0,8,4,0.000000,s8_p4
1779334127.0,8,1,0.088919,s8_p1
1779334127.0,8,2,0.022387,s8_p2
1779334127.0,8,3,0.130008,s8_p3
1779334127.0,10,4,0.338106,s10_p4
1779334127.0,10,1,0.000000,s10_p1
1779334127.0,10,2,0.000000,s10_p2
1779334127.0,10,3,0.000000,s10_p3
1779334127.0,14,4,0.009489,s14_p4
1779334127.0,14,1,0.031400,s14_p1
1779334127.0,14,2,0.067632,s14_p2
1779334127.0,14,3,0.000000,s14_p3
1779334127.0,7,1,0.076801,s7_p1
1779334127.0,7,4,0.176383,s7_p4
1779334127.0,7,2,0.043808,s7_p2
1779334127.0,7,3,0.003260,s7_p3
1779334127.0,15,4,0.000000,s15_p4
1779334127.0,15,1,0.118721,s15_p1
1779334127.0,15,2,0.023650,s15_p2
1779334127.0,15,3,0.953179,s15_p3
1779334127.0,13,1,0.099056,s13_p1
1779334127.0,13,4,0.000000,s13_p4
1779334127.0,13,2,0.001901,s13_p2
1779334127.0,13,3,0.351902,s13_p3
1779334127.0,4,1,0.000000,s4_p1
1779334127.0,4,4,0.118455,s4_p4
1779334127.0,4,2,0.000317,s4_p2
1779334127.0,4,3,0.000000,s4_p3
1779334127.0,5,4,0.000000,s5_p4
1779334127.0,5,1,0.099114,s5_p1
1779334127.0,5,2,0.031426,s5_p2
1779334127.0,5,3,0.000000,s5_p3
1779334127.0,20,1,0.000000,s20_p1
1779334127.0,20,4,0.447254,s20_p4
1779334127.0,20,2,0.881286,s20_p2
1779334127.0,20,3,0.494969,s20_p3
1779334127.0,12,4,0.595413,s12_p4
1779334127.0,12,1,0.176465,s12_p1
1779334127.0,12,2,0.000000,s12_p2
1779334127.0,12,3,0.000000,s12_p3
1779334127.0,16,1,0.001898,s16_p1
1779334127.0,16,4,0.881846,s16_p4
1779334127.0,16,2,0.087609,s16_p2
1779334127.0,16,3,0.000000,s16_p3
1779334127.0,18,4,0.000000,s18_p4
1779334127.0,18,1,0.000000,s18_p1
1779334127.0,18,2,0.000000,s18_p2
1779334127.0,18,3,0.000000,s18_p3
1779334127.0,17,4,0.710406,s17_p4
1779334127.0,17,1,0.940831,s17_p1
1779334127.0,17,2,0.004299,s17_p2
1779334127.0,17,3,0.009508,s17_p3
1779334127.0,2,1,0.030576,s2_p1
1779334127.0,2,4,0.000000,s2_p4
1779334127.0,2,2,0.130473,s2_p2
1779334127.0,2,3,0.000000,s2_p3
1779334127.0,11,4,0.000000,s11_p4
1779334127.0,11,1,0.000543,s11_p1
1779334127.0,11,2,0.000316,s11_p2
1779334127.0,11,3,0.000000,s11_p3
1779334127.0,9,1,0.157625,s9_p1
1779334127.0,9,4,0.000000,s9_p4
1779334127.0,9,2,0.030582,s9_p2
1779334127.0,9,3,0.170747,s9_p3
1779334127.0,19,1,0.000000,s19_p1
1779334127.0,19,4,0.000000,s19_p4
1779334127.0,19,2,0.000000,s19_p2
1779334127.0,19,3,0.000000,s19_p3
1779334127.0,6,1,0.069553,s6_p1
1779334127.0,6,4,0.001898,s6_p4
1779334127.0,6,2,0.000000,s6_p2
1779334127.0,6,3,0.142552,s6_p3
1779334128.0,6,1,0.065315,s6_p1
1779334128.0,6,4,0.000000,s6_p4
1779334128.0,6,2,0.000000,s6_p2
1779334128.0,6,3,0.099182,s6_p3
1779334128.0,10,4,0.325848,s10_p4
1779334128.0,10,1,0.000000,s10_p1
1779334128.0,10,2,0.000000,s10_p2
1779334128.0,10,3,0.000000,s10_p3
1779334128.0,3,4,0.000000,s3_p4
1779334128.0,3,1,0.043440,s3_p1
1779334128.0,3,2,0.130319,s3_p2
1779334128.0,3,3,0.000000,s3_p3
1779334128.0,1,4,0.065126,s1_p4
1779334128.0,1,1,0.000000,s1_p1
1779334128.0,1,2,0.127839,s1_p2
1779334128.0,1,3,0.000000,s1_p3
1779334128.0,4,1,0.000000,s4_p1
1779334128.0,4,4,0.118267,s4_p4
1779334128.0,4,2,0.000000,s4_p2
1779334128.0,4,3,0.000000,s4_p3
1779334128.0,13,1,0.098911,s13_p1
1779334128.0,13,4,0.000000,s13_p4
1779334128.0,13,2,0.000000,s13_p2
1779334128.0,13,3,0.000000,s13_p3
1779334128.0,8,4,0.000000,s8_p4
1779334128.0,8,1,0.084400,s8_p1
1779334128.0,8,2,0.000000,s8_p2
1779334128.0,8,3,0.127805,s8_p3
1779334128.0,20,1,0.000000,s20_p1
1779334128.0,20,4,0.422354,s20_p4
1779334128.0,20,2,0.856776,s20_p2
1779334128.0,20,3,0.494758,s20_p3
1779334128.0,5,4,0.000000,s5_p4
1779334128.0,5,1,0.098947,s5_p1
1779334128.0,5,2,0.033787,s5_p2
1779334128.0,5,3,0.000000,s5_p3
1779334128.0,17,4,0.000000,s17_p4
1779334128.0,17,1,0.639489,s17_p1
1779334128.0,17,2,0.000000,s17_p2
1779334128.0,17,3,0.000000,s17_p3
1779334128.0,18,4,0.000000,s18_p4
1779334128.0,18,1,0.000000,s18_p1
1779334128.0,18,2,0.000000,s18_p2
1779334128.0,18,3,0.000000,s18_p3
1779334128.0,11,4,0.000000,s11_p4
1779334128.0,11,1,0.000000,s11_p1
1779334128.0,11,2,0.000000,s11_p2
1779334128.0,11,3,0.000000,s11_p3
1779334128.0,12,4,0.590910,s12_p4
1779334128.0,12,1,0.171243,s12_p1
1779334128.0,12,2,0.000000,s12_p2
1779334128.0,12,3,0.000000,s12_p3
1779334128.0,16,1,0.000000,s16_p1
1779334128.0,16,4,0.856484,s16_p4
1779334128.0,16,2,0.084442,s16_p2
1779334128.0,16,3,0.000000,s16_p3
1779334128.0,2,1,0.000000,s2_p1
1779334128.0,2,4,0.000000,s2_p4
1779334128.0,2,2,0.127881,s2_p2
1779334128.0,2,3,0.000000,s2_p3
1779334128.0,9,1,0.127903,s9_p1
1779334128.0,9,4,0.000000,s9_p4
1779334128.0,9,2,0.000000,s9_p2
1779334128.0,9,3,0.000000,s9_p3
1779334128.0,19,1,0.000000,s19_p1
1779334128.0,19,4,0.000000,s19_p4
1779334128.0,19,2,0.000000,s19_p2
1779334128.0,19,3,0.000000,s19_p3
1779334128.0,15,4,0.000000,s15_p4
1779334128.0,15,1,0.000000,s15_p1
1779334128.0,15,2,0.000000,s15_p2
1779334128.0,15,3,0.638459,s15_p3
1779334128.0,14,4,0.000000,s14_p4
1779334128.0,14,1,0.033718,s14_p1
1779334128.0,14,2,0.065028,s14_p2
1779334128.0,14,3,0.000000,s14_p3
1779334128.0,7,1,0.000000,s7_p1
1779334128.0,7,4,0.171034,s7_p4
1779334128.0,7,2,0.000000,s7_p2
1779334128.0,7,3,0.000000,s7_p3
1779334128.0,10,4,0.338153,s10_p4
1779334128.0,10,1,0.000000,s10_p1
1779334128.0,10,2,0.000000,s10_p2
1779334128.0,10,3,0.000000,s10_p3
1779334128.0,12,4,0.592453,s12_p4
1779334128.0,12,1,0.174109,s12_p1
1779334128.0,12,2,0.000000,s12_p2
1779334128.0,12,3,0.000000,s12_p3
1779334128.0,5,4,0.000000,s5_p4
1779334128.0,5,1,0.099075,s5_p1
1779334128.0,5,2,0.031414,s5_p2
1779334128.0,5,3,0.000000,s5_p3
1779334128.0,8,4,0.000000,s8_p4
1779334128.0,8,1,0.086967,s8_p1
1779334128.0,8,2,0.000000,s8_p2
1779334128.0,8,3,0.125619,s8_p3
1779334128.0,16,1,0.000000,s16_p1
1779334128.0,16,4,0.870251,s16_p4
1779334128.0,16,2,0.087025,s16_p2
1779334128.0,16,3,0.000000,s16_p3
1779334128.0,6,1,0.067522,s6_p1
1779334128.0,6,4,0.000000,s6_p4
1779334128.0,6,2,0.000000,s6_p2
1779334128.0,6,3,0.098872,s6_p3
1779334128.0,20,1,0.000000,s20_p1
1779334128.0,20,4,0.434698,s20_p4
1779334128.0,20,2,0.869396,s20_p2
1779334128.0,20,3,0.495072,s20_p3
1779334128.0,9,1,0.125625,s9_p1
1779334128.0,9,4,0.000000,s9_p4
1779334128.0,9,2,0.000000,s9_p2
1779334128.0,9,3,0.000000,s9_p3
1779334128.0,1,4,0.067538,s1_p4
1779334128.0,1,1,0.000000,s1_p1
1779334128.0,1,2,0.125428,s1_p2
1779334128.0,1,3,0.000000,s1_p3
1779334128.0,13,1,0.098964,s13_p1
1779334128.0,13,4,0.000000,s13_p4
1779334128.0,13,2,0.000000,s13_p2
1779334128.0,13,3,0.000000,s13_p3
1779334128.0,17,4,0.000000,s17_p4
1779334128.0,17,1,0.627952,s17_p1
1779334128.0,17,2,0.000000,s17_p2
1779334128.0,17,3,0.000000,s17_p3
1779334128.0,18,4,0.000000,s18_p4
1779334128.0,18,1,0.000000,s18_p1
1779334128.0,18,2,0.000000,s18_p2
1779334128.0,18,3,0.000000,s18_p3
1779334128.0,7,1,0.000000,s7_p1
1779334128.0,7,4,0.173924,s7_p4
1779334128.0,7,2,0.000000,s7_p2
1779334128.0,7,3,0.000000,s7_p3
1779334128.0,14,4,0.000000,s14_p4
1779334128.0,14,1,0.031401,s14_p1
1779334128.0,14,2,0.067634,s14_p2
1779334128.0,14,3,0.000000,s14_p3
1779334128.0,11,4,0.000000,s11_p4
1779334128.0,11,1,0.000000,s11_p1
1779334128.0,11,2,0.000000,s11_p2
1779334128.0,11,3,0.000000,s11_p3
1779334128.0,2,1,0.000000,s2_p1
1779334128.0,2,4,0.000000,s2_p4
1779334128.0,2,2,0.127946,s2_p2
1779334128.0,2,3,0.000000,s2_p3
1779334128.0,4,1,0.000000,s4_p1
1779334128.0,4,4,0.118185,s4_p4
1779334128.0,4,2,0.000000,s4_p2
1779334128.0,4,3,0.000000,s4_p3
1779334128.0,15,4,0.000000,s15_p4
1779334128.0,15,1,0.000000,s15_p1
1779334128.0,15,2,0.000000,s15_p2
1779334128.0,15,3,0.627818,s15_p3
1779334128.0,3,4,0.000000,s3_p4
1779334128.0,3,1,0.045781,s3_p1
1779334128.0,3,2,0.127706,s3_p2
1779334128.0,3,3,0.000000,s3_p3
1779334128.0,19,1,0.000000,s19_p1
1779334128.0,19,4,0.000000,s19_p4
1779334128.0,19,2,0.000000,s19_p2
1779334128.0,19,3,0.000000,s19_p3
1779334129.0,19,1,0.000000,s19_p1
1779334129.0,19,4,0.000000,s19_p4
1779334129.0,19,2,0.000000,s19_p2
1779334129.0,19,3,0.000000,s19_p3
1779334129.0,1,4,0.067575,s1_p4
1779334129.0,1,1,0.000000,s1_p1
1779334129.0,1,2,0.127910,s1_p2
1779334129.0,1,3,0.000000,s1_p3
1779334129.0,14,4,0.000000,s14_p4
1779334129.0,14,1,0.033806,s14_p1
1779334129.0,14,2,0.067612,s14_p2
1779334129.0,14,3,0.000000,s14_p3
1779334129.0,6,1,0.067535,s6_p1
1779334129.0,6,4,0.000000,s6_p4
1779334129.0,6,2,0.000000,s6_p2
1779334129.0,6,3,0.098891,s6_p3
1779334129.0,3,4,0.000000,s3_p4
1779334129.0,3,1,0.045887,s3_p1
1779334129.0,3,2,0.128001,s3_p2
1779334129.0,3,3,0.000000,s3_p3
1779334129.0,10,4,0.337208,s10_p4
1779334129.0,10,1,0.000000,s10_p1
1779334129.0,10,2,0.000000,s10_p2
1779334129.0,10,3,0.000000,s10_p3
1779334129.0,15,4,0.000000,s15_p4
1779334129.0,15,1,0.000000,s15_p1
1779334129.0,15,2,0.000000,s15_p2
1779334129.0,15,3,0.639730,s15_p3
1779334129.0,8,4,0.000000,s8_p4
1779334129.0,8,1,0.086742,s8_p1
1779334129.0,8,2,0.000000,s8_p2
1779334129.0,8,3,0.127704,s8_p3
1779334129.0,7,1,0.000000,s7_p1
1779334129.0,7,4,0.173680,s7_p4
1779334129.0,7,2,0.000000,s7_p2
1779334129.0,7,3,0.000000,s7_p3
1779334129.0,13,1,0.098838,s13_p1
1779334129.0,13,4,0.000000,s13_p4
1779334129.0,13,2,0.000000,s13_p2
1779334129.0,13,3,0.000000,s13_p3
1779334129.0,12,4,0.601880,s12_p4
1779334129.0,12,1,0.173341,s12_p1
1779334129.0,12,2,0.000000,s12_p2
1779334129.0,12,3,0.000000,s12_p3
1779334129.0,20,1,0.000000,s20_p1
1779334129.0,20,4,0.433609,s20_p4
1779334129.0,20,2,0.867218,s20_p2
1779334129.0,20,3,0.505877,s20_p3
1779334129.0,2,1,0.000000,s2_p1
1779334129.0,2,4,0.000000,s2_p4
1779334129.0,2,2,0.127754,s2_p2
1779334129.0,2,3,0.000000,s2_p3
1779334129.0,17,4,0.000000,s17_p4
1779334129.0,17,1,0.638315,s17_p1
1779334129.0,17,2,0.000000,s17_p2
1779334129.0,17,3,0.000000,s17_p3
1779334129.0,4,1,0.000000,s4_p1
1779334129.0,4,4,0.120467,s4_p4
1779334129.0,4,2,0.000000,s4_p2
1779334129.0,4,3,0.000000,s4_p3
1779334129.0,5,4,0.000000,s5_p4
1779334129.0,5,1,0.098609,s5_p1
1779334129.0,5,2,0.033672,s5_p2
1779334129.0,5,3,0.000000,s5_p3
1779334129.0,9,1,0.127589,s9_p1
1779334129.0,9,4,0.000000,s9_p4
1779334129.0,9,2,0.000000,s9_p2
1779334129.0,9,3,0.000000,s9_p3
1779334129.0,18,4,0.000000,s18_p4
1779334129.0,18,1,0.000000,s18_p1
1779334129.0,18,2,0.000000,s18_p2
1779334129.0,18,3,0.000000,s18_p3
1779334129.0,16,1,0.000000,s16_p1
1779334129.0,16,4,0.866017,s16_p4
1779334129.0,16,2,0.086602,s16_p2
1779334129.0,16,3,0.000000,s16_p3
1779334129.0,11,4,0.000000,s11_p4
1779334129.0,11,1,0.000000,s11_p1
1779334129.0,11,2,0.000000,s11_p2
1779334129.0,11,3,0.000000,s11_p3
1779334129.0,6,1,0.065306,s6_p1
1779334129.0,6,4,0.000000,s6_p4
1779334129.0,6,2,0.000000,s6_p2
1779334129.0,6,3,0.099168,s6_p3
1779334129.0,1,4,0.065289,s1_p4
1779334129.0,1,1,0.000000,s1_p1
1779334129.0,1,2,0.128161,s1_p2
1779334129.0,1,3,0.000000,s1_p3
1779334129.0,14,4,0.000000,s14_p4
1779334129.0,14,1,0.031437,s14_p1
1779334129.0,14,2,0.065291,s14_p2
1779334129.0,14,3,0.000000,s14_p3
1779334129.0,19,1,0.000000,s19_p1
1779334129.0,19,4,0.000000,s19_p4
1779334129.0,19,2,0.000000,s19_p2
1779334129.0,19,3,0.000000,s19_p3
1779334129.0,15,4,0.000000,s15_p4
1779334129.0,15,1,0.000000,s15_p1
1779334129.0,15,2,0.000000,s15_p2
1779334129.0,15,3,0.640753,s15_p3
1779334129.0,4,1,0.000000,s4_p1
1779334129.0,4,4,0.118677,s4_p4
1779334129.0,4,2,0.000000,s4_p2
1779334129.0,4,3,0.000000,s4_p3
1779334129.0,20,1,0.000000,s20_p1
1779334129.0,20,4,0.435527,s20_p4
1779334129.0,20,2,0.871054,s20_p2
1779334129.0,20,3,0.483919,s20_p3
1779334129.0,3,4,0.000000,s3_p4
1779334129.0,3,1,0.045918,s3_p1
1779334129.0,3,2,0.128087,s3_p2
1779334129.0,3,3,0.000000,s3_p3
1779334129.0,13,1,0.099172,s13_p1
1779334129.0,13,4,0.000000,s13_p4
1779334129.0,13,2,0.000000,s13_p2
1779334129.0,13,3,0.000000,s13_p3
1779334129.0,8,4,0.000000,s8_p4
1779334129.0,8,1,0.087049,s8_p1
1779334129.0,8,2,0.000000,s8_p2
1779334129.0,8,3,0.128156,s8_p3
1779334129.0,5,4,0.000000,s5_p4
1779334129.0,5,1,0.099295,s5_p1
1779334129.0,5,2,0.031484,s5_p2
1779334129.0,5,3,0.000000,s5_p3
1779334129.0,10,4,0.326292,s10_p4
1779334129.0,10,1,0.000000,s10_p1
1779334129.0,10,2,0.000000,s10_p2
1779334129.0,10,3,0.000000,s10_p3
1779334129.0,7,1,0.000000,s7_p1
1779334129.0,7,4,0.174131,s7_p4
1779334129.0,7,2,0.000000,s7_p2
1779334129.0,7,3,0.000000,s7_p3
1779334129.0,12,4,0.592464,s12_p4
1779334129.0,12,1,0.174112,s12_p1
1779334129.0,12,2,0.000000,s12_p2
1779334129.0,12,3,0.000000,s12_p3
1779334129.0,18,4,0.000000,s18_p4
1779334129.0,18,1,0.000000,s18_p1
1779334129.0,18,2,0.000000,s18_p2
1779334129.0,18,3,0.000000,s18_p3
1779334129.0,17,4,0.000000,s17_p4
1779334129.0,17,1,0.641168,s17_p1
1779334129.0,17,2,0.000000,s17_p2
1779334129.0,17,3,0.000000,s17_p3
1779334129.0,16,1,0.000000,s16_p1
1779334129.0,16,4,0.871475,s16_p4
1779334129.0,16,2,0.087148,s16_p2
1779334129.0,16,3,0.000000,s16_p3
1779334129.0,2,1,0.000000,s2_p1
1779334129.0,2,4,0.000000,s2_p4
1779334129.0,2,2,0.128217,s2_p2
1779334129.0,2,3,0.000000,s2_p3
1779334129.0,9,1,0.128266,s9_p1
1779334129.0,9,4,0.000000,s9_p4
1779334129.0,9,2,0.000000,s9_p2
1779334129.0,9,3,0.000000,s9_p3
1779334129.0,11,4,0.000000,s11_p4
1779334129.0,11,1,0.000000,s11_p1
1779334129.0,11,2,0.000000,s11_p2
1779334129.0,11,3,0.000000,s11_p3
1779334130.0,6,1,0.067528,s6_p1
1779334130.0,6,4,0.000000,s6_p4
1779334130.0,6,2,0.000000,s6_p2
1779334130.0,6,3,0.098880,s6_p3
1779334130.0,14,4,0.000000,s14_p4
1779334130.0,14,1,0.031353,s14_p1
1779334130.0,14,2,0.067530,s14_p2
1779334130.0,14,3,0.000000,s14_p3
1779334130.0,19,1,0.000000,s19_p1
1779334130.0,19,4,0.000000,s19_p4
1779334130.0,19,2,0.000000,s19_p2
1779334130.0,19,3,0.000000,s19_p3
1779334130.0,8,4,0.000000,s8_p4
1779334130.0,8,1,0.084418,s8_p1
1779334130.0,8,2,0.000000,s8_p2
1779334130.0,8,3,0.127832,s8_p3
1779334130.0,15,4,0.000000,s15_p4
1779334130.0,15,1,0.000000,s15_p1
1779334130.0,15,2,0.000000,s15_p2
1779334130.0,15,3,0.639014,s15_p3
1779334130.0,7,1,0.000000,s7_p1
1779334130.0,7,4,0.171238,s7_p4
1779334130.0,7,2,0.000000,s7_p2
1779334130.0,7,3,0.000000,s7_p3
1779334130.0,1,4,0.067466,s1_p4
1779334130.0,1,1,0.000000,s1_p1
1779334130.0,1,2,0.125294,s1_p2
1779334130.0,1,3,0.000000,s1_p3
1779334130.0,20,1,0.000000,s20_p1
1779334130.0,20,4,0.421998,s20_p4
1779334130.0,20,2,0.856052,s20_p2
1779334130.0,20,3,0.494340,s20_p3
1779334130.0,3,4,0.000000,s3_p4
1779334130.0,3,1,0.043406,s3_p1
1779334130.0,3,2,0.127806,s3_p2
1779334130.0,3,3,0.000000,s3_p3
1779334130.0,10,4,0.337620,s10_p4
1779334130.0,10,1,0.000000,s10_p1
1779334130.0,10,2,0.000000,s10_p2
1779334130.0,10,3,0.000000,s10_p3
1779334130.0,13,1,0.098804,s13_p1
1779334130.0,13,4,0.000000,s13_p4
1779334130.0,13,2,0.000000,s13_p2
1779334130.0,13,3,0.000000,s13_p3
1779334130.0,17,4,0.000000,s17_p4
1779334130.0,17,1,0.638918,s17_p1
1779334130.0,17,2,0.000000,s17_p2
1779334130.0,17,3,0.000000,s17_p3
1779334130.0,18,4,0.000000,s18_p4
1779334130.0,18,1,0.000000,s18_p1
1779334130.0,18,2,0.000000,s18_p2
1779334130.0,18,3,0.000000,s18_p3
1779334130.0,12,4,0.578536,s12_p4
1779334130.0,12,1,0.171150,s12_p1
1779334130.0,12,2,0.000000,s12_p2
1779334130.0,12,3,0.000000,s12_p3
1779334130.0,11,4,0.000000,s11_p4
1779334130.0,11,1,0.000000,s11_p1
1779334130.0,11,2,0.000000,s11_p2
1779334130.0,11,3,0.000000,s11_p3
1779334130.0,5,4,0.000000,s5_p4
1779334130.0,5,1,0.098783,s5_p1
1779334130.0,5,2,0.031321,s5_p2
1779334130.0,5,3,0.000000,s5_p3
1779334130.0,16,1,0.000000,s16_p1
1779334130.0,16,4,0.855735,s16_p4
1779334130.0,16,2,0.084368,s16_p2
1779334130.0,16,3,0.000000,s16_p3
1779334130.0,2,1,0.000000,s2_p1
1779334130.0,2,4,0.000000,s2_p4
1779334130.0,2,2,0.127756,s2_p2
1779334130.0,2,3,0.000000,s2_p3
1779334130.0,9,1,0.127773,s9_p1
1779334130.0,9,4,0.000000,s9_p4
1779334130.0,9,2,0.000000,s9_p2
1779334130.0,9,3,0.000000,s9_p3
1779334130.0,4,1,0.000000,s4_p1
1779334130.0,4,4,0.115617,s4_p4
1779334130.0,4,2,0.000000,s4_p2
1779334130.0,4,3,0.000000,s4_p3
1779334130.0,6,1,0.067565,s6_p1
1779334130.0,6,4,0.000000,s6_p4
1779334130.0,6,2,0.000000,s6_p2
1779334130.0,6,3,0.098934,s6_p3
1779334130.0,1,4,0.067627,s1_p4
1779334130.0,1,1,0.000000,s1_p1
1779334130.0,1,2,0.128008,s1_p2
1779334130.0,1,3,0.000000,s1_p3
1779334130.0,14,4,0.000000,s14_p4
1779334130.0,14,1,0.033782,s14_p1
1779334130.0,14,2,0.067564,s14_p2
1779334130.0,14,3,0.000000,s14_p3
1779334130.0,19,1,0.000000,s19_p1
1779334130.0,19,4,0.000000,s19_p4
1779334130.0,19,2,0.000000,s19_p2
1779334130.0,19,3,0.000000,s19_p3
1779334130.0,13,1,0.099034,s13_p1
1779334130.0,13,4,0.000000,s13_p4
1779334130.0,13,2,0.000000,s13_p2
1779334130.0,13,3,0.000000,s13_p3
1779334130.0,3,4,0.000000,s3_p4
1779334130.0,3,1,0.045858,s3_p1
1779334130.0,3,2,0.130332,s3_p2
1779334130.0,3,3,0.000000,s3_p3
1779334130.0,10,4,0.337891,s10_p4
1779334130.0,10,1,0.000000,s10_p1
1779334130.0,10,2,0.000000,s10_p2
1779334130.0,10,3,0.000000,s10_p3
1779334130.0,7,1,0.000000,s7_p1
1779334130.0,7,4,0.176167,s7_p4
1779334130.0,7,2,0.000000,s7_p2
1779334130.0,7,3,0.000000,s7_p3
1779334130.0,8,4,0.000000,s8_p4
1779334130.0,8,1,0.086865,s8_p1
1779334130.0,8,2,0.000000,s8_p2
1779334130.0,8,3,0.125472,s8_p3
1779334130.0,15,4,0.000000,s15_p4
1779334130.0,15,1,0.000000,s15_p1
1779334130.0,15,2,0.000000,s15_p2
1779334130.0,15,3,0.627377,s15_p3
1779334130.0,12,4,0.603448,s12_p4
1779334130.0,12,1,0.176207,s12_p1
1779334130.0,12,2,0.000000,s12_p2
1779334130.0,12,3,0.000000,s12_p3
1779334130.0,18,4,0.000000,s18_p4
1779334130.0,18,1,0.000000,s18_p1
1779334130.0,18,2,0.000000,s18_p2
1779334130.0,18,3,0.000000,s18_p3
1779334130.0,5,4,0.000000,s5_p4
1779334130.0,5,1,0.098963,s5_p1
1779334130.0,5,2,0.033792,s5_p2
1779334130.0,5,3,0.000000,s5_p3
1779334130.0,17,4,0.000000,s17_p4
1779334130.0,17,1,0.627445,s17_p1
1779334130.0,17,2,0.000000,s17_p2
1779334130.0,17,3,0.000000,s17_p3
1779334130.0,20,1,0.000000,s20_p1
1779334130.0,20,4,0.434043,s20_p4
1779334130.0,20,2,0.880142,s20_p2
1779334130.0,20,3,0.506383,s20_p3
1779334130.0,4,1,0.000000,s4_p1
1779334130.0,4,4,0.120696,s4_p4
1779334130.0,4,2,0.000000,s4_p2
1779334130.0,4,3,0.000000,s4_p3
1779334130.0,2,1,0.000000,s2_p1
1779334130.0,2,4,0.000000,s2_p4
1779334130.0,2,2,0.130337,s2_p2
1779334130.0,2,3,0.000000,s2_p3
1779334130.0,9,1,0.125482,s9_p1
1779334130.0,9,4,0.000000,s9_p4
1779334130.0,9,2,0.000000,s9_p2
1779334130.0,9,3,0.000000,s9_p3
1779334130.0,16,1,0.000000,s16_p1
1779334130.0,16,4,0.880667,s16_p4
1779334130.0,16,2,0.086860,s16_p2
1779334130.0,16,3,0.000000,s16_p3
1779334130.0,11,4,0.000000,s11_p4
1779334130.0,11,1,0.000000,s11_p1
1779334130.0,11,2,0.000000,s11_p2
1779334130.0,11,3,0.000000,s11_p3
1779334131.0,14,4,0.000000,s14_p4
1779334131.0,14,1,0.031384,s14_p1
1779334131.0,14,2,0.065183,s14_p2
1779334131.0,14,3,0.000000,s14_p3
1779334131.0,13,1,0.099023,s13_p1
1779334131.0,13,4,0.000000,s13_p4
1779334131.0,13,2,0.000000,s13_p2
1779334131.0,13,3,0.000000,s13_p3
1779334131.0,20,1,0.000000,s20_p1
1779334131.0,20,4,0.435153,s20_p4
1779334131.0,20,2,0.870305,s20_p2
1779334131.0,20,3,0.483503,s20_p3
1779334131.0,7,1,0.000000,s7_p1
1779334131.0,7,4,0.173912,s7_p4
1779334131.0,7,2,0.000000,s7_p2
1779334131.0,7,3,0.000000,s7_p3
1779334131.0,10,4,0.326069,s10_p4
1779334131.0,10,1,0.000000,s10_p1
1779334131.0,10,2,0.000000,s10_p2
1779334131.0,10,3,0.000000,s10_p3
1779334131.0,4,1,0.000000,s4_p1
1779334131.0,4,4,0.118455,s4_p4
1779334131.0,4,2,0.000000,s4_p2
1779334131.0,4,3,0.000000,s4_p3
1779334131.0,18,4,0.000000,s18_p4
1779334131.0,18,1,0.000000,s18_p1
1779334131.0,18,2,0.000000,s18_p2
1779334131.0,18,3,0.000000,s18_p3
1779334131.0,2,1,0.000000,s2_p1
1779334131.0,2,4,0.000000,s2_p4
1779334131.0,2,2,0.128017,s2_p2
1779334131.0,2,3,0.000000,s2_p3
1779334131.0,9,1,0.128047,s9_p1
1779334131.0,9,4,0.000000,s9_p4
1779334131.0,9,2,0.000000,s9_p2
1779334131.0,9,3,0.000000,s9_p3
1779334131.0,11,4,0.000000,s11_p4
1779334131.0,11,1,0.000000,s11_p1
1779334131.0,11,2,0.000000,s11_p2
1779334131.0,11,3,0.000000,s11_p3
1779334131.0,15,4,0.000000,s15_p4
1779334131.0,15,1,0.000000,s15_p1
1779334131.0,15,2,0.000000,s15_p2
1779334131.0,15,3,0.639511,s15_p3
1779334131.0,17,4,0.000000,s17_p4
1779334131.0,17,1,0.639968,s17_p1
1779334131.0,17,2,0.000000,s17_p2
1779334131.0,17,3,0.000000,s17_p3
1779334131.0,12,4,0.591583,s12_p4
1779334131.0,12,1,0.173853,s12_p1
1779334131.0,12,2,0.000000,s12_p2
1779334131.0,12,3,0.000000,s12_p3
1779334131.0,3,4,0.000000,s3_p4
1779334131.0,3,1,0.045843,s3_p1
1779334131.0,3,2,0.127877,s3_p2
1779334131.0,3,3,0.000000,s3_p3
1779334131.0,16,1,0.000000,s16_p1
1779334131.0,16,4,0.869706,s16_p4
1779334131.0,16,2,0.086971,s16_p2
1779334131.0,16,3,0.000000,s16_p3
1779334131.0,5,4,0.000000,s5_p4
1779334131.0,5,1,0.099004,s5_p1
1779334131.0,5,2,0.031392,s5_p2
1779334131.0,5,3,0.000000,s5_p3
1779334131.0,8,4,0.000000,s8_p4
1779334131.0,8,1,0.086863,s8_p1
1779334131.0,8,2,0.000000,s8_p2
1779334131.0,8,3,0.127882,s8_p3
1779334131.0,19,1,0.000000,s19_p1
1779334131.0,19,4,0.000000,s19_p4
1779334131.0,19,2,0.000000,s19_p2
1779334131.0,19,3,0.000000,s19_p3
1779334131.0,6,1,0.065065,s6_p1
1779334131.0,6,4,0.000000,s6_p4
1779334131.0,6,2,0.000000,s6_p2
1779334131.0,6,3,0.101213,s6_p3
1779334131.0,1,4,0.065072,s1_p4
1779334131.0,1,1,0.000000,s1_p1
1779334131.0,1,2,0.127734,s1_p2
1779334131.0,1,3,0.000000,s1_p3
1779334131.0,10,4,0.338292,s10_p4
1779334131.0,10,1,0.000000,s10_p1
1779334131.0,10,2,0.000000,s10_p2
1779334131.0,10,3,0.000000,s10_p3
1779334131.0,2,1,0.000000,s2_p1
1779334131.0,2,4,0.000000,s2_p4
1779334131.0,2,2,0.128024,s2_p2
1779334131.0,2,3,0.000000,s2_p3
1779334131.0,12,4,0.603905,s12_p4
1779334131.0,12,1,0.173925,s12_p1
1779334131.0,12,2,0.000000,s12_p2
1779334131.0,12,3,0.000000,s12_p3
1779334131.0,4,1,0.000000,s4_p1
1779334131.0,4,4,0.120658,s4_p4
1779334131.0,4,2,0.000000,s4_p2
1779334131.0,4,3,0.000000,s4_p3
1779334131.0,3,4,0.000000,s3_p4
1779334131.0,3,1,0.045895,s3_p1
1779334131.0,3,2,0.128023,s3_p2
1779334131.0,3,3,0.000000,s3_p3
1779334131.0,17,4,0.000000,s17_p4
1779334131.0,17,1,0.640077,s17_p1
1779334131.0,17,2,0.000000,s17_p2
1779334131.0,17,3,0.000000,s17_p3
1779334131.0,8,4,0.000000,s8_p4
1779334131.0,8,1,0.086960,s8_p1
1779334131.0,8,2,0.000000,s8_p2
1779334131.0,8,3,0.128025,s8_p3
1779334131.0,18,4,0.000000,s18_p4
1779334131.0,18,1,0.000000,s18_p1
1779334131.0,18,2,0.000000,s18_p2
1779334131.0,18,3,0.000000,s18_p3
1779334131.0,14,4,0.000000,s14_p4
1779334131.0,14,1,0.033770,s14_p1
1779334131.0,14,2,0.067540,s14_p2
1779334131.0,14,3,0.000000,s14_p3
1779334131.0,1,4,0.067651,s1_p4
1779334131.0,1,1,0.000000,s1_p1
1779334131.0,1,2,0.128053,s1_p2
1779334131.0,1,3,0.000000,s1_p3
1779334131.0,20,1,0.000000,s20_p1
1779334131.0,20,4,0.434259,s20_p4
1779334131.0,20,2,0.868517,s20_p2
1779334131.0,20,3,0.506635,s20_p3
1779334131.0,15,4,0.000000,s15_p4
1779334131.0,15,1,0.000000,s15_p1
1779334131.0,15,2,0.000000,s15_p2
1779334131.0,15,3,0.639945,s15_p3
1779334131.0,6,1,0.067641,s6_p1
1779334131.0,6,4,0.000000,s6_p4
1779334131.0,6,2,0.000000,s6_p2
1779334131.0,6,3,0.099045,s6_p3
1779334131.0,7,1,0.000000,s7_p1
1779334131.0,7,4,0.173687,s7_p4
1779334131.0,7,2,0.000000,s7_p2
1779334131.0,7,3,0.000000,s7_p3
1779334131.0,13,1,0.101307,s13_p1
1779334131.0,13,4,0.000000,s13_p4
1779334131.0,13,2,0.000000,s13_p2
1779334131.0,13,3,0.000000,s13_p3
1779334131.0,19,1,0.000000,s19_p1
1779334131.0,19,4,0.000000,s19_p4
1779334131.0,19,2,0.000000,s19_p2
1779334131.0,19,3,0.000000,s19_p3
1779334131.0,5,4,0.000000,s5_p4
1779334131.0,5,1,0.101410,s5_p1
1779334131.0,5,2,0.033803,s5_p2
1779334131.0,5,3,0.000000,s5_p3
1779334131.0,11,4,0.000000,s11_p4
1779334131.0,11,1,0.000000,s11_p1
1779334131.0,11,2,0.000000,s11_p2
1779334131.0,11,3,0.000000,s11_p3
1779334131.0,16,1,0.000000,s16_p1
1779334131.0,16,4,0.868897,s16_p4
1779334131.0,16,2,0.086890,s16_p2
1779334131.0,16,3,0.000000,s16_p3
1779334131.0,9,1,0.127902,s9_p1
1779334131.0,9,4,0.000000,s9_p4
1779334131.0,9,2,0.000000,s9_p2
1779334131.0,9,3,0.000000,s9_p3
1779334132.0,19,1,0.000000,s19_p1
1779334132.0,19,4,0.000000,s19_p4
1779334132.0,19,2,0.000000,s19_p2
1779334132.0,19,3,0.000000,s19_p3
1779334132.0,6,1,0.067739,s6_p1
1779334132.0,6,4,0.000000,s6_p4
1779334132.0,6,2,0.000000,s6_p2
1779334132.0,6,3,0.099189,s6_p3
1779334132.0,1,4,0.067715,s1_p4
1779334132.0,1,1,0.000000,s1_p1
1779334132.0,1,2,0.125757,s1_p2
1779334132.0,1,3,0.000000,s1_p3
1779334132.0,14,4,0.000000,s14_p4
1779334132.0,14,1,0.031420,s14_p1
1779334132.0,14,2,0.067673,s14_p2
1779334132.0,14,3,0.000000,s14_p3
1779334132.0,10,4,0.337675,s10_p4
1779334132.0,10,1,0.000000,s10_p1
1779334132.0,10,2,0.000000,s10_p2
1779334132.0,10,3,0.000000,s10_p3
1779334132.0,15,4,0.000000,s15_p4
1779334132.0,15,1,0.000000,s15_p1
1779334132.0,15,2,0.000000,s15_p2
1779334132.0,15,3,0.628049,s15_p3
1779334132.0,8,4,0.000000,s8_p4
1779334132.0,8,1,0.084528,s8_p1
1779334132.0,8,2,0.000000,s8_p2
1779334132.0,8,3,0.125585,s8_p3
1779334132.0,3,4,0.000000,s3_p4
1779334132.0,3,1,0.043469,s3_p1
1779334132.0,3,2,0.127991,s3_p2
1779334132.0,3,3,0.000000,s3_p3
1779334132.0,13,1,0.099015,s13_p1
1779334132.0,13,4,0.000000,s13_p4
1779334132.0,13,2,0.000000,s13_p2
1779334132.0,13,3,0.000000,s13_p3
1779334132.0,7,1,0.000000,s7_p1
1779334132.0,7,4,0.171451,s7_p4
1779334132.0,7,2,0.000000,s7_p2
1779334132.0,7,3,0.000000,s7_p3
1779334132.0,12,4,0.579231,s12_p4
1779334132.0,12,1,0.171356,s12_p1
1779334132.0,12,2,0.000000,s12_p2
1779334132.0,12,3,0.000000,s12_p3
1779334132.0,18,4,0.000000,s18_p4
1779334132.0,18,1,0.000000,s18_p1
1779334132.0,18,2,0.000000,s18_p2
1779334132.0,18,3,0.000000,s18_p3
1779334132.0,20,1,0.000000,s20_p1
1779334132.0,20,4,0.422304,s20_p4
1779334132.0,20,2,0.856673,s20_p2
1779334132.0,20,3,0.494699,s20_p3
1779334132.0,4,1,0.000000,s4_p1
1779334132.0,4,4,0.115806,s4_p4
1779334132.0,4,2,0.000000,s4_p2
1779334132.0,4,3,0.000000,s4_p3
1779334132.0,5,4,0.000000,s5_p4
1779334132.0,5,1,0.098963,s5_p1
1779334132.0,5,2,0.031378,s5_p2
1779334132.0,5,3,0.000000,s5_p3
1779334132.0,9,1,0.125524,s9_p1
1779334132.0,9,4,0.000000,s9_p4
1779334132.0,9,2,0.000000,s9_p2
1779334132.0,9,3,0.000000,s9_p3
1779334132.0,11,4,0.000000,s11_p4
1779334132.0,11,1,0.000000,s11_p1
1779334132.0,11,2,0.000000,s11_p2
1779334132.0,11,3,0.000000,s11_p3
1779334132.0,17,4,0.000000,s17_p4
1779334132.0,17,1,0.627043,s17_p1
1779334132.0,17,2,0.000000,s17_p2
1779334132.0,17,3,0.000000,s17_p3
1779334132.0,2,1,0.000000,s2_p1
1779334132.0,2,4,0.000000,s2_p4
1779334132.0,2,2,0.127797,s2_p2
1779334132.0,2,3,0.000000,s2_p3
1779334132.0,16,1,0.000000,s16_p1
1779334132.0,16,4,0.856711,s16_p4
1779334132.0,16,2,0.084464,s16_p2
1779334132.0,16,3,0.000000,s16_p3
1779334132.0,6,1,0.067641,s6_p1
1779334132.0,6,4,0.000000,s6_p4
1779334132.0,6,2,0.000000,s6_p2
1779334132.0,6,3,0.099046,s6_p3
1779334132.0,1,4,0.067647,s1_p4
1779334132.0,1,1,0.000000,s1_p1
1779334132.0,1,2,0.128046,s1_p2
1779334132.0,1,3,0.000000,s1_p3
1779334132.0,8,4,0.000000,s8_p4
1779334132.0,8,1,0.087044,s8_p1
1779334132.0,8,2,0.000000,s8_p2
1779334132.0,8,3,0.128148,s8_p3
1779334132.0,14,4,0.000000,s14_p4
1779334132.0,14,1,0.031408,s14_p1
1779334132.0,14,2,0.067649,s14_p2
1779334132.0,14,3,0.000000,s14_p3
1779334132.0,15,4,0.000000,s15_p4
1779334132.0,15,1,0.000000,s15_p1
1779334132.0,15,2,0.000000,s15_p2
1779334132.0,15,3,0.640632,s15_p3
1779334132.0,3,4,0.000000,s3_p4
1779334132.0,3,1,0.045934,s3_p1
1779334132.0,3,2,0.128131,s3_p2
1779334132.0,3,3,0.000000,s3_p3
1779334132.0,10,4,0.338391,s10_p4
1779334132.0,10,1,0.000000,s10_p1
1779334132.0,10,2,0.000000,s10_p2
1779334132.0,10,3,0.000000,s10_p3
1779334132.0,4,1,0.000000,s4_p1
1779334132.0,4,4,0.118505,s4_p4
1779334132.0,4,2,0.000000,s4_p2
1779334132.0,4,3,0.000000,s4_p3
1779334132.0,20,1,0.000000,s20_p1
1779334132.0,20,4,0.435273,s20_p4
1779334132.0,20,2,0.870545,s20_p2
1779334132.0,20,3,0.495727,s20_p3
1779334132.0,7,1,0.000000,s7_p1
1779334132.0,7,4,0.174006,s7_p4
1779334132.0,7,2,0.000000,s7_p2
1779334132.0,7,3,0.000000,s7_p3
1779334132.0,13,1,0.099078,s13_p1
1779334132.0,13,4,0.000000,s13_p4
1779334132.0,13,2,0.000000,s13_p2
1779334132.0,13,3,0.000000,s13_p3
1779334132.0,16,1,0.000000,s16_p1
1779334132.0,16,4,0.870453,s16_p4
1779334132.0,16,2,0.087045,s16_p2
1779334132.0,16,3,0.000000,s16_p3
1779334132.0,18,4,0.000000,s18_p4
1779334132.0,18,1,0.000000,s18_p1
1779334132.0,18,2,0.000000,s18_p2
1779334132.0,18,3,0.000000,s18_p3
1779334132.0,11,4,0.000000,s11_p4
1779334132.0,11,1,0.000000,s11_p1
1779334132.0,11,2,0.000000,s11_p2
1779334132.0,11,3,0.000000,s11_p3
1779334132.0,17,4,0.000000,s17_p4
1779334132.0,17,1,0.640580,s17_p1
1779334132.0,17,2,0.000000,s17_p2
1779334132.0,17,3,0.000000,s17_p3
1779334132.0,12,4,0.591744,s12_p4
1779334132.0,12,1,0.173900,s12_p1
1779334132.0,12,2,0.000000,s12_p2
1779334132.0,12,3,0.000000,s12_p3
1779334132.0,5,4,0.000000,s5_p4
1779334132.0,5,1,0.099062,s5_p1
1779334132.0,5,2,0.031410,s5_p2
1779334132.0,5,3,0.000000,s5_p3
1779334132.0,2,1,0.000000,s2_p1
1779334132.0,2,4,0.000000,s2_p4
1779334132.0,2,2,0.128107,s2_p2
1779334132.0,2,3,0.000000,s2_p3
1779334132.0,9,1,0.128063,s9_p1
1779334132.0,9,4,0.000000,s9_p4
1779334132.0,9,2,0.000000,s9_p2
1779334132.0,9,3,0.000000,s9_p3
1779334132.0,19,1,0.000000,s19_p1
1779334132.0,19,4,0.000000,s19_p4
1779334132.0,19,2,0.000000,s19_p2
1779334132.0,19,3,0.000000,s19_p3
1779334133.0,19,1,0.000000,s19_p1
1779334133.0,19,4,0.000000,s19_p4
1779334133.0,19,2,0.000000,s19_p2
1779334133.0,19,3,0.000000,s19_p3
1779334133.0,3,4,0.000000,s3_p4
1779334133.0,3,1,0.045906,s3_p1
1779334133.0,3,2,0.128054,s3_p2
1779334133.0,3,3,0.000000,s3_p3
1779334133.0,14,4,0.000000,s14_p4
1779334133.0,14,1,0.033821,s14_p1
1779334133.0,14,2,0.065226,s14_p2
1779334133.0,14,3,0.000000,s14_p3
1779334133.0,10,4,0.326161,s10_p4
1779334133.0,10,1,0.000000,s10_p1
1779334133.0,10,2,0.000000,s10_p2
1779334133.0,10,3,0.000000,s10_p3
1779334133.0,1,4,0.065186,s1_p4
1779334133.0,1,1,0.000000,s1_p1
1779334133.0,1,2,0.127957,s1_p2
1779334133.0,1,3,0.000000,s1_p3
1779334133.0,6,1,0.065174,s6_p1
1779334133.0,6,4,0.000000,s6_p4
1779334133.0,6,2,0.000000,s6_p2
1779334133.0,6,3,0.098967,s6_p3
1779334133.0,7,1,0.000000,s7_p1
1779334133.0,7,4,0.173987,s7_p4
1779334133.0,7,2,0.000000,s7_p2
1779334133.0,7,3,0.000000,s7_p3
1779334133.0,15,4,0.000000,s15_p4
1779334133.0,15,1,0.000000,s15_p1
1779334133.0,15,2,0.000000,s15_p2
1779334133.0,15,3,0.639886,s15_p3
1779334133.0,8,4,0.000000,s8_p4
1779334133.0,8,1,0.086913,s8_p1
1779334133.0,8,2,0.000000,s8_p2
1779334133.0,8,3,0.127956,s8_p3
1779334133.0,13,1,0.099068,s13_p1
1779334133.0,13,4,0.000000,s13_p4
1779334133.0,13,2,0.000000,s13_p2
1779334133.0,13,3,0.000000,s13_p3
1779334133.0,18,4,0.000000,s18_p4
1779334133.0,18,1,0.000000,s18_p1
1779334133.0,18,2,0.000000,s18_p2
1779334133.0,18,3,0.000000,s18_p3
1779334133.0,12,4,0.604215,s12_p4
1779334133.0,12,1,0.174014,s12_p1
1779334133.0,12,2,0.000000,s12_p2
1779334133.0,12,3,0.000000,s12_p3
1779334133.0,17,4,0.000000,s17_p4
1779334133.0,17,1,0.640412,s17_p1
1779334133.0,17,2,0.000000,s17_p2
1779334133.0,17,3,0.000000,s17_p3
1779334133.0,5,4,0.000000,s5_p4
1779334133.0,5,1,0.099086,s5_p1
1779334133.0,5,2,0.033834,s5_p2
1779334133.0,5,3,0.000000,s5_p3
1779334133.0,2,1,0.000000,s2_p1
1779334133.0,2,4,0.000000,s2_p4
1779334133.0,2,2,0.128085,s2_p2
1779334133.0,2,3,0.000000,s2_p3
1779334133.0,20,1,0.000000,s20_p1
1779334133.0,20,4,0.434588,s20_p4
1779334133.0,20,2,0.869176,s20_p2
1779334133.0,20,3,0.494948,s20_p3
1779334133.0,4,1,0.000000,s4_p1
1779334133.0,4,4,0.120700,s4_p4
1779334133.0,4,2,0.000000,s4_p2
1779334133.0,4,3,0.000000,s4_p3
1779334133.0,11,4,0.000000,s11_p4
1779334133.0,11,1,0.000000,s11_p1
1779334133.0,11,2,0.000000,s11_p2
1779334133.0,11,3,0.000000,s11_p3
1779334133.0,16,1,0.000000,s16_p1
1779334133.0,16,4,0.869458,s16_p4
1779334133.0,16,2,0.086946,s16_p2
1779334133.0,16,3,0.000000,s16_p3
1779334133.0,9,1,0.128056,s9_p1
1779334133.0,9,4,0.000000,s9_p4
1779334133.0,9,2,0.000000,s9_p2
1779334133.0,9,3,0.000000,s9_p3
1779334133.0,19,1,0.000000,s19_p1
1779334133.0,19,4,0.000000,s19_p4
1779334133.0,19,2,0.000000,s19_p2
1779334133.0,19,3,0.000000,s19_p3
1779334133.0,14,4,0.000000,s14_p4
1779334133.0,14,1,0.031418,s14_p1
1779334133.0,14,2,0.067670,s14_p2
1779334133.0,14,3,0.000000,s14_p3
1779334133.0,1,4,0.067670,s1_p4
1779334133.0,1,1,0.000000,s1_p1
1779334133.0,1,2,0.125674,s1_p2
1779334133.0,1,3,0.000000,s1_p3
1779334133.0,6,1,0.067672,s6_p1
1779334133.0,6,4,0.000000,s6_p4
1779334133.0,6,2,0.000000,s6_p2
1779334133.0,6,3,0.099091,s6_p3
1779334133.0,3,4,0.000000,s3_p4
1779334133.0,3,1,0.045912,s3_p1
1779334133.0,3,2,0.128069,s3_p2
1779334133.0,3,3,0.000000,s3_p3
1779334133.0,15,4,0.000000,s15_p4
1779334133.0,15,1,0.000000,s15_p1
1779334133.0,15,2,0.000000,s15_p2
1779334133.0,15,3,0.628506,s15_p3
1779334133.0,10,4,0.338246,s10_p4
1779334133.0,10,1,0.000000,s10_p1
1779334133.0,10,2,0.000000,s10_p2
1779334133.0,10,3,0.000000,s10_p3
1779334133.0,8,4,0.000000,s8_p4
1779334133.0,8,1,0.084588,s8_p1
1779334133.0,8,2,0.000000,s8_p2
1779334133.0,8,3,0.125673,s8_p3
1779334133.0,13,1,0.099086,s13_p1
1779334133.0,13,4,0.000000,s13_p4
1779334133.0,13,2,0.000000,s13_p2
1779334133.0,13,3,0.000000,s13_p3
1779334133.0,7,1,0.000000,s7_p1
1779334133.0,7,4,0.173823,s7_p4
1779334133.0,7,2,0.000000,s7_p2
1779334133.0,7,3,0.000000,s7_p3
1779334133.0,12,4,0.579722,s12_p4
1779334133.0,12,1,0.173917,s12_p1
1779334133.0,12,2,0.000000,s12_p2
1779334133.0,12,3,0.000000,s12_p3
1779334133.0,18,4,0.000000,s18_p4
1779334133.0,18,1,0.000000,s18_p1
1779334133.0,18,2,0.000000,s18_p2
1779334133.0,18,3,0.000000,s18_p3
1779334133.0,9,1,0.128024,s9_p1
1779334133.0,9,4,0.000000,s9_p4
1779334133.0,9,2,0.000000,s9_p2
1779334133.0,9,3,0.000000,s9_p3
1779334133.0,20,1,0.000000,s20_p1
1779334133.0,20,4,0.422518,s20_p4
1779334133.0,20,2,0.869179,s20_p2
1779334133.0,20,3,0.494949,s20_p3
1779334133.0,16,1,0.000000,s16_p1
1779334133.0,16,4,0.869489,s16_p4
1779334133.0,16,2,0.086949,s16_p2
1779334133.0,16,3,0.000000,s16_p3
1779334133.0,4,1,0.000000,s4_p1
1779334133.0,4,4,0.115889,s4_p4
1779334133.0,4,2,0.000000,s4_p2
1779334133.0,4,3,0.000000,s4_p3
1779334133.0,17,4,0.000000,s17_p4
1779334133.0,17,1,0.639673,s17_p1
1779334133.0,17,2,0.000000,s17_p2
1779334133.0,17,3,0.000000,s17_p3
1779334133.0,11,4,0.000000,s11_p4
1779334133.0,11,1,0.000000,s11_p1
1779334133.0,11,2,0.000000,s11_p2
1779334133.0,11,3,0.000000,s11_p3
1779334133.0,5,4,0.000000,s5_p4
1779334133.0,5,1,0.098967,s5_p1
1779334133.0,5,2,0.031380,s5_p2
1779334133.0,5,3,0.000000,s5_p3
1779334133.0,2,1,0.000000,s2_p1
1779334133.0,2,4,0.000000,s2_p4
1779334133.0,2,2,0.127935,s2_p2
1779334133.0,2,3,0.000000,s2_p3
1779334134.0,6,1,0.067601,s6_p1
1779334134.0,6,4,0.000000,s6_p4
1779334134.0,6,2,0.000000,s6_p2
1779334134.0,6,3,0.098987,s6_p3
1779334134.0,1,4,0.067561,s1_p4
1779334134.0,1,1,0.000000,s1_p1
1779334134.0,1,2,0.127884,s1_p2
1779334134.0,1,3,0.000000,s1_p3
1779334134.0,3,4,0.000000,s3_p4
1779334134.0,3,1,0.043402,s3_p1
1779334134.0,3,2,0.130207,s3_p2
1779334134.0,3,3,0.000000,s3_p3
1779334134.0,8,4,0.000000,s8_p4
1779334134.0,8,1,0.086836,s8_p1
1779334134.0,8,2,0.000000,s8_p2
1779334134.0,8,3,0.127842,s8_p3
1779334134.0,15,4,0.000000,s15_p4
1779334134.0,15,1,0.000000,s15_p1
1779334134.0,15,2,0.000000,s15_p2
1779334134.0,15,3,0.639027,s15_p3
1779334134.0,10,4,0.337611,s10_p4
1779334134.0,10,1,0.000000,s10_p1
1779334134.0,10,2,0.000000,s10_p2
1779334134.0,10,3,0.000000,s10_p3
1779334134.0,7,1,0.000000,s7_p1
1779334134.0,7,4,0.173827,s7_p4
1779334134.0,7,2,0.000000,s7_p2
1779334134.0,7,3,0.000000,s7_p3
1779334134.0,14,4,0.000000,s14_p4
1779334134.0,14,1,0.033748,s14_p1
1779334134.0,14,2,0.067495,s14_p2
1779334134.0,14,3,0.000000,s14_p3
1779334134.0,18,4,0.000000,s18_p4
1779334134.0,18,1,0.000000,s18_p1
1779334134.0,18,2,0.000000,s18_p2
1779334134.0,18,3,0.000000,s18_p3
1779334134.0,17,4,0.000000,s17_p4
1779334134.0,17,1,0.627631,s17_p1
1779334134.0,17,2,0.000000,s17_p2
1779334134.0,17,3,0.000000,s17_p3
1779334134.0,20,1,0.000000,s20_p1
1779334134.0,20,4,0.434439,s20_p4
1779334134.0,20,2,0.868878,s20_p2
1779334134.0,20,3,0.506846,s20_p3
1779334134.0,12,4,0.602983,s12_p4
1779334134.0,12,1,0.173659,s12_p1
1779334134.0,12,2,0.000000,s12_p2
1779334134.0,12,3,0.000000,s12_p3
1779334134.0,4,1,0.000000,s4_p1
1779334134.0,4,4,0.120677,s4_p4
1779334134.0,4,2,0.000000,s4_p2
1779334134.0,4,3,0.000000,s4_p3
1779334134.0,13,1,0.098777,s13_p1
1779334134.0,13,4,0.000000,s13_p4
1779334134.0,13,2,0.000000,s13_p2
1779334134.0,13,3,0.000000,s13_p3
1779334134.0,5,4,0.000000,s5_p4
1779334134.0,5,1,0.098955,s5_p1
1779334134.0,5,2,0.033790,s5_p2
1779334134.0,5,3,0.000000,s5_p3
1779334134.0,11,4,0.000000,s11_p4
1779334134.0,11,1,0.000000,s11_p1
1779334134.0,11,2,0.000000,s11_p2
1779334134.0,11,3,0.000000,s11_p3
1779334134.0,9,1,0.125410,s9_p1
1779334134.0,9,4,0.000000,s9_p4
1779334134.0,9,2,0.000000,s9_p2
1779334134.0,9,3,0.000000,s9_p3
1779334134.0,19,1,0.000000,s19_p1
1779334134.0,19,4,0.000000,s19_p4
1779334134.0,19,2,0.000000,s19_p2
1779334134.0,19,3,0.000000,s19_p3
1779334134.0,2,1,0.000000,s2_p1
1779334134.0,2,4,0.000000,s2_p4
1779334134.0,2,2,0.130255,s2_p2
1779334134.0,2,3,0.000000,s2_p3
1779334134.0,16,1,0.000000,s16_p1
1779334134.0,16,4,0.868206,s16_p4
1779334134.0,16,2,0.084409,s16_p2
1779334134.0,16,3,0.000000,s16_p3
1779334134.0,6,1,0.065202,s6_p1
1779334134.0,6,4,0.000000,s6_p4
1779334134.0,6,2,0.000000,s6_p2
1779334134.0,6,3,0.099011,s6_p3
1779334134.0,1,4,0.065210,s1_p4
1779334134.0,1,1,0.000000,s1_p1
1779334134.0,1,2,0.128005,s1_p2
1779334134.0,1,3,0.000000,s1_p3
1779334134.0,14,4,0.000000,s14_p4
1779334134.0,14,1,0.031425,s14_p1
1779334134.0,14,2,0.065266,s14_p2
1779334134.0,14,3,0.000000,s14_p3
1779334134.0,3,4,0.000000,s3_p4
1779334134.0,3,1,0.045902,s3_p1
1779334134.0,3,2,0.128041,s3_p2
1779334134.0,3,3,0.000000,s3_p3
1779334134.0,8,4,0.000000,s8_p4
1779334134.0,8,1,0.086931,s8_p1
1779334134.0,8,2,0.000000,s8_p2
1779334134.0,8,3,0.127982,s8_p3
1779334134.0,10,4,0.325974,s10_p4
1779334134.0,10,1,0.000000,s10_p1
1779334134.0,10,2,0.000000,s10_p2
1779334134.0,10,3,0.000000,s10_p3
1779334134.0,15,4,0.000000,s15_p4
1779334134.0,15,1,0.000000,s15_p1
1779334134.0,15,2,0.000000,s15_p2
1779334134.0,15,3,0.639825,s15_p3
1779334134.0,7,1,0.000000,s7_p1
1779334134.0,7,4,0.173752,s7_p4
1779334134.0,7,2,0.000000,s7_p2
1779334134.0,7,3,0.000000,s7_p3
1779334134.0,4,1,0.000000,s4_p1
1779334134.0,4,4,0.118350,s4_p4
1779334134.0,4,2,0.000000,s4_p2
1779334134.0,4,3,0.000000,s4_p3
1779334134.0,13,1,0.099019,s13_p1
1779334134.0,13,4,0.000000,s13_p4
1779334134.0,13,2,0.000000,s13_p2
1779334134.0,13,3,0.000000,s13_p3
1779334134.0,20,1,0.000000,s20_p1
1779334134.0,20,4,0.434645,s20_p4
1779334134.0,20,2,0.869290,s20_p2
1779334134.0,20,3,0.482939,s20_p3
1779334134.0,18,4,0.000000,s18_p4
1779334134.0,18,1,0.000000,s18_p1
1779334134.0,18,2,0.000000,s18_p2
1779334134.0,18,3,0.000000,s18_p3
1779334134.0,11,4,0.000000,s11_p4
1779334134.0,11,1,0.000000,s11_p1
1779334134.0,11,2,0.000000,s11_p2
1779334134.0,11,3,0.000000,s11_p3
1779334134.0,12,4,0.590890,s12_p4
1779334134.0,12,1,0.173649,s12_p1
1779334134.0,12,2,0.000000,s12_p2
1779334134.0,12,3,0.000000,s12_p3
1779334134.0,17,4,0.000000,s17_p4
1779334134.0,17,1,0.639043,s17_p1
1779334134.0,17,2,0.000000,s17_p2
1779334134.0,17,3,0.000000,s17_p3
1779334134.0,16,1,0.000000,s16_p1
1779334134.0,16,4,0.868835,s16_p4
1779334134.0,16,2,0.086883,s16_p2
1779334134.0,16,3,0.000000,s16_p3
1779334134.0,5,4,0.000000,s5_p4
1779334134.0,5,1,0.098880,s5_p1
1779334134.0,5,2,0.031352,s5_p2
1779334134.0,5,3,0.000000,s5_p3
1779334134.0,9,1,0.127879,s9_p1
1779334134.0,9,4,0.000000,s9_p4
1779334134.0,9,2,0.000000,s9_p2
1779334134.0,9,3,0.000000,s9_p3
1779334134.0,2,1,0.000000,s2_p1
1779334134.0,2,4,0.000000,s2_p4
1779334134.0,2,2,0.127881,s2_p2
1779334134.0,2,3,0.000000,s2_p3
1779334134.0,19,1,0.000000,s19_p1
1779334134.0,19,4,0.000000,s19_p4
1779334134.0,19,2,0.000000,s19_p2
1779334134.0,19,3,0.000000,s19_p3
1779334135.0,1,4,0.067638,s1_p4
1779334135.0,1,1,0.000000,s1_p1
1779334135.0,1,2,0.128028,s1_p2
1779334135.0,1,3,0.000000,s1_p3
1779334135.0,6,1,0.067597,s6_p1
1779334135.0,6,4,0.000000,s6_p4
1779334135.0,6,2,0.000000,s6_p2
1779334135.0,6,3,0.098982,s6_p3
1779334135.0,19,1,0.000000,s19_p1
1779334135.0,19,4,0.000000,s19_p4
1779334135.0,19,2,0.000000,s19_p2
1779334135.0,19,3,0.000000,s19_p3
1779334135.0,3,4,0.000000,s3_p4
1779334135.0,3,1,0.045908,s3_p1
1779334135.0,3,2,0.128060,s3_p2
1779334135.0,3,3,0.000000,s3_p3
1779334135.0,14,4,0.000000,s14_p4
1779334135.0,14,1,0.031380,s14_p1
1779334135.0,14,2,0.067587,s14_p2
1779334135.0,14,3,0.000000,s14_p3
1779334135.0,20,1,0.000000,s20_p1
1779334135.0,20,4,0.435374,s20_p4
1779334135.0,20,2,0.870747,s20_p2
1779334135.0,20,3,0.495842,s20_p3
1779334135.0,7,1,0.000000,s7_p1
1779334135.0,7,4,0.174061,s7_p4
1779334135.0,7,2,0.000000,s7_p2
1779334135.0,7,3,0.000000,s7_p3
1779334135.0,13,1,0.099155,s13_p1
1779334135.0,13,4,0.000000,s13_p4
1779334135.0,13,2,0.000000,s13_p2
1779334135.0,13,3,0.000000,s13_p3
1779334135.0,12,4,0.593248,s12_p4
1779334135.0,12,1,0.174342,s12_p1
1779334135.0,12,2,0.000000,s12_p2
1779334135.0,12,3,0.000000,s12_p3
1779334135.0,8,4,0.000000,s8_p4
1779334135.0,8,1,0.086958,s8_p1
1779334135.0,8,2,0.000000,s8_p2
1779334135.0,8,3,0.128022,s8_p3
1779334135.0,10,4,0.338194,s10_p4
1779334135.0,10,1,0.000000,s10_p1
1779334135.0,10,2,0.000000,s10_p2
1779334135.0,10,3,0.000000,s10_p3
1779334135.0,15,4,0.000000,s15_p4
1779334135.0,15,1,0.000000,s15_p1
1779334135.0,15,2,0.000000,s15_p2
1779334135.0,15,3,0.640165,s15_p3
1779334135.0,4,1,0.000000,s4_p1
1779334135.0,4,4,0.118466,s4_p4
1779334135.0,4,2,0.000000,s4_p2
1779334135.0,4,3,0.000000,s4_p3
1779334135.0,11,4,0.000000,s11_p4
1779334135.0,11,1,0.000000,s11_p1
1779334135.0,11,2,0.000000,s11_p2
1779334135.0,11,3,0.000000,s11_p3
1779334135.0,9,1,0.128283,s9_p1
1779334135.0,9,4,0.000000,s9_p4
1779334135.0,9,2,0.000000,s9_p2
1779334135.0,9,3,0.000000,s9_p3
1779334135.0,16,1,0.000000,s16_p1
1779334135.0,16,4,0.871207,s16_p4
1779334135.0,16,2,0.087121,s16_p2
1779334135.0,16,3,0.000000,s16_p3
1779334135.0,2,1,0.000000,s2_p1
1779334135.0,2,4,0.000000,s2_p4
1779334135.0,2,2,0.128282,s2_p2
1779334135.0,2,3,0.000000,s2_p3
1779334135.0,5,4,0.000000,s5_p4
1779334135.0,5,1,0.099220,s5_p1
1779334135.0,5,2,0.031460,s5_p2
1779334135.0,5,3,0.000000,s5_p3
1779334135.0,18,4,0.000000,s18_p4
1779334135.0,18,1,0.000000,s18_p1
1779334135.0,18,2,0.000000,s18_p2
1779334135.0,18,3,0.000000,s18_p3
1779334135.0,17,4,0.000000,s17_p4
1779334135.0,17,1,0.641169,s17_p1
1779334135.0,17,2,0.000000,s17_p2
1779334135.0,17,3,0.000000,s17_p3
1779334135.0,6,1,0.067694,s6_p1
1779334135.0,6,4,0.000000,s6_p4
1779334135.0,6,2,0.000000,s6_p2
1779334135.0,6,3,0.099124,s6_p3
1779334135.0,1,4,0.067644,s1_p4
1779334135.0,1,1,0.000000,s1_p1
1779334135.0,1,2,0.125625,s1_p2
1779334135.0,1,3,0.000000,s1_p3
1779334135.0,3,4,0.000000,s3_p4
1779334135.0,3,1,0.045907,s3_p1
1779334135.0,3,2,0.128056,s3_p2
1779334135.0,3,3,0.000000,s3_p3
1779334135.0,14,4,0.000000,s14_p4
1779334135.0,14,1,0.033845,s14_p1
1779334135.0,14,2,0.067691,s14_p2
1779334135.0,14,3,0.000000,s14_p3
1779334135.0,10,4,0.338539,s10_p4
1779334135.0,10,1,0.000000,s10_p1
1779334135.0,10,2,0.000000,s10_p2
1779334135.0,10,3,0.000000,s10_p3
1779334135.0,7,1,0.000000,s7_p1
1779334135.0,7,4,0.174004,s7_p4
1779334135.0,7,2,0.000000,s7_p2
1779334135.0,7,3,0.000000,s7_p3
1779334135.0,13,1,0.099082,s13_p1
1779334135.0,13,4,0.000000,s13_p4
1779334135.0,13,2,0.000000,s13_p2
1779334135.0,13,3,0.000000,s13_p3
1779334135.0,8,4,0.000000,s8_p4
1779334135.0,8,1,0.084586,s8_p1
1779334135.0,8,2,0.000000,s8_p2
1779334135.0,8,3,0.125671,s8_p3
1779334135.0,4,1,0.000000,s4_p1
1779334135.0,4,4,0.118431,s4_p4
1779334135.0,4,2,0.000000,s4_p2
1779334135.0,4,3,0.000000,s4_p3
1779334135.0,15,4,0.000000,s15_p4
1779334135.0,15,1,0.000000,s15_p1
1779334135.0,15,2,0.000000,s15_p2
1779334135.0,15,3,0.628381,s15_p3
1779334135.0,12,4,0.591843,s12_p4
1779334135.0,12,1,0.173929,s12_p1
1779334135.0,12,2,0.000000,s12_p2
1779334135.0,12,3,0.000000,s12_p3
1779334135.0,17,4,0.000000,s17_p4
1779334135.0,17,1,0.628560,s17_p1
1779334135.0,17,2,0.000000,s17_p2
1779334135.0,17,3,0.000000,s17_p3
1779334135.0,5,4,0.000000,s5_p4
1779334135.0,5,1,0.099109,s5_p1
1779334135.0,5,2,0.033842,s5_p2
1779334135.0,5,3,0.000000,s5_p3
1779334135.0,20,1,0.000000,s20_p1
1779334135.0,20,4,0.422644,s20_p4
1779334135.0,20,2,0.869439,s20_p2
1779334135.0,20,3,0.507173,s20_p3
1779334135.0,2,1,0.000000,s2_p1
1779334135.0,2,4,0.000000,s2_p4
1779334135.0,2,2,0.128107,s2_p2
1779334135.0,2,3,0.000000,s2_p3
1779334135.0,18,4,0.000000,s18_p4
1779334135.0,18,1,0.000000,s18_p1
1779334135.0,18,2,0.000000,s18_p2
1779334135.0,18,3,0.000000,s18_p3
1779334135.0,16,1,0.000000,s16_p1
1779334135.0,16,4,0.869766,s16_p4
1779334135.0,16,2,0.084561,s16_p2
1779334135.0,16,3,0.000000,s16_p3
1779334135.0,9,1,0.125625,s9_p1
1779334135.0,9,4,0.000000,s9_p4
1779334135.0,9,2,0.000000,s9_p2
1779334135.0,9,3,0.000000,s9_p3
1779334135.0,11,4,0.000000,s11_p4
1779334135.0,11,1,0.000000,s11_p1
1779334135.0,11,2,0.000000,s11_p2
1779334135.0,11,3,0.000000,s11_p3
1779334135.0,19,1,0.000000,s19_p1
1779334135.0,19,4,0.000000,s19_p4
1779334135.0,19,2,0.000000,s19_p2
1779334135.0,19,3,0.000000,s19_p3
1779334136.0,6,1,0.065108,s6_p1
1779334136.0,6,4,0.000000,s6_p4
1779334136.0,6,2,0.000000,s6_p2
1779334136.0,6,3,0.098868,s6_p3
1779334136.0,19,1,0.000000,s19_p1
1779334136.0,19,4,0.000000,s19_p4
1779334136.0,19,2,0.000000,s19_p2
1779334136.0,19,3,0.000000,s19_p3
1779334136.0,14,4,0.000000,s14_p4
1779334136.0,14,1,0.031353,s14_p1
1779334136.0,14,2,0.065118,s14_p2
1779334136.0,14,3,0.000000,s14_p3
1779334136.0,1,4,0.065105,s1_p4
1779334136.0,1,1,0.000000,s1_p1
1779334136.0,1,2,0.127799,s1_p2
1779334136.0,1,3,0.000000,s1_p3
1779334136.0,3,4,0.000000,s3_p4
1779334136.0,3,1,0.043405,s3_p1
1779334136.0,3,2,0.127804,s3_p2
1779334136.0,3,3,0.000000,s3_p3
1779334136.0,15,4,0.000000,s15_p4
1779334136.0,15,1,0.000000,s15_p1
1779334136.0,15,2,0.000000,s15_p2
1779334136.0,15,3,0.639321,s15_p3
1779334136.0,10,4,0.325450,s10_p4
1779334136.0,10,1,0.000000,s10_p1
1779334136.0,10,2,0.000000,s10_p2
1779334136.0,10,3,0.000000,s10_p3
1779334136.0,8,4,0.000000,s8_p4
1779334136.0,8,1,0.086773,s8_p1
1779334136.0,8,2,0.000000,s8_p2
1779334136.0,8,3,0.127749,s8_p3
1779334136.0,13,1,0.098756,s13_p1
1779334136.0,13,4,0.000000,s13_p4
1779334136.0,13,2,0.000000,s13_p2
1779334136.0,13,3,0.000000,s13_p3
1779334136.0,4,1,0.000000,s4_p1
1779334136.0,4,4,0.118018,s4_p4
1779334136.0,4,2,0.000000,s4_p2
1779334136.0,4,3,0.000000,s4_p3
1779334136.0,7,1,0.000000,s7_p1
1779334136.0,7,4,0.170978,s7_p4
1779334136.0,7,2,0.000000,s7_p2
1779334136.0,7,3,0.000000,s7_p3
1779334136.0,18,4,0.000000,s18_p4
1779334136.0,18,1,0.000000,s18_p1
1779334136.0,18,2,0.000000,s18_p2
1779334136.0,18,3,0.000000,s18_p3
1779334136.0,12,4,0.589700,s12_p4
1779334136.0,12,1,0.173300,s12_p1
1779334136.0,12,2,0.000000,s12_p2
1779334136.0,12,3,0.000000,s12_p3
1779334136.0,20,1,0.000000,s20_p1
1779334136.0,20,4,0.433271,s20_p4
1779334136.0,20,2,0.866542,s20_p2
1779334136.0,20,3,0.481412,s20_p3
1779334136.0,5,4,0.000000,s5_p4
1779334136.0,5,1,0.098683,s5_p1
1779334136.0,5,2,0.031290,s5_p2
1779334136.0,5,3,0.000000,s5_p3
1779334136.0,17,4,0.000000,s17_p4
1779334136.0,17,1,0.637364,s17_p1
1779334136.0,17,2,0.000000,s17_p2
1779334136.0,17,3,0.000000,s17_p3
1779334136.0,11,4,0.000000,s11_p4
1779334136.0,11,1,0.000000,s11_p1
1779334136.0,11,2,0.000000,s11_p2
1779334136.0,11,3,0.000000,s11_p3
1779334136.0,16,1,0.000000,s16_p1
1779334136.0,16,4,0.866166,s16_p4
1779334136.0,16,2,0.086617,s16_p2
1779334136.0,16,3,0.000000,s16_p3
1779334136.0,9,1,0.127519,s9_p1
1779334136.0,9,4,0.000000,s9_p4
1779334136.0,9,2,0.000000,s9_p2
1779334136.0,9,3,0.000000,s9_p3
1779334136.0,2,1,0.000000,s2_p1
1779334136.0,2,4,0.000000,s2_p4
1779334136.0,2,2,0.127461,s2_p2
1779334136.0,2,3,0.000000,s2_p3
1779334136.0,19,1,0.000000,s19_p1
1779334136.0,19,4,0.000000,s19_p4
1779334136.0,19,2,0.000000,s19_p2
1779334136.0,19,3,0.000000,s19_p3
1779334136.0,6,1,0.067531,s6_p1
1779334136.0,6,4,0.000000,s6_p4
1779334136.0,6,2,0.000000,s6_p2
1779334136.0,6,3,0.101296,s6_p3
1779334136.0,14,4,0.000000,s14_p4
1779334136.0,14,1,0.033765,s14_p1
1779334136.0,14,2,0.067529,s14_p2
1779334136.0,14,3,0.000000,s14_p3
1779334136.0,15,4,0.000000,s15_p4
1779334136.0,15,1,0.000000,s15_p1
1779334136.0,15,2,0.000000,s15_p2
1779334136.0,15,3,0.639249,s15_p3
1779334136.0,3,4,0.000000,s3_p4
1779334136.0,3,1,0.045824,s3_p1
1779334136.0,3,2,0.127826,s3_p2
1779334136.0,3,3,0.000000,s3_p3
1779334136.0,10,4,0.337759,s10_p4
1779334136.0,10,1,0.000000,s10_p1
1779334136.0,10,2,0.000000,s10_p2
1779334136.0,10,3,0.000000,s10_p3
1779334136.0,8,4,0.000000,s8_p4
1779334136.0,8,1,0.086910,s8_p1
1779334136.0,8,2,0.000000,s8_p2
1779334136.0,8,3,0.127952,s8_p3
1779334136.0,1,4,0.067523,s1_p4
1779334136.0,1,1,0.000000,s1_p1
1779334136.0,1,2,0.127812,s1_p2
1779334136.0,1,3,0.000000,s1_p3
1779334136.0,13,1,0.101431,s13_p1
1779334136.0,13,4,0.000000,s13_p4
1779334136.0,13,2,0.000000,s13_p2
1779334136.0,13,3,0.000000,s13_p3
1779334136.0,20,1,0.000000,s20_p1
1779334136.0,20,4,0.435209,s20_p4
1779334136.0,20,2,0.858329,s20_p2
1779334136.0,20,3,0.507744,s20_p3
1779334136.0,7,1,0.000000,s7_p1
1779334136.0,7,4,0.173893,s7_p4
1779334136.0,7,2,0.000000,s7_p2
1779334136.0,7,3,0.000000,s7_p3
1779334136.0,12,4,0.604391,s12_p4
1779334136.0,12,1,0.171647,s12_p1
1779334136.0,12,2,0.000000,s12_p2
1779334136.0,12,3,0.000000,s12_p3
1779334136.0,4,1,0.000000,s4_p1
1779334136.0,4,4,0.120708,s4_p4
1779334136.0,4,2,0.000000,s4_p2
1779334136.0,4,3,0.000000,s4_p3
1779334136.0,17,4,0.000000,s17_p4
1779334136.0,17,1,0.640902,s17_p1
1779334136.0,17,2,0.000000,s17_p2
1779334136.0,17,3,0.000000,s17_p3
1779334136.0,18,4,0.000000,s18_p4
1779334136.0,18,1,0.000000,s18_p1
1779334136.0,18,2,0.000000,s18_p2
1779334136.0,18,3,0.000000,s18_p3
1779334136.0,16,1,0.000000,s16_p1
1779334136.0,16,4,0.858624,s16_p4
1779334136.0,16,2,0.087072,s16_p2
1779334136.0,16,3,0.000000,s16_p3
1779334136.0,2,1,0.000000,s2_p1
1779334136.0,2,4,0.000000,s2_p4
1779334136.0,2,2,0.128189,s2_p2
1779334136.0,2,3,0.000000,s2_p3
1779334136.0,9,1,0.128154,s9_p1
1779334136.0,9,4,0.000000,s9_p4
1779334136.0,9,2,0.000000,s9_p2
1779334136.0,9,3,0.000000,s9_p3
1779334136.0,5,4,0.000000,s5_p4
1779334136.0,5,1,0.101464,s5_p1
1779334136.0,5,2,0.033821,s5_p2
1779334136.0,5,3,0.000000,s5_p3
1779334136.0,11,4,0.000000,s11_p4
1779334136.0,11,1,0.000000,s11_p1
1779334136.0,11,2,0.000000,s11_p2
1779334136.0,11,3,0.000000,s11_p3
1779334137.0,6,1,0.067573,s6_p1
1779334137.0,6,4,0.000000,s6_p4
1779334137.0,6,2,0.000000,s6_p2
1779334137.0,6,3,0.098946,s6_p3
1779334137.0,14,4,0.000000,s14_p4
1779334137.0,14,1,0.031366,s14_p1
1779334137.0,14,2,0.067558,s14_p2
1779334137.0,14,3,0.000000,s14_p3
1779334137.0,15,4,0.000000,s15_p4
1779334137.0,15,1,0.000000,s15_p1
1779334137.0,15,2,0.000000,s15_p2
1779334137.0,15,3,0.627290,s15_p3
1779334137.0,3,4,0.000000,s3_p4
1779334137.0,3,1,0.045840,s3_p1
1779334137.0,3,2,0.130283,s3_p2
1779334137.0,3,3,0.000000,s3_p3
1779334137.0,1,4,0.067556,s1_p4
1779334137.0,1,1,0.000000,s1_p1
1779334137.0,1,2,0.125461,s1_p2
1779334137.0,1,3,0.000000,s1_p3
1779334137.0,10,4,0.337756,s10_p4
1779334137.0,10,1,0.000000,s10_p1
1779334137.0,10,2,0.000000,s10_p2
1779334137.0,10,3,0.000000,s10_p3
1779334137.0,4,1,0.000000,s4_p1
1779334137.0,4,4,0.118238,s4_p4
1779334137.0,4,2,0.000000,s4_p2
1779334137.0,4,3,0.000000,s4_p3
1779334137.0,12,4,0.590935,s12_p4
1779334137.0,12,1,0.176075,s12_p1
1779334137.0,12,2,0.000000,s12_p2
1779334137.0,12,3,0.000000,s12_p3
1779334137.0,7,1,0.000000,s7_p1
1779334137.0,7,4,0.176063,s7_p4
1779334137.0,7,2,0.000000,s7_p2
1779334137.0,7,3,0.000000,s7_p3
1779334137.0,5,4,0.000000,s5_p4
1779334137.0,5,1,0.098966,s5_p1
1779334137.0,5,2,0.031379,s5_p2
1779334137.0,5,3,0.000000,s5_p3
1779334137.0,20,1,0.000000,s20_p1
1779334137.0,20,4,0.434084,s20_p4
1779334137.0,20,2,0.880226,s20_p2
1779334137.0,20,3,0.494374,s20_p3
1779334137.0,13,1,0.098865,s13_p1
1779334137.0,13,4,0.000000,s13_p4
1779334137.0,13,2,0.000000,s13_p2
1779334137.0,13,3,0.000000,s13_p3
1779334137.0,8,4,0.000000,s8_p4
1779334137.0,8,1,0.086779,s8_p1
1779334137.0,8,2,0.000000,s8_p2
1779334137.0,8,3,0.127758,s8_p3
1779334137.0,18,4,0.000000,s18_p4
1779334137.0,18,1,0.000000,s18_p1
1779334137.0,18,2,0.000000,s18_p2
1779334137.0,18,3,0.000000,s18_p3
1779334137.0,9,1,0.127848,s9_p1
1779334137.0,9,4,0.000000,s9_p4
1779334137.0,9,2,0.000000,s9_p2
1779334137.0,9,3,0.000000,s9_p3
1779334137.0,16,1,0.000000,s16_p1
1779334137.0,16,4,0.880178,s16_p4
1779334137.0,16,2,0.086812,s16_p2
1779334137.0,16,3,0.000000,s16_p3
1779334137.0,17,4,0.000000,s17_p4
1779334137.0,17,1,0.638963,s17_p1
1779334137.0,17,2,0.000000,s17_p2
1779334137.0,17,3,0.000000,s17_p3
1779334137.0,2,1,0.000000,s2_p1
1779334137.0,2,4,0.000000,s2_p4
1779334137.0,2,2,0.130197,s2_p2
1779334137.0,2,3,0.000000,s2_p3
1779334137.0,19,1,0.000000,s19_p1
1779334137.0,19,4,0.000000,s19_p4
1779334137.0,19,2,0.000000,s19_p2
1779334137.0,19,3,0.000000,s19_p3
1779334137.0,11,4,0.000000,s11_p4
1779334137.0,11,1,0.000000,s11_p1
1779334137.0,11,2,0.000000,s11_p2
1779334137.0,11,3,0.000000,s11_p3
1779334137.0,19,1,0.000000,s19_p1
1779334137.0,19,4,0.000000,s19_p4
1779334137.0,19,2,0.000000,s19_p2
1779334137.0,19,3,0.000000,s19_p3
1779334137.0,6,1,0.067520,s6_p1
1779334137.0,6,4,0.000000,s6_p4
1779334137.0,6,2,0.000000,s6_p2
1779334137.0,6,3,0.098868,s6_p3
1779334137.0,1,4,0.067582,s1_p4
1779334137.0,1,1,0.000000,s1_p1
1779334137.0,1,2,0.127924,s1_p2
1779334137.0,1,3,0.000000,s1_p3
1779334137.0,10,4,0.337785,s10_p4
1779334137.0,10,1,0.000000,s10_p1
1779334137.0,10,2,0.000000,s10_p2
1779334137.0,10,3,0.000000,s10_p3
1779334137.0,14,4,0.000000,s14_p4
1779334137.0,14,1,0.031358,s14_p1
1779334137.0,14,2,0.067540,s14_p2
1779334137.0,14,3,0.000000,s14_p3
1779334137.0,15,4,0.000000,s15_p4
1779334137.0,15,1,0.000000,s15_p1
1779334137.0,15,2,0.000000,s15_p2
1779334137.0,15,3,0.639276,s15_p3
1779334137.0,3,4,0.000000,s3_p4
1779334137.0,3,1,0.045836,s3_p1
1779334137.0,3,2,0.127857,s3_p2
1779334137.0,3,3,0.000000,s3_p3
1779334137.0,8,4,0.000000,s8_p4
1779334137.0,8,1,0.084510,s8_p1
1779334137.0,8,2,0.000000,s8_p2
1779334137.0,8,3,0.125558,s8_p3
1779334137.0,20,1,0.000000,s20_p1
1779334137.0,20,4,0.422305,s20_p4
1779334137.0,20,2,0.868743,s20_p2
1779334137.0,20,3,0.494701,s20_p3
1779334137.0,7,1,0.000000,s7_p1
1779334137.0,7,4,0.173725,s7_p4
1779334137.0,7,2,0.000000,s7_p2
1779334137.0,7,3,0.000000,s7_p3
1779334137.0,13,1,0.098934,s13_p1
1779334137.0,13,4,0.000000,s13_p4
1779334137.0,13,2,0.000000,s13_p2
1779334137.0,13,3,0.000000,s13_p3
1779334137.0,4,1,0.000000,s4_p1
1779334137.0,4,4,0.115798,s4_p4
1779334137.0,4,2,0.000000,s4_p2
1779334137.0,4,3,0.000000,s4_p3
1779334137.0,18,4,0.000000,s18_p4
1779334137.0,18,1,0.000000,s18_p1
1779334137.0,18,2,0.000000,s18_p2
1779334137.0,18,3,0.000000,s18_p3
1779334137.0,12,4,0.578705,s12_p4
1779334137.0,12,1,0.173612,s12_p1
1779334137.0,12,2,0.000000,s12_p2
1779334137.0,12,3,0.000000,s12_p3
1779334137.0,5,4,0.000000,s5_p4
1779334137.0,5,1,0.098864,s5_p1
1779334137.0,5,2,0.031347,s5_p2
1779334137.0,5,3,0.000000,s5_p3
1779334137.0,17,4,0.000000,s17_p4
1779334137.0,17,1,0.627356,s17_p1
1779334137.0,17,2,0.000000,s17_p2
1779334137.0,17,3,0.000000,s17_p3
1779334137.0,2,1,0.000000,s2_p1
1779334137.0,2,4,0.000000,s2_p4
1779334137.0,2,2,0.127881,s2_p2
1779334137.0,2,3,0.000000,s2_p3
1779334137.0,9,1,0.125405,s9_p1
1779334137.0,9,4,0.000000,s9_p4
1779334137.0,9,2,0.000000,s9_p2
1779334137.0,9,3,0.000000,s9_p3
1779334137.0,11,4,0.000000,s11_p4
1779334137.0,11,1,0.000000,s11_p1
1779334137.0,11,2,0.000000,s11_p2
1779334137.0,11,3,0.000000,s11_p3
1779334137.0,16,1,0.000000,s16_p1
1779334137.0,16,4,0.868136,s16_p4
1779334137.0,16,2,0.086814,s16_p2
1779334137.0,16,3,0.000000,s16_p3
1779334138.0,6,1,0.065182,s6_p1
1779334138.0,6,4,0.000000,s6_p4
1779334138.0,6,2,0.000000,s6_p2
1779334138.0,6,3,0.098980,s6_p3
1779334138.0,19,1,0.000000,s19_p1
1779334138.0,19,4,0.000000,s19_p4
1779334138.0,19,2,0.000000,s19_p2
1779334138.0,19,3,0.000000,s19_p3
1779334138.0,3,4,0.000000,s3_p4
1779334138.0,3,1,0.045858,s3_p1
1779334138.0,3,2,0.127920,s3_p2
1779334138.0,3,3,0.000000,s3_p3
1779334138.0,8,4,0.000000,s8_p4
1779334138.0,8,1,0.086885,s8_p1
1779334138.0,8,2,0.000000,s8_p2
1779334138.0,8,3,0.127914,s8_p3
1779334138.0,14,4,0.000000,s14_p4
1779334138.0,14,1,0.033785,s14_p1
1779334138.0,14,2,0.065157,s14_p2
1779334138.0,14,3,0.000000,s14_p3
1779334138.0,7,1,0.000000,s7_p1
1779334138.0,7,4,0.173861,s7_p4
1779334138.0,7,2,0.000000,s7_p2
1779334138.0,7,3,0.000000,s7_p3
1779334138.0,1,4,0.065125,s1_p4
1779334138.0,1,1,0.000000,s1_p1
1779334138.0,1,2,0.127839,s1_p2
1779334138.0,1,3,0.000000,s1_p3
1779334138.0,10,4,0.325753,s10_p4
1779334138.0,10,1,0.000000,s10_p1
1779334138.0,10,2,0.000000,s10_p2
1779334138.0,10,3,0.000000,s10_p3
1779334138.0,15,4,0.000000,s15_p4
1779334138.0,15,1,0.000000,s15_p1
1779334138.0,15,2,0.000000,s15_p2
1779334138.0,15,3,0.639453,s15_p3
1779334138.0,17,4,0.000000,s17_p4
1779334138.0,17,1,0.639985,s17_p1
1779334138.0,17,2,0.000000,s17_p2
1779334138.0,17,3,0.000000,s17_p3
1779334138.0,12,4,0.603681,s12_p4
1779334138.0,12,1,0.173860,s12_p1
1779334138.0,12,2,0.000000,s12_p2
1779334138.0,12,3,0.000000,s12_p3
1779334138.0,13,1,0.098941,s13_p1
1779334138.0,13,4,0.000000,s13_p4
1779334138.0,13,2,0.000000,s13_p2
1779334138.0,13,3,0.000000,s13_p3
1779334138.0,4,1,0.000000,s4_p1
1779334138.0,4,4,0.120658,s4_p4
1779334138.0,4,2,0.000000,s4_p2
1779334138.0,4,3,0.000000,s4_p3
1779334138.0,18,4,0.000000,s18_p4
1779334138.0,18,1,0.000000,s18_p1
1779334138.0,18,2,0.000000,s18_p2
1779334138.0,18,3,0.000000,s18_p3
1779334138.0,5,4,0.000000,s5_p4
1779334138.0,5,1,0.098996,s5_p1
1779334138.0,5,2,0.033803,s5_p2
1779334138.0,5,3,0.000000,s5_p3
1779334138.0,20,1,0.000000,s20_p1
1779334138.0,20,4,0.434293,s20_p4
1779334138.0,20,2,0.868586,s20_p2
1779334138.0,20,3,0.494611,s20_p3
1779334138.0,2,1,0.000000,s2_p1
1779334138.0,2,4,0.000000,s2_p4
1779334138.0,2,2,0.127955,s2_p2
1779334138.0,2,3,0.000000,s2_p3
1779334138.0,16,1,0.000000,s16_p1
1779334138.0,16,4,0.869391,s16_p4
1779334138.0,16,2,0.084524,s16_p2
1779334138.0,16,3,0.000000,s16_p3
1779334138.0,11,4,0.000000,s11_p4
1779334138.0,11,1,0.000000,s11_p1
1779334138.0,11,2,0.000000,s11_p2
1779334138.0,11,3,0.000000,s11_p3
1779334138.0,9,1,0.127972,s9_p1
1779334138.0,9,4,0.000000,s9_p4
1779334138.0,9,2,0.000000,s9_p2
1779334138.0,9,3,0.000000,s9_p3
1779334138.0,15,4,0.000000,s15_p4
1779334138.0,15,1,0.000000,s15_p1
1779334138.0,15,2,0.000000,s15_p2
1779334138.0,15,3,0.640499,s15_p3
1779334138.0,14,4,0.000000,s14_p4
1779334138.0,14,1,0.031413,s14_p1
1779334138.0,14,2,0.067659,s14_p2
1779334138.0,14,3,0.000000,s14_p3
1779334138.0,3,4,0.000000,s3_p4
1779334138.0,3,1,0.043488,s3_p1
1779334138.0,3,2,0.128049,s3_p2
1779334138.0,3,3,0.000000,s3_p3
1779334138.0,10,4,0.338066,s10_p4
1779334138.0,10,1,0.000000,s10_p1
1779334138.0,10,2,0.000000,s10_p2
1779334138.0,10,3,0.000000,s10_p3
1779334138.0,7,1,0.000000,s7_p1
1779334138.0,7,4,0.171428,s7_p4
1779334138.0,7,2,0.000000,s7_p2
1779334138.0,7,3,0.000000,s7_p3
1779334138.0,20,1,0.000000,s20_p1
1779334138.0,20,4,0.434927,s20_p4
1779334138.0,20,2,0.857772,s20_p2
1779334138.0,20,3,0.495333,s20_p3
1779334138.0,19,1,0.000000,s19_p1
1779334138.0,19,4,0.000000,s19_p4
1779334138.0,19,2,0.000000,s19_p2
1779334138.0,19,3,0.000000,s19_p3
1779334138.0,8,4,0.000000,s8_p4
1779334138.0,8,1,0.086910,s8_p1
1779334138.0,8,2,0.000000,s8_p2
1779334138.0,8,3,0.127951,s8_p3
1779334138.0,13,1,0.099051,s13_p1
1779334138.0,13,4,0.000000,s13_p4
1779334138.0,13,2,0.000000,s13_p2
1779334138.0,13,3,0.000000,s13_p3
1779334138.0,6,1,0.067534,s6_p1
1779334138.0,6,4,0.000000,s6_p4
1779334138.0,6,2,0.000000,s6_p2
1779334138.0,6,3,0.098889,s6_p3
1779334138.0,18,4,0.000000,s18_p4
1779334138.0,18,1,0.000000,s18_p1
1779334138.0,18,2,0.000000,s18_p2
1779334138.0,18,3,0.000000,s18_p3
1779334138.0,12,4,0.591802,s12_p4
1779334138.0,12,1,0.171502,s12_p1
1779334138.0,12,2,0.000000,s12_p2
1779334138.0,12,3,0.000000,s12_p3
1779334138.0,1,4,0.067593,s1_p4
1779334138.0,1,1,0.000000,s1_p1
1779334138.0,1,2,0.127944,s1_p2
1779334138.0,1,3,0.000000,s1_p3
1779334138.0,2,1,0.000000,s2_p1
1779334138.0,2,4,0.000000,s2_p4
1779334138.0,2,2,0.128021,s2_p2
1779334138.0,2,3,0.000000,s2_p3
1779334138.0,17,4,0.000000,s17_p4
1779334138.0,17,1,0.639747,s17_p1
1779334138.0,17,2,0.000000,s17_p2
1779334138.0,17,3,0.000000,s17_p3
1779334138.0,4,1,0.000000,s4_p1
1779334138.0,4,4,0.118306,s4_p4
1779334138.0,4,2,0.000000,s4_p2
1779334138.0,4,3,0.000000,s4_p3
1779334138.0,16,1,0.000000,s16_p1
1779334138.0,16,4,0.857449,s16_p4
1779334138.0,16,2,0.086953,s16_p2
1779334138.0,16,3,0.000000,s16_p3
1779334138.0,5,4,0.000000,s5_p4
1779334138.0,5,1,0.098991,s5_p1
1779334138.0,5,2,0.031387,s5_p2
1779334138.0,5,3,0.000000,s5_p3
1779334138.0,11,4,0.000000,s11_p4
1779334138.0,11,1,0.000000,s11_p1
1779334138.0,11,2,0.000000,s11_p2
1779334138.0,11,3,0.000000,s11_p3
1779334138.0,9,1,0.127990,s9_p1
1779334138.0,9,4,0.000000,s9_p4
1779334138.0,9,2,0.000000,s9_p2
1779334138.0,9,3,0.000000,s9_p3
1779334139.0,14,4,0.000000,s14_p4
1779334139.0,14,1,0.033838,s14_p1
1779334139.0,14,2,0.067676,s14_p2
1779334139.0,14,3,0.000000,s14_p3
1779334139.0,6,1,0.067730,s6_p1
1779334139.0,6,4,0.000000,s6_p4
1779334139.0,6,2,0.000000,s6_p2
1779334139.0,6,3,0.099177,s6_p3
1779334139.0,19,1,0.000000,s19_p1
1779334139.0,19,4,0.000000,s19_p4
1779334139.0,19,2,0.000000,s19_p2
1779334139.0,19,3,0.000000,s19_p3
1779334139.0,3,4,0.000000,s3_p4
1779334139.0,3,1,0.045875,s3_p1
1779334139.0,3,2,0.127966,s3_p2
1779334139.0,3,3,0.000000,s3_p3
1779334139.0,8,4,0.000000,s8_p4
1779334139.0,8,1,0.086985,s8_p1
1779334139.0,8,2,0.000000,s8_p2
1779334139.0,8,3,0.125645,s8_p3
1779334139.0,15,4,0.000000,s15_p4
1779334139.0,15,1,0.000000,s15_p1
1779334139.0,15,2,0.000000,s15_p2
1779334139.0,15,3,0.627564,s15_p3
1779334139.0,4,1,0.000000,s4_p1
1779334139.0,4,4,0.120886,s4_p4
1779334139.0,4,2,0.000000,s4_p2
1779334139.0,4,3,0.000000,s4_p3
1779334139.0,7,1,0.000000,s7_p1
1779334139.0,7,4,0.173944,s7_p4
1779334139.0,7,2,0.000000,s7_p2
1779334139.0,7,3,0.000000,s7_p3
1779334139.0,13,1,0.099058,s13_p1
1779334139.0,13,4,0.000000,s13_p4
1779334139.0,13,2,0.000000,s13_p2
1779334139.0,13,3,0.000000,s13_p3
1779334139.0,10,4,0.338185,s10_p4
1779334139.0,10,1,0.000000,s10_p1
1779334139.0,10,2,0.000000,s10_p2
1779334139.0,10,3,0.000000,s10_p3
1779334139.0,1,4,0.067653,s1_p4
1779334139.0,1,1,0.000000,s1_p1
1779334139.0,1,2,0.125642,s1_p2
1779334139.0,1,3,0.000000,s1_p3
1779334139.0,5,4,0.000000,s5_p4
1779334139.0,5,1,0.099061,s5_p1
1779334139.0,5,2,0.033826,s5_p2
1779334139.0,5,3,0.000000,s5_p3
1779334139.0,11,4,0.000000,s11_p4
1779334139.0,11,1,0.000000,s11_p1
1779334139.0,11,2,0.000000,s11_p2
1779334139.0,11,3,0.000000,s11_p3
1779334139.0,16,1,0.000000,s16_p1
1779334139.0,16,4,0.869681,s16_p4
1779334139.0,16,2,0.086968,s16_p2
1779334139.0,16,3,0.000000,s16_p3
1779334139.0,9,1,0.125650,s9_p1
1779334139.0,9,4,0.000000,s9_p4
1779334139.0,9,2,0.000000,s9_p2
1779334139.0,9,3,0.000000,s9_p3
1779334139.0,2,1,0.000000,s2_p1
1779334139.0,2,4,0.000000,s2_p4
1779334139.0,2,2,0.128017,s2_p2
1779334139.0,2,3,0.000000,s2_p3
1779334139.0,18,4,0.000000,s18_p4
1779334139.0,18,1,0.000000,s18_p1
1779334139.0,18,2,0.000000,s18_p2
1779334139.0,18,3,0.000000,s18_p3
1779334139.0,12,4,0.603554,s12_p4
1779334139.0,12,1,0.173824,s12_p1
1779334139.0,12,2,0.000000,s12_p2
1779334139.0,12,3,0.000000,s12_p3
1779334139.0,17,4,0.000000,s17_p4
1779334139.0,17,1,0.628007,s17_p1
1779334139.0,17,2,0.000000,s17_p2
1779334139.0,17,3,0.000000,s17_p3
1779334139.0,20,1,0.000000,s20_p1
1779334139.0,20,4,0.434474,s20_p4
1779334139.0,20,2,0.868948,s20_p2
1779334139.0,20,3,0.506887,s20_p3
1779334139.0,6,1,0.065213,s6_p1
1779334139.0,6,4,0.000000,s6_p4
1779334139.0,6,2,0.000000,s6_p2
1779334139.0,6,3,0.099027,s6_p3
1779334139.0,19,1,0.000000,s19_p1
1779334139.0,19,4,0.000000,s19_p4
1779334139.0,19,2,0.000000,s19_p2
1779334139.0,19,3,0.000000,s19_p3
1779334139.0,3,4,0.000000,s3_p4
1779334139.0,3,1,0.045886,s3_p1
1779334139.0,3,2,0.127999,s3_p2
1779334139.0,3,3,0.000000,s3_p3
1779334139.0,14,4,0.000000,s14_p4
1779334139.0,14,1,0.031359,s14_p1
1779334139.0,14,2,0.065129,s14_p2
1779334139.0,14,3,0.000000,s14_p3
1779334139.0,1,4,0.065216,s1_p4
1779334139.0,1,1,0.000000,s1_p1
1779334139.0,1,2,0.128016,s1_p2
1779334139.0,1,3,0.000000,s1_p3
1779334139.0,15,4,0.000000,s15_p4
1779334139.0,15,1,0.000000,s15_p1
1779334139.0,15,2,0.000000,s15_p2
1779334139.0,15,3,0.639983,s15_p3
1779334139.0,10,4,0.326050,s10_p4
1779334139.0,10,1,0.000000,s10_p1
1779334139.0,10,2,0.000000,s10_p2
1779334139.0,10,3,0.000000,s10_p3
1779334139.0,8,4,0.000000,s8_p4
1779334139.0,8,1,0.084520,s8_p1
1779334139.0,8,2,0.000000,s8_p2
1779334139.0,8,3,0.127987,s8_p3
1779334139.0,17,4,0.000000,s17_p4
1779334139.0,17,1,0.640233,s17_p1
1779334139.0,17,2,0.000000,s17_p2
1779334139.0,17,3,0.000000,s17_p3
1779334139.0,13,1,0.098962,s13_p1
1779334139.0,13,4,0.000000,s13_p4
1779334139.0,13,2,0.000000,s13_p2
1779334139.0,13,3,0.000000,s13_p3
1779334139.0,5,4,0.000000,s5_p4
1779334139.0,5,1,0.099024,s5_p1
1779334139.0,5,2,0.031398,s5_p2
1779334139.0,5,3,0.000000,s5_p3
1779334139.0,12,4,0.579755,s12_p4
1779334139.0,12,1,0.173927,s12_p1
1779334139.0,12,2,0.000000,s12_p2
1779334139.0,12,3,0.000000,s12_p3
1779334139.0,20,1,0.000000,s20_p1
1779334139.0,20,4,0.422745,s20_p4
1779334139.0,20,2,0.869646,s20_p2
1779334139.0,20,3,0.483137,s20_p3
1779334139.0,4,1,0.000000,s4_p1
1779334139.0,4,4,0.115842,s4_p4
1779334139.0,4,2,0.000000,s4_p2
1779334139.0,4,3,0.000000,s4_p3
1779334139.0,7,1,0.000000,s7_p1
1779334139.0,7,4,0.173763,s7_p4
1779334139.0,7,2,0.000000,s7_p2
1779334139.0,7,3,0.000000,s7_p3
1779334139.0,2,1,0.000000,s2_p1
1779334139.0,2,4,0.000000,s2_p4
1779334139.0,2,2,0.128014,s2_p2
1779334139.0,2,3,0.000000,s2_p3
1779334139.0,11,4,0.000000,s11_p4
1779334139.0,11,1,0.000000,s11_p1
1779334139.0,11,2,0.000000,s11_p2
1779334139.0,11,3,0.000000,s11_p3
1779334139.0,16,1,0.000000,s16_p1
1779334139.0,16,4,0.869160,s16_p4
1779334139.0,16,2,0.084502,s16_p2
1779334139.0,16,3,0.000000,s16_p3
1779334139.0,18,4,0.000000,s18_p4
1779334139.0,18,1,0.000000,s18_p1
1779334139.0,18,2,0.000000,s18_p2
1779334139.0,18,3,0.000000,s18_p3
1779334139.0,9,1,0.127956,s9_p1
1779334139.0,9,4,0.000000,s9_p4
1779334139.0,9,2,0.000000,s9_p2
1779334139.0,9,3,0.000000,s9_p3
1779334140.0,6,1,0.067579,s6_p1
1779334140.0,6,4,0.000000,s6_p4
1779334140.0,6,2,0.000000,s6_p2
1779334140.0,6,3,0.098954,s6_p3
1779334140.0,19,1,0.000000,s19_p1
1779334140.0,19,4,0.000000,s19_p4
1779334140.0,19,2,0.000000,s19_p2
1779334140.0,19,3,0.000000,s19_p3
1779334140.0,1,4,0.067645,s1_p4
1779334140.0,1,1,0.000000,s1_p1
1779334140.0,1,2,0.128042,s1_p2
1779334140.0,1,3,0.000000,s1_p3
1779334140.0,3,4,0.000000,s3_p4
1779334140.0,3,1,0.045865,s3_p1
1779334140.0,3,2,0.130352,s3_p2
1779334140.0,3,3,0.000000,s3_p3
1779334140.0,15,4,0.000000,s15_p4
1779334140.0,15,1,0.000000,s15_p1
1779334140.0,15,2,0.000000,s15_p2
1779334140.0,15,3,0.639734,s15_p3
1779334140.0,7,1,0.000000,s7_p1
1779334140.0,7,4,0.176351,s7_p4
1779334140.0,7,2,0.000000,s7_p2
1779334140.0,7,3,0.000000,s7_p3
1779334140.0,14,4,0.000000,s14_p4
1779334140.0,14,1,0.031380,s14_p1
1779334140.0,14,2,0.067587,s14_p2
1779334140.0,14,3,0.000000,s14_p3
1779334140.0,8,4,0.000000,s8_p4
1779334140.0,8,1,0.086904,s8_p1
1779334140.0,8,2,0.000000,s8_p2
1779334140.0,8,3,0.127942,s8_p3
1779334140.0,10,4,0.337946,s10_p4
1779334140.0,10,1,0.000000,s10_p1
1779334140.0,10,2,0.000000,s10_p2
1779334140.0,10,3,0.000000,s10_p3
1779334140.0,13,1,0.098960,s13_p1
1779334140.0,13,4,0.000000,s13_p4
1779334140.0,13,2,0.000000,s13_p2
1779334140.0,13,3,0.000000,s13_p3
1779334140.0,12,4,0.591340,s12_p4
1779334140.0,12,1,0.176195,s12_p1
1779334140.0,12,2,0.000000,s12_p2
1779334140.0,12,3,0.000000,s12_p3
1779334140.0,20,1,0.000000,s20_p1
1779334140.0,20,4,0.434448,s20_p4
1779334140.0,20,2,0.880965,s20_p2
1779334140.0,20,3,0.494788,s20_p3
1779334140.0,4,1,0.000000,s4_p1
1779334140.0,4,4,0.118266,s4_p4
1779334140.0,4,2,0.000000,s4_p2
1779334140.0,4,3,0.000000,s4_p3
1779334140.0,5,4,0.000000,s5_p4
1779334140.0,5,1,0.098949,s5_p1
1779334140.0,5,2,0.031374,s5_p2
1779334140.0,5,3,0.000000,s5_p3
1779334140.0,17,4,0.000000,s17_p4
1779334140.0,17,1,0.639459,s17_p1
1779334140.0,17,2,0.000000,s17_p2
1779334140.0,17,3,0.000000,s17_p3
1779334140.0,18,4,0.000000,s18_p4
1779334140.0,18,1,0.000000,s18_p1
1779334140.0,18,2,0.000000,s18_p2
1779334140.0,18,3,0.000000,s18_p3
1779334140.0,11,4,0.000000,s11_p4
1779334140.0,11,1,0.000000,s11_p1
1779334140.0,11,2,0.000000,s11_p2
1779334140.0,11,3,0.000000,s11_p3
1779334140.0,2,1,0.000000,s2_p1
1779334140.0,2,4,0.000000,s2_p4
1779334140.0,2,2,0.130274,s2_p2
1779334140.0,2,3,0.000000,s2_p3
1779334140.0,9,1,0.127914,s9_p1
1779334140.0,9,4,0.000000,s9_p4
1779334140.0,9,2,0.000000,s9_p2
1779334140.0,9,3,0.000000,s9_p3
1779334140.0,16,1,0.000000,s16_p1
1779334140.0,16,4,0.880847,s16_p4
1779334140.0,16,2,0.086878,s16_p2
1779334140.0,16,3,0.000000,s16_p3
1779334140.0,6,1,0.067671,s6_p1
1779334140.0,6,4,0.000000,s6_p4
1779334140.0,6,2,0.000000,s6_p2
1779334140.0,6,3,0.099090,s6_p3
1779334140.0,19,1,0.000000,s19_p1
1779334140.0,19,4,0.000000,s19_p4
1779334140.0,19,2,0.000000,s19_p2
1779334140.0,19,3,0.000000,s19_p3
1779334140.0,14,4,0.000000,s14_p4
1779334140.0,14,1,0.033848,s14_p1
1779334140.0,14,2,0.067695,s14_p2
1779334140.0,14,3,0.000000,s14_p3
1779334140.0,15,4,0.000000,s15_p4
1779334140.0,15,1,0.000000,s15_p1
1779334140.0,15,2,0.000000,s15_p2
1779334140.0,15,3,0.628524,s15_p3
1779334140.0,3,4,0.000000,s3_p4
1779334140.0,3,1,0.043508,s3_p1
1779334140.0,3,2,0.128108,s3_p2
1779334140.0,3,3,0.000000,s3_p3
1779334140.0,10,4,0.338450,s10_p4
1779334140.0,10,1,0.000000,s10_p1
1779334140.0,10,2,0.000000,s10_p2
1779334140.0,10,3,0.000000,s10_p3
1779334140.0,1,4,0.067630,s1_p4
1779334140.0,1,1,0.000000,s1_p1
1779334140.0,1,2,0.125598,s1_p2
1779334140.0,1,3,0.000000,s1_p3
1779334140.0,20,1,0.000000,s20_p1
1779334140.0,20,4,0.435295,s20_p4
1779334140.0,20,2,0.858499,s20_p2
1779334140.0,20,3,0.507845,s20_p3
1779334140.0,7,1,0.000000,s7_p1
1779334140.0,7,4,0.171537,s7_p4
1779334140.0,7,2,0.000000,s7_p2
1779334140.0,7,3,0.000000,s7_p3
1779334140.0,8,4,0.000000,s8_p4
1779334140.0,8,1,0.086978,s8_p1
1779334140.0,8,2,0.000000,s8_p2
1779334140.0,8,3,0.125634,s8_p3
1779334140.0,13,1,0.099126,s13_p1
1779334140.0,13,4,0.000000,s13_p4
1779334140.0,13,2,0.000000,s13_p2
1779334140.0,13,3,0.000000,s13_p3
1779334140.0,5,4,0.000000,s5_p4
1779334140.0,5,1,0.099139,s5_p1
1779334140.0,5,2,0.033852,s5_p2
1779334140.0,5,3,0.000000,s5_p3
1779334140.0,4,1,0.000000,s4_p1
1779334140.0,4,4,0.120893,s4_p4
1779334140.0,4,2,0.000000,s4_p2
1779334140.0,4,3,0.000000,s4_p3
1779334140.0,17,4,0.000000,s17_p4
1779334140.0,17,1,0.640539,s17_p1
1779334140.0,17,2,0.000000,s17_p2
1779334140.0,17,3,0.000000,s17_p3
1779334140.0,16,1,0.000000,s16_p1
1779334140.0,16,4,0.858448,s16_p4
1779334140.0,16,2,0.087054,s16_p2
1779334140.0,16,3,0.000000,s16_p3
1779334140.0,18,4,0.000000,s18_p4
1779334140.0,18,1,0.000000,s18_p1
1779334140.0,18,2,0.000000,s18_p2
1779334140.0,18,3,0.000000,s18_p3
1779334140.0,2,1,0.000000,s2_p1
1779334140.0,2,4,0.000000,s2_p4
1779334140.0,2,2,0.128149,s2_p2
1779334140.0,2,3,0.000000,s2_p3
1779334140.0,12,4,0.604130,s12_p4
1779334140.0,12,1,0.171573,s12_p1
1779334140.0,12,2,0.000000,s12_p2
1779334140.0,12,3,0.000000,s12_p3
1779334140.0,9,1,0.128128,s9_p1
1779334140.0,9,4,0.000000,s9_p4
1779334140.0,9,2,0.000000,s9_p2
1779334140.0,9,3,0.000000,s9_p3
1779334140.0,11,4,0.000000,s11_p4
1779334140.0,11,1,0.000000,s11_p1
1779334140.0,11,2,0.000000,s11_p2
1779334140.0,11,3,0.000000,s11_p3
1779334141.0,19,1,0.000000,s19_p1
1779334141.0,19,4,0.000000,s19_p4
1779334141.0,19,2,0.000000,s19_p2
1779334141.0,19,3,0.000000,s19_p3
1779334141.0,6,1,0.051367,s6_p1
1779334141.0,6,4,0.000815,s6_p4
1779334141.0,6,2,0.046174,s6_p2
1779334141.0,6,3,0.089390,s6_p3
1779334141.0,14,4,0.006792,s14_p4
1779334141.0,14,1,0.053162,s14_p1
1779334141.0,14,2,0.097292,s14_p2
1779334141.0,14,3,0.000000,s14_p3
1779334141.0,1,4,0.051384,s1_p4
1779334141.0,1,1,0.000815,s1_p1
1779334141.0,1,2,0.088267,s1_p2
1779334141.0,1,3,0.076276,s1_p3
1779334141.0,3,4,0.000815,s3_p4
1779334141.0,3,1,0.051064,s3_p1
1779334141.0,3,2,0.070080,s3_p2
1779334141.0,3,3,0.000000,s3_p3
1779334141.0,10,4,0.256901,s10_p4
1779334141.0,10,1,0.000815,s10_p1
1779334141.0,10,2,0.000000,s10_p2
1779334141.0,10,3,0.000000,s10_p3
1779334141.0,15,4,0.000000,s15_p4
1779334141.0,15,1,0.060393,s15_p1
1779334141.0,15,2,0.049672,s15_p2
1779334141.0,15,3,0.441156,s15_p3
1779334141.0,13,1,0.075248,s13_p1
1779334141.0,13,4,0.000000,s13_p4
1779334141.0,13,2,0.000272,s13_p2
1779334141.0,13,3,0.132944,s13_p3
1779334141.0,8,4,0.000272,s8_p4
1779334141.0,8,1,0.070094,s8_p1
1779334141.0,8,2,0.025529,s8_p2
1779334141.0,8,3,0.088279,s8_p3
1779334141.0,7,1,0.019607,s7_p1
1779334141.0,7,4,0.099409,s7_p4
1779334141.0,7,2,0.041631,s7_p2
1779334141.0,7,3,0.000000,s7_p3
1779334141.0,4,1,0.000543,s4_p1
1779334141.0,4,4,0.195733,s4_p4
1779334141.0,4,2,0.000272,s4_p2
1779334141.0,4,3,0.000316,s4_p3
1779334141.0,12,4,0.801865,s12_p4
1779334141.0,12,1,0.099436,s12_p1
1779334141.0,12,2,0.000815,s12_p2
1779334141.0,12,3,0.000000,s12_p3
1779334141.0,20,1,0.004074,s20_p1
1779334141.0,20,4,0.233571,s20_p4
1779334141.0,20,2,0.500885,s20_p2
1779334141.0,20,3,0.752047,s20_p3
1779334141.0,5,4,0.000543,s5_p4
1779334141.0,5,1,0.084534,s5_p1
1779334141.0,5,2,0.043791,s5_p2
1779334141.0,5,3,0.000272,s5_p3
1779334141.0,11,4,0.000000,s11_p4
1779334141.0,11,1,0.000000,s11_p1
1779334141.0,11,2,0.000000,s11_p2
1779334141.0,11,3,0.001583,s11_p3
1779334141.0,18,4,0.000000,s18_p4
1779334141.0,18,1,0.000000,s18_p1
1779334141.0,18,2,0.000000,s18_p2
1779334141.0,18,3,0.000000,s18_p3
1779334141.0,16,1,0.000815,s16_p1
1779334141.0,16,4,0.498240,s16_p4
1779334141.0,16,2,0.045906,s16_p2
1779334141.0,16,3,0.000000,s16_p3
1779334141.0,9,1,0.085829,s9_p1
1779334141.0,9,4,0.000000,s9_p4
1779334141.0,9,2,0.000000,s9_p2
1779334141.0,9,3,0.550415,s9_p3
1779334141.0,17,4,0.550214,s17_p4
1779334141.0,17,1,0.428990,s17_p1
1779334141.0,17,2,0.000000,s17_p2
1779334141.0,17,3,0.061962,s17_p3
1779334141.0,2,1,0.000272,s2_p1
1779334141.0,2,4,0.000000,s2_p4
1779334141.0,2,2,0.072462,s2_p2
1779334141.0,2,3,0.157002,s2_p3
1779334141.0,19,1,0.000000,s19_p1
1779334141.0,19,4,0.000000,s19_p4
1779334141.0,19,2,0.000000,s19_p2
1779334141.0,19,3,0.000000,s19_p3
1779334141.0,1,4,0.000000,s1_p4
1779334141.0,1,1,0.000000,s1_p1
1779334141.0,1,2,0.000000,s1_p2
1779334141.0,1,3,0.135301,s1_p3
1779334141.0,6,1,0.000000,s6_p1
1779334141.0,6,4,0.000000,s6_p4
1779334141.0,6,2,0.137633,s6_p2
1779334141.0,6,3,0.055536,s6_p3
1779334141.0,14,4,0.000000,s14_p4
1779334141.0,14,1,0.060373,s14_p1
1779334141.0,14,2,0.137650,s14_p2
1779334141.0,14,3,0.000000,s14_p3
1779334141.0,3,4,0.000000,s3_p4
1779334141.0,3,1,0.053128,s3_p1
1779334141.0,3,2,0.000000,s3_p2
1779334141.0,3,3,0.000000,s3_p3
1779334141.0,10,4,0.000000,s10_p4
1779334141.0,10,1,0.000000,s10_p1
1779334141.0,10,2,0.000000,s10_p2
1779334141.0,10,3,0.000000,s10_p3
1779334141.0,8,4,0.000000,s8_p4
1779334141.0,8,1,0.045892,s8_p1
1779334141.0,8,2,0.038646,s8_p2
1779334141.0,8,3,0.000000,s8_p3
1779334141.0,15,4,0.000000,s15_p4
1779334141.0,15,1,0.113505,s15_p1
1779334141.0,15,2,0.084525,s15_p2
1779334141.0,15,3,0.000000,s15_p3
1779334141.0,7,1,0.057928,s7_p1
1779334141.0,7,4,0.000000,s7_p4
1779334141.0,7,2,0.055514,s7_p2
1779334141.0,7,3,0.000000,s7_p3
1779334141.0,13,1,0.021720,s13_p1
1779334141.0,13,4,0.000000,s13_p4
1779334141.0,13,2,0.000000,s13_p2
1779334141.0,13,3,0.277533,s13_p3
1779334141.0,4,1,0.000000,s4_p1
1779334141.0,4,4,0.214821,s4_p4
1779334141.0,4,2,0.000000,s4_p2
1779334141.0,4,3,0.000000,s4_p3
1779334141.0,12,4,1.000000,s12_p4
1779334141.0,12,1,0.000000,s12_p1
1779334141.0,12,2,0.000000,s12_p2
1779334141.0,12,3,0.000000,s12_p3
1779334141.0,5,4,0.000000,s5_p4
1779334141.0,5,1,0.053103,s5_p1
1779334141.0,5,2,0.028965,s5_p2
1779334141.0,5,3,0.000000,s5_p3
1779334141.0,20,1,0.000000,s20_p1
1779334141.0,20,4,0.000000,s20_p4
1779334141.0,20,2,0.000000,s20_p2
1779334141.0,20,3,1.000000,s20_p3
1779334141.0,17,4,1.000000,s17_p4
1779334141.0,17,1,0.000000,s17_p1
1779334141.0,17,2,0.000000,s17_p2
1779334141.0,17,3,0.108591,s17_p3
1779334141.0,11,4,0.000000,s11_p4
1779334141.0,11,1,0.000000,s11_p1
1779334141.0,11,2,0.000000,s11_p2
1779334141.0,11,3,0.000000,s11_p3
1779334141.0,9,1,0.000000,s9_p1
1779334141.0,9,4,0.000000,s9_p4
1779334141.0,9,2,0.000000,s9_p2
1779334141.0,9,3,1.000000,s9_p3
1779334141.0,16,1,0.000000,s16_p1
1779334141.0,16,4,0.000000,s16_p4
1779334141.0,16,2,0.000000,s16_p2
1779334141.0,16,3,0.000000,s16_p3
1779334141.0,2,1,0.000000,s2_p1
1779334141.0,2,4,0.000000,s2_p4
1779334141.0,2,2,0.000000,s2_p2
1779334141.0,2,3,0.328144,s2_p3
1779334141.0,18,4,0.000000,s18_p4
1779334141.0,18,1,0.000000,s18_p1
1779334141.0,18,2,0.000000,s18_p2
1779334141.0,18,3,0.000000,s18_p3
1779334142.0,19,1,0.000000,s19_p1
1779334142.0,19,4,0.000000,s19_p4
1779334142.0,19,2,0.000000,s19_p2
1779334142.0,19,3,0.000000,s19_p3
1779334142.0,6,1,0.000000,s6_p1
1779334142.0,6,4,0.000000,s6_p4
1779334142.0,6,2,0.144703,s6_p2
1779334142.0,6,3,0.055470,s6_p3
1779334142.0,14,4,0.000000,s14_p4
1779334142.0,14,1,0.055485,s14_p1
1779334142.0,14,2,0.144744,s14_p2
1779334142.0,14,3,0.000000,s14_p3
1779334142.0,8,4,0.000000,s8_p4
1779334142.0,8,1,0.048261,s8_p1
1779334142.0,8,2,0.028956,s8_p2
1779334142.0,8,3,0.000000,s8_p3
1779334142.0,13,1,0.021734,s13_p1
1779334142.0,13,4,0.000000,s13_p4
1779334142.0,13,2,0.000000,s13_p2
1779334142.0,13,3,0.277716,s13_p3
1779334142.0,3,4,0.000000,s3_p4
1779334142.0,3,1,0.050610,s3_p1
1779334142.0,3,2,0.000000,s3_p2
1779334142.0,3,3,0.000000,s3_p3
1779334142.0,20,1,0.000000,s20_p1
1779334142.0,20,4,0.000000,s20_p4
1779334142.0,20,2,0.000000,s20_p2
1779334142.0,20,3,0.989739,s20_p3
1779334142.0,4,1,0.000000,s4_p1
1779334142.0,4,4,0.214730,s4_p4
1779334142.0,4,2,0.000000,s4_p2
1779334142.0,4,3,0.000000,s4_p3
1779334142.0,15,4,0.000000,s15_p4
1779334142.0,15,1,0.122929,s15_p1
1779334142.0,15,2,0.077132,s15_p2
1779334142.0,15,3,0.000000,s15_p3
1779334142.0,2,1,0.000000,s2_p1
1779334142.0,2,4,0.000000,s2_p4
1779334142.0,2,2,0.000000,s2_p2
1779334142.0,2,3,0.326121,s2_p3
1779334142.0,11,4,0.000000,s11_p4
1779334142.0,11,1,0.000000,s11_p1
1779334142.0,11,2,0.000000,s11_p2
1779334142.0,11,3,0.000000,s11_p3
1779334142.0,1,4,0.000000,s1_p4
1779334142.0,1,1,0.000000,s1_p1
1779334142.0,1,2,0.000000,s1_p2
1779334142.0,1,3,0.137276,s1_p3
1779334142.0,12,4,1.000000,s12_p4
1779334142.0,12,1,0.000000,s12_p1
1779334142.0,12,2,0.000000,s12_p2
1779334142.0,12,3,0.000000,s12_p3
1779334142.0,9,1,0.000000,s9_p1
1779334142.0,9,4,0.000000,s9_p4
1779334142.0,9,2,0.000000,s9_p2
1779334142.0,9,3,0.990056,s9_p3
1779334142.0,16,1,0.000000,s16_p1
1779334142.0,16,4,0.000000,s16_p4
1779334142.0,16,2,0.000000,s16_p2
1779334142.0,16,3,0.000000,s16_p3
1779334142.0,10,4,0.000000,s10_p4
1779334142.0,10,1,0.000000,s10_p1
1779334142.0,10,2,0.000000,s10_p2
1779334142.0,10,3,0.000000,s10_p3
1779334142.0,17,4,0.989865,s17_p4
1779334142.0,17,1,0.000000,s17_p1
1779334142.0,17,2,0.000000,s17_p2
1779334142.0,17,3,0.108644,s17_p3
1779334142.0,7,1,0.060272,s7_p1
1779334142.0,7,4,0.000000,s7_p4
1779334142.0,7,2,0.062683,s7_p2
1779334142.0,7,3,0.000000,s7_p3
1779334142.0,5,4,0.000000,s5_p4
1779334142.0,5,1,0.055488,s5_p1
1779334142.0,5,2,0.021713,s5_p2
1779334142.0,5,3,0.000000,s5_p3
1779334142.0,18,4,0.000000,s18_p4
1779334142.0,18,1,0.000000,s18_p1
1779334142.0,18,2,0.000000,s18_p2
1779334142.0,18,3,0.000000,s18_p3
1779334142.0,14,4,0.000000,s14_p4
1779334142.0,14,1,0.055581,s14_p1
1779334142.0,14,2,0.144994,s14_p2
1779334142.0,14,3,0.000000,s14_p3
1779334142.0,15,4,0.000000,s15_p4
1779334142.0,15,1,0.145011,s15_p1
1779334142.0,15,2,0.055588,s15_p2
1779334142.0,15,3,0.000000,s15_p3
1779334142.0,10,4,0.000000,s10_p4
1779334142.0,10,1,0.000000,s10_p1
1779334142.0,10,2,0.000000,s10_p2
1779334142.0,10,3,0.000000,s10_p3
1779334142.0,3,4,0.000000,s3_p4
1779334142.0,3,1,0.053157,s3_p1
1779334142.0,3,2,0.000000,s3_p2
1779334142.0,3,3,0.000000,s3_p3
1779334142.0,1,4,0.000000,s1_p4
1779334142.0,1,1,0.000000,s1_p1
1779334142.0,1,2,0.000000,s1_p2
1779334142.0,1,3,0.137746,s1_p3
1779334142.0,8,4,0.000000,s8_p4
1779334142.0,8,1,0.026550,s8_p1
1779334142.0,8,2,0.028964,s8_p2
1779334142.0,8,3,0.000000,s8_p3
1779334142.0,13,1,0.007241,s13_p1
1779334142.0,13,4,0.000000,s13_p4
1779334142.0,13,2,0.000000,s13_p2
1779334142.0,13,3,0.277568,s13_p3
1779334142.0,6,1,0.000000,s6_p1
1779334142.0,6,4,0.000000,s6_p4
1779334142.0,6,2,0.144803,s6_p2
1779334142.0,6,3,0.055508,s6_p3
1779334142.0,19,1,0.000000,s19_p1
1779334142.0,19,4,0.000000,s19_p4
1779334142.0,19,2,0.000000,s19_p2
1779334142.0,19,3,0.000000,s19_p3
1779334142.0,7,1,0.067686,s7_p1
1779334142.0,7,4,0.000000,s7_p4
1779334142.0,7,2,0.077355,s7_p2
1779334142.0,7,3,0.000000,s7_p3
1779334142.0,12,4,1.000000,s12_p4
1779334142.0,12,1,0.000000,s12_p1
1779334142.0,12,2,0.000000,s12_p2
1779334142.0,12,3,0.000000,s12_p3
1779334142.0,2,1,0.000000,s2_p1
1779334142.0,2,4,0.000000,s2_p4
1779334142.0,2,2,0.000000,s2_p2
1779334142.0,2,3,0.326029,s2_p3
1779334142.0,4,1,0.000000,s4_p1
1779334142.0,4,4,0.217337,s4_p4
1779334142.0,4,2,0.000000,s4_p2
1779334142.0,4,3,0.000000,s4_p3
1779334142.0,5,4,0.000000,s5_p4
1779334142.0,5,1,0.055570,s5_p1
1779334142.0,5,2,0.007248,s5_p2
1779334142.0,5,3,0.000000,s5_p3
1779334142.0,20,1,0.000000,s20_p1
1779334142.0,20,4,0.000000,s20_p4
1779334142.0,20,2,0.000000,s20_p2
1779334142.0,20,3,1.000000,s20_p3
1779334142.0,18,4,0.000000,s18_p4
1779334142.0,18,1,0.000000,s18_p1
1779334142.0,18,2,0.000000,s18_p2
1779334142.0,18,3,0.000000,s18_p3
1779334142.0,17,4,1.000000,s17_p4
1779334142.0,17,1,0.000000,s17_p1
1779334142.0,17,2,0.000000,s17_p2
1779334142.0,17,3,0.036237,s17_p3
1779334142.0,16,1,0.000000,s16_p1
1779334142.0,16,4,0.000000,s16_p4
1779334142.0,16,2,0.000000,s16_p2
1779334142.0,16,3,0.000000,s16_p3
1779334142.0,9,1,0.000000,s9_p1
1779334142.0,9,4,0.000000,s9_p4
1779334142.0,9,2,0.000000,s9_p2
1779334142.0,9,3,1.000000,s9_p3
1779334142.0,11,4,0.000000,s11_p4
1779334142.0,11,1,0.000000,s11_p1
1779334142.0,11,2,0.000000,s11_p2
1779334142.0,11,3,0.000000,s11_p3
1779334143.0,1,4,0.000000,s1_p4
1779334143.0,1,1,0.000000,s1_p1
1779334143.0,1,2,0.000000,s1_p2
1779334143.0,1,3,0.137904,s1_p3
1779334143.0,3,4,0.000000,s3_p4
1779334143.0,3,1,0.050765,s3_p1
1779334143.0,3,2,0.000000,s3_p2
1779334143.0,3,3,0.000000,s3_p3
1779334143.0,14,4,0.000000,s14_p4
1779334143.0,14,1,0.055526,s14_p1
1779334143.0,14,2,0.144850,s14_p2
1779334143.0,14,3,0.000000,s14_p3
1779334143.0,6,1,0.000000,s6_p1
1779334143.0,6,4,0.000000,s6_p4
1779334143.0,6,2,0.145028,s6_p2
1779334143.0,6,3,0.053177,s6_p3
1779334143.0,10,4,0.000000,s10_p4
1779334143.0,10,1,0.000000,s10_p1
1779334143.0,10,2,0.000000,s10_p2
1779334143.0,10,3,0.000000,s10_p3
1779334143.0,19,1,0.000000,s19_p1
1779334143.0,19,4,0.000000,s19_p4
1779334143.0,19,2,0.000000,s19_p2
1779334143.0,19,3,0.000000,s19_p3
1779334143.0,15,4,0.000000,s15_p4
1779334143.0,15,1,0.152083,s15_p1
1779334143.0,15,2,0.048280,s15_p2
1779334143.0,15,3,0.000000,s15_p3
1779334143.0,8,4,0.000000,s8_p4
1779334143.0,8,1,0.004828,s8_p1
1779334143.0,8,2,0.043455,s8_p2
1779334143.0,8,3,0.000000,s8_p3
1779334143.0,13,1,0.000000,s13_p1
1779334143.0,13,4,0.000000,s13_p4
1779334143.0,13,2,0.000000,s13_p2
1779334143.0,13,3,0.265549,s13_p3
1779334143.0,20,1,0.000000,s20_p1
1779334143.0,20,4,0.000000,s20_p4
1779334143.0,20,2,0.000000,s20_p2
1779334143.0,20,3,1.000000,s20_p3
1779334143.0,7,1,0.077250,s7_p1
1779334143.0,7,4,0.000000,s7_p4
1779334143.0,7,2,0.074836,s7_p2
1779334143.0,7,3,0.000000,s7_p3
1779334143.0,4,1,0.000000,s4_p1
1779334143.0,4,4,0.214963,s4_p4
1779334143.0,4,2,0.000000,s4_p2
1779334143.0,4,3,0.000000,s4_p3
1779334143.0,5,4,0.000000,s5_p4
1779334143.0,5,1,0.055552,s5_p1
1779334143.0,5,2,0.000000,s5_p2
1779334143.0,5,3,0.000000,s5_p3
1779334143.0,16,1,0.000000,s16_p1
1779334143.0,16,4,0.000000,s16_p4
1779334143.0,16,2,0.000000,s16_p2
1779334143.0,16,3,0.000000,s16_p3
1779334143.0,11,4,0.000000,s11_p4
1779334143.0,11,1,0.000000,s11_p1
1779334143.0,11,2,0.000000,s11_p2
1779334143.0,11,3,0.000000,s11_p3
1779334143.0,2,1,0.000000,s2_p1
1779334143.0,2,4,0.000000,s2_p4
1779334143.0,2,2,0.000000,s2_p2
1779334143.0,2,3,0.325776,s2_p3
1779334143.0,17,4,1.000000,s17_p4
1779334143.0,17,1,0.000000,s17_p1
1779334143.0,17,2,0.000000,s17_p2
1779334143.0,17,3,0.000000,s17_p3
1779334143.0,12,4,0.989246,s12_p4
1779334143.0,12,1,0.000000,s12_p1
1779334143.0,12,2,0.000000,s12_p2
1779334143.0,12,3,0.000000,s12_p3
1779334143.0,9,1,0.000000,s9_p1
1779334143.0,9,4,0.000000,s9_p4
1779334143.0,9,2,0.000000,s9_p2
1779334143.0,9,3,1.000000,s9_p3
1779334143.0,18,4,0.000000,s18_p4
1779334143.0,18,1,0.000000,s18_p1
1779334143.0,18,2,0.000000,s18_p2
1779334143.0,18,3,0.000000,s18_p3
1779334143.0,6,1,0.000000,s6_p1
1779334143.0,6,4,0.000000,s6_p4
1779334143.0,6,2,0.142715,s6_p2
1779334143.0,6,3,0.055634,s6_p3
1779334143.0,19,1,0.000000,s19_p1
1779334143.0,19,4,0.000000,s19_p4
1779334143.0,19,2,0.000000,s19_p2
1779334143.0,19,3,0.000000,s19_p3
1779334143.0,15,4,0.000000,s15_p4
1779334143.0,15,1,0.152411,s15_p1
1779334143.0,15,2,0.048384,s15_p2
1779334143.0,15,3,0.000000,s15_p3
1779334143.0,3,4,0.000000,s3_p4
1779334143.0,3,1,0.050735,s3_p1
1779334143.0,3,2,0.000000,s3_p2
1779334143.0,3,3,0.000000,s3_p3
1779334143.0,14,4,0.000000,s14_p4
1779334143.0,14,1,0.057990,s14_p1
1779334143.0,14,2,0.142558,s14_p2
1779334143.0,14,3,0.000000,s14_p3
1779334143.0,8,4,0.000000,s8_p4
1779334143.0,8,1,0.012096,s8_p1
1779334143.0,8,2,0.036288,s8_p2
1779334143.0,8,3,0.000000,s8_p3
1779334143.0,1,4,0.000000,s1_p4
1779334143.0,1,1,0.000000,s1_p1
1779334143.0,1,2,0.000000,s1_p2
1779334143.0,1,3,0.135178,s1_p3
1779334143.0,7,1,0.079802,s7_p1
1779334143.0,7,4,0.000000,s7_p4
1779334143.0,7,2,0.072547,s7_p2
1779334143.0,7,3,0.000000,s7_p3
1779334143.0,4,1,0.000000,s4_p1
1779334143.0,4,4,0.215217,s4_p4
1779334143.0,4,2,0.000000,s4_p2
1779334143.0,4,3,0.000000,s4_p3
1779334143.0,13,1,0.024179,s13_p1
1779334143.0,13,4,0.000000,s13_p4
1779334143.0,13,2,0.000000,s13_p2
1779334143.0,13,3,0.278054,s13_p3
1779334143.0,20,1,0.000000,s20_p1
1779334143.0,20,4,0.000000,s20_p4
1779334143.0,20,2,0.000000,s20_p2
1779334143.0,20,3,1.000000,s20_p3
1779334143.0,10,4,0.000000,s10_p4
1779334143.0,10,1,0.000000,s10_p1
1779334143.0,10,2,0.000000,s10_p2
1779334143.0,10,3,0.000000,s10_p3
1779334143.0,18,4,0.000000,s18_p4
1779334143.0,18,1,0.000000,s18_p1
1779334143.0,18,2,0.000000,s18_p2
1779334143.0,18,3,0.000000,s18_p3
1779334143.0,5,4,0.000000,s5_p4
1779334143.0,5,1,0.057996,s5_p1
1779334143.0,5,2,0.024165,s5_p2
1779334143.0,5,3,0.000000,s5_p3
1779334143.0,2,1,0.000000,s2_p1
1779334143.0,2,4,0.000000,s2_p4
1779334143.0,2,2,0.000000,s2_p2
1779334143.0,2,3,0.326487,s2_p3
1779334143.0,12,4,1.000000,s12_p4
1779334143.0,12,1,0.000000,s12_p1
1779334143.0,12,2,0.000000,s12_p2
1779334143.0,12,3,0.000000,s12_p3
1779334143.0,17,4,1.000000,s17_p4
1779334143.0,17,1,0.000000,s17_p1
1779334143.0,17,2,0.000000,s17_p2
1779334143.0,17,3,0.120920,s17_p3
1779334143.0,11,4,0.000000,s11_p4
1779334143.0,11,1,0.000000,s11_p1
1779334143.0,11,2,0.000000,s11_p2
1779334143.0,11,3,0.000000,s11_p3
1779334143.0,16,1,0.000000,s16_p1
1779334143.0,16,4,0.000000,s16_p4
1779334143.0,16,2,0.000000,s16_p2
1779334143.0,16,3,0.000000,s16_p3
1779334143.0,9,1,0.000000,s9_p1
1779334143.0,9,4,0.000000,s9_p4
1779334143.0,9,2,0.000000,s9_p2
1779334143.0,9,3,1.000000,s9_p3
1779334144.0,14,4,0.000000,s14_p4
1779334144.0,14,1,0.060350,s14_p1
1779334144.0,14,2,0.140011,s14_p2
1779334144.0,14,3,0.000000,s14_p3
1779334144.0,6,1,0.000000,s6_p1
1779334144.0,6,4,0.000000,s6_p4
1779334144.0,6,2,0.139841,s6_p2
1779334144.0,6,3,0.055454,s6_p3
1779334144.0,3,4,0.000000,s3_p4
1779334144.0,3,1,0.053069,s3_p1
1779334144.0,3,2,0.000000,s3_p2
1779334144.0,3,3,0.000000,s3_p3
1779334144.0,8,4,0.000000,s8_p4
1779334144.0,8,1,0.033770,s8_p1
1779334144.0,8,2,0.026533,s8_p2
1779334144.0,8,3,0.000000,s8_p3
1779334144.0,1,4,0.000000,s1_p4
1779334144.0,1,1,0.000000,s1_p1
1779334144.0,1,2,0.000000,s1_p2
1779334144.0,1,3,0.137489,s1_p3
1779334144.0,10,4,0.000000,s10_p4
1779334144.0,10,1,0.000000,s10_p1
1779334144.0,10,2,0.000000,s10_p2
1779334144.0,10,3,0.000000,s10_p3
1779334144.0,12,4,1.000000,s12_p4
1779334144.0,12,1,0.000000,s12_p1
1779334144.0,12,2,0.000000,s12_p2
1779334144.0,12,3,0.000000,s12_p3
1779334144.0,15,4,0.000000,s15_p4
1779334144.0,15,1,0.139784,s15_p1
1779334144.0,15,2,0.060252,s15_p2
1779334144.0,15,3,0.000000,s15_p3
1779334144.0,13,1,0.028941,s13_p1
1779334144.0,13,4,0.000000,s13_p4
1779334144.0,13,2,0.000000,s13_p2
1779334144.0,13,3,0.277349,s13_p3
1779334144.0,20,1,0.000000,s20_p1
1779334144.0,20,4,0.000000,s20_p4
1779334144.0,20,2,0.000000,s20_p2
1779334144.0,20,3,1.000000,s20_p3
1779334144.0,4,1,0.000000,s4_p1
1779334144.0,4,4,0.217035,s4_p4
1779334144.0,4,2,0.000000,s4_p2
1779334144.0,4,3,0.000000,s4_p3
1779334144.0,7,1,0.062693,s7_p1
1779334144.0,7,4,0.000000,s7_p4
1779334144.0,7,2,0.077161,s7_p2
1779334144.0,7,3,0.000000,s7_p3
1779334144.0,19,1,0.000000,s19_p1
1779334144.0,19,4,0.000000,s19_p4
1779334144.0,19,2,0.000000,s19_p2
1779334144.0,19,3,0.000000,s19_p3
1779334144.0,18,4,0.000000,s18_p4
1779334144.0,18,1,0.000000,s18_p1
1779334144.0,18,2,0.000000,s18_p2
1779334144.0,18,3,0.000000,s18_p3
1779334144.0,9,1,0.000000,s9_p1
1779334144.0,9,4,0.000000,s9_p4
1779334144.0,9,2,0.000000,s9_p2
1779334144.0,9,3,1.000000,s9_p3
1779334144.0,5,4,0.000000,s5_p4
1779334144.0,5,1,0.060279,s5_p1
1779334144.0,5,2,0.028934,s5_p2
1779334144.0,5,3,0.000000,s5_p3
1779334144.0,11,4,0.000000,s11_p4
1779334144.0,11,1,0.000000,s11_p1
1779334144.0,11,2,0.000000,s11_p2
1779334144.0,11,3,0.000000,s11_p3
1779334144.0,16,1,0.000000,s16_p1
1779334144.0,16,4,0.000000,s16_p4
1779334144.0,16,2,0.000000,s16_p2
1779334144.0,16,3,0.000000,s16_p3
1779334144.0,17,4,1.000000,s17_p4
1779334144.0,17,1,0.000000,s17_p1
1779334144.0,17,2,0.000000,s17_p2
1779334144.0,17,3,0.144671,s17_p3
1779334144.0,2,1,0.000000,s2_p1
1779334144.0,2,4,0.000000,s2_p4
1779334144.0,2,2,0.000000,s2_p2
1779334144.0,2,3,0.327900,s2_p3
1779334144.0,19,1,0.000000,s19_p1
1779334144.0,19,4,0.000000,s19_p4
1779334144.0,19,2,0.000000,s19_p2
1779334144.0,19,3,0.000000,s19_p3
1779334144.0,6,1,0.000000,s6_p1
1779334144.0,6,4,0.000000,s6_p4
1779334144.0,6,2,0.145057,s6_p2
1779334144.0,6,3,0.055605,s6_p3
1779334144.0,10,4,0.000000,s10_p4
1779334144.0,10,1,0.000000,s10_p1
1779334144.0,10,2,0.000000,s10_p2
1779334144.0,10,3,0.000000,s10_p3
1779334144.0,14,4,0.000000,s14_p4
1779334144.0,14,1,0.053146,s14_p1
1779334144.0,14,2,0.144943,s14_p2
1779334144.0,14,3,0.000000,s14_p3
1779334144.0,3,4,0.000000,s3_p4
1779334144.0,3,1,0.050750,s3_p1
1779334144.0,3,2,0.000000,s3_p2
1779334144.0,3,3,0.000000,s3_p3
1779334144.0,8,4,0.000000,s8_p4
1779334144.0,8,1,0.024168,s8_p1
1779334144.0,8,2,0.041085,s8_p2
1779334144.0,8,3,0.000000,s8_p3
1779334144.0,15,4,0.000000,s15_p4
1779334144.0,15,1,0.133017,s15_p1
1779334144.0,15,2,0.065299,s15_p2
1779334144.0,15,3,0.000000,s15_p3
1779334144.0,1,4,0.000000,s1_p4
1779334144.0,1,1,0.000000,s1_p1
1779334144.0,1,2,0.000000,s1_p2
1779334144.0,1,3,0.137755,s1_p3
1779334144.0,4,1,0.000000,s4_p1
1779334144.0,4,4,0.215006,s4_p4
1779334144.0,4,2,0.000000,s4_p2
1779334144.0,4,3,0.000000,s4_p3
1779334144.0,7,1,0.070052,s7_p1
1779334144.0,7,4,0.000000,s7_p4
1779334144.0,7,2,0.062806,s7_p2
1779334144.0,7,3,0.000000,s7_p3
1779334144.0,20,1,0.000000,s20_p1
1779334144.0,20,4,0.000000,s20_p4
1779334144.0,20,2,0.000000,s20_p2
1779334144.0,20,3,0.990299,s20_p3
1779334144.0,12,4,1.000000,s12_p4
1779334144.0,12,1,0.000000,s12_p1
1779334144.0,12,2,0.000000,s12_p2
1779334144.0,12,3,0.000000,s12_p3
1779334144.0,13,1,0.019321,s13_p1
1779334144.0,13,4,0.000000,s13_p4
1779334144.0,13,2,0.000000,s13_p2
1779334144.0,13,3,0.277742,s13_p3
1779334144.0,18,4,0.000000,s18_p4
1779334144.0,18,1,0.000000,s18_p1
1779334144.0,18,2,0.000000,s18_p2
1779334144.0,18,3,0.000000,s18_p3
1779334144.0,2,1,0.000000,s2_p1
1779334144.0,2,4,0.000000,s2_p4
1779334144.0,2,2,0.000000,s2_p2
1779334144.0,2,3,0.326189,s2_p3
1779334144.0,11,4,0.000000,s11_p4
1779334144.0,11,1,0.000000,s11_p1
1779334144.0,11,2,0.000000,s11_p2
1779334144.0,11,3,0.000000,s11_p3
1779334144.0,17,4,0.990519,s17_p4
1779334144.0,17,1,0.000000,s17_p1
1779334144.0,17,2,0.000000,s17_p2
1779334144.0,17,3,0.096636,s17_p3
1779334144.0,9,1,0.000000,s9_p1
1779334144.0,9,4,0.000000,s9_p4
1779334144.0,9,2,0.000000,s9_p2
1779334144.0,9,3,0.990403,s9_p3
1779334144.0,16,1,0.000000,s16_p1
1779334144.0,16,4,0.000000,s16_p4
1779334144.0,16,2,0.000000,s16_p2
1779334144.0,16,3,0.000000,s16_p3
1779334144.0,5,4,0.000000,s5_p4
1779334144.0,5,1,0.053143,s5_p1
1779334144.0,5,2,0.019325,s5_p2
1779334144.0,5,3,0.000000,s5_p3
1779334145.0,19,1,0.000000,s19_p1
1779334145.0,19,4,0.000000,s19_p4
1779334145.0,19,2,0.000000,s19_p2
1779334145.0,19,3,0.000000,s19_p3
1779334145.0,6,1,0.000000,s6_p1
1779334145.0,6,4,0.000000,s6_p4
1779334145.0,6,2,0.142390,s6_p2
1779334145.0,6,3,0.053095,s6_p3
1779334145.0,1,4,0.000000,s1_p4
1779334145.0,1,1,0.000000,s1_p1
1779334145.0,1,2,0.000000,s1_p2
1779334145.0,1,3,0.137693,s1_p3
1779334145.0,14,4,0.000000,s14_p4
1779334145.0,14,1,0.057943,s14_p1
1779334145.0,14,2,0.142444,s14_p2
1779334145.0,14,3,0.000000,s14_p3
1779334145.0,3,4,0.000000,s3_p4
1779334145.0,3,1,0.053121,s3_p1
1779334145.0,3,2,0.000000,s3_p2
1779334145.0,3,3,0.000000,s3_p3
1779334145.0,8,4,0.000000,s8_p4
1779334145.0,8,1,0.019309,s8_p1
1779334145.0,8,2,0.033790,s8_p2
1779334145.0,8,3,0.000000,s8_p3
1779334145.0,10,4,0.000000,s10_p4
1779334145.0,10,1,0.000000,s10_p1
1779334145.0,10,2,0.000000,s10_p2
1779334145.0,10,3,0.000000,s10_p3
1779334145.0,15,4,0.000000,s15_p4
1779334145.0,15,1,0.147217,s15_p1
1779334145.0,15,2,0.053095,s15_p2
1779334145.0,15,3,0.000000,s15_p3
1779334145.0,13,1,0.007250,s13_p1
1779334145.0,13,4,0.000000,s13_p4
1779334145.0,13,2,0.000000,s13_p2
1779334145.0,13,3,0.265845,s13_p3
1779334145.0,4,1,0.000000,s4_p1
1779334145.0,4,4,0.214992,s4_p4
1779334145.0,4,2,0.000000,s4_p2
1779334145.0,4,3,0.000000,s4_p3
1779334145.0,20,1,0.000000,s20_p1
1779334145.0,20,4,0.000000,s20_p4
1779334145.0,20,2,0.000000,s20_p2
1779334145.0,20,3,1.000000,s20_p3
1779334145.0,7,1,0.077302,s7_p1
1779334145.0,7,4,0.000000,s7_p4
1779334145.0,7,2,0.070055,s7_p2
1779334145.0,7,3,0.000000,s7_p3
1779334145.0,11,4,0.000000,s11_p4
1779334145.0,11,1,0.000000,s11_p1
1779334145.0,11,2,0.000000,s11_p2
1779334145.0,11,3,0.000000,s11_p3
1779334145.0,17,4,1.000000,s17_p4
1779334145.0,17,1,0.000000,s17_p1
1779334145.0,17,2,0.000000,s17_p2
1779334145.0,17,3,0.036241,s17_p3
1779334145.0,2,1,0.000000,s2_p1
1779334145.0,2,4,0.000000,s2_p4
1779334145.0,2,2,0.000000,s2_p2
1779334145.0,2,3,0.326121,s2_p3
1779334145.0,12,4,1.000000,s12_p4
1779334145.0,12,1,0.000000,s12_p1
1779334145.0,12,2,0.000000,s12_p2
1779334145.0,12,3,0.000000,s12_p3
1779334145.0,5,4,0.000000,s5_p4
1779334145.0,5,1,0.057983,s5_p1
1779334145.0,5,2,0.007248,s5_p2
1779334145.0,5,3,0.000000,s5_p3
1779334145.0,18,4,0.000000,s18_p4
1779334145.0,18,1,0.000000,s18_p1
1779334145.0,18,2,0.000000,s18_p2
1779334145.0,18,3,0.000000,s18_p3
1779334145.0,16,1,0.000000,s16_p1
1779334145.0,16,4,0.000000,s16_p4
1779334145.0,16,2,0.000000,s16_p2
1779334145.0,16,3,0.000000,s16_p3
1779334145.0,9,1,0.000000,s9_p1
1779334145.0,9,4,0.000000,s9_p4
1779334145.0,9,2,0.000000,s9_p2
1779334145.0,9,3,1.000000,s9_p3
1779334145.0,19,1,0.000000,s19_p1
1779334145.0,19,4,0.000000,s19_p4
1779334145.0,19,2,0.000000,s19_p2
1779334145.0,19,3,0.000000,s19_p3
1779334145.0,1,4,0.000000,s1_p4
1779334145.0,1,1,0.000000,s1_p1
1779334145.0,1,2,0.000000,s1_p2
1779334145.0,1,3,0.137617,s1_p3
1779334145.0,6,1,0.000000,s6_p1
1779334145.0,6,4,0.000000,s6_p4
1779334145.0,6,2,0.142430,s6_p2
1779334145.0,6,3,0.055524,s6_p3
1779334145.0,3,4,0.000000,s3_p4
1779334145.0,3,1,0.050716,s3_p1
1779334145.0,3,2,0.000000,s3_p2
1779334145.0,3,3,0.000000,s3_p3
1779334145.0,14,4,0.000000,s14_p4
1779334145.0,14,1,0.057949,s14_p1
1779334145.0,14,2,0.142458,s14_p2
1779334145.0,14,3,0.000000,s14_p3
1779334145.0,4,1,0.000000,s4_p1
1779334145.0,4,4,0.214983,s4_p4
1779334145.0,4,2,0.000000,s4_p2
1779334145.0,4,3,0.000000,s4_p3
1779334145.0,15,4,0.000000,s15_p4
1779334145.0,15,1,0.161771,s15_p1
1779334145.0,15,2,0.038632,s15_p2
1779334145.0,15,3,0.000000,s15_p3
1779334145.0,8,4,0.000000,s8_p4
1779334145.0,8,1,0.004828,s8_p1
1779334145.0,8,2,0.033798,s8_p2
1779334145.0,8,3,0.000000,s8_p3
1779334145.0,13,1,0.000000,s13_p1
1779334145.0,13,4,0.000000,s13_p4
1779334145.0,13,2,0.000000,s13_p2
1779334145.0,13,3,0.277648,s13_p3
1779334145.0,7,1,0.079694,s7_p1
1779334145.0,7,4,0.000000,s7_p4
1779334145.0,7,2,0.082109,s7_p2
1779334145.0,7,3,0.000000,s7_p3
1779334145.0,10,4,0.000000,s10_p4
1779334145.0,10,1,0.000000,s10_p1
1779334145.0,10,2,0.000000,s10_p2
1779334145.0,10,3,0.000000,s10_p3
1779334145.0,20,1,0.000000,s20_p1
1779334145.0,20,4,0.000000,s20_p4
1779334145.0,20,2,0.000000,s20_p2
1779334145.0,20,3,1.000000,s20_p3
1779334145.0,11,4,0.000000,s11_p4
1779334145.0,11,1,0.000000,s11_p1
1779334145.0,11,2,0.000000,s11_p2
1779334145.0,11,3,0.000000,s11_p3
1779334145.0,12,4,0.989958,s12_p4
1779334145.0,12,1,0.000000,s12_p1
1779334145.0,12,2,0.000000,s12_p2
1779334145.0,12,3,0.000000,s12_p3
1779334145.0,2,1,0.000000,s2_p1
1779334145.0,2,4,0.000000,s2_p4
1779334145.0,2,2,0.000000,s2_p2
1779334145.0,2,3,0.325945,s2_p3
1779334145.0,5,4,0.000000,s5_p4
1779334145.0,5,1,0.057945,s5_p1
1779334145.0,5,2,0.000000,s5_p2
1779334145.0,5,3,0.000000,s5_p3
1779334145.0,17,4,1.000000,s17_p4
1779334145.0,17,1,0.000000,s17_p1
1779334145.0,17,2,0.000000,s17_p2
1779334145.0,17,3,0.000000,s17_p3
1779334145.0,16,1,0.000000,s16_p1
1779334145.0,16,4,0.000000,s16_p4
1779334145.0,16,2,0.000000,s16_p2
1779334145.0,16,3,0.000000,s16_p3
1779334145.0,18,4,0.000000,s18_p4
1779334145.0,18,1,0.000000,s18_p1
1779334145.0,18,2,0.000000,s18_p2
1779334145.0,18,3,0.000000,s18_p3
1779334145.0,9,1,0.000000,s9_p1
1779334145.0,9,4,0.000000,s9_p4
1779334145.0,9,2,0.000000,s9_p2
1779334145.0,9,3,1.000000,s9_p3
1779334146.0,19,1,0.000000,s19_p1
1779334146.0,19,4,0.000000,s19_p4
1779334146.0,19,2,0.000000,s19_p2
1779334146.0,19,3,0.000000,s19_p3
1779334146.0,6,1,0.000000,s6_p1
1779334146.0,6,4,0.000000,s6_p4
1779334146.0,6,2,0.144947,s6_p2
1779334146.0,6,3,0.055563,s6_p3
1779334146.0,10,4,0.000000,s10_p4
1779334146.0,10,1,0.000000,s10_p1
1779334146.0,10,2,0.000000,s10_p2
1779334146.0,10,3,0.000000,s10_p3
1779334146.0,3,4,0.000000,s3_p4
1779334146.0,3,1,0.053122,s3_p1
1779334146.0,3,2,0.000000,s3_p2
1779334146.0,3,3,0.000000,s3_p3
1779334146.0,14,4,0.000000,s14_p4
1779334146.0,14,1,0.055536,s14_p1
1779334146.0,14,2,0.144876,s14_p2
1779334146.0,14,3,0.000000,s14_p3
1779334146.0,1,4,0.000000,s1_p4
1779334146.0,1,1,0.000000,s1_p1
1779334146.0,1,2,0.000000,s1_p2
1779334146.0,1,3,0.135204,s1_p3
1779334146.0,20,1,0.000000,s20_p1
1779334146.0,20,4,0.000000,s20_p4
1779334146.0,20,2,0.000000,s20_p2
1779334146.0,20,3,1.000000,s20_p3
1779334146.0,15,4,0.000000,s15_p4
1779334146.0,15,1,0.149757,s15_p1
1779334146.0,15,2,0.050724,s15_p2
1779334146.0,15,3,0.000000,s15_p3
1779334146.0,8,4,0.000000,s8_p4
1779334146.0,8,1,0.012077,s8_p1
1779334146.0,8,2,0.038648,s8_p2
1779334146.0,8,3,0.000000,s8_p3
1779334146.0,7,1,0.074888,s7_p1
1779334146.0,7,4,0.000000,s7_p4
1779334146.0,7,2,0.074888,s7_p2
1779334146.0,7,3,0.000000,s7_p3
1779334146.0,13,1,0.007246,s13_p1
1779334146.0,13,4,0.000000,s13_p4
1779334146.0,13,2,0.000000,s13_p2
1779334146.0,13,3,0.277781,s13_p3
1779334146.0,12,4,1.000000,s12_p4
1779334146.0,12,1,0.000000,s12_p1
1779334146.0,12,2,0.000000,s12_p2
1779334146.0,12,3,0.000000,s12_p3
1779334146.0,18,4,0.000000,s18_p4
1779334146.0,18,1,0.000000,s18_p1
1779334146.0,18,2,0.000000,s18_p2
1779334146.0,18,3,0.000000,s18_p3
1779334146.0,17,4,1.000000,s17_p4
1779334146.0,17,1,0.000000,s17_p1
1779334146.0,17,2,0.000000,s17_p2
1779334146.0,17,3,0.036245,s17_p3
1779334146.0,16,1,0.000000,s16_p1
1779334146.0,16,4,0.000000,s16_p4
1779334146.0,16,2,0.000000,s16_p2
1779334146.0,16,3,0.000000,s16_p3
1779334146.0,5,4,0.000000,s5_p4
1779334146.0,5,1,0.055568,s5_p1
1779334146.0,5,2,0.007248,s5_p2
1779334146.0,5,3,0.000000,s5_p3
1779334146.0,4,1,0.000000,s4_p1
1779334146.0,4,4,0.217154,s4_p4
1779334146.0,4,2,0.000000,s4_p2
1779334146.0,4,3,0.000000,s4_p3
1779334146.0,11,4,0.000000,s11_p4
1779334146.0,11,1,0.000000,s11_p1
1779334146.0,11,2,0.000000,s11_p2
1779334146.0,11,3,0.000000,s11_p3
1779334146.0,2,1,0.000000,s2_p1
1779334146.0,2,4,0.000000,s2_p4
1779334146.0,2,2,0.000000,s2_p2
1779334146.0,2,3,0.330942,s2_p3
1779334146.0,9,1,0.000000,s9_p1
1779334146.0,9,4,0.000000,s9_p4
1779334146.0,9,2,0.000000,s9_p2
1779334146.0,9,3,1.000000,s9_p3
1779334146.0,14,4,0.000000,s14_p4
1779334146.0,14,1,0.055567,s14_p1
1779334146.0,14,2,0.144958,s14_p2
1779334146.0,14,3,0.000000,s14_p3
1779334146.0,3,4,0.000000,s3_p4
1779334146.0,3,1,0.050678,s3_p1
1779334146.0,3,2,0.000000,s3_p2
1779334146.0,3,3,0.000000,s3_p3
1779334146.0,19,1,0.000000,s19_p1
1779334146.0,19,4,0.000000,s19_p4
1779334146.0,19,2,0.000000,s19_p2
1779334146.0,19,3,0.000000,s19_p3
1779334146.0,10,4,0.000000,s10_p4
1779334146.0,10,1,0.000000,s10_p1
1779334146.0,10,2,0.000000,s10_p2
1779334146.0,10,3,0.000000,s10_p3
1779334146.0,20,1,0.000000,s20_p1
1779334146.0,20,4,0.000000,s20_p4
1779334146.0,20,2,0.000000,s20_p2
1779334146.0,20,3,1.000000,s20_p3
1779334146.0,8,4,0.000000,s8_p4
1779334146.0,8,1,0.036210,s8_p1
1779334146.0,8,2,0.021726,s8_p2
1779334146.0,8,3,0.000000,s8_p3
1779334146.0,4,1,0.000000,s4_p1
1779334146.0,4,4,0.215037,s4_p4
1779334146.0,4,2,0.000000,s4_p2
1779334146.0,4,3,0.000000,s4_p3
1779334146.0,6,1,0.000000,s6_p1
1779334146.0,6,4,0.000000,s6_p4
1779334146.0,6,2,0.144692,s6_p2
1779334146.0,6,3,0.055465,s6_p3
1779334146.0,1,4,0.000000,s1_p4
1779334146.0,1,1,0.000000,s1_p1
1779334146.0,1,2,0.000000,s1_p2
1779334146.0,1,3,0.137531,s1_p3
1779334146.0,15,4,0.000000,s15_p4
1779334146.0,15,1,0.142407,s15_p1
1779334146.0,15,2,0.057928,s15_p2
1779334146.0,15,3,0.000000,s15_p3
1779334146.0,13,1,0.031379,s13_p1
1779334146.0,13,4,0.000000,s13_p4
1779334146.0,13,2,0.000000,s13_p2
1779334146.0,13,3,0.277583,s13_p3
1779334146.0,7,1,0.074823,s7_p1
1779334146.0,7,4,0.000000,s7_p4
1779334146.0,7,2,0.067582,s7_p2
1779334146.0,7,3,0.000000,s7_p3
1779334146.0,16,1,0.000000,s16_p1
1779334146.0,16,4,0.000000,s16_p4
1779334146.0,16,2,0.000000,s16_p2
1779334146.0,16,3,0.000000,s16_p3
1779334146.0,18,4,0.000000,s18_p4
1779334146.0,18,1,0.000000,s18_p1
1779334146.0,18,2,0.000000,s18_p2
1779334146.0,18,3,0.000000,s18_p3
1779334146.0,12,4,1.000000,s12_p4
1779334146.0,12,1,0.000000,s12_p1
1779334146.0,12,2,0.000000,s12_p2
1779334146.0,12,3,0.000000,s12_p3
1779334146.0,17,4,1.000000,s17_p4
1779334146.0,17,1,0.000000,s17_p1
1779334146.0,17,2,0.000000,s17_p2
1779334146.0,17,3,0.156889,s17_p3
1779334146.0,11,4,0.000000,s11_p4
1779334146.0,11,1,0.000000,s11_p1
1779334146.0,11,2,0.000000,s11_p2
1779334146.0,11,3,0.000000,s11_p3
1779334146.0,9,1,0.000000,s9_p1
1779334146.0,9,4,0.000000,s9_p4
1779334146.0,9,2,0.000000,s9_p2
1779334146.0,9,3,1.000000,s9_p3
1779334146.0,5,4,0.000000,s5_p4
1779334146.0,5,1,0.055512,s5_p1
1779334146.0,5,2,0.031377,s5_p2
1779334146.0,5,3,0.000000,s5_p3
1779334146.0,2,1,0.000000,s2_p1
1779334146.0,2,4,0.000000,s2_p4
1779334146.0,2,2,0.000000,s2_p2
1779334146.0,2,3,0.325850,s2_p3
1779334147.0,19,1,0.000000,s19_p1
1779334147.0,19,4,0.000000,s19_p4
1779334147.0,19,2,0.000000,s19_p2
1779334147.0,19,3,0.000000,s19_p3
1779334147.0,14,4,0.000000,s14_p4
1779334147.0,14,1,0.057942,s14_p1
1779334147.0,14,2,0.142440,s14_p2
1779334147.0,14,3,0.000000,s14_p3
1779334147.0,1,4,0.000000,s1_p4
1779334147.0,1,1,0.000000,s1_p1
1779334147.0,1,2,0.000000,s1_p2
1779334147.0,1,3,0.135361,s1_p3
1779334147.0,15,4,0.000000,s15_p4
1779334147.0,15,1,0.135276,s15_p1
1779334147.0,15,2,0.062807,s15_p2
1779334147.0,15,3,0.000000,s15_p3
1779334147.0,6,1,0.000000,s6_p1
1779334147.0,6,4,0.000000,s6_p4
1779334147.0,6,2,0.142501,s6_p2
1779334147.0,6,3,0.055551,s6_p3
1779334147.0,3,4,0.000000,s3_p4
1779334147.0,3,1,0.053123,s3_p1
1779334147.0,3,2,0.000000,s3_p2
1779334147.0,3,3,0.000000,s3_p3
1779334147.0,13,1,0.019323,s13_p1
1779334147.0,13,4,0.000000,s13_p4
1779334147.0,13,2,0.000000,s13_p2
1779334147.0,13,3,0.277766,s13_p3
1779334147.0,8,4,0.000000,s8_p4
1779334147.0,8,1,0.026564,s8_p1
1779334147.0,8,2,0.036224,s8_p2
1779334147.0,8,3,0.000000,s8_p3
1779334147.0,10,4,0.000000,s10_p4
1779334147.0,10,1,0.000000,s10_p1
1779334147.0,10,2,0.000000,s10_p2
1779334147.0,10,3,0.000000,s10_p3
1779334147.0,12,4,1.000000,s12_p4
1779334147.0,12,1,0.000000,s12_p1
1779334147.0,12,2,0.000000,s12_p2
1779334147.0,12,3,0.000000,s12_p3
1779334147.0,7,1,0.067593,s7_p1
1779334147.0,7,4,0.000000,s7_p4
1779334147.0,7,2,0.067593,s7_p2
1779334147.0,7,3,0.000000,s7_p3
1779334147.0,20,1,0.000000,s20_p1
1779334147.0,20,4,0.000000,s20_p4
1779334147.0,20,2,0.000000,s20_p2
1779334147.0,20,3,1.000000,s20_p3
1779334147.0,5,4,0.000000,s5_p4
1779334147.0,5,1,0.057985,s5_p1
1779334147.0,5,2,0.019328,s5_p2
1779334147.0,5,3,0.000000,s5_p3
1779334147.0,4,1,0.000000,s4_p1
1779334147.0,4,4,0.214800,s4_p4
1779334147.0,4,2,0.000000,s4_p2
1779334147.0,4,3,0.000000,s4_p3
1779334147.0,17,4,1.000000,s17_p4
1779334147.0,17,1,0.000000,s17_p1
1779334147.0,17,2,0.000000,s17_p2
1779334147.0,17,3,0.096586,s17_p3
1779334147.0,2,1,0.000000,s2_p1
1779334147.0,2,4,0.000000,s2_p4
1779334147.0,2,2,0.000000,s2_p2
1779334147.0,2,3,0.326011,s2_p3
1779334147.0,11,4,0.000000,s11_p4
1779334147.0,11,1,0.000000,s11_p1
1779334147.0,11,2,0.000000,s11_p2
1779334147.0,11,3,0.000000,s11_p3
1779334147.0,18,4,0.000000,s18_p4
1779334147.0,18,1,0.000000,s18_p1
1779334147.0,18,2,0.000000,s18_p2
1779334147.0,18,3,0.000000,s18_p3
1779334147.0,16,1,0.000000,s16_p1
1779334147.0,16,4,0.000000,s16_p4
1779334147.0,16,2,0.000000,s16_p2
1779334147.0,16,3,0.000000,s16_p3
1779334147.0,9,1,0.000000,s9_p1
1779334147.0,9,4,0.000000,s9_p4
1779334147.0,9,2,0.000000,s9_p2
1779334147.0,9,3,1.000000,s9_p3
1779334147.0,1,4,0.000000,s1_p4
1779334147.0,1,1,0.000000,s1_p1
1779334147.0,1,2,0.000000,s1_p2
1779334147.0,1,3,0.137789,s1_p3
1779334147.0,6,1,0.000000,s6_p1
1779334147.0,6,4,0.000000,s6_p4
1779334147.0,6,2,0.140293,s6_p2
1779334147.0,6,3,0.053214,s6_p3
1779334147.0,14,4,0.000000,s14_p4
1779334147.0,14,1,0.057998,s14_p1
1779334147.0,14,2,0.140162,s14_p2
1779334147.0,14,3,0.000000,s14_p3
1779334147.0,13,1,0.012088,s13_p1
1779334147.0,13,4,0.000000,s13_p4
1779334147.0,13,2,0.000000,s13_p2
1779334147.0,13,3,0.265929,s13_p3
1779334147.0,3,4,0.000000,s3_p4
1779334147.0,3,1,0.050763,s3_p1
1779334147.0,3,2,0.000000,s3_p2
1779334147.0,3,3,0.000000,s3_p3
1779334147.0,15,4,0.000000,s15_p4
1779334147.0,15,1,0.142599,s15_p1
1779334147.0,15,2,0.058006,s15_p2
1779334147.0,15,3,0.000000,s15_p3
1779334147.0,7,1,0.070140,s7_p1
1779334147.0,7,4,0.000000,s7_p4
1779334147.0,7,2,0.072559,s7_p2
1779334147.0,7,3,0.000000,s7_p3
1779334147.0,10,4,0.000000,s10_p4
1779334147.0,10,1,0.000000,s10_p1
1779334147.0,10,2,0.000000,s10_p2
1779334147.0,10,3,0.000000,s10_p3
1779334147.0,4,1,0.000000,s4_p1
1779334147.0,4,4,0.217686,s4_p4
1779334147.0,4,2,0.000000,s4_p2
1779334147.0,4,3,0.000000,s4_p3
1779334147.0,8,4,0.000000,s8_p4
1779334147.0,8,1,0.026588,s8_p1
1779334147.0,8,2,0.031422,s8_p2
1779334147.0,8,3,0.000000,s8_p3
1779334147.0,5,4,0.000000,s5_p4
1779334147.0,5,1,0.058007,s5_p1
1779334147.0,5,2,0.012085,s5_p2
1779334147.0,5,3,0.000000,s5_p3
1779334147.0,2,1,0.000000,s2_p1
1779334147.0,2,4,0.000000,s2_p4
1779334147.0,2,2,0.000000,s2_p2
1779334147.0,2,3,0.326433,s2_p3
1779334147.0,17,4,0.991302,s17_p4
1779334147.0,17,1,0.000000,s17_p1
1779334147.0,17,2,0.000000,s17_p2
1779334147.0,17,3,0.060445,s17_p3
1779334147.0,20,1,0.000000,s20_p1
1779334147.0,20,4,0.000000,s20_p4
1779334147.0,20,2,0.000000,s20_p2
1779334147.0,20,3,0.990798,s20_p3
1779334147.0,12,4,1.000000,s12_p4
1779334147.0,12,1,0.000000,s12_p1
1779334147.0,12,2,0.000000,s12_p2
1779334147.0,12,3,0.000000,s12_p3
1779334147.0,18,4,0.000000,s18_p4
1779334147.0,18,1,0.000000,s18_p1
1779334147.0,18,2,0.000000,s18_p2
1779334147.0,18,3,0.000000,s18_p3
1779334147.0,16,1,0.000000,s16_p1
1779334147.0,16,4,0.000000,s16_p4
1779334147.0,16,2,0.000000,s16_p2
1779334147.0,16,3,0.000000,s16_p3
1779334147.0,19,1,0.000000,s19_p1
1779334147.0,19,4,0.000000,s19_p4
1779334147.0,19,2,0.000000,s19_p2
1779334147.0,19,3,0.000000,s19_p3
1779334147.0,11,4,0.000000,s11_p4
1779334147.0,11,1,0.000000,s11_p1
1779334147.0,11,2,0.000000,s11_p2
1779334147.0,11,3,0.000000,s11_p3
1779334147.0,9,1,0.000000,s9_p1
1779334147.0,9,4,0.000000,s9_p4
1779334147.0,9,2,0.000000,s9_p2
1779334147.0,9,3,0.990991,s9_p3
1779334148.0,13,1,0.000000,s13_p1
1779334148.0,13,4,0.000000,s13_p4
1779334148.0,13,2,0.000000,s13_p2
1779334148.0,13,3,0.277612,s13_p3
1779334148.0,14,4,0.000000,s14_p4
1779334148.0,14,1,0.057897,s14_p1
1779334148.0,14,2,0.142330,s14_p2
1779334148.0,14,3,0.000000,s14_p3
1779334148.0,8,4,0.000000,s8_p4
1779334148.0,8,1,0.012071,s8_p1
1779334148.0,8,2,0.048283,s8_p2
1779334148.0,8,3,0.000000,s8_p3
1779334148.0,4,1,0.000000,s4_p1
1779334148.0,4,4,0.214841,s4_p4
1779334148.0,4,2,0.000000,s4_p2
1779334148.0,4,3,0.000000,s4_p3
1779334148.0,1,4,0.000000,s1_p4
1779334148.0,1,1,0.000000,s1_p1
1779334148.0,1,2,0.000000,s1_p2
1779334148.0,1,3,0.137467,s1_p3
1779334148.0,19,1,0.000000,s19_p1
1779334148.0,19,4,0.000000,s19_p4
1779334148.0,19,2,0.000000,s19_p2
1779334148.0,19,3,0.000000,s19_p3
1779334148.0,6,1,0.000000,s6_p1
1779334148.0,6,4,0.000000,s6_p4
1779334148.0,6,2,0.142305,s6_p2
1779334148.0,6,3,0.055475,s6_p3
1779334148.0,3,4,0.000000,s3_p4
1779334148.0,3,1,0.050645,s3_p1
1779334148.0,3,2,0.000000,s3_p2
1779334148.0,3,3,0.000000,s3_p3
1779334148.0,15,4,0.000000,s15_p4
1779334148.0,15,1,0.139872,s15_p1
1779334148.0,15,2,0.060290,s15_p2
1779334148.0,15,3,0.000000,s15_p3
1779334148.0,11,4,0.000000,s11_p4
1779334148.0,11,1,0.000000,s11_p1
1779334148.0,11,2,0.000000,s11_p2
1779334148.0,11,3,0.000000,s11_p3
1779334148.0,16,1,0.000000,s16_p1
1779334148.0,16,4,0.000000,s16_p4
1779334148.0,16,2,0.000000,s16_p2
1779334148.0,16,3,0.000000,s16_p3
1779334148.0,2,1,0.000000,s2_p1
1779334148.0,2,4,0.000000,s2_p4
1779334148.0,2,2,0.000000,s2_p2
1779334148.0,2,3,0.325814,s2_p3
1779334148.0,7,1,0.067517,s7_p1
1779334148.0,7,4,0.000000,s7_p4
1779334148.0,7,2,0.072339,s7_p2
1779334148.0,7,3,0.000000,s7_p3
1779334148.0,17,4,1.000000,s17_p4
1779334148.0,17,1,0.000000,s17_p1
1779334148.0,17,2,0.000000,s17_p2
1779334148.0,17,3,0.000000,s17_p3
1779334148.0,12,4,1.000000,s12_p4
1779334148.0,12,1,0.000000,s12_p1
1779334148.0,12,2,0.000000,s12_p2
1779334148.0,12,3,0.000000,s12_p3
1779334148.0,5,4,0.000000,s5_p4
1779334148.0,5,1,0.057910,s5_p1
1779334148.0,5,2,0.000000,s5_p2
1779334148.0,5,3,0.000000,s5_p3
1779334148.0,10,4,0.000000,s10_p4
1779334148.0,10,1,0.000000,s10_p1
1779334148.0,10,2,0.000000,s10_p2
1779334148.0,10,3,0.000000,s10_p3
1779334148.0,18,4,0.000000,s18_p4
1779334148.0,18,1,0.000000,s18_p1
1779334148.0,18,2,0.000000,s18_p2
1779334148.0,18,3,0.000000,s18_p3
1779334148.0,20,1,0.000000,s20_p1
1779334148.0,20,4,0.000000,s20_p4
1779334148.0,20,2,0.000000,s20_p2
1779334148.0,20,3,1.000000,s20_p3
1779334148.0,9,1,0.000000,s9_p1
1779334148.0,9,4,0.000000,s9_p4
1779334148.0,9,2,0.000000,s9_p2
1779334148.0,9,3,1.000000,s9_p3
1779334148.0,14,4,0.000000,s14_p4
1779334148.0,14,1,0.053261,s14_p1
1779334148.0,14,2,0.147680,s14_p2
1779334148.0,14,3,0.000000,s14_p3
1779334148.0,1,4,0.000000,s1_p4
1779334148.0,1,1,0.000000,s1_p1
1779334148.0,1,2,0.000000,s1_p2
1779334148.0,1,3,0.137983,s1_p3
1779334148.0,15,4,0.000000,s15_p4
1779334148.0,15,1,0.157344,s15_p1
1779334148.0,15,2,0.043572,s15_p2
1779334148.0,15,3,0.000000,s15_p3
1779334148.0,10,4,0.000000,s10_p4
1779334148.0,10,1,0.000000,s10_p1
1779334148.0,10,2,0.000000,s10_p2
1779334148.0,10,3,0.000000,s10_p3
1779334148.0,20,1,0.000000,s20_p1
1779334148.0,20,4,0.000000,s20_p4
1779334148.0,20,2,0.000000,s20_p2
1779334148.0,20,3,1.000000,s20_p3
1779334148.0,6,1,0.000000,s6_p1
1779334148.0,6,4,0.000000,s6_p4
1779334148.0,6,2,0.147515,s6_p2
1779334148.0,6,3,0.055621,s6_p3
1779334148.0,13,1,0.009670,s13_p1
1779334148.0,13,4,0.000000,s13_p4
1779334148.0,13,2,0.000000,s13_p2
1779334148.0,13,3,0.278025,s13_p3
1779334148.0,7,1,0.079874,s7_p1
1779334148.0,7,4,0.000000,s7_p4
1779334148.0,7,2,0.077453,s7_p2
1779334148.0,7,3,0.000000,s7_p3
1779334148.0,8,4,0.000000,s8_p4
1779334148.0,8,1,0.004835,s8_p1
1779334148.0,8,2,0.038684,s8_p2
1779334148.0,8,3,0.000000,s8_p3
1779334148.0,3,4,0.000000,s3_p4
1779334148.0,3,1,0.053235,s3_p1
1779334148.0,3,2,0.000000,s3_p2
1779334148.0,3,3,0.000000,s3_p3
1779334148.0,4,1,0.000000,s4_p1
1779334148.0,4,4,0.215175,s4_p4
1779334148.0,4,2,0.000000,s4_p2
1779334148.0,4,3,0.000000,s4_p3
1779334148.0,2,1,0.000000,s2_p1
1779334148.0,2,4,0.000000,s2_p4
1779334148.0,2,2,0.000000,s2_p2
1779334148.0,2,3,0.328912,s2_p3
1779334148.0,11,4,0.000000,s11_p4
1779334148.0,11,1,0.000000,s11_p1
1779334148.0,11,2,0.000000,s11_p2
1779334148.0,11,3,0.000000,s11_p3
1779334148.0,9,1,0.000000,s9_p1
1779334148.0,9,4,0.000000,s9_p4
1779334148.0,9,2,0.000000,s9_p2
1779334148.0,9,3,1.000000,s9_p3
1779334148.0,17,4,1.000000,s17_p4
1779334148.0,17,1,0.000000,s17_p1
1779334148.0,17,2,0.000000,s17_p2
1779334148.0,17,3,0.048368,s17_p3
1779334148.0,16,1,0.000000,s16_p1
1779334148.0,16,4,0.000000,s16_p4
1779334148.0,16,2,0.000000,s16_p2
1779334148.0,16,3,0.000000,s16_p3
1779334148.0,18,4,0.000000,s18_p4
1779334148.0,18,1,0.000000,s18_p1
1779334148.0,18,2,0.000000,s18_p2
1779334148.0,18,3,0.000000,s18_p3
1779334148.0,12,4,0.991471,s12_p4
1779334148.0,12,1,0.000000,s12_p1
1779334148.0,12,2,0.000000,s12_p2
1779334148.0,12,3,0.000000,s12_p3
1779334148.0,5,4,0.000000,s5_p4
1779334148.0,5,1,0.053199,s5_p1
1779334148.0,5,2,0.009673,s5_p2
1779334148.0,5,3,0.000000,s5_p3
1779334148.0,19,1,0.000000,s19_p1
1779334148.0,19,4,0.000000,s19_p4
1779334148.0,19,2,0.000000,s19_p2
1779334148.0,19,3,0.000000,s19_p3
1779334149.0,19,1,0.000000,s19_p1
1779334149.0,19,4,0.000000,s19_p4
1779334149.0,19,2,0.000000,s19_p2
1779334149.0,19,3,0.000000,s19_p3
1779334149.0,6,1,0.000000,s6_p1
1779334149.0,6,4,0.000000,s6_p4
1779334149.0,6,2,0.142579,s6_p2
1779334149.0,6,3,0.055582,s6_p3
1779334149.0,1,4,0.000000,s1_p4
1779334149.0,1,1,0.000000,s1_p1
1779334149.0,1,2,0.000000,s1_p2
1779334149.0,1,3,0.135169,s1_p3
1779334149.0,14,4,0.000000,s14_p4
1779334149.0,14,1,0.057918,s14_p1
1779334149.0,14,2,0.142381,s14_p2
1779334149.0,14,3,0.000000,s14_p3
1779334149.0,3,4,0.000000,s3_p4
1779334149.0,3,1,0.050708,s3_p1
1779334149.0,3,2,0.000000,s3_p2
1779334149.0,3,3,0.000000,s3_p3
1779334149.0,10,4,0.000000,s10_p4
1779334149.0,10,1,0.000000,s10_p1
1779334149.0,10,2,0.000000,s10_p2
1779334149.0,10,3,0.000000,s10_p3
1779334149.0,15,4,0.000000,s15_p4
1779334149.0,15,1,0.144821,s15_p1
1779334149.0,15,2,0.055515,s15_p2
1779334149.0,15,3,0.000000,s15_p3
1779334149.0,8,4,0.000000,s8_p4
1779334149.0,8,1,0.026557,s8_p1
1779334149.0,8,2,0.028972,s8_p2
1779334149.0,8,3,0.000000,s8_p3
1779334149.0,4,1,0.000000,s4_p1
1779334149.0,4,4,0.217181,s4_p4
1779334149.0,4,2,0.000000,s4_p2
1779334149.0,4,3,0.000000,s4_p3
1779334149.0,20,1,0.000000,s20_p1
1779334149.0,20,4,0.000000,s20_p4
1779334149.0,20,2,0.000000,s20_p2
1779334149.0,20,3,1.000000,s20_p3
1779334149.0,13,1,0.028950,s13_p1
1779334149.0,13,4,0.000000,s13_p4
1779334149.0,13,2,0.000000,s13_p2
1779334149.0,13,3,0.277436,s13_p3
1779334149.0,18,4,0.000000,s18_p4
1779334149.0,18,1,0.000000,s18_p1
1779334149.0,18,2,0.000000,s18_p2
1779334149.0,18,3,0.000000,s18_p3
1779334149.0,7,1,0.069965,s7_p1
1779334149.0,7,4,0.000000,s7_p4
1779334149.0,7,2,0.074790,s7_p2
1779334149.0,7,3,0.000000,s7_p3
1779334149.0,17,4,1.000000,s17_p4
1779334149.0,17,1,0.000000,s17_p1
1779334149.0,17,2,0.000000,s17_p2
1779334149.0,17,3,0.144876,s17_p3
1779334149.0,12,4,1.000000,s12_p4
1779334149.0,12,1,0.000000,s12_p1
1779334149.0,12,2,0.000000,s12_p2
1779334149.0,12,3,0.000000,s12_p3
1779334149.0,11,4,0.000000,s11_p4
1779334149.0,11,1,0.000000,s11_p1
1779334149.0,11,2,0.000000,s11_p2
1779334149.0,11,3,0.000000,s11_p3
1779334149.0,9,1,0.000000,s9_p1
1779334149.0,9,4,0.000000,s9_p4
1779334149.0,9,2,0.000000,s9_p2
1779334149.0,9,3,1.000000,s9_p3
1779334149.0,2,1,0.000000,s2_p1
1779334149.0,2,4,0.000000,s2_p4
1779334149.0,2,2,0.000000,s2_p2
1779334149.0,2,3,0.325742,s2_p3
1779334149.0,5,4,0.000000,s5_p4
1779334149.0,5,1,0.057924,s5_p1
1779334149.0,5,2,0.028962,s5_p2
1779334149.0,5,3,0.000000,s5_p3
1779334149.0,16,1,0.000000,s16_p1
1779334149.0,16,4,0.000000,s16_p4
1779334149.0,16,2,0.000000,s16_p2
1779334149.0,16,3,0.000000,s16_p3
1779334149.0,19,1,0.000000,s19_p1
1779334149.0,19,4,0.000000,s19_p4
1779334149.0,19,2,0.000000,s19_p2
1779334149.0,19,3,0.000000,s19_p3
1779334149.0,3,4,0.000000,s3_p4
1779334149.0,3,1,0.053156,s3_p1
1779334149.0,3,2,0.000000,s3_p2
1779334149.0,3,3,0.000000,s3_p3
1779334149.0,14,4,0.000000,s14_p4
1779334149.0,14,1,0.060352,s14_p1
1779334149.0,14,2,0.140017,s14_p2
1779334149.0,14,3,0.000000,s14_p3
1779334149.0,6,1,0.000000,s6_p1
1779334149.0,6,4,0.000000,s6_p4
1779334149.0,6,2,0.139990,s6_p2
1779334149.0,6,3,0.053100,s6_p3
1779334149.0,1,4,0.000000,s1_p4
1779334149.0,1,1,0.000000,s1_p1
1779334149.0,1,2,0.000000,s1_p2
1779334149.0,1,3,0.137590,s1_p3
1779334149.0,7,1,0.065258,s7_p1
1779334149.0,7,4,0.000000,s7_p4
1779334149.0,7,2,0.065258,s7_p2
1779334149.0,7,3,0.000000,s7_p3
1779334149.0,15,4,0.000000,s15_p4
1779334149.0,15,1,0.130417,s15_p1
1779334149.0,15,2,0.067624,s15_p2
1779334149.0,15,3,0.000000,s15_p3
1779334149.0,10,4,0.000000,s10_p4
1779334149.0,10,1,0.000000,s10_p1
1779334149.0,10,2,0.000000,s10_p2
1779334149.0,10,3,0.000000,s10_p3
1779334149.0,8,4,0.000000,s8_p4
1779334149.0,8,1,0.033799,s8_p1
1779334149.0,8,2,0.033799,s8_p2
1779334149.0,8,3,0.000000,s8_p3
1779334149.0,20,1,0.000000,s20_p1
1779334149.0,20,4,0.000000,s20_p4
1779334149.0,20,2,0.000000,s20_p2
1779334149.0,20,3,1.000000,s20_p3
1779334149.0,5,4,0.000000,s5_p4
1779334149.0,5,1,0.060428,s5_p1
1779334149.0,5,2,0.021754,s5_p2
1779334149.0,5,3,0.000000,s5_p3
1779334149.0,4,1,0.000000,s4_p1
1779334149.0,4,4,0.214952,s4_p4
1779334149.0,4,2,0.000000,s4_p2
1779334149.0,4,3,0.000000,s4_p3
1779334149.0,13,1,0.021739,s13_p1
1779334149.0,13,4,0.000000,s13_p4
1779334149.0,13,2,0.000000,s13_p2
1779334149.0,13,3,0.265695,s13_p3
1779334149.0,18,4,0.000000,s18_p4
1779334149.0,18,1,0.000000,s18_p1
1779334149.0,18,2,0.000000,s18_p2
1779334149.0,18,3,0.000000,s18_p3
1779334149.0,12,4,1.000000,s12_p4
1779334149.0,12,1,0.000000,s12_p1
1779334149.0,12,2,0.000000,s12_p2
1779334149.0,12,3,0.000000,s12_p3
1779334149.0,17,4,1.000000,s17_p4
1779334149.0,17,1,0.000000,s17_p1
1779334149.0,17,2,0.000000,s17_p2
1779334149.0,17,3,0.108653,s17_p3
1779334149.0,11,4,0.000000,s11_p4
1779334149.0,11,1,0.000000,s11_p1
1779334149.0,11,2,0.000000,s11_p2
1779334149.0,11,3,0.000000,s11_p3
1779334149.0,16,1,0.000000,s16_p1
1779334149.0,16,4,0.000000,s16_p4
1779334149.0,16,2,0.000000,s16_p2
1779334149.0,16,3,0.000000,s16_p3
1779334149.0,9,1,0.000000,s9_p1
1779334149.0,9,4,0.000000,s9_p4
1779334149.0,9,2,0.000000,s9_p2
1779334149.0,9,3,1.000000,s9_p3
1779334149.0,2,1,0.000000,s2_p1
1779334149.0,2,4,0.000000,s2_p4
1779334149.0,2,2,0.000000,s2_p2
1779334149.0,2,3,0.326021,s2_p3
1779334150.0,6,1,0.000000,s6_p1
1779334150.0,6,4,0.000000,s6_p4
1779334150.0,6,2,0.142684,s6_p2
1779334150.0,6,3,0.055622,s6_p3
1779334150.0,1,4,0.000000,s1_p4
1779334150.0,1,1,0.000000,s1_p1
1779334150.0,1,2,0.000000,s1_p2
1779334150.0,1,3,0.135359,s1_p3
1779334150.0,14,4,0.000000,s14_p4
1779334150.0,14,1,0.055586,s14_p1
1779334150.0,14,2,0.142590,s14_p2
1779334150.0,14,3,0.000000,s14_p3
1779334150.0,3,4,0.000000,s3_p4
1779334150.0,3,1,0.050747,s3_p1
1779334150.0,3,2,0.000000,s3_p2
1779334150.0,3,3,0.000000,s3_p3
1779334150.0,10,4,0.000000,s10_p4
1779334150.0,10,1,0.000000,s10_p1
1779334150.0,10,2,0.000000,s10_p2
1779334150.0,10,3,0.000000,s10_p3
1779334150.0,15,4,0.000000,s15_p4
1779334150.0,15,1,0.157089,s15_p1
1779334150.0,15,2,0.043501,s15_p2
1779334150.0,15,3,0.000000,s15_p3
1779334150.0,8,4,0.000000,s8_p4
1779334150.0,8,1,0.019341,s8_p1
1779334150.0,8,2,0.024177,s8_p2
1779334150.0,8,3,0.000000,s8_p3
1779334150.0,7,1,0.070057,s7_p1
1779334150.0,7,4,0.000000,s7_p4
1779334150.0,7,2,0.086967,s7_p2
1779334150.0,7,3,0.000000,s7_p3
1779334150.0,13,1,0.014502,s13_p1
1779334150.0,13,4,0.000000,s13_p4
1779334150.0,13,2,0.000000,s13_p2
1779334150.0,13,3,0.277955,s13_p3
1779334150.0,20,1,0.000000,s20_p1
1779334150.0,20,4,0.000000,s20_p4
1779334150.0,20,2,0.000000,s20_p2
1779334150.0,20,3,0.990446,s20_p3
1779334150.0,4,1,0.000000,s4_p1
1779334150.0,4,4,0.214995,s4_p4
1779334150.0,4,2,0.000000,s4_p2
1779334150.0,4,3,0.000000,s4_p3
1779334150.0,17,4,0.990391,s17_p4
1779334150.0,17,1,0.000000,s17_p1
1779334150.0,17,2,0.000000,s17_p2
1779334150.0,17,3,0.072468,s17_p3
1779334150.0,12,4,1.000000,s12_p4
1779334150.0,12,1,0.000000,s12_p1
1779334150.0,12,2,0.000000,s12_p2
1779334150.0,12,3,0.000000,s12_p3
1779334150.0,5,4,0.000000,s5_p4
1779334150.0,5,1,0.055527,s5_p1
1779334150.0,5,2,0.014485,s5_p2
1779334150.0,5,3,0.000000,s5_p3
1779334150.0,18,4,0.000000,s18_p4
1779334150.0,18,1,0.000000,s18_p1
1779334150.0,18,2,0.000000,s18_p2
1779334150.0,18,3,0.000000,s18_p3
1779334150.0,2,1,0.000000,s2_p1
1779334150.0,2,4,0.000000,s2_p4
1779334150.0,2,2,0.000000,s2_p2
1779334150.0,2,3,0.326180,s2_p3
1779334150.0,11,4,0.000000,s11_p4
1779334150.0,11,1,0.000000,s11_p1
1779334150.0,11,2,0.000000,s11_p2
1779334150.0,11,3,0.000000,s11_p3
1779334150.0,9,1,0.000000,s9_p1
1779334150.0,9,4,0.000000,s9_p4
1779334150.0,9,2,0.000000,s9_p2
1779334150.0,9,3,0.990193,s9_p3
1779334150.0,16,1,0.000000,s16_p1
1779334150.0,16,4,0.000000,s16_p4
1779334150.0,16,2,0.000000,s16_p2
1779334150.0,16,3,0.000000,s16_p3
1779334150.0,19,1,0.000000,s19_p1
1779334150.0,19,4,0.000000,s19_p4
1779334150.0,19,2,0.000000,s19_p2
1779334150.0,19,3,0.000000,s19_p3
1779334150.0,3,4,0.000000,s3_p4
1779334150.0,3,1,0.053107,s3_p1
1779334150.0,3,2,0.000000,s3_p2
1779334150.0,3,3,0.000000,s3_p3
1779334150.0,19,1,0.000000,s19_p1
1779334150.0,19,4,0.000000,s19_p4
1779334150.0,19,2,0.000000,s19_p2
1779334150.0,19,3,0.000000,s19_p3
1779334150.0,6,1,0.000000,s6_p1
1779334150.0,6,4,0.000000,s6_p4
1779334150.0,6,2,0.144719,s6_p2
1779334150.0,6,3,0.055476,s6_p3
1779334150.0,14,4,0.000000,s14_p4
1779334150.0,14,1,0.055479,s14_p1
1779334150.0,14,2,0.144727,s14_p2
1779334150.0,14,3,0.000000,s14_p3
1779334150.0,15,4,0.000000,s15_p4
1779334150.0,15,1,0.144791,s15_p1
1779334150.0,15,2,0.055503,s15_p2
1779334150.0,15,3,0.000000,s15_p3
1779334150.0,10,4,0.000000,s10_p4
1779334150.0,10,1,0.000000,s10_p1
1779334150.0,10,2,0.000000,s10_p2
1779334150.0,10,3,0.000000,s10_p3
1779334150.0,1,4,0.000000,s1_p4
1779334150.0,1,1,0.000000,s1_p1
1779334150.0,1,2,0.000000,s1_p2
1779334150.0,1,3,0.139879,s1_p3
1779334150.0,7,1,0.065176,s7_p1
1779334150.0,7,4,0.000000,s7_p4
1779334150.0,7,2,0.079659,s7_p2
1779334150.0,7,3,0.000000,s7_p3
1779334150.0,13,1,0.000000,s13_p1
1779334150.0,13,4,0.000000,s13_p4
1779334150.0,13,2,0.000000,s13_p2
1779334150.0,13,3,0.277616,s13_p3
1779334150.0,8,4,0.000000,s8_p4
1779334150.0,8,1,0.012065,s8_p1
1779334150.0,8,2,0.043435,s8_p2
1779334150.0,8,3,0.000000,s8_p3
1779334150.0,20,1,0.000000,s20_p1
1779334150.0,20,4,0.000000,s20_p4
1779334150.0,20,2,0.000000,s20_p2
1779334150.0,20,3,1.000000,s20_p3
1779334150.0,4,1,0.000000,s4_p1
1779334150.0,4,4,0.217301,s4_p4
1779334150.0,4,2,0.000000,s4_p2
1779334150.0,4,3,0.000000,s4_p3
1779334150.0,12,4,1.000000,s12_p4
1779334150.0,12,1,0.000000,s12_p1
1779334150.0,12,2,0.000000,s12_p2
1779334150.0,12,3,0.000000,s12_p3
1779334150.0,18,4,0.000000,s18_p4
1779334150.0,18,1,0.000000,s18_p1
1779334150.0,18,2,0.000000,s18_p2
1779334150.0,18,3,0.000000,s18_p3
1779334150.0,5,4,0.000000,s5_p4
1779334150.0,5,1,0.055542,s5_p1
1779334150.0,5,2,0.000000,s5_p2
1779334150.0,5,3,0.000000,s5_p3
1779334150.0,16,1,0.000000,s16_p1
1779334150.0,16,4,0.000000,s16_p4
1779334150.0,16,2,0.000000,s16_p2
1779334150.0,16,3,0.000000,s16_p3
1779334150.0,17,4,1.000000,s17_p4
1779334150.0,17,1,0.000000,s17_p1
1779334150.0,17,2,0.000000,s17_p2
1779334150.0,17,3,0.000000,s17_p3
1779334150.0,2,1,0.000000,s2_p1
1779334150.0,2,4,0.000000,s2_p4
1779334150.0,2,2,0.000000,s2_p2
1779334150.0,2,3,0.328408,s2_p3
1779334150.0,9,1,0.000000,s9_p1
1779334150.0,9,4,0.000000,s9_p4
1779334150.0,9,2,0.000000,s9_p2
1779334150.0,9,3,1.000000,s9_p3
1779334150.0,11,4,0.000000,s11_p4
1779334150.0,11,1,0.000000,s11_p1
1779334150.0,11,2,0.000000,s11_p2
1779334150.0,11,3,0.000000,s11_p3
1779334151.0,19,1,0.000000,s19_p1
1779334151.0,19,4,0.000000,s19_p4
1779334151.0,19,2,0.000000,s19_p2
1779334151.0,19,3,0.000000,s19_p3
1779334151.0,14,4,0.000000,s14_p4
1779334151.0,14,1,0.058090,s14_p1
1779334151.0,14,2,0.142806,s14_p2
1779334151.0,14,3,0.000000,s14_p3
1779334151.0,6,1,0.000000,s6_p1
1779334151.0,6,4,0.000000,s6_p4
1779334151.0,6,2,0.142715,s6_p2
1779334151.0,6,3,0.055634,s6_p3
1779334151.0,1,4,0.000000,s1_p4
1779334151.0,1,1,0.000000,s1_p1
1779334151.0,1,2,0.000000,s1_p2
1779334151.0,1,3,0.135542,s1_p3
1779334151.0,15,4,0.000000,s15_p4
1779334151.0,15,1,0.159678,s15_p1
1779334151.0,15,2,0.041129,s15_p2
1779334151.0,15,3,0.000000,s15_p3
1779334151.0,13,1,0.000000,s13_p1
1779334151.0,13,4,0.000000,s13_p4
1779334151.0,13,2,0.000000,s13_p2
1779334151.0,13,3,0.278232,s13_p3
1779334151.0,10,4,0.000000,s10_p4
1779334151.0,10,1,0.000000,s10_p1
1779334151.0,10,2,0.000000,s10_p2
1779334151.0,10,3,0.000000,s10_p3
1779334151.0,3,4,0.000000,s3_p4
1779334151.0,3,1,0.050761,s3_p1
1779334151.0,3,2,0.000000,s3_p2
1779334151.0,3,3,0.000000,s3_p3
1779334151.0,8,4,0.000000,s8_p4
1779334151.0,8,1,0.007258,s8_p1
1779334151.0,8,2,0.033870,s8_p2
1779334151.0,8,3,0.000000,s8_p3
1779334151.0,4,1,0.000000,s4_p1
1779334151.0,4,4,0.215303,s4_p4
1779334151.0,4,2,0.000000,s4_p2
1779334151.0,4,3,0.000000,s4_p3
1779334151.0,7,1,0.082215,s7_p1
1779334151.0,7,4,0.000000,s7_p4
1779334151.0,7,2,0.077379,s7_p2
1779334151.0,7,3,0.000000,s7_p3
1779334151.0,20,1,0.000000,s20_p1
1779334151.0,20,4,0.000000,s20_p4
1779334151.0,20,2,0.000000,s20_p2
1779334151.0,20,3,1.000000,s20_p3
1779334151.0,18,4,0.000000,s18_p4
1779334151.0,18,1,0.000000,s18_p1
1779334151.0,18,2,0.000000,s18_p2
1779334151.0,18,3,0.000000,s18_p3
1779334151.0,5,4,0.000000,s5_p4
1779334151.0,5,1,0.058055,s5_p1
1779334151.0,5,2,0.000000,s5_p2
1779334151.0,5,3,0.000000,s5_p3
1779334151.0,17,4,1.000000,s17_p4
1779334151.0,17,1,0.000000,s17_p1
1779334151.0,17,2,0.000000,s17_p2
1779334151.0,17,3,0.000000,s17_p3
1779334151.0,12,4,0.991335,s12_p4
1779334151.0,12,1,0.000000,s12_p1
1779334151.0,12,2,0.000000,s12_p2
1779334151.0,12,3,0.000000,s12_p3
1779334151.0,16,1,0.000000,s16_p1
1779334151.0,16,4,0.000000,s16_p4
1779334151.0,16,2,0.000000,s16_p2
1779334151.0,16,3,0.000000,s16_p3
1779334151.0,2,1,0.000000,s2_p1
1779334151.0,2,4,0.000000,s2_p4
1779334151.0,2,2,0.000000,s2_p2
1779334151.0,2,3,0.326483,s2_p3
1779334151.0,11,4,0.000000,s11_p4
1779334151.0,11,1,0.000000,s11_p1
1779334151.0,11,2,0.000000,s11_p2
1779334151.0,11,3,0.000000,s11_p3
1779334151.0,9,1,0.000000,s9_p1
1779334151.0,9,4,0.000000,s9_p4
1779334151.0,9,2,0.000000,s9_p2
1779334151.0,9,3,1.000000,s9_p3
1779334151.0,14,4,0.000000,s14_p4
1779334151.0,14,1,0.055407,s14_p1
1779334151.0,14,2,0.144539,s14_p2
1779334151.0,14,3,0.000000,s14_p3
1779334151.0,11,4,0.000000,s11_p4
1779334151.0,11,1,0.000000,s11_p1
1779334151.0,11,2,0.000000,s11_p2
1779334151.0,11,3,0.000000,s11_p3
1779334151.0,9,1,0.000000,s9_p1
1779334151.0,9,4,0.000000,s9_p4
1779334151.0,9,2,0.000000,s9_p2
1779334151.0,9,3,1.000000,s9_p3
1779334151.0,19,1,0.000000,s19_p1
1779334151.0,19,4,0.000000,s19_p4
1779334151.0,19,2,0.000000,s19_p2
1779334151.0,19,3,0.000000,s19_p3
1779334151.0,1,4,0.000000,s1_p4
1779334151.0,1,1,0.000000,s1_p1
1779334151.0,1,2,0.000000,s1_p2
1779334151.0,1,3,0.137127,s1_p3
1779334151.0,4,1,0.000000,s4_p1
1779334151.0,4,4,0.214302,s4_p4
1779334151.0,4,2,0.000000,s4_p2
1779334151.0,4,3,0.000000,s4_p3
1779334151.0,3,4,0.000000,s3_p4
1779334151.0,3,1,0.050544,s3_p1
1779334151.0,3,2,0.000000,s3_p2
1779334151.0,3,3,0.000000,s3_p3
1779334151.0,6,1,0.000000,s6_p1
1779334151.0,6,4,0.000000,s6_p4
1779334151.0,6,2,0.144331,s6_p2
1779334151.0,6,3,0.055327,s6_p3
1779334151.0,17,4,0.999706,s17_p4
1779334151.0,17,1,0.000000,s17_p1
1779334151.0,17,2,0.000000,s17_p2
1779334151.0,17,3,0.168625,s17_p3
1779334151.0,16,1,0.000000,s16_p1
1779334151.0,16,4,0.000000,s16_p4
1779334151.0,16,2,0.000000,s16_p2
1779334151.0,16,3,0.000000,s16_p3
1779334151.0,7,1,0.067415,s7_p1
1779334151.0,7,4,0.000000,s7_p4
1779334151.0,7,2,0.057784,s7_p2
1779334151.0,7,3,0.000000,s7_p3
1779334151.0,20,1,0.000000,s20_p1
1779334151.0,20,4,0.000000,s20_p4
1779334151.0,20,2,0.000000,s20_p2
1779334151.0,20,3,0.999215,s20_p3
1779334151.0,8,4,0.000000,s8_p4
1779334151.0,8,1,0.028878,s8_p1
1779334151.0,8,2,0.045723,s8_p2
1779334151.0,8,3,0.000000,s8_p3
1779334151.0,12,4,0.999609,s12_p4
1779334151.0,12,1,0.000000,s12_p1
1779334151.0,12,2,0.000000,s12_p2
1779334151.0,12,3,0.000000,s12_p3
1779334151.0,10,4,0.000000,s10_p4
1779334151.0,10,1,0.000000,s10_p1
1779334151.0,10,2,0.000000,s10_p2
1779334151.0,10,3,0.000000,s10_p3
1779334151.0,13,1,0.033686,s13_p1
1779334151.0,13,4,0.000000,s13_p4
1779334151.0,13,2,0.000000,s13_p2
1779334151.0,13,3,0.276710,s13_p3
1779334151.0,2,1,0.000000,s2_p1
1779334151.0,2,4,0.000000,s2_p4
1779334151.0,2,2,0.000000,s2_p2
1779334151.0,2,3,0.327661,s2_p3
1779334151.0,18,4,0.000000,s18_p4
1779334151.0,18,1,0.000000,s18_p1
1779334151.0,18,2,0.000000,s18_p2
1779334151.0,18,3,0.000000,s18_p3
1779334151.0,15,4,0.000000,s15_p4
1779334151.0,15,1,0.125106,s15_p1
1779334151.0,15,2,0.074582,s15_p2
1779334151.0,15,3,0.000000,s15_p3
1779334151.0,5,4,0.000000,s5_p4
1779334151.0,5,1,0.055391,s5_p1
1779334151.0,5,2,0.033716,s5_p2
1779334151.0,5,3,0.000000,s5_p3
1779334152.0,3,4,0.000000,s3_p4
1779334152.0,3,1,0.053294,s3_p1
1779334152.0,3,2,0.000000,s3_p2
1779334152.0,3,3,0.000000,s3_p3
1779334152.0,8,4,0.000000,s8_p4
1779334152.0,8,1,0.033893,s8_p1
1779334152.0,8,2,0.029051,s8_p2
1779334152.0,8,3,0.000000,s8_p3
1779334152.0,10,4,0.000000,s10_p4
1779334152.0,10,1,0.000000,s10_p1
1779334152.0,10,2,0.000000,s10_p2
1779334152.0,10,3,0.000000,s10_p3
1779334152.0,14,4,0.000000,s14_p4
1779334152.0,14,1,0.057998,s14_p1
1779334152.0,14,2,0.142577,s14_p2
1779334152.0,14,3,0.000000,s14_p3
1779334152.0,6,1,0.000000,s6_p1
1779334152.0,6,4,0.000000,s6_p4
1779334152.0,6,2,0.142790,s6_p2
1779334152.0,6,3,0.053244,s6_p3
1779334152.0,15,4,0.000000,s15_p4
1779334152.0,15,1,0.135562,s15_p1
1779334152.0,15,2,0.062940,s15_p2
1779334152.0,15,3,0.000000,s15_p3
1779334152.0,1,4,0.000000,s1_p4
1779334152.0,1,1,0.000000,s1_p1
1779334152.0,1,2,0.000000,s1_p2
1779334152.0,1,3,0.135516,s1_p3
1779334152.0,12,4,1.000000,s12_p4
1779334152.0,12,1,0.000000,s12_p1
1779334152.0,12,2,0.000000,s12_p2
1779334152.0,12,3,0.000000,s12_p3
1779334152.0,2,1,0.000000,s2_p1
1779334152.0,2,4,0.000000,s2_p4
1779334152.0,2,2,0.000000,s2_p2
1779334152.0,2,3,0.326552,s2_p3
1779334152.0,4,1,0.000000,s4_p1
1779334152.0,4,4,0.215220,s4_p4
1779334152.0,4,2,0.000000,s4_p2
1779334152.0,4,3,0.000000,s4_p3
1779334152.0,20,1,0.000000,s20_p1
1779334152.0,20,4,0.000000,s20_p4
1779334152.0,20,2,0.000000,s20_p2
1779334152.0,20,3,1.000000,s20_p3
1779334152.0,7,1,0.072553,s7_p1
1779334152.0,7,4,0.000000,s7_p4
1779334152.0,7,2,0.065298,s7_p2
1779334152.0,7,3,0.000000,s7_p3
1779334152.0,17,4,1.000000,s17_p4
1779334152.0,17,1,0.000000,s17_p1
1779334152.0,17,2,0.000000,s17_p2
1779334152.0,17,3,0.157186,s17_p3
1779334152.0,5,4,0.000000,s5_p4
1779334152.0,5,1,0.058051,s5_p1
1779334152.0,5,2,0.031444,s5_p2
1779334152.0,5,3,0.000000,s5_p3
1779334152.0,13,1,0.031441,s13_p1
1779334152.0,13,4,0.000000,s13_p4
1779334152.0,13,2,0.000000,s13_p2
1779334152.0,13,3,0.266038,s13_p3
1779334152.0,9,1,0.000000,s9_p1
1779334152.0,9,4,0.000000,s9_p4
1779334152.0,9,2,0.000000,s9_p2
1779334152.0,9,3,1.000000,s9_p3
1779334152.0,18,4,0.000000,s18_p4
1779334152.0,18,1,0.000000,s18_p1
1779334152.0,18,2,0.000000,s18_p2
1779334152.0,18,3,0.000000,s18_p3
1779334152.0,16,1,0.000000,s16_p1
1779334152.0,16,4,0.000000,s16_p4
1779334152.0,16,2,0.000000,s16_p2
1779334152.0,16,3,0.000000,s16_p3
1779334152.0,11,4,0.000000,s11_p4
1779334152.0,11,1,0.000000,s11_p1
1779334152.0,11,2,0.000000,s11_p2
1779334152.0,11,3,0.000000,s11_p3
1779334152.0,19,1,0.000000,s19_p1
1779334152.0,19,4,0.000000,s19_p4
1779334152.0,19,2,0.000000,s19_p2
1779334152.0,19,3,0.000000,s19_p3
1779334152.0,1,4,0.000000,s1_p4
1779334152.0,1,1,0.000000,s1_p1
1779334152.0,1,2,0.000000,s1_p2
1779334152.0,1,3,0.137865,s1_p3
1779334152.0,19,1,0.000000,s19_p1
1779334152.0,19,4,0.000000,s19_p4
1779334152.0,19,2,0.000000,s19_p2
1779334152.0,19,3,0.000000,s19_p3
1779334152.0,6,1,0.000000,s6_p1
1779334152.0,6,4,0.000000,s6_p4
1779334152.0,6,2,0.142672,s6_p2
1779334152.0,6,3,0.055618,s6_p3
1779334152.0,14,4,0.000000,s14_p4
1779334152.0,14,1,0.055615,s14_p1
1779334152.0,14,2,0.142665,s14_p2
1779334152.0,14,3,0.000000,s14_p3
1779334152.0,8,4,0.000000,s8_p4
1779334152.0,8,1,0.024169,s8_p1
1779334152.0,8,2,0.026586,s8_p2
1779334152.0,8,3,0.000000,s8_p3
1779334152.0,15,4,0.000000,s15_p4
1779334152.0,15,1,0.149868,s15_p1
1779334152.0,15,2,0.050762,s15_p2
1779334152.0,15,3,0.000000,s15_p3
1779334152.0,10,4,0.000000,s10_p4
1779334152.0,10,1,0.000000,s10_p1
1779334152.0,10,2,0.000000,s10_p2
1779334152.0,10,3,0.000000,s10_p3
1779334152.0,3,4,0.000000,s3_p4
1779334152.0,3,1,0.050709,s3_p1
1779334152.0,3,2,0.000000,s3_p2
1779334152.0,3,3,0.000000,s3_p3
1779334152.0,5,4,0.000000,s5_p4
1779334152.0,5,1,0.055608,s5_p1
1779334152.0,5,2,0.014506,s5_p2
1779334152.0,5,3,0.000000,s5_p3
1779334152.0,12,4,1.000000,s12_p4
1779334152.0,12,1,0.000000,s12_p1
1779334152.0,12,2,0.000000,s12_p2
1779334152.0,12,3,0.000000,s12_p3
1779334152.0,7,1,0.067687,s7_p1
1779334152.0,7,4,0.000000,s7_p4
1779334152.0,7,2,0.079774,s7_p2
1779334152.0,7,3,0.000000,s7_p3
1779334152.0,20,1,0.000000,s20_p1
1779334152.0,20,4,0.000000,s20_p4
1779334152.0,20,2,0.000000,s20_p2
1779334152.0,20,3,0.991087,s20_p3
1779334152.0,4,1,0.000000,s4_p1
1779334152.0,4,4,0.217542,s4_p4
1779334152.0,4,2,0.000000,s4_p2
1779334152.0,4,3,0.000000,s4_p3
1779334152.0,13,1,0.014504,s13_p1
1779334152.0,13,4,0.000000,s13_p4
1779334152.0,13,2,0.000000,s13_p2
1779334152.0,13,3,0.277986,s13_p3
1779334152.0,18,4,0.000000,s18_p4
1779334152.0,18,1,0.000000,s18_p1
1779334152.0,18,2,0.000000,s18_p2
1779334152.0,18,3,0.000000,s18_p3
1779334152.0,11,4,0.000000,s11_p4
1779334152.0,11,1,0.000000,s11_p1
1779334152.0,11,2,0.000000,s11_p2
1779334152.0,11,3,0.000000,s11_p3
1779334152.0,16,1,0.000000,s16_p1
1779334152.0,16,4,0.000000,s16_p4
1779334152.0,16,2,0.000000,s16_p2
1779334152.0,16,3,0.000000,s16_p3
1779334152.0,2,1,0.000000,s2_p1
1779334152.0,2,4,0.000000,s2_p4
1779334152.0,2,2,0.000000,s2_p2
1779334152.0,2,3,0.326114,s2_p3
1779334152.0,17,4,0.990492,s17_p4
1779334152.0,17,1,0.000000,s17_p1
1779334152.0,17,2,0.000000,s17_p2
1779334152.0,17,3,0.072475,s17_p3
1779334152.0,9,1,0.000000,s9_p1
1779334152.0,9,4,0.000000,s9_p4
1779334152.0,9,2,0.000000,s9_p2
1779334152.0,9,3,0.990838,s9_p3
1779334153.0,19,1,0.000000,s19_p1
1779334153.0,19,4,0.000000,s19_p4
1779334153.0,19,2,0.000000,s19_p2
1779334153.0,19,3,0.000000,s19_p3
1779334153.0,6,1,0.000000,s6_p1
1779334153.0,6,4,0.000000,s6_p4
1779334153.0,6,2,0.142629,s6_p2
1779334153.0,6,3,0.055601,s6_p3
1779334153.0,14,4,0.000000,s14_p4
1779334153.0,14,1,0.058016,s14_p1
1779334153.0,14,2,0.142623,s14_p2
1779334153.0,14,3,0.000000,s14_p3
1779334153.0,1,4,0.000000,s1_p4
1779334153.0,1,1,0.000000,s1_p1
1779334153.0,1,2,0.000000,s1_p2
1779334153.0,1,3,0.137753,s1_p3
1779334153.0,15,4,0.000000,s15_p4
1779334153.0,15,1,0.154719,s15_p1
1779334153.0,15,2,0.045932,s15_p2
1779334153.0,15,3,0.000000,s15_p3
1779334153.0,3,4,0.000000,s3_p4
1779334153.0,3,1,0.053185,s3_p1
1779334153.0,3,2,0.000000,s3_p2
1779334153.0,3,3,0.000000,s3_p3
1779334153.0,10,4,0.000000,s10_p4
1779334153.0,10,1,0.000000,s10_p1
1779334153.0,10,2,0.000000,s10_p2
1779334153.0,10,3,0.000000,s10_p3
1779334153.0,7,1,0.079807,s7_p1
1779334153.0,7,4,0.000000,s7_p4
1779334153.0,7,2,0.074970,s7_p2
1779334153.0,7,3,0.000000,s7_p3
1779334153.0,13,1,0.000000,s13_p1
1779334153.0,13,4,0.000000,s13_p4
1779334153.0,13,2,0.000000,s13_p2
1779334153.0,13,3,0.278133,s13_p3
1779334153.0,8,4,0.000000,s8_p4
1779334153.0,8,1,0.007249,s8_p1
1779334153.0,8,2,0.038661,s8_p2
1779334153.0,8,3,0.000000,s8_p3
1779334153.0,12,4,1.000000,s12_p4
1779334153.0,12,1,0.000000,s12_p1
1779334153.0,12,2,0.000000,s12_p2
1779334153.0,12,3,0.000000,s12_p3
1779334153.0,20,1,0.000000,s20_p1
1779334153.0,20,4,0.000000,s20_p4
1779334153.0,20,2,0.000000,s20_p2
1779334153.0,20,3,1.000000,s20_p3
1779334153.0,18,4,0.000000,s18_p4
1779334153.0,18,1,0.000000,s18_p1
1779334153.0,18,2,0.000000,s18_p2
1779334153.0,18,3,0.000000,s18_p3
1779334153.0,16,1,0.000000,s16_p1
1779334153.0,16,4,0.000000,s16_p4
1779334153.0,16,2,0.000000,s16_p2
1779334153.0,16,3,0.000000,s16_p3
1779334153.0,17,4,1.000000,s17_p4
1779334153.0,17,1,0.000000,s17_p1
1779334153.0,17,2,0.000000,s17_p2
1779334153.0,17,3,0.000000,s17_p3
1779334153.0,4,1,0.000000,s4_p1
1779334153.0,4,4,0.215045,s4_p4
1779334153.0,4,2,0.000000,s4_p2
1779334153.0,4,3,0.000000,s4_p3
1779334153.0,2,1,0.000000,s2_p1
1779334153.0,2,4,0.000000,s2_p4
1779334153.0,2,2,0.000000,s2_p2
1779334153.0,2,3,0.328792,s2_p3
1779334153.0,9,1,0.000000,s9_p1
1779334153.0,9,4,0.000000,s9_p4
1779334153.0,9,2,0.000000,s9_p2
1779334153.0,9,3,1.000000,s9_p3
1779334153.0,11,4,0.000000,s11_p4
1779334153.0,11,1,0.000000,s11_p1
1779334153.0,11,2,0.000000,s11_p2
1779334153.0,11,3,0.000000,s11_p3
1779334153.0,5,4,0.000000,s5_p4
1779334153.0,5,1,0.057961,s5_p1
1779334153.0,5,2,0.000000,s5_p2
1779334153.0,5,3,0.000000,s5_p3
1779334153.0,14,4,0.000000,s14_p4
1779334153.0,14,1,0.055529,s14_p1
1779334153.0,14,2,0.144858,s14_p2
1779334153.0,14,3,0.000000,s14_p3
1779334153.0,3,4,0.000000,s3_p4
1779334153.0,3,1,0.050712,s3_p1
1779334153.0,3,2,0.000000,s3_p2
1779334153.0,3,3,0.000000,s3_p3
1779334153.0,13,1,0.000000,s13_p1
1779334153.0,13,4,0.000000,s13_p4
1779334153.0,13,2,0.000000,s13_p2
1779334153.0,13,3,0.277797,s13_p3
1779334153.0,7,1,0.082123,s7_p1
1779334153.0,7,4,0.000000,s7_p4
1779334153.0,7,2,0.084539,s7_p2
1779334153.0,7,3,0.000000,s7_p3
1779334153.0,1,4,0.000000,s1_p4
1779334153.0,1,1,0.000000,s1_p1
1779334153.0,1,2,0.000000,s1_p2
1779334153.0,1,3,0.137589,s1_p3
1779334153.0,20,1,0.000000,s20_p1
1779334153.0,20,4,0.000000,s20_p4
1779334153.0,20,2,0.000000,s20_p2
1779334153.0,20,3,1.000000,s20_p3
1779334153.0,15,4,0.000000,s15_p4
1779334153.0,15,1,0.166593,s15_p1
1779334153.0,15,2,0.033801,s15_p2
1779334153.0,15,3,0.000000,s15_p3
1779334153.0,10,4,0.000000,s10_p4
1779334153.0,10,1,0.000000,s10_p1
1779334153.0,10,2,0.000000,s10_p2
1779334153.0,10,3,0.000000,s10_p3
1779334153.0,8,4,0.000000,s8_p4
1779334153.0,8,1,0.004831,s8_p1
1779334153.0,8,2,0.028984,s8_p2
1779334153.0,8,3,0.000000,s8_p3
1779334153.0,4,1,0.000000,s4_p1
1779334153.0,4,4,0.215150,s4_p4
1779334153.0,4,2,0.000000,s4_p2
1779334153.0,4,3,0.000000,s4_p3
1779334153.0,19,1,0.000000,s19_p1
1779334153.0,19,4,0.000000,s19_p4
1779334153.0,19,2,0.000000,s19_p2
1779334153.0,19,3,0.000000,s19_p3
1779334153.0,6,1,0.000000,s6_p1
1779334153.0,6,4,0.000000,s6_p4
1779334153.0,6,2,0.144793,s6_p2
1779334153.0,6,3,0.055504,s6_p3
1779334153.0,9,1,0.000000,s9_p1
1779334153.0,9,4,0.000000,s9_p4
1779334153.0,9,2,0.000000,s9_p2
1779334153.0,9,3,1.000000,s9_p3
1779334153.0,18,4,0.000000,s18_p4
1779334153.0,18,1,0.000000,s18_p1
1779334153.0,18,2,0.000000,s18_p2
1779334153.0,18,3,0.000000,s18_p3
1779334153.0,11,4,0.000000,s11_p4
1779334153.0,11,1,0.000000,s11_p1
1779334153.0,11,2,0.000000,s11_p2
1779334153.0,11,3,0.000000,s11_p3
1779334153.0,17,4,1.000000,s17_p4
1779334153.0,17,1,0.000000,s17_p1
1779334153.0,17,2,0.000000,s17_p2
1779334153.0,17,3,0.000000,s17_p3
1779334153.0,12,4,0.989761,s12_p4
1779334153.0,12,1,0.000000,s12_p1
1779334153.0,12,2,0.000000,s12_p2
1779334153.0,12,3,0.000000,s12_p3
1779334153.0,5,4,0.000000,s5_p4
1779334153.0,5,1,0.055574,s5_p1
1779334153.0,5,2,0.000000,s5_p2
1779334153.0,5,3,0.000000,s5_p3
1779334153.0,16,1,0.000000,s16_p1
1779334153.0,16,4,0.000000,s16_p4
1779334153.0,16,2,0.000000,s16_p2
1779334153.0,16,3,0.000000,s16_p3
1779334153.0,2,1,0.000000,s2_p1
1779334153.0,2,4,0.000000,s2_p4
1779334153.0,2,2,0.000000,s2_p2
1779334153.0,2,3,0.326068,s2_p3
1779334154.0,19,1,0.000000,s19_p1
1779334154.0,19,4,0.000000,s19_p4
1779334154.0,19,2,0.000000,s19_p2
1779334154.0,19,3,0.000000,s19_p3
1779334154.0,6,1,0.000000,s6_p1
1779334154.0,6,4,0.000000,s6_p4
1779334154.0,6,2,0.147413,s6_p2
1779334154.0,6,3,0.053165,s6_p3
1779334154.0,3,4,0.000000,s3_p4
1779334154.0,3,1,0.053126,s3_p1
1779334154.0,3,2,0.000000,s3_p2
1779334154.0,3,3,0.000000,s3_p3
1779334154.0,14,4,0.000000,s14_p4
1779334154.0,14,1,0.053115,s14_p1
1779334154.0,14,2,0.147274,s14_p2
1779334154.0,14,3,0.000000,s14_p3
1779334154.0,8,4,0.000000,s8_p4
1779334154.0,8,1,0.014490,s8_p1
1779334154.0,8,2,0.033810,s8_p2
1779334154.0,8,3,0.000000,s8_p3
1779334154.0,10,4,0.000000,s10_p4
1779334154.0,10,1,0.000000,s10_p1
1779334154.0,10,2,0.000000,s10_p2
1779334154.0,10,3,0.000000,s10_p3
1779334154.0,1,4,0.000000,s1_p4
1779334154.0,1,1,0.000000,s1_p1
1779334154.0,1,2,0.000000,s1_p2
1779334154.0,1,3,0.135225,s1_p3
1779334154.0,15,4,0.000000,s15_p4
1779334154.0,15,1,0.152131,s15_p1
1779334154.0,15,2,0.048296,s15_p2
1779334154.0,15,3,0.000000,s15_p3
1779334154.0,5,4,0.000000,s5_p4
1779334154.0,5,1,0.053149,s5_p1
1779334154.0,5,2,0.026575,s5_p2
1779334154.0,5,3,0.000000,s5_p3
1779334154.0,4,1,0.000000,s4_p1
1779334154.0,4,4,0.217240,s4_p4
1779334154.0,4,2,0.000000,s4_p2
1779334154.0,4,3,0.000000,s4_p3
1779334154.0,20,1,0.000000,s20_p1
1779334154.0,20,4,0.000000,s20_p4
1779334154.0,20,2,0.000000,s20_p2
1779334154.0,20,3,1.000000,s20_p3
1779334154.0,7,1,0.079641,s7_p1
1779334154.0,7,4,0.000000,s7_p4
1779334154.0,7,2,0.072401,s7_p2
1779334154.0,7,3,0.000000,s7_p3
1779334154.0,12,4,1.000000,s12_p4
1779334154.0,12,1,0.000000,s12_p1
1779334154.0,12,2,0.000000,s12_p2
1779334154.0,12,3,0.000000,s12_p3
1779334154.0,16,1,0.000000,s16_p1
1779334154.0,16,4,0.000000,s16_p4
1779334154.0,16,2,0.000000,s16_p2
1779334154.0,16,3,0.000000,s16_p3
1779334154.0,11,4,0.000000,s11_p4
1779334154.0,11,1,0.000000,s11_p1
1779334154.0,11,2,0.000000,s11_p2
1779334154.0,11,3,0.000000,s11_p3
1779334154.0,18,4,0.000000,s18_p4
1779334154.0,18,1,0.000000,s18_p1
1779334154.0,18,2,0.000000,s18_p2
1779334154.0,18,3,0.000000,s18_p3
1779334154.0,17,4,1.000000,s17_p4
1779334154.0,17,1,0.000000,s17_p1
1779334154.0,17,2,0.000000,s17_p2
1779334154.0,17,3,0.132747,s17_p3
1779334154.0,13,1,0.026524,s13_p1
1779334154.0,13,4,0.000000,s13_p4
1779334154.0,13,2,0.000000,s13_p2
1779334154.0,13,3,0.265245,s13_p3
1779334154.0,2,1,0.000000,s2_p1
1779334154.0,2,4,0.000000,s2_p4
1779334154.0,2,2,0.000000,s2_p2
1779334154.0,2,3,0.325860,s2_p3
1779334154.0,9,1,0.000000,s9_p1
1779334154.0,9,4,0.000000,s9_p4
1779334154.0,9,2,0.000000,s9_p2
1779334154.0,9,3,1.000000,s9_p3
1779334154.0,3,4,0.000000,s3_p4
1779334154.0,3,1,0.050694,s3_p1
1779334154.0,3,2,0.000000,s3_p2
1779334154.0,3,3,0.000000,s3_p3
1779334154.0,14,4,0.000000,s14_p4
1779334154.0,14,1,0.057897,s14_p1
1779334154.0,14,2,0.142329,s14_p2
1779334154.0,14,3,0.000000,s14_p3
1779334154.0,10,4,0.000000,s10_p4
1779334154.0,10,1,0.000000,s10_p1
1779334154.0,10,2,0.000000,s10_p2
1779334154.0,10,3,0.000000,s10_p3
1779334154.0,19,1,0.000000,s19_p1
1779334154.0,19,4,0.000000,s19_p4
1779334154.0,19,2,0.000000,s19_p2
1779334154.0,19,3,0.000000,s19_p3
1779334154.0,15,4,0.000000,s15_p4
1779334154.0,15,1,0.137495,s15_p1
1779334154.0,15,2,0.060305,s15_p2
1779334154.0,15,3,0.000000,s15_p3
1779334154.0,8,4,0.000000,s8_p4
1779334154.0,8,1,0.036180,s8_p1
1779334154.0,8,2,0.024120,s8_p2
1779334154.0,8,3,0.000000,s8_p3
1779334154.0,4,1,0.000000,s4_p1
1779334154.0,4,4,0.214628,s4_p4
1779334154.0,4,2,0.000000,s4_p2
1779334154.0,4,3,0.000000,s4_p3
1779334154.0,12,4,1.000000,s12_p4
1779334154.0,12,1,0.000000,s12_p1
1779334154.0,12,2,0.000000,s12_p2
1779334154.0,12,3,0.000000,s12_p3
1779334154.0,13,1,0.024133,s13_p1
1779334154.0,13,4,0.000000,s13_p4
1779334154.0,13,2,0.000000,s13_p2
1779334154.0,13,3,0.277531,s13_p3
1779334154.0,5,4,0.000000,s5_p4
1779334154.0,5,1,0.057865,s5_p1
1779334154.0,5,2,0.024110,s5_p2
1779334154.0,5,3,0.000000,s5_p3
1779334154.0,20,1,0.000000,s20_p1
1779334154.0,20,4,0.000000,s20_p4
1779334154.0,20,2,0.000000,s20_p2
1779334154.0,20,3,1.000000,s20_p3
1779334154.0,7,1,0.065100,s7_p1
1779334154.0,7,4,0.000000,s7_p4
1779334154.0,7,2,0.074744,s7_p2
1779334154.0,7,3,0.000000,s7_p3
1779334154.0,1,4,0.000000,s1_p4
1779334154.0,1,1,0.000000,s1_p1
1779334154.0,1,2,0.000000,s1_p2
1779334154.0,1,3,0.137353,s1_p3
1779334154.0,6,1,0.000000,s6_p1
1779334154.0,6,4,0.000000,s6_p4
1779334154.0,6,2,0.142075,s6_p2
1779334154.0,6,3,0.055385,s6_p3
1779334154.0,2,1,0.000000,s2_p1
1779334154.0,2,4,0.000000,s2_p4
1779334154.0,2,2,0.000000,s2_p2
1779334154.0,2,3,0.325578,s2_p3
1779334154.0,18,4,0.000000,s18_p4
1779334154.0,18,1,0.000000,s18_p1
1779334154.0,18,2,0.000000,s18_p2
1779334154.0,18,3,0.000000,s18_p3
1779334154.0,11,4,0.000000,s11_p4
1779334154.0,11,1,0.000000,s11_p1
1779334154.0,11,2,0.000000,s11_p2
1779334154.0,11,3,0.000000,s11_p3
1779334154.0,16,1,0.000000,s16_p1
1779334154.0,16,4,0.000000,s16_p4
1779334154.0,16,2,0.000000,s16_p2
1779334154.0,16,3,0.000000,s16_p3
1779334154.0,9,1,0.000000,s9_p1
1779334154.0,9,4,0.000000,s9_p4
1779334154.0,9,2,0.000000,s9_p2
1779334154.0,9,3,1.000000,s9_p3
1779334154.0,17,4,1.000000,s17_p4
1779334154.0,17,1,0.000000,s17_p1
1779334154.0,17,2,0.000000,s17_p2
1779334154.0,17,3,0.120554,s17_p3
1779334155.0,19,1,0.000000,s19_p1
1779334155.0,19,4,0.000000,s19_p4
1779334155.0,19,2,0.000000,s19_p2
1779334155.0,19,3,0.000000,s19_p3
1779334155.0,14,4,0.000000,s14_p4
1779334155.0,14,1,0.058016,s14_p1
1779334155.0,14,2,0.140206,s14_p2
1779334155.0,14,3,0.000000,s14_p3
1779334155.0,3,4,0.000000,s3_p4
1779334155.0,3,1,0.053137,s3_p1
1779334155.0,3,2,0.000000,s3_p2
1779334155.0,3,3,0.000000,s3_p3
1779334155.0,1,4,0.000000,s1_p4
1779334155.0,1,1,0.000000,s1_p1
1779334155.0,1,2,0.000000,s1_p2
1779334155.0,1,3,0.137899,s1_p3
1779334155.0,6,1,0.000000,s6_p1
1779334155.0,6,4,0.000000,s6_p4
1779334155.0,6,2,0.140318,s6_p2
1779334155.0,6,3,0.055643,s6_p3
1779334155.0,7,1,0.053203,s7_p1
1779334155.0,7,4,0.000000,s7_p4
1779334155.0,7,2,0.074967,s7_p2
1779334155.0,7,3,0.000000,s7_p3
1779334155.0,10,4,0.000000,s10_p4
1779334155.0,10,1,0.000000,s10_p1
1779334155.0,10,2,0.000000,s10_p2
1779334155.0,10,3,0.000000,s10_p3
1779334155.0,15,4,0.000000,s15_p4
1779334155.0,15,1,0.130444,s15_p1
1779334155.0,15,2,0.070053,s15_p2
1779334155.0,15,3,0.000000,s15_p3
1779334155.0,12,4,1.000000,s12_p4
1779334155.0,12,1,0.000000,s12_p1
1779334155.0,12,2,0.000000,s12_p2
1779334155.0,12,3,0.000000,s12_p3
1779334155.0,13,1,0.021750,s13_p1
1779334155.0,13,4,0.000000,s13_p4
1779334155.0,13,2,0.000000,s13_p2
1779334155.0,13,3,0.277914,s13_p3
1779334155.0,20,1,0.000000,s20_p1
1779334155.0,20,4,0.000000,s20_p4
1779334155.0,20,2,0.000000,s20_p2
1779334155.0,20,3,1.000000,s20_p3
1779334155.0,8,4,0.000000,s8_p4
1779334155.0,8,1,0.031388,s8_p1
1779334155.0,8,2,0.038631,s8_p2
1779334155.0,8,3,0.000000,s8_p3
1779334155.0,17,4,0.990969,s17_p4
1779334155.0,17,1,0.000000,s17_p1
1779334155.0,17,2,0.000000,s17_p2
1779334155.0,17,3,0.108765,s17_p3
1779334155.0,4,1,0.000000,s4_p1
1779334155.0,4,4,0.214880,s4_p4
1779334155.0,4,2,0.000000,s4_p2
1779334155.0,4,3,0.000000,s4_p3
1779334155.0,5,4,0.000000,s5_p4
1779334155.0,5,1,0.057952,s5_p1
1779334155.0,5,2,0.021732,s5_p2
1779334155.0,5,3,0.000000,s5_p3
1779334155.0,16,1,0.000000,s16_p1
1779334155.0,16,4,0.000000,s16_p4
1779334155.0,16,2,0.000000,s16_p2
1779334155.0,16,3,0.000000,s16_p3
1779334155.0,2,1,0.000000,s2_p1
1779334155.0,2,4,0.000000,s2_p4
1779334155.0,2,2,0.000000,s2_p2
1779334155.0,2,3,0.326188,s2_p3
1779334155.0,11,4,0.000000,s11_p4
1779334155.0,11,1,0.000000,s11_p1
1779334155.0,11,2,0.000000,s11_p2
1779334155.0,11,3,0.000000,s11_p3
1779334155.0,18,4,0.000000,s18_p4
1779334155.0,18,1,0.000000,s18_p1
1779334155.0,18,2,0.000000,s18_p2
1779334155.0,18,3,0.000000,s18_p3
1779334155.0,9,1,0.000000,s9_p1
1779334155.0,9,4,0.000000,s9_p4
1779334155.0,9,2,0.000000,s9_p2
1779334155.0,9,3,0.990609,s9_p3
1779334155.0,1,4,0.000000,s1_p4
1779334155.0,1,1,0.000000,s1_p1
1779334155.0,1,2,0.000000,s1_p2
1779334155.0,1,3,0.137640,s1_p3
1779334155.0,15,4,0.000000,s15_p4
1779334155.0,15,1,0.152058,s15_p1
1779334155.0,15,2,0.048272,s15_p2
1779334155.0,15,3,0.000000,s15_p3
1779334155.0,3,4,0.000000,s3_p4
1779334155.0,3,1,0.050639,s3_p1
1779334155.0,3,2,0.000000,s3_p2
1779334155.0,3,3,0.000000,s3_p3
1779334155.0,14,4,0.000000,s14_p4
1779334155.0,14,1,0.053043,s14_p1
1779334155.0,14,2,0.147074,s14_p2
1779334155.0,14,3,0.000000,s14_p3
1779334155.0,6,1,0.000000,s6_p1
1779334155.0,6,4,0.000000,s6_p4
1779334155.0,6,2,0.147131,s6_p2
1779334155.0,6,3,0.055476,s6_p3
1779334155.0,10,4,0.000000,s10_p4
1779334155.0,10,1,0.000000,s10_p1
1779334155.0,10,2,0.000000,s10_p2
1779334155.0,10,3,0.000000,s10_p3
1779334155.0,8,4,0.000000,s8_p4
1779334155.0,8,1,0.012063,s8_p1
1779334155.0,8,2,0.036188,s8_p2
1779334155.0,8,3,0.000000,s8_p3
1779334155.0,13,1,0.000000,s13_p1
1779334155.0,13,4,0.000000,s13_p4
1779334155.0,13,2,0.000000,s13_p2
1779334155.0,13,3,0.277397,s13_p3
1779334155.0,20,1,0.000000,s20_p1
1779334155.0,20,4,0.000000,s20_p4
1779334155.0,20,2,0.000000,s20_p2
1779334155.0,20,3,0.988982,s20_p3
1779334155.0,4,1,0.000000,s4_p1
1779334155.0,4,4,0.217258,s4_p4
1779334155.0,4,2,0.000000,s4_p2
1779334155.0,4,3,0.000000,s4_p3
1779334155.0,7,1,0.079550,s7_p1
1779334155.0,7,4,0.000000,s7_p4
1779334155.0,7,2,0.072318,s7_p2
1779334155.0,7,3,0.000000,s7_p3
1779334155.0,12,4,1.000000,s12_p4
1779334155.0,12,1,0.000000,s12_p1
1779334155.0,12,2,0.000000,s12_p2
1779334155.0,12,3,0.000000,s12_p3
1779334155.0,5,4,0.000000,s5_p4
1779334155.0,5,1,0.053077,s5_p1
1779334155.0,5,2,0.000000,s5_p2
1779334155.0,5,3,0.000000,s5_p3
1779334155.0,17,4,1.000000,s17_p4
1779334155.0,17,1,0.000000,s17_p1
1779334155.0,17,2,0.000000,s17_p2
1779334155.0,17,3,0.000000,s17_p3
1779334155.0,16,1,0.000000,s16_p1
1779334155.0,16,4,0.000000,s16_p4
1779334155.0,16,2,0.000000,s16_p2
1779334155.0,16,3,0.000000,s16_p3
1779334155.0,2,1,0.000000,s2_p1
1779334155.0,2,4,0.000000,s2_p4
1779334155.0,2,2,0.000000,s2_p2
1779334155.0,2,3,0.328101,s2_p3
1779334155.0,18,4,0.000000,s18_p4
1779334155.0,18,1,0.000000,s18_p1
1779334155.0,18,2,0.000000,s18_p2
1779334155.0,18,3,0.000000,s18_p3
1779334155.0,11,4,0.000000,s11_p4
1779334155.0,11,1,0.000000,s11_p1
1779334155.0,11,2,0.000000,s11_p2
1779334155.0,11,3,0.000000,s11_p3
1779334155.0,9,1,0.000000,s9_p1
1779334155.0,9,4,0.000000,s9_p4
1779334155.0,9,2,0.000000,s9_p2
1779334155.0,9,3,1.000000,s9_p3
1779334155.0,19,1,0.000000,s19_p1
1779334155.0,19,4,0.000000,s19_p4
1779334155.0,19,2,0.000000,s19_p2
1779334155.0,19,3,0.000000,s19_p3
1779334155.0,14,4,0.000000,s14_p4
1779334155.0,14,1,0.241253,s14_p1
1779334155.0,14,2,0.841124,s14_p2
1779334155.0,14,3,0.000000,s14_p3
1779334155.0,3,4,0.625616,s3_p4
1779334155.0,3,1,0.052135,s3_p1
1779334155.0,3,2,0.501797,s3_p2
1779334155.0,3,3,0.000000,s3_p3
1779334155.0,6,1,0.567045,s6_p1
1779334155.0,6,4,0.000000,s6_p4
1779334155.0,6,2,0.840791,s6_p2
1779334155.0,6,3,0.052142,s6_p3
1779334155.0,19,1,0.000000,s19_p1
1779334155.0,19,4,0.000000,s19_p4
1779334155.0,19,2,0.000000,s19_p2
1779334155.0,19,3,0.000000,s19_p3
1779334155.0,8,4,0.508437,s8_p4
1779334155.0,8,1,0.019555,s8_p1
1779334155.0,8,2,0.110813,s8_p2
1779334155.0,8,3,0.175997,s8_p3
1779334155.0,4,1,0.332488,s4_p1
1779334155.0,4,4,0.208620,s4_p4
1779334155.0,4,2,0.501992,s4_p2
1779334155.0,4,3,0.000000,s4_p3
1779334155.0,13,1,0.000000,s13_p1
1779334155.0,13,4,0.000000,s13_p4
1779334155.0,13,2,0.567054,s13_p2
1779334155.0,13,3,1.000000,s13_p3
1779334155.0,10,4,1.000000,s10_p4
1779334155.0,10,1,0.000000,s10_p1
1779334155.0,10,2,0.000000,s10_p2
1779334155.0,10,3,0.000000,s10_p3
1779334155.0,1,4,0.330522,s1_p4
1779334155.0,1,1,0.000000,s1_p1
1779334155.0,1,2,0.000000,s1_p2
1779334155.0,1,3,0.641602,s1_p3
1779334155.0,7,1,0.228090,s7_p1
1779334155.0,7,4,0.130337,s7_p4
1779334155.0,7,2,0.234606,s7_p2
1779334155.0,7,3,0.566966,s7_p3
1779334155.0,15,4,0.000000,s15_p4
1779334155.0,15,1,0.461255,s15_p1
1779334155.0,15,2,0.129931,s15_p2
1779334155.0,15,3,1.000000,s15_p3
1779334155.0,2,1,0.175868,s2_p1
1779334155.0,2,4,0.000000,s2_p4
1779334155.0,2,2,0.468982,s2_p2
1779334155.0,2,3,0.325682,s2_p3
1779334155.0,17,4,1.000000,s17_p4
1779334155.0,17,1,1.000000,s17_p1
1779334155.0,17,2,1.000000,s17_p2
1779334155.0,17,3,1.000000,s17_p3
1779334155.0,16,1,0.000000,s16_p1
1779334155.0,16,4,1.000000,s16_p4
1779334155.0,16,2,0.000000,s16_p2
1779334155.0,16,3,0.000000,s16_p3
1779334155.0,5,4,0.000000,s5_p4
1779334155.0,5,1,0.240865,s5_p1
1779334155.0,5,2,0.000000,s5_p2
1779334155.0,5,3,0.468710,s5_p3
1779334155.0,20,1,0.000000,s20_p1
1779334155.0,20,4,0.000000,s20_p4
1779334155.0,20,2,1.000000,s20_p2
1779334155.0,20,3,1.000000,s20_p3
1779334155.0,9,1,0.000000,s9_p1
1779334155.0,9,4,0.000000,s9_p4
1779334155.0,9,2,0.651707,s9_p2
1779334155.0,9,3,1.000000,s9_p3
1779334155.0,18,4,0.000000,s18_p4
1779334155.0,18,1,0.000000,s18_p1
1779334155.0,18,2,0.000000,s18_p2
1779334155.0,18,3,0.000000,s18_p3
1779334155.0,12,4,1.000000,s12_p4
1779334155.0,12,1,0.000000,s12_p1
1779334155.0,12,2,0.832980,s12_p2
1779334155.0,12,3,0.000000,s12_p3
1779334155.0,11,4,0.000000,s11_p4
1779334155.0,11,1,0.501650,s11_p1
1779334155.0,11,2,0.000000,s11_p2
1779334155.0,11,3,0.000000,s11_p3
1779334156.0,6,1,0.138083,s6_p1
1779334156.0,6,4,0.002447,s6_p4
1779334156.0,6,2,0.135394,s6_p2
1779334156.0,6,3,0.014506,s6_p3
1779334156.0,19,1,0.000000,s19_p1
1779334156.0,19,4,0.000000,s19_p4
1779334156.0,19,2,0.000000,s19_p2
1779334156.0,19,3,0.000000,s19_p3
1779334156.0,3,4,0.159485,s3_p4
1779334156.0,3,1,0.014499,s3_p1
1779334156.0,3,2,0.060683,s3_p2
1779334156.0,3,3,0.000000,s3_p3
1779334156.0,10,4,0.398020,s10_p4
1779334156.0,10,1,0.000000,s10_p1
1779334156.0,10,2,0.000000,s10_p2
1779334156.0,10,3,0.000000,s10_p3
1779334156.0,1,4,0.079290,s1_p4
1779334156.0,1,1,0.002447,s1_p1
1779334156.0,1,2,0.001903,s1_p2
1779334156.0,1,3,0.212305,s1_p3
1779334156.0,14,4,0.014938,s14_p4
1779334156.0,14,1,0.063754,s14_p1
1779334156.0,14,2,0.135273,s14_p2
1779334156.0,14,3,0.000000,s14_p3
1779334156.0,13,1,0.031739,s13_p1
1779334156.0,13,4,0.000000,s13_p4
1779334156.0,13,2,0.138049,s13_p2
1779334156.0,13,3,0.640688,s13_p3
1779334156.0,8,4,0.123254,s8_p4
1779334156.0,8,1,0.014500,s8_p1
1779334156.0,8,2,0.028483,s8_p2
1779334156.0,8,3,0.043259,s8_p3
1779334156.0,7,1,0.053496,s7_p1
1779334156.0,7,4,0.031424,s7_p4
1779334156.0,7,2,0.027856,s7_p2
1779334156.0,7,3,0.139686,s7_p3
1779334156.0,4,1,0.077336,s4_p1
1779334156.0,4,4,0.122691,s4_p4
1779334156.0,4,2,0.123752,s4_p2
1779334156.0,4,3,0.000316,s4_p3
1779334156.0,17,4,0.620425,s17_p4
1779334156.0,17,1,0.805145,s17_p1
1779334156.0,17,2,0.302295,s17_p2
1779334156.0,17,3,0.849369,s17_p3
1779334156.0,12,4,0.994802,s12_p4
1779334156.0,12,1,0.000000,s12_p1
1779334156.0,12,2,0.201318,s12_p2
1779334156.0,12,3,0.000000,s12_p3
1779334156.0,15,4,0.000000,s15_p4
1779334156.0,15,1,0.080995,s15_p1
1779334156.0,15,2,0.042971,s15_p2
1779334156.0,15,3,0.914314,s15_p3
1779334156.0,18,4,0.000000,s18_p4
1779334156.0,18,1,0.000000,s18_p1
1779334156.0,18,2,0.000000,s18_p2
1779334156.0,18,3,0.000000,s18_p3
1779334156.0,20,1,0.000000,s20_p1
1779334156.0,20,4,0.001583,s20_p4
1779334156.0,20,2,1.000000,s20_p2
1779334156.0,20,3,0.996263,s20_p3
1779334156.0,5,4,0.000544,s5_p4
1779334156.0,5,1,0.063170,s5_p1
1779334156.0,5,2,0.032377,s5_p2
1779334156.0,5,3,0.113649,s5_p3
1779334156.0,11,4,0.000000,s11_p4
1779334156.0,11,1,0.060439,s11_p1
1779334156.0,11,2,0.000000,s11_p2
1779334156.0,11,3,0.001583,s11_p3
1779334156.0,16,1,0.000317,s16_p1
1779334156.0,16,4,0.773494,s16_p4
1779334156.0,16,2,0.000000,s16_p2
1779334156.0,16,3,0.000000,s16_p3
1779334156.0,2,1,0.044862,s2_p1
1779334156.0,2,4,0.000316,s2_p4
1779334156.0,2,2,0.111718,s2_p2
1779334156.0,2,3,0.119692,s2_p3
1779334156.0,9,1,0.004348,s9_p1
1779334156.0,9,4,0.000000,s9_p4
1779334156.0,9,2,0.154168,s9_p2
1779334156.0,9,3,1.000000,s9_p3
1779334156.0,6,1,0.137747,s6_p1
1779334156.0,6,4,0.000000,s6_p4
1779334156.0,6,2,0.166228,s6_p2
1779334156.0,6,3,0.000000,s6_p3
1779334156.0,15,4,0.000000,s15_p4
1779334156.0,15,1,0.000000,s15_p1
1779334156.0,15,2,0.000000,s15_p2
1779334156.0,15,3,0.907120,s15_p3
1779334156.0,14,4,0.000000,s14_p4
1779334156.0,14,1,0.034463,s14_p1
1779334156.0,14,2,0.166215,s14_p2
1779334156.0,14,3,0.000000,s14_p3
1779334156.0,10,4,0.398651,s10_p4
1779334156.0,10,1,0.000000,s10_p1
1779334156.0,10,2,0.000000,s10_p2
1779334156.0,10,3,0.000000,s10_p3
1779334156.0,1,4,0.079728,s1_p4
1779334156.0,1,1,0.000000,s1_p1
1779334156.0,1,2,0.000000,s1_p2
1779334156.0,1,3,0.120801,s1_p3
1779334156.0,3,4,0.159427,s3_p4
1779334156.0,3,1,0.000000,s3_p1
1779334156.0,3,2,0.147350,s3_p2
1779334156.0,3,3,0.000000,s3_p3
1779334156.0,13,1,0.000000,s13_p1
1779334156.0,13,4,0.000000,s13_p4
1779334156.0,13,2,0.137698,s13_p2
1779334156.0,13,3,0.543543,s13_p3
1779334156.0,8,4,0.123202,s8_p4
1779334156.0,8,1,0.000000,s8_p1
1779334156.0,8,2,0.000000,s8_p2
1779334156.0,8,3,0.043483,s8_p3
1779334156.0,12,4,1.000000,s12_p4
1779334156.0,12,1,0.000000,s12_p1
1779334156.0,12,2,0.200605,s12_p2
1779334156.0,12,3,0.000000,s12_p3
1779334156.0,7,1,0.000000,s7_p1
1779334156.0,7,4,0.028988,s7_p4
1779334156.0,7,2,0.000000,s7_p2
1779334156.0,7,3,0.137693,s7_p3
1779334156.0,20,1,0.000000,s20_p1
1779334156.0,20,4,0.000000,s20_p4
1779334156.0,20,2,1.000000,s20_p2
1779334156.0,20,3,1.000000,s20_p3
1779334156.0,11,4,0.000000,s11_p4
1779334156.0,11,1,0.149844,s11_p1
1779334156.0,11,2,0.000000,s11_p2
1779334156.0,11,3,0.000000,s11_p3
1779334156.0,17,4,0.000000,s17_p4
1779334156.0,17,1,0.748800,s17_p1
1779334156.0,17,2,0.748800,s17_p2
1779334156.0,17,3,0.688413,s17_p3
1779334156.0,18,4,0.000000,s18_p4
1779334156.0,18,1,0.000000,s18_p1
1779334156.0,18,2,0.000000,s18_p2
1779334156.0,18,3,0.000000,s18_p3
1779334156.0,4,1,0.079699,s4_p1
1779334156.0,4,4,0.000000,s4_p4
1779334156.0,4,2,0.120755,s4_p2
1779334156.0,4,3,0.000000,s4_p3
1779334156.0,16,1,0.000000,s16_p1
1779334156.0,16,4,0.761163,s16_p4
1779334156.0,16,2,0.000000,s16_p2
1779334156.0,16,3,0.000000,s16_p3
1779334156.0,5,4,0.000000,s5_p4
1779334156.0,5,1,0.033825,s5_p1
1779334156.0,5,2,0.000633,s5_p2
1779334156.0,5,3,0.108724,s5_p3
1779334156.0,2,1,0.041077,s2_p1
1779334156.0,2,4,0.000000,s2_p4
1779334156.0,2,2,0.108734,s2_p2
1779334156.0,2,3,0.000000,s2_p3
1779334156.0,9,1,0.000000,s9_p1
1779334156.0,9,4,0.000000,s9_p4
1779334156.0,9,2,0.149796,s9_p2
1779334156.0,9,3,0.748980,s9_p3
1779334156.0,19,1,0.000000,s19_p1
1779334156.0,19,4,0.000000,s19_p4
1779334156.0,19,2,0.000000,s19_p2
1779334156.0,19,3,0.000000,s19_p3
1779334157.0,3,4,0.159171,s3_p4
1779334157.0,3,1,0.000000,s3_p1
1779334157.0,3,2,0.122996,s3_p2
1779334157.0,3,3,0.000000,s3_p3
1779334157.0,14,4,0.000000,s14_p4
1779334157.0,14,1,0.021697,s14_p1
1779334157.0,14,2,0.178400,s14_p2
1779334157.0,14,3,0.000000,s14_p3
1779334157.0,1,4,0.077148,s1_p4
1779334157.0,1,1,0.000000,s1_p1
1779334157.0,1,2,0.000000,s1_p2
1779334157.0,1,3,0.122955,s1_p3
1779334157.0,10,4,0.385707,s10_p4
1779334157.0,10,1,0.000000,s10_p1
1779334157.0,10,2,0.000000,s10_p2
1779334157.0,10,3,0.000000,s10_p3
1779334157.0,6,1,0.137291,s6_p1
1779334157.0,6,4,0.000000,s6_p4
1779334157.0,6,2,0.178238,s6_p2
1779334157.0,6,3,0.000000,s6_p3
1779334157.0,13,1,0.000000,s13_p1
1779334157.0,13,4,0.000000,s13_p4
1779334157.0,13,2,0.137388,s13_p2
1779334157.0,13,3,0.542319,s13_p3
1779334157.0,15,4,0.000000,s15_p4
1779334157.0,15,1,0.000000,s15_p1
1779334157.0,15,2,0.000000,s15_p2
1779334157.0,15,3,0.891077,s15_p3
1779334157.0,20,1,0.000000,s20_p1
1779334157.0,20,4,0.000000,s20_p4
1779334157.0,20,2,1.000000,s20_p2
1779334157.0,20,3,1.000000,s20_p3
1779334157.0,8,4,0.122906,s8_p4
1779334157.0,8,1,0.000000,s8_p1
1779334157.0,8,2,0.000000,s8_p2
1779334157.0,8,3,0.040969,s8_p3
1779334157.0,7,1,0.000000,s7_p1
1779334157.0,7,4,0.028920,s7_p4
1779334157.0,7,2,0.000000,s7_p2
1779334157.0,7,3,0.137368,s7_p3
1779334157.0,4,1,0.074755,s4_p1
1779334157.0,4,4,0.000000,s4_p4
1779334157.0,4,2,0.122984,s4_p2
1779334157.0,4,3,0.000000,s4_p3
1779334157.0,5,4,0.000000,s5_p4
1779334157.0,5,1,0.021703,s5_p1
1779334157.0,5,2,0.000000,s5_p2
1779334157.0,5,3,0.108514,s5_p3
1779334157.0,17,4,0.000000,s17_p4
1779334157.0,17,1,0.746852,s17_p1
1779334157.0,17,2,0.602300,s17_p2
1779334157.0,17,3,0.686622,s17_p3
1779334157.0,2,1,0.040962,s2_p1
1779334157.0,2,4,0.000000,s2_p4
1779334157.0,2,2,0.108428,s2_p2
1779334157.0,2,3,0.000000,s2_p3
1779334157.0,11,4,0.000000,s11_p4
1779334157.0,11,1,0.120434,s11_p1
1779334157.0,11,2,0.000000,s11_p2
1779334157.0,11,3,0.000000,s11_p3
1779334157.0,18,4,0.000000,s18_p4
1779334157.0,18,1,0.000000,s18_p1
1779334157.0,18,2,0.000000,s18_p2
1779334157.0,18,3,0.000000,s18_p3
1779334157.0,16,1,0.000000,s16_p1
1779334157.0,16,4,0.758852,s16_p4
1779334157.0,16,2,0.000000,s16_p2
1779334157.0,16,3,0.000000,s16_p3
1779334157.0,12,4,0.842539,s12_p4
1779334157.0,12,1,0.000000,s12_p1
1779334157.0,12,2,0.199802,s12_p2
1779334157.0,12,3,0.000000,s12_p3
1779334157.0,9,1,0.000000,s9_p1
1779334157.0,9,4,0.000000,s9_p4
1779334157.0,9,2,0.149396,s9_p2
1779334157.0,9,3,0.602404,s9_p3
1779334157.0,19,1,0.000000,s19_p1
1779334157.0,19,4,0.000000,s19_p4
1779334157.0,19,2,0.000000,s19_p2
1779334157.0,19,3,0.000000,s19_p3
1779334157.0,1,4,0.077467,s1_p4
1779334157.0,1,1,0.000000,s1_p1
1779334157.0,1,2,0.000000,s1_p2
1779334157.0,1,3,0.121043,s1_p3
1779334157.0,14,4,0.000000,s14_p4
1779334157.0,14,1,0.029029,s14_p1
1779334157.0,14,2,0.171757,s14_p2
1779334157.0,14,3,0.000000,s14_p3
1779334157.0,10,4,0.387056,s10_p4
1779334157.0,10,1,0.000000,s10_p1
1779334157.0,10,2,0.000000,s10_p2
1779334157.0,10,3,0.000000,s10_p3
1779334157.0,3,4,0.159602,s3_p4
1779334157.0,3,1,0.000000,s3_p1
1779334157.0,3,2,0.120910,s3_p2
1779334157.0,3,3,0.000000,s3_p3
1779334157.0,6,1,0.137882,s6_p1
1779334157.0,6,4,0.000000,s6_p4
1779334157.0,6,2,0.171748,s6_p2
1779334157.0,6,3,0.000000,s6_p3
1779334157.0,15,4,0.000000,s15_p4
1779334157.0,15,1,0.000000,s15_p1
1779334157.0,15,2,0.000000,s15_p2
1779334157.0,15,3,0.907213,s15_p3
1779334157.0,13,1,0.000000,s13_p1
1779334157.0,13,4,0.000000,s13_p4
1779334157.0,13,2,0.137871,s13_p2
1779334157.0,13,3,0.544226,s13_p3
1779334157.0,7,1,0.000000,s7_p1
1779334157.0,7,4,0.029032,s7_p4
1779334157.0,7,2,0.000000,s7_p2
1779334157.0,7,3,0.137902,s7_p3
1779334157.0,8,4,0.123379,s8_p4
1779334157.0,8,1,0.000000,s8_p1
1779334157.0,8,2,0.000000,s8_p2
1779334157.0,8,3,0.043546,s8_p3
1779334157.0,4,1,0.077418,s4_p1
1779334157.0,4,4,0.000000,s4_p4
1779334157.0,4,2,0.123385,s4_p2
1779334157.0,4,3,0.000000,s4_p3
1779334157.0,20,1,0.000000,s20_p1
1779334157.0,20,4,0.000000,s20_p4
1779334157.0,20,2,0.991761,s20_p2
1779334157.0,20,3,1.000000,s20_p3
1779334157.0,18,4,0.000000,s18_p4
1779334157.0,18,1,0.000000,s18_p1
1779334157.0,18,2,0.000000,s18_p2
1779334157.0,18,3,0.000000,s18_p3
1779334157.0,12,4,0.798641,s12_p4
1779334157.0,12,1,0.000000,s12_p1
1779334157.0,12,2,0.198450,s12_p2
1779334157.0,12,3,0.000000,s12_p3
1779334157.0,11,4,0.000000,s11_p4
1779334157.0,11,1,0.123411,s11_p1
1779334157.0,11,2,0.000000,s11_p2
1779334157.0,11,3,0.000000,s11_p3
1779334157.0,16,1,0.000000,s16_p1
1779334157.0,16,4,0.762274,s16_p4
1779334157.0,16,2,0.000000,s16_p2
1779334157.0,16,3,0.000000,s16_p3
1779334157.0,17,4,0.000000,s17_p4
1779334157.0,17,1,0.762098,s17_p1
1779334157.0,17,2,0.604840,s17_p2
1779334157.0,17,3,0.689517,s17_p3
1779334157.0,2,1,0.043551,s2_p1
1779334157.0,2,4,0.000000,s2_p4
1779334157.0,2,2,0.108878,s2_p2
1779334157.0,2,3,0.000000,s2_p3
1779334157.0,9,1,0.000000,s9_p1
1779334157.0,9,4,0.000000,s9_p4
1779334157.0,9,2,0.152457,s9_p2
1779334157.0,9,3,0.617088,s9_p3
1779334157.0,5,4,0.000000,s5_p4
1779334157.0,5,1,0.029009,s5_p1
1779334157.0,5,2,0.000000,s5_p2
1779334157.0,5,3,0.108782,s5_p3
1779334157.0,19,1,0.000000,s19_p1
1779334157.0,19,4,0.000000,s19_p4
1779334157.0,19,2,0.000000,s19_p2
1779334157.0,19,3,0.000000,s19_p3
1779334158.0,15,4,0.000000,s15_p4
1779334158.0,15,1,0.000000,s15_p1
1779334158.0,15,2,0.000000,s15_p2
1779334158.0,15,3,0.893066,s15_p3
1779334158.0,8,4,0.123090,s8_p4
1779334158.0,8,1,0.000000,s8_p1
1779334158.0,8,2,0.000000,s8_p2
1779334158.0,8,3,0.041030,s8_p3
1779334158.0,3,4,0.159145,s3_p4
1779334158.0,3,1,0.000000,s3_p1
1779334158.0,3,2,0.122976,s3_p2
1779334158.0,3,3,0.000000,s3_p3
1779334158.0,19,1,0.000000,s19_p1
1779334158.0,19,4,0.000000,s19_p4
1779334158.0,19,2,0.000000,s19_p2
1779334158.0,19,3,0.000000,s19_p3
1779334158.0,12,4,0.796997,s12_p4
1779334158.0,12,1,0.000000,s12_p1
1779334158.0,12,2,0.200457,s12_p2
1779334158.0,12,3,0.000000,s12_p3
1779334158.0,10,4,0.385760,s10_p4
1779334158.0,10,1,0.000000,s10_p1
1779334158.0,10,2,0.000000,s10_p2
1779334158.0,10,3,0.000000,s10_p3
1779334158.0,11,4,0.000000,s11_p4
1779334158.0,11,1,0.120642,s11_p1
1779334158.0,11,2,0.000000,s11_p2
1779334158.0,11,3,0.000000,s11_p3
1779334158.0,2,1,0.041018,s2_p1
1779334158.0,2,4,0.000000,s2_p4
1779334158.0,2,2,0.108577,s2_p2
1779334158.0,2,3,0.000000,s2_p3
1779334158.0,17,4,0.000000,s17_p4
1779334158.0,17,1,0.747936,s17_p1
1779334158.0,17,2,0.615238,s17_p2
1779334158.0,17,3,0.687618,s17_p3
1779334158.0,16,1,0.000000,s16_p1
1779334158.0,16,4,0.759967,s16_p4
1779334158.0,16,2,0.000000,s16_p2
1779334158.0,16,3,0.000000,s16_p3
1779334158.0,20,1,0.000000,s20_p1
1779334158.0,20,4,0.000000,s20_p4
1779334158.0,20,2,1.000000,s20_p2
1779334158.0,20,3,0.988405,s20_p3
1779334158.0,14,4,0.000000,s14_p4
1779334158.0,14,1,0.031305,s14_p1
1779334158.0,14,2,0.166155,s14_p2
1779334158.0,14,3,0.000000,s14_p3
1779334158.0,18,4,0.000000,s18_p4
1779334158.0,18,1,0.000000,s18_p1
1779334158.0,18,2,0.000000,s18_p2
1779334158.0,18,3,0.000000,s18_p3
1779334158.0,9,1,0.000000,s9_p1
1779334158.0,9,4,0.000000,s9_p4
1779334158.0,9,2,0.149572,s9_p2
1779334158.0,9,3,0.603111,s9_p3
1779334158.0,13,1,0.000000,s13_p1
1779334158.0,13,4,0.000000,s13_p4
1779334158.0,13,2,0.137378,s13_p2
1779334158.0,13,3,0.542281,s13_p3
1779334158.0,1,4,0.076997,s1_p4
1779334158.0,1,1,0.000000,s1_p1
1779334158.0,1,2,0.000000,s1_p2
1779334158.0,1,3,0.122713,s1_p3
1779334158.0,5,4,0.000000,s5_p4
1779334158.0,5,1,0.031361,s5_p1
1779334158.0,5,2,0.000000,s5_p2
1779334158.0,5,3,0.108557,s5_p3
1779334158.0,7,1,0.000000,s7_p1
1779334158.0,7,4,0.028920,s7_p4
1779334158.0,7,2,0.000000,s7_p2
1779334158.0,7,3,0.137371,s7_p3
1779334158.0,6,1,0.137252,s6_p1
1779334158.0,6,4,0.000000,s6_p4
1779334158.0,6,2,0.166147,s6_p2
1779334158.0,6,3,0.000000,s6_p3
1779334158.0,4,1,0.079530,s4_p1
1779334158.0,4,4,0.000000,s4_p4
1779334158.0,4,2,0.120500,s4_p2
1779334158.0,4,3,0.000000,s4_p3
1779334158.0,14,4,0.000000,s14_p4
1779334158.0,14,1,0.031404,s14_p1
1779334158.0,14,2,0.169097,s14_p2
1779334158.0,14,3,0.000000,s14_p3
1779334158.0,19,1,0.000000,s19_p1
1779334158.0,19,4,0.000000,s19_p4
1779334158.0,19,2,0.000000,s19_p2
1779334158.0,19,3,0.000000,s19_p3
1779334158.0,6,1,0.139963,s6_p1
1779334158.0,6,4,0.000000,s6_p4
1779334158.0,6,2,0.168921,s6_p2
1779334158.0,6,3,0.000000,s6_p3
1779334158.0,15,4,0.000000,s15_p4
1779334158.0,15,1,0.000000,s15_p1
1779334158.0,15,2,0.000000,s15_p2
1779334158.0,15,3,0.915308,s15_p3
1779334158.0,3,4,0.159004,s3_p4
1779334158.0,3,1,0.000000,s3_p1
1779334158.0,3,2,0.120458,s3_p2
1779334158.0,3,3,0.000000,s3_p3
1779334158.0,10,4,0.385468,s10_p4
1779334158.0,10,1,0.000000,s10_p1
1779334158.0,10,2,0.000000,s10_p2
1779334158.0,10,3,0.000000,s10_p3
1779334158.0,1,4,0.077183,s1_p4
1779334158.0,1,1,0.000000,s1_p1
1779334158.0,1,2,0.000000,s1_p2
1779334158.0,1,3,0.120599,s1_p3
1779334158.0,16,1,0.000000,s16_p1
1779334158.0,16,4,0.758667,s16_p4
1779334158.0,16,2,0.000000,s16_p2
1779334158.0,16,3,0.000000,s16_p3
1779334158.0,2,1,0.043345,s2_p1
1779334158.0,2,4,0.000000,s2_p4
1779334158.0,2,2,0.108362,s2_p2
1779334158.0,2,3,0.000000,s2_p3
1779334158.0,13,1,0.000000,s13_p1
1779334158.0,13,4,0.000000,s13_p4
1779334158.0,13,2,0.139689,s13_p2
1779334158.0,13,3,0.541898,s13_p3
1779334158.0,7,1,0.000000,s7_p1
1779334158.0,7,4,0.028903,s7_p4
1779334158.0,7,2,0.000000,s7_p2
1779334158.0,7,3,0.139697,s7_p3
1779334158.0,4,1,0.077076,s4_p1
1779334158.0,4,4,0.000000,s4_p4
1779334158.0,4,2,0.122840,s4_p2
1779334158.0,4,3,0.000000,s4_p3
1779334158.0,12,4,0.805742,s12_p4
1779334158.0,12,1,0.000000,s12_p1
1779334158.0,12,2,0.199632,s12_p2
1779334158.0,12,3,0.000000,s12_p3
1779334158.0,20,1,0.000000,s20_p1
1779334158.0,20,4,0.000000,s20_p4
1779334158.0,20,2,0.999261,s20_p2
1779334158.0,20,3,1.000000,s20_p3
1779334158.0,8,4,0.122648,s8_p4
1779334158.0,8,1,0.000000,s8_p1
1779334158.0,8,2,0.000000,s8_p2
1779334158.0,8,3,0.043288,s8_p3
1779334158.0,5,4,0.000000,s5_p4
1779334158.0,5,1,0.031305,s5_p1
1779334158.0,5,2,0.000000,s5_p2
1779334158.0,5,3,0.108364,s5_p3
1779334158.0,17,4,0.000000,s17_p4
1779334158.0,17,1,0.758357,s17_p1
1779334158.0,17,2,0.613908,s17_p2
1779334158.0,17,3,0.698170,s17_p3
1779334158.0,18,4,0.000000,s18_p4
1779334158.0,18,1,0.000000,s18_p1
1779334158.0,18,2,0.000000,s18_p2
1779334158.0,18,3,0.000000,s18_p3
1779334158.0,9,1,0.000000,s9_p1
1779334158.0,9,4,0.000000,s9_p4
1779334158.0,9,2,0.151649,s9_p2
1779334158.0,9,3,0.613818,s9_p3
1779334158.0,11,4,0.000000,s11_p4
1779334158.0,11,1,0.122726,s11_p1
1779334158.0,11,2,0.000000,s11_p2
1779334158.0,11,3,0.000000,s11_p3
1779334159.0,14,4,0.000000,s14_p4
1779334159.0,14,1,0.031407,s14_p1
1779334159.0,14,2,0.169115,s14_p2
1779334159.0,14,3,0.000000,s14_p3
1779334159.0,8,4,0.123598,s8_p4
1779334159.0,8,1,0.000000,s8_p1
1779334159.0,8,2,0.000000,s8_p2
1779334159.0,8,3,0.041199,s8_p3
1779334159.0,3,4,0.162086,s3_p4
1779334159.0,3,1,0.000000,s3_p1
1779334159.0,3,2,0.123379,s3_p2
1779334159.0,3,3,0.000000,s3_p3
1779334159.0,6,1,0.137855,s6_p1
1779334159.0,6,4,0.000000,s6_p4
1779334159.0,6,2,0.169296,s6_p2
1779334159.0,6,3,0.000000,s6_p3
1779334159.0,19,1,0.000000,s19_p1
1779334159.0,19,4,0.000000,s19_p4
1779334159.0,19,2,0.000000,s19_p2
1779334159.0,19,3,0.000000,s19_p3
1779334159.0,2,1,0.041157,s2_p1
1779334159.0,2,4,0.000000,s2_p4
1779334159.0,2,2,0.108946,s2_p2
1779334159.0,2,3,0.000000,s2_p3
1779334159.0,17,4,0.000000,s17_p4
1779334159.0,17,1,0.750659,s17_p1
1779334159.0,17,2,0.605370,s17_p2
1779334159.0,17,3,0.690122,s17_p3
1779334159.0,15,4,0.000000,s15_p4
1779334159.0,15,1,0.000000,s15_p1
1779334159.0,15,2,0.000000,s15_p2
1779334159.0,15,3,0.894218,s15_p3
1779334159.0,1,4,0.077353,s1_p4
1779334159.0,1,1,0.000000,s1_p1
1779334159.0,1,2,0.000000,s1_p2
1779334159.0,1,3,0.123282,s1_p3
1779334159.0,20,1,0.000000,s20_p1
1779334159.0,20,4,0.000000,s20_p4
1779334159.0,20,2,1.000000,s20_p2
1779334159.0,20,3,0.992622,s20_p3
1779334159.0,10,4,0.386705,s10_p4
1779334159.0,10,1,0.000000,s10_p1
1779334159.0,10,2,0.000000,s10_p2
1779334159.0,10,3,0.000000,s10_p3
1779334159.0,4,1,0.077463,s4_p1
1779334159.0,4,4,0.000000,s4_p4
1779334159.0,4,2,0.123456,s4_p2
1779334159.0,4,3,0.000000,s4_p3
1779334159.0,7,1,0.000000,s7_p1
1779334159.0,7,4,0.029047,s7_p4
1779334159.0,7,2,0.000000,s7_p2
1779334159.0,7,3,0.137974,s7_p3
1779334159.0,12,4,0.798811,s12_p4
1779334159.0,12,1,0.000000,s12_p1
1779334159.0,12,2,0.200913,s12_p2
1779334159.0,12,3,0.000000,s12_p3
1779334159.0,5,4,0.000000,s5_p4
1779334159.0,5,1,0.031470,s5_p1
1779334159.0,5,2,0.000000,s5_p2
1779334159.0,5,3,0.108936,s5_p3
1779334159.0,18,4,0.000000,s18_p4
1779334159.0,18,1,0.000000,s18_p1
1779334159.0,18,2,0.000000,s18_p2
1779334159.0,18,3,0.000000,s18_p3
1779334159.0,13,1,0.000000,s13_p1
1779334159.0,13,4,0.000000,s13_p4
1779334159.0,13,2,0.137949,s13_p2
1779334159.0,13,3,0.544535,s13_p3
1779334159.0,11,4,0.000000,s11_p4
1779334159.0,11,1,0.121044,s11_p1
1779334159.0,11,2,0.000000,s11_p2
1779334159.0,11,3,0.000000,s11_p3
1779334159.0,16,1,0.000000,s16_p1
1779334159.0,16,4,0.761969,s16_p4
1779334159.0,16,2,0.000000,s16_p2
1779334159.0,16,3,0.000000,s16_p3
1779334159.0,9,1,0.000000,s9_p1
1779334159.0,9,4,0.000000,s9_p4
1779334159.0,9,2,0.150072,s9_p2
1779334159.0,9,3,0.605128,s9_p3
1779334159.0,3,4,0.159559,s3_p4
1779334159.0,3,1,0.000000,s3_p1
1779334159.0,3,2,0.120878,s3_p2
1779334159.0,3,3,0.000000,s3_p3
1779334159.0,6,1,0.137785,s6_p1
1779334159.0,6,4,0.000000,s6_p4
1779334159.0,6,2,0.169210,s6_p2
1779334159.0,6,3,0.000000,s6_p3
1779334159.0,10,4,0.399223,s10_p4
1779334159.0,10,1,0.000000,s10_p1
1779334159.0,10,2,0.000000,s10_p2
1779334159.0,10,3,0.000000,s10_p3
1779334159.0,1,4,0.079838,s1_p4
1779334159.0,1,1,0.000000,s1_p1
1779334159.0,1,2,0.000000,s1_p2
1779334159.0,1,3,0.120966,s1_p3
1779334159.0,8,4,0.123195,s8_p4
1779334159.0,8,1,0.000000,s8_p1
1779334159.0,8,2,0.000000,s8_p2
1779334159.0,8,3,0.041065,s8_p3
1779334159.0,15,4,0.000000,s15_p4
1779334159.0,15,1,0.000000,s15_p1
1779334159.0,15,2,0.000000,s15_p2
1779334159.0,15,3,0.894549,s15_p3
1779334159.0,4,1,0.077373,s4_p1
1779334159.0,4,4,0.000000,s4_p4
1779334159.0,4,2,0.123313,s4_p2
1779334159.0,4,3,0.000000,s4_p3
1779334159.0,20,1,0.000000,s20_p1
1779334159.0,20,4,0.000000,s20_p4
1779334159.0,20,2,1.000000,s20_p2
1779334159.0,20,3,1.000000,s20_p3
1779334159.0,7,1,0.000000,s7_p1
1779334159.0,7,4,0.029014,s7_p4
1779334159.0,7,2,0.000000,s7_p2
1779334159.0,7,3,0.137817,s7_p3
1779334159.0,13,1,0.000000,s13_p1
1779334159.0,13,4,0.000000,s13_p4
1779334159.0,13,2,0.137836,s13_p2
1779334159.0,13,3,0.544088,s13_p3
1779334159.0,12,4,0.797548,s12_p4
1779334159.0,12,1,0.000000,s12_p1
1779334159.0,12,2,0.200595,s12_p2
1779334159.0,12,3,0.000000,s12_p3
1779334159.0,5,4,0.000000,s5_p4
1779334159.0,5,1,0.031417,s5_p1
1779334159.0,5,2,0.000000,s5_p2
1779334159.0,5,3,0.108752,s5_p3
1779334159.0,2,1,0.041070,s2_p1
1779334159.0,2,4,0.000000,s2_p4
1779334159.0,2,2,0.108714,s2_p2
1779334159.0,2,3,0.000000,s2_p3
1779334159.0,17,4,0.000000,s17_p4
1779334159.0,17,1,0.748933,s17_p1
1779334159.0,17,2,0.603978,s17_p2
1779334159.0,17,3,0.688535,s17_p3
1779334159.0,18,4,0.000000,s18_p4
1779334159.0,18,1,0.000000,s18_p1
1779334159.0,18,2,0.000000,s18_p2
1779334159.0,18,3,0.000000,s18_p3
1779334159.0,11,4,0.000000,s11_p4
1779334159.0,11,1,0.120813,s11_p1
1779334159.0,11,2,0.000000,s11_p2
1779334159.0,11,3,0.000000,s11_p3
1779334159.0,14,4,0.000000,s14_p4
1779334159.0,14,1,0.031358,s14_p1
1779334159.0,14,2,0.168849,s14_p2
1779334159.0,14,3,0.000000,s14_p3
1779334159.0,16,1,0.000000,s16_p1
1779334159.0,16,4,0.761088,s16_p4
1779334159.0,16,2,0.000000,s16_p2
1779334159.0,16,3,0.000000,s16_p3
1779334159.0,9,1,0.000000,s9_p1
1779334159.0,9,4,0.000000,s9_p4
1779334159.0,9,2,0.149803,s9_p2
1779334159.0,9,3,0.604043,s9_p3
1779334159.0,19,1,0.000000,s19_p1
1779334159.0,19,4,0.000000,s19_p4
1779334159.0,19,2,0.000000,s19_p2
1779334159.0,19,3,0.000000,s19_p3
1779334160.0,6,1,0.137439,s6_p1
1779334160.0,6,4,0.000000,s6_p4
1779334160.0,6,2,0.166374,s6_p2
1779334160.0,6,3,0.000000,s6_p3
1779334160.0,19,1,0.000000,s19_p1
1779334160.0,19,4,0.000000,s19_p4
1779334160.0,19,2,0.000000,s19_p2
1779334160.0,19,3,0.000000,s19_p3
1779334160.0,1,4,0.077152,s1_p4
1779334160.0,1,1,0.000000,s1_p1
1779334160.0,1,2,0.000000,s1_p2
1779334160.0,1,3,0.122961,s1_p3
1779334160.0,15,4,0.000000,s15_p4
1779334160.0,15,1,0.000000,s15_p1
1779334160.0,15,2,0.000000,s15_p2
1779334160.0,15,3,0.904114,s15_p3
1779334160.0,13,1,0.000000,s13_p1
1779334160.0,13,4,0.000000,s13_p4
1779334160.0,13,2,0.137422,s13_p2
1779334160.0,13,3,0.554511,s13_p3
1779334160.0,10,4,0.385438,s10_p4
1779334160.0,10,1,0.000000,s10_p1
1779334160.0,10,2,0.000000,s10_p2
1779334160.0,10,3,0.000000,s10_p3
1779334160.0,8,4,0.122929,s8_p4
1779334160.0,8,1,0.000000,s8_p1
1779334160.0,8,2,0.000000,s8_p2
1779334160.0,8,3,0.043387,s8_p3
1779334160.0,3,4,0.158956,s3_p4
1779334160.0,3,1,0.000000,s3_p1
1779334160.0,3,2,0.122830,s3_p2
1779334160.0,3,3,0.000000,s3_p3
1779334160.0,14,4,0.000000,s14_p4
1779334160.0,14,1,0.028960,s14_p1
1779334160.0,14,2,0.166522,s14_p2
1779334160.0,14,3,0.000000,s14_p3
1779334160.0,12,4,0.795421,s12_p4
1779334160.0,12,1,0.000000,s12_p1
1779334160.0,12,2,0.200060,s12_p2
1779334160.0,12,3,0.000000,s12_p3
1779334160.0,4,1,0.077087,s4_p1
1779334160.0,4,4,0.000000,s4_p4
1779334160.0,4,2,0.122858,s4_p2
1779334160.0,4,3,0.000000,s4_p3
1779334160.0,17,4,0.000000,s17_p4
1779334160.0,17,1,0.771367,s17_p1
1779334160.0,17,2,0.614683,s17_p2
1779334160.0,17,3,0.686999,s17_p3
1779334160.0,16,1,0.000000,s16_p1
1779334160.0,16,4,0.759717,s16_p4
1779334160.0,16,2,0.000000,s16_p2
1779334160.0,16,3,0.000000,s16_p3
1779334160.0,7,1,0.000000,s7_p1
1779334160.0,7,4,0.028907,s7_p4
1779334160.0,7,2,0.000000,s7_p2
1779334160.0,7,3,0.137307,s7_p3
1779334160.0,20,1,0.000000,s20_p1
1779334160.0,20,4,0.000000,s20_p4
1779334160.0,20,2,0.999648,s20_p2
1779334160.0,20,3,0.975560,s20_p3
1779334160.0,18,4,0.000000,s18_p4
1779334160.0,18,1,0.000000,s18_p1
1779334160.0,18,2,0.000000,s18_p2
1779334160.0,18,3,0.000000,s18_p3
1779334160.0,5,4,0.000000,s5_p4
1779334160.0,5,1,0.028920,s5_p1
1779334160.0,5,2,0.000000,s5_p2
1779334160.0,5,3,0.110862,s5_p3
1779334160.0,2,1,0.043371,s2_p1
1779334160.0,2,4,0.000000,s2_p4
1779334160.0,2,2,0.110838,s2_p2
1779334160.0,2,3,0.000000,s2_p3
1779334160.0,11,4,0.000000,s11_p4
1779334160.0,11,1,0.122942,s11_p1
1779334160.0,11,2,0.000000,s11_p2
1779334160.0,11,3,0.000000,s11_p3
1779334160.0,9,1,0.000000,s9_p1
1779334160.0,9,4,0.000000,s9_p4
1779334160.0,9,2,0.154293,s9_p2
1779334160.0,9,3,0.614763,s9_p3
1779334160.0,8,4,0.123079,s8_p4
1779334160.0,8,1,0.000000,s8_p1
1779334160.0,8,2,0.000000,s8_p2
1779334160.0,8,3,0.041026,s8_p3
1779334160.0,16,1,0.000000,s16_p1
1779334160.0,16,4,0.760630,s16_p4
1779334160.0,16,2,0.000000,s16_p2
1779334160.0,16,3,0.000000,s16_p3
1779334160.0,9,1,0.000000,s9_p1
1779334160.0,9,4,0.000000,s9_p4
1779334160.0,9,2,0.149770,s9_p2
1779334160.0,9,3,0.603909,s9_p3
1779334160.0,17,4,0.000000,s17_p4
1779334160.0,17,1,0.747757,s17_p1
1779334160.0,17,2,0.603030,s17_p2
1779334160.0,17,3,0.687454,s17_p3
1779334160.0,2,1,0.041018,s2_p1
1779334160.0,2,4,0.000000,s2_p4
1779334160.0,2,2,0.108577,s2_p2
1779334160.0,2,3,0.000000,s2_p3
1779334160.0,15,4,0.000000,s15_p4
1779334160.0,15,1,0.000000,s15_p1
1779334160.0,15,2,0.000000,s15_p2
1779334160.0,15,3,0.891595,s15_p3
1779334160.0,4,1,0.077175,s4_p1
1779334160.0,4,4,0.000000,s4_p4
1779334160.0,4,2,0.120587,s4_p2
1779334160.0,4,3,0.000000,s4_p3
1779334160.0,20,1,0.000000,s20_p1
1779334160.0,20,4,0.000000,s20_p4
1779334160.0,20,2,0.988890,s20_p2
1779334160.0,20,3,0.940652,s20_p3
1779334160.0,3,4,0.159063,s3_p4
1779334160.0,3,1,0.000000,s3_p1
1779334160.0,3,2,0.120502,s3_p2
1779334160.0,3,3,0.000000,s3_p3
1779334160.0,11,4,0.000000,s11_p4
1779334160.0,11,1,0.120634,s11_p1
1779334160.0,11,2,0.000000,s11_p2
1779334160.0,11,3,0.000000,s11_p3
1779334160.0,13,1,0.000000,s13_p1
1779334160.0,13,4,0.000000,s13_p4
1779334160.0,13,2,0.137353,s13_p2
1779334160.0,13,3,0.542182,s13_p3
1779334160.0,19,1,0.000000,s19_p1
1779334160.0,19,4,0.000000,s19_p4
1779334160.0,19,2,0.000000,s19_p2
1779334160.0,19,3,0.000000,s19_p3
1779334160.0,1,4,0.077045,s1_p4
1779334160.0,1,1,0.000000,s1_p1
1779334160.0,1,2,0.000000,s1_p2
1779334160.0,1,3,0.120383,s1_p3
1779334160.0,14,4,0.000000,s14_p4
1779334160.0,14,1,0.028917,s14_p1
1779334160.0,14,2,0.159043,s14_p2
1779334160.0,14,3,0.000000,s14_p3
1779334160.0,10,4,0.385507,s10_p4
1779334160.0,10,1,0.000000,s10_p1
1779334160.0,10,2,0.000000,s10_p2
1779334160.0,10,3,0.000000,s10_p3
1779334160.0,12,4,0.795569,s12_p4
1779334160.0,12,1,0.000000,s12_p1
1779334160.0,12,2,0.197687,s12_p2
1779334160.0,12,3,0.000000,s12_p3
1779334160.0,5,4,0.000000,s5_p4
1779334160.0,5,1,0.028935,s5_p1
1779334160.0,5,2,0.000000,s5_p2
1779334160.0,5,3,0.108506,s5_p3
1779334160.0,18,4,0.000000,s18_p4
1779334160.0,18,1,0.000000,s18_p1
1779334160.0,18,2,0.000000,s18_p2
1779334160.0,18,3,0.000000,s18_p3
1779334160.0,7,1,0.000000,s7_p1
1779334160.0,7,4,0.028931,s7_p4
1779334160.0,7,2,0.000000,s7_p2
1779334160.0,7,3,0.137422,s7_p3
1779334160.0,6,1,0.137176,s6_p1
1779334160.0,6,4,0.000000,s6_p4
1779334160.0,6,2,0.158836,s6_p2
1779334160.0,6,3,0.000000,s6_p3
1779334161.0,14,4,0.000000,s14_p4
1779334161.0,14,1,0.029070,s14_p1
1779334161.0,14,2,0.159886,s14_p2
1779334161.0,14,3,0.000000,s14_p3
1779334161.0,3,4,0.159736,s3_p4
1779334161.0,3,1,0.000000,s3_p1
1779334161.0,3,2,0.123432,s3_p2
1779334161.0,3,3,0.000000,s3_p3
1779334161.0,6,1,0.140421,s6_p1
1779334161.0,6,4,0.000000,s6_p4
1779334161.0,6,2,0.159790,s6_p2
1779334161.0,6,3,0.000000,s6_p3
1779334161.0,10,4,0.387269,s10_p4
1779334161.0,10,1,0.000000,s10_p1
1779334161.0,10,2,0.000000,s10_p2
1779334161.0,10,3,0.000000,s10_p3
1779334161.0,15,4,0.000000,s15_p4
1779334161.0,15,1,0.000000,s15_p1
1779334161.0,15,2,0.000000,s15_p2
1779334161.0,15,3,0.919474,s15_p3
1779334161.0,7,1,0.000000,s7_p1
1779334161.0,7,4,0.029048,s7_p4
1779334161.0,7,2,0.000000,s7_p2
1779334161.0,7,3,0.140400,s7_p3
1779334161.0,1,4,0.077440,s1_p4
1779334161.0,1,1,0.000000,s1_p1
1779334161.0,1,2,0.000000,s1_p2
1779334161.0,1,3,0.123421,s1_p3
1779334161.0,8,4,0.120813,s8_p4
1779334161.0,8,1,0.000000,s8_p1
1779334161.0,8,2,0.000000,s8_p2
1779334161.0,8,3,0.043493,s8_p3
1779334161.0,13,1,0.000000,s13_p1
1779334161.0,13,4,0.000000,s13_p4
1779334161.0,13,2,0.140340,s13_p2
1779334161.0,13,3,0.544423,s13_p3
1779334161.0,20,1,0.000000,s20_p1
1779334161.0,20,4,0.000000,s20_p4
1779334161.0,20,2,1.000000,s20_p2
1779334161.0,20,3,0.942874,s20_p3
1779334161.0,12,4,0.797992,s12_p4
1779334161.0,12,1,0.000000,s12_p1
1779334161.0,12,2,0.200707,s12_p2
1779334161.0,12,3,0.000000,s12_p3
1779334161.0,18,4,0.000000,s18_p4
1779334161.0,18,1,0.000000,s18_p1
1779334161.0,18,2,0.000000,s18_p2
1779334161.0,18,3,0.000000,s18_p3
1779334161.0,5,4,0.000000,s5_p4
1779334161.0,5,1,0.029017,s5_p1
1779334161.0,5,2,0.000000,s5_p2
1779334161.0,5,3,0.108813,s5_p3
1779334161.0,17,4,0.000000,s17_p4
1779334161.0,17,1,0.761272,s17_p1
1779334161.0,17,2,0.616268,s17_p2
1779334161.0,17,3,0.700853,s17_p3
1779334161.0,4,1,0.077343,s4_p1
1779334161.0,4,4,0.000000,s4_p4
1779334161.0,4,2,0.123265,s4_p2
1779334161.0,4,3,0.000000,s4_p3
1779334161.0,9,1,0.000000,s9_p1
1779334161.0,9,4,0.000000,s9_p4
1779334161.0,9,2,0.152034,s9_p2
1779334161.0,9,3,0.615375,s9_p3
1779334161.0,11,4,0.000000,s11_p4
1779334161.0,11,1,0.123214,s11_p1
1779334161.0,11,2,0.000000,s11_p2
1779334161.0,11,3,0.000000,s11_p3
1779334161.0,2,1,0.043481,s2_p1
1779334161.0,2,4,0.000000,s2_p4
1779334161.0,2,2,0.108702,s2_p2
1779334161.0,2,3,0.000000,s2_p3
1779334161.0,16,1,0.000000,s16_p1
1779334161.0,16,4,0.760045,s16_p4
1779334161.0,16,2,0.000000,s16_p2
1779334161.0,16,3,0.000000,s16_p3
1779334161.0,19,1,0.000000,s19_p1
1779334161.0,19,4,0.000000,s19_p4
1779334161.0,19,2,0.000000,s19_p2
1779334161.0,19,3,0.000000,s19_p3
1779334161.0,1,4,0.077374,s1_p4
1779334161.0,1,1,0.000000,s1_p1
1779334161.0,1,2,0.000000,s1_p2
1779334161.0,1,3,0.120896,s1_p3
1779334161.0,3,4,0.159454,s3_p4
1779334161.0,3,1,0.000000,s3_p1
1779334161.0,3,2,0.120798,s3_p2
1779334161.0,3,3,0.000000,s3_p3
1779334161.0,15,4,0.000000,s15_p4
1779334161.0,15,1,0.000000,s15_p1
1779334161.0,15,2,0.000000,s15_p2
1779334161.0,15,3,0.893989,s15_p3
1779334161.0,8,4,0.123230,s8_p4
1779334161.0,8,1,0.000000,s8_p1
1779334161.0,8,2,0.000000,s8_p2
1779334161.0,8,3,0.041077,s8_p3
1779334161.0,10,4,0.386543,s10_p4
1779334161.0,10,1,0.000000,s10_p1
1779334161.0,10,2,0.000000,s10_p2
1779334161.0,10,3,0.000000,s10_p3
1779334161.0,6,1,0.137697,s6_p1
1779334161.0,6,4,0.000000,s6_p4
1779334161.0,6,2,0.159438,s6_p2
1779334161.0,6,3,0.000000,s6_p3
1779334161.0,7,1,0.000000,s7_p1
1779334161.0,7,4,0.028977,s7_p4
1779334161.0,7,2,0.000000,s7_p2
1779334161.0,7,3,0.137642,s7_p3
1779334161.0,13,1,0.000000,s13_p1
1779334161.0,13,4,0.000000,s13_p4
1779334161.0,13,2,0.137648,s13_p2
1779334161.0,13,3,0.543346,s13_p3
1779334161.0,20,1,0.000000,s20_p1
1779334161.0,20,4,0.000000,s20_p4
1779334161.0,20,2,1.000000,s20_p2
1779334161.0,20,3,0.942480,s20_p3
1779334161.0,5,4,0.000000,s5_p4
1779334161.0,5,1,0.029003,s5_p1
1779334161.0,5,2,0.000000,s5_p2
1779334161.0,5,3,0.108761,s5_p3
1779334161.0,4,1,0.077348,s4_p1
1779334161.0,4,4,0.000000,s4_p4
1779334161.0,4,2,0.123274,s4_p2
1779334161.0,4,3,0.000000,s4_p3
1779334161.0,18,4,0.000000,s18_p4
1779334161.0,18,1,0.000000,s18_p1
1779334161.0,18,2,0.000000,s18_p2
1779334161.0,18,3,0.000000,s18_p3
1779334161.0,16,1,0.000000,s16_p1
1779334161.0,16,4,0.749363,s16_p4
1779334161.0,16,2,0.000000,s16_p2
1779334161.0,16,3,0.000000,s16_p3
1779334161.0,17,4,0.000000,s17_p4
1779334161.0,17,1,0.748912,s17_p1
1779334161.0,17,2,0.603961,s17_p2
1779334161.0,17,3,0.688516,s17_p3
1779334161.0,2,1,0.041091,s2_p1
1779334161.0,2,4,0.000000,s2_p4
1779334161.0,2,2,0.108769,s2_p2
1779334161.0,2,3,0.000000,s2_p3
1779334161.0,12,4,0.797076,s12_p4
1779334161.0,12,1,0.000000,s12_p1
1779334161.0,12,2,0.200477,s12_p2
1779334161.0,12,3,0.000000,s12_p3
1779334161.0,11,4,0.000000,s11_p4
1779334161.0,11,1,0.120811,s11_p1
1779334161.0,11,2,0.000000,s11_p2
1779334161.0,11,3,0.000000,s11_p3
1779334161.0,9,1,0.000000,s9_p1
1779334161.0,9,4,0.000000,s9_p4
1779334161.0,9,2,0.149788,s9_p2
1779334161.0,9,3,0.603983,s9_p3
1779334161.0,14,4,0.000000,s14_p4
1779334161.0,14,1,0.028918,s14_p1
1779334161.0,14,2,0.159050,s14_p2
1779334161.0,14,3,0.000000,s14_p3
1779334161.0,19,1,0.000000,s19_p1
1779334161.0,19,4,0.000000,s19_p4
1779334161.0,19,2,0.000000,s19_p2
1779334161.0,19,3,0.000000,s19_p3
1779334162.0,6,1,0.137751,s6_p1
1779334162.0,6,4,0.000000,s6_p4
1779334162.0,6,2,0.159501,s6_p2
1779334162.0,6,3,0.000000,s6_p3
1779334162.0,3,4,0.159391,s3_p4
1779334162.0,3,1,0.000000,s3_p1
1779334162.0,3,2,0.123166,s3_p2
1779334162.0,3,3,0.000000,s3_p3
1779334162.0,1,4,0.077232,s1_p4
1779334162.0,1,1,0.000000,s1_p1
1779334162.0,1,2,0.000000,s1_p2
1779334162.0,1,3,0.123088,s1_p3
1779334162.0,14,4,0.000000,s14_p4
1779334162.0,14,1,0.029027,s14_p1
1779334162.0,14,2,0.159648,s14_p2
1779334162.0,14,3,0.000000,s14_p3
1779334162.0,19,1,0.000000,s19_p1
1779334162.0,19,4,0.000000,s19_p4
1779334162.0,19,2,0.000000,s19_p2
1779334162.0,19,3,0.000000,s19_p3
1779334162.0,10,4,0.386267,s10_p4
1779334162.0,10,1,0.000000,s10_p1
1779334162.0,10,2,0.000000,s10_p2
1779334162.0,10,3,0.000000,s10_p3
1779334162.0,15,4,0.000000,s15_p4
1779334162.0,15,1,0.000000,s15_p1
1779334162.0,15,2,0.000000,s15_p2
1779334162.0,15,3,0.905178,s15_p3
1779334162.0,13,1,0.000000,s13_p1
1779334162.0,13,4,0.000000,s13_p4
1779334162.0,13,2,0.137673,s13_p2
1779334162.0,13,3,0.543445,s13_p3
1779334162.0,8,4,0.123102,s8_p4
1779334162.0,8,1,0.000000,s8_p1
1779334162.0,8,2,0.000000,s8_p2
1779334162.0,8,3,0.043448,s8_p3
1779334162.0,12,4,0.797196,s12_p4
1779334162.0,12,1,0.000000,s12_p1
1779334162.0,12,2,0.200507,s12_p2
1779334162.0,12,3,0.000000,s12_p3
1779334162.0,4,1,0.077257,s4_p1
1779334162.0,4,4,0.000000,s4_p4
1779334162.0,4,2,0.123129,s4_p2
1779334162.0,4,3,0.000000,s4_p3
1779334162.0,17,4,0.000000,s17_p4
1779334162.0,17,1,0.760857,s17_p1
1779334162.0,17,2,0.615932,s17_p2
1779334162.0,17,3,0.688394,s17_p3
1779334162.0,20,1,0.000000,s20_p1
1779334162.0,20,4,0.000000,s20_p4
1779334162.0,20,2,1.000000,s20_p2
1779334162.0,20,3,0.941458,s20_p3
1779334162.0,7,1,0.000000,s7_p1
1779334162.0,7,4,0.028964,s7_p4
1779334162.0,7,2,0.000000,s7_p2
1779334162.0,7,3,0.137581,s7_p3
1779334162.0,5,4,0.000000,s5_p4
1779334162.0,5,1,0.028957,s5_p1
1779334162.0,5,2,0.000000,s5_p2
1779334162.0,5,3,0.108587,s5_p3
1779334162.0,16,1,0.000000,s16_p1
1779334162.0,16,4,0.760437,s16_p4
1779334162.0,16,2,0.000000,s16_p2
1779334162.0,16,3,0.000000,s16_p3
1779334162.0,9,1,0.000000,s9_p1
1779334162.0,9,4,0.000000,s9_p4
1779334162.0,9,2,0.152150,s9_p2
1779334162.0,9,3,0.615843,s9_p3
1779334162.0,18,4,0.000000,s18_p4
1779334162.0,18,1,0.000000,s18_p1
1779334162.0,18,2,0.000000,s18_p2
1779334162.0,18,3,0.000000,s18_p3
1779334162.0,11,4,0.000000,s11_p4
1779334162.0,11,1,0.123157,s11_p1
1779334162.0,11,2,0.000000,s11_p2
1779334162.0,11,3,0.000000,s11_p3
1779334162.0,2,1,0.043452,s2_p1
1779334162.0,2,4,0.000000,s2_p4
1779334162.0,2,2,0.108630,s2_p2
1779334162.0,2,3,0.000000,s2_p3
1779334162.0,8,4,0.123416,s8_p4
1779334162.0,8,1,0.000000,s8_p1
1779334162.0,8,2,0.000000,s8_p2
1779334162.0,8,3,0.041139,s8_p3
1779334162.0,20,1,0.000000,s20_p1
1779334162.0,20,4,0.000000,s20_p4
1779334162.0,20,2,1.000000,s20_p2
1779334162.0,20,3,0.943830,s20_p3
1779334162.0,11,4,0.000000,s11_p4
1779334162.0,11,1,0.121061,s11_p1
1779334162.0,11,2,0.000000,s11_p2
1779334162.0,11,3,0.000000,s11_p3
1779334162.0,13,1,0.000000,s13_p1
1779334162.0,13,4,0.000000,s13_p4
1779334162.0,13,2,0.137850,s13_p2
1779334162.0,13,3,0.544143,s13_p3
1779334162.0,6,1,0.137617,s6_p1
1779334162.0,6,4,0.000000,s6_p4
1779334162.0,6,2,0.159346,s6_p2
1779334162.0,6,3,0.000000,s6_p3
1779334162.0,9,1,0.000000,s9_p1
1779334162.0,9,4,0.000000,s9_p4
1779334162.0,9,2,0.150002,s9_p2
1779334162.0,9,3,0.604848,s9_p3
1779334162.0,5,4,0.000000,s5_p4
1779334162.0,5,1,0.029029,s5_p1
1779334162.0,5,2,0.000000,s5_p2
1779334162.0,5,3,0.108859,s5_p3
1779334162.0,15,4,0.000000,s15_p4
1779334162.0,15,1,0.000000,s15_p1
1779334162.0,15,2,0.000000,s15_p2
1779334162.0,15,3,0.893706,s15_p3
1779334162.0,14,4,0.000000,s14_p4
1779334162.0,14,1,0.028971,s14_p1
1779334162.0,14,2,0.159340,s14_p2
1779334162.0,14,3,0.000000,s14_p3
1779334162.0,3,4,0.159311,s3_p4
1779334162.0,3,1,0.000000,s3_p1
1779334162.0,3,2,0.120690,s3_p2
1779334162.0,3,3,0.000000,s3_p3
1779334162.0,10,4,0.398472,s10_p4
1779334162.0,10,1,0.000000,s10_p1
1779334162.0,10,2,0.000000,s10_p2
1779334162.0,10,3,0.000000,s10_p3
1779334162.0,1,4,0.079656,s1_p4
1779334162.0,1,1,0.000000,s1_p1
1779334162.0,1,2,0.000000,s1_p2
1779334162.0,1,3,0.120691,s1_p3
1779334162.0,4,1,0.077299,s4_p1
1779334162.0,4,4,0.000000,s4_p4
1779334162.0,4,2,0.123196,s4_p2
1779334162.0,4,3,0.000000,s4_p3
1779334162.0,7,1,0.000000,s7_p1
1779334162.0,7,4,0.028988,s7_p4
1779334162.0,7,2,0.000000,s7_p2
1779334162.0,7,3,0.137694,s7_p3
1779334162.0,12,4,0.797021,s12_p4
1779334162.0,12,1,0.000000,s12_p1
1779334162.0,12,2,0.200463,s12_p2
1779334162.0,12,3,0.000000,s12_p3
1779334162.0,17,4,0.000000,s17_p4
1779334162.0,17,1,0.748638,s17_p1
1779334162.0,17,2,0.603740,s17_p2
1779334162.0,17,3,0.688264,s17_p3
1779334162.0,18,4,0.000000,s18_p4
1779334162.0,18,1,0.000000,s18_p1
1779334162.0,18,2,0.000000,s18_p2
1779334162.0,18,3,0.000000,s18_p3
1779334162.0,19,1,0.000000,s19_p1
1779334162.0,19,4,0.000000,s19_p4
1779334162.0,19,2,0.000000,s19_p2
1779334162.0,19,3,0.000000,s19_p3
1779334162.0,2,1,0.041051,s2_p1
1779334162.0,2,4,0.000000,s2_p4
1779334162.0,2,2,0.108665,s2_p2
1779334162.0,2,3,0.000000,s2_p3
1779334162.0,16,1,0.000000,s16_p1
1779334162.0,16,4,0.760418,s16_p4
1779334162.0,16,2,0.000000,s16_p2
1779334162.0,16,3,0.000000,s16_p3
1779334163.0,3,4,0.159290,s3_p4
1779334163.0,3,1,0.000000,s3_p1
1779334163.0,3,2,0.123088,s3_p2
1779334163.0,3,3,0.000000,s3_p3
1779334163.0,14,4,0.000000,s14_p4
1779334163.0,14,1,0.028955,s14_p1
1779334163.0,14,2,0.159253,s14_p2
1779334163.0,14,3,0.000000,s14_p3
1779334163.0,1,4,0.077216,s1_p4
1779334163.0,1,1,0.000000,s1_p1
1779334163.0,1,2,0.000000,s1_p2
1779334163.0,1,3,0.123062,s1_p3
1779334163.0,19,1,0.000000,s19_p1
1779334163.0,19,4,0.000000,s19_p4
1779334163.0,19,2,0.000000,s19_p2
1779334163.0,19,3,0.000000,s19_p3
1779334163.0,6,1,0.137425,s6_p1
1779334163.0,6,4,0.000000,s6_p4
1779334163.0,6,2,0.159123,s6_p2
1779334163.0,6,3,0.000000,s6_p3
1779334163.0,10,4,0.386033,s10_p4
1779334163.0,10,1,0.000000,s10_p1
1779334163.0,10,2,0.000000,s10_p2
1779334163.0,10,3,0.000000,s10_p3
1779334163.0,12,4,0.807846,s12_p4
1779334163.0,12,1,0.000000,s12_p1
1779334163.0,12,2,0.200153,s12_p2
1779334163.0,12,3,0.000000,s12_p3
1779334163.0,18,4,0.000000,s18_p4
1779334163.0,18,1,0.000000,s18_p1
1779334163.0,18,2,0.000000,s18_p2
1779334163.0,18,3,0.000000,s18_p3
1779334163.0,15,4,0.000000,s15_p4
1779334163.0,15,1,0.000000,s15_p1
1779334163.0,15,2,0.000000,s15_p2
1779334163.0,15,3,0.891602,s15_p3
1779334163.0,13,1,0.000000,s13_p1
1779334163.0,13,4,0.000000,s13_p4
1779334163.0,13,2,0.137189,s13_p2
1779334163.0,13,3,0.541535,s13_p3
1779334163.0,4,1,0.077144,s4_p1
1779334163.0,4,4,0.000000,s4_p4
1779334163.0,4,2,0.122948,s4_p2
1779334163.0,4,3,0.000000,s4_p3
1779334163.0,17,4,0.000000,s17_p4
1779334163.0,17,1,0.747536,s17_p1
1779334163.0,17,2,0.614908,s17_p2
1779334163.0,17,3,0.687250,s17_p3
1779334163.0,8,4,0.122666,s8_p4
1779334163.0,8,1,0.000000,s8_p1
1779334163.0,8,2,0.000000,s8_p2
1779334163.0,8,3,0.040889,s8_p3
1779334163.0,7,1,0.000000,s7_p1
1779334163.0,7,4,0.028929,s7_p4
1779334163.0,7,2,0.000000,s7_p2
1779334163.0,7,3,0.137413,s7_p3
1779334163.0,20,1,0.000000,s20_p1
1779334163.0,20,4,0.000000,s20_p4
1779334163.0,20,2,0.998603,s20_p2
1779334163.0,20,3,0.950477,s20_p3
1779334163.0,16,1,0.000000,s16_p1
1779334163.0,16,4,0.759892,s16_p4
1779334163.0,16,2,0.000000,s16_p2
1779334163.0,16,3,0.000000,s16_p3
1779334163.0,5,4,0.000000,s5_p4
1779334163.0,5,1,0.028884,s5_p1
1779334163.0,5,2,0.000000,s5_p2
1779334163.0,5,3,0.108315,s5_p3
1779334163.0,11,4,0.000000,s11_p4
1779334163.0,11,1,0.122662,s11_p1
1779334163.0,11,2,0.000000,s11_p2
1779334163.0,11,3,0.000000,s11_p3
1779334163.0,2,1,0.040996,s2_p1
1779334163.0,2,4,0.000000,s2_p4
1779334163.0,2,2,0.108518,s2_p2
1779334163.0,2,3,0.000000,s2_p3
1779334163.0,9,1,0.000000,s9_p1
1779334163.0,9,4,0.000000,s9_p4
1779334163.0,9,2,0.149218,s9_p2
1779334163.0,9,3,0.613718,s9_p3
1779334163.0,19,1,0.000000,s19_p1
1779334163.0,19,4,0.000000,s19_p4
1779334163.0,19,2,0.000000,s19_p2
1779334163.0,19,3,0.000000,s19_p3
1779334163.0,6,1,0.138001,s6_p1
1779334163.0,6,4,0.000000,s6_p4
1779334163.0,6,2,0.159791,s6_p2
1779334163.0,6,3,0.000000,s6_p3
1779334163.0,10,4,0.387156,s10_p4
1779334163.0,10,1,0.000000,s10_p1
1779334163.0,10,2,0.000000,s10_p2
1779334163.0,10,3,0.000000,s10_p3
1779334163.0,3,4,0.159625,s3_p4
1779334163.0,3,1,0.000000,s3_p1
1779334163.0,3,2,0.120928,s3_p2
1779334163.0,3,3,0.000000,s3_p3
1779334163.0,1,4,0.077406,s1_p4
1779334163.0,1,1,0.000000,s1_p1
1779334163.0,1,2,0.000000,s1_p2
1779334163.0,1,3,0.120947,s1_p3
1779334163.0,15,4,0.000000,s15_p4
1779334163.0,15,1,0.000000,s15_p1
1779334163.0,15,2,0.000000,s15_p2
1779334163.0,15,3,0.908175,s15_p3
1779334163.0,14,4,0.000000,s14_p4
1779334163.0,14,1,0.029023,s14_p1
1779334163.0,14,2,0.159629,s14_p2
1779334163.0,14,3,0.000000,s14_p3
1779334163.0,13,1,0.000000,s13_p1
1779334163.0,13,4,0.000000,s13_p4
1779334163.0,13,2,0.137932,s13_p2
1779334163.0,13,3,0.544470,s13_p3
1779334163.0,7,1,0.000000,s7_p1
1779334163.0,7,4,0.029038,s7_p4
1779334163.0,7,2,0.000000,s7_p2
1779334163.0,7,3,0.137931,s7_p3
1779334163.0,8,4,0.123405,s8_p4
1779334163.0,8,1,0.000000,s8_p1
1779334163.0,8,2,0.000000,s8_p2
1779334163.0,8,3,0.043555,s8_p3
1779334163.0,20,1,0.000000,s20_p1
1779334163.0,20,4,0.000000,s20_p4
1779334163.0,20,2,0.992098,s20_p2
1779334163.0,20,3,0.943703,s20_p3
1779334163.0,4,1,0.077423,s4_p1
1779334163.0,4,4,0.000000,s4_p4
1779334163.0,4,2,0.120973,s4_p2
1779334163.0,4,3,0.000000,s4_p3
1779334163.0,12,4,0.798246,s12_p4
1779334163.0,12,1,0.000000,s12_p1
1779334163.0,12,2,0.198352,s12_p2
1779334163.0,12,3,0.000000,s12_p3
1779334163.0,18,4,0.000000,s18_p4
1779334163.0,18,1,0.000000,s18_p1
1779334163.0,18,2,0.000000,s18_p2
1779334163.0,18,3,0.000000,s18_p3
1779334163.0,17,4,0.000000,s17_p4
1779334163.0,17,1,0.761658,s17_p1
1779334163.0,17,2,0.604490,s17_p2
1779334163.0,17,3,0.689119,s17_p3
1779334163.0,11,4,0.000000,s11_p4
1779334163.0,11,1,0.120970,s11_p1
1779334163.0,11,2,0.000000,s11_p2
1779334163.0,11,3,0.000000,s11_p3
1779334163.0,5,4,0.000000,s5_p4
1779334163.0,5,1,0.029031,s5_p1
1779334163.0,5,2,0.000000,s5_p2
1779334163.0,5,3,0.108867,s5_p3
1779334163.0,9,1,0.000000,s9_p1
1779334163.0,9,4,0.000000,s9_p4
1779334163.0,9,2,0.152421,s9_p2
1779334163.0,9,3,0.604845,s9_p3
1779334163.0,16,1,0.000000,s16_p1
1779334163.0,16,4,0.761975,s16_p4
1779334163.0,16,2,0.000000,s16_p2
1779334163.0,16,3,0.000000,s16_p3
1779334163.0,2,1,0.043546,s2_p1
1779334163.0,2,4,0.000000,s2_p4
1779334163.0,2,2,0.108865,s2_p2
1779334163.0,2,3,0.000000,s2_p3
1779334164.0,6,1,0.137556,s6_p1
1779334164.0,6,4,0.000000,s6_p4
1779334164.0,6,2,0.161688,s6_p2
1779334164.0,6,3,0.000000,s6_p3
1779334164.0,14,4,0.000000,s14_p4
1779334164.0,14,1,0.028979,s14_p1
1779334164.0,14,2,0.161799,s14_p2
1779334164.0,14,3,0.000000,s14_p3
1779334164.0,1,4,0.077261,s1_p4
1779334164.0,1,1,0.000000,s1_p1
1779334164.0,1,2,0.000000,s1_p2
1779334164.0,1,3,0.123135,s1_p3
1779334164.0,15,4,0.000000,s15_p4
1779334164.0,15,1,0.000000,s15_p1
1779334164.0,15,2,0.000000,s15_p2
1779334164.0,15,3,0.904531,s15_p3
1779334164.0,4,1,0.077256,s4_p1
1779334164.0,4,4,0.000000,s4_p4
1779334164.0,4,2,0.123127,s4_p2
1779334164.0,4,3,0.000000,s4_p3
1779334164.0,3,4,0.161540,s3_p4
1779334164.0,3,1,0.000000,s3_p1
1779334164.0,3,2,0.122964,s3_p2
1779334164.0,3,3,0.000000,s3_p3
1779334164.0,20,1,0.000000,s20_p1
1779334164.0,20,4,0.000000,s20_p4
1779334164.0,20,2,1.000000,s20_p2
1779334164.0,20,3,0.941331,s20_p3
1779334164.0,12,4,0.796525,s12_p4
1779334164.0,12,1,0.000000,s12_p1
1779334164.0,12,2,0.200338,s12_p2
1779334164.0,12,3,0.000000,s12_p3
1779334164.0,13,1,0.000000,s13_p1
1779334164.0,13,4,0.000000,s13_p4
1779334164.0,13,2,0.139962,s13_p2
1779334164.0,13,3,0.542957,s13_p3
1779334164.0,10,4,0.385674,s10_p4
1779334164.0,10,1,0.000000,s10_p1
1779334164.0,10,2,0.000000,s10_p2
1779334164.0,10,3,0.000000,s10_p3
1779334164.0,7,1,0.000000,s7_p1
1779334164.0,7,4,0.028960,s7_p4
1779334164.0,7,2,0.000000,s7_p2
1779334164.0,7,3,0.139972,s7_p3
1779334164.0,8,4,0.123080,s8_p4
1779334164.0,8,1,0.000000,s8_p1
1779334164.0,8,2,0.000000,s8_p2
1779334164.0,8,3,0.041027,s8_p3
1779334164.0,19,1,0.000000,s19_p1
1779334164.0,19,4,0.000000,s19_p4
1779334164.0,19,2,0.000000,s19_p2
1779334164.0,19,3,0.000000,s19_p3
1779334164.0,17,4,0.000000,s17_p4
1779334164.0,17,1,0.748152,s17_p1
1779334164.0,17,2,0.615416,s17_p2
1779334164.0,17,3,0.699884,s17_p3
1779334164.0,9,1,0.000000,s9_p1
1779334164.0,9,4,0.000000,s9_p4
1779334164.0,9,2,0.149634,s9_p2
1779334164.0,9,3,0.615432,s9_p3
1779334164.0,18,4,0.000000,s18_p4
1779334164.0,18,1,0.000000,s18_p1
1779334164.0,18,2,0.000000,s18_p2
1779334164.0,18,3,0.000000,s18_p3
1779334164.0,5,4,0.000000,s5_p4
1779334164.0,5,1,0.028959,s5_p1
1779334164.0,5,2,0.000000,s5_p2
1779334164.0,5,3,0.108595,s5_p3
1779334164.0,2,1,0.041025,s2_p1
1779334164.0,2,4,0.000000,s2_p4
1779334164.0,2,2,0.108595,s2_p2
1779334164.0,2,3,0.000000,s2_p3
1779334164.0,16,1,0.000000,s16_p1
1779334164.0,16,4,0.760114,s16_p4
1779334164.0,16,2,0.000000,s16_p2
1779334164.0,16,3,0.000000,s16_p3
1779334164.0,11,4,0.000000,s11_p4
1779334164.0,11,1,0.123050,s11_p1
1779334164.0,11,2,0.000000,s11_p2
1779334164.0,11,3,0.000000,s11_p3
1779334164.0,6,1,0.139818,s6_p1
1779334164.0,6,4,0.000000,s6_p4
1779334164.0,6,2,0.159103,s6_p2
1779334164.0,6,3,0.000000,s6_p3
1779334164.0,14,4,0.000000,s14_p4
1779334164.0,14,1,0.031340,s14_p1
1779334164.0,14,2,0.159111,s14_p2
1779334164.0,14,3,0.000000,s14_p3
1779334164.0,15,4,0.000000,s15_p4
1779334164.0,15,1,0.000000,s15_p1
1779334164.0,15,2,0.000000,s15_p2
1779334164.0,15,3,0.904447,s15_p3
1779334164.0,1,4,0.077095,s1_p4
1779334164.0,1,1,0.000000,s1_p1
1779334164.0,1,2,0.000000,s1_p2
1779334164.0,1,3,0.120462,s1_p3
1779334164.0,3,4,0.159210,s3_p4
1779334164.0,3,1,0.000000,s3_p1
1779334164.0,3,2,0.120613,s3_p2
1779334164.0,3,3,0.000000,s3_p3
1779334164.0,13,1,0.000000,s13_p1
1779334164.0,13,4,0.000000,s13_p4
1779334164.0,13,2,0.137508,s13_p2
1779334164.0,13,3,0.554856,s13_p3
1779334164.0,8,4,0.123038,s8_p4
1779334164.0,8,1,0.000000,s8_p1
1779334164.0,8,2,0.000000,s8_p2
1779334164.0,8,3,0.043425,s8_p3
1779334164.0,10,4,0.385975,s10_p4
1779334164.0,10,1,0.000000,s10_p1
1779334164.0,10,2,0.000000,s10_p2
1779334164.0,10,3,0.000000,s10_p3
1779334164.0,12,4,0.795483,s12_p4
1779334164.0,12,1,0.000000,s12_p1
1779334164.0,12,2,0.200076,s12_p2
1779334164.0,12,3,0.000000,s12_p3
1779334164.0,18,4,0.000000,s18_p4
1779334164.0,18,1,0.000000,s18_p1
1779334164.0,18,2,0.000000,s18_p2
1779334164.0,18,3,0.000000,s18_p3
1779334164.0,5,4,0.000000,s5_p4
1779334164.0,5,1,0.031361,s5_p1
1779334164.0,5,2,0.000000,s5_p2
1779334164.0,5,3,0.110968,s5_p3
1779334164.0,20,1,0.000000,s20_p1
1779334164.0,20,4,0.000000,s20_p4
1779334164.0,20,2,1.000000,s20_p2
1779334164.0,20,3,0.951984,s20_p3
1779334164.0,2,1,0.043422,s2_p1
1779334164.0,2,4,0.000000,s2_p4
1779334164.0,2,2,0.110969,s2_p2
1779334164.0,2,3,0.000000,s2_p3
1779334164.0,4,1,0.077102,s4_p1
1779334164.0,4,4,0.000000,s4_p4
1779334164.0,4,2,0.122881,s4_p2
1779334164.0,4,3,0.000000,s4_p3
1779334164.0,17,4,0.000000,s17_p4
1779334164.0,17,1,0.771751,s17_p1
1779334164.0,17,2,0.602931,s17_p2
1779334164.0,17,3,0.687341,s17_p3
1779334164.0,7,1,0.000000,s7_p1
1779334164.0,7,4,0.031330,s7_p4
1779334164.0,7,2,0.000000,s7_p2
1779334164.0,7,3,0.137369,s7_p3
1779334164.0,11,4,0.000000,s11_p4
1779334164.0,11,1,0.120575,s11_p1
1779334164.0,11,2,0.000000,s11_p2
1779334164.0,11,3,0.000000,s11_p3
1779334164.0,19,1,0.000000,s19_p1
1779334164.0,19,4,0.000000,s19_p4
1779334164.0,19,2,0.000000,s19_p2
1779334164.0,19,3,0.000000,s19_p3
1779334164.0,16,1,0.000000,s16_p1
1779334164.0,16,4,0.771554,s16_p4
1779334164.0,16,2,0.000000,s16_p2
1779334164.0,16,3,0.000000,s16_p3
1779334164.0,9,1,0.000000,s9_p1
1779334164.0,9,4,0.000000,s9_p4
1779334164.0,9,2,0.154278,s9_p2
1779334164.0,9,3,0.602648,s9_p3
1779334165.0,1,4,0.077306,s1_p4
1779334165.0,1,1,0.000000,s1_p1
1779334165.0,1,2,0.000000,s1_p2
1779334165.0,1,3,0.123206,s1_p3
1779334165.0,19,1,0.000000,s19_p1
1779334165.0,19,4,0.000000,s19_p4
1779334165.0,19,2,0.000000,s19_p2
1779334165.0,19,3,0.000000,s19_p3
1779334165.0,14,4,0.000000,s14_p4
1779334165.0,14,1,0.028962,s14_p1
1779334165.0,14,2,0.159293,s14_p2
1779334165.0,14,3,0.000000,s14_p3
1779334165.0,6,1,0.137543,s6_p1
1779334165.0,6,4,0.000000,s6_p4
1779334165.0,6,2,0.159261,s6_p2
1779334165.0,6,3,0.000000,s6_p3
1779334165.0,13,1,0.000000,s13_p1
1779334165.0,13,4,0.000000,s13_p4
1779334165.0,13,2,0.137643,s13_p2
1779334165.0,13,3,0.543327,s13_p3
1779334165.0,8,4,0.123149,s8_p4
1779334165.0,8,1,0.000000,s8_p1
1779334165.0,8,2,0.000000,s8_p2
1779334165.0,8,3,0.041050,s8_p3
1779334165.0,3,4,0.159287,s3_p4
1779334165.0,3,1,0.000000,s3_p1
1779334165.0,3,2,0.123085,s3_p2
1779334165.0,3,3,0.000000,s3_p3
1779334165.0,12,4,0.797009,s12_p4
1779334165.0,12,1,0.000000,s12_p1
1779334165.0,12,2,0.200460,s12_p2
1779334165.0,12,3,0.000000,s12_p3
1779334165.0,7,1,0.000000,s7_p1
1779334165.0,7,4,0.028990,s7_p4
1779334165.0,7,2,0.000000,s7_p2
1779334165.0,7,3,0.137703,s7_p3
1779334165.0,18,4,0.000000,s18_p4
1779334165.0,18,1,0.000000,s18_p1
1779334165.0,18,2,0.000000,s18_p2
1779334165.0,18,3,0.000000,s18_p3
1779334165.0,4,1,0.079710,s4_p1
1779334165.0,4,4,0.000000,s4_p4
1779334165.0,4,2,0.120773,s4_p2
1779334165.0,4,3,0.000000,s4_p3
1779334165.0,20,1,0.000000,s20_p1
1779334165.0,20,4,0.000000,s20_p4
1779334165.0,20,2,1.000000,s20_p2
1779334165.0,20,3,0.941954,s20_p3
1779334165.0,5,4,0.000000,s5_p4
1779334165.0,5,1,0.028969,s5_p1
1779334165.0,5,2,0.000000,s5_p2
1779334165.0,5,3,0.108633,s5_p3
1779334165.0,15,4,0.000000,s15_p4
1779334165.0,15,1,0.000000,s15_p1
1779334165.0,15,2,0.000000,s15_p2
1779334165.0,15,3,0.892228,s15_p3
1779334165.0,2,1,0.041038,s2_p1
1779334165.0,2,4,0.000000,s2_p4
1779334165.0,2,2,0.108630,s2_p2
1779334165.0,2,3,0.000000,s2_p3
1779334165.0,16,1,0.000000,s16_p1
1779334165.0,16,4,0.760827,s16_p4
1779334165.0,16,2,0.000000,s16_p2
1779334165.0,16,3,0.000000,s16_p3
1779334165.0,10,4,0.385882,s10_p4
1779334165.0,10,1,0.000000,s10_p1
1779334165.0,10,2,0.000000,s10_p2
1779334165.0,10,3,0.000000,s10_p3
1779334165.0,17,4,0.000000,s17_p4
1779334165.0,17,1,0.748353,s17_p1
1779334165.0,17,2,0.615581,s17_p2
1779334165.0,17,3,0.688002,s17_p3
1779334165.0,11,4,0.000000,s11_p4
1779334165.0,11,1,0.123143,s11_p1
1779334165.0,11,2,0.000000,s11_p2
1779334165.0,11,3,0.000000,s11_p3
1779334165.0,9,1,0.000000,s9_p1
1779334165.0,9,4,0.000000,s9_p4
1779334165.0,9,2,0.149713,s9_p2
1779334165.0,9,3,0.615755,s9_p3
1779334165.0,19,1,0.000000,s19_p1
1779334165.0,19,4,0.000000,s19_p4
1779334165.0,19,2,0.000000,s19_p2
1779334165.0,19,3,0.000000,s19_p3
1779334165.0,3,4,0.159644,s3_p4
1779334165.0,3,1,0.000000,s3_p1
1779334165.0,3,2,0.120943,s3_p2
1779334165.0,3,3,0.000000,s3_p3
1779334165.0,14,4,0.000000,s14_p4
1779334165.0,14,1,0.028999,s14_p1
1779334165.0,14,2,0.159497,s14_p2
1779334165.0,14,3,0.000000,s14_p3
1779334165.0,6,1,0.137746,s6_p1
1779334165.0,6,4,0.000000,s6_p4
1779334165.0,6,2,0.159495,s6_p2
1779334165.0,6,3,0.000000,s6_p3
1779334165.0,1,4,0.079728,s1_p4
1779334165.0,1,1,0.000000,s1_p1
1779334165.0,1,2,0.000000,s1_p2
1779334165.0,1,3,0.120800,s1_p3
1779334165.0,10,4,0.399208,s10_p4
1779334165.0,10,1,0.000000,s10_p1
1779334165.0,10,2,0.000000,s10_p2
1779334165.0,10,3,0.000000,s10_p3
1779334165.0,15,4,0.000000,s15_p4
1779334165.0,15,1,0.000000,s15_p1
1779334165.0,15,2,0.000000,s15_p2
1779334165.0,15,3,0.895084,s15_p3
1779334165.0,7,1,0.000000,s7_p1
1779334165.0,7,4,0.029011,s7_p4
1779334165.0,7,2,0.000000,s7_p2
1779334165.0,7,3,0.137801,s7_p3
1779334165.0,13,1,0.000000,s13_p1
1779334165.0,13,4,0.000000,s13_p4
1779334165.0,13,2,0.137712,s13_p2
1779334165.0,13,3,0.543600,s13_p3
1779334165.0,8,4,0.123222,s8_p4
1779334165.0,8,1,0.000000,s8_p1
1779334165.0,8,2,0.000000,s8_p2
1779334165.0,8,3,0.041074,s8_p3
1779334165.0,4,1,0.077330,s4_p1
1779334165.0,4,4,0.000000,s4_p4
1779334165.0,4,2,0.123245,s4_p2
1779334165.0,4,3,0.000000,s4_p3
1779334165.0,5,4,0.000000,s5_p4
1779334165.0,5,1,0.029012,s5_p1
1779334165.0,5,2,0.000000,s5_p2
1779334165.0,5,3,0.108793,s5_p3
1779334165.0,20,1,0.000000,s20_p1
1779334165.0,20,4,0.000000,s20_p4
1779334165.0,20,2,1.000000,s20_p2
1779334165.0,20,3,0.942407,s20_p3
1779334165.0,12,4,0.797283,s12_p4
1779334165.0,12,1,0.000000,s12_p1
1779334165.0,12,2,0.200529,s12_p2
1779334165.0,12,3,0.000000,s12_p3
1779334165.0,2,1,0.043503,s2_p1
1779334165.0,2,4,0.000000,s2_p4
1779334165.0,2,2,0.108758,s2_p2
1779334165.0,2,3,0.000000,s2_p3
1779334165.0,16,1,0.000000,s16_p1
1779334165.0,16,4,0.761275,s16_p4
1779334165.0,16,2,0.000000,s16_p2
1779334165.0,16,3,0.000000,s16_p3
1779334165.0,17,4,0.000000,s17_p4
1779334165.0,17,1,0.761282,s17_p1
1779334165.0,17,2,0.604192,s17_p2
1779334165.0,17,3,0.688779,s17_p3
1779334165.0,18,4,0.000000,s18_p4
1779334165.0,18,1,0.000000,s18_p1
1779334165.0,18,2,0.000000,s18_p2
1779334165.0,18,3,0.000000,s18_p3
1779334165.0,11,4,0.000000,s11_p4
1779334165.0,11,1,0.120835,s11_p1
1779334165.0,11,2,0.000000,s11_p2
1779334165.0,11,3,0.000000,s11_p3
1779334165.0,9,1,0.000000,s9_p1
1779334165.0,9,4,0.000000,s9_p4
1779334165.0,9,2,0.152255,s9_p2
1779334165.0,9,3,0.604185,s9_p3
1779334166.0,19,1,0.000000,s19_p1
1779334166.0,19,4,0.000000,s19_p4
1779334166.0,19,2,0.000000,s19_p2
1779334166.0,19,3,0.000000,s19_p3
1779334166.0,3,4,0.159479,s3_p4
1779334166.0,3,1,0.000000,s3_p1
1779334166.0,3,2,0.123234,s3_p2
1779334166.0,3,3,0.000000,s3_p3
1779334166.0,1,4,0.077330,s1_p4
1779334166.0,1,1,0.000000,s1_p1
1779334166.0,1,2,0.000000,s1_p2
1779334166.0,1,3,0.123245,s1_p3
1779334166.0,6,1,0.137737,s6_p1
1779334166.0,6,4,0.000000,s6_p4
1779334166.0,6,2,0.159485,s6_p2
1779334166.0,6,3,0.000000,s6_p3
1779334166.0,14,4,0.000000,s14_p4
1779334166.0,14,1,0.028995,s14_p1
1779334166.0,14,2,0.159473,s14_p2
1779334166.0,14,3,0.000000,s14_p3
1779334166.0,7,1,0.000000,s7_p1
1779334166.0,7,4,0.029000,s7_p4
1779334166.0,7,2,0.000000,s7_p2
1779334166.0,7,3,0.137749,s7_p3
1779334166.0,15,4,0.000000,s15_p4
1779334166.0,15,1,0.000000,s15_p1
1779334166.0,15,2,0.000000,s15_p2
1779334166.0,15,3,0.906176,s15_p3
1779334166.0,13,1,0.000000,s13_p1
1779334166.0,13,4,0.000000,s13_p4
1779334166.0,13,2,0.137743,s13_p2
1779334166.0,13,3,0.543724,s13_p3
1779334166.0,10,4,0.386597,s10_p4
1779334166.0,10,1,0.000000,s10_p1
1779334166.0,10,2,0.000000,s10_p2
1779334166.0,10,3,0.000000,s10_p3
1779334166.0,8,4,0.123238,s8_p4
1779334166.0,8,1,0.000000,s8_p1
1779334166.0,8,2,0.000000,s8_p2
1779334166.0,8,3,0.043496,s8_p3
1779334166.0,18,4,0.000000,s18_p4
1779334166.0,18,1,0.000000,s18_p1
1779334166.0,18,2,0.000000,s18_p2
1779334166.0,18,3,0.000000,s18_p3
1779334166.0,20,1,0.000000,s20_p1
1779334166.0,20,4,0.000000,s20_p4
1779334166.0,20,2,0.990680,s20_p2
1779334166.0,20,3,0.942354,s20_p3
1779334166.0,5,4,0.000000,s5_p4
1779334166.0,5,1,0.028994,s5_p1
1779334166.0,5,2,0.000000,s5_p2
1779334166.0,5,3,0.108726,s5_p3
1779334166.0,4,1,0.074887,s4_p1
1779334166.0,4,4,0.000000,s4_p4
1779334166.0,4,2,0.123201,s4_p2
1779334166.0,4,3,0.000000,s4_p3
1779334166.0,12,4,0.797267,s12_p4
1779334166.0,12,1,0.000000,s12_p1
1779334166.0,12,2,0.198109,s12_p2
1779334166.0,12,3,0.000000,s12_p3
1779334166.0,2,1,0.041069,s2_p1
1779334166.0,2,4,0.000000,s2_p4
1779334166.0,2,2,0.108713,s2_p2
1779334166.0,2,3,0.000000,s2_p3
1779334166.0,16,1,0.000000,s16_p1
1779334166.0,16,4,0.760990,s16_p4
1779334166.0,16,2,0.000000,s16_p2
1779334166.0,16,3,0.000000,s16_p3
1779334166.0,11,4,0.000000,s11_p4
1779334166.0,11,1,0.123232,s11_p1
1779334166.0,11,2,0.000000,s11_p2
1779334166.0,11,3,0.000000,s11_p3
1779334166.0,9,1,0.000000,s9_p1
1779334166.0,9,4,0.000000,s9_p4
1779334166.0,9,2,0.149816,s9_p2
1779334166.0,9,3,0.616177,s9_p3
1779334166.0,17,4,0.000000,s17_p4
1779334166.0,17,1,0.748878,s17_p1
1779334166.0,17,2,0.616012,s17_p2
1779334166.0,17,3,0.688484,s17_p3
1779334166.0,19,1,0.000000,s19_p1
1779334166.0,19,4,0.000000,s19_p4
1779334166.0,19,2,0.000000,s19_p2
1779334166.0,19,3,0.000000,s19_p3
1779334166.0,3,4,0.159489,s3_p4
1779334166.0,3,1,0.000000,s3_p1
1779334166.0,3,2,0.120825,s3_p2
1779334166.0,3,3,0.000000,s3_p3
1779334166.0,14,4,0.000000,s14_p4
1779334166.0,14,1,0.028999,s14_p1
1779334166.0,14,2,0.159497,s14_p2
1779334166.0,14,3,0.000000,s14_p3
1779334166.0,6,1,0.137725,s6_p1
1779334166.0,6,4,0.000000,s6_p4
1779334166.0,6,2,0.159472,s6_p2
1779334166.0,6,3,0.000000,s6_p3
1779334166.0,1,4,0.077315,s1_p4
1779334166.0,1,1,0.000000,s1_p1
1779334166.0,1,2,0.000000,s1_p2
1779334166.0,1,3,0.120805,s1_p3
1779334166.0,4,1,0.079789,s4_p1
1779334166.0,4,4,0.000000,s4_p4
1779334166.0,4,2,0.120893,s4_p2
1779334166.0,4,3,0.000000,s4_p3
1779334166.0,13,1,0.000000,s13_p1
1779334166.0,13,4,0.000000,s13_p4
1779334166.0,13,2,0.137698,s13_p2
1779334166.0,13,3,0.543545,s13_p3
1779334166.0,7,1,0.000000,s7_p1
1779334166.0,7,4,0.028986,s7_p4
1779334166.0,7,2,0.000000,s7_p2
1779334166.0,7,3,0.137684,s7_p3
1779334166.0,10,4,0.386508,s10_p4
1779334166.0,10,1,0.000000,s10_p1
1779334166.0,10,2,0.000000,s10_p2
1779334166.0,10,3,0.000000,s10_p3
1779334166.0,8,4,0.123203,s8_p4
1779334166.0,8,1,0.000000,s8_p1
1779334166.0,8,2,0.000000,s8_p2
1779334166.0,8,3,0.041068,s8_p3
1779334166.0,15,4,0.000000,s15_p4
1779334166.0,15,1,0.000000,s15_p1
1779334166.0,15,2,0.000000,s15_p2
1779334166.0,15,3,0.893699,s15_p3
1779334166.0,17,4,0.000000,s17_p4
1779334166.0,17,1,0.749461,s17_p1
1779334166.0,17,2,0.604404,s17_p2
1779334166.0,17,3,0.689020,s17_p3
1779334166.0,18,4,0.000000,s18_p4
1779334166.0,18,1,0.000000,s18_p1
1779334166.0,18,2,0.000000,s18_p2
1779334166.0,18,3,0.000000,s18_p3
1779334166.0,20,1,0.000000,s20_p1
1779334166.0,20,4,0.000000,s20_p4
1779334166.0,20,2,1.000000,s20_p2
1779334166.0,20,3,0.942124,s20_p3
1779334166.0,5,4,0.000000,s5_p4
1779334166.0,5,1,0.028989,s5_p1
1779334166.0,5,2,0.000000,s5_p2
1779334166.0,5,3,0.108708,s5_p3
1779334166.0,12,4,0.797026,s12_p4
1779334166.0,12,1,0.000000,s12_p1
1779334166.0,12,2,0.200464,s12_p2
1779334166.0,12,3,0.000000,s12_p3
1779334166.0,16,1,0.000000,s16_p1
1779334166.0,16,4,0.760862,s16_p4
1779334166.0,16,2,0.000000,s16_p2
1779334166.0,16,3,0.000000,s16_p3
1779334166.0,11,4,0.000000,s11_p4
1779334166.0,11,1,0.120767,s11_p1
1779334166.0,11,2,0.000000,s11_p2
1779334166.0,11,3,0.000000,s11_p3
1779334166.0,2,1,0.041056,s2_p1
1779334166.0,2,4,0.000000,s2_p4
1779334166.0,2,2,0.108676,s2_p2
1779334166.0,2,3,0.000000,s2_p3
1779334166.0,9,1,0.000000,s9_p1
1779334166.0,9,4,0.000000,s9_p4
1779334166.0,9,2,0.149746,s9_p2
1779334166.0,9,3,0.603813,s9_p3
1779334167.0,6,1,0.140164,s6_p1
1779334167.0,6,4,0.000000,s6_p4
1779334167.0,6,2,0.159497,s6_p2
1779334167.0,6,3,0.000000,s6_p3
1779334167.0,10,4,0.386664,s10_p4
1779334167.0,10,1,0.000000,s10_p1
1779334167.0,10,2,0.000000,s10_p2
1779334167.0,10,3,0.000000,s10_p3
1779334167.0,14,4,0.000000,s14_p4
1779334167.0,14,1,0.028972,s14_p1
1779334167.0,14,2,0.159345,s14_p2
1779334167.0,14,3,0.000000,s14_p3
1779334167.0,3,4,0.159325,s3_p4
1779334167.0,3,1,0.000000,s3_p1
1779334167.0,3,2,0.120701,s3_p2
1779334167.0,3,3,0.000000,s3_p3
1779334167.0,1,4,0.077265,s1_p4
1779334167.0,1,1,0.000000,s1_p1
1779334167.0,1,2,0.000000,s1_p2
1779334167.0,1,3,0.120727,s1_p3
1779334167.0,15,4,0.000000,s15_p4
1779334167.0,15,1,0.000000,s15_p1
1779334167.0,15,2,0.000000,s15_p2
1779334167.0,15,3,0.918196,s15_p3
1779334167.0,20,1,0.000000,s20_p1
1779334167.0,20,4,0.000000,s20_p4
1779334167.0,20,2,1.000000,s20_p2
1779334167.0,20,3,0.942523,s20_p3
1779334167.0,12,4,0.797765,s12_p4
1779334167.0,12,1,0.000000,s12_p1
1779334167.0,12,2,0.200650,s12_p2
1779334167.0,12,3,0.000000,s12_p3
1779334167.0,8,4,0.120752,s8_p4
1779334167.0,8,1,0.000000,s8_p1
1779334167.0,8,2,0.000000,s8_p2
1779334167.0,8,3,0.043471,s8_p3
1779334167.0,7,1,0.000000,s7_p1
1779334167.0,7,4,0.028979,s7_p4
1779334167.0,7,2,0.000000,s7_p2
1779334167.0,7,3,0.140063,s7_p3
1779334167.0,13,1,0.000000,s13_p1
1779334167.0,13,4,0.000000,s13_p4
1779334167.0,13,2,0.140056,s13_p2
1779334167.0,13,3,0.543320,s13_p3
1779334167.0,4,1,0.077230,s4_p1
1779334167.0,4,4,0.000000,s4_p4
1779334167.0,4,2,0.123086,s4_p2
1779334167.0,4,3,0.000000,s4_p3
1779334167.0,17,4,0.000000,s17_p4
1779334167.0,17,1,0.760675,s17_p1
1779334167.0,17,2,0.615785,s17_p2
1779334167.0,17,3,0.700304,s17_p3
1779334167.0,18,4,0.000000,s18_p4
1779334167.0,18,1,0.000000,s18_p1
1779334167.0,18,2,0.000000,s18_p2
1779334167.0,18,3,0.000000,s18_p3
1779334167.0,5,4,0.000000,s5_p4
1779334167.0,5,1,0.028979,s5_p1
1779334167.0,5,2,0.000000,s5_p2
1779334167.0,5,3,0.108673,s5_p3
1779334167.0,16,1,0.000000,s16_p1
1779334167.0,16,4,0.749131,s16_p4
1779334167.0,16,2,0.000000,s16_p2
1779334167.0,16,3,0.000000,s16_p3
1779334167.0,2,1,0.043501,s2_p1
1779334167.0,2,4,0.000000,s2_p4
1779334167.0,2,2,0.108753,s2_p2
1779334167.0,2,3,0.000000,s2_p3
1779334167.0,9,1,0.000000,s9_p1
1779334167.0,9,4,0.000000,s9_p4
1779334167.0,9,2,0.152218,s9_p2
1779334167.0,9,3,0.616122,s9_p3
1779334167.0,19,1,0.000000,s19_p1
1779334167.0,19,4,0.000000,s19_p4
1779334167.0,19,2,0.000000,s19_p2
1779334167.0,19,3,0.000000,s19_p3
1779334167.0,11,4,0.000000,s11_p4
1779334167.0,11,1,0.123206,s11_p1
1779334167.0,11,2,0.000000,s11_p2
1779334167.0,11,3,0.000000,s11_p3
1779334167.0,19,1,0.000000,s19_p1
1779334167.0,19,4,0.000000,s19_p4
1779334167.0,19,2,0.000000,s19_p2
1779334167.0,19,3,0.000000,s19_p3
1779334167.0,6,1,0.137570,s6_p1
1779334167.0,6,4,0.000000,s6_p4
1779334167.0,6,2,0.159292,s6_p2
1779334167.0,6,3,0.000000,s6_p3
1779334167.0,3,4,0.159319,s3_p4
1779334167.0,3,1,0.000000,s3_p1
1779334167.0,3,2,0.123110,s3_p2
1779334167.0,3,3,0.000000,s3_p3
1779334167.0,15,4,0.000000,s15_p4
1779334167.0,15,1,0.000000,s15_p1
1779334167.0,15,2,0.000000,s15_p2
1779334167.0,15,3,0.893125,s15_p3
1779334167.0,8,4,0.123160,s8_p4
1779334167.0,8,1,0.000000,s8_p1
1779334167.0,8,2,0.000000,s8_p2
1779334167.0,8,3,0.041053,s8_p3
1779334167.0,13,1,0.000000,s13_p1
1779334167.0,13,4,0.000000,s13_p4
1779334167.0,13,2,0.137652,s13_p2
1779334167.0,13,3,0.543362,s13_p3
1779334167.0,7,1,0.000000,s7_p1
1779334167.0,7,4,0.028978,s7_p4
1779334167.0,7,2,0.000000,s7_p2
1779334167.0,7,3,0.137646,s7_p3
1779334167.0,14,4,0.000000,s14_p4
1779334167.0,14,1,0.028960,s14_p1
1779334167.0,14,2,0.159280,s14_p2
1779334167.0,14,3,0.000000,s14_p3
1779334167.0,10,4,0.386080,s10_p4
1779334167.0,10,1,0.000000,s10_p1
1779334167.0,10,2,0.000000,s10_p2
1779334167.0,10,3,0.000000,s10_p3
1779334167.0,1,4,0.077229,s1_p4
1779334167.0,1,1,0.000000,s1_p1
1779334167.0,1,2,0.000000,s1_p2
1779334167.0,1,3,0.123084,s1_p3
1779334167.0,17,4,0.000000,s17_p4
1779334167.0,17,1,0.748474,s17_p1
1779334167.0,17,2,0.603608,s17_p2
1779334167.0,17,3,0.688114,s17_p3
1779334167.0,2,1,0.041049,s2_p1
1779334167.0,2,4,0.000000,s2_p4
1779334167.0,2,2,0.108658,s2_p2
1779334167.0,2,3,0.000000,s2_p3
1779334167.0,4,1,0.077248,s4_p1
1779334167.0,4,4,0.000000,s4_p4
1779334167.0,4,2,0.123113,s4_p2
1779334167.0,4,3,0.000000,s4_p3
1779334167.0,18,4,0.000000,s18_p4
1779334167.0,18,1,0.000000,s18_p1
1779334167.0,18,2,0.000000,s18_p2
1779334167.0,18,3,0.000000,s18_p3
1779334167.0,16,1,0.000000,s16_p1
1779334167.0,16,4,0.760506,s16_p4
1779334167.0,16,2,0.000000,s16_p2
1779334167.0,16,3,0.000000,s16_p3
1779334167.0,12,4,0.796091,s12_p4
1779334167.0,12,1,0.000000,s12_p1
1779334167.0,12,2,0.200229,s12_p2
1779334167.0,12,3,0.000000,s12_p3
1779334167.0,20,1,0.000000,s20_p1
1779334167.0,20,4,0.000000,s20_p4
1779334167.0,20,2,1.000000,s20_p2
1779334167.0,20,3,0.940735,s20_p3
1779334167.0,5,4,0.000000,s5_p4
1779334167.0,5,1,0.028966,s5_p1
1779334167.0,5,2,0.000000,s5_p2
1779334167.0,5,3,0.108623,s5_p3
1779334167.0,11,4,0.000000,s11_p4
1779334167.0,11,1,0.120714,s11_p1
1779334167.0,11,2,0.000000,s11_p2
1779334167.0,11,3,0.000000,s11_p3
1779334167.0,9,1,0.000000,s9_p1
1779334167.0,9,4,0.000000,s9_p4
1779334167.0,9,2,0.149662,s9_p2
1779334167.0,9,3,0.603475,s9_p3
1779334168.0,6,1,0.137796,s6_p1
1779334168.0,6,4,0.000000,s6_p4
1779334168.0,6,2,0.159553,s6_p2
1779334168.0,6,3,0.000000,s6_p3
1779334168.0,19,1,0.000000,s19_p1
1779334168.0,19,4,0.000000,s19_p4
1779334168.0,19,2,0.000000,s19_p2
1779334168.0,19,3,0.000000,s19_p3
1779334168.0,3,4,0.159565,s3_p4
1779334168.0,3,1,0.000000,s3_p1
1779334168.0,3,2,0.120883,s3_p2
1779334168.0,3,3,0.000000,s3_p3
1779334168.0,1,4,0.077377,s1_p4
1779334168.0,1,1,0.000000,s1_p1
1779334168.0,1,2,0.000000,s1_p2
1779334168.0,1,3,0.120901,s1_p3
1779334168.0,10,4,0.386862,s10_p4
1779334168.0,10,1,0.000000,s10_p1
1779334168.0,10,2,0.000000,s10_p2
1779334168.0,10,3,0.000000,s10_p3
1779334168.0,15,4,0.000000,s15_p4
1779334168.0,15,1,0.000000,s15_p1
1779334168.0,15,2,0.000000,s15_p2
1779334168.0,15,3,0.906556,s15_p3
1779334168.0,13,1,0.000000,s13_p1
1779334168.0,13,4,0.000000,s13_p4
1779334168.0,13,2,0.137751,s13_p2
1779334168.0,13,3,0.543754,s13_p3
1779334168.0,8,4,0.123240,s8_p4
1779334168.0,8,1,0.000000,s8_p1
1779334168.0,8,2,0.000000,s8_p2
1779334168.0,8,3,0.043497,s8_p3
1779334168.0,7,1,0.000000,s7_p1
1779334168.0,7,4,0.028998,s7_p4
1779334168.0,7,2,0.000000,s7_p2
1779334168.0,7,3,0.137740,s7_p3
1779334168.0,4,1,0.077389,s4_p1
1779334168.0,4,4,0.000000,s4_p4
1779334168.0,4,2,0.123339,s4_p2
1779334168.0,4,3,0.000000,s4_p3
1779334168.0,20,1,0.000000,s20_p1
1779334168.0,20,4,0.000000,s20_p4
1779334168.0,20,2,1.000000,s20_p2
1779334168.0,20,3,0.943293,s20_p3
1779334168.0,18,4,0.000000,s18_p4
1779334168.0,18,1,0.000000,s18_p1
1779334168.0,18,2,0.000000,s18_p2
1779334168.0,18,3,0.000000,s18_p3
1779334168.0,17,4,0.000000,s17_p4
1779334168.0,17,1,0.761343,s17_p1
1779334168.0,17,2,0.604240,s17_p2
1779334168.0,17,3,0.688834,s17_p3
1779334168.0,16,1,0.000000,s16_p1
1779334168.0,16,4,0.761453,s16_p4
1779334168.0,16,2,0.000000,s16_p2
1779334168.0,16,3,0.000000,s16_p3
1779334168.0,5,4,0.000000,s5_p4
1779334168.0,5,1,0.029011,s5_p1
1779334168.0,5,2,0.000000,s5_p2
1779334168.0,5,3,0.108792,s5_p3
1779334168.0,12,4,0.809808,s12_p4
1779334168.0,12,1,0.000000,s12_p1
1779334168.0,12,2,0.200639,s12_p2
1779334168.0,12,3,0.000000,s12_p3
1779334168.0,11,4,0.000000,s11_p4
1779334168.0,11,1,0.120876,s11_p1
1779334168.0,11,2,0.000000,s11_p2
1779334168.0,11,3,0.000000,s11_p3
1779334168.0,2,1,0.043492,s2_p1
1779334168.0,2,4,0.000000,s2_p4
1779334168.0,2,2,0.108730,s2_p2
1779334168.0,2,3,0.000000,s2_p3
1779334168.0,9,1,0.000000,s9_p1
1779334168.0,9,4,0.000000,s9_p4
1779334168.0,9,2,0.152301,s9_p2
1779334168.0,9,3,0.604370,s9_p3
1779334168.0,14,4,0.000000,s14_p4
1779334168.0,14,1,0.028967,s14_p1
1779334168.0,14,2,0.161731,s14_p2
1779334168.0,14,3,0.000000,s14_p3
1779334168.0,6,1,0.137742,s6_p1
1779334168.0,6,4,0.000000,s6_p4
1779334168.0,6,2,0.159490,s6_p2
1779334168.0,6,3,0.000000,s6_p3
1779334168.0,1,4,0.077323,s1_p4
1779334168.0,1,1,0.000000,s1_p1
1779334168.0,1,2,0.000000,s1_p2
1779334168.0,1,3,0.123233,s1_p3
1779334168.0,14,4,0.000000,s14_p4
1779334168.0,14,1,0.029042,s14_p1
1779334168.0,14,2,0.157310,s14_p2
1779334168.0,14,3,0.000000,s14_p3
1779334168.0,3,4,0.159443,s3_p4
1779334168.0,3,1,0.000000,s3_p1
1779334168.0,3,2,0.123206,s3_p2
1779334168.0,3,3,0.000000,s3_p3
1779334168.0,15,4,0.000000,s15_p4
1779334168.0,15,1,0.000000,s15_p1
1779334168.0,15,2,0.000000,s15_p2
1779334168.0,15,3,0.893956,s15_p3
1779334168.0,10,4,0.386545,s10_p4
1779334168.0,10,1,0.000000,s10_p1
1779334168.0,10,2,0.000000,s10_p2
1779334168.0,10,3,0.000000,s10_p3
1779334168.0,4,1,0.077320,s4_p1
1779334168.0,4,4,0.000000,s4_p4
1779334168.0,4,2,0.120813,s4_p2
1779334168.0,4,3,0.000000,s4_p3
1779334168.0,13,1,0.000000,s13_p1
1779334168.0,13,4,0.000000,s13_p4
1779334168.0,13,2,0.137698,s13_p2
1779334168.0,13,3,0.543544,s13_p3
1779334168.0,8,4,0.123207,s8_p4
1779334168.0,8,1,0.000000,s8_p1
1779334168.0,8,2,0.000000,s8_p2
1779334168.0,8,3,0.041069,s8_p3
1779334168.0,7,1,0.000000,s7_p1
1779334168.0,7,4,0.028990,s7_p4
1779334168.0,7,2,0.000000,s7_p2
1779334168.0,7,3,0.137705,s7_p3
1779334168.0,20,1,0.000000,s20_p1
1779334168.0,20,4,0.000000,s20_p4
1779334168.0,20,2,0.990570,s20_p2
1779334168.0,20,3,0.954330,s20_p3
1779334168.0,5,4,0.000000,s5_p4
1779334168.0,5,1,0.028992,s5_p1
1779334168.0,5,2,0.000000,s5_p2
1779334168.0,5,3,0.108720,s5_p3
1779334168.0,18,4,0.000000,s18_p4
1779334168.0,18,1,0.000000,s18_p1
1779334168.0,18,2,0.000000,s18_p2
1779334168.0,18,3,0.000000,s18_p3
1779334168.0,17,4,0.000000,s17_p4
1779334168.0,17,1,0.748812,s17_p1
1779334168.0,17,2,0.615958,s17_p2
1779334168.0,17,3,0.688424,s17_p3
1779334168.0,12,4,0.797159,s12_p4
1779334168.0,12,1,0.000000,s12_p1
1779334168.0,12,2,0.198082,s12_p2
1779334168.0,12,3,0.000000,s12_p3
1779334168.0,2,1,0.041078,s2_p1
1779334168.0,2,4,0.000000,s2_p4
1779334168.0,2,2,0.108736,s2_p2
1779334168.0,2,3,0.000000,s2_p3
1779334168.0,16,1,0.000000,s16_p1
1779334168.0,16,4,0.760597,s16_p4
1779334168.0,16,2,0.000000,s16_p2
1779334168.0,16,3,0.000000,s16_p3
1779334168.0,9,1,0.000000,s9_p1
1779334168.0,9,4,0.000000,s9_p4
1779334168.0,9,2,0.149751,s9_p2
1779334168.0,9,3,0.615912,s9_p3
1779334168.0,11,4,0.000000,s11_p4
1779334168.0,11,1,0.123155,s11_p1
1779334168.0,11,2,0.000000,s11_p2
1779334168.0,11,3,0.000000,s11_p3
1779334168.0,19,1,0.000000,s19_p1
1779334168.0,19,4,0.000000,s19_p4
1779334168.0,19,2,0.000000,s19_p2
1779334168.0,19,3,0.000000,s19_p3
1779334169.0,6,1,0.137582,s6_p1
1779334169.0,6,4,0.000000,s6_p4
1779334169.0,6,2,0.161719,s6_p2
1779334169.0,6,3,0.000000,s6_p3
1779334169.0,1,4,0.079651,s1_p4
1779334169.0,1,1,0.000000,s1_p1
1779334169.0,1,2,0.000000,s1_p2
1779334169.0,1,3,0.120684,s1_p3
1779334169.0,14,4,0.000000,s14_p4
1779334169.0,14,1,0.028962,s14_p1
1779334169.0,14,2,0.161707,s14_p2
1779334169.0,14,3,0.000000,s14_p3
1779334169.0,15,4,0.000000,s15_p4
1779334169.0,15,1,0.000000,s15_p1
1779334169.0,15,2,0.000000,s15_p2
1779334169.0,15,3,0.892630,s15_p3
1779334169.0,10,4,0.398040,s10_p4
1779334169.0,10,1,0.000000,s10_p1
1779334169.0,10,2,0.000000,s10_p2
1779334169.0,10,3,0.000000,s10_p3
1779334169.0,3,4,0.161606,s3_p4
1779334169.0,3,1,0.000000,s3_p1
1779334169.0,3,2,0.120602,s3_p2
1779334169.0,3,3,0.000000,s3_p3
1779334169.0,13,1,0.000000,s13_p1
1779334169.0,13,4,0.000000,s13_p4
1779334169.0,13,2,0.137489,s13_p2
1779334169.0,13,3,0.542718,s13_p3
1779334169.0,8,4,0.122986,s8_p4
1779334169.0,8,1,0.000000,s8_p1
1779334169.0,8,2,0.000000,s8_p2
1779334169.0,8,3,0.040995,s8_p3
1779334169.0,7,1,0.000000,s7_p1
1779334169.0,7,4,0.028937,s7_p4
1779334169.0,7,2,0.000000,s7_p2
1779334169.0,7,3,0.137450,s7_p3
1779334169.0,4,1,0.077154,s4_p1
1779334169.0,4,4,0.000000,s4_p4
1779334169.0,4,2,0.122964,s4_p2
1779334169.0,4,3,0.000000,s4_p3
1779334169.0,5,4,0.000000,s5_p4
1779334169.0,5,1,0.028931,s5_p1
1779334169.0,5,2,0.000000,s5_p2
1779334169.0,5,3,0.108491,s5_p3
1779334169.0,12,4,0.795670,s12_p4
1779334169.0,12,1,0.000000,s12_p1
1779334169.0,12,2,0.200123,s12_p2
1779334169.0,12,3,0.000000,s12_p3
1779334169.0,20,1,0.000000,s20_p1
1779334169.0,20,4,0.000000,s20_p4
1779334169.0,20,2,0.999888,s20_p2
1779334169.0,20,3,0.939653,s20_p3
1779334169.0,17,4,0.000000,s17_p4
1779334169.0,17,1,0.759433,s17_p1
1779334169.0,17,2,0.602725,s17_p2
1779334169.0,17,3,0.687106,s17_p3
1779334169.0,2,1,0.040986,s2_p1
1779334169.0,2,4,0.000000,s2_p4
1779334169.0,2,2,0.110904,s2_p2
1779334169.0,2,3,0.000000,s2_p3
1779334169.0,18,4,0.000000,s18_p4
1779334169.0,18,1,0.000000,s18_p1
1779334169.0,18,2,0.000000,s18_p2
1779334169.0,18,3,0.000000,s18_p3
1779334169.0,16,1,0.000000,s16_p1
1779334169.0,16,4,0.759699,s16_p4
1779334169.0,16,2,0.000000,s16_p2
1779334169.0,16,3,0.000000,s16_p3
1779334169.0,9,1,0.000000,s9_p1
1779334169.0,9,4,0.000000,s9_p4
1779334169.0,9,2,0.151912,s9_p2
1779334169.0,9,3,0.602826,s9_p3
1779334169.0,11,4,0.000000,s11_p4
1779334169.0,11,1,0.120575,s11_p1
1779334169.0,11,2,0.000000,s11_p2
1779334169.0,11,3,0.000000,s11_p3
1779334169.0,19,1,0.000000,s19_p1
1779334169.0,19,4,0.000000,s19_p4
1779334169.0,19,2,0.000000,s19_p2
1779334169.0,19,3,0.000000,s19_p3
1779334169.0,14,4,0.000000,s14_p4
1779334169.0,14,1,0.029034,s14_p1
1779334169.0,14,2,0.159687,s14_p2
1779334169.0,14,3,0.000000,s14_p3
1779334169.0,15,4,0.000000,s15_p4
1779334169.0,15,1,0.000000,s15_p1
1779334169.0,15,2,0.000000,s15_p2
1779334169.0,15,3,0.907047,s15_p3
1779334169.0,3,4,0.159650,s3_p4
1779334169.0,3,1,0.000000,s3_p1
1779334169.0,3,2,0.123366,s3_p2
1779334169.0,3,3,0.000000,s3_p3
1779334169.0,8,4,0.123462,s8_p4
1779334169.0,8,1,0.000000,s8_p1
1779334169.0,8,2,0.000000,s8_p2
1779334169.0,8,3,0.043575,s8_p3
1779334169.0,6,1,0.137648,s6_p1
1779334169.0,6,4,0.000000,s6_p4
1779334169.0,6,2,0.159382,s6_p2
1779334169.0,6,3,0.000000,s6_p3
1779334169.0,10,4,0.386974,s10_p4
1779334169.0,10,1,0.000000,s10_p1
1779334169.0,10,2,0.000000,s10_p2
1779334169.0,10,3,0.000000,s10_p3
1779334169.0,13,1,0.000000,s13_p1
1779334169.0,13,4,0.000000,s13_p4
1779334169.0,13,2,0.137935,s13_p2
1779334169.0,13,3,0.544479,s13_p3
1779334169.0,1,4,0.077328,s1_p4
1779334169.0,1,1,0.000000,s1_p1
1779334169.0,1,2,0.000000,s1_p2
1779334169.0,1,3,0.123242,s1_p3
1779334169.0,4,1,0.077400,s4_p1
1779334169.0,4,4,0.000000,s4_p4
1779334169.0,4,2,0.123356,s4_p2
1779334169.0,4,3,0.000000,s4_p3
1779334169.0,16,1,0.000000,s16_p1
1779334169.0,16,4,0.762539,s16_p4
1779334169.0,16,2,0.000000,s16_p2
1779334169.0,16,3,0.000000,s16_p3
1779334169.0,20,1,0.000000,s20_p1
1779334169.0,20,4,0.000000,s20_p4
1779334169.0,20,2,1.000000,s20_p2
1779334169.0,20,3,0.943981,s20_p3
1779334169.0,12,4,0.798701,s12_p4
1779334169.0,12,1,0.000000,s12_p1
1779334169.0,12,2,0.200885,s12_p2
1779334169.0,12,3,0.000000,s12_p3
1779334169.0,18,4,0.000000,s18_p4
1779334169.0,18,1,0.000000,s18_p1
1779334169.0,18,2,0.000000,s18_p2
1779334169.0,18,3,0.000000,s18_p3
1779334169.0,7,1,0.000000,s7_p1
1779334169.0,7,4,0.029017,s7_p4
1779334169.0,7,2,0.000000,s7_p2
1779334169.0,7,3,0.137833,s7_p3
1779334169.0,5,4,0.000000,s5_p4
1779334169.0,5,1,0.029038,s5_p1
1779334169.0,5,2,0.000000,s5_p2
1779334169.0,5,3,0.111311,s5_p3
1779334169.0,17,4,0.000000,s17_p4
1779334169.0,17,1,0.762069,s17_p1
1779334169.0,17,2,0.616913,s17_p2
1779334169.0,17,3,0.689491,s17_p3
1779334169.0,19,1,0.000000,s19_p1
1779334169.0,19,4,0.000000,s19_p4
1779334169.0,19,2,0.000000,s19_p2
1779334169.0,19,3,0.000000,s19_p3
1779334169.0,11,4,0.000000,s11_p4
1779334169.0,11,1,0.123420,s11_p1
1779334169.0,11,2,0.000000,s11_p2
1779334169.0,11,3,0.000000,s11_p3
1779334169.0,2,1,0.043543,s2_p1
1779334169.0,2,4,0.000000,s2_p4
1779334169.0,2,2,0.108858,s2_p2
1779334169.0,2,3,0.000000,s2_p3
1779334169.0,9,1,0.000000,s9_p1
1779334169.0,9,4,0.000000,s9_p4
1779334169.0,9,2,0.152444,s9_p2
1779334169.0,9,3,0.617034,s9_p3
1779334170.0,19,1,0.000000,s19_p1
1779334170.0,19,4,0.000000,s19_p4
1779334170.0,19,2,0.000000,s19_p2
1779334170.0,19,3,0.000000,s19_p3
1779334170.0,6,1,0.130499,s6_p1
1779334170.0,6,4,0.001087,s6_p4
1779334170.0,6,2,0.155615,s6_p2
1779334170.0,6,3,0.000272,s6_p3
1779334170.0,1,4,0.045908,s1_p4
1779334170.0,1,1,0.022289,s1_p1
1779334170.0,1,2,0.003643,s1_p2
1779334170.0,1,3,0.104846,s1_p3
1779334170.0,14,4,0.012211,s14_p4
1779334170.0,14,1,0.026548,s14_p1
1779334170.0,14,2,0.095073,s14_p2
1779334170.0,14,3,0.000000,s14_p3
1779334170.0,3,4,0.095144,s3_p4
1779334170.0,3,1,0.030069,s3_p1
1779334170.0,3,2,0.104173,s3_p2
1779334170.0,3,3,0.000543,s3_p3
1779334170.0,13,1,0.048533,s13_p1
1779334170.0,13,4,0.000000,s13_p4
1779334170.0,13,2,0.190632,s13_p2
1779334170.0,13,3,0.230597,s13_p3
1779334170.0,8,4,0.215979,s8_p4
1779334170.0,8,1,0.000543,s8_p1
1779334170.0,8,2,0.001356,s8_p2
1779334170.0,8,3,0.026854,s8_p3
1779334170.0,7,1,0.000272,s7_p1
1779334170.0,7,4,0.112369,s7_p4
1779334170.0,7,2,0.001358,s7_p2
1779334170.0,7,3,0.101443,s7_p3
1779334170.0,15,4,0.000000,s15_p4
1779334170.0,15,1,0.000271,s15_p1
1779334170.0,15,2,0.000542,s15_p2
1779334170.0,15,3,0.640764,s15_p3
1779334170.0,10,4,0.229182,s10_p4
1779334170.0,10,1,0.022526,s10_p1
1779334170.0,10,2,0.036187,s10_p2
1779334170.0,10,3,0.000000,s10_p3
1779334170.0,12,4,0.486284,s12_p4
1779334170.0,12,1,0.030051,s12_p1
1779334170.0,12,2,0.137585,s12_p2
1779334170.0,12,3,0.000000,s12_p3
1779334170.0,4,1,0.089923,s4_p1
1779334170.0,4,4,0.002171,s4_p4
1779334170.0,4,2,0.082051,s4_p2
1779334170.0,4,3,0.084876,s4_p3
1779334170.0,20,1,0.293687,s20_p1
1779334170.0,20,4,0.013568,s20_p4
1779334170.0,20,2,0.838075,s20_p2
1779334170.0,20,3,0.608109,s20_p3
1779334170.0,17,4,0.004072,s17_p4
1779334170.0,17,1,0.368487,s17_p1
1779334170.0,17,2,0.692793,s17_p2
1779334170.0,17,3,0.882545,s17_p3
1779334170.0,5,4,0.001357,s5_p4
1779334170.0,5,1,0.026545,s5_p1
1779334170.0,5,2,0.048536,s5_p2
1779334170.0,5,3,0.106182,s5_p3
1779334170.0,18,4,0.000000,s18_p4
1779334170.0,18,1,0.000000,s18_p1
1779334170.0,18,2,0.000000,s18_p2
1779334170.0,18,3,0.000000,s18_p3
1779334170.0,2,1,0.026865,s2_p1
1779334170.0,2,4,0.000000,s2_p4
1779334170.0,2,2,0.079647,s2_p2
1779334170.0,2,3,0.058739,s2_p3
1779334170.0,9,1,0.003368,s9_p1
1779334170.0,9,4,0.000000,s9_p4
1779334170.0,9,2,0.070307,s9_p2
1779334170.0,9,3,0.817322,s9_p3
1779334170.0,11,4,0.000000,s11_p4
1779334170.0,11,1,0.104087,s11_p1
1779334170.0,11,2,0.034418,s11_p2
1779334170.0,11,3,0.427098,s11_p3
1779334170.0,16,1,0.001356,s16_p1
1779334170.0,16,4,0.904387,s16_p4
1779334170.0,16,2,0.001356,s16_p2
1779334170.0,16,3,0.000000,s16_p3
1779334170.0,14,4,0.002720,s14_p4
1779334170.0,14,1,0.006739,s14_p1
1779334170.0,14,2,0.000000,s14_p2
1779334170.0,14,3,0.000000,s14_p3
1779334170.0,19,1,0.000000,s19_p1
1779334170.0,19,4,0.000000,s19_p4
1779334170.0,19,2,0.000000,s19_p2
1779334170.0,19,3,0.000000,s19_p3
1779334170.0,8,4,0.254129,s8_p4
1779334170.0,8,1,0.000000,s8_p1
1779334170.0,8,2,0.000000,s8_p2
1779334170.0,8,3,0.000000,s8_p3
1779334170.0,15,4,0.000000,s15_p4
1779334170.0,15,1,0.000000,s15_p1
1779334170.0,15,2,0.000000,s15_p2
1779334170.0,15,3,0.242022,s15_p3
1779334170.0,3,4,0.000000,s3_p4
1779334170.0,3,1,0.060429,s3_p1
1779334170.0,3,2,0.067680,s3_p2
1779334170.0,3,3,0.000000,s3_p3
1779334170.0,1,4,0.000000,s1_p4
1779334170.0,1,1,0.043499,s1_p1
1779334170.0,1,2,0.000000,s1_p2
1779334170.0,1,3,0.067665,s1_p3
1779334170.0,10,4,0.000000,s10_p4
1779334170.0,10,1,0.043562,s10_p1
1779334170.0,10,2,0.087124,s10_p2
1779334170.0,10,3,0.000000,s10_p3
1779334170.0,6,1,0.118373,s6_p1
1779334170.0,6,4,0.000000,s6_p4
1779334170.0,6,2,0.125621,s6_p2
1779334170.0,6,3,0.000000,s6_p3
1779334170.0,7,1,0.000000,s7_p1
1779334170.0,7,4,0.145828,s7_p4
1779334170.0,7,2,0.000544,s7_p2
1779334170.0,7,3,0.048398,s7_p3
1779334170.0,20,1,0.653559,s20_p1
1779334170.0,20,4,0.002722,s20_p4
1779334170.0,20,2,0.307328,s20_p2
1779334170.0,20,3,0.033715,s20_p3
1779334170.0,12,4,0.000000,s12_p4
1779334170.0,12,1,0.060503,s12_p1
1779334170.0,12,2,0.000951,s12_p2
1779334170.0,12,3,0.000000,s12_p3
1779334170.0,13,1,0.072550,s13_p1
1779334170.0,13,4,0.000000,s13_p4
1779334170.0,13,2,0.244251,s13_p2
1779334170.0,13,3,0.000000,s13_p3
1779334170.0,9,1,0.000000,s9_p1
1779334170.0,9,4,0.000000,s9_p4
1779334170.0,9,2,0.000000,s9_p2
1779334170.0,9,3,0.822920,s9_p3
1779334170.0,4,1,0.048371,s4_p1
1779334170.0,4,4,0.000000,s4_p4
1779334170.0,4,2,0.000950,s4_p2
1779334170.0,4,3,0.164461,s4_p3
1779334170.0,17,4,0.000000,s17_p4
1779334170.0,17,1,0.000000,s17_p1
1779334170.0,17,2,0.580573,s17_p2
1779334170.0,17,3,0.991812,s17_p3
1779334170.0,11,4,0.000000,s11_p4
1779334170.0,11,1,0.067764,s11_p1
1779334170.0,11,2,0.048403,s11_p2
1779334170.0,11,3,0.822847,s11_p3
1779334170.0,16,1,0.000544,s16_p1
1779334170.0,16,4,0.994419,s16_p4
1779334170.0,16,2,0.000000,s16_p2
1779334170.0,16,3,0.000000,s16_p3
1779334170.0,5,4,0.000544,s5_p4
1779334170.0,5,1,0.006739,s5_p1
1779334170.0,5,2,0.072569,s5_p2
1779334170.0,5,3,0.120949,s5_p3
1779334170.0,2,1,0.000000,s2_p1
1779334170.0,2,4,0.000000,s2_p4
1779334170.0,2,2,0.087111,s2_p2
1779334170.0,2,3,0.096790,s2_p3
1779334170.0,18,4,0.000000,s18_p4
1779334170.0,18,1,0.000000,s18_p1
1779334170.0,18,2,0.000000,s18_p2
1779334170.0,18,3,0.000000,s18_p3
1779334171.0,3,4,0.000000,s3_p4
1779334171.0,3,1,0.077295,s3_p1
1779334171.0,3,2,0.067633,s3_p2
1779334171.0,3,3,0.000000,s3_p3
1779334171.0,14,4,0.000000,s14_p4
1779334171.0,14,1,0.000000,s14_p1
1779334171.0,14,2,0.000000,s14_p2
1779334171.0,14,3,0.000000,s14_p3
1779334171.0,4,1,0.050740,s4_p1
1779334171.0,4,4,0.000000,s4_p4
1779334171.0,4,2,0.000000,s4_p2
1779334171.0,4,3,0.161884,s4_p3
1779334171.0,15,4,0.000000,s15_p4
1779334171.0,15,1,0.000000,s15_p1
1779334171.0,15,2,0.000000,s15_p2
1779334171.0,15,3,0.253348,s15_p3
1779334171.0,19,1,0.000000,s19_p1
1779334171.0,19,4,0.000000,s19_p4
1779334171.0,19,2,0.000000,s19_p2
1779334171.0,19,3,0.000000,s19_p3
1779334171.0,1,4,0.000000,s1_p4
1779334171.0,1,1,0.028954,s1_p1
1779334171.0,1,2,0.000000,s1_p2
1779334171.0,1,3,0.067559,s1_p3
1779334171.0,10,4,0.000000,s10_p4
1779334171.0,10,1,0.028953,s10_p1
1779334171.0,10,2,0.094098,s10_p2
1779334171.0,10,3,0.000000,s10_p3
1779334171.0,7,1,0.000000,s7_p1
1779334171.0,7,4,0.144767,s7_p4
1779334171.0,7,2,0.000000,s7_p2
1779334171.0,7,3,0.050669,s7_p3
1779334171.0,13,1,0.072418,s13_p1
1779334171.0,13,4,0.000000,s13_p4
1779334171.0,13,2,0.248636,s13_p2
1779334171.0,13,3,0.000000,s13_p3
1779334171.0,8,4,0.258103,s8_p4
1779334171.0,8,1,0.000000,s8_p1
1779334171.0,8,2,0.000000,s8_p2
1779334171.0,8,3,0.000000,s8_p3
1779334171.0,6,1,0.120625,s6_p1
1779334171.0,6,4,0.000000,s6_p4
1779334171.0,6,2,0.127863,s6_p2
1779334171.0,6,3,0.000000,s6_p3
1779334171.0,20,1,0.615413,s20_p1
1779334171.0,20,4,0.000000,s20_p4
1779334171.0,20,2,0.386142,s20_p2
1779334171.0,20,3,0.000000,s20_p3
1779334171.0,9,1,0.000000,s9_p1
1779334171.0,9,4,0.000000,s9_p4
1779334171.0,9,2,0.000000,s9_p2
1779334171.0,9,3,0.820754,s9_p3
1779334171.0,12,4,0.000000,s12_p4
1779334171.0,12,1,0.077193,s12_p1
1779334171.0,12,2,0.000000,s12_p2
1779334171.0,12,3,0.000000,s12_p3
1779334171.0,17,4,0.000000,s17_p4
1779334171.0,17,1,0.000000,s17_p1
1779334171.0,17,2,0.591431,s17_p2
1779334171.0,17,3,1.000000,s17_p3
1779334171.0,5,4,0.000000,s5_p4
1779334171.0,5,1,0.000000,s5_p1
1779334171.0,5,2,0.072423,s5_p2
1779334171.0,5,3,0.118291,s5_p3
1779334171.0,16,1,0.000000,s16_p1
1779334171.0,16,4,1.000000,s16_p4
1779334171.0,16,2,0.000000,s16_p2
1779334171.0,16,3,0.000000,s16_p3
1779334171.0,2,1,0.000000,s2_p1
1779334171.0,2,4,0.000000,s2_p4
1779334171.0,2,2,0.094149,s2_p2
1779334171.0,2,3,0.096563,s2_p3
1779334171.0,18,4,0.000000,s18_p4
1779334171.0,18,1,0.000000,s18_p1
1779334171.0,18,2,0.000000,s18_p2
1779334171.0,18,3,0.000000,s18_p3
1779334171.0,11,4,0.000000,s11_p4
1779334171.0,11,1,0.067587,s11_p1
1779334171.0,11,2,0.050690,s11_p2
1779334171.0,11,3,0.808630,s11_p3
1779334171.0,6,1,0.120907,s6_p1
1779334171.0,6,4,0.000000,s6_p4
1779334171.0,6,2,0.132997,s6_p2
1779334171.0,6,3,0.000000,s6_p3
1779334171.0,14,4,0.000000,s14_p4
1779334171.0,14,1,0.000000,s14_p1
1779334171.0,14,2,0.000000,s14_p2
1779334171.0,14,3,0.000000,s14_p3
1779334171.0,1,4,0.000000,s1_p4
1779334171.0,1,1,0.045906,s1_p1
1779334171.0,1,2,0.000000,s1_p2
1779334171.0,1,3,0.067652,s1_p3
1779334171.0,3,4,0.000000,s3_p4
1779334171.0,3,1,0.069988,s3_p1
1779334171.0,3,2,0.067574,s3_p2
1779334171.0,3,3,0.000000,s3_p3
1779334171.0,10,4,0.000000,s10_p4
1779334171.0,10,1,0.045906,s10_p1
1779334171.0,10,2,0.084564,s10_p2
1779334171.0,10,3,0.000000,s10_p3
1779334171.0,15,4,0.000000,s15_p4
1779334171.0,15,1,0.000000,s15_p1
1779334171.0,15,2,0.000000,s15_p2
1779334171.0,15,3,0.241582,s15_p3
1779334171.0,13,1,0.067630,s13_p1
1779334171.0,13,4,0.000000,s13_p4
1779334171.0,13,2,0.253613,s13_p2
1779334171.0,13,3,0.000000,s13_p3
1779334171.0,8,4,0.256023,s8_p4
1779334171.0,8,1,0.000000,s8_p1
1779334171.0,8,2,0.000000,s8_p2
1779334171.0,8,3,0.000000,s8_p3
1779334171.0,7,1,0.000000,s7_p1
1779334171.0,7,4,0.144905,s7_p4
1779334171.0,7,2,0.000000,s7_p2
1779334171.0,7,3,0.048302,s7_p3
1779334171.0,20,1,0.651909,s20_p1
1779334171.0,20,4,0.000000,s20_p4
1779334171.0,20,2,0.350099,s20_p2
1779334171.0,20,3,0.000000,s20_p3
1779334171.0,4,1,0.048269,s4_p1
1779334171.0,4,4,0.000000,s4_p4
1779334171.0,4,2,0.000000,s4_p2
1779334171.0,4,3,0.164116,s4_p3
1779334171.0,5,4,0.000000,s5_p4
1779334171.0,5,1,0.000000,s5_p1
1779334171.0,5,2,0.067640,s5_p2
1779334171.0,5,3,0.120785,s5_p3
1779334171.0,12,4,0.000000,s12_p4
1779334171.0,12,1,0.070032,s12_p1
1779334171.0,12,2,0.000000,s12_p2
1779334171.0,12,3,0.000000,s12_p3
1779334171.0,18,4,0.000000,s18_p4
1779334171.0,18,1,0.000000,s18_p1
1779334171.0,18,2,0.000000,s18_p2
1779334171.0,18,3,0.000000,s18_p3
1779334171.0,17,4,0.000000,s17_p4
1779334171.0,17,1,0.000000,s17_p1
1779334171.0,17,2,0.579528,s17_p2
1779334171.0,17,3,1.000000,s17_p3
1779334171.0,11,4,0.000000,s11_p4
1779334171.0,11,1,0.067587,s11_p1
1779334171.0,11,2,0.048276,s11_p2
1779334171.0,11,3,0.820699,s11_p3
1779334171.0,2,1,0.000000,s2_p1
1779334171.0,2,4,0.000000,s2_p4
1779334171.0,2,2,0.084476,s2_p2
1779334171.0,2,3,0.096543,s2_p3
1779334171.0,19,1,0.000000,s19_p1
1779334171.0,19,4,0.000000,s19_p4
1779334171.0,19,2,0.000000,s19_p2
1779334171.0,19,3,0.000000,s19_p3
1779334171.0,16,1,0.000000,s16_p1
1779334171.0,16,4,1.000000,s16_p4
1779334171.0,16,2,0.000000,s16_p2
1779334171.0,16,3,0.000000,s16_p3
1779334171.0,9,1,0.000000,s9_p1
1779334171.0,9,4,0.000000,s9_p4
1779334171.0,9,2,0.000000,s9_p2
1779334171.0,9,3,0.820389,s9_p3
1779334172.0,6,1,0.118047,s6_p1
1779334172.0,6,4,0.000000,s6_p4
1779334172.0,6,2,0.122865,s6_p2
1779334172.0,6,3,0.000000,s6_p3
1779334172.0,14,4,0.000000,s14_p4
1779334172.0,14,1,0.000000,s14_p1
1779334172.0,14,2,0.000000,s14_p2
1779334172.0,14,3,0.000000,s14_p3
1779334172.0,1,4,0.000000,s1_p4
1779334172.0,1,1,0.040956,s1_p1
1779334172.0,1,2,0.000000,s1_p2
1779334172.0,1,3,0.067456,s1_p3
1779334172.0,10,4,0.000000,s10_p4
1779334172.0,10,1,0.040944,s10_p1
1779334172.0,10,2,0.084297,s10_p2
1779334172.0,10,3,0.000000,s10_p3
1779334172.0,3,4,0.000000,s3_p4
1779334172.0,3,1,0.074655,s3_p1
1779334172.0,3,2,0.067430,s3_p2
1779334172.0,3,3,0.000000,s3_p3
1779334172.0,15,4,0.000000,s15_p4
1779334172.0,15,1,0.000000,s15_p1
1779334172.0,15,2,0.000000,s15_p2
1779334172.0,15,3,0.252805,s15_p3
1779334172.0,8,4,0.260074,s8_p4
1779334172.0,8,1,0.000000,s8_p1
1779334172.0,8,2,0.000000,s8_p2
1779334172.0,8,3,0.000000,s8_p3
1779334172.0,13,1,0.077037,s13_p1
1779334172.0,13,4,0.000000,s13_p4
1779334172.0,13,2,0.240742,s13_p2
1779334172.0,13,3,0.000000,s13_p3
1779334172.0,4,1,0.050562,s4_p1
1779334172.0,4,4,0.000000,s4_p4
1779334172.0,4,2,0.000000,s4_p2
1779334172.0,4,3,0.163726,s4_p3
1779334172.0,7,1,0.000000,s7_p1
1779334172.0,7,4,0.146796,s7_p4
1779334172.0,7,2,0.000000,s7_p2
1779334172.0,7,3,0.050536,s7_p3
1779334172.0,12,4,0.000000,s12_p4
1779334172.0,12,1,0.074626,s12_p1
1779334172.0,12,2,0.000000,s12_p2
1779334172.0,12,3,0.000000,s12_p3
1779334172.0,20,1,0.625606,s20_p1
1779334172.0,20,4,0.000000,s20_p4
1779334172.0,20,2,0.372957,s20_p2
1779334172.0,20,3,0.000000,s20_p3
1779334172.0,5,4,0.000000,s5_p4
1779334172.0,5,1,0.000000,s5_p1
1779334172.0,5,2,0.077000,s5_p2
1779334172.0,5,3,0.117905,s5_p3
1779334172.0,2,1,0.000000,s2_p1
1779334172.0,2,4,0.000000,s2_p4
1779334172.0,2,2,0.084238,s2_p2
1779334172.0,2,3,0.096272,s2_p3
1779334172.0,16,1,0.000000,s16_p1
1779334172.0,16,4,0.998840,s16_p4
1779334172.0,16,2,0.000000,s16_p2
1779334172.0,16,3,0.000000,s16_p3
1779334172.0,17,4,0.000000,s17_p4
1779334172.0,17,1,0.000000,s17_p1
1779334172.0,17,2,0.589297,s17_p2
1779334172.0,17,3,0.998197,s17_p3
1779334172.0,9,1,0.000000,s9_p1
1779334172.0,9,4,0.000000,s9_p4
1779334172.0,9,2,0.000000,s9_p2
1779334172.0,9,3,0.818309,s9_p3
1779334172.0,18,4,0.000000,s18_p4
1779334172.0,18,1,0.000000,s18_p1
1779334172.0,18,2,0.000000,s18_p2
1779334172.0,18,3,0.000000,s18_p3
1779334172.0,11,4,0.000000,s11_p4
1779334172.0,11,1,0.067374,s11_p1
1779334172.0,11,2,0.050531,s11_p2
1779334172.0,11,3,0.830145,s11_p3
1779334172.0,19,1,0.000000,s19_p1
1779334172.0,19,4,0.000000,s19_p4
1779334172.0,19,2,0.000000,s19_p2
1779334172.0,19,3,0.000000,s19_p3
1779334172.0,19,1,0.000000,s19_p1
1779334172.0,19,4,0.000000,s19_p4
1779334172.0,19,2,0.000000,s19_p2
1779334172.0,19,3,0.000000,s19_p3
1779334172.0,6,1,0.120953,s6_p1
1779334172.0,6,4,0.000000,s6_p4
1779334172.0,6,2,0.125791,s6_p2
1779334172.0,6,3,0.000000,s6_p3
1779334172.0,1,4,0.000000,s1_p4
1779334172.0,1,1,0.033887,s1_p1
1779334172.0,1,2,0.000000,s1_p2
1779334172.0,1,3,0.067773,s1_p3
1779334172.0,14,4,0.000000,s14_p4
1779334172.0,14,1,0.000000,s14_p1
1779334172.0,14,2,0.000000,s14_p2
1779334172.0,14,3,0.000000,s14_p3
1779334172.0,15,4,0.000000,s15_p4
1779334172.0,15,1,0.000000,s15_p1
1779334172.0,15,2,0.000000,s15_p2
1779334172.0,15,3,0.242095,s15_p3
1779334172.0,3,4,0.000000,s3_p4
1779334172.0,3,1,0.077445,s3_p1
1779334172.0,3,2,0.067764,s3_p2
1779334172.0,3,3,0.000000,s3_p3
1779334172.0,8,4,0.254236,s8_p4
1779334172.0,8,1,0.000000,s8_p1
1779334172.0,8,2,0.000000,s8_p2
1779334172.0,8,3,0.000000,s8_p3
1779334172.0,10,4,0.000000,s10_p4
1779334172.0,10,1,0.033876,s10_p1
1779334172.0,10,2,0.089530,s10_p2
1779334172.0,10,3,0.000000,s10_p3
1779334172.0,7,1,0.000000,s7_p1
1779334172.0,7,4,0.145365,s7_p4
1779334172.0,7,2,0.000000,s7_p2
1779334172.0,7,3,0.048455,s7_p3
1779334172.0,4,1,0.048434,s4_p1
1779334172.0,4,4,0.000000,s4_p4
1779334172.0,4,2,0.000000,s4_p2
1779334172.0,4,3,0.164675,s4_p3
1779334172.0,18,4,0.000000,s18_p4
1779334172.0,18,1,0.000000,s18_p1
1779334172.0,18,2,0.000000,s18_p2
1779334172.0,18,3,0.000000,s18_p3
1779334172.0,12,4,0.000000,s12_p4
1779334172.0,12,1,0.077526,s12_p1
1779334172.0,12,2,0.000000,s12_p2
1779334172.0,12,3,0.000000,s12_p3
1779334172.0,13,1,0.075034,s13_p1
1779334172.0,13,4,0.000000,s13_p4
1779334172.0,13,2,0.246886,s13_p2
1779334172.0,13,3,0.000000,s13_p3
1779334172.0,20,1,0.617810,s20_p1
1779334172.0,20,4,0.000000,s20_p4
1779334172.0,20,2,0.387645,s20_p2
1779334172.0,20,3,0.000000,s20_p3
1779334172.0,17,4,0.000000,s17_p4
1779334172.0,17,1,0.000000,s17_p1
1779334172.0,17,2,0.593895,s17_p2
1779334172.0,17,3,1.000000,s17_p3
1779334172.0,16,1,0.000000,s16_p1
1779334172.0,16,4,1.000000,s16_p4
1779334172.0,16,2,0.000000,s16_p2
1779334172.0,16,3,0.000000,s16_p3
1779334172.0,5,4,0.000000,s5_p4
1779334172.0,5,1,0.000000,s5_p1
1779334172.0,5,2,0.075080,s5_p2
1779334172.0,5,3,0.121097,s5_p3
1779334172.0,2,1,0.000000,s2_p1
1779334172.0,2,4,0.000000,s2_p4
1779334172.0,2,2,0.089668,s2_p2
1779334172.0,2,3,0.094515,s2_p3
1779334172.0,11,4,0.000000,s11_p4
1779334172.0,11,1,0.070285,s11_p1
1779334172.0,11,2,0.048472,s11_p2
1779334172.0,11,3,0.811909,s11_p3
1779334172.0,9,1,0.000000,s9_p1
1779334172.0,9,4,0.000000,s9_p4
1779334172.0,9,2,0.000000,s9_p2
1779334172.0,9,3,0.823867,s9_p3
1779334173.0,19,1,0.000000,s19_p1
1779334173.0,19,4,0.000000,s19_p4
1779334173.0,19,2,0.000000,s19_p2
1779334173.0,19,3,0.000000,s19_p3
1779334173.0,6,1,0.118215,s6_p1
1779334173.0,6,4,0.000000,s6_p4
1779334173.0,6,2,0.127865,s6_p2
1779334173.0,6,3,0.000000,s6_p3
1779334173.0,15,4,0.000000,s15_p4
1779334173.0,15,1,0.000000,s15_p1
1779334173.0,15,2,0.000000,s15_p2
1779334173.0,15,3,0.253270,s15_p3
1779334173.0,3,4,0.000000,s3_p4
1779334173.0,3,1,0.079594,s3_p1
1779334173.0,3,2,0.069946,s3_p2
1779334173.0,3,3,0.000000,s3_p3
1779334173.0,14,4,0.000000,s14_p4
1779334173.0,14,1,0.000000,s14_p1
1779334173.0,14,2,0.000000,s14_p2
1779334173.0,14,3,0.000000,s14_p3
1779334173.0,10,4,0.000000,s10_p4
1779334173.0,10,1,0.026532,s10_p1
1779334173.0,10,2,0.091655,s10_p2
1779334173.0,10,3,0.000000,s10_p3
1779334173.0,1,4,0.000000,s1_p4
1779334173.0,1,1,0.026514,s1_p1
1779334173.0,1,2,0.000000,s1_p2
1779334173.0,1,3,0.069902,s1_p3
1779334173.0,4,1,0.050648,s4_p1
1779334173.0,4,4,0.000000,s4_p4
1779334173.0,4,2,0.000000,s4_p2
1779334173.0,4,3,0.164001,s4_p3
1779334173.0,7,1,0.000000,s7_p1
1779334173.0,7,4,0.144645,s7_p4
1779334173.0,7,2,0.000000,s7_p2
1779334173.0,7,3,0.050626,s7_p3
1779334173.0,12,4,0.000000,s12_p4
1779334173.0,12,1,0.079587,s12_p1
1779334173.0,12,2,0.000000,s12_p2
1779334173.0,12,3,0.000000,s12_p3
1779334173.0,13,1,0.069940,s13_p1
1779334173.0,13,4,0.000000,s13_p4
1779334173.0,13,2,0.248408,s13_p2
1779334173.0,13,3,0.000000,s13_p3
1779334173.0,8,4,0.255493,s8_p4
1779334173.0,8,1,0.000000,s8_p1
1779334173.0,8,2,0.000000,s8_p2
1779334173.0,8,3,0.000000,s8_p3
1779334173.0,20,1,0.590428,s20_p1
1779334173.0,20,4,0.000000,s20_p4
1779334173.0,20,2,0.397635,s20_p2
1779334173.0,20,3,0.000000,s20_p3
1779334173.0,2,1,0.000000,s2_p1
1779334173.0,2,4,0.000000,s2_p4
1779334173.0,2,2,0.094022,s2_p2
1779334173.0,2,3,0.096433,s2_p3
1779334173.0,11,4,0.000000,s11_p4
1779334173.0,11,1,0.067509,s11_p1
1779334173.0,11,2,0.050632,s11_p2
1779334173.0,11,3,0.819756,s11_p3
1779334173.0,17,4,0.000000,s17_p4
1779334173.0,17,1,0.000000,s17_p1
1779334173.0,17,2,0.590536,s17_p2
1779334173.0,17,3,1.000000,s17_p3
1779334173.0,18,4,0.000000,s18_p4
1779334173.0,18,1,0.000000,s18_p1
1779334173.0,18,2,0.000000,s18_p2
1779334173.0,18,3,0.000000,s18_p3
1779334173.0,5,4,0.000000,s5_p4
1779334173.0,5,1,0.000000,s5_p1
1779334173.0,5,2,0.069904,s5_p2
1779334173.0,5,3,0.118113,s5_p3
1779334173.0,16,1,0.000000,s16_p1
1779334173.0,16,4,1.000000,s16_p4
1779334173.0,16,2,0.000000,s16_p2
1779334173.0,16,3,0.000000,s16_p3
1779334173.0,9,1,0.000000,s9_p1
1779334173.0,9,4,0.000000,s9_p4
1779334173.0,9,2,0.000000,s9_p2
1779334173.0,9,3,0.819789,s9_p3
1779334173.0,19,1,0.000000,s19_p1
1779334173.0,19,4,0.000000,s19_p4
1779334173.0,19,2,0.000000,s19_p2
1779334173.0,19,3,0.000000,s19_p3
1779334173.0,6,1,0.120700,s6_p1
1779334173.0,6,4,0.000000,s6_p4
1779334173.0,6,2,0.125528,s6_p2
1779334173.0,6,3,0.000000,s6_p3
1779334173.0,3,4,0.000000,s3_p4
1779334173.0,3,1,0.074893,s3_p1
1779334173.0,3,2,0.067645,s3_p2
1779334173.0,3,3,0.000000,s3_p3
1779334173.0,1,4,0.000000,s1_p4
1779334173.0,1,1,0.033824,s1_p1
1779334173.0,1,2,0.000000,s1_p2
1779334173.0,1,3,0.067649,s1_p3
1779334173.0,14,4,0.000000,s14_p4
1779334173.0,14,1,0.000000,s14_p1
1779334173.0,14,2,0.000000,s14_p2
1779334173.0,14,3,0.000000,s14_p3
1779334173.0,8,4,0.256131,s8_p4
1779334173.0,8,1,0.000000,s8_p1
1779334173.0,8,2,0.000000,s8_p2
1779334173.0,8,3,0.000000,s8_p3
1779334173.0,10,4,0.000000,s10_p4
1779334173.0,10,1,0.033805,s10_p1
1779334173.0,10,2,0.091756,s10_p2
1779334173.0,10,3,0.000000,s10_p3
1779334173.0,15,4,0.000000,s15_p4
1779334173.0,15,1,0.000000,s15_p1
1779334173.0,15,2,0.000000,s15_p2
1779334173.0,15,3,0.253482,s15_p3
1779334173.0,13,1,0.074893,s13_p1
1779334173.0,13,4,0.000000,s13_p4
1779334173.0,13,2,0.244005,s13_p2
1779334173.0,13,3,0.000000,s13_p3
1779334173.0,7,1,0.000000,s7_p1
1779334173.0,7,4,0.147358,s7_p4
1779334173.0,7,2,0.000000,s7_p2
1779334173.0,7,3,0.050730,s7_p3
1779334173.0,12,4,0.000000,s12_p4
1779334173.0,12,1,0.074864,s12_p1
1779334173.0,12,2,0.000000,s12_p2
1779334173.0,12,3,0.000000,s12_p3
1779334173.0,4,1,0.050705,s4_p1
1779334173.0,4,4,0.000000,s4_p4
1779334173.0,4,2,0.000000,s4_p2
1779334173.0,4,3,0.164188,s4_p3
1779334173.0,18,4,0.000000,s18_p4
1779334173.0,18,1,0.000000,s18_p1
1779334173.0,18,2,0.000000,s18_p2
1779334173.0,18,3,0.000000,s18_p3
1779334173.0,20,1,0.628296,s20_p1
1779334173.0,20,4,0.000000,s20_p4
1779334173.0,20,2,0.374561,s20_p2
1779334173.0,20,3,0.000000,s20_p3
1779334173.0,5,4,0.000000,s5_p4
1779334173.0,5,1,0.000000,s5_p1
1779334173.0,5,2,0.074925,s5_p2
1779334173.0,5,3,0.120847,s5_p3
1779334173.0,11,4,0.000000,s11_p4
1779334173.0,11,1,0.067648,s11_p1
1779334173.0,11,2,0.050736,s11_p2
1779334173.0,11,3,0.821437,s11_p3
1779334173.0,2,1,0.000000,s2_p1
1779334173.0,2,4,0.000000,s2_p4
1779334173.0,2,2,0.089384,s2_p2
1779334173.0,2,3,0.096631,s2_p3
1779334173.0,17,4,0.000000,s17_p4
1779334173.0,17,1,0.000000,s17_p1
1779334173.0,17,2,0.591884,s17_p2
1779334173.0,17,3,0.990500,s17_p3
1779334173.0,16,1,0.000000,s16_p1
1779334173.0,16,4,0.990536,s16_p4
1779334173.0,16,2,0.000000,s16_p2
1779334173.0,16,3,0.000000,s16_p3
1779334173.0,9,1,0.000000,s9_p1
1779334173.0,9,4,0.000000,s9_p4
1779334173.0,9,2,0.000000,s9_p2
1779334173.0,9,3,0.821335,s9_p3
1779334174.0,19,1,0.000000,s19_p1
1779334174.0,19,4,0.000000,s19_p4
1779334174.0,19,2,0.000000,s19_p2
1779334174.0,19,3,0.000000,s19_p3
1779334174.0,14,4,0.000000,s14_p4
1779334174.0,14,1,0.000000,s14_p1
1779334174.0,14,2,0.000000,s14_p2
1779334174.0,14,3,0.000000,s14_p3
1779334174.0,3,4,0.000000,s3_p4
1779334174.0,3,1,0.067668,s3_p1
1779334174.0,3,2,0.067668,s3_p2
1779334174.0,3,3,0.000000,s3_p3
1779334174.0,6,1,0.120819,s6_p1
1779334174.0,6,4,0.000000,s6_p4
1779334174.0,6,2,0.128068,s6_p2
1779334174.0,6,3,0.000000,s6_p3
1779334174.0,10,4,0.000000,s10_p4
1779334174.0,10,1,0.043506,s10_p1
1779334174.0,10,2,0.089430,s10_p2
1779334174.0,10,3,0.000000,s10_p3
1779334174.0,1,4,0.000000,s1_p4
1779334174.0,1,1,0.043479,s1_p1
1779334174.0,1,2,0.000000,s1_p2
1779334174.0,1,3,0.067634,s1_p3
1779334174.0,15,4,0.000000,s15_p4
1779334174.0,15,1,0.000000,s15_p1
1779334174.0,15,2,0.000000,s15_p2
1779334174.0,15,3,0.241682,s15_p3
1779334174.0,8,4,0.258570,s8_p4
1779334174.0,8,1,0.000000,s8_p1
1779334174.0,8,2,0.000000,s8_p2
1779334174.0,8,3,0.000000,s8_p3
1779334174.0,7,1,0.000000,s7_p1
1779334174.0,7,4,0.144972,s7_p4
1779334174.0,7,2,0.000000,s7_p2
1779334174.0,7,3,0.048324,s7_p3
1779334174.0,4,1,0.048341,s4_p1
1779334174.0,4,4,0.000000,s4_p4
1779334174.0,4,2,0.000000,s4_p2
1779334174.0,4,3,0.164360,s4_p3
1779334174.0,13,1,0.072478,s13_p1
1779334174.0,13,4,0.000000,s13_p4
1779334174.0,13,2,0.248840,s13_p2
1779334174.0,13,3,0.000000,s13_p3
1779334174.0,12,4,0.000000,s12_p4
1779334174.0,12,1,0.067617,s12_p1
1779334174.0,12,2,0.000000,s12_p2
1779334174.0,12,3,0.000000,s12_p3
1779334174.0,18,4,0.000000,s18_p4
1779334174.0,18,1,0.000000,s18_p1
1779334174.0,18,2,0.000000,s18_p2
1779334174.0,18,3,0.000000,s18_p3
1779334174.0,20,1,0.664109,s20_p1
1779334174.0,20,4,0.000000,s20_p4
1779334174.0,20,2,0.338092,s20_p2
1779334174.0,20,3,0.000000,s20_p3
1779334174.0,17,4,0.000000,s17_p4
1779334174.0,17,1,0.000000,s17_p1
1779334174.0,17,2,0.579816,s17_p2
1779334174.0,17,3,1.000000,s17_p3
1779334174.0,5,4,0.000000,s5_p4
1779334174.0,5,1,0.000000,s5_p1
1779334174.0,5,2,0.072446,s5_p2
1779334174.0,5,3,0.120743,s5_p3
1779334174.0,2,1,0.000000,s2_p1
1779334174.0,2,4,0.000000,s2_p4
1779334174.0,2,2,0.089382,s2_p2
1779334174.0,2,3,0.094213,s2_p3
1779334174.0,11,4,0.000000,s11_p4
1779334174.0,11,1,0.067615,s11_p1
1779334174.0,11,2,0.048297,s11_p2
1779334174.0,11,3,0.821041,s11_p3
1779334174.0,16,1,0.000000,s16_p1
1779334174.0,16,4,1.000000,s16_p4
1779334174.0,16,2,0.000000,s16_p2
1779334174.0,16,3,0.000000,s16_p3
1779334174.0,9,1,0.000000,s9_p1
1779334174.0,9,4,0.000000,s9_p4
1779334174.0,9,2,0.000000,s9_p2
1779334174.0,9,3,0.809069,s9_p3
1779334174.0,1,4,0.000000,s1_p4
1779334174.0,1,1,0.041068,s1_p1
1779334174.0,1,2,0.000000,s1_p2
1779334174.0,1,3,0.067642,s1_p3
1779334174.0,13,1,0.070000,s13_p1
1779334174.0,13,4,0.000000,s13_p4
1779334174.0,13,2,0.248622,s13_p2
1779334174.0,13,3,0.000000,s13_p3
1779334174.0,19,1,0.000000,s19_p1
1779334174.0,19,4,0.000000,s19_p4
1779334174.0,19,2,0.000000,s19_p2
1779334174.0,19,3,0.000000,s19_p3
1779334174.0,8,4,0.255722,s8_p4
1779334174.0,8,1,0.000000,s8_p1
1779334174.0,8,2,0.000000,s8_p2
1779334174.0,8,3,0.000000,s8_p3
1779334174.0,14,4,0.000000,s14_p4
1779334174.0,14,1,0.000000,s14_p1
1779334174.0,14,2,0.000000,s14_p2
1779334174.0,14,3,0.000000,s14_p3
1779334174.0,3,4,0.000000,s3_p4
1779334174.0,3,1,0.060273,s3_p1
1779334174.0,3,2,0.067506,s3_p2
1779334174.0,3,3,0.000000,s3_p3
1779334174.0,15,4,0.000000,s15_p4
1779334174.0,15,1,0.000000,s15_p1
1779334174.0,15,2,0.000000,s15_p2
1779334174.0,15,3,0.253285,s15_p3
1779334174.0,10,4,0.000000,s10_p4
1779334174.0,10,1,0.041002,s10_p1
1779334174.0,10,2,0.098888,s10_p2
1779334174.0,10,3,0.000000,s10_p3
1779334174.0,6,1,0.118130,s6_p1
1779334174.0,6,4,0.000000,s6_p4
1779334174.0,6,2,0.130184,s6_p2
1779334174.0,6,3,0.000000,s6_p3
1779334174.0,4,1,0.050672,s4_p1
1779334174.0,4,4,0.000000,s4_p4
1779334174.0,4,2,0.000000,s4_p2
1779334174.0,4,3,0.164080,s4_p3
1779334174.0,7,1,0.000000,s7_p1
1779334174.0,7,4,0.144764,s7_p4
1779334174.0,7,2,0.000000,s7_p2
1779334174.0,7,3,0.050668,s7_p3
1779334174.0,16,1,0.000000,s16_p1
1779334174.0,16,4,1.000000,s16_p4
1779334174.0,16,2,0.000000,s16_p2
1779334174.0,16,3,0.000000,s16_p3
1779334174.0,12,4,0.000000,s12_p4
1779334174.0,12,1,0.060327,s12_p1
1779334174.0,12,2,0.000000,s12_p2
1779334174.0,12,3,0.000000,s12_p3
1779334174.0,11,4,0.000000,s11_p4
1779334174.0,11,1,0.067600,s11_p1
1779334174.0,11,2,0.050700,s11_p2
1779334174.0,11,3,0.820860,s11_p3
1779334174.0,20,1,0.699838,s20_p1
1779334174.0,20,4,0.000000,s20_p4
1779334174.0,20,2,0.301654,s20_p2
1779334174.0,20,3,0.000000,s20_p3
1779334174.0,5,4,0.000000,s5_p4
1779334174.0,5,1,0.000000,s5_p1
1779334174.0,5,2,0.069986,s5_p2
1779334174.0,5,3,0.118253,s5_p3
1779334174.0,9,1,0.000000,s9_p1
1779334174.0,9,4,0.000000,s9_p4
1779334174.0,9,2,0.000000,s9_p2
1779334174.0,9,3,0.820874,s9_p3
1779334174.0,17,4,0.000000,s17_p4
1779334174.0,17,1,0.000000,s17_p1
1779334174.0,17,2,0.591211,s17_p2
1779334174.0,17,3,1.000000,s17_p3
1779334174.0,2,1,0.000000,s2_p1
1779334174.0,2,4,0.000000,s2_p4
1779334174.0,2,2,0.098937,s2_p2
1779334174.0,2,3,0.096524,s2_p3
1779334174.0,18,4,0.000000,s18_p4
1779334174.0,18,1,0.000000,s18_p1
1779334174.0,18,2,0.000000,s18_p2
1779334174.0,18,3,0.000000,s18_p3
1779334175.0,14,4,0.000000,s14_p4
1779334175.0,14,1,0.000000,s14_p1
1779334175.0,14,2,0.000000,s14_p2
1779334175.0,14,3,0.000000,s14_p3
1779334175.0,6,1,0.120771,s6_p1
1779334175.0,6,4,0.000000,s6_p4
1779334175.0,6,2,0.123187,s6_p2
1779334175.0,6,3,0.000000,s6_p3
1779334175.0,15,4,0.000000,s15_p4
1779334175.0,15,1,0.000000,s15_p1
1779334175.0,15,2,0.000000,s15_p2
1779334175.0,15,3,0.241516,s15_p3
1779334175.0,3,4,0.000000,s3_p4
1779334175.0,3,1,0.077281,s3_p1
1779334175.0,3,2,0.067621,s3_p2
1779334175.0,3,3,0.000000,s3_p3
1779334175.0,13,1,0.077265,s13_p1
1779334175.0,13,4,0.000000,s13_p4
1779334175.0,13,2,0.243869,s13_p2
1779334175.0,13,3,0.000000,s13_p3
1779334175.0,10,4,0.000000,s10_p4
1779334175.0,10,1,0.033811,s10_p1
1779334175.0,10,2,0.089357,s10_p2
1779334175.0,10,3,0.000000,s10_p3
1779334175.0,1,4,0.000000,s1_p4
1779334175.0,1,1,0.033759,s1_p1
1779334175.0,1,2,0.000000,s1_p2
1779334175.0,1,3,0.067518,s1_p3
1779334175.0,8,4,0.255961,s8_p4
1779334175.0,8,1,0.000000,s8_p1
1779334175.0,8,2,0.000000,s8_p2
1779334175.0,8,3,0.000000,s8_p3
1779334175.0,19,1,0.000000,s19_p1
1779334175.0,19,4,0.000000,s19_p4
1779334175.0,19,2,0.000000,s19_p2
1779334175.0,19,3,0.000000,s19_p3
1779334175.0,18,4,0.000000,s18_p4
1779334175.0,18,1,0.000000,s18_p1
1779334175.0,18,2,0.000000,s18_p2
1779334175.0,18,3,0.000000,s18_p3
1779334175.0,7,1,0.000000,s7_p1
1779334175.0,7,4,0.144801,s7_p4
1779334175.0,7,2,0.000000,s7_p2
1779334175.0,7,3,0.048267,s7_p3
1779334175.0,2,1,0.000000,s2_p1
1779334175.0,2,4,0.000000,s2_p4
1779334175.0,2,2,0.089376,s2_p2
1779334175.0,2,3,0.096623,s2_p3
1779334175.0,4,1,0.048264,s4_p1
1779334175.0,4,4,0.000000,s4_p4
1779334175.0,4,2,0.000000,s4_p2
1779334175.0,4,3,0.164097,s4_p3
1779334175.0,12,4,0.000000,s12_p4
1779334175.0,12,1,0.077279,s12_p1
1779334175.0,12,2,0.000000,s12_p2
1779334175.0,12,3,0.000000,s12_p3
1779334175.0,9,1,0.000000,s9_p1
1779334175.0,9,4,0.000000,s9_p4
1779334175.0,9,2,0.000000,s9_p2
1779334175.0,9,3,0.821167,s9_p3
1779334175.0,20,1,0.615836,s20_p1
1779334175.0,20,4,0.000000,s20_p4
1779334175.0,20,2,0.386407,s20_p2
1779334175.0,20,3,0.000000,s20_p3
1779334175.0,11,4,0.000000,s11_p4
1779334175.0,11,1,0.067617,s11_p1
1779334175.0,11,2,0.048298,s11_p2
1779334175.0,11,3,0.821066,s11_p3
1779334175.0,16,1,0.000000,s16_p1
1779334175.0,16,4,1.000000,s16_p4
1779334175.0,16,2,0.000000,s16_p2
1779334175.0,16,3,0.000000,s16_p3
1779334175.0,5,4,0.000000,s5_p4
1779334175.0,5,1,0.000000,s5_p1
1779334175.0,5,2,0.077279,s5_p2
1779334175.0,5,3,0.120748,s5_p3
1779334175.0,17,4,0.000000,s17_p4
1779334175.0,17,1,0.000000,s17_p1
1779334175.0,17,2,0.579619,s17_p2
1779334175.0,17,3,1.000000,s17_p3
1779334175.0,6,1,0.118533,s6_p1
1779334175.0,6,4,0.000000,s6_p4
1779334175.0,6,2,0.125790,s6_p2
1779334175.0,6,3,0.000000,s6_p3
1779334175.0,1,4,0.000000,s1_p4
1779334175.0,1,1,0.024190,s1_p1
1779334175.0,1,2,0.000000,s1_p2
1779334175.0,1,3,0.067732,s1_p3
1779334175.0,19,1,0.000000,s19_p1
1779334175.0,19,4,0.000000,s19_p4
1779334175.0,19,2,0.000000,s19_p2
1779334175.0,19,3,0.000000,s19_p3
1779334175.0,14,4,0.000000,s14_p4
1779334175.0,14,1,0.000000,s14_p1
1779334175.0,14,2,0.000000,s14_p2
1779334175.0,14,3,0.000000,s14_p3
1779334175.0,13,1,0.074944,s13_p1
1779334175.0,13,4,0.000000,s13_p4
1779334175.0,13,2,0.244174,s13_p2
1779334175.0,13,3,0.000000,s13_p3
1779334175.0,10,4,0.000000,s10_p4
1779334175.0,10,1,0.024174,s10_p1
1779334175.0,10,2,0.091862,s10_p2
1779334175.0,10,3,0.000000,s10_p3
1779334175.0,3,4,0.000000,s3_p4
1779334175.0,3,1,0.082187,s3_p1
1779334175.0,3,2,0.067683,s3_p2
1779334175.0,3,3,0.000000,s3_p3
1779334175.0,8,4,0.258661,s8_p4
1779334175.0,8,1,0.000000,s8_p1
1779334175.0,8,2,0.000000,s8_p2
1779334175.0,8,3,0.000000,s8_p3
1779334175.0,15,4,0.000000,s15_p4
1779334175.0,15,1,0.000000,s15_p1
1779334175.0,15,2,0.000000,s15_p2
1779334175.0,15,3,0.253796,s15_p3
1779334175.0,7,1,0.000000,s7_p1
1779334175.0,7,4,0.147571,s7_p4
1779334175.0,7,2,0.000000,s7_p2
1779334175.0,7,3,0.050803,s7_p3
1779334175.0,16,1,0.000000,s16_p1
1779334175.0,16,4,1.000000,s16_p4
1779334175.0,16,2,0.000000,s16_p2
1779334175.0,16,3,0.000000,s16_p3
1779334175.0,18,4,0.000000,s18_p4
1779334175.0,18,1,0.000000,s18_p1
1779334175.0,18,2,0.000000,s18_p2
1779334175.0,18,3,0.000000,s18_p3
1779334175.0,17,4,0.000000,s17_p4
1779334175.0,17,1,0.000000,s17_p1
1779334175.0,17,2,0.592472,s17_p2
1779334175.0,17,3,1.000000,s17_p3
1779334175.0,2,1,0.000000,s2_p1
1779334175.0,2,4,0.000000,s2_p4
1779334175.0,2,2,0.091877,s2_p2
1779334175.0,2,3,0.096713,s2_p3
1779334175.0,20,1,0.592404,s20_p1
1779334175.0,20,4,0.000000,s20_p4
1779334175.0,20,2,0.411056,s20_p2
1779334175.0,20,3,0.000000,s20_p3
1779334175.0,12,4,0.000000,s12_p4
1779334175.0,12,1,0.082206,s12_p1
1779334175.0,12,2,0.000000,s12_p2
1779334175.0,12,3,0.000000,s12_p3
1779334175.0,4,1,0.050773,s4_p1
1779334175.0,4,4,0.000000,s4_p4
1779334175.0,4,2,0.000000,s4_p2
1779334175.0,4,3,0.161989,s4_p3
1779334175.0,11,4,0.000000,s11_p4
1779334175.0,11,1,0.067683,s11_p1
1779334175.0,11,2,0.050762,s11_p2
1779334175.0,11,3,0.821860,s11_p3
1779334175.0,9,1,0.000000,s9_p1
1779334175.0,9,4,0.000000,s9_p4
1779334175.0,9,2,0.000000,s9_p2
1779334175.0,9,3,0.821781,s9_p3
1779334175.0,5,4,0.000000,s5_p4
1779334175.0,5,1,0.000000,s5_p1
1779334175.0,5,2,0.074931,s5_p2
1779334175.0,5,3,0.118439,s5_p3
1779334176.0,14,4,0.000000,s14_p4
1779334176.0,14,1,0.000000,s14_p1
1779334176.0,14,2,0.000000,s14_p2
1779334176.0,14,3,0.000000,s14_p3
1779334176.0,3,4,0.000000,s3_p4
1779334176.0,3,1,0.067643,s3_p1
1779334176.0,3,2,0.067643,s3_p2
1779334176.0,3,3,0.000000,s3_p3
1779334176.0,10,4,0.000000,s10_p4
1779334176.0,10,1,0.041064,s10_p1
1779334176.0,10,2,0.091789,s10_p2
1779334176.0,10,3,0.000000,s10_p3
1779334176.0,4,1,0.048344,s4_p1
1779334176.0,4,4,0.000000,s4_p4
1779334176.0,4,2,0.000000,s4_p2
1779334176.0,4,3,0.164371,s4_p3
1779334176.0,13,1,0.067626,s13_p1
1779334176.0,13,4,0.000000,s13_p4
1779334176.0,13,2,0.251181,s13_p2
1779334176.0,13,3,0.000000,s13_p3
1779334176.0,15,4,0.000000,s15_p4
1779334176.0,15,1,0.000000,s15_p1
1779334176.0,15,2,0.000000,s15_p2
1779334176.0,15,3,0.241550,s15_p3
1779334176.0,6,1,0.120672,s6_p1
1779334176.0,6,4,0.000000,s6_p4
1779334176.0,6,2,0.130326,s6_p2
1779334176.0,6,3,0.000000,s6_p3
1779334176.0,7,1,0.000000,s7_p1
1779334176.0,7,4,0.144927,s7_p4
1779334176.0,7,2,0.000000,s7_p2
1779334176.0,7,3,0.048309,s7_p3
1779334176.0,19,1,0.000000,s19_p1
1779334176.0,19,4,0.000000,s19_p4
1779334176.0,19,2,0.000000,s19_p2
1779334176.0,19,3,0.000000,s19_p3
1779334176.0,1,4,0.000000,s1_p4
1779334176.0,1,1,0.041029,s1_p1
1779334176.0,1,2,0.000000,s1_p2
1779334176.0,1,3,0.067577,s1_p3
1779334176.0,8,4,0.255996,s8_p4
1779334176.0,8,1,0.000000,s8_p1
1779334176.0,8,2,0.000000,s8_p2
1779334176.0,8,3,0.000000,s8_p3
1779334176.0,2,1,0.000000,s2_p1
1779334176.0,2,4,0.000000,s2_p4
1779334176.0,2,2,0.091771,s2_p2
1779334176.0,2,3,0.094186,s2_p3
1779334176.0,16,1,0.000000,s16_p1
1779334176.0,16,4,0.989992,s16_p4
1779334176.0,16,2,0.000000,s16_p2
1779334176.0,16,3,0.000000,s16_p3
1779334176.0,20,1,0.652008,s20_p1
1779334176.0,20,4,0.000000,s20_p4
1779334176.0,20,2,0.338078,s20_p2
1779334176.0,20,3,0.000000,s20_p3
1779334176.0,18,4,0.000000,s18_p4
1779334176.0,18,1,0.000000,s18_p1
1779334176.0,18,2,0.000000,s18_p2
1779334176.0,18,3,0.000000,s18_p3
1779334176.0,5,4,0.000000,s5_p4
1779334176.0,5,1,0.000000,s5_p1
1779334176.0,5,2,0.067633,s5_p2
1779334176.0,5,3,0.120773,s5_p3
1779334176.0,12,4,0.000000,s12_p4
1779334176.0,12,1,0.067605,s12_p1
1779334176.0,12,2,0.000000,s12_p2
1779334176.0,12,3,0.000000,s12_p3
1779334176.0,17,4,0.000000,s17_p4
1779334176.0,17,1,0.000000,s17_p1
1779334176.0,17,2,0.579420,s17_p2
1779334176.0,17,3,0.989843,s17_p3
1779334176.0,9,1,0.000000,s9_p1
1779334176.0,9,4,0.000000,s9_p4
1779334176.0,9,2,0.000000,s9_p2
1779334176.0,9,3,0.821144,s9_p3
1779334176.0,11,4,0.000000,s11_p4
1779334176.0,11,1,0.070033,s11_p1
1779334176.0,11,2,0.048299,s11_p2
1779334176.0,11,3,0.809005,s11_p3
1779334176.0,14,4,0.000000,s14_p4
1779334176.0,14,1,0.000000,s14_p1
1779334176.0,14,2,0.000000,s14_p2
1779334176.0,14,3,0.000000,s14_p3
1779334176.0,8,4,0.255398,s8_p4
1779334176.0,8,1,0.000000,s8_p1
1779334176.0,8,2,0.000000,s8_p2
1779334176.0,8,3,0.000000,s8_p3
1779334176.0,3,4,0.000000,s3_p4
1779334176.0,3,1,0.072251,s3_p1
1779334176.0,3,2,0.069842,s3_p2
1779334176.0,3,3,0.000000,s3_p3
1779334176.0,6,1,0.118027,s6_p1
1779334176.0,6,4,0.000000,s6_p4
1779334176.0,6,2,0.125253,s6_p2
1779334176.0,6,3,0.000000,s6_p3
1779334176.0,15,4,0.000000,s15_p4
1779334176.0,15,1,0.000000,s15_p1
1779334176.0,15,2,0.000000,s15_p2
1779334176.0,15,3,0.252903,s15_p3
1779334176.0,1,4,0.000000,s1_p4
1779334176.0,1,1,0.036133,s1_p1
1779334176.0,1,2,0.000000,s1_p2
1779334176.0,1,3,0.069857,s1_p3
1779334176.0,19,1,0.000000,s19_p1
1779334176.0,19,4,0.000000,s19_p4
1779334176.0,19,2,0.000000,s19_p2
1779334176.0,19,3,0.000000,s19_p3
1779334176.0,10,4,0.000000,s10_p4
1779334176.0,10,1,0.036120,s10_p1
1779334176.0,10,2,0.091503,s10_p2
1779334176.0,10,3,0.000000,s10_p3
1779334176.0,18,4,0.000000,s18_p4
1779334176.0,18,1,0.000000,s18_p1
1779334176.0,18,2,0.000000,s18_p2
1779334176.0,18,3,0.000000,s18_p3
1779334176.0,4,1,0.050525,s4_p1
1779334176.0,4,4,0.000000,s4_p4
1779334176.0,4,2,0.000000,s4_p2
1779334176.0,4,3,0.163606,s4_p3
1779334176.0,12,4,0.000000,s12_p4
1779334176.0,12,1,0.072258,s12_p1
1779334176.0,12,2,0.000000,s12_p2
1779334176.0,12,3,0.000000,s12_p3
1779334176.0,20,1,0.638149,s20_p1
1779334176.0,20,4,0.000000,s20_p4
1779334176.0,20,2,0.361217,s20_p2
1779334176.0,20,3,0.000000,s20_p3
1779334176.0,17,4,0.000000,s17_p4
1779334176.0,17,1,0.000000,s17_p1
1779334176.0,17,2,0.602140,s17_p2
1779334176.0,17,3,0.999552,s17_p3
1779334176.0,7,1,0.000000,s7_p1
1779334176.0,7,4,0.144353,s7_p4
1779334176.0,7,2,0.000000,s7_p2
1779334176.0,7,3,0.050524,s7_p3
1779334176.0,16,1,0.000000,s16_p1
1779334176.0,16,4,0.999239,s16_p4
1779334176.0,16,2,0.000000,s16_p2
1779334176.0,16,3,0.000000,s16_p3
1779334176.0,2,1,0.000000,s2_p1
1779334176.0,2,4,0.000000,s2_p4
1779334176.0,2,2,0.091486,s2_p2
1779334176.0,2,3,0.096301,s2_p3
1779334176.0,11,4,0.000000,s11_p4
1779334176.0,11,1,0.067434,s11_p1
1779334176.0,11,2,0.050576,s11_p2
1779334176.0,11,3,0.818845,s11_p3
1779334176.0,9,1,0.000000,s9_p1
1779334176.0,9,4,0.000000,s9_p4
1779334176.0,9,2,0.000000,s9_p2
1779334176.0,9,3,0.818792,s9_p3
1779334176.0,13,1,0.074563,s13_p1
1779334176.0,13,4,0.000000,s13_p4
1779334176.0,13,2,0.245338,s13_p2
1779334176.0,13,3,0.000000,s13_p3
1779334176.0,5,4,0.000000,s5_p4
1779334176.0,5,1,0.000000,s5_p1
1779334176.0,5,2,0.074640,s5_p2
1779334176.0,5,3,0.120388,s5_p3
1779334177.0,3,4,0.000000,s3_p4
1779334177.0,3,1,0.072661,s3_p1
1779334177.0,3,2,0.067817,s3_p2
1779334177.0,3,3,0.000000,s3_p3
1779334177.0,6,1,0.120948,s6_p1
1779334177.0,6,4,0.000000,s6_p4
1779334177.0,6,2,0.125786,s6_p2
1779334177.0,6,3,0.000000,s6_p3
1779334177.0,15,4,0.000000,s15_p4
1779334177.0,15,1,0.000000,s15_p1
1779334177.0,15,2,0.000000,s15_p2
1779334177.0,15,3,0.241885,s15_p3
1779334177.0,4,1,0.048426,s4_p1
1779334177.0,4,4,0.000000,s4_p4
1779334177.0,4,2,0.000000,s4_p2
1779334177.0,4,3,0.164650,s4_p3
1779334177.0,12,4,0.000000,s12_p4
1779334177.0,12,1,0.072639,s12_p1
1779334177.0,12,2,0.000000,s12_p2
1779334177.0,12,3,0.000000,s12_p3
1779334177.0,14,4,0.000000,s14_p4
1779334177.0,14,1,0.000000,s14_p1
1779334177.0,14,2,0.000000,s14_p2
1779334177.0,14,3,0.000000,s14_p3
1779334177.0,20,1,0.641624,s20_p1
1779334177.0,20,4,0.000000,s20_p4
1779334177.0,20,2,0.363184,s20_p2
1779334177.0,20,3,0.000000,s20_p3
1779334177.0,8,4,0.258733,s8_p4
1779334177.0,8,1,0.000000,s8_p1
1779334177.0,8,2,0.000000,s8_p2
1779334177.0,8,3,0.000000,s8_p3
1779334177.0,19,1,0.000000,s19_p1
1779334177.0,19,4,0.000000,s19_p4
1779334177.0,19,2,0.000000,s19_p2
1779334177.0,19,3,0.000000,s19_p3
1779334177.0,10,4,0.000000,s10_p4
1779334177.0,10,1,0.043539,s10_p1
1779334177.0,10,2,0.084659,s10_p2
1779334177.0,10,3,0.000000,s10_p3
1779334177.0,1,4,0.000000,s1_p4
1779334177.0,1,1,0.043530,s1_p1
1779334177.0,1,2,0.000000,s1_p2
1779334177.0,1,3,0.067714,s1_p3
1779334177.0,7,1,0.000000,s7_p1
1779334177.0,7,4,0.147684,s7_p4
1779334177.0,7,2,0.000000,s7_p2
1779334177.0,7,3,0.048421,s7_p3
1779334177.0,5,4,0.000000,s5_p4
1779334177.0,5,1,0.000000,s5_p1
1779334177.0,5,2,0.075068,s5_p2
1779334177.0,5,3,0.118655,s5_p3
1779334177.0,13,1,0.075062,s13_p1
1779334177.0,13,4,0.000000,s13_p4
1779334177.0,13,2,0.244555,s13_p2
1779334177.0,13,3,0.000000,s13_p3
1779334177.0,18,4,0.000000,s18_p4
1779334177.0,18,1,0.000000,s18_p1
1779334177.0,18,2,0.000000,s18_p2
1779334177.0,18,3,0.000000,s18_p3
1779334177.0,17,4,0.000000,s17_p4
1779334177.0,17,1,0.000000,s17_p1
1779334177.0,17,2,0.580673,s17_p2
1779334177.0,17,3,1.000000,s17_p3
1779334177.0,11,4,0.000000,s11_p4
1779334177.0,11,1,0.067754,s11_p1
1779334177.0,11,2,0.048396,s11_p2
1779334177.0,11,3,0.822724,s11_p3
1779334177.0,16,1,0.000000,s16_p1
1779334177.0,16,4,1.000000,s16_p4
1779334177.0,16,2,0.000000,s16_p2
1779334177.0,16,3,0.000000,s16_p3
1779334177.0,2,1,0.000000,s2_p1
1779334177.0,2,4,0.000000,s2_p4
1779334177.0,2,2,0.084683,s2_p2
1779334177.0,2,3,0.096780,s2_p3
1779334177.0,9,1,0.000000,s9_p1
1779334177.0,9,4,0.000000,s9_p4
1779334177.0,9,2,0.000000,s9_p2
1779334177.0,9,3,0.822660,s9_p3
1779334177.0,3,4,0.000000,s3_p4
1779334177.0,3,1,0.072344,s3_p1
1779334177.0,3,2,0.067521,s3_p2
1779334177.0,3,3,0.000000,s3_p3
1779334177.0,14,4,0.000000,s14_p4
1779334177.0,14,1,0.000000,s14_p1
1779334177.0,14,2,0.000000,s14_p2
1779334177.0,14,3,0.000000,s14_p3
1779334177.0,5,4,0.000000,s5_p4
1779334177.0,5,1,0.000000,s5_p1
1779334177.0,5,2,0.069955,s5_p2
1779334177.0,5,3,0.120612,s5_p3
1779334177.0,15,4,0.000000,s15_p4
1779334177.0,15,1,0.000000,s15_p1
1779334177.0,15,2,0.000000,s15_p2
1779334177.0,15,3,0.253181,s15_p3
1779334177.0,13,1,0.069945,s13_p1
1779334177.0,13,4,0.000000,s13_p4
1779334177.0,13,2,0.250838,s13_p2
1779334177.0,13,3,0.000000,s13_p3
1779334177.0,8,4,0.255606,s8_p4
1779334177.0,8,1,0.000000,s8_p1
1779334177.0,8,2,0.000000,s8_p2
1779334177.0,8,3,0.000000,s8_p3
1779334177.0,4,1,0.050632,s4_p1
1779334177.0,4,4,0.000000,s4_p4
1779334177.0,4,2,0.000000,s4_p2
1779334177.0,4,3,0.163951,s4_p3
1779334177.0,18,4,0.000000,s18_p4
1779334177.0,18,1,0.000000,s18_p1
1779334177.0,18,2,0.000000,s18_p2
1779334177.0,18,3,0.000000,s18_p3
1779334177.0,2,1,0.000000,s2_p1
1779334177.0,2,4,0.000000,s2_p4
1779334177.0,2,2,0.098939,s2_p2
1779334177.0,2,3,0.096525,s2_p3
1779334177.0,12,4,0.000000,s12_p4
1779334177.0,12,1,0.072325,s12_p1
1779334177.0,12,2,0.000000,s12_p2
1779334177.0,12,3,0.000000,s12_p3
1779334177.0,6,1,0.120519,s6_p1
1779334177.0,6,4,0.000000,s6_p4
1779334177.0,6,2,0.130161,s6_p2
1779334177.0,6,3,0.000000,s6_p3
1779334177.0,16,1,0.000000,s16_p1
1779334177.0,16,4,1.000000,s16_p4
1779334177.0,16,2,0.000000,s16_p2
1779334177.0,16,3,0.000000,s16_p3
1779334177.0,1,4,0.000000,s1_p4
1779334177.0,1,1,0.028931,s1_p1
1779334177.0,1,2,0.000000,s1_p2
1779334177.0,1,3,0.067506,s1_p3
1779334177.0,20,1,0.638793,s20_p1
1779334177.0,20,4,0.000000,s20_p4
1779334177.0,20,2,0.361581,s20_p2
1779334177.0,20,3,0.000000,s20_p3
1779334177.0,7,1,0.000000,s7_p1
1779334177.0,7,4,0.144642,s7_p4
1779334177.0,7,2,0.000000,s7_p2
1779334177.0,7,3,0.050625,s7_p3
1779334177.0,17,4,0.000000,s17_p4
1779334177.0,17,1,0.000000,s17_p1
1779334177.0,17,2,0.590959,s17_p2
1779334177.0,17,3,1.000000,s17_p3
1779334177.0,10,4,0.000000,s10_p4
1779334177.0,10,1,0.028924,s10_p1
1779334177.0,10,2,0.098823,s10_p2
1779334177.0,10,3,0.000000,s10_p3
1779334177.0,11,4,0.000000,s11_p4
1779334177.0,11,1,0.067518,s11_p1
1779334177.0,11,2,0.050638,s11_p2
1779334177.0,11,3,0.819857,s11_p3
1779334177.0,19,1,0.000000,s19_p1
1779334177.0,19,4,0.000000,s19_p4
1779334177.0,19,2,0.000000,s19_p2
1779334177.0,19,3,0.000000,s19_p3
1779334177.0,9,1,0.000000,s9_p1
1779334177.0,9,4,0.000000,s9_p4
1779334177.0,9,2,0.000000,s9_p2
1779334177.0,9,3,0.819886,s9_p3
1779334178.0,6,1,0.118761,s6_p1
1779334178.0,6,4,0.000000,s6_p4
1779334178.0,6,2,0.126032,s6_p2
1779334178.0,6,3,0.000000,s6_p3
1779334178.0,19,1,0.000000,s19_p1
1779334178.0,19,4,0.000000,s19_p4
1779334178.0,19,2,0.000000,s19_p2
1779334178.0,19,3,0.000000,s19_p3
1779334178.0,10,4,0.000000,s10_p4
1779334178.0,10,1,0.033915,s10_p1
1779334178.0,10,2,0.087211,s10_p2
1779334178.0,10,3,0.000000,s10_p3
1779334178.0,14,4,0.000000,s14_p4
1779334178.0,14,1,0.000000,s14_p1
1779334178.0,14,2,0.000000,s14_p2
1779334178.0,14,3,0.000000,s14_p3
1779334178.0,3,4,0.000000,s3_p4
1779334178.0,3,1,0.079764,s3_p1
1779334178.0,3,2,0.067678,s3_p2
1779334178.0,3,3,0.000000,s3_p3
1779334178.0,1,4,0.000000,s1_p4
1779334178.0,1,1,0.033901,s1_p1
1779334178.0,1,2,0.000000,s1_p2
1779334178.0,1,3,0.067801,s1_p3
1779334178.0,15,4,0.000000,s15_p4
1779334178.0,15,1,0.000000,s15_p1
1779334178.0,15,2,0.000000,s15_p2
1779334178.0,15,3,0.242047,s15_p3
1779334178.0,8,4,0.256509,s8_p4
1779334178.0,8,1,0.000000,s8_p1
1779334178.0,8,2,0.000000,s8_p2
1779334178.0,8,3,0.000000,s8_p3
1779334178.0,13,1,0.075009,s13_p1
1779334178.0,13,4,0.000000,s13_p4
1779334178.0,13,2,0.244384,s13_p2
1779334178.0,13,3,0.000000,s13_p3
1779334178.0,12,4,0.000000,s12_p4
1779334178.0,12,1,0.079860,s12_p1
1779334178.0,12,2,0.000000,s12_p2
1779334178.0,12,3,0.000000,s12_p3
1779334178.0,4,1,0.048371,s4_p1
1779334178.0,4,4,0.000000,s4_p4
1779334178.0,4,2,0.000000,s4_p2
1779334178.0,4,3,0.164462,s4_p3
1779334178.0,18,4,0.000000,s18_p4
1779334178.0,18,1,0.000000,s18_p1
1779334178.0,18,2,0.000000,s18_p2
1779334178.0,18,3,0.000000,s18_p3
1779334178.0,20,1,0.604760,s20_p1
1779334178.0,20,4,0.000000,s20_p4
1779334178.0,20,2,0.399142,s20_p2
1779334178.0,20,3,0.000000,s20_p3
1779334178.0,5,4,0.000000,s5_p4
1779334178.0,5,1,0.000000,s5_p1
1779334178.0,5,2,0.074949,s5_p2
1779334178.0,5,3,0.118468,s5_p3
1779334178.0,7,1,0.000000,s7_p1
1779334178.0,7,4,0.145143,s7_p4
1779334178.0,7,2,0.000000,s7_p2
1779334178.0,7,3,0.048381,s7_p3
1779334178.0,17,4,0.000000,s17_p4
1779334178.0,17,1,0.000000,s17_p1
1779334178.0,17,2,0.580573,s17_p2
1779334178.0,17,3,1.000000,s17_p3
1779334178.0,2,1,0.000000,s2_p1
1779334178.0,2,4,0.000000,s2_p4
1779334178.0,2,2,0.087055,s2_p2
1779334178.0,2,3,0.094310,s2_p3
1779334178.0,16,1,0.000000,s16_p1
1779334178.0,16,4,1.000000,s16_p4
1779334178.0,16,2,0.000000,s16_p2
1779334178.0,16,3,0.000000,s16_p3
1779334178.0,9,1,0.000000,s9_p1
1779334178.0,9,4,0.000000,s9_p4
1779334178.0,9,2,0.000000,s9_p2
1779334178.0,9,3,0.810469,s9_p3
1779334178.0,11,4,0.000000,s11_p4
1779334178.0,11,1,0.067733,s11_p1
1779334178.0,11,2,0.048381,s11_p2
1779334178.0,11,3,0.822470,s11_p3
1779334178.0,6,1,0.120749,s6_p1
1779334178.0,6,4,0.000000,s6_p4
1779334178.0,6,2,0.123164,s6_p2
1779334178.0,6,3,0.000000,s6_p3
1779334178.0,19,1,0.000000,s19_p1
1779334178.0,19,4,0.000000,s19_p4
1779334178.0,19,2,0.000000,s19_p2
1779334178.0,19,3,0.000000,s19_p3
1779334178.0,15,4,0.000000,s15_p4
1779334178.0,15,1,0.000000,s15_p1
1779334178.0,15,2,0.000000,s15_p2
1779334178.0,15,3,0.253664,s15_p3
1779334178.0,3,4,0.000000,s3_p4
1779334178.0,3,1,0.077295,s3_p1
1779334178.0,3,2,0.067634,s3_p2
1779334178.0,3,3,0.000000,s3_p3
1779334178.0,14,4,0.000000,s14_p4
1779334178.0,14,1,0.000000,s14_p1
1779334178.0,14,2,0.000000,s14_p2
1779334178.0,14,3,0.000000,s14_p3
1779334178.0,8,4,0.258545,s8_p4
1779334178.0,8,1,0.000000,s8_p1
1779334178.0,8,2,0.000000,s8_p2
1779334178.0,8,3,0.000000,s8_p3
1779334178.0,10,4,0.000000,s10_p4
1779334178.0,10,1,0.031392,s10_p1
1779334178.0,10,2,0.089347,s10_p2
1779334178.0,10,3,0.000000,s10_p3
1779334178.0,1,4,0.000000,s1_p4
1779334178.0,1,1,0.031399,s1_p1
1779334178.0,1,2,0.000000,s1_p2
1779334178.0,1,3,0.067629,s1_p3
1779334178.0,20,1,0.604244,s20_p1
1779334178.0,20,4,0.000000,s20_p4
1779334178.0,20,2,0.386716,s20_p2
1779334178.0,20,3,0.000000,s20_p3
1779334178.0,7,1,0.000000,s7_p1
1779334178.0,7,4,0.147433,s7_p4
1779334178.0,7,2,0.000000,s7_p2
1779334178.0,7,3,0.050756,s7_p3
1779334178.0,12,4,0.000000,s12_p4
1779334178.0,12,1,0.077290,s12_p1
1779334178.0,12,2,0.000000,s12_p2
1779334178.0,12,3,0.000000,s12_p3
1779334178.0,13,1,0.074870,s13_p1
1779334178.0,13,4,0.000000,s13_p4
1779334178.0,13,2,0.246348,s13_p2
1779334178.0,13,3,0.000000,s13_p3
1779334178.0,2,1,0.000000,s2_p1
1779334178.0,2,4,0.000000,s2_p4
1779334178.0,2,2,0.091799,s2_p2
1779334178.0,2,3,0.096631,s2_p3
1779334178.0,11,4,0.000000,s11_p4
1779334178.0,11,1,0.067659,s11_p1
1779334178.0,11,2,0.050744,s11_p2
1779334178.0,11,3,0.821573,s11_p3
1779334178.0,17,4,0.000000,s17_p4
1779334178.0,17,1,0.000000,s17_p1
1779334178.0,17,2,0.591793,s17_p2
1779334178.0,17,3,1.000000,s17_p3
1779334178.0,9,1,0.000000,s9_p1
1779334178.0,9,4,0.000000,s9_p4
1779334178.0,9,2,0.000000,s9_p2
1779334178.0,9,3,0.821506,s9_p3
1779334178.0,16,1,0.000000,s16_p1
1779334178.0,16,4,1.000000,s16_p4
1779334178.0,16,2,0.000000,s16_p2
1779334178.0,16,3,0.000000,s16_p3
1779334178.0,4,1,0.050712,s4_p1
1779334178.0,4,4,0.000000,s4_p4
1779334178.0,4,2,0.000000,s4_p2
1779334178.0,4,3,0.164209,s4_p3
1779334178.0,18,4,0.000000,s18_p4
1779334178.0,18,1,0.000000,s18_p1
1779334178.0,18,2,0.000000,s18_p2
1779334178.0,18,3,0.000000,s18_p3
1779334178.0,5,4,0.000000,s5_p4
1779334178.0,5,1,0.000000,s5_p1
1779334178.0,5,2,0.074856,s5_p2
1779334178.0,5,3,0.120736,s5_p3
1779334179.0,19,1,0.000000,s19_p1
1779334179.0,19,4,0.000000,s19_p4
1779334179.0,19,2,0.000000,s19_p2
1779334179.0,19,3,0.000000,s19_p3
1779334179.0,6,1,0.118344,s6_p1
1779334179.0,6,4,0.000000,s6_p4
1779334179.0,6,2,0.130420,s6_p2
1779334179.0,6,3,0.000000,s6_p3
1779334179.0,3,4,0.000000,s3_p4
1779334179.0,3,1,0.079721,s3_p1
1779334179.0,3,2,0.067642,s3_p2
1779334179.0,3,3,0.000000,s3_p3
1779334179.0,15,4,0.000000,s15_p4
1779334179.0,15,1,0.000000,s15_p1
1779334179.0,15,2,0.000000,s15_p2
1779334179.0,15,3,0.253625,s15_p3
1779334179.0,10,4,0.000000,s10_p4
1779334179.0,10,1,0.036237,s10_p1
1779334179.0,10,2,0.084552,s10_p2
1779334179.0,10,3,0.000000,s10_p3
1779334179.0,1,4,0.000000,s1_p4
1779334179.0,1,1,0.036237,s1_p1
1779334179.0,1,2,0.000000,s1_p2
1779334179.0,1,3,0.067642,s1_p3
1779334179.0,14,4,0.000000,s14_p4
1779334179.0,14,1,0.000000,s14_p1
1779334179.0,14,2,0.000000,s14_p2
1779334179.0,14,3,0.000000,s14_p3
1779334179.0,12,4,0.000000,s12_p4
1779334179.0,12,1,0.079725,s12_p1
1779334179.0,12,2,0.000000,s12_p2
1779334179.0,12,3,0.000000,s12_p3
1779334179.0,13,1,0.070058,s13_p1
1779334179.0,13,4,0.000000,s13_p4
1779334179.0,13,2,0.246409,s13_p2
1779334179.0,13,3,0.000000,s13_p3
1779334179.0,7,1,0.000000,s7_p1
1779334179.0,7,4,0.144934,s7_p4
1779334179.0,7,2,0.000000,s7_p2
1779334179.0,7,3,0.050727,s7_p3
1779334179.0,8,4,0.255920,s8_p4
1779334179.0,8,1,0.000000,s8_p1
1779334179.0,8,2,0.000000,s8_p2
1779334179.0,8,3,0.000000,s8_p3
1779334179.0,4,1,0.050760,s4_p1
1779334179.0,4,4,0.000000,s4_p4
1779334179.0,4,2,0.000000,s4_p2
1779334179.0,4,3,0.164366,s4_p3
1779334179.0,17,4,0.000000,s17_p4
1779334179.0,17,1,0.000000,s17_p1
1779334179.0,17,2,0.591936,s17_p2
1779334179.0,17,3,0.990587,s17_p3
1779334179.0,2,1,0.000000,s2_p1
1779334179.0,2,4,0.000000,s2_p4
1779334179.0,2,2,0.082134,s2_p2
1779334179.0,2,3,0.096628,s2_p3
1779334179.0,5,4,0.000000,s5_p4
1779334179.0,5,1,0.000000,s5_p1
1779334179.0,5,2,0.070076,s5_p2
1779334179.0,5,3,0.118404,s5_p3
1779334179.0,16,1,0.000000,s16_p1
1779334179.0,16,4,0.990509,s16_p4
1779334179.0,16,2,0.000000,s16_p2
1779334179.0,16,3,0.000000,s16_p3
1779334179.0,20,1,0.603497,s20_p1
1779334179.0,20,4,0.000000,s20_p4
1779334179.0,20,2,0.398308,s20_p2
1779334179.0,20,3,0.000000,s20_p3
1779334179.0,18,4,0.000000,s18_p4
1779334179.0,18,1,0.000000,s18_p1
1779334179.0,18,2,0.000000,s18_p2
1779334179.0,18,3,0.000000,s18_p3
1779334179.0,9,1,0.000000,s9_p1
1779334179.0,9,4,0.000000,s9_p4
1779334179.0,9,2,0.000000,s9_p2
1779334179.0,9,3,0.821197,s9_p3
1779334179.0,11,4,0.000000,s11_p4
1779334179.0,11,1,0.067621,s11_p1
1779334179.0,11,2,0.050716,s11_p2
1779334179.0,11,3,0.821111,s11_p3
1779334179.0,1,4,0.000000,s1_p4
1779334179.0,1,1,0.043493,s1_p1
1779334179.0,1,2,0.000000,s1_p2
1779334179.0,1,3,0.067655,s1_p3
1779334179.0,19,1,0.000000,s19_p1
1779334179.0,19,4,0.000000,s19_p4
1779334179.0,19,2,0.000000,s19_p2
1779334179.0,19,3,0.000000,s19_p3
1779334179.0,10,4,0.000000,s10_p4
1779334179.0,10,1,0.043456,s10_p1
1779334179.0,10,2,0.086912,s10_p2
1779334179.0,10,3,0.000000,s10_p3
1779334179.0,15,4,0.000000,s15_p4
1779334179.0,15,1,0.000000,s15_p1
1779334179.0,15,2,0.000000,s15_p2
1779334179.0,15,3,0.241395,s15_p3
1779334179.0,6,1,0.120624,s6_p1
1779334179.0,6,4,0.000000,s6_p4
1779334179.0,6,2,0.130274,s6_p2
1779334179.0,6,3,0.000000,s6_p3
1779334179.0,3,4,0.000000,s3_p4
1779334179.0,3,1,0.069996,s3_p1
1779334179.0,3,2,0.067582,s3_p2
1779334179.0,3,3,0.000000,s3_p3
1779334179.0,14,4,0.000000,s14_p4
1779334179.0,14,1,0.000000,s14_p1
1779334179.0,14,2,0.000000,s14_p2
1779334179.0,14,3,0.000000,s14_p3
1779334179.0,8,4,0.256007,s8_p4
1779334179.0,8,1,0.000000,s8_p1
1779334179.0,8,2,0.000000,s8_p2
1779334179.0,8,3,0.000000,s8_p3
1779334179.0,18,4,0.000000,s18_p4
1779334179.0,18,1,0.000000,s18_p1
1779334179.0,18,2,0.000000,s18_p2
1779334179.0,18,3,0.000000,s18_p3
1779334179.0,13,1,0.069984,s13_p1
1779334179.0,13,4,0.000000,s13_p4
1779334179.0,13,2,0.250976,s13_p2
1779334179.0,13,3,0.000000,s13_p3
1779334179.0,20,1,0.651944,s20_p1
1779334179.0,20,4,0.000000,s20_p4
1779334179.0,20,2,0.350118,s20_p2
1779334179.0,20,3,0.000000,s20_p3
1779334179.0,7,1,0.000000,s7_p1
1779334179.0,7,4,0.144791,s7_p4
1779334179.0,7,2,0.000000,s7_p2
1779334179.0,7,3,0.048264,s7_p3
1779334179.0,17,4,0.000000,s17_p4
1779334179.0,17,1,0.000000,s17_p1
1779334179.0,17,2,0.579397,s17_p2
1779334179.0,17,3,1.000000,s17_p3
1779334179.0,12,4,0.000000,s12_p4
1779334179.0,12,1,0.069972,s12_p1
1779334179.0,12,2,0.000000,s12_p2
1779334179.0,12,3,0.000000,s12_p3
1779334179.0,4,1,0.048263,s4_p1
1779334179.0,4,4,0.000000,s4_p4
1779334179.0,4,2,0.000000,s4_p2
1779334179.0,4,3,0.164093,s4_p3
1779334179.0,5,4,0.000000,s5_p4
1779334179.0,5,1,0.000000,s5_p1
1779334179.0,5,2,0.070013,s5_p2
1779334179.0,5,3,0.120713,s5_p3
1779334179.0,9,1,0.000000,s9_p1
1779334179.0,9,4,0.000000,s9_p4
1779334179.0,9,2,0.000000,s9_p2
1779334179.0,9,3,0.820816,s9_p3
1779334179.0,2,1,0.000000,s2_p1
1779334179.0,2,4,0.000000,s2_p4
1779334179.0,2,2,0.086880,s2_p2
1779334179.0,2,3,0.096533,s2_p3
1779334179.0,16,1,0.000000,s16_p1
1779334179.0,16,4,1.000000,s16_p4
1779334179.0,16,2,0.000000,s16_p2
1779334179.0,16,3,0.000000,s16_p3
1779334179.0,11,4,0.000000,s11_p4
1779334179.0,11,1,0.067593,s11_p1
1779334179.0,11,2,0.048281,s11_p2
1779334179.0,11,3,0.820772,s11_p3
1779334180.0,6,1,0.118420,s6_p1
1779334180.0,6,4,0.000000,s6_p4
1779334180.0,6,2,0.125670,s6_p2
1779334180.0,6,3,0.000000,s6_p3
1779334180.0,19,1,0.000000,s19_p1
1779334180.0,19,4,0.000000,s19_p4
1779334180.0,19,2,0.000000,s19_p2
1779334180.0,19,3,0.000000,s19_p3
1779334180.0,10,4,0.000000,s10_p4
1779334180.0,10,1,0.038636,s10_p1
1779334180.0,10,2,0.089346,s10_p2
1779334180.0,10,3,0.000000,s10_p3
1779334180.0,15,4,0.000000,s15_p4
1779334180.0,15,1,0.000000,s15_p1
1779334180.0,15,2,0.000000,s15_p2
1779334180.0,15,3,0.253550,s15_p3
1779334180.0,14,4,0.000000,s14_p4
1779334180.0,14,1,0.000000,s14_p1
1779334180.0,14,2,0.000000,s14_p2
1779334180.0,14,3,0.000000,s14_p3
1779334180.0,3,4,0.000000,s3_p4
1779334180.0,3,1,0.072442,s3_p1
1779334180.0,3,2,0.070027,s3_p2
1779334180.0,3,3,0.000000,s3_p3
1779334180.0,8,4,0.258376,s8_p4
1779334180.0,8,1,0.000000,s8_p1
1779334180.0,8,2,0.000000,s8_p2
1779334180.0,8,3,0.000000,s8_p3
1779334180.0,1,4,0.000000,s1_p4
1779334180.0,1,1,0.038596,s1_p1
1779334180.0,1,2,0.000000,s1_p2
1779334180.0,1,3,0.069954,s1_p3
1779334180.0,20,1,0.640030,s20_p1
1779334180.0,20,4,0.000000,s20_p4
1779334180.0,20,2,0.362281,s20_p2
1779334180.0,20,3,0.000000,s20_p3
1779334180.0,17,4,0.000000,s17_p4
1779334180.0,17,1,0.000000,s17_p1
1779334180.0,17,2,0.603788,s17_p2
1779334180.0,17,3,1.000000,s17_p3
1779334180.0,12,4,0.000000,s12_p4
1779334180.0,12,1,0.072454,s12_p1
1779334180.0,12,2,0.000000,s12_p2
1779334180.0,12,3,0.000000,s12_p3
1779334180.0,13,1,0.074860,s13_p1
1779334180.0,13,4,0.000000,s13_p4
1779334180.0,13,2,0.243899,s13_p2
1779334180.0,13,3,0.000000,s13_p3
1779334180.0,4,1,0.050716,s4_p1
1779334180.0,4,4,0.000000,s4_p4
1779334180.0,4,2,0.000000,s4_p2
1779334180.0,4,3,0.161810,s4_p3
1779334180.0,5,4,0.000000,s5_p4
1779334180.0,5,1,0.000000,s5_p1
1779334180.0,5,2,0.074861,s5_p2
1779334180.0,5,3,0.118329,s5_p3
1779334180.0,7,1,0.000000,s7_p1
1779334180.0,7,4,0.144869,s7_p4
1779334180.0,7,2,0.000000,s7_p2
1779334180.0,7,3,0.050704,s7_p3
1779334180.0,2,1,0.000000,s2_p1
1779334180.0,2,4,0.000000,s2_p4
1779334180.0,2,2,0.089330,s2_p2
1779334180.0,2,3,0.094158,s2_p3
1779334180.0,11,4,0.000000,s11_p4
1779334180.0,11,1,0.070015,s11_p1
1779334180.0,11,2,0.050700,s11_p2
1779334180.0,11,3,0.820861,s11_p3
1779334180.0,16,1,0.000000,s16_p1
1779334180.0,16,4,1.000000,s16_p4
1779334180.0,16,2,0.000000,s16_p2
1779334180.0,16,3,0.000000,s16_p3
1779334180.0,18,4,0.000000,s18_p4
1779334180.0,18,1,0.000000,s18_p1
1779334180.0,18,2,0.000000,s18_p2
1779334180.0,18,3,0.000000,s18_p3
1779334180.0,9,1,0.000000,s9_p1
1779334180.0,9,4,0.000000,s9_p4
1779334180.0,9,2,0.000000,s9_p2
1779334180.0,9,3,0.820689,s9_p3
1779334180.0,6,1,0.120808,s6_p1
1779334180.0,6,4,0.000000,s6_p4
1779334180.0,6,2,0.130472,s6_p2
1779334180.0,6,3,0.000000,s6_p3
1779334180.0,7,1,0.000000,s7_p1
1779334180.0,7,4,0.147540,s7_p4
1779334180.0,7,2,0.000000,s7_p2
1779334180.0,7,3,0.048374,s7_p3
1779334180.0,17,4,0.000000,s17_p4
1779334180.0,17,1,0.000000,s17_p1
1779334180.0,17,2,0.580291,s17_p2
1779334180.0,17,3,1.000000,s17_p3
1779334180.0,15,4,0.000000,s15_p4
1779334180.0,15,1,0.000000,s15_p1
1779334180.0,15,2,0.000000,s15_p2
1779334180.0,15,3,0.241594,s15_p3
1779334180.0,10,4,0.000000,s10_p4
1779334180.0,10,1,0.033820,s10_p1
1779334180.0,10,2,0.094213,s10_p2
1779334180.0,10,3,0.000000,s10_p3
1779334180.0,9,1,0.000000,s9_p1
1779334180.0,9,4,0.000000,s9_p4
1779334180.0,9,2,0.000000,s9_p2
1779334180.0,9,3,0.822473,s9_p3
1779334180.0,11,4,0.000000,s11_p4
1779334180.0,11,1,0.067720,s11_p1
1779334180.0,11,2,0.048372,s11_p2
1779334180.0,11,3,0.810227,s11_p3
1779334180.0,19,1,0.000000,s19_p1
1779334180.0,19,4,0.000000,s19_p4
1779334180.0,19,2,0.000000,s19_p2
1779334180.0,19,3,0.000000,s19_p3
1779334180.0,1,4,0.000000,s1_p4
1779334180.0,1,1,0.033796,s1_p1
1779334180.0,1,2,0.000000,s1_p2
1779334180.0,1,3,0.067593,s1_p3
1779334180.0,13,1,0.070048,s13_p1
1779334180.0,13,4,0.000000,s13_p4
1779334180.0,13,2,0.251206,s13_p2
1779334180.0,13,3,0.000000,s13_p3
1779334180.0,14,4,0.000000,s14_p4
1779334180.0,14,1,0.000000,s14_p1
1779334180.0,14,2,0.000000,s14_p2
1779334180.0,14,3,0.000000,s14_p3
1779334180.0,8,4,0.255843,s8_p4
1779334180.0,8,1,0.000000,s8_p1
1779334180.0,8,2,0.000000,s8_p2
1779334180.0,8,3,0.000000,s8_p3
1779334180.0,3,4,0.000000,s3_p4
1779334180.0,3,1,0.072403,s3_p1
1779334180.0,3,2,0.067577,s3_p2
1779334180.0,3,3,0.000000,s3_p3
1779334180.0,12,4,0.000000,s12_p4
1779334180.0,12,1,0.072419,s12_p1
1779334180.0,12,2,0.000000,s12_p2
1779334180.0,12,3,0.000000,s12_p3
1779334180.0,18,4,0.000000,s18_p4
1779334180.0,18,1,0.000000,s18_p1
1779334180.0,18,2,0.000000,s18_p2
1779334180.0,18,3,0.000000,s18_p3
1779334180.0,20,1,0.639566,s20_p1
1779334180.0,20,4,0.000000,s20_p4
1779334180.0,20,2,0.362018,s20_p2
1779334180.0,20,3,0.000000,s20_p3
1779334180.0,4,1,0.048275,s4_p1
1779334180.0,4,4,0.000000,s4_p4
1779334180.0,4,2,0.000000,s4_p2
1779334180.0,4,3,0.164134,s4_p3
1779334180.0,5,4,0.000000,s5_p4
1779334180.0,5,1,0.000000,s5_p1
1779334180.0,5,2,0.070004,s5_p2
1779334180.0,5,3,0.120697,s5_p3
1779334180.0,16,1,0.000000,s16_p1
1779334180.0,16,4,1.000000,s16_p4
1779334180.0,16,2,0.000000,s16_p2
1779334180.0,16,3,0.000000,s16_p3
1779334180.0,2,1,0.000000,s2_p1
1779334180.0,2,4,0.000000,s2_p4
1779334180.0,2,2,0.094171,s2_p2
1779334180.0,2,3,0.096586,s2_p3
1779334181.0,19,1,0.000000,s19_p1
1779334181.0,19,4,0.000000,s19_p4
1779334181.0,19,2,0.000000,s19_p2
1779334181.0,19,3,0.000000,s19_p3
1779334181.0,1,4,0.000000,s1_p4
1779334181.0,1,1,0.026603,s1_p1
1779334181.0,1,2,0.000000,s1_p2
1779334181.0,1,3,0.067716,s1_p3
1779334181.0,6,1,0.120693,s6_p1
1779334181.0,6,4,0.000000,s6_p4
1779334181.0,6,2,0.130348,s6_p2
1779334181.0,6,3,0.000000,s6_p3
1779334181.0,14,4,0.000000,s14_p4
1779334181.0,14,1,0.000000,s14_p1
1779334181.0,14,2,0.000000,s14_p2
1779334181.0,14,3,0.000000,s14_p3
1779334181.0,13,1,0.070098,s13_p1
1779334181.0,13,4,0.000000,s13_p4
1779334181.0,13,2,0.251386,s13_p2
1779334181.0,13,3,0.000000,s13_p3
1779334181.0,8,4,0.256210,s8_p4
1779334181.0,8,1,0.000000,s8_p1
1779334181.0,8,2,0.000000,s8_p2
1779334181.0,8,3,0.000000,s8_p3
1779334181.0,7,1,0.000000,s7_p1
1779334181.0,7,4,0.144841,s7_p4
1779334181.0,7,2,0.000000,s7_p2
1779334181.0,7,3,0.050694,s7_p3
1779334181.0,10,4,0.000000,s10_p4
1779334181.0,10,1,0.026557,s10_p1
1779334181.0,10,2,0.098985,s10_p2
1779334181.0,10,3,0.000000,s10_p3
1779334181.0,3,4,0.000000,s3_p4
1779334181.0,3,1,0.072503,s3_p1
1779334181.0,3,2,0.067669,s3_p2
1779334181.0,3,3,0.000000,s3_p3
1779334181.0,15,4,0.000000,s15_p4
1779334181.0,15,1,0.000000,s15_p1
1779334181.0,15,2,0.000000,s15_p2
1779334181.0,15,3,0.253471,s15_p3
1779334181.0,20,1,0.628267,s20_p1
1779334181.0,20,4,0.000000,s20_p4
1779334181.0,20,2,0.374544,s20_p2
1779334181.0,20,3,0.000000,s20_p3
1779334181.0,17,4,0.000000,s17_p4
1779334181.0,17,1,0.000000,s17_p1
1779334181.0,17,2,0.590929,s17_p2
1779334181.0,17,3,1.000000,s17_p3
1779334181.0,12,4,0.000000,s12_p4
1779334181.0,12,1,0.074892,s12_p1
1779334181.0,12,2,0.000000,s12_p2
1779334181.0,12,3,0.000000,s12_p3
1779334181.0,5,4,0.000000,s5_p4
1779334181.0,5,1,0.000000,s5_p1
1779334181.0,5,2,0.070069,s5_p2
1779334181.0,5,3,0.120808,s5_p3
1779334181.0,4,1,0.050737,s4_p1
1779334181.0,4,4,0.000000,s4_p4
1779334181.0,4,2,0.000000,s4_p2
1779334181.0,4,3,0.164292,s4_p3
1779334181.0,2,1,0.000000,s2_p1
1779334181.0,2,4,0.000000,s2_p4
1779334181.0,2,2,0.099086,s2_p2
1779334181.0,2,3,0.096669,s2_p3
1779334181.0,18,4,0.000000,s18_p4
1779334181.0,18,1,0.000000,s18_p1
1779334181.0,18,2,0.000000,s18_p2
1779334181.0,18,3,0.000000,s18_p3
1779334181.0,16,1,0.000000,s16_p1
1779334181.0,16,4,1.000000,s16_p4
1779334181.0,16,2,0.000000,s16_p2
1779334181.0,16,3,0.000000,s16_p3
1779334181.0,9,1,0.000000,s9_p1
1779334181.0,9,4,0.000000,s9_p4
1779334181.0,9,2,0.000000,s9_p2
1779334181.0,9,3,0.820024,s9_p3
1779334181.0,11,4,0.000000,s11_p4
1779334181.0,11,1,0.067535,s11_p1
1779334181.0,11,2,0.050651,s11_p2
1779334181.0,11,3,0.820065,s11_p3
1779334181.0,6,1,0.118394,s6_p1
1779334181.0,6,4,0.000000,s6_p4
1779334181.0,6,2,0.128059,s6_p2
1779334181.0,6,3,0.000000,s6_p3
1779334181.0,19,1,0.000000,s19_p1
1779334181.0,19,4,0.000000,s19_p4
1779334181.0,19,2,0.000000,s19_p2
1779334181.0,19,3,0.000000,s19_p3
1779334181.0,1,4,0.000000,s1_p4
1779334181.0,1,1,0.041064,s1_p1
1779334181.0,1,2,0.000000,s1_p2
1779334181.0,1,3,0.067635,s1_p3
1779334181.0,3,4,0.000000,s3_p4
1779334181.0,3,1,0.074906,s3_p1
1779334181.0,3,2,0.067657,s3_p2
1779334181.0,3,3,0.000000,s3_p3
1779334181.0,14,4,0.000000,s14_p4
1779334181.0,14,1,0.000000,s14_p1
1779334181.0,14,2,0.000000,s14_p2
1779334181.0,14,3,0.000000,s14_p3
1779334181.0,7,1,0.000000,s7_p1
1779334181.0,7,4,0.144947,s7_p4
1779334181.0,7,2,0.000000,s7_p2
1779334181.0,7,3,0.048316,s7_p3
1779334181.0,10,4,0.000000,s10_p4
1779334181.0,10,1,0.041069,s10_p1
1779334181.0,10,2,0.084554,s10_p2
1779334181.0,10,3,0.000000,s10_p3
1779334181.0,15,4,0.000000,s15_p4
1779334181.0,15,1,0.000000,s15_p1
1779334181.0,15,2,0.000000,s15_p2
1779334181.0,15,3,0.241597,s15_p3
1779334181.0,8,4,0.258450,s8_p4
1779334181.0,8,1,0.000000,s8_p1
1779334181.0,8,2,0.000000,s8_p2
1779334181.0,8,3,0.000000,s8_p3
1779334181.0,20,1,0.628307,s20_p1
1779334181.0,20,4,0.000000,s20_p4
1779334181.0,20,2,0.362485,s20_p2
1779334181.0,20,3,0.000000,s20_p3
1779334181.0,12,4,0.000000,s12_p4
1779334181.0,12,1,0.072501,s12_p1
1779334181.0,12,2,0.000000,s12_p2
1779334181.0,12,3,0.000000,s12_p3
1779334181.0,4,1,0.048335,s4_p1
1779334181.0,4,4,0.000000,s4_p4
1779334181.0,4,2,0.000000,s4_p2
1779334181.0,4,3,0.164339,s4_p3
1779334181.0,17,4,0.000000,s17_p4
1779334181.0,17,1,0.000000,s17_p1
1779334181.0,17,2,0.579957,s17_p2
1779334181.0,17,3,0.990760,s17_p3
1779334181.0,5,4,0.000000,s5_p4
1779334181.0,5,1,0.000000,s5_p1
1779334181.0,5,2,0.070081,s5_p2
1779334181.0,5,3,0.118413,s5_p3
1779334181.0,13,1,0.069998,s13_p1
1779334181.0,13,4,0.000000,s13_p4
1779334181.0,13,2,0.246201,s13_p2
1779334181.0,13,3,0.000000,s13_p3
1779334181.0,16,1,0.000000,s16_p1
1779334181.0,16,4,0.990759,s16_p4
1779334181.0,16,2,0.000000,s16_p2
1779334181.0,16,3,0.000000,s16_p3
1779334181.0,18,4,0.000000,s18_p4
1779334181.0,18,1,0.000000,s18_p1
1779334181.0,18,2,0.000000,s18_p2
1779334181.0,18,3,0.000000,s18_p3
1779334181.0,9,1,0.000000,s9_p1
1779334181.0,9,4,0.000000,s9_p4
1779334181.0,9,2,0.000000,s9_p2
1779334181.0,9,3,0.821577,s9_p3
1779334181.0,11,4,0.000000,s11_p4
1779334181.0,11,1,0.067660,s11_p1
1779334181.0,11,2,0.048329,s11_p2
1779334181.0,11,3,0.821585,s11_p3
1779334181.0,2,1,0.000000,s2_p1
1779334181.0,2,4,0.000000,s2_p4
1779334181.0,2,2,0.084539,s2_p2
1779334181.0,2,3,0.096616,s2_p3
1779334182.0,14,4,0.000000,s14_p4
1779334182.0,14,1,0.000000,s14_p1
1779334182.0,14,2,0.000000,s14_p2
1779334182.0,14,3,0.000000,s14_p3
1779334182.0,1,4,0.000000,s1_p4
1779334182.0,1,1,0.048206,s1_p1
1779334182.0,1,2,0.000000,s1_p2
1779334182.0,1,3,0.067488,s1_p3
1779334182.0,8,4,0.255495,s8_p4
1779334182.0,8,1,0.000000,s8_p1
1779334182.0,8,2,0.000000,s8_p2
1779334182.0,8,3,0.000000,s8_p3
1779334182.0,13,1,0.069936,s13_p1
1779334182.0,13,4,0.000000,s13_p4
1779334182.0,13,2,0.250805,s13_p2
1779334182.0,13,3,0.000000,s13_p3
1779334182.0,15,4,0.000000,s15_p4
1779334182.0,15,1,0.000000,s15_p1
1779334182.0,15,2,0.000000,s15_p2
1779334182.0,15,3,0.253045,s15_p3
1779334182.0,19,1,0.000000,s19_p1
1779334182.0,19,4,0.000000,s19_p4
1779334182.0,19,2,0.000000,s19_p2
1779334182.0,19,3,0.000000,s19_p3
1779334182.0,3,4,0.000000,s3_p4
1779334182.0,3,1,0.067463,s3_p1
1779334182.0,3,2,0.067463,s3_p2
1779334182.0,3,3,0.000000,s3_p3
1779334182.0,10,4,0.000000,s10_p4
1779334182.0,10,1,0.048195,s10_p1
1779334182.0,10,2,0.084341,s10_p2
1779334182.0,10,3,0.000000,s10_p3
1779334182.0,6,1,0.120376,s6_p1
1779334182.0,6,4,0.000000,s6_p4
1779334182.0,6,2,0.130006,s6_p2
1779334182.0,6,3,0.000000,s6_p3
1779334182.0,7,1,0.000000,s7_p1
1779334182.0,7,4,0.146979,s7_p4
1779334182.0,7,2,0.000000,s7_p2
1779334182.0,7,3,0.050599,s7_p3
1779334182.0,2,1,0.000000,s2_p1
1779334182.0,2,4,0.000000,s2_p4
1779334182.0,2,2,0.084380,s2_p2
1779334182.0,2,3,0.094024,s2_p3
1779334182.0,16,1,0.000000,s16_p1
1779334182.0,16,4,1.000000,s16_p4
1779334182.0,16,2,0.000000,s16_p2
1779334182.0,16,3,0.000000,s16_p3
1779334182.0,4,1,0.050594,s4_p1
1779334182.0,4,4,0.000000,s4_p4
1779334182.0,4,2,0.000000,s4_p2
1779334182.0,4,3,0.163828,s4_p3
1779334182.0,5,4,0.000000,s5_p4
1779334182.0,5,1,0.000000,s5_p1
1779334182.0,5,2,0.069869,s5_p2
1779334182.0,5,3,0.120464,s5_p3
1779334182.0,20,1,0.662423,s20_p1
1779334182.0,20,4,0.000000,s20_p4
1779334182.0,20,2,0.337234,s20_p2
1779334182.0,20,3,0.000000,s20_p3
1779334182.0,12,4,0.000000,s12_p4
1779334182.0,12,1,0.067448,s12_p1
1779334182.0,12,2,0.000000,s12_p2
1779334182.0,12,3,0.000000,s12_p3
1779334182.0,17,4,0.000000,s17_p4
1779334182.0,17,1,0.000000,s17_p1
1779334182.0,17,2,0.590179,s17_p2
1779334182.0,17,3,0.999692,s17_p3
1779334182.0,18,4,0.000000,s18_p4
1779334182.0,18,1,0.000000,s18_p1
1779334182.0,18,2,0.000000,s18_p2
1779334182.0,18,3,0.000000,s18_p3
1779334182.0,11,4,0.000000,s11_p4
1779334182.0,11,1,0.067468,s11_p1
1779334182.0,11,2,0.050601,s11_p2
1779334182.0,11,3,0.819260,s11_p3
1779334182.0,9,1,0.000000,s9_p1
1779334182.0,9,4,0.000000,s9_p4
1779334182.0,9,2,0.000000,s9_p2
1779334182.0,9,3,0.807150,s9_p3
1779334182.0,14,4,0.000000,s14_p4
1779334182.0,14,1,0.000000,s14_p1
1779334182.0,14,2,0.000000,s14_p2
1779334182.0,14,3,0.000000,s14_p3
1779334182.0,6,1,0.118519,s6_p1
1779334182.0,6,4,0.000000,s6_p4
1779334182.0,6,2,0.125775,s6_p2
1779334182.0,6,3,0.000000,s6_p3
1779334182.0,1,4,0.000000,s1_p4
1779334182.0,1,1,0.036245,s1_p1
1779334182.0,1,2,0.000000,s1_p2
1779334182.0,1,3,0.067658,s1_p3
1779334182.0,3,4,0.000000,s3_p4
1779334182.0,3,1,0.070134,s3_p1
1779334182.0,3,2,0.067716,s3_p2
1779334182.0,3,3,0.000000,s3_p3
1779334182.0,19,1,0.000000,s19_p1
1779334182.0,19,4,0.000000,s19_p4
1779334182.0,19,2,0.000000,s19_p2
1779334182.0,19,3,0.000000,s19_p3
1779334182.0,10,4,0.000000,s10_p4
1779334182.0,10,1,0.036257,s10_p1
1779334182.0,10,2,0.094269,s10_p2
1779334182.0,10,3,0.000000,s10_p3
1779334182.0,7,1,0.000000,s7_p1
1779334182.0,7,4,0.145030,s7_p4
1779334182.0,7,2,0.000000,s7_p2
1779334182.0,7,3,0.048343,s7_p3
1779334182.0,15,4,0.000000,s15_p4
1779334182.0,15,1,0.000000,s15_p1
1779334182.0,15,2,0.000000,s15_p2
1779334182.0,15,3,0.241673,s15_p3
1779334182.0,8,4,0.256139,s8_p4
1779334182.0,8,1,0.000000,s8_p1
1779334182.0,8,2,0.000000,s8_p2
1779334182.0,8,3,0.000000,s8_p3
1779334182.0,20,1,0.653120,s20_p1
1779334182.0,20,4,0.000000,s20_p4
1779334182.0,20,2,0.350749,s20_p2
1779334182.0,20,3,0.000000,s20_p3
1779334182.0,17,4,0.000000,s17_p4
1779334182.0,17,1,0.000000,s17_p1
1779334182.0,17,2,0.580315,s17_p2
1779334182.0,17,3,1.000000,s17_p3
1779334182.0,2,1,0.000000,s2_p1
1779334182.0,2,4,0.000000,s2_p4
1779334182.0,2,2,0.094270,s2_p2
1779334182.0,2,3,0.096688,s2_p3
1779334182.0,18,4,0.000000,s18_p4
1779334182.0,18,1,0.000000,s18_p1
1779334182.0,18,2,0.000000,s18_p2
1779334182.0,18,3,0.000000,s18_p3
1779334182.0,13,1,0.074867,s13_p1
1779334182.0,13,4,0.000000,s13_p4
1779334182.0,13,2,0.243923,s13_p2
1779334182.0,13,3,0.000000,s13_p3
1779334182.0,4,1,0.048345,s4_p1
1779334182.0,4,4,0.000000,s4_p4
1779334182.0,4,2,0.000000,s4_p2
1779334182.0,4,3,0.164373,s4_p3
1779334182.0,12,4,0.000000,s12_p4
1779334182.0,12,1,0.070107,s12_p1
1779334182.0,12,2,0.000000,s12_p2
1779334182.0,12,3,0.000000,s12_p3
1779334182.0,5,4,0.000000,s5_p4
1779334182.0,5,1,0.000000,s5_p1
1779334182.0,5,2,0.074933,s5_p2
1779334182.0,5,3,0.118442,s5_p3
1779334182.0,11,4,0.000000,s11_p4
1779334182.0,11,1,0.067691,s11_p1
1779334182.0,11,2,0.048350,s11_p2
1779334182.0,11,3,0.821958,s11_p3
1779334182.0,16,1,0.000000,s16_p1
1779334182.0,16,4,1.000000,s16_p4
1779334182.0,16,2,0.000000,s16_p2
1779334182.0,16,3,0.000000,s16_p3
1779334182.0,9,1,0.000000,s9_p1
1779334182.0,9,4,0.000000,s9_p4
1779334182.0,9,2,0.000000,s9_p2
1779334182.0,9,3,0.821928,s9_p3
1779334183.0,6,1,0.120556,s6_p1
1779334183.0,6,4,0.000000,s6_p4
1779334183.0,6,2,0.125378,s6_p2
1779334183.0,6,3,0.000000,s6_p3
1779334183.0,15,4,0.000000,s15_p4
1779334183.0,15,1,0.000000,s15_p1
1779334183.0,15,2,0.000000,s15_p2
1779334183.0,15,3,0.252865,s15_p3
1779334183.0,3,4,0.000000,s3_p4
1779334183.0,3,1,0.084211,s3_p1
1779334183.0,3,2,0.067369,s3_p2
1779334183.0,3,3,0.000000,s3_p3
1779334183.0,14,4,0.000000,s14_p4
1779334183.0,14,1,0.000000,s14_p1
1779334183.0,14,2,0.000000,s14_p2
1779334183.0,14,3,0.000000,s14_p3
1779334183.0,1,4,0.000000,s1_p4
1779334183.0,1,1,0.024054,s1_p1
1779334183.0,1,2,0.000000,s1_p2
1779334183.0,1,3,0.067350,s1_p3
1779334183.0,10,4,0.000000,s10_p4
1779334183.0,10,1,0.024065,s10_p1
1779334183.0,10,2,0.091448,s10_p2
1779334183.0,10,3,0.000000,s10_p3
1779334183.0,4,1,0.050493,s4_p1
1779334183.0,4,4,0.000000,s4_p4
1779334183.0,4,2,0.000000,s4_p2
1779334183.0,4,3,0.163502,s4_p3
1779334183.0,18,4,0.000000,s18_p4
1779334183.0,18,1,0.000000,s18_p1
1779334183.0,18,2,0.000000,s18_p2
1779334183.0,18,3,0.000000,s18_p3
1779334183.0,8,4,0.257072,s8_p4
1779334183.0,8,1,0.000000,s8_p1
1779334183.0,8,2,0.000000,s8_p2
1779334183.0,8,3,0.000000,s8_p3
1779334183.0,13,1,0.074523,s13_p1
1779334183.0,13,4,0.000000,s13_p4
1779334183.0,13,2,0.245204,s13_p2
1779334183.0,13,3,0.000000,s13_p3
1779334183.0,2,1,0.000000,s2_p1
1779334183.0,2,4,0.000000,s2_p4
1779334183.0,2,2,0.091342,s2_p2
1779334183.0,2,3,0.096150,s2_p3
1779334183.0,7,1,0.000000,s7_p1
1779334183.0,7,4,0.144126,s7_p4
1779334183.0,7,2,0.000000,s7_p2
1779334183.0,7,3,0.050444,s7_p3
1779334183.0,17,4,0.000000,s17_p4
1779334183.0,17,1,0.000000,s17_p1
1779334183.0,17,2,0.588821,s17_p2
1779334183.0,17,3,0.997390,s17_p3
1779334183.0,12,4,0.000000,s12_p4
1779334183.0,12,1,0.084128,s12_p1
1779334183.0,12,2,0.000000,s12_p2
1779334183.0,12,3,0.000000,s12_p3
1779334183.0,5,4,0.000000,s5_p4
1779334183.0,5,1,0.000000,s5_p1
1779334183.0,5,2,0.074513,s5_p2
1779334183.0,5,3,0.120182,s5_p3
1779334183.0,20,1,0.576455,s20_p1
1779334183.0,20,4,0.000000,s20_p4
1779334183.0,20,2,0.420332,s20_p2
1779334183.0,20,3,0.000000,s20_p3
1779334183.0,9,1,0.000000,s9_p1
1779334183.0,9,4,0.000000,s9_p4
1779334183.0,9,2,0.000000,s9_p2
1779334183.0,9,3,0.829145,s9_p3
1779334183.0,11,4,0.000000,s11_p4
1779334183.0,11,1,0.069686,s11_p1
1779334183.0,11,2,0.050462,s11_p2
1779334183.0,11,3,0.817003,s11_p3
1779334183.0,16,1,0.000000,s16_p1
1779334183.0,16,4,0.997248,s16_p4
1779334183.0,16,2,0.000000,s16_p2
1779334183.0,16,3,0.000000,s16_p3
1779334183.0,19,1,0.000000,s19_p1
1779334183.0,19,4,0.000000,s19_p4
1779334183.0,19,2,0.000000,s19_p2
1779334183.0,19,3,0.000000,s19_p3
1779334183.0,6,1,0.118685,s6_p1
1779334183.0,6,4,0.000000,s6_p4
1779334183.0,6,2,0.128373,s6_p2
1779334183.0,6,3,0.000000,s6_p3
1779334183.0,3,4,0.000000,s3_p4
1779334183.0,3,1,0.075207,s3_p1
1779334183.0,3,2,0.070355,s3_p2
1779334183.0,3,3,0.000000,s3_p3
1779334183.0,1,4,0.000000,s1_p4
1779334183.0,1,1,0.033970,s1_p1
1779334183.0,1,2,0.000000,s1_p2
1779334183.0,1,3,0.070367,s1_p3
1779334183.0,14,4,0.000000,s14_p4
1779334183.0,14,1,0.000000,s14_p1
1779334183.0,14,2,0.000000,s14_p2
1779334183.0,14,3,0.000000,s14_p3
1779334183.0,13,1,0.072910,s13_p1
1779334183.0,13,4,0.000000,s13_p4
1779334183.0,13,2,0.247895,s13_p2
1779334183.0,13,3,0.000000,s13_p3
1779334183.0,8,4,0.257586,s8_p4
1779334183.0,8,1,0.000000,s8_p1
1779334183.0,8,2,0.000000,s8_p2
1779334183.0,8,3,0.000000,s8_p3
1779334183.0,7,1,0.000000,s7_p1
1779334183.0,7,4,0.145817,s7_p4
1779334183.0,7,2,0.000000,s7_p2
1779334183.0,7,3,0.048606,s7_p3
1779334183.0,5,4,0.000000,s5_p4
1779334183.0,5,1,0.000000,s5_p1
1779334183.0,5,2,0.072881,s5_p2
1779334183.0,5,3,0.119039,s5_p3
1779334183.0,20,1,0.631633,s20_p1
1779334183.0,20,4,0.000000,s20_p4
1779334183.0,20,2,0.376551,s20_p2
1779334183.0,20,3,0.000000,s20_p3
1779334183.0,4,1,0.048564,s4_p1
1779334183.0,4,4,0.000000,s4_p4
1779334183.0,4,2,0.000000,s4_p2
1779334183.0,4,3,0.165118,s4_p3
1779334183.0,10,4,0.000000,s10_p4
1779334183.0,10,1,0.033938,s10_p1
1779334183.0,10,2,0.092118,s10_p2
1779334183.0,10,3,0.000000,s10_p3
1779334183.0,12,4,0.000000,s12_p4
1779334183.0,12,1,0.075293,s12_p1
1779334183.0,12,2,0.000000,s12_p2
1779334183.0,12,3,0.000000,s12_p3
1779334183.0,15,4,0.000000,s15_p4
1779334183.0,15,1,0.000000,s15_p1
1779334183.0,15,2,0.000000,s15_p2
1779334183.0,15,3,0.242238,s15_p3
1779334183.0,17,4,0.000000,s17_p4
1779334183.0,17,1,0.000000,s17_p1
1779334183.0,17,2,0.594701,s17_p2
1779334183.0,17,3,1.000000,s17_p3
1779334183.0,16,1,0.000000,s16_p1
1779334183.0,16,4,1.000000,s16_p4
1779334183.0,16,2,0.000000,s16_p2
1779334183.0,16,3,0.000000,s16_p3
1779334183.0,9,1,0.000000,s9_p1
1779334183.0,9,4,0.000000,s9_p4
1779334183.0,9,2,0.000000,s9_p2
1779334183.0,9,3,0.825631,s9_p3
1779334183.0,18,4,0.000000,s18_p4
1779334183.0,18,1,0.000000,s18_p1
1779334183.0,18,2,0.000000,s18_p2
1779334183.0,18,3,0.000000,s18_p3
1779334183.0,11,4,0.000000,s11_p4
1779334183.0,11,1,0.067995,s11_p1
1779334183.0,11,2,0.048568,s11_p2
1779334183.0,11,3,0.825648,s11_p3
1779334183.0,2,1,0.000000,s2_p1
1779334183.0,2,4,0.000000,s2_p4
1779334183.0,2,2,0.092211,s2_p2
1779334183.0,2,3,0.097064,s2_p3
1779334183.0,19,1,0.000000,s19_p1
1779334183.0,19,4,0.000000,s19_p4
1779334183.0,19,2,0.000000,s19_p2
1779334183.0,19,3,0.000000,s19_p3
1779334184.0,14,4,0.000000,s14_p4
1779334184.0,14,1,0.000000,s14_p1
1779334184.0,14,2,0.000000,s14_p2
1779334184.0,14,3,0.000000,s14_p3
1779334184.0,19,1,0.000000,s19_p1
1779334184.0,19,4,0.000000,s19_p4
1779334184.0,19,2,0.000000,s19_p2
1779334184.0,19,3,0.000000,s19_p3
1779334184.0,6,1,0.120600,s6_p1
1779334184.0,6,4,0.000000,s6_p4
1779334184.0,6,2,0.125424,s6_p2
1779334184.0,6,3,0.000000,s6_p3
1779334184.0,15,4,0.000000,s15_p4
1779334184.0,15,1,0.000000,s15_p1
1779334184.0,15,2,0.000000,s15_p2
1779334184.0,15,3,0.253701,s15_p3
1779334184.0,10,4,0.000000,s10_p4
1779334184.0,10,1,0.043484,s10_p1
1779334184.0,10,2,0.084553,s10_p2
1779334184.0,10,3,0.000000,s10_p3
1779334184.0,1,4,0.000000,s1_p4
1779334184.0,1,1,0.043438,s1_p1
1779334184.0,1,2,0.000000,s1_p2
1779334184.0,1,3,0.067570,s1_p3
1779334184.0,8,4,0.255893,s8_p4
1779334184.0,8,1,0.000000,s8_p1
1779334184.0,8,2,0.000000,s8_p2
1779334184.0,8,3,0.000000,s8_p3
1779334184.0,3,4,0.000000,s3_p4
1779334184.0,3,1,0.069971,s3_p1
1779334184.0,3,2,0.067558,s3_p2
1779334184.0,3,3,0.000000,s3_p3
1779334184.0,7,1,0.000000,s7_p1
1779334184.0,7,4,0.147250,s7_p4
1779334184.0,7,2,0.000000,s7_p2
1779334184.0,7,3,0.050693,s7_p3
1779334184.0,13,1,0.072350,s13_p1
1779334184.0,13,4,0.000000,s13_p4
1779334184.0,13,2,0.248400,s13_p2
1779334184.0,13,3,0.000000,s13_p3
1779334184.0,17,4,0.000000,s17_p4
1779334184.0,17,1,0.000000,s17_p1
1779334184.0,17,2,0.591604,s17_p2
1779334184.0,17,3,1.000000,s17_p3
1779334184.0,20,1,0.639428,s20_p1
1779334184.0,20,4,0.000000,s20_p4
1779334184.0,20,2,0.349876,s20_p2
1779334184.0,20,3,0.000000,s20_p3
1779334184.0,12,4,0.000000,s12_p4
1779334184.0,12,1,0.069983,s12_p1
1779334184.0,12,2,0.000000,s12_p2
1779334184.0,12,3,0.000000,s12_p3
1779334184.0,16,1,0.000000,s16_p1
1779334184.0,16,4,0.990054,s16_p4
1779334184.0,16,2,0.000000,s16_p2
1779334184.0,16,3,0.000000,s16_p3
1779334184.0,2,1,0.000000,s2_p1
1779334184.0,2,4,0.000000,s2_p4
1779334184.0,2,2,0.084523,s2_p2
1779334184.0,2,3,0.094183,s2_p3
1779334184.0,4,1,0.050669,s4_p1
1779334184.0,4,4,0.000000,s4_p4
1779334184.0,4,2,0.000000,s4_p2
1779334184.0,4,3,0.164071,s4_p3
1779334184.0,5,4,0.000000,s5_p4
1779334184.0,5,1,0.000000,s5_p1
1779334184.0,5,2,0.072376,s5_p2
1779334184.0,5,3,0.120626,s5_p3
1779334184.0,18,4,0.000000,s18_p4
1779334184.0,18,1,0.000000,s18_p1
1779334184.0,18,2,0.000000,s18_p2
1779334184.0,18,3,0.000000,s18_p3
1779334184.0,9,1,0.000000,s9_p1
1779334184.0,9,4,0.000000,s9_p4
1779334184.0,9,2,0.000000,s9_p2
1779334184.0,9,3,0.808675,s9_p3
1779334184.0,11,4,0.000000,s11_p4
1779334184.0,11,1,0.067588,s11_p1
1779334184.0,11,2,0.050691,s11_p2
1779334184.0,11,3,0.820717,s11_p3
1779334184.0,19,1,0.000000,s19_p1
1779334184.0,19,4,0.000000,s19_p4
1779334184.0,19,2,0.000000,s19_p2
1779334184.0,19,3,0.000000,s19_p3
1779334184.0,3,4,0.000000,s3_p4
1779334184.0,3,1,0.070131,s3_p1
1779334184.0,3,2,0.067713,s3_p2
1779334184.0,3,3,0.000000,s3_p3
1779334184.0,1,4,0.000000,s1_p4
1779334184.0,1,1,0.033850,s1_p1
1779334184.0,1,2,0.000000,s1_p2
1779334184.0,1,3,0.067700,s1_p3
1779334184.0,14,4,0.000000,s14_p4
1779334184.0,14,1,0.000000,s14_p1
1779334184.0,14,2,0.000000,s14_p2
1779334184.0,14,3,0.000000,s14_p3
1779334184.0,8,4,0.256133,s8_p4
1779334184.0,8,1,0.000000,s8_p1
1779334184.0,8,2,0.000000,s8_p2
1779334184.0,8,3,0.000000,s8_p3
1779334184.0,10,4,0.000000,s10_p4
1779334184.0,10,1,0.033825,s10_p1
1779334184.0,10,2,0.096644,s10_p2
1779334184.0,10,3,0.000000,s10_p3
1779334184.0,7,1,0.000000,s7_p1
1779334184.0,7,4,0.144986,s7_p4
1779334184.0,7,2,0.000000,s7_p2
1779334184.0,7,3,0.050745,s7_p3
1779334184.0,6,1,0.120783,s6_p1
1779334184.0,6,4,0.000000,s6_p4
1779334184.0,6,2,0.125615,s6_p2
1779334184.0,6,3,0.000000,s6_p3
1779334184.0,15,4,0.000000,s15_p4
1779334184.0,15,1,0.000000,s15_p1
1779334184.0,15,2,0.000000,s15_p2
1779334184.0,15,3,0.253661,s15_p3
1779334184.0,20,1,0.652865,s20_p1
1779334184.0,20,4,0.000000,s20_p4
1779334184.0,20,2,0.350613,s20_p2
1779334184.0,20,3,0.000000,s20_p3
1779334184.0,4,1,0.050779,s4_p1
1779334184.0,4,4,0.000000,s4_p4
1779334184.0,4,2,0.000000,s4_p2
1779334184.0,4,3,0.162010,s4_p3
1779334184.0,13,1,0.074942,s13_p1
1779334184.0,13,4,0.000000,s13_p4
1779334184.0,13,2,0.244165,s13_p2
1779334184.0,13,3,0.000000,s13_p3
1779334184.0,2,1,0.000000,s2_p1
1779334184.0,2,4,0.000000,s2_p4
1779334184.0,2,2,0.096681,s2_p2
1779334184.0,2,3,0.096681,s2_p3
1779334184.0,5,4,0.000000,s5_p4
1779334184.0,5,1,0.000000,s5_p1
1779334184.0,5,2,0.074926,s5_p2
1779334184.0,5,3,0.120848,s5_p3
1779334184.0,16,1,0.000000,s16_p1
1779334184.0,16,4,1.000000,s16_p4
1779334184.0,16,2,0.000000,s16_p2
1779334184.0,16,3,0.000000,s16_p3
1779334184.0,12,4,0.000000,s12_p4
1779334184.0,12,1,0.070082,s12_p1
1779334184.0,12,2,0.000000,s12_p2
1779334184.0,12,3,0.000000,s12_p3
1779334184.0,17,4,0.000000,s17_p4
1779334184.0,17,1,0.000000,s17_p1
1779334184.0,17,2,0.592029,s17_p2
1779334184.0,17,3,0.990742,s17_p3
1779334184.0,11,4,0.000000,s11_p4
1779334184.0,11,1,0.067680,s11_p1
1779334184.0,11,2,0.050760,s11_p2
1779334184.0,11,3,0.809744,s11_p3
1779334184.0,9,1,0.000000,s9_p1
1779334184.0,9,4,0.000000,s9_p4
1779334184.0,9,2,0.000000,s9_p2
1779334184.0,9,3,0.821722,s9_p3
1779334184.0,18,4,0.000000,s18_p4
1779334184.0,18,1,0.000000,s18_p1
1779334184.0,18,2,0.000000,s18_p2
1779334184.0,18,3,0.000000,s18_p3
1779334185.0,19,1,0.000000,s19_p1
1779334185.0,19,4,0.000000,s19_p4
1779334185.0,19,2,0.000000,s19_p2
1779334185.0,19,3,0.000000,s19_p3
1779334185.0,6,1,0.057942,s6_p1
1779334185.0,6,4,0.147270,s6_p4
1779334185.0,6,2,0.125542,s6_p2
1779334185.0,6,3,0.001629,s6_p3
1779334185.0,1,4,0.000271,s1_p4
1779334185.0,1,1,0.118188,s1_p1
1779334185.0,1,2,0.029215,s1_p2
1779334185.0,1,3,0.026532,s1_p3
1779334185.0,14,4,0.627320,s14_p4
1779334185.0,14,1,0.000000,s14_p1
1779334185.0,14,2,0.000000,s14_p2
1779334185.0,14,3,0.000000,s14_p3
1779334185.0,3,4,0.000542,s3_p4
1779334185.0,3,1,0.081974,s3_p1
1779334185.0,3,2,0.045809,s3_p2
1779334185.0,3,3,0.000271,s3_p3
1779334185.0,15,4,0.000000,s15_p4
1779334185.0,15,1,0.000271,s15_p1
1779334185.0,15,2,0.000000,s15_p2
1779334185.0,15,3,0.711619,s15_p3
1779334185.0,10,4,0.475761,s10_p4
1779334185.0,10,1,0.065124,s10_p1
1779334185.0,10,2,0.101303,s10_p2
1779334185.0,10,3,0.000000,s10_p3
1779334185.0,8,4,0.221888,s8_p4
1779334185.0,8,1,0.000814,s8_p1
1779334185.0,8,2,0.094332,s8_p2
1779334185.0,8,3,0.044044,s8_p3
1779334185.0,4,1,0.060286,s4_p1
1779334185.0,4,4,0.000000,s4_p4
1779334185.0,4,2,0.044762,s4_p2
1779334185.0,4,3,0.129341,s4_p3
1779334185.0,7,1,0.000542,s7_p1
1779334185.0,7,4,0.181087,s7_p4
1779334185.0,7,2,0.000271,s7_p2
1779334185.0,7,3,0.113284,s7_p3
1779334185.0,13,1,0.075018,s13_p1
1779334185.0,13,4,0.000000,s13_p4
1779334185.0,13,2,0.183251,s13_p2
1779334185.0,13,3,0.115425,s13_p3
1779334185.0,20,1,0.831453,s20_p1
1779334185.0,20,4,0.478081,s20_p4
1779334185.0,20,2,0.626603,s20_p2
1779334185.0,20,3,0.000000,s20_p3
1779334185.0,12,4,0.002711,s12_p4
1779334185.0,12,1,0.081983,s12_p1
1779334185.0,12,2,0.043403,s12_p2
1779334185.0,12,3,0.000000,s12_p3
1779334185.0,18,4,0.000000,s18_p4
1779334185.0,18,1,0.000000,s18_p1
1779334185.0,18,2,0.000000,s18_p2
1779334185.0,18,3,0.000000,s18_p3
1779334185.0,5,4,0.057859,s5_p4
1779334185.0,5,1,0.000271,s5_p1
1779334185.0,5,2,0.074734,s5_p2
1779334185.0,5,3,0.079585,s5_p3
1779334185.0,16,1,0.000542,s16_p1
1779334185.0,16,4,1.000000,s16_p4
1779334185.0,16,2,0.095080,s16_p2
1779334185.0,16,3,0.000000,s16_p3
1779334185.0,17,4,0.001355,s17_p4
1779334185.0,17,1,0.424846,s17_p1
1779334185.0,17,2,0.536999,s17_p2
1779334185.0,17,3,1.000000,s17_p3
1779334185.0,2,1,0.038584,s2_p1
1779334185.0,2,4,0.094791,s2_p4
1779334185.0,2,2,0.065377,s2_p2
1779334185.0,2,3,0.081413,s2_p3
1779334185.0,11,4,0.000000,s11_p4
1779334185.0,11,1,0.045791,s11_p1
1779334185.0,11,2,0.061606,s11_p2
1779334185.0,11,3,0.647685,s11_p3
1779334185.0,9,1,0.084622,s9_p1
1779334185.0,9,4,0.000000,s9_p4
1779334185.0,9,2,0.002754,s9_p2
1779334185.0,9,3,0.539676,s9_p3
1779334185.0,6,1,0.000000,s6_p1
1779334185.0,6,4,0.258466,s6_p4
1779334185.0,6,2,0.030885,s6_p2
1779334185.0,6,3,0.001086,s6_p3
1779334185.0,19,1,0.000000,s19_p1
1779334185.0,19,4,0.000000,s19_p4
1779334185.0,19,2,0.000000,s19_p2
1779334185.0,19,3,0.000000,s19_p3
1779334185.0,8,4,0.001898,s8_p4
1779334185.0,8,1,0.000000,s8_p1
1779334185.0,8,2,0.151979,s8_p2
1779334185.0,8,3,0.057989,s8_p3
1779334185.0,14,4,1.000000,s14_p4
1779334185.0,14,1,0.000000,s14_p1
1779334185.0,14,2,0.000000,s14_p2
1779334185.0,14,3,0.000000,s14_p3
1779334185.0,3,4,0.000815,s3_p4
1779334185.0,3,1,0.134087,s3_p1
1779334185.0,3,2,0.026564,s3_p2
1779334185.0,3,3,0.000000,s3_p3
1779334185.0,10,4,0.759764,s10_p4
1779334185.0,10,1,0.091283,s10_p1
1779334185.0,10,2,0.108711,s10_p2
1779334185.0,10,3,0.000000,s10_p3
1779334185.0,1,4,0.002171,s1_p4
1779334185.0,1,1,0.180531,s1_p1
1779334185.0,1,2,0.057936,s1_p2
1779334185.0,1,3,0.000000,s1_p3
1779334185.0,4,1,0.053152,s4_p1
1779334185.0,4,4,0.000000,s4_p4
1779334185.0,4,2,0.044575,s4_p2
1779334185.0,4,3,0.000633,s4_p3
1779334185.0,13,1,0.013979,s13_p1
1779334185.0,13,4,0.000000,s13_p4
1779334185.0,13,2,0.030893,s13_p2
1779334185.0,13,3,0.138324,s13_p3
1779334185.0,20,1,1.000000,s20_p1
1779334185.0,20,4,0.764236,s20_p4
1779334185.0,20,2,0.888558,s20_p2
1779334185.0,20,3,0.000000,s20_p3
1779334185.0,7,1,0.000815,s7_p1
1779334185.0,7,4,0.107252,s7_p4
1779334185.0,7,2,0.000000,s7_p2
1779334185.0,7,3,0.161871,s7_p3
1779334185.0,15,4,0.000000,s15_p4
1779334185.0,15,1,0.000000,s15_p1
1779334185.0,15,2,0.000000,s15_p2
1779334185.0,15,3,1.000000,s15_p3
1779334185.0,17,4,0.000000,s17_p4
1779334185.0,17,1,0.738732,s17_p1
1779334185.0,17,2,0.404220,s17_p2
1779334185.0,17,3,0.224425,s17_p3
1779334185.0,18,4,0.000000,s18_p4
1779334185.0,18,1,0.000000,s18_p1
1779334185.0,18,2,0.000000,s18_p2
1779334185.0,18,3,0.000000,s18_p3
1779334185.0,11,4,0.000000,s11_p4
1779334185.0,11,1,0.026589,s11_p1
1779334185.0,11,2,0.054266,s11_p2
1779334185.0,11,3,0.003165,s11_p3
1779334185.0,5,4,0.099042,s5_p4
1779334185.0,5,1,0.000000,s5_p1
1779334185.0,5,2,0.013976,s5_p2
1779334185.0,5,3,0.026572,s5_p3
1779334185.0,12,4,0.004073,s12_p4
1779334185.0,12,1,0.134104,s12_p1
1779334185.0,12,2,0.043474,s12_p2
1779334185.0,12,3,0.000000,s12_p3
1779334185.0,16,1,0.000815,s16_p1
1779334185.0,16,4,0.873588,s16_p4
1779334185.0,16,2,0.151981,s16_p2
1779334185.0,16,3,0.000000,s16_p3
1779334185.0,9,1,0.144991,s9_p1
1779334185.0,9,4,0.000000,s9_p4
1779334185.0,9,2,0.000316,s9_p2
1779334185.0,9,3,0.000000,s9_p3
1779334185.0,2,1,0.084549,s2_p1
1779334185.0,2,4,0.149772,s2_p4
1779334185.0,2,2,0.024473,s2_p2
1779334185.0,2,3,0.000000,s2_p3
1779334186.0,19,1,0.000000,s19_p1
1779334186.0,19,4,0.000000,s19_p4
1779334186.0,19,2,0.000000,s19_p2
1779334186.0,19,3,0.000000,s19_p3
1779334186.0,10,4,0.749252,s10_p4
1779334186.0,10,1,0.067674,s10_p1
1779334186.0,10,2,0.118430,s10_p2
1779334186.0,10,3,0.000000,s10_p3
1779334186.0,6,1,0.000000,s6_p1
1779334186.0,6,4,0.255968,s6_p4
1779334186.0,6,2,0.000000,s6_p2
1779334186.0,6,3,0.000000,s6_p3
1779334186.0,14,4,1.000000,s14_p4
1779334186.0,14,1,0.000000,s14_p1
1779334186.0,14,2,0.000000,s14_p2
1779334186.0,14,3,0.000000,s14_p3
1779334186.0,1,4,0.000000,s1_p4
1779334186.0,1,1,0.147366,s1_p1
1779334186.0,1,2,0.067644,s1_p2
1779334186.0,1,3,0.000000,s1_p3
1779334186.0,15,4,0.000000,s15_p4
1779334186.0,15,1,0.000000,s15_p1
1779334186.0,15,2,0.000000,s15_p2
1779334186.0,15,3,1.000000,s15_p3
1779334186.0,3,4,0.000000,s3_p4
1779334186.0,3,1,0.106276,s3_p1
1779334186.0,3,2,0.028984,s3_p2
1779334186.0,3,3,0.000000,s3_p3
1779334186.0,7,1,0.000000,s7_p1
1779334186.0,7,4,0.106310,s7_p4
1779334186.0,7,2,0.000000,s7_p2
1779334186.0,7,3,0.161882,s7_p3
1779334186.0,8,4,0.000000,s8_p4
1779334186.0,8,1,0.000000,s8_p1
1779334186.0,8,2,0.149673,s8_p2
1779334186.0,8,3,0.057938,s8_p3
1779334186.0,20,1,0.930108,s20_p1
1779334186.0,20,4,0.748918,s20_p4
1779334186.0,20,2,0.760997,s20_p2
1779334186.0,20,3,0.000000,s20_p3
1779334186.0,13,1,0.000000,s13_p1
1779334186.0,13,4,0.000000,s13_p4
1779334186.0,13,2,0.000000,s13_p2
1779334186.0,13,3,0.144944,s13_p3
1779334186.0,18,4,0.000000,s18_p4
1779334186.0,18,1,0.000000,s18_p1
1779334186.0,18,2,0.000000,s18_p2
1779334186.0,18,3,0.000000,s18_p3
1779334186.0,12,4,0.000000,s12_p4
1779334186.0,12,1,0.106314,s12_p1
1779334186.0,12,2,0.045908,s12_p2
1779334186.0,12,3,0.000000,s12_p3
1779334186.0,2,1,0.118433,s2_p1
1779334186.0,2,4,0.149854,s2_p4
1779334186.0,2,2,0.000000,s2_p2
1779334186.0,2,3,0.000000,s2_p3
1779334186.0,17,4,0.000000,s17_p4
1779334186.0,17,1,0.736776,s17_p1
1779334186.0,17,2,0.410662,s17_p2
1779334186.0,17,3,0.000000,s17_p3
1779334186.0,4,1,0.053104,s4_p1
1779334186.0,4,4,0.000000,s4_p4
1779334186.0,4,2,0.045862,s4_p2
1779334186.0,4,3,0.000000,s4_p3
1779334186.0,5,4,0.099051,s5_p4
1779334186.0,5,1,0.000000,s5_p1
1779334186.0,5,2,0.000000,s5_p2
1779334186.0,5,3,0.028990,s5_p3
1779334186.0,11,4,0.000000,s11_p4
1779334186.0,11,1,0.028982,s11_p1
1779334186.0,11,2,0.053133,s11_p2
1779334186.0,11,3,0.000000,s11_p3
1779334186.0,9,1,0.147367,s9_p1
1779334186.0,9,4,0.000000,s9_p4
1779334186.0,9,2,0.000000,s9_p2
1779334186.0,9,3,0.000000,s9_p3
1779334186.0,16,1,0.000000,s16_p1
1779334186.0,16,4,0.531329,s16_p4
1779334186.0,16,2,0.149738,s16_p2
1779334186.0,16,3,0.000000,s16_p3
1779334186.0,6,1,0.000000,s6_p1
1779334186.0,6,4,0.260936,s6_p4
1779334186.0,6,2,0.000000,s6_p2
1779334186.0,6,3,0.000000,s6_p3
1779334186.0,13,1,0.000000,s13_p1
1779334186.0,13,4,0.000000,s13_p4
1779334186.0,13,2,0.000000,s13_p2
1779334186.0,13,3,0.132944,s13_p3
1779334186.0,8,4,0.000000,s8_p4
1779334186.0,8,1,0.000000,s8_p1
1779334186.0,8,2,0.149847,s8_p2
1779334186.0,8,3,0.058005,s8_p3
1779334186.0,10,4,0.748425,s10_p4
1779334186.0,10,1,0.033800,s10_p1
1779334186.0,10,2,0.096571,s10_p2
1779334186.0,10,3,0.000000,s10_p3
1779334186.0,1,4,0.000000,s1_p4
1779334186.0,1,1,0.147343,s1_p1
1779334186.0,1,2,0.033816,s1_p2
1779334186.0,1,3,0.000000,s1_p3
1779334186.0,20,1,0.664436,s20_p1
1779334186.0,20,4,0.749001,s20_p4
1779334186.0,20,2,0.869808,s20_p2
1779334186.0,20,3,0.000000,s20_p3
1779334186.0,18,4,0.000000,s18_p4
1779334186.0,18,1,0.000000,s18_p1
1779334186.0,18,2,0.000000,s18_p2
1779334186.0,18,3,0.000000,s18_p3
1779334186.0,17,4,0.000000,s17_p4
1779334186.0,17,1,0.737385,s17_p1
1779334186.0,17,2,0.398913,s17_p2
1779334186.0,17,3,0.000000,s17_p3
1779334186.0,2,1,0.099103,s2_p1
1779334186.0,2,4,0.149863,s2_p4
1779334186.0,2,2,0.000000,s2_p2
1779334186.0,2,3,0.000000,s2_p3
1779334186.0,9,1,0.147499,s9_p1
1779334186.0,9,4,0.000000,s9_p4
1779334186.0,9,2,0.000000,s9_p2
1779334186.0,9,3,0.000000,s9_p3
1779334186.0,16,1,0.000000,s16_p1
1779334186.0,16,4,0.543970,s16_p4
1779334186.0,16,2,0.149894,s16_p2
1779334186.0,16,3,0.000000,s16_p3
1779334186.0,11,4,0.000000,s11_p4
1779334186.0,11,1,0.026591,s11_p1
1779334186.0,11,2,0.053181,s11_p2
1779334186.0,11,3,0.000000,s11_p3
1779334186.0,5,4,0.096654,s5_p4
1779334186.0,5,1,0.000000,s5_p1
1779334186.0,5,2,0.000000,s5_p2
1779334186.0,5,3,0.026580,s5_p3
1779334186.0,4,1,0.053150,s4_p1
1779334186.0,4,4,0.000000,s4_p4
1779334186.0,4,2,0.067645,s4_p2
1779334186.0,4,3,0.000000,s4_p3
1779334186.0,7,1,0.000000,s7_p1
1779334186.0,7,4,0.108603,s7_p4
1779334186.0,7,2,0.000000,s7_p2
1779334186.0,7,3,0.161698,s7_p3
1779334186.0,14,4,0.999831,s14_p4
1779334186.0,14,1,0.000000,s14_p1
1779334186.0,14,2,0.000000,s14_p2
1779334186.0,14,3,0.000000,s14_p3
1779334186.0,19,1,0.000000,s19_p1
1779334186.0,19,4,0.000000,s19_p4
1779334186.0,19,2,0.000000,s19_p2
1779334186.0,19,3,0.000000,s19_p3
1779334186.0,3,4,0.000000,s3_p4
1779334186.0,3,1,0.108445,s3_p1
1779334186.0,3,2,0.026509,s3_p2
1779334186.0,3,3,0.000000,s3_p3
1779334186.0,12,4,0.000000,s12_p4
1779334186.0,12,1,0.108542,s12_p1
1779334186.0,12,2,0.067537,s12_p2
1779334186.0,12,3,0.000000,s12_p3
1779334186.0,15,4,0.000000,s15_p4
1779334186.0,15,1,0.000000,s15_p1
1779334186.0,15,2,0.000000,s15_p2
1779334186.0,15,3,0.999786,s15_p3
1779334187.0,19,1,0.000000,s19_p1
1779334187.0,19,4,0.000000,s19_p4
1779334187.0,19,2,0.000000,s19_p2
1779334187.0,19,3,0.000000,s19_p3
1779334187.0,6,1,0.000000,s6_p1
1779334187.0,6,4,0.257652,s6_p4
1779334187.0,6,2,0.000000,s6_p2
1779334187.0,6,3,0.000000,s6_p3
1779334187.0,15,4,0.000000,s15_p4
1779334187.0,15,1,0.000000,s15_p1
1779334187.0,15,2,0.000000,s15_p2
1779334187.0,15,3,1.000000,s15_p3
1779334187.0,10,4,0.746443,s10_p4
1779334187.0,10,1,0.050566,s10_p1
1779334187.0,10,2,0.069829,s10_p2
1779334187.0,10,3,0.000000,s10_p3
1779334187.0,1,4,0.000000,s1_p4
1779334187.0,1,1,0.149287,s1_p1
1779334187.0,1,2,0.050565,s1_p2
1779334187.0,1,3,0.000000,s1_p3
1779334187.0,8,4,0.000000,s8_p4
1779334187.0,8,1,0.000000,s8_p1
1779334187.0,8,2,0.149276,s8_p2
1779334187.0,8,3,0.057784,s8_p3
1779334187.0,3,4,0.000000,s3_p4
1779334187.0,3,1,0.106195,s3_p1
1779334187.0,3,2,0.028962,s3_p2
1779334187.0,3,3,0.000000,s3_p3
1779334187.0,14,4,1.000000,s14_p4
1779334187.0,14,1,0.000000,s14_p1
1779334187.0,14,2,0.000000,s14_p2
1779334187.0,14,3,0.000000,s14_p3
1779334187.0,18,4,0.000000,s18_p4
1779334187.0,18,1,0.000000,s18_p1
1779334187.0,18,2,0.000000,s18_p2
1779334187.0,18,3,0.000000,s18_p3
1779334187.0,20,1,0.589632,s20_p1
1779334187.0,20,4,0.746065,s20_p4
1779334187.0,20,2,0.950632,s20_p2
1779334187.0,20,3,0.000000,s20_p3
1779334187.0,13,1,0.000000,s13_p1
1779334187.0,13,4,0.000000,s13_p4
1779334187.0,13,2,0.000000,s13_p2
1779334187.0,13,3,0.144336,s13_p3
1779334187.0,4,1,0.050580,s4_p1
1779334187.0,4,4,0.000000,s4_p4
1779334187.0,4,2,0.081891,s4_p2
1779334187.0,4,3,0.000000,s4_p3
1779334187.0,7,1,0.000000,s7_p1
1779334187.0,7,4,0.105994,s7_p4
1779334187.0,7,2,0.000000,s7_p2
1779334187.0,7,3,0.161400,s7_p3
1779334187.0,12,4,0.000000,s12_p4
1779334187.0,12,1,0.106133,s12_p1
1779334187.0,12,2,0.082012,s12_p2
1779334187.0,12,3,0.000000,s12_p3
1779334187.0,17,4,0.000000,s17_p4
1779334187.0,17,1,0.745740,s17_p1
1779334187.0,17,2,0.396926,s17_p2
1779334187.0,17,3,0.000000,s17_p3
1779334187.0,11,4,0.000000,s11_p4
1779334187.0,11,1,0.028879,s11_p1
1779334187.0,11,2,0.050539,s11_p2
1779334187.0,11,3,0.000000,s11_p3
1779334187.0,5,4,0.098680,s5_p4
1779334187.0,5,1,0.000000,s5_p1
1779334187.0,5,2,0.000000,s5_p2
1779334187.0,5,3,0.028882,s5_p3
1779334187.0,2,1,0.067362,s2_p1
1779334187.0,2,4,0.149159,s2_p4
1779334187.0,2,2,0.000000,s2_p2
1779334187.0,2,3,0.000000,s2_p3
1779334187.0,9,1,0.149164,s9_p1
1779334187.0,9,4,0.000000,s9_p4
1779334187.0,9,2,0.000000,s9_p2
1779334187.0,9,3,0.000000,s9_p3
1779334187.0,16,1,0.000000,s16_p1
1779334187.0,16,4,0.529379,s16_p4
1779334187.0,16,2,0.149189,s16_p2
1779334187.0,16,3,0.000000,s16_p3
1779334187.0,19,1,0.000000,s19_p1
1779334187.0,19,4,0.000000,s19_p4
1779334187.0,19,2,0.000000,s19_p2
1779334187.0,19,3,0.000000,s19_p3
1779334187.0,6,1,0.000000,s6_p1
1779334187.0,6,4,0.255417,s6_p4
1779334187.0,6,2,0.000000,s6_p2
1779334187.0,6,3,0.000000,s6_p3
1779334187.0,14,4,1.000000,s14_p4
1779334187.0,14,1,0.000000,s14_p1
1779334187.0,14,2,0.000000,s14_p2
1779334187.0,14,3,0.000000,s14_p3
1779334187.0,3,4,0.000000,s3_p4
1779334187.0,3,1,0.104913,s3_p1
1779334187.0,3,2,0.026228,s3_p2
1779334187.0,3,3,0.000000,s3_p3
1779334187.0,10,4,0.753684,s10_p4
1779334187.0,10,1,0.137629,s10_p1
1779334187.0,10,2,0.216275,s10_p2
1779334187.0,10,3,0.000000,s10_p3
1779334187.0,1,4,0.000000,s1_p4
1779334187.0,1,1,0.294912,s1_p1
1779334187.0,1,2,0.137625,s1_p2
1779334187.0,1,3,0.000000,s1_p3
1779334187.0,8,4,0.000000,s8_p4
1779334187.0,8,1,0.000000,s8_p1
1779334187.0,8,2,0.150595,s8_p2
1779334187.0,8,3,0.058929,s8_p3
1779334187.0,7,1,0.000000,s7_p1
1779334187.0,7,4,0.104985,s7_p4
1779334187.0,7,2,0.000000,s7_p2
1779334187.0,7,3,0.164039,s7_p3
1779334187.0,15,4,0.000000,s15_p4
1779334187.0,15,1,0.000000,s15_p1
1779334187.0,15,2,0.000000,s15_p2
1779334187.0,15,3,1.000000,s15_p3
1779334187.0,13,1,0.000000,s13_p1
1779334187.0,13,4,0.000000,s13_p4
1779334187.0,13,2,0.000000,s13_p2
1779334187.0,13,3,0.131197,s13_p3
1779334187.0,18,4,0.000000,s18_p4
1779334187.0,18,1,0.000000,s18_p1
1779334187.0,18,2,0.000000,s18_p2
1779334187.0,18,3,0.000000,s18_p3
1779334187.0,12,4,0.000000,s12_p4
1779334187.0,12,1,0.104866,s12_p1
1779334187.0,12,2,0.045879,s12_p2
1779334187.0,12,3,0.000000,s12_p3
1779334187.0,20,1,1.000000,s20_p1
1779334187.0,20,4,0.753460,s20_p4
1779334187.0,20,2,0.753460,s20_p2
1779334187.0,20,3,0.000000,s20_p3
1779334187.0,17,4,0.000000,s17_p4
1779334187.0,17,1,1.000000,s17_p1
1779334187.0,17,2,0.623301,s17_p2
1779334187.0,17,3,0.000000,s17_p3
1779334187.0,4,1,0.098203,s4_p1
1779334187.0,4,4,0.000000,s4_p4
1779334187.0,4,2,0.045828,s4_p2
1779334187.0,4,3,0.000000,s4_p3
1779334187.0,16,1,0.000000,s16_p1
1779334187.0,16,4,0.524563,s16_p4
1779334187.0,16,2,0.150812,s16_p2
1779334187.0,16,3,0.000000,s16_p3
1779334187.0,2,1,0.216342,s2_p1
1779334187.0,2,4,0.150784,s2_p4
1779334187.0,2,2,0.000000,s2_p2
1779334187.0,2,3,0.000000,s2_p3
1779334187.0,9,1,0.301385,s9_p1
1779334187.0,9,4,0.000000,s9_p4
1779334187.0,9,2,0.000000,s9_p2
1779334187.0,9,3,0.000000,s9_p3
1779334187.0,5,4,0.098253,s5_p4
1779334187.0,5,1,0.000000,s5_p1
1779334187.0,5,2,0.000000,s5_p2
1779334187.0,5,3,0.026201,s5_p3
1779334187.0,11,4,0.000000,s11_p4
1779334187.0,11,1,0.026197,s11_p1
1779334187.0,11,2,0.098237,s11_p2
1779334187.0,11,3,0.000000,s11_p3
1779334188.0,6,1,0.000000,s6_p1
1779334188.0,6,4,0.256073,s6_p4
1779334188.0,6,2,0.000000,s6_p2
1779334188.0,6,3,0.000000,s6_p3
1779334188.0,3,4,0.000000,s3_p4
1779334188.0,3,1,0.106317,s3_p1
1779334188.0,3,2,0.028995,s3_p2
1779334188.0,3,3,0.000000,s3_p3
1779334188.0,14,4,0.989776,s14_p4
1779334188.0,14,1,0.000000,s14_p1
1779334188.0,14,2,0.000000,s14_p2
1779334188.0,14,3,0.000000,s14_p3
1779334188.0,13,1,0.000000,s13_p1
1779334188.0,13,4,0.000000,s13_p4
1779334188.0,13,2,0.000000,s13_p2
1779334188.0,13,3,0.144964,s13_p3
1779334188.0,8,4,0.000000,s8_p4
1779334188.0,8,1,0.000000,s8_p1
1779334188.0,8,2,0.149776,s8_p2
1779334188.0,8,3,0.057978,s8_p3
1779334188.0,15,4,0.000000,s15_p4
1779334188.0,15,1,0.000000,s15_p1
1779334188.0,15,2,0.000000,s15_p2
1779334188.0,15,3,1.000000,s15_p3
1779334188.0,1,4,0.000000,s1_p4
1779334188.0,1,1,0.147301,s1_p1
1779334188.0,1,2,0.050710,s1_p2
1779334188.0,1,3,0.000000,s1_p3
1779334188.0,10,4,0.748529,s10_p4
1779334188.0,10,1,0.050707,s10_p1
1779334188.0,10,2,0.082097,s10_p2
1779334188.0,10,3,0.000000,s10_p3
1779334188.0,7,1,0.000000,s7_p1
1779334188.0,7,4,0.106289,s7_p4
1779334188.0,7,2,0.000000,s7_p2
1779334188.0,7,3,0.161850,s7_p3
1779334188.0,18,4,0.000000,s18_p4
1779334188.0,18,1,0.000000,s18_p1
1779334188.0,18,2,0.000000,s18_p2
1779334188.0,18,3,0.000000,s18_p3
1779334188.0,4,1,0.053155,s4_p1
1779334188.0,4,4,0.000000,s4_p4
1779334188.0,4,2,0.067652,s4_p2
1779334188.0,4,3,0.000000,s4_p3
1779334188.0,12,4,0.000000,s12_p4
1779334188.0,12,1,0.106267,s12_p1
1779334188.0,12,2,0.067625,s12_p2
1779334188.0,12,3,0.000000,s12_p3
1779334188.0,17,4,0.000000,s17_p4
1779334188.0,17,1,0.736645,s17_p1
1779334188.0,17,2,0.410589,s17_p2
1779334188.0,17,3,0.000000,s17_p3
1779334188.0,5,4,0.099092,s5_p4
1779334188.0,5,1,0.000000,s5_p1
1779334188.0,5,2,0.000000,s5_p2
1779334188.0,5,3,0.029002,s5_p3
1779334188.0,20,1,0.664128,s20_p1
1779334188.0,20,4,0.748654,s20_p4
1779334188.0,20,2,0.869404,s20_p2
1779334188.0,20,3,0.000000,s20_p3
1779334188.0,9,1,0.144931,s9_p1
1779334188.0,9,4,0.000000,s9_p4
1779334188.0,9,2,0.000000,s9_p2
1779334188.0,9,3,0.000000,s9_p3
1779334188.0,16,1,0.000000,s16_p1
1779334188.0,16,4,0.531230,s16_p4
1779334188.0,16,2,0.149710,s16_p2
1779334188.0,16,3,0.000000,s16_p3
1779334188.0,2,1,0.082099,s2_p1
1779334188.0,2,4,0.149709,s2_p4
1779334188.0,2,2,0.000000,s2_p2
1779334188.0,2,3,0.000000,s2_p3
1779334188.0,11,4,0.000000,s11_p4
1779334188.0,11,1,0.028985,s11_p1
1779334188.0,11,2,0.053139,s11_p2
1779334188.0,11,3,0.000000,s11_p3
1779334188.0,19,1,0.000000,s19_p1
1779334188.0,19,4,0.000000,s19_p4
1779334188.0,19,2,0.000000,s19_p2
1779334188.0,19,3,0.000000,s19_p3
1779334188.0,19,1,0.000000,s19_p1
1779334188.0,19,4,0.000000,s19_p4
1779334188.0,19,2,0.000000,s19_p2
1779334188.0,19,3,0.000000,s19_p3
1779334188.0,3,4,0.000000,s3_p4
1779334188.0,3,1,0.108723,s3_p1
1779334188.0,3,2,0.028993,s3_p2
1779334188.0,3,3,0.000000,s3_p3
1779334188.0,1,4,0.000000,s1_p4
1779334188.0,1,1,0.147479,s1_p1
1779334188.0,1,2,0.031430,s1_p2
1779334188.0,1,3,0.000000,s1_p3
1779334188.0,14,4,1.000000,s14_p4
1779334188.0,14,1,0.000000,s14_p1
1779334188.0,14,2,0.000000,s14_p2
1779334188.0,14,3,0.000000,s14_p3
1779334188.0,6,1,0.000000,s6_p1
1779334188.0,6,4,0.260854,s6_p4
1779334188.0,6,2,0.000000,s6_p2
1779334188.0,6,3,0.000000,s6_p3
1779334188.0,15,4,0.000000,s15_p4
1779334188.0,15,1,0.000000,s15_p1
1779334188.0,15,2,0.000000,s15_p2
1779334188.0,15,3,1.000000,s15_p3
1779334188.0,13,1,0.000000,s13_p1
1779334188.0,13,4,0.000000,s13_p4
1779334188.0,13,2,0.000000,s13_p2
1779334188.0,13,3,0.144949,s13_p3
1779334188.0,8,4,0.000000,s8_p4
1779334188.0,8,1,0.000000,s8_p1
1779334188.0,8,2,0.149779,s8_p2
1779334188.0,8,3,0.057979,s8_p3
1779334188.0,10,4,0.748926,s10_p4
1779334188.0,10,1,0.031407,s10_p1
1779334188.0,10,2,0.084556,s10_p2
1779334188.0,10,3,0.000000,s10_p3
1779334188.0,7,1,0.000000,s7_p1
1779334188.0,7,4,0.108715,s7_p4
1779334188.0,7,2,0.000000,s7_p2
1779334188.0,7,3,0.161864,s7_p3
1779334188.0,5,4,0.096674,s5_p4
1779334188.0,5,1,0.000000,s5_p1
1779334188.0,5,2,0.000000,s5_p2
1779334188.0,5,3,0.029002,s5_p3
1779334188.0,12,4,0.000000,s12_p4
1779334188.0,12,1,0.108746,s12_p1
1779334188.0,12,2,0.082164,s12_p2
1779334188.0,12,3,0.000000,s12_p3
1779334188.0,4,1,0.053161,s4_p1
1779334188.0,4,4,0.000000,s4_p4
1779334188.0,4,2,0.082158,s4_p2
1779334188.0,4,3,0.000000,s4_p3
1779334188.0,20,1,0.580001,s20_p1
1779334188.0,20,4,0.749168,s20_p4
1779334188.0,20,2,0.954585,s20_p2
1779334188.0,20,3,0.000000,s20_p3
1779334188.0,16,1,0.000000,s16_p1
1779334188.0,16,4,0.543856,s16_p4
1779334188.0,16,2,0.152280,s16_p2
1779334188.0,16,3,0.000000,s16_p3
1779334188.0,2,1,0.084599,s2_p1
1779334188.0,2,4,0.152279,s2_p4
1779334188.0,2,2,0.000000,s2_p2
1779334188.0,2,3,0.000000,s2_p3
1779334188.0,17,4,0.000000,s17_p4
1779334188.0,17,1,0.736732,s17_p1
1779334188.0,17,2,0.410638,s17_p2
1779334188.0,17,3,0.000000,s17_p3
1779334188.0,18,4,0.000000,s18_p4
1779334188.0,18,1,0.000000,s18_p1
1779334188.0,18,2,0.000000,s18_p2
1779334188.0,18,3,0.000000,s18_p3
1779334188.0,9,1,0.147395,s9_p1
1779334188.0,9,4,0.000000,s9_p4
1779334188.0,9,2,0.000000,s9_p2
1779334188.0,9,3,0.000000,s9_p3
1779334188.0,11,4,0.000000,s11_p4
1779334188.0,11,1,0.028998,s11_p1
1779334188.0,11,2,0.053163,s11_p2
1779334188.0,11,3,0.000000,s11_p3
1779334189.0,14,4,1.000000,s14_p4
1779334189.0,14,1,0.000000,s14_p1
1779334189.0,14,2,0.000000,s14_p2
1779334189.0,14,3,0.000000,s14_p3
1779334189.0,1,4,0.000000,s1_p4
1779334189.0,1,1,0.147391,s1_p1
1779334189.0,1,2,0.070071,s1_p2
1779334189.0,1,3,0.000000,s1_p3
1779334189.0,6,1,0.000000,s6_p1
1779334189.0,6,4,0.256134,s6_p4
1779334189.0,6,2,0.000000,s6_p2
1779334189.0,6,3,0.000000,s6_p3
1779334189.0,19,1,0.000000,s19_p1
1779334189.0,19,4,0.000000,s19_p4
1779334189.0,19,2,0.000000,s19_p2
1779334189.0,19,3,0.000000,s19_p3
1779334189.0,15,4,0.000000,s15_p4
1779334189.0,15,1,0.000000,s15_p1
1779334189.0,15,2,0.000000,s15_p2
1779334189.0,15,3,1.000000,s15_p3
1779334189.0,13,1,0.000000,s13_p1
1779334189.0,13,4,0.000000,s13_p4
1779334189.0,13,2,0.000000,s13_p2
1779334189.0,13,3,0.132877,s13_p3
1779334189.0,3,4,0.000000,s3_p4
1779334189.0,3,1,0.106215,s3_p1
1779334189.0,3,2,0.026554,s3_p2
1779334189.0,3,3,0.000000,s3_p3
1779334189.0,10,4,0.748952,s10_p4
1779334189.0,10,1,0.070063,s10_p1
1779334189.0,10,2,0.115967,s10_p2
1779334189.0,10,3,0.000000,s10_p3
1779334189.0,7,1,0.000000,s7_p1
1779334189.0,7,4,0.106303,s7_p4
1779334189.0,7,2,0.000000,s7_p2
1779334189.0,7,3,0.161871,s7_p3
1779334189.0,8,4,0.000000,s8_p4
1779334189.0,8,1,0.000000,s8_p1
1779334189.0,8,2,0.149777,s8_p2
1779334189.0,8,3,0.057978,s8_p3
1779334189.0,4,1,0.053139,s4_p1
1779334189.0,4,4,0.000000,s4_p4
1779334189.0,4,2,0.014493,s4_p2
1779334189.0,4,3,0.000000,s4_p3
1779334189.0,5,4,0.099018,s5_p4
1779334189.0,5,1,0.000000,s5_p1
1779334189.0,5,2,0.000000,s5_p2
1779334189.0,5,3,0.026566,s5_p3
1779334189.0,12,4,0.000000,s12_p4
1779334189.0,12,1,0.106266,s12_p1
1779334189.0,12,2,0.014491,s12_p2
1779334189.0,12,3,0.000000,s12_p3
1779334189.0,2,1,0.115975,s2_p1
1779334189.0,2,4,0.149801,s2_p4
1779334189.0,2,2,0.000000,s2_p2
1779334189.0,2,3,0.000000,s2_p3
1779334189.0,20,1,0.929840,s20_p1
1779334189.0,20,4,0.748702,s20_p4
1779334189.0,20,2,0.603792,s20_p2
1779334189.0,20,3,0.000000,s20_p3
1779334189.0,18,4,0.000000,s18_p4
1779334189.0,18,1,0.000000,s18_p1
1779334189.0,18,2,0.000000,s18_p2
1779334189.0,18,3,0.000000,s18_p3
1779334189.0,17,4,0.000000,s17_p4
1779334189.0,17,1,0.736897,s17_p1
1779334189.0,17,2,0.398649,s17_p2
1779334189.0,17,3,0.000000,s17_p3
1779334189.0,16,1,0.000000,s16_p1
1779334189.0,16,4,0.531363,s16_p4
1779334189.0,16,2,0.149748,s16_p2
1779334189.0,16,3,0.000000,s16_p3
1779334189.0,9,1,0.147363,s9_p1
1779334189.0,9,4,0.000000,s9_p4
1779334189.0,9,2,0.000000,s9_p2
1779334189.0,9,3,0.000000,s9_p3
1779334189.0,11,4,0.000000,s11_p4
1779334189.0,11,1,0.026574,s11_p1
1779334189.0,11,2,0.053148,s11_p2
1779334189.0,11,3,0.000000,s11_p3
1779334189.0,14,4,1.000000,s14_p4
1779334189.0,14,1,0.000000,s14_p1
1779334189.0,14,2,0.000000,s14_p2
1779334189.0,14,3,0.000000,s14_p3
1779334189.0,6,1,0.000000,s6_p1
1779334189.0,6,4,0.258568,s6_p4
1779334189.0,6,2,0.000000,s6_p2
1779334189.0,6,3,0.000000,s6_p3
1779334189.0,15,4,0.000000,s15_p4
1779334189.0,15,1,0.000000,s15_p1
1779334189.0,15,2,0.000000,s15_p2
1779334189.0,15,3,0.991097,s15_p3
1779334189.0,3,4,0.000000,s3_p4
1779334189.0,3,1,0.106369,s3_p1
1779334189.0,3,2,0.029010,s3_p2
1779334189.0,3,3,0.000000,s3_p3
1779334189.0,10,4,0.749416,s10_p4
1779334189.0,10,1,0.055602,s10_p1
1779334189.0,10,2,0.108786,s10_p2
1779334189.0,10,3,0.000000,s10_p3
1779334189.0,1,4,0.000000,s1_p4
1779334189.0,1,1,0.144914,s1_p1
1779334189.0,1,2,0.055550,s1_p2
1779334189.0,1,3,0.000000,s1_p3
1779334189.0,8,4,0.000000,s8_p4
1779334189.0,8,1,0.000000,s8_p1
1779334189.0,8,2,0.152225,s8_p2
1779334189.0,8,3,0.057990,s8_p3
1779334189.0,7,1,0.000000,s7_p1
1779334189.0,7,4,0.106301,s7_p4
1779334189.0,7,2,0.000000,s7_p2
1779334189.0,7,3,0.161867,s7_p3
1779334189.0,13,1,0.000000,s13_p1
1779334189.0,13,4,0.000000,s13_p4
1779334189.0,13,2,0.000000,s13_p2
1779334189.0,13,3,0.144940,s13_p3
1779334189.0,4,1,0.053180,s4_p1
1779334189.0,4,4,0.000000,s4_p4
1779334189.0,4,2,0.036259,s4_p2
1779334189.0,4,3,0.000000,s4_p3
1779334189.0,20,1,0.821967,s20_p1
1779334189.0,20,4,0.761528,s20_p4
1779334189.0,20,2,0.713177,s20_p2
1779334189.0,20,3,0.000000,s20_p3
1779334189.0,5,4,0.099068,s5_p4
1779334189.0,5,1,0.000000,s5_p1
1779334189.0,5,2,0.000000,s5_p2
1779334189.0,5,3,0.028996,s5_p3
1779334189.0,17,4,0.000000,s17_p4
1779334189.0,17,1,0.737012,s17_p1
1779334189.0,17,2,0.410794,s17_p2
1779334189.0,17,3,0.000000,s17_p3
1779334189.0,18,4,0.000000,s18_p4
1779334189.0,18,1,0.000000,s18_p1
1779334189.0,18,2,0.000000,s18_p2
1779334189.0,18,3,0.000000,s18_p3
1779334189.0,2,1,0.108725,s2_p1
1779334189.0,2,4,0.149799,s2_p4
1779334189.0,2,2,0.000000,s2_p2
1779334189.0,2,3,0.000000,s2_p3
1779334189.0,12,4,0.000000,s12_p4
1779334189.0,12,1,0.106305,s12_p1
1779334189.0,12,2,0.036240,s12_p2
1779334189.0,12,3,0.000000,s12_p3
1779334189.0,9,1,0.147397,s9_p1
1779334189.0,9,4,0.000000,s9_p4
1779334189.0,9,2,0.000000,s9_p2
1779334189.0,9,3,0.000000,s9_p3
1779334189.0,11,4,0.000000,s11_p4
1779334189.0,11,1,0.028995,s11_p1
1779334189.0,11,2,0.053158,s11_p2
1779334189.0,11,3,0.000000,s11_p3
1779334189.0,16,1,0.000000,s16_p1
1779334189.0,16,4,0.531517,s16_p4
1779334189.0,16,2,0.149791,s16_p2
1779334189.0,16,3,0.000000,s16_p3
1779334189.0,19,1,0.000000,s19_p1
1779334189.0,19,4,0.000000,s19_p4
1779334189.0,19,2,0.000000,s19_p2
1779334189.0,19,3,0.000000,s19_p3
1779334190.0,1,4,0.000000,s1_p4
1779334190.0,1,1,0.149889,s1_p1
1779334190.0,1,2,0.055604,s1_p2
1779334190.0,1,3,0.000000,s1_p3
1779334190.0,3,4,0.000000,s3_p4
1779334190.0,3,1,0.106347,s3_p1
1779334190.0,3,2,0.026587,s3_p2
1779334190.0,3,3,0.000000,s3_p3
1779334190.0,10,4,0.760834,s10_p4
1779334190.0,10,1,0.055553,s10_p1
1779334190.0,10,2,0.084537,s10_p2
1779334190.0,10,3,0.000000,s10_p3
1779334190.0,7,1,0.000000,s7_p1
1779334190.0,7,4,0.106338,s7_p4
1779334190.0,7,2,0.000000,s7_p2
1779334190.0,7,3,0.159506,s7_p3
1779334190.0,8,4,0.000000,s8_p4
1779334190.0,8,1,0.000000,s8_p1
1779334190.0,8,2,0.149819,s8_p2
1779334190.0,8,3,0.057994,s8_p3
1779334190.0,13,1,0.000000,s13_p1
1779334190.0,13,4,0.000000,s13_p4
1779334190.0,13,2,0.000000,s13_p2
1779334190.0,13,3,0.132918,s13_p3
1779334190.0,15,4,0.000000,s15_p4
1779334190.0,15,1,0.000000,s15_p1
1779334190.0,15,2,0.000000,s15_p2
1779334190.0,15,3,1.000000,s15_p3
1779334190.0,6,1,0.000000,s6_p1
1779334190.0,6,4,0.255867,s6_p4
1779334190.0,6,2,0.000000,s6_p2
1779334190.0,6,3,0.000000,s6_p3
1779334190.0,20,1,0.700360,s20_p1
1779334190.0,20,4,0.748661,s20_p4
1779334190.0,20,2,0.833187,s20_p2
1779334190.0,20,3,0.000000,s20_p3
1779334190.0,5,4,0.096638,s5_p4
1779334190.0,5,1,0.000000,s5_p1
1779334190.0,5,2,0.000000,s5_p2
1779334190.0,5,3,0.026575,s5_p3
1779334190.0,12,4,0.000000,s12_p4
1779334190.0,12,1,0.106314,s12_p1
1779334190.0,12,2,0.060406,s12_p2
1779334190.0,12,3,0.000000,s12_p3
1779334190.0,17,4,0.000000,s17_p4
1779334190.0,17,1,0.736866,s17_p1
1779334190.0,17,2,0.386553,s17_p2
1779334190.0,17,3,0.000000,s17_p3
1779334190.0,2,1,0.084563,s2_p1
1779334190.0,2,4,0.149797,s2_p4
1779334190.0,2,2,0.000000,s2_p2
1779334190.0,2,3,0.000000,s2_p3
1779334190.0,4,1,0.050706,s4_p1
1779334190.0,4,4,0.000000,s4_p4
1779334190.0,4,2,0.060365,s4_p2
1779334190.0,4,3,0.000000,s4_p3
1779334190.0,18,4,0.000000,s18_p4
1779334190.0,18,1,0.000000,s18_p1
1779334190.0,18,2,0.000000,s18_p2
1779334190.0,18,3,0.000000,s18_p3
1779334190.0,14,4,1.000000,s14_p4
1779334190.0,14,1,0.000000,s14_p1
1779334190.0,14,2,0.000000,s14_p2
1779334190.0,14,3,0.000000,s14_p3
1779334190.0,16,1,0.000000,s16_p1
1779334190.0,16,4,0.531400,s16_p4
1779334190.0,16,2,0.149758,s16_p2
1779334190.0,16,3,0.000000,s16_p3
1779334190.0,11,4,0.000000,s11_p4
1779334190.0,11,1,0.026568,s11_p1
1779334190.0,11,2,0.050722,s11_p2
1779334190.0,11,3,0.000000,s11_p3
1779334190.0,19,1,0.000000,s19_p1
1779334190.0,19,4,0.000000,s19_p4
1779334190.0,19,2,0.000000,s19_p2
1779334190.0,19,3,0.000000,s19_p3
1779334190.0,9,1,0.147316,s9_p1
1779334190.0,9,4,0.000000,s9_p4
1779334190.0,9,2,0.000000,s9_p2
1779334190.0,9,3,0.000000,s9_p3
1779334190.0,6,1,0.000000,s6_p1
1779334190.0,6,4,0.258651,s6_p4
1779334190.0,6,2,0.000000,s6_p2
1779334190.0,6,3,0.000000,s6_p3
1779334190.0,19,1,0.000000,s19_p1
1779334190.0,19,4,0.000000,s19_p4
1779334190.0,19,2,0.000000,s19_p2
1779334190.0,19,3,0.000000,s19_p3
1779334190.0,14,4,0.992060,s14_p4
1779334190.0,14,1,0.000000,s14_p1
1779334190.0,14,2,0.000000,s14_p2
1779334190.0,14,3,0.000000,s14_p3
1779334190.0,1,4,0.000000,s1_p4
1779334190.0,1,1,0.149644,s1_p1
1779334190.0,1,2,0.033791,s1_p2
1779334190.0,1,3,0.000000,s1_p3
1779334190.0,3,4,0.000000,s3_p4
1779334190.0,3,1,0.106199,s3_p1
1779334190.0,3,2,0.028963,s3_p2
1779334190.0,3,3,0.000000,s3_p3
1779334190.0,10,4,0.748616,s10_p4
1779334190.0,10,1,0.036223,s10_p1
1779334190.0,10,2,0.070032,s10_p2
1779334190.0,10,3,0.000000,s10_p3
1779334190.0,8,4,0.000000,s8_p4
1779334190.0,8,1,0.000000,s8_p1
1779334190.0,8,2,0.149714,s8_p2
1779334190.0,8,3,0.060368,s8_p3
1779334190.0,15,4,0.000000,s15_p4
1779334190.0,15,1,0.000000,s15_p1
1779334190.0,15,2,0.000000,s15_p2
1779334190.0,15,3,1.000000,s15_p3
1779334190.0,7,1,0.000000,s7_p1
1779334190.0,7,4,0.106204,s7_p4
1779334190.0,7,2,0.000000,s7_p2
1779334190.0,7,3,0.164133,s7_p3
1779334190.0,4,1,0.050723,s4_p1
1779334190.0,4,4,0.000000,s4_p4
1779334190.0,4,2,0.094201,s4_p2
1779334190.0,4,3,0.000000,s4_p3
1779334190.0,5,4,0.099017,s5_p4
1779334190.0,5,1,0.000000,s5_p1
1779334190.0,5,2,0.000000,s5_p2
1779334190.0,5,3,0.028981,s5_p3
1779334190.0,13,1,0.000000,s13_p1
1779334190.0,13,4,0.000000,s13_p4
1779334190.0,13,2,0.000000,s13_p2
1779334190.0,13,3,0.144781,s13_p3
1779334190.0,20,1,0.531121,s20_p1
1779334190.0,20,4,0.748398,s20_p4
1779334190.0,20,2,1.000000,s20_p2
1779334190.0,20,3,0.000000,s20_p3
1779334190.0,12,4,0.000000,s12_p4
1779334190.0,12,1,0.106226,s12_p1
1779334190.0,12,2,0.094155,s12_p2
1779334190.0,12,3,0.000000,s12_p3
1779334190.0,18,4,0.000000,s18_p4
1779334190.0,18,1,0.000000,s18_p1
1779334190.0,18,2,0.000000,s18_p2
1779334190.0,18,3,0.000000,s18_p3
1779334190.0,2,1,0.069998,s2_p1
1779334190.0,2,4,0.149651,s2_p4
1779334190.0,2,2,0.000000,s2_p2
1779334190.0,2,3,0.000000,s2_p3
1779334190.0,17,4,0.000000,s17_p4
1779334190.0,17,1,0.748200,s17_p1
1779334190.0,17,2,0.398236,s17_p2
1779334190.0,17,3,0.000000,s17_p3
1779334190.0,11,4,0.000000,s11_p4
1779334190.0,11,1,0.028975,s11_p1
1779334190.0,11,2,0.050706,s11_p2
1779334190.0,11,3,0.000000,s11_p3
1779334190.0,9,1,0.149706,s9_p1
1779334190.0,9,4,0.000000,s9_p4
1779334190.0,9,2,0.000000,s9_p2
1779334190.0,9,3,0.000000,s9_p3
1779334190.0,16,1,0.000000,s16_p1
1779334190.0,16,4,0.543221,s16_p4
1779334190.0,16,2,0.149688,s16_p2
1779334190.0,16,3,0.000000,s16_p3
1779334191.0,19,1,0.000000,s19_p1
1779334191.0,19,4,0.000000,s19_p4
1779334191.0,19,2,0.000000,s19_p2
1779334191.0,19,3,0.000000,s19_p3
1779334191.0,1,4,0.000000,s1_p4
1779334191.0,1,1,0.147371,s1_p1
1779334191.0,1,2,0.065230,s1_p2
1779334191.0,1,3,0.000000,s1_p3
1779334191.0,6,1,0.000000,s6_p1
1779334191.0,6,4,0.258361,s6_p4
1779334191.0,6,2,0.000000,s6_p2
1779334191.0,6,3,0.000000,s6_p3
1779334191.0,14,4,1.000000,s14_p4
1779334191.0,14,1,0.000000,s14_p1
1779334191.0,14,2,0.000000,s14_p2
1779334191.0,14,3,0.000000,s14_p3
1779334191.0,3,4,0.000000,s3_p4
1779334191.0,3,1,0.108697,s3_p1
1779334191.0,3,2,0.028986,s3_p2
1779334191.0,3,3,0.000000,s3_p3
1779334191.0,10,4,0.748783,s10_p4
1779334191.0,10,1,0.062801,s10_p1
1779334191.0,10,2,0.108694,s10_p2
1779334191.0,10,3,0.000000,s10_p3
1779334191.0,15,4,0.000000,s15_p4
1779334191.0,15,1,0.000000,s15_p1
1779334191.0,15,2,0.000000,s15_p2
1779334191.0,15,3,1.000000,s15_p3
1779334191.0,8,4,0.000000,s8_p4
1779334191.0,8,1,0.000000,s8_p1
1779334191.0,8,2,0.149705,s8_p2
1779334191.0,8,3,0.057950,s8_p3
1779334191.0,13,1,0.000000,s13_p1
1779334191.0,13,4,0.000000,s13_p4
1779334191.0,13,2,0.000000,s13_p2
1779334191.0,13,3,0.144959,s13_p3
1779334191.0,7,1,0.000000,s7_p1
1779334191.0,7,4,0.108653,s7_p4
1779334191.0,7,2,0.000000,s7_p2
1779334191.0,7,3,0.161772,s7_p3
1779334191.0,4,1,0.053107,s4_p1
1779334191.0,4,4,0.000000,s4_p4
1779334191.0,4,2,0.026553,s4_p2
1779334191.0,4,3,0.000000,s4_p3
1779334191.0,20,1,0.856552,s20_p1
1779334191.0,20,4,0.747975,s20_p4
1779334191.0,20,2,0.675590,s20_p2
1779334191.0,20,3,0.000000,s20_p3
1779334191.0,5,4,0.096434,s5_p4
1779334191.0,5,1,0.000000,s5_p1
1779334191.0,5,2,0.000000,s5_p2
1779334191.0,5,3,0.028930,s5_p3
1779334191.0,17,4,0.000000,s17_p4
1779334191.0,17,1,0.735743,s17_p1
1779334191.0,17,2,0.410086,s17_p2
1779334191.0,17,3,0.000000,s17_p3
1779334191.0,2,1,0.110943,s2_p1
1779334191.0,2,4,0.149531,s2_p4
1779334191.0,2,2,0.000000,s2_p2
1779334191.0,2,3,0.000000,s2_p3
1779334191.0,18,4,0.000000,s18_p4
1779334191.0,18,1,0.000000,s18_p1
1779334191.0,18,2,0.000000,s18_p2
1779334191.0,18,3,0.000000,s18_p3
1779334191.0,12,4,0.000000,s12_p4
1779334191.0,12,1,0.108497,s12_p1
1779334191.0,12,2,0.026521,s12_p2
1779334191.0,12,3,0.000000,s12_p3
1779334191.0,9,1,0.147119,s9_p1
1779334191.0,9,4,0.000000,s9_p4
1779334191.0,9,2,0.000000,s9_p2
1779334191.0,9,3,0.000000,s9_p3
1779334191.0,16,1,0.000000,s16_p1
1779334191.0,16,4,0.530575,s16_p4
1779334191.0,16,2,0.149526,s16_p2
1779334191.0,16,3,0.000000,s16_p3
1779334191.0,11,4,0.000000,s11_p4
1779334191.0,11,1,0.028937,s11_p1
1779334191.0,11,2,0.053051,s11_p2
1779334191.0,11,3,0.000000,s11_p3
1779334191.0,6,1,0.000000,s6_p1
1779334191.0,6,4,0.258172,s6_p4
1779334191.0,6,2,0.000000,s6_p2
1779334191.0,6,3,0.000000,s6_p3
1779334191.0,19,1,0.000000,s19_p1
1779334191.0,19,4,0.000000,s19_p4
1779334191.0,19,2,0.000000,s19_p2
1779334191.0,19,3,0.000000,s19_p3
1779334191.0,1,4,0.000000,s1_p4
1779334191.0,1,1,0.149474,s1_p1
1779334191.0,1,2,0.050628,s1_p2
1779334191.0,1,3,0.000000,s1_p3
1779334191.0,3,4,0.000000,s3_p4
1779334191.0,3,1,0.106110,s3_p1
1779334191.0,3,2,0.026527,s3_p2
1779334191.0,3,3,0.000000,s3_p3
1779334191.0,15,4,0.000000,s15_p4
1779334191.0,15,1,0.000000,s15_p1
1779334191.0,15,2,0.000000,s15_p2
1779334191.0,15,3,1.000000,s15_p3
1779334191.0,8,4,0.000000,s8_p4
1779334191.0,8,1,0.000000,s8_p1
1779334191.0,8,2,0.149617,s8_p2
1779334191.0,8,3,0.057916,s8_p3
1779334191.0,14,4,1.000000,s14_p4
1779334191.0,14,1,0.000000,s14_p1
1779334191.0,14,2,0.000000,s14_p2
1779334191.0,14,3,0.000000,s14_p3
1779334191.0,10,4,0.747670,s10_p4
1779334191.0,10,1,0.050649,s10_p1
1779334191.0,10,2,0.108533,s10_p2
1779334191.0,10,3,0.000000,s10_p3
1779334191.0,13,1,0.000000,s13_p1
1779334191.0,13,4,0.000000,s13_p4
1779334191.0,13,2,0.000000,s13_p2
1779334191.0,13,3,0.132687,s13_p3
1779334191.0,7,1,0.000000,s7_p1
1779334191.0,7,4,0.106170,s7_p4
1779334191.0,7,2,0.000000,s7_p2
1779334191.0,7,3,0.161668,s7_p3
1779334191.0,20,1,0.797264,s20_p1
1779334191.0,20,4,0.748945,s20_p4
1779334191.0,20,2,0.736865,s20_p2
1779334191.0,20,3,0.000000,s20_p3
1779334191.0,4,1,0.050693,s4_p1
1779334191.0,4,4,0.000000,s4_p4
1779334191.0,4,2,0.041037,s4_p2
1779334191.0,4,3,0.000000,s4_p3
1779334191.0,5,4,0.099033,s5_p4
1779334191.0,5,1,0.000000,s5_p1
1779334191.0,5,2,0.000000,s5_p2
1779334191.0,5,3,0.026570,s5_p3
1779334191.0,11,4,0.000000,s11_p4
1779334191.0,11,1,0.026586,s11_p1
1779334191.0,11,2,0.050755,s11_p2
1779334191.0,11,3,0.000000,s11_p3
1779334191.0,16,1,0.000000,s16_p1
1779334191.0,16,4,0.531683,s16_p4
1779334191.0,16,2,0.149838,s16_p2
1779334191.0,16,3,0.000000,s16_p3
1779334191.0,9,1,0.149825,s9_p1
1779334191.0,9,4,0.000000,s9_p4
1779334191.0,9,2,0.000000,s9_p2
1779334191.0,9,3,0.000000,s9_p3
1779334191.0,18,4,0.000000,s18_p4
1779334191.0,18,1,0.000000,s18_p1
1779334191.0,18,2,0.000000,s18_p2
1779334191.0,18,3,0.000000,s18_p3
1779334191.0,12,4,0.000000,s12_p4
1779334191.0,12,1,0.106288,s12_p1
1779334191.0,12,2,0.041066,s12_p2
1779334191.0,12,3,0.000000,s12_p3
1779334191.0,17,4,0.000000,s17_p4
1779334191.0,17,1,0.748677,s17_p1
1779334191.0,17,2,0.386414,s17_p2
1779334191.0,17,3,0.000000,s17_p3
1779334191.0,2,1,0.106277,s2_p1
1779334191.0,2,4,0.149754,s2_p4
1779334191.0,2,2,0.000000,s2_p2
1779334191.0,2,3,0.000000,s2_p3
1779334192.0,19,1,0.000000,s19_p1
1779334192.0,19,4,0.000000,s19_p4
1779334192.0,19,2,0.000000,s19_p2
1779334192.0,19,3,0.000000,s19_p3
1779334192.0,14,4,1.000000,s14_p4
1779334192.0,14,1,0.000000,s14_p1
1779334192.0,14,2,0.000000,s14_p2
1779334192.0,14,3,0.000000,s14_p3
1779334192.0,10,4,0.748783,s10_p4
1779334192.0,10,1,0.050724,s10_p1
1779334192.0,10,2,0.089371,s10_p2
1779334192.0,10,3,0.000000,s10_p3
1779334192.0,3,4,0.000000,s3_p4
1779334192.0,3,1,0.106266,s3_p1
1779334192.0,3,2,0.028982,s3_p2
1779334192.0,3,3,0.000000,s3_p3
1779334192.0,6,1,0.000000,s6_p1
1779334192.0,6,4,0.258201,s6_p4
1779334192.0,6,2,0.000000,s6_p2
1779334192.0,6,3,0.000000,s6_p3
1779334192.0,1,4,0.000000,s1_p4
1779334192.0,1,1,0.147306,s1_p1
1779334192.0,1,2,0.050712,s1_p2
1779334192.0,1,3,0.000000,s1_p3
1779334192.0,8,4,0.000000,s8_p4
1779334192.0,8,1,0.000000,s8_p1
1779334192.0,8,2,0.149732,s8_p2
1779334192.0,8,3,0.057961,s8_p3
1779334192.0,15,4,0.000000,s15_p4
1779334192.0,15,1,0.000000,s15_p1
1779334192.0,15,2,0.000000,s15_p2
1779334192.0,15,3,1.000000,s15_p3
1779334192.0,12,4,0.000000,s12_p4
1779334192.0,12,1,0.106349,s12_p1
1779334192.0,12,2,0.060426,s12_p2
1779334192.0,12,3,0.000000,s12_p3
1779334192.0,5,4,0.099072,s5_p4
1779334192.0,5,1,0.000000,s5_p1
1779334192.0,5,2,0.000000,s5_p2
1779334192.0,5,3,0.028997,s5_p3
1779334192.0,18,4,0.000000,s18_p4
1779334192.0,18,1,0.000000,s18_p1
1779334192.0,18,2,0.000000,s18_p2
1779334192.0,18,3,0.000000,s18_p3
1779334192.0,17,4,0.000000,s17_p4
1779334192.0,17,1,0.737127,s17_p1
1779334192.0,17,2,0.410857,s17_p2
1779334192.0,17,3,0.000000,s17_p3
1779334192.0,13,1,0.000000,s13_p1
1779334192.0,13,4,0.000000,s13_p4
1779334192.0,13,2,0.000000,s13_p2
1779334192.0,13,3,0.144845,s13_p3
1779334192.0,20,1,0.700158,s20_p1
1779334192.0,20,4,0.748445,s20_p4
1779334192.0,20,2,0.832947,s20_p2
1779334192.0,20,3,0.000000,s20_p3
1779334192.0,4,1,0.053116,s4_p1
1779334192.0,4,4,0.000000,s4_p4
1779334192.0,4,2,0.060359,s4_p2
1779334192.0,4,3,0.000000,s4_p3
1779334192.0,7,1,0.000000,s7_p1
1779334192.0,7,4,0.106221,s7_p4
1779334192.0,7,2,0.000000,s7_p2
1779334192.0,7,3,0.159331,s7_p3
1779334192.0,9,1,0.147354,s9_p1
1779334192.0,9,4,0.000000,s9_p4
1779334192.0,9,2,0.000000,s9_p2
1779334192.0,9,3,0.000000,s9_p3
1779334192.0,16,1,0.000000,s16_p1
1779334192.0,16,4,0.531398,s16_p4
1779334192.0,16,2,0.149758,s16_p2
1779334192.0,16,3,0.000000,s16_p3
1779334192.0,11,4,0.000000,s11_p4
1779334192.0,11,1,0.028983,s11_p1
1779334192.0,11,2,0.053136,s11_p2
1779334192.0,11,3,0.000000,s11_p3
1779334192.0,2,1,0.089379,s2_p1
1779334192.0,2,4,0.149771,s2_p4
1779334192.0,2,2,0.000000,s2_p2
1779334192.0,2,3,0.000000,s2_p3
1779334192.0,6,1,0.000000,s6_p1
1779334192.0,6,4,0.256370,s6_p4
1779334192.0,6,2,0.000000,s6_p2
1779334192.0,6,3,0.000000,s6_p3
1779334192.0,3,4,0.000000,s3_p4
1779334192.0,3,1,0.106351,s3_p1
1779334192.0,3,2,0.026588,s3_p2
1779334192.0,3,3,0.000000,s3_p3
1779334192.0,10,4,0.749188,s10_p4
1779334192.0,10,1,0.024167,s10_p1
1779334192.0,10,2,0.094253,s10_p2
1779334192.0,10,3,0.000000,s10_p3
1779334192.0,15,4,0.000000,s15_p4
1779334192.0,15,1,0.000000,s15_p1
1779334192.0,15,2,0.000000,s15_p2
1779334192.0,15,3,0.990973,s15_p3
1779334192.0,1,4,0.000000,s1_p4
1779334192.0,1,1,0.149845,s1_p1
1779334192.0,1,2,0.024168,s1_p2
1779334192.0,1,3,0.000000,s1_p3
1779334192.0,5,4,0.096707,s5_p4
1779334192.0,5,1,0.000000,s5_p1
1779334192.0,5,2,0.000000,s5_p2
1779334192.0,5,3,0.026594,s5_p3
1779334192.0,20,1,0.592355,s20_p1
1779334192.0,20,4,0.749511,s20_p4
1779334192.0,20,2,0.942933,s20_p2
1779334192.0,20,3,0.000000,s20_p3
1779334192.0,13,1,0.000000,s13_p1
1779334192.0,13,4,0.000000,s13_p4
1779334192.0,13,2,0.000000,s13_p2
1779334192.0,13,3,0.132970,s13_p3
1779334192.0,7,1,0.000000,s7_p1
1779334192.0,7,4,0.106380,s7_p4
1779334192.0,7,2,0.000000,s7_p2
1779334192.0,7,3,0.161988,s7_p3
1779334192.0,8,4,0.000000,s8_p4
1779334192.0,8,1,0.000000,s8_p1
1779334192.0,8,2,0.149762,s8_p2
1779334192.0,8,3,0.057973,s8_p3
1779334192.0,4,1,0.048352,s4_p1
1779334192.0,4,4,0.000000,s4_p4
1779334192.0,4,2,0.082198,s4_p2
1779334192.0,4,3,0.000000,s4_p3
1779334192.0,12,4,0.000000,s12_p4
1779334192.0,12,1,0.106327,s12_p1
1779334192.0,12,2,0.082162,s12_p2
1779334192.0,12,3,0.000000,s12_p3
1779334192.0,16,1,0.000000,s16_p1
1779334192.0,16,4,0.531900,s16_p4
1779334192.0,16,2,0.149899,s16_p2
1779334192.0,16,3,0.000000,s16_p3
1779334192.0,11,4,0.000000,s11_p4
1779334192.0,11,1,0.026595,s11_p1
1779334192.0,11,2,0.050772,s11_p2
1779334192.0,11,3,0.000000,s11_p3
1779334192.0,19,1,0.000000,s19_p1
1779334192.0,19,4,0.000000,s19_p4
1779334192.0,19,2,0.000000,s19_p2
1779334192.0,19,3,0.000000,s19_p3
1779334192.0,9,1,0.149840,s9_p1
1779334192.0,9,4,0.000000,s9_p4
1779334192.0,9,2,0.000000,s9_p2
1779334192.0,9,3,0.000000,s9_p3
1779334192.0,17,4,0.000000,s17_p4
1779334192.0,17,1,0.748809,s17_p1
1779334192.0,17,2,0.374405,s17_p2
1779334192.0,17,3,0.000000,s17_p3
1779334192.0,18,4,0.000000,s18_p4
1779334192.0,18,1,0.000000,s18_p1
1779334192.0,18,2,0.000000,s18_p2
1779334192.0,18,3,0.000000,s18_p3
1779334192.0,2,1,0.094165,s2_p1
1779334192.0,2,4,0.149699,s2_p4
1779334192.0,2,2,0.000000,s2_p2
1779334192.0,2,3,0.000000,s2_p3
1779334192.0,14,4,1.000000,s14_p4
1779334192.0,14,1,0.000000,s14_p1
1779334192.0,14,2,0.000000,s14_p2
1779334192.0,14,3,0.000000,s14_p3
1779334193.0,1,4,0.000000,s1_p4
1779334193.0,1,1,0.147482,s1_p1
1779334193.0,1,2,0.072532,s1_p2
1779334193.0,1,3,0.000000,s1_p3
1779334193.0,6,1,0.000000,s6_p1
1779334193.0,6,4,0.258362,s6_p4
1779334193.0,6,2,0.000000,s6_p2
1779334193.0,6,3,0.000000,s6_p3
1779334193.0,8,4,0.000000,s8_p4
1779334193.0,8,1,0.000000,s8_p1
1779334193.0,8,2,0.149891,s8_p2
1779334193.0,8,3,0.058022,s8_p3
1779334193.0,3,4,0.000000,s3_p4
1779334193.0,3,1,0.108710,s3_p1
1779334193.0,3,2,0.028989,s3_p2
1779334193.0,3,3,0.000000,s3_p3
1779334193.0,14,4,1.000000,s14_p4
1779334193.0,14,1,0.000000,s14_p1
1779334193.0,14,2,0.000000,s14_p2
1779334193.0,14,3,0.000000,s14_p3
1779334193.0,10,4,0.748891,s10_p4
1779334193.0,10,1,0.072473,s10_p1
1779334193.0,10,2,0.099047,s10_p2
1779334193.0,10,3,0.000000,s10_p3
1779334193.0,15,4,0.000000,s15_p4
1779334193.0,15,1,0.000000,s15_p1
1779334193.0,15,2,0.000000,s15_p2
1779334193.0,15,3,1.000000,s15_p3
1779334193.0,7,1,0.000000,s7_p1
1779334193.0,7,4,0.108730,s7_p4
1779334193.0,7,2,0.000000,s7_p2
1779334193.0,7,3,0.161887,s7_p3
1779334193.0,20,1,0.857688,s20_p1
1779334193.0,20,4,0.748967,s20_p4
1779334193.0,20,2,0.688567,s20_p2
1779334193.0,20,3,0.000000,s20_p3
1779334193.0,13,1,0.000000,s13_p1
1779334193.0,13,4,0.000000,s13_p4
1779334193.0,13,2,0.000000,s13_p2
1779334193.0,13,3,0.144963,s13_p3
1779334193.0,17,4,0.000000,s17_p4
1779334193.0,17,1,0.737210,s17_p1
1779334193.0,17,2,0.410904,s17_p2
1779334193.0,17,3,0.000000,s17_p3
1779334193.0,5,4,0.098998,s5_p4
1779334193.0,5,1,0.000000,s5_p1
1779334193.0,5,2,0.000000,s5_p2
1779334193.0,5,3,0.028975,s5_p3
1779334193.0,12,4,0.000000,s12_p4
1779334193.0,12,1,0.108699,s12_p1
1779334193.0,12,2,0.028986,s12_p2
1779334193.0,12,3,0.000000,s12_p3
1779334193.0,4,1,0.053127,s4_p1
1779334193.0,4,4,0.000000,s4_p4
1779334193.0,4,2,0.028978,s4_p2
1779334193.0,4,3,0.000000,s4_p3
1779334193.0,2,1,0.099176,s2_p1
1779334193.0,2,4,0.149974,s2_p4
1779334193.0,2,2,0.000000,s2_p2
1779334193.0,2,3,0.000000,s2_p3
1779334193.0,18,4,0.000000,s18_p4
1779334193.0,18,1,0.000000,s18_p1
1779334193.0,18,2,0.000000,s18_p2
1779334193.0,18,3,0.000000,s18_p3
1779334193.0,11,4,0.000000,s11_p4
1779334193.0,11,1,0.028976,s11_p1
1779334193.0,11,2,0.050709,s11_p2
1779334193.0,11,3,0.000000,s11_p3
1779334193.0,9,1,0.147331,s9_p1
1779334193.0,9,4,0.000000,s9_p4
1779334193.0,9,2,0.000000,s9_p2
1779334193.0,9,3,0.000000,s9_p3
1779334193.0,16,1,0.000000,s16_p1
1779334193.0,16,4,0.543234,s16_p4
1779334193.0,16,2,0.149691,s16_p2
1779334193.0,16,3,0.000000,s16_p3
1779334193.0,19,1,0.000000,s19_p1
1779334193.0,19,4,0.000000,s19_p4
1779334193.0,19,2,0.000000,s19_p2
1779334193.0,19,3,0.000000,s19_p3
1779334193.0,19,1,0.000000,s19_p1
1779334193.0,19,4,0.000000,s19_p4
1779334193.0,19,2,0.000000,s19_p2
1779334193.0,19,3,0.000000,s19_p3
1779334193.0,1,4,0.000000,s1_p4
1779334193.0,1,1,0.147369,s1_p1
1779334193.0,1,2,0.048318,s1_p2
1779334193.0,1,3,0.000000,s1_p3
1779334193.0,6,1,0.000000,s6_p1
1779334193.0,6,4,0.256211,s6_p4
1779334193.0,6,2,0.000000,s6_p2
1779334193.0,6,3,0.000000,s6_p3
1779334193.0,13,1,0.000000,s13_p1
1779334193.0,13,4,0.000000,s13_p4
1779334193.0,13,2,0.000000,s13_p2
1779334193.0,13,3,0.145101,s13_p3
1779334193.0,8,4,0.000000,s8_p4
1779334193.0,8,1,0.000000,s8_p1
1779334193.0,8,2,0.149816,s8_p2
1779334193.0,8,3,0.057993,s8_p3
1779334193.0,20,1,0.821914,s20_p1
1779334193.0,20,4,0.749392,s20_p4
1779334193.0,20,2,0.701044,s20_p2
1779334193.0,20,3,0.000000,s20_p3
1779334193.0,18,4,0.000000,s18_p4
1779334193.0,18,1,0.000000,s18_p1
1779334193.0,18,2,0.000000,s18_p2
1779334193.0,18,3,0.000000,s18_p3
1779334193.0,12,4,0.000000,s12_p4
1779334193.0,12,1,0.106401,s12_p1
1779334193.0,12,2,0.033855,s12_p2
1779334193.0,12,3,0.000000,s12_p3
1779334193.0,3,4,0.000000,s3_p4
1779334193.0,3,1,0.106269,s3_p1
1779334193.0,3,2,0.028982,s3_p2
1779334193.0,3,3,0.000000,s3_p3
1779334193.0,2,1,0.115999,s2_p1
1779334193.0,2,4,0.149833,s2_p4
1779334193.0,2,2,0.000000,s2_p2
1779334193.0,2,3,0.000000,s2_p3
1779334193.0,16,1,0.000000,s16_p1
1779334193.0,16,4,0.531899,s16_p4
1779334193.0,16,2,0.149899,s16_p2
1779334193.0,16,3,0.000000,s16_p3
1779334193.0,15,4,0.000000,s15_p4
1779334193.0,15,1,0.000000,s15_p1
1779334193.0,15,2,0.000000,s15_p2
1779334193.0,15,3,1.000000,s15_p3
1779334193.0,17,4,0.000000,s17_p4
1779334193.0,17,1,0.736890,s17_p1
1779334193.0,17,2,0.410726,s17_p2
1779334193.0,17,3,0.000000,s17_p3
1779334193.0,10,4,0.748281,s10_p4
1779334193.0,10,1,0.048276,s10_p1
1779334193.0,10,2,0.115863,s10_p2
1779334193.0,10,3,0.000000,s10_p3
1779334193.0,7,1,0.000000,s7_p1
1779334193.0,7,4,0.106220,s7_p4
1779334193.0,7,2,0.000000,s7_p2
1779334193.0,7,3,0.161744,s7_p3
1779334193.0,9,1,0.147412,s9_p1
1779334193.0,9,4,0.000000,s9_p4
1779334193.0,9,2,0.000000,s9_p2
1779334193.0,9,3,0.000000,s9_p3
1779334193.0,14,4,0.989205,s14_p4
1779334193.0,14,1,0.000000,s14_p1
1779334193.0,14,2,0.000000,s14_p2
1779334193.0,14,3,0.000000,s14_p3
1779334193.0,11,4,0.000000,s11_p4
1779334193.0,11,1,0.028996,s11_p1
1779334193.0,11,2,0.053158,s11_p2
1779334193.0,11,3,0.000000,s11_p3
1779334193.0,4,1,0.053126,s4_p1
1779334193.0,4,4,0.000000,s4_p4
1779334193.0,4,2,0.033808,s4_p2
1779334193.0,4,3,0.000000,s4_p3
1779334193.0,5,4,0.098997,s5_p4
1779334193.0,5,1,0.000000,s5_p1
1779334193.0,5,2,0.000000,s5_p2
1779334193.0,5,3,0.028975,s5_p3
1779334194.0,19,1,0.000000,s19_p1
1779334194.0,19,4,0.000000,s19_p4
1779334194.0,19,2,0.000000,s19_p2
1779334194.0,19,3,0.000000,s19_p3
1779334194.0,3,4,0.000000,s3_p4
1779334194.0,3,1,0.106389,s3_p1
1779334194.0,3,2,0.026597,s3_p2
1779334194.0,3,3,0.000000,s3_p3
1779334194.0,15,4,0.000000,s15_p4
1779334194.0,15,1,0.000000,s15_p1
1779334194.0,15,2,0.000000,s15_p2
1779334194.0,15,3,1.000000,s15_p3
1779334194.0,1,4,0.000000,s1_p4
1779334194.0,1,1,0.149748,s1_p1
1779334194.0,1,2,0.043475,s1_p2
1779334194.0,1,3,0.000000,s1_p3
1779334194.0,6,1,0.000000,s6_p1
1779334194.0,6,4,0.260861,s6_p4
1779334194.0,6,2,0.000000,s6_p2
1779334194.0,6,3,0.000000,s6_p3
1779334194.0,10,4,0.749913,s10_p4
1779334194.0,10,1,0.043543,s10_p1
1779334194.0,10,2,0.096763,s10_p2
1779334194.0,10,3,0.000000,s10_p3
1779334194.0,14,4,1.000000,s14_p4
1779334194.0,14,1,0.000000,s14_p1
1779334194.0,14,2,0.000000,s14_p2
1779334194.0,14,3,0.000000,s14_p3
1779334194.0,7,1,0.000000,s7_p1
1779334194.0,7,4,0.106431,s7_p4
1779334194.0,7,2,0.000000,s7_p2
1779334194.0,7,3,0.162065,s7_p3
1779334194.0,4,1,0.050809,s4_p1
1779334194.0,4,4,0.000000,s4_p4
1779334194.0,4,2,0.060487,s4_p2
1779334194.0,4,3,0.000000,s4_p3
1779334194.0,13,1,0.000000,s13_p1
1779334194.0,13,4,0.000000,s13_p4
1779334194.0,13,2,0.000000,s13_p2
1779334194.0,13,3,0.132799,s13_p3
1779334194.0,20,1,0.700456,s20_p1
1779334194.0,20,4,0.748764,s20_p4
1779334194.0,20,2,0.833302,s20_p2
1779334194.0,20,3,0.000000,s20_p3
1779334194.0,8,4,0.000000,s8_p4
1779334194.0,8,1,0.000000,s8_p1
1779334194.0,8,2,0.149725,s8_p2
1779334194.0,8,3,0.057958,s8_p3
1779334194.0,18,4,0.000000,s18_p4
1779334194.0,18,1,0.000000,s18_p1
1779334194.0,18,2,0.000000,s18_p2
1779334194.0,18,3,0.000000,s18_p3
1779334194.0,17,4,0.000000,s17_p4
1779334194.0,17,1,0.749190,s17_p1
1779334194.0,17,2,0.386679,s17_p2
1779334194.0,17,3,0.000000,s17_p3
1779334194.0,2,1,0.096655,s2_p1
1779334194.0,2,4,0.149815,s2_p4
1779334194.0,2,2,0.000000,s2_p2
1779334194.0,2,3,0.000000,s2_p3
1779334194.0,12,4,0.000000,s12_p4
1779334194.0,12,1,0.106246,s12_p1
1779334194.0,12,2,0.060367,s12_p2
1779334194.0,12,3,0.000000,s12_p3
1779334194.0,5,4,0.096727,s5_p4
1779334194.0,5,1,0.000000,s5_p1
1779334194.0,5,2,0.000000,s5_p2
1779334194.0,5,3,0.026600,s5_p3
1779334194.0,11,4,0.000000,s11_p4
1779334194.0,11,1,0.026587,s11_p1
1779334194.0,11,2,0.050757,s11_p2
1779334194.0,11,3,0.000000,s11_p3
1779334194.0,9,1,0.149839,s9_p1
1779334194.0,9,4,0.000000,s9_p4
1779334194.0,9,2,0.000000,s9_p2
1779334194.0,9,3,0.000000,s9_p3
1779334194.0,16,1,0.000000,s16_p1
1779334194.0,16,4,0.531440,s16_p4
1779334194.0,16,2,0.149770,s16_p2
1779334194.0,16,3,0.000000,s16_p3
1779334194.0,19,1,0.000000,s19_p1
1779334194.0,19,4,0.000000,s19_p4
1779334194.0,19,2,0.000000,s19_p2
1779334194.0,19,3,0.000000,s19_p3
1779334194.0,6,1,0.000000,s6_p1
1779334194.0,6,4,0.255971,s6_p4
1779334194.0,6,2,0.000000,s6_p2
1779334194.0,6,3,0.000000,s6_p3
1779334194.0,15,4,0.000000,s15_p4
1779334194.0,15,1,0.000000,s15_p1
1779334194.0,15,2,0.000000,s15_p2
1779334194.0,15,3,1.000000,s15_p3
1779334194.0,14,4,1.000000,s14_p4
1779334194.0,14,1,0.000000,s14_p1
1779334194.0,14,2,0.000000,s14_p2
1779334194.0,14,3,0.000000,s14_p3
1779334194.0,3,4,0.000000,s3_p4
1779334194.0,3,1,0.106143,s3_p1
1779334194.0,3,2,0.028948,s3_p2
1779334194.0,3,3,0.000000,s3_p3
1779334194.0,1,4,0.000000,s1_p4
1779334194.0,1,1,0.151992,s1_p1
1779334194.0,1,2,0.041014,s1_p2
1779334194.0,1,3,0.000000,s1_p3
1779334194.0,8,4,0.000000,s8_p4
1779334194.0,8,1,0.000000,s8_p1
1779334194.0,8,2,0.149655,s8_p2
1779334194.0,8,3,0.060345,s8_p3
1779334194.0,10,4,0.747859,s10_p4
1779334194.0,10,1,0.041012,s10_p1
1779334194.0,10,2,0.072373,s10_p2
1779334194.0,10,3,0.000000,s10_p3
1779334194.0,12,4,0.000000,s12_p4
1779334194.0,12,1,0.106196,s12_p1
1779334194.0,12,2,0.086888,s12_p2
1779334194.0,12,3,0.000000,s12_p3
1779334194.0,13,1,0.000000,s13_p1
1779334194.0,13,4,0.000000,s13_p4
1779334194.0,13,2,0.000000,s13_p2
1779334194.0,13,3,0.144724,s13_p3
1779334194.0,18,4,0.000000,s18_p4
1779334194.0,18,1,0.000000,s18_p1
1779334194.0,18,2,0.000000,s18_p2
1779334194.0,18,3,0.000000,s18_p3
1779334194.0,20,1,0.566817,s20_p1
1779334194.0,20,4,0.747715,s20_p4
1779334194.0,20,2,0.964794,s20_p2
1779334194.0,20,3,0.000000,s20_p3
1779334194.0,4,1,0.048236,s4_p1
1779334194.0,4,4,0.000000,s4_p4
1779334194.0,4,2,0.086824,s4_p2
1779334194.0,4,3,0.000000,s4_p3
1779334194.0,7,1,0.000000,s7_p1
1779334194.0,7,4,0.106110,s7_p4
1779334194.0,7,2,0.000000,s7_p2
1779334194.0,7,3,0.161577,s7_p3
1779334194.0,17,4,0.000000,s17_p4
1779334194.0,17,1,0.759731,s17_p1
1779334194.0,17,2,0.385895,s17_p2
1779334194.0,17,3,0.000000,s17_p3
1779334194.0,16,1,0.000000,s16_p1
1779334194.0,16,4,0.530785,s16_p4
1779334194.0,16,2,0.149585,s16_p2
1779334194.0,16,3,0.000000,s16_p3
1779334194.0,5,4,0.098884,s5_p4
1779334194.0,5,1,0.000000,s5_p1
1779334194.0,5,2,0.000000,s5_p2
1779334194.0,5,3,0.028942,s5_p3
1779334194.0,9,1,0.151983,s9_p1
1779334194.0,9,4,0.000000,s9_p4
1779334194.0,9,2,0.000000,s9_p2
1779334194.0,9,3,0.000000,s9_p3
1779334194.0,11,4,0.000000,s11_p4
1779334194.0,11,1,0.028947,s11_p1
1779334194.0,11,2,0.048245,s11_p2
1779334194.0,11,3,0.000000,s11_p3
1779334194.0,2,1,0.072346,s2_p1
1779334194.0,2,4,0.149515,s2_p4
1779334194.0,2,2,0.000000,s2_p2
1779334194.0,2,3,0.000000,s2_p3
1779334195.0,1,4,0.000000,s1_p4
1779334195.0,1,1,0.145006,s1_p1
1779334195.0,1,2,0.062836,s1_p2
1779334195.0,1,3,0.000000,s1_p3
1779334195.0,14,4,1.000000,s14_p4
1779334195.0,14,1,0.000000,s14_p1
1779334195.0,14,2,0.000000,s14_p2
1779334195.0,14,3,0.000000,s14_p3
1779334195.0,6,1,0.000000,s6_p1
1779334195.0,6,4,0.258073,s6_p4
1779334195.0,6,2,0.000000,s6_p2
1779334195.0,6,3,0.000000,s6_p3
1779334195.0,13,1,0.000000,s13_p1
1779334195.0,13,4,0.000000,s13_p4
1779334195.0,13,2,0.000000,s13_p2
1779334195.0,13,3,0.132856,s13_p3
1779334195.0,3,4,0.000000,s3_p4
1779334195.0,3,1,0.106192,s3_p1
1779334195.0,3,2,0.026548,s3_p2
1779334195.0,3,3,0.000000,s3_p3
1779334195.0,8,4,0.000000,s8_p4
1779334195.0,8,1,0.000000,s8_p1
1779334195.0,8,2,0.149641,s8_p2
1779334195.0,8,3,0.057925,s8_p3
1779334195.0,19,1,0.000000,s19_p1
1779334195.0,19,4,0.000000,s19_p4
1779334195.0,19,2,0.000000,s19_p2
1779334195.0,19,3,0.000000,s19_p3
1779334195.0,15,4,0.000000,s15_p4
1779334195.0,15,1,0.000000,s15_p1
1779334195.0,15,2,0.000000,s15_p2
1779334195.0,15,3,0.989254,s15_p3
1779334195.0,10,4,0.748168,s10_p4
1779334195.0,10,1,0.062750,s10_p1
1779334195.0,10,2,0.115845,s10_p2
1779334195.0,10,3,0.000000,s10_p3
1779334195.0,18,4,0.000000,s18_p4
1779334195.0,18,1,0.000000,s18_p1
1779334195.0,18,2,0.000000,s18_p2
1779334195.0,18,3,0.000000,s18_p3
1779334195.0,4,1,0.053090,s4_p1
1779334195.0,4,4,0.000000,s4_p4
1779334195.0,4,2,0.021719,s4_p2
1779334195.0,4,3,0.000000,s4_p3
1779334195.0,12,4,0.000000,s12_p4
1779334195.0,12,1,0.106160,s12_p1
1779334195.0,12,2,0.021715,s12_p2
1779334195.0,12,3,0.000000,s12_p3
1779334195.0,20,1,0.892805,s20_p1
1779334195.0,20,4,0.748026,s20_p4
1779334195.0,20,2,0.639441,s20_p2
1779334195.0,20,3,0.000000,s20_p3
1779334195.0,17,4,0.000000,s17_p4
1779334195.0,17,1,0.736317,s17_p1
1779334195.0,17,2,0.398336,s17_p2
1779334195.0,17,3,0.000000,s17_p3
1779334195.0,2,1,0.115895,s2_p1
1779334195.0,2,4,0.149698,s2_p4
1779334195.0,2,2,0.000000,s2_p2
1779334195.0,2,3,0.000000,s2_p3
1779334195.0,5,4,0.098983,s5_p4
1779334195.0,5,1,0.000000,s5_p1
1779334195.0,5,2,0.000000,s5_p2
1779334195.0,5,3,0.026556,s5_p3
1779334195.0,7,1,0.000000,s7_p1
1779334195.0,7,4,0.106163,s7_p4
1779334195.0,7,2,0.000000,s7_p2
1779334195.0,7,3,0.161657,s7_p3
1779334195.0,9,1,0.147218,s9_p1
1779334195.0,9,4,0.000000,s9_p4
1779334195.0,9,2,0.000000,s9_p2
1779334195.0,9,3,0.000000,s9_p3
1779334195.0,11,4,0.000000,s11_p4
1779334195.0,11,1,0.026546,s11_p1
1779334195.0,11,2,0.053093,s11_p2
1779334195.0,11,3,0.000000,s11_p3
1779334195.0,16,1,0.000000,s16_p1
1779334195.0,16,4,0.530860,s16_p4
1779334195.0,16,2,0.149606,s16_p2
1779334195.0,16,3,0.000000,s16_p3
1779334195.0,19,1,0.000000,s19_p1
1779334195.0,19,4,0.000000,s19_p4
1779334195.0,19,2,0.000000,s19_p2
1779334195.0,19,3,0.000000,s19_p3
1779334195.0,6,1,0.000000,s6_p1
1779334195.0,6,4,0.256644,s6_p4
1779334195.0,6,2,0.000000,s6_p2
1779334195.0,6,3,0.000000,s6_p3
1779334195.0,1,4,0.000000,s1_p4
1779334195.0,1,1,0.147517,s1_p1
1779334195.0,1,2,0.055621,s1_p2
1779334195.0,1,3,0.000000,s1_p3
1779334195.0,14,4,0.991513,s14_p4
1779334195.0,14,1,0.000000,s14_p1
1779334195.0,14,2,0.000000,s14_p2
1779334195.0,14,3,0.000000,s14_p3
1779334195.0,10,4,0.750118,s10_p4
1779334195.0,10,1,0.058074,s10_p1
1779334195.0,10,2,0.096789,s10_p2
1779334195.0,10,3,0.000000,s10_p3
1779334195.0,3,4,0.000000,s3_p4
1779334195.0,3,1,0.106442,s3_p1
1779334195.0,3,2,0.029030,s3_p2
1779334195.0,3,3,0.000000,s3_p3
1779334195.0,13,1,0.000000,s13_p1
1779334195.0,13,4,0.000000,s13_p4
1779334195.0,13,2,0.000000,s13_p2
1779334195.0,13,3,0.145048,s13_p3
1779334195.0,8,4,0.000000,s8_p4
1779334195.0,8,1,0.000000,s8_p1
1779334195.0,8,2,0.149891,s8_p2
1779334195.0,8,3,0.058022,s8_p3
1779334195.0,7,1,0.000000,s7_p1
1779334195.0,7,4,0.108908,s7_p4
1779334195.0,7,2,0.000000,s7_p2
1779334195.0,7,3,0.162152,s7_p3
1779334195.0,15,4,0.000000,s15_p4
1779334195.0,15,1,0.000000,s15_p1
1779334195.0,15,2,0.000000,s15_p2
1779334195.0,15,3,1.000000,s15_p3
1779334195.0,5,4,0.096760,s5_p4
1779334195.0,5,1,0.000000,s5_p1
1779334195.0,5,2,0.000000,s5_p2
1779334195.0,5,3,0.029028,s5_p3
1779334195.0,20,1,0.773951,s20_p1
1779334195.0,20,4,0.749765,s20_p4
1779334195.0,20,2,0.773951,s20_p2
1779334195.0,20,3,0.000000,s20_p3
1779334195.0,12,4,0.000000,s12_p4
1779334195.0,12,1,0.108831,s12_p1
1779334195.0,12,2,0.045951,s12_p2
1779334195.0,12,3,0.000000,s12_p3
1779334195.0,4,1,0.053203,s4_p1
1779334195.0,4,4,0.000000,s4_p4
1779334195.0,4,2,0.045948,s4_p2
1779334195.0,4,3,0.000000,s4_p3
1779334195.0,18,4,0.000000,s18_p4
1779334195.0,18,1,0.000000,s18_p1
1779334195.0,18,2,0.000000,s18_p2
1779334195.0,18,3,0.000000,s18_p3
1779334195.0,17,4,0.000000,s17_p4
1779334195.0,17,1,0.725253,s17_p1
1779334195.0,17,2,0.410977,s17_p2
1779334195.0,17,3,0.000000,s17_p3
1779334195.0,2,1,0.096672,s2_p1
1779334195.0,2,4,0.149842,s2_p4
1779334195.0,2,2,0.000000,s2_p2
1779334195.0,2,3,0.000000,s2_p3
1779334195.0,16,1,0.000000,s16_p1
1779334195.0,16,4,0.544022,s16_p4
1779334195.0,16,2,0.149908,s16_p2
1779334195.0,16,3,0.000000,s16_p3
1779334195.0,11,4,0.000000,s11_p4
1779334195.0,11,1,0.029012,s11_p1
1779334195.0,11,2,0.053189,s11_p2
1779334195.0,11,3,0.000000,s11_p3
1779334195.0,9,1,0.145022,s9_p1
1779334195.0,9,4,0.000000,s9_p4
1779334195.0,9,2,0.000000,s9_p2
1779334195.0,9,3,0.000000,s9_p3
1779334196.0,1,4,0.000000,s1_p4
1779334196.0,1,1,0.147302,s1_p1
1779334196.0,1,2,0.041052,s1_p2
1779334196.0,1,3,0.000000,s1_p3
1779334196.0,14,4,1.000000,s14_p4
1779334196.0,14,1,0.000000,s14_p1
1779334196.0,14,2,0.000000,s14_p2
1779334196.0,14,3,0.000000,s14_p3
1779334196.0,19,1,0.000000,s19_p1
1779334196.0,19,4,0.000000,s19_p4
1779334196.0,19,2,0.000000,s19_p2
1779334196.0,19,3,0.000000,s19_p3
1779334196.0,15,4,0.000000,s15_p4
1779334196.0,15,1,0.000000,s15_p1
1779334196.0,15,2,0.000000,s15_p2
1779334196.0,15,3,1.000000,s15_p3
1779334196.0,3,4,0.000000,s3_p4
1779334196.0,3,1,0.108679,s3_p1
1779334196.0,3,2,0.028981,s3_p2
1779334196.0,3,3,0.000000,s3_p3
1779334196.0,13,1,0.000000,s13_p1
1779334196.0,13,4,0.000000,s13_p4
1779334196.0,13,2,0.000000,s13_p2
1779334196.0,13,3,0.144988,s13_p3
1779334196.0,8,4,0.000000,s8_p4
1779334196.0,8,1,0.000000,s8_p1
1779334196.0,8,2,0.149835,s8_p2
1779334196.0,8,3,0.058000,s8_p3
1779334196.0,10,4,0.748560,s10_p4
1779334196.0,10,1,0.038635,s10_p1
1779334196.0,10,2,0.089344,s10_p2
1779334196.0,10,3,0.000000,s10_p3
1779334196.0,6,1,0.000000,s6_p1
1779334196.0,6,4,0.258112,s6_p4
1779334196.0,6,2,0.000000,s6_p2
1779334196.0,6,3,0.000000,s6_p3
1779334196.0,17,4,0.000000,s17_p4
1779334196.0,17,1,0.737329,s17_p1
1779334196.0,17,2,0.410970,s17_p2
1779334196.0,17,3,0.000000,s17_p3
1779334196.0,5,4,0.099056,s5_p4
1779334196.0,5,1,0.000000,s5_p1
1779334196.0,5,2,0.000000,s5_p2
1779334196.0,5,3,0.028992,s5_p3
1779334196.0,4,1,0.053157,s4_p1
1779334196.0,4,4,0.000000,s4_p4
1779334196.0,4,2,0.070071,s4_p2
1779334196.0,4,3,0.000000,s4_p3
1779334196.0,20,1,0.640252,s20_p1
1779334196.0,20,4,0.748974,s20_p4
1779334196.0,20,2,0.881856,s20_p2
1779334196.0,20,3,0.000000,s20_p3
1779334196.0,7,1,0.000000,s7_p1
1779334196.0,7,4,0.106248,s7_p4
1779334196.0,7,2,0.000000,s7_p2
1779334196.0,7,3,0.161787,s7_p3
1779334196.0,12,4,0.000000,s12_p4
1779334196.0,12,1,0.106303,s12_p1
1779334196.0,12,2,0.070063,s12_p2
1779334196.0,12,3,0.000000,s12_p3
1779334196.0,18,4,0.000000,s18_p4
1779334196.0,18,1,0.000000,s18_p1
1779334196.0,18,2,0.000000,s18_p2
1779334196.0,18,3,0.000000,s18_p3
1779334196.0,9,1,0.147482,s9_p1
1779334196.0,9,4,0.000000,s9_p4
1779334196.0,9,2,0.000000,s9_p2
1779334196.0,9,3,0.000000,s9_p3
1779334196.0,16,1,0.000000,s16_p1
1779334196.0,16,4,0.531728,s16_p4
1779334196.0,16,2,0.149850,s16_p2
1779334196.0,16,3,0.000000,s16_p3
1779334196.0,2,1,0.089419,s2_p1
1779334196.0,2,4,0.149837,s2_p4
1779334196.0,2,2,0.000000,s2_p2
1779334196.0,2,3,0.000000,s2_p3
1779334196.0,11,4,0.000000,s11_p4
1779334196.0,11,1,0.029003,s11_p1
1779334196.0,11,2,0.053172,s11_p2
1779334196.0,11,3,0.000000,s11_p3
1779334196.0,19,1,0.000000,s19_p1
1779334196.0,19,4,0.000000,s19_p4
1779334196.0,19,2,0.000000,s19_p2
1779334196.0,19,3,0.000000,s19_p3
1779334196.0,6,1,0.000000,s6_p1
1779334196.0,6,4,0.258825,s6_p4
1779334196.0,6,2,0.000000,s6_p2
1779334196.0,6,3,0.000000,s6_p3
1779334196.0,15,4,0.000000,s15_p4
1779334196.0,15,1,0.000000,s15_p1
1779334196.0,15,2,0.000000,s15_p2
1779334196.0,15,3,1.000000,s15_p3
1779334196.0,14,4,1.000000,s14_p4
1779334196.0,14,1,0.000000,s14_p1
1779334196.0,14,2,0.000000,s14_p2
1779334196.0,14,3,0.000000,s14_p3
1779334196.0,3,4,0.000000,s3_p4
1779334196.0,3,1,0.106352,s3_p1
1779334196.0,3,2,0.026588,s3_p2
1779334196.0,3,3,0.000000,s3_p3
1779334196.0,10,4,0.749326,s10_p4
1779334196.0,10,1,0.031423,s10_p1
1779334196.0,10,2,0.089436,s10_p2
1779334196.0,10,3,0.000000,s10_p3
1779334196.0,1,4,0.000000,s1_p4
1779334196.0,1,1,0.149724,s1_p1
1779334196.0,1,2,0.031394,s1_p2
1779334196.0,1,3,0.000000,s1_p3
1779334196.0,20,1,0.604524,s20_p1
1779334196.0,20,4,0.749610,s20_p4
1779334196.0,20,2,0.930968,s20_p2
1779334196.0,20,3,0.000000,s20_p3
1779334196.0,13,1,0.000000,s13_p1
1779334196.0,13,4,0.000000,s13_p4
1779334196.0,13,2,0.000000,s13_p2
1779334196.0,13,3,0.132876,s13_p3
1779334196.0,8,4,0.000000,s8_p4
1779334196.0,8,1,0.000000,s8_p1
1779334196.0,8,2,0.149786,s8_p2
1779334196.0,8,3,0.057982,s8_p3
1779334196.0,7,1,0.000000,s7_p1
1779334196.0,7,4,0.106386,s7_p4
1779334196.0,7,2,0.000000,s7_p2
1779334196.0,7,3,0.161998,s7_p3
1779334196.0,4,1,0.050772,s4_p1
1779334196.0,4,4,0.000000,s4_p4
1779334196.0,4,2,0.079785,s4_p2
1779334196.0,4,3,0.000000,s4_p3
1779334196.0,5,4,0.096668,s5_p4
1779334196.0,5,1,0.000000,s5_p1
1779334196.0,5,2,0.000000,s5_p2
1779334196.0,5,3,0.026584,s5_p3
1779334196.0,18,4,0.000000,s18_p4
1779334196.0,18,1,0.000000,s18_p1
1779334196.0,18,2,0.000000,s18_p2
1779334196.0,18,3,0.000000,s18_p3
1779334196.0,12,4,0.000000,s12_p4
1779334196.0,12,1,0.106337,s12_p1
1779334196.0,12,2,0.079753,s12_p2
1779334196.0,12,3,0.000000,s12_p3
1779334196.0,17,4,0.000000,s17_p4
1779334196.0,17,1,0.749036,s17_p1
1779334196.0,17,2,0.386599,s17_p2
1779334196.0,17,3,0.000000,s17_p3
1779334196.0,11,4,0.000000,s11_p4
1779334196.0,11,1,0.026589,s11_p1
1779334196.0,11,2,0.050760,s11_p2
1779334196.0,11,3,0.000000,s11_p3
1779334196.0,9,1,0.149834,s9_p1
1779334196.0,9,4,0.000000,s9_p4
1779334196.0,9,2,0.000000,s9_p2
1779334196.0,9,3,0.000000,s9_p3
1779334196.0,2,1,0.089425,s2_p1
1779334196.0,2,4,0.152264,s2_p4
1779334196.0,2,2,0.000000,s2_p2
1779334196.0,2,3,0.000000,s2_p3
1779334196.0,16,1,0.000000,s16_p1
1779334196.0,16,4,0.531688,s16_p4
1779334196.0,16,2,0.152256,s16_p2
1779334196.0,16,3,0.000000,s16_p3
1779334197.0,6,1,0.000000,s6_p1
1779334197.0,6,4,0.258694,s6_p4
1779334197.0,6,2,0.000000,s6_p2
1779334197.0,6,3,0.000000,s6_p3
1779334197.0,19,1,0.000000,s19_p1
1779334197.0,19,4,0.000000,s19_p4
1779334197.0,19,2,0.000000,s19_p2
1779334197.0,19,3,0.000000,s19_p3
1779334197.0,3,4,0.000000,s3_p4
1779334197.0,3,1,0.106378,s3_p1
1779334197.0,3,2,0.029012,s3_p2
1779334197.0,3,3,0.000000,s3_p3
1779334197.0,14,4,1.000000,s14_p4
1779334197.0,14,1,0.000000,s14_p1
1779334197.0,14,2,0.000000,s14_p2
1779334197.0,14,3,0.000000,s14_p3
1779334197.0,1,4,0.000000,s1_p4
1779334197.0,1,1,0.147470,s1_p1
1779334197.0,1,2,0.058021,s1_p2
1779334197.0,1,3,0.000000,s1_p3
1779334197.0,15,4,0.000000,s15_p4
1779334197.0,15,1,0.000000,s15_p1
1779334197.0,15,2,0.000000,s15_p2
1779334197.0,15,3,0.990999,s15_p3
1779334197.0,10,4,0.749390,s10_p4
1779334197.0,10,1,0.058017,s10_p1
1779334197.0,10,2,0.120869,s10_p2
1779334197.0,10,3,0.000000,s10_p3
1779334197.0,8,4,0.000000,s8_p4
1779334197.0,8,1,0.000000,s8_p1
1779334197.0,8,2,0.149895,s8_p2
1779334197.0,8,3,0.058024,s8_p3
1779334197.0,13,1,0.000000,s13_p1
1779334197.0,13,4,0.000000,s13_p4
1779334197.0,13,2,0.000000,s13_p2
1779334197.0,13,3,0.145046,s13_p3
1779334197.0,20,1,0.894371,s20_p1
1779334197.0,20,4,0.749338,s20_p4
1779334197.0,20,2,0.640563,s20_p2
1779334197.0,20,3,0.000000,s20_p3
1779334197.0,4,1,0.050767,s4_p1
1779334197.0,4,4,0.000000,s4_p4
1779334197.0,4,2,0.021757,s4_p2
1779334197.0,4,3,0.000000,s4_p3
1779334197.0,7,1,0.000000,s7_p1
1779334197.0,7,4,0.106366,s7_p4
1779334197.0,7,2,0.000000,s7_p2
1779334197.0,7,3,0.161966,s7_p3
1779334197.0,17,4,0.000000,s17_p4
1779334197.0,17,1,0.737384,s17_p1
1779334197.0,17,2,0.411001,s17_p2
1779334197.0,17,3,0.000000,s17_p3
1779334197.0,12,4,0.000000,s12_p4
1779334197.0,12,1,0.106367,s12_p1
1779334197.0,12,2,0.021757,s12_p2
1779334197.0,12,3,0.000000,s12_p3
1779334197.0,5,4,0.099100,s5_p4
1779334197.0,5,1,0.000000,s5_p1
1779334197.0,5,2,0.000000,s5_p2
1779334197.0,5,3,0.029005,s5_p3
1779334197.0,2,1,0.120911,s2_p1
1779334197.0,2,4,0.149929,s2_p4
1779334197.0,2,2,0.000000,s2_p2
1779334197.0,2,3,0.000000,s2_p3
1779334197.0,18,4,0.000000,s18_p4
1779334197.0,18,1,0.000000,s18_p1
1779334197.0,18,2,0.000000,s18_p2
1779334197.0,18,3,0.000000,s18_p3
1779334197.0,16,1,0.000000,s16_p1
1779334197.0,16,4,0.531849,s16_p4
1779334197.0,16,2,0.149885,s16_p2
1779334197.0,16,3,0.000000,s16_p3
1779334197.0,11,4,0.000000,s11_p4
1779334197.0,11,1,0.029005,s11_p1
1779334197.0,11,2,0.053176,s11_p2
1779334197.0,11,3,0.000000,s11_p3
1779334197.0,9,1,0.147446,s9_p1
1779334197.0,9,4,0.000000,s9_p4
1779334197.0,9,2,0.000000,s9_p2
1779334197.0,9,3,0.000000,s9_p3
1779334197.0,19,1,0.000000,s19_p1
1779334197.0,19,4,0.000000,s19_p4
1779334197.0,19,2,0.000000,s19_p2
1779334197.0,19,3,0.000000,s19_p3
1779334197.0,14,4,1.000000,s14_p4
1779334197.0,14,1,0.000000,s14_p1
1779334197.0,14,2,0.000000,s14_p2
1779334197.0,14,3,0.000000,s14_p3
1779334197.0,1,4,0.000000,s1_p4
1779334197.0,1,1,0.144998,s1_p1
1779334197.0,1,2,0.060416,s1_p2
1779334197.0,1,3,0.000000,s1_p3
1779334197.0,6,1,0.000000,s6_p1
1779334197.0,6,4,0.255962,s6_p4
1779334197.0,6,2,0.000000,s6_p2
1779334197.0,6,3,0.000000,s6_p3
1779334197.0,3,4,0.000000,s3_p4
1779334197.0,3,1,0.106315,s3_p1
1779334197.0,3,2,0.026579,s3_p2
1779334197.0,3,3,0.000000,s3_p3
1779334197.0,15,4,0.000000,s15_p4
1779334197.0,15,1,0.000000,s15_p1
1779334197.0,15,2,0.000000,s15_p2
1779334197.0,15,3,1.000000,s15_p3
1779334197.0,10,4,0.748875,s10_p4
1779334197.0,10,1,0.060393,s10_p1
1779334197.0,10,2,0.101460,s10_p2
1779334197.0,10,3,0.000000,s10_p3
1779334197.0,8,4,0.000000,s8_p4
1779334197.0,8,1,0.000000,s8_p1
1779334197.0,8,2,0.149830,s8_p2
1779334197.0,8,3,0.057999,s8_p3
1779334197.0,20,1,0.809363,s20_p1
1779334197.0,20,4,0.761043,s20_p4
1779334197.0,20,2,0.724803,s20_p2
1779334197.0,20,3,0.000000,s20_p3
1779334197.0,4,1,0.055567,s4_p1
1779334197.0,4,4,0.000000,s4_p4
1779334197.0,4,2,0.038655,s4_p2
1779334197.0,4,3,0.000000,s4_p3
1779334197.0,13,1,0.000000,s13_p1
1779334197.0,13,4,0.000000,s13_p4
1779334197.0,13,2,0.000000,s13_p2
1779334197.0,13,3,0.132867,s13_p3
1779334197.0,7,1,0.000000,s7_p1
1779334197.0,7,4,0.106299,s7_p4
1779334197.0,7,2,0.000000,s7_p2
1779334197.0,7,3,0.161865,s7_p3
1779334197.0,12,4,0.000000,s12_p4
1779334197.0,12,1,0.106333,s12_p1
1779334197.0,12,2,0.038666,s12_p2
1779334197.0,12,3,0.000000,s12_p3
1779334197.0,18,4,0.000000,s18_p4
1779334197.0,18,1,0.000000,s18_p1
1779334197.0,18,2,0.000000,s18_p2
1779334197.0,18,3,0.000000,s18_p3
1779334197.0,5,4,0.099046,s5_p4
1779334197.0,5,1,0.000000,s5_p1
1779334197.0,5,2,0.000000,s5_p2
1779334197.0,5,3,0.026573,s5_p3
1779334197.0,17,4,0.000000,s17_p4
1779334197.0,17,1,0.724599,s17_p1
1779334197.0,17,2,0.398529,s17_p2
1779334197.0,17,3,0.000000,s17_p3
1779334197.0,9,1,0.144996,s9_p1
1779334197.0,9,4,0.000000,s9_p4
1779334197.0,9,2,0.000000,s9_p2
1779334197.0,9,3,0.000000,s9_p3
1779334197.0,16,1,0.000000,s16_p1
1779334197.0,16,4,0.531588,s16_p4
1779334197.0,16,2,0.149811,s16_p2
1779334197.0,16,3,0.000000,s16_p3
1779334197.0,2,1,0.101434,s2_p1
1779334197.0,2,4,0.149735,s2_p4
1779334197.0,2,2,0.000000,s2_p2
1779334197.0,2,3,0.000000,s2_p3
1779334197.0,11,4,0.000000,s11_p4
1779334197.0,11,1,0.026575,s11_p1
1779334197.0,11,2,0.053151,s11_p2
1779334197.0,11,3,0.000000,s11_p3
1779334198.0,6,1,0.000000,s6_p1
1779334198.0,6,4,0.258713,s6_p4
1779334198.0,6,2,0.000000,s6_p2
1779334198.0,6,3,0.000000,s6_p3
1779334198.0,19,1,0.000000,s19_p1
1779334198.0,19,4,0.000000,s19_p4
1779334198.0,19,2,0.000000,s19_p2
1779334198.0,19,3,0.000000,s19_p3
1779334198.0,1,4,0.000000,s1_p4
1779334198.0,1,1,0.149824,s1_p1
1779334198.0,1,2,0.038664,s1_p2
1779334198.0,1,3,0.000000,s1_p3
1779334198.0,3,4,0.000000,s3_p4
1779334198.0,3,1,0.106326,s3_p1
1779334198.0,3,2,0.028998,s3_p2
1779334198.0,3,3,0.000000,s3_p3
1779334198.0,14,4,0.990585,s14_p4
1779334198.0,14,1,0.000000,s14_p1
1779334198.0,14,2,0.000000,s14_p2
1779334198.0,14,3,0.000000,s14_p3
1779334198.0,10,4,0.761417,s10_p4
1779334198.0,10,1,0.038675,s10_p1
1779334198.0,10,2,0.099105,s10_p2
1779334198.0,10,3,0.000000,s10_p3
1779334198.0,8,4,0.000000,s8_p4
1779334198.0,8,1,0.000000,s8_p1
1779334198.0,8,2,0.152229,s8_p2
1779334198.0,8,3,0.057992,s8_p3
1779334198.0,4,1,0.050758,s4_p1
1779334198.0,4,4,0.000000,s4_p4
1779334198.0,4,2,0.060427,s4_p2
1779334198.0,4,3,0.000000,s4_p3
1779334198.0,7,1,0.000000,s7_p1
1779334198.0,7,4,0.106353,s7_p4
1779334198.0,7,2,0.000000,s7_p2
1779334198.0,7,3,0.161946,s7_p3
1779334198.0,15,4,0.000000,s15_p4
1779334198.0,15,1,0.000000,s15_p1
1779334198.0,15,2,0.000000,s15_p2
1779334198.0,15,3,1.000000,s15_p3
1779334198.0,13,1,0.000000,s13_p1
1779334198.0,13,4,0.000000,s13_p4
1779334198.0,13,2,0.000000,s13_p2
1779334198.0,13,3,0.145017,s13_p3
1779334198.0,5,4,0.096692,s5_p4
1779334198.0,5,1,0.000000,s5_p1
1779334198.0,5,2,0.000000,s5_p2
1779334198.0,5,3,0.029007,s5_p3
1779334198.0,18,4,0.000000,s18_p4
1779334198.0,18,1,0.000000,s18_p1
1779334198.0,18,2,0.000000,s18_p2
1779334198.0,18,3,0.000000,s18_p3
1779334198.0,20,1,0.688378,s20_p1
1779334198.0,20,4,0.748762,s20_p4
1779334198.0,20,2,0.833300,s20_p2
1779334198.0,20,3,0.000000,s20_p3
1779334198.0,12,4,0.000000,s12_p4
1779334198.0,12,1,0.106302,s12_p1
1779334198.0,12,2,0.060399,s12_p2
1779334198.0,12,3,0.000000,s12_p3
1779334198.0,2,1,0.099062,s2_p1
1779334198.0,2,4,0.149801,s2_p4
1779334198.0,2,2,0.000000,s2_p2
1779334198.0,2,3,0.000000,s2_p3
1779334198.0,17,4,0.000000,s17_p4
1779334198.0,17,1,0.748762,s17_p1
1779334198.0,17,2,0.398534,s17_p2
1779334198.0,17,3,0.000000,s17_p3
1779334198.0,11,4,0.000000,s11_p4
1779334198.0,11,1,0.028991,s11_p1
1779334198.0,11,2,0.050734,s11_p2
1779334198.0,11,3,0.000000,s11_p3
1779334198.0,16,1,0.000000,s16_p1
1779334198.0,16,4,0.543452,s16_p4
1779334198.0,16,2,0.149751,s16_p2
1779334198.0,16,3,0.000000,s16_p3
1779334198.0,9,1,0.149741,s9_p1
1779334198.0,9,4,0.000000,s9_p4
1779334198.0,9,2,0.000000,s9_p2
1779334198.0,9,3,0.000000,s9_p3
1779334198.0,19,1,0.000000,s19_p1
1779334198.0,19,4,0.000000,s19_p4
1779334198.0,19,2,0.000000,s19_p2
1779334198.0,19,3,0.000000,s19_p3
1779334198.0,14,4,1.000000,s14_p4
1779334198.0,14,1,0.000000,s14_p1
1779334198.0,14,2,0.000000,s14_p2
1779334198.0,14,3,0.000000,s14_p3
1779334198.0,1,4,0.000000,s1_p4
1779334198.0,1,1,0.147350,s1_p1
1779334198.0,1,2,0.045896,s1_p2
1779334198.0,1,3,0.000000,s1_p3
1779334198.0,10,4,0.748889,s10_p4
1779334198.0,10,1,0.045900,s10_p1
1779334198.0,10,2,0.067642,s10_p2
1779334198.0,10,3,0.000000,s10_p3
1779334198.0,3,4,0.000000,s3_p4
1779334198.0,3,1,0.108698,s3_p1
1779334198.0,3,2,0.028986,s3_p2
1779334198.0,3,3,0.000000,s3_p3
1779334198.0,6,1,0.000000,s6_p1
1779334198.0,6,4,0.255887,s6_p4
1779334198.0,6,2,0.000000,s6_p2
1779334198.0,6,3,0.000000,s6_p3
1779334198.0,15,4,0.000000,s15_p4
1779334198.0,15,1,0.000000,s15_p1
1779334198.0,15,2,0.000000,s15_p2
1779334198.0,15,3,1.000000,s15_p3
1779334198.0,20,1,0.567876,s20_p1
1779334198.0,20,4,0.749114,s20_p4
1779334198.0,20,2,0.978681,s20_p2
1779334198.0,20,3,0.000000,s20_p3
1779334198.0,13,1,0.000000,s13_p1
1779334198.0,13,4,0.000000,s13_p4
1779334198.0,13,2,0.000000,s13_p2
1779334198.0,13,3,0.144900,s13_p3
1779334198.0,8,4,0.000000,s8_p4
1779334198.0,8,1,0.000000,s8_p1
1779334198.0,8,2,0.149703,s8_p2
1779334198.0,8,3,0.057949,s8_p3
1779334198.0,7,1,0.000000,s7_p1
1779334198.0,7,4,0.108665,s7_p4
1779334198.0,7,2,0.000000,s7_p2
1779334198.0,7,3,0.161791,s7_p3
1779334198.0,4,1,0.053123,s4_p1
1779334198.0,4,4,0.000000,s4_p4
1779334198.0,4,2,0.086928,s4_p2
1779334198.0,4,3,0.000000,s4_p3
1779334198.0,12,4,0.000000,s12_p4
1779334198.0,12,1,0.108673,s12_p1
1779334198.0,12,2,0.086939,s12_p2
1779334198.0,12,3,0.000000,s12_p3
1779334198.0,2,1,0.067658,s2_p1
1779334198.0,2,4,0.149814,s2_p4
1779334198.0,2,2,0.000000,s2_p2
1779334198.0,2,3,0.000000,s2_p3
1779334198.0,11,4,0.000000,s11_p4
1779334198.0,11,1,0.028998,s11_p1
1779334198.0,11,2,0.053163,s11_p2
1779334198.0,11,3,0.000000,s11_p3
1779334198.0,17,4,0.000000,s17_p4
1779334198.0,17,1,0.736973,s17_p1
1779334198.0,17,2,0.410772,s17_p2
1779334198.0,17,3,0.000000,s17_p3
1779334198.0,16,1,0.000000,s16_p1
1779334198.0,16,4,0.531609,s16_p4
1779334198.0,16,2,0.149817,s16_p2
1779334198.0,16,3,0.000000,s16_p3
1779334198.0,9,1,0.147404,s9_p1
1779334198.0,9,4,0.000000,s9_p4
1779334198.0,9,2,0.000000,s9_p2
1779334198.0,9,3,0.000000,s9_p3
1779334198.0,18,4,0.000000,s18_p4
1779334198.0,18,1,0.000000,s18_p1
1779334198.0,18,2,0.000000,s18_p2
1779334198.0,18,3,0.000000,s18_p3
1779334198.0,5,4,0.098972,s5_p4
1779334198.0,5,1,0.000000,s5_p1
1779334198.0,5,2,0.000000,s5_p2
1779334198.0,5,3,0.028968,s5_p3
1779334199.0,19,1,0.000000,s19_p1
1779334199.0,19,4,0.000000,s19_p4
1779334199.0,19,2,0.000000,s19_p2
1779334199.0,19,3,0.000000,s19_p3
1779334199.0,6,1,0.000000,s6_p1
1779334199.0,6,4,0.258877,s6_p4
1779334199.0,6,2,0.000000,s6_p2
1779334199.0,6,3,0.000000,s6_p3
1779334199.0,15,4,0.000000,s15_p4
1779334199.0,15,1,0.000000,s15_p1
1779334199.0,15,2,0.000000,s15_p2
1779334199.0,15,3,0.992203,s15_p3
1779334199.0,14,4,1.000000,s14_p4
1779334199.0,14,1,0.000000,s14_p1
1779334199.0,14,2,0.000000,s14_p2
1779334199.0,14,3,0.000000,s14_p3
1779334199.0,1,4,0.000000,s1_p4
1779334199.0,1,1,0.145067,s1_p1
1779334199.0,1,2,0.055609,s1_p2
1779334199.0,1,3,0.000000,s1_p3
1779334199.0,3,4,0.000000,s3_p4
1779334199.0,3,1,0.106389,s3_p1
1779334199.0,3,2,0.026597,s3_p2
1779334199.0,3,3,0.000000,s3_p3
1779334199.0,10,4,0.749516,s10_p4
1779334199.0,10,1,0.055609,s10_p1
1779334199.0,10,2,0.123308,s10_p2
1779334199.0,10,3,0.000000,s10_p3
1779334199.0,8,4,0.000000,s8_p4
1779334199.0,8,1,0.000000,s8_p1
1779334199.0,8,2,0.149972,s8_p2
1779334199.0,8,3,0.058054,s8_p3
1779334199.0,4,1,0.053214,s4_p1
1779334199.0,4,4,0.000000,s4_p4
1779334199.0,4,2,0.021769,s4_p2
1779334199.0,4,3,0.000000,s4_p3
1779334199.0,20,1,0.894828,s20_p1
1779334199.0,20,4,0.749721,s20_p4
1779334199.0,20,2,0.640891,s20_p2
1779334199.0,20,3,0.000000,s20_p3
1779334199.0,7,1,0.000000,s7_p1
1779334199.0,7,4,0.106417,s7_p4
1779334199.0,7,2,0.000000,s7_p2
1779334199.0,7,3,0.162045,s7_p3
1779334199.0,13,1,0.000000,s13_p1
1779334199.0,13,4,0.000000,s13_p4
1779334199.0,13,2,0.000000,s13_p2
1779334199.0,13,3,0.133010,s13_p3
1779334199.0,12,4,0.000000,s12_p4
1779334199.0,12,1,0.106425,s12_p1
1779334199.0,12,2,0.021769,s12_p2
1779334199.0,12,3,0.000000,s12_p3
1779334199.0,18,4,0.000000,s18_p4
1779334199.0,18,1,0.000000,s18_p1
1779334199.0,18,2,0.000000,s18_p2
1779334199.0,18,3,0.000000,s18_p3
1779334199.0,5,4,0.096769,s5_p4
1779334199.0,5,1,0.000000,s5_p1
1779334199.0,5,2,0.000000,s5_p2
1779334199.0,5,3,0.026611,s5_p3
1779334199.0,16,1,0.000000,s16_p1
1779334199.0,16,4,0.532162,s16_p4
1779334199.0,16,2,0.149973,s16_p2
1779334199.0,16,3,0.000000,s16_p3
1779334199.0,17,4,0.000000,s17_p4
1779334199.0,17,1,0.737737,s17_p1
1779334199.0,17,2,0.399104,s17_p2
1779334199.0,17,3,0.000000,s17_p3
1779334199.0,2,1,0.123343,s2_p1
1779334199.0,2,4,0.149947,s2_p4
1779334199.0,2,2,0.000000,s2_p2
1779334199.0,2,3,0.000000,s2_p3
1779334199.0,11,4,0.000000,s11_p4
1779334199.0,11,1,0.026600,s11_p1
1779334199.0,11,2,0.053201,s11_p2
1779334199.0,11,3,0.000000,s11_p3
1779334199.0,9,1,0.147515,s9_p1
1779334199.0,9,4,0.000000,s9_p4
1779334199.0,9,2,0.000000,s9_p2
1779334199.0,9,3,0.000000,s9_p3
1779334199.0,19,1,0.000000,s19_p1
1779334199.0,19,4,0.000000,s19_p4
1779334199.0,19,2,0.000000,s19_p2
1779334199.0,19,3,0.000000,s19_p3
1779334199.0,1,4,0.116068,s1_p4
1779334199.0,1,1,0.149921,s1_p1
1779334199.0,1,2,0.065288,s1_p2
1779334199.0,1,3,0.000000,s1_p3
1779334199.0,6,1,0.016916,s6_p1
1779334199.0,6,4,0.256160,s6_p4
1779334199.0,6,2,0.045915,s6_p2
1779334199.0,6,3,0.000000,s6_p3
1779334199.0,14,4,1.000000,s14_p4
1779334199.0,14,1,0.019343,s14_p1
1779334199.0,14,2,0.062864,s14_p2
1779334199.0,14,3,0.000000,s14_p3
1779334199.0,15,4,0.000000,s15_p4
1779334199.0,15,1,0.000000,s15_p1
1779334199.0,15,2,0.118412,s15_p2
1779334199.0,15,3,1.000000,s15_p3
1779334199.0,8,4,0.000000,s8_p4
1779334199.0,8,1,0.065280,s8_p1
1779334199.0,8,2,0.157155,s8_p2
1779334199.0,8,3,0.060444,s8_p3
1779334199.0,3,4,0.000000,s3_p4
1779334199.0,3,1,0.149830,s3_p1
1779334199.0,3,2,0.028999,s3_p2
1779334199.0,3,3,0.065248,s3_p3
1779334199.0,10,4,0.930390,s10_p4
1779334199.0,10,1,0.065248,s10_p1
1779334199.0,10,2,0.099081,s10_p2
1779334199.0,10,3,0.000000,s10_p3
1779334199.0,5,4,0.099149,s5_p4
1779334199.0,5,1,0.019346,s5_p1
1779334199.0,5,2,0.074966,s5_p2
1779334199.0,5,3,0.029019,s5_p3
1779334199.0,7,1,0.000000,s7_p1
1779334199.0,7,4,0.200582,s7_p4
1779334199.0,7,2,0.000000,s7_p2
1779334199.0,7,3,0.215082,s7_p3
1779334199.0,4,1,0.094235,s4_p1
1779334199.0,4,4,0.000000,s4_p4
1779334199.0,4,2,0.033828,s4_p2
1779334199.0,4,3,0.074905,s4_p3
1779334199.0,13,1,0.074912,s13_p1
1779334199.0,13,4,0.000000,s13_p4
1779334199.0,13,2,0.000000,s13_p2
1779334199.0,13,3,0.144992,s13_p3
1779334199.0,20,1,0.821544,s20_p1
1779334199.0,20,4,0.519506,s20_p4
1779334199.0,20,2,0.918196,s20_p2
1779334199.0,20,3,0.410772,s20_p3
1779334199.0,12,4,0.000000,s12_p4
1779334199.0,12,1,0.149888,s12_p1
1779334199.0,12,2,0.033846,s12_p2
1779334199.0,12,3,0.000000,s12_p3
1779334199.0,11,4,0.000000,s11_p4
1779334199.0,11,1,0.029009,s11_p1
1779334199.0,11,2,0.094278,s11_p2
1779334199.0,11,3,0.701041,s11_p3
1779334199.0,9,1,0.147459,s9_p1
1779334199.0,9,4,0.000000,s9_p4
1779334199.0,9,2,0.000000,s9_p2
1779334199.0,9,3,0.217563,s9_p3
1779334199.0,16,1,0.000000,s16_p1
1779334199.0,16,4,0.809563,s16_p4
1779334199.0,16,2,0.103914,s16_p2
1779334199.0,16,3,0.000000,s16_p3
1779334199.0,18,4,0.000000,s18_p4
1779334199.0,18,1,0.000000,s18_p1
1779334199.0,18,2,0.000000,s18_p2
1779334199.0,18,3,0.000000,s18_p3
1779334199.0,2,1,0.099081,s2_p1
1779334199.0,2,4,0.181246,s2_p4
1779334199.0,2,2,0.000000,s2_p2
1779334199.0,2,3,0.043499,s2_p3
1779334199.0,17,4,0.326229,s17_p4
1779334199.0,17,1,0.737036,s17_p1
1779334199.0,17,2,0.616210,s17_p2
1779334199.0,17,3,0.374559,s17_p3
1779334200.0,3,4,0.000000,s3_p4
1779334200.0,3,1,0.147244,s3_p1
1779334200.0,3,2,0.026552,s3_p2
1779334200.0,3,3,0.091726,s3_p3
1779334200.0,15,4,0.000000,s15_p4
1779334200.0,15,1,0.000000,s15_p1
1779334200.0,15,2,0.171205,s15_p2
1779334200.0,15,3,1.000000,s15_p3
1779334200.0,1,4,0.185564,s1_p4
1779334200.0,1,1,0.151825,s1_p1
1779334200.0,1,2,0.043379,s1_p2
1779334200.0,1,3,0.000000,s1_p3
1779334200.0,10,4,1.000000,s10_p4
1779334200.0,10,1,0.043406,s10_p1
1779334200.0,10,2,0.084400,s10_p2
1779334200.0,10,3,0.000000,s10_p3
1779334200.0,6,1,0.026509,s6_p1
1779334200.0,6,4,0.260270,s6_p4
1779334200.0,6,2,0.067477,s6_p2
1779334200.0,6,3,0.000000,s6_p3
1779334200.0,7,1,0.000000,s7_p1
1779334200.0,7,4,0.267807,s7_p4
1779334200.0,7,2,0.000000,s7_p2
1779334200.0,7,3,0.241267,s7_p3
1779334200.0,5,4,0.098830,s5_p4
1779334200.0,5,1,0.012052,s5_p1
1779334200.0,5,2,0.098830,s5_p2
1779334200.0,5,3,0.028926,s5_p3
1779334200.0,13,1,0.098837,s13_p1
1779334200.0,13,4,0.000000,s13_p4
1779334200.0,13,2,0.000000,s13_p2
1779334200.0,13,3,0.132586,s13_p3
1779334200.0,12,4,0.000000,s12_p4
1779334200.0,12,1,0.147051,s12_p1
1779334200.0,12,2,0.053035,s12_p2
1779334200.0,12,3,0.000000,s12_p3
1779334200.0,20,1,0.638800,s20_p1
1779334200.0,20,4,0.470060,s20_p4
1779334200.0,20,2,1.000000,s20_p2
1779334200.0,20,3,0.530324,s20_p3
1779334200.0,17,4,0.458268,s17_p4
1779334200.0,17,1,0.759761,s17_p1
1779334200.0,17,2,0.723581,s17_p2
1779334200.0,17,3,0.494447,s17_p3
1779334200.0,2,1,0.084412,s2_p1
1779334200.0,2,4,0.192942,s2_p4
1779334200.0,2,2,0.000000,s2_p2
1779334200.0,2,3,0.067530,s2_p3
1779334200.0,18,4,0.000000,s18_p4
1779334200.0,18,1,0.000000,s18_p1
1779334200.0,18,2,0.000000,s18_p2
1779334200.0,18,3,0.000000,s18_p3
1779334200.0,4,1,0.115687,s4_p1
1779334200.0,4,4,0.000000,s4_p4
1779334200.0,4,2,0.053023,s4_p2
1779334200.0,4,3,0.098816,s4_p3
1779334200.0,14,4,0.998567,s14_p4
1779334200.0,14,1,0.012031,s14_p1
1779334200.0,14,2,0.093841,s14_p2
1779334200.0,14,3,0.000000,s14_p3
1779334200.0,16,1,0.000000,s16_p1
1779334200.0,16,4,1.000000,s16_p4
1779334200.0,16,2,0.094002,s16_p2
1779334200.0,16,3,0.000000,s16_p3
1779334200.0,8,4,0.000000,s8_p4
1779334200.0,8,1,0.091473,s8_p1
1779334200.0,8,2,0.173317,s8_p2
1779334200.0,8,3,0.057772,s8_p3
1779334200.0,9,1,0.151837,s9_p1
1779334200.0,9,4,0.000000,s9_p4
1779334200.0,9,2,0.000000,s9_p2
1779334200.0,9,3,0.337416,s9_p3
1779334200.0,11,4,0.000000,s11_p4
1779334200.0,11,1,0.028919,s11_p1
1779334200.0,11,2,0.115676,s11_p2
1779334200.0,11,3,0.951920,s11_p3
1779334200.0,19,1,0.000000,s19_p1
1779334200.0,19,4,0.000000,s19_p4
1779334200.0,19,2,0.000000,s19_p2
1779334200.0,19,3,0.000000,s19_p3
1779334200.0,19,1,0.000000,s19_p1
1779334200.0,19,4,0.000000,s19_p4
1779334200.0,19,2,0.000000,s19_p2
1779334200.0,19,3,0.000000,s19_p3
1779334200.0,6,1,0.026595,s6_p1
1779334200.0,6,4,0.200674,s6_p4
1779334200.0,6,2,0.080330,s6_p2
1779334200.0,6,3,0.000317,s6_p3
1779334200.0,1,4,0.188597,s1_p4
1779334200.0,1,1,0.104271,s1_p1
1779334200.0,1,2,0.077361,s1_p2
1779334200.0,1,3,0.002446,s1_p3
1779334200.0,3,4,0.001629,s3_p4
1779334200.0,3,1,0.132830,s3_p1
1779334200.0,3,2,0.007245,s3_p2
1779334200.0,3,3,0.089630,s3_p3
1779334200.0,10,4,1.000000,s10_p4
1779334200.0,10,1,0.077651,s10_p1
1779334200.0,10,2,0.057486,s10_p2
1779334200.0,10,3,0.000000,s10_p3
1779334200.0,14,4,0.992394,s14_p4
1779334200.0,14,1,0.026382,s14_p1
1779334200.0,14,2,0.107045,s14_p2
1779334200.0,14,3,0.000000,s14_p3
1779334200.0,15,4,0.000000,s15_p4
1779334200.0,15,1,0.002445,s15_p1
1779334200.0,15,2,0.173486,s15_p2
1779334200.0,15,3,0.782713,s15_p3
1779334200.0,13,1,0.101838,s13_p1
1779334200.0,13,4,0.000000,s13_p4
1779334200.0,13,2,0.000000,s13_p2
1779334200.0,13,3,0.037857,s13_p3
1779334200.0,4,1,0.120412,s4_p1
1779334200.0,4,4,0.000544,s4_p4
1779334200.0,4,2,0.065619,s4_p2
1779334200.0,4,3,0.104029,s4_p3
1779334200.0,12,4,0.010871,s12_p4
1779334200.0,12,1,0.132946,s12_p1
1779334200.0,12,2,0.065264,s12_p2
1779334200.0,12,3,0.000000,s12_p3
1779334200.0,18,4,0.000000,s18_p4
1779334200.0,18,1,0.000000,s18_p1
1779334200.0,18,2,0.000000,s18_p2
1779334200.0,18,3,0.000000,s18_p3
1779334200.0,20,1,0.675770,s20_p1
1779334200.0,20,4,0.346533,s20_p4
1779334200.0,20,2,0.990971,s20_p2
1779334200.0,20,3,0.666178,s20_p3
1779334200.0,7,1,0.002443,s7_p1
1779334200.0,7,4,0.254589,s7_p4
1779334200.0,7,2,0.001629,s7_p2
1779334200.0,7,3,0.132799,s7_p3
1779334200.0,8,4,0.002447,s8_p4
1779334200.0,8,1,0.091932,s8_p1
1779334200.0,8,2,0.149429,s8_p2
1779334200.0,8,3,0.043015,s8_p3
1779334200.0,5,4,0.096138,s5_p4
1779334200.0,5,1,0.024436,s5_p1
1779334200.0,5,2,0.103662,s5_p2
1779334200.0,5,3,0.004833,s5_p3
1779334200.0,2,1,0.055568,s2_p1
1779334200.0,2,4,0.131280,s2_p4
1779334200.0,2,2,0.001901,s2_p2
1779334200.0,2,3,0.069547,s2_p3
1779334200.0,17,4,0.492924,s17_p4
1779334200.0,17,1,0.519382,s17_p1
1779334200.0,17,2,0.627083,s17_p2
1779334200.0,17,3,0.508661,s17_p3
1779334200.0,9,1,0.103943,s9_p1
1779334200.0,9,4,0.000000,s9_p4
1779334200.0,9,2,0.000000,s9_p2
1779334200.0,9,3,0.360144,s9_p3
1779334200.0,16,1,0.001631,s16_p1
1779334200.0,16,4,1.000000,s16_p4
1779334200.0,16,2,0.067678,s16_p2
1779334200.0,16,3,0.000000,s16_p3
1779334200.0,11,4,0.000000,s11_p4
1779334200.0,11,1,0.004834,s11_p1
1779334200.0,11,2,0.120646,s11_p2
1779334200.0,11,3,0.980366,s11_p3
1779334201.0,19,1,0.000000,s19_p1
1779334201.0,19,4,0.000000,s19_p4
1779334201.0,19,2,0.000000,s19_p2
1779334201.0,19,3,0.000000,s19_p3
1779334201.0,3,4,0.000814,s3_p4
1779334201.0,3,1,0.178112,s3_p1
1779334201.0,3,2,0.000000,s3_p2
1779334201.0,3,3,0.091729,s3_p3
1779334201.0,14,4,0.343389,s14_p4
1779334201.0,14,1,0.028977,s14_p1
1779334201.0,14,2,0.163963,s14_p2
1779334201.0,14,3,0.000000,s14_p3
1779334201.0,1,4,0.181029,s1_p4
1779334201.0,1,1,0.000000,s1_p1
1779334201.0,1,2,0.023304,s1_p2
1779334201.0,1,3,0.000000,s1_p3
1779334201.0,6,1,0.052856,s6_p1
1779334201.0,6,4,0.016378,s6_p4
1779334201.0,6,2,0.111024,s6_p2
1779334201.0,6,3,0.000000,s6_p3
1779334201.0,4,1,0.067579,s4_p1
1779334201.0,4,4,0.000000,s4_p4
1779334201.0,4,2,0.021722,s4_p2
1779334201.0,4,3,0.098955,s4_p3
1779334201.0,15,4,0.000000,s15_p4
1779334201.0,15,1,0.000000,s15_p1
1779334201.0,15,2,0.168882,s15_p2
1779334201.0,15,3,0.000000,s15_p3
1779334201.0,20,1,0.332643,s20_p1
1779334201.0,20,4,0.028218,s20_p4
1779334201.0,20,2,0.999461,s20_p2
1779334201.0,20,3,0.964616,s20_p3
1779334201.0,12,4,0.004072,s12_p4
1779334201.0,12,1,0.178138,s12_p1
1779334201.0,12,2,0.021728,s12_p2
1779334201.0,12,3,0.000000,s12_p3
1779334201.0,18,4,0.000000,s18_p4
1779334201.0,18,1,0.000000,s18_p1
1779334201.0,18,2,0.000000,s18_p2
1779334201.0,18,3,0.000000,s18_p3
1779334201.0,7,1,0.000000,s7_p1
1779334201.0,7,4,0.162088,s7_p4
1779334201.0,7,2,0.000814,s7_p2
1779334201.0,7,3,0.077264,s7_p3
1779334201.0,10,4,0.987759,s10_p4
1779334201.0,10,1,0.023288,s10_p1
1779334201.0,10,2,0.043173,s10_p2
1779334201.0,10,3,0.000000,s10_p3
1779334201.0,8,4,0.000000,s8_p4
1779334201.0,8,1,0.091746,s8_p1
1779334201.0,8,2,0.082089,s8_p2
1779334201.0,8,3,0.000000,s8_p3
1779334201.0,13,1,0.098925,s13_p1
1779334201.0,13,4,0.000000,s13_p4
1779334201.0,13,2,0.000000,s13_p2
1779334201.0,13,3,0.000000,s13_p3
1779334201.0,2,1,0.042929,s2_p1
1779334201.0,2,4,0.045075,s2_p4
1779334201.0,2,2,0.000271,s2_p2
1779334201.0,2,3,0.067583,s2_p3
1779334201.0,11,4,0.000000,s11_p4
1779334201.0,11,1,0.000000,s11_p1
1779334201.0,11,2,0.067596,s11_p2
1779334201.0,11,3,0.941511,s11_p3
1779334201.0,9,1,0.000000,s9_p1
1779334201.0,9,4,0.000000,s9_p4
1779334201.0,9,2,0.000000,s9_p2
1779334201.0,9,3,0.337916,s9_p3
1779334201.0,16,1,0.000814,s16_p1
1779334201.0,16,4,1.000000,s16_p4
1779334201.0,16,2,0.004827,s16_p2
1779334201.0,16,3,0.000000,s16_p3
1779334201.0,5,4,0.000000,s5_p4
1779334201.0,5,1,0.028948,s5_p1
1779334201.0,5,2,0.098907,s5_p2
1779334201.0,5,3,0.000000,s5_p3
1779334201.0,17,4,0.446474,s17_p4
1779334201.0,17,1,0.000000,s17_p1
1779334201.0,17,2,0.337872,s17_p2
1779334201.0,17,3,0.494741,s17_p3
1779334201.0,19,1,0.000000,s19_p1
1779334201.0,19,4,0.000000,s19_p4
1779334201.0,19,2,0.000000,s19_p2
1779334201.0,19,3,0.000000,s19_p3
1779334201.0,1,4,0.185906,s1_p4
1779334201.0,1,1,0.000000,s1_p1
1779334201.0,1,2,0.000000,s1_p2
1779334201.0,1,3,0.000000,s1_p3
1779334201.0,6,1,0.045870,s6_p1
1779334201.0,6,4,0.000000,s6_p4
1779334201.0,6,2,0.115883,s6_p2
1779334201.0,6,3,0.000000,s6_p3
1779334201.0,14,4,0.000000,s14_p4
1779334201.0,14,1,0.038624,s14_p1
1779334201.0,14,2,0.161739,s14_p2
1779334201.0,14,3,0.000000,s14_p3
1779334201.0,3,4,0.000000,s3_p4
1779334201.0,3,1,0.200348,s3_p1
1779334201.0,3,2,0.000000,s3_p2
1779334201.0,3,3,0.091726,s3_p3
1779334201.0,10,4,1.000000,s10_p4
1779334201.0,10,1,0.000000,s10_p1
1779334201.0,10,2,0.000000,s10_p2
1779334201.0,10,3,0.000000,s10_p3
1779334201.0,13,1,0.101437,s13_p1
1779334201.0,13,4,0.000000,s13_p4
1779334201.0,13,2,0.000000,s13_p2
1779334201.0,13,3,0.000000,s13_p3
1779334201.0,15,4,0.000000,s15_p4
1779334201.0,15,1,0.000000,s15_p1
1779334201.0,15,2,0.171439,s15_p2
1779334201.0,15,3,0.000000,s15_p3
1779334201.0,8,4,0.000000,s8_p4
1779334201.0,8,1,0.091769,s8_p1
1779334201.0,8,2,0.079694,s8_p2
1779334201.0,8,3,0.000000,s8_p3
1779334201.0,20,1,0.000000,s20_p1
1779334201.0,20,4,0.000000,s20_p4
1779334201.0,20,2,1.000000,s20_p2
1779334201.0,20,3,1.000000,s20_p3
1779334201.0,7,1,0.000000,s7_p1
1779334201.0,7,4,0.161748,s7_p4
1779334201.0,7,2,0.000000,s7_p2
1779334201.0,7,3,0.079667,s7_p3
1779334201.0,4,1,0.067584,s4_p1
1779334201.0,4,4,0.000000,s4_p4
1779334201.0,4,2,0.000000,s4_p2
1779334201.0,4,3,0.101376,s4_p3
1779334201.0,12,4,0.000000,s12_p4
1779334201.0,12,1,0.200252,s12_p1
1779334201.0,12,2,0.000000,s12_p2
1779334201.0,12,3,0.000000,s12_p3
1779334201.0,18,4,0.000000,s18_p4
1779334201.0,18,1,0.000000,s18_p1
1779334201.0,18,2,0.000000,s18_p2
1779334201.0,18,3,0.000000,s18_p3
1779334201.0,5,4,0.000000,s5_p4
1779334201.0,5,1,0.038636,s5_p1
1779334201.0,5,2,0.101420,s5_p2
1779334201.0,5,3,0.000000,s5_p3
1779334201.0,17,4,0.458657,s17_p4
1779334201.0,17,1,0.000000,s17_p1
1779334201.0,17,2,0.337958,s17_p2
1779334201.0,17,3,0.506937,s17_p3
1779334201.0,2,1,0.000000,s2_p1
1779334201.0,2,4,0.041027,s2_p4
1779334201.0,2,2,0.000000,s2_p2
1779334201.0,2,3,0.067575,s2_p3
1779334201.0,16,1,0.000000,s16_p1
1779334201.0,16,4,0.832695,s16_p4
1779334201.0,16,2,0.000000,s16_p2
1779334201.0,16,3,0.000000,s16_p3
1779334201.0,9,1,0.000000,s9_p1
1779334201.0,9,4,0.000000,s9_p4
1779334201.0,9,2,0.000000,s9_p2
1779334201.0,9,3,0.337832,s9_p3
1779334201.0,11,4,0.000000,s11_p4
1779334201.0,11,1,0.000000,s11_p1
1779334201.0,11,2,0.067560,s11_p2
1779334201.0,11,3,0.965150,s11_p3
1779334202.0,10,4,1.000000,s10_p4
1779334202.0,10,1,0.000000,s10_p1
1779334202.0,10,2,0.000000,s10_p2
1779334202.0,10,3,0.000000,s10_p3
1779334202.0,8,4,0.000000,s8_p4
1779334202.0,8,1,0.091953,s8_p1
1779334202.0,8,2,0.077434,s8_p2
1779334202.0,8,3,0.000000,s8_p3
1779334202.0,15,4,0.000000,s15_p4
1779334202.0,15,1,0.000000,s15_p1
1779334202.0,15,2,0.169375,s15_p2
1779334202.0,15,3,0.000000,s15_p3
1779334202.0,4,1,0.067759,s4_p1
1779334202.0,4,4,0.000000,s4_p4
1779334202.0,4,2,0.000000,s4_p2
1779334202.0,4,3,0.099218,s4_p3
1779334202.0,7,1,0.000000,s7_p1
1779334202.0,7,4,0.162129,s7_p4
1779334202.0,7,2,0.000000,s7_p2
1779334202.0,7,3,0.077435,s7_p3
1779334202.0,20,1,0.000000,s20_p1
1779334202.0,20,4,0.000000,s20_p4
1779334202.0,20,2,0.943603,s20_p2
1779334202.0,20,3,1.000000,s20_p3
1779334202.0,6,1,0.055560,s6_p1
1779334202.0,6,4,0.000000,s6_p4
1779334202.0,6,2,0.108704,s6_p2
1779334202.0,6,3,0.000000,s6_p3
1779334202.0,18,4,0.000000,s18_p4
1779334202.0,18,1,0.000000,s18_p1
1779334202.0,18,2,0.000000,s18_p2
1779334202.0,18,3,0.000000,s18_p3
1779334202.0,17,4,0.459648,s17_p4
1779334202.0,17,1,0.000000,s17_p1
1779334202.0,17,2,0.338688,s17_p2
1779334202.0,17,3,0.495936,s17_p3
1779334202.0,12,4,0.000000,s12_p4
1779334202.0,12,1,0.188600,s12_p1
1779334202.0,12,2,0.000000,s12_p2
1779334202.0,12,3,0.000000,s12_p3
1779334202.0,13,1,0.099044,s13_p1
1779334202.0,13,4,0.000000,s13_p4
1779334202.0,13,2,0.000000,s13_p2
1779334202.0,13,3,0.000000,s13_p3
1779334202.0,5,4,0.000000,s5_p4
1779334202.0,5,1,0.036272,s5_p1
1779334202.0,5,2,0.099144,s5_p2
1779334202.0,5,3,0.000000,s5_p3
1779334202.0,2,1,0.000000,s2_p1
1779334202.0,2,4,0.041124,s2_p4
1779334202.0,2,2,0.000000,s2_p2
1779334202.0,2,3,0.067734,s2_p3
1779334202.0,19,1,0.000000,s19_p1
1779334202.0,19,4,0.000000,s19_p4
1779334202.0,19,2,0.000000,s19_p2
1779334202.0,19,3,0.000000,s19_p3
1779334202.0,16,1,0.000000,s16_p1
1779334202.0,16,4,0.810022,s16_p4
1779334202.0,16,2,0.000000,s16_p2
1779334202.0,16,3,0.000000,s16_p3
1779334202.0,1,4,0.185766,s1_p4
1779334202.0,1,1,0.000000,s1_p1
1779334202.0,1,2,0.000000,s1_p2
1779334202.0,1,3,0.000000,s1_p3
1779334202.0,9,1,0.000000,s9_p1
1779334202.0,9,4,0.000000,s9_p4
1779334202.0,9,2,0.000000,s9_p2
1779334202.0,9,3,0.350647,s9_p3
1779334202.0,11,4,0.000000,s11_p4
1779334202.0,11,1,0.000000,s11_p1
1779334202.0,11,2,0.067713,s11_p2
1779334202.0,11,3,0.955241,s11_p3
1779334202.0,3,4,0.000000,s3_p4
1779334202.0,3,1,0.188150,s3_p1
1779334202.0,3,2,0.000000,s3_p2
1779334202.0,3,3,0.091663,s3_p3
1779334202.0,14,4,0.000000,s14_p4
1779334202.0,14,1,0.036180,s14_p1
1779334202.0,14,2,0.164017,s14_p2
1779334202.0,14,3,0.000000,s14_p3
1779334202.0,19,1,0.000000,s19_p1
1779334202.0,19,4,0.000000,s19_p4
1779334202.0,19,2,0.000000,s19_p2
1779334202.0,19,3,0.000000,s19_p3
1779334202.0,1,4,0.181427,s1_p4
1779334202.0,1,1,0.000000,s1_p1
1779334202.0,1,2,0.000000,s1_p2
1779334202.0,1,3,0.000000,s1_p3
1779334202.0,6,1,0.048319,s6_p1
1779334202.0,6,4,0.000000,s6_p4
1779334202.0,6,2,0.118381,s6_p2
1779334202.0,6,3,0.000000,s6_p3
1779334202.0,10,4,1.000000,s10_p4
1779334202.0,10,1,0.000000,s10_p1
1779334202.0,10,2,0.000000,s10_p2
1779334202.0,10,3,0.000000,s10_p3
1779334202.0,3,4,0.000000,s3_p4
1779334202.0,3,1,0.162068,s3_p1
1779334202.0,3,2,0.000000,s3_p2
1779334202.0,3,3,0.091919,s3_p3
1779334202.0,13,1,0.101465,s13_p1
1779334202.0,13,4,0.000000,s13_p4
1779334202.0,13,2,0.000000,s13_p2
1779334202.0,13,3,0.000000,s13_p3
1779334202.0,7,1,0.000000,s7_p1
1779334202.0,7,4,0.161628,s7_p4
1779334202.0,7,2,0.000000,s7_p2
1779334202.0,7,3,0.079608,s7_p3
1779334202.0,15,4,0.000000,s15_p4
1779334202.0,15,1,0.000000,s15_p1
1779334202.0,15,2,0.171235,s15_p2
1779334202.0,15,3,0.000000,s15_p3
1779334202.0,8,4,0.000000,s8_p4
1779334202.0,8,1,0.091641,s8_p1
1779334202.0,8,2,0.079583,s8_p2
1779334202.0,8,3,0.000000,s8_p3
1779334202.0,20,1,0.000000,s20_p1
1779334202.0,20,4,0.000000,s20_p4
1779334202.0,20,2,0.807896,s20_p2
1779334202.0,20,3,1.000000,s20_p3
1779334202.0,17,4,0.458736,s17_p4
1779334202.0,17,1,0.000000,s17_p1
1779334202.0,17,2,0.350088,s17_p2
1779334202.0,17,3,0.507024,s17_p3
1779334202.0,12,4,0.000000,s12_p4
1779334202.0,12,1,0.161766,s12_p1
1779334202.0,12,2,0.000000,s12_p2
1779334202.0,12,3,0.000000,s12_p3
1779334202.0,18,4,0.000000,s18_p4
1779334202.0,18,1,0.000000,s18_p1
1779334202.0,18,2,0.000000,s18_p2
1779334202.0,18,3,0.000000,s18_p3
1779334202.0,4,1,0.069894,s4_p1
1779334202.0,4,4,0.000000,s4_p4
1779334202.0,4,2,0.000000,s4_p2
1779334202.0,4,3,0.101225,s4_p3
1779334202.0,2,1,0.000000,s2_p1
1779334202.0,2,4,0.043443,s2_p4
1779334202.0,2,2,0.000000,s2_p2
1779334202.0,2,3,0.069991,s2_p3
1779334202.0,5,4,0.000000,s5_p4
1779334202.0,5,1,0.033787,s5_p1
1779334202.0,5,2,0.101361,s5_p2
1779334202.0,5,3,0.000000,s5_p3
1779334202.0,16,1,0.000000,s16_p1
1779334202.0,16,4,0.808865,s16_p4
1779334202.0,16,2,0.000000,s16_p2
1779334202.0,16,3,0.000000,s16_p3
1779334202.0,11,4,0.000000,s11_p4
1779334202.0,11,1,0.000000,s11_p1
1779334202.0,11,2,0.070025,s11_p2
1779334202.0,11,3,0.965868,s11_p3
1779334202.0,9,1,0.000000,s9_p1
1779334202.0,9,4,0.000000,s9_p4
1779334202.0,9,2,0.000000,s9_p2
1779334202.0,9,3,0.338034,s9_p3
1779334202.0,14,4,0.000000,s14_p4
1779334202.0,14,1,0.033808,s14_p1
1779334202.0,14,2,0.166626,s14_p2
1779334202.0,14,3,0.000000,s14_p3
1779334203.0,19,1,0.000000,s19_p1
1779334203.0,19,4,0.000000,s19_p4
1779334203.0,19,2,0.000000,s19_p2
1779334203.0,19,3,0.000000,s19_p3
1779334203.0,6,1,0.053166,s6_p1
1779334203.0,6,4,0.000000,s6_p4
1779334203.0,6,2,0.106333,s6_p2
1779334203.0,6,3,0.000000,s6_p3
1779334203.0,1,4,0.186057,s1_p4
1779334203.0,1,1,0.000000,s1_p1
1779334203.0,1,2,0.000000,s1_p2
1779334203.0,1,3,0.000000,s1_p3
1779334203.0,14,4,0.000000,s14_p4
1779334203.0,14,1,0.041155,s14_p1
1779334203.0,14,2,0.159778,s14_p2
1779334203.0,14,3,0.000000,s14_p3
1779334203.0,3,4,0.000000,s3_p4
1779334203.0,3,1,0.161895,s3_p1
1779334203.0,3,2,0.000000,s3_p2
1779334203.0,3,3,0.091821,s3_p3
1779334203.0,10,4,1.000000,s10_p4
1779334203.0,10,1,0.000000,s10_p1
1779334203.0,10,2,0.000000,s10_p2
1779334203.0,10,3,0.000000,s10_p3
1779334203.0,15,4,0.000000,s15_p4
1779334203.0,15,1,0.000000,s15_p1
1779334203.0,15,2,0.171445,s15_p2
1779334203.0,15,3,0.000000,s15_p3
1779334203.0,7,1,0.000000,s7_p1
1779334203.0,7,4,0.161765,s7_p4
1779334203.0,7,2,0.000000,s7_p2
1779334203.0,7,3,0.079675,s7_p3
1779334203.0,13,1,0.098982,s13_p1
1779334203.0,13,4,0.000000,s13_p4
1779334203.0,13,2,0.000000,s13_p2
1779334203.0,13,3,0.000000,s13_p3
1779334203.0,8,4,0.000000,s8_p4
1779334203.0,8,1,0.091747,s8_p1
1779334203.0,8,2,0.079675,s8_p2
1779334203.0,8,3,0.000000,s8_p3
1779334203.0,4,1,0.067622,s4_p1
1779334203.0,4,4,0.000000,s4_p4
1779334203.0,4,2,0.000000,s4_p2
1779334203.0,4,3,0.099018,s4_p3
1779334203.0,18,4,0.000000,s18_p4
1779334203.0,18,1,0.000000,s18_p1
1779334203.0,18,2,0.000000,s18_p2
1779334203.0,18,3,0.000000,s18_p3
1779334203.0,12,4,0.000000,s12_p4
1779334203.0,12,1,0.161728,s12_p1
1779334203.0,12,2,0.000000,s12_p2
1779334203.0,12,3,0.000000,s12_p3
1779334203.0,20,1,0.000000,s20_p1
1779334203.0,20,4,0.000000,s20_p4
1779334203.0,20,2,0.808555,s20_p2
1779334203.0,20,3,1.000000,s20_p3
1779334203.0,5,4,0.000000,s5_p4
1779334203.0,5,1,0.041054,s5_p1
1779334203.0,5,2,0.099012,s5_p2
1779334203.0,5,3,0.000000,s5_p3
1779334203.0,2,1,0.000000,s2_p1
1779334203.0,2,4,0.041050,s2_p4
1779334203.0,2,2,0.000000,s2_p2
1779334203.0,2,3,0.067612,s2_p3
1779334203.0,17,4,0.458558,s17_p4
1779334203.0,17,1,0.000000,s17_p1
1779334203.0,17,2,0.337885,s17_p2
1779334203.0,17,3,0.494760,s17_p3
1779334203.0,16,1,0.000000,s16_p1
1779334203.0,16,4,0.808716,s16_p4
1779334203.0,16,2,0.000000,s16_p2
1779334203.0,16,3,0.000000,s16_p3
1779334203.0,11,4,0.000000,s11_p4
1779334203.0,11,1,0.000000,s11_p1
1779334203.0,11,2,0.067593,s11_p2
1779334203.0,11,3,0.953550,s11_p3
1779334203.0,9,1,0.000000,s9_p1
1779334203.0,9,4,0.000000,s9_p4
1779334203.0,9,2,0.000000,s9_p2
1779334203.0,9,3,0.337968,s9_p3
1779334203.0,1,4,0.185873,s1_p4
1779334203.0,1,1,0.000000,s1_p1
1779334203.0,1,2,0.000000,s1_p2
1779334203.0,1,3,0.000000,s1_p3
1779334203.0,10,4,0.989438,s10_p4
1779334203.0,10,1,0.000000,s10_p1
1779334203.0,10,2,0.000000,s10_p2
1779334203.0,10,3,0.000000,s10_p3
1779334203.0,14,4,0.000000,s14_p4
1779334203.0,14,1,0.031357,s14_p1
1779334203.0,14,2,0.166433,s14_p2
1779334203.0,14,3,0.000000,s14_p3
1779334203.0,3,4,0.000000,s3_p4
1779334203.0,3,1,0.161623,s3_p1
1779334203.0,3,2,0.000000,s3_p2
1779334203.0,3,3,0.091667,s3_p3
1779334203.0,15,4,0.000000,s15_p4
1779334203.0,15,1,0.000000,s15_p1
1779334203.0,15,2,0.169055,s15_p2
1779334203.0,15,3,0.000000,s15_p3
1779334203.0,19,1,0.000000,s19_p1
1779334203.0,19,4,0.000000,s19_p4
1779334203.0,19,2,0.000000,s19_p2
1779334203.0,19,3,0.000000,s19_p3
1779334203.0,8,4,0.000000,s8_p4
1779334203.0,8,1,0.091783,s8_p1
1779334203.0,8,2,0.077291,s8_p2
1779334203.0,8,3,0.000000,s8_p3
1779334203.0,13,1,0.101440,s13_p1
1779334203.0,13,4,0.000000,s13_p4
1779334203.0,13,2,0.000000,s13_p2
1779334203.0,13,3,0.000000,s13_p3
1779334203.0,6,1,0.048221,s6_p1
1779334203.0,6,4,0.000000,s6_p4
1779334203.0,6,2,0.118141,s6_p2
1779334203.0,6,3,0.000000,s6_p3
1779334203.0,18,4,0.000000,s18_p4
1779334203.0,18,1,0.000000,s18_p1
1779334203.0,18,2,0.000000,s18_p2
1779334203.0,18,3,0.000000,s18_p3
1779334203.0,7,1,0.000000,s7_p1
1779334203.0,7,4,0.161652,s7_p4
1779334203.0,7,2,0.000000,s7_p2
1779334203.0,7,3,0.077207,s7_p3
1779334203.0,4,1,0.067591,s4_p1
1779334203.0,4,4,0.000000,s4_p4
1779334203.0,4,2,0.000000,s4_p2
1779334203.0,4,3,0.101387,s4_p3
1779334203.0,17,4,0.458748,s17_p4
1779334203.0,17,1,0.000000,s17_p1
1779334203.0,17,2,0.338025,s17_p2
1779334203.0,17,3,0.507037,s17_p3
1779334203.0,9,1,0.000000,s9_p1
1779334203.0,9,4,0.000000,s9_p4
1779334203.0,9,2,0.000000,s9_p2
1779334203.0,9,3,0.338131,s9_p3
1779334203.0,12,4,0.000000,s12_p4
1779334203.0,12,1,0.161733,s12_p1
1779334203.0,12,2,0.000000,s12_p2
1779334203.0,12,3,0.000000,s12_p3
1779334203.0,11,4,0.000000,s11_p4
1779334203.0,11,1,0.000000,s11_p1
1779334203.0,11,2,0.067620,s11_p2
1779334203.0,11,3,0.966001,s11_p3
1779334203.0,20,1,0.000000,s20_p1
1779334203.0,20,4,0.000000,s20_p4
1779334203.0,20,2,0.808631,s20_p2
1779334203.0,20,3,1.000000,s20_p3
1779334203.0,16,1,0.000000,s16_p1
1779334203.0,16,4,0.808917,s16_p4
1779334203.0,16,2,0.000000,s16_p2
1779334203.0,16,3,0.000000,s16_p3
1779334203.0,2,1,0.000000,s2_p1
1779334203.0,2,4,0.043450,s2_p4
1779334203.0,2,2,0.000000,s2_p2
1779334203.0,2,3,0.067588,s2_p3
1779334203.0,5,4,0.000000,s5_p4
1779334203.0,5,1,0.033791,s5_p1
1779334203.0,5,2,0.101372,s5_p2
1779334203.0,5,3,0.000000,s5_p3
1779334204.0,19,1,0.000000,s19_p1
1779334204.0,19,4,0.000000,s19_p4
1779334204.0,19,2,0.000000,s19_p2
1779334204.0,19,3,0.000000,s19_p3
1779334204.0,6,1,0.053192,s6_p1
1779334204.0,6,4,0.000000,s6_p4
1779334204.0,6,2,0.106383,s6_p2
1779334204.0,6,3,0.000000,s6_p3
1779334204.0,1,4,0.181117,s1_p4
1779334204.0,1,1,0.000000,s1_p1
1779334204.0,1,2,0.000000,s1_p2
1779334204.0,1,3,0.000000,s1_p3
1779334204.0,3,4,0.000000,s3_p4
1779334204.0,3,1,0.161910,s3_p1
1779334204.0,3,2,0.000000,s3_p2
1779334204.0,3,3,0.091829,s3_p3
1779334204.0,8,4,0.000000,s8_p4
1779334204.0,8,1,0.091830,s8_p1
1779334204.0,8,2,0.079747,s8_p2
1779334204.0,8,3,0.000000,s8_p3
1779334204.0,14,4,0.000000,s14_p4
1779334204.0,14,1,0.041074,s14_p1
1779334204.0,14,2,0.159463,s14_p2
1779334204.0,14,3,0.000000,s14_p3
1779334204.0,10,4,1.000000,s10_p4
1779334204.0,10,1,0.000000,s10_p1
1779334204.0,10,2,0.000000,s10_p2
1779334204.0,10,3,0.000000,s10_p3
1779334204.0,7,1,0.000000,s7_p1
1779334204.0,7,4,0.162033,s7_p4
1779334204.0,7,2,0.000000,s7_p2
1779334204.0,7,3,0.079807,s7_p3
1779334204.0,15,4,0.000000,s15_p4
1779334204.0,15,1,0.000000,s15_p1
1779334204.0,15,2,0.171511,s15_p2
1779334204.0,15,3,0.000000,s15_p3
1779334204.0,4,1,0.067661,s4_p1
1779334204.0,4,4,0.000000,s4_p4
1779334204.0,4,2,0.000000,s4_p2
1779334204.0,4,3,0.099075,s4_p3
1779334204.0,20,1,0.000000,s20_p1
1779334204.0,20,4,0.000000,s20_p4
1779334204.0,20,2,0.809585,s20_p2
1779334204.0,20,3,0.990835,s20_p3
1779334204.0,13,1,0.098951,s13_p1
1779334204.0,13,4,0.000000,s13_p4
1779334204.0,13,2,0.000000,s13_p2
1779334204.0,13,3,0.000000,s13_p3
1779334204.0,17,4,0.458824,s17_p4
1779334204.0,17,1,0.000000,s17_p1
1779334204.0,17,2,0.338081,s17_p2
1779334204.0,17,3,0.495047,s17_p3
1779334204.0,18,4,0.000000,s18_p4
1779334204.0,18,1,0.000000,s18_p1
1779334204.0,18,2,0.000000,s18_p2
1779334204.0,18,3,0.000000,s18_p3
1779334204.0,11,4,0.000000,s11_p4
1779334204.0,11,1,0.000000,s11_p1
1779334204.0,11,2,0.067618,s11_p2
1779334204.0,11,3,0.953893,s11_p3
1779334204.0,9,1,0.000000,s9_p1
1779334204.0,9,4,0.000000,s9_p4
1779334204.0,9,2,0.000000,s9_p2
1779334204.0,9,3,0.338060,s9_p3
1779334204.0,16,1,0.000000,s16_p1
1779334204.0,16,4,0.809007,s16_p4
1779334204.0,16,2,0.000000,s16_p2
1779334204.0,16,3,0.000000,s16_p3
1779334204.0,5,4,0.000000,s5_p4
1779334204.0,5,1,0.038636,s5_p1
1779334204.0,5,2,0.099006,s5_p2
1779334204.0,5,3,0.000000,s5_p3
1779334204.0,12,4,0.000000,s12_p4
1779334204.0,12,1,0.161747,s12_p1
1779334204.0,12,2,0.000000,s12_p2
1779334204.0,12,3,0.000000,s12_p3
1779334204.0,2,1,0.000000,s2_p1
1779334204.0,2,4,0.041045,s2_p4
1779334204.0,2,2,0.000000,s2_p2
1779334204.0,2,3,0.067603,s2_p3
1779334204.0,19,1,0.000000,s19_p1
1779334204.0,19,4,0.000000,s19_p4
1779334204.0,19,2,0.000000,s19_p2
1779334204.0,19,3,0.000000,s19_p3
1779334204.0,14,4,0.000000,s14_p4
1779334204.0,14,1,0.026577,s14_p1
1779334204.0,14,2,0.173955,s14_p2
1779334204.0,14,3,0.000000,s14_p3
1779334204.0,1,4,0.185937,s1_p4
1779334204.0,1,1,0.000000,s1_p1
1779334204.0,1,2,0.000000,s1_p2
1779334204.0,1,3,0.000000,s1_p3
1779334204.0,3,4,0.000000,s3_p4
1779334204.0,3,1,0.161839,s3_p1
1779334204.0,3,2,0.000000,s3_p2
1779334204.0,3,3,0.091789,s3_p3
1779334204.0,6,1,0.053118,s6_p1
1779334204.0,6,4,0.000000,s6_p4
1779334204.0,6,2,0.120723,s6_p2
1779334204.0,6,3,0.000000,s6_p3
1779334204.0,10,4,1.000000,s10_p4
1779334204.0,10,1,0.000000,s10_p1
1779334204.0,10,2,0.000000,s10_p2
1779334204.0,10,3,0.000000,s10_p3
1779334204.0,15,4,0.000000,s15_p4
1779334204.0,15,1,0.000000,s15_p1
1779334204.0,15,2,0.169080,s15_p2
1779334204.0,15,3,0.000000,s15_p3
1779334204.0,8,4,0.000000,s8_p4
1779334204.0,8,1,0.091751,s8_p1
1779334204.0,8,2,0.077264,s8_p2
1779334204.0,8,3,0.000000,s8_p3
1779334204.0,7,1,0.000000,s7_p1
1779334204.0,7,4,0.161738,s7_p4
1779334204.0,7,2,0.000000,s7_p2
1779334204.0,7,3,0.077248,s7_p3
1779334204.0,13,1,0.101487,s13_p1
1779334204.0,13,4,0.000000,s13_p4
1779334204.0,13,2,0.000000,s13_p2
1779334204.0,13,3,0.000000,s13_p3
1779334204.0,20,1,0.000000,s20_p1
1779334204.0,20,4,0.000000,s20_p4
1779334204.0,20,2,0.809417,s20_p2
1779334204.0,20,3,1.000000,s20_p3
1779334204.0,5,4,0.000000,s5_p4
1779334204.0,5,1,0.026601,s5_p1
1779334204.0,5,2,0.101566,s5_p2
1779334204.0,5,3,0.000000,s5_p3
1779334204.0,4,1,0.067642,s4_p1
1779334204.0,4,4,0.000000,s4_p4
1779334204.0,4,2,0.000000,s4_p2
1779334204.0,4,3,0.101464,s4_p3
1779334204.0,12,4,0.000000,s12_p4
1779334204.0,12,1,0.162025,s12_p1
1779334204.0,12,2,0.000000,s12_p2
1779334204.0,12,3,0.000000,s12_p3
1779334204.0,17,4,0.459070,s17_p4
1779334204.0,17,1,0.000000,s17_p1
1779334204.0,17,2,0.338262,s17_p2
1779334204.0,17,3,0.507393,s17_p3
1779334204.0,16,1,0.000000,s16_p1
1779334204.0,16,4,0.809471,s16_p4
1779334204.0,16,2,0.000000,s16_p2
1779334204.0,16,3,0.000000,s16_p3
1779334204.0,11,4,0.000000,s11_p4
1779334204.0,11,1,0.000000,s11_p1
1779334204.0,11,2,0.067651,s11_p2
1779334204.0,11,3,0.966436,s11_p3
1779334204.0,9,1,0.000000,s9_p1
1779334204.0,9,4,0.000000,s9_p4
1779334204.0,9,2,0.000000,s9_p2
1779334204.0,9,3,0.338251,s9_p3
1779334204.0,2,1,0.000000,s2_p1
1779334204.0,2,4,0.043502,s2_p4
1779334204.0,2,2,0.000000,s2_p2
1779334204.0,2,3,0.067669,s2_p3
1779334204.0,18,4,0.000000,s18_p4
1779334204.0,18,1,0.000000,s18_p1
1779334204.0,18,2,0.000000,s18_p2
1779334204.0,18,3,0.000000,s18_p3
1779334205.0,19,1,0.000000,s19_p1
1779334205.0,19,4,0.000000,s19_p4
1779334205.0,19,2,0.000000,s19_p2
1779334205.0,19,3,0.000000,s19_p3
1779334205.0,14,4,0.000000,s14_p4
1779334205.0,14,1,0.038678,s14_p1
1779334205.0,14,2,0.161964,s14_p2
1779334205.0,14,3,0.000000,s14_p3
1779334205.0,3,4,0.000000,s3_p4
1779334205.0,3,1,0.161967,s3_p1
1779334205.0,3,2,0.000000,s3_p2
1779334205.0,3,3,0.091862,s3_p3
1779334205.0,6,1,0.053183,s6_p1
1779334205.0,6,4,0.000000,s6_p4
1779334205.0,6,2,0.108783,s6_p2
1779334205.0,6,3,0.000000,s6_p3
1779334205.0,1,4,0.186125,s1_p4
1779334205.0,1,1,0.000000,s1_p1
1779334205.0,1,2,0.000000,s1_p2
1779334205.0,1,3,0.000000,s1_p3
1779334205.0,10,4,1.000000,s10_p4
1779334205.0,10,1,0.000000,s10_p1
1779334205.0,10,2,0.000000,s10_p2
1779334205.0,10,3,0.000000,s10_p3
1779334205.0,8,4,0.000000,s8_p4
1779334205.0,8,1,0.091863,s8_p1
1779334205.0,8,2,0.079776,s8_p2
1779334205.0,8,3,0.000000,s8_p3
1779334205.0,7,1,0.000000,s7_p1
1779334205.0,7,4,0.162043,s7_p4
1779334205.0,7,2,0.000000,s7_p2
1779334205.0,7,3,0.079812,s7_p3
1779334205.0,15,4,0.000000,s15_p4
1779334205.0,15,1,0.000000,s15_p1
1779334205.0,15,2,0.171623,s15_p2
1779334205.0,15,3,0.000000,s15_p3
1779334205.0,4,1,0.067694,s4_p1
1779334205.0,4,4,0.000000,s4_p4
1779334205.0,4,2,0.000000,s4_p2
1779334205.0,4,3,0.099123,s4_p3
1779334205.0,13,1,0.099100,s13_p1
1779334205.0,13,4,0.000000,s13_p4
1779334205.0,13,2,0.000000,s13_p2
1779334205.0,13,3,0.000000,s13_p3
1779334205.0,20,1,0.000000,s20_p1
1779334205.0,20,4,0.000000,s20_p4
1779334205.0,20,2,0.809729,s20_p2
1779334205.0,20,3,1.000000,s20_p3
1779334205.0,17,4,0.459260,s17_p4
1779334205.0,17,1,0.000000,s17_p1
1779334205.0,17,2,0.338402,s17_p2
1779334205.0,17,3,0.495517,s17_p3
1779334205.0,18,4,0.000000,s18_p4
1779334205.0,18,1,0.000000,s18_p1
1779334205.0,18,2,0.000000,s18_p2
1779334205.0,18,3,0.000000,s18_p3
1779334205.0,11,4,0.000000,s11_p4
1779334205.0,11,1,0.000000,s11_p1
1779334205.0,11,2,0.067680,s11_p2
1779334205.0,11,3,0.954777,s11_p3
1779334205.0,16,1,0.000000,s16_p1
1779334205.0,16,4,0.809700,s16_p4
1779334205.0,16,2,0.000000,s16_p2
1779334205.0,16,3,0.000000,s16_p3
1779334205.0,12,4,0.000000,s12_p4
1779334205.0,12,1,0.161843,s12_p1
1779334205.0,12,2,0.000000,s12_p2
1779334205.0,12,3,0.000000,s12_p3
1779334205.0,2,1,0.000000,s2_p1
1779334205.0,2,4,0.041091,s2_p4
1779334205.0,2,2,0.000000,s2_p2
1779334205.0,2,3,0.067679,s2_p3
1779334205.0,5,4,0.000000,s5_p4
1779334205.0,5,1,0.038644,s5_p1
1779334205.0,5,2,0.099027,s5_p2
1779334205.0,5,3,0.000000,s5_p3
1779334205.0,9,1,0.000000,s9_p1
1779334205.0,9,4,0.000000,s9_p4
1779334205.0,9,2,0.000000,s9_p2
1779334205.0,9,3,0.338332,s9_p3
1779334205.0,19,1,0.000000,s19_p1
1779334205.0,19,4,0.000000,s19_p4
1779334205.0,19,2,0.000000,s19_p2
1779334205.0,19,3,0.000000,s19_p3
1779334205.0,1,4,0.183274,s1_p4
1779334205.0,1,1,0.000000,s1_p1
1779334205.0,1,2,0.000000,s1_p2
1779334205.0,1,3,0.000000,s1_p3
1779334205.0,14,4,0.000000,s14_p4
1779334205.0,14,1,0.033752,s14_p1
1779334205.0,14,2,0.166351,s14_p2
1779334205.0,14,3,0.000000,s14_p3
1779334205.0,6,1,0.050613,s6_p1
1779334205.0,6,4,0.000000,s6_p4
1779334205.0,6,2,0.115688,s6_p2
1779334205.0,6,3,0.000000,s6_p3
1779334205.0,8,4,0.000000,s8_p4
1779334205.0,8,1,0.091620,s8_p1
1779334205.0,8,2,0.079564,s8_p2
1779334205.0,8,3,0.000000,s8_p3
1779334205.0,15,4,0.000000,s15_p4
1779334205.0,15,1,0.000000,s15_p1
1779334205.0,15,2,0.171180,s15_p2
1779334205.0,15,3,0.000000,s15_p3
1779334205.0,10,4,1.000000,s10_p4
1779334205.0,10,1,0.000000,s10_p1
1779334205.0,10,2,0.000000,s10_p2
1779334205.0,10,3,0.000000,s10_p3
1779334205.0,3,4,0.000000,s3_p4
1779334205.0,3,1,0.161445,s3_p1
1779334205.0,3,2,0.000000,s3_p2
1779334205.0,3,3,0.091566,s3_p3
1779334205.0,4,1,0.067500,s4_p1
1779334205.0,4,4,0.000000,s4_p4
1779334205.0,4,2,0.000000,s4_p2
1779334205.0,4,3,0.101250,s4_p3
1779334205.0,13,1,0.101256,s13_p1
1779334205.0,13,4,0.000000,s13_p4
1779334205.0,13,2,0.000000,s13_p2
1779334205.0,13,3,0.000000,s13_p3
1779334205.0,20,1,0.000000,s20_p1
1779334205.0,20,4,0.000000,s20_p4
1779334205.0,20,2,0.807634,s20_p2
1779334205.0,20,3,1.000000,s20_p3
1779334205.0,5,4,0.000000,s5_p4
1779334205.0,5,1,0.033778,s5_p1
1779334205.0,5,2,0.101333,s5_p2
1779334205.0,5,3,0.000000,s5_p3
1779334205.0,7,1,0.000000,s7_p1
1779334205.0,7,4,0.161405,s7_p4
1779334205.0,7,2,0.000000,s7_p2
1779334205.0,7,3,0.079498,s7_p3
1779334205.0,12,4,0.000000,s12_p4
1779334205.0,12,1,0.161637,s12_p1
1779334205.0,12,2,0.000000,s12_p2
1779334205.0,12,3,0.000000,s12_p3
1779334205.0,16,1,0.000000,s16_p1
1779334205.0,16,4,0.807806,s16_p4
1779334205.0,16,2,0.000000,s16_p2
1779334205.0,16,3,0.000000,s16_p3
1779334205.0,18,4,0.000000,s18_p4
1779334205.0,18,1,0.000000,s18_p1
1779334205.0,18,2,0.000000,s18_p2
1779334205.0,18,3,0.000000,s18_p3
1779334205.0,9,1,0.000000,s9_p1
1779334205.0,9,4,0.000000,s9_p4
1779334205.0,9,2,0.000000,s9_p2
1779334205.0,9,3,0.337629,s9_p3
1779334205.0,11,4,0.000000,s11_p4
1779334205.0,11,1,0.000000,s11_p1
1779334205.0,11,2,0.067508,s11_p2
1779334205.0,11,3,0.964402,s11_p3
1779334205.0,2,1,0.000000,s2_p1
1779334205.0,2,4,0.040989,s2_p4
1779334205.0,2,2,0.000000,s2_p2
1779334205.0,2,3,0.067512,s2_p3
1779334205.0,17,4,0.458020,s17_p4
1779334205.0,17,1,0.000000,s17_p1
1779334205.0,17,2,0.337489,s17_p2
1779334205.0,17,3,0.506233,s17_p3
1779334206.0,6,1,0.050801,s6_p1
1779334206.0,6,4,0.000000,s6_p4
1779334206.0,6,2,0.106440,s6_p2
1779334206.0,6,3,0.000000,s6_p3
1779334206.0,19,1,0.000000,s19_p1
1779334206.0,19,4,0.000000,s19_p4
1779334206.0,19,2,0.000000,s19_p2
1779334206.0,19,3,0.000000,s19_p3
1779334206.0,10,4,1.000000,s10_p4
1779334206.0,10,1,0.000000,s10_p1
1779334206.0,10,2,0.000000,s10_p2
1779334206.0,10,3,0.000000,s10_p3
1779334206.0,14,4,0.000000,s14_p4
1779334206.0,14,1,0.043486,s14_p1
1779334206.0,14,2,0.157033,s14_p2
1779334206.0,14,3,0.000000,s14_p3
1779334206.0,15,4,0.000000,s15_p4
1779334206.0,15,1,0.000000,s15_p1
1779334206.0,15,2,0.169202,s15_p2
1779334206.0,15,3,0.000000,s15_p3
1779334206.0,3,4,0.000000,s3_p4
1779334206.0,3,1,0.161956,s3_p1
1779334206.0,3,2,0.000000,s3_p2
1779334206.0,3,3,0.091855,s3_p3
1779334206.0,1,4,0.183575,s1_p4
1779334206.0,1,1,0.000000,s1_p1
1779334206.0,1,2,0.000000,s1_p2
1779334206.0,1,3,0.000000,s1_p3
1779334206.0,8,4,0.000000,s8_p4
1779334206.0,8,1,0.091840,s8_p1
1779334206.0,8,2,0.077339,s8_p2
1779334206.0,8,3,0.000000,s8_p3
1779334206.0,13,1,0.101585,s13_p1
1779334206.0,13,4,0.000000,s13_p4
1779334206.0,13,2,0.000000,s13_p2
1779334206.0,13,3,0.000000,s13_p3
1779334206.0,20,1,0.000000,s20_p1
1779334206.0,20,4,0.000000,s20_p4
1779334206.0,20,2,0.809973,s20_p2
1779334206.0,20,3,1.000000,s20_p3
1779334206.0,5,4,0.000000,s5_p4
1779334206.0,5,1,0.043519,s5_p1
1779334206.0,5,2,0.101545,s5_p2
1779334206.0,5,3,0.000000,s5_p3
1779334206.0,7,1,0.000000,s7_p1
1779334206.0,7,4,0.161988,s7_p4
1779334206.0,7,2,0.000000,s7_p2
1779334206.0,7,3,0.077367,s7_p3
1779334206.0,4,1,0.070102,s4_p1
1779334206.0,4,4,0.000000,s4_p4
1779334206.0,4,2,0.000000,s4_p2
1779334206.0,4,3,0.101527,s4_p3
1779334206.0,17,4,0.459465,s17_p4
1779334206.0,17,1,0.000000,s17_p1
1779334206.0,17,2,0.350644,s17_p2
1779334206.0,17,3,0.507829,s17_p3
1779334206.0,11,4,0.000000,s11_p4
1779334206.0,11,1,0.000000,s11_p1
1779334206.0,11,2,0.070122,s11_p2
1779334206.0,11,3,0.967198,s11_p3
1779334206.0,2,1,0.000000,s2_p1
1779334206.0,2,4,0.043523,s2_p4
1779334206.0,2,2,0.000000,s2_p2
1779334206.0,2,3,0.070120,s2_p3
1779334206.0,18,4,0.000000,s18_p4
1779334206.0,18,1,0.000000,s18_p1
1779334206.0,18,2,0.000000,s18_p2
1779334206.0,18,3,0.000000,s18_p3
1779334206.0,16,1,0.000000,s16_p1
1779334206.0,16,4,0.809853,s16_p4
1779334206.0,16,2,0.000000,s16_p2
1779334206.0,16,3,0.000000,s16_p3
1779334206.0,12,4,0.000000,s12_p4
1779334206.0,12,1,0.161896,s12_p1
1779334206.0,12,2,0.000000,s12_p2
1779334206.0,12,3,0.000000,s12_p3
1779334206.0,9,1,0.000000,s9_p1
1779334206.0,9,4,0.000000,s9_p4
1779334206.0,9,2,0.000000,s9_p2
1779334206.0,9,3,0.350515,s9_p3
1779334206.0,6,1,0.053018,s6_p1
1779334206.0,6,4,0.000000,s6_p4
1779334206.0,6,2,0.108446,s6_p2
1779334206.0,6,3,0.000000,s6_p3
1779334206.0,14,4,0.000000,s14_p4
1779334206.0,14,1,0.036174,s14_p1
1779334206.0,14,2,0.161579,s14_p2
1779334206.0,14,3,0.000000,s14_p3
1779334206.0,15,4,0.000000,s15_p4
1779334206.0,15,1,0.000000,s15_p1
1779334206.0,15,2,0.171225,s15_p2
1779334206.0,15,3,0.000000,s15_p3
1779334206.0,8,4,0.000000,s8_p4
1779334206.0,8,1,0.091645,s8_p1
1779334206.0,8,2,0.079586,s8_p2
1779334206.0,8,3,0.000000,s8_p3
1779334206.0,3,4,0.000000,s3_p4
1779334206.0,3,1,0.161575,s3_p1
1779334206.0,3,2,0.000000,s3_p2
1779334206.0,3,3,0.091639,s3_p3
1779334206.0,19,1,0.000000,s19_p1
1779334206.0,19,4,0.000000,s19_p4
1779334206.0,19,2,0.000000,s19_p2
1779334206.0,19,3,0.000000,s19_p3
1779334206.0,13,1,0.098876,s13_p1
1779334206.0,13,4,0.000000,s13_p4
1779334206.0,13,2,0.000000,s13_p2
1779334206.0,13,3,0.000000,s13_p3
1779334206.0,5,4,0.000000,s5_p4
1779334206.0,5,1,0.036162,s5_p1
1779334206.0,5,2,0.098844,s5_p2
1779334206.0,5,3,0.000000,s5_p3
1779334206.0,16,1,0.000000,s16_p1
1779334206.0,16,4,0.808055,s16_p4
1779334206.0,16,2,0.000000,s16_p2
1779334206.0,16,3,0.000000,s16_p3
1779334206.0,2,1,0.000000,s2_p1
1779334206.0,2,4,0.041003,s2_p4
1779334206.0,2,2,0.000000,s2_p2
1779334206.0,2,3,0.067534,s2_p3
1779334206.0,10,4,0.987688,s10_p4
1779334206.0,10,1,0.000000,s10_p1
1779334206.0,10,2,0.000000,s10_p2
1779334206.0,10,3,0.000000,s10_p3
1779334206.0,12,4,0.000000,s12_p4
1779334206.0,12,1,0.161602,s12_p1
1779334206.0,12,2,0.000000,s12_p2
1779334206.0,12,3,0.000000,s12_p3
1779334206.0,17,4,0.458187,s17_p4
1779334206.0,17,1,0.000000,s17_p1
1779334206.0,17,2,0.337611,s17_p2
1779334206.0,17,3,0.494360,s17_p3
1779334206.0,11,4,0.000000,s11_p4
1779334206.0,11,1,0.000000,s11_p1
1779334206.0,11,2,0.067525,s11_p2
1779334206.0,11,3,0.952583,s11_p3
1779334206.0,9,1,0.000000,s9_p1
1779334206.0,9,4,0.000000,s9_p4
1779334206.0,9,2,0.000000,s9_p2
1779334206.0,9,3,0.337700,s9_p3
1779334206.0,7,1,0.000000,s7_p1
1779334206.0,7,4,0.161495,s7_p4
1779334206.0,7,2,0.000000,s7_p2
1779334206.0,7,3,0.079542,s7_p3
1779334206.0,20,1,0.000000,s20_p1
1779334206.0,20,4,0.000000,s20_p4
1779334206.0,20,2,0.807370,s20_p2
1779334206.0,20,3,0.988124,s20_p3
1779334206.0,18,4,0.000000,s18_p4
1779334206.0,18,1,0.000000,s18_p1
1779334206.0,18,2,0.000000,s18_p2
1779334206.0,18,3,0.000000,s18_p3
1779334206.0,1,4,0.185480,s1_p4
1779334206.0,1,1,0.000000,s1_p1
1779334206.0,1,2,0.000000,s1_p2
1779334206.0,1,3,0.000000,s1_p3
1779334206.0,4,1,0.067482,s4_p1
1779334206.0,4,4,0.000000,s4_p4
1779334206.0,4,2,0.000000,s4_p2
1779334206.0,4,3,0.098813,s4_p3
1779334207.0,19,1,0.000000,s19_p1
1779334207.0,19,4,0.000000,s19_p4
1779334207.0,19,2,0.000000,s19_p2
1779334207.0,19,3,0.000000,s19_p3
1779334207.0,6,1,0.048316,s6_p1
1779334207.0,6,4,0.000000,s6_p4
1779334207.0,6,2,0.118375,s6_p2
1779334207.0,6,3,0.000000,s6_p3
1779334207.0,1,4,0.183856,s1_p4
1779334207.0,1,1,0.000000,s1_p1
1779334207.0,1,2,0.000000,s1_p2
1779334207.0,1,3,0.000000,s1_p3
1779334207.0,14,4,0.000000,s14_p4
1779334207.0,14,1,0.033816,s14_p1
1779334207.0,14,2,0.166662,s14_p2
1779334207.0,14,3,0.000000,s14_p3
1779334207.0,3,4,0.000000,s3_p4
1779334207.0,3,1,0.161833,s3_p1
1779334207.0,3,2,0.000000,s3_p2
1779334207.0,3,3,0.091786,s3_p3
1779334207.0,10,4,1.000000,s10_p4
1779334207.0,10,1,0.000000,s10_p1
1779334207.0,10,2,0.000000,s10_p2
1779334207.0,10,3,0.000000,s10_p3
1779334207.0,15,4,0.000000,s15_p4
1779334207.0,15,1,0.000000,s15_p1
1779334207.0,15,2,0.169004,s15_p2
1779334207.0,15,3,0.000000,s15_p3
1779334207.0,13,1,0.101397,s13_p1
1779334207.0,13,4,0.000000,s13_p4
1779334207.0,13,2,0.000000,s13_p2
1779334207.0,13,3,0.000000,s13_p3
1779334207.0,7,1,0.000000,s7_p1
1779334207.0,7,4,0.161843,s7_p4
1779334207.0,7,2,0.000000,s7_p2
1779334207.0,7,3,0.077298,s7_p3
1779334207.0,20,1,0.000000,s20_p1
1779334207.0,20,4,0.000000,s20_p4
1779334207.0,20,2,0.809202,s20_p2
1779334207.0,20,3,1.000000,s20_p3
1779334207.0,12,4,0.000000,s12_p4
1779334207.0,12,1,0.161815,s12_p1
1779334207.0,12,2,0.000000,s12_p2
1779334207.0,12,3,0.000000,s12_p3
1779334207.0,4,1,0.067638,s4_p1
1779334207.0,4,4,0.000000,s4_p4
1779334207.0,4,2,0.000000,s4_p2
1779334207.0,4,3,0.101457,s4_p3
1779334207.0,8,4,0.000000,s8_p4
1779334207.0,8,1,0.091682,s8_p1
1779334207.0,8,2,0.077206,s8_p2
1779334207.0,8,3,0.000000,s8_p3
1779334207.0,2,1,0.000000,s2_p1
1779334207.0,2,4,0.043448,s2_p4
1779334207.0,2,2,0.000000,s2_p2
1779334207.0,2,3,0.067585,s2_p3
1779334207.0,16,1,0.000000,s16_p1
1779334207.0,16,4,0.808541,s16_p4
1779334207.0,16,2,0.000000,s16_p2
1779334207.0,16,3,0.000000,s16_p3
1779334207.0,17,4,0.458604,s17_p4
1779334207.0,17,1,0.000000,s17_p1
1779334207.0,17,2,0.337919,s17_p2
1779334207.0,17,3,0.506878,s17_p3
1779334207.0,18,4,0.000000,s18_p4
1779334207.0,18,1,0.000000,s18_p1
1779334207.0,18,2,0.000000,s18_p2
1779334207.0,18,3,0.000000,s18_p3
1779334207.0,5,4,0.000000,s5_p4
1779334207.0,5,1,0.033785,s5_p1
1779334207.0,5,2,0.101355,s5_p2
1779334207.0,5,3,0.000000,s5_p3
1779334207.0,9,1,0.000000,s9_p1
1779334207.0,9,4,0.000000,s9_p4
1779334207.0,9,2,0.000000,s9_p2
1779334207.0,9,3,0.337856,s9_p3
1779334207.0,11,4,0.000000,s11_p4
1779334207.0,11,1,0.000000,s11_p1
1779334207.0,11,2,0.067566,s11_p2
1779334207.0,11,3,0.965232,s11_p3
1779334207.0,6,1,0.053221,s6_p1
1779334207.0,6,4,0.000000,s6_p4
1779334207.0,6,2,0.108861,s6_p2
1779334207.0,6,3,0.000000,s6_p3
1779334207.0,8,4,0.000000,s8_p4
1779334207.0,8,1,0.092010,s8_p1
1779334207.0,8,2,0.079903,s8_p2
1779334207.0,8,3,0.000000,s8_p3
1779334207.0,13,1,0.099207,s13_p1
1779334207.0,13,4,0.000000,s13_p4
1779334207.0,13,2,0.000000,s13_p2
1779334207.0,13,3,0.000000,s13_p3
1779334207.0,7,1,0.000000,s7_p1
1779334207.0,7,4,0.162182,s7_p4
1779334207.0,7,2,0.000000,s7_p2
1779334207.0,7,3,0.079880,s7_p3
1779334207.0,1,4,0.183703,s1_p4
1779334207.0,1,1,0.000000,s1_p1
1779334207.0,1,2,0.000000,s1_p2
1779334207.0,1,3,0.000000,s1_p3
1779334207.0,3,4,0.000000,s3_p4
1779334207.0,3,1,0.162004,s3_p1
1779334207.0,3,2,0.000000,s3_p2
1779334207.0,3,3,0.091883,s3_p3
1779334207.0,12,4,0.000000,s12_p4
1779334207.0,12,1,0.162052,s12_p1
1779334207.0,12,2,0.000000,s12_p2
1779334207.0,12,3,0.000000,s12_p3
1779334207.0,17,4,0.459800,s17_p4
1779334207.0,17,1,0.000000,s17_p1
1779334207.0,17,2,0.338800,s17_p2
1779334207.0,17,3,0.496100,s17_p3
1779334207.0,2,1,0.000000,s2_p1
1779334207.0,2,4,0.041135,s2_p4
1779334207.0,2,2,0.000000,s2_p2
1779334207.0,2,3,0.067752,s2_p3
1779334207.0,20,1,0.000000,s20_p1
1779334207.0,20,4,0.000000,s20_p4
1779334207.0,20,2,0.810125,s20_p2
1779334207.0,20,3,1.000000,s20_p3
1779334207.0,10,4,1.000000,s10_p4
1779334207.0,10,1,0.000000,s10_p1
1779334207.0,10,2,0.000000,s10_p2
1779334207.0,10,3,0.000000,s10_p3
1779334207.0,15,4,0.000000,s15_p4
1779334207.0,15,1,0.000000,s15_p1
1779334207.0,15,2,0.171583,s15_p2
1779334207.0,15,3,0.000000,s15_p3
1779334207.0,4,1,0.067712,s4_p1
1779334207.0,4,4,0.000000,s4_p4
1779334207.0,4,2,0.000000,s4_p2
1779334207.0,4,3,0.099149,s4_p3
1779334207.0,18,4,0.000000,s18_p4
1779334207.0,18,1,0.000000,s18_p1
1779334207.0,18,2,0.000000,s18_p2
1779334207.0,18,3,0.000000,s18_p3
1779334207.0,5,4,0.000000,s5_p4
1779334207.0,5,1,0.038716,s5_p1
1779334207.0,5,2,0.099209,s5_p2
1779334207.0,5,3,0.000000,s5_p3
1779334207.0,11,4,0.000000,s11_p4
1779334207.0,11,1,0.000000,s11_p1
1779334207.0,11,2,0.067739,s11_p2
1779334207.0,11,3,0.955604,s11_p3
1779334207.0,14,4,0.000000,s14_p4
1779334207.0,14,1,0.038627,s14_p1
1779334207.0,14,2,0.161751,s14_p2
1779334207.0,14,3,0.000000,s14_p3
1779334207.0,16,1,0.000000,s16_p1
1779334207.0,16,4,0.810125,s16_p4
1779334207.0,16,2,0.000000,s16_p2
1779334207.0,16,3,0.000000,s16_p3
1779334207.0,19,1,0.000000,s19_p1
1779334207.0,19,4,0.000000,s19_p4
1779334207.0,19,2,0.000000,s19_p2
1779334207.0,19,3,0.000000,s19_p3
1779334207.0,9,1,0.000000,s9_p1
1779334207.0,9,4,0.000000,s9_p4
1779334207.0,9,2,0.000000,s9_p2
1779334207.0,9,3,0.338621,s9_p3
1779334208.0,19,1,0.000000,s19_p1
1779334208.0,19,4,0.000000,s19_p4
1779334208.0,19,2,0.000000,s19_p2
1779334208.0,19,3,0.000000,s19_p3
1779334208.0,6,1,0.038619,s6_p1
1779334208.0,6,4,0.000000,s6_p4
1779334208.0,6,2,0.127926,s6_p2
1779334208.0,6,3,0.000000,s6_p3
1779334208.0,7,1,0.000000,s7_p1
1779334208.0,7,4,0.161683,s7_p4
1779334208.0,7,2,0.000000,s7_p2
1779334208.0,7,3,0.079635,s7_p3
1779334208.0,15,4,0.000000,s15_p4
1779334208.0,15,1,0.000000,s15_p1
1779334208.0,15,2,0.171505,s15_p2
1779334208.0,15,3,0.000000,s15_p3
1779334208.0,12,4,0.000000,s12_p4
1779334208.0,12,1,0.161811,s12_p1
1779334208.0,12,2,0.000000,s12_p2
1779334208.0,12,3,0.000000,s12_p3
1779334208.0,13,1,0.101336,s13_p1
1779334208.0,13,4,0.000000,s13_p4
1779334208.0,13,2,0.000000,s13_p2
1779334208.0,13,3,0.000000,s13_p3
1779334208.0,3,4,0.000000,s3_p4
1779334208.0,3,1,0.161679,s3_p1
1779334208.0,3,2,0.000000,s3_p2
1779334208.0,3,3,0.091699,s3_p3
1779334208.0,1,4,0.185798,s1_p4
1779334208.0,1,1,0.000000,s1_p1
1779334208.0,1,2,0.000000,s1_p2
1779334208.0,1,3,0.000000,s1_p3
1779334208.0,4,1,0.067630,s4_p1
1779334208.0,4,4,0.000000,s4_p4
1779334208.0,4,2,0.000000,s4_p2
1779334208.0,4,3,0.101444,s4_p3
1779334208.0,18,4,0.000000,s18_p4
1779334208.0,18,1,0.000000,s18_p1
1779334208.0,18,2,0.000000,s18_p2
1779334208.0,18,3,0.000000,s18_p3
1779334208.0,8,4,0.000000,s8_p4
1779334208.0,8,1,0.091664,s8_p1
1779334208.0,8,2,0.079603,s8_p2
1779334208.0,8,3,0.000000,s8_p3
1779334208.0,5,4,0.000000,s5_p4
1779334208.0,5,1,0.033812,s5_p1
1779334208.0,5,2,0.101437,s5_p2
1779334208.0,5,3,0.000000,s5_p3
1779334208.0,14,4,0.000000,s14_p4
1779334208.0,14,1,0.033828,s14_p1
1779334208.0,14,2,0.166724,s14_p2
1779334208.0,14,3,0.000000,s14_p3
1779334208.0,10,4,1.000000,s10_p4
1779334208.0,10,1,0.000000,s10_p1
1779334208.0,10,2,0.000000,s10_p2
1779334208.0,10,3,0.000000,s10_p3
1779334208.0,20,1,0.000000,s20_p1
1779334208.0,20,4,0.000000,s20_p4
1779334208.0,20,2,0.808942,s20_p2
1779334208.0,20,3,1.000000,s20_p3
1779334208.0,17,4,0.458596,s17_p4
1779334208.0,17,1,0.000000,s17_p1
1779334208.0,17,2,0.337913,s17_p2
1779334208.0,17,3,0.506869,s17_p3
1779334208.0,2,1,0.000000,s2_p1
1779334208.0,2,4,0.041031,s2_p4
1779334208.0,2,2,0.000000,s2_p2
1779334208.0,2,3,0.067581,s2_p3
1779334208.0,16,1,0.000000,s16_p1
1779334208.0,16,4,0.809057,s16_p4
1779334208.0,16,2,0.000000,s16_p2
1779334208.0,16,3,0.000000,s16_p3
1779334208.0,11,4,0.000000,s11_p4
1779334208.0,11,1,0.000000,s11_p1
1779334208.0,11,2,0.067615,s11_p2
1779334208.0,11,3,0.965928,s11_p3
1779334208.0,9,1,0.000000,s9_p1
1779334208.0,9,4,0.000000,s9_p4
1779334208.0,9,2,0.000000,s9_p2
1779334208.0,9,3,0.338124,s9_p3
1779334208.0,6,1,0.045960,s6_p1
1779334208.0,6,4,0.000000,s6_p4
1779334208.0,6,2,0.111271,s6_p2
1779334208.0,6,3,0.000000,s6_p3
1779334208.0,1,4,0.183986,s1_p4
1779334208.0,1,1,0.000000,s1_p1
1779334208.0,1,2,0.000000,s1_p2
1779334208.0,1,3,0.000000,s1_p3
1779334208.0,14,4,0.000000,s14_p4
1779334208.0,14,1,0.043580,s14_p1
1779334208.0,14,2,0.157371,s14_p2
1779334208.0,14,3,0.000000,s14_p3
1779334208.0,3,4,0.000000,s3_p4
1779334208.0,3,1,0.162150,s3_p1
1779334208.0,3,2,0.000000,s3_p2
1779334208.0,3,3,0.091966,s3_p3
1779334208.0,10,4,1.000000,s10_p4
1779334208.0,10,1,0.000000,s10_p1
1779334208.0,10,2,0.000000,s10_p2
1779334208.0,10,3,0.000000,s10_p3
1779334208.0,15,4,0.000000,s15_p4
1779334208.0,15,1,0.000000,s15_p1
1779334208.0,15,2,0.169340,s15_p2
1779334208.0,15,3,0.000000,s15_p3
1779334208.0,8,4,0.000000,s8_p4
1779334208.0,8,1,0.091929,s8_p1
1779334208.0,8,2,0.077414,s8_p2
1779334208.0,8,3,0.000000,s8_p3
1779334208.0,13,1,0.099159,s13_p1
1779334208.0,13,4,0.000000,s13_p4
1779334208.0,13,2,0.000000,s13_p2
1779334208.0,13,3,0.000000,s13_p3
1779334208.0,7,1,0.000000,s7_p1
1779334208.0,7,4,0.162001,s7_p4
1779334208.0,7,2,0.000000,s7_p2
1779334208.0,7,3,0.077374,s7_p3
1779334208.0,4,1,0.067697,s4_p1
1779334208.0,4,4,0.000000,s4_p4
1779334208.0,4,2,0.000000,s4_p2
1779334208.0,4,3,0.099127,s4_p3
1779334208.0,20,1,0.000000,s20_p1
1779334208.0,20,4,0.000000,s20_p4
1779334208.0,20,2,0.810044,s20_p2
1779334208.0,20,3,1.000000,s20_p3
1779334208.0,5,4,0.000000,s5_p4
1779334208.0,5,1,0.043510,s5_p1
1779334208.0,5,2,0.099107,s5_p2
1779334208.0,5,3,0.000000,s5_p3
1779334208.0,17,4,0.459460,s17_p4
1779334208.0,17,1,0.000000,s17_p1
1779334208.0,17,2,0.338549,s17_p2
1779334208.0,17,3,0.495733,s17_p3
1779334208.0,12,4,0.000000,s12_p4
1779334208.0,12,1,0.161907,s12_p1
1779334208.0,12,2,0.000000,s12_p2
1779334208.0,12,3,0.000000,s12_p3
1779334208.0,11,4,0.000000,s11_p4
1779334208.0,11,1,0.000000,s11_p1
1779334208.0,11,2,0.067687,s11_p2
1779334208.0,11,3,0.954873,s11_p3
1779334208.0,18,4,0.000000,s18_p4
1779334208.0,18,1,0.000000,s18_p1
1779334208.0,18,2,0.000000,s18_p2
1779334208.0,18,3,0.000000,s18_p3
1779334208.0,16,1,0.000000,s16_p1
1779334208.0,16,4,0.809739,s16_p4
1779334208.0,16,2,0.000000,s16_p2
1779334208.0,16,3,0.000000,s16_p3
1779334208.0,2,1,0.000000,s2_p1
1779334208.0,2,4,0.043506,s2_p4
1779334208.0,2,2,0.000000,s2_p2
1779334208.0,2,3,0.067676,s2_p3
1779334208.0,9,1,0.000000,s9_p1
1779334208.0,9,4,0.000000,s9_p4
1779334208.0,9,2,0.000000,s9_p2
1779334208.0,9,3,0.338342,s9_p3
1779334208.0,19,1,0.000000,s19_p1
1779334208.0,19,4,0.000000,s19_p4
1779334208.0,19,2,0.000000,s19_p2
1779334208.0,19,3,0.000000,s19_p3
1779334209.0,6,1,0.045888,s6_p1
1779334209.0,6,4,0.000000,s6_p4
1779334209.0,6,2,0.118342,s6_p2
1779334209.0,6,3,0.000000,s6_p3
1779334209.0,10,4,0.990947,s10_p4
1779334209.0,10,1,0.000000,s10_p1
1779334209.0,10,2,0.000000,s10_p2
1779334209.0,10,3,0.000000,s10_p3
1779334209.0,8,4,0.000000,s8_p4
1779334209.0,8,1,0.091863,s8_p1
1779334209.0,8,2,0.079775,s8_p2
1779334209.0,8,3,0.000000,s8_p3
1779334209.0,1,4,0.183579,s1_p4
1779334209.0,1,1,0.000000,s1_p1
1779334209.0,1,2,0.000000,s1_p2
1779334209.0,1,3,0.000000,s1_p3
1779334209.0,15,4,0.000000,s15_p4
1779334209.0,15,1,0.000000,s15_p1
1779334209.0,15,2,0.171524,s15_p2
1779334209.0,15,3,0.000000,s15_p3
1779334209.0,17,4,0.459483,s17_p4
1779334209.0,17,1,0.000000,s17_p1
1779334209.0,17,2,0.338567,s17_p2
1779334209.0,17,3,0.507850,s17_p3
1779334209.0,13,1,0.101489,s13_p1
1779334209.0,13,4,0.000000,s13_p4
1779334209.0,13,2,0.000000,s13_p2
1779334209.0,13,3,0.000000,s13_p3
1779334209.0,20,1,0.000000,s20_p1
1779334209.0,20,4,0.000000,s20_p4
1779334209.0,20,2,0.809840,s20_p2
1779334209.0,20,3,0.991147,s20_p3
1779334209.0,7,1,0.000000,s7_p1
1779334209.0,7,4,0.161912,s7_p4
1779334209.0,7,2,0.000000,s7_p2
1779334209.0,7,3,0.079748,s7_p3
1779334209.0,5,4,0.000000,s5_p4
1779334209.0,5,1,0.033836,s5_p1
1779334209.0,5,2,0.101509,s5_p2
1779334209.0,5,3,0.000000,s5_p3
1779334209.0,2,1,0.000000,s2_p1
1779334209.0,2,4,0.041110,s2_p4
1779334209.0,2,2,0.000000,s2_p2
1779334209.0,2,3,0.067710,s2_p3
1779334209.0,16,1,0.000000,s16_p1
1779334209.0,16,4,0.810059,s16_p4
1779334209.0,16,2,0.000000,s16_p2
1779334209.0,16,3,0.000000,s16_p3
1779334209.0,11,4,0.000000,s11_p4
1779334209.0,11,1,0.000000,s11_p1
1779334209.0,11,2,0.067699,s11_p2
1779334209.0,11,3,0.967127,s11_p3
1779334209.0,18,4,0.000000,s18_p4
1779334209.0,18,1,0.000000,s18_p1
1779334209.0,18,2,0.000000,s18_p2
1779334209.0,18,3,0.000000,s18_p3
1779334209.0,9,1,0.000000,s9_p1
1779334209.0,9,4,0.000000,s9_p4
1779334209.0,9,2,0.000000,s9_p2
1779334209.0,9,3,0.338574,s9_p3
1779334209.0,4,1,0.067633,s4_p1
1779334209.0,4,4,0.000000,s4_p4
1779334209.0,4,2,0.000000,s4_p2
1779334209.0,4,3,0.101450,s4_p3
1779334209.0,14,4,0.000000,s14_p4
1779334209.0,14,1,0.033763,s14_p1
1779334209.0,14,2,0.163992,s14_p2
1779334209.0,14,3,0.000000,s14_p3
1779334209.0,19,1,0.000000,s19_p1
1779334209.0,19,4,0.000000,s19_p4
1779334209.0,19,2,0.000000,s19_p2
1779334209.0,19,3,0.000000,s19_p3
1779334209.0,3,4,0.000000,s3_p4
1779334209.0,3,1,0.161597,s3_p1
1779334209.0,3,2,0.000000,s3_p2
1779334209.0,3,3,0.091652,s3_p3
1779334209.0,12,4,0.000000,s12_p4
1779334209.0,12,1,0.161807,s12_p1
1779334209.0,12,2,0.000000,s12_p2
1779334209.0,12,3,0.000000,s12_p3
1779334209.0,19,1,0.000000,s19_p1
1779334209.0,19,4,0.000000,s19_p4
1779334209.0,19,2,0.000000,s19_p2
1779334209.0,19,3,0.000000,s19_p3
1779334209.0,3,4,0.000000,s3_p4
1779334209.0,3,1,0.162257,s3_p1
1779334209.0,3,2,0.000000,s3_p2
1779334209.0,3,3,0.092026,s3_p3
1779334209.0,1,4,0.186126,s1_p4
1779334209.0,1,1,0.000000,s1_p1
1779334209.0,1,2,0.000000,s1_p2
1779334209.0,1,3,0.000000,s1_p3
1779334209.0,6,1,0.048332,s6_p1
1779334209.0,6,4,0.000000,s6_p4
1779334209.0,6,2,0.108746,s6_p2
1779334209.0,6,3,0.000000,s6_p3
1779334209.0,10,4,1.000000,s10_p4
1779334209.0,10,1,0.000000,s10_p1
1779334209.0,10,2,0.000000,s10_p2
1779334209.0,10,3,0.000000,s10_p3
1779334209.0,13,1,0.099113,s13_p1
1779334209.0,13,4,0.000000,s13_p4
1779334209.0,13,2,0.000000,s13_p2
1779334209.0,13,3,0.000000,s13_p3
1779334209.0,8,4,0.000000,s8_p4
1779334209.0,8,1,0.091804,s8_p1
1779334209.0,8,2,0.077309,s8_p2
1779334209.0,8,3,0.000000,s8_p3
1779334209.0,15,4,0.000000,s15_p4
1779334209.0,15,1,0.000000,s15_p1
1779334209.0,15,2,0.169196,s15_p2
1779334209.0,15,3,0.000000,s15_p3
1779334209.0,7,1,0.000000,s7_p1
1779334209.0,7,4,0.161905,s7_p4
1779334209.0,7,2,0.000000,s7_p2
1779334209.0,7,3,0.077328,s7_p3
1779334209.0,4,1,0.067706,s4_p1
1779334209.0,4,4,0.000000,s4_p4
1779334209.0,4,2,0.000000,s4_p2
1779334209.0,4,3,0.099141,s4_p3
1779334209.0,20,1,0.000000,s20_p1
1779334209.0,20,4,0.000000,s20_p4
1779334209.0,20,2,0.809419,s20_p2
1779334209.0,20,3,1.000000,s20_p3
1779334209.0,12,4,0.000000,s12_p4
1779334209.0,12,1,0.162099,s12_p1
1779334209.0,12,2,0.000000,s12_p2
1779334209.0,12,3,0.000000,s12_p3
1779334209.0,11,4,0.000000,s11_p4
1779334209.0,11,1,0.000000,s11_p1
1779334209.0,11,2,0.067662,s11_p2
1779334209.0,11,3,0.954517,s11_p3
1779334209.0,5,4,0.000000,s5_p4
1779334209.0,5,1,0.043488,s5_p1
1779334209.0,5,2,0.099057,s5_p2
1779334209.0,5,3,0.000000,s5_p3
1779334209.0,17,4,0.458782,s17_p4
1779334209.0,17,1,0.000000,s17_p1
1779334209.0,17,2,0.338050,s17_p2
1779334209.0,17,3,0.495002,s17_p3
1779334209.0,9,1,0.000000,s9_p1
1779334209.0,9,4,0.000000,s9_p4
1779334209.0,9,2,0.000000,s9_p2
1779334209.0,9,3,0.338286,s9_p3
1779334209.0,16,1,0.000000,s16_p1
1779334209.0,16,4,0.809381,s16_p4
1779334209.0,16,2,0.000000,s16_p2
1779334209.0,16,3,0.000000,s16_p3
1779334209.0,18,4,0.000000,s18_p4
1779334209.0,18,1,0.000000,s18_p1
1779334209.0,18,2,0.000000,s18_p2
1779334209.0,18,3,0.000000,s18_p3
1779334209.0,2,1,0.000000,s2_p1
1779334209.0,2,4,0.043485,s2_p4
1779334209.0,2,2,0.000000,s2_p2
1779334209.0,2,3,0.067644,s2_p3
1779334209.0,14,4,0.000000,s14_p4
1779334209.0,14,1,0.043502,s14_p1
1779334209.0,14,2,0.157092,s14_p2
1779334209.0,14,3,0.000000,s14_p3
1779334210.0,14,4,0.000000,s14_p4
1779334210.0,14,1,0.029018,s14_p1
1779334210.0,14,2,0.171690,s14_p2
1779334210.0,14,3,0.000000,s14_p3
1779334210.0,3,4,0.000000,s3_p4
1779334210.0,3,1,0.161605,s3_p1
1779334210.0,3,2,0.000000,s3_p2
1779334210.0,3,3,0.091656,s3_p3
1779334210.0,8,4,0.000000,s8_p4
1779334210.0,8,1,0.091705,s8_p1
1779334210.0,8,2,0.079638,s8_p2
1779334210.0,8,3,0.000000,s8_p3
1779334210.0,1,4,0.183308,s1_p4
1779334210.0,1,1,0.000000,s1_p1
1779334210.0,1,2,0.000000,s1_p2
1779334210.0,1,3,0.000000,s1_p3
1779334210.0,15,4,0.000000,s15_p4
1779334210.0,15,1,0.000000,s15_p1
1779334210.0,15,2,0.171337,s15_p2
1779334210.0,15,3,0.000000,s15_p3
1779334210.0,10,4,1.000000,s10_p4
1779334210.0,10,1,0.000000,s10_p1
1779334210.0,10,2,0.000000,s10_p2
1779334210.0,10,3,0.000000,s10_p3
1779334210.0,6,1,0.050646,s6_p1
1779334210.0,6,4,0.000000,s6_p4
1779334210.0,6,2,0.120586,s6_p2
1779334210.0,6,3,0.000000,s6_p3
1779334210.0,13,1,0.101294,s13_p1
1779334210.0,13,4,0.000000,s13_p4
1779334210.0,13,2,0.000000,s13_p2
1779334210.0,13,3,0.000000,s13_p3
1779334210.0,20,1,0.000000,s20_p1
1779334210.0,20,4,0.000000,s20_p4
1779334210.0,20,2,0.808311,s20_p2
1779334210.0,20,3,1.000000,s20_p3
1779334210.0,7,1,0.000000,s7_p1
1779334210.0,7,4,0.161639,s7_p4
1779334210.0,7,2,0.000000,s7_p2
1779334210.0,7,3,0.079613,s7_p3
1779334210.0,4,1,0.069967,s4_p1
1779334210.0,4,4,0.000000,s4_p4
1779334210.0,4,2,0.000000,s4_p2
1779334210.0,4,3,0.101332,s4_p3
1779334210.0,5,4,0.000000,s5_p4
1779334210.0,5,1,0.028969,s5_p1
1779334210.0,5,2,0.101390,s5_p2
1779334210.0,5,3,0.000000,s5_p3
1779334210.0,12,4,0.000000,s12_p4
1779334210.0,12,1,0.161582,s12_p1
1779334210.0,12,2,0.000000,s12_p2
1779334210.0,12,3,0.000000,s12_p3
1779334210.0,17,4,0.458447,s17_p4
1779334210.0,17,1,0.000000,s17_p1
1779334210.0,17,2,0.349867,s17_p2
1779334210.0,17,3,0.506704,s17_p3
1779334210.0,18,4,0.000000,s18_p4
1779334210.0,18,1,0.000000,s18_p1
1779334210.0,18,2,0.000000,s18_p2
1779334210.0,18,3,0.000000,s18_p3
1779334210.0,16,1,0.000000,s16_p1
1779334210.0,16,4,0.808310,s16_p4
1779334210.0,16,2,0.000000,s16_p2
1779334210.0,16,3,0.000000,s16_p3
1779334210.0,9,1,0.000000,s9_p1
1779334210.0,9,4,0.000000,s9_p4
1779334210.0,9,2,0.000000,s9_p2
1779334210.0,9,3,0.349850,s9_p3
1779334210.0,11,4,0.000000,s11_p4
1779334210.0,11,1,0.000000,s11_p1
1779334210.0,11,2,0.069959,s11_p2
1779334210.0,11,3,0.964956,s11_p3
1779334210.0,2,1,0.000000,s2_p1
1779334210.0,2,4,0.041019,s2_p4
1779334210.0,2,2,0.000000,s2_p2
1779334210.0,2,3,0.069973,s2_p3
1779334210.0,19,1,0.000000,s19_p1
1779334210.0,19,4,0.000000,s19_p4
1779334210.0,19,2,0.000000,s19_p2
1779334210.0,19,3,0.000000,s19_p3
1779334210.0,6,1,0.045960,s6_p1
1779334210.0,6,4,0.000000,s6_p4
1779334210.0,6,2,0.116109,s6_p2
1779334210.0,6,3,0.000000,s6_p3
1779334210.0,19,1,0.000000,s19_p1
1779334210.0,19,4,0.000000,s19_p4
1779334210.0,19,2,0.000000,s19_p2
1779334210.0,19,3,0.000000,s19_p3
1779334210.0,15,4,0.000000,s15_p4
1779334210.0,15,1,0.000000,s15_p1
1779334210.0,15,2,0.171544,s15_p2
1779334210.0,15,3,0.000000,s15_p3
1779334210.0,14,4,0.000000,s14_p4
1779334210.0,14,1,0.038626,s14_p1
1779334210.0,14,2,0.161744,s14_p2
1779334210.0,14,3,0.000000,s14_p3
1779334210.0,3,4,0.000000,s3_p4
1779334210.0,3,1,0.161837,s3_p1
1779334210.0,3,2,0.000000,s3_p2
1779334210.0,3,3,0.091788,s3_p3
1779334210.0,10,4,1.000000,s10_p4
1779334210.0,10,1,0.000000,s10_p1
1779334210.0,10,2,0.000000,s10_p2
1779334210.0,10,3,0.000000,s10_p3
1779334210.0,8,4,0.000000,s8_p4
1779334210.0,8,1,0.091792,s8_p1
1779334210.0,8,2,0.079714,s8_p2
1779334210.0,8,3,0.000000,s8_p3
1779334210.0,1,4,0.183586,s1_p4
1779334210.0,1,1,0.000000,s1_p1
1779334210.0,1,2,0.000000,s1_p2
1779334210.0,1,3,0.000000,s1_p3
1779334210.0,13,1,0.099094,s13_p1
1779334210.0,13,4,0.000000,s13_p4
1779334210.0,13,2,0.000000,s13_p2
1779334210.0,13,3,0.000000,s13_p3
1779334210.0,18,4,0.000000,s18_p4
1779334210.0,18,1,0.000000,s18_p1
1779334210.0,18,2,0.000000,s18_p2
1779334210.0,18,3,0.000000,s18_p3
1779334210.0,20,1,0.000000,s20_p1
1779334210.0,20,4,0.000000,s20_p4
1779334210.0,20,2,0.809257,s20_p2
1779334210.0,20,3,1.000000,s20_p3
1779334210.0,16,1,0.000000,s16_p1
1779334210.0,16,4,0.809745,s16_p4
1779334210.0,16,2,0.000000,s16_p2
1779334210.0,16,3,0.000000,s16_p3
1779334210.0,11,4,0.000000,s11_p4
1779334210.0,11,1,0.000000,s11_p1
1779334210.0,11,2,0.067682,s11_p2
1779334210.0,11,3,0.954793,s11_p3
1779334210.0,7,1,0.000000,s7_p1
1779334210.0,7,4,0.161845,s7_p4
1779334210.0,7,2,0.000000,s7_p2
1779334210.0,7,3,0.079715,s7_p3
1779334210.0,12,4,0.000000,s12_p4
1779334210.0,12,1,0.161921,s12_p1
1779334210.0,12,2,0.000000,s12_p2
1779334210.0,12,3,0.000000,s12_p3
1779334210.0,4,1,0.067634,s4_p1
1779334210.0,4,4,0.000000,s4_p4
1779334210.0,4,2,0.000000,s4_p2
1779334210.0,4,3,0.099036,s4_p3
1779334210.0,2,1,0.000000,s2_p1
1779334210.0,2,4,0.043493,s2_p4
1779334210.0,2,2,0.000000,s2_p2
1779334210.0,2,3,0.067656,s2_p3
1779334210.0,9,1,0.000000,s9_p1
1779334210.0,9,4,0.000000,s9_p4
1779334210.0,9,2,0.000000,s9_p2
1779334210.0,9,3,0.338245,s9_p3
1779334210.0,17,4,0.459000,s17_p4
1779334210.0,17,1,0.000000,s17_p1
1779334210.0,17,2,0.338210,s17_p2
1779334210.0,17,3,0.495237,s17_p3
1779334210.0,5,4,0.000000,s5_p4
1779334210.0,5,1,0.038632,s5_p1
1779334210.0,5,2,0.098994,s5_p2
1779334210.0,5,3,0.000000,s5_p3
1779334211.0,6,1,0.045888,s6_p1
1779334211.0,6,4,0.000000,s6_p4
1779334211.0,6,2,0.115927,s6_p2
1779334211.0,6,3,0.000000,s6_p3
1779334211.0,19,1,0.000000,s19_p1
1779334211.0,19,4,0.000000,s19_p4
1779334211.0,19,2,0.000000,s19_p2
1779334211.0,19,3,0.000000,s19_p3
1779334211.0,3,4,0.000000,s3_p4
1779334211.0,3,1,0.161865,s3_p1
1779334211.0,3,2,0.000000,s3_p2
1779334211.0,3,3,0.091804,s3_p3
1779334211.0,14,4,0.000000,s14_p4
1779334211.0,14,1,0.038650,s14_p1
1779334211.0,14,2,0.161847,s14_p2
1779334211.0,14,3,0.000000,s14_p3
1779334211.0,15,4,0.000000,s15_p4
1779334211.0,15,1,0.000000,s15_p1
1779334211.0,15,2,0.169074,s15_p2
1779334211.0,15,3,0.000000,s15_p3
1779334211.0,13,1,0.101462,s13_p1
1779334211.0,13,4,0.000000,s13_p4
1779334211.0,13,2,0.000000,s13_p2
1779334211.0,13,3,0.000000,s13_p3
1779334211.0,8,4,0.000000,s8_p4
1779334211.0,8,1,0.091794,s8_p1
1779334211.0,8,2,0.077300,s8_p2
1779334211.0,8,3,0.000000,s8_p3
1779334211.0,10,4,1.000000,s10_p4
1779334211.0,10,1,0.000000,s10_p1
1779334211.0,10,2,0.000000,s10_p2
1779334211.0,10,3,0.000000,s10_p3
1779334211.0,1,4,0.185989,s1_p4
1779334211.0,1,1,0.000000,s1_p1
1779334211.0,1,2,0.000000,s1_p2
1779334211.0,1,3,0.000000,s1_p3
1779334211.0,17,4,0.459200,s17_p4
1779334211.0,17,1,0.000000,s17_p1
1779334211.0,17,2,0.338358,s17_p2
1779334211.0,17,3,0.507537,s17_p3
1779334211.0,18,4,0.000000,s18_p4
1779334211.0,18,1,0.000000,s18_p1
1779334211.0,18,2,0.000000,s18_p2
1779334211.0,18,3,0.000000,s18_p3
1779334211.0,7,1,0.000000,s7_p1
1779334211.0,7,4,0.161837,s7_p4
1779334211.0,7,2,0.000000,s7_p2
1779334211.0,7,3,0.077295,s7_p3
1779334211.0,4,1,0.067636,s4_p1
1779334211.0,4,4,0.000000,s4_p4
1779334211.0,4,2,0.000000,s4_p2
1779334211.0,4,3,0.101453,s4_p3
1779334211.0,5,4,0.000000,s5_p4
1779334211.0,5,1,0.038665,s5_p1
1779334211.0,5,2,0.101496,s5_p2
1779334211.0,5,3,0.000000,s5_p3
1779334211.0,20,1,0.000000,s20_p1
1779334211.0,20,4,0.000000,s20_p4
1779334211.0,20,2,0.809079,s20_p2
1779334211.0,20,3,1.000000,s20_p3
1779334211.0,12,4,0.000000,s12_p4
1779334211.0,12,1,0.161828,s12_p1
1779334211.0,12,2,0.000000,s12_p2
1779334211.0,12,3,0.000000,s12_p3
1779334211.0,11,4,0.000000,s11_p4
1779334211.0,11,1,0.000000,s11_p1
1779334211.0,11,2,0.067607,s11_p2
1779334211.0,11,3,0.965815,s11_p3
1779334211.0,9,1,0.000000,s9_p1
1779334211.0,9,4,0.000000,s9_p4
1779334211.0,9,2,0.000000,s9_p2
1779334211.0,9,3,0.338173,s9_p3
1779334211.0,16,1,0.000000,s16_p1
1779334211.0,16,4,0.808785,s16_p4
1779334211.0,16,2,0.000000,s16_p2
1779334211.0,16,3,0.000000,s16_p3
1779334211.0,2,1,0.000000,s2_p1
1779334211.0,2,4,0.041059,s2_p4
1779334211.0,2,2,0.000000,s2_p2
1779334211.0,2,3,0.067627,s2_p3
1779334211.0,14,4,0.000000,s14_p4
1779334211.0,14,1,0.036252,s14_p1
1779334211.0,14,2,0.161925,s14_p2
1779334211.0,14,3,0.000000,s14_p3
1779334211.0,19,1,0.000000,s19_p1
1779334211.0,19,4,0.000000,s19_p4
1779334211.0,19,2,0.000000,s19_p2
1779334211.0,19,3,0.000000,s19_p3
1779334211.0,7,1,0.000000,s7_p1
1779334211.0,7,4,0.161924,s7_p4
1779334211.0,7,2,0.000000,s7_p2
1779334211.0,7,3,0.079754,s7_p3
1779334211.0,15,4,0.000000,s15_p4
1779334211.0,15,1,0.000000,s15_p1
1779334211.0,15,2,0.171444,s15_p2
1779334211.0,15,3,0.000000,s15_p3
1779334211.0,3,4,0.000000,s3_p4
1779334211.0,3,1,0.161761,s3_p1
1779334211.0,3,2,0.000000,s3_p2
1779334211.0,3,3,0.091745,s3_p3
1779334211.0,1,4,0.183520,s1_p4
1779334211.0,1,1,0.000000,s1_p1
1779334211.0,1,2,0.000000,s1_p2
1779334211.0,1,3,0.000000,s1_p3
1779334211.0,13,1,0.098990,s13_p1
1779334211.0,13,4,0.000000,s13_p4
1779334211.0,13,2,0.000000,s13_p2
1779334211.0,13,3,0.000000,s13_p3
1779334211.0,10,4,0.989909,s10_p4
1779334211.0,10,1,0.000000,s10_p1
1779334211.0,10,2,0.000000,s10_p2
1779334211.0,10,3,0.000000,s10_p3
1779334211.0,6,1,0.048234,s6_p1
1779334211.0,6,4,0.000000,s6_p4
1779334211.0,6,2,0.113350,s6_p2
1779334211.0,6,3,0.000000,s6_p3
1779334211.0,18,4,0.000000,s18_p4
1779334211.0,18,1,0.000000,s18_p1
1779334211.0,18,2,0.000000,s18_p2
1779334211.0,18,3,0.000000,s18_p3
1779334211.0,4,1,0.067591,s4_p1
1779334211.0,4,4,0.000000,s4_p4
1779334211.0,4,2,0.000000,s4_p2
1779334211.0,4,3,0.098973,s4_p3
1779334211.0,16,1,0.000000,s16_p1
1779334211.0,16,4,0.809008,s16_p4
1779334211.0,16,2,0.000000,s16_p2
1779334211.0,16,3,0.000000,s16_p3
1779334211.0,5,4,0.000000,s5_p4
1779334211.0,5,1,0.036208,s5_p1
1779334211.0,5,2,0.098970,s5_p2
1779334211.0,5,3,0.000000,s5_p3
1779334211.0,20,1,0.000000,s20_p1
1779334211.0,20,4,0.000000,s20_p4
1779334211.0,20,2,0.808638,s20_p2
1779334211.0,20,3,0.989676,s20_p3
1779334211.0,8,4,0.000000,s8_p4
1779334211.0,8,1,0.091649,s8_p1
1779334211.0,8,2,0.079590,s8_p2
1779334211.0,8,3,0.000000,s8_p3
1779334211.0,17,4,0.458536,s17_p4
1779334211.0,17,1,0.000000,s17_p1
1779334211.0,17,2,0.337869,s17_p2
1779334211.0,17,3,0.494737,s17_p3
1779334211.0,12,4,0.000000,s12_p4
1779334211.0,12,1,0.161715,s12_p1
1779334211.0,12,2,0.000000,s12_p2
1779334211.0,12,3,0.000000,s12_p3
1779334211.0,2,1,0.000000,s2_p1
1779334211.0,2,4,0.041046,s2_p4
1779334211.0,2,2,0.000000,s2_p2
1779334211.0,2,3,0.067606,s2_p3
1779334211.0,9,1,0.000000,s9_p1
1779334211.0,9,4,0.000000,s9_p4
1779334211.0,9,2,0.000000,s9_p2
1779334211.0,9,3,0.337934,s9_p3
1779334211.0,11,4,0.000000,s11_p4
1779334211.0,11,1,0.000000,s11_p1
1779334211.0,11,2,0.067580,s11_p2
1779334211.0,11,3,0.953354,s11_p3
1779334212.0,3,4,0.000000,s3_p4
1779334212.0,3,1,0.161896,s3_p1
1779334212.0,3,2,0.000000,s3_p2
1779334212.0,3,3,0.089406,s3_p3
1779334212.0,14,4,0.000000,s14_p4
1779334212.0,14,1,0.041000,s14_p1
1779334212.0,14,2,0.159176,s14_p2
1779334212.0,14,3,0.000000,s14_p3
1779334212.0,19,1,0.000000,s19_p1
1779334212.0,19,4,0.000000,s19_p4
1779334212.0,19,2,0.000000,s19_p2
1779334212.0,19,3,0.000000,s19_p3
1779334212.0,15,4,0.000000,s15_p4
1779334212.0,15,1,0.000000,s15_p1
1779334212.0,15,2,0.166541,s15_p2
1779334212.0,15,3,0.000000,s15_p3
1779334212.0,4,1,0.067655,s4_p1
1779334212.0,4,4,0.000000,s4_p4
1779334212.0,4,2,0.000000,s4_p2
1779334212.0,4,3,0.101483,s4_p3
1779334212.0,13,1,0.101384,s13_p1
1779334212.0,13,4,0.000000,s13_p4
1779334212.0,13,2,0.000000,s13_p2
1779334212.0,13,3,0.000000,s13_p3
1779334212.0,8,4,0.000000,s8_p4
1779334212.0,8,1,0.089409,s8_p1
1779334212.0,8,2,0.077327,s8_p2
1779334212.0,8,3,0.000000,s8_p3
1779334212.0,20,1,0.000000,s20_p1
1779334212.0,20,4,0.000000,s20_p4
1779334212.0,20,2,0.809476,s20_p2
1779334212.0,20,3,1.000000,s20_p3
1779334212.0,1,4,0.183440,s1_p4
1779334212.0,1,1,0.000000,s1_p1
1779334212.0,1,2,0.000000,s1_p2
1779334212.0,1,3,0.000000,s1_p3
1779334212.0,6,1,0.050693,s6_p1
1779334212.0,6,4,0.000000,s6_p4
1779334212.0,6,2,0.108628,s6_p2
1779334212.0,6,3,0.000000,s6_p3
1779334212.0,7,1,0.000000,s7_p1
1779334212.0,7,4,0.161680,s7_p4
1779334212.0,7,2,0.000000,s7_p2
1779334212.0,7,3,0.077220,s7_p3
1779334212.0,10,4,1.000000,s10_p4
1779334212.0,10,1,0.000000,s10_p1
1779334212.0,10,2,0.000000,s10_p2
1779334212.0,10,3,0.000000,s10_p3
1779334212.0,9,1,0.000000,s9_p1
1779334212.0,9,4,0.000000,s9_p4
1779334212.0,9,2,0.000000,s9_p2
1779334212.0,9,3,0.338210,s9_p3
1779334212.0,12,4,0.000000,s12_p4
1779334212.0,12,1,0.161801,s12_p1
1779334212.0,12,2,0.000000,s12_p2
1779334212.0,12,3,0.000000,s12_p3
1779334212.0,18,4,0.000000,s18_p4
1779334212.0,18,1,0.000000,s18_p1
1779334212.0,18,2,0.000000,s18_p2
1779334212.0,18,3,0.000000,s18_p3
1779334212.0,17,4,0.458784,s17_p4
1779334212.0,17,1,0.000000,s17_p1
1779334212.0,17,2,0.338051,s17_p2
1779334212.0,17,3,0.507077,s17_p3
1779334212.0,5,4,0.000000,s5_p4
1779334212.0,5,1,0.041044,s5_p1
1779334212.0,5,2,0.101404,s5_p2
1779334212.0,5,3,0.000000,s5_p3
1779334212.0,16,1,0.000000,s16_p1
1779334212.0,16,4,0.808781,s16_p4
1779334212.0,16,2,0.000000,s16_p2
1779334212.0,16,3,0.000000,s16_p3
1779334212.0,2,1,0.000000,s2_p1
1779334212.0,2,4,0.043465,s2_p4
1779334212.0,2,2,0.000000,s2_p2
1779334212.0,2,3,0.067613,s2_p3
1779334212.0,11,4,0.000000,s11_p4
1779334212.0,11,1,0.000000,s11_p1
1779334212.0,11,2,0.067618,s11_p2
1779334212.0,11,3,0.965967,s11_p3
1779334212.0,6,1,0.048390,s6_p1
1779334212.0,6,4,0.000000,s6_p4
1779334212.0,6,2,0.120975,s6_p2
1779334212.0,6,3,0.000000,s6_p3
1779334212.0,19,1,0.000000,s19_p1
1779334212.0,19,4,0.000000,s19_p4
1779334212.0,19,2,0.000000,s19_p2
1779334212.0,19,3,0.000000,s19_p3
1779334212.0,15,4,0.000000,s15_p4
1779334212.0,15,1,0.000000,s15_p1
1779334212.0,15,2,0.171646,s15_p2
1779334212.0,15,3,0.000000,s15_p3
1779334212.0,10,4,1.000000,s10_p4
1779334212.0,10,1,0.000000,s10_p1
1779334212.0,10,2,0.000000,s10_p2
1779334212.0,10,3,0.000000,s10_p3
1779334212.0,14,4,0.000000,s14_p4
1779334212.0,14,1,0.031421,s14_p1
1779334212.0,14,2,0.169190,s14_p2
1779334212.0,14,3,0.000000,s14_p3
1779334212.0,3,4,0.000000,s3_p4
1779334212.0,3,1,0.161778,s3_p1
1779334212.0,3,2,0.000000,s3_p2
1779334212.0,3,3,0.091755,s3_p3
1779334212.0,1,4,0.186143,s1_p4
1779334212.0,1,1,0.000000,s1_p1
1779334212.0,1,2,0.000000,s1_p2
1779334212.0,1,3,0.000000,s1_p3
1779334212.0,4,1,0.067650,s4_p1
1779334212.0,4,4,0.000000,s4_p4
1779334212.0,4,2,0.000000,s4_p2
1779334212.0,4,3,0.099060,s4_p3
1779334212.0,7,1,0.000000,s7_p1
1779334212.0,7,4,0.161886,s7_p4
1779334212.0,7,2,0.000000,s7_p2
1779334212.0,7,3,0.079735,s7_p3
1779334212.0,13,1,0.099052,s13_p1
1779334212.0,13,4,0.000000,s13_p4
1779334212.0,13,2,0.000000,s13_p2
1779334212.0,13,3,0.000000,s13_p3
1779334212.0,8,4,0.000000,s8_p4
1779334212.0,8,1,0.091804,s8_p1
1779334212.0,8,2,0.079725,s8_p2
1779334212.0,8,3,0.000000,s8_p3
1779334212.0,12,4,0.000000,s12_p4
1779334212.0,12,1,0.161918,s12_p1
1779334212.0,12,2,0.000000,s12_p2
1779334212.0,12,3,0.000000,s12_p3
1779334212.0,16,1,0.000000,s16_p1
1779334212.0,16,4,0.809636,s16_p4
1779334212.0,16,2,0.000000,s16_p2
1779334212.0,16,3,0.000000,s16_p3
1779334212.0,20,1,0.000000,s20_p1
1779334212.0,20,4,0.000000,s20_p4
1779334212.0,20,2,0.808946,s20_p2
1779334212.0,20,3,1.000000,s20_p3
1779334212.0,5,4,0.000000,s5_p4
1779334212.0,5,1,0.031415,s5_p1
1779334212.0,5,2,0.099080,s5_p2
1779334212.0,5,3,0.000000,s5_p3
1779334212.0,18,4,0.000000,s18_p4
1779334212.0,18,1,0.000000,s18_p1
1779334212.0,18,2,0.000000,s18_p2
1779334212.0,18,3,0.000000,s18_p3
1779334212.0,2,1,0.000000,s2_p1
1779334212.0,2,4,0.041067,s2_p4
1779334212.0,2,2,0.000000,s2_p2
1779334212.0,2,3,0.067640,s2_p3
1779334212.0,11,4,0.000000,s11_p4
1779334212.0,11,1,0.000000,s11_p1
1779334212.0,11,2,0.067651,s11_p2
1779334212.0,11,3,0.954361,s11_p3
1779334212.0,17,4,0.446845,s17_p4
1779334212.0,17,1,0.000000,s17_p1
1779334212.0,17,2,0.338153,s17_p2
1779334212.0,17,3,0.495152,s17_p3
1779334212.0,9,1,0.000000,s9_p1
1779334212.0,9,4,0.000000,s9_p4
1779334212.0,9,2,0.000000,s9_p2
1779334212.0,9,3,0.338096,s9_p3
1779334213.0,1,4,0.183711,s1_p4
1779334213.0,1,1,0.000000,s1_p1
1779334213.0,1,2,0.000000,s1_p2
1779334213.0,1,3,0.000000,s1_p3
1779334213.0,6,1,0.055543,s6_p1
1779334213.0,6,4,0.000000,s6_p4
1779334213.0,6,2,0.101426,s6_p2
1779334213.0,6,3,0.000000,s6_p3
1779334213.0,14,4,0.000000,s14_p4
1779334213.0,14,1,0.043501,s14_p1
1779334213.0,14,2,0.157088,s14_p2
1779334213.0,14,3,0.000000,s14_p3
1779334213.0,7,1,0.000000,s7_p1
1779334213.0,7,4,0.161955,s7_p4
1779334213.0,7,2,0.000000,s7_p2
1779334213.0,7,3,0.079769,s7_p3
1779334213.0,8,4,0.000000,s8_p4
1779334213.0,8,1,0.091855,s8_p1
1779334213.0,8,2,0.077351,s8_p2
1779334213.0,8,3,0.000000,s8_p3
1779334213.0,20,1,0.000000,s20_p1
1779334213.0,20,4,0.000000,s20_p4
1779334213.0,20,2,0.810104,s20_p2
1779334213.0,20,3,1.000000,s20_p3
1779334213.0,13,1,0.101509,s13_p1
1779334213.0,13,4,0.000000,s13_p4
1779334213.0,13,2,0.000000,s13_p2
1779334213.0,13,3,0.000000,s13_p3
1779334213.0,4,1,0.067640,s4_p1
1779334213.0,4,4,0.000000,s4_p4
1779334213.0,4,2,0.000000,s4_p2
1779334213.0,4,3,0.101460,s4_p3
1779334213.0,17,4,0.459467,s17_p4
1779334213.0,17,1,0.000000,s17_p1
1779334213.0,17,2,0.338554,s17_p2
1779334213.0,17,3,0.507832,s17_p3
1779334213.0,2,1,0.000000,s2_p1
1779334213.0,2,4,0.043523,s2_p4
1779334213.0,2,2,0.000000,s2_p2
1779334213.0,2,3,0.067703,s2_p3
1779334213.0,12,4,0.000000,s12_p4
1779334213.0,12,1,0.161914,s12_p1
1779334213.0,12,2,0.000000,s12_p2
1779334213.0,12,3,0.000000,s12_p3
1779334213.0,18,4,0.000000,s18_p4
1779334213.0,18,1,0.000000,s18_p1
1779334213.0,18,2,0.000000,s18_p2
1779334213.0,18,3,0.000000,s18_p3
1779334213.0,16,1,0.000000,s16_p1
1779334213.0,16,4,0.809239,s16_p4
1779334213.0,16,2,0.000000,s16_p2
1779334213.0,16,3,0.000000,s16_p3
1779334213.0,11,4,0.000000,s11_p4
1779334213.0,11,1,0.000000,s11_p1
1779334213.0,11,2,0.067668,s11_p2
1779334213.0,11,3,0.954605,s11_p3
1779334213.0,19,1,0.000000,s19_p1
1779334213.0,19,4,0.000000,s19_p4
1779334213.0,19,2,0.000000,s19_p2
1779334213.0,19,3,0.000000,s19_p3
1779334213.0,9,1,0.000000,s9_p1
1779334213.0,9,4,0.000000,s9_p4
1779334213.0,9,2,0.000000,s9_p2
1779334213.0,9,3,0.338342,s9_p3
1779334213.0,5,4,0.000000,s5_p4
1779334213.0,5,1,0.043479,s5_p1
1779334213.0,5,2,0.101450,s5_p2
1779334213.0,5,3,0.000000,s5_p3
1779334213.0,10,4,1.000000,s10_p4
1779334213.0,10,1,0.000000,s10_p1
1779334213.0,10,2,0.000000,s10_p2
1779334213.0,10,3,0.000000,s10_p3
1779334213.0,3,4,0.000000,s3_p4
1779334213.0,3,1,0.161611,s3_p1
1779334213.0,3,2,0.000000,s3_p2
1779334213.0,3,3,0.091660,s3_p3
1779334213.0,15,4,0.000000,s15_p4
1779334213.0,15,1,0.000000,s15_p1
1779334213.0,15,2,0.171215,s15_p2
1779334213.0,15,3,0.000000,s15_p3
1779334213.0,19,1,0.000000,s19_p1
1779334213.0,19,4,0.000000,s19_p4
1779334213.0,19,2,0.000000,s19_p2
1779334213.0,19,3,0.000000,s19_p3
1779334213.0,3,4,0.000000,s3_p4
1779334213.0,3,1,0.161930,s3_p1
1779334213.0,3,2,0.000000,s3_p2
1779334213.0,3,3,0.091841,s3_p3
1779334213.0,6,1,0.050650,s6_p1
1779334213.0,6,4,0.000000,s6_p4
1779334213.0,6,2,0.120594,s6_p2
1779334213.0,6,3,0.000000,s6_p3
1779334213.0,14,4,0.000000,s14_p4
1779334213.0,14,1,0.028943,s14_p1
1779334213.0,14,2,0.171244,s14_p2
1779334213.0,14,3,0.000000,s14_p3
1779334213.0,10,4,1.000000,s10_p4
1779334213.0,10,1,0.000000,s10_p1
1779334213.0,10,2,0.000000,s10_p2
1779334213.0,10,3,0.000000,s10_p3
1779334213.0,15,4,0.000000,s15_p4
1779334213.0,15,1,0.000000,s15_p1
1779334213.0,15,2,0.169073,s15_p2
1779334213.0,15,3,0.000000,s15_p3
1779334213.0,12,4,0.000000,s12_p4
1779334213.0,12,1,0.161650,s12_p1
1779334213.0,12,2,0.000000,s12_p2
1779334213.0,12,3,0.000000,s12_p3
1779334213.0,20,1,0.000000,s20_p1
1779334213.0,20,4,0.000000,s20_p4
1779334213.0,20,2,0.807787,s20_p2
1779334213.0,20,3,1.000000,s20_p3
1779334213.0,8,4,0.000000,s8_p4
1779334213.0,8,1,0.091620,s8_p1
1779334213.0,8,2,0.079565,s8_p2
1779334213.0,8,3,0.000000,s8_p3
1779334213.0,5,4,0.000000,s5_p4
1779334213.0,5,1,0.028968,s5_p1
1779334213.0,5,2,0.101388,s5_p2
1779334213.0,5,3,0.000000,s5_p3
1779334213.0,1,4,0.185532,s1_p4
1779334213.0,1,1,0.000000,s1_p1
1779334213.0,1,2,0.000000,s1_p2
1779334213.0,1,3,0.000000,s1_p3
1779334213.0,13,1,0.098857,s13_p1
1779334213.0,13,4,0.000000,s13_p4
1779334213.0,13,2,0.000000,s13_p2
1779334213.0,13,3,0.000000,s13_p3
1779334213.0,4,1,0.069949,s4_p1
1779334213.0,4,4,0.000000,s4_p4
1779334213.0,4,2,0.000000,s4_p2
1779334213.0,4,3,0.101305,s4_p3
1779334213.0,7,1,0.000000,s7_p1
1779334213.0,7,4,0.161509,s7_p4
1779334213.0,7,2,0.000000,s7_p2
1779334213.0,7,3,0.077139,s7_p3
1779334213.0,17,4,0.458090,s17_p4
1779334213.0,17,1,0.000000,s17_p1
1779334213.0,17,2,0.349595,s17_p2
1779334213.0,17,3,0.506310,s17_p3
1779334213.0,9,1,0.000000,s9_p1
1779334213.0,9,4,0.000000,s9_p4
1779334213.0,9,2,0.000000,s9_p2
1779334213.0,9,3,0.349792,s9_p3
1779334213.0,11,4,0.000000,s11_p4
1779334213.0,11,1,0.000000,s11_p1
1779334213.0,11,2,0.069952,s11_p2
1779334213.0,11,3,0.964861,s11_p3
1779334213.0,2,1,0.000000,s2_p1
1779334213.0,2,4,0.040982,s2_p4
1779334213.0,2,2,0.000000,s2_p2
1779334213.0,2,3,0.069911,s2_p3
1779334213.0,16,1,0.000000,s16_p1
1779334213.0,16,4,0.807976,s16_p4
1779334213.0,16,2,0.000000,s16_p2
1779334213.0,16,3,0.000000,s16_p3
1779334213.0,18,4,0.000000,s18_p4
1779334213.0,18,1,0.000000,s18_p1
1779334213.0,18,2,0.000000,s18_p2
1779334213.0,18,3,0.000000,s18_p3
1779334214.0,1,4,0.183526,s1_p4
1779334214.0,1,1,0.000000,s1_p1
1779334214.0,1,2,0.000000,s1_p2
1779334214.0,1,3,0.000000,s1_p3
1779334214.0,8,4,0.000000,s8_p4
1779334214.0,8,1,0.091706,s8_p1
1779334214.0,8,2,0.079639,s8_p2
1779334214.0,8,3,0.000000,s8_p3
1779334214.0,6,1,0.053046,s6_p1
1779334214.0,6,4,0.000000,s6_p4
1779334214.0,6,2,0.106092,s6_p2
1779334214.0,6,3,0.000000,s6_p3
1779334214.0,13,1,0.101358,s13_p1
1779334214.0,13,4,0.000000,s13_p4
1779334214.0,13,2,0.000000,s13_p2
1779334214.0,13,3,0.000000,s13_p3
1779334214.0,17,4,0.458483,s17_p4
1779334214.0,17,1,0.000000,s17_p1
1779334214.0,17,2,0.337829,s17_p2
1779334214.0,17,3,0.494679,s17_p3
1779334214.0,5,4,0.000000,s5_p4
1779334214.0,5,1,0.040997,s5_p1
1779334214.0,5,2,0.098874,s5_p2
1779334214.0,5,3,0.000000,s5_p3
1779334214.0,20,1,0.000000,s20_p1
1779334214.0,20,4,0.000000,s20_p4
1779334214.0,20,2,0.807817,s20_p2
1779334214.0,20,3,1.000000,s20_p3
1779334214.0,12,4,0.000000,s12_p4
1779334214.0,12,1,0.161544,s12_p1
1779334214.0,12,2,0.000000,s12_p2
1779334214.0,12,3,0.000000,s12_p3
1779334214.0,4,1,0.067515,s4_p1
1779334214.0,4,4,0.000000,s4_p4
1779334214.0,4,2,0.000000,s4_p2
1779334214.0,4,3,0.098862,s4_p3
1779334214.0,18,4,0.000000,s18_p4
1779334214.0,18,1,0.000000,s18_p1
1779334214.0,18,2,0.000000,s18_p2
1779334214.0,18,3,0.000000,s18_p3
1779334214.0,14,4,0.000000,s14_p4
1779334214.0,14,1,0.040927,s14_p1
1779334214.0,14,2,0.158895,s14_p2
1779334214.0,14,3,0.000000,s14_p3
1779334214.0,2,1,0.000000,s2_p1
1779334214.0,2,4,0.040986,s2_p4
1779334214.0,2,2,0.000000,s2_p2
1779334214.0,2,3,0.067507,s2_p3
1779334214.0,11,4,0.000000,s11_p4
1779334214.0,11,1,0.000000,s11_p1
1779334214.0,11,2,0.067503,s11_p2
1779334214.0,11,3,0.952281,s11_p3
1779334214.0,9,1,0.000000,s9_p1
1779334214.0,9,4,0.000000,s9_p4
1779334214.0,9,2,0.000000,s9_p2
1779334214.0,9,3,0.337499,s9_p3
1779334214.0,16,1,0.000000,s16_p1
1779334214.0,16,4,0.807610,s16_p4
1779334214.0,16,2,0.000000,s16_p2
1779334214.0,16,3,0.000000,s16_p3
1779334214.0,19,1,0.000000,s19_p1
1779334214.0,19,4,0.000000,s19_p4
1779334214.0,19,2,0.000000,s19_p2
1779334214.0,19,3,0.000000,s19_p3
1779334214.0,15,4,0.000000,s15_p4
1779334214.0,15,1,0.000000,s15_p1
1779334214.0,15,2,0.170955,s15_p2
1779334214.0,15,3,0.000000,s15_p3
1779334214.0,10,4,0.998567,s10_p4
1779334214.0,10,1,0.000000,s10_p1
1779334214.0,10,2,0.000000,s10_p2
1779334214.0,10,3,0.000000,s10_p3
1779334214.0,3,4,0.000000,s3_p4
1779334214.0,3,1,0.161186,s3_p1
1779334214.0,3,2,0.000000,s3_p2
1779334214.0,3,3,0.091419,s3_p3
1779334214.0,7,1,0.000000,s7_p1
1779334214.0,7,4,0.161349,s7_p4
1779334214.0,7,2,0.000000,s7_p2
1779334214.0,7,3,0.079470,s7_p3
1779334214.0,6,1,0.033797,s6_p1
1779334214.0,6,4,0.011304,s6_p4
1779334214.0,6,2,0.065181,s6_p2
1779334214.0,6,3,0.000000,s6_p3
1779334214.0,1,4,0.048231,s1_p4
1779334214.0,1,1,0.005646,s1_p1
1779334214.0,1,2,0.005646,s1_p2
1779334214.0,1,3,0.000000,s1_p3
1779334214.0,14,4,0.056583,s14_p4
1779334214.0,14,1,0.021751,s14_p1
1779334214.0,14,2,0.099087,s14_p2
1779334214.0,14,3,0.000000,s14_p3
1779334214.0,15,4,0.000000,s15_p4
1779334214.0,15,1,0.000000,s15_p1
1779334214.0,15,2,0.043509,s15_p2
1779334214.0,15,3,0.000000,s15_p3
1779334214.0,3,4,0.000000,s3_p4
1779334214.0,3,1,0.041094,s3_p1
1779334214.0,3,2,0.000000,s3_p2
1779334214.0,3,3,0.024173,s3_p3
1779334214.0,10,4,0.604251,s10_p4
1779334214.0,10,1,0.011318,s10_p1
1779334214.0,10,2,0.000000,s10_p2
1779334214.0,10,3,0.000000,s10_p3
1779334214.0,7,1,0.000000,s7_p1
1779334214.0,7,4,0.041080,s7_p4
1779334214.0,7,2,0.000000,s7_p2
1779334214.0,7,3,0.019332,s7_p3
1779334214.0,13,1,0.026522,s13_p1
1779334214.0,13,4,0.000000,s13_p4
1779334214.0,13,2,0.000000,s13_p2
1779334214.0,13,3,0.018817,s13_p3
1779334214.0,8,4,0.000000,s8_p4
1779334214.0,8,1,0.024108,s8_p1
1779334214.0,8,2,0.019286,s8_p2
1779334214.0,8,3,0.000000,s8_p3
1779334214.0,20,1,0.056472,s20_p1
1779334214.0,20,4,0.000000,s20_p4
1779334214.0,20,2,0.205020,s20_p2
1779334214.0,20,3,0.603001,s20_p3
1779334214.0,4,1,0.016886,s4_p1
1779334214.0,4,4,0.000000,s4_p4
1779334214.0,4,2,0.000000,s4_p2
1779334214.0,4,3,0.026535,s4_p3
1779334214.0,12,4,0.000000,s12_p4
1779334214.0,12,1,0.040974,s12_p1
1779334214.0,12,2,0.000000,s12_p2
1779334214.0,12,3,0.000000,s12_p3
1779334214.0,18,4,0.000000,s18_p4
1779334214.0,18,1,0.000000,s18_p1
1779334214.0,18,2,0.000000,s18_p2
1779334214.0,18,3,0.000000,s18_p3
1779334214.0,2,1,0.003765,s2_p1
1779334214.0,2,4,0.012059,s2_p4
1779334214.0,2,2,0.000000,s2_p2
1779334214.0,2,3,0.016883,s2_p3
1779334214.0,17,4,0.120469,s17_p4
1779334214.0,17,1,0.018803,s17_p1
1779334214.0,17,2,0.084328,s17_p2
1779334214.0,17,3,0.132516,s17_p3
1779334214.0,5,4,0.000000,s5_p4
1779334214.0,5,1,0.021685,s5_p1
1779334214.0,5,2,0.026504,s5_p2
1779334214.0,5,3,0.003761,s5_p3
1779334214.0,9,1,0.000000,s9_p1
1779334214.0,9,4,0.000000,s9_p4
1779334214.0,9,2,0.003763,s9_p2
1779334214.0,9,3,0.084391,s9_p3
1779334214.0,16,1,0.000000,s16_p1
1779334214.0,16,4,0.204946,s16_p4
1779334214.0,16,2,0.000000,s16_p2
1779334214.0,16,3,0.000000,s16_p3
1779334214.0,19,1,0.000000,s19_p1
1779334214.0,19,4,0.000000,s19_p4
1779334214.0,19,2,0.000000,s19_p2
1779334214.0,19,3,0.000000,s19_p3
1779334214.0,11,4,0.000000,s11_p4
1779334214.0,11,1,0.000000,s11_p1
1779334214.0,11,2,0.016875,s11_p2
1779334214.0,11,3,0.253131,s11_p3
1779334215.0,1,4,0.000000,s1_p4
1779334215.0,1,1,0.000000,s1_p1
1779334215.0,1,2,0.000000,s1_p2
1779334215.0,1,3,0.000000,s1_p3
1779334215.0,3,4,0.000000,s3_p4
1779334215.0,3,1,0.000000,s3_p1
1779334215.0,3,2,0.000000,s3_p2
1779334215.0,3,3,0.000000,s3_p3
1779334215.0,19,1,0.000000,s19_p1
1779334215.0,19,4,0.000000,s19_p4
1779334215.0,19,2,0.000000,s19_p2
1779334215.0,19,3,0.000000,s19_p3
1779334215.0,14,4,0.000000,s14_p4
1779334215.0,14,1,0.000000,s14_p1
1779334215.0,14,2,0.000000,s14_p2
1779334215.0,14,3,0.000000,s14_p3
1779334215.0,6,1,0.000000,s6_p1
1779334215.0,6,4,0.000000,s6_p4
1779334215.0,6,2,0.000000,s6_p2
1779334215.0,6,3,0.000000,s6_p3
1779334215.0,2,1,0.000000,s2_p1
1779334215.0,2,4,0.000000,s2_p4
1779334215.0,2,2,0.000000,s2_p2
1779334215.0,2,3,0.000000,s2_p3
1779334215.0,18,4,0.000000,s18_p4
1779334215.0,18,1,0.000000,s18_p1
1779334215.0,18,2,0.000000,s18_p2
1779334215.0,18,3,0.000000,s18_p3
1779334215.0,12,4,0.000000,s12_p4
1779334215.0,12,1,0.000000,s12_p1
1779334215.0,12,2,0.000000,s12_p2
1779334215.0,12,3,0.000000,s12_p3
1779334215.0,20,1,0.000000,s20_p1
1779334215.0,20,4,0.000000,s20_p4
1779334215.0,20,2,0.000000,s20_p2
1779334215.0,20,3,0.000000,s20_p3
1779334215.0,13,1,0.000000,s13_p1
1779334215.0,13,4,0.000000,s13_p4
1779334215.0,13,2,0.000000,s13_p2
1779334215.0,13,3,0.000000,s13_p3
1779334215.0,8,4,0.000000,s8_p4
1779334215.0,8,1,0.000000,s8_p1
1779334215.0,8,2,0.000000,s8_p2
1779334215.0,8,3,0.000000,s8_p3
1779334215.0,17,4,0.000000,s17_p4
1779334215.0,17,1,0.000000,s17_p1
1779334215.0,17,2,0.000000,s17_p2
1779334215.0,17,3,0.000000,s17_p3
1779334215.0,7,1,0.000000,s7_p1
1779334215.0,7,4,0.000000,s7_p4
1779334215.0,7,2,0.000000,s7_p2
1779334215.0,7,3,0.000000,s7_p3
1779334215.0,10,4,0.000000,s10_p4
1779334215.0,10,1,0.000000,s10_p1
1779334215.0,10,2,0.000000,s10_p2
1779334215.0,10,3,0.000000,s10_p3
1779334215.0,5,4,0.000000,s5_p4
1779334215.0,5,1,0.000000,s5_p1
1779334215.0,5,2,0.000000,s5_p2
1779334215.0,5,3,0.000000,s5_p3
1779334215.0,4,1,0.000000,s4_p1
1779334215.0,4,4,0.000000,s4_p4
1779334215.0,4,2,0.000000,s4_p2
1779334215.0,4,3,0.000000,s4_p3
1779334215.0,15,4,0.000000,s15_p4
1779334215.0,15,1,0.000000,s15_p1
1779334215.0,15,2,0.000000,s15_p2
1779334215.0,15,3,0.000000,s15_p3
1779334215.0,16,1,0.000000,s16_p1
1779334215.0,16,4,0.000000,s16_p4
1779334215.0,16,2,0.000000,s16_p2
1779334215.0,16,3,0.000000,s16_p3
1779334215.0,9,1,0.000000,s9_p1
1779334215.0,9,4,0.000000,s9_p4
1779334215.0,9,2,0.000000,s9_p2
1779334215.0,9,3,0.000000,s9_p3
1779334215.0,11,4,0.000000,s11_p4
1779334215.0,11,1,0.000000,s11_p1
1779334215.0,11,2,0.000000,s11_p2
1779334215.0,11,3,0.000000,s11_p3
1779334215.0,1,4,0.000000,s1_p4
1779334215.0,1,3,0.000000,s1_p3
1779334215.0,3,4,0.000000,s3_p4
1779334215.0,3,2,0.000000,s3_p2
1779334215.0,3,3,0.000000,s3_p3
1779334215.0,19,1,0.000000,s19_p1
1779334215.0,19,4,0.000000,s19_p4
1779334215.0,19,2,0.000000,s19_p2
1779334215.0,19,3,0.000000,s19_p3
1779334215.0,6,1,0.000000,s6_p1
1779334215.0,6,4,0.000000,s6_p4
1779334215.0,6,2,0.000000,s6_p2
1779334215.0,6,3,0.000000,s6_p3
1779334215.0,13,1,0.000000,s13_p1
1779334215.0,13,4,0.000000,s13_p4
1779334215.0,13,2,0.000000,s13_p2
1779334215.0,13,3,0.000000,s13_p3
1779334215.0,17,4,0.000000,s17_p4
1779334215.0,17,1,0.000000,s17_p1
1779334215.0,17,2,0.000000,s17_p2
1779334215.0,17,3,0.000000,s17_p3
1779334215.0,8,4,0.000000,s8_p4
1779334215.0,8,1,0.000000,s8_p1
1779334215.0,8,2,0.000000,s8_p2
1779334215.0,8,3,0.000000,s8_p3
1779334215.0,20,1,0.000000,s20_p1
1779334215.0,20,4,0.000000,s20_p4
1779334215.0,20,2,0.000000,s20_p2
1779334215.0,20,3,0.000000,s20_p3
1779334215.0,12,4,0.000000,s12_p4
1779334215.0,12,1,0.000000,s12_p1
1779334215.0,12,2,0.000000,s12_p2
1779334215.0,12,3,0.000000,s12_p3
1779334215.0,14,4,0.000000,s14_p4
1779334215.0,14,1,0.000000,s14_p1
1779334215.0,14,2,0.000000,s14_p2
1779334215.0,14,3,0.000000,s14_p3
1779334215.0,2,4,0.000000,s2_p4
1779334215.0,2,3,0.000000,s2_p3
1779334215.0,7,1,0.000000,s7_p1
1779334215.0,7,4,0.000000,s7_p4
1779334215.0,7,2,0.000000,s7_p2
1779334215.0,7,3,0.000000,s7_p3
1779334215.0,18,4,0.000000,s18_p4
1779334215.0,18,1,0.000000,s18_p1
1779334215.0,18,2,0.000000,s18_p2
1779334215.0,18,3,0.000000,s18_p3
1779334215.0,4,1,0.000000,s4_p1
1779334215.0,4,4,0.000000,s4_p4
1779334215.0,4,2,0.000000,s4_p2
1779334215.0,4,3,0.000000,s4_p3
1779334215.0,5,4,0.000000,s5_p4
1779334215.0,5,1,0.000000,s5_p1
1779334215.0,5,2,0.000000,s5_p2
1779334215.0,5,3,0.000000,s5_p3
1779334215.0,16,1,0.000000,s16_p1
1779334215.0,16,4,0.000000,s16_p4
1779334215.0,16,2,0.000000,s16_p2
1779334215.0,16,3,0.000000,s16_p3
1779334215.0,15,4,0.000000,s15_p4
1779334215.0,15,1,0.000000,s15_p1
1779334215.0,15,2,0.000000,s15_p2
1779334215.0,15,3,0.000000,s15_p3
1779334215.0,10,4,0.000000,s10_p4
1779334215.0,10,1,0.000000,s10_p1
1779334215.0,10,2,0.000000,s10_p2
1779334215.0,10,3,0.000000,s10_p3
1779334215.0,9,1,0.000000,s9_p1
1779334215.0,9,4,0.000000,s9_p4
1779334215.0,9,2,0.000000,s9_p2
1779334215.0,9,3,0.000000,s9_p3
1779334215.0,11,4,0.000000,s11_p4
1779334215.0,11,1,0.000000,s11_p1
1779334215.0,11,2,0.000000,s11_p2
1779334215.0,11,3,0.000000,s11_p3
1779334216.0,14,4,0.000000,s14_p4
1779334216.0,14,1,0.000000,s14_p1
1779334216.0,14,2,0.000000,s14_p2
1779334216.0,14,3,0.000000,s14_p3
1779334216.0,19,1,0.000000,s19_p1
1779334216.0,19,4,0.000000,s19_p4
1779334216.0,19,2,0.000000,s19_p2
1779334216.0,19,3,0.000000,s19_p3
1779334216.0,3,4,0.000000,s3_p4
1779334216.0,3,3,0.000000,s3_p3
1779334216.0,10,4,0.000000,s10_p4
1779334216.0,10,1,0.000000,s10_p1
1779334216.0,10,2,0.000000,s10_p2
1779334216.0,10,3,0.000000,s10_p3
1779334216.0,8,4,0.000000,s8_p4
1779334216.0,8,1,0.000000,s8_p1
1779334216.0,8,2,0.000000,s8_p2
1779334216.0,8,3,0.000000,s8_p3
1779334216.0,20,1,0.000000,s20_p1
1779334216.0,20,4,0.000000,s20_p4
1779334216.0,20,2,0.000000,s20_p2
1779334216.0,20,3,0.000000,s20_p3
1779334216.0,7,1,0.000000,s7_p1
1779334216.0,7,4,0.000000,s7_p4
1779334216.0,7,2,0.000000,s7_p2
1779334216.0,7,3,0.000000,s7_p3
1779334216.0,15,4,0.000000,s15_p4
1779334216.0,15,1,0.000000,s15_p1
1779334216.0,15,2,0.000000,s15_p2
1779334216.0,15,3,0.000000,s15_p3
1779334216.0,6,4,0.000000,s6_p4
1779334216.0,6,2,0.000000,s6_p2
1779334216.0,6,3,0.000000,s6_p3
1779334216.0,1,4,0.000000,s1_p4
1779334216.0,1,3,0.000000,s1_p3
1779334216.0,12,4,0.000000,s12_p4
1779334216.0,12,1,0.000000,s12_p1
1779334216.0,12,2,0.000000,s12_p2
1779334216.0,12,3,0.000000,s12_p3
1779334216.0,17,4,0.000000,s17_p4
1779334216.0,17,1,0.000000,s17_p1
1779334216.0,17,2,0.000000,s17_p2
1779334216.0,17,3,0.000000,s17_p3
1779334216.0,2,4,0.000000,s2_p4
1779334216.0,2,3,0.000000,s2_p3
1779334216.0,13,1,0.000000,s13_p1
1779334216.0,13,4,0.000000,s13_p4
1779334216.0,13,2,0.000000,s13_p2
1779334216.0,13,3,0.000000,s13_p3
1779334216.0,16,1,0.000000,s16_p1
1779334216.0,16,4,0.000000,s16_p4
1779334216.0,16,2,0.000000,s16_p2
1779334216.0,16,3,0.000000,s16_p3
1779334216.0,18,4,0.000000,s18_p4
1779334216.0,18,1,0.000000,s18_p1
1779334216.0,18,2,0.000000,s18_p2
1779334216.0,18,3,0.000000,s18_p3
1779334216.0,9,1,0.000000,s9_p1
1779334216.0,9,4,0.000000,s9_p4
1779334216.0,9,2,0.000000,s9_p2
1779334216.0,9,3,0.000000,s9_p3
1779334216.0,5,4,0.000000,s5_p4
1779334216.0,5,3,0.000000,s5_p3
1779334216.0,4,4,0.000000,s4_p4
1779334216.0,4,3,0.000000,s4_p3
1779334216.0,11,4,0.000000,s11_p4
1779334216.0,11,1,0.000000,s11_p1
1779334216.0,11,2,0.000000,s11_p2
1779334216.0,11,3,0.000000,s11_p3
1779334216.0,1,4,0.000000,s1_p4
1779334216.0,1,3,0.000000,s1_p3
1779334216.0,6,4,0.000000,s6_p4
1779334216.0,6,3,0.000000,s6_p3
1779334216.0,20,1,0.000000,s20_p1
1779334216.0,20,4,0.000000,s20_p4
1779334216.0,20,2,0.000000,s20_p2
1779334216.0,20,3,0.000000,s20_p3
1779334216.0,10,4,0.000000,s10_p4
1779334216.0,10,1,0.000000,s10_p1
1779334216.0,10,2,0.000000,s10_p2
1779334216.0,10,3,0.000000,s10_p3
1779334216.0,8,4,0.000000,s8_p4
1779334216.0,8,3,0.000000,s8_p3
1779334216.0,7,4,0.000000,s7_p4
1779334216.0,7,3,0.000000,s7_p3
1779334216.0,2,4,0.000000,s2_p4
1779334216.0,2,3,0.000000,s2_p3
1779334216.0,13,1,0.000000,s13_p1
1779334216.0,13,4,0.000000,s13_p4
1779334216.0,13,2,0.000000,s13_p2
1779334216.0,13,3,0.000000,s13_p3
1779334216.0,12,4,0.000000,s12_p4
1779334216.0,12,1,0.000000,s12_p1
1779334216.0,12,2,0.000000,s12_p2
1779334216.0,12,3,0.000000,s12_p3
1779334216.0,18,4,0.000000,s18_p4
1779334216.0,18,1,0.000000,s18_p1
1779334216.0,18,2,0.000000,s18_p2
1779334216.0,18,3,0.000000,s18_p3
1779334216.0,11,4,0.000000,s11_p4
1779334216.0,11,1,0.000000,s11_p1
1779334216.0,11,2,0.000000,s11_p2
1779334216.0,11,3,0.000000,s11_p3
1779334216.0,15,4,0.000000,s15_p4
1779334216.0,15,1,0.000000,s15_p1
1779334216.0,15,2,0.000000,s15_p2
1779334216.0,15,3,0.000000,s15_p3
1779334216.0,16,1,0.000000,s16_p1
1779334216.0,16,4,0.000000,s16_p4
1779334216.0,16,2,0.000000,s16_p2
1779334216.0,16,3,0.000000,s16_p3
1779334216.0,5,4,0.000000,s5_p4
1779334216.0,5,3,0.000000,s5_p3
1779334216.0,4,4,0.000000,s4_p4
1779334216.0,4,3,0.000000,s4_p3
1779334216.0,17,4,0.000000,s17_p4
1779334216.0,17,1,0.000000,s17_p1
1779334216.0,17,2,0.000000,s17_p2
1779334216.0,17,3,0.000000,s17_p3
1779334216.0,19,1,0.000000,s19_p1
1779334216.0,19,4,0.000000,s19_p4
1779334216.0,19,2,0.000000,s19_p2
1779334216.0,19,3,0.000000,s19_p3
1779334216.0,9,1,0.000000,s9_p1
1779334216.0,9,4,0.000000,s9_p4
1779334216.0,9,2,0.000000,s9_p2
1779334216.0,9,3,0.000000,s9_p3
1779334216.0,3,4,0.000000,s3_p4
1779334216.0,3,3,0.000000,s3_p3
1779334216.0,14,4,0.000000,s14_p4
1779334216.0,14,1,0.000000,s14_p1
1779334216.0,14,2,0.000000,s14_p2
1779334216.0,14,3,0.000000,s14_p3
1779334217.0,6,4,0.000000,s6_p4
1779334217.0,6,3,0.000000,s6_p3
1779334217.0,10,4,0.000000,s10_p4
1779334217.0,10,3,0.000000,s10_p3
1779334217.0,14,4,0.000000,s14_p4
1779334217.0,14,1,0.000000,s14_p1
1779334217.0,14,2,0.000000,s14_p2
1779334217.0,14,3,0.000000,s14_p3
1779334217.0,8,4,0.000000,s8_p4
1779334217.0,8,3,0.000000,s8_p3
1779334217.0,15,4,0.000000,s15_p4
1779334217.0,15,1,0.000000,s15_p1
1779334217.0,15,2,0.000000,s15_p2
1779334217.0,15,3,0.000000,s15_p3
1779334217.0,13,1,0.000000,s13_p1
1779334217.0,13,4,0.000000,s13_p4
1779334217.0,13,2,0.000000,s13_p2
1779334217.0,13,3,0.000000,s13_p3
1779334217.0,7,4,0.000000,s7_p4
1779334217.0,7,3,0.000000,s7_p3
1779334217.0,4,4,0.000000,s4_p4
1779334217.0,4,3,0.000000,s4_p3
1779334217.0,20,1,0.000000,s20_p1
1779334217.0,20,4,0.000000,s20_p4
1779334217.0,20,2,0.000000,s20_p2
1779334217.0,20,3,0.000000,s20_p3
1779334217.0,12,4,0.000000,s12_p4
1779334217.0,12,2,0.000000,s12_p2
1779334217.0,12,3,0.000000,s12_p3
1779334217.0,5,4,0.000000,s5_p4
1779334217.0,5,3,0.000000,s5_p3
1779334217.0,18,4,0.000000,s18_p4
1779334217.0,18,1,0.000000,s18_p1
1779334217.0,18,2,0.000000,s18_p2
1779334217.0,18,3,0.000000,s18_p3
1779334217.0,17,4,0.000000,s17_p4
1779334217.0,17,1,0.000000,s17_p1
1779334217.0,17,2,0.000000,s17_p2
1779334217.0,17,3,0.000000,s17_p3
1779334217.0,11,4,0.000000,s11_p4
1779334217.0,11,2,0.000000,s11_p2
1779334217.0,11,3,0.000000,s11_p3
1779334217.0,16,1,0.000000,s16_p1
1779334217.0,16,4,0.000000,s16_p4
1779334217.0,16,2,0.000000,s16_p2
1779334217.0,16,3,0.000000,s16_p3
1779334217.0,9,4,0.000000,s9_p4
1779334217.0,9,3,0.000000,s9_p3
1779334217.0,19,1,0.000000,s19_p1
1779334217.0,19,4,0.000000,s19_p4
1779334217.0,19,2,0.000000,s19_p2
1779334217.0,19,3,0.000000,s19_p3
1779334217.0,19,1,0.000000,s19_p1
1779334217.0,19,4,0.000000,s19_p4
1779334217.0,19,2,0.000000,s19_p2
1779334217.0,19,3,0.000000,s19_p3
1779334217.0,13,4,0.000000,s13_p4
1779334217.0,13,3,0.000000,s13_p3
1779334217.0,14,4,0.000000,s14_p4
1779334217.0,14,3,0.000000,s14_p3
1779334217.0,10,4,0.000000,s10_p4
1779334217.0,10,3,0.000000,s10_p3
1779334217.0,8,4,0.000000,s8_p4
1779334217.0,8,3,0.000000,s8_p3
1779334217.0,15,4,0.000000,s15_p4
1779334217.0,15,2,0.000000,s15_p2
1779334217.0,15,3,0.000000,s15_p3
1779334217.0,12,4,0.000000,s12_p4
1779334217.0,12,3,0.000000,s12_p3
1779334217.0,18,4,0.000000,s18_p4
1779334217.0,18,1,0.000000,s18_p1
1779334217.0,18,2,0.000000,s18_p2
1779334217.0,18,3,0.000000,s18_p3
1779334217.0,20,1,0.000000,s20_p1
1779334217.0,20,4,0.000000,s20_p4
1779334217.0,20,2,0.000000,s20_p2
1779334217.0,20,3,0.000000,s20_p3
1779334217.0,17,4,0.000000,s17_p4
1779334217.0,17,1,0.000000,s17_p1
1779334217.0,17,2,0.000000,s17_p2
1779334217.0,17,3,0.000000,s17_p3
1779334217.0,16,4,0.000000,s16_p4
1779334217.0,16,2,0.000000,s16_p2
1779334217.0,16,3,0.000000,s16_p3
1779334217.0,11,4,0.000000,s11_p4
1779334217.0,11,3,0.000000,s11_p3
1779334217.0,9,4,0.000000,s9_p4
1779334217.0,9,3,0.000000,s9_p3
1779334218.0,19,4,0.000000,s19_p4
1779334218.0,19,2,0.000000,s19_p2
1779334218.0,19,3,0.000000,s19_p3
1779334218.0,18,4,0.000000,s18_p4
1779334218.0,18,2,0.000000,s18_p2
1779334218.0,18,3,0.000000,s18_p3
1779334218.0,20,4,0.000000,s20_p4
1779334218.0,20,2,0.000000,s20_p2
1779334218.0,20,3,0.000000,s20_p3
1779334218.0,12,4,0.000000,s12_p4
1779334218.0,12,3,0.000000,s12_p3
1779334218.0,13,4,0.000000,s13_p4
1779334218.0,13,3,0.000000,s13_p3
1779334218.0,14,4,0.000000,s14_p4
1779334218.0,14,3,0.000000,s14_p3
1779334218.0,15,4,0.000000,s15_p4
1779334218.0,15,3,0.000000,s15_p3
1779334218.0,16,4,0.000000,s16_p4
1779334218.0,16,3,0.000000,s16_p3
1779334218.0,11,4,0.000000,s11_p4
1779334218.0,17,4,0.000000,s17_p4
1779334218.0,17,3,0.000000,s17_p3
1779334218.0,19,4,0.000000,s19_p4
1779334218.0,14,4,0.000000,s14_p4
1779334218.0,17,4,0.000000,s17_p4
1779334218.0,16,4,0.000000,s16_p4
1779334218.0,16,3,0.000000,s16_p3
1779334218.0,20,4,0.000000,s20_p4
1779334218.0,20,3,0.000000,s20_p3
1779334218.0,15,4,0.000000,s15_p4
1779334218.0,15,3,0.000000,s15_p3
1779334218.0,18,4,0.000000,s18_p4
