timestamp,dpid,port_no,utilization,link_label
1779284599,1,4,0.000000,s1_p4
1779284599,1,1,0.000000,s1_p1
1779284599,1,2,0.000000,s1_p2
1779284599,1,3,0.000000,s1_p3
1779284599,10,1,0.000000,s10_p1
1779284599,10,4,0.000000,s10_p4
1779284599,10,2,0.000000,s10_p2
1779284599,10,3,0.000000,s10_p3
1779284599,3,4,0.000000,s3_p4
1779284599,3,1,0.000000,s3_p1
1779284599,3,2,0.000000,s3_p2
1779284599,3,3,0.000000,s3_p3
1779284599,2,1,0.000000,s2_p1
1779284599,2,4,0.000000,s2_p4
1779284599,2,2,0.000000,s2_p2
1779284599,2,3,0.000000,s2_p3
1779284599,9,4,0.000000,s9_p4
1779284599,9,1,0.000000,s9_p1
1779284599,9,2,0.000000,s9_p2
1779284599,9,3,0.000000,s9_p3
1779284600,1,4,0.000000,s1_p4
1779284600,1,1,0.000000,s1_p1
1779284600,1,2,0.000000,s1_p2
1779284600,1,3,0.000000,s1_p3
1779284600,3,4,0.000000,s3_p4
1779284600,3,1,0.000000,s3_p1
1779284600,3,2,0.000000,s3_p2
1779284600,3,3,0.000000,s3_p3
1779284600,10,1,0.000000,s10_p1
1779284600,10,4,0.000000,s10_p4
1779284600,10,2,0.000000,s10_p2
1779284600,10,3,0.000000,s10_p3
1779284600,5,4,0.000000,s5_p4
1779284600,5,1,0.000000,s5_p1
1779284600,5,2,0.000000,s5_p2
1779284600,5,3,0.000000,s5_p3
1779284600,4,4,0.000000,s4_p4
1779284600,4,1,0.000000,s4_p1
1779284600,4,2,0.000000,s4_p2
1779284600,4,3,0.000000,s4_p3
1779284600,12,4,0.000000,s12_p4
1779284600,12,1,0.000000,s12_p1
1779284600,12,2,0.000000,s12_p2
1779284600,12,3,0.000000,s12_p3
1779284600,2,1,0.000000,s2_p1
1779284600,2,4,0.000000,s2_p4
1779284600,2,2,0.000000,s2_p2
1779284600,2,3,0.000000,s2_p3
1779284600,11,4,0.000000,s11_p4
1779284600,11,1,0.000000,s11_p1
1779284600,11,2,0.000000,s11_p2
1779284600,11,3,0.000000,s11_p3
1779284600,9,4,0.000000,s9_p4
1779284600,9,1,0.000000,s9_p1
1779284600,9,2,0.000000,s9_p2
1779284600,9,3,0.000000,s9_p3
1779284601,1,4,0.000000,s1_p4
1779284601,1,1,0.000000,s1_p1
1779284601,1,2,0.000000,s1_p2
1779284601,1,3,0.000000,s1_p3
1779284601,14,1,0.000000,s14_p1
1779284601,14,4,0.000000,s14_p4
1779284601,14,2,0.000000,s14_p2
1779284601,14,3,0.000000,s14_p3
1779284601,10,1,0.000000,s10_p1
1779284601,10,4,0.000000,s10_p4
1779284601,10,2,0.000000,s10_p2
1779284601,10,3,0.000000,s10_p3
1779284601,5,4,0.000000,s5_p4
1779284601,5,1,0.000000,s5_p1
1779284601,5,2,0.000000,s5_p2
1779284601,5,3,0.000000,s5_p3
1779284601,3,4,0.000000,s3_p4
1779284601,3,1,0.000000,s3_p1
1779284601,3,2,0.000000,s3_p2
1779284601,3,3,0.000000,s3_p3
1779284601,8,4,0.000000,s8_p4
1779284601,8,1,0.000000,s8_p1
1779284601,8,2,0.000000,s8_p2
1779284601,8,3,0.000000,s8_p3
1779284601,13,4,0.000000,s13_p4
1779284601,13,1,0.000000,s13_p1
1779284601,13,2,0.000000,s13_p2
1779284601,13,3,0.000000,s13_p3
1779284601,7,1,0.000000,s7_p1
1779284601,7,4,0.000000,s7_p4
1779284601,7,2,0.000000,s7_p2
1779284601,7,3,0.000000,s7_p3
1779284601,12,4,0.000000,s12_p4
1779284601,12,1,0.000000,s12_p1
1779284601,12,2,0.000000,s12_p2
1779284601,12,3,0.000000,s12_p3
1779284601,4,4,0.000000,s4_p4
1779284601,4,1,0.000000,s4_p1
1779284601,4,2,0.000000,s4_p2
1779284601,4,3,0.000000,s4_p3
1779284601,9,4,0.000000,s9_p4
1779284601,9,1,0.000000,s9_p1
1779284601,9,2,0.000000,s9_p2
1779284601,9,3,0.000000,s9_p3
1779284601,11,4,0.000000,s11_p4
1779284601,11,1,0.000000,s11_p1
1779284601,11,2,0.000000,s11_p2
1779284601,11,3,0.000000,s11_p3
1779284601,6,1,0.000000,s6_p1
1779284601,6,4,0.000000,s6_p4
1779284601,6,2,0.000000,s6_p2
1779284601,6,3,0.000000,s6_p3
1779284601,2,1,0.000000,s2_p1
1779284601,2,4,0.000000,s2_p4
1779284601,2,2,0.000000,s2_p2
1779284601,2,3,0.000000,s2_p3
1779284602,1,4,0.000000,s1_p4
1779284602,1,1,0.000000,s1_p1
1779284602,1,2,0.000000,s1_p2
1779284602,1,3,0.000000,s1_p3
1779284602,14,1,0.000000,s14_p1
1779284602,14,4,0.000000,s14_p4
1779284602,14,2,0.000000,s14_p2
1779284602,14,3,0.000000,s14_p3
1779284602,8,4,0.000000,s8_p4
1779284602,8,1,0.000000,s8_p1
1779284602,8,2,0.000000,s8_p2
1779284602,8,3,0.000000,s8_p3
1779284602,3,4,0.000000,s3_p4
1779284602,3,1,0.000000,s3_p1
1779284602,3,2,0.000000,s3_p2
1779284602,3,3,0.000000,s3_p3
1779284602,15,4,0.000000,s15_p4
1779284602,15,1,0.000000,s15_p1
1779284602,15,2,0.000000,s15_p2
1779284602,15,3,0.000000,s15_p3
1779284602,10,1,0.000000,s10_p1
1779284602,10,4,0.000000,s10_p4
1779284602,10,2,0.000000,s10_p2
1779284602,10,3,0.000000,s10_p3
1779284602,7,1,0.000000,s7_p1
1779284602,7,4,0.000000,s7_p4
1779284602,7,2,0.000000,s7_p2
1779284602,7,3,0.000000,s7_p3
1779284602,13,4,0.000000,s13_p4
1779284602,13,1,0.000000,s13_p1
1779284602,13,2,0.000000,s13_p2
1779284602,13,3,0.000000,s13_p3
1779284602,4,4,0.000000,s4_p4
1779284602,4,1,0.000000,s4_p1
1779284602,4,2,0.000000,s4_p2
1779284602,4,3,0.000000,s4_p3
1779284602,5,4,0.000000,s5_p4
1779284602,5,1,0.000000,s5_p1
1779284602,5,2,0.000000,s5_p2
1779284602,5,3,0.000000,s5_p3
1779284602,17,1,0.000000,s17_p1
1779284602,17,4,0.000000,s17_p4
1779284602,17,2,0.000000,s17_p2
1779284602,17,3,0.000000,s17_p3
1779284602,12,4,0.000000,s12_p4
1779284602,12,1,0.000000,s12_p1
1779284602,12,2,0.000000,s12_p2
1779284602,12,3,0.000000,s12_p3
1779284602,18,1,0.000000,s18_p1
1779284602,18,4,0.000000,s18_p4
1779284602,18,2,0.000000,s18_p2
1779284602,18,3,0.000000,s18_p3
1779284602,9,4,0.000000,s9_p4
1779284602,9,1,0.000000,s9_p1
1779284602,9,2,0.000000,s9_p2
1779284602,9,3,0.000000,s9_p3
1779284602,11,4,0.000000,s11_p4
1779284602,11,1,0.000000,s11_p1
1779284602,11,2,0.000000,s11_p2
1779284602,11,3,0.000000,s11_p3
1779284602,2,1,0.000000,s2_p1
1779284602,2,4,0.000000,s2_p4
1779284602,2,2,0.000000,s2_p2
1779284602,2,3,0.000000,s2_p3
1779284602,16,1,0.000000,s16_p1
1779284602,16,4,0.000000,s16_p4
1779284602,16,2,0.000000,s16_p2
1779284602,16,3,0.000000,s16_p3
1779284602,6,1,0.000000,s6_p1
1779284602,6,4,0.000000,s6_p4
1779284602,6,2,0.000000,s6_p2
1779284602,6,3,0.000000,s6_p3
1779284603,1,4,0.000000,s1_p4
1779284603,1,1,0.000000,s1_p1
1779284603,1,2,0.000000,s1_p2
1779284603,1,3,0.000000,s1_p3
1779284603,10,1,0.000000,s10_p1
1779284603,10,4,0.000000,s10_p4
1779284603,10,2,0.000000,s10_p2
1779284603,10,3,0.000000,s10_p3
1779284603,15,4,0.000000,s15_p4
1779284603,15,1,0.000000,s15_p1
1779284603,15,2,0.000000,s15_p2
1779284603,15,3,0.000000,s15_p3
1779284603,3,4,0.000000,s3_p4
1779284603,3,1,0.000000,s3_p1
1779284603,3,2,0.000000,s3_p2
1779284603,3,3,0.000000,s3_p3
1779284603,14,1,0.000000,s14_p1
1779284603,14,4,0.000000,s14_p4
1779284603,14,2,0.000000,s14_p2
1779284603,14,3,0.000000,s14_p3
1779284603,7,1,0.000000,s7_p1
1779284603,7,4,0.000000,s7_p4
1779284603,7,2,0.000000,s7_p2
1779284603,7,3,0.000000,s7_p3
1779284603,8,4,0.000000,s8_p4
1779284603,8,1,0.000000,s8_p1
1779284603,8,2,0.000000,s8_p2
1779284603,8,3,0.000000,s8_p3
1779284603,13,4,0.000000,s13_p4
1779284603,13,1,0.000000,s13_p1
1779284603,13,2,0.000000,s13_p2
1779284603,13,3,0.000000,s13_p3
1779284603,4,4,0.000000,s4_p4
1779284603,4,1,0.000000,s4_p1
1779284603,4,2,0.000000,s4_p2
1779284603,4,3,0.000000,s4_p3
1779284603,16,1,0.000000,s16_p1
1779284603,16,4,0.000000,s16_p4
1779284603,16,2,0.000000,s16_p2
1779284603,16,3,0.000000,s16_p3
1779284603,9,4,0.000000,s9_p4
1779284603,9,1,0.000000,s9_p1
1779284603,9,2,0.000000,s9_p2
1779284603,9,3,0.000000,s9_p3
1779284603,11,4,0.000000,s11_p4
1779284603,11,1,0.000000,s11_p1
1779284603,11,2,0.000000,s11_p2
1779284603,11,3,0.000000,s11_p3
1779284603,20,1,0.000000,s20_p1
1779284603,20,4,0.000000,s20_p4
1779284603,20,2,0.000000,s20_p2
1779284603,20,3,0.000000,s20_p3
1779284603,2,1,0.000000,s2_p1
1779284603,2,4,0.000000,s2_p4
1779284603,2,2,0.000000,s2_p2
1779284603,2,3,0.000000,s2_p3
1779284603,18,1,0.000000,s18_p1
1779284603,18,4,0.000000,s18_p4
1779284603,18,2,0.000000,s18_p2
1779284603,18,3,0.000000,s18_p3
1779284603,5,4,0.000000,s5_p4
1779284603,5,1,0.000000,s5_p1
1779284603,5,2,0.000000,s5_p2
1779284603,5,3,0.000000,s5_p3
1779284603,12,4,0.000000,s12_p4
1779284603,12,1,0.000000,s12_p1
1779284603,12,2,0.000000,s12_p2
1779284603,12,3,0.000000,s12_p3
1779284603,17,1,0.000000,s17_p1
1779284603,17,4,0.000000,s17_p4
1779284603,17,2,0.000000,s17_p2
1779284603,17,3,0.000000,s17_p3
1779284603,19,1,0.000000,s19_p1
1779284603,19,4,0.000000,s19_p4
1779284603,19,2,0.000000,s19_p2
1779284603,19,3,0.000000,s19_p3
1779284603,6,1,0.000000,s6_p1
1779284603,6,4,0.000000,s6_p4
1779284603,6,2,0.000000,s6_p2
1779284603,6,3,0.000000,s6_p3
1779284604,15,4,0.000000,s15_p4
1779284604,15,1,0.000000,s15_p1
1779284604,15,2,0.000000,s15_p2
1779284604,15,3,0.000000,s15_p3
1779284604,16,1,0.000000,s16_p1
1779284604,16,4,0.000000,s16_p4
1779284604,16,2,0.000000,s16_p2
1779284604,16,3,0.000000,s16_p3
1779284604,20,1,0.000000,s20_p1
1779284604,20,4,0.000000,s20_p4
1779284604,20,2,0.000000,s20_p2
1779284604,20,3,0.000000,s20_p3
1779284604,19,1,0.000000,s19_p1
1779284604,19,4,0.000000,s19_p4
1779284604,19,2,0.000000,s19_p2
1779284604,19,3,0.000000,s19_p3
1779284604,13,4,0.000000,s13_p4
1779284604,13,1,0.000000,s13_p1
1779284604,13,2,0.000000,s13_p2
1779284604,13,3,0.000000,s13_p3
1779284604,6,1,0.000000,s6_p1
1779284604,6,4,0.000000,s6_p4
1779284604,6,2,0.000000,s6_p2
1779284604,6,3,0.000000,s6_p3
1779284604,7,1,0.000000,s7_p1
1779284604,7,4,0.000000,s7_p4
1779284604,7,2,0.000000,s7_p2
1779284604,7,3,0.000000,s7_p3
1779284604,2,1,0.000000,s2_p1
1779284604,2,4,0.000000,s2_p4
1779284604,2,2,0.000000,s2_p2
1779284604,2,3,0.000000,s2_p3
1779284604,17,1,0.000000,s17_p1
1779284604,17,4,0.000000,s17_p4
1779284604,17,2,0.000000,s17_p2
1779284604,17,3,0.000000,s17_p3
1779284604,11,4,0.000000,s11_p4
1779284604,11,1,0.000000,s11_p1
1779284604,11,2,0.000000,s11_p2
1779284604,11,3,0.000000,s11_p3
1779284604,5,4,0.000000,s5_p4
1779284604,5,1,0.000000,s5_p1
1779284604,5,2,0.000000,s5_p2
1779284604,5,3,0.000000,s5_p3
1779284604,3,4,0.000000,s3_p4
1779284604,3,1,0.000000,s3_p1
1779284604,3,2,0.000000,s3_p2
1779284604,3,3,0.000000,s3_p3
1779284604,10,1,0.000000,s10_p1
1779284604,10,4,0.000000,s10_p4
1779284604,10,2,0.000000,s10_p2
1779284604,10,3,0.000000,s10_p3
1779284604,1,4,0.000000,s1_p4
1779284604,1,1,0.000000,s1_p1
1779284604,1,2,0.000000,s1_p2
1779284604,1,3,0.000000,s1_p3
1779284604,9,4,0.000000,s9_p4
1779284604,9,1,0.000000,s9_p1
1779284604,9,2,0.000000,s9_p2
1779284604,9,3,0.000000,s9_p3
1779284604,18,1,0.000000,s18_p1
1779284604,18,4,0.000000,s18_p4
1779284604,18,2,0.000000,s18_p2
1779284604,18,3,0.000000,s18_p3
1779284604,4,4,0.000000,s4_p4
1779284604,4,1,0.000000,s4_p1
1779284604,4,2,0.000000,s4_p2
1779284604,4,3,0.000000,s4_p3
1779284604,8,4,0.000000,s8_p4
1779284604,8,1,0.000000,s8_p1
1779284604,8,2,0.000000,s8_p2
1779284604,8,3,0.000000,s8_p3
1779284604,12,4,0.000000,s12_p4
1779284604,12,1,0.000000,s12_p1
1779284604,12,2,0.000000,s12_p2
1779284604,12,3,0.000000,s12_p3
1779284604,14,1,0.000000,s14_p1
1779284604,14,4,0.000000,s14_p4
1779284604,14,2,0.000000,s14_p2
1779284604,14,3,0.000000,s14_p3
1779284605,6,1,0.000000,s6_p1
1779284605,6,4,0.000000,s6_p4
1779284605,6,2,0.000000,s6_p2
1779284605,6,3,0.000000,s6_p3
1779284605,19,1,0.000000,s19_p1
1779284605,19,4,0.000000,s19_p4
1779284605,19,2,0.000000,s19_p2
1779284605,19,3,0.000000,s19_p3
1779284605,3,4,0.000000,s3_p4
1779284605,3,1,0.000000,s3_p1
1779284605,3,2,0.000000,s3_p2
1779284605,3,3,0.000000,s3_p3
1779284605,10,1,0.000000,s10_p1
1779284605,10,4,0.000000,s10_p4
1779284605,10,2,0.000000,s10_p2
1779284605,10,3,0.000000,s10_p3
1779284605,1,4,0.000000,s1_p4
1779284605,1,1,0.000000,s1_p1
1779284605,1,2,0.000000,s1_p2
1779284605,1,3,0.000000,s1_p3
1779284605,13,4,0.000000,s13_p4
1779284605,13,1,0.000000,s13_p1
1779284605,13,2,0.000000,s13_p2
1779284605,13,3,0.000000,s13_p3
1779284605,14,1,0.000000,s14_p1
1779284605,14,4,0.000000,s14_p4
1779284605,14,2,0.000000,s14_p2
1779284605,14,3,0.000000,s14_p3
1779284605,7,1,0.000000,s7_p1
1779284605,7,4,0.000000,s7_p4
1779284605,7,2,0.000000,s7_p2
1779284605,7,3,0.000000,s7_p3
1779284605,8,4,0.000000,s8_p4
1779284605,8,1,0.000000,s8_p1
1779284605,8,2,0.000000,s8_p2
1779284605,8,3,0.000000,s8_p3
1779284605,15,4,0.000000,s15_p4
1779284605,15,1,0.000000,s15_p1
1779284605,15,2,0.000000,s15_p2
1779284605,15,3,0.000000,s15_p3
1779284605,20,1,0.000000,s20_p1
1779284605,20,4,0.000000,s20_p4
1779284605,20,2,0.000000,s20_p2
1779284605,20,3,0.000000,s20_p3
1779284605,4,4,0.000000,s4_p4
1779284605,4,1,0.000000,s4_p1
1779284605,4,2,0.000000,s4_p2
1779284605,4,3,0.000000,s4_p3
1779284605,18,1,0.000000,s18_p1
1779284605,18,4,0.000000,s18_p4
1779284605,18,2,0.000000,s18_p2
1779284605,18,3,0.000000,s18_p3
1779284605,5,4,0.000000,s5_p4
1779284605,5,1,0.000000,s5_p1
1779284605,5,2,0.000000,s5_p2
1779284605,5,3,0.000000,s5_p3
1779284605,12,4,0.000000,s12_p4
1779284605,12,1,0.000000,s12_p1
1779284605,12,2,0.000000,s12_p2
1779284605,12,3,0.000000,s12_p3
1779284605,2,1,0.000000,s2_p1
1779284605,2,4,0.000000,s2_p4
1779284605,2,2,0.000000,s2_p2
1779284605,2,3,0.000000,s2_p3
1779284605,9,4,0.000000,s9_p4
1779284605,9,1,0.000000,s9_p1
1779284605,9,2,0.000000,s9_p2
1779284605,9,3,0.000000,s9_p3
1779284605,17,1,0.000000,s17_p1
1779284605,17,4,0.000000,s17_p4
1779284605,17,2,0.000000,s17_p2
1779284605,17,3,0.000000,s17_p3
1779284605,16,1,0.000000,s16_p1
1779284605,16,4,0.000000,s16_p4
1779284605,16,2,0.000000,s16_p2
1779284605,16,3,0.000000,s16_p3
1779284605,11,4,0.000000,s11_p4
1779284605,11,1,0.000000,s11_p1
1779284605,11,2,0.000000,s11_p2
1779284605,11,3,0.000000,s11_p3
1779284606,6,1,0.000000,s6_p1
1779284606,6,4,0.000000,s6_p4
1779284606,6,2,0.000000,s6_p2
1779284606,6,3,0.000000,s6_p3
1779284606,3,4,0.000000,s3_p4
1779284606,3,1,0.000000,s3_p1
1779284606,3,2,0.000000,s3_p2
1779284606,3,3,0.000000,s3_p3
1779284606,1,4,0.000000,s1_p4
1779284606,1,1,0.000000,s1_p1
1779284606,1,2,0.000000,s1_p2
1779284606,1,3,0.000000,s1_p3
1779284606,10,1,0.000000,s10_p1
1779284606,10,4,0.000000,s10_p4
1779284606,10,2,0.000000,s10_p2
1779284606,10,3,0.000000,s10_p3
1779284606,15,4,0.000000,s15_p4
1779284606,15,1,0.000000,s15_p1
1779284606,15,2,0.000000,s15_p2
1779284606,15,3,0.000000,s15_p3
1779284606,14,1,0.000000,s14_p1
1779284606,14,4,0.000000,s14_p4
1779284606,14,2,0.000000,s14_p2
1779284606,14,3,0.000000,s14_p3
1779284606,20,1,0.000000,s20_p1
1779284606,20,4,0.000000,s20_p4
1779284606,20,2,0.000000,s20_p2
1779284606,20,3,0.000000,s20_p3
1779284606,8,4,0.000000,s8_p4
1779284606,8,1,0.000000,s8_p1
1779284606,8,2,0.000000,s8_p2
1779284606,8,3,0.000000,s8_p3
1779284606,5,4,0.000000,s5_p4
1779284606,5,1,0.000000,s5_p1
1779284606,5,2,0.000000,s5_p2
1779284606,5,3,0.000000,s5_p3
1779284606,7,1,0.000000,s7_p1
1779284606,7,4,0.000000,s7_p4
1779284606,7,2,0.000000,s7_p2
1779284606,7,3,0.000000,s7_p3
1779284606,4,4,0.000000,s4_p4
1779284606,4,1,0.000000,s4_p1
1779284606,4,2,0.000000,s4_p2
1779284606,4,3,0.000000,s4_p3
1779284606,18,1,0.000000,s18_p1
1779284606,18,4,0.000000,s18_p4
1779284606,18,2,0.000000,s18_p2
1779284606,18,3,0.000000,s18_p3
1779284606,12,4,0.000000,s12_p4
1779284606,12,1,0.000000,s12_p1
1779284606,12,2,0.000000,s12_p2
1779284606,12,3,0.000000,s12_p3
1779284606,9,4,0.000000,s9_p4
1779284606,9,1,0.000000,s9_p1
1779284606,9,2,0.000000,s9_p2
1779284606,9,3,0.000000,s9_p3
1779284606,17,1,0.000000,s17_p1
1779284606,17,4,0.000000,s17_p4
1779284606,17,2,0.000000,s17_p2
1779284606,17,3,0.000000,s17_p3
1779284606,13,4,0.000000,s13_p4
1779284606,13,1,0.000000,s13_p1
1779284606,13,2,0.000000,s13_p2
1779284606,13,3,0.000000,s13_p3
1779284606,11,4,0.000000,s11_p4
1779284606,11,1,0.000000,s11_p1
1779284606,11,2,0.000000,s11_p2
1779284606,11,3,0.000000,s11_p3
1779284606,16,1,0.000000,s16_p1
1779284606,16,4,0.000000,s16_p4
1779284606,16,2,0.000000,s16_p2
1779284606,16,3,0.000000,s16_p3
1779284606,2,1,0.000000,s2_p1
1779284606,2,4,0.000000,s2_p4
1779284606,2,2,0.000000,s2_p2
1779284606,2,3,0.000000,s2_p3
1779284606,19,1,0.000000,s19_p1
1779284606,19,4,0.000000,s19_p4
1779284606,19,2,0.000000,s19_p2
1779284606,19,3,0.000000,s19_p3
1779284607,6,1,0.000000,s6_p1
1779284607,6,4,0.000000,s6_p4
1779284607,6,2,0.000000,s6_p2
1779284607,6,3,0.000000,s6_p3
1779284607,1,4,0.000000,s1_p4
1779284607,1,1,0.000000,s1_p1
1779284607,1,2,0.000000,s1_p2
1779284607,1,3,0.000000,s1_p3
1779284607,13,4,0.000000,s13_p4
1779284607,13,1,0.000000,s13_p1
1779284607,13,2,0.000000,s13_p2
1779284607,13,3,0.000000,s13_p3
1779284607,15,4,0.000000,s15_p4
1779284607,15,1,0.000000,s15_p1
1779284607,15,2,0.000000,s15_p2
1779284607,15,3,0.000000,s15_p3
1779284607,8,4,0.000000,s8_p4
1779284607,8,1,0.000000,s8_p1
1779284607,8,2,0.000000,s8_p2
1779284607,8,3,0.000000,s8_p3
1779284607,3,4,0.000000,s3_p4
1779284607,3,1,0.000000,s3_p1
1779284607,3,2,0.000000,s3_p2
1779284607,3,3,0.000000,s3_p3
1779284607,10,1,0.000000,s10_p1
1779284607,10,4,0.000000,s10_p4
1779284607,10,2,0.000000,s10_p2
1779284607,10,3,0.000000,s10_p3
1779284607,14,1,0.000000,s14_p1
1779284607,14,4,0.000000,s14_p4
1779284607,14,2,0.000000,s14_p2
1779284607,14,3,0.000000,s14_p3
1779284607,18,1,0.000000,s18_p1
1779284607,18,4,0.000000,s18_p4
1779284607,18,2,0.000000,s18_p2
1779284607,18,3,0.000000,s18_p3
1779284607,4,4,0.000000,s4_p4
1779284607,4,1,0.000000,s4_p1
1779284607,4,2,0.000000,s4_p2
1779284607,4,3,0.000000,s4_p3
1779284607,12,4,0.000000,s12_p4
1779284607,12,1,0.000000,s12_p1
1779284607,12,2,0.000000,s12_p2
1779284607,12,3,0.000000,s12_p3
1779284607,7,1,0.000000,s7_p1
1779284607,7,4,0.000000,s7_p4
1779284607,7,2,0.000000,s7_p2
1779284607,7,3,0.000000,s7_p3
1779284607,5,4,0.000000,s5_p4
1779284607,5,1,0.000000,s5_p1
1779284607,5,2,0.000000,s5_p2
1779284607,5,3,0.000000,s5_p3
1779284607,20,1,0.000000,s20_p1
1779284607,20,4,0.000000,s20_p4
1779284607,20,2,0.000000,s20_p2
1779284607,20,3,0.000000,s20_p3
1779284607,17,1,0.000000,s17_p1
1779284607,17,4,0.000000,s17_p4
1779284607,17,2,0.000000,s17_p2
1779284607,17,3,0.000000,s17_p3
1779284607,9,4,0.000000,s9_p4
1779284607,9,1,0.000000,s9_p1
1779284607,9,2,0.000000,s9_p2
1779284607,9,3,0.000000,s9_p3
1779284607,11,4,0.000000,s11_p4
1779284607,11,1,0.000000,s11_p1
1779284607,11,2,0.000000,s11_p2
1779284607,11,3,0.000000,s11_p3
1779284607,16,1,0.000000,s16_p1
1779284607,16,4,0.000000,s16_p4
1779284607,16,2,0.000000,s16_p2
1779284607,16,3,0.000000,s16_p3
1779284607,2,1,0.000000,s2_p1
1779284607,2,4,0.000000,s2_p4
1779284607,2,2,0.000000,s2_p2
1779284607,2,3,0.000000,s2_p3
1779284607,19,1,0.000000,s19_p1
1779284607,19,4,0.000000,s19_p4
1779284607,19,2,0.000000,s19_p2
1779284607,19,3,0.000000,s19_p3
1779284608,14,1,0.000000,s14_p1
1779284608,14,4,0.000000,s14_p4
1779284608,14,2,0.000000,s14_p2
1779284608,14,3,0.000000,s14_p3
1779284608,20,1,0.000000,s20_p1
1779284608,20,4,0.000000,s20_p4
1779284608,20,2,0.000000,s20_p2
1779284608,20,3,0.000000,s20_p3
1779284608,7,1,0.000000,s7_p1
1779284608,7,4,0.000000,s7_p4
1779284608,7,2,0.000000,s7_p2
1779284608,7,3,0.000000,s7_p3
1779284608,10,1,0.000000,s10_p1
1779284608,10,4,0.000000,s10_p4
1779284608,10,2,0.000000,s10_p2
1779284608,10,3,0.000000,s10_p3
1779284608,13,4,0.000000,s13_p4
1779284608,13,1,0.000000,s13_p1
1779284608,13,2,0.000000,s13_p2
1779284608,13,3,0.000000,s13_p3
1779284608,3,4,0.000000,s3_p4
1779284608,3,1,0.000000,s3_p1
1779284608,3,2,0.000000,s3_p2
1779284608,3,3,0.000000,s3_p3
1779284608,6,1,0.000000,s6_p1
1779284608,6,4,0.000000,s6_p4
1779284608,6,2,0.000000,s6_p2
1779284608,6,3,0.000000,s6_p3
1779284608,1,4,0.000000,s1_p4
1779284608,1,1,0.000000,s1_p1
1779284608,1,2,0.000000,s1_p2
1779284608,1,3,0.000000,s1_p3
1779284608,8,4,0.000000,s8_p4
1779284608,8,1,0.000000,s8_p1
1779284608,8,2,0.000000,s8_p2
1779284608,8,3,0.000000,s8_p3
1779284608,19,1,0.000000,s19_p1
1779284608,19,4,0.000000,s19_p4
1779284608,19,2,0.000000,s19_p2
1779284608,19,3,0.000000,s19_p3
1779284608,15,4,0.000000,s15_p4
1779284608,15,1,0.000000,s15_p1
1779284608,15,2,0.000000,s15_p2
1779284608,15,3,0.000000,s15_p3
1779284608,12,4,0.000000,s12_p4
1779284608,12,1,0.000000,s12_p1
1779284608,12,2,0.000000,s12_p2
1779284608,12,3,0.000000,s12_p3
1779284608,5,4,0.000000,s5_p4
1779284608,5,1,0.000000,s5_p1
1779284608,5,2,0.000000,s5_p2
1779284608,5,3,0.000000,s5_p3
1779284608,4,4,0.000000,s4_p4
1779284608,4,1,0.000000,s4_p1
1779284608,4,2,0.000000,s4_p2
1779284608,4,3,0.000000,s4_p3
1779284608,16,1,0.000000,s16_p1
1779284608,16,4,0.000000,s16_p4
1779284608,16,2,0.000000,s16_p2
1779284608,16,3,0.000000,s16_p3
1779284608,2,1,0.000000,s2_p1
1779284608,2,4,0.000000,s2_p4
1779284608,2,2,0.000000,s2_p2
1779284608,2,3,0.000000,s2_p3
1779284608,9,4,0.000000,s9_p4
1779284608,9,1,0.000000,s9_p1
1779284608,9,2,0.000000,s9_p2
1779284608,9,3,0.000000,s9_p3
1779284608,17,1,0.000000,s17_p1
1779284608,17,4,0.000000,s17_p4
1779284608,17,2,0.000000,s17_p2
1779284608,17,3,0.000000,s17_p3
1779284608,11,4,0.000000,s11_p4
1779284608,11,1,0.000000,s11_p1
1779284608,11,2,0.000000,s11_p2
1779284608,11,3,0.000000,s11_p3
1779284608,18,1,0.000000,s18_p1
1779284608,18,4,0.000000,s18_p4
1779284608,18,2,0.000000,s18_p2
1779284608,18,3,0.000000,s18_p3
1779284609,3,4,0.000000,s3_p4
1779284609,3,1,0.000000,s3_p1
1779284609,3,2,0.000000,s3_p2
1779284609,3,3,0.000000,s3_p3
1779284609,19,1,0.000000,s19_p1
1779284609,19,4,0.000000,s19_p4
1779284609,19,2,0.000000,s19_p2
1779284609,19,3,0.000000,s19_p3
1779284609,10,1,0.000000,s10_p1
1779284609,10,4,0.000000,s10_p4
1779284609,10,2,0.000000,s10_p2
1779284609,10,3,0.000000,s10_p3
1779284609,15,4,0.000000,s15_p4
1779284609,15,1,0.000000,s15_p1
1779284609,15,2,0.000000,s15_p2
1779284609,15,3,0.000000,s15_p3
1779284609,6,1,0.000000,s6_p1
1779284609,6,4,0.000000,s6_p4
1779284609,6,2,0.000000,s6_p2
1779284609,6,3,0.000000,s6_p3
1779284609,1,4,0.000000,s1_p4
1779284609,1,1,0.000000,s1_p1
1779284609,1,2,0.000000,s1_p2
1779284609,1,3,0.000000,s1_p3
1779284609,14,1,0.000000,s14_p1
1779284609,14,4,0.000000,s14_p4
1779284609,14,2,0.000000,s14_p2
1779284609,14,3,0.000000,s14_p3
1779284609,16,1,0.000000,s16_p1
1779284609,16,4,0.000000,s16_p4
1779284609,16,2,0.000000,s16_p2
1779284609,16,3,0.000000,s16_p3
1779284609,12,4,0.000000,s12_p4
1779284609,12,1,0.000000,s12_p1
1779284609,12,2,0.000000,s12_p2
1779284609,12,3,0.000000,s12_p3
1779284609,20,1,0.000000,s20_p1
1779284609,20,4,0.000000,s20_p4
1779284609,20,2,0.000000,s20_p2
1779284609,20,3,0.000000,s20_p3
1779284609,5,4,0.000000,s5_p4
1779284609,5,1,0.000000,s5_p1
1779284609,5,2,0.000000,s5_p2
1779284609,5,3,0.000000,s5_p3
1779284609,11,4,0.000000,s11_p4
1779284609,11,1,0.000000,s11_p1
1779284609,11,2,0.000000,s11_p2
1779284609,11,3,0.000000,s11_p3
1779284609,4,4,0.000000,s4_p4
1779284609,4,1,0.000000,s4_p1
1779284609,4,2,0.000000,s4_p2
1779284609,4,3,0.000000,s4_p3
1779284609,18,1,0.000000,s18_p1
1779284609,18,4,0.000000,s18_p4
1779284609,18,2,0.000000,s18_p2
1779284609,18,3,0.000000,s18_p3
1779284609,13,4,0.000000,s13_p4
1779284609,13,1,0.000000,s13_p1
1779284609,13,2,0.000000,s13_p2
1779284609,13,3,0.000000,s13_p3
1779284609,2,1,0.000000,s2_p1
1779284609,2,4,0.000000,s2_p4
1779284609,2,2,0.000000,s2_p2
1779284609,2,3,0.000000,s2_p3
1779284609,17,1,0.000000,s17_p1
1779284609,17,4,0.000000,s17_p4
1779284609,17,2,0.000000,s17_p2
1779284609,17,3,0.000000,s17_p3
1779284609,8,4,0.000000,s8_p4
1779284609,8,1,0.000000,s8_p1
1779284609,8,2,0.000000,s8_p2
1779284609,8,3,0.000000,s8_p3
1779284609,7,1,0.000000,s7_p1
1779284609,7,4,0.000000,s7_p4
1779284609,7,2,0.000000,s7_p2
1779284609,7,3,0.000000,s7_p3
1779284609,9,4,0.000000,s9_p4
1779284609,9,1,0.000000,s9_p1
1779284609,9,2,0.000000,s9_p2
1779284609,9,3,0.000000,s9_p3
1779284610,19,1,0.000000,s19_p1
1779284610,19,4,0.000000,s19_p4
1779284610,19,2,0.000000,s19_p2
1779284610,19,3,0.000000,s19_p3
1779284610,6,1,0.000000,s6_p1
1779284610,6,4,0.000000,s6_p4
1779284610,6,2,0.000000,s6_p2
1779284610,6,3,0.000000,s6_p3
1779284610,3,4,0.000000,s3_p4
1779284610,3,1,0.000000,s3_p1
1779284610,3,2,0.000000,s3_p2
1779284610,3,3,0.000000,s3_p3
1779284610,1,4,0.000000,s1_p4
1779284610,1,1,0.000000,s1_p1
1779284610,1,2,0.000000,s1_p2
1779284610,1,3,0.000000,s1_p3
1779284610,14,1,0.000000,s14_p1
1779284610,14,4,0.000000,s14_p4
1779284610,14,2,0.000000,s14_p2
1779284610,14,3,0.000000,s14_p3
1779284610,10,1,0.000000,s10_p1
1779284610,10,4,0.000000,s10_p4
1779284610,10,2,0.000000,s10_p2
1779284610,10,3,0.000000,s10_p3
1779284610,7,1,0.000000,s7_p1
1779284610,7,4,0.000000,s7_p4
1779284610,7,2,0.000000,s7_p2
1779284610,7,3,0.000000,s7_p3
1779284610,15,4,0.000000,s15_p4
1779284610,15,1,0.000000,s15_p1
1779284610,15,2,0.000000,s15_p2
1779284610,15,3,0.000000,s15_p3
1779284610,4,4,0.000000,s4_p4
1779284610,4,1,0.000000,s4_p1
1779284610,4,2,0.000000,s4_p2
1779284610,4,3,0.000000,s4_p3
1779284610,20,1,0.000000,s20_p1
1779284610,20,4,0.000000,s20_p4
1779284610,20,2,0.000000,s20_p2
1779284610,20,3,0.000000,s20_p3
1779284610,13,4,0.000000,s13_p4
1779284610,13,1,0.000000,s13_p1
1779284610,13,2,0.000000,s13_p2
1779284610,13,3,0.000000,s13_p3
1779284610,8,4,0.000000,s8_p4
1779284610,8,1,0.000000,s8_p1
1779284610,8,2,0.000000,s8_p2
1779284610,8,3,0.000000,s8_p3
1779284610,16,1,0.000000,s16_p1
1779284610,16,4,0.000000,s16_p4
1779284610,16,2,0.000000,s16_p2
1779284610,16,3,0.000000,s16_p3
1779284610,11,4,0.000000,s11_p4
1779284610,11,1,0.000000,s11_p1
1779284610,11,2,0.000000,s11_p2
1779284610,11,3,0.000000,s11_p3
1779284610,12,4,0.000000,s12_p4
1779284610,12,1,0.000000,s12_p1
1779284610,12,2,0.000000,s12_p2
1779284610,12,3,0.000000,s12_p3
1779284610,18,1,0.000000,s18_p1
1779284610,18,4,0.000000,s18_p4
1779284610,18,2,0.000000,s18_p2
1779284610,18,3,0.000000,s18_p3
1779284610,2,1,0.000000,s2_p1
1779284610,2,4,0.000000,s2_p4
1779284610,2,2,0.000000,s2_p2
1779284610,2,3,0.000000,s2_p3
1779284610,9,4,0.000000,s9_p4
1779284610,9,1,0.000000,s9_p1
1779284610,9,2,0.000000,s9_p2
1779284610,9,3,0.000000,s9_p3
1779284610,5,4,0.000000,s5_p4
1779284610,5,1,0.000000,s5_p1
1779284610,5,2,0.000000,s5_p2
1779284610,5,3,0.000000,s5_p3
1779284610,17,1,0.000000,s17_p1
1779284610,17,4,0.000000,s17_p4
1779284610,17,2,0.000000,s17_p2
1779284610,17,3,0.000000,s17_p3
1779284611,3,4,0.000000,s3_p4
1779284611,3,1,0.000000,s3_p1
1779284611,3,2,0.000000,s3_p2
1779284611,3,3,0.000000,s3_p3
1779284611,19,1,0.000000,s19_p1
1779284611,19,4,0.000000,s19_p4
1779284611,19,2,0.000000,s19_p2
1779284611,19,3,0.000000,s19_p3
1779284611,13,4,0.000000,s13_p4
1779284611,13,1,0.000000,s13_p1
1779284611,13,2,0.000000,s13_p2
1779284611,13,3,0.000000,s13_p3
1779284611,15,4,0.000000,s15_p4
1779284611,15,1,0.000000,s15_p1
1779284611,15,2,0.000000,s15_p2
1779284611,15,3,0.000000,s15_p3
1779284611,7,1,0.000000,s7_p1
1779284611,7,4,0.000000,s7_p4
1779284611,7,2,0.000000,s7_p2
1779284611,7,3,0.000000,s7_p3
1779284611,17,1,0.000000,s17_p1
1779284611,17,4,0.000000,s17_p4
1779284611,17,2,0.000000,s17_p2
1779284611,17,3,0.000000,s17_p3
1779284611,14,1,0.000000,s14_p1
1779284611,14,4,0.000000,s14_p4
1779284611,14,2,0.000000,s14_p2
1779284611,14,3,0.000000,s14_p3
1779284611,1,4,0.000000,s1_p4
1779284611,1,1,0.000000,s1_p1
1779284611,1,2,0.000000,s1_p2
1779284611,1,3,0.000000,s1_p3
1779284611,5,4,0.000000,s5_p4
1779284611,5,1,0.000000,s5_p1
1779284611,5,2,0.000000,s5_p2
1779284611,5,3,0.000000,s5_p3
1779284611,6,1,0.000000,s6_p1
1779284611,6,4,0.000000,s6_p4
1779284611,6,2,0.000000,s6_p2
1779284611,6,3,0.000000,s6_p3
1779284611,9,4,0.000000,s9_p4
1779284611,9,1,0.000000,s9_p1
1779284611,9,2,0.000000,s9_p2
1779284611,9,3,0.000000,s9_p3
1779284611,20,1,0.000000,s20_p1
1779284611,20,4,0.000000,s20_p4
1779284611,20,2,0.000000,s20_p2
1779284611,20,3,0.000000,s20_p3
1779284611,10,1,0.000000,s10_p1
1779284611,10,4,0.000000,s10_p4
1779284611,10,2,0.000000,s10_p2
1779284611,10,3,0.000000,s10_p3
1779284611,8,4,0.000000,s8_p4
1779284611,8,1,0.000000,s8_p1
1779284611,8,2,0.000000,s8_p2
1779284611,8,3,0.000000,s8_p3
1779284611,18,1,0.000000,s18_p1
1779284611,18,4,0.000000,s18_p4
1779284611,18,2,0.000000,s18_p2
1779284611,18,3,0.000000,s18_p3
1779284611,2,1,0.000000,s2_p1
1779284611,2,4,0.000000,s2_p4
1779284611,2,2,0.000000,s2_p2
1779284611,2,3,0.000000,s2_p3
1779284611,11,4,0.000000,s11_p4
1779284611,11,1,0.000000,s11_p1
1779284611,11,2,0.000000,s11_p2
1779284611,11,3,0.000000,s11_p3
1779284611,16,1,0.000000,s16_p1
1779284611,16,4,0.000000,s16_p4
1779284611,16,2,0.000000,s16_p2
1779284611,16,3,0.000000,s16_p3
1779284611,12,4,0.000000,s12_p4
1779284611,12,1,0.000000,s12_p1
1779284611,12,2,0.000000,s12_p2
1779284611,12,3,0.000000,s12_p3
1779284611,4,4,0.000000,s4_p4
1779284611,4,1,0.000000,s4_p1
1779284611,4,2,0.000000,s4_p2
1779284611,4,3,0.000000,s4_p3
1779284612,1,4,0.000000,s1_p4
1779284612,1,1,0.000000,s1_p1
1779284612,1,2,0.000000,s1_p2
1779284612,1,3,0.000000,s1_p3
1779284612,17,1,0.000000,s17_p1
1779284612,17,4,0.000000,s17_p4
1779284612,17,2,0.000000,s17_p2
1779284612,17,3,0.000000,s17_p3
1779284612,20,1,0.000000,s20_p1
1779284612,20,4,0.000000,s20_p4
1779284612,20,2,0.000000,s20_p2
1779284612,20,3,0.000000,s20_p3
1779284612,15,4,0.000000,s15_p4
1779284612,15,1,0.000000,s15_p1
1779284612,15,2,0.000000,s15_p2
1779284612,15,3,0.000000,s15_p3
1779284612,10,1,0.000000,s10_p1
1779284612,10,4,0.000000,s10_p4
1779284612,10,2,0.000000,s10_p2
1779284612,10,3,0.000000,s10_p3
1779284612,2,1,0.000000,s2_p1
1779284612,2,4,0.000000,s2_p4
1779284612,2,2,0.000000,s2_p2
1779284612,2,3,0.000000,s2_p3
1779284612,19,1,0.000000,s19_p1
1779284612,19,4,0.000000,s19_p4
1779284612,19,2,0.000000,s19_p2
1779284612,19,3,0.000000,s19_p3
1779284612,7,1,0.000000,s7_p1
1779284612,7,4,0.000000,s7_p4
1779284612,7,2,0.000000,s7_p2
1779284612,7,3,0.000000,s7_p3
1779284612,3,4,0.000000,s3_p4
1779284612,3,1,0.000000,s3_p1
1779284612,3,2,0.000000,s3_p2
1779284612,3,3,0.000000,s3_p3
1779284612,13,4,0.000000,s13_p4
1779284612,13,1,0.000000,s13_p1
1779284612,13,2,0.000000,s13_p2
1779284612,13,3,0.000000,s13_p3
1779284612,9,4,0.000000,s9_p4
1779284612,9,1,0.000000,s9_p1
1779284612,9,2,0.000000,s9_p2
1779284612,9,3,0.000000,s9_p3
1779284612,5,4,0.000000,s5_p4
1779284612,5,1,0.000000,s5_p1
1779284612,5,2,0.000000,s5_p2
1779284612,5,3,0.000000,s5_p3
1779284612,16,1,0.000000,s16_p1
1779284612,16,4,0.000000,s16_p4
1779284612,16,2,0.000000,s16_p2
1779284612,16,3,0.000000,s16_p3
1779284612,11,4,0.000000,s11_p4
1779284612,11,1,0.000000,s11_p1
1779284612,11,2,0.000000,s11_p2
1779284612,11,3,0.000000,s11_p3
1779284612,4,4,0.000000,s4_p4
1779284612,4,1,0.000000,s4_p1
1779284612,4,2,0.000000,s4_p2
1779284612,4,3,0.000000,s4_p3
1779284612,8,4,0.000000,s8_p4
1779284612,8,1,0.000000,s8_p1
1779284612,8,2,0.000000,s8_p2
1779284612,8,3,0.000000,s8_p3
1779284612,18,1,0.000000,s18_p1
1779284612,18,4,0.000000,s18_p4
1779284612,18,2,0.000000,s18_p2
1779284612,18,3,0.000000,s18_p3
1779284612,12,4,0.000000,s12_p4
1779284612,12,1,0.000000,s12_p1
1779284612,12,2,0.000000,s12_p2
1779284612,12,3,0.000000,s12_p3
1779284612,6,1,0.000000,s6_p1
1779284612,6,4,0.000000,s6_p4
1779284612,6,2,0.000000,s6_p2
1779284612,6,3,0.000000,s6_p3
1779284612,14,1,0.000000,s14_p1
1779284612,14,4,0.000000,s14_p4
1779284612,14,2,0.000000,s14_p2
1779284612,14,3,0.000000,s14_p3
1779284613,19,1,0.000000,s19_p1
1779284613,19,4,0.000000,s19_p4
1779284613,19,2,0.000000,s19_p2
1779284613,19,3,0.000000,s19_p3
1779284613,6,1,0.000000,s6_p1
1779284613,6,4,0.000000,s6_p4
1779284613,6,2,0.000000,s6_p2
1779284613,6,3,0.000000,s6_p3
1779284613,1,4,0.000000,s1_p4
1779284613,1,1,0.000000,s1_p1
1779284613,1,2,0.000000,s1_p2
1779284613,1,3,0.000000,s1_p3
1779284613,14,1,0.000000,s14_p1
1779284613,14,4,0.000000,s14_p4
1779284613,14,2,0.000000,s14_p2
1779284613,14,3,0.000000,s14_p3
1779284613,10,1,0.000000,s10_p1
1779284613,10,4,0.000000,s10_p4
1779284613,10,2,0.000000,s10_p2
1779284613,10,3,0.000000,s10_p3
1779284613,3,4,0.000000,s3_p4
1779284613,3,1,0.000000,s3_p1
1779284613,3,2,0.000000,s3_p2
1779284613,3,3,0.000000,s3_p3
1779284613,15,4,0.000000,s15_p4
1779284613,15,1,0.000000,s15_p1
1779284613,15,2,0.000000,s15_p2
1779284613,15,3,0.000000,s15_p3
1779284613,13,4,0.000000,s13_p4
1779284613,13,1,0.000000,s13_p1
1779284613,13,2,0.000000,s13_p2
1779284613,13,3,0.000000,s13_p3
1779284613,7,1,0.000000,s7_p1
1779284613,7,4,0.000000,s7_p4
1779284613,7,2,0.000000,s7_p2
1779284613,7,3,0.000000,s7_p3
1779284613,8,4,0.000000,s8_p4
1779284613,8,1,0.000000,s8_p1
1779284613,8,2,0.000000,s8_p2
1779284613,8,3,0.000000,s8_p3
1779284613,4,4,0.000000,s4_p4
1779284613,4,1,0.000000,s4_p1
1779284613,4,2,0.000000,s4_p2
1779284613,4,3,0.000000,s4_p3
1779284613,2,1,0.000000,s2_p1
1779284613,2,4,0.000000,s2_p4
1779284613,2,2,0.000000,s2_p2
1779284613,2,3,0.000000,s2_p3
1779284613,18,1,0.000000,s18_p1
1779284613,18,4,0.000000,s18_p4
1779284613,18,2,0.000000,s18_p2
1779284613,18,3,0.000000,s18_p3
1779284613,17,1,0.000000,s17_p1
1779284613,17,4,0.000000,s17_p4
1779284613,17,2,0.000000,s17_p2
1779284613,17,3,0.000000,s17_p3
1779284613,20,1,0.000000,s20_p1
1779284613,20,4,0.000000,s20_p4
1779284613,20,2,0.000000,s20_p2
1779284613,20,3,0.000000,s20_p3
1779284613,12,4,0.000000,s12_p4
1779284613,12,1,0.000000,s12_p1
1779284613,12,2,0.000000,s12_p2
1779284613,12,3,0.000000,s12_p3
1779284613,5,4,0.000000,s5_p4
1779284613,5,1,0.000000,s5_p1
1779284613,5,2,0.000000,s5_p2
1779284613,5,3,0.000000,s5_p3
1779284613,9,4,0.000000,s9_p4
1779284613,9,1,0.000000,s9_p1
1779284613,9,2,0.000000,s9_p2
1779284613,9,3,0.000000,s9_p3
1779284613,16,1,0.000000,s16_p1
1779284613,16,4,0.000000,s16_p4
1779284613,16,2,0.000000,s16_p2
1779284613,16,3,0.000000,s16_p3
1779284613,11,4,0.000000,s11_p4
1779284613,11,1,0.000000,s11_p1
1779284613,11,2,0.000000,s11_p2
1779284613,11,3,0.000000,s11_p3
1779284614,7,1,0.000000,s7_p1
1779284614,7,4,0.000000,s7_p4
1779284614,7,2,0.000000,s7_p2
1779284614,7,3,0.000000,s7_p3
1779284614,15,4,0.000000,s15_p4
1779284614,15,1,0.000000,s15_p1
1779284614,15,2,0.000000,s15_p2
1779284614,15,3,0.000000,s15_p3
1779284614,19,1,0.000000,s19_p1
1779284614,19,4,0.000000,s19_p4
1779284614,19,2,0.000000,s19_p2
1779284614,19,3,0.000000,s19_p3
1779284614,5,4,0.000000,s5_p4
1779284614,5,1,0.000000,s5_p1
1779284614,5,2,0.000000,s5_p2
1779284614,5,3,0.000000,s5_p3
1779284614,11,4,0.000000,s11_p4
1779284614,11,1,0.000000,s11_p1
1779284614,11,2,0.000000,s11_p2
1779284614,11,3,0.000000,s11_p3
1779284614,4,4,0.000000,s4_p4
1779284614,4,1,0.000000,s4_p1
1779284614,4,2,0.000000,s4_p2
1779284614,4,3,0.000000,s4_p3
1779284614,18,1,0.000000,s18_p1
1779284614,18,4,0.000000,s18_p4
1779284614,18,2,0.000000,s18_p2
1779284614,18,3,0.000000,s18_p3
1779284614,13,4,0.000000,s13_p4
1779284614,13,1,0.000000,s13_p1
1779284614,13,2,0.000000,s13_p2
1779284614,13,3,0.000000,s13_p3
1779284614,3,4,0.000000,s3_p4
1779284614,3,1,0.000000,s3_p1
1779284614,3,2,0.000000,s3_p2
1779284614,3,3,0.000000,s3_p3
1779284614,17,1,0.000000,s17_p1
1779284614,17,4,0.000000,s17_p4
1779284614,17,2,0.000000,s17_p2
1779284614,17,3,0.000000,s17_p3
1779284614,9,4,0.000000,s9_p4
1779284614,9,1,0.000000,s9_p1
1779284614,9,2,0.000000,s9_p2
1779284614,9,3,0.000000,s9_p3
1779284614,16,1,0.000000,s16_p1
1779284614,16,4,0.000000,s16_p4
1779284614,16,2,0.000000,s16_p2
1779284614,16,3,0.000000,s16_p3
1779284614,6,1,0.000000,s6_p1
1779284614,6,4,0.000000,s6_p4
1779284614,6,2,0.000000,s6_p2
1779284614,6,3,0.000000,s6_p3
1779284614,1,4,0.000000,s1_p4
1779284614,1,1,0.000000,s1_p1
1779284614,1,2,0.000000,s1_p2
1779284614,1,3,0.000000,s1_p3
1779284614,2,1,0.000000,s2_p1
1779284614,2,4,0.000000,s2_p4
1779284614,2,2,0.000000,s2_p2
1779284614,2,3,0.000000,s2_p3
1779284614,12,4,0.000000,s12_p4
1779284614,12,1,0.000000,s12_p1
1779284614,12,2,0.000000,s12_p2
1779284614,12,3,0.000000,s12_p3
1779284614,10,1,0.000000,s10_p1
1779284614,10,4,0.000000,s10_p4
1779284614,10,2,0.000000,s10_p2
1779284614,10,3,0.000000,s10_p3
1779284614,20,1,0.000000,s20_p1
1779284614,20,4,0.000000,s20_p4
1779284614,20,2,0.000000,s20_p2
1779284614,20,3,0.000000,s20_p3
1779284614,14,1,0.000000,s14_p1
1779284614,14,4,0.000000,s14_p4
1779284614,14,2,0.000000,s14_p2
1779284614,14,3,0.000000,s14_p3
1779284614,8,4,0.000000,s8_p4
1779284614,8,1,0.000000,s8_p1
1779284614,8,2,0.000000,s8_p2
1779284614,8,3,0.000000,s8_p3
1779284615,19,1,0.000000,s19_p1
1779284615,19,4,0.000000,s19_p4
1779284615,19,2,0.000000,s19_p2
1779284615,19,3,0.000000,s19_p3
1779284615,10,1,0.000000,s10_p1
1779284615,10,4,0.000000,s10_p4
1779284615,10,2,0.000000,s10_p2
1779284615,10,3,0.000000,s10_p3
1779284615,6,1,0.000000,s6_p1
1779284615,6,4,0.000000,s6_p4
1779284615,6,2,0.000000,s6_p2
1779284615,6,3,0.000000,s6_p3
1779284615,3,4,0.000000,s3_p4
1779284615,3,1,0.000000,s3_p1
1779284615,3,2,0.000000,s3_p2
1779284615,3,3,0.000000,s3_p3
1779284615,14,1,0.000000,s14_p1
1779284615,14,4,0.000000,s14_p4
1779284615,14,2,0.000000,s14_p2
1779284615,14,3,0.000000,s14_p3
1779284615,1,4,0.000000,s1_p4
1779284615,1,1,0.000000,s1_p1
1779284615,1,2,0.000000,s1_p2
1779284615,1,3,0.000000,s1_p3
1779284615,20,1,0.000000,s20_p1
1779284615,20,4,0.000000,s20_p4
1779284615,20,2,0.000000,s20_p2
1779284615,20,3,0.000000,s20_p3
1779284615,13,4,0.000000,s13_p4
1779284615,13,1,0.000000,s13_p1
1779284615,13,2,0.000000,s13_p2
1779284615,13,3,0.000000,s13_p3
1779284615,15,4,0.000000,s15_p4
1779284615,15,1,0.000000,s15_p1
1779284615,15,2,0.000000,s15_p2
1779284615,15,3,0.000000,s15_p3
1779284615,7,1,0.000000,s7_p1
1779284615,7,4,0.000000,s7_p4
1779284615,7,2,0.000000,s7_p2
1779284615,7,3,0.000000,s7_p3
1779284615,12,4,0.000000,s12_p4
1779284615,12,1,0.000000,s12_p1
1779284615,12,2,0.000000,s12_p2
1779284615,12,3,0.000000,s12_p3
1779284615,4,4,0.000000,s4_p4
1779284615,4,1,0.000000,s4_p1
1779284615,4,2,0.000000,s4_p2
1779284615,4,3,0.000000,s4_p3
1779284615,18,1,0.000000,s18_p1
1779284615,18,4,0.000000,s18_p4
1779284615,18,2,0.000000,s18_p2
1779284615,18,3,0.000000,s18_p3
1779284615,8,4,0.000000,s8_p4
1779284615,8,1,0.000000,s8_p1
1779284615,8,2,0.000000,s8_p2
1779284615,8,3,0.000000,s8_p3
1779284615,17,1,0.000000,s17_p1
1779284615,17,4,0.000000,s17_p4
1779284615,17,2,0.000000,s17_p2
1779284615,17,3,0.000000,s17_p3
1779284615,16,1,0.000000,s16_p1
1779284615,16,4,0.000000,s16_p4
1779284615,16,2,0.000000,s16_p2
1779284615,16,3,0.000000,s16_p3
1779284615,11,4,0.000000,s11_p4
1779284615,11,1,0.000000,s11_p1
1779284615,11,2,0.000000,s11_p2
1779284615,11,3,0.000000,s11_p3
1779284615,5,4,0.000000,s5_p4
1779284615,5,1,0.000000,s5_p1
1779284615,5,2,0.000000,s5_p2
1779284615,5,3,0.000000,s5_p3
1779284615,2,1,0.000000,s2_p1
1779284615,2,4,0.000000,s2_p4
1779284615,2,2,0.000000,s2_p2
1779284615,2,3,0.000000,s2_p3
1779284615,9,4,0.000000,s9_p4
1779284615,9,1,0.000000,s9_p1
1779284615,9,2,0.000000,s9_p2
1779284615,9,3,0.000000,s9_p3
1779284615,3,4,0.000000,s3_p4
1779284615,3,1,0.000000,s3_p1
1779284615,3,2,0.000000,s3_p2
1779284615,3,3,0.000000,s3_p3
1779284615,15,4,0.000000,s15_p4
1779284615,15,1,0.000000,s15_p1
1779284615,15,2,0.000000,s15_p2
1779284615,15,3,0.000000,s15_p3
1779284615,13,4,0.000000,s13_p4
1779284615,13,1,0.000000,s13_p1
1779284615,13,2,0.000000,s13_p2
1779284615,13,3,0.000000,s13_p3
1779284615,7,1,0.000000,s7_p1
1779284615,7,4,0.000000,s7_p4
1779284615,7,2,0.000000,s7_p2
1779284615,7,3,0.000000,s7_p3
1779284615,8,4,0.000000,s8_p4
1779284615,8,1,0.000000,s8_p1
1779284615,8,2,0.000000,s8_p2
1779284615,8,3,0.000000,s8_p3
1779284615,14,1,0.000000,s14_p1
1779284615,14,4,0.000000,s14_p4
1779284615,14,2,0.000000,s14_p2
1779284615,14,3,0.000000,s14_p3
1779284615,11,4,0.000000,s11_p4
1779284615,11,1,0.000000,s11_p1
1779284615,11,2,0.000000,s11_p2
1779284615,11,3,0.000000,s11_p3
1779284615,19,1,0.000000,s19_p1
1779284615,19,4,0.000000,s19_p4
1779284615,19,2,0.000000,s19_p2
1779284615,19,3,0.000000,s19_p3
1779284615,9,4,0.000000,s9_p4
1779284615,9,1,0.000000,s9_p1
1779284615,9,2,0.000000,s9_p2
1779284615,9,3,0.000000,s9_p3
1779284615,1,4,0.000000,s1_p4
1779284615,1,1,0.000000,s1_p1
1779284615,1,2,0.000000,s1_p2
1779284615,1,3,0.000000,s1_p3
1779284615,5,4,0.000000,s5_p4
1779284615,5,1,0.000000,s5_p1
1779284615,5,2,0.000000,s5_p2
1779284615,5,3,0.000000,s5_p3
1779284615,10,1,0.000000,s10_p1
1779284615,10,4,0.000000,s10_p4
1779284615,10,2,0.000000,s10_p2
1779284615,10,3,0.000000,s10_p3
1779284615,2,1,0.000000,s2_p1
1779284615,2,4,0.000000,s2_p4
1779284615,2,2,0.000000,s2_p2
1779284615,2,3,0.000000,s2_p3
1779284615,17,1,0.000000,s17_p1
1779284615,17,4,0.000000,s17_p4
1779284615,17,2,0.000000,s17_p2
1779284615,17,3,0.000000,s17_p3
1779284615,20,1,0.000000,s20_p1
1779284615,20,4,0.000000,s20_p4
1779284615,20,2,0.000000,s20_p2
1779284615,20,3,0.000000,s20_p3
1779284615,18,1,0.000000,s18_p1
1779284615,18,4,0.000000,s18_p4
1779284615,18,2,0.000000,s18_p2
1779284615,18,3,0.000000,s18_p3
1779284615,6,1,0.000000,s6_p1
1779284615,6,4,0.000000,s6_p4
1779284615,6,2,0.000000,s6_p2
1779284615,6,3,0.000000,s6_p3
1779284615,16,1,0.000000,s16_p1
1779284615,16,4,0.000000,s16_p4
1779284615,16,2,0.000000,s16_p2
1779284615,16,3,0.000000,s16_p3
1779284615,12,4,0.000000,s12_p4
1779284615,12,1,0.000000,s12_p1
1779284615,12,2,0.000000,s12_p2
1779284615,12,3,0.000000,s12_p3
1779284615,4,4,0.000000,s4_p4
1779284615,4,1,0.000000,s4_p1
1779284615,4,2,0.000000,s4_p2
1779284615,4,3,0.000000,s4_p3
1779284616,14,1,0.000000,s14_p1
1779284616,14,4,0.000000,s14_p4
1779284616,14,2,0.000000,s14_p2
1779284616,14,3,0.000000,s14_p3
1779284616,19,1,0.000000,s19_p1
1779284616,19,4,0.000000,s19_p4
1779284616,19,2,0.000000,s19_p2
1779284616,19,3,0.000000,s19_p3
1779284616,6,1,0.000000,s6_p1
1779284616,6,4,0.000000,s6_p4
1779284616,6,2,0.000000,s6_p2
1779284616,6,3,0.000000,s6_p3
1779284616,10,1,0.000000,s10_p1
1779284616,10,4,0.000000,s10_p4
1779284616,10,2,0.000000,s10_p2
1779284616,10,3,0.000000,s10_p3
1779284616,1,4,0.000000,s1_p4
1779284616,1,1,0.000000,s1_p1
1779284616,1,2,0.000000,s1_p2
1779284616,1,3,0.000000,s1_p3
1779284616,3,4,0.000000,s3_p4
1779284616,3,1,0.000000,s3_p1
1779284616,3,2,0.000000,s3_p2
1779284616,3,3,0.000000,s3_p3
1779284616,15,4,0.000000,s15_p4
1779284616,15,1,0.000000,s15_p1
1779284616,15,2,0.000000,s15_p2
1779284616,15,3,0.000000,s15_p3
1779284616,20,1,0.000000,s20_p1
1779284616,20,4,0.000000,s20_p4
1779284616,20,2,0.000000,s20_p2
1779284616,20,3,0.000000,s20_p3
1779284616,8,4,0.000000,s8_p4
1779284616,8,1,0.000000,s8_p1
1779284616,8,2,0.000000,s8_p2
1779284616,8,3,0.000000,s8_p3
1779284616,7,1,0.000000,s7_p1
1779284616,7,4,0.000000,s7_p4
1779284616,7,2,0.000000,s7_p2
1779284616,7,3,0.000000,s7_p3
1779284616,4,4,0.000000,s4_p4
1779284616,4,1,0.000000,s4_p1
1779284616,4,2,0.000000,s4_p2
1779284616,4,3,0.000000,s4_p3
1779284616,16,1,0.000000,s16_p1
1779284616,16,4,0.000000,s16_p4
1779284616,16,2,0.000000,s16_p2
1779284616,16,3,0.000000,s16_p3
1779284616,17,1,0.000000,s17_p1
1779284616,17,4,0.000000,s17_p4
1779284616,17,2,0.000000,s17_p2
1779284616,17,3,0.000000,s17_p3
1779284616,13,4,0.000000,s13_p4
1779284616,13,1,0.000000,s13_p1
1779284616,13,2,0.000000,s13_p2
1779284616,13,3,0.000000,s13_p3
1779284616,18,1,0.000000,s18_p1
1779284616,18,4,0.000000,s18_p4
1779284616,18,2,0.000000,s18_p2
1779284616,18,3,0.000000,s18_p3
1779284616,2,1,0.000000,s2_p1
1779284616,2,4,0.000000,s2_p4
1779284616,2,2,0.000000,s2_p2
1779284616,2,3,0.000000,s2_p3
1779284616,11,4,0.000000,s11_p4
1779284616,11,1,0.000000,s11_p1
1779284616,11,2,0.000000,s11_p2
1779284616,11,3,0.000000,s11_p3
1779284616,12,4,0.000000,s12_p4
1779284616,12,1,0.000000,s12_p1
1779284616,12,2,0.000000,s12_p2
1779284616,12,3,0.000000,s12_p3
1779284616,5,4,0.000000,s5_p4
1779284616,5,1,0.000000,s5_p1
1779284616,5,2,0.000000,s5_p2
1779284616,5,3,0.000000,s5_p3
1779284616,9,4,0.000000,s9_p4
1779284616,9,1,0.000000,s9_p1
1779284616,9,2,0.000000,s9_p2
1779284616,9,3,0.000000,s9_p3
1779284617,8,4,0.000000,s8_p4
1779284617,8,1,0.000000,s8_p1
1779284617,8,2,0.000000,s8_p2
1779284617,8,3,0.000000,s8_p3
1779284617,17,1,0.000000,s17_p1
1779284617,17,4,0.000000,s17_p4
1779284617,17,2,0.000000,s17_p2
1779284617,17,3,0.000000,s17_p3
1779284617,15,4,0.000000,s15_p4
1779284617,15,1,0.000000,s15_p1
1779284617,15,2,0.000000,s15_p2
1779284617,15,3,0.000000,s15_p3
1779284617,19,1,0.000000,s19_p1
1779284617,19,4,0.000000,s19_p4
1779284617,19,2,0.000000,s19_p2
1779284617,19,3,0.000000,s19_p3
1779284617,6,1,0.000000,s6_p1
1779284617,6,4,0.000000,s6_p4
1779284617,6,2,0.000000,s6_p2
1779284617,6,3,0.000000,s6_p3
1779284617,7,1,0.000000,s7_p1
1779284617,7,4,0.000000,s7_p4
1779284617,7,2,0.000000,s7_p2
1779284617,7,3,0.000000,s7_p3
1779284617,2,1,0.000000,s2_p1
1779284617,2,4,0.000000,s2_p4
1779284617,2,2,0.000000,s2_p2
1779284617,2,3,0.000000,s2_p3
1779284617,10,1,0.000000,s10_p1
1779284617,10,4,0.000000,s10_p4
1779284617,10,2,0.000000,s10_p2
1779284617,10,3,0.000000,s10_p3
1779284617,14,1,0.000000,s14_p1
1779284617,14,4,0.000000,s14_p4
1779284617,14,2,0.000000,s14_p2
1779284617,14,3,0.000000,s14_p3
1779284617,3,4,0.000000,s3_p4
1779284617,3,1,0.000000,s3_p1
1779284617,3,2,0.000000,s3_p2
1779284617,3,3,0.000000,s3_p3
1779284617,20,1,0.000000,s20_p1
1779284617,20,4,0.000000,s20_p4
1779284617,20,2,0.000000,s20_p2
1779284617,20,3,0.000000,s20_p3
1779284617,13,4,0.000000,s13_p4
1779284617,13,1,0.000000,s13_p1
1779284617,13,2,0.000000,s13_p2
1779284617,13,3,0.000000,s13_p3
1779284617,5,4,0.000000,s5_p4
1779284617,5,1,0.000000,s5_p1
1779284617,5,2,0.000000,s5_p2
1779284617,5,3,0.000000,s5_p3
1779284617,11,4,0.000000,s11_p4
1779284617,11,1,0.000000,s11_p1
1779284617,11,2,0.000000,s11_p2
1779284617,11,3,0.000000,s11_p3
1779284617,9,4,0.000000,s9_p4
1779284617,9,1,0.000000,s9_p1
1779284617,9,2,0.000000,s9_p2
1779284617,9,3,0.000000,s9_p3
1779284617,16,1,0.000000,s16_p1
1779284617,16,4,0.000000,s16_p4
1779284617,16,2,0.000000,s16_p2
1779284617,16,3,0.000000,s16_p3
1779284617,18,1,0.000000,s18_p1
1779284617,18,4,0.000000,s18_p4
1779284617,18,2,0.000000,s18_p2
1779284617,18,3,0.000000,s18_p3
1779284617,4,4,0.000000,s4_p4
1779284617,4,1,0.000000,s4_p1
1779284617,4,2,0.000000,s4_p2
1779284617,4,3,0.000000,s4_p3
1779284617,12,4,0.000000,s12_p4
1779284617,12,1,0.000000,s12_p1
1779284617,12,2,0.000000,s12_p2
1779284617,12,3,0.000000,s12_p3
1779284617,1,4,0.000000,s1_p4
1779284617,1,1,0.000000,s1_p1
1779284617,1,2,0.000000,s1_p2
1779284617,1,3,0.000000,s1_p3
1779284618,6,1,0.000000,s6_p1
1779284618,6,4,0.000000,s6_p4
1779284618,6,2,0.000000,s6_p2
1779284618,6,3,0.000000,s6_p3
1779284618,19,1,0.000000,s19_p1
1779284618,19,4,0.000000,s19_p4
1779284618,19,2,0.000000,s19_p2
1779284618,19,3,0.000000,s19_p3
1779284618,1,4,0.090799,s1_p4
1779284618,1,1,0.000000,s1_p1
1779284618,1,2,0.000000,s1_p2
1779284618,1,3,0.000000,s1_p3
1779284618,3,4,0.000000,s3_p4
1779284618,3,1,0.000000,s3_p1
1779284618,3,2,0.000000,s3_p2
1779284618,3,3,0.000000,s3_p3
1779284618,10,1,0.000000,s10_p1
1779284618,10,4,0.090727,s10_p4
1779284618,10,2,0.000000,s10_p2
1779284618,10,3,0.000000,s10_p3
1779284618,14,1,0.000000,s14_p1
1779284618,14,4,0.000000,s14_p4
1779284618,14,2,0.000000,s14_p2
1779284618,14,3,0.000000,s14_p3
1779284618,13,4,0.000000,s13_p4
1779284618,13,1,0.000000,s13_p1
1779284618,13,2,0.000000,s13_p2
1779284618,13,3,0.000000,s13_p3
1779284618,15,4,0.000000,s15_p4
1779284618,15,1,0.000000,s15_p1
1779284618,15,2,0.000000,s15_p2
1779284618,15,3,0.000000,s15_p3
1779284618,20,1,0.000000,s20_p1
1779284618,20,4,0.090738,s20_p4
1779284618,20,2,0.000000,s20_p2
1779284618,20,3,0.000000,s20_p3
1779284618,4,4,0.000000,s4_p4
1779284618,4,1,0.000000,s4_p1
1779284618,4,2,0.000000,s4_p2
1779284618,4,3,0.000000,s4_p3
1779284618,5,4,0.000000,s5_p4
1779284618,5,1,0.000000,s5_p1
1779284618,5,2,0.000000,s5_p2
1779284618,5,3,0.000000,s5_p3
1779284618,18,1,0.000000,s18_p1
1779284618,18,4,0.000000,s18_p4
1779284618,18,2,0.000000,s18_p2
1779284618,18,3,0.000000,s18_p3
1779284618,7,1,0.090693,s7_p1
1779284618,7,4,0.000000,s7_p4
1779284618,7,2,0.000000,s7_p2
1779284618,7,3,0.000000,s7_p3
1779284618,8,4,0.000000,s8_p4
1779284618,8,1,0.000000,s8_p1
1779284618,8,2,0.000000,s8_p2
1779284618,8,3,0.000000,s8_p3
1779284618,12,4,0.000000,s12_p4
1779284618,12,1,0.000000,s12_p1
1779284618,12,2,0.000000,s12_p2
1779284618,12,3,0.000000,s12_p3
1779284618,2,1,0.000000,s2_p1
1779284618,2,4,0.000000,s2_p4
1779284618,2,2,0.000000,s2_p2
1779284618,2,3,0.000000,s2_p3
1779284618,11,4,0.000000,s11_p4
1779284618,11,1,0.000000,s11_p1
1779284618,11,2,0.000000,s11_p2
1779284618,11,3,0.000000,s11_p3
1779284618,17,1,0.000000,s17_p1
1779284618,17,4,0.000000,s17_p4
1779284618,17,2,0.000000,s17_p2
1779284618,17,3,0.000000,s17_p3
1779284618,16,1,0.090714,s16_p1
1779284618,16,4,0.000000,s16_p4
1779284618,16,2,0.000000,s16_p2
1779284618,16,3,0.000000,s16_p3
1779284618,9,4,0.000000,s9_p4
1779284618,9,1,0.000000,s9_p1
1779284618,9,2,0.000000,s9_p2
1779284618,9,3,0.000000,s9_p3
1779284619,1,4,0.271849,s1_p4
1779284619,1,1,0.000000,s1_p1
1779284619,1,2,0.000000,s1_p2
1779284619,1,3,0.223520,s1_p3
1779284619,15,4,0.000000,s15_p4
1779284619,15,1,0.223481,s15_p1
1779284619,15,2,0.000000,s15_p2
1779284619,15,3,0.000000,s15_p3
1779284619,10,1,0.000000,s10_p1
1779284619,10,4,0.362362,s10_p4
1779284619,10,2,0.000000,s10_p2
1779284619,10,3,0.000000,s10_p3
1779284619,6,1,0.000000,s6_p1
1779284619,6,4,0.000000,s6_p4
1779284619,6,2,0.000000,s6_p2
1779284619,6,3,0.000000,s6_p3
1779284619,3,4,0.000000,s3_p4
1779284619,3,1,0.000000,s3_p1
1779284619,3,2,0.000000,s3_p2
1779284619,3,3,0.000000,s3_p3
1779284619,14,1,0.000000,s14_p1
1779284619,14,4,0.000000,s14_p4
1779284619,14,2,0.000000,s14_p2
1779284619,14,3,0.000000,s14_p3
1779284619,20,1,0.000000,s20_p1
1779284619,20,4,0.362297,s20_p4
1779284619,20,2,0.000000,s20_p2
1779284619,20,3,0.000000,s20_p3
1779284619,13,4,0.000000,s13_p4
1779284619,13,1,0.000000,s13_p1
1779284619,13,2,0.000000,s13_p2
1779284619,13,3,0.000000,s13_p3
1779284619,17,1,0.000000,s17_p1
1779284619,17,4,0.000000,s17_p4
1779284619,17,2,0.000000,s17_p2
1779284619,17,3,0.000000,s17_p3
1779284619,16,1,0.271790,s16_p1
1779284619,16,4,0.000000,s16_p4
1779284619,16,2,0.090597,s16_p2
1779284619,16,3,0.000000,s16_p3
1779284619,18,1,0.000000,s18_p1
1779284619,18,4,0.229447,s18_p4
1779284619,18,2,0.000000,s18_p2
1779284619,18,3,0.000000,s18_p3
1779284619,12,4,0.000000,s12_p4
1779284619,12,1,0.000000,s12_p1
1779284619,12,2,0.000000,s12_p2
1779284619,12,3,0.000000,s12_p3
1779284619,4,4,0.000000,s4_p4
1779284619,4,1,0.000000,s4_p1
1779284619,4,2,0.000000,s4_p2
1779284619,4,3,0.000000,s4_p3
1779284619,8,4,0.000000,s8_p4
1779284619,8,1,0.090570,s8_p1
1779284619,8,2,0.000000,s8_p2
1779284619,8,3,0.000000,s8_p3
1779284619,19,1,0.000000,s19_p1
1779284619,19,4,0.000000,s19_p4
1779284619,19,2,0.000000,s19_p2
1779284619,19,3,0.000000,s19_p3
1779284619,7,1,0.271694,s7_p1
1779284619,7,4,0.000000,s7_p4
1779284619,7,2,0.223393,s7_p2
1779284619,7,3,0.000000,s7_p3
1779284619,5,4,0.000000,s5_p4
1779284619,5,1,0.000000,s5_p1
1779284619,5,2,0.000000,s5_p2
1779284619,5,3,0.000000,s5_p3
1779284619,2,1,0.000000,s2_p1
1779284619,2,4,0.090550,s2_p4
1779284619,2,2,0.000000,s2_p2
1779284619,2,3,0.000000,s2_p3
1779284619,11,4,0.000000,s11_p4
1779284619,11,1,0.000000,s11_p1
1779284619,11,2,0.000000,s11_p2
1779284619,11,3,0.000000,s11_p3
1779284619,9,4,0.229401,s9_p4
1779284619,9,1,0.000000,s9_p1
1779284619,9,2,0.000000,s9_p2
1779284619,9,3,0.000000,s9_p3
1779284620,1,4,0.362955,s1_p4
1779284620,1,1,0.000000,s1_p1
1779284620,1,2,0.000000,s1_p2
1779284620,1,3,0.496038,s1_p3
1779284620,15,4,0.000000,s15_p4
1779284620,15,1,0.496166,s15_p1
1779284620,15,2,0.000000,s15_p2
1779284620,15,3,0.000000,s15_p3
1779284620,7,1,0.496501,s7_p1
1779284620,7,4,0.000000,s7_p4
1779284620,7,2,0.363294,s7_p2
1779284620,7,3,0.000000,s7_p3
1779284620,13,4,0.000000,s13_p4
1779284620,13,1,0.000000,s13_p1
1779284620,13,2,0.000000,s13_p2
1779284620,13,3,0.000000,s13_p3
1779284620,8,4,0.000000,s8_p4
1779284620,8,1,0.272382,s8_p1
1779284620,8,2,0.000000,s8_p2
1779284620,8,3,0.000000,s8_p3
1779284620,3,4,0.000000,s3_p4
1779284620,3,1,0.000000,s3_p1
1779284620,3,2,0.000000,s3_p2
1779284620,3,3,0.000000,s3_p3
1779284620,4,4,0.000000,s4_p4
1779284620,4,1,0.000000,s4_p1
1779284620,4,2,0.000000,s4_p2
1779284620,4,3,0.000000,s4_p3
1779284620,10,1,0.000000,s10_p1
1779284620,10,4,0.635161,s10_p4
1779284620,10,2,0.000000,s10_p2
1779284620,10,3,0.000000,s10_p3
1779284620,20,1,0.000000,s20_p1
1779284620,20,4,0.635456,s20_p4
1779284620,20,2,0.000000,s20_p2
1779284620,20,3,0.000000,s20_p3
1779284620,18,1,0.000000,s18_p1
1779284620,18,4,0.490117,s18_p4
1779284620,18,2,0.000000,s18_p2
1779284620,18,3,0.000000,s18_p3
1779284620,5,4,0.000000,s5_p4
1779284620,5,1,0.000000,s5_p1
1779284620,5,2,0.000000,s5_p2
1779284620,5,3,0.000000,s5_p3
1779284620,17,1,0.000000,s17_p1
1779284620,17,4,0.000000,s17_p4
1779284620,17,2,0.000000,s17_p2
1779284620,17,3,0.000000,s17_p3
1779284620,12,4,0.000000,s12_p4
1779284620,12,1,0.000000,s12_p1
1779284620,12,2,0.000000,s12_p2
1779284620,12,3,0.000000,s12_p3
1779284620,11,4,0.000000,s11_p4
1779284620,11,1,0.000000,s11_p1
1779284620,11,2,0.000000,s11_p2
1779284620,11,3,0.000000,s11_p3
1779284620,16,1,0.363015,s16_p1
1779284620,16,4,0.000000,s16_p4
1779284620,16,2,0.272261,s16_p2
1779284620,16,3,0.000000,s16_p3
1779284620,2,1,0.000000,s2_p1
1779284620,2,4,0.272382,s2_p4
1779284620,2,2,0.000000,s2_p2
1779284620,2,3,0.000000,s2_p3
1779284620,9,4,0.490295,s9_p4
1779284620,9,1,0.000000,s9_p1
1779284620,9,2,0.000000,s9_p2
1779284620,9,3,0.000000,s9_p3
1779284620,6,1,0.000000,s6_p1
1779284620,6,4,0.000000,s6_p4
1779284620,6,2,0.000000,s6_p2
1779284620,6,3,0.000000,s6_p3
1779284620,19,1,0.000000,s19_p1
1779284620,19,4,0.000000,s19_p4
1779284620,19,2,0.000000,s19_p2
1779284620,19,3,0.000000,s19_p3
1779284620,14,1,0.000000,s14_p1
1779284620,14,4,0.000000,s14_p4
1779284620,14,2,0.000000,s14_p2
1779284620,14,3,0.000000,s14_p3
1779284621,19,1,0.000000,s19_p1
1779284621,19,4,0.966956,s19_p4
1779284621,19,2,0.000000,s19_p2
1779284621,19,3,0.000000,s19_p3
1779284621,6,1,0.000000,s6_p1
1779284621,6,4,0.000000,s6_p4
1779284621,6,2,0.000000,s6_p2
1779284621,6,3,0.000000,s6_p3
1779284621,3,4,0.000000,s3_p4
1779284621,3,1,0.000000,s3_p1
1779284621,3,2,0.000000,s3_p2
1779284621,3,3,0.000000,s3_p3
1779284621,1,4,0.537077,s1_p4
1779284621,1,1,0.000000,s1_p1
1779284621,1,2,0.000000,s1_p2
1779284621,1,3,0.633630,s1_p3
1779284621,14,1,0.000000,s14_p1
1779284621,14,4,0.000000,s14_p4
1779284621,14,2,0.000000,s14_p2
1779284621,14,3,0.000000,s14_p3
1779284621,10,1,0.000000,s10_p1
1779284621,10,4,0.000000,s10_p4
1779284621,10,2,0.000000,s10_p2
1779284621,10,3,0.966025,s10_p3
1779284621,8,4,0.000000,s8_p4
1779284621,8,1,0.464802,s8_p1
1779284621,8,2,0.000000,s8_p2
1779284621,8,3,0.000000,s8_p3
1779284621,15,4,0.000000,s15_p4
1779284621,15,1,0.633580,s15_p1
1779284621,15,2,0.000000,s15_p2
1779284621,15,3,0.000000,s15_p3
1779284621,13,4,0.000000,s13_p4
1779284621,13,1,0.000000,s13_p1
1779284621,13,2,0.000000,s13_p2
1779284621,13,3,0.000000,s13_p3
1779284621,7,1,0.609343,s7_p1
1779284621,7,4,0.000000,s7_p4
1779284621,7,2,0.524880,s7_p2
1779284621,7,3,0.000000,s7_p3
1779284621,20,1,0.000000,s20_p1
1779284621,20,4,0.000000,s20_p4
1779284621,20,2,0.000000,s20_p2
1779284621,20,3,0.000000,s20_p3
1779284621,18,1,0.000000,s18_p1
1779284621,18,4,0.633489,s18_p4
1779284621,18,2,0.000000,s18_p2
1779284621,18,3,0.000000,s18_p3
1779284621,12,4,0.000000,s12_p4
1779284621,12,1,0.000000,s12_p1
1779284621,12,2,0.000000,s12_p2
1779284621,12,3,0.000000,s12_p3
1779284621,4,4,0.000000,s4_p4
1779284621,4,1,0.000000,s4_p1
1779284621,4,2,0.000000,s4_p2
1779284621,4,3,0.000000,s4_p3
1779284621,5,4,0.000000,s5_p4
1779284621,5,1,0.000000,s5_p1
1779284621,5,2,0.000000,s5_p2
1779284621,5,3,0.000000,s5_p3
1779284621,17,1,0.000000,s17_p1
1779284621,17,4,0.000000,s17_p4
1779284621,17,2,0.000000,s17_p2
1779284621,17,3,0.000000,s17_p3
1779284621,2,1,0.000000,s2_p1
1779284621,2,4,0.494651,s2_p4
1779284621,2,2,0.000000,s2_p2
1779284621,2,3,0.000000,s2_p3
1779284621,11,4,0.000000,s11_p4
1779284621,11,1,0.000000,s11_p1
1779284621,11,2,0.000000,s11_p2
1779284621,11,3,0.000000,s11_p3
1779284621,9,4,0.633413,s9_p4
1779284621,9,1,0.000000,s9_p1
1779284621,9,2,0.000000,s9_p2
1779284621,9,3,0.000000,s9_p3
1779284621,16,1,0.500650,s16_p1
1779284621,16,4,0.000000,s16_p4
1779284621,16,2,0.464459,s16_p2
1779284621,16,3,0.000000,s16_p3
1779284622,19,1,0.000000,s19_p1
1779284622,19,4,0.338373,s19_p4
1779284622,19,2,0.000000,s19_p2
1779284622,19,3,0.000000,s19_p3
1779284622,6,1,0.000000,s6_p1
1779284622,6,4,0.000000,s6_p4
1779284622,6,2,0.000000,s6_p2
1779284622,6,3,0.000000,s6_p3
1779284622,3,4,0.000000,s3_p4
1779284622,3,1,0.000000,s3_p1
1779284622,3,2,0.000000,s3_p2
1779284622,3,3,0.000000,s3_p3
1779284622,14,1,0.000000,s14_p1
1779284622,14,4,0.000000,s14_p4
1779284622,14,2,0.000000,s14_p2
1779284622,14,3,0.000000,s14_p3
1779284622,1,4,0.537700,s1_p4
1779284622,1,1,0.000000,s1_p1
1779284622,1,2,0.000000,s1_p2
1779284622,1,3,1.000000,s1_p3
1779284622,4,4,0.000000,s4_p4
1779284622,4,1,0.000000,s4_p1
1779284622,4,2,0.000000,s4_p2
1779284622,4,3,0.000000,s4_p3
1779284622,15,4,0.000000,s15_p4
1779284622,15,1,0.966659,s15_p1
1779284622,15,2,0.000000,s15_p2
1779284622,15,3,0.000000,s15_p3
1779284622,10,1,0.000000,s10_p1
1779284622,10,4,0.869764,s10_p4
1779284622,10,2,0.000000,s10_p2
1779284622,10,3,0.338242,s10_p3
1779284622,8,4,0.000000,s8_p4
1779284622,8,1,0.646386,s8_p1
1779284622,8,2,0.000000,s8_p2
1779284622,8,3,0.000000,s8_p3
1779284622,13,4,0.000000,s13_p4
1779284622,13,1,0.000000,s13_p1
1779284622,13,2,0.000000,s13_p2
1779284622,13,3,0.000000,s13_p3
1779284622,7,1,0.791574,s7_p1
1779284622,7,4,0.000000,s7_p4
1779284622,7,2,0.737191,s7_p2
1779284622,7,3,0.000000,s7_p3
1779284622,2,1,0.000000,s2_p1
1779284622,2,4,0.628768,s2_p4
1779284622,2,2,0.000000,s2_p2
1779284622,2,3,0.000000,s2_p3
1779284622,5,4,0.000000,s5_p4
1779284622,5,1,0.000000,s5_p1
1779284622,5,2,0.000000,s5_p2
1779284622,5,3,0.000000,s5_p3
1779284622,18,1,0.000000,s18_p1
1779284622,18,4,0.967052,s18_p4
1779284622,18,2,0.000000,s18_p2
1779284622,18,3,0.000000,s18_p3
1779284622,20,1,0.000000,s20_p1
1779284622,20,4,0.870036,s20_p4
1779284622,20,2,0.000000,s20_p2
1779284622,20,3,0.000000,s20_p3
1779284622,12,4,0.000000,s12_p4
1779284622,12,1,0.000000,s12_p1
1779284622,12,2,0.000000,s12_p2
1779284622,12,3,0.000000,s12_p3
1779284622,17,1,0.000000,s17_p1
1779284622,17,4,0.000000,s17_p4
1779284622,17,2,0.000000,s17_p2
1779284622,17,3,0.000000,s17_p3
1779284622,16,1,0.562182,s16_p1
1779284622,16,4,0.000000,s16_p4
1779284622,16,2,0.646812,s16_p2
1779284622,16,3,0.000000,s16_p3
1779284622,11,4,0.000000,s11_p4
1779284622,11,1,0.000000,s11_p1
1779284622,11,2,0.000000,s11_p2
1779284622,11,3,0.000000,s11_p3
1779284622,9,4,0.967147,s9_p4
1779284622,9,1,0.000000,s9_p1
1779284622,9,2,0.000000,s9_p2
1779284622,9,3,0.000000,s9_p3
1779284623,9,4,0.998803,s9_p4
1779284623,9,1,0.000000,s9_p1
1779284623,9,2,0.000000,s9_p2
1779284623,9,3,0.000000,s9_p3
1779284623,2,1,0.000000,s2_p1
1779284623,2,4,0.816930,s2_p4
1779284623,2,2,0.000000,s2_p2
1779284623,2,3,0.000000,s2_p3
1779284623,15,4,0.000000,s15_p4
1779284623,15,1,0.997859,s15_p1
1779284623,15,2,0.000000,s15_p2
1779284623,15,3,0.000000,s15_p3
1779284623,1,4,0.538042,s1_p4
1779284623,1,1,0.000000,s1_p1
1779284623,1,2,0.000000,s1_p2
1779284623,1,3,1.000000,s1_p3
1779284623,13,4,0.000000,s13_p4
1779284623,13,1,0.000000,s13_p1
1779284623,13,2,0.000000,s13_p2
1779284623,13,3,0.000000,s13_p3
1779284623,3,4,0.000000,s3_p4
1779284623,3,1,0.000000,s3_p1
1779284623,3,2,0.000000,s3_p2
1779284623,3,3,0.000000,s3_p3
1779284623,14,1,0.000000,s14_p1
1779284623,14,4,0.000000,s14_p4
1779284623,14,2,0.000000,s14_p2
1779284623,14,3,0.000000,s14_p3
1779284623,20,1,0.000000,s20_p1
1779284623,20,4,0.998110,s20_p4
1779284623,20,2,0.000000,s20_p2
1779284623,20,3,0.000000,s20_p3
1779284623,10,1,0.000000,s10_p1
1779284623,10,4,0.997750,s10_p4
1779284623,10,2,0.000000,s10_p2
1779284623,10,3,0.000000,s10_p3
1779284623,4,4,0.000000,s4_p4
1779284623,4,1,0.000000,s4_p1
1779284623,4,2,0.000000,s4_p2
1779284623,4,3,0.000000,s4_p3
1779284623,5,4,0.000000,s5_p4
1779284623,5,1,0.000000,s5_p1
1779284623,5,2,0.000000,s5_p2
1779284623,5,3,0.000000,s5_p3
1779284623,17,1,0.000000,s17_p1
1779284623,17,4,0.000000,s17_p4
1779284623,17,2,0.000000,s17_p2
1779284623,17,3,0.000000,s17_p3
1779284623,18,1,0.000000,s18_p1
1779284623,18,4,0.997753,s18_p4
1779284623,18,2,0.000000,s18_p2
1779284623,18,3,0.000000,s18_p3
1779284623,12,4,0.000000,s12_p4
1779284623,12,1,0.000000,s12_p1
1779284623,12,2,0.000000,s12_p2
1779284623,12,3,0.000000,s12_p3
1779284623,16,1,0.405189,s16_p1
1779284623,16,4,0.000000,s16_p4
1779284623,16,2,0.592664,s16_p2
1779284623,16,3,0.000000,s16_p3
1779284623,11,4,0.000000,s11_p4
1779284623,11,1,0.000000,s11_p1
1779284623,11,2,0.000000,s11_p2
1779284623,11,3,0.000000,s11_p3
1779284623,7,1,0.670865,s7_p1
1779284623,7,4,0.000000,s7_p4
1779284623,7,2,0.731304,s7_p2
1779284623,7,3,0.000000,s7_p3
1779284623,6,1,0.000000,s6_p1
1779284623,6,4,0.000000,s6_p4
1779284623,6,2,0.000000,s6_p2
1779284623,6,3,0.000000,s6_p3
1779284623,19,1,0.000000,s19_p1
1779284623,19,4,0.000000,s19_p4
1779284623,19,2,0.000000,s19_p2
1779284623,19,3,0.000000,s19_p3
1779284623,8,4,0.000000,s8_p4
1779284623,8,1,0.592254,s8_p1
1779284623,8,2,0.000000,s8_p2
1779284623,8,3,0.000000,s8_p3
1779284624,2,1,0.000000,s2_p1
1779284624,2,4,0.795552,s2_p4
1779284624,2,2,0.000000,s2_p2
1779284624,2,3,0.000000,s2_p3
1779284624,1,4,0.542572,s1_p4
1779284624,1,1,0.000000,s1_p1
1779284624,1,2,0.000000,s1_p2
1779284624,1,3,1.000000,s1_p3
1779284624,15,4,0.000000,s15_p4
1779284624,15,1,1.000000,s15_p1
1779284624,15,2,0.000000,s15_p2
1779284624,15,3,0.000000,s15_p3
1779284624,5,4,0.000000,s5_p4
1779284624,5,1,0.000000,s5_p1
1779284624,5,2,0.000000,s5_p2
1779284624,5,3,0.000000,s5_p3
1779284624,11,4,0.000000,s11_p4
1779284624,11,1,0.000000,s11_p1
1779284624,11,2,0.000000,s11_p2
1779284624,11,3,0.000000,s11_p3
1779284624,3,4,0.000000,s3_p4
1779284624,3,1,0.000000,s3_p1
1779284624,3,2,0.000000,s3_p2
1779284624,3,3,0.000000,s3_p3
1779284624,18,1,0.000000,s18_p1
1779284624,18,4,1.000000,s18_p4
1779284624,18,2,0.000000,s18_p2
1779284624,18,3,0.000000,s18_p3
1779284624,4,4,0.000000,s4_p4
1779284624,4,1,0.000000,s4_p1
1779284624,4,2,0.000000,s4_p2
1779284624,4,3,0.000000,s4_p3
1779284624,14,1,0.000000,s14_p1
1779284624,14,4,0.000000,s14_p4
1779284624,14,2,0.000000,s14_p2
1779284624,14,3,0.000000,s14_p3
1779284624,10,1,0.000000,s10_p1
1779284624,10,4,0.446117,s10_p4
1779284624,10,2,0.000000,s10_p2
1779284624,10,3,0.994720,s10_p3
1779284624,13,4,0.000000,s13_p4
1779284624,13,1,0.000000,s13_p1
1779284624,13,2,0.000000,s13_p2
1779284624,13,3,0.000000,s13_p3
1779284624,7,1,0.790164,s7_p1
1779284624,7,4,0.000000,s7_p4
1779284624,7,2,0.784133,s7_p2
1779284624,7,3,0.000000,s7_p3
1779284624,20,1,0.000000,s20_p1
1779284624,20,4,0.446099,s20_p4
1779284624,20,2,0.000000,s20_p2
1779284624,20,3,0.000000,s20_p3
1779284624,19,1,0.000000,s19_p1
1779284624,19,4,0.995264,s19_p4
1779284624,19,2,0.000000,s19_p2
1779284624,19,3,0.000000,s19_p3
1779284624,16,1,0.572910,s16_p1
1779284624,16,4,0.000000,s16_p4
1779284624,16,2,0.868411,s16_p2
1779284624,16,3,0.000000,s16_p3
1779284624,12,4,0.000000,s12_p4
1779284624,12,1,0.000000,s12_p1
1779284624,12,2,0.000000,s12_p2
1779284624,12,3,0.000000,s12_p3
1779284624,17,1,0.000000,s17_p1
1779284624,17,4,0.000000,s17_p4
1779284624,17,2,0.000000,s17_p2
1779284624,17,3,0.000000,s17_p3
1779284624,8,4,0.000000,s8_p4
1779284624,8,1,0.868574,s8_p1
1779284624,8,2,0.000000,s8_p2
1779284624,8,3,0.000000,s8_p3
1779284624,6,1,0.000000,s6_p1
1779284624,6,4,0.000000,s6_p4
1779284624,6,2,0.000000,s6_p2
1779284624,6,3,0.000000,s6_p3
1779284624,9,4,1.000000,s9_p4
1779284624,9,1,0.000000,s9_p1
1779284624,9,2,0.000000,s9_p2
1779284624,9,3,0.000000,s9_p3
1779284625,3,4,0.000000,s3_p4
1779284625,3,1,0.000000,s3_p1
1779284625,3,2,0.000000,s3_p2
1779284625,3,3,0.000000,s3_p3
1779284625,4,4,0.000000,s4_p4
1779284625,4,1,0.000000,s4_p1
1779284625,4,2,0.000000,s4_p2
1779284625,4,3,0.000000,s4_p3
1779284625,1,4,0.538657,s1_p4
1779284625,1,1,0.000000,s1_p1
1779284625,1,2,0.000000,s1_p2
1779284625,1,3,1.000000,s1_p3
1779284625,7,1,0.720288,s7_p1
1779284625,7,4,0.000000,s7_p4
1779284625,7,2,0.696077,s7_p2
1779284625,7,3,0.000000,s7_p3
1779284625,6,1,0.000000,s6_p1
1779284625,6,4,0.000000,s6_p4
1779284625,6,2,0.000000,s6_p2
1779284625,6,3,0.000000,s6_p3
1779284625,8,4,0.000000,s8_p4
1779284625,8,1,0.587130,s8_p1
1779284625,8,2,0.000000,s8_p2
1779284625,8,3,0.000000,s8_p3
1779284625,10,1,0.000000,s10_p1
1779284625,10,4,0.000000,s10_p4
1779284625,10,2,0.000000,s10_p2
1779284625,10,3,0.998624,s10_p3
1779284625,14,1,0.000000,s14_p1
1779284625,14,4,0.000000,s14_p4
1779284625,14,2,0.000000,s14_p2
1779284625,14,3,0.000000,s14_p3
1779284625,13,4,0.000000,s13_p4
1779284625,13,1,0.000000,s13_p1
1779284625,13,2,0.000000,s13_p2
1779284625,13,3,0.000000,s13_p3
1779284625,20,1,0.000000,s20_p1
1779284625,20,4,0.000000,s20_p4
1779284625,20,2,0.000000,s20_p2
1779284625,20,3,0.000000,s20_p3
1779284625,15,4,0.000000,s15_p4
1779284625,15,1,0.998492,s15_p1
1779284625,15,2,0.000000,s15_p2
1779284625,15,3,0.000000,s15_p3
1779284625,2,1,0.000000,s2_p1
1779284625,2,4,0.816560,s2_p4
1779284625,2,2,0.000000,s2_p2
1779284625,2,3,0.000000,s2_p3
1779284625,16,1,0.417417,s16_p1
1779284625,16,4,0.000000,s16_p4
1779284625,16,2,0.586803,s16_p2
1779284625,16,3,0.000000,s16_p3
1779284625,17,1,0.000000,s17_p1
1779284625,17,4,0.000000,s17_p4
1779284625,17,2,0.000000,s17_p2
1779284625,17,3,0.000000,s17_p3
1779284625,9,4,0.998183,s9_p4
1779284625,9,1,0.000000,s9_p1
1779284625,9,2,0.000000,s9_p2
1779284625,9,3,0.000000,s9_p3
1779284625,11,4,0.000000,s11_p4
1779284625,11,1,0.000000,s11_p1
1779284625,11,2,0.000000,s11_p2
1779284625,11,3,0.000000,s11_p3
1779284625,19,1,0.000000,s19_p1
1779284625,19,4,1.000000,s19_p4
1779284625,19,2,0.000000,s19_p2
1779284625,19,3,0.000000,s19_p3
1779284625,12,4,0.000000,s12_p4
1779284625,12,1,0.000000,s12_p1
1779284625,12,2,0.000000,s12_p2
1779284625,12,3,0.000000,s12_p3
1779284625,5,4,0.000000,s5_p4
1779284625,5,1,0.000000,s5_p1
1779284625,5,2,0.000000,s5_p2
1779284625,5,3,0.000000,s5_p3
1779284625,18,1,0.000000,s18_p1
1779284625,18,4,0.997978,s18_p4
1779284625,18,2,0.000000,s18_p2
1779284625,18,3,0.000000,s18_p3
1779284626,19,1,0.000000,s19_p1
1779284626,19,4,0.175421,s19_p4
1779284626,19,2,0.000000,s19_p2
1779284626,19,3,0.000000,s19_p3
1779284626,6,1,0.000000,s6_p1
1779284626,6,4,0.000000,s6_p4
1779284626,6,2,0.000000,s6_p2
1779284626,6,3,0.000000,s6_p3
1779284626,1,4,0.537806,s1_p4
1779284626,1,1,0.000000,s1_p1
1779284626,1,2,0.000000,s1_p2
1779284626,1,3,1.000000,s1_p3
1779284626,3,4,0.000000,s3_p4
1779284626,3,1,0.000000,s3_p1
1779284626,3,2,0.000000,s3_p2
1779284626,3,3,0.000000,s3_p3
1779284626,10,1,0.000000,s10_p1
1779284626,10,4,1.000000,s10_p4
1779284626,10,2,0.000000,s10_p2
1779284626,10,3,0.181290,s10_p3
1779284626,15,4,0.000000,s15_p4
1779284626,15,1,1.000000,s15_p1
1779284626,15,2,0.000000,s15_p2
1779284626,15,3,0.000000,s15_p3
1779284626,14,1,0.000000,s14_p1
1779284626,14,4,0.000000,s14_p4
1779284626,14,2,0.000000,s14_p2
1779284626,14,3,0.000000,s14_p3
1779284626,8,4,0.000000,s8_p4
1779284626,8,1,0.706789,s8_p1
1779284626,8,2,0.000000,s8_p2
1779284626,8,3,0.000000,s8_p3
1779284626,4,4,0.000000,s4_p4
1779284626,4,1,0.000000,s4_p1
1779284626,4,2,0.000000,s4_p2
1779284626,4,3,0.000000,s4_p3
1779284626,13,4,0.000000,s13_p4
1779284626,13,1,0.000000,s13_p1
1779284626,13,2,0.000000,s13_p2
1779284626,13,3,0.000000,s13_p3
1779284626,5,4,0.000000,s5_p4
1779284626,5,1,0.000000,s5_p1
1779284626,5,2,0.000000,s5_p2
1779284626,5,3,0.000000,s5_p3
1779284626,12,4,0.000000,s12_p4
1779284626,12,1,0.000000,s12_p1
1779284626,12,2,0.000000,s12_p2
1779284626,12,3,0.000000,s12_p3
1779284626,7,1,0.742937,s7_p1
1779284626,7,4,0.000000,s7_p4
1779284626,7,2,0.730856,s7_p2
1779284626,7,3,0.000000,s7_p3
1779284626,20,1,0.000000,s20_p1
1779284626,20,4,1.000000,s20_p4
1779284626,20,2,0.000000,s20_p2
1779284626,20,3,0.000000,s20_p3
1779284626,16,1,0.471300,s16_p1
1779284626,16,4,0.000000,s16_p4
1779284626,16,2,0.706949,s16_p2
1779284626,16,3,0.000000,s16_p3
1779284626,17,1,0.000000,s17_p1
1779284626,17,4,0.000000,s17_p4
1779284626,17,2,0.000000,s17_p2
1779284626,17,3,0.000000,s17_p3
1779284626,2,1,0.000000,s2_p1
1779284626,2,4,0.815633,s2_p4
1779284626,2,2,0.000000,s2_p2
1779284626,2,3,0.000000,s2_p3
1779284626,11,4,0.000000,s11_p4
1779284626,11,1,0.000000,s11_p1
1779284626,11,2,0.000000,s11_p2
1779284626,11,3,0.000000,s11_p3
1779284626,18,1,0.000000,s18_p1
1779284626,18,4,1.000000,s18_p4
1779284626,18,2,0.000000,s18_p2
1779284626,18,3,0.000000,s18_p3
1779284626,9,4,1.000000,s9_p4
1779284626,9,1,0.000000,s9_p1
1779284626,9,2,0.000000,s9_p2
1779284626,9,3,0.000000,s9_p3
1779284627,1,4,0.538062,s1_p4
1779284627,1,1,0.000000,s1_p1
1779284627,1,2,0.000000,s1_p2
1779284627,1,3,1.000000,s1_p3
1779284627,4,4,0.000000,s4_p4
1779284627,4,1,0.000000,s4_p1
1779284627,4,2,0.000000,s4_p2
1779284627,4,3,0.000000,s4_p3
1779284627,3,4,0.000000,s3_p4
1779284627,3,1,0.000000,s3_p1
1779284627,3,2,0.000000,s3_p2
1779284627,3,3,0.000000,s3_p3
1779284627,11,4,0.000000,s11_p4
1779284627,11,1,0.000000,s11_p1
1779284627,11,2,0.000000,s11_p2
1779284627,11,3,0.000000,s11_p3
1779284627,12,4,0.000000,s12_p4
1779284627,12,1,0.000000,s12_p1
1779284627,12,2,0.000000,s12_p2
1779284627,12,3,0.000000,s12_p3
1779284627,10,1,0.000000,s10_p1
1779284627,10,4,0.996955,s10_p4
1779284627,10,2,0.000000,s10_p2
1779284627,10,3,0.000000,s10_p3
1779284627,6,1,0.000000,s6_p1
1779284627,6,4,0.000000,s6_p4
1779284627,6,2,0.000000,s6_p2
1779284627,6,3,0.000000,s6_p3
1779284627,9,4,0.997721,s9_p4
1779284627,9,1,0.000000,s9_p1
1779284627,9,2,0.000000,s9_p2
1779284627,9,3,0.000000,s9_p3
1779284627,2,1,0.000000,s2_p1
1779284627,2,4,0.798064,s2_p4
1779284627,2,2,0.000000,s2_p2
1779284627,2,3,0.000000,s2_p3
1779284627,14,1,0.000000,s14_p1
1779284627,14,4,0.000000,s14_p4
1779284627,14,2,0.000000,s14_p2
1779284627,14,3,0.000000,s14_p3
1779284627,20,1,0.000000,s20_p1
1779284627,20,4,1.000000,s20_p4
1779284627,20,2,0.000000,s20_p2
1779284627,20,3,0.000000,s20_p3
1779284627,8,4,0.000000,s8_p4
1779284627,8,1,0.592048,s8_p1
1779284627,8,2,0.000000,s8_p2
1779284627,8,3,0.000000,s8_p3
1779284627,7,1,0.676675,s7_p1
1779284627,7,4,0.000000,s7_p4
1779284627,7,2,0.731051,s7_p2
1779284627,7,3,0.000000,s7_p3
1779284627,15,4,0.000000,s15_p4
1779284627,15,1,0.996492,s15_p1
1779284627,15,2,0.000000,s15_p2
1779284627,15,3,0.000000,s15_p3
1779284627,13,4,0.000000,s13_p4
1779284627,13,1,0.000000,s13_p1
1779284627,13,2,0.000000,s13_p2
1779284627,13,3,0.000000,s13_p3
1779284627,5,4,0.000000,s5_p4
1779284627,5,1,0.000000,s5_p1
1779284627,5,2,0.000000,s5_p2
1779284627,5,3,0.000000,s5_p3
1779284627,16,1,0.410914,s16_p1
1779284627,16,4,0.000000,s16_p4
1779284627,16,2,0.592199,s16_p2
1779284627,16,3,0.000000,s16_p3
1779284627,18,1,0.000000,s18_p1
1779284627,18,4,0.997148,s18_p4
1779284627,18,2,0.000000,s18_p2
1779284627,18,3,0.000000,s18_p3
1779284627,19,1,0.000000,s19_p1
1779284627,19,4,0.000000,s19_p4
1779284627,19,2,0.000000,s19_p2
1779284627,19,3,0.000000,s19_p3
1779284627,17,1,0.000000,s17_p1
1779284627,17,4,0.000000,s17_p4
1779284627,17,2,0.000000,s17_p2
1779284627,17,3,0.000000,s17_p3
1779284628,6,1,0.000000,s6_p1
1779284628,6,4,0.000000,s6_p4
1779284628,6,2,0.000000,s6_p2
1779284628,6,3,0.000000,s6_p3
1779284628,14,1,0.000000,s14_p1
1779284628,14,4,0.000000,s14_p4
1779284628,14,2,0.000000,s14_p2
1779284628,14,3,0.000000,s14_p3
1779284628,1,4,0.543980,s1_p4
1779284628,1,1,0.000000,s1_p1
1779284628,1,2,0.000000,s1_p2
1779284628,1,3,1.000000,s1_p3
1779284628,10,1,0.000000,s10_p1
1779284628,10,4,0.181386,s10_p4
1779284628,10,2,0.000000,s10_p2
1779284628,10,3,1.000000,s10_p3
1779284628,15,4,0.000000,s15_p4
1779284628,15,1,1.000000,s15_p1
1779284628,15,2,0.000000,s15_p2
1779284628,15,3,0.000000,s15_p3
1779284628,13,4,0.000000,s13_p4
1779284628,13,1,0.000000,s13_p1
1779284628,13,2,0.000000,s13_p2
1779284628,13,3,0.000000,s13_p3
1779284628,8,4,0.000000,s8_p4
1779284628,8,1,0.701627,s8_p1
1779284628,8,2,0.000000,s8_p2
1779284628,8,3,0.000000,s8_p3
1779284628,3,4,0.000000,s3_p4
1779284628,3,1,0.000000,s3_p1
1779284628,3,2,0.000000,s3_p2
1779284628,3,3,0.000000,s3_p3
1779284628,4,4,0.000000,s4_p4
1779284628,4,1,0.000000,s4_p1
1779284628,4,2,0.000000,s4_p2
1779284628,4,3,0.000000,s4_p3
1779284628,16,1,0.477687,s16_p1
1779284628,16,4,0.000000,s16_p4
1779284628,16,2,0.701413,s16_p2
1779284628,16,3,0.000000,s16_p3
1779284628,12,4,0.000000,s12_p4
1779284628,12,1,0.000000,s12_p1
1779284628,12,2,0.000000,s12_p2
1779284628,12,3,0.000000,s12_p3
1779284628,7,1,0.755771,s7_p1
1779284628,7,4,0.000000,s7_p4
1779284628,7,2,0.725540,s7_p2
1779284628,7,3,0.000000,s7_p3
1779284628,11,4,0.000000,s11_p4
1779284628,11,1,0.000000,s11_p1
1779284628,11,2,0.000000,s11_p2
1779284628,11,3,0.000000,s11_p3
1779284628,20,1,0.000000,s20_p1
1779284628,20,4,0.175330,s20_p4
1779284628,20,2,0.000000,s20_p2
1779284628,20,3,0.000000,s20_p3
1779284628,2,1,0.000000,s2_p1
1779284628,2,4,0.815859,s2_p4
1779284628,2,2,0.000000,s2_p2
1779284628,2,3,0.000000,s2_p3
1779284628,18,1,0.000000,s18_p1
1779284628,18,4,1.000000,s18_p4
1779284628,18,2,0.000000,s18_p2
1779284628,18,3,0.000000,s18_p3
1779284628,5,4,0.000000,s5_p4
1779284628,5,1,0.000000,s5_p1
1779284628,5,2,0.000000,s5_p2
1779284628,5,3,0.000000,s5_p3
1779284628,17,1,0.000000,s17_p1
1779284628,17,4,0.000000,s17_p4
1779284628,17,2,0.000000,s17_p2
1779284628,17,3,0.000000,s17_p3
1779284628,9,4,1.000000,s9_p4
1779284628,9,1,0.000000,s9_p1
1779284628,9,2,0.000000,s9_p2
1779284628,9,3,0.000000,s9_p3
1779284628,19,1,0.000000,s19_p1
1779284628,19,4,1.000000,s19_p4
1779284628,19,2,0.000000,s19_p2
1779284628,19,3,0.000000,s19_p3
1779284629,19,1,0.000000,s19_p1
1779284629,19,4,1.000000,s19_p4
1779284629,19,2,0.000000,s19_p2
1779284629,19,3,0.000000,s19_p3
1779284629,1,4,0.536627,s1_p4
1779284629,1,1,0.000000,s1_p1
1779284629,1,2,0.000000,s1_p2
1779284629,1,3,1.000000,s1_p3
1779284629,10,1,0.000000,s10_p1
1779284629,10,4,0.000000,s10_p4
1779284629,10,2,0.000000,s10_p2
1779284629,10,3,1.000000,s10_p3
1779284629,6,1,0.000000,s6_p1
1779284629,6,4,0.000000,s6_p4
1779284629,6,2,0.000000,s6_p2
1779284629,6,3,0.000000,s6_p3
1779284629,14,1,0.000000,s14_p1
1779284629,14,4,0.000000,s14_p4
1779284629,14,2,0.000000,s14_p2
1779284629,14,3,0.000000,s14_p3
1779284629,3,4,0.000000,s3_p4
1779284629,3,1,0.000000,s3_p1
1779284629,3,2,0.000000,s3_p2
1779284629,3,3,0.000000,s3_p3
1779284629,7,1,0.772126,s7_p1
1779284629,7,4,0.000000,s7_p4
1779284629,7,2,0.892771,s7_p2
1779284629,7,3,0.000000,s7_p3
1779284629,5,4,0.000000,s5_p4
1779284629,5,1,0.000000,s5_p1
1779284629,5,2,0.000000,s5_p2
1779284629,5,3,0.000000,s5_p3
1779284629,13,4,0.000000,s13_p4
1779284629,13,1,0.000000,s13_p1
1779284629,13,2,0.000000,s13_p2
1779284629,13,3,0.000000,s13_p3
1779284629,8,4,0.000000,s8_p4
1779284629,8,1,0.584841,s8_p1
1779284629,8,2,0.000000,s8_p2
1779284629,8,3,0.000000,s8_p3
1779284629,12,4,0.000000,s12_p4
1779284629,12,1,0.000000,s12_p1
1779284629,12,2,0.000000,s12_p2
1779284629,12,3,0.000000,s12_p3
1779284629,15,4,0.000000,s15_p4
1779284629,15,1,1.000000,s15_p1
1779284629,15,2,0.000000,s15_p2
1779284629,15,3,0.000000,s15_p3
1779284629,11,4,0.000000,s11_p4
1779284629,11,1,0.000000,s11_p1
1779284629,11,2,0.000000,s11_p2
1779284629,11,3,0.000000,s11_p3
1779284629,20,1,0.000000,s20_p1
1779284629,20,4,0.000000,s20_p4
1779284629,20,2,0.000000,s20_p2
1779284629,20,3,0.000000,s20_p3
1779284629,4,4,0.000000,s4_p4
1779284629,4,1,0.000000,s4_p1
1779284629,4,2,0.000000,s4_p2
1779284629,4,3,0.000000,s4_p3
1779284629,2,1,0.000000,s2_p1
1779284629,2,4,0.807925,s2_p4
1779284629,2,2,0.000000,s2_p2
1779284629,2,3,0.000000,s2_p3
1779284629,18,1,0.000000,s18_p1
1779284629,18,4,0.434113,s18_p4
1779284629,18,2,0.000000,s18_p2
1779284629,18,3,0.000000,s18_p3
1779284629,9,4,0.434151,s9_p4
1779284629,9,1,0.000000,s9_p1
1779284629,9,2,0.000000,s9_p2
1779284629,9,3,0.814033,s9_p3
1779284629,17,1,0.000000,s17_p1
1779284629,17,4,0.813971,s17_p4
1779284629,17,2,0.000000,s17_p2
1779284629,17,3,0.000000,s17_p3
1779284629,16,1,0.415969,s16_p1
1779284629,16,4,0.000000,s16_p4
1779284629,16,2,0.584768,s16_p2
1779284629,16,3,0.000000,s16_p3
1779284630,19,1,0.000000,s19_p1
1779284630,19,4,0.181131,s19_p4
1779284630,19,2,0.000000,s19_p2
1779284630,19,3,0.000000,s19_p3
1779284630,14,1,0.000000,s14_p1
1779284630,14,4,0.000000,s14_p4
1779284630,14,2,0.000000,s14_p2
1779284630,14,3,0.000000,s14_p3
1779284630,8,4,0.000000,s8_p4
1779284630,8,1,0.694790,s8_p1
1779284630,8,2,0.000000,s8_p2
1779284630,8,3,0.000000,s8_p3
1779284630,10,1,0.000000,s10_p1
1779284630,10,4,0.996480,s10_p4
1779284630,10,2,0.000000,s10_p2
1779284630,10,3,0.181178,s10_p3
1779284630,1,4,0.537471,s1_p4
1779284630,1,1,0.000000,s1_p1
1779284630,1,2,0.000000,s1_p2
1779284630,1,3,1.000000,s1_p3
1779284630,6,1,0.000000,s6_p1
1779284630,6,4,0.000000,s6_p4
1779284630,6,2,0.000000,s6_p2
1779284630,6,3,0.000000,s6_p3
1779284630,4,4,0.000000,s4_p4
1779284630,4,1,0.000000,s4_p1
1779284630,4,2,0.000000,s4_p2
1779284630,4,3,0.000000,s4_p3
1779284630,7,1,0.760897,s7_p1
1779284630,7,4,0.000000,s7_p4
1779284630,7,2,0.803169,s7_p2
1779284630,7,3,0.000000,s7_p3
1779284630,15,4,0.000000,s15_p4
1779284630,15,1,1.000000,s15_p1
1779284630,15,2,0.000000,s15_p2
1779284630,15,3,0.000000,s15_p3
1779284630,13,4,0.000000,s13_p4
1779284630,13,1,0.000000,s13_p1
1779284630,13,2,0.000000,s13_p2
1779284630,13,3,0.000000,s13_p3
1779284630,3,4,0.000000,s3_p4
1779284630,3,1,0.000000,s3_p1
1779284630,3,2,0.000000,s3_p2
1779284630,3,3,0.000000,s3_p3
1779284630,20,1,0.000000,s20_p1
1779284630,20,4,1.000000,s20_p4
1779284630,20,2,0.000000,s20_p2
1779284630,20,3,0.000000,s20_p3
1779284630,18,1,0.000000,s18_p1
1779284630,18,4,0.271815,s18_p4
1779284630,18,2,0.000000,s18_p2
1779284630,18,3,0.000000,s18_p3
1779284630,5,4,0.000000,s5_p4
1779284630,5,1,0.000000,s5_p1
1779284630,5,2,0.000000,s5_p2
1779284630,5,3,0.000000,s5_p3
1779284630,2,1,0.000000,s2_p1
1779284630,2,4,0.803310,s2_p4
1779284630,2,2,0.000000,s2_p2
1779284630,2,3,0.000000,s2_p3
1779284630,17,1,0.000000,s17_p1
1779284630,17,4,0.815404,s17_p4
1779284630,17,2,0.000000,s17_p2
1779284630,17,3,0.000000,s17_p3
1779284630,12,4,0.000000,s12_p4
1779284630,12,1,0.000000,s12_p1
1779284630,12,2,0.000000,s12_p2
1779284630,12,3,0.000000,s12_p3
1779284630,9,4,0.271755,s9_p4
1779284630,9,1,0.000000,s9_p1
1779284630,9,2,0.000000,s9_p2
1779284630,9,3,0.815265,s9_p3
1779284630,11,4,0.000000,s11_p4
1779284630,11,1,0.000000,s11_p1
1779284630,11,2,0.000000,s11_p2
1779284630,11,3,0.000000,s11_p3
1779284630,16,1,0.489155,s16_p1
1779284630,16,4,0.000000,s16_p4
1779284630,16,2,0.694479,s16_p2
1779284630,16,3,0.000000,s16_p3
1779284631,19,1,0.000000,s19_p1
1779284631,19,4,0.000000,s19_p4
1779284631,19,2,0.000000,s19_p2
1779284631,19,3,0.000000,s19_p3
1779284631,15,4,0.000000,s15_p4
1779284631,15,1,1.000000,s15_p1
1779284631,15,2,0.000000,s15_p2
1779284631,15,3,0.000000,s15_p3
1779284631,10,1,0.000000,s10_p1
1779284631,10,4,1.000000,s10_p4
1779284631,10,2,0.000000,s10_p2
1779284631,10,3,0.000000,s10_p3
1779284631,1,4,0.544227,s1_p4
1779284631,1,1,0.000000,s1_p1
1779284631,1,2,0.000000,s1_p2
1779284631,1,3,1.000000,s1_p3
1779284631,6,1,0.000000,s6_p1
1779284631,6,4,0.000000,s6_p4
1779284631,6,2,0.000000,s6_p2
1779284631,6,3,0.000000,s6_p3
1779284631,3,4,0.000000,s3_p4
1779284631,3,1,0.000000,s3_p1
1779284631,3,2,0.000000,s3_p2
1779284631,3,3,0.000000,s3_p3
1779284631,14,1,0.000000,s14_p1
1779284631,14,4,0.000000,s14_p4
1779284631,14,2,0.000000,s14_p2
1779284631,14,3,0.000000,s14_p3
1779284631,8,4,0.000000,s8_p4
1779284631,8,1,0.567993,s8_p1
1779284631,8,2,0.000000,s8_p2
1779284631,8,3,0.000000,s8_p3
1779284631,17,1,0.000000,s17_p1
1779284631,17,4,0.266052,s17_p4
1779284631,17,2,0.000000,s17_p2
1779284631,17,3,0.000000,s17_p3
1779284631,5,4,0.000000,s5_p4
1779284631,5,1,0.000000,s5_p1
1779284631,5,2,0.000000,s5_p2
1779284631,5,3,0.000000,s5_p3
1779284631,7,1,0.695102,s7_p1
1779284631,7,4,0.000000,s7_p4
1779284631,7,2,0.809945,s7_p2
1779284631,7,3,0.000000,s7_p3
1779284631,12,4,0.000000,s12_p4
1779284631,12,1,0.000000,s12_p1
1779284631,12,2,0.000000,s12_p2
1779284631,12,3,0.000000,s12_p3
1779284631,18,1,0.000000,s18_p1
1779284631,18,4,0.798070,s18_p4
1779284631,18,2,0.000000,s18_p2
1779284631,18,3,0.000000,s18_p3
1779284631,13,4,0.000000,s13_p4
1779284631,13,1,0.000000,s13_p1
1779284631,13,2,0.000000,s13_p2
1779284631,13,3,0.000000,s13_p3
1779284631,4,4,0.000000,s4_p4
1779284631,4,1,0.000000,s4_p1
1779284631,4,2,0.000000,s4_p2
1779284631,4,3,0.000000,s4_p3
1779284631,2,1,0.000000,s2_p1
1779284631,2,4,0.816209,s2_p4
1779284631,2,2,0.000000,s2_p2
1779284631,2,3,0.000000,s2_p3
1779284631,20,1,0.000000,s20_p1
1779284631,20,4,0.997286,s20_p4
1779284631,20,2,0.000000,s20_p2
1779284631,20,3,0.000000,s20_p3
1779284631,11,4,0.000000,s11_p4
1779284631,11,1,0.000000,s11_p1
1779284631,11,2,0.000000,s11_p2
1779284631,11,3,0.000000,s11_p3
1779284631,9,4,0.798064,s9_p4
1779284631,9,1,0.000000,s9_p1
1779284631,9,2,0.000000,s9_p2
1779284631,9,3,0.266021,s9_p3
1779284631,16,1,0.429272,s16_p1
1779284631,16,4,0.000000,s16_p4
1779284631,16,2,0.568333,s16_p2
1779284631,16,3,0.000000,s16_p3
1779284632,19,1,0.000000,s19_p1
1779284632,19,4,0.995628,s19_p4
1779284632,19,2,0.000000,s19_p2
1779284632,19,3,0.000000,s19_p3
1779284632,6,1,0.000000,s6_p1
1779284632,6,4,0.000000,s6_p4
1779284632,6,2,0.000000,s6_p2
1779284632,6,3,0.000000,s6_p3
1779284632,7,1,0.748753,s7_p1
1779284632,7,4,0.000000,s7_p4
1779284632,7,2,0.815175,s7_p2
1779284632,7,3,0.000000,s7_p3
1779284632,4,4,0.000000,s4_p4
1779284632,4,1,0.000000,s4_p1
1779284632,4,2,0.000000,s4_p2
1779284632,4,3,0.000000,s4_p3
1779284632,15,4,0.000000,s15_p4
1779284632,15,1,1.000000,s15_p1
1779284632,15,2,0.000000,s15_p2
1779284632,15,3,0.000000,s15_p3
1779284632,3,4,0.000000,s3_p4
1779284632,3,1,0.000000,s3_p1
1779284632,3,2,0.000000,s3_p2
1779284632,3,3,0.000000,s3_p3
1779284632,8,4,0.000000,s8_p4
1779284632,8,1,0.706374,s8_p1
1779284632,8,2,0.000000,s8_p2
1779284632,8,3,0.000000,s8_p3
1779284632,13,4,0.000000,s13_p4
1779284632,13,1,0.000000,s13_p1
1779284632,13,2,0.000000,s13_p2
1779284632,13,3,0.000000,s13_p3
1779284632,1,4,0.536927,s1_p4
1779284632,1,1,0.000000,s1_p1
1779284632,1,2,0.000000,s1_p2
1779284632,1,3,1.000000,s1_p3
1779284632,10,1,0.000000,s10_p1
1779284632,10,4,0.180979,s10_p4
1779284632,10,2,0.000000,s10_p2
1779284632,10,3,0.995383,s10_p3
1779284632,14,1,0.000000,s14_p1
1779284632,14,4,0.000000,s14_p4
1779284632,14,2,0.000000,s14_p2
1779284632,14,3,0.000000,s14_p3
1779284632,18,1,0.000000,s18_p1
1779284632,18,4,0.814688,s18_p4
1779284632,18,2,0.000000,s18_p2
1779284632,18,3,0.000000,s18_p3
1779284632,11,4,0.000000,s11_p4
1779284632,11,1,0.000000,s11_p1
1779284632,11,2,0.000000,s11_p2
1779284632,11,3,0.000000,s11_p3
1779284632,16,1,0.476822,s16_p1
1779284632,16,4,0.000000,s16_p4
1779284632,16,2,0.706180,s16_p2
1779284632,16,3,0.000000,s16_p3
1779284632,17,1,0.000000,s17_p1
1779284632,17,4,0.271523,s17_p4
1779284632,17,2,0.000000,s17_p2
1779284632,17,3,0.000000,s17_p3
1779284632,5,4,0.000000,s5_p4
1779284632,5,1,0.000000,s5_p1
1779284632,5,2,0.000000,s5_p2
1779284632,5,3,0.000000,s5_p3
1779284632,2,1,0.000000,s2_p1
1779284632,2,4,0.796520,s2_p4
1779284632,2,2,0.000000,s2_p2
1779284632,2,3,0.000000,s2_p3
1779284632,20,1,0.000000,s20_p1
1779284632,20,4,0.181026,s20_p4
1779284632,20,2,0.000000,s20_p2
1779284632,20,3,0.000000,s20_p3
1779284632,12,4,0.000000,s12_p4
1779284632,12,1,0.000000,s12_p1
1779284632,12,2,0.000000,s12_p2
1779284632,12,3,0.000000,s12_p3
1779284632,9,4,0.814636,s9_p4
1779284632,9,1,0.000000,s9_p1
1779284632,9,2,0.000000,s9_p2
1779284632,9,3,0.271545,s9_p3
1779284633,1,4,0.538898,s1_p4
1779284633,1,1,0.000000,s1_p1
1779284633,1,2,0.000000,s1_p2
1779284633,1,3,1.000000,s1_p3
1779284633,9,4,0.811752,s9_p4
1779284633,9,1,0.000000,s9_p1
1779284633,9,2,0.000000,s9_p2
1779284633,9,3,0.266545,s9_p3
1779284633,15,4,0.000000,s15_p4
1779284633,15,1,1.000000,s15_p1
1779284633,15,2,0.000000,s15_p2
1779284633,15,3,0.000000,s15_p3
1779284633,10,1,0.000000,s10_p1
1779284633,10,4,0.000000,s10_p4
1779284633,10,2,0.000000,s10_p2
1779284633,10,3,1.000000,s10_p3
1779284633,2,1,0.000000,s2_p1
1779284633,2,4,0.817575,s2_p4
1779284633,2,2,0.000000,s2_p2
1779284633,2,3,0.000000,s2_p3
1779284633,20,1,0.000000,s20_p1
1779284633,20,4,0.000000,s20_p4
1779284633,20,2,0.000000,s20_p2
1779284633,20,3,0.000000,s20_p3
1779284633,18,1,0.000000,s18_p1
1779284633,18,4,0.811024,s18_p4
1779284633,18,2,0.000000,s18_p2
1779284633,18,3,0.000000,s18_p3
1779284633,13,4,0.000000,s13_p4
1779284633,13,1,0.000000,s13_p1
1779284633,13,2,0.000000,s13_p2
1779284633,13,3,0.000000,s13_p3
1779284633,3,4,0.000000,s3_p4
1779284633,3,1,0.000000,s3_p1
1779284633,3,2,0.000000,s3_p2
1779284633,3,3,0.000000,s3_p3
1779284633,4,4,0.000000,s4_p4
1779284633,4,1,0.000000,s4_p1
1779284633,4,2,0.000000,s4_p2
1779284633,4,3,0.000000,s4_p3
1779284633,14,1,0.000000,s14_p1
1779284633,14,4,0.000000,s14_p4
1779284633,14,2,0.000000,s14_p2
1779284633,14,3,0.000000,s14_p3
1779284633,8,4,0.000000,s8_p4
1779284633,8,1,0.574652,s8_p1
1779284633,8,2,0.000000,s8_p2
1779284633,8,3,0.000000,s8_p3
1779284633,12,4,0.000000,s12_p4
1779284633,12,1,0.000000,s12_p1
1779284633,12,2,0.000000,s12_p2
1779284633,12,3,0.000000,s12_p3
1779284633,7,1,0.695549,s7_p1
1779284633,7,4,0.000000,s7_p4
1779284633,7,2,0.804417,s7_p2
1779284633,7,3,0.000000,s7_p3
1779284633,11,4,0.000000,s11_p4
1779284633,11,1,0.000000,s11_p1
1779284633,11,2,0.000000,s11_p2
1779284633,11,3,0.000000,s11_p3
1779284633,16,1,0.423579,s16_p1
1779284633,16,4,0.000000,s16_p4
1779284633,16,2,0.574858,s16_p2
1779284633,16,3,0.000000,s16_p3
1779284633,5,4,0.000000,s5_p4
1779284633,5,1,0.000000,s5_p1
1779284633,5,2,0.000000,s5_p2
1779284633,5,3,0.000000,s5_p3
1779284633,6,1,0.000000,s6_p1
1779284633,6,4,0.000000,s6_p4
1779284633,6,2,0.000000,s6_p2
1779284633,6,3,0.000000,s6_p3
1779284633,17,1,0.000000,s17_p1
1779284633,17,4,0.266247,s17_p4
1779284633,17,2,0.000000,s17_p2
1779284633,17,3,0.000000,s17_p3
1779284633,19,1,0.000000,s19_p1
1779284633,19,4,1.000000,s19_p4
1779284633,19,2,0.000000,s19_p2
1779284633,19,3,0.000000,s19_p3
1779284634,20,1,0.000000,s20_p1
1779284634,20,4,1.000000,s20_p4
1779284634,20,2,0.000000,s20_p2
1779284634,20,3,0.000000,s20_p3
1779284634,4,4,0.000000,s4_p4
1779284634,4,1,0.000000,s4_p1
1779284634,4,2,0.000000,s4_p2
1779284634,4,3,0.000000,s4_p3
1779284634,5,4,0.000000,s5_p4
1779284634,5,1,0.000000,s5_p1
1779284634,5,2,0.000000,s5_p2
1779284634,5,3,0.000000,s5_p3
1779284634,14,1,0.000000,s14_p1
1779284634,14,4,0.000000,s14_p4
1779284634,14,2,0.000000,s14_p2
1779284634,14,3,0.000000,s14_p3
1779284634,12,4,0.000000,s12_p4
1779284634,12,1,0.000000,s12_p1
1779284634,12,2,0.000000,s12_p2
1779284634,12,3,0.000000,s12_p3
1779284634,17,1,0.000000,s17_p1
1779284634,17,4,0.271949,s17_p4
1779284634,17,2,0.000000,s17_p2
1779284634,17,3,0.000000,s17_p3
1779284634,11,4,0.000000,s11_p4
1779284634,11,1,0.000000,s11_p1
1779284634,11,2,0.000000,s11_p2
1779284634,11,3,0.000000,s11_p3
1779284634,2,1,0.000000,s2_p1
1779284634,2,4,0.815180,s2_p4
1779284634,2,2,0.000000,s2_p2
1779284634,2,3,0.000000,s2_p3
1779284634,8,4,0.000000,s8_p4
1779284634,8,1,0.706853,s8_p1
1779284634,8,2,0.000000,s8_p2
1779284634,8,3,0.000000,s8_p3
1779284634,7,1,0.737068,s7_p1
1779284634,7,4,0.000000,s7_p4
1779284634,7,2,0.809566,s7_p2
1779284634,7,3,0.000000,s7_p3
1779284634,19,1,0.000000,s19_p1
1779284634,19,4,0.175258,s19_p4
1779284634,19,2,0.000000,s19_p2
1779284634,19,3,0.000000,s19_p3
1779284634,9,4,0.802972,s9_p4
1779284634,9,1,0.000000,s9_p1
1779284634,9,2,0.000000,s9_p2
1779284634,9,3,0.271682,s9_p3
1779284634,6,1,0.000000,s6_p1
1779284634,6,4,0.000000,s6_p4
1779284634,6,2,0.000000,s6_p2
1779284634,6,3,0.000000,s6_p3
1779284634,10,1,0.000000,s10_p1
1779284634,10,4,1.000000,s10_p4
1779284634,10,2,0.000000,s10_p2
1779284634,10,3,0.175085,s10_p3
1779284634,13,4,0.000000,s13_p4
1779284634,13,1,0.000000,s13_p1
1779284634,13,2,0.000000,s13_p2
1779284634,13,3,0.000000,s13_p3
1779284634,15,4,0.000000,s15_p4
1779284634,15,1,1.000000,s15_p1
1779284634,15,2,0.000000,s15_p2
1779284634,15,3,0.000000,s15_p3
1779284634,16,1,0.471291,s16_p1
1779284634,16,4,0.000000,s16_p4
1779284634,16,2,0.706936,s16_p2
1779284634,16,3,0.000000,s16_p3
1779284634,1,4,0.537095,s1_p4
1779284634,1,1,0.000000,s1_p1
1779284634,1,2,0.000000,s1_p2
1779284634,1,3,1.000000,s1_p3
1779284634,3,4,0.000000,s3_p4
1779284634,3,1,0.000000,s3_p1
1779284634,3,2,0.000000,s3_p2
1779284634,3,3,0.000000,s3_p3
1779284634,18,1,0.000000,s18_p1
1779284634,18,4,0.803332,s18_p4
1779284634,18,2,0.000000,s18_p2
1779284634,18,3,0.000000,s18_p3
1779284635,19,1,0.000000,s19_p1
1779284635,19,4,0.000000,s19_p4
1779284635,19,2,0.000000,s19_p2
1779284635,19,3,0.000000,s19_p3
1779284635,1,4,0.544270,s1_p4
1779284635,1,1,0.000000,s1_p1
1779284635,1,2,0.000000,s1_p2
1779284635,1,3,1.000000,s1_p3
1779284635,6,1,0.000000,s6_p1
1779284635,6,4,0.000000,s6_p4
1779284635,6,2,0.000000,s6_p2
1779284635,6,3,0.000000,s6_p3
1779284635,15,4,0.000000,s15_p4
1779284635,15,1,1.000000,s15_p1
1779284635,15,2,0.000000,s15_p2
1779284635,15,3,0.000000,s15_p3
1779284635,4,4,0.000000,s4_p4
1779284635,4,1,0.000000,s4_p1
1779284635,4,2,0.000000,s4_p2
1779284635,4,3,0.000000,s4_p3
1779284635,5,4,0.000000,s5_p4
1779284635,5,1,0.000000,s5_p1
1779284635,5,2,0.000000,s5_p2
1779284635,5,3,0.000000,s5_p3
1779284635,7,1,0.688832,s7_p1
1779284635,7,4,0.000000,s7_p4
1779284635,7,2,0.815722,s7_p2
1779284635,7,3,0.000000,s7_p3
1779284635,9,4,0.815732,s9_p4
1779284635,9,1,0.000000,s9_p1
1779284635,9,2,0.000000,s9_p2
1779284635,9,3,0.271911,s9_p3
1779284635,12,4,0.000000,s12_p4
1779284635,12,1,0.000000,s12_p1
1779284635,12,2,0.000000,s12_p2
1779284635,12,3,0.000000,s12_p3
1779284635,14,1,0.000000,s14_p1
1779284635,14,4,0.000000,s14_p4
1779284635,14,2,0.000000,s14_p2
1779284635,14,3,0.000000,s14_p3
1779284635,8,4,0.000000,s8_p4
1779284635,8,1,0.586084,s8_p1
1779284635,8,2,0.000000,s8_p2
1779284635,8,3,0.000000,s8_p3
1779284635,20,1,0.000000,s20_p1
1779284635,20,4,1.000000,s20_p4
1779284635,20,2,0.000000,s20_p2
1779284635,20,3,0.000000,s20_p3
1779284635,2,1,0.000000,s2_p1
1779284635,2,4,0.797536,s2_p4
1779284635,2,2,0.000000,s2_p2
1779284635,2,3,0.000000,s2_p3
1779284635,11,4,0.000000,s11_p4
1779284635,11,1,0.000000,s11_p1
1779284635,11,2,0.000000,s11_p2
1779284635,11,3,0.000000,s11_p3
1779284635,18,1,0.000000,s18_p1
1779284635,18,4,0.815801,s18_p4
1779284635,18,2,0.000000,s18_p2
1779284635,18,3,0.000000,s18_p3
1779284635,13,4,0.000000,s13_p4
1779284635,13,1,0.000000,s13_p1
1779284635,13,2,0.000000,s13_p2
1779284635,13,3,0.000000,s13_p3
1779284635,3,4,0.000000,s3_p4
1779284635,3,1,0.000000,s3_p1
1779284635,3,2,0.000000,s3_p2
1779284635,3,3,0.000000,s3_p3
1779284635,16,1,0.416932,s16_p1
1779284635,16,4,0.000000,s16_p4
1779284635,16,2,0.586122,s16_p2
1779284635,16,3,0.000000,s16_p3
1779284635,17,1,0.000000,s17_p1
1779284635,17,4,0.271864,s17_p4
1779284635,17,2,0.000000,s17_p2
1779284635,17,3,0.000000,s17_p3
1779284635,10,1,0.000000,s10_p1
1779284635,10,4,1.000000,s10_p4
1779284635,10,2,0.000000,s10_p2
1779284635,10,3,0.000000,s10_p3
1779284636,19,1,0.000000,s19_p1
1779284636,19,4,1.000000,s19_p4
1779284636,19,2,0.000000,s19_p2
1779284636,19,3,0.000000,s19_p3
1779284636,7,1,0.743187,s7_p1
1779284636,7,4,0.000000,s7_p4
1779284636,7,2,0.797566,s7_p2
1779284636,7,3,0.000000,s7_p3
1779284636,14,1,0.000000,s14_p1
1779284636,14,4,0.000000,s14_p4
1779284636,14,2,0.000000,s14_p2
1779284636,14,3,0.000000,s14_p3
1779284636,6,1,0.000000,s6_p1
1779284636,6,4,0.000000,s6_p4
1779284636,6,2,0.000000,s6_p2
1779284636,6,3,0.000000,s6_p3
1779284636,3,4,0.000000,s3_p4
1779284636,3,1,0.000000,s3_p1
1779284636,3,2,0.000000,s3_p2
1779284636,3,3,0.000000,s3_p3
1779284636,8,4,0.000000,s8_p4
1779284636,8,1,0.700859,s8_p1
1779284636,8,2,0.000000,s8_p2
1779284636,8,3,0.000000,s8_p3
1779284636,5,4,0.000000,s5_p4
1779284636,5,1,0.000000,s5_p1
1779284636,5,2,0.000000,s5_p2
1779284636,5,3,0.000000,s5_p3
1779284636,13,4,0.000000,s13_p4
1779284636,13,1,0.000000,s13_p1
1779284636,13,2,0.000000,s13_p2
1779284636,13,3,0.000000,s13_p3
1779284636,15,4,0.000000,s15_p4
1779284636,15,1,1.000000,s15_p1
1779284636,15,2,0.000000,s15_p2
1779284636,15,3,0.000000,s15_p3
1779284636,10,1,0.000000,s10_p1
1779284636,10,4,0.175221,s10_p4
1779284636,10,2,0.000000,s10_p2
1779284636,10,3,1.000000,s10_p3
1779284636,20,1,0.000000,s20_p1
1779284636,20,4,0.175202,s20_p4
1779284636,20,2,0.000000,s20_p2
1779284636,20,3,0.000000,s20_p3
1779284636,4,4,0.000000,s4_p4
1779284636,4,1,0.000000,s4_p1
1779284636,4,2,0.000000,s4_p2
1779284636,4,3,0.000000,s4_p3
1779284636,1,4,0.537266,s1_p4
1779284636,1,1,0.000000,s1_p1
1779284636,1,2,0.000000,s1_p2
1779284636,1,3,1.000000,s1_p3
1779284636,12,4,0.000000,s12_p4
1779284636,12,1,0.000000,s12_p1
1779284636,12,2,0.000000,s12_p2
1779284636,12,3,0.000000,s12_p3
1779284636,18,1,0.000000,s18_p1
1779284636,18,4,0.803223,s18_p4
1779284636,18,2,0.000000,s18_p2
1779284636,18,3,0.000000,s18_p3
1779284636,9,4,0.809199,s9_p4
1779284636,9,1,0.000000,s9_p1
1779284636,9,2,0.000000,s9_p2
1779284636,9,3,0.265707,s9_p3
1779284636,16,1,0.477103,s16_p1
1779284636,16,4,0.000000,s16_p4
1779284636,16,2,0.700556,s16_p2
1779284636,16,3,0.000000,s16_p3
1779284636,11,4,0.000000,s11_p4
1779284636,11,1,0.000000,s11_p1
1779284636,11,2,0.000000,s11_p2
1779284636,11,3,0.000000,s11_p3
1779284636,2,1,0.000000,s2_p1
1779284636,2,4,0.815251,s2_p4
1779284636,2,2,0.000000,s2_p2
1779284636,2,3,0.000000,s2_p3
1779284636,17,1,0.000000,s17_p1
1779284636,17,4,0.265727,s17_p4
1779284636,17,2,0.000000,s17_p2
1779284636,17,3,0.000000,s17_p3
1779284637,19,1,0.000000,s19_p1
1779284637,19,4,1.000000,s19_p4
1779284637,19,2,0.000000,s19_p2
1779284637,19,3,0.000000,s19_p3
1779284637,12,4,0.000000,s12_p4
1779284637,12,1,0.000000,s12_p1
1779284637,12,2,0.000000,s12_p2
1779284637,12,3,0.000000,s12_p3
1779284637,8,4,0.000000,s8_p4
1779284637,8,1,0.598247,s8_p1
1779284637,8,2,0.000000,s8_p2
1779284637,8,3,0.000000,s8_p3
1779284637,10,1,0.000000,s10_p1
1779284637,10,4,0.000000,s10_p4
1779284637,10,2,0.000000,s10_p2
1779284637,10,3,1.000000,s10_p3
1779284637,16,1,0.405064,s16_p1
1779284637,16,4,0.000000,s16_p4
1779284637,16,2,0.598528,s16_p2
1779284637,16,3,0.000000,s16_p3
1779284637,3,4,0.000000,s3_p4
1779284637,3,1,0.000000,s3_p1
1779284637,3,2,0.000000,s3_p2
1779284637,3,3,0.000000,s3_p3
1779284637,13,4,0.000000,s13_p4
1779284637,13,1,0.000000,s13_p1
1779284637,13,2,0.000000,s13_p2
1779284637,13,3,0.000000,s13_p3
1779284637,4,4,0.000000,s4_p4
1779284637,4,1,0.000000,s4_p1
1779284637,4,2,0.000000,s4_p2
1779284637,4,3,0.000000,s4_p3
1779284637,14,1,0.000000,s14_p1
1779284637,14,4,0.000000,s14_p4
1779284637,14,2,0.000000,s14_p2
1779284637,14,3,0.000000,s14_p3
1779284637,2,1,0.000000,s2_p1
1779284637,2,4,0.804059,s2_p4
1779284637,2,2,0.000000,s2_p2
1779284637,2,3,0.000000,s2_p3
1779284637,6,1,0.000000,s6_p1
1779284637,6,4,0.000000,s6_p4
1779284637,6,2,0.000000,s6_p2
1779284637,6,3,0.000000,s6_p3
1779284637,18,1,0.000000,s18_p1
1779284637,18,4,0.810054,s18_p4
1779284637,18,2,0.000000,s18_p2
1779284637,18,3,0.000000,s18_p3
1779284637,17,1,0.000000,s17_p1
1779284637,17,4,0.272046,s17_p4
1779284637,17,2,0.000000,s17_p2
1779284637,17,3,0.000000,s17_p3
1779284637,15,4,0.000000,s15_p4
1779284637,15,1,1.000000,s15_p1
1779284637,15,2,0.000000,s15_p2
1779284637,15,3,0.000000,s15_p3
1779284637,20,1,0.000000,s20_p1
1779284637,20,4,0.000000,s20_p4
1779284637,20,2,0.000000,s20_p2
1779284637,20,3,0.000000,s20_p3
1779284637,7,1,0.676650,s7_p1
1779284637,7,4,0.000000,s7_p4
1779284637,7,2,0.815605,s7_p2
1779284637,7,3,0.000000,s7_p3
1779284637,5,4,0.000000,s5_p4
1779284637,5,1,0.000000,s5_p1
1779284637,5,2,0.000000,s5_p2
1779284637,5,3,0.000000,s5_p3
1779284637,1,4,0.537789,s1_p4
1779284637,1,1,0.000000,s1_p1
1779284637,1,2,0.000000,s1_p2
1779284637,1,3,1.000000,s1_p3
1779284637,11,4,0.000000,s11_p4
1779284637,11,1,0.000000,s11_p1
1779284637,11,2,0.000000,s11_p2
1779284637,11,3,0.000000,s11_p3
1779284637,9,4,0.803835,s9_p4
1779284637,9,1,0.000000,s9_p1
1779284637,9,2,0.000000,s9_p2
1779284637,9,3,0.271974,s9_p3
1779284638,6,1,0.000000,s6_p1
1779284638,6,4,0.000000,s6_p4
1779284638,6,2,0.000000,s6_p2
1779284638,6,3,0.000000,s6_p3
1779284638,13,4,0.000000,s13_p4
1779284638,13,1,0.000000,s13_p1
1779284638,13,2,0.000000,s13_p2
1779284638,13,3,0.000000,s13_p3
1779284638,12,4,0.000000,s12_p4
1779284638,12,1,0.000000,s12_p1
1779284638,12,2,0.000000,s12_p2
1779284638,12,3,0.000000,s12_p3
1779284638,20,1,0.000000,s20_p1
1779284638,20,4,0.996772,s20_p4
1779284638,20,2,0.000000,s20_p2
1779284638,20,3,0.000000,s20_p3
1779284638,18,1,0.000000,s18_p1
1779284638,18,4,0.543666,s18_p4
1779284638,18,2,0.000000,s18_p2
1779284638,18,3,0.000000,s18_p3
1779284638,14,1,0.000000,s14_p1
1779284638,14,4,0.000000,s14_p4
1779284638,14,2,0.000000,s14_p2
1779284638,14,3,0.000000,s14_p3
1779284638,8,4,0.000000,s8_p4
1779284638,8,1,0.694609,s8_p1
1779284638,8,2,0.000000,s8_p2
1779284638,8,3,0.000000,s8_p3
1779284638,15,4,0.000000,s15_p4
1779284638,15,1,1.000000,s15_p1
1779284638,15,2,0.000000,s15_p2
1779284638,15,3,0.000000,s15_p3
1779284638,4,4,0.000000,s4_p4
1779284638,4,1,0.000000,s4_p1
1779284638,4,2,0.000000,s4_p2
1779284638,4,3,0.000000,s4_p3
1779284638,1,4,0.537643,s1_p4
1779284638,1,1,0.000000,s1_p1
1779284638,1,2,0.000000,s1_p2
1779284638,1,3,1.000000,s1_p3
1779284638,10,1,0.000000,s10_p1
1779284638,10,4,0.996592,s10_p4
1779284638,10,2,0.000000,s10_p2
1779284638,10,3,0.181199,s10_p3
1779284638,3,4,0.000000,s3_p4
1779284638,3,1,0.000000,s3_p1
1779284638,3,2,0.000000,s3_p2
1779284638,3,3,0.000000,s3_p3
1779284638,5,4,0.000000,s5_p4
1779284638,5,1,0.000000,s5_p1
1779284638,5,2,0.000000,s5_p2
1779284638,5,3,0.000000,s5_p3
1779284638,7,1,0.755073,s7_p1
1779284638,7,4,0.000000,s7_p4
1779284638,7,2,0.803397,s7_p2
1779284638,7,3,0.000000,s7_p3
1779284638,19,1,0.000000,s19_p1
1779284638,19,4,0.181031,s19_p4
1779284638,19,2,0.000000,s19_p2
1779284638,19,3,0.000000,s19_p3
1779284638,9,4,0.543610,s9_p4
1779284638,9,1,0.000000,s9_p1
1779284638,9,2,0.000000,s9_p2
1779284638,9,3,0.531530,s9_p3
1779284638,11,4,0.000000,s11_p4
1779284638,11,1,0.000000,s11_p1
1779284638,11,2,0.000000,s11_p2
1779284638,11,3,0.000000,s11_p3
1779284638,16,1,0.483043,s16_p1
1779284638,16,4,0.000000,s16_p4
1779284638,16,2,0.694374,s16_p2
1779284638,16,3,0.000000,s16_p3
1779284638,2,1,0.000000,s2_p1
1779284638,2,4,0.809125,s2_p4
1779284638,2,2,0.000000,s2_p2
1779284638,2,3,0.000000,s2_p3
1779284638,17,1,0.000000,s17_p1
1779284638,17,4,0.531375,s17_p4
1779284638,17,2,0.000000,s17_p2
1779284638,17,3,0.000000,s17_p3
1779284639,14,1,0.000000,s14_p1
1779284639,14,4,0.000000,s14_p4
1779284639,14,2,0.000000,s14_p2
1779284639,14,3,0.000000,s14_p3
1779284639,13,4,0.000000,s13_p4
1779284639,13,1,0.000000,s13_p1
1779284639,13,2,0.000000,s13_p2
1779284639,13,3,0.000000,s13_p3
1779284639,10,1,0.000000,s10_p1
1779284639,10,4,1.000000,s10_p4
1779284639,10,2,0.000000,s10_p2
1779284639,10,3,0.000000,s10_p3
1779284639,8,4,0.000000,s8_p4
1779284639,8,1,0.592139,s8_p1
1779284639,8,2,0.000000,s8_p2
1779284639,8,3,0.000000,s8_p3
1779284639,11,4,0.000000,s11_p4
1779284639,11,1,0.000000,s11_p1
1779284639,11,2,0.000000,s11_p2
1779284639,11,3,0.000000,s11_p3
1779284639,18,1,0.000000,s18_p1
1779284639,18,4,0.531694,s18_p4
1779284639,18,2,0.000000,s18_p2
1779284639,18,3,0.000000,s18_p3
1779284639,16,1,0.411008,s16_p1
1779284639,16,4,0.000000,s16_p4
1779284639,16,2,0.592335,s16_p2
1779284639,16,3,0.000000,s16_p3
1779284639,7,1,0.676742,s7_p1
1779284639,7,4,0.000000,s7_p4
1779284639,7,2,0.809674,s7_p2
1779284639,7,3,0.000000,s7_p3
1779284639,19,1,0.000000,s19_p1
1779284639,19,4,0.000000,s19_p4
1779284639,19,2,0.000000,s19_p2
1779284639,19,3,0.000000,s19_p3
1779284639,6,1,0.000000,s6_p1
1779284639,6,4,0.000000,s6_p4
1779284639,6,2,0.000000,s6_p2
1779284639,6,3,0.000000,s6_p3
1779284639,5,4,0.000000,s5_p4
1779284639,5,1,0.000000,s5_p1
1779284639,5,2,0.000000,s5_p2
1779284639,5,3,0.000000,s5_p3
1779284639,9,4,0.531844,s9_p4
1779284639,9,1,0.000000,s9_p1
1779284639,9,2,0.000000,s9_p2
1779284639,9,3,0.543931,s9_p3
1779284639,12,4,0.000000,s12_p4
1779284639,12,1,0.000000,s12_p1
1779284639,12,2,0.000000,s12_p2
1779284639,12,3,0.000000,s12_p3
1779284639,17,1,0.000000,s17_p1
1779284639,17,4,0.543940,s17_p4
1779284639,17,2,0.000000,s17_p2
1779284639,17,3,0.000000,s17_p3
1779284639,15,4,0.000000,s15_p4
1779284639,15,1,1.000000,s15_p1
1779284639,15,2,0.000000,s15_p2
1779284639,15,3,0.000000,s15_p3
1779284639,4,4,0.000000,s4_p4
1779284639,4,1,0.000000,s4_p1
1779284639,4,2,0.000000,s4_p2
1779284639,4,3,0.000000,s4_p3
1779284639,3,4,0.000000,s3_p4
1779284639,3,1,0.000000,s3_p1
1779284639,3,2,0.000000,s3_p2
1779284639,3,3,0.000000,s3_p3
1779284639,2,1,0.000000,s2_p1
1779284639,2,4,0.815866,s2_p4
1779284639,2,2,0.000000,s2_p2
1779284639,2,3,0.000000,s2_p3
1779284639,20,1,0.000000,s20_p1
1779284639,20,4,1.000000,s20_p4
1779284639,20,2,0.000000,s20_p2
1779284639,20,3,0.000000,s20_p3
1779284639,1,4,0.537661,s1_p4
1779284639,1,1,0.000000,s1_p1
1779284639,1,2,0.000000,s1_p2
1779284639,1,3,1.000000,s1_p3
1779284640,6,1,0.000000,s6_p1
1779284640,6,4,0.000000,s6_p4
1779284640,6,2,0.000000,s6_p2
1779284640,6,3,0.000000,s6_p3
1779284640,19,1,0.000000,s19_p1
1779284640,19,4,0.997901,s19_p4
1779284640,19,2,0.000000,s19_p2
1779284640,19,3,0.000000,s19_p3
1779284640,8,4,0.000000,s8_p4
1779284640,8,1,0.695433,s8_p1
1779284640,8,2,0.000000,s8_p2
1779284640,8,3,0.000000,s8_p3
1779284640,7,1,0.755926,s7_p1
1779284640,7,4,0.000000,s7_p4
1779284640,7,2,0.816400,s7_p2
1779284640,7,3,0.000000,s7_p3
1779284640,13,4,0.000000,s13_p4
1779284640,13,1,0.000000,s13_p1
1779284640,13,2,0.000000,s13_p2
1779284640,13,3,0.000000,s13_p3
1779284640,15,4,0.000000,s15_p4
1779284640,15,1,1.000000,s15_p1
1779284640,15,2,0.000000,s15_p2
1779284640,15,3,0.000000,s15_p3
1779284640,10,1,0.000000,s10_p1
1779284640,10,4,0.181400,s10_p4
1779284640,10,2,0.000000,s10_p2
1779284640,10,3,0.997702,s10_p3
1779284640,3,4,0.000000,s3_p4
1779284640,3,1,0.000000,s3_p1
1779284640,3,2,0.000000,s3_p2
1779284640,3,3,0.000000,s3_p3
1779284640,1,4,0.544331,s1_p4
1779284640,1,1,0.000000,s1_p1
1779284640,1,2,0.000000,s1_p2
1779284640,1,3,1.000000,s1_p3
1779284640,14,1,0.000000,s14_p1
1779284640,14,4,0.000000,s14_p4
1779284640,14,2,0.000000,s14_p2
1779284640,14,3,0.000000,s14_p3
1779284640,20,1,0.000000,s20_p1
1779284640,20,4,0.181380,s20_p4
1779284640,20,2,0.000000,s20_p2
1779284640,20,3,0.000000,s20_p3
1779284640,16,1,0.483585,s16_p1
1779284640,16,4,0.000000,s16_p4
1779284640,16,2,0.695153,s16_p2
1779284640,16,3,0.000000,s16_p3
1779284640,11,4,0.000000,s11_p4
1779284640,11,1,0.000000,s11_p1
1779284640,11,2,0.000000,s11_p2
1779284640,11,3,0.000000,s11_p3
1779284640,9,4,0.544045,s9_p4
1779284640,9,1,0.000000,s9_p1
1779284640,9,2,0.000000,s9_p2
1779284640,9,3,0.544045,s9_p3
1779284640,2,1,0.000000,s2_p1
1779284640,2,4,0.798001,s2_p4
1779284640,2,2,0.000000,s2_p2
1779284640,2,3,0.000000,s2_p3
1779284640,5,4,0.000000,s5_p4
1779284640,5,1,0.000000,s5_p1
1779284640,5,2,0.000000,s5_p2
1779284640,5,3,0.000000,s5_p3
1779284640,18,1,0.000000,s18_p1
1779284640,18,4,0.544000,s18_p4
1779284640,18,2,0.000000,s18_p2
1779284640,18,3,0.000000,s18_p3
1779284640,4,4,0.000000,s4_p4
1779284640,4,1,0.000000,s4_p1
1779284640,4,2,0.000000,s4_p2
1779284640,4,3,0.000000,s4_p3
1779284640,12,4,0.000000,s12_p4
1779284640,12,1,0.000000,s12_p1
1779284640,12,2,0.000000,s12_p2
1779284640,12,3,0.000000,s12_p3
1779284640,17,1,0.000000,s17_p1
1779284640,17,4,0.544029,s17_p4
1779284640,17,2,0.000000,s17_p2
1779284640,17,3,0.000000,s17_p3
1779284641,1,4,0.538793,s1_p4
1779284641,1,1,0.000000,s1_p1
1779284641,1,2,0.000000,s1_p2
1779284641,1,3,1.000000,s1_p3
1779284641,10,1,0.000000,s10_p1
1779284641,10,4,0.000000,s10_p4
1779284641,10,2,0.000000,s10_p2
1779284641,10,3,1.000000,s10_p3
1779284641,13,4,0.000000,s13_p4
1779284641,13,1,0.000000,s13_p1
1779284641,13,2,0.000000,s13_p2
1779284641,13,3,0.000000,s13_p3
1779284641,3,4,0.000000,s3_p4
1779284641,3,1,0.000000,s3_p1
1779284641,3,2,0.000000,s3_p2
1779284641,3,3,0.000000,s3_p3
1779284641,14,1,0.000000,s14_p1
1779284641,14,4,0.000000,s14_p4
1779284641,14,2,0.000000,s14_p2
1779284641,14,3,0.000000,s14_p3
1779284641,8,4,0.000000,s8_p4
1779284641,8,1,0.586701,s8_p1
1779284641,8,2,0.000000,s8_p2
1779284641,8,3,0.000000,s8_p3
1779284641,7,1,0.689529,s7_p1
1779284641,7,4,0.000000,s7_p4
1779284641,7,2,0.804450,s7_p2
1779284641,7,3,0.000000,s7_p3
1779284641,15,4,0.000000,s15_p4
1779284641,15,1,1.000000,s15_p1
1779284641,15,2,0.000000,s15_p2
1779284641,15,3,0.000000,s15_p3
1779284641,17,1,0.000000,s17_p1
1779284641,17,4,0.543990,s17_p4
1779284641,17,2,0.000000,s17_p2
1779284641,17,3,0.000000,s17_p3
1779284641,11,4,0.000000,s11_p4
1779284641,11,1,0.000000,s11_p1
1779284641,11,2,0.000000,s11_p2
1779284641,11,3,0.000000,s11_p3
1779284641,16,1,0.416986,s16_p1
1779284641,16,4,0.000000,s16_p4
1779284641,16,2,0.586198,s16_p2
1779284641,16,3,0.000000,s16_p3
1779284641,9,4,0.531815,s9_p4
1779284641,9,1,0.000000,s9_p1
1779284641,9,2,0.000000,s9_p2
1779284641,9,3,0.543902,s9_p3
1779284641,4,4,0.000000,s4_p4
1779284641,4,1,0.000000,s4_p1
1779284641,4,2,0.000000,s4_p2
1779284641,4,3,0.000000,s4_p3
1779284641,5,4,0.000000,s5_p4
1779284641,5,1,0.000000,s5_p1
1779284641,5,2,0.000000,s5_p2
1779284641,5,3,0.000000,s5_p3
1779284641,2,1,0.000000,s2_p1
1779284641,2,4,0.815836,s2_p4
1779284641,2,2,0.000000,s2_p2
1779284641,2,3,0.000000,s2_p3
1779284641,18,1,0.000000,s18_p1
1779284641,18,4,0.531809,s18_p4
1779284641,18,2,0.000000,s18_p2
1779284641,18,3,0.000000,s18_p3
1779284641,20,1,0.000000,s20_p1
1779284641,20,4,0.000000,s20_p4
1779284641,20,2,0.000000,s20_p2
1779284641,20,3,0.000000,s20_p3
1779284641,12,4,0.000000,s12_p4
1779284641,12,1,0.000000,s12_p1
1779284641,12,2,0.000000,s12_p2
1779284641,12,3,0.000000,s12_p3
1779284641,6,1,0.000000,s6_p1
1779284641,6,4,0.000000,s6_p4
1779284641,6,2,0.000000,s6_p2
1779284641,6,3,0.000000,s6_p3
1779284641,19,1,0.000000,s19_p1
1779284641,19,4,1.000000,s19_p4
1779284641,19,2,0.000000,s19_p2
1779284641,19,3,0.000000,s19_p3
1779284642,1,4,0.537717,s1_p4
1779284642,1,1,0.000000,s1_p1
1779284642,1,2,0.000000,s1_p2
1779284642,1,3,1.000000,s1_p3
1779284642,10,1,0.000000,s10_p1
1779284642,10,4,1.000000,s10_p4
1779284642,10,2,0.000000,s10_p2
1779284642,10,3,0.175323,s10_p3
1779284642,19,1,0.000000,s19_p1
1779284642,19,4,0.175614,s19_p4
1779284642,19,2,0.000000,s19_p2
1779284642,19,3,0.000000,s19_p3
1779284642,14,1,0.000000,s14_p1
1779284642,14,4,0.000000,s14_p4
1779284642,14,2,0.000000,s14_p2
1779284642,14,3,0.000000,s14_p3
1779284642,6,1,0.000000,s6_p1
1779284642,6,4,0.000000,s6_p4
1779284642,6,2,0.000000,s6_p2
1779284642,6,3,0.000000,s6_p3
1779284642,7,1,0.737267,s7_p1
1779284642,7,4,0.000000,s7_p4
1779284642,7,2,0.809785,s7_p2
1779284642,7,3,0.000000,s7_p3
1779284642,8,4,0.000000,s8_p4
1779284642,8,1,0.707004,s8_p1
1779284642,8,2,0.000000,s8_p2
1779284642,8,3,0.000000,s8_p3
1779284642,4,4,0.000000,s4_p4
1779284642,4,1,0.000000,s4_p1
1779284642,4,2,0.000000,s4_p2
1779284642,4,3,0.000000,s4_p3
1779284642,5,4,0.000000,s5_p4
1779284642,5,1,0.000000,s5_p1
1779284642,5,2,0.000000,s5_p2
1779284642,5,3,0.000000,s5_p3
1779284642,13,4,0.000000,s13_p4
1779284642,13,1,0.000000,s13_p1
1779284642,13,2,0.000000,s13_p2
1779284642,13,3,0.000000,s13_p3
1779284642,15,4,0.000000,s15_p4
1779284642,15,1,1.000000,s15_p1
1779284642,15,2,0.000000,s15_p2
1779284642,15,3,0.000000,s15_p3
1779284642,3,4,0.000000,s3_p4
1779284642,3,1,0.000000,s3_p1
1779284642,3,2,0.000000,s3_p2
1779284642,3,3,0.000000,s3_p3
1779284642,20,1,0.000000,s20_p1
1779284642,20,4,1.000000,s20_p4
1779284642,20,2,0.000000,s20_p2
1779284642,20,3,0.000000,s20_p3
1779284642,11,4,0.000000,s11_p4
1779284642,11,1,0.000000,s11_p1
1779284642,11,2,0.000000,s11_p2
1779284642,11,3,0.000000,s11_p3
1779284642,16,1,0.471782,s16_p1
1779284642,16,4,0.000000,s16_p4
1779284642,16,2,0.707673,s16_p2
1779284642,16,3,0.000000,s16_p3
1779284642,9,4,0.544361,s9_p4
1779284642,9,1,0.000000,s9_p1
1779284642,9,2,0.000000,s9_p2
1779284642,9,3,0.532264,s9_p3
1779284642,17,1,0.000000,s17_p1
1779284642,17,4,0.532210,s17_p4
1779284642,17,2,0.000000,s17_p2
1779284642,17,3,0.000000,s17_p3
1779284642,2,1,0.000000,s2_p1
1779284642,2,4,0.816542,s2_p4
1779284642,2,2,0.000000,s2_p2
1779284642,2,3,0.000000,s2_p3
1779284642,12,4,0.000000,s12_p4
1779284642,12,1,0.000000,s12_p1
1779284642,12,2,0.000000,s12_p2
1779284642,12,3,0.000000,s12_p3
1779284642,18,1,0.000000,s18_p1
1779284642,18,4,0.544348,s18_p4
1779284642,18,2,0.000000,s18_p2
1779284642,18,3,0.000000,s18_p3
1779284643,19,1,0.000000,s19_p1
1779284643,19,4,1.000000,s19_p4
1779284643,19,2,0.000000,s19_p2
1779284643,19,3,0.000000,s19_p3
1779284643,6,1,0.000000,s6_p1
1779284643,6,4,0.000000,s6_p4
1779284643,6,2,0.000000,s6_p2
1779284643,6,3,0.000000,s6_p3
1779284643,14,1,0.000000,s14_p1
1779284643,14,4,0.000000,s14_p4
1779284643,14,2,0.000000,s14_p2
1779284643,14,3,0.000000,s14_p3
1779284643,10,1,0.000000,s10_p1
1779284643,10,4,0.181157,s10_p4
1779284643,10,2,0.000000,s10_p2
1779284643,10,3,1.000000,s10_p3
1779284643,1,4,0.543421,s1_p4
1779284643,1,1,0.000000,s1_p1
1779284643,1,2,0.000000,s1_p2
1779284643,1,3,1.000000,s1_p3
1779284643,13,4,0.000000,s13_p4
1779284643,13,1,0.000000,s13_p1
1779284643,13,2,0.000000,s13_p2
1779284643,13,3,0.000000,s13_p3
1779284643,8,4,0.000000,s8_p4
1779284643,8,1,0.633743,s8_p1
1779284643,8,2,0.078463,s8_p2
1779284643,8,3,0.000000,s8_p3
1779284643,4,4,0.000000,s4_p4
1779284643,4,1,0.000000,s4_p1
1779284643,4,2,0.000000,s4_p2
1779284643,4,3,0.000000,s4_p3
1779284643,15,4,0.000000,s15_p4
1779284643,15,1,1.000000,s15_p1
1779284643,15,2,0.000000,s15_p2
1779284643,15,3,0.000000,s15_p3
1779284643,20,1,0.000000,s20_p1
1779284643,20,4,0.181070,s20_p4
1779284643,20,2,0.000000,s20_p2
1779284643,20,3,0.000000,s20_p3
1779284643,3,4,0.000000,s3_p4
1779284643,3,1,0.000000,s3_p1
1779284643,3,2,0.000000,s3_p2
1779284643,3,3,0.000000,s3_p3
1779284643,7,1,0.742286,s7_p1
1779284643,7,4,0.000000,s7_p4
1779284643,7,2,0.814704,s7_p2
1779284643,7,3,0.000000,s7_p3
1779284643,16,1,0.470751,s16_p1
1779284643,16,4,0.000000,s16_p4
1779284643,16,2,0.712162,s16_p2
1779284643,16,3,0.000000,s16_p3
1779284643,18,1,0.000000,s18_p1
1779284643,18,4,0.543197,s18_p4
1779284643,18,2,0.000000,s18_p2
1779284643,18,3,0.000000,s18_p3
1779284643,11,4,0.000000,s11_p4
1779284643,11,1,0.000000,s11_p1
1779284643,11,2,0.000000,s11_p2
1779284643,11,3,0.000000,s11_p3
1779284643,5,4,0.000000,s5_p4
1779284643,5,1,0.000000,s5_p1
1779284643,5,2,0.000000,s5_p2
1779284643,5,3,0.000000,s5_p3
1779284643,9,4,0.543145,s9_p4
1779284643,9,1,0.000000,s9_p1
1779284643,9,2,0.000000,s9_p2
1779284643,9,3,0.543145,s9_p3
1779284643,12,4,0.000000,s12_p4
1779284643,12,1,0.000000,s12_p1
1779284643,12,2,0.000000,s12_p2
1779284643,12,3,0.000000,s12_p3
1779284643,17,1,0.000000,s17_p1
1779284643,17,4,0.543146,s17_p4
1779284643,17,2,0.000000,s17_p2
1779284643,17,3,0.000000,s17_p3
1779284643,2,1,0.000000,s2_p1
1779284643,2,4,0.911279,s2_p4
1779284643,2,2,0.000000,s2_p2
1779284643,2,3,0.000000,s2_p3
1779284644,6,1,0.000000,s6_p1
1779284644,6,4,0.000000,s6_p4
1779284644,6,2,0.000000,s6_p2
1779284644,6,3,0.000000,s6_p3
1779284644,1,4,0.537846,s1_p4
1779284644,1,1,0.000000,s1_p1
1779284644,1,2,0.000000,s1_p2
1779284644,1,3,1.000000,s1_p3
1779284644,7,1,0.719665,s7_p1
1779284644,7,4,0.000000,s7_p4
1779284644,7,2,0.798284,s7_p2
1779284644,7,3,0.000000,s7_p3
1779284644,14,1,0.000000,s14_p1
1779284644,14,4,0.000000,s14_p4
1779284644,14,2,0.000000,s14_p2
1779284644,14,3,0.000000,s14_p3
1779284644,3,4,0.000000,s3_p4
1779284644,3,1,0.000000,s3_p1
1779284644,3,2,0.000000,s3_p2
1779284644,3,3,0.000000,s3_p3
1779284644,13,4,0.000000,s13_p4
1779284644,13,1,0.000000,s13_p1
1779284644,13,2,0.000000,s13_p2
1779284644,13,3,0.000000,s13_p3
1779284644,15,4,0.000000,s15_p4
1779284644,15,1,1.000000,s15_p1
1779284644,15,2,0.000000,s15_p2
1779284644,15,3,0.000000,s15_p3
1779284644,10,1,0.000000,s10_p1
1779284644,10,4,1.000000,s10_p4
1779284644,10,2,0.000000,s10_p2
1779284644,10,3,0.175161,s10_p3
1779284644,8,4,0.000000,s8_p4
1779284644,8,1,0.604636,s8_p1
1779284644,8,2,0.120927,s8_p2
1779284644,8,3,0.000000,s8_p3
1779284644,11,4,0.000000,s11_p4
1779284644,11,1,0.000000,s11_p1
1779284644,11,2,0.000000,s11_p2
1779284644,11,3,0.000000,s11_p3
1779284644,17,1,0.000000,s17_p1
1779284644,17,4,0.531767,s17_p4
1779284644,17,2,0.000000,s17_p2
1779284644,17,3,0.000000,s17_p3
1779284644,9,4,0.531749,s9_p4
1779284644,9,1,0.000000,s9_p1
1779284644,9,2,0.000000,s9_p2
1779284644,9,3,0.531749,s9_p3
1779284644,16,1,0.453158,s16_p1
1779284644,16,4,0.000000,s16_p4
1779284644,16,2,0.725053,s16_p2
1779284644,16,3,0.000000,s16_p3
1779284644,4,4,0.000000,s4_p4
1779284644,4,1,0.000000,s4_p1
1779284644,4,2,0.000000,s4_p2
1779284644,4,3,0.000000,s4_p3
1779284644,18,1,0.000000,s18_p1
1779284644,18,4,0.531716,s18_p4
1779284644,18,2,0.000000,s18_p2
1779284644,18,3,0.000000,s18_p3
1779284644,5,4,0.000000,s5_p4
1779284644,5,1,0.000000,s5_p1
1779284644,5,2,0.000000,s5_p2
1779284644,5,3,0.000000,s5_p3
1779284644,2,1,0.000000,s2_p1
1779284644,2,4,0.948669,s2_p4
1779284644,2,2,0.000000,s2_p2
1779284644,2,3,0.000000,s2_p3
1779284644,12,4,0.000000,s12_p4
1779284644,12,1,0.000000,s12_p1
1779284644,12,2,0.000000,s12_p2
1779284644,12,3,0.000000,s12_p3
1779284644,19,1,0.000000,s19_p1
1779284644,19,4,0.174885,s19_p4
1779284644,19,2,0.000000,s19_p2
1779284644,19,3,0.000000,s19_p3
1779284644,20,1,0.000000,s20_p1
1779284644,20,4,1.000000,s20_p4
1779284644,20,2,0.000000,s20_p2
1779284644,20,3,0.000000,s20_p3
1779284645,6,1,0.000000,s6_p1
1779284645,6,4,0.000000,s6_p4
1779284645,6,2,0.000000,s6_p2
1779284645,6,3,0.000000,s6_p3
1779284645,1,4,0.538159,s1_p4
1779284645,1,1,0.000000,s1_p1
1779284645,1,2,0.000000,s1_p2
1779284645,1,3,1.000000,s1_p3
1779284645,3,4,0.000000,s3_p4
1779284645,3,1,0.000000,s3_p1
1779284645,3,2,0.000000,s3_p2
1779284645,3,3,0.000000,s3_p3
1779284645,15,4,0.000000,s15_p4
1779284645,15,1,1.000000,s15_p1
1779284645,15,2,0.000000,s15_p2
1779284645,15,3,0.000000,s15_p3
1779284645,13,4,0.000000,s13_p4
1779284645,13,1,0.000000,s13_p1
1779284645,13,2,0.000000,s13_p2
1779284645,13,3,0.000000,s13_p3
1779284645,20,1,0.000000,s20_p1
1779284645,20,4,0.181573,s20_p4
1779284645,20,2,0.000000,s20_p2
1779284645,20,3,0.000000,s20_p3
1779284645,8,4,0.000000,s8_p4
1779284645,8,1,0.586376,s8_p1
1779284645,8,2,0.126947,s8_p2
1779284645,8,3,0.000000,s8_p3
1779284645,10,1,0.000000,s10_p1
1779284645,10,4,0.181348,s10_p4
1779284645,10,2,0.000000,s10_p2
1779284645,10,3,1.000000,s10_p3
1779284645,7,1,0.743437,s7_p1
1779284645,7,4,0.000000,s7_p4
1779284645,7,2,0.815968,s7_p2
1779284645,7,3,0.000000,s7_p3
1779284645,14,1,0.000000,s14_p1
1779284645,14,4,0.000000,s14_p4
1779284645,14,2,0.000000,s14_p2
1779284645,14,3,0.000000,s14_p3
1779284645,9,4,0.544469,s9_p4
1779284645,9,1,0.000000,s9_p1
1779284645,9,2,0.000000,s9_p2
1779284645,9,3,0.544469,s9_p3
1779284645,19,1,0.000000,s19_p1
1779284645,19,4,1.000000,s19_p4
1779284645,19,2,0.000000,s19_p2
1779284645,19,3,0.000000,s19_p3
1779284645,4,4,0.000000,s4_p4
1779284645,4,1,0.000000,s4_p1
1779284645,4,2,0.000000,s4_p2
1779284645,4,3,0.000000,s4_p3
1779284645,11,4,0.000000,s11_p4
1779284645,11,1,0.000000,s11_p1
1779284645,11,2,0.000000,s11_p2
1779284645,11,3,0.000000,s11_p3
1779284645,12,4,0.000000,s12_p4
1779284645,12,1,0.000000,s12_p1
1779284645,12,2,0.000000,s12_p2
1779284645,12,3,0.000000,s12_p3
1779284645,5,4,0.000000,s5_p4
1779284645,5,1,0.000000,s5_p1
1779284645,5,2,0.000000,s5_p2
1779284645,5,3,0.000000,s5_p3
1779284645,16,1,0.471841,s16_p1
1779284645,16,4,0.000000,s16_p4
1779284645,16,2,0.713810,s16_p2
1779284645,16,3,0.000000,s16_p3
1779284645,2,1,0.000000,s2_p1
1779284645,2,4,0.937657,s2_p4
1779284645,2,2,0.000000,s2_p2
1779284645,2,3,0.000000,s2_p3
1779284645,17,1,0.000000,s17_p1
1779284645,17,4,0.544407,s17_p4
1779284645,17,2,0.000000,s17_p2
1779284645,17,3,0.000000,s17_p3
1779284645,18,1,0.000000,s18_p1
1779284645,18,4,0.544427,s18_p4
1779284645,18,2,0.000000,s18_p2
1779284645,18,3,0.000000,s18_p3
1779284646,19,1,0.000000,s19_p1
1779284646,19,4,0.181624,s19_p4
1779284646,19,2,0.000000,s19_p2
1779284646,19,3,0.000000,s19_p3
1779284646,6,1,0.000000,s6_p1
1779284646,6,4,0.000000,s6_p4
1779284646,6,2,0.000000,s6_p2
1779284646,6,3,0.000000,s6_p3
1779284646,14,1,0.000000,s14_p1
1779284646,14,4,0.000000,s14_p4
1779284646,14,2,0.000000,s14_p2
1779284646,14,3,0.000000,s14_p3
1779284646,1,4,0.537913,s1_p4
1779284646,1,1,0.000000,s1_p1
1779284646,1,2,0.000000,s1_p2
1779284646,1,3,1.000000,s1_p3
1779284646,10,1,0.000000,s10_p1
1779284646,10,4,0.998047,s10_p4
1779284646,10,2,0.000000,s10_p2
1779284646,10,3,0.181463,s10_p3
1779284646,15,4,0.000000,s15_p4
1779284646,15,1,1.000000,s15_p1
1779284646,15,2,0.000000,s15_p2
1779284646,15,3,0.000000,s15_p3
1779284646,4,4,0.000000,s4_p4
1779284646,4,1,0.000000,s4_p1
1779284646,4,2,0.000000,s4_p2
1779284646,4,3,0.000000,s4_p3
1779284646,3,4,0.000000,s3_p4
1779284646,3,1,0.000000,s3_p1
1779284646,3,2,0.000000,s3_p2
1779284646,3,3,0.000000,s3_p3
1779284646,7,1,0.737615,s7_p1
1779284646,7,4,0.000000,s7_p4
1779284646,7,2,0.804121,s7_p2
1779284646,7,3,0.000000,s7_p3
1779284646,13,4,0.000000,s13_p4
1779284646,13,1,0.000000,s13_p1
1779284646,13,2,0.000000,s13_p2
1779284646,13,3,0.000000,s13_p3
1779284646,5,4,0.000000,s5_p4
1779284646,5,1,0.000000,s5_p1
1779284646,5,2,0.000000,s5_p2
1779284646,5,3,0.000000,s5_p3
1779284646,8,4,0.000000,s8_p4
1779284646,8,1,0.592477,s8_p1
1779284646,8,2,0.120914,s8_p2
1779284646,8,3,0.000000,s8_p3
1779284646,20,1,0.000000,s20_p1
1779284646,20,4,0.997506,s20_p4
1779284646,20,2,0.000000,s20_p2
1779284646,20,3,0.000000,s20_p3
1779284646,12,4,0.000000,s12_p4
1779284646,12,1,0.000000,s12_p1
1779284646,12,2,0.000000,s12_p2
1779284646,12,3,0.000000,s12_p3
1779284646,16,1,0.465600,s16_p1
1779284646,16,4,0.000000,s16_p4
1779284646,16,2,0.713516,s16_p2
1779284646,16,3,0.000000,s16_p3
1779284646,2,1,0.000000,s2_p1
1779284646,2,4,0.949320,s2_p4
1779284646,2,2,0.000000,s2_p2
1779284646,2,3,0.000000,s2_p3
1779284646,18,1,0.000000,s18_p1
1779284646,18,4,0.532104,s18_p4
1779284646,18,2,0.000000,s18_p2
1779284646,18,3,0.000000,s18_p3
1779284646,17,1,0.000000,s17_p1
1779284646,17,4,0.544185,s17_p4
1779284646,17,2,0.000000,s17_p2
1779284646,17,3,0.000000,s17_p3
1779284646,9,4,0.532034,s9_p4
1779284646,9,1,0.000000,s9_p1
1779284646,9,2,0.000000,s9_p2
1779284646,9,3,0.544126,s9_p3
1779284646,11,4,0.000000,s11_p4
1779284646,11,1,0.000000,s11_p1
1779284646,11,2,0.000000,s11_p2
1779284646,11,3,0.000000,s11_p3
1779284647,6,1,0.000000,s6_p1
1779284647,6,4,0.000000,s6_p4
1779284647,6,2,0.000000,s6_p2
1779284647,6,3,0.000000,s6_p3
1779284647,19,1,0.000000,s19_p1
1779284647,19,4,1.000000,s19_p4
1779284647,19,2,0.000000,s19_p2
1779284647,19,3,0.000000,s19_p3
1779284647,1,4,1.000000,s1_p4
1779284647,1,1,0.000000,s1_p1
1779284647,1,2,0.000000,s1_p2
1779284647,1,3,1.000000,s1_p3
1779284647,14,1,0.000000,s14_p1
1779284647,14,4,0.000000,s14_p4
1779284647,14,2,0.000000,s14_p2
1779284647,14,3,0.000000,s14_p3
1779284647,10,1,0.000000,s10_p1
1779284647,10,4,0.498490,s10_p4
1779284647,10,2,0.000000,s10_p2
1779284647,10,3,1.000000,s10_p3
1779284647,3,4,0.000000,s3_p4
1779284647,3,1,0.000000,s3_p1
1779284647,3,2,0.000000,s3_p2
1779284647,3,3,0.000000,s3_p3
1779284647,20,1,0.000000,s20_p1
1779284647,20,4,0.498692,s20_p4
1779284647,20,2,0.000000,s20_p2
1779284647,20,3,0.000000,s20_p3
1779284647,15,4,0.000000,s15_p4
1779284647,15,1,1.000000,s15_p1
1779284647,15,2,0.000000,s15_p2
1779284647,15,3,0.000000,s15_p3
1779284647,5,4,0.000000,s5_p4
1779284647,5,1,0.000000,s5_p1
1779284647,5,2,0.000000,s5_p2
1779284647,5,3,0.000000,s5_p3
1779284647,12,4,0.000000,s12_p4
1779284647,12,1,0.000000,s12_p1
1779284647,12,2,0.000000,s12_p2
1779284647,12,3,0.000000,s12_p3
1779284647,13,4,0.000000,s13_p4
1779284647,13,1,0.000000,s13_p1
1779284647,13,2,0.000000,s13_p2
1779284647,13,3,0.000000,s13_p3
1779284647,4,4,0.000000,s4_p4
1779284647,4,1,0.000000,s4_p1
1779284647,4,2,0.000000,s4_p2
1779284647,4,3,0.000000,s4_p3
1779284647,8,4,0.000000,s8_p4
1779284647,8,1,1.000000,s8_p1
1779284647,8,2,0.299112,s8_p2
1779284647,8,3,0.000000,s8_p3
1779284647,7,1,1.000000,s7_p1
1779284647,7,4,0.000000,s7_p4
1779284647,7,2,1.000000,s7_p2
1779284647,7,3,0.000000,s7_p3
1779284647,16,1,1.000000,s16_p1
1779284647,16,4,0.000000,s16_p4
1779284647,16,2,1.000000,s16_p2
1779284647,16,3,0.000000,s16_p3
1779284647,9,4,1.000000,s9_p4
1779284647,9,1,0.000000,s9_p1
1779284647,9,2,0.000000,s9_p2
1779284647,9,3,1.000000,s9_p3
1779284647,11,4,0.000000,s11_p4
1779284647,11,1,0.000000,s11_p1
1779284647,11,2,0.000000,s11_p2
1779284647,11,3,0.000000,s11_p3
1779284647,18,1,0.000000,s18_p1
1779284647,18,4,1.000000,s18_p4
1779284647,18,2,0.000000,s18_p2
1779284647,18,3,0.000000,s18_p3
1779284647,2,1,0.000000,s2_p1
1779284647,2,4,1.000000,s2_p4
1779284647,2,2,0.000000,s2_p2
1779284647,2,3,0.000000,s2_p3
1779284647,17,1,0.000000,s17_p1
1779284647,17,4,1.000000,s17_p4
1779284647,17,2,0.000000,s17_p2
1779284647,17,3,0.000000,s17_p3
1779284648,14,1,0.000000,s14_p1
1779284648,14,4,0.000000,s14_p4
1779284648,14,2,0.000000,s14_p2
1779284648,14,3,0.000000,s14_p3
1779284648,6,1,0.000000,s6_p1
1779284648,6,4,0.000000,s6_p4
1779284648,6,2,0.000000,s6_p2
1779284648,6,3,0.000000,s6_p3
1779284648,13,4,0.000000,s13_p4
1779284648,13,1,0.000000,s13_p1
1779284648,13,2,0.000000,s13_p2
1779284648,13,3,0.000000,s13_p3
1779284648,19,1,0.000000,s19_p1
1779284648,19,4,0.000000,s19_p4
1779284648,19,2,0.000000,s19_p2
1779284648,19,3,0.000000,s19_p3
1779284648,3,4,0.000000,s3_p4
1779284648,3,1,0.000000,s3_p1
1779284648,3,2,0.000000,s3_p2
1779284648,3,3,0.000000,s3_p3
1779284648,10,1,0.000000,s10_p1
1779284648,10,4,0.652339,s10_p4
1779284648,10,2,0.000000,s10_p2
1779284648,10,3,0.000000,s10_p3
1779284648,1,4,0.350294,s1_p4
1779284648,1,1,0.000000,s1_p1
1779284648,1,2,0.000000,s1_p2
1779284648,1,3,0.700588,s1_p3
1779284648,15,4,0.000000,s15_p4
1779284648,15,1,0.700912,s15_p1
1779284648,15,2,0.000000,s15_p2
1779284648,15,3,0.000000,s15_p3
1779284648,7,1,0.465279,s7_p1
1779284648,7,4,0.000000,s7_p4
1779284648,7,2,0.477364,s7_p2
1779284648,7,3,0.000000,s7_p3
1779284648,4,4,0.000000,s4_p4
1779284648,4,1,0.000000,s4_p1
1779284648,4,2,0.000000,s4_p2
1779284648,4,3,0.000000,s4_p3
1779284648,8,4,0.000000,s8_p4
1779284648,8,1,0.350452,s8_p1
1779284648,8,2,0.060423,s8_p2
1779284648,8,3,0.000000,s8_p3
1779284648,20,1,0.000000,s20_p1
1779284648,20,4,0.651770,s20_p4
1779284648,20,2,0.000000,s20_p2
1779284648,20,3,0.000000,s20_p3
1779284648,16,1,0.241630,s16_p1
1779284648,16,4,0.000000,s16_p4
1779284648,16,2,0.410771,s16_p2
1779284648,16,3,0.000000,s16_p3
1779284648,11,4,0.000000,s11_p4
1779284648,11,1,0.000000,s11_p1
1779284648,11,2,0.000000,s11_p2
1779284648,11,3,0.000000,s11_p3
1779284648,18,1,0.000000,s18_p1
1779284648,18,4,0.350379,s18_p4
1779284648,18,2,0.000000,s18_p2
1779284648,18,3,0.000000,s18_p3
1779284648,9,4,0.350364,s9_p4
1779284648,9,1,0.000000,s9_p1
1779284648,9,2,0.000000,s9_p2
1779284648,9,3,0.362446,s9_p3
1779284648,5,4,0.000000,s5_p4
1779284648,5,1,0.000000,s5_p1
1779284648,5,2,0.000000,s5_p2
1779284648,5,3,0.000000,s5_p3
1779284648,2,1,0.000000,s2_p1
1779284648,2,4,0.610123,s2_p4
1779284648,2,2,0.000000,s2_p2
1779284648,2,3,0.000000,s2_p3
1779284648,12,4,0.000000,s12_p4
1779284648,12,1,0.000000,s12_p1
1779284648,12,2,0.000000,s12_p2
1779284648,12,3,0.000000,s12_p3
1779284648,17,1,0.000000,s17_p1
1779284648,17,4,0.362445,s17_p4
1779284648,17,2,0.000000,s17_p2
1779284648,17,3,0.000000,s17_p3
1779284649,19,1,0.000000,s19_p1
1779284649,19,4,0.457504,s19_p4
1779284649,19,2,0.000000,s19_p2
1779284649,19,3,0.000000,s19_p3
1779284649,10,1,0.000000,s10_p1
1779284649,10,4,0.999088,s10_p4
1779284649,10,2,0.000000,s10_p2
1779284649,10,3,0.457414,s10_p3
1779284649,6,1,0.000000,s6_p1
1779284649,6,4,0.000000,s6_p4
1779284649,6,2,0.000000,s6_p2
1779284649,6,3,0.000000,s6_p3
1779284649,3,4,0.000000,s3_p4
1779284649,3,1,0.000000,s3_p1
1779284649,3,2,0.000000,s3_p2
1779284649,3,3,0.000000,s3_p3
1779284649,14,1,0.000000,s14_p1
1779284649,14,4,0.000000,s14_p4
1779284649,14,2,0.000000,s14_p2
1779284649,14,3,0.000000,s14_p3
1779284649,1,4,0.583460,s1_p4
1779284649,1,1,0.000000,s1_p1
1779284649,1,2,0.000000,s1_p2
1779284649,1,3,1.000000,s1_p3
1779284649,15,4,0.000000,s15_p4
1779284649,15,1,1.000000,s15_p1
1779284649,15,2,0.000000,s15_p2
1779284649,15,3,0.000000,s15_p3
1779284649,7,1,0.721826,s7_p1
1779284649,7,4,0.000000,s7_p4
1779284649,7,2,0.812054,s7_p2
1779284649,7,3,0.000000,s7_p3
1779284649,8,4,0.000000,s8_p4
1779284649,8,1,0.800038,s8_p1
1779284649,8,2,0.204521,s8_p2
1779284649,8,3,0.000000,s8_p3
1779284649,20,1,0.000000,s20_p1
1779284649,20,4,0.999040,s20_p4
1779284649,20,2,0.000000,s20_p2
1779284649,20,3,0.000000,s20_p3
1779284649,16,1,0.451380,s16_p1
1779284649,16,4,0.000000,s16_p4
1779284649,16,2,1.000000,s16_p2
1779284649,16,3,0.000000,s16_p3
1779284649,4,4,0.000000,s4_p4
1779284649,4,1,0.000000,s4_p1
1779284649,4,2,0.000000,s4_p2
1779284649,4,3,0.000000,s4_p3
1779284649,13,4,0.000000,s13_p4
1779284649,13,1,0.000000,s13_p1
1779284649,13,2,0.000000,s13_p2
1779284649,13,3,0.000000,s13_p3
1779284649,5,4,0.000000,s5_p4
1779284649,5,1,0.000000,s5_p1
1779284649,5,2,0.000000,s5_p2
1779284649,5,3,0.000000,s5_p3
1779284649,18,1,0.000000,s18_p1
1779284649,18,4,0.541639,s18_p4
1779284649,18,2,0.000000,s18_p2
1779284649,18,3,0.000000,s18_p3
1779284649,12,4,0.000000,s12_p4
1779284649,12,1,0.000000,s12_p1
1779284649,12,2,0.000000,s12_p2
1779284649,12,3,0.000000,s12_p3
1779284649,2,1,0.000000,s2_p1
1779284649,2,4,0.950893,s2_p4
1779284649,2,2,0.000000,s2_p2
1779284649,2,3,0.000000,s2_p3
1779284649,11,4,0.000000,s11_p4
1779284649,11,1,0.000000,s11_p1
1779284649,11,2,0.000000,s11_p2
1779284649,11,3,0.000000,s11_p3
1779284649,17,1,0.000000,s17_p1
1779284649,17,4,0.529615,s17_p4
1779284649,17,2,0.000000,s17_p2
1779284649,17,3,0.000000,s17_p3
1779284649,9,4,0.541617,s9_p4
1779284649,9,1,0.000000,s9_p1
1779284649,9,2,0.000000,s9_p2
1779284649,9,3,0.529581,s9_p3
1779284650,1,4,0.676880,s1_p4
1779284650,1,1,0.000000,s1_p1
1779284650,1,2,0.000000,s1_p2
1779284650,1,3,1.000000,s1_p3
1779284650,3,4,0.000000,s3_p4
1779284650,3,1,0.000000,s3_p1
1779284650,3,2,0.000000,s3_p2
1779284650,3,3,0.000000,s3_p3
1779284650,15,4,0.000000,s15_p4
1779284650,15,1,1.000000,s15_p1
1779284650,15,2,0.000000,s15_p2
1779284650,15,3,0.000000,s15_p3
1779284650,10,1,0.000000,s10_p1
1779284650,10,4,1.000000,s10_p4
1779284650,10,2,0.000000,s10_p2
1779284650,10,3,0.531232,s10_p3
1779284650,8,4,0.000000,s8_p4
1779284650,8,1,0.803417,s8_p1
1779284650,8,2,0.265792,s8_p2
1779284650,8,3,0.000000,s8_p3
1779284650,14,1,0.000000,s14_p1
1779284650,14,4,0.000000,s14_p4
1779284650,14,2,0.000000,s14_p2
1779284650,14,3,0.000000,s14_p3
1779284650,7,1,0.736719,s7_p1
1779284650,7,4,0.000000,s7_p4
1779284650,7,2,0.815222,s7_p2
1779284650,7,3,0.000000,s7_p3
1779284650,12,4,0.000000,s12_p4
1779284650,12,1,0.000000,s12_p1
1779284650,12,2,0.000000,s12_p2
1779284650,12,3,0.000000,s12_p3
1779284650,4,4,0.000000,s4_p4
1779284650,4,1,0.000000,s4_p1
1779284650,4,2,0.000000,s4_p2
1779284650,4,3,0.000000,s4_p3
1779284650,17,1,0.000000,s17_p1
1779284650,17,4,0.543867,s17_p4
1779284650,17,2,0.000000,s17_p2
1779284650,17,3,0.000000,s17_p3
1779284650,5,4,0.000000,s5_p4
1779284650,5,1,0.000000,s5_p1
1779284650,5,2,0.000000,s5_p2
1779284650,5,3,0.000000,s5_p3
1779284650,13,4,0.000000,s13_p4
1779284650,13,1,0.000000,s13_p1
1779284650,13,2,0.000000,s13_p2
1779284650,13,3,0.000000,s13_p3
1779284650,20,1,0.000000,s20_p1
1779284650,20,4,1.000000,s20_p4
1779284650,20,2,0.000000,s20_p2
1779284650,20,3,0.000000,s20_p3
1779284650,16,1,0.465137,s16_p1
1779284650,16,4,0.000000,s16_p4
1779284650,16,2,1.000000,s16_p2
1779284650,16,3,0.000000,s16_p3
1779284650,9,4,0.543716,s9_p4
1779284650,9,1,0.000000,s9_p1
1779284650,9,2,0.000000,s9_p2
1779284650,9,3,0.543716,s9_p3
1779284650,18,1,0.000000,s18_p1
1779284650,18,4,0.543671,s18_p4
1779284650,18,2,0.000000,s18_p2
1779284650,18,3,0.000000,s18_p3
1779284650,2,1,0.000000,s2_p1
1779284650,2,4,0.930295,s2_p4
1779284650,2,2,0.000000,s2_p2
1779284650,2,3,0.000000,s2_p3
1779284650,11,4,0.000000,s11_p4
1779284650,11,1,0.000000,s11_p1
1779284650,11,2,0.000000,s11_p2
1779284650,11,3,0.000000,s11_p3
1779284650,6,1,0.000000,s6_p1
1779284650,6,4,0.000000,s6_p4
1779284650,6,2,0.000000,s6_p2
1779284650,6,3,0.000000,s6_p3
1779284650,19,1,0.000000,s19_p1
1779284650,19,4,0.530635,s19_p4
1779284650,19,2,0.000000,s19_p2
1779284650,19,3,0.000000,s19_p3
1779284651,6,1,0.000000,s6_p1
1779284651,6,4,0.000000,s6_p4
1779284651,6,2,0.000000,s6_p2
1779284651,6,3,0.000000,s6_p3
1779284651,3,4,0.000000,s3_p4
1779284651,3,1,0.000000,s3_p1
1779284651,3,2,0.000000,s3_p2
1779284651,3,3,0.000000,s3_p3
1779284651,14,1,0.000000,s14_p1
1779284651,14,4,0.000000,s14_p4
1779284651,14,2,0.000000,s14_p2
1779284651,14,3,0.000000,s14_p3
1779284651,1,4,0.676690,s1_p4
1779284651,1,1,0.000000,s1_p1
1779284651,1,2,0.000000,s1_p2
1779284651,1,3,1.000000,s1_p3
1779284651,10,1,0.000000,s10_p1
1779284651,10,4,0.181345,s10_p4
1779284651,10,2,0.000000,s10_p2
1779284651,10,3,1.000000,s10_p3
1779284651,15,4,0.000000,s15_p4
1779284651,15,1,1.000000,s15_p1
1779284651,15,2,0.000000,s15_p2
1779284651,15,3,0.000000,s15_p3
1779284651,8,4,0.000000,s8_p4
1779284651,8,1,0.525862,s8_p1
1779284651,8,2,0.211554,s8_p2
1779284651,8,3,0.000000,s8_p3
1779284651,16,1,0.453434,s16_p1
1779284651,16,4,0.000000,s16_p4
1779284651,16,2,0.737586,s16_p2
1779284651,16,3,0.000000,s16_p3
1779284651,7,1,0.725208,s7_p1
1779284651,7,4,0.000000,s7_p4
1779284651,7,2,0.803772,s7_p2
1779284651,7,3,0.000000,s7_p3
1779284651,5,4,0.000000,s5_p4
1779284651,5,1,0.000000,s5_p1
1779284651,5,2,0.000000,s5_p2
1779284651,5,3,0.000000,s5_p3
1779284651,4,4,0.000000,s4_p4
1779284651,4,1,0.000000,s4_p1
1779284651,4,2,0.000000,s4_p2
1779284651,4,3,0.000000,s4_p3
1779284651,2,1,0.000000,s2_p1
1779284651,2,4,0.949178,s2_p4
1779284651,2,2,0.000000,s2_p2
1779284651,2,3,0.000000,s2_p3
1779284651,20,1,0.000000,s20_p1
1779284651,20,4,0.181316,s20_p4
1779284651,20,2,0.000000,s20_p2
1779284651,20,3,0.000000,s20_p3
1779284651,12,4,0.000000,s12_p4
1779284651,12,1,0.000000,s12_p1
1779284651,12,2,0.000000,s12_p2
1779284651,12,3,0.000000,s12_p3
1779284651,13,4,0.000000,s13_p4
1779284651,13,1,0.000000,s13_p1
1779284651,13,2,0.000000,s13_p2
1779284651,13,3,0.000000,s13_p3
1779284651,18,1,0.000000,s18_p1
1779284651,18,4,0.538035,s18_p4
1779284651,18,2,0.000000,s18_p2
1779284651,18,3,0.000000,s18_p3
1779284651,17,1,0.000000,s17_p1
1779284651,17,4,0.537859,s17_p4
1779284651,17,2,0.000000,s17_p2
1779284651,17,3,0.000000,s17_p3
1779284651,9,4,0.537932,s9_p4
1779284651,9,1,0.000000,s9_p1
1779284651,9,2,0.000000,s9_p2
1779284651,9,3,0.537932,s9_p3
1779284651,19,1,0.000000,s19_p1
1779284651,19,4,1.000000,s19_p4
1779284651,19,2,0.000000,s19_p2
1779284651,19,3,0.000000,s19_p3
1779284651,11,4,0.000000,s11_p4
1779284651,11,1,0.000000,s11_p1
1779284651,11,2,0.000000,s11_p2
1779284651,11,3,0.000000,s11_p3
1779284652,14,1,0.000000,s14_p1
1779284652,14,4,0.000000,s14_p4
1779284652,14,2,0.000000,s14_p2
1779284652,14,3,0.000000,s14_p3
1779284652,19,1,0.000000,s19_p1
1779284652,19,4,0.996312,s19_p4
1779284652,19,2,0.000000,s19_p2
1779284652,19,3,0.000000,s19_p3
1779284652,13,4,0.000000,s13_p4
1779284652,13,1,0.000000,s13_p1
1779284652,13,2,0.000000,s13_p2
1779284652,13,3,0.000000,s13_p3
1779284652,10,1,0.000000,s10_p1
1779284652,10,4,0.000000,s10_p4
1779284652,10,2,0.000000,s10_p2
1779284652,10,3,0.995438,s10_p3
1779284652,7,1,0.676067,s7_p1
1779284652,7,4,0.000000,s7_p4
1779284652,7,2,0.808865,s7_p2
1779284652,7,3,0.000000,s7_p3
1779284652,4,4,0.000000,s4_p4
1779284652,4,1,0.000000,s4_p1
1779284652,4,2,0.000000,s4_p2
1779284652,4,3,0.000000,s4_p3
1779284652,3,4,0.000000,s3_p4
1779284652,3,1,0.000000,s3_p1
1779284652,3,2,0.000000,s3_p2
1779284652,3,3,0.000000,s3_p3
1779284652,12,4,0.000000,s12_p4
1779284652,12,1,0.000000,s12_p1
1779284652,12,2,0.000000,s12_p2
1779284652,12,3,0.000000,s12_p3
1779284652,5,4,0.000000,s5_p4
1779284652,5,1,0.000000,s5_p1
1779284652,5,2,0.000000,s5_p2
1779284652,5,3,0.000000,s5_p3
1779284652,15,4,0.000000,s15_p4
1779284652,15,1,1.000000,s15_p1
1779284652,15,2,0.000000,s15_p2
1779284652,15,3,0.000000,s15_p3
1779284652,1,4,0.669580,s1_p4
1779284652,1,1,0.000000,s1_p1
1779284652,1,2,0.000000,s1_p2
1779284652,1,3,1.000000,s1_p3
1779284652,6,1,0.000000,s6_p1
1779284652,6,4,0.000000,s6_p4
1779284652,6,2,0.000000,s6_p2
1779284652,6,3,0.000000,s6_p3
1779284652,8,4,0.000000,s8_p4
1779284652,8,1,0.331802,s8_p1
1779284652,8,2,0.253376,s8_p2
1779284652,8,3,0.000000,s8_p3
1779284652,11,4,0.000000,s11_p4
1779284652,11,1,0.000000,s11_p1
1779284652,11,2,0.000000,s11_p2
1779284652,11,3,0.000000,s11_p3
1779284652,20,1,0.000000,s20_p1
1779284652,20,4,0.000000,s20_p4
1779284652,20,2,0.000000,s20_p2
1779284652,20,3,0.000000,s20_p3
1779284652,9,4,0.537113,s9_p4
1779284652,9,1,0.000000,s9_p1
1779284652,9,2,0.000000,s9_p2
1779284652,9,3,0.537113,s9_p3
1779284652,2,1,0.000000,s2_p1
1779284652,2,4,0.953310,s2_p4
1779284652,2,2,0.000000,s2_p2
1779284652,2,3,0.000000,s2_p3
1779284652,16,1,0.410249,s16_p1
1779284652,16,4,0.000000,s16_p4
1779284652,16,2,0.585208,s16_p2
1779284652,16,3,0.000000,s16_p3
1779284652,18,1,0.000000,s18_p1
1779284652,18,4,0.537003,s18_p4
1779284652,18,2,0.000000,s18_p2
1779284652,18,3,0.000000,s18_p3
1779284652,17,1,0.000000,s17_p1
1779284652,17,4,0.537000,s17_p4
1779284652,17,2,0.000000,s17_p2
1779284652,17,3,0.000000,s17_p3
1779284653,1,4,0.678270,s1_p4
1779284653,1,1,0.000000,s1_p1
1779284653,1,2,0.000000,s1_p2
1779284653,1,3,1.000000,s1_p3
1779284653,13,4,0.000000,s13_p4
1779284653,13,1,0.000000,s13_p1
1779284653,13,2,0.000000,s13_p2
1779284653,13,3,0.000000,s13_p3
1779284653,4,4,0.000000,s4_p4
1779284653,4,1,0.000000,s4_p1
1779284653,4,2,0.000000,s4_p2
1779284653,4,3,0.000000,s4_p3
1779284653,3,4,0.000000,s3_p4
1779284653,3,1,0.000000,s3_p1
1779284653,3,2,0.000000,s3_p2
1779284653,3,3,0.000000,s3_p3
1779284653,10,1,0.000000,s10_p1
1779284653,10,4,1.000000,s10_p4
1779284653,10,2,0.000000,s10_p2
1779284653,10,3,0.181544,s10_p3
1779284653,15,4,0.000000,s15_p4
1779284653,15,1,1.000000,s15_p1
1779284653,15,2,0.000000,s15_p2
1779284653,15,3,0.000000,s15_p3
1779284653,14,1,0.000000,s14_p1
1779284653,14,4,0.000000,s14_p4
1779284653,14,2,0.000000,s14_p2
1779284653,14,3,0.000000,s14_p3
1779284653,8,4,0.000000,s8_p4
1779284653,8,1,0.478100,s8_p1
1779284653,8,2,0.254180,s8_p2
1779284653,8,3,0.000000,s8_p3
1779284653,7,1,0.726138,s7_p1
1779284653,7,4,0.000000,s7_p4
1779284653,7,2,0.816905,s7_p2
1779284653,7,3,0.000000,s7_p3
1779284653,6,1,0.000000,s6_p1
1779284653,6,4,0.000000,s6_p4
1779284653,6,2,0.000000,s6_p2
1779284653,6,3,0.000000,s6_p3
1779284653,20,1,0.000000,s20_p1
1779284653,20,4,1.000000,s20_p4
1779284653,20,2,0.000000,s20_p2
1779284653,20,3,0.000000,s20_p3
1779284653,18,1,0.000000,s18_p1
1779284653,18,4,0.544642,s18_p4
1779284653,18,2,0.000000,s18_p2
1779284653,18,3,0.000000,s18_p3
1779284653,11,4,0.000000,s11_p4
1779284653,11,1,0.000000,s11_p1
1779284653,11,2,0.000000,s11_p2
1779284653,11,3,0.000000,s11_p3
1779284653,16,1,0.453847,s16_p1
1779284653,16,4,0.000000,s16_p4
1779284653,16,2,0.732207,s16_p2
1779284653,16,3,0.000000,s16_p3
1779284653,9,4,0.544600,s9_p4
1779284653,9,1,0.000000,s9_p1
1779284653,9,2,0.000000,s9_p2
1779284653,9,3,0.544600,s9_p3
1779284653,5,4,0.000000,s5_p4
1779284653,5,1,0.000000,s5_p1
1779284653,5,2,0.000000,s5_p2
1779284653,5,3,0.000000,s5_p3
1779284653,12,4,0.000000,s12_p4
1779284653,12,1,0.000000,s12_p1
1779284653,12,2,0.000000,s12_p2
1779284653,12,3,0.000000,s12_p3
1779284653,19,1,0.000000,s19_p1
1779284653,19,4,0.181435,s19_p4
1779284653,19,2,0.000000,s19_p2
1779284653,19,3,0.000000,s19_p3
1779284653,2,1,0.000000,s2_p1
1779284653,2,4,0.931843,s2_p4
1779284653,2,2,0.000000,s2_p2
1779284653,2,3,0.000000,s2_p3
1779284653,17,1,0.000000,s17_p1
1779284653,17,4,0.544590,s17_p4
1779284653,17,2,0.000000,s17_p2
1779284653,17,3,0.000000,s17_p3
1779284654,1,4,0.672892,s1_p4
1779284654,1,1,0.000000,s1_p1
1779284654,1,2,0.000000,s1_p2
1779284654,1,3,1.000000,s1_p3
1779284654,19,1,0.000000,s19_p1
1779284654,19,4,0.000000,s19_p4
1779284654,19,2,0.000000,s19_p2
1779284654,19,3,0.000000,s19_p3
1779284654,10,1,0.000000,s10_p1
1779284654,10,4,0.997583,s10_p4
1779284654,10,2,0.000000,s10_p2
1779284654,10,3,0.000000,s10_p3
1779284654,3,4,0.000000,s3_p4
1779284654,3,1,0.000000,s3_p1
1779284654,3,2,0.000000,s3_p2
1779284654,3,3,0.000000,s3_p3
1779284654,14,1,0.000000,s14_p1
1779284654,14,4,0.000000,s14_p4
1779284654,14,2,0.000000,s14_p2
1779284654,14,3,0.000000,s14_p3
1779284654,15,4,0.000000,s15_p4
1779284654,15,1,1.000000,s15_p1
1779284654,15,2,0.000000,s15_p2
1779284654,15,3,0.000000,s15_p3
1779284654,6,1,0.000000,s6_p1
1779284654,6,4,0.000000,s6_p4
1779284654,6,2,0.000000,s6_p2
1779284654,6,3,0.000000,s6_p3
1779284654,8,4,0.000000,s8_p4
1779284654,8,1,0.336506,s8_p1
1779284654,8,2,0.252380,s8_p2
1779284654,8,3,0.000000,s8_p3
1779284654,13,4,0.000000,s13_p4
1779284654,13,1,0.000000,s13_p1
1779284654,13,2,0.000000,s13_p2
1779284654,13,3,0.000000,s13_p3
1779284654,16,1,0.408663,s16_p1
1779284654,16,4,0.000000,s16_p4
1779284654,16,2,0.588956,s16_p2
1779284654,16,3,0.000000,s16_p3
1779284654,5,4,0.000000,s5_p4
1779284654,5,1,0.000000,s5_p1
1779284654,5,2,0.000000,s5_p2
1779284654,5,3,0.000000,s5_p3
1779284654,7,1,0.684756,s7_p1
1779284654,7,4,0.000000,s7_p4
1779284654,7,2,0.792876,s7_p2
1779284654,7,3,0.000000,s7_p3
1779284654,2,1,0.000000,s2_p1
1779284654,2,4,0.943519,s2_p4
1779284654,2,2,0.000000,s2_p2
1779284654,2,3,0.000000,s2_p3
1779284654,4,4,0.000000,s4_p4
1779284654,4,1,0.000000,s4_p1
1779284654,4,2,0.000000,s4_p2
1779284654,4,3,0.000000,s4_p3
1779284654,12,4,0.000000,s12_p4
1779284654,12,1,0.000000,s12_p1
1779284654,12,2,0.000000,s12_p2
1779284654,12,3,0.000000,s12_p3
1779284654,18,1,0.000000,s18_p1
1779284654,18,4,0.534807,s18_p4
1779284654,18,2,0.000000,s18_p2
1779284654,18,3,0.000000,s18_p3
1779284654,17,1,0.000000,s17_p1
1779284654,17,4,0.534854,s17_p4
1779284654,17,2,0.000000,s17_p2
1779284654,17,3,0.000000,s17_p3
1779284654,20,1,0.000000,s20_p1
1779284654,20,4,0.997453,s20_p4
1779284654,20,2,0.000000,s20_p2
1779284654,20,3,0.000000,s20_p3
1779284654,9,4,0.534738,s9_p4
1779284654,9,1,0.000000,s9_p1
1779284654,9,2,0.000000,s9_p2
1779284654,9,3,0.534738,s9_p3
1779284654,11,4,0.000000,s11_p4
1779284654,11,1,0.000000,s11_p1
1779284654,11,2,0.000000,s11_p2
1779284654,11,3,0.000000,s11_p3
1779284655,6,1,0.000000,s6_p1
1779284655,6,4,0.000000,s6_p4
1779284655,6,2,0.000000,s6_p2
1779284655,6,3,0.000000,s6_p3
1779284655,19,1,0.000000,s19_p1
1779284655,19,4,1.000000,s19_p4
1779284655,19,2,0.000000,s19_p2
1779284655,19,3,0.000000,s19_p3
1779284655,1,4,0.670553,s1_p4
1779284655,1,1,0.000000,s1_p1
1779284655,1,2,0.000000,s1_p2
1779284655,1,3,1.000000,s1_p3
1779284655,13,4,0.000000,s13_p4
1779284655,13,1,0.000000,s13_p1
1779284655,13,2,0.000000,s13_p2
1779284655,13,3,0.000000,s13_p3
1779284655,4,4,0.000000,s4_p4
1779284655,4,1,0.000000,s4_p1
1779284655,4,2,0.000000,s4_p2
1779284655,4,3,0.000000,s4_p3
1779284655,15,4,0.000000,s15_p4
1779284655,15,1,1.000000,s15_p1
1779284655,15,2,0.000000,s15_p2
1779284655,15,3,0.000000,s15_p3
1779284655,10,1,0.000000,s10_p1
1779284655,10,4,0.175189,s10_p4
1779284655,10,2,0.000000,s10_p2
1779284655,10,3,1.000000,s10_p3
1779284655,14,1,0.000000,s14_p1
1779284655,14,4,0.000000,s14_p4
1779284655,14,2,0.000000,s14_p2
1779284655,14,3,0.000000,s14_p3
1779284655,3,4,0.000000,s3_p4
1779284655,3,1,0.000000,s3_p1
1779284655,3,2,0.000000,s3_p2
1779284655,3,3,0.000000,s3_p3
1779284655,7,1,0.707158,s7_p1
1779284655,7,4,0.000000,s7_p4
1779284655,7,2,0.815952,s7_p2
1779284655,7,3,0.000000,s7_p3
1779284655,8,4,0.000000,s8_p4
1779284655,8,1,0.489355,s8_p1
1779284655,8,2,0.247698,s8_p2
1779284655,8,3,0.000000,s8_p3
1779284655,18,1,0.000000,s18_p1
1779284655,18,4,0.537768,s18_p4
1779284655,18,2,0.000000,s18_p2
1779284655,18,3,0.000000,s18_p3
1779284655,5,4,0.000000,s5_p4
1779284655,5,1,0.000000,s5_p1
1779284655,5,2,0.000000,s5_p2
1779284655,5,3,0.000000,s5_p3
1779284655,12,4,0.000000,s12_p4
1779284655,12,1,0.000000,s12_p1
1779284655,12,2,0.000000,s12_p2
1779284655,12,3,0.000000,s12_p3
1779284655,2,1,0.000000,s2_p1
1779284655,2,4,0.954610,s2_p4
1779284655,2,2,0.000000,s2_p2
1779284655,2,3,0.000000,s2_p3
1779284655,16,1,0.447063,s16_p1
1779284655,16,4,0.000000,s16_p4
1779284655,16,2,0.737049,s16_p2
1779284655,16,3,0.000000,s16_p3
1779284655,20,1,0.000000,s20_p1
1779284655,20,4,0.175221,s20_p4
1779284655,20,2,0.000000,s20_p2
1779284655,20,3,0.000000,s20_p3
1779284655,11,4,0.000000,s11_p4
1779284655,11,1,0.000000,s11_p1
1779284655,11,2,0.000000,s11_p2
1779284655,11,3,0.000000,s11_p3
1779284655,17,1,0.000000,s17_p1
1779284655,17,4,0.537729,s17_p4
1779284655,17,2,0.000000,s17_p2
1779284655,17,3,0.000000,s17_p3
1779284655,9,4,0.537765,s9_p4
1779284655,9,1,0.000000,s9_p1
1779284655,9,2,0.000000,s9_p2
1779284655,9,3,0.537765,s9_p3
1779284656,19,1,0.000000,s19_p1
1779284656,19,4,0.996131,s19_p4
1779284656,19,2,0.000000,s19_p2
1779284656,19,3,0.000000,s19_p3
1779284656,10,1,0.000000,s10_p1
1779284656,10,4,0.000000,s10_p4
1779284656,10,2,0.000000,s10_p2
1779284656,10,3,0.996168,s10_p3
1779284656,14,1,0.000000,s14_p1
1779284656,14,4,0.000000,s14_p4
1779284656,14,2,0.000000,s14_p2
1779284656,14,3,0.000000,s14_p3
1779284656,3,4,0.000000,s3_p4
1779284656,3,1,0.000000,s3_p1
1779284656,3,2,0.000000,s3_p2
1779284656,3,3,0.000000,s3_p3
1779284656,1,4,0.796566,s1_p4
1779284656,1,1,0.000000,s1_p1
1779284656,1,2,0.000000,s1_p2
1779284656,1,3,1.000000,s1_p3
1779284656,6,1,0.000000,s6_p1
1779284656,6,4,0.000000,s6_p4
1779284656,6,2,0.000000,s6_p2
1779284656,6,3,0.000000,s6_p3
1779284656,4,4,0.000000,s4_p4
1779284656,4,1,0.000000,s4_p1
1779284656,4,2,0.000000,s4_p2
1779284656,4,3,0.000000,s4_p3
1779284656,13,4,0.000000,s13_p4
1779284656,13,1,0.000000,s13_p1
1779284656,13,2,0.000000,s13_p2
1779284656,13,3,0.000000,s13_p3
1779284656,7,1,0.694069,s7_p1
1779284656,7,4,0.000000,s7_p4
1779284656,7,2,0.814777,s7_p2
1779284656,7,3,0.000000,s7_p3
1779284656,15,4,0.000000,s15_p4
1779284656,15,1,1.000000,s15_p1
1779284656,15,2,0.000000,s15_p2
1779284656,15,3,0.000000,s15_p3
1779284656,8,4,0.000000,s8_p4
1779284656,8,1,0.277628,s8_p1
1779284656,8,2,0.295734,s8_p2
1779284656,8,3,0.000000,s8_p3
1779284656,20,1,0.000000,s20_p1
1779284656,20,4,0.000000,s20_p4
1779284656,20,2,0.000000,s20_p2
1779284656,20,3,0.000000,s20_p3
1779284656,5,4,0.000000,s5_p4
1779284656,5,1,0.000000,s5_p1
1779284656,5,2,0.000000,s5_p2
1779284656,5,3,0.000000,s5_p3
1779284656,12,4,0.000000,s12_p4
1779284656,12,1,0.000000,s12_p1
1779284656,12,2,0.000000,s12_p2
1779284656,12,3,0.000000,s12_p3
1779284656,17,1,0.000000,s17_p1
1779284656,17,4,0.543231,s17_p4
1779284656,17,2,0.000000,s17_p2
1779284656,17,3,0.000000,s17_p3
1779284656,18,1,0.000000,s18_p1
1779284656,18,4,0.543174,s18_p4
1779284656,18,2,0.000000,s18_p2
1779284656,18,3,0.000000,s18_p3
1779284656,2,1,0.000000,s2_p1
1779284656,2,4,0.929476,s2_p4
1779284656,2,2,0.000000,s2_p2
1779284656,2,3,0.000000,s2_p3
1779284656,16,1,0.422439,s16_p1
1779284656,16,4,0.000000,s16_p4
1779284656,16,2,0.573311,s16_p2
1779284656,16,3,0.000000,s16_p3
1779284656,9,4,0.543178,s9_p4
1779284656,9,1,0.000000,s9_p1
1779284656,9,2,0.000000,s9_p2
1779284656,9,3,0.543178,s9_p3
1779284656,11,4,0.000000,s11_p4
1779284656,11,1,0.000000,s11_p1
1779284656,11,2,0.000000,s11_p2
1779284656,11,3,0.000000,s11_p3
1779284657,3,4,0.000000,s3_p4
1779284657,3,1,0.000000,s3_p1
1779284657,3,2,0.000000,s3_p2
1779284657,3,3,0.000000,s3_p3
1779284657,19,1,0.000000,s19_p1
1779284657,19,4,0.186923,s19_p4
1779284657,19,2,0.000000,s19_p2
1779284657,19,3,0.000000,s19_p3
1779284657,15,4,0.000000,s15_p4
1779284657,15,1,1.000000,s15_p1
1779284657,15,2,0.000000,s15_p2
1779284657,15,3,0.000000,s15_p3
1779284657,6,1,0.000000,s6_p1
1779284657,6,4,0.000000,s6_p4
1779284657,6,2,0.000000,s6_p2
1779284657,6,3,0.000000,s6_p3
1779284657,10,1,0.000000,s10_p1
1779284657,10,4,1.000000,s10_p4
1779284657,10,2,0.000000,s10_p2
1779284657,10,3,0.186896,s10_p3
1779284657,5,4,0.000000,s5_p4
1779284657,5,1,0.000000,s5_p1
1779284657,5,2,0.000000,s5_p2
1779284657,5,3,0.000000,s5_p3
1779284657,13,4,0.000000,s13_p4
1779284657,13,1,0.000000,s13_p1
1779284657,13,2,0.000000,s13_p2
1779284657,13,3,0.000000,s13_p3
1779284657,4,4,0.000000,s4_p4
1779284657,4,1,0.000000,s4_p1
1779284657,4,2,0.000000,s4_p2
1779284657,4,3,0.000000,s4_p3
1779284657,12,4,0.000000,s12_p4
1779284657,12,1,0.000000,s12_p1
1779284657,12,2,0.000000,s12_p2
1779284657,12,3,0.000000,s12_p3
1779284657,8,4,0.000000,s8_p4
1779284657,8,1,0.379931,s8_p1
1779284657,8,2,0.361839,s8_p2
1779284657,8,3,0.000000,s8_p3
1779284657,20,1,0.000000,s20_p1
1779284657,20,4,1.000000,s20_p4
1779284657,20,2,0.000000,s20_p2
1779284657,20,3,0.000000,s20_p3
1779284657,14,1,0.000000,s14_p1
1779284657,14,4,0.000000,s14_p4
1779284657,14,2,0.000000,s14_p2
1779284657,14,3,0.000000,s14_p3
1779284657,7,1,0.723627,s7_p1
1779284657,7,4,0.000000,s7_p4
1779284657,7,2,0.802020,s7_p2
1779284657,7,3,0.000000,s7_p3
1779284657,9,4,0.536780,s9_p4
1779284657,9,1,0.000000,s9_p1
1779284657,9,2,0.000000,s9_p2
1779284657,9,3,0.536780,s9_p3
1779284657,16,1,0.452310,s16_p1
1779284657,16,4,0.000000,s16_p4
1779284657,16,2,0.741788,s16_p2
1779284657,16,3,0.000000,s16_p3
1779284657,11,4,0.000000,s11_p4
1779284657,11,1,0.000000,s11_p1
1779284657,11,2,0.000000,s11_p2
1779284657,11,3,0.000000,s11_p3
1779284657,2,1,0.000000,s2_p1
1779284657,2,4,0.946688,s2_p4
1779284657,2,2,0.000000,s2_p2
1779284657,2,3,0.000000,s2_p3
1779284657,18,1,0.000000,s18_p1
1779284657,18,4,0.536648,s18_p4
1779284657,18,2,0.000000,s18_p2
1779284657,18,3,0.000000,s18_p3
1779284657,17,1,0.000000,s17_p1
1779284657,17,4,0.536637,s17_p4
1779284657,17,2,0.000000,s17_p2
1779284657,17,3,0.000000,s17_p3
1779284657,1,4,0.807405,s1_p4
1779284657,1,1,0.000000,s1_p1
1779284657,1,2,0.000000,s1_p2
1779284657,1,3,1.000000,s1_p3
1779284658,15,4,0.000000,s15_p4
1779284658,15,1,1.000000,s15_p1
1779284658,15,2,0.000000,s15_p2
1779284658,15,3,0.000000,s15_p3
1779284658,19,1,0.000000,s19_p1
1779284658,19,4,0.000000,s19_p4
1779284658,19,2,0.000000,s19_p2
1779284658,19,3,0.000000,s19_p3
1779284658,10,1,0.000000,s10_p1
1779284658,10,4,0.998675,s10_p4
1779284658,10,2,0.000000,s10_p2
1779284658,10,3,0.000000,s10_p3
1779284658,7,1,0.665855,s7_p1
1779284658,7,4,0.000000,s7_p4
1779284658,7,2,0.811133,s7_p2
1779284658,7,3,0.000000,s7_p3
1779284658,3,4,0.000000,s3_p4
1779284658,3,1,0.000000,s3_p1
1779284658,3,2,0.000000,s3_p2
1779284658,3,3,0.000000,s3_p3
1779284658,6,1,0.000000,s6_p1
1779284658,6,4,0.000000,s6_p4
1779284658,6,2,0.000000,s6_p2
1779284658,6,3,0.000000,s6_p3
1779284658,14,1,0.000000,s14_p1
1779284658,14,4,0.000000,s14_p4
1779284658,14,2,0.000000,s14_p2
1779284658,14,3,0.000000,s14_p3
1779284658,5,4,0.000000,s5_p4
1779284658,5,1,0.000000,s5_p1
1779284658,5,2,0.000000,s5_p2
1779284658,5,3,0.000000,s5_p3
1779284658,18,1,0.000000,s18_p1
1779284658,18,4,0.538939,s18_p4
1779284658,18,2,0.000000,s18_p2
1779284658,18,3,0.000000,s18_p3
1779284658,4,4,0.000000,s4_p4
1779284658,4,1,0.000000,s4_p1
1779284658,4,2,0.000000,s4_p2
1779284658,4,3,0.000000,s4_p3
1779284658,13,4,0.000000,s13_p4
1779284658,13,1,0.000000,s13_p1
1779284658,13,2,0.000000,s13_p2
1779284658,13,3,0.000000,s13_p3
1779284658,12,4,0.000000,s12_p4
1779284658,12,1,0.000000,s12_p1
1779284658,12,2,0.000000,s12_p2
1779284658,12,3,0.000000,s12_p3
1779284658,20,1,0.000000,s20_p1
1779284658,20,4,0.998621,s20_p4
1779284658,20,2,0.000000,s20_p2
1779284658,20,3,0.000000,s20_p3
1779284658,1,4,0.805380,s1_p4
1779284658,1,1,0.000000,s1_p1
1779284658,1,2,0.000000,s1_p2
1779284658,1,3,1.000000,s1_p3
1779284658,8,4,0.000000,s8_p4
1779284658,8,1,0.260237,s8_p1
1779284658,8,2,0.338913,s8_p2
1779284658,8,3,0.000000,s8_p3
1779284658,16,1,0.399526,s16_p1
1779284658,16,4,0.000000,s16_p4
1779284658,16,2,0.599290,s16_p2
1779284658,16,3,0.000000,s16_p3
1779284658,9,4,0.538715,s9_p4
1779284658,9,1,0.000000,s9_p1
1779284658,9,2,0.000000,s9_p2
1779284658,9,3,0.538715,s9_p3
1779284658,2,1,0.000000,s2_p1
1779284658,2,4,0.956427,s2_p4
1779284658,2,2,0.000000,s2_p2
1779284658,2,3,0.000000,s2_p3
1779284658,17,1,0.000000,s17_p1
1779284658,17,4,0.538752,s17_p4
1779284658,17,2,0.000000,s17_p2
1779284658,17,3,0.000000,s17_p3
1779284658,11,4,0.000000,s11_p4
1779284658,11,1,0.000000,s11_p1
1779284658,11,2,0.000000,s11_p2
1779284658,11,3,0.000000,s11_p3
1779284659,19,1,0.000000,s19_p1
1779284659,19,4,1.000000,s19_p4
1779284659,19,2,0.000000,s19_p2
1779284659,19,3,0.000000,s19_p3
1779284659,10,1,0.000000,s10_p1
1779284659,10,4,0.180367,s10_p4
1779284659,10,2,0.000000,s10_p2
1779284659,10,3,1.000000,s10_p3
1779284659,6,1,0.000000,s6_p1
1779284659,6,4,0.000000,s6_p4
1779284659,6,2,0.000000,s6_p2
1779284659,6,3,0.000000,s6_p3
1779284659,14,1,0.000000,s14_p1
1779284659,14,4,0.000000,s14_p4
1779284659,14,2,0.000000,s14_p2
1779284659,14,3,0.000000,s14_p3
1779284659,3,4,0.000000,s3_p4
1779284659,3,1,0.000000,s3_p1
1779284659,3,2,0.000000,s3_p2
1779284659,3,3,0.000000,s3_p3
1779284659,1,4,0.817726,s1_p4
1779284659,1,1,0.000000,s1_p1
1779284659,1,2,0.000000,s1_p2
1779284659,1,3,1.000000,s1_p3
1779284659,15,4,0.000000,s15_p4
1779284659,15,1,1.000000,s15_p1
1779284659,15,2,0.000000,s15_p2
1779284659,15,3,0.000000,s15_p3
1779284659,13,4,0.000000,s13_p4
1779284659,13,1,0.000000,s13_p1
1779284659,13,2,0.000000,s13_p2
1779284659,13,3,0.000000,s13_p3
1779284659,7,1,0.709161,s7_p1
1779284659,7,4,0.000000,s7_p4
1779284659,7,2,0.811329,s7_p2
1779284659,7,3,0.000000,s7_p3
1779284659,5,4,0.000000,s5_p4
1779284659,5,1,0.000000,s5_p1
1779284659,5,2,0.000000,s5_p2
1779284659,5,3,0.000000,s5_p3
1779284659,4,4,0.000000,s4_p4
1779284659,4,1,0.000000,s4_p1
1779284659,4,2,0.000000,s4_p2
1779284659,4,3,0.000000,s4_p3
1779284659,20,1,0.000000,s20_p1
1779284659,20,4,0.180311,s20_p4
1779284659,20,2,0.000000,s20_p2
1779284659,20,3,0.000000,s20_p3
1779284659,12,4,0.000000,s12_p4
1779284659,12,1,0.000000,s12_p1
1779284659,12,2,0.000000,s12_p2
1779284659,12,3,0.000000,s12_p3
1779284659,8,4,0.000000,s8_p4
1779284659,8,1,0.390678,s8_p1
1779284659,8,2,0.354615,s8_p2
1779284659,8,3,0.000000,s8_p3
1779284659,17,1,0.000000,s17_p1
1779284659,17,4,0.540968,s17_p4
1779284659,17,2,0.000000,s17_p2
1779284659,17,3,0.000000,s17_p3
1779284659,18,1,0.000000,s18_p1
1779284659,18,4,0.540758,s18_p4
1779284659,18,2,0.000000,s18_p2
1779284659,18,3,0.000000,s18_p3
1779284659,2,1,0.000000,s2_p1
1779284659,2,4,0.937622,s2_p4
1779284659,2,2,0.000000,s2_p2
1779284659,2,3,0.000000,s2_p3
1779284659,16,1,0.438735,s16_p1
1779284659,16,4,0.000000,s16_p4
1779284659,16,2,0.745248,s16_p2
1779284659,16,3,0.000000,s16_p3
1779284659,11,4,0.000000,s11_p4
1779284659,11,1,0.000000,s11_p1
1779284659,11,2,0.000000,s11_p2
1779284659,11,3,0.000000,s11_p3
1779284659,9,4,0.540877,s9_p4
1779284659,9,1,0.000000,s9_p1
1779284659,9,2,0.000000,s9_p2
1779284659,9,3,0.540877,s9_p3
1779284660,19,1,0.000000,s19_p1
1779284660,19,4,0.996769,s19_p4
1779284660,19,2,0.000000,s19_p2
1779284660,19,3,0.000000,s19_p3
1779284660,14,1,0.000000,s14_p1
1779284660,14,4,0.000000,s14_p4
1779284660,14,2,0.000000,s14_p2
1779284660,14,3,0.000000,s14_p3
1779284660,3,4,0.000000,s3_p4
1779284660,3,1,0.000000,s3_p1
1779284660,3,2,0.000000,s3_p2
1779284660,3,3,0.000000,s3_p3
1779284660,6,1,0.000000,s6_p1
1779284660,6,4,0.000000,s6_p4
1779284660,6,2,0.000000,s6_p2
1779284660,6,3,0.000000,s6_p3
1779284660,1,4,0.803726,s1_p4
1779284660,1,1,0.000000,s1_p1
1779284660,1,2,0.000000,s1_p2
1779284660,1,3,1.000000,s1_p3
1779284660,13,4,0.000000,s13_p4
1779284660,13,1,0.000000,s13_p1
1779284660,13,2,0.000000,s13_p2
1779284660,13,3,0.000000,s13_p3
1779284660,7,1,0.682737,s7_p1
1779284660,7,4,0.000000,s7_p4
1779284660,7,2,0.803576,s7_p2
1779284660,7,3,0.000000,s7_p3
1779284660,5,4,0.000000,s5_p4
1779284660,5,1,0.000000,s5_p1
1779284660,5,2,0.000000,s5_p2
1779284660,5,3,0.000000,s5_p3
1779284660,4,4,0.000000,s4_p4
1779284660,4,1,0.000000,s4_p1
1779284660,4,2,0.000000,s4_p2
1779284660,4,3,0.000000,s4_p3
1779284660,12,4,0.000000,s12_p4
1779284660,12,1,0.000000,s12_p1
1779284660,12,2,0.000000,s12_p2
1779284660,12,3,0.000000,s12_p3
1779284660,18,1,0.000000,s18_p1
1779284660,18,4,0.537853,s18_p4
1779284660,18,2,0.000000,s18_p2
1779284660,18,3,0.000000,s18_p3
1779284660,10,1,0.000000,s10_p1
1779284660,10,4,0.000000,s10_p4
1779284660,10,2,0.000000,s10_p2
1779284660,10,3,0.996403,s10_p3
1779284660,15,4,0.000000,s15_p4
1779284660,15,1,1.000000,s15_p1
1779284660,15,2,0.000000,s15_p2
1779284660,15,3,0.000000,s15_p3
1779284660,20,1,0.000000,s20_p1
1779284660,20,4,0.000000,s20_p4
1779284660,20,2,0.000000,s20_p2
1779284660,20,3,0.000000,s20_p3
1779284660,8,4,0.000000,s8_p4
1779284660,8,1,0.241665,s8_p1
1779284660,8,2,0.344372,s8_p2
1779284660,8,3,0.000000,s8_p3
1779284660,16,1,0.410844,s16_p1
1779284660,16,4,0.000000,s16_p4
1779284660,16,2,0.586057,s16_p2
1779284660,16,3,0.000000,s16_p3
1779284660,9,4,0.537747,s9_p4
1779284660,9,1,0.000000,s9_p1
1779284660,9,2,0.000000,s9_p2
1779284660,9,3,0.537747,s9_p3
1779284660,2,1,0.000000,s2_p1
1779284660,2,4,0.936423,s2_p4
1779284660,2,2,0.000000,s2_p2
1779284660,2,3,0.000000,s2_p3
1779284660,11,4,0.000000,s11_p4
1779284660,11,1,0.000000,s11_p1
1779284660,11,2,0.000000,s11_p2
1779284660,11,3,0.000000,s11_p3
1779284660,17,1,0.000000,s17_p1
1779284660,17,4,0.537642,s17_p4
1779284660,17,2,0.000000,s17_p2
1779284660,17,3,0.000000,s17_p3
1779284661,1,4,0.808497,s1_p4
1779284661,1,1,0.000000,s1_p1
1779284661,1,2,0.000000,s1_p2
1779284661,1,3,1.000000,s1_p3
1779284661,3,4,0.000000,s3_p4
1779284661,3,1,0.000000,s3_p1
1779284661,3,2,0.000000,s3_p2
1779284661,3,3,0.000000,s3_p3
1779284661,19,1,0.000000,s19_p1
1779284661,19,4,0.174933,s19_p4
1779284661,19,2,0.000000,s19_p2
1779284661,19,3,0.000000,s19_p3
1779284661,10,1,0.000000,s10_p1
1779284661,10,4,1.000000,s10_p4
1779284661,10,2,0.000000,s10_p2
1779284661,10,3,0.174991,s10_p3
1779284661,5,4,0.000000,s5_p4
1779284661,5,1,0.000000,s5_p1
1779284661,5,2,0.000000,s5_p2
1779284661,5,3,0.000000,s5_p3
1779284661,20,1,0.000000,s20_p1
1779284661,20,4,1.000000,s20_p4
1779284661,20,2,0.000000,s20_p2
1779284661,20,3,0.000000,s20_p3
1779284661,4,4,0.000000,s4_p4
1779284661,4,1,0.000000,s4_p1
1779284661,4,2,0.000000,s4_p2
1779284661,4,3,0.000000,s4_p3
1779284661,12,4,0.000000,s12_p4
1779284661,12,1,0.000000,s12_p1
1779284661,12,2,0.000000,s12_p2
1779284661,12,3,0.000000,s12_p3
1779284661,15,4,0.000000,s15_p4
1779284661,15,1,1.000000,s15_p1
1779284661,15,2,0.000000,s15_p2
1779284661,15,3,0.000000,s15_p3
1779284661,6,1,0.000000,s6_p1
1779284661,6,4,0.000000,s6_p4
1779284661,6,2,0.000000,s6_p2
1779284661,6,3,0.000000,s6_p3
1779284661,8,4,0.000000,s8_p4
1779284661,8,1,0.380122,s8_p1
1779284661,8,2,0.362021,s8_p2
1779284661,8,3,0.000000,s8_p3
1779284661,14,1,0.000000,s14_p1
1779284661,14,4,0.000000,s14_p4
1779284661,14,2,0.000000,s14_p2
1779284661,14,3,0.000000,s14_p3
1779284661,7,1,0.705844,s7_p1
1779284661,7,4,0.000000,s7_p4
1779284661,7,2,0.808403,s7_p2
1779284661,7,3,0.000000,s7_p3
1779284661,13,4,0.000000,s13_p4
1779284661,13,1,0.000000,s13_p1
1779284661,13,2,0.000000,s13_p2
1779284661,13,3,0.000000,s13_p3
1779284661,11,4,0.000000,s11_p4
1779284661,11,1,0.000000,s11_p1
1779284661,11,2,0.000000,s11_p2
1779284661,11,3,0.000000,s11_p3
1779284661,16,1,0.440425,s16_p1
1779284661,16,4,0.000000,s16_p4
1779284661,16,2,0.742086,s16_p2
1779284661,16,3,0.000000,s16_p3
1779284661,9,4,0.536969,s9_p4
1779284661,9,1,0.000000,s9_p1
1779284661,9,2,0.000000,s9_p2
1779284661,9,3,0.536969,s9_p3
1779284661,18,1,0.000000,s18_p1
1779284661,18,4,0.536793,s18_p4
1779284661,18,2,0.000000,s18_p2
1779284661,18,3,0.000000,s18_p3
1779284661,17,1,0.000000,s17_p1
1779284661,17,4,0.536977,s17_p4
1779284661,17,2,0.000000,s17_p2
1779284661,17,3,0.000000,s17_p3
1779284661,2,1,0.000000,s2_p1
1779284661,2,4,0.953221,s2_p4
1779284661,2,2,0.000000,s2_p2
1779284661,2,3,0.000000,s2_p3
1779284662,6,1,0.000000,s6_p1
1779284662,6,4,0.000000,s6_p4
1779284662,6,2,0.000000,s6_p2
1779284662,6,3,0.000000,s6_p3
1779284662,3,4,0.000000,s3_p4
1779284662,3,1,0.000000,s3_p1
1779284662,3,2,0.000000,s3_p2
1779284662,3,3,0.000000,s3_p3
1779284662,10,1,0.000000,s10_p1
1779284662,10,4,1.000000,s10_p4
1779284662,10,2,0.000000,s10_p2
1779284662,10,3,0.000000,s10_p3
1779284662,1,4,0.809836,s1_p4
1779284662,1,1,0.000000,s1_p1
1779284662,1,2,0.000000,s1_p2
1779284662,1,3,1.000000,s1_p3
1779284662,15,4,0.000000,s15_p4
1779284662,15,1,1.000000,s15_p1
1779284662,15,2,0.054423,s15_p2
1779284662,15,3,0.000000,s15_p3
1779284662,13,4,0.000000,s13_p4
1779284662,13,1,0.000000,s13_p1
1779284662,13,2,0.000000,s13_p2
1779284662,13,3,0.000000,s13_p3
1779284662,4,4,0.000000,s4_p4
1779284662,4,1,0.000000,s4_p1
1779284662,4,2,0.000000,s4_p2
1779284662,4,3,0.000000,s4_p3
1779284662,14,1,0.000000,s14_p1
1779284662,14,4,0.000000,s14_p4
1779284662,14,2,0.000000,s14_p2
1779284662,14,3,0.000000,s14_p3
1779284662,20,1,0.000000,s20_p1
1779284662,20,4,1.000000,s20_p4
1779284662,20,2,0.000000,s20_p2
1779284662,20,3,0.000000,s20_p3
1779284662,8,4,0.000000,s8_p4
1779284662,8,1,0.247858,s8_p1
1779284662,8,2,0.398992,s8_p2
1779284662,8,3,0.000000,s8_p3
1779284662,7,1,0.683140,s7_p1
1779284662,7,4,0.000000,s7_p4
1779284662,7,2,0.816141,s7_p2
1779284662,7,3,0.000000,s7_p3
1779284662,16,1,0.411118,s16_p1
1779284662,16,4,0.000000,s16_p4
1779284662,16,2,0.592493,s16_p2
1779284662,16,3,0.000000,s16_p3
1779284662,18,1,0.000000,s18_p1
1779284662,18,4,0.544120,s18_p4
1779284662,18,2,0.000000,s18_p2
1779284662,18,3,0.000000,s18_p3
1779284662,5,4,0.000000,s5_p4
1779284662,5,1,0.000000,s5_p1
1779284662,5,2,0.000000,s5_p2
1779284662,5,3,0.000000,s5_p3
1779284662,2,1,0.000000,s2_p1
1779284662,2,4,0.931070,s2_p4
1779284662,2,2,0.000000,s2_p2
1779284662,2,3,0.054413,s2_p3
1779284662,12,4,0.000000,s12_p4
1779284662,12,1,0.000000,s12_p1
1779284662,12,2,0.000000,s12_p2
1779284662,12,3,0.000000,s12_p3
1779284662,17,1,0.000000,s17_p1
1779284662,17,4,0.598516,s17_p4
1779284662,17,2,0.000000,s17_p2
1779284662,17,3,0.000000,s17_p3
1779284662,9,4,0.544034,s9_p4
1779284662,9,1,0.000000,s9_p1
1779284662,9,2,0.000000,s9_p2
1779284662,9,3,0.598438,s9_p3
1779284662,11,4,0.000000,s11_p4
1779284662,11,1,0.000000,s11_p1
1779284662,11,2,0.000000,s11_p2
1779284662,11,3,0.000000,s11_p3
1779284662,19,1,0.000000,s19_p1
1779284662,19,4,0.000000,s19_p4
1779284662,19,2,0.000000,s19_p2
1779284662,19,3,0.000000,s19_p3
1779284663,19,1,0.000000,s19_p1
1779284663,19,4,1.000000,s19_p4
1779284663,19,2,0.000000,s19_p2
1779284663,19,3,0.000000,s19_p3
1779284663,6,1,0.000000,s6_p1
1779284663,6,4,0.000000,s6_p4
1779284663,6,2,0.000000,s6_p2
1779284663,6,3,0.000000,s6_p3
1779284663,3,4,0.000000,s3_p4
1779284663,3,1,0.000000,s3_p1
1779284663,3,2,0.000000,s3_p2
1779284663,3,3,0.000000,s3_p3
1779284663,1,4,0.809653,s1_p4
1779284663,1,1,0.000000,s1_p1
1779284663,1,2,0.000000,s1_p2
1779284663,1,3,1.000000,s1_p3
1779284663,14,1,0.000000,s14_p1
1779284663,14,4,0.000000,s14_p4
1779284663,14,2,0.000000,s14_p2
1779284663,14,3,0.000000,s14_p3
1779284663,7,1,0.725077,s7_p1
1779284663,7,4,0.000000,s7_p4
1779284663,7,2,0.803627,s7_p2
1779284663,7,3,0.000000,s7_p3
1779284663,8,4,0.000000,s8_p4
1779284663,8,1,0.380649,s8_p1
1779284663,8,2,0.489406,s8_p2
1779284663,8,3,0.000000,s8_p3
1779284663,10,1,0.000000,s10_p1
1779284663,10,4,0.181199,s10_p4
1779284663,10,2,0.000000,s10_p2
1779284663,10,3,1.000000,s10_p3
1779284663,4,4,0.000000,s4_p4
1779284663,4,1,0.000000,s4_p1
1779284663,4,2,0.000000,s4_p2
1779284663,4,3,0.000000,s4_p3
1779284663,15,4,0.000000,s15_p4
1779284663,15,1,1.000000,s15_p1
1779284663,15,2,0.132880,s15_p2
1779284663,15,3,0.000000,s15_p3
1779284663,13,4,0.000000,s13_p4
1779284663,13,1,0.000000,s13_p1
1779284663,13,2,0.000000,s13_p2
1779284663,13,3,0.000000,s13_p3
1779284663,20,1,0.000000,s20_p1
1779284663,20,4,0.181192,s20_p4
1779284663,20,2,0.000000,s20_p2
1779284663,20,3,0.000000,s20_p3
1779284663,16,1,0.453069,s16_p1
1779284663,16,4,0.000000,s16_p4
1779284663,16,2,0.736993,s16_p2
1779284663,16,3,0.000000,s16_p3
1779284663,11,4,0.000000,s11_p4
1779284663,11,1,0.000000,s11_p1
1779284663,11,2,0.000000,s11_p2
1779284663,11,3,0.000000,s11_p3
1779284663,5,4,0.000000,s5_p4
1779284663,5,1,0.000000,s5_p1
1779284663,5,2,0.000000,s5_p2
1779284663,5,3,0.000000,s5_p3
1779284663,9,4,0.537723,s9_p4
1779284663,9,1,0.000000,s9_p1
1779284663,9,2,0.000000,s9_p2
1779284663,9,3,0.670644,s9_p3
1779284663,17,1,0.000000,s17_p1
1779284663,17,4,0.670574,s17_p4
1779284663,17,2,0.000000,s17_p2
1779284663,17,3,0.000000,s17_p3
1779284663,12,4,0.000000,s12_p4
1779284663,12,1,0.000000,s12_p1
1779284663,12,2,0.000000,s12_p2
1779284663,12,3,0.000000,s12_p3
1779284663,2,1,0.000000,s2_p1
1779284663,2,4,0.948435,s2_p4
1779284663,2,2,0.000000,s2_p2
1779284663,2,3,0.132902,s2_p3
1779284663,18,1,0.000000,s18_p1
1779284663,18,4,0.537631,s18_p4
1779284663,18,2,0.000000,s18_p2
1779284663,18,3,0.000000,s18_p3
1779284664,1,4,0.803033,s1_p4
1779284664,1,1,0.000000,s1_p1
1779284664,1,2,0.000000,s1_p2
1779284664,1,3,1.000000,s1_p3
1779284664,3,4,0.000000,s3_p4
1779284664,3,1,0.000000,s3_p1
1779284664,3,2,0.000000,s3_p2
1779284664,3,3,0.000000,s3_p3
1779284664,6,1,0.000000,s6_p1
1779284664,6,4,0.000000,s6_p4
1779284664,6,2,0.000000,s6_p2
1779284664,6,3,0.000000,s6_p3
1779284664,14,1,0.000000,s14_p1
1779284664,14,4,0.000000,s14_p4
1779284664,14,2,0.000000,s14_p2
1779284664,14,3,0.000000,s14_p3
1779284664,10,1,0.000000,s10_p1
1779284664,10,4,0.000000,s10_p4
1779284664,10,2,0.000000,s10_p2
1779284664,10,3,0.996470,s10_p3
1779284664,8,4,0.000000,s8_p4
1779284664,8,1,0.229433,s8_p1
1779284664,8,2,0.476980,s8_p2
1779284664,8,3,0.000000,s8_p3
1779284664,15,4,0.000000,s15_p4
1779284664,15,1,1.000000,s15_p1
1779284664,15,2,0.132827,s15_p2
1779284664,15,3,0.000000,s15_p3
1779284664,13,4,0.000000,s13_p4
1779284664,13,1,0.000000,s13_p1
1779284664,13,2,0.000000,s13_p2
1779284664,13,3,0.000000,s13_p3
1779284664,19,1,0.000000,s19_p1
1779284664,19,4,0.995341,s19_p4
1779284664,19,2,0.000000,s19_p2
1779284664,19,3,0.000000,s19_p3
1779284664,7,1,0.688179,s7_p1
1779284664,7,4,0.000000,s7_p4
1779284664,7,2,0.808912,s7_p2
1779284664,7,3,0.000000,s7_p3
1779284664,20,1,0.000000,s20_p1
1779284664,20,4,0.000000,s20_p4
1779284664,20,2,0.000000,s20_p2
1779284664,20,3,0.000000,s20_p3
1779284664,4,4,0.000000,s4_p4
1779284664,4,1,0.000000,s4_p1
1779284664,4,2,0.000000,s4_p2
1779284664,4,3,0.000000,s4_p3
1779284664,5,4,0.000000,s5_p4
1779284664,5,1,0.000000,s5_p1
1779284664,5,2,0.000000,s5_p2
1779284664,5,3,0.000000,s5_p3
1779284664,12,4,0.000000,s12_p4
1779284664,12,1,0.000000,s12_p1
1779284664,12,2,0.000000,s12_p2
1779284664,12,3,0.000000,s12_p3
1779284664,18,1,0.000000,s18_p1
1779284664,18,4,0.537345,s18_p4
1779284664,18,2,0.000000,s18_p2
1779284664,18,3,0.000000,s18_p3
1779284664,2,1,0.000000,s2_p1
1779284664,2,4,0.953920,s2_p4
1779284664,2,2,0.000000,s2_p2
1779284664,2,3,0.132824,s2_p3
1779284664,17,1,0.000000,s17_p1
1779284664,17,4,0.670141,s17_p4
1779284664,17,2,0.000000,s17_p2
1779284664,17,3,0.000000,s17_p3
1779284664,11,4,0.000000,s11_p4
1779284664,11,1,0.000000,s11_p1
1779284664,11,2,0.000000,s11_p2
1779284664,11,3,0.000000,s11_p3
1779284664,9,4,0.537232,s9_p4
1779284664,9,1,0.000000,s9_p1
1779284664,9,2,0.000000,s9_p2
1779284664,9,3,0.670031,s9_p3
1779284664,16,1,0.422522,s16_p1
1779284664,16,4,0.000000,s16_p4
1779284664,16,2,0.573422,s16_p2
1779284664,16,3,0.000000,s16_p3
1779284665,1,4,0.818873,s1_p4
1779284665,1,1,0.000000,s1_p1
1779284665,1,2,0.000000,s1_p2
1779284665,1,3,1.000000,s1_p3
1779284665,6,1,0.000000,s6_p1
1779284665,6,4,0.000000,s6_p4
1779284665,6,2,0.000000,s6_p2
1779284665,6,3,0.000000,s6_p3
1779284665,14,1,0.000000,s14_p1
1779284665,14,4,0.000000,s14_p4
1779284665,14,2,0.000000,s14_p2
1779284665,14,3,0.000000,s14_p3
1779284665,8,4,0.000000,s8_p4
1779284665,8,1,0.391302,s8_p1
1779284665,8,2,0.493643,s8_p2
1779284665,8,3,0.000000,s8_p3
1779284665,10,1,0.000000,s10_p1
1779284665,10,4,0.999076,s10_p4
1779284665,10,2,0.000000,s10_p2
1779284665,10,3,0.180556,s10_p3
1779284665,15,4,0.000000,s15_p4
1779284665,15,1,1.000000,s15_p1
1779284665,15,2,0.138465,s15_p2
1779284665,15,3,0.000000,s15_p3
1779284665,13,4,0.000000,s13_p4
1779284665,13,1,0.000000,s13_p1
1779284665,13,2,0.000000,s13_p2
1779284665,13,3,0.000000,s13_p3
1779284665,7,1,0.710430,s7_p1
1779284665,7,4,0.000000,s7_p4
1779284665,7,2,0.806759,s7_p2
1779284665,7,3,0.000000,s7_p3
1779284665,3,4,0.000000,s3_p4
1779284665,3,1,0.000000,s3_p1
1779284665,3,2,0.000000,s3_p2
1779284665,3,3,0.000000,s3_p3
1779284665,17,1,0.000000,s17_p1
1779284665,17,4,0.680250,s17_p4
1779284665,17,2,0.000000,s17_p2
1779284665,17,3,0.000000,s17_p3
1779284665,9,4,0.541852,s9_p4
1779284665,9,1,0.000000,s9_p1
1779284665,9,2,0.000000,s9_p2
1779284665,9,3,0.680325,s9_p3
1779284665,16,1,0.433482,s16_p1
1779284665,16,4,0.000000,s16_p4
1779284665,16,2,0.746552,s16_p2
1779284665,16,3,0.000000,s16_p3
1779284665,18,1,0.000000,s18_p1
1779284665,18,4,0.541743,s18_p4
1779284665,18,2,0.000000,s18_p2
1779284665,18,3,0.000000,s18_p3
1779284665,4,4,0.000000,s4_p4
1779284665,4,1,0.000000,s4_p1
1779284665,4,2,0.000000,s4_p2
1779284665,4,3,0.000000,s4_p3
1779284665,2,1,0.000000,s2_p1
1779284665,2,4,0.939015,s2_p4
1779284665,2,2,0.000000,s2_p2
1779284665,2,3,0.138445,s2_p3
1779284665,5,4,0.000000,s5_p4
1779284665,5,1,0.000000,s5_p1
1779284665,5,2,0.000000,s5_p2
1779284665,5,3,0.000000,s5_p3
1779284665,12,4,0.000000,s12_p4
1779284665,12,1,0.000000,s12_p1
1779284665,12,2,0.000000,s12_p2
1779284665,12,3,0.000000,s12_p3
1779284665,20,1,0.000000,s20_p1
1779284665,20,4,0.999082,s20_p4
1779284665,20,2,0.000000,s20_p2
1779284665,20,3,0.000000,s20_p3
1779284665,11,4,0.000000,s11_p4
1779284665,11,1,0.000000,s11_p1
1779284665,11,2,0.000000,s11_p2
1779284665,11,3,0.000000,s11_p3
1779284665,19,1,0.000000,s19_p1
1779284665,19,4,0.180486,s19_p4
1779284665,19,2,0.000000,s19_p2
1779284665,19,3,0.000000,s19_p3
1779284666,14,1,0.000000,s14_p1
1779284666,14,4,0.000000,s14_p4
1779284666,14,2,0.000000,s14_p2
1779284666,14,3,0.000000,s14_p3
1779284666,10,1,0.000000,s10_p1
1779284666,10,4,0.998480,s10_p4
1779284666,10,2,0.000000,s10_p2
1779284666,10,3,0.000000,s10_p3
1779284666,1,4,0.804369,s1_p4
1779284666,1,1,0.000000,s1_p1
1779284666,1,2,0.000000,s1_p2
1779284666,1,3,1.000000,s1_p3
1779284666,15,4,0.000000,s15_p4
1779284666,15,1,1.000000,s15_p1
1779284666,15,2,0.133128,s15_p2
1779284666,15,3,0.000000,s15_p3
1779284666,6,1,0.000000,s6_p1
1779284666,6,4,0.000000,s6_p4
1779284666,6,2,0.000000,s6_p2
1779284666,6,3,0.000000,s6_p3
1779284666,20,1,0.000000,s20_p1
1779284666,20,4,0.998627,s20_p4
1779284666,20,2,0.000000,s20_p2
1779284666,20,3,0.000000,s20_p3
1779284666,17,1,0.000000,s17_p1
1779284666,17,4,0.671686,s17_p4
1779284666,17,2,0.000000,s17_p2
1779284666,17,3,0.000000,s17_p3
1779284666,7,1,0.677394,s7_p1
1779284666,7,4,0.000000,s7_p4
1779284666,7,2,0.804405,s7_p2
1779284666,7,3,0.000000,s7_p3
1779284666,8,4,0.000000,s8_p4
1779284666,8,1,0.254007,s8_p1
1779284666,8,2,0.471727,s8_p2
1779284666,8,3,0.000000,s8_p3
1779284666,5,4,0.000000,s5_p4
1779284666,5,1,0.000000,s5_p1
1779284666,5,2,0.000000,s5_p2
1779284666,5,3,0.000000,s5_p3
1779284666,4,4,0.000000,s4_p4
1779284666,4,1,0.000000,s4_p1
1779284666,4,2,0.000000,s4_p2
1779284666,4,3,0.000000,s4_p3
1779284666,3,4,0.000000,s3_p4
1779284666,3,1,0.000000,s3_p1
1779284666,3,2,0.000000,s3_p2
1779284666,3,3,0.000000,s3_p3
1779284666,13,4,0.000000,s13_p4
1779284666,13,1,0.000000,s13_p1
1779284666,13,2,0.000000,s13_p2
1779284666,13,3,0.000000,s13_p3
1779284666,16,1,0.405338,s16_p1
1779284666,16,4,0.000000,s16_p4
1779284666,16,2,0.592883,s16_p2
1779284666,16,3,0.000000,s16_p3
1779284666,19,1,0.000000,s19_p1
1779284666,19,4,0.000000,s19_p4
1779284666,19,2,0.000000,s19_p2
1779284666,19,3,0.000000,s19_p3
1779284666,9,4,0.538395,s9_p4
1779284666,9,1,0.000000,s9_p1
1779284666,9,2,0.000000,s9_p2
1779284666,9,3,0.671481,s9_p3
1779284666,2,1,0.000000,s2_p1
1779284666,2,4,0.937685,s2_p4
1779284666,2,2,0.000000,s2_p2
1779284666,2,3,0.133091,s2_p3
1779284666,18,1,0.000000,s18_p1
1779284666,18,4,0.538398,s18_p4
1779284666,18,2,0.000000,s18_p2
1779284666,18,3,0.000000,s18_p3
1779284666,12,4,0.000000,s12_p4
1779284666,12,1,0.000000,s12_p1
1779284666,12,2,0.000000,s12_p2
1779284666,12,3,0.000000,s12_p3
1779284666,11,4,0.000000,s11_p4
1779284666,11,1,0.000000,s11_p1
1779284666,11,2,0.000000,s11_p2
1779284666,11,3,0.000000,s11_p3
1779284667,14,1,0.000000,s14_p1
1779284667,14,4,0.000000,s14_p4
1779284667,14,2,0.000000,s14_p2
1779284667,14,3,0.000000,s14_p3
1779284667,1,4,0.807690,s1_p4
1779284667,1,1,0.000000,s1_p1
1779284667,1,2,0.000000,s1_p2
1779284667,1,3,1.000000,s1_p3
1779284667,3,4,0.000000,s3_p4
1779284667,3,1,0.000000,s3_p1
1779284667,3,2,0.000000,s3_p2
1779284667,3,3,0.000000,s3_p3
1779284667,15,4,0.000000,s15_p4
1779284667,15,1,1.000000,s15_p1
1779284667,15,2,0.132575,s15_p2
1779284667,15,3,0.000000,s15_p3
1779284667,7,1,0.705420,s7_p1
1779284667,7,4,0.000000,s7_p4
1779284667,7,2,0.807917,s7_p2
1779284667,7,3,0.000000,s7_p3
1779284667,10,1,0.000000,s10_p1
1779284667,10,4,0.174747,s10_p4
1779284667,10,2,0.000000,s10_p2
1779284667,10,3,1.000000,s10_p3
1779284667,4,4,0.000000,s4_p4
1779284667,4,1,0.000000,s4_p1
1779284667,4,2,0.000000,s4_p2
1779284667,4,3,0.000000,s4_p3
1779284667,8,4,0.000000,s8_p4
1779284667,8,1,0.385790,s8_p1
1779284667,8,2,0.488266,s8_p2
1779284667,8,3,0.000000,s8_p3
1779284667,20,1,0.000000,s20_p1
1779284667,20,4,0.174796,s20_p4
1779284667,20,2,0.000000,s20_p2
1779284667,20,3,0.000000,s20_p3
1779284667,13,4,0.000000,s13_p4
1779284667,13,1,0.000000,s13_p1
1779284667,13,2,0.000000,s13_p2
1779284667,13,3,0.000000,s13_p3
1779284667,5,4,0.000000,s5_p4
1779284667,5,1,0.000000,s5_p1
1779284667,5,2,0.000000,s5_p2
1779284667,5,3,0.000000,s5_p3
1779284667,9,4,0.536449,s9_p4
1779284667,9,1,0.000000,s9_p1
1779284667,9,2,0.000000,s9_p2
1779284667,9,3,0.669055,s9_p3
1779284667,16,1,0.439977,s16_p1
1779284667,16,4,0.000000,s16_p4
1779284667,16,2,0.741330,s16_p2
1779284667,16,3,0.000000,s16_p3
1779284667,18,1,0.000000,s18_p1
1779284667,18,4,0.536446,s18_p4
1779284667,18,2,0.000000,s18_p2
1779284667,18,3,0.000000,s18_p3
1779284667,2,1,0.000000,s2_p1
1779284667,2,4,0.952324,s2_p4
1779284667,2,2,0.000000,s2_p2
1779284667,2,3,0.132602,s2_p3
1779284667,12,4,0.000000,s12_p4
1779284667,12,1,0.000000,s12_p1
1779284667,12,2,0.000000,s12_p2
1779284667,12,3,0.000000,s12_p3
1779284667,11,4,0.000000,s11_p4
1779284667,11,1,0.000000,s11_p1
1779284667,11,2,0.000000,s11_p2
1779284667,11,3,0.000000,s11_p3
1779284667,17,1,0.000000,s17_p1
1779284667,17,4,0.668778,s17_p4
1779284667,17,2,0.000000,s17_p2
1779284667,17,3,0.000000,s17_p3
1779284667,19,1,0.000000,s19_p1
1779284667,19,4,1.000000,s19_p4
1779284667,19,2,0.000000,s19_p2
1779284667,19,3,0.000000,s19_p3
1779284667,6,1,0.000000,s6_p1
1779284667,6,4,0.000000,s6_p4
1779284667,6,2,0.000000,s6_p2
1779284667,6,3,0.000000,s6_p3
1779284668,6,1,0.000000,s6_p1
1779284668,6,4,0.000000,s6_p4
1779284668,6,2,0.000000,s6_p2
1779284668,6,3,0.000000,s6_p3
1779284668,3,4,0.000000,s3_p4
1779284668,3,1,0.000000,s3_p1
1779284668,3,2,0.000000,s3_p2
1779284668,3,3,0.000000,s3_p3
1779284668,14,1,0.000000,s14_p1
1779284668,14,4,0.000000,s14_p4
1779284668,14,2,0.000000,s14_p2
1779284668,14,3,0.000000,s14_p3
1779284668,13,4,0.000000,s13_p4
1779284668,13,1,0.000000,s13_p1
1779284668,13,2,0.000000,s13_p2
1779284668,13,3,0.000000,s13_p3
1779284668,15,4,0.000000,s15_p4
1779284668,15,1,1.000000,s15_p1
1779284668,15,2,0.138893,s15_p2
1779284668,15,3,0.000000,s15_p3
1779284668,7,1,0.676352,s7_p1
1779284668,7,4,0.000000,s7_p4
1779284668,7,2,0.815245,s7_p2
1779284668,7,3,0.000000,s7_p3
1779284668,8,4,0.000000,s8_p4
1779284668,8,1,0.247642,s8_p1
1779284668,8,2,0.489244,s8_p2
1779284668,8,3,0.000000,s8_p3
1779284668,10,1,0.000000,s10_p1
1779284668,10,4,0.000000,s10_p4
1779284668,10,2,0.000000,s10_p2
1779284668,10,3,1.000000,s10_p3
1779284668,1,4,0.814985,s1_p4
1779284668,1,1,0.000000,s1_p1
1779284668,1,2,0.000000,s1_p2
1779284668,1,3,1.000000,s1_p3
1779284668,12,4,0.000000,s12_p4
1779284668,12,1,0.000000,s12_p1
1779284668,12,2,0.000000,s12_p2
1779284668,12,3,0.000000,s12_p3
1779284668,4,4,0.000000,s4_p4
1779284668,4,1,0.000000,s4_p1
1779284668,4,2,0.000000,s4_p2
1779284668,4,3,0.000000,s4_p3
1779284668,5,4,0.000000,s5_p4
1779284668,5,1,0.000000,s5_p1
1779284668,5,2,0.000000,s5_p2
1779284668,5,3,0.000000,s5_p3
1779284668,17,1,0.000000,s17_p1
1779284668,17,4,0.682536,s17_p4
1779284668,17,2,0.000000,s17_p2
1779284668,17,3,0.000000,s17_p3
1779284668,20,1,0.000000,s20_p1
1779284668,20,4,0.000000,s20_p4
1779284668,20,2,0.000000,s20_p2
1779284668,20,3,0.000000,s20_p3
1779284668,18,1,0.000000,s18_p1
1779284668,18,4,0.543575,s18_p4
1779284668,18,2,0.000000,s18_p2
1779284668,18,3,0.000000,s18_p3
1779284668,16,1,0.404555,s16_p1
1779284668,16,4,0.000000,s16_p4
1779284668,16,2,0.597776,s16_p2
1779284668,16,3,0.000000,s16_p3
1779284668,2,1,0.000000,s2_p1
1779284668,2,4,0.935867,s2_p4
1779284668,2,2,0.000000,s2_p2
1779284668,2,3,0.138871,s2_p3
1779284668,9,4,0.543373,s9_p4
1779284668,9,1,0.000000,s9_p1
1779284668,9,2,0.000000,s9_p2
1779284668,9,3,0.682234,s9_p3
1779284668,11,4,0.000000,s11_p4
1779284668,11,1,0.000000,s11_p1
1779284668,11,2,0.000000,s11_p2
1779284668,11,3,0.000000,s11_p3
1779284668,19,1,0.000000,s19_p1
1779284668,19,4,1.000000,s19_p4
1779284668,19,2,0.000000,s19_p2
1779284668,19,3,0.000000,s19_p3
1779284669,1,4,0.923563,s1_p4
1779284669,1,1,0.000000,s1_p1
1779284669,1,2,0.000000,s1_p2
1779284669,1,3,1.000000,s1_p3
1779284669,6,1,0.000000,s6_p1
1779284669,6,4,0.000000,s6_p4
1779284669,6,2,0.000000,s6_p2
1779284669,6,3,0.000000,s6_p3
1779284669,13,4,0.000000,s13_p4
1779284669,13,1,0.000000,s13_p1
1779284669,13,2,0.000000,s13_p2
1779284669,13,3,0.000000,s13_p3
1779284669,15,4,0.000000,s15_p4
1779284669,15,1,1.000000,s15_p1
1779284669,15,2,0.132708,s15_p2
1779284669,15,3,0.000000,s15_p3
1779284669,7,1,0.723855,s7_p1
1779284669,7,4,0.000000,s7_p4
1779284669,7,2,0.778145,s7_p2
1779284669,7,3,0.000000,s7_p3
1779284669,19,1,0.000000,s19_p1
1779284669,19,4,0.181143,s19_p4
1779284669,19,2,0.000000,s19_p2
1779284669,19,3,0.000000,s19_p3
1779284669,3,4,0.000000,s3_p4
1779284669,3,1,0.000000,s3_p1
1779284669,3,2,0.000000,s3_p2
1779284669,3,3,0.000000,s3_p3
1779284669,14,1,0.000000,s14_p1
1779284669,14,4,0.000000,s14_p4
1779284669,14,2,0.000000,s14_p2
1779284669,14,3,0.000000,s14_p3
1779284669,8,4,0.000000,s8_p4
1779284669,8,1,0.361920,s8_p1
1779284669,8,2,0.530816,s8_p2
1779284669,8,3,0.000000,s8_p3
1779284669,10,1,0.000000,s10_p1
1779284669,10,4,1.000000,s10_p4
1779284669,10,2,0.000000,s10_p2
1779284669,10,3,0.180963,s10_p3
1779284669,20,1,0.000000,s20_p1
1779284669,20,4,1.000000,s20_p4
1779284669,20,2,0.000000,s20_p2
1779284669,20,3,0.000000,s20_p3
1779284669,16,1,0.428387,s16_p1
1779284669,16,4,0.000000,s16_p4
1779284669,16,2,0.760237,s16_p2
1779284669,16,3,0.000000,s16_p3
1779284669,4,4,0.000000,s4_p4
1779284669,4,1,0.000000,s4_p1
1779284669,4,2,0.000000,s4_p2
1779284669,4,3,0.000000,s4_p3
1779284669,9,4,0.537030,s9_p4
1779284669,9,1,0.000000,s9_p1
1779284669,9,2,0.000000,s9_p2
1779284669,9,3,0.675814,s9_p3
1779284669,11,4,0.000000,s11_p4
1779284669,11,1,0.000000,s11_p1
1779284669,11,2,0.000000,s11_p2
1779284669,11,3,0.000000,s11_p3
1779284669,5,4,0.000000,s5_p4
1779284669,5,1,0.000000,s5_p1
1779284669,5,2,0.000000,s5_p2
1779284669,5,3,0.000000,s5_p3
1779284669,17,1,0.000000,s17_p1
1779284669,17,4,0.675543,s17_p4
1779284669,17,2,0.000000,s17_p2
1779284669,17,3,0.000000,s17_p3
1779284669,12,4,0.000000,s12_p4
1779284669,12,1,0.000000,s12_p1
1779284669,12,2,0.000000,s12_p2
1779284669,12,3,0.000000,s12_p3
1779284669,2,1,0.000000,s2_p1
1779284669,2,4,0.941225,s2_p4
1779284669,2,2,0.000000,s2_p2
1779284669,2,3,0.132737,s2_p3
1779284669,18,1,0.000000,s18_p1
1779284669,18,4,0.536802,s18_p4
1779284669,18,2,0.000000,s18_p2
1779284669,18,3,0.000000,s18_p3
1779284670,19,1,0.000000,s19_p1
1779284670,19,4,0.000000,s19_p4
1779284670,19,2,0.000000,s19_p2
1779284670,19,3,0.000000,s19_p3
1779284670,6,1,0.000000,s6_p1
1779284670,6,4,0.000000,s6_p4
1779284670,6,2,0.000000,s6_p2
1779284670,6,3,0.000000,s6_p3
1779284670,7,1,0.703928,s7_p1
1779284670,7,4,0.000000,s7_p4
1779284670,7,2,0.770109,s7_p2
1779284670,7,3,0.000000,s7_p3
1779284670,14,1,0.000000,s14_p1
1779284670,14,4,0.000000,s14_p4
1779284670,14,2,0.000000,s14_p2
1779284670,14,3,0.000000,s14_p3
1779284670,15,4,0.000000,s15_p4
1779284670,15,1,1.000000,s15_p1
1779284670,15,2,0.132351,s15_p2
1779284670,15,3,0.000000,s15_p3
1779284670,3,4,0.000000,s3_p4
1779284670,3,1,0.000000,s3_p1
1779284670,3,2,0.000000,s3_p2
1779284670,3,3,0.000000,s3_p3
1779284670,1,4,0.937869,s1_p4
1779284670,1,1,0.000000,s1_p1
1779284670,1,2,0.000000,s1_p2
1779284670,1,3,1.000000,s1_p3
1779284670,13,4,0.000000,s13_p4
1779284670,13,1,0.000000,s13_p1
1779284670,13,2,0.000000,s13_p2
1779284670,13,3,0.000000,s13_p3
1779284670,8,4,0.000000,s8_p4
1779284670,8,1,0.240632,s8_p1
1779284670,8,2,0.499311,s8_p2
1779284670,8,3,0.000000,s8_p3
1779284670,10,1,0.000000,s10_p1
1779284670,10,4,0.998605,s10_p4
1779284670,10,2,0.000000,s10_p2
1779284670,10,3,0.000000,s10_p3
1779284670,16,1,0.391073,s16_p1
1779284670,16,4,0.000000,s16_p4
1779284670,16,2,0.607667,s16_p2
1779284670,16,3,0.000000,s16_p3
1779284670,11,4,0.000000,s11_p4
1779284670,11,1,0.000000,s11_p1
1779284670,11,2,0.000000,s11_p2
1779284670,11,3,0.000000,s11_p3
1779284670,20,1,0.000000,s20_p1
1779284670,20,4,0.998649,s20_p4
1779284670,20,2,0.000000,s20_p2
1779284670,20,3,0.000000,s20_p3
1779284670,18,1,0.000000,s18_p1
1779284670,18,4,0.541509,s18_p4
1779284670,18,2,0.000000,s18_p2
1779284670,18,3,0.000000,s18_p3
1779284670,5,4,0.000000,s5_p4
1779284670,5,1,0.000000,s5_p1
1779284670,5,2,0.000000,s5_p2
1779284670,5,3,0.000000,s5_p3
1779284670,9,4,0.541456,s9_p4
1779284670,9,1,0.000000,s9_p1
1779284670,9,2,0.000000,s9_p2
1779284670,9,3,0.667796,s9_p3
1779284670,2,1,0.000000,s2_p1
1779284670,2,4,0.950611,s2_p4
1779284670,2,2,0.000000,s2_p2
1779284670,2,3,0.132364,s2_p3
1779284670,4,4,0.000000,s4_p4
1779284670,4,1,0.000000,s4_p1
1779284670,4,2,0.000000,s4_p2
1779284670,4,3,0.000000,s4_p3
1779284670,12,4,0.000000,s12_p4
1779284670,12,1,0.000000,s12_p1
1779284670,12,2,0.000000,s12_p2
1779284670,12,3,0.000000,s12_p3
1779284670,17,1,0.000000,s17_p1
1779284670,17,4,0.667791,s17_p4
1779284670,17,2,0.000000,s17_p2
1779284670,17,3,0.000000,s17_p3
1779284671,1,4,0.956433,s1_p4
1779284671,1,1,0.000000,s1_p1
1779284671,1,2,0.000000,s1_p2
1779284671,1,3,1.000000,s1_p3
1779284671,10,1,0.000000,s10_p1
1779284671,10,4,0.181534,s10_p4
1779284671,10,2,0.000000,s10_p2
1779284671,10,3,1.000000,s10_p3
1779284671,3,4,0.000000,s3_p4
1779284671,3,1,0.000000,s3_p1
1779284671,3,2,0.000000,s3_p2
1779284671,3,3,0.000000,s3_p3
1779284671,14,1,0.000000,s14_p1
1779284671,14,4,0.000000,s14_p4
1779284671,14,2,0.000000,s14_p2
1779284671,14,3,0.000000,s14_p3
1779284671,15,4,0.000000,s15_p4
1779284671,15,1,1.000000,s15_p1
1779284671,15,2,0.139152,s15_p2
1779284671,15,3,0.000000,s15_p3
1779284671,7,1,0.707543,s7_p1
1779284671,7,4,0.000000,s7_p4
1779284671,7,2,0.792207,s7_p2
1779284671,7,3,0.000000,s7_p3
1779284671,4,4,0.000000,s4_p4
1779284671,4,1,0.000000,s4_p1
1779284671,4,2,0.000000,s4_p2
1779284671,4,3,0.000000,s4_p3
1779284671,5,4,0.000000,s5_p4
1779284671,5,1,0.000000,s5_p1
1779284671,5,2,0.000000,s5_p2
1779284671,5,3,0.000000,s5_p3
1779284671,8,4,0.000000,s8_p4
1779284671,8,1,0.350777,s8_p1
1779284671,8,2,0.550357,s8_p2
1779284671,8,3,0.000000,s8_p3
1779284671,13,4,0.000000,s13_p4
1779284671,13,1,0.000000,s13_p1
1779284671,13,2,0.000000,s13_p2
1779284671,13,3,0.000000,s13_p3
1779284671,20,1,0.000000,s20_p1
1779284671,20,4,0.181502,s20_p4
1779284671,20,2,0.000000,s20_p2
1779284671,20,3,0.000000,s20_p3
1779284671,11,4,0.000000,s11_p4
1779284671,11,1,0.000000,s11_p1
1779284671,11,2,0.000000,s11_p2
1779284671,11,3,0.000000,s11_p3
1779284671,6,1,0.000000,s6_p1
1779284671,6,4,0.000000,s6_p4
1779284671,6,2,0.000000,s6_p2
1779284671,6,3,0.000000,s6_p3
1779284671,16,1,0.423328,s16_p1
1779284671,16,4,0.000000,s16_p4
1779284671,16,2,0.761990,s16_p2
1779284671,16,3,0.000000,s16_p3
1779284671,9,4,0.538268,s9_p4
1779284671,9,1,0.000000,s9_p1
1779284671,9,2,0.000000,s9_p2
1779284671,9,3,0.677371,s9_p3
1779284671,12,4,0.000000,s12_p4
1779284671,12,1,0.000000,s12_p1
1779284671,12,2,0.000000,s12_p2
1779284671,12,3,0.000000,s12_p3
1779284671,19,1,0.000000,s19_p1
1779284671,19,4,1.000000,s19_p4
1779284671,19,2,0.000000,s19_p2
1779284671,19,3,0.000000,s19_p3
1779284671,18,1,0.000000,s18_p1
1779284671,18,4,0.538236,s18_p4
1779284671,18,2,0.000000,s18_p2
1779284671,18,3,0.000000,s18_p3
1779284671,17,1,0.000000,s17_p1
1779284671,17,4,0.677355,s17_p4
1779284671,17,2,0.000000,s17_p2
1779284671,17,3,0.000000,s17_p3
1779284671,2,1,0.000000,s2_p1
1779284671,2,4,0.949472,s2_p4
1779284671,2,2,0.000000,s2_p2
1779284671,2,3,0.139095,s2_p3
1779284672,19,1,0.000000,s19_p1
1779284672,19,4,1.000000,s19_p4
1779284672,19,2,0.000000,s19_p2
1779284672,19,3,0.000000,s19_p3
1779284672,1,4,0.940889,s1_p4
1779284672,1,1,0.000000,s1_p1
1779284672,1,2,0.000000,s1_p2
1779284672,1,3,1.000000,s1_p3
1779284672,6,1,0.000000,s6_p1
1779284672,6,4,0.000000,s6_p4
1779284672,6,2,0.000000,s6_p2
1779284672,6,3,0.000000,s6_p3
1779284672,14,1,0.000000,s14_p1
1779284672,14,4,0.000000,s14_p4
1779284672,14,2,0.000000,s14_p2
1779284672,14,3,0.000000,s14_p3
1779284672,10,1,0.000000,s10_p1
1779284672,10,4,0.000000,s10_p4
1779284672,10,2,0.000000,s10_p2
1779284672,10,3,1.000000,s10_p3
1779284672,3,4,0.000000,s3_p4
1779284672,3,1,0.000000,s3_p1
1779284672,3,2,0.000000,s3_p2
1779284672,3,3,0.000000,s3_p3
1779284672,8,4,0.000000,s8_p4
1779284672,8,1,0.241412,s8_p1
1779284672,8,2,0.506965,s8_p2
1779284672,8,3,0.000000,s8_p3
1779284672,15,4,0.000000,s15_p4
1779284672,15,1,1.000000,s15_p1
1779284672,15,2,0.132714,s15_p2
1779284672,15,3,0.000000,s15_p3
1779284672,13,4,0.000000,s13_p4
1779284672,13,1,0.000000,s13_p1
1779284672,13,2,0.000000,s13_p2
1779284672,13,3,0.000000,s13_p3
1779284672,7,1,0.699907,s7_p1
1779284672,7,4,0.000000,s7_p4
1779284672,7,2,0.772311,s7_p2
1779284672,7,3,0.000000,s7_p3
1779284672,4,4,0.000000,s4_p4
1779284672,4,1,0.000000,s4_p1
1779284672,4,2,0.000000,s4_p2
1779284672,4,3,0.000000,s4_p3
1779284672,20,1,0.000000,s20_p1
1779284672,20,4,0.000000,s20_p4
1779284672,20,2,0.000000,s20_p2
1779284672,20,3,0.000000,s20_p3
1779284672,5,4,0.000000,s5_p4
1779284672,5,1,0.000000,s5_p1
1779284672,5,2,0.000000,s5_p2
1779284672,5,3,0.000000,s5_p3
1779284672,12,4,0.000000,s12_p4
1779284672,12,1,0.000000,s12_p1
1779284672,12,2,0.000000,s12_p2
1779284672,12,3,0.000000,s12_p3
1779284672,18,1,0.000000,s18_p1
1779284672,18,4,0.542882,s18_p4
1779284672,18,2,0.000000,s18_p2
1779284672,18,3,0.000000,s18_p3
1779284672,2,1,0.000000,s2_p1
1779284672,2,4,0.934957,s2_p4
1779284672,2,2,0.000000,s2_p2
1779284672,2,3,0.132704,s2_p3
1779284672,9,4,0.542731,s9_p4
1779284672,9,1,0.000000,s9_p1
1779284672,9,2,0.000000,s9_p2
1779284672,9,3,0.675398,s9_p3
1779284672,11,4,0.000000,s11_p4
1779284672,11,1,0.000000,s11_p1
1779284672,11,2,0.000000,s11_p2
1779284672,11,3,0.000000,s11_p3
1779284672,17,1,0.000000,s17_p1
1779284672,17,4,0.675406,s17_p4
1779284672,17,2,0.000000,s17_p2
1779284672,17,3,0.000000,s17_p3
1779284672,16,1,0.385916,s16_p1
1779284672,16,4,0.000000,s16_p4
1779284672,16,2,0.615053,s16_p2
1779284672,16,3,0.000000,s16_p3
1779284673,19,1,0.000000,s19_p1
1779284673,19,4,0.181169,s19_p4
1779284673,19,2,0.000000,s19_p2
1779284673,19,3,0.000000,s19_p3
1779284673,6,1,0.000000,s6_p1
1779284673,6,4,0.000000,s6_p4
1779284673,6,2,0.000000,s6_p2
1779284673,6,3,0.000000,s6_p3
1779284673,14,1,0.000000,s14_p1
1779284673,14,4,0.000000,s14_p4
1779284673,14,2,0.000000,s14_p2
1779284673,14,3,0.000000,s14_p3
1779284673,1,4,0.935827,s1_p4
1779284673,1,1,0.000000,s1_p1
1779284673,1,2,0.000000,s1_p2
1779284673,1,3,1.000000,s1_p3
1779284673,3,4,0.000000,s3_p4
1779284673,3,1,0.000000,s3_p1
1779284673,3,2,0.000000,s3_p2
1779284673,3,3,0.000000,s3_p3
1779284673,8,4,0.000000,s8_p4
1779284673,8,1,0.362283,s8_p1
1779284673,8,2,0.537387,s8_p2
1779284673,8,3,0.000000,s8_p3
1779284673,10,1,0.000000,s10_p1
1779284673,10,4,1.000000,s10_p4
1779284673,10,2,0.000000,s10_p2
1779284673,10,3,0.181107,s10_p3
1779284673,15,4,0.000000,s15_p4
1779284673,15,1,1.000000,s15_p1
1779284673,15,2,0.132832,s15_p2
1779284673,15,3,0.000000,s15_p3
1779284673,13,4,0.000000,s13_p4
1779284673,13,1,0.000000,s13_p1
1779284673,13,2,0.000000,s13_p2
1779284673,13,3,0.000000,s13_p3
1779284673,7,1,0.724631,s7_p1
1779284673,7,4,0.000000,s7_p4
1779284673,7,2,0.766902,s7_p2
1779284673,7,3,0.000000,s7_p3
1779284673,5,4,0.000000,s5_p4
1779284673,5,1,0.000000,s5_p1
1779284673,5,2,0.000000,s5_p2
1779284673,5,3,0.000000,s5_p3
1779284673,18,1,0.000000,s18_p1
1779284673,18,4,0.537696,s18_p4
1779284673,18,2,0.000000,s18_p2
1779284673,18,3,0.000000,s18_p3
1779284673,4,4,0.000000,s4_p4
1779284673,4,1,0.000000,s4_p1
1779284673,4,2,0.000000,s4_p2
1779284673,4,3,0.000000,s4_p3
1779284673,2,1,0.000000,s2_p1
1779284673,2,4,0.948528,s2_p4
1779284673,2,2,0.000000,s2_p2
1779284673,2,3,0.132915,s2_p3
1779284673,12,4,0.000000,s12_p4
1779284673,12,1,0.000000,s12_p1
1779284673,12,2,0.000000,s12_p2
1779284673,12,3,0.000000,s12_p3
1779284673,20,1,0.000000,s20_p1
1779284673,20,4,1.000000,s20_p4
1779284673,20,2,0.000000,s20_p2
1779284673,20,3,0.000000,s20_p3
1779284673,17,1,0.000000,s17_p1
1779284673,17,4,0.670764,s17_p4
1779284673,17,2,0.000000,s17_p2
1779284673,17,3,0.000000,s17_p3
1779284673,16,1,0.416915,s16_p1
1779284673,16,4,0.000000,s16_p4
1779284673,16,2,0.767366,s16_p2
1779284673,16,3,0.000000,s16_p3
1779284673,11,4,0.000000,s11_p4
1779284673,11,1,0.000000,s11_p1
1779284673,11,2,0.000000,s11_p2
1779284673,11,3,0.000000,s11_p3
1779284673,9,4,0.537710,s9_p4
1779284673,9,1,0.000000,s9_p1
1779284673,9,2,0.000000,s9_p2
1779284673,9,3,0.670627,s9_p3
1779284674,1,4,0.954589,s1_p4
1779284674,1,1,0.000000,s1_p1
1779284674,1,2,0.000000,s1_p2
1779284674,1,3,1.000000,s1_p3
1779284674,7,1,0.670804,s7_p1
1779284674,7,4,0.000000,s7_p4
1779284674,7,2,0.791669,s7_p2
1779284674,7,3,0.000000,s7_p3
1779284674,14,1,0.000000,s14_p1
1779284674,14,4,0.000000,s14_p4
1779284674,14,2,0.000000,s14_p2
1779284674,14,3,0.000000,s14_p3
1779284674,15,4,0.000000,s15_p4
1779284674,15,1,1.000000,s15_p1
1779284674,15,2,0.138987,s15_p2
1779284674,15,3,0.000000,s15_p3
1779284674,13,4,0.000000,s13_p4
1779284674,13,1,0.000000,s13_p1
1779284674,13,2,0.000000,s13_p2
1779284674,13,3,0.000000,s13_p3
1779284674,10,1,0.000000,s10_p1
1779284674,10,4,1.000000,s10_p4
1779284674,10,2,0.000000,s10_p2
1779284674,10,3,0.000000,s10_p3
1779284674,3,4,0.000000,s3_p4
1779284674,3,1,0.000000,s3_p1
1779284674,3,2,0.000000,s3_p2
1779284674,3,3,0.000000,s3_p3
1779284674,20,1,0.000000,s20_p1
1779284674,20,4,1.000000,s20_p4
1779284674,20,2,0.000000,s20_p2
1779284674,20,3,0.000000,s20_p3
1779284674,16,1,0.386761,s16_p1
1779284674,16,4,0.000000,s16_p4
1779284674,16,2,0.616400,s16_p2
1779284674,16,3,0.000000,s16_p3
1779284674,9,4,0.537849,s9_p4
1779284674,9,1,0.000000,s9_p1
1779284674,9,2,0.000000,s9_p2
1779284674,9,3,0.676843,s9_p3
1779284674,4,4,0.000000,s4_p4
1779284674,4,1,0.000000,s4_p1
1779284674,4,2,0.000000,s4_p2
1779284674,4,3,0.000000,s4_p3
1779284674,11,4,0.000000,s11_p4
1779284674,11,1,0.000000,s11_p1
1779284674,11,2,0.000000,s11_p2
1779284674,11,3,0.000000,s11_p3
1779284674,2,1,0.000000,s2_p1
1779284674,2,4,0.942529,s2_p4
1779284674,2,2,0.000000,s2_p2
1779284674,2,3,0.138963,s2_p3
1779284674,5,4,0.000000,s5_p4
1779284674,5,1,0.000000,s5_p1
1779284674,5,2,0.000000,s5_p2
1779284674,5,3,0.000000,s5_p3
1779284674,12,4,0.000000,s12_p4
1779284674,12,1,0.000000,s12_p1
1779284674,12,2,0.000000,s12_p2
1779284674,12,3,0.000000,s12_p3
1779284674,8,4,0.000000,s8_p4
1779284674,8,1,0.247579,s8_p1
1779284674,8,2,0.507235,s8_p2
1779284674,8,3,0.000000,s8_p3
1779284674,18,1,0.000000,s18_p1
1779284674,18,4,0.537644,s18_p4
1779284674,18,2,0.000000,s18_p2
1779284674,18,3,0.000000,s18_p3
1779284674,17,1,0.000000,s17_p1
1779284674,17,4,0.676614,s17_p4
1779284674,17,2,0.000000,s17_p2
1779284674,17,3,0.000000,s17_p3
1779284674,6,1,0.000000,s6_p1
1779284674,6,4,0.000000,s6_p4
1779284674,6,2,0.000000,s6_p2
1779284674,6,3,0.000000,s6_p3
1779284674,19,1,0.000000,s19_p1
1779284674,19,4,0.000000,s19_p4
1779284674,19,2,0.000000,s19_p2
1779284674,19,3,0.000000,s19_p3
1779284675,15,4,0.000000,s15_p4
1779284675,15,1,1.000000,s15_p1
1779284675,15,2,0.132228,s15_p2
1779284675,15,3,0.000000,s15_p3
1779284675,7,1,0.720861,s7_p1
1779284675,7,4,0.000000,s7_p4
1779284675,7,2,0.786939,s7_p2
1779284675,7,3,0.000000,s7_p3
1779284675,20,1,0.000000,s20_p1
1779284675,20,4,0.180291,s20_p4
1779284675,20,2,0.000000,s20_p2
1779284675,20,3,0.000000,s20_p3
1779284675,14,1,0.000000,s14_p1
1779284675,14,4,0.000000,s14_p4
1779284675,14,2,0.000000,s14_p2
1779284675,14,3,0.000000,s14_p3
1779284675,19,1,0.000000,s19_p1
1779284675,19,4,0.997997,s19_p4
1779284675,19,2,0.000000,s19_p2
1779284675,19,3,0.000000,s19_p3
1779284675,1,4,0.991045,s1_p4
1779284675,1,1,0.000000,s1_p1
1779284675,1,2,0.000000,s1_p2
1779284675,1,3,1.000000,s1_p3
1779284675,4,4,0.000000,s4_p4
1779284675,4,1,0.000000,s4_p1
1779284675,4,2,0.000000,s4_p2
1779284675,4,3,0.000000,s4_p3
1779284675,8,4,0.000000,s8_p4
1779284675,8,1,0.342610,s8_p1
1779284675,8,2,0.540964,s8_p2
1779284675,8,3,0.000000,s8_p3
1779284675,3,4,0.000000,s3_p4
1779284675,3,1,0.000000,s3_p1
1779284675,3,2,0.000000,s3_p2
1779284675,3,3,0.000000,s3_p3
1779284675,10,1,0.000000,s10_p1
1779284675,10,4,0.180202,s10_p4
1779284675,10,2,0.000000,s10_p2
1779284675,10,3,0.997116,s10_p3
1779284675,13,4,0.000000,s13_p4
1779284675,13,1,0.000000,s13_p1
1779284675,13,2,0.000000,s13_p2
1779284675,13,3,0.000000,s13_p3
1779284675,6,1,0.000000,s6_p1
1779284675,6,4,0.000000,s6_p4
1779284675,6,2,0.000000,s6_p2
1779284675,6,3,0.000000,s6_p3
1779284675,11,4,0.000000,s11_p4
1779284675,11,1,0.000000,s11_p1
1779284675,11,2,0.000000,s11_p2
1779284675,11,3,0.000000,s11_p3
1779284675,5,4,0.000000,s5_p4
1779284675,5,1,0.000000,s5_p1
1779284675,5,2,0.000000,s5_p2
1779284675,5,3,0.000000,s5_p3
1779284675,16,1,0.426522,s16_p1
1779284675,16,4,0.000000,s16_p4
1779284675,16,2,0.756926,s16_p2
1779284675,16,3,0.000000,s16_p3
1779284675,9,4,0.540667,s9_p4
1779284675,9,1,0.000000,s9_p1
1779284675,9,2,0.000000,s9_p2
1779284675,9,3,0.672830,s9_p3
1779284675,2,1,0.000000,s2_p1
1779284675,2,4,0.937188,s2_p4
1779284675,2,2,0.000000,s2_p2
1779284675,2,3,0.132168,s2_p3
1779284675,18,1,0.000000,s18_p1
1779284675,18,4,0.540748,s18_p4
1779284675,18,2,0.000000,s18_p2
1779284675,18,3,0.000000,s18_p3
1779284675,17,1,0.000000,s17_p1
1779284675,17,4,0.672933,s17_p4
1779284675,17,2,0.000000,s17_p2
1779284675,17,3,0.000000,s17_p3
1779284675,12,4,0.000000,s12_p4
1779284675,12,1,0.000000,s12_p1
1779284675,12,2,0.000000,s12_p2
1779284675,12,3,0.000000,s12_p3
1779284676,1,4,1.000000,s1_p4
1779284676,1,1,0.000000,s1_p1
1779284676,1,2,0.000000,s1_p2
1779284676,1,3,1.000000,s1_p3
1779284676,15,4,0.000000,s15_p4
1779284676,15,1,1.000000,s15_p1
1779284676,15,2,0.133016,s15_p2
1779284676,15,3,0.000000,s15_p3
1779284676,3,4,0.000000,s3_p4
1779284676,3,1,0.000000,s3_p1
1779284676,3,2,0.000000,s3_p2
1779284676,3,3,0.000000,s3_p3
1779284676,14,1,0.000000,s14_p1
1779284676,14,4,0.000000,s14_p4
1779284676,14,2,0.000000,s14_p2
1779284676,14,3,0.000000,s14_p3
1779284676,8,4,0.000000,s8_p4
1779284676,8,1,0.254056,s8_p1
1779284676,8,2,0.508112,s8_p2
1779284676,8,3,0.000000,s8_p3
1779284676,10,1,0.000000,s10_p1
1779284676,10,4,0.000000,s10_p4
1779284676,10,2,0.000000,s10_p2
1779284676,10,3,1.000000,s10_p3
1779284676,4,4,0.000000,s4_p4
1779284676,4,1,0.000000,s4_p1
1779284676,4,2,0.000000,s4_p2
1779284676,4,3,0.000000,s4_p3
1779284676,5,4,0.000000,s5_p4
1779284676,5,1,0.000000,s5_p1
1779284676,5,2,0.000000,s5_p2
1779284676,5,3,0.000000,s5_p3
1779284676,18,1,0.000000,s18_p1
1779284676,18,4,0.538329,s18_p4
1779284676,18,2,0.000000,s18_p2
1779284676,18,3,0.000000,s18_p3
1779284676,13,4,0.000000,s13_p4
1779284676,13,1,0.000000,s13_p1
1779284676,13,2,0.000000,s13_p2
1779284676,13,3,0.000000,s13_p3
1779284676,2,1,0.000000,s2_p1
1779284676,2,4,0.949609,s2_p4
1779284676,2,2,0.000000,s2_p2
1779284676,2,3,0.133066,s2_p3
1779284676,20,1,0.000000,s20_p1
1779284676,20,4,0.000000,s20_p4
1779284676,20,2,0.000000,s20_p2
1779284676,20,3,0.000000,s20_p3
1779284676,7,1,0.683111,s7_p1
1779284676,7,4,0.000000,s7_p4
1779284676,7,2,0.767744,s7_p2
1779284676,7,3,0.000000,s7_p3
1779284676,12,4,0.000000,s12_p4
1779284676,12,1,0.000000,s12_p1
1779284676,12,2,0.000000,s12_p2
1779284676,12,3,0.000000,s12_p3
1779284676,11,4,0.000000,s11_p4
1779284676,11,1,0.000000,s11_p1
1779284676,11,2,0.000000,s11_p2
1779284676,11,3,0.000000,s11_p3
1779284676,17,1,0.000000,s17_p1
1779284676,17,4,0.671195,s17_p4
1779284676,17,2,0.000000,s17_p2
1779284676,17,3,0.000000,s17_p3
1779284676,16,1,0.374881,s16_p1
1779284676,16,4,0.000000,s16_p4
1779284676,16,2,0.622787,s16_p2
1779284676,16,3,0.000000,s16_p3
1779284676,9,4,0.538064,s9_p4
1779284676,9,1,0.000000,s9_p1
1779284676,9,2,0.000000,s9_p2
1779284676,9,3,0.671068,s9_p3
1779284676,6,1,0.000000,s6_p1
1779284676,6,4,0.000000,s6_p4
1779284676,6,2,0.000000,s6_p2
1779284676,6,3,0.000000,s6_p3
1779284676,19,1,0.000000,s19_p1
1779284676,19,4,1.000000,s19_p4
1779284676,19,2,0.000000,s19_p2
1779284676,19,3,0.000000,s19_p3
1779284677,19,1,0.000000,s19_p1
1779284677,19,4,0.181363,s19_p4
1779284677,19,2,0.000000,s19_p2
1779284677,19,3,0.000000,s19_p3
1779284677,14,1,0.000000,s14_p1
1779284677,14,4,0.000000,s14_p4
1779284677,14,2,0.000000,s14_p2
1779284677,14,3,0.000000,s14_p3
1779284677,15,4,0.000000,s15_p4
1779284677,15,1,1.000000,s15_p1
1779284677,15,2,0.138816,s15_p2
1779284677,15,3,0.000000,s15_p3
1779284677,1,4,1.000000,s1_p4
1779284677,1,1,0.000000,s1_p1
1779284677,1,2,0.000000,s1_p2
1779284677,1,3,1.000000,s1_p3
1779284677,3,4,0.000000,s3_p4
1779284677,3,1,0.000000,s3_p1
1779284677,3,2,0.000000,s3_p2
1779284677,3,3,0.000000,s3_p3
1779284677,8,4,0.000000,s8_p4
1779284677,8,1,0.331969,s8_p1
1779284677,8,2,0.579437,s8_p2
1779284677,8,3,0.000000,s8_p3
1779284677,10,1,0.000000,s10_p1
1779284677,10,4,1.000000,s10_p4
1779284677,10,2,0.000000,s10_p2
1779284677,10,3,0.181076,s10_p3
1779284677,6,1,0.000000,s6_p1
1779284677,6,4,0.000000,s6_p4
1779284677,6,2,0.000000,s6_p2
1779284677,6,3,0.000000,s6_p3
1779284677,4,4,0.000000,s4_p4
1779284677,4,1,0.000000,s4_p1
1779284677,4,2,0.000000,s4_p2
1779284677,4,3,0.000000,s4_p3
1779284677,16,1,0.416610,s16_p1
1779284677,16,4,0.000000,s16_p4
1779284677,16,2,0.772843,s16_p2
1779284677,16,3,0.000000,s16_p3
1779284677,2,1,0.000000,s2_p1
1779284677,2,4,0.947633,s2_p4
1779284677,2,2,0.000000,s2_p2
1779284677,2,3,0.138825,s2_p3
1779284677,7,1,0.712253,s7_p1
1779284677,7,4,0.000000,s7_p4
1779284677,7,2,0.778649,s7_p2
1779284677,7,3,0.000000,s7_p3
1779284677,20,1,0.000000,s20_p1
1779284677,20,4,1.000000,s20_p4
1779284677,20,2,0.000000,s20_p2
1779284677,20,3,0.000000,s20_p3
1779284677,18,1,0.000000,s18_p1
1779284677,18,4,0.537168,s18_p4
1779284677,18,2,0.000000,s18_p2
1779284677,18,3,0.000000,s18_p3
1779284677,17,1,0.000000,s17_p1
1779284677,17,4,0.676192,s17_p4
1779284677,17,2,0.000000,s17_p2
1779284677,17,3,0.000000,s17_p3
1779284677,13,4,0.000000,s13_p4
1779284677,13,1,0.000000,s13_p1
1779284677,13,2,0.000000,s13_p2
1779284677,13,3,0.000000,s13_p3
1779284677,12,4,0.000000,s12_p4
1779284677,12,1,0.000000,s12_p1
1779284677,12,2,0.000000,s12_p2
1779284677,12,3,0.000000,s12_p3
1779284677,9,4,0.537247,s9_p4
1779284677,9,1,0.000000,s9_p1
1779284677,9,2,0.000000,s9_p2
1779284677,9,3,0.676086,s9_p3
1779284677,5,4,0.000000,s5_p4
1779284677,5,1,0.000000,s5_p1
1779284677,5,2,0.000000,s5_p2
1779284677,5,3,0.000000,s5_p3
1779284677,11,4,0.000000,s11_p4
1779284677,11,1,0.000000,s11_p1
1779284677,11,2,0.000000,s11_p2
1779284677,11,3,0.000000,s11_p3
1779284678,19,1,0.000000,s19_p1
1779284678,19,4,0.000000,s19_p4
1779284678,19,2,0.000000,s19_p2
1779284678,19,3,0.000000,s19_p3
1779284678,10,1,0.000000,s10_p1
1779284678,10,4,1.000000,s10_p4
1779284678,10,2,0.000000,s10_p2
1779284678,10,3,0.000000,s10_p3
1779284678,6,1,0.000000,s6_p1
1779284678,6,4,0.000000,s6_p4
1779284678,6,2,0.000000,s6_p2
1779284678,6,3,0.000000,s6_p3
1779284678,1,4,1.000000,s1_p4
1779284678,1,1,0.000000,s1_p1
1779284678,1,2,0.000000,s1_p2
1779284678,1,3,1.000000,s1_p3
1779284678,3,4,0.000000,s3_p4
1779284678,3,1,0.000000,s3_p1
1779284678,3,2,0.000000,s3_p2
1779284678,3,3,0.000000,s3_p3
1779284678,14,1,0.000000,s14_p1
1779284678,14,4,0.000000,s14_p4
1779284678,14,2,0.000000,s14_p2
1779284678,14,3,0.000000,s14_p3
1779284678,7,1,0.682792,s7_p1
1779284678,7,4,0.000000,s7_p4
1779284678,7,2,0.767386,s7_p2
1779284678,7,3,0.000000,s7_p3
1779284678,15,4,0.000000,s15_p4
1779284678,15,1,1.000000,s15_p1
1779284678,15,2,0.132852,s15_p2
1779284678,15,3,0.000000,s15_p3
1779284678,12,4,0.000000,s12_p4
1779284678,12,1,0.000000,s12_p1
1779284678,12,2,0.000000,s12_p2
1779284678,12,3,0.000000,s12_p3
1779284678,4,4,0.000000,s4_p4
1779284678,4,1,0.000000,s4_p1
1779284678,4,2,0.000000,s4_p2
1779284678,4,3,0.000000,s4_p3
1779284678,5,4,0.000000,s5_p4
1779284678,5,1,0.000000,s5_p1
1779284678,5,2,0.000000,s5_p2
1779284678,5,3,0.000000,s5_p3
1779284678,8,4,0.000000,s8_p4
1779284678,8,1,0.235518,s8_p1
1779284678,8,2,0.531426,s8_p2
1779284678,8,3,0.000000,s8_p3
1779284678,13,4,0.000000,s13_p4
1779284678,13,1,0.000000,s13_p1
1779284678,13,2,0.000000,s13_p2
1779284678,13,3,0.000000,s13_p3
1779284678,20,1,0.000000,s20_p1
1779284678,20,4,0.996882,s20_p4
1779284678,20,2,0.000000,s20_p2
1779284678,20,3,0.000000,s20_p3
1779284678,16,1,0.362407,s16_p1
1779284678,16,4,0.000000,s16_p4
1779284678,16,2,0.634212,s16_p2
1779284678,16,3,0.000000,s16_p3
1779284678,2,1,0.000000,s2_p1
1779284678,2,4,0.936203,s2_p4
1779284678,2,2,0.000000,s2_p2
1779284678,2,3,0.132880,s2_p3
1779284678,9,4,0.543786,s9_p4
1779284678,9,1,0.000000,s9_p1
1779284678,9,2,0.000000,s9_p2
1779284678,9,3,0.676712,s9_p3
1779284678,18,1,0.000000,s18_p1
1779284678,18,4,0.543604,s18_p4
1779284678,18,2,0.000000,s18_p2
1779284678,18,3,0.000000,s18_p3
1779284678,17,1,0.000000,s17_p1
1779284678,17,4,0.676477,s17_p4
1779284678,17,2,0.000000,s17_p2
1779284678,17,3,0.000000,s17_p3
1779284678,11,4,0.000000,s11_p4
1779284678,11,1,0.000000,s11_p1
1779284678,11,2,0.000000,s11_p2
1779284678,11,3,0.000000,s11_p3
1779284679,19,1,0.000000,s19_p1
1779284679,19,4,1.000000,s19_p4
1779284679,19,2,0.000000,s19_p2
1779284679,19,3,0.000000,s19_p3
1779284679,10,1,0.006115,s10_p1
1779284679,10,4,0.181278,s10_p4
1779284679,10,2,0.000000,s10_p2
1779284679,10,3,1.000000,s10_p3
1779284679,20,1,0.006117,s20_p1
1779284679,20,4,0.181343,s20_p4
1779284679,20,2,0.000000,s20_p2
1779284679,20,3,0.000000,s20_p3
1779284679,7,1,0.681650,s7_p1
1779284679,7,4,0.006116,s7_p4
1779284679,7,2,0.688989,s7_p2
1779284679,7,3,0.000680,s7_p3
1779284679,3,4,0.000000,s3_p4
1779284679,3,1,0.000000,s3_p1
1779284679,3,2,0.000000,s3_p2
1779284679,3,3,0.000000,s3_p3
1779284679,14,1,0.000000,s14_p1
1779284679,14,4,0.000000,s14_p4
1779284679,14,2,0.000000,s14_p2
1779284679,14,3,0.000000,s14_p3
1779284679,15,4,0.000000,s15_p4
1779284679,15,1,1.000000,s15_p1
1779284679,15,2,0.132964,s15_p2
1779284679,15,3,0.000680,s15_p3
1779284679,4,4,0.000000,s4_p4
1779284679,4,1,0.000000,s4_p1
1779284679,4,2,0.000000,s4_p2
1779284679,4,3,0.000000,s4_p3
1779284679,1,4,0.995219,s1_p4
1779284679,1,1,0.006111,s1_p1
1779284679,1,2,0.000679,s1_p2
1779284679,1,3,1.000000,s1_p3
1779284679,6,1,0.000000,s6_p1
1779284679,6,4,0.000000,s6_p4
1779284679,6,2,0.000000,s6_p2
1779284679,6,3,0.000000,s6_p3
1779284679,8,4,0.000000,s8_p4
1779284679,8,1,0.374717,s8_p1
1779284679,8,2,0.592295,s8_p2
1779284679,8,3,0.000000,s8_p3
1779284679,18,1,0.000000,s18_p1
1779284679,18,4,0.538069,s18_p4
1779284679,18,2,0.000000,s18_p2
1779284679,18,3,0.000000,s18_p3
1779284679,12,4,0.000000,s12_p4
1779284679,12,1,0.000000,s12_p1
1779284679,12,2,0.000000,s12_p2
1779284679,12,3,0.000000,s12_p3
1779284679,13,4,0.000000,s13_p4
1779284679,13,1,0.000000,s13_p1
1779284679,13,2,0.000000,s13_p2
1779284679,13,3,0.000000,s13_p3
1779284679,11,4,0.000000,s11_p4
1779284679,11,1,0.000000,s11_p1
1779284679,11,2,0.000000,s11_p2
1779284679,11,3,0.000000,s11_p3
1779284679,16,1,0.355277,s16_p1
1779284679,16,4,0.006116,s16_p4
1779284679,16,2,0.834016,s16_p2
1779284679,16,3,0.000000,s16_p3
1779284679,5,4,0.000000,s5_p4
1779284679,5,1,0.000000,s5_p1
1779284679,5,2,0.000000,s5_p2
1779284679,5,3,0.000000,s5_p3
1779284679,9,4,0.537891,s9_p4
1779284679,9,1,0.000680,s9_p1
1779284679,9,2,0.000000,s9_p2
1779284679,9,3,0.610416,s9_p3
1779284679,2,1,0.000000,s2_p1
1779284679,2,4,0.948842,s2_p4
1779284679,2,2,0.000000,s2_p2
1779284679,2,3,0.132959,s2_p3
1779284679,17,1,0.000680,s17_p1
1779284679,17,4,0.610424,s17_p4
1779284679,17,2,0.000000,s17_p2
1779284679,17,3,0.000000,s17_p3
1779284679,6,1,0.000000,s6_p1
1779284679,6,4,0.000000,s6_p4
1779284679,6,2,0.000000,s6_p2
1779284679,6,3,0.000000,s6_p3
1779284679,1,4,0.804467,s1_p4
1779284679,1,1,0.000000,s1_p1
1779284679,1,2,0.000000,s1_p2
1779284679,1,3,0.804467,s1_p3
1779284679,10,1,0.000000,s10_p1
1779284679,10,4,0.000000,s10_p4
1779284679,10,2,0.001881,s10_p2
1779284679,10,3,1.000000,s10_p3
1779284679,15,4,0.000000,s15_p4
1779284679,15,1,0.804358,s15_p1
1779284679,15,2,0.134060,s15_p2
1779284679,15,3,0.000000,s15_p3
1779284679,3,4,0.000000,s3_p4
1779284679,3,1,0.000000,s3_p1
1779284679,3,2,0.000000,s3_p2
1779284679,3,3,0.000000,s3_p3
1779284679,8,4,0.001884,s8_p4
1779284679,8,1,0.553033,s8_p1
1779284679,8,2,0.804411,s8_p2
1779284679,8,3,0.000000,s8_p3
1779284679,14,1,0.000000,s14_p1
1779284679,14,4,0.000000,s14_p4
1779284679,14,2,0.000000,s14_p2
1779284679,14,3,0.000000,s14_p3
1779284679,20,1,0.001881,s20_p1
1779284679,20,4,0.000000,s20_p4
1779284679,20,2,0.000000,s20_p2
1779284679,20,3,0.000000,s20_p3
1779284679,11,4,0.000000,s11_p4
1779284679,11,1,0.000000,s11_p1
1779284679,11,2,0.000000,s11_p2
1779284679,11,3,0.000000,s11_p3
1779284679,12,4,0.000000,s12_p4
1779284679,12,1,0.000000,s12_p1
1779284679,12,2,0.000000,s12_p2
1779284679,12,3,0.000000,s12_p3
1779284679,7,1,0.535397,s7_p1
1779284679,7,4,0.000000,s7_p4
1779284679,7,2,0.585590,s7_p2
1779284679,7,3,0.000000,s7_p3
1779284679,18,1,0.000000,s18_p1
1779284679,18,4,0.535508,s18_p4
1779284679,18,2,0.000000,s18_p2
1779284679,18,3,0.000000,s18_p3
1779284679,5,4,0.000000,s5_p4
1779284679,5,1,0.000000,s5_p1
1779284679,5,2,0.000000,s5_p2
1779284679,5,3,0.000000,s5_p3
1779284679,16,1,0.318200,s16_p1
1779284679,16,4,0.001883,s16_p4
1779284679,16,2,1.000000,s16_p2
1779284679,16,3,0.000000,s16_p3
1779284679,13,4,0.000000,s13_p4
1779284679,13,1,0.000000,s13_p1
1779284679,13,2,0.000000,s13_p2
1779284679,13,3,0.000000,s13_p3
1779284679,4,4,0.000000,s4_p4
1779284679,4,1,0.000000,s4_p1
1779284679,4,2,0.000000,s4_p2
1779284679,4,3,0.000000,s4_p3
1779284679,17,1,0.000000,s17_p1
1779284679,17,4,0.401949,s17_p4
1779284679,17,2,0.000000,s17_p2
1779284679,17,3,0.000000,s17_p3
1779284679,9,4,0.535892,s9_p4
1779284679,9,1,0.000000,s9_p1
1779284679,9,2,0.000000,s9_p2
1779284679,9,3,0.401919,s9_p3
1779284679,19,1,0.000000,s19_p1
1779284679,19,4,1.000000,s19_p4
1779284679,19,2,0.000000,s19_p2
1779284679,19,3,0.000000,s19_p3
1779284679,2,1,0.001883,s2_p1
1779284679,2,4,0.954534,s2_p4
1779284679,2,2,0.000000,s2_p2
1779284679,2,3,0.133970,s2_p3
1779284680,6,1,0.000000,s6_p1
1779284680,6,4,0.000000,s6_p4
1779284680,6,2,0.000000,s6_p2
1779284680,6,3,0.000000,s6_p3
1779284680,19,1,0.000000,s19_p1
1779284680,19,4,0.150334,s19_p4
1779284680,19,2,0.000000,s19_p2
1779284680,19,3,0.000000,s19_p3
1779284680,20,1,0.000676,s20_p1
1779284680,20,4,1.000000,s20_p4
1779284680,20,2,0.000000,s20_p2
1779284680,20,3,0.000000,s20_p3
1779284680,3,4,0.000000,s3_p4
1779284680,3,1,0.000000,s3_p1
1779284680,3,2,0.000000,s3_p2
1779284680,3,3,0.000000,s3_p3
1779284680,4,4,0.000000,s4_p4
1779284680,4,1,0.000000,s4_p1
1779284680,4,2,0.000000,s4_p2
1779284680,4,3,0.000000,s4_p3
1779284680,13,4,0.000000,s13_p4
1779284680,13,1,0.000000,s13_p1
1779284680,13,2,0.000000,s13_p2
1779284680,13,3,0.000000,s13_p3
1779284680,8,4,0.000675,s8_p4
1779284680,8,1,0.397137,s8_p1
1779284680,8,2,0.666590,s8_p2
1779284680,8,3,0.000000,s8_p3
1779284680,15,4,0.000000,s15_p4
1779284680,15,1,0.648554,s15_p1
1779284680,15,2,0.138904,s15_p2
1779284680,15,3,0.000675,s15_p3
1779284680,14,1,0.000000,s14_p1
1779284680,14,4,0.000000,s14_p4
1779284680,14,2,0.000000,s14_p2
1779284680,14,3,0.000000,s14_p3
1779284680,7,1,0.378517,s7_p1
1779284680,7,4,0.000000,s7_p4
1779284680,7,2,0.498681,s7_p2
1779284680,7,3,0.000676,s7_p3
1779284680,1,4,0.846663,s1_p4
1779284680,1,1,0.000675,s1_p1
1779284680,1,2,0.000000,s1_p2
1779284680,1,3,0.642503,s1_p3
1779284680,10,1,0.000000,s10_p1
1779284680,10,4,1.000000,s10_p4
1779284680,10,2,0.000675,s10_p2
1779284680,10,3,0.150118,s10_p3
1779284680,5,4,0.000000,s5_p4
1779284680,5,1,0.000000,s5_p1
1779284680,5,2,0.000000,s5_p2
1779284680,5,3,0.000000,s5_p3
1779284680,18,1,0.000000,s18_p1
1779284680,18,4,0.541354,s18_p4
1779284680,18,2,0.000000,s18_p2
1779284680,18,3,0.000000,s18_p3
1779284680,16,1,0.228241,s16_p1
1779284680,16,4,0.000675,s16_p4
1779284680,16,2,0.924977,s16_p2
1779284680,16,3,0.000000,s16_p3
1779284680,12,4,0.000000,s12_p4
1779284680,12,1,0.000000,s12_p1
1779284680,12,2,0.000000,s12_p2
1779284680,12,3,0.000000,s12_p3
1779284680,9,4,0.541369,s9_p4
1779284680,9,1,0.000675,s9_p1
1779284680,9,2,0.000000,s9_p2
1779284680,9,3,0.246265,s9_p3
1779284680,17,1,0.000675,s17_p1
1779284680,17,4,0.246261,s17_p4
1779284680,17,2,0.000000,s17_p2
1779284680,17,3,0.000000,s17_p3
1779284680,11,4,0.000000,s11_p4
1779284680,11,1,0.000000,s11_p1
1779284680,11,2,0.000000,s11_p2
1779284680,11,3,0.000000,s11_p3
1779284680,2,1,0.000675,s2_p1
1779284680,2,4,0.672719,s2_p4
1779284680,2,2,0.000000,s2_p2
1779284680,2,3,0.138934,s2_p3
1779284681,19,1,0.000000,s19_p1
1779284681,19,4,0.000000,s19_p4
1779284681,19,2,0.000000,s19_p2
1779284681,19,3,0.000000,s19_p3
1779284681,6,1,0.000000,s6_p1
1779284681,6,4,0.000000,s6_p4
1779284681,6,2,0.000000,s6_p2
1779284681,6,3,0.000000,s6_p3
1779284681,1,4,0.585699,s1_p4
1779284681,1,1,0.000680,s1_p1
1779284681,1,2,0.006124,s1_p2
1779284681,1,3,0.520430,s1_p3
1779284681,14,1,0.000000,s14_p1
1779284681,14,4,0.000000,s14_p4
1779284681,14,2,0.000000,s14_p2
1779284681,14,3,0.000000,s14_p3
1779284681,3,4,0.000000,s3_p4
1779284681,3,1,0.000000,s3_p1
1779284681,3,2,0.000000,s3_p2
1779284681,3,3,0.000000,s3_p3
1779284681,15,4,0.000000,s15_p4
1779284681,15,1,0.514248,s15_p1
1779284681,15,2,0.133892,s15_p2
1779284681,15,3,0.000680,s15_p3
1779284681,8,4,0.001360,s8_p4
1779284681,8,1,0.345632,s8_p1
1779284681,8,2,0.719929,s8_p2
1779284681,8,3,0.000000,s8_p3
1779284681,10,1,0.006122,s10_p1
1779284681,10,4,1.000000,s10_p4
1779284681,10,2,0.001360,s10_p2
1779284681,10,3,0.000000,s10_p3
1779284681,20,1,0.007480,s20_p1
1779284681,20,4,1.000000,s20_p4
1779284681,20,2,0.000000,s20_p2
1779284681,20,3,0.000000,s20_p3
1779284681,13,4,0.000000,s13_p4
1779284681,13,1,0.000000,s13_p1
1779284681,13,2,0.000000,s13_p2
1779284681,13,3,0.000000,s13_p3
1779284681,7,1,0.241956,s7_p1
1779284681,7,4,0.006121,s7_p4
1779284681,7,2,0.343491,s7_p2
1779284681,7,3,0.000680,s7_p3
1779284681,17,1,0.000680,s17_p1
1779284681,17,4,0.133108,s17_p4
1779284681,17,2,0.000000,s17_p2
1779284681,17,3,0.000000,s17_p3
1779284681,4,4,0.000000,s4_p4
1779284681,4,1,0.000000,s4_p1
1779284681,4,2,0.000000,s4_p2
1779284681,4,3,0.000000,s4_p3
1779284681,5,4,0.000000,s5_p4
1779284681,5,1,0.000000,s5_p1
1779284681,5,2,0.000000,s5_p2
1779284681,5,3,0.000000,s5_p3
1779284681,11,4,0.000000,s11_p4
1779284681,11,1,0.000000,s11_p1
1779284681,11,2,0.000000,s11_p2
1779284681,11,3,0.000000,s11_p3
1779284681,16,1,0.071288,s16_p1
1779284681,16,4,0.007481,s16_p4
1779284681,16,2,0.931494,s16_p2
1779284681,16,3,0.000000,s16_p3
1779284681,2,1,0.001360,s2_p1
1779284681,2,4,0.616983,s2_p4
1779284681,2,2,0.000000,s2_p2
1779284681,2,3,0.133867,s2_p3
1779284681,18,1,0.000000,s18_p1
1779284681,18,4,0.514909,s18_p4
1779284681,18,2,0.000000,s18_p2
1779284681,18,3,0.000000,s18_p3
1779284681,12,4,0.000000,s12_p4
1779284681,12,1,0.000000,s12_p1
1779284681,12,2,0.000000,s12_p2
1779284681,12,3,0.000000,s12_p3
1779284681,9,4,0.514890,s9_p4
1779284681,9,1,0.000680,s9_p1
1779284681,9,2,0.000000,s9_p2
1779284681,9,3,0.133061,s9_p3
1779284682,15,4,0.000000,s15_p4
1779284682,15,1,0.120617,s15_p1
1779284682,15,2,0.132678,s15_p2
1779284682,15,3,0.002034,s15_p3
1779284682,1,4,0.542608,s1_p4
1779284682,1,1,0.000000,s1_p1
1779284682,1,2,0.002034,s1_p2
1779284682,1,3,0.120580,s1_p3
1779284682,17,1,0.002035,s17_p1
1779284682,17,4,0.132706,s17_p4
1779284682,17,2,0.000000,s17_p2
1779284682,17,3,0.000000,s17_p3
1779284682,20,1,0.000678,s20_p1
1779284682,20,4,0.144741,s20_p4
1779284682,20,2,0.000000,s20_p2
1779284682,20,3,0.000000,s20_p3
1779284682,8,4,0.000678,s8_p4
1779284682,8,1,0.289433,s8_p1
1779284682,8,2,0.910509,s8_p2
1779284682,8,3,0.000000,s8_p3
1779284682,6,1,0.000000,s6_p1
1779284682,6,4,0.000000,s6_p4
1779284682,6,2,0.000000,s6_p2
1779284682,6,3,0.000000,s6_p3
1779284682,7,1,0.000000,s7_p1
1779284682,7,4,0.000000,s7_p4
1779284682,7,2,0.120615,s7_p2
1779284682,7,3,0.002034,s7_p3
1779284682,4,4,0.000000,s4_p4
1779284682,4,1,0.000000,s4_p1
1779284682,4,2,0.000000,s4_p2
1779284682,4,3,0.000000,s4_p3
1779284682,3,4,0.000000,s3_p4
1779284682,3,1,0.000000,s3_p1
1779284682,3,2,0.000000,s3_p2
1779284682,3,3,0.000000,s3_p3
1779284682,5,4,0.000000,s5_p4
1779284682,5,1,0.000000,s5_p1
1779284682,5,2,0.000000,s5_p2
1779284682,5,3,0.000000,s5_p3
1779284682,2,1,0.000678,s2_p1
1779284682,2,4,0.379798,s2_p4
1779284682,2,2,0.000000,s2_p2
1779284682,2,3,0.132628,s2_p3
1779284682,18,1,0.000000,s18_p1
1779284682,18,4,0.120570,s18_p4
1779284682,18,2,0.000000,s18_p2
1779284682,18,3,0.000000,s18_p3
1779284682,14,1,0.000000,s14_p1
1779284682,14,4,0.000000,s14_p4
1779284682,14,2,0.000000,s14_p2
1779284682,14,3,0.000000,s14_p3
1779284682,16,1,0.000000,s16_p1
1779284682,16,4,0.000678,s16_p4
1779284682,16,2,1.000000,s16_p2
1779284682,16,3,0.000000,s16_p3
1779284682,13,4,0.000000,s13_p4
1779284682,13,1,0.000000,s13_p1
1779284682,13,2,0.000000,s13_p2
1779284682,13,3,0.000000,s13_p3
1779284682,19,1,0.000000,s19_p1
1779284682,19,4,0.921276,s19_p4
1779284682,19,2,0.000000,s19_p2
1779284682,19,3,0.000000,s19_p3
1779284682,9,4,0.120571,s9_p4
1779284682,9,1,0.002033,s9_p1
1779284682,9,2,0.000000,s9_p2
1779284682,9,3,0.132628,s9_p3
1779284682,12,4,0.000000,s12_p4
1779284682,12,1,0.000000,s12_p1
1779284682,12,2,0.000000,s12_p2
1779284682,12,3,0.000000,s12_p3
1779284682,11,4,0.000000,s11_p4
1779284682,11,1,0.000000,s11_p1
1779284682,11,2,0.000000,s11_p2
1779284682,11,3,0.000000,s11_p3
1779284682,10,1,0.000000,s10_p1
1779284682,10,4,0.144581,s10_p4
1779284682,10,2,0.000677,s10_p2
1779284682,10,3,0.921706,s10_p3
1779284683,19,1,0.000000,s19_p1
1779284683,19,4,0.897096,s19_p4
1779284683,19,2,0.000000,s19_p2
1779284683,19,3,0.000000,s19_p3
1779284683,14,1,0.000000,s14_p1
1779284683,14,4,0.000000,s14_p4
1779284683,14,2,0.000000,s14_p2
1779284683,14,3,0.000000,s14_p3
1779284683,1,4,0.839654,s1_p4
1779284683,1,1,0.000000,s1_p1
1779284683,1,2,0.001358,s1_p2
1779284683,1,3,0.000791,s1_p3
1779284683,6,1,0.000000,s6_p1
1779284683,6,4,0.000000,s6_p4
1779284683,6,2,0.000000,s6_p2
1779284683,6,3,0.000000,s6_p3
1779284683,20,1,0.004073,s20_p1
1779284683,20,4,0.000000,s20_p4
1779284683,20,2,0.000000,s20_p2
1779284683,20,3,0.000000,s20_p3
1779284683,4,4,0.000000,s4_p4
1779284683,4,1,0.000000,s4_p1
1779284683,4,2,0.000000,s4_p2
1779284683,4,3,0.000000,s4_p3
1779284683,3,4,0.000000,s3_p4
1779284683,3,1,0.000000,s3_p1
1779284683,3,2,0.000000,s3_p2
1779284683,3,3,0.000000,s3_p3
1779284683,7,1,0.000000,s7_p1
1779284683,7,4,0.000000,s7_p4
1779284683,7,2,0.000000,s7_p2
1779284683,7,3,0.000000,s7_p3
1779284683,5,4,0.000000,s5_p4
1779284683,5,1,0.000000,s5_p1
1779284683,5,2,0.000000,s5_p2
1779284683,5,3,0.000000,s5_p3
1779284683,10,1,0.001359,s10_p1
1779284683,10,4,0.000000,s10_p4
1779284683,10,2,0.002718,s10_p2
1779284683,10,3,0.896009,s10_p3
1779284683,15,4,0.000000,s15_p4
1779284683,15,1,0.000000,s15_p1
1779284683,15,2,0.139631,s15_p2
1779284683,15,3,0.000000,s15_p3
1779284683,13,4,0.000000,s13_p4
1779284683,13,1,0.000000,s13_p1
1779284683,13,2,0.000000,s13_p2
1779284683,13,3,0.000000,s13_p3
1779284683,8,4,0.004073,s8_p4
1779284683,8,1,0.000000,s8_p1
1779284683,8,2,1.000000,s8_p2
1779284683,8,3,0.000000,s8_p3
1779284683,9,4,0.133661,s9_p4
1779284683,9,1,0.000000,s9_p1
1779284683,9,2,0.000000,s9_p2
1779284683,9,3,0.006040,s9_p3
1779284683,11,4,0.000000,s11_p4
1779284683,11,1,0.000000,s11_p1
1779284683,11,2,0.000000,s11_p2
1779284683,11,3,0.000000,s11_p3
1779284683,18,1,0.000000,s18_p1
1779284683,18,4,0.133644,s18_p4
1779284683,18,2,0.000000,s18_p2
1779284683,18,3,0.000000,s18_p3
1779284683,2,1,0.000000,s2_p1
1779284683,2,4,0.086123,s2_p4
1779284683,2,2,0.002716,s2_p2
1779284683,2,3,0.138889,s2_p3
1779284683,12,4,0.000000,s12_p4
1779284683,12,1,0.000000,s12_p1
1779284683,12,2,0.000000,s12_p2
1779284683,12,3,0.000000,s12_p3
1779284683,16,1,0.000000,s16_p1
1779284683,16,4,0.004074,s16_p4
1779284683,16,2,0.895316,s16_p2
1779284683,16,3,0.000000,s16_p3
1779284683,17,1,0.000000,s17_p1
1779284683,17,4,0.006033,s17_p4
1779284683,17,2,0.000000,s17_p2
1779284683,17,3,0.000000,s17_p3
1779284684,6,1,0.000000,s6_p1
1779284684,6,4,0.000000,s6_p4
1779284684,6,2,0.000000,s6_p2
1779284684,6,3,0.000000,s6_p3
1779284684,1,4,0.435501,s1_p4
1779284684,1,1,0.006801,s1_p1
1779284684,1,2,0.000000,s1_p2
1779284684,1,3,0.000000,s1_p3
1779284684,10,1,0.006803,s10_p1
1779284684,10,4,0.435656,s10_p4
1779284684,10,2,0.000000,s10_p2
1779284684,10,3,0.030254,s10_p3
1779284684,15,4,0.000000,s15_p4
1779284684,15,1,0.000000,s15_p1
1779284684,15,2,0.048405,s15_p2
1779284684,15,3,0.000680,s15_p3
1779284684,3,4,0.000000,s3_p4
1779284684,3,1,0.000000,s3_p1
1779284684,3,2,0.000000,s3_p2
1779284684,3,3,0.000000,s3_p3
1779284684,14,1,0.000000,s14_p1
1779284684,14,4,0.000000,s14_p4
1779284684,14,2,0.000000,s14_p2
1779284684,14,3,0.000000,s14_p3
1779284684,7,1,0.000000,s7_p1
1779284684,7,4,0.000000,s7_p4
1779284684,7,2,0.000000,s7_p2
1779284684,7,3,0.000000,s7_p3
1779284684,4,4,0.000000,s4_p4
1779284684,4,1,0.000000,s4_p1
1779284684,4,2,0.000000,s4_p2
1779284684,4,3,0.000000,s4_p3
1779284684,12,4,0.000000,s12_p4
1779284684,12,1,0.000000,s12_p1
1779284684,12,2,0.000000,s12_p2
1779284684,12,3,0.000000,s12_p3
1779284684,8,4,0.006801,s8_p4
1779284684,8,1,0.000000,s8_p1
1779284684,8,2,0.514137,s8_p2
1779284684,8,3,0.000680,s8_p3
1779284684,13,4,0.000000,s13_p4
1779284684,13,1,0.000000,s13_p1
1779284684,13,2,0.000000,s13_p2
1779284684,13,3,0.000000,s13_p3
1779284684,16,1,0.000000,s16_p1
1779284684,16,4,0.006803,s16_p4
1779284684,16,2,0.465904,s16_p2
1779284684,16,3,0.000000,s16_p3
1779284684,5,4,0.000000,s5_p4
1779284684,5,1,0.000000,s5_p1
1779284684,5,2,0.000000,s5_p2
1779284684,5,3,0.000000,s5_p3
1779284684,2,1,0.000000,s2_p1
1779284684,2,4,0.000000,s2_p4
1779284684,2,2,0.000680,s2_p2
1779284684,2,3,0.048402,s2_p3
1779284684,20,1,0.006797,s20_p1
1779284684,20,4,0.435281,s20_p4
1779284684,20,2,0.000000,s20_p2
1779284684,20,3,0.000000,s20_p3
1779284684,17,1,0.000680,s17_p1
1779284684,17,4,0.000000,s17_p4
1779284684,17,2,0.000000,s17_p2
1779284684,17,3,0.000000,s17_p3
1779284684,11,4,0.000000,s11_p4
1779284684,11,1,0.000000,s11_p1
1779284684,11,2,0.000000,s11_p2
1779284684,11,3,0.000000,s11_p3
1779284684,19,1,0.000000,s19_p1
1779284684,19,4,0.030188,s19_p4
1779284684,19,2,0.000000,s19_p2
1779284684,19,3,0.000000,s19_p3
1779284684,18,1,0.000000,s18_p1
1779284684,18,4,0.048392,s18_p4
1779284684,18,2,0.000000,s18_p2
1779284684,18,3,0.000000,s18_p3
1779284684,9,4,0.048388,s9_p4
1779284684,9,1,0.000000,s9_p1
1779284684,9,2,0.000680,s9_p2
1779284684,9,3,0.000000,s9_p3
1779284685,19,1,0.000000,s19_p1
1779284685,19,4,0.000000,s19_p4
1779284685,19,2,0.000000,s19_p2
1779284685,19,3,0.000000,s19_p3
1779284685,6,1,0.000000,s6_p1
1779284685,6,4,0.000000,s6_p4
1779284685,6,2,0.000000,s6_p2
1779284685,6,3,0.000000,s6_p3
1779284685,8,4,0.000679,s8_p4
1779284685,8,1,0.000000,s8_p1
1779284685,8,2,0.048336,s8_p2
1779284685,8,3,0.000000,s8_p3
1779284685,14,1,0.000000,s14_p1
1779284685,14,4,0.000000,s14_p4
1779284685,14,2,0.000000,s14_p2
1779284685,14,3,0.000000,s14_p3
1779284685,15,4,0.000000,s15_p4
1779284685,15,1,0.000000,s15_p1
1779284685,15,2,0.000000,s15_p2
1779284685,15,3,0.000000,s15_p3
1779284685,3,4,0.000000,s3_p4
1779284685,3,1,0.000000,s3_p1
1779284685,3,2,0.000000,s3_p2
1779284685,3,3,0.000000,s3_p3
1779284685,1,4,0.048303,s1_p4
1779284685,1,1,0.000000,s1_p1
1779284685,1,2,0.000679,s1_p2
1779284685,1,3,0.000000,s1_p3
1779284685,10,1,0.000679,s10_p1
1779284685,10,4,0.048313,s10_p4
1779284685,10,2,0.000000,s10_p2
1779284685,10,3,0.000000,s10_p3
1779284685,20,1,0.000679,s20_p1
1779284685,20,4,0.048338,s20_p4
1779284685,20,2,0.000000,s20_p2
1779284685,20,3,0.000000,s20_p3
1779284685,13,4,0.000000,s13_p4
1779284685,13,1,0.000000,s13_p1
1779284685,13,2,0.000000,s13_p2
1779284685,13,3,0.000000,s13_p3
1779284685,7,1,0.000000,s7_p1
1779284685,7,4,0.000000,s7_p4
1779284685,7,2,0.000000,s7_p2
1779284685,7,3,0.000000,s7_p3
1779284685,4,4,0.000000,s4_p4
1779284685,4,1,0.000000,s4_p1
1779284685,4,2,0.000000,s4_p2
1779284685,4,3,0.000000,s4_p3
1779284685,5,4,0.000000,s5_p4
1779284685,5,1,0.000000,s5_p1
1779284685,5,2,0.000000,s5_p2
1779284685,5,3,0.000000,s5_p3
1779284685,18,1,0.000000,s18_p1
1779284685,18,4,0.000000,s18_p4
1779284685,18,2,0.000000,s18_p2
1779284685,18,3,0.000000,s18_p3
1779284685,12,4,0.000000,s12_p4
1779284685,12,1,0.000000,s12_p1
1779284685,12,2,0.000000,s12_p2
1779284685,12,3,0.000000,s12_p3
1779284685,16,1,0.000000,s16_p1
1779284685,16,4,0.000679,s16_p4
1779284685,16,2,0.048323,s16_p2
1779284685,16,3,0.000000,s16_p3
1779284685,17,1,0.000000,s17_p1
1779284685,17,4,0.000000,s17_p4
1779284685,17,2,0.000000,s17_p2
1779284685,17,3,0.000000,s17_p3
1779284685,11,4,0.000000,s11_p4
1779284685,11,1,0.000000,s11_p1
1779284685,11,2,0.000000,s11_p2
1779284685,11,3,0.000000,s11_p3
1779284685,9,4,0.000000,s9_p4
1779284685,9,1,0.000000,s9_p1
1779284685,9,2,0.000000,s9_p2
1779284685,9,3,0.000000,s9_p3
1779284685,2,1,0.000000,s2_p1
1779284685,2,4,0.000000,s2_p4
1779284685,2,2,0.000000,s2_p2
1779284685,2,3,0.000000,s2_p3
1779284686,1,4,0.000000,s1_p4
1779284686,1,1,0.000000,s1_p1
1779284686,1,2,0.000000,s1_p2
1779284686,1,3,0.000000,s1_p3
1779284686,19,1,0.000000,s19_p1
1779284686,19,4,0.000000,s19_p4
1779284686,19,2,0.000000,s19_p2
1779284686,19,3,0.000000,s19_p3
1779284686,15,4,0.000000,s15_p4
1779284686,15,1,0.000000,s15_p1
1779284686,15,2,0.000000,s15_p2
1779284686,15,3,0.000000,s15_p3
1779284686,12,4,0.000000,s12_p4
1779284686,12,1,0.000000,s12_p1
1779284686,12,2,0.000000,s12_p2
1779284686,12,3,0.000000,s12_p3
1779284686,14,1,0.000000,s14_p1
1779284686,14,4,0.000000,s14_p4
1779284686,14,2,0.000000,s14_p2
1779284686,14,3,0.000000,s14_p3
1779284686,6,1,0.000000,s6_p1
1779284686,6,4,0.000000,s6_p4
1779284686,6,2,0.000000,s6_p2
1779284686,6,3,0.000000,s6_p3
1779284686,17,1,0.000000,s17_p1
1779284686,17,4,0.000000,s17_p4
1779284686,17,2,0.000000,s17_p2
1779284686,17,3,0.000000,s17_p3
1779284686,18,1,0.000000,s18_p1
1779284686,18,4,0.000000,s18_p4
1779284686,18,2,0.000000,s18_p2
1779284686,18,3,0.000000,s18_p3
1779284686,13,4,0.000000,s13_p4
1779284686,13,1,0.000000,s13_p1
1779284686,13,2,0.000000,s13_p2
1779284686,13,3,0.000000,s13_p3
1779284686,4,4,0.000000,s4_p4
1779284686,4,1,0.000000,s4_p1
1779284686,4,2,0.000000,s4_p2
1779284686,4,3,0.000000,s4_p3
1779284686,2,1,0.000000,s2_p1
1779284686,2,4,0.000000,s2_p4
1779284686,2,2,0.000000,s2_p2
1779284686,2,3,0.000000,s2_p3
1779284686,10,1,0.000000,s10_p1
1779284686,10,4,0.000000,s10_p4
1779284686,10,2,0.000000,s10_p2
1779284686,10,3,0.000000,s10_p3
1779284686,20,1,0.000000,s20_p1
1779284686,20,4,0.000000,s20_p4
1779284686,20,2,0.000000,s20_p2
1779284686,20,3,0.000000,s20_p3
1779284686,5,4,0.000000,s5_p4
1779284686,5,1,0.000000,s5_p1
1779284686,5,2,0.000000,s5_p2
1779284686,5,3,0.000000,s5_p3
1779284686,8,4,0.000000,s8_p4
1779284686,8,1,0.000000,s8_p1
1779284686,8,2,0.000000,s8_p2
1779284686,8,3,0.000000,s8_p3
1779284686,7,1,0.000000,s7_p1
1779284686,7,4,0.000000,s7_p4
1779284686,7,2,0.000000,s7_p2
1779284686,7,3,0.000000,s7_p3
1779284686,3,4,0.000000,s3_p4
1779284686,3,1,0.000000,s3_p1
1779284686,3,2,0.000000,s3_p2
1779284686,3,3,0.000000,s3_p3
1779284686,11,4,0.000000,s11_p4
1779284686,11,1,0.000000,s11_p1
1779284686,11,2,0.000000,s11_p2
1779284686,11,3,0.000000,s11_p3
1779284686,9,4,0.000000,s9_p4
1779284686,9,1,0.000000,s9_p1
1779284686,9,2,0.000000,s9_p2
1779284686,9,3,0.000000,s9_p3
1779284686,16,1,0.000000,s16_p1
1779284686,16,4,0.000000,s16_p4
1779284686,16,2,0.000000,s16_p2
1779284686,16,3,0.000000,s16_p3
1779284687,6,1,0.000000,s6_p1
1779284687,6,4,0.000000,s6_p4
1779284687,6,2,0.000000,s6_p2
1779284687,6,3,0.000000,s6_p3
1779284687,14,1,0.000000,s14_p1
1779284687,14,4,0.000000,s14_p4
1779284687,14,2,0.000000,s14_p2
1779284687,14,3,0.000000,s14_p3
1779284687,1,4,0.000000,s1_p4
1779284687,1,1,0.000000,s1_p1
1779284687,1,2,0.000000,s1_p2
1779284687,1,3,0.000000,s1_p3
1779284687,19,1,0.000000,s19_p1
1779284687,19,4,0.000000,s19_p4
1779284687,19,2,0.000000,s19_p2
1779284687,19,3,0.000000,s19_p3
1779284687,5,4,0.000000,s5_p4
1779284687,5,1,0.000000,s5_p1
1779284687,5,2,0.000000,s5_p2
1779284687,5,3,0.000000,s5_p3
1779284687,2,1,0.000000,s2_p1
1779284687,2,4,0.000000,s2_p4
1779284687,2,2,0.000000,s2_p2
1779284687,2,3,0.000000,s2_p3
1779284687,10,1,0.000000,s10_p1
1779284687,10,4,0.000000,s10_p4
1779284687,10,2,0.000000,s10_p2
1779284687,10,3,0.000000,s10_p3
1779284687,15,4,0.000000,s15_p4
1779284687,15,1,0.000000,s15_p1
1779284687,15,2,0.000000,s15_p2
1779284687,15,3,0.000000,s15_p3
1779284687,16,1,0.000000,s16_p1
1779284687,16,4,0.000000,s16_p4
1779284687,16,2,0.000000,s16_p2
1779284687,16,3,0.000000,s16_p3
1779284687,13,4,0.000000,s13_p4
1779284687,13,1,0.000000,s13_p1
1779284687,13,2,0.000000,s13_p2
1779284687,13,3,0.000000,s13_p3
1779284687,8,4,0.000000,s8_p4
1779284687,8,1,0.000000,s8_p1
1779284687,8,2,0.000000,s8_p2
1779284687,8,3,0.000000,s8_p3
1779284687,4,4,0.000000,s4_p4
1779284687,4,1,0.000000,s4_p1
1779284687,4,2,0.000000,s4_p2
1779284687,4,3,0.000000,s4_p3
1779284687,7,1,0.000000,s7_p1
1779284687,7,4,0.000000,s7_p4
1779284687,7,2,0.000000,s7_p2
1779284687,7,3,0.000000,s7_p3
1779284687,9,4,0.000000,s9_p4
1779284687,9,1,0.000000,s9_p1
1779284687,9,2,0.000000,s9_p2
1779284687,9,3,0.000000,s9_p3
1779284687,3,4,0.000000,s3_p4
1779284687,3,1,0.000000,s3_p1
1779284687,3,2,0.000000,s3_p2
1779284687,3,3,0.000000,s3_p3
1779284687,18,1,0.000000,s18_p1
1779284687,18,4,0.000000,s18_p4
1779284687,18,2,0.000000,s18_p2
1779284687,18,3,0.000000,s18_p3
1779284687,20,1,0.000000,s20_p1
1779284687,20,4,0.000000,s20_p4
1779284687,20,2,0.000000,s20_p2
1779284687,20,3,0.000000,s20_p3
1779284687,17,1,0.000000,s17_p1
1779284687,17,4,0.000000,s17_p4
1779284687,17,2,0.000000,s17_p2
1779284687,17,3,0.000000,s17_p3
1779284687,12,4,0.000000,s12_p4
1779284687,12,1,0.000000,s12_p1
1779284687,12,2,0.000000,s12_p2
1779284687,12,3,0.000000,s12_p3
1779284687,11,4,0.000000,s11_p4
1779284687,11,1,0.000000,s11_p1
1779284687,11,2,0.000000,s11_p2
1779284687,11,3,0.000000,s11_p3
1779284688,1,4,0.000000,s1_p4
1779284688,1,1,0.000000,s1_p1
1779284688,1,2,0.000000,s1_p2
1779284688,1,3,0.000000,s1_p3
1779284688,19,1,0.000000,s19_p1
1779284688,19,4,0.000000,s19_p4
1779284688,19,2,0.000000,s19_p2
1779284688,19,3,0.000000,s19_p3
1779284688,20,1,0.000000,s20_p1
1779284688,20,4,0.000000,s20_p4
1779284688,20,2,0.000000,s20_p2
1779284688,20,3,0.000000,s20_p3
1779284688,14,1,0.000000,s14_p1
1779284688,14,4,0.000000,s14_p4
1779284688,14,2,0.000000,s14_p2
1779284688,14,3,0.000000,s14_p3
1779284688,8,4,0.000000,s8_p4
1779284688,8,1,0.000000,s8_p1
1779284688,8,2,0.000000,s8_p2
1779284688,8,3,0.000000,s8_p3
1779284688,7,1,0.000000,s7_p1
1779284688,7,4,0.000000,s7_p4
1779284688,7,2,0.000000,s7_p2
1779284688,7,3,0.000000,s7_p3
1779284688,13,4,0.000000,s13_p4
1779284688,13,1,0.000000,s13_p1
1779284688,13,2,0.000000,s13_p2
1779284688,13,3,0.000000,s13_p3
1779284688,4,4,0.000000,s4_p4
1779284688,4,1,0.000000,s4_p1
1779284688,4,2,0.000000,s4_p2
1779284688,4,3,0.000000,s4_p3
1779284688,15,4,0.000000,s15_p4
1779284688,15,1,0.000000,s15_p1
1779284688,15,2,0.000000,s15_p2
1779284688,15,3,0.000000,s15_p3
1779284688,3,4,0.000000,s3_p4
1779284688,3,1,0.000000,s3_p1
1779284688,3,2,0.000000,s3_p2
1779284688,3,3,0.000000,s3_p3
1779284688,6,1,0.000000,s6_p1
1779284688,6,4,0.000000,s6_p4
1779284688,6,2,0.000000,s6_p2
1779284688,6,3,0.000000,s6_p3
1779284688,10,1,0.000000,s10_p1
1779284688,10,4,0.000000,s10_p4
1779284688,10,2,0.000000,s10_p2
1779284688,10,3,0.000000,s10_p3
1779284688,11,4,0.000000,s11_p4
1779284688,11,1,0.000000,s11_p1
1779284688,11,2,0.000000,s11_p2
1779284688,11,3,0.000000,s11_p3
1779284688,2,1,0.000000,s2_p1
1779284688,2,4,0.000000,s2_p4
1779284688,2,2,0.000000,s2_p2
1779284688,2,3,0.000000,s2_p3
1779284688,9,4,0.000000,s9_p4
1779284688,9,1,0.000000,s9_p1
1779284688,9,2,0.000000,s9_p2
1779284688,9,3,0.000000,s9_p3
1779284688,5,4,0.000000,s5_p4
1779284688,5,1,0.000000,s5_p1
1779284688,5,2,0.000000,s5_p2
1779284688,5,3,0.000000,s5_p3
1779284688,16,1,0.000000,s16_p1
1779284688,16,4,0.000000,s16_p4
1779284688,16,2,0.000000,s16_p2
1779284688,16,3,0.000000,s16_p3
1779284688,17,1,0.000000,s17_p1
1779284688,17,4,0.000000,s17_p4
1779284688,17,2,0.000000,s17_p2
1779284688,17,3,0.000000,s17_p3
1779284688,18,1,0.000000,s18_p1
1779284688,18,4,0.000000,s18_p4
1779284688,18,2,0.000000,s18_p2
1779284688,18,3,0.000000,s18_p3
1779284688,12,4,0.000000,s12_p4
1779284688,12,1,0.000000,s12_p1
1779284688,12,2,0.000000,s12_p2
1779284688,12,3,0.000000,s12_p3
1779284689,19,1,0.000000,s19_p1
1779284689,19,4,0.000000,s19_p4
1779284689,19,2,0.000000,s19_p2
1779284689,19,3,0.000000,s19_p3
1779284689,10,1,0.000000,s10_p1
1779284689,10,4,0.000000,s10_p4
1779284689,10,2,0.000000,s10_p2
1779284689,10,3,0.000000,s10_p3
1779284689,7,1,0.000000,s7_p1
1779284689,7,4,0.000000,s7_p4
1779284689,7,2,0.000000,s7_p2
1779284689,7,3,0.000000,s7_p3
1779284689,4,4,0.000000,s4_p4
1779284689,4,1,0.000000,s4_p1
1779284689,4,2,0.000000,s4_p2
1779284689,4,3,0.000000,s4_p3
1779284689,9,4,0.000000,s9_p4
1779284689,9,1,0.000000,s9_p1
1779284689,9,2,0.000000,s9_p2
1779284689,9,3,0.000000,s9_p3
1779284689,2,1,0.000000,s2_p1
1779284689,2,4,0.000000,s2_p4
1779284689,2,2,0.000000,s2_p2
1779284689,2,3,0.000000,s2_p3
1779284689,3,4,0.000000,s3_p4
1779284689,3,1,0.000000,s3_p1
1779284689,3,2,0.000000,s3_p2
1779284689,3,3,0.000000,s3_p3
1779284689,11,4,0.000000,s11_p4
1779284689,11,1,0.000000,s11_p1
1779284689,11,2,0.000000,s11_p2
1779284689,11,3,0.000000,s11_p3
1779284689,18,1,0.000000,s18_p1
1779284689,18,4,0.000000,s18_p4
1779284689,18,2,0.000000,s18_p2
1779284689,18,3,0.000000,s18_p3
1779284689,8,4,0.000000,s8_p4
1779284689,8,1,0.000000,s8_p1
1779284689,8,2,0.000000,s8_p2
1779284689,8,3,0.000000,s8_p3
1779284689,1,4,0.000000,s1_p4
1779284689,1,1,0.000000,s1_p1
1779284689,1,2,0.000000,s1_p2
1779284689,1,3,0.000000,s1_p3
1779284689,12,4,0.000000,s12_p4
1779284689,12,1,0.000000,s12_p1
1779284689,12,2,0.000000,s12_p2
1779284689,12,3,0.000000,s12_p3
1779284689,17,1,0.000000,s17_p1
1779284689,17,4,0.000000,s17_p4
1779284689,17,2,0.000000,s17_p2
1779284689,17,3,0.000000,s17_p3
1779284689,5,4,0.000000,s5_p4
1779284689,5,1,0.000000,s5_p1
1779284689,5,2,0.000000,s5_p2
1779284689,5,3,0.000000,s5_p3
1779284689,13,4,0.000000,s13_p4
1779284689,13,1,0.000000,s13_p1
1779284689,13,2,0.000000,s13_p2
1779284689,13,3,0.000000,s13_p3
1779284689,6,1,0.000000,s6_p1
1779284689,6,4,0.000000,s6_p4
1779284689,6,2,0.000000,s6_p2
1779284689,6,3,0.000000,s6_p3
1779284689,16,1,0.000000,s16_p1
1779284689,16,4,0.000000,s16_p4
1779284689,16,2,0.000000,s16_p2
1779284689,16,3,0.000000,s16_p3
1779284689,14,1,0.000000,s14_p1
1779284689,14,4,0.000000,s14_p4
1779284689,14,2,0.000000,s14_p2
1779284689,14,3,0.000000,s14_p3
1779284689,15,4,0.000000,s15_p4
1779284689,15,1,0.000000,s15_p1
1779284689,15,2,0.000000,s15_p2
1779284689,15,3,0.000000,s15_p3
1779284689,20,1,0.000000,s20_p1
1779284689,20,4,0.000000,s20_p4
1779284689,20,2,0.000000,s20_p2
1779284689,20,3,0.000000,s20_p3
1779284690,20,1,0.000000,s20_p1
1779284690,20,4,0.000000,s20_p4
1779284690,20,2,0.000000,s20_p2
1779284690,20,3,0.000000,s20_p3
1779284690,8,4,0.000000,s8_p4
1779284690,8,1,0.000000,s8_p1
1779284690,8,2,0.000000,s8_p2
1779284690,8,3,0.000000,s8_p3
1779284690,6,1,0.000000,s6_p1
1779284690,6,4,0.000000,s6_p4
1779284690,6,2,0.000000,s6_p2
1779284690,6,3,0.000000,s6_p3
1779284690,13,4,0.000000,s13_p4
1779284690,13,1,0.000000,s13_p1
1779284690,13,2,0.000000,s13_p2
1779284690,13,3,0.000000,s13_p3
1779284690,3,4,0.000000,s3_p4
1779284690,3,1,0.000000,s3_p1
1779284690,3,2,0.000000,s3_p2
1779284690,3,3,0.000000,s3_p3
1779284690,14,1,0.000000,s14_p1
1779284690,14,4,0.000000,s14_p4
1779284690,14,2,0.000000,s14_p2
1779284690,14,3,0.000000,s14_p3
1779284690,19,1,0.000000,s19_p1
1779284690,19,4,0.000000,s19_p4
1779284690,19,2,0.000000,s19_p2
1779284690,19,3,0.000000,s19_p3
1779284690,15,4,0.000000,s15_p4
1779284690,15,1,0.000000,s15_p1
1779284690,15,2,0.000000,s15_p2
1779284690,15,3,0.000000,s15_p3
1779284690,10,1,0.000000,s10_p1
1779284690,10,4,0.000000,s10_p4
1779284690,10,2,0.000000,s10_p2
1779284690,10,3,0.000000,s10_p3
1779284690,1,4,0.000000,s1_p4
1779284690,1,1,0.000000,s1_p1
1779284690,1,2,0.000000,s1_p2
1779284690,1,3,0.000000,s1_p3
1779284690,7,1,0.000000,s7_p1
1779284690,7,4,0.000000,s7_p4
1779284690,7,2,0.000000,s7_p2
1779284690,7,3,0.000000,s7_p3
1779284690,11,4,0.000000,s11_p4
1779284690,11,1,0.000000,s11_p1
1779284690,11,2,0.000000,s11_p2
1779284690,11,3,0.000000,s11_p3
1779284690,4,4,0.000000,s4_p4
1779284690,4,1,0.000000,s4_p1
1779284690,4,2,0.000000,s4_p2
1779284690,4,3,0.000000,s4_p3
1779284690,5,4,0.000000,s5_p4
1779284690,5,1,0.000000,s5_p1
1779284690,5,2,0.000000,s5_p2
1779284690,5,3,0.000000,s5_p3
1779284690,9,4,0.000000,s9_p4
1779284690,9,1,0.000000,s9_p1
1779284690,9,2,0.000000,s9_p2
1779284690,9,3,0.000000,s9_p3
1779284690,16,1,0.000000,s16_p1
1779284690,16,4,0.000000,s16_p4
1779284690,16,2,0.000000,s16_p2
1779284690,16,3,0.000000,s16_p3
1779284690,12,4,0.000000,s12_p4
1779284690,12,1,0.000000,s12_p1
1779284690,12,2,0.000000,s12_p2
1779284690,12,3,0.000000,s12_p3
1779284690,2,1,0.000000,s2_p1
1779284690,2,4,0.000000,s2_p4
1779284690,2,2,0.000000,s2_p2
1779284690,2,3,0.000000,s2_p3
1779284690,18,1,0.000000,s18_p1
1779284690,18,4,0.000000,s18_p4
1779284690,18,2,0.000000,s18_p2
1779284690,18,3,0.000000,s18_p3
1779284690,17,1,0.000000,s17_p1
1779284690,17,4,0.000000,s17_p4
1779284690,17,2,0.000000,s17_p2
1779284690,17,3,0.000000,s17_p3
1779284691,19,1,0.000000,s19_p1
1779284691,19,4,0.000000,s19_p4
1779284691,19,2,0.000000,s19_p2
1779284691,19,3,0.000000,s19_p3
1779284691,6,1,0.000000,s6_p1
1779284691,6,4,0.000000,s6_p4
1779284691,6,2,0.000000,s6_p2
1779284691,6,3,0.000000,s6_p3
1779284691,10,1,0.000000,s10_p1
1779284691,10,4,0.000000,s10_p4
1779284691,10,2,0.000000,s10_p2
1779284691,10,3,0.000000,s10_p3
1779284691,7,1,0.000000,s7_p1
1779284691,7,4,0.000000,s7_p4
1779284691,7,2,0.000000,s7_p2
1779284691,7,3,0.000000,s7_p3
1779284691,14,1,0.000000,s14_p1
1779284691,14,4,0.000000,s14_p4
1779284691,14,2,0.000000,s14_p2
1779284691,14,3,0.000000,s14_p3
1779284691,3,4,0.000000,s3_p4
1779284691,3,1,0.000000,s3_p1
1779284691,3,2,0.000000,s3_p2
1779284691,3,3,0.000000,s3_p3
1779284691,15,4,0.000000,s15_p4
1779284691,15,1,0.000000,s15_p1
1779284691,15,2,0.000000,s15_p2
1779284691,15,3,0.000000,s15_p3
1779284691,1,4,0.000000,s1_p4
1779284691,1,1,0.000000,s1_p1
1779284691,1,2,0.000000,s1_p2
1779284691,1,3,0.000000,s1_p3
1779284691,17,1,0.000000,s17_p1
1779284691,17,4,0.000000,s17_p4
1779284691,17,2,0.000000,s17_p2
1779284691,17,3,0.000000,s17_p3
1779284691,5,4,0.000000,s5_p4
1779284691,5,1,0.000000,s5_p1
1779284691,5,2,0.000000,s5_p2
1779284691,5,3,0.000000,s5_p3
1779284691,4,4,0.000000,s4_p4
1779284691,4,1,0.000000,s4_p1
1779284691,4,2,0.000000,s4_p2
1779284691,4,3,0.000000,s4_p3
1779284691,12,4,0.000000,s12_p4
1779284691,12,1,0.000000,s12_p1
1779284691,12,2,0.000000,s12_p2
1779284691,12,3,0.000000,s12_p3
1779284691,2,1,0.000000,s2_p1
1779284691,2,4,0.000000,s2_p4
1779284691,2,2,0.000000,s2_p2
1779284691,2,3,0.000000,s2_p3
1779284691,20,1,0.000000,s20_p1
1779284691,20,4,0.000000,s20_p4
1779284691,20,2,0.000000,s20_p2
1779284691,20,3,0.000000,s20_p3
1779284691,8,4,0.000000,s8_p4
1779284691,8,1,0.000000,s8_p1
1779284691,8,2,0.000000,s8_p2
1779284691,8,3,0.000000,s8_p3
1779284691,13,4,0.000000,s13_p4
1779284691,13,1,0.000000,s13_p1
1779284691,13,2,0.000000,s13_p2
1779284691,13,3,0.000000,s13_p3
1779284691,18,1,0.000000,s18_p1
1779284691,18,4,0.000000,s18_p4
1779284691,18,2,0.000000,s18_p2
1779284691,18,3,0.000000,s18_p3
1779284691,16,1,0.000000,s16_p1
1779284691,16,4,0.000000,s16_p4
1779284691,16,2,0.000000,s16_p2
1779284691,16,3,0.000000,s16_p3
1779284691,11,4,0.000000,s11_p4
1779284691,11,1,0.000000,s11_p1
1779284691,11,2,0.000000,s11_p2
1779284691,11,3,0.000000,s11_p3
1779284691,9,4,0.000000,s9_p4
1779284691,9,1,0.000000,s9_p1
1779284691,9,2,0.000000,s9_p2
1779284691,9,3,0.000000,s9_p3
1779284692,8,4,0.000000,s8_p4
1779284692,8,1,0.000000,s8_p1
1779284692,8,2,0.000000,s8_p2
1779284692,8,3,0.000000,s8_p3
1779284692,10,1,0.000000,s10_p1
1779284692,10,4,0.000000,s10_p4
1779284692,10,2,0.000000,s10_p2
1779284692,10,3,0.000000,s10_p3
1779284692,7,1,0.000000,s7_p1
1779284692,7,4,0.000000,s7_p4
1779284692,7,2,0.000000,s7_p2
1779284692,7,3,0.000000,s7_p3
1779284692,14,1,0.000000,s14_p1
1779284692,14,4,0.000000,s14_p4
1779284692,14,2,0.000000,s14_p2
1779284692,14,3,0.000000,s14_p3
1779284692,5,4,0.000000,s5_p4
1779284692,5,1,0.000000,s5_p1
1779284692,5,2,0.000000,s5_p2
1779284692,5,3,0.000000,s5_p3
1779284692,4,4,0.000000,s4_p4
1779284692,4,1,0.000000,s4_p1
1779284692,4,2,0.000000,s4_p2
1779284692,4,3,0.000000,s4_p3
1779284692,3,4,0.000000,s3_p4
1779284692,3,1,0.000000,s3_p1
1779284692,3,2,0.000000,s3_p2
1779284692,3,3,0.000000,s3_p3
1779284692,15,4,0.000000,s15_p4
1779284692,15,1,0.000000,s15_p1
1779284692,15,2,0.000000,s15_p2
1779284692,15,3,0.000000,s15_p3
1779284692,17,1,0.000000,s17_p1
1779284692,17,4,0.000000,s17_p4
1779284692,17,2,0.000000,s17_p2
1779284692,17,3,0.000000,s17_p3
1779284692,13,4,0.000000,s13_p4
1779284692,13,1,0.000000,s13_p1
1779284692,13,2,0.000000,s13_p2
1779284692,13,3,0.000000,s13_p3
1779284692,6,1,0.000000,s6_p1
1779284692,6,4,0.000000,s6_p4
1779284692,6,2,0.000000,s6_p2
1779284692,6,3,0.000000,s6_p3
1779284692,20,1,0.000000,s20_p1
1779284692,20,4,0.000000,s20_p4
1779284692,20,2,0.000000,s20_p2
1779284692,20,3,0.000000,s20_p3
1779284692,1,4,0.000000,s1_p4
1779284692,1,1,0.000000,s1_p1
1779284692,1,2,0.000000,s1_p2
1779284692,1,3,0.000000,s1_p3
1779284692,9,4,0.000000,s9_p4
1779284692,9,1,0.000000,s9_p1
1779284692,9,2,0.000000,s9_p2
1779284692,9,3,0.000000,s9_p3
1779284692,11,4,0.000000,s11_p4
1779284692,11,1,0.000000,s11_p1
1779284692,11,2,0.000000,s11_p2
1779284692,11,3,0.000000,s11_p3
1779284692,12,4,0.000000,s12_p4
1779284692,12,1,0.000000,s12_p1
1779284692,12,2,0.000000,s12_p2
1779284692,12,3,0.000000,s12_p3
1779284692,18,1,0.000000,s18_p1
1779284692,18,4,0.000000,s18_p4
1779284692,18,2,0.000000,s18_p2
1779284692,18,3,0.000000,s18_p3
1779284692,2,1,0.000000,s2_p1
1779284692,2,4,0.000000,s2_p4
1779284692,2,2,0.000000,s2_p2
1779284692,2,3,0.000000,s2_p3
1779284692,19,1,0.000000,s19_p1
1779284692,19,4,0.000000,s19_p4
1779284692,19,2,0.000000,s19_p2
1779284692,19,3,0.000000,s19_p3
1779284692,16,1,0.000000,s16_p1
1779284692,16,4,0.000000,s16_p4
1779284692,16,2,0.000000,s16_p2
1779284692,16,3,0.000000,s16_p3
1779284693,3,4,0.000000,s3_p4
1779284693,3,1,0.000000,s3_p1
1779284693,3,2,0.000000,s3_p2
1779284693,3,3,0.000000,s3_p3
1779284693,14,1,0.000000,s14_p1
1779284693,14,4,0.000000,s14_p4
1779284693,14,2,0.000000,s14_p2
1779284693,14,3,0.000000,s14_p3
1779284693,1,4,0.000000,s1_p4
1779284693,1,1,0.000000,s1_p1
1779284693,1,2,0.000000,s1_p2
1779284693,1,3,0.000000,s1_p3
1779284693,13,4,0.000000,s13_p4
1779284693,13,1,0.000000,s13_p1
1779284693,13,2,0.000000,s13_p2
1779284693,13,3,0.000000,s13_p3
1779284693,8,4,0.000000,s8_p4
1779284693,8,1,0.000000,s8_p1
1779284693,8,2,0.000000,s8_p2
1779284693,8,3,0.000000,s8_p3
1779284693,7,1,0.000000,s7_p1
1779284693,7,4,0.000000,s7_p4
1779284693,7,2,0.000000,s7_p2
1779284693,7,3,0.000000,s7_p3
1779284693,15,4,0.000000,s15_p4
1779284693,15,1,0.000000,s15_p1
1779284693,15,2,0.000000,s15_p2
1779284693,15,3,0.000000,s15_p3
1779284693,10,1,0.000000,s10_p1
1779284693,10,4,0.000000,s10_p4
1779284693,10,2,0.000000,s10_p2
1779284693,10,3,0.000000,s10_p3
1779284693,4,4,0.000000,s4_p4
1779284693,4,1,0.000000,s4_p1
1779284693,4,2,0.000000,s4_p2
1779284693,4,3,0.000000,s4_p3
1779284693,2,1,0.000000,s2_p1
1779284693,2,4,0.000000,s2_p4
1779284693,2,2,0.000000,s2_p2
1779284693,2,3,0.000000,s2_p3
1779284693,20,1,0.000000,s20_p1
1779284693,20,4,0.000000,s20_p4
1779284693,20,2,0.000000,s20_p2
1779284693,20,3,0.000000,s20_p3
1779284693,18,1,0.000000,s18_p1
1779284693,18,4,0.000000,s18_p4
1779284693,18,2,0.000000,s18_p2
1779284693,18,3,0.000000,s18_p3
1779284693,5,4,0.000000,s5_p4
1779284693,5,1,0.000000,s5_p1
1779284693,5,2,0.000000,s5_p2
1779284693,5,3,0.000000,s5_p3
1779284693,12,4,0.000000,s12_p4
1779284693,12,1,0.000000,s12_p1
1779284693,12,2,0.000000,s12_p2
1779284693,12,3,0.000000,s12_p3
1779284693,9,4,0.000000,s9_p4
1779284693,9,1,0.000000,s9_p1
1779284693,9,2,0.000000,s9_p2
1779284693,9,3,0.000000,s9_p3
1779284693,17,1,0.000000,s17_p1
1779284693,17,4,0.000000,s17_p4
1779284693,17,2,0.000000,s17_p2
1779284693,17,3,0.000000,s17_p3
1779284693,19,1,0.000000,s19_p1
1779284693,19,4,0.000000,s19_p4
1779284693,19,2,0.000000,s19_p2
1779284693,19,3,0.000000,s19_p3
1779284693,11,4,0.000000,s11_p4
1779284693,11,1,0.000000,s11_p1
1779284693,11,2,0.000000,s11_p2
1779284693,11,3,0.000000,s11_p3
1779284693,16,1,0.000000,s16_p1
1779284693,16,4,0.000000,s16_p4
1779284693,16,2,0.000000,s16_p2
1779284693,16,3,0.000000,s16_p3
1779284693,6,1,0.000000,s6_p1
1779284693,6,4,0.000000,s6_p4
1779284693,6,2,0.000000,s6_p2
1779284693,6,3,0.000000,s6_p3
1779284694,14,1,0.000000,s14_p1
1779284694,14,4,0.000000,s14_p4
1779284694,14,2,0.000000,s14_p2
1779284694,14,3,0.000000,s14_p3
1779284694,20,1,0.000000,s20_p1
1779284694,20,4,0.000000,s20_p4
1779284694,20,2,0.000000,s20_p2
1779284694,20,3,0.000000,s20_p3
1779284694,13,4,0.000000,s13_p4
1779284694,13,1,0.000000,s13_p1
1779284694,13,2,0.000000,s13_p2
1779284694,13,3,0.000000,s13_p3
1779284694,8,4,0.000000,s8_p4
1779284694,8,1,0.000000,s8_p1
1779284694,8,2,0.000000,s8_p2
1779284694,8,3,0.000000,s8_p3
1779284694,4,4,0.000000,s4_p4
1779284694,4,1,0.000000,s4_p1
1779284694,4,2,0.000000,s4_p2
1779284694,4,3,0.000000,s4_p3
1779284694,5,4,0.000000,s5_p4
1779284694,5,1,0.000000,s5_p1
1779284694,5,2,0.000000,s5_p2
1779284694,5,3,0.000000,s5_p3
1779284694,10,1,0.000000,s10_p1
1779284694,10,4,0.000000,s10_p4
1779284694,10,2,0.000000,s10_p2
1779284694,10,3,0.000000,s10_p3
1779284694,12,4,0.000000,s12_p4
1779284694,12,1,0.000000,s12_p1
1779284694,12,2,0.000000,s12_p2
1779284694,12,3,0.000000,s12_p3
1779284694,1,4,0.000000,s1_p4
1779284694,1,1,0.000000,s1_p1
1779284694,1,2,0.000000,s1_p2
1779284694,1,3,0.000000,s1_p3
1779284694,18,1,0.000000,s18_p1
1779284694,18,4,0.000000,s18_p4
1779284694,18,2,0.000000,s18_p2
1779284694,18,3,0.000000,s18_p3
1779284694,7,1,0.000000,s7_p1
1779284694,7,4,0.000000,s7_p4
1779284694,7,2,0.000000,s7_p2
1779284694,7,3,0.000000,s7_p3
1779284694,17,1,0.000000,s17_p1
1779284694,17,4,0.000000,s17_p4
1779284694,17,2,0.000000,s17_p2
1779284694,17,3,0.000000,s17_p3
1779284694,19,1,0.000000,s19_p1
1779284694,19,4,0.000000,s19_p4
1779284694,19,2,0.000000,s19_p2
1779284694,19,3,0.000000,s19_p3
1779284694,15,4,0.000000,s15_p4
1779284694,15,1,0.000000,s15_p1
1779284694,15,2,0.000000,s15_p2
1779284694,15,3,0.000000,s15_p3
1779284694,11,4,0.000000,s11_p4
1779284694,11,1,0.000000,s11_p1
1779284694,11,2,0.000000,s11_p2
1779284694,11,3,0.000000,s11_p3
1779284694,16,1,0.000000,s16_p1
1779284694,16,4,0.000000,s16_p4
1779284694,16,2,0.000000,s16_p2
1779284694,16,3,0.000000,s16_p3
1779284694,9,4,0.000000,s9_p4
1779284694,9,1,0.000000,s9_p1
1779284694,9,2,0.000000,s9_p2
1779284694,9,3,0.000000,s9_p3
1779284694,2,1,0.000000,s2_p1
1779284694,2,4,0.000000,s2_p4
1779284694,2,2,0.000000,s2_p2
1779284694,2,3,0.000000,s2_p3
1779284694,3,4,0.000000,s3_p4
1779284694,3,1,0.000000,s3_p1
1779284694,3,2,0.000000,s3_p2
1779284694,3,3,0.000000,s3_p3
1779284694,6,1,0.000000,s6_p1
1779284694,6,4,0.000000,s6_p4
1779284694,6,2,0.000000,s6_p2
1779284694,6,3,0.000000,s6_p3
1779284695,6,1,0.000000,s6_p1
1779284695,6,4,0.000000,s6_p4
1779284695,6,2,0.000000,s6_p2
1779284695,6,3,0.000000,s6_p3
1779284695,19,1,0.000000,s19_p1
1779284695,19,4,0.000000,s19_p4
1779284695,19,2,0.000000,s19_p2
1779284695,19,3,0.000000,s19_p3
1779284695,15,4,0.000000,s15_p4
1779284695,15,1,0.000000,s15_p1
1779284695,15,2,0.000000,s15_p2
1779284695,15,3,0.000000,s15_p3
1779284695,1,4,0.000000,s1_p4
1779284695,1,1,0.000000,s1_p1
1779284695,1,2,0.000000,s1_p2
1779284695,1,3,0.000000,s1_p3
1779284695,7,1,0.000000,s7_p1
1779284695,7,4,0.000000,s7_p4
1779284695,7,2,0.000000,s7_p2
1779284695,7,3,0.000000,s7_p3
1779284695,14,1,0.000000,s14_p1
1779284695,14,4,0.000000,s14_p4
1779284695,14,2,0.000000,s14_p2
1779284695,14,3,0.000000,s14_p3
1779284695,10,1,0.000000,s10_p1
1779284695,10,4,0.000000,s10_p4
1779284695,10,2,0.000000,s10_p2
1779284695,10,3,0.000000,s10_p3
1779284695,3,4,0.000000,s3_p4
1779284695,3,1,0.000000,s3_p1
1779284695,3,2,0.000000,s3_p2
1779284695,3,3,0.000000,s3_p3
1779284695,13,4,0.000000,s13_p4
1779284695,13,1,0.000000,s13_p1
1779284695,13,2,0.000000,s13_p2
1779284695,13,3,0.000000,s13_p3
1779284695,8,4,0.000000,s8_p4
1779284695,8,1,0.000000,s8_p1
1779284695,8,2,0.000000,s8_p2
1779284695,8,3,0.000000,s8_p3
1779284695,16,1,0.000000,s16_p1
1779284695,16,4,0.000000,s16_p4
1779284695,16,2,0.000000,s16_p2
1779284695,16,3,0.000000,s16_p3
1779284695,11,4,0.000000,s11_p4
1779284695,11,1,0.000000,s11_p1
1779284695,11,2,0.000000,s11_p2
1779284695,11,3,0.000000,s11_p3
1779284695,12,4,0.000000,s12_p4
1779284695,12,1,0.000000,s12_p1
1779284695,12,2,0.000000,s12_p2
1779284695,12,3,0.000000,s12_p3
1779284695,9,4,0.000000,s9_p4
1779284695,9,1,0.000000,s9_p1
1779284695,9,2,0.000000,s9_p2
1779284695,9,3,0.000000,s9_p3
1779284695,17,1,0.000000,s17_p1
1779284695,17,4,0.000000,s17_p4
1779284695,17,2,0.000000,s17_p2
1779284695,17,3,0.000000,s17_p3
1779284695,5,4,0.000000,s5_p4
1779284695,5,1,0.000000,s5_p1
1779284695,5,2,0.000000,s5_p2
1779284695,5,3,0.000000,s5_p3
1779284695,2,1,0.000000,s2_p1
1779284695,2,4,0.000000,s2_p4
1779284695,2,2,0.000000,s2_p2
1779284695,2,3,0.000000,s2_p3
1779284695,4,4,0.000000,s4_p4
1779284695,4,1,0.000000,s4_p1
1779284695,4,2,0.000000,s4_p2
1779284695,4,3,0.000000,s4_p3
1779284695,20,1,0.000000,s20_p1
1779284695,20,4,0.000000,s20_p4
1779284695,20,2,0.000000,s20_p2
1779284695,20,3,0.000000,s20_p3
1779284695,18,1,0.000000,s18_p1
1779284695,18,4,0.000000,s18_p4
1779284695,18,2,0.000000,s18_p2
1779284695,18,3,0.000000,s18_p3
1779284696,10,1,0.000000,s10_p1
1779284696,10,4,0.000000,s10_p4
1779284696,10,2,0.000000,s10_p2
1779284696,10,3,0.000000,s10_p3
1779284696,1,4,0.000000,s1_p4
1779284696,1,1,0.000000,s1_p1
1779284696,1,2,0.000000,s1_p2
1779284696,1,3,0.000000,s1_p3
1779284696,14,1,0.000000,s14_p1
1779284696,14,4,0.000000,s14_p4
1779284696,14,2,0.000000,s14_p2
1779284696,14,3,0.000000,s14_p3
1779284696,3,4,0.000000,s3_p4
1779284696,3,1,0.000000,s3_p1
1779284696,3,2,0.000000,s3_p2
1779284696,3,3,0.000000,s3_p3
1779284696,4,4,0.000000,s4_p4
1779284696,4,1,0.000000,s4_p1
1779284696,4,2,0.000000,s4_p2
1779284696,4,3,0.000000,s4_p3
1779284696,8,4,0.000000,s8_p4
1779284696,8,1,0.000000,s8_p1
1779284696,8,2,0.000000,s8_p2
1779284696,8,3,0.000000,s8_p3
1779284696,12,4,0.000000,s12_p4
1779284696,12,1,0.000000,s12_p1
1779284696,12,2,0.000000,s12_p2
1779284696,12,3,0.000000,s12_p3
1779284696,15,4,0.000000,s15_p4
1779284696,15,1,0.000000,s15_p1
1779284696,15,2,0.000000,s15_p2
1779284696,15,3,0.000000,s15_p3
1779284696,18,1,0.000000,s18_p1
1779284696,18,4,0.000000,s18_p4
1779284696,18,2,0.000000,s18_p2
1779284696,18,3,0.000000,s18_p3
1779284696,17,1,0.000000,s17_p1
1779284696,17,4,0.000000,s17_p4
1779284696,17,2,0.000000,s17_p2
1779284696,17,3,0.000000,s17_p3
1779284696,13,4,0.000000,s13_p4
1779284696,13,1,0.000000,s13_p1
1779284696,13,2,0.000000,s13_p2
1779284696,13,3,0.000000,s13_p3
1779284696,20,1,0.000000,s20_p1
1779284696,20,4,0.000000,s20_p4
1779284696,20,2,0.000000,s20_p2
1779284696,20,3,0.000000,s20_p3
1779284696,7,1,0.000000,s7_p1
1779284696,7,4,0.000000,s7_p4
1779284696,7,2,0.000000,s7_p2
1779284696,7,3,0.000000,s7_p3
1779284696,6,1,0.000000,s6_p1
1779284696,6,4,0.000000,s6_p4
1779284696,6,2,0.000000,s6_p2
1779284696,6,3,0.000000,s6_p3
1779284696,19,1,0.000000,s19_p1
1779284696,19,4,0.000000,s19_p4
1779284696,19,2,0.000000,s19_p2
1779284696,19,3,0.000000,s19_p3
1779284696,5,4,0.000000,s5_p4
1779284696,5,1,0.000000,s5_p1
1779284696,5,2,0.000000,s5_p2
1779284696,5,3,0.000000,s5_p3
1779284696,16,1,0.000000,s16_p1
1779284696,16,4,0.000000,s16_p4
1779284696,16,2,0.000000,s16_p2
1779284696,16,3,0.000000,s16_p3
1779284696,9,4,0.000000,s9_p4
1779284696,9,1,0.000000,s9_p1
1779284696,9,2,0.000000,s9_p2
1779284696,9,3,0.000000,s9_p3
1779284696,2,1,0.000000,s2_p1
1779284696,2,4,0.000000,s2_p4
1779284696,2,2,0.000000,s2_p2
1779284696,2,3,0.000000,s2_p3
1779284696,11,4,0.000000,s11_p4
1779284696,11,1,0.000000,s11_p1
1779284696,11,2,0.000000,s11_p2
1779284696,11,3,0.000000,s11_p3
1779284697,6,1,0.000000,s6_p1
1779284697,6,4,0.000000,s6_p4
1779284697,6,2,0.000000,s6_p2
1779284697,6,3,0.000000,s6_p3
1779284697,8,4,0.000000,s8_p4
1779284697,8,1,0.000000,s8_p1
1779284697,8,2,0.000000,s8_p2
1779284697,8,3,0.000000,s8_p3
1779284697,15,4,0.000000,s15_p4
1779284697,15,1,0.000000,s15_p1
1779284697,15,2,0.000000,s15_p2
1779284697,15,3,0.000000,s15_p3
1779284697,14,1,0.000000,s14_p1
1779284697,14,4,0.000000,s14_p4
1779284697,14,2,0.000000,s14_p2
1779284697,14,3,0.000000,s14_p3
1779284697,3,4,0.000000,s3_p4
1779284697,3,2,0.000000,s3_p2
1779284697,3,3,0.000000,s3_p3
1779284697,10,1,0.000000,s10_p1
1779284697,10,4,0.000000,s10_p4
1779284697,10,2,0.000000,s10_p2
1779284697,10,3,0.000000,s10_p3
1779284697,1,4,0.000000,s1_p4
1779284697,1,3,0.000000,s1_p3
1779284697,17,1,0.000000,s17_p1
1779284697,17,4,0.000000,s17_p4
1779284697,17,2,0.000000,s17_p2
1779284697,17,3,0.000000,s17_p3
1779284697,7,1,0.000000,s7_p1
1779284697,7,4,0.000000,s7_p4
1779284697,7,2,0.000000,s7_p2
1779284697,7,3,0.000000,s7_p3
1779284697,5,4,0.000000,s5_p4
1779284697,5,1,0.000000,s5_p1
1779284697,5,2,0.000000,s5_p2
1779284697,5,3,0.000000,s5_p3
1779284697,20,1,0.000000,s20_p1
1779284697,20,4,0.000000,s20_p4
1779284697,20,2,0.000000,s20_p2
1779284697,20,3,0.000000,s20_p3
1779284697,12,4,0.000000,s12_p4
1779284697,12,1,0.000000,s12_p1
1779284697,12,2,0.000000,s12_p2
1779284697,12,3,0.000000,s12_p3
1779284697,13,4,0.000000,s13_p4
1779284697,13,1,0.000000,s13_p1
1779284697,13,2,0.000000,s13_p2
1779284697,13,3,0.000000,s13_p3
1779284697,4,4,0.000000,s4_p4
1779284697,4,1,0.000000,s4_p1
1779284697,4,2,0.000000,s4_p2
1779284697,4,3,0.000000,s4_p3
1779284697,2,4,0.000000,s2_p4
1779284697,2,3,0.000000,s2_p3
1779284697,19,1,0.000000,s19_p1
1779284697,19,4,0.000000,s19_p4
1779284697,19,2,0.000000,s19_p2
1779284697,19,3,0.000000,s19_p3
1779284697,9,4,0.000000,s9_p4
1779284697,9,1,0.000000,s9_p1
1779284697,9,2,0.000000,s9_p2
1779284697,9,3,0.000000,s9_p3
1779284697,16,1,0.000000,s16_p1
1779284697,16,4,0.000000,s16_p4
1779284697,16,2,0.000000,s16_p2
1779284697,16,3,0.000000,s16_p3
1779284697,18,1,0.000000,s18_p1
1779284697,18,4,0.000000,s18_p4
1779284697,18,2,0.000000,s18_p2
1779284697,18,3,0.000000,s18_p3
1779284697,11,4,0.000000,s11_p4
1779284697,11,1,0.000000,s11_p1
1779284697,11,2,0.000000,s11_p2
1779284697,11,3,0.000000,s11_p3
1779284698,19,1,0.000000,s19_p1
1779284698,19,4,0.000000,s19_p4
1779284698,19,2,0.000000,s19_p2
1779284698,19,3,0.000000,s19_p3
1779284698,14,1,0.000000,s14_p1
1779284698,14,4,0.000000,s14_p4
1779284698,14,2,0.000000,s14_p2
1779284698,14,3,0.000000,s14_p3
1779284698,8,4,0.000000,s8_p4
1779284698,8,3,0.000000,s8_p3
1779284698,3,4,0.000000,s3_p4
1779284698,3,3,0.000000,s3_p3
1779284698,7,4,0.000000,s7_p4
1779284698,7,3,0.000000,s7_p3
1779284698,6,4,0.000000,s6_p4
1779284698,6,3,0.000000,s6_p3
1779284698,15,4,0.000000,s15_p4
1779284698,15,1,0.000000,s15_p1
1779284698,15,2,0.000000,s15_p2
1779284698,15,3,0.000000,s15_p3
1779284698,4,4,0.000000,s4_p4
1779284698,4,3,0.000000,s4_p3
1779284698,10,1,0.000000,s10_p1
1779284698,10,4,0.000000,s10_p4
1779284698,10,2,0.000000,s10_p2
1779284698,10,3,0.000000,s10_p3
1779284698,5,4,0.000000,s5_p4
1779284698,5,3,0.000000,s5_p3
1779284698,13,4,0.000000,s13_p4
1779284698,13,1,0.000000,s13_p1
1779284698,13,2,0.000000,s13_p2
1779284698,13,3,0.000000,s13_p3
1779284698,1,4,0.000000,s1_p4
1779284698,16,1,0.000000,s16_p1
1779284698,16,4,0.000000,s16_p4
1779284698,16,2,0.000000,s16_p2
1779284698,16,3,0.000000,s16_p3
1779284698,11,4,0.000000,s11_p4
1779284698,11,1,0.000000,s11_p1
1779284698,11,2,0.000000,s11_p2
1779284698,11,3,0.000000,s11_p3
1779284698,20,1,0.000000,s20_p1
1779284698,20,4,0.000000,s20_p4
1779284698,20,2,0.000000,s20_p2
1779284698,20,3,0.000000,s20_p3
1779284698,2,4,0.000000,s2_p4
1779284698,2,3,0.000000,s2_p3
1779284698,18,1,0.000000,s18_p1
1779284698,18,4,0.000000,s18_p4
1779284698,18,2,0.000000,s18_p2
1779284698,18,3,0.000000,s18_p3
1779284698,17,1,0.000000,s17_p1
1779284698,17,4,0.000000,s17_p4
1779284698,17,2,0.000000,s17_p2
1779284698,17,3,0.000000,s17_p3
1779284698,12,4,0.000000,s12_p4
1779284698,12,1,0.000000,s12_p1
1779284698,12,2,0.000000,s12_p2
1779284698,12,3,0.000000,s12_p3
1779284698,9,4,0.000000,s9_p4
1779284698,9,2,0.000000,s9_p2
1779284698,9,3,0.000000,s9_p3
1779284699,11,4,0.000000,s11_p4
1779284699,11,3,0.000000,s11_p3
1779284699,16,1,0.000000,s16_p1
1779284699,16,4,0.000000,s16_p4
1779284699,16,2,0.000000,s16_p2
1779284699,16,3,0.000000,s16_p3
1779284699,14,4,0.000000,s14_p4
1779284699,14,3,0.000000,s14_p3
1779284699,19,1,0.000000,s19_p1
1779284699,19,4,0.000000,s19_p4
1779284699,19,2,0.000000,s19_p2
1779284699,19,3,0.000000,s19_p3
1779284699,20,1,0.000000,s20_p1
1779284699,20,4,0.000000,s20_p4
1779284699,20,2,0.000000,s20_p2
1779284699,20,3,0.000000,s20_p3
1779284699,10,4,0.000000,s10_p4
1779284699,10,3,0.000000,s10_p3
1779284699,9,4,0.000000,s9_p4
1779284699,9,3,0.000000,s9_p3
1779284699,7,4,0.000000,s7_p4
1779284699,7,3,0.000000,s7_p3
1779284699,15,4,0.000000,s15_p4
1779284699,15,1,0.000000,s15_p1
1779284699,15,2,0.000000,s15_p2
1779284699,15,3,0.000000,s15_p3
1779284699,8,4,0.000000,s8_p4
1779284699,8,3,0.000000,s8_p3
1779284699,13,4,0.000000,s13_p4
1779284699,13,3,0.000000,s13_p3
1779284699,17,1,0.000000,s17_p1
1779284699,17,4,0.000000,s17_p4
1779284699,17,2,0.000000,s17_p2
1779284699,17,3,0.000000,s17_p3
1779284699,18,1,0.000000,s18_p1
1779284699,18,4,0.000000,s18_p4
1779284699,18,2,0.000000,s18_p2
1779284699,18,3,0.000000,s18_p3
1779284699,12,4,0.000000,s12_p4
1779284699,12,3,0.000000,s12_p3
1779284700,15,4,0.000000,s15_p4
1779284700,19,4,0.000000,s19_p4
1779284700,20,4,0.000000,s20_p4
1779284700,16,4,0.000000,s16_p4
1779284700,16,3,0.000000,s16_p3
1779284700,18,4,0.000000,s18_p4
