timestamp,dpid,port_no,utilization,link_label
1779333931.0,1,4,0.000000,s1_p4
1779333931.0,1,1,0.000000,s1_p1
1779333931.0,1,2,0.000000,s1_p2
1779333931.0,1,3,0.000000,s1_p3
1779333931.0,2,1,0.000000,s2_p1
1779333931.0,2,4,0.000000,s2_p4
1779333931.0,2,2,0.000000,s2_p2
1779333931.0,2,3,0.000000,s2_p3
1779333932.0,1,4,0.000000,s1_p4
1779333932.0,1,1,0.000000,s1_p1
1779333932.0,1,2,0.000000,s1_p2
1779333932.0,1,3,0.000000,s1_p3
1779333932.0,10,4,0.000000,s10_p4
1779333932.0,10,1,0.000000,s10_p1
1779333932.0,10,2,0.000000,s10_p2
1779333932.0,10,3,0.000000,s10_p3
1779333932.0,2,1,0.000000,s2_p1
1779333932.0,2,4,0.000000,s2_p4
1779333932.0,2,2,0.000000,s2_p2
1779333932.0,2,3,0.000000,s2_p3
1779333932.0,9,4,0.000000,s9_p4
1779333932.0,9,1,0.000000,s9_p1
1779333932.0,9,2,0.000000,s9_p2
1779333932.0,9,3,0.000000,s9_p3
1779333932.0,1,4,0.000000,s1_p4
1779333932.0,1,1,0.000000,s1_p1
1779333932.0,1,2,0.000000,s1_p2
1779333932.0,1,3,0.000000,s1_p3
1779333932.0,3,4,0.000000,s3_p4
1779333932.0,3,1,0.000000,s3_p1
1779333932.0,3,2,0.000000,s3_p2
1779333932.0,3,3,0.000000,s3_p3
1779333932.0,10,4,0.000000,s10_p4
1779333932.0,10,1,0.000000,s10_p1
1779333932.0,10,2,0.000000,s10_p2
1779333932.0,10,3,0.000000,s10_p3
1779333932.0,4,4,0.000000,s4_p4
1779333932.0,4,1,0.000000,s4_p1
1779333932.0,4,2,0.000000,s4_p2
1779333932.0,4,3,0.000000,s4_p3
1779333932.0,9,4,0.000000,s9_p4
1779333932.0,9,1,0.000000,s9_p1
1779333932.0,9,2,0.000000,s9_p2
1779333932.0,9,3,0.000000,s9_p3
1779333932.0,2,1,0.000000,s2_p1
1779333932.0,2,4,0.000000,s2_p4
1779333932.0,2,2,0.000000,s2_p2
1779333932.0,2,3,0.000000,s2_p3
1779333933.0,1,4,0.000000,s1_p4
1779333933.0,1,1,0.000000,s1_p1
1779333933.0,1,2,0.000000,s1_p2
1779333933.0,1,3,0.000000,s1_p3
1779333933.0,10,4,0.000000,s10_p4
1779333933.0,10,1,0.000000,s10_p1
1779333933.0,10,2,0.000000,s10_p2
1779333933.0,10,3,0.000000,s10_p3
1779333933.0,3,4,0.000000,s3_p4
1779333933.0,3,1,0.000000,s3_p1
1779333933.0,3,2,0.000000,s3_p2
1779333933.0,3,3,0.000000,s3_p3
1779333933.0,5,4,0.000000,s5_p4
1779333933.0,5,1,0.000000,s5_p1
1779333933.0,5,2,0.000000,s5_p2
1779333933.0,5,3,0.000000,s5_p3
1779333933.0,4,4,0.000000,s4_p4
1779333933.0,4,1,0.000000,s4_p1
1779333933.0,4,2,0.000000,s4_p2
1779333933.0,4,3,0.000000,s4_p3
1779333933.0,12,4,0.000000,s12_p4
1779333933.0,12,1,0.000000,s12_p1
1779333933.0,12,2,0.000000,s12_p2
1779333933.0,12,3,0.000000,s12_p3
1779333933.0,2,1,0.000000,s2_p1
1779333933.0,2,4,0.000000,s2_p4
1779333933.0,2,2,0.000000,s2_p2
1779333933.0,2,3,0.000000,s2_p3
1779333933.0,9,4,0.000000,s9_p4
1779333933.0,9,1,0.000000,s9_p1
1779333933.0,9,2,0.000000,s9_p2
1779333933.0,9,3,0.000000,s9_p3
1779333933.0,11,4,0.000000,s11_p4
1779333933.0,11,1,0.000000,s11_p1
1779333933.0,11,2,0.000000,s11_p2
1779333933.0,11,3,0.000000,s11_p3
1779333933.0,3,4,0.000000,s3_p4
1779333933.0,3,1,0.000000,s3_p1
1779333933.0,3,2,0.000000,s3_p2
1779333933.0,3,3,0.000000,s3_p3
1779333933.0,1,4,0.000000,s1_p4
1779333933.0,1,1,0.000000,s1_p1
1779333933.0,1,2,0.000000,s1_p2
1779333933.0,1,3,0.000000,s1_p3
1779333933.0,4,4,0.000000,s4_p4
1779333933.0,4,1,0.000000,s4_p1
1779333933.0,4,2,0.000000,s4_p2
1779333933.0,4,3,0.000000,s4_p3
1779333933.0,13,4,0.000000,s13_p4
1779333933.0,13,1,0.000000,s13_p1
1779333933.0,13,2,0.000000,s13_p2
1779333933.0,13,3,0.000000,s13_p3
1779333933.0,10,4,0.000000,s10_p4
1779333933.0,10,1,0.000000,s10_p1
1779333933.0,10,2,0.000000,s10_p2
1779333933.0,10,3,0.000000,s10_p3
1779333933.0,6,1,0.000000,s6_p1
1779333933.0,6,4,0.000000,s6_p4
1779333933.0,6,2,0.000000,s6_p2
1779333933.0,6,3,0.000000,s6_p3
1779333933.0,2,1,0.000000,s2_p1
1779333933.0,2,4,0.000000,s2_p4
1779333933.0,2,2,0.000000,s2_p2
1779333933.0,2,3,0.000000,s2_p3
1779333933.0,5,4,0.000000,s5_p4
1779333933.0,5,1,0.000000,s5_p1
1779333933.0,5,2,0.000000,s5_p2
1779333933.0,5,3,0.000000,s5_p3
1779333933.0,11,4,0.000000,s11_p4
1779333933.0,11,1,0.000000,s11_p1
1779333933.0,11,2,0.000000,s11_p2
1779333933.0,11,3,0.000000,s11_p3
1779333933.0,12,4,0.000000,s12_p4
1779333933.0,12,1,0.000000,s12_p1
1779333933.0,12,2,0.000000,s12_p2
1779333933.0,12,3,0.000000,s12_p3
1779333933.0,9,4,0.000000,s9_p4
1779333933.0,9,1,0.000000,s9_p1
1779333933.0,9,2,0.000000,s9_p2
1779333933.0,9,3,0.000000,s9_p3
1779333933.0,6,1,0.000000,s6_p1
1779333933.0,6,4,0.000000,s6_p4
1779333933.0,6,2,0.000000,s6_p2
1779333933.0,6,3,0.000000,s6_p3
1779333933.0,1,4,0.000000,s1_p4
1779333933.0,1,1,0.000000,s1_p1
1779333933.0,1,2,0.000000,s1_p2
1779333933.0,1,3,0.000000,s1_p3
1779333933.0,7,1,0.000000,s7_p1
1779333933.0,7,4,0.000000,s7_p4
1779333933.0,7,2,0.000000,s7_p2
1779333933.0,7,3,0.000000,s7_p3
1779333933.0,15,4,0.000000,s15_p4
1779333933.0,15,1,0.000000,s15_p1
1779333933.0,15,2,0.000000,s15_p2
1779333933.0,15,3,0.000000,s15_p3
1779333933.0,3,4,0.000000,s3_p4
1779333933.0,3,1,0.000000,s3_p1
1779333933.0,3,2,0.000000,s3_p2
1779333933.0,3,3,0.000000,s3_p3
1779333933.0,14,1,0.000000,s14_p1
1779333933.0,14,4,0.000000,s14_p4
1779333933.0,14,2,0.000000,s14_p2
1779333933.0,14,3,0.000000,s14_p3
1779333933.0,8,4,0.000000,s8_p4
1779333933.0,8,1,0.000000,s8_p1
1779333933.0,8,2,0.000000,s8_p2
1779333933.0,8,3,0.000000,s8_p3
1779333933.0,10,4,0.000000,s10_p4
1779333933.0,10,1,0.000000,s10_p1
1779333933.0,10,2,0.000000,s10_p2
1779333933.0,10,3,0.000000,s10_p3
1779333933.0,13,4,0.000000,s13_p4
1779333933.0,13,1,0.000000,s13_p1
1779333933.0,13,2,0.000000,s13_p2
1779333933.0,13,3,0.000000,s13_p3
1779333933.0,4,4,0.000000,s4_p4
1779333933.0,4,1,0.000000,s4_p1
1779333933.0,4,2,0.000000,s4_p2
1779333933.0,4,3,0.000000,s4_p3
1779333933.0,12,4,0.000000,s12_p4
1779333933.0,12,1,0.000000,s12_p1
1779333933.0,12,2,0.000000,s12_p2
1779333933.0,12,3,0.000000,s12_p3
1779333933.0,5,4,0.000000,s5_p4
1779333933.0,5,1,0.000000,s5_p1
1779333933.0,5,2,0.000000,s5_p2
1779333933.0,5,3,0.000000,s5_p3
1779333933.0,2,1,0.000000,s2_p1
1779333933.0,2,4,0.000000,s2_p4
1779333933.0,2,2,0.000000,s2_p2
1779333933.0,2,3,0.000000,s2_p3
1779333933.0,11,4,0.000000,s11_p4
1779333933.0,11,1,0.000000,s11_p1
1779333933.0,11,2,0.000000,s11_p2
1779333933.0,11,3,0.000000,s11_p3
1779333933.0,16,1,0.000000,s16_p1
1779333933.0,16,4,0.000000,s16_p4
1779333933.0,16,2,0.000000,s16_p2
1779333933.0,16,3,0.000000,s16_p3
1779333933.0,9,4,0.000000,s9_p4
1779333933.0,9,1,0.000000,s9_p1
1779333933.0,9,2,0.000000,s9_p2
1779333933.0,9,3,0.000000,s9_p3
1779333934.0,6,1,0.000000,s6_p1
1779333934.0,6,4,0.000000,s6_p4
1779333934.0,6,2,0.000000,s6_p2
1779333934.0,6,3,0.000000,s6_p3
1779333934.0,14,1,0.000000,s14_p1
1779333934.0,14,4,0.000000,s14_p4
1779333934.0,14,2,0.000000,s14_p2
1779333934.0,14,3,0.000000,s14_p3
1779333934.0,3,4,0.000000,s3_p4
1779333934.0,3,1,0.000000,s3_p1
1779333934.0,3,2,0.000000,s3_p2
1779333934.0,3,3,0.000000,s3_p3
1779333934.0,1,4,0.000000,s1_p4
1779333934.0,1,1,0.000000,s1_p1
1779333934.0,1,2,0.000000,s1_p2
1779333934.0,1,3,0.000000,s1_p3
1779333934.0,4,4,0.000000,s4_p4
1779333934.0,4,1,0.000000,s4_p1
1779333934.0,4,2,0.000000,s4_p2
1779333934.0,4,3,0.000000,s4_p3
1779333934.0,8,4,0.000000,s8_p4
1779333934.0,8,1,0.000000,s8_p1
1779333934.0,8,2,0.000000,s8_p2
1779333934.0,8,3,0.000000,s8_p3
1779333934.0,10,4,0.000000,s10_p4
1779333934.0,10,1,0.000000,s10_p1
1779333934.0,10,2,0.000000,s10_p2
1779333934.0,10,3,0.000000,s10_p3
1779333934.0,7,1,0.000000,s7_p1
1779333934.0,7,4,0.000000,s7_p4
1779333934.0,7,2,0.000000,s7_p2
1779333934.0,7,3,0.000000,s7_p3
1779333934.0,15,4,0.000000,s15_p4
1779333934.0,15,1,0.000000,s15_p1
1779333934.0,15,2,0.000000,s15_p2
1779333934.0,15,3,0.000000,s15_p3
1779333934.0,13,4,0.000000,s13_p4
1779333934.0,13,1,0.000000,s13_p1
1779333934.0,13,2,0.000000,s13_p2
1779333934.0,13,3,0.000000,s13_p3
1779333934.0,11,4,0.000000,s11_p4
1779333934.0,11,1,0.000000,s11_p1
1779333934.0,11,2,0.000000,s11_p2
1779333934.0,11,3,0.000000,s11_p3
1779333934.0,5,4,0.000000,s5_p4
1779333934.0,5,1,0.000000,s5_p1
1779333934.0,5,2,0.000000,s5_p2
1779333934.0,5,3,0.000000,s5_p3
1779333934.0,16,1,0.000000,s16_p1
1779333934.0,16,4,0.000000,s16_p4
1779333934.0,16,2,0.000000,s16_p2
1779333934.0,16,3,0.000000,s16_p3
1779333934.0,12,4,0.000000,s12_p4
1779333934.0,12,1,0.000000,s12_p1
1779333934.0,12,2,0.000000,s12_p2
1779333934.0,12,3,0.000000,s12_p3
1779333934.0,18,1,0.000000,s18_p1
1779333934.0,18,4,0.000000,s18_p4
1779333934.0,18,2,0.000000,s18_p2
1779333934.0,18,3,0.000000,s18_p3
1779333934.0,17,1,0.000000,s17_p1
1779333934.0,17,4,0.000000,s17_p4
1779333934.0,17,2,0.000000,s17_p2
1779333934.0,17,3,0.000000,s17_p3
1779333934.0,2,1,0.000000,s2_p1
1779333934.0,2,4,0.000000,s2_p4
1779333934.0,2,2,0.000000,s2_p2
1779333934.0,2,3,0.000000,s2_p3
1779333934.0,9,4,0.000000,s9_p4
1779333934.0,9,1,0.000000,s9_p1
1779333934.0,9,2,0.000000,s9_p2
1779333934.0,9,3,0.000000,s9_p3
1779333934.0,10,4,0.000000,s10_p4
1779333934.0,10,1,0.000000,s10_p1
1779333934.0,10,2,0.000000,s10_p2
1779333934.0,10,3,0.000000,s10_p3
1779333934.0,14,1,0.000000,s14_p1
1779333934.0,14,4,0.000000,s14_p4
1779333934.0,14,2,0.000000,s14_p2
1779333934.0,14,3,0.000000,s14_p3
1779333934.0,3,4,0.000000,s3_p4
1779333934.0,3,1,0.000000,s3_p1
1779333934.0,3,2,0.000000,s3_p2
1779333934.0,3,3,0.000000,s3_p3
1779333934.0,12,4,0.000000,s12_p4
1779333934.0,12,1,0.000000,s12_p1
1779333934.0,12,2,0.000000,s12_p2
1779333934.0,12,3,0.000000,s12_p3
1779333934.0,1,4,0.000000,s1_p4
1779333934.0,1,1,0.000000,s1_p1
1779333934.0,1,2,0.000000,s1_p2
1779333934.0,1,3,0.000000,s1_p3
1779333934.0,4,4,0.000000,s4_p4
1779333934.0,4,1,0.000000,s4_p1
1779333934.0,4,2,0.000000,s4_p2
1779333934.0,4,3,0.000000,s4_p3
1779333934.0,18,1,0.000000,s18_p1
1779333934.0,18,4,0.000000,s18_p4
1779333934.0,18,2,0.000000,s18_p2
1779333934.0,18,3,0.000000,s18_p3
1779333934.0,8,4,0.000000,s8_p4
1779333934.0,8,1,0.000000,s8_p1
1779333934.0,8,2,0.000000,s8_p2
1779333934.0,8,3,0.000000,s8_p3
1779333934.0,2,1,0.000000,s2_p1
1779333934.0,2,4,0.000000,s2_p4
1779333934.0,2,2,0.000000,s2_p2
1779333934.0,2,3,0.000000,s2_p3
1779333934.0,11,4,0.000000,s11_p4
1779333934.0,11,1,0.000000,s11_p1
1779333934.0,11,2,0.000000,s11_p2
1779333934.0,11,3,0.000000,s11_p3
1779333934.0,5,4,0.000000,s5_p4
1779333934.0,5,1,0.000000,s5_p1
1779333934.0,5,2,0.000000,s5_p2
1779333934.0,5,3,0.000000,s5_p3
1779333934.0,17,1,0.000000,s17_p1
1779333934.0,17,4,0.000000,s17_p4
1779333934.0,17,2,0.000000,s17_p2
1779333934.0,17,3,0.000000,s17_p3
1779333934.0,13,4,0.000000,s13_p4
1779333934.0,13,1,0.000000,s13_p1
1779333934.0,13,2,0.000000,s13_p2
1779333934.0,13,3,0.000000,s13_p3
1779333934.0,20,1,0.000000,s20_p1
1779333934.0,20,4,0.000000,s20_p4
1779333934.0,20,2,0.000000,s20_p2
1779333934.0,20,3,0.000000,s20_p3
1779333934.0,7,1,0.000000,s7_p1
1779333934.0,7,4,0.000000,s7_p4
1779333934.0,7,2,0.000000,s7_p2
1779333934.0,7,3,0.000000,s7_p3
1779333934.0,6,1,0.000000,s6_p1
1779333934.0,6,4,0.000000,s6_p4
1779333934.0,6,2,0.000000,s6_p2
1779333934.0,6,3,0.000000,s6_p3
1779333934.0,15,4,0.000000,s15_p4
1779333934.0,15,1,0.000000,s15_p1
1779333934.0,15,2,0.000000,s15_p2
1779333934.0,15,3,0.000000,s15_p3
1779333934.0,9,4,0.000000,s9_p4
1779333934.0,9,1,0.000000,s9_p1
1779333934.0,9,2,0.000000,s9_p2
1779333934.0,9,3,0.000000,s9_p3
1779333934.0,19,1,0.000000,s19_p1
1779333934.0,19,4,0.000000,s19_p4
1779333934.0,19,2,0.000000,s19_p2
1779333934.0,19,3,0.000000,s19_p3
1779333934.0,16,1,0.000000,s16_p1
1779333934.0,16,4,0.000000,s16_p4
1779333934.0,16,2,0.000000,s16_p2
1779333934.0,16,3,0.000000,s16_p3
1779333935.0,6,1,0.000000,s6_p1
1779333935.0,6,4,0.000000,s6_p4
1779333935.0,6,2,0.000000,s6_p2
1779333935.0,6,3,0.000000,s6_p3
1779333935.0,10,4,0.000000,s10_p4
1779333935.0,10,1,0.000000,s10_p1
1779333935.0,10,2,0.000000,s10_p2
1779333935.0,10,3,0.000000,s10_p3
1779333935.0,15,4,0.000000,s15_p4
1779333935.0,15,1,0.000000,s15_p1
1779333935.0,15,2,0.000000,s15_p2
1779333935.0,15,3,0.000000,s15_p3
1779333935.0,1,4,0.000000,s1_p4
1779333935.0,1,1,0.000000,s1_p1
1779333935.0,1,2,0.000000,s1_p2
1779333935.0,1,3,0.000000,s1_p3
1779333935.0,3,4,0.000000,s3_p4
1779333935.0,3,1,0.000000,s3_p1
1779333935.0,3,2,0.000000,s3_p2
1779333935.0,3,3,0.000000,s3_p3
1779333935.0,14,1,0.000000,s14_p1
1779333935.0,14,4,0.000000,s14_p4
1779333935.0,14,2,0.000000,s14_p2
1779333935.0,14,3,0.000000,s14_p3
1779333935.0,7,1,0.000000,s7_p1
1779333935.0,7,4,0.000000,s7_p4
1779333935.0,7,2,0.000000,s7_p2
1779333935.0,7,3,0.000000,s7_p3
1779333935.0,4,4,0.000000,s4_p4
1779333935.0,4,1,0.000000,s4_p1
1779333935.0,4,2,0.000000,s4_p2
1779333935.0,4,3,0.000000,s4_p3
1779333935.0,13,4,0.000000,s13_p4
1779333935.0,13,1,0.000000,s13_p1
1779333935.0,13,2,0.000000,s13_p2
1779333935.0,13,3,0.000000,s13_p3
1779333935.0,5,4,0.000000,s5_p4
1779333935.0,5,1,0.000000,s5_p1
1779333935.0,5,2,0.000000,s5_p2
1779333935.0,5,3,0.000000,s5_p3
1779333935.0,8,4,0.000000,s8_p4
1779333935.0,8,1,0.000000,s8_p1
1779333935.0,8,2,0.000000,s8_p2
1779333935.0,8,3,0.000000,s8_p3
1779333935.0,20,1,0.000000,s20_p1
1779333935.0,20,4,0.000000,s20_p4
1779333935.0,20,2,0.000000,s20_p2
1779333935.0,20,3,0.000000,s20_p3
1779333935.0,12,4,0.000000,s12_p4
1779333935.0,12,1,0.000000,s12_p1
1779333935.0,12,2,0.000000,s12_p2
1779333935.0,12,3,0.000000,s12_p3
1779333935.0,18,1,0.000000,s18_p1
1779333935.0,18,4,0.000000,s18_p4
1779333935.0,18,2,0.000000,s18_p2
1779333935.0,18,3,0.000000,s18_p3
1779333935.0,17,1,0.000000,s17_p1
1779333935.0,17,4,0.000000,s17_p4
1779333935.0,17,2,0.000000,s17_p2
1779333935.0,17,3,0.000000,s17_p3
1779333935.0,16,1,0.000000,s16_p1
1779333935.0,16,4,0.000000,s16_p4
1779333935.0,16,2,0.000000,s16_p2
1779333935.0,16,3,0.000000,s16_p3
1779333935.0,2,1,0.000000,s2_p1
1779333935.0,2,4,0.000000,s2_p4
1779333935.0,2,2,0.000000,s2_p2
1779333935.0,2,3,0.000000,s2_p3
1779333935.0,11,4,0.000000,s11_p4
1779333935.0,11,1,0.000000,s11_p1
1779333935.0,11,2,0.000000,s11_p2
1779333935.0,11,3,0.000000,s11_p3
1779333935.0,9,4,0.000000,s9_p4
1779333935.0,9,1,0.000000,s9_p1
1779333935.0,9,2,0.000000,s9_p2
1779333935.0,9,3,0.000000,s9_p3
1779333935.0,19,1,0.000000,s19_p1
1779333935.0,19,4,0.000000,s19_p4
1779333935.0,19,2,0.000000,s19_p2
1779333935.0,19,3,0.000000,s19_p3
1779333935.0,6,1,0.000000,s6_p1
1779333935.0,6,4,0.000000,s6_p4
1779333935.0,6,2,0.000000,s6_p2
1779333935.0,6,3,0.000000,s6_p3
1779333935.0,1,4,0.000000,s1_p4
1779333935.0,1,1,0.000000,s1_p1
1779333935.0,1,2,0.000000,s1_p2
1779333935.0,1,3,0.000000,s1_p3
1779333935.0,14,1,0.000000,s14_p1
1779333935.0,14,4,0.000000,s14_p4
1779333935.0,14,2,0.000000,s14_p2
1779333935.0,14,3,0.000000,s14_p3
1779333935.0,3,4,0.000000,s3_p4
1779333935.0,3,1,0.000000,s3_p1
1779333935.0,3,2,0.000000,s3_p2
1779333935.0,3,3,0.000000,s3_p3
1779333935.0,10,4,0.000000,s10_p4
1779333935.0,10,1,0.000000,s10_p1
1779333935.0,10,2,0.000000,s10_p2
1779333935.0,10,3,0.000000,s10_p3
1779333935.0,15,4,0.000000,s15_p4
1779333935.0,15,1,0.000000,s15_p1
1779333935.0,15,2,0.000000,s15_p2
1779333935.0,15,3,0.000000,s15_p3
1779333935.0,13,4,0.000000,s13_p4
1779333935.0,13,1,0.000000,s13_p1
1779333935.0,13,2,0.000000,s13_p2
1779333935.0,13,3,0.000000,s13_p3
1779333935.0,7,1,0.000000,s7_p1
1779333935.0,7,4,0.000000,s7_p4
1779333935.0,7,2,0.000000,s7_p2
1779333935.0,7,3,0.000000,s7_p3
1779333935.0,4,4,0.000000,s4_p4
1779333935.0,4,1,0.000000,s4_p1
1779333935.0,4,2,0.000000,s4_p2
1779333935.0,4,3,0.000000,s4_p3
1779333935.0,8,4,0.000000,s8_p4
1779333935.0,8,1,0.000000,s8_p1
1779333935.0,8,2,0.000000,s8_p2
1779333935.0,8,3,0.000000,s8_p3
1779333935.0,12,4,0.000000,s12_p4
1779333935.0,12,1,0.000000,s12_p1
1779333935.0,12,2,0.000000,s12_p2
1779333935.0,12,3,0.000000,s12_p3
1779333935.0,18,1,0.000000,s18_p1
1779333935.0,18,4,0.000000,s18_p4
1779333935.0,18,2,0.000000,s18_p2
1779333935.0,18,3,0.000000,s18_p3
1779333935.0,20,1,0.000000,s20_p1
1779333935.0,20,4,0.000000,s20_p4
1779333935.0,20,2,0.000000,s20_p2
1779333935.0,20,3,0.000000,s20_p3
1779333935.0,5,4,0.000000,s5_p4
1779333935.0,5,1,0.000000,s5_p1
1779333935.0,5,2,0.000000,s5_p2
1779333935.0,5,3,0.000000,s5_p3
1779333935.0,2,1,0.000000,s2_p1
1779333935.0,2,4,0.000000,s2_p4
1779333935.0,2,2,0.000000,s2_p2
1779333935.0,2,3,0.000000,s2_p3
1779333935.0,17,1,0.000000,s17_p1
1779333935.0,17,4,0.000000,s17_p4
1779333935.0,17,2,0.000000,s17_p2
1779333935.0,17,3,0.000000,s17_p3
1779333935.0,16,1,0.000000,s16_p1
1779333935.0,16,4,0.000000,s16_p4
1779333935.0,16,2,0.000000,s16_p2
1779333935.0,16,3,0.000000,s16_p3
1779333935.0,11,4,0.000000,s11_p4
1779333935.0,11,1,0.000000,s11_p1
1779333935.0,11,2,0.000000,s11_p2
1779333935.0,11,3,0.000000,s11_p3
1779333935.0,9,4,0.000000,s9_p4
1779333935.0,9,1,0.000000,s9_p1
1779333935.0,9,2,0.000000,s9_p2
1779333935.0,9,3,0.000000,s9_p3
1779333935.0,19,1,0.000000,s19_p1
1779333935.0,19,4,0.000000,s19_p4
1779333935.0,19,2,0.000000,s19_p2
1779333935.0,19,3,0.000000,s19_p3
1779333936.0,14,1,0.000000,s14_p1
1779333936.0,14,4,0.000000,s14_p4
1779333936.0,14,2,0.000000,s14_p2
1779333936.0,14,3,0.000000,s14_p3
1779333936.0,10,4,0.000000,s10_p4
1779333936.0,10,1,0.000000,s10_p1
1779333936.0,10,2,0.000000,s10_p2
1779333936.0,10,3,0.000000,s10_p3
1779333936.0,15,4,0.000000,s15_p4
1779333936.0,15,1,0.000000,s15_p1
1779333936.0,15,2,0.000000,s15_p2
1779333936.0,15,3,0.000000,s15_p3
1779333936.0,1,4,0.000000,s1_p4
1779333936.0,1,1,0.000000,s1_p1
1779333936.0,1,2,0.000000,s1_p2
1779333936.0,1,3,0.000000,s1_p3
1779333936.0,3,4,0.000000,s3_p4
1779333936.0,3,1,0.000000,s3_p1
1779333936.0,3,2,0.000000,s3_p2
1779333936.0,3,3,0.000000,s3_p3
1779333936.0,8,4,0.000000,s8_p4
1779333936.0,8,1,0.000000,s8_p1
1779333936.0,8,2,0.000000,s8_p2
1779333936.0,8,3,0.000000,s8_p3
1779333936.0,7,1,0.000000,s7_p1
1779333936.0,7,4,0.000000,s7_p4
1779333936.0,7,2,0.000000,s7_p2
1779333936.0,7,3,0.000000,s7_p3
1779333936.0,13,4,0.000000,s13_p4
1779333936.0,13,1,0.000000,s13_p1
1779333936.0,13,2,0.000000,s13_p2
1779333936.0,13,3,0.000000,s13_p3
1779333936.0,5,4,0.000000,s5_p4
1779333936.0,5,1,0.000000,s5_p1
1779333936.0,5,2,0.000000,s5_p2
1779333936.0,5,3,0.000000,s5_p3
1779333936.0,20,1,0.000000,s20_p1
1779333936.0,20,4,0.000000,s20_p4
1779333936.0,20,2,0.000000,s20_p2
1779333936.0,20,3,0.000000,s20_p3
1779333936.0,12,4,0.000000,s12_p4
1779333936.0,12,1,0.000000,s12_p1
1779333936.0,12,2,0.000000,s12_p2
1779333936.0,12,3,0.000000,s12_p3
1779333936.0,18,1,0.000000,s18_p1
1779333936.0,18,4,0.000000,s18_p4
1779333936.0,18,2,0.000000,s18_p2
1779333936.0,18,3,0.000000,s18_p3
1779333936.0,4,4,0.000000,s4_p4
1779333936.0,4,1,0.000000,s4_p1
1779333936.0,4,2,0.000000,s4_p2
1779333936.0,4,3,0.000000,s4_p3
1779333936.0,16,1,0.000000,s16_p1
1779333936.0,16,4,0.000000,s16_p4
1779333936.0,16,2,0.000000,s16_p2
1779333936.0,16,3,0.000000,s16_p3
1779333936.0,11,4,0.000000,s11_p4
1779333936.0,11,1,0.000000,s11_p1
1779333936.0,11,2,0.000000,s11_p2
1779333936.0,11,3,0.000000,s11_p3
1779333936.0,9,4,0.000000,s9_p4
1779333936.0,9,1,0.000000,s9_p1
1779333936.0,9,2,0.000000,s9_p2
1779333936.0,9,3,0.000000,s9_p3
1779333936.0,17,1,0.000000,s17_p1
1779333936.0,17,4,0.000000,s17_p4
1779333936.0,17,2,0.000000,s17_p2
1779333936.0,17,3,0.000000,s17_p3
1779333936.0,2,1,0.000000,s2_p1
1779333936.0,2,4,0.000000,s2_p4
1779333936.0,2,2,0.000000,s2_p2
1779333936.0,2,3,0.000000,s2_p3
1779333936.0,6,1,0.000000,s6_p1
1779333936.0,6,4,0.000000,s6_p4
1779333936.0,6,2,0.000000,s6_p2
1779333936.0,6,3,0.000000,s6_p3
1779333936.0,19,1,0.000000,s19_p1
1779333936.0,19,4,0.000000,s19_p4
1779333936.0,19,2,0.000000,s19_p2
1779333936.0,19,3,0.000000,s19_p3
1779333936.0,19,1,0.000000,s19_p1
1779333936.0,19,4,0.000000,s19_p4
1779333936.0,19,2,0.000000,s19_p2
1779333936.0,19,3,0.000000,s19_p3
1779333936.0,6,1,0.000000,s6_p1
1779333936.0,6,4,0.000000,s6_p4
1779333936.0,6,2,0.000000,s6_p2
1779333936.0,6,3,0.000000,s6_p3
1779333936.0,15,4,0.000000,s15_p4
1779333936.0,15,1,0.000000,s15_p1
1779333936.0,15,2,0.000000,s15_p2
1779333936.0,15,3,0.000000,s15_p3
1779333936.0,3,4,0.000000,s3_p4
1779333936.0,3,1,0.000000,s3_p1
1779333936.0,3,2,0.000000,s3_p2
1779333936.0,3,3,0.000000,s3_p3
1779333936.0,1,4,0.000000,s1_p4
1779333936.0,1,1,0.000000,s1_p1
1779333936.0,1,2,0.000000,s1_p2
1779333936.0,1,3,0.000000,s1_p3
1779333936.0,14,1,0.000000,s14_p1
1779333936.0,14,4,0.000000,s14_p4
1779333936.0,14,2,0.000000,s14_p2
1779333936.0,14,3,0.000000,s14_p3
1779333936.0,10,4,0.000000,s10_p4
1779333936.0,10,1,0.000000,s10_p1
1779333936.0,10,2,0.000000,s10_p2
1779333936.0,10,3,0.000000,s10_p3
1779333936.0,13,4,0.000000,s13_p4
1779333936.0,13,1,0.000000,s13_p1
1779333936.0,13,2,0.000000,s13_p2
1779333936.0,13,3,0.000000,s13_p3
1779333936.0,8,4,0.000000,s8_p4
1779333936.0,8,1,0.000000,s8_p1
1779333936.0,8,2,0.000000,s8_p2
1779333936.0,8,3,0.000000,s8_p3
1779333936.0,20,1,0.000000,s20_p1
1779333936.0,20,4,0.000000,s20_p4
1779333936.0,20,2,0.000000,s20_p2
1779333936.0,20,3,0.000000,s20_p3
1779333936.0,7,1,0.000000,s7_p1
1779333936.0,7,4,0.000000,s7_p4
1779333936.0,7,2,0.000000,s7_p2
1779333936.0,7,3,0.000000,s7_p3
1779333936.0,4,4,0.000000,s4_p4
1779333936.0,4,1,0.000000,s4_p1
1779333936.0,4,2,0.000000,s4_p2
1779333936.0,4,3,0.000000,s4_p3
1779333936.0,12,4,0.000000,s12_p4
1779333936.0,12,1,0.000000,s12_p1
1779333936.0,12,2,0.000000,s12_p2
1779333936.0,12,3,0.000000,s12_p3
1779333936.0,18,1,0.000000,s18_p1
1779333936.0,18,4,0.000000,s18_p4
1779333936.0,18,2,0.000000,s18_p2
1779333936.0,18,3,0.000000,s18_p3
1779333936.0,17,1,0.000000,s17_p1
1779333936.0,17,4,0.000000,s17_p4
1779333936.0,17,2,0.000000,s17_p2
1779333936.0,17,3,0.000000,s17_p3
1779333936.0,2,1,0.000000,s2_p1
1779333936.0,2,4,0.000000,s2_p4
1779333936.0,2,2,0.000000,s2_p2
1779333936.0,2,3,0.000000,s2_p3
1779333936.0,5,4,0.000000,s5_p4
1779333936.0,5,1,0.000000,s5_p1
1779333936.0,5,2,0.000000,s5_p2
1779333936.0,5,3,0.000000,s5_p3
1779333936.0,16,1,0.000000,s16_p1
1779333936.0,16,4,0.000000,s16_p4
1779333936.0,16,2,0.000000,s16_p2
1779333936.0,16,3,0.000000,s16_p3
1779333936.0,11,4,0.000000,s11_p4
1779333936.0,11,1,0.000000,s11_p1
1779333936.0,11,2,0.000000,s11_p2
1779333936.0,11,3,0.000000,s11_p3
1779333936.0,9,4,0.000000,s9_p4
1779333936.0,9,1,0.000000,s9_p1
1779333936.0,9,2,0.000000,s9_p2
1779333936.0,9,3,0.000000,s9_p3
1779333937.0,6,1,0.000000,s6_p1
1779333937.0,6,4,0.000000,s6_p4
1779333937.0,6,2,0.000000,s6_p2
1779333937.0,6,3,0.000000,s6_p3
1779333937.0,3,4,0.000000,s3_p4
1779333937.0,3,1,0.000000,s3_p1
1779333937.0,3,2,0.000000,s3_p2
1779333937.0,3,3,0.000000,s3_p3
1779333937.0,10,4,0.000000,s10_p4
1779333937.0,10,1,0.000000,s10_p1
1779333937.0,10,2,0.000000,s10_p2
1779333937.0,10,3,0.000000,s10_p3
1779333937.0,1,4,0.000000,s1_p4
1779333937.0,1,1,0.000000,s1_p1
1779333937.0,1,2,0.000000,s1_p2
1779333937.0,1,3,0.000000,s1_p3
1779333937.0,14,1,0.000000,s14_p1
1779333937.0,14,4,0.000000,s14_p4
1779333937.0,14,2,0.000000,s14_p2
1779333937.0,14,3,0.000000,s14_p3
1779333937.0,8,4,0.000000,s8_p4
1779333937.0,8,1,0.000000,s8_p1
1779333937.0,8,2,0.000000,s8_p2
1779333937.0,8,3,0.000000,s8_p3
1779333937.0,13,4,0.000000,s13_p4
1779333937.0,13,1,0.000000,s13_p1
1779333937.0,13,2,0.000000,s13_p2
1779333937.0,13,3,0.000000,s13_p3
1779333937.0,15,4,0.000000,s15_p4
1779333937.0,15,1,0.000000,s15_p1
1779333937.0,15,2,0.000000,s15_p2
1779333937.0,15,3,0.000000,s15_p3
1779333937.0,7,1,0.000000,s7_p1
1779333937.0,7,4,0.000000,s7_p4
1779333937.0,7,2,0.000000,s7_p2
1779333937.0,7,3,0.000000,s7_p3
1779333937.0,4,4,0.000000,s4_p4
1779333937.0,4,1,0.000000,s4_p1
1779333937.0,4,2,0.000000,s4_p2
1779333937.0,4,3,0.000000,s4_p3
1779333937.0,20,1,0.000000,s20_p1
1779333937.0,20,4,0.000000,s20_p4
1779333937.0,20,2,0.000000,s20_p2
1779333937.0,20,3,0.000000,s20_p3
1779333937.0,5,4,0.000000,s5_p4
1779333937.0,5,1,0.000000,s5_p1
1779333937.0,5,2,0.000000,s5_p2
1779333937.0,5,3,0.000000,s5_p3
1779333937.0,16,1,0.000000,s16_p1
1779333937.0,16,4,0.000000,s16_p4
1779333937.0,16,2,0.000000,s16_p2
1779333937.0,16,3,0.000000,s16_p3
1779333937.0,11,4,0.000000,s11_p4
1779333937.0,11,1,0.000000,s11_p1
1779333937.0,11,2,0.000000,s11_p2
1779333937.0,11,3,0.000000,s11_p3
1779333937.0,2,1,0.000000,s2_p1
1779333937.0,2,4,0.000000,s2_p4
1779333937.0,2,2,0.000000,s2_p2
1779333937.0,2,3,0.000000,s2_p3
1779333937.0,18,1,0.000000,s18_p1
1779333937.0,18,4,0.000000,s18_p4
1779333937.0,18,2,0.000000,s18_p2
1779333937.0,18,3,0.000000,s18_p3
1779333937.0,12,4,0.000000,s12_p4
1779333937.0,12,1,0.000000,s12_p1
1779333937.0,12,2,0.000000,s12_p2
1779333937.0,12,3,0.000000,s12_p3
1779333937.0,17,1,0.000000,s17_p1
1779333937.0,17,4,0.000000,s17_p4
1779333937.0,17,2,0.000000,s17_p2
1779333937.0,17,3,0.000000,s17_p3
1779333937.0,19,1,0.000000,s19_p1
1779333937.0,19,4,0.000000,s19_p4
1779333937.0,19,2,0.000000,s19_p2
1779333937.0,19,3,0.000000,s19_p3
1779333937.0,9,4,0.000000,s9_p4
1779333937.0,9,1,0.000000,s9_p1
1779333937.0,9,2,0.000000,s9_p2
1779333937.0,9,3,0.000000,s9_p3
1779333937.0,19,1,0.000000,s19_p1
1779333937.0,19,4,0.000000,s19_p4
1779333937.0,19,2,0.000000,s19_p2
1779333937.0,19,3,0.000000,s19_p3
1779333937.0,3,4,0.000000,s3_p4
1779333937.0,3,1,0.000000,s3_p1
1779333937.0,3,2,0.000000,s3_p2
1779333937.0,3,3,0.000000,s3_p3
1779333937.0,10,4,0.000000,s10_p4
1779333937.0,10,1,0.000000,s10_p1
1779333937.0,10,2,0.000000,s10_p2
1779333937.0,10,3,0.000000,s10_p3
1779333937.0,1,4,0.000000,s1_p4
1779333937.0,1,1,0.000000,s1_p1
1779333937.0,1,2,0.000000,s1_p2
1779333937.0,1,3,0.000000,s1_p3
1779333937.0,6,1,0.000000,s6_p1
1779333937.0,6,4,0.000000,s6_p4
1779333937.0,6,2,0.000000,s6_p2
1779333937.0,6,3,0.000000,s6_p3
1779333937.0,15,4,0.000000,s15_p4
1779333937.0,15,1,0.000000,s15_p1
1779333937.0,15,2,0.000000,s15_p2
1779333937.0,15,3,0.000000,s15_p3
1779333937.0,14,1,0.000000,s14_p1
1779333937.0,14,4,0.000000,s14_p4
1779333937.0,14,2,0.000000,s14_p2
1779333937.0,14,3,0.000000,s14_p3
1779333937.0,8,4,0.000000,s8_p4
1779333937.0,8,1,0.000000,s8_p1
1779333937.0,8,2,0.000000,s8_p2
1779333937.0,8,3,0.000000,s8_p3
1779333937.0,13,4,0.000000,s13_p4
1779333937.0,13,1,0.000000,s13_p1
1779333937.0,13,2,0.000000,s13_p2
1779333937.0,13,3,0.000000,s13_p3
1779333937.0,20,1,0.000000,s20_p1
1779333937.0,20,4,0.000000,s20_p4
1779333937.0,20,2,0.000000,s20_p2
1779333937.0,20,3,0.000000,s20_p3
1779333937.0,7,1,0.000000,s7_p1
1779333937.0,7,4,0.000000,s7_p4
1779333937.0,7,2,0.000000,s7_p2
1779333937.0,7,3,0.000000,s7_p3
1779333937.0,4,4,0.000000,s4_p4
1779333937.0,4,1,0.000000,s4_p1
1779333937.0,4,2,0.000000,s4_p2
1779333937.0,4,3,0.000000,s4_p3
1779333937.0,12,4,0.000000,s12_p4
1779333937.0,12,1,0.000000,s12_p1
1779333937.0,12,2,0.000000,s12_p2
1779333937.0,12,3,0.000000,s12_p3
1779333937.0,18,1,0.000000,s18_p1
1779333937.0,18,4,0.000000,s18_p4
1779333937.0,18,2,0.000000,s18_p2
1779333937.0,18,3,0.000000,s18_p3
1779333937.0,17,1,0.000000,s17_p1
1779333937.0,17,4,0.000000,s17_p4
1779333937.0,17,2,0.000000,s17_p2
1779333937.0,17,3,0.000000,s17_p3
1779333937.0,5,4,0.000000,s5_p4
1779333937.0,5,1,0.000000,s5_p1
1779333937.0,5,2,0.000000,s5_p2
1779333937.0,5,3,0.000000,s5_p3
1779333937.0,9,4,0.000000,s9_p4
1779333937.0,9,1,0.000000,s9_p1
1779333937.0,9,2,0.000000,s9_p2
1779333937.0,9,3,0.000000,s9_p3
1779333937.0,16,1,0.000000,s16_p1
1779333937.0,16,4,0.000000,s16_p4
1779333937.0,16,2,0.000000,s16_p2
1779333937.0,16,3,0.000000,s16_p3
1779333937.0,11,4,0.000000,s11_p4
1779333937.0,11,1,0.000000,s11_p1
1779333937.0,11,2,0.000000,s11_p2
1779333937.0,11,3,0.000000,s11_p3
1779333937.0,2,1,0.000000,s2_p1
1779333937.0,2,4,0.000000,s2_p4
1779333937.0,2,2,0.000000,s2_p2
1779333937.0,2,3,0.000000,s2_p3
1779333938.0,1,4,0.000000,s1_p4
1779333938.0,1,1,0.000000,s1_p1
1779333938.0,1,2,0.000000,s1_p2
1779333938.0,1,3,0.000000,s1_p3
1779333938.0,10,4,0.000000,s10_p4
1779333938.0,10,1,0.000000,s10_p1
1779333938.0,10,2,0.000000,s10_p2
1779333938.0,10,3,0.000000,s10_p3
1779333938.0,3,4,0.000000,s3_p4
1779333938.0,3,1,0.000000,s3_p1
1779333938.0,3,2,0.000000,s3_p2
1779333938.0,3,3,0.000000,s3_p3
1779333938.0,14,1,0.000000,s14_p1
1779333938.0,14,4,0.000000,s14_p4
1779333938.0,14,2,0.000000,s14_p2
1779333938.0,14,3,0.000000,s14_p3
1779333938.0,8,4,0.000000,s8_p4
1779333938.0,8,1,0.000000,s8_p1
1779333938.0,8,2,0.000000,s8_p2
1779333938.0,8,3,0.000000,s8_p3
1779333938.0,13,4,0.000000,s13_p4
1779333938.0,13,1,0.000000,s13_p1
1779333938.0,13,2,0.000000,s13_p2
1779333938.0,13,3,0.000000,s13_p3
1779333938.0,15,4,0.000000,s15_p4
1779333938.0,15,1,0.000000,s15_p1
1779333938.0,15,2,0.000000,s15_p2
1779333938.0,15,3,0.000000,s15_p3
1779333938.0,7,1,0.000000,s7_p1
1779333938.0,7,4,0.000000,s7_p4
1779333938.0,7,2,0.000000,s7_p2
1779333938.0,7,3,0.000000,s7_p3
1779333938.0,5,4,0.000000,s5_p4
1779333938.0,5,1,0.000000,s5_p1
1779333938.0,5,2,0.000000,s5_p2
1779333938.0,5,3,0.000000,s5_p3
1779333938.0,4,4,0.000000,s4_p4
1779333938.0,4,1,0.000000,s4_p1
1779333938.0,4,2,0.000000,s4_p2
1779333938.0,4,3,0.000000,s4_p3
1779333938.0,20,1,0.000000,s20_p1
1779333938.0,20,4,0.000000,s20_p4
1779333938.0,20,2,0.000000,s20_p2
1779333938.0,20,3,0.000000,s20_p3
1779333938.0,12,4,0.000000,s12_p4
1779333938.0,12,1,0.000000,s12_p1
1779333938.0,12,2,0.000000,s12_p2
1779333938.0,12,3,0.000000,s12_p3
1779333938.0,11,4,0.000000,s11_p4
1779333938.0,11,1,0.000000,s11_p1
1779333938.0,11,2,0.000000,s11_p2
1779333938.0,11,3,0.000000,s11_p3
1779333938.0,18,1,0.000000,s18_p1
1779333938.0,18,4,0.000000,s18_p4
1779333938.0,18,2,0.000000,s18_p2
1779333938.0,18,3,0.000000,s18_p3
1779333938.0,2,1,0.000000,s2_p1
1779333938.0,2,4,0.000000,s2_p4
1779333938.0,2,2,0.000000,s2_p2
1779333938.0,2,3,0.000000,s2_p3
1779333938.0,16,1,0.000000,s16_p1
1779333938.0,16,4,0.000000,s16_p4
1779333938.0,16,2,0.000000,s16_p2
1779333938.0,16,3,0.000000,s16_p3
1779333938.0,17,1,0.000000,s17_p1
1779333938.0,17,4,0.000000,s17_p4
1779333938.0,17,2,0.000000,s17_p2
1779333938.0,17,3,0.000000,s17_p3
1779333938.0,9,4,0.000000,s9_p4
1779333938.0,9,1,0.000000,s9_p1
1779333938.0,9,2,0.000000,s9_p2
1779333938.0,9,3,0.000000,s9_p3
1779333938.0,6,1,0.000000,s6_p1
1779333938.0,6,4,0.000000,s6_p4
1779333938.0,6,2,0.000000,s6_p2
1779333938.0,6,3,0.000000,s6_p3
1779333938.0,19,1,0.000000,s19_p1
1779333938.0,19,4,0.000000,s19_p4
1779333938.0,19,2,0.000000,s19_p2
1779333938.0,19,3,0.000000,s19_p3
1779333938.0,6,1,0.000000,s6_p1
1779333938.0,6,4,0.000000,s6_p4
1779333938.0,6,2,0.000000,s6_p2
1779333938.0,6,3,0.000000,s6_p3
1779333938.0,1,4,0.000000,s1_p4
1779333938.0,1,1,0.000000,s1_p1
1779333938.0,1,2,0.000000,s1_p2
1779333938.0,1,3,0.000000,s1_p3
1779333938.0,14,1,0.000000,s14_p1
1779333938.0,14,4,0.000000,s14_p4
1779333938.0,14,2,0.000000,s14_p2
1779333938.0,14,3,0.000000,s14_p3
1779333938.0,3,4,0.000000,s3_p4
1779333938.0,3,1,0.000000,s3_p1
1779333938.0,3,2,0.000000,s3_p2
1779333938.0,3,3,0.000000,s3_p3
1779333938.0,15,4,0.000000,s15_p4
1779333938.0,15,1,0.000000,s15_p1
1779333938.0,15,2,0.000000,s15_p2
1779333938.0,15,3,0.000000,s15_p3
1779333938.0,10,4,0.000000,s10_p4
1779333938.0,10,1,0.000000,s10_p1
1779333938.0,10,2,0.000000,s10_p2
1779333938.0,10,3,0.000000,s10_p3
1779333938.0,20,1,0.000000,s20_p1
1779333938.0,20,4,0.000000,s20_p4
1779333938.0,20,2,0.000000,s20_p2
1779333938.0,20,3,0.000000,s20_p3
1779333938.0,7,1,0.000000,s7_p1
1779333938.0,7,4,0.000000,s7_p4
1779333938.0,7,2,0.000000,s7_p2
1779333938.0,7,3,0.000000,s7_p3
1779333938.0,13,4,0.000000,s13_p4
1779333938.0,13,1,0.000000,s13_p1
1779333938.0,13,2,0.000000,s13_p2
1779333938.0,13,3,0.000000,s13_p3
1779333938.0,18,1,0.000000,s18_p1
1779333938.0,18,4,0.000000,s18_p4
1779333938.0,18,2,0.000000,s18_p2
1779333938.0,18,3,0.000000,s18_p3
1779333938.0,12,4,0.000000,s12_p4
1779333938.0,12,1,0.000000,s12_p1
1779333938.0,12,2,0.000000,s12_p2
1779333938.0,12,3,0.000000,s12_p3
1779333938.0,5,4,0.000000,s5_p4
1779333938.0,5,1,0.000000,s5_p1
1779333938.0,5,2,0.000000,s5_p2
1779333938.0,5,3,0.000000,s5_p3
1779333938.0,8,4,0.000000,s8_p4
1779333938.0,8,1,0.000000,s8_p1
1779333938.0,8,2,0.000000,s8_p2
1779333938.0,8,3,0.000000,s8_p3
1779333938.0,2,1,0.000000,s2_p1
1779333938.0,2,4,0.000000,s2_p4
1779333938.0,2,2,0.000000,s2_p2
1779333938.0,2,3,0.000000,s2_p3
1779333938.0,17,1,0.000000,s17_p1
1779333938.0,17,4,0.000000,s17_p4
1779333938.0,17,2,0.000000,s17_p2
1779333938.0,17,3,0.000000,s17_p3
1779333938.0,16,1,0.000000,s16_p1
1779333938.0,16,4,0.000000,s16_p4
1779333938.0,16,2,0.000000,s16_p2
1779333938.0,16,3,0.000000,s16_p3
1779333938.0,4,4,0.000000,s4_p4
1779333938.0,4,1,0.000000,s4_p1
1779333938.0,4,2,0.000000,s4_p2
1779333938.0,4,3,0.000000,s4_p3
1779333938.0,11,4,0.000000,s11_p4
1779333938.0,11,1,0.000000,s11_p1
1779333938.0,11,2,0.000000,s11_p2
1779333938.0,11,3,0.000000,s11_p3
1779333938.0,19,1,0.000000,s19_p1
1779333938.0,19,4,0.000000,s19_p4
1779333938.0,19,2,0.000000,s19_p2
1779333938.0,19,3,0.000000,s19_p3
1779333938.0,9,4,0.000000,s9_p4
1779333938.0,9,1,0.000000,s9_p1
1779333938.0,9,2,0.000000,s9_p2
1779333938.0,9,3,0.000000,s9_p3
1779333939.0,19,1,0.000000,s19_p1
1779333939.0,19,4,0.000000,s19_p4
1779333939.0,19,2,0.000000,s19_p2
1779333939.0,19,3,0.000000,s19_p3
1779333939.0,4,4,0.000000,s4_p4
1779333939.0,4,1,0.000000,s4_p1
1779333939.0,4,2,0.000000,s4_p2
1779333939.0,4,3,0.000000,s4_p3
1779333939.0,14,1,0.000000,s14_p1
1779333939.0,14,4,0.000000,s14_p4
1779333939.0,14,2,0.000000,s14_p2
1779333939.0,14,3,0.000000,s14_p3
1779333939.0,7,1,0.000000,s7_p1
1779333939.0,7,4,0.000000,s7_p4
1779333939.0,7,2,0.000000,s7_p2
1779333939.0,7,3,0.000000,s7_p3
1779333939.0,3,4,0.000000,s3_p4
1779333939.0,3,1,0.000000,s3_p1
1779333939.0,3,2,0.000000,s3_p2
1779333939.0,3,3,0.000000,s3_p3
1779333939.0,6,1,0.000000,s6_p1
1779333939.0,6,4,0.000000,s6_p4
1779333939.0,6,2,0.000000,s6_p2
1779333939.0,6,3,0.000000,s6_p3
1779333939.0,15,4,0.000000,s15_p4
1779333939.0,15,1,0.000000,s15_p1
1779333939.0,15,2,0.000000,s15_p2
1779333939.0,15,3,0.000000,s15_p3
1779333939.0,8,4,0.000000,s8_p4
1779333939.0,8,1,0.000000,s8_p1
1779333939.0,8,2,0.000000,s8_p2
1779333939.0,8,3,0.000000,s8_p3
1779333939.0,13,4,0.000000,s13_p4
1779333939.0,13,1,0.000000,s13_p1
1779333939.0,13,2,0.000000,s13_p2
1779333939.0,13,3,0.000000,s13_p3
1779333939.0,10,4,0.000000,s10_p4
1779333939.0,10,1,0.000000,s10_p1
1779333939.0,10,2,0.000000,s10_p2
1779333939.0,10,3,0.000000,s10_p3
1779333939.0,1,4,0.000000,s1_p4
1779333939.0,1,1,0.000000,s1_p1
1779333939.0,1,2,0.000000,s1_p2
1779333939.0,1,3,0.000000,s1_p3
1779333939.0,20,1,0.000000,s20_p1
1779333939.0,20,4,0.000000,s20_p4
1779333939.0,20,2,0.000000,s20_p2
1779333939.0,20,3,0.000000,s20_p3
1779333939.0,16,1,0.000000,s16_p1
1779333939.0,16,4,0.000000,s16_p4
1779333939.0,16,2,0.000000,s16_p2
1779333939.0,16,3,0.000000,s16_p3
1779333939.0,17,1,0.000000,s17_p1
1779333939.0,17,4,0.000000,s17_p4
1779333939.0,17,2,0.000000,s17_p2
1779333939.0,17,3,0.000000,s17_p3
1779333939.0,11,4,0.000000,s11_p4
1779333939.0,11,1,0.000000,s11_p1
1779333939.0,11,2,0.000000,s11_p2
1779333939.0,11,3,0.000000,s11_p3
1779333939.0,5,4,0.000000,s5_p4
1779333939.0,5,1,0.000000,s5_p1
1779333939.0,5,2,0.000000,s5_p2
1779333939.0,5,3,0.000000,s5_p3
1779333939.0,2,1,0.000000,s2_p1
1779333939.0,2,4,0.000000,s2_p4
1779333939.0,2,2,0.000000,s2_p2
1779333939.0,2,3,0.000000,s2_p3
1779333939.0,12,4,0.000000,s12_p4
1779333939.0,12,1,0.000000,s12_p1
1779333939.0,12,2,0.000000,s12_p2
1779333939.0,12,3,0.000000,s12_p3
1779333939.0,18,1,0.000000,s18_p1
1779333939.0,18,4,0.000000,s18_p4
1779333939.0,18,2,0.000000,s18_p2
1779333939.0,18,3,0.000000,s18_p3
1779333939.0,9,4,0.000000,s9_p4
1779333939.0,9,1,0.000000,s9_p1
1779333939.0,9,2,0.000000,s9_p2
1779333939.0,9,3,0.000000,s9_p3
1779333939.0,19,1,0.000000,s19_p1
1779333939.0,19,4,0.000000,s19_p4
1779333939.0,19,2,0.000000,s19_p2
1779333939.0,19,3,0.000000,s19_p3
1779333939.0,14,1,0.000000,s14_p1
1779333939.0,14,4,0.000000,s14_p4
1779333939.0,14,2,0.000000,s14_p2
1779333939.0,14,3,0.000000,s14_p3
1779333939.0,6,1,0.000000,s6_p1
1779333939.0,6,4,0.000000,s6_p4
1779333939.0,6,2,0.000000,s6_p2
1779333939.0,6,3,0.000000,s6_p3
1779333939.0,3,4,0.000000,s3_p4
1779333939.0,3,1,0.000000,s3_p1
1779333939.0,3,2,0.000000,s3_p2
1779333939.0,3,3,0.000000,s3_p3
1779333939.0,1,4,0.000000,s1_p4
1779333939.0,1,1,0.000000,s1_p1
1779333939.0,1,2,0.000000,s1_p2
1779333939.0,1,3,0.000000,s1_p3
1779333939.0,10,4,0.000000,s10_p4
1779333939.0,10,1,0.000000,s10_p1
1779333939.0,10,2,0.000000,s10_p2
1779333939.0,10,3,0.000000,s10_p3
1779333939.0,4,4,0.000000,s4_p4
1779333939.0,4,1,0.000000,s4_p1
1779333939.0,4,2,0.000000,s4_p2
1779333939.0,4,3,0.000000,s4_p3
1779333939.0,7,1,0.000000,s7_p1
1779333939.0,7,4,0.000000,s7_p4
1779333939.0,7,2,0.000000,s7_p2
1779333939.0,7,3,0.000000,s7_p3
1779333939.0,15,4,0.000000,s15_p4
1779333939.0,15,1,0.000000,s15_p1
1779333939.0,15,2,0.000000,s15_p2
1779333939.0,15,3,0.000000,s15_p3
1779333939.0,8,4,0.000000,s8_p4
1779333939.0,8,1,0.000000,s8_p1
1779333939.0,8,2,0.000000,s8_p2
1779333939.0,8,3,0.000000,s8_p3
1779333939.0,13,4,0.000000,s13_p4
1779333939.0,13,1,0.000000,s13_p1
1779333939.0,13,2,0.000000,s13_p2
1779333939.0,13,3,0.000000,s13_p3
1779333939.0,2,1,0.000000,s2_p1
1779333939.0,2,4,0.000000,s2_p4
1779333939.0,2,2,0.000000,s2_p2
1779333939.0,2,3,0.000000,s2_p3
1779333939.0,5,4,0.000000,s5_p4
1779333939.0,5,1,0.000000,s5_p1
1779333939.0,5,2,0.000000,s5_p2
1779333939.0,5,3,0.000000,s5_p3
1779333939.0,18,1,0.000000,s18_p1
1779333939.0,18,4,0.000000,s18_p4
1779333939.0,18,2,0.000000,s18_p2
1779333939.0,18,3,0.000000,s18_p3
1779333939.0,17,1,0.000000,s17_p1
1779333939.0,17,4,0.000000,s17_p4
1779333939.0,17,2,0.000000,s17_p2
1779333939.0,17,3,0.000000,s17_p3
1779333939.0,20,1,0.000000,s20_p1
1779333939.0,20,4,0.000000,s20_p4
1779333939.0,20,2,0.000000,s20_p2
1779333939.0,20,3,0.000000,s20_p3
1779333939.0,12,4,0.000000,s12_p4
1779333939.0,12,1,0.000000,s12_p1
1779333939.0,12,2,0.000000,s12_p2
1779333939.0,12,3,0.000000,s12_p3
1779333939.0,16,1,0.000000,s16_p1
1779333939.0,16,4,0.000000,s16_p4
1779333939.0,16,2,0.000000,s16_p2
1779333939.0,16,3,0.000000,s16_p3
1779333939.0,9,4,0.000000,s9_p4
1779333939.0,9,1,0.000000,s9_p1
1779333939.0,9,2,0.000000,s9_p2
1779333939.0,9,3,0.000000,s9_p3
1779333939.0,11,4,0.000000,s11_p4
1779333939.0,11,1,0.000000,s11_p1
1779333939.0,11,2,0.000000,s11_p2
1779333939.0,11,3,0.000000,s11_p3
1779333940.0,6,1,0.000000,s6_p1
1779333940.0,6,4,0.000000,s6_p4
1779333940.0,6,2,0.000000,s6_p2
1779333940.0,6,3,0.000000,s6_p3
1779333940.0,1,4,0.000000,s1_p4
1779333940.0,1,1,0.000000,s1_p1
1779333940.0,1,2,0.000000,s1_p2
1779333940.0,1,3,0.000000,s1_p3
1779333940.0,8,4,0.000000,s8_p4
1779333940.0,8,1,0.000000,s8_p1
1779333940.0,8,2,0.000000,s8_p2
1779333940.0,8,3,0.000000,s8_p3
1779333940.0,3,4,0.000000,s3_p4
1779333940.0,3,1,0.000000,s3_p1
1779333940.0,3,2,0.000000,s3_p2
1779333940.0,3,3,0.000000,s3_p3
1779333940.0,15,4,0.000000,s15_p4
1779333940.0,15,1,0.000000,s15_p1
1779333940.0,15,2,0.000000,s15_p2
1779333940.0,15,3,0.000000,s15_p3
1779333940.0,14,1,0.000000,s14_p1
1779333940.0,14,4,0.000000,s14_p4
1779333940.0,14,2,0.000000,s14_p2
1779333940.0,14,3,0.000000,s14_p3
1779333940.0,10,4,0.000000,s10_p4
1779333940.0,10,1,0.000000,s10_p1
1779333940.0,10,2,0.000000,s10_p2
1779333940.0,10,3,0.000000,s10_p3
1779333940.0,7,1,0.000000,s7_p1
1779333940.0,7,4,0.000000,s7_p4
1779333940.0,7,2,0.000000,s7_p2
1779333940.0,7,3,0.000000,s7_p3
1779333940.0,5,4,0.000000,s5_p4
1779333940.0,5,1,0.000000,s5_p1
1779333940.0,5,2,0.000000,s5_p2
1779333940.0,5,3,0.000000,s5_p3
1779333940.0,4,4,0.000000,s4_p4
1779333940.0,4,1,0.000000,s4_p1
1779333940.0,4,2,0.000000,s4_p2
1779333940.0,4,3,0.000000,s4_p3
1779333940.0,12,4,0.000000,s12_p4
1779333940.0,12,1,0.000000,s12_p1
1779333940.0,12,2,0.000000,s12_p2
1779333940.0,12,3,0.000000,s12_p3
1779333940.0,13,4,0.000000,s13_p4
1779333940.0,13,1,0.000000,s13_p1
1779333940.0,13,2,0.000000,s13_p2
1779333940.0,13,3,0.000000,s13_p3
1779333940.0,20,1,0.000000,s20_p1
1779333940.0,20,4,0.000000,s20_p4
1779333940.0,20,2,0.000000,s20_p2
1779333940.0,20,3,0.000000,s20_p3
1779333940.0,16,1,0.000000,s16_p1
1779333940.0,16,4,0.000000,s16_p4
1779333940.0,16,2,0.000000,s16_p2
1779333940.0,16,3,0.000000,s16_p3
1779333940.0,2,1,0.000000,s2_p1
1779333940.0,2,4,0.000000,s2_p4
1779333940.0,2,2,0.000000,s2_p2
1779333940.0,2,3,0.000000,s2_p3
1779333940.0,17,1,0.000000,s17_p1
1779333940.0,17,4,0.000000,s17_p4
1779333940.0,17,2,0.000000,s17_p2
1779333940.0,17,3,0.000000,s17_p3
1779333940.0,11,4,0.000000,s11_p4
1779333940.0,11,1,0.000000,s11_p1
1779333940.0,11,2,0.000000,s11_p2
1779333940.0,11,3,0.000000,s11_p3
1779333940.0,18,1,0.000000,s18_p1
1779333940.0,18,4,0.000000,s18_p4
1779333940.0,18,2,0.000000,s18_p2
1779333940.0,18,3,0.000000,s18_p3
1779333940.0,19,1,0.000000,s19_p1
1779333940.0,19,4,0.000000,s19_p4
1779333940.0,19,2,0.000000,s19_p2
1779333940.0,19,3,0.000000,s19_p3
1779333940.0,9,4,0.000000,s9_p4
1779333940.0,9,1,0.000000,s9_p1
1779333940.0,9,2,0.000000,s9_p2
1779333940.0,9,3,0.000000,s9_p3
1779333940.0,1,4,0.000000,s1_p4
1779333940.0,1,1,0.000000,s1_p1
1779333940.0,1,2,0.000000,s1_p2
1779333940.0,1,3,0.000000,s1_p3
1779333940.0,14,1,0.000000,s14_p1
1779333940.0,14,4,0.000000,s14_p4
1779333940.0,14,2,0.000000,s14_p2
1779333940.0,14,3,0.000000,s14_p3
1779333940.0,3,4,0.000000,s3_p4
1779333940.0,3,1,0.000000,s3_p1
1779333940.0,3,2,0.000000,s3_p2
1779333940.0,3,3,0.000000,s3_p3
1779333940.0,6,1,0.000000,s6_p1
1779333940.0,6,4,0.000000,s6_p4
1779333940.0,6,2,0.000000,s6_p2
1779333940.0,6,3,0.000000,s6_p3
1779333940.0,8,4,0.000000,s8_p4
1779333940.0,8,1,0.000000,s8_p1
1779333940.0,8,2,0.000000,s8_p2
1779333940.0,8,3,0.000000,s8_p3
1779333940.0,7,1,0.000000,s7_p1
1779333940.0,7,4,0.000000,s7_p4
1779333940.0,7,2,0.000000,s7_p2
1779333940.0,7,3,0.000000,s7_p3
1779333940.0,13,4,0.000000,s13_p4
1779333940.0,13,1,0.000000,s13_p1
1779333940.0,13,2,0.000000,s13_p2
1779333940.0,13,3,0.000000,s13_p3
1779333940.0,20,1,0.000000,s20_p1
1779333940.0,20,4,0.000000,s20_p4
1779333940.0,20,2,0.000000,s20_p2
1779333940.0,20,3,0.000000,s20_p3
1779333940.0,15,4,0.000000,s15_p4
1779333940.0,15,1,0.000000,s15_p1
1779333940.0,15,2,0.000000,s15_p2
1779333940.0,15,3,0.000000,s15_p3
1779333940.0,10,4,0.000000,s10_p4
1779333940.0,10,1,0.000000,s10_p1
1779333940.0,10,2,0.000000,s10_p2
1779333940.0,10,3,0.000000,s10_p3
1779333940.0,5,4,0.000000,s5_p4
1779333940.0,5,1,0.000000,s5_p1
1779333940.0,5,2,0.000000,s5_p2
1779333940.0,5,3,0.000000,s5_p3
1779333940.0,18,1,0.000000,s18_p1
1779333940.0,18,4,0.000000,s18_p4
1779333940.0,18,2,0.000000,s18_p2
1779333940.0,18,3,0.000000,s18_p3
1779333940.0,4,4,0.000000,s4_p4
1779333940.0,4,1,0.000000,s4_p1
1779333940.0,4,2,0.000000,s4_p2
1779333940.0,4,3,0.000000,s4_p3
1779333940.0,16,1,0.000000,s16_p1
1779333940.0,16,4,0.000000,s16_p4
1779333940.0,16,2,0.000000,s16_p2
1779333940.0,16,3,0.000000,s16_p3
1779333940.0,2,1,0.000000,s2_p1
1779333940.0,2,4,0.000000,s2_p4
1779333940.0,2,2,0.000000,s2_p2
1779333940.0,2,3,0.000000,s2_p3
1779333940.0,17,1,0.000000,s17_p1
1779333940.0,17,4,0.000000,s17_p4
1779333940.0,17,2,0.000000,s17_p2
1779333940.0,17,3,0.000000,s17_p3
1779333940.0,12,4,0.000000,s12_p4
1779333940.0,12,1,0.000000,s12_p1
1779333940.0,12,2,0.000000,s12_p2
1779333940.0,12,3,0.000000,s12_p3
1779333940.0,11,4,0.000000,s11_p4
1779333940.0,11,1,0.000000,s11_p1
1779333940.0,11,2,0.000000,s11_p2
1779333940.0,11,3,0.000000,s11_p3
1779333940.0,9,4,0.000000,s9_p4
1779333940.0,9,1,0.000000,s9_p1
1779333940.0,9,2,0.000000,s9_p2
1779333940.0,9,3,0.000000,s9_p3
1779333940.0,19,1,0.000000,s19_p1
1779333940.0,19,4,0.000000,s19_p4
1779333940.0,19,2,0.000000,s19_p2
1779333940.0,19,3,0.000000,s19_p3
1779333941.0,6,1,0.000000,s6_p1
1779333941.0,6,4,0.000000,s6_p4
1779333941.0,6,2,0.000000,s6_p2
1779333941.0,6,3,0.000000,s6_p3
1779333941.0,14,1,0.000000,s14_p1
1779333941.0,14,4,0.000000,s14_p4
1779333941.0,14,2,0.000000,s14_p2
1779333941.0,14,3,0.000000,s14_p3
1779333941.0,1,4,0.000000,s1_p4
1779333941.0,1,1,0.000000,s1_p1
1779333941.0,1,2,0.000000,s1_p2
1779333941.0,1,3,0.000000,s1_p3
1779333941.0,3,4,0.000000,s3_p4
1779333941.0,3,1,0.000000,s3_p1
1779333941.0,3,2,0.000000,s3_p2
1779333941.0,3,3,0.000000,s3_p3
1779333941.0,10,4,0.000000,s10_p4
1779333941.0,10,1,0.000000,s10_p1
1779333941.0,10,2,0.000000,s10_p2
1779333941.0,10,3,0.000000,s10_p3
1779333941.0,15,4,0.000000,s15_p4
1779333941.0,15,1,0.000000,s15_p1
1779333941.0,15,2,0.000000,s15_p2
1779333941.0,15,3,0.000000,s15_p3
1779333941.0,13,4,0.000000,s13_p4
1779333941.0,13,1,0.000000,s13_p1
1779333941.0,13,2,0.000000,s13_p2
1779333941.0,13,3,0.000000,s13_p3
1779333941.0,8,4,0.000000,s8_p4
1779333941.0,8,1,0.000000,s8_p1
1779333941.0,8,2,0.000000,s8_p2
1779333941.0,8,3,0.000000,s8_p3
1779333941.0,7,1,0.000000,s7_p1
1779333941.0,7,4,0.000000,s7_p4
1779333941.0,7,2,0.000000,s7_p2
1779333941.0,7,3,0.000000,s7_p3
1779333941.0,18,1,0.000000,s18_p1
1779333941.0,18,4,0.000000,s18_p4
1779333941.0,18,2,0.000000,s18_p2
1779333941.0,18,3,0.000000,s18_p3
1779333941.0,12,4,0.000000,s12_p4
1779333941.0,12,1,0.000000,s12_p1
1779333941.0,12,2,0.000000,s12_p2
1779333941.0,12,3,0.000000,s12_p3
1779333941.0,20,1,0.000000,s20_p1
1779333941.0,20,4,0.000000,s20_p4
1779333941.0,20,2,0.000000,s20_p2
1779333941.0,20,3,0.000000,s20_p3
1779333941.0,4,4,0.000000,s4_p4
1779333941.0,4,1,0.000000,s4_p1
1779333941.0,4,2,0.000000,s4_p2
1779333941.0,4,3,0.000000,s4_p3
1779333941.0,5,4,0.000000,s5_p4
1779333941.0,5,1,0.000000,s5_p1
1779333941.0,5,2,0.000000,s5_p2
1779333941.0,5,3,0.000000,s5_p3
1779333941.0,17,1,0.000000,s17_p1
1779333941.0,17,4,0.000000,s17_p4
1779333941.0,17,2,0.000000,s17_p2
1779333941.0,17,3,0.000000,s17_p3
1779333941.0,11,4,0.000000,s11_p4
1779333941.0,11,1,0.000000,s11_p1
1779333941.0,11,2,0.000000,s11_p2
1779333941.0,11,3,0.000000,s11_p3
1779333941.0,2,1,0.000000,s2_p1
1779333941.0,2,4,0.000000,s2_p4
1779333941.0,2,2,0.000000,s2_p2
1779333941.0,2,3,0.000000,s2_p3
1779333941.0,16,1,0.000000,s16_p1
1779333941.0,16,4,0.000000,s16_p4
1779333941.0,16,2,0.000000,s16_p2
1779333941.0,16,3,0.000000,s16_p3
1779333941.0,9,4,0.000000,s9_p4
1779333941.0,9,1,0.000000,s9_p1
1779333941.0,9,2,0.000000,s9_p2
1779333941.0,9,3,0.000000,s9_p3
1779333941.0,19,1,0.000000,s19_p1
1779333941.0,19,4,0.000000,s19_p4
1779333941.0,19,2,0.000000,s19_p2
1779333941.0,19,3,0.000000,s19_p3
1779333941.0,6,1,0.000000,s6_p1
1779333941.0,6,4,0.000000,s6_p4
1779333941.0,6,2,0.000000,s6_p2
1779333941.0,6,3,0.000000,s6_p3
1779333941.0,3,4,0.000000,s3_p4
1779333941.0,3,1,0.000000,s3_p1
1779333941.0,3,2,0.000000,s3_p2
1779333941.0,3,3,0.000000,s3_p3
1779333941.0,20,1,0.000000,s20_p1
1779333941.0,20,4,0.000000,s20_p4
1779333941.0,20,2,0.000000,s20_p2
1779333941.0,20,3,0.000000,s20_p3
1779333941.0,1,4,0.000000,s1_p4
1779333941.0,1,1,0.000000,s1_p1
1779333941.0,1,2,0.000000,s1_p2
1779333941.0,1,3,0.000000,s1_p3
1779333941.0,15,4,0.000000,s15_p4
1779333941.0,15,1,0.000000,s15_p1
1779333941.0,15,2,0.000000,s15_p2
1779333941.0,15,3,0.000000,s15_p3
1779333941.0,19,1,0.000000,s19_p1
1779333941.0,19,4,0.000000,s19_p4
1779333941.0,19,2,0.000000,s19_p2
1779333941.0,19,3,0.000000,s19_p3
1779333941.0,16,1,0.000000,s16_p1
1779333941.0,16,4,0.000000,s16_p4
1779333941.0,16,2,0.000000,s16_p2
1779333941.0,16,3,0.000000,s16_p3
1779333941.0,4,4,0.000000,s4_p4
1779333941.0,4,1,0.000000,s4_p1
1779333941.0,4,2,0.000000,s4_p2
1779333941.0,4,3,0.000000,s4_p3
1779333941.0,2,1,0.000000,s2_p1
1779333941.0,2,4,0.000000,s2_p4
1779333941.0,2,2,0.000000,s2_p2
1779333941.0,2,3,0.000000,s2_p3
1779333941.0,13,4,0.000000,s13_p4
1779333941.0,13,1,0.000000,s13_p1
1779333941.0,13,2,0.000000,s13_p2
1779333941.0,13,3,0.000000,s13_p3
1779333941.0,8,4,0.000000,s8_p4
1779333941.0,8,1,0.000000,s8_p1
1779333941.0,8,2,0.000000,s8_p2
1779333941.0,8,3,0.000000,s8_p3
1779333941.0,17,1,0.000000,s17_p1
1779333941.0,17,4,0.000000,s17_p4
1779333941.0,17,2,0.000000,s17_p2
1779333941.0,17,3,0.000000,s17_p3
1779333941.0,11,4,0.000000,s11_p4
1779333941.0,11,1,0.000000,s11_p1
1779333941.0,11,2,0.000000,s11_p2
1779333941.0,11,3,0.000000,s11_p3
1779333941.0,10,4,0.000000,s10_p4
1779333941.0,10,1,0.000000,s10_p1
1779333941.0,10,2,0.000000,s10_p2
1779333941.0,10,3,0.000000,s10_p3
1779333941.0,12,4,0.000000,s12_p4
1779333941.0,12,1,0.000000,s12_p1
1779333941.0,12,2,0.000000,s12_p2
1779333941.0,12,3,0.000000,s12_p3
1779333941.0,14,1,0.000000,s14_p1
1779333941.0,14,4,0.000000,s14_p4
1779333941.0,14,2,0.000000,s14_p2
1779333941.0,14,3,0.000000,s14_p3
1779333941.0,18,1,0.000000,s18_p1
1779333941.0,18,4,0.000000,s18_p4
1779333941.0,18,2,0.000000,s18_p2
1779333941.0,18,3,0.000000,s18_p3
1779333941.0,5,4,0.000000,s5_p4
1779333941.0,5,1,0.000000,s5_p1
1779333941.0,5,2,0.000000,s5_p2
1779333941.0,5,3,0.000000,s5_p3
1779333941.0,7,1,0.000000,s7_p1
1779333941.0,7,4,0.000000,s7_p4
1779333941.0,7,2,0.000000,s7_p2
1779333941.0,7,3,0.000000,s7_p3
1779333941.0,9,4,0.000000,s9_p4
1779333941.0,9,1,0.000000,s9_p1
1779333941.0,9,2,0.000000,s9_p2
1779333941.0,9,3,0.000000,s9_p3
1779333942.0,6,1,0.000000,s6_p1
1779333942.0,6,4,0.000000,s6_p4
1779333942.0,6,2,0.000000,s6_p2
1779333942.0,6,3,0.000000,s6_p3
1779333942.0,3,4,0.000000,s3_p4
1779333942.0,3,1,0.000000,s3_p1
1779333942.0,3,2,0.000000,s3_p2
1779333942.0,3,3,0.000000,s3_p3
1779333942.0,1,4,0.000000,s1_p4
1779333942.0,1,1,0.000000,s1_p1
1779333942.0,1,2,0.000000,s1_p2
1779333942.0,1,3,0.000000,s1_p3
1779333942.0,10,4,0.000000,s10_p4
1779333942.0,10,1,0.000000,s10_p1
1779333942.0,10,2,0.000000,s10_p2
1779333942.0,10,3,0.000000,s10_p3
1779333942.0,15,4,0.000000,s15_p4
1779333942.0,15,1,0.000000,s15_p1
1779333942.0,15,2,0.000000,s15_p2
1779333942.0,15,3,0.000000,s15_p3
1779333942.0,8,4,0.000000,s8_p4
1779333942.0,8,1,0.000000,s8_p1
1779333942.0,8,2,0.000000,s8_p2
1779333942.0,8,3,0.000000,s8_p3
1779333942.0,13,4,0.000000,s13_p4
1779333942.0,13,1,0.000000,s13_p1
1779333942.0,13,2,0.000000,s13_p2
1779333942.0,13,3,0.000000,s13_p3
1779333942.0,14,1,0.000000,s14_p1
1779333942.0,14,4,0.000000,s14_p4
1779333942.0,14,2,0.000000,s14_p2
1779333942.0,14,3,0.000000,s14_p3
1779333942.0,4,4,0.000000,s4_p4
1779333942.0,4,1,0.000000,s4_p1
1779333942.0,4,2,0.000000,s4_p2
1779333942.0,4,3,0.000000,s4_p3
1779333942.0,7,1,0.000000,s7_p1
1779333942.0,7,4,0.000000,s7_p4
1779333942.0,7,2,0.000000,s7_p2
1779333942.0,7,3,0.000000,s7_p3
1779333942.0,12,4,0.000000,s12_p4
1779333942.0,12,1,0.000000,s12_p1
1779333942.0,12,2,0.000000,s12_p2
1779333942.0,12,3,0.000000,s12_p3
1779333942.0,20,1,0.000000,s20_p1
1779333942.0,20,4,0.000000,s20_p4
1779333942.0,20,2,0.000000,s20_p2
1779333942.0,20,3,0.000000,s20_p3
1779333942.0,5,4,0.000000,s5_p4
1779333942.0,5,1,0.000000,s5_p1
1779333942.0,5,2,0.000000,s5_p2
1779333942.0,5,3,0.000000,s5_p3
1779333942.0,2,1,0.000000,s2_p1
1779333942.0,2,4,0.000000,s2_p4
1779333942.0,2,2,0.000000,s2_p2
1779333942.0,2,3,0.000000,s2_p3
1779333942.0,18,1,0.000000,s18_p1
1779333942.0,18,4,0.000000,s18_p4
1779333942.0,18,2,0.000000,s18_p2
1779333942.0,18,3,0.000000,s18_p3
1779333942.0,16,1,0.000000,s16_p1
1779333942.0,16,4,0.000000,s16_p4
1779333942.0,16,2,0.000000,s16_p2
1779333942.0,16,3,0.000000,s16_p3
1779333942.0,11,4,0.000000,s11_p4
1779333942.0,11,1,0.000000,s11_p1
1779333942.0,11,2,0.000000,s11_p2
1779333942.0,11,3,0.000000,s11_p3
1779333942.0,17,1,0.000000,s17_p1
1779333942.0,17,4,0.000000,s17_p4
1779333942.0,17,2,0.000000,s17_p2
1779333942.0,17,3,0.000000,s17_p3
1779333942.0,9,4,0.000000,s9_p4
1779333942.0,9,1,0.000000,s9_p1
1779333942.0,9,2,0.000000,s9_p2
1779333942.0,9,3,0.000000,s9_p3
1779333942.0,19,1,0.000000,s19_p1
1779333942.0,19,4,0.000000,s19_p4
1779333942.0,19,2,0.000000,s19_p2
1779333942.0,19,3,0.000000,s19_p3
1779333942.0,1,4,0.000000,s1_p4
1779333942.0,1,1,0.000000,s1_p1
1779333942.0,1,2,0.000000,s1_p2
1779333942.0,1,3,0.000000,s1_p3
1779333942.0,14,1,0.000000,s14_p1
1779333942.0,14,4,0.000000,s14_p4
1779333942.0,14,2,0.000000,s14_p2
1779333942.0,14,3,0.000000,s14_p3
1779333942.0,3,4,0.000000,s3_p4
1779333942.0,3,1,0.000000,s3_p1
1779333942.0,3,2,0.000000,s3_p2
1779333942.0,3,3,0.000000,s3_p3
1779333942.0,13,4,0.000000,s13_p4
1779333942.0,13,1,0.000000,s13_p1
1779333942.0,13,2,0.000000,s13_p2
1779333942.0,13,3,0.000000,s13_p3
1779333942.0,10,4,0.000000,s10_p4
1779333942.0,10,1,0.000000,s10_p1
1779333942.0,10,2,0.000000,s10_p2
1779333942.0,10,3,0.000000,s10_p3
1779333942.0,7,1,0.000000,s7_p1
1779333942.0,7,4,0.000000,s7_p4
1779333942.0,7,2,0.000000,s7_p2
1779333942.0,7,3,0.000000,s7_p3
1779333942.0,15,4,0.000000,s15_p4
1779333942.0,15,1,0.000000,s15_p1
1779333942.0,15,2,0.000000,s15_p2
1779333942.0,15,3,0.000000,s15_p3
1779333942.0,8,4,0.000000,s8_p4
1779333942.0,8,1,0.000000,s8_p1
1779333942.0,8,2,0.000000,s8_p2
1779333942.0,8,3,0.000000,s8_p3
1779333942.0,20,1,0.000000,s20_p1
1779333942.0,20,4,0.000000,s20_p4
1779333942.0,20,2,0.000000,s20_p2
1779333942.0,20,3,0.000000,s20_p3
1779333942.0,18,1,0.000000,s18_p1
1779333942.0,18,4,0.000000,s18_p4
1779333942.0,18,2,0.000000,s18_p2
1779333942.0,18,3,0.000000,s18_p3
1779333942.0,12,4,0.000000,s12_p4
1779333942.0,12,1,0.000000,s12_p1
1779333942.0,12,2,0.000000,s12_p2
1779333942.0,12,3,0.000000,s12_p3
1779333942.0,5,4,0.000000,s5_p4
1779333942.0,5,1,0.000000,s5_p1
1779333942.0,5,2,0.000000,s5_p2
1779333942.0,5,3,0.000000,s5_p3
1779333942.0,4,4,0.000000,s4_p4
1779333942.0,4,1,0.000000,s4_p1
1779333942.0,4,2,0.000000,s4_p2
1779333942.0,4,3,0.000000,s4_p3
1779333942.0,17,1,0.000000,s17_p1
1779333942.0,17,4,0.000000,s17_p4
1779333942.0,17,2,0.000000,s17_p2
1779333942.0,17,3,0.000000,s17_p3
1779333942.0,16,1,0.000000,s16_p1
1779333942.0,16,4,0.000000,s16_p4
1779333942.0,16,2,0.000000,s16_p2
1779333942.0,16,3,0.000000,s16_p3
1779333942.0,2,1,0.000000,s2_p1
1779333942.0,2,4,0.000000,s2_p4
1779333942.0,2,2,0.000000,s2_p2
1779333942.0,2,3,0.000000,s2_p3
1779333942.0,11,4,0.000000,s11_p4
1779333942.0,11,1,0.000000,s11_p1
1779333942.0,11,2,0.000000,s11_p2
1779333942.0,11,3,0.000000,s11_p3
1779333942.0,9,4,0.000000,s9_p4
1779333942.0,9,1,0.000000,s9_p1
1779333942.0,9,2,0.000000,s9_p2
1779333942.0,9,3,0.000000,s9_p3
1779333942.0,19,1,0.000000,s19_p1
1779333942.0,19,4,0.000000,s19_p4
1779333942.0,19,2,0.000000,s19_p2
1779333942.0,19,3,0.000000,s19_p3
1779333942.0,6,1,0.000000,s6_p1
1779333942.0,6,4,0.000000,s6_p4
1779333942.0,6,2,0.000000,s6_p2
1779333942.0,6,3,0.000000,s6_p3
1779333943.0,19,1,0.000000,s19_p1
1779333943.0,19,4,0.000000,s19_p4
1779333943.0,19,2,0.000000,s19_p2
1779333943.0,19,3,0.000000,s19_p3
1779333943.0,14,1,0.000000,s14_p1
1779333943.0,14,4,0.000000,s14_p4
1779333943.0,14,2,0.000000,s14_p2
1779333943.0,14,3,0.000000,s14_p3
1779333943.0,3,4,0.000000,s3_p4
1779333943.0,3,1,0.000000,s3_p1
1779333943.0,3,2,0.000000,s3_p2
1779333943.0,3,3,0.000000,s3_p3
1779333943.0,15,4,0.000000,s15_p4
1779333943.0,15,1,0.000000,s15_p1
1779333943.0,15,2,0.000000,s15_p2
1779333943.0,15,3,0.000000,s15_p3
1779333943.0,10,4,0.000000,s10_p4
1779333943.0,10,1,0.000000,s10_p1
1779333943.0,10,2,0.000000,s10_p2
1779333943.0,10,3,0.000000,s10_p3
1779333943.0,1,4,0.000000,s1_p4
1779333943.0,1,1,0.000000,s1_p1
1779333943.0,1,2,0.000000,s1_p2
1779333943.0,1,3,0.000000,s1_p3
1779333943.0,6,1,0.000000,s6_p1
1779333943.0,6,4,0.000000,s6_p4
1779333943.0,6,2,0.000000,s6_p2
1779333943.0,6,3,0.000000,s6_p3
1779333943.0,13,4,0.000000,s13_p4
1779333943.0,13,1,0.000000,s13_p1
1779333943.0,13,2,0.000000,s13_p2
1779333943.0,13,3,0.000000,s13_p3
1779333943.0,20,1,0.000000,s20_p1
1779333943.0,20,4,0.000000,s20_p4
1779333943.0,20,2,0.000000,s20_p2
1779333943.0,20,3,0.000000,s20_p3
1779333943.0,8,4,0.000000,s8_p4
1779333943.0,8,1,0.000000,s8_p1
1779333943.0,8,2,0.000000,s8_p2
1779333943.0,8,3,0.000000,s8_p3
1779333943.0,7,1,0.000000,s7_p1
1779333943.0,7,4,0.000000,s7_p4
1779333943.0,7,2,0.000000,s7_p2
1779333943.0,7,3,0.000000,s7_p3
1779333943.0,18,1,0.000000,s18_p1
1779333943.0,18,4,0.000000,s18_p4
1779333943.0,18,2,0.000000,s18_p2
1779333943.0,18,3,0.000000,s18_p3
1779333943.0,4,4,0.000000,s4_p4
1779333943.0,4,1,0.000000,s4_p1
1779333943.0,4,2,0.000000,s4_p2
1779333943.0,4,3,0.000000,s4_p3
1779333943.0,5,4,0.000000,s5_p4
1779333943.0,5,1,0.000000,s5_p1
1779333943.0,5,2,0.000000,s5_p2
1779333943.0,5,3,0.000000,s5_p3
1779333943.0,12,4,0.000000,s12_p4
1779333943.0,12,1,0.000000,s12_p1
1779333943.0,12,2,0.000000,s12_p2
1779333943.0,12,3,0.000000,s12_p3
1779333943.0,16,1,0.000000,s16_p1
1779333943.0,16,4,0.000000,s16_p4
1779333943.0,16,2,0.000000,s16_p2
1779333943.0,16,3,0.000000,s16_p3
1779333943.0,2,1,0.000000,s2_p1
1779333943.0,2,4,0.000000,s2_p4
1779333943.0,2,2,0.000000,s2_p2
1779333943.0,2,3,0.000000,s2_p3
1779333943.0,11,4,0.000000,s11_p4
1779333943.0,11,1,0.000000,s11_p1
1779333943.0,11,2,0.000000,s11_p2
1779333943.0,11,3,0.000000,s11_p3
1779333943.0,17,1,0.000000,s17_p1
1779333943.0,17,4,0.000000,s17_p4
1779333943.0,17,2,0.000000,s17_p2
1779333943.0,17,3,0.000000,s17_p3
1779333943.0,9,4,0.000000,s9_p4
1779333943.0,9,1,0.000000,s9_p1
1779333943.0,9,2,0.000000,s9_p2
1779333943.0,9,3,0.000000,s9_p3
1779333943.0,6,1,0.000000,s6_p1
1779333943.0,6,4,0.000000,s6_p4
1779333943.0,6,2,0.000000,s6_p2
1779333943.0,6,3,0.000000,s6_p3
1779333943.0,15,4,0.000000,s15_p4
1779333943.0,15,1,0.000000,s15_p1
1779333943.0,15,2,0.000000,s15_p2
1779333943.0,15,3,0.000000,s15_p3
1779333943.0,3,4,0.000000,s3_p4
1779333943.0,3,1,0.000000,s3_p1
1779333943.0,3,2,0.000000,s3_p2
1779333943.0,3,3,0.000000,s3_p3
1779333943.0,1,4,0.000000,s1_p4
1779333943.0,1,1,0.000000,s1_p1
1779333943.0,1,2,0.000000,s1_p2
1779333943.0,1,3,0.000000,s1_p3
1779333943.0,14,1,0.000000,s14_p1
1779333943.0,14,4,0.000000,s14_p4
1779333943.0,14,2,0.000000,s14_p2
1779333943.0,14,3,0.000000,s14_p3
1779333943.0,10,4,0.000000,s10_p4
1779333943.0,10,1,0.000000,s10_p1
1779333943.0,10,2,0.000000,s10_p2
1779333943.0,10,3,0.000000,s10_p3
1779333943.0,4,4,0.000000,s4_p4
1779333943.0,4,1,0.000000,s4_p1
1779333943.0,4,2,0.000000,s4_p2
1779333943.0,4,3,0.000000,s4_p3
1779333943.0,8,4,0.000000,s8_p4
1779333943.0,8,1,0.000000,s8_p1
1779333943.0,8,2,0.000000,s8_p2
1779333943.0,8,3,0.000000,s8_p3
1779333943.0,20,1,0.000000,s20_p1
1779333943.0,20,4,0.000000,s20_p4
1779333943.0,20,2,0.000000,s20_p2
1779333943.0,20,3,0.000000,s20_p3
1779333943.0,13,4,0.000000,s13_p4
1779333943.0,13,1,0.000000,s13_p1
1779333943.0,13,2,0.000000,s13_p2
1779333943.0,13,3,0.000000,s13_p3
1779333943.0,7,1,0.000000,s7_p1
1779333943.0,7,4,0.000000,s7_p4
1779333943.0,7,2,0.000000,s7_p2
1779333943.0,7,3,0.000000,s7_p3
1779333943.0,5,4,0.000000,s5_p4
1779333943.0,5,1,0.000000,s5_p1
1779333943.0,5,2,0.000000,s5_p2
1779333943.0,5,3,0.000000,s5_p3
1779333943.0,2,1,0.000000,s2_p1
1779333943.0,2,4,0.000000,s2_p4
1779333943.0,2,2,0.000000,s2_p2
1779333943.0,2,3,0.000000,s2_p3
1779333943.0,18,1,0.000000,s18_p1
1779333943.0,18,4,0.000000,s18_p4
1779333943.0,18,2,0.000000,s18_p2
1779333943.0,18,3,0.000000,s18_p3
1779333943.0,17,1,0.000000,s17_p1
1779333943.0,17,4,0.000000,s17_p4
1779333943.0,17,2,0.000000,s17_p2
1779333943.0,17,3,0.000000,s17_p3
1779333943.0,11,4,0.000000,s11_p4
1779333943.0,11,1,0.000000,s11_p1
1779333943.0,11,2,0.000000,s11_p2
1779333943.0,11,3,0.000000,s11_p3
1779333943.0,12,4,0.000000,s12_p4
1779333943.0,12,1,0.000000,s12_p1
1779333943.0,12,2,0.000000,s12_p2
1779333943.0,12,3,0.000000,s12_p3
1779333943.0,16,1,0.000000,s16_p1
1779333943.0,16,4,0.000000,s16_p4
1779333943.0,16,2,0.000000,s16_p2
1779333943.0,16,3,0.000000,s16_p3
1779333943.0,19,1,0.000000,s19_p1
1779333943.0,19,4,0.000000,s19_p4
1779333943.0,19,2,0.000000,s19_p2
1779333943.0,19,3,0.000000,s19_p3
1779333943.0,9,4,0.000000,s9_p4
1779333943.0,9,1,0.000000,s9_p1
1779333943.0,9,2,0.000000,s9_p2
1779333943.0,9,3,0.000000,s9_p3
1779333944.0,6,1,0.000000,s6_p1
1779333944.0,6,4,0.000000,s6_p4
1779333944.0,6,2,0.000000,s6_p2
1779333944.0,6,3,0.000000,s6_p3
1779333944.0,14,1,0.000000,s14_p1
1779333944.0,14,4,0.000000,s14_p4
1779333944.0,14,2,0.000000,s14_p2
1779333944.0,14,3,0.000000,s14_p3
1779333944.0,1,4,0.000000,s1_p4
1779333944.0,1,1,0.000000,s1_p1
1779333944.0,1,2,0.000000,s1_p2
1779333944.0,1,3,0.000000,s1_p3
1779333944.0,8,4,0.000000,s8_p4
1779333944.0,8,1,0.000000,s8_p1
1779333944.0,8,2,0.000000,s8_p2
1779333944.0,8,3,0.000000,s8_p3
1779333944.0,10,4,0.000000,s10_p4
1779333944.0,10,1,0.000000,s10_p1
1779333944.0,10,2,0.000000,s10_p2
1779333944.0,10,3,0.000000,s10_p3
1779333944.0,7,1,0.000000,s7_p1
1779333944.0,7,4,0.000000,s7_p4
1779333944.0,7,2,0.000000,s7_p2
1779333944.0,7,3,0.000000,s7_p3
1779333944.0,3,4,0.000000,s3_p4
1779333944.0,3,1,0.000000,s3_p1
1779333944.0,3,2,0.000000,s3_p2
1779333944.0,3,3,0.000000,s3_p3
1779333944.0,4,4,0.000000,s4_p4
1779333944.0,4,1,0.000000,s4_p1
1779333944.0,4,2,0.000000,s4_p2
1779333944.0,4,3,0.000000,s4_p3
1779333944.0,15,4,0.000000,s15_p4
1779333944.0,15,1,0.000000,s15_p1
1779333944.0,15,2,0.000000,s15_p2
1779333944.0,15,3,0.000000,s15_p3
1779333944.0,13,4,0.000000,s13_p4
1779333944.0,13,1,0.000000,s13_p1
1779333944.0,13,2,0.000000,s13_p2
1779333944.0,13,3,0.000000,s13_p3
1779333944.0,20,1,0.000000,s20_p1
1779333944.0,20,4,0.000000,s20_p4
1779333944.0,20,2,0.000000,s20_p2
1779333944.0,20,3,0.000000,s20_p3
1779333944.0,17,1,0.000000,s17_p1
1779333944.0,17,4,0.000000,s17_p4
1779333944.0,17,2,0.000000,s17_p2
1779333944.0,17,3,0.000000,s17_p3
1779333944.0,16,1,0.000000,s16_p1
1779333944.0,16,4,0.000000,s16_p4
1779333944.0,16,2,0.000000,s16_p2
1779333944.0,16,3,0.000000,s16_p3
1779333944.0,12,4,0.000000,s12_p4
1779333944.0,12,1,0.000000,s12_p1
1779333944.0,12,2,0.000000,s12_p2
1779333944.0,12,3,0.000000,s12_p3
1779333944.0,11,4,0.000000,s11_p4
1779333944.0,11,1,0.000000,s11_p1
1779333944.0,11,2,0.000000,s11_p2
1779333944.0,11,3,0.000000,s11_p3
1779333944.0,18,1,0.000000,s18_p1
1779333944.0,18,4,0.000000,s18_p4
1779333944.0,18,2,0.000000,s18_p2
1779333944.0,18,3,0.000000,s18_p3
1779333944.0,5,4,0.000000,s5_p4
1779333944.0,5,1,0.000000,s5_p1
1779333944.0,5,2,0.000000,s5_p2
1779333944.0,5,3,0.000000,s5_p3
1779333944.0,9,4,0.000000,s9_p4
1779333944.0,9,1,0.000000,s9_p1
1779333944.0,9,2,0.000000,s9_p2
1779333944.0,9,3,0.000000,s9_p3
1779333944.0,2,1,0.000000,s2_p1
1779333944.0,2,4,0.000000,s2_p4
1779333944.0,2,2,0.000000,s2_p2
1779333944.0,2,3,0.000000,s2_p3
1779333944.0,19,1,0.000000,s19_p1
1779333944.0,19,4,0.000000,s19_p4
1779333944.0,19,2,0.000000,s19_p2
1779333944.0,19,3,0.000000,s19_p3
1779333944.0,1,4,0.000000,s1_p4
1779333944.0,1,1,0.000000,s1_p1
1779333944.0,1,2,0.000000,s1_p2
1779333944.0,1,3,0.000000,s1_p3
1779333944.0,6,1,0.000000,s6_p1
1779333944.0,6,4,0.000000,s6_p4
1779333944.0,6,2,0.000000,s6_p2
1779333944.0,6,3,0.000000,s6_p3
1779333944.0,3,4,0.000000,s3_p4
1779333944.0,3,1,0.000000,s3_p1
1779333944.0,3,2,0.000000,s3_p2
1779333944.0,3,3,0.000000,s3_p3
1779333944.0,14,1,0.000000,s14_p1
1779333944.0,14,4,0.000000,s14_p4
1779333944.0,14,2,0.000000,s14_p2
1779333944.0,14,3,0.000000,s14_p3
1779333944.0,10,4,0.000000,s10_p4
1779333944.0,10,1,0.000000,s10_p1
1779333944.0,10,2,0.000000,s10_p2
1779333944.0,10,3,0.000000,s10_p3
1779333944.0,15,4,0.000000,s15_p4
1779333944.0,15,1,0.000000,s15_p1
1779333944.0,15,2,0.000000,s15_p2
1779333944.0,15,3,0.000000,s15_p3
1779333944.0,8,4,0.000000,s8_p4
1779333944.0,8,1,0.000000,s8_p1
1779333944.0,8,2,0.000000,s8_p2
1779333944.0,8,3,0.000000,s8_p3
1779333944.0,13,4,0.000000,s13_p4
1779333944.0,13,1,0.000000,s13_p1
1779333944.0,13,2,0.000000,s13_p2
1779333944.0,13,3,0.000000,s13_p3
1779333944.0,7,1,0.000000,s7_p1
1779333944.0,7,4,0.000000,s7_p4
1779333944.0,7,2,0.000000,s7_p2
1779333944.0,7,3,0.000000,s7_p3
1779333944.0,5,4,0.000000,s5_p4
1779333944.0,5,1,0.000000,s5_p1
1779333944.0,5,2,0.000000,s5_p2
1779333944.0,5,3,0.000000,s5_p3
1779333944.0,20,1,0.000000,s20_p1
1779333944.0,20,4,0.000000,s20_p4
1779333944.0,20,2,0.000000,s20_p2
1779333944.0,20,3,0.000000,s20_p3
1779333944.0,4,4,0.000000,s4_p4
1779333944.0,4,1,0.000000,s4_p1
1779333944.0,4,2,0.000000,s4_p2
1779333944.0,4,3,0.000000,s4_p3
1779333944.0,12,4,0.000000,s12_p4
1779333944.0,12,1,0.000000,s12_p1
1779333944.0,12,2,0.000000,s12_p2
1779333944.0,12,3,0.000000,s12_p3
1779333944.0,17,1,0.000000,s17_p1
1779333944.0,17,4,0.000000,s17_p4
1779333944.0,17,2,0.000000,s17_p2
1779333944.0,17,3,0.000000,s17_p3
1779333944.0,16,1,0.000000,s16_p1
1779333944.0,16,4,0.000000,s16_p4
1779333944.0,16,2,0.000000,s16_p2
1779333944.0,16,3,0.000000,s16_p3
1779333944.0,11,4,0.000000,s11_p4
1779333944.0,11,1,0.000000,s11_p1
1779333944.0,11,2,0.000000,s11_p2
1779333944.0,11,3,0.000000,s11_p3
1779333944.0,2,1,0.000000,s2_p1
1779333944.0,2,4,0.000000,s2_p4
1779333944.0,2,2,0.000000,s2_p2
1779333944.0,2,3,0.000000,s2_p3
1779333944.0,18,1,0.000000,s18_p1
1779333944.0,18,4,0.000000,s18_p4
1779333944.0,18,2,0.000000,s18_p2
1779333944.0,18,3,0.000000,s18_p3
1779333944.0,9,4,0.000000,s9_p4
1779333944.0,9,1,0.000000,s9_p1
1779333944.0,9,2,0.000000,s9_p2
1779333944.0,9,3,0.000000,s9_p3
1779333944.0,19,1,0.000000,s19_p1
1779333944.0,19,4,0.000000,s19_p4
1779333944.0,19,2,0.000000,s19_p2
1779333944.0,19,3,0.000000,s19_p3
1779333945.0,19,1,0.000000,s19_p1
1779333945.0,19,4,0.000000,s19_p4
1779333945.0,19,2,0.000000,s19_p2
1779333945.0,19,3,0.000000,s19_p3
1779333945.0,6,1,0.019306,s6_p1
1779333945.0,6,4,0.000000,s6_p4
1779333945.0,6,2,0.033786,s6_p2
1779333945.0,6,3,0.000000,s6_p3
1779333945.0,1,4,0.036191,s1_p4
1779333945.0,1,1,0.000000,s1_p1
1779333945.0,1,2,0.000000,s1_p2
1779333945.0,1,3,0.000000,s1_p3
1779333945.0,10,4,0.096543,s10_p4
1779333945.0,10,1,0.000000,s10_p1
1779333945.0,10,2,0.016895,s10_p2
1779333945.0,10,3,0.000000,s10_p3
1779333945.0,8,4,0.016906,s8_p4
1779333945.0,8,1,0.000000,s8_p1
1779333945.0,8,2,0.000000,s8_p2
1779333945.0,8,3,0.055547,s8_p3
1779333945.0,13,4,0.000000,s13_p4
1779333945.0,13,1,0.033814,s13_p1
1779333945.0,13,2,0.000000,s13_p2
1779333945.0,13,3,0.156996,s13_p3
1779333945.0,3,4,0.000000,s3_p4
1779333945.0,3,1,0.012062,s3_p1
1779333945.0,3,2,0.019299,s3_p2
1779333945.0,3,3,0.000000,s3_p3
1779333945.0,15,4,0.000000,s15_p4
1779333945.0,15,1,0.000000,s15_p1
1779333945.0,15,2,0.000000,s15_p2
1779333945.0,15,3,0.277580,s15_p3
1779333945.0,14,1,0.000000,s14_p1
1779333945.0,14,4,0.000000,s14_p4
1779333945.0,14,2,0.053071,s14_p2
1779333945.0,14,3,0.000000,s14_p3
1779333945.0,5,4,0.000000,s5_p4
1779333945.0,5,1,0.000000,s5_p1
1779333945.0,5,2,0.033815,s5_p2
1779333945.0,5,3,0.031399,s5_p3
1779333945.0,18,1,0.000000,s18_p1
1779333945.0,18,4,0.000000,s18_p4
1779333945.0,18,2,0.000000,s18_p2
1779333945.0,18,3,0.000000,s18_p3
1779333945.0,12,4,0.000000,s12_p4
1779333945.0,12,1,0.033816,s12_p1
1779333945.0,12,2,0.000000,s12_p2
1779333945.0,12,3,0.000000,s12_p3
1779333945.0,17,1,0.157065,s17_p1
1779333945.0,17,4,0.000000,s17_p4
1779333945.0,17,2,0.277885,s17_p2
1779333945.0,17,3,0.169147,s17_p3
1779333945.0,7,1,0.000000,s7_p1
1779333945.0,7,4,0.065168,s7_p4
1779333945.0,7,2,0.000000,s7_p2
1779333945.0,7,3,0.000000,s7_p3
1779333945.0,20,1,0.000000,s20_p1
1779333945.0,20,4,0.000000,s20_p4
1779333945.0,20,2,0.169054,s20_p2
1779333945.0,20,3,0.265656,s20_p3
1779333945.0,4,4,0.000000,s4_p4
1779333945.0,4,1,0.055547,s4_p1
1779333945.0,4,2,0.000000,s4_p2
1779333945.0,4,3,0.033811,s4_p3
1779333945.0,16,1,0.000000,s16_p1
1779333945.0,16,4,0.338164,s16_p4
1779333945.0,16,2,0.000000,s16_p2
1779333945.0,16,3,0.000000,s16_p3
1779333945.0,9,4,0.000000,s9_p4
1779333945.0,9,1,0.000000,s9_p1
1779333945.0,9,2,0.031409,s9_p2
1779333945.0,9,3,0.000000,s9_p3
1779333945.0,11,4,0.000000,s11_p4
1779333945.0,11,1,0.000000,s11_p1
1779333945.0,11,2,0.055553,s11_p2
1779333945.0,11,3,0.169076,s11_p3
1779333945.0,2,1,0.016908,s2_p1
1779333945.0,2,4,0.000000,s2_p4
1779333945.0,2,2,0.031400,s2_p2
1779333945.0,2,3,0.000000,s2_p3
1779333945.0,16,1,0.000000,s16_p1
1779333945.0,16,4,0.991564,s16_p4
1779333945.0,16,2,0.000000,s16_p2
1779333945.0,16,3,0.000000,s16_p3
1779333945.0,12,4,0.000000,s12_p4
1779333945.0,12,1,0.103921,s12_p1
1779333945.0,12,2,0.000000,s12_p2
1779333945.0,12,3,0.000000,s12_p3
1779333945.0,3,4,0.000000,s3_p4
1779333945.0,3,1,0.041057,s3_p1
1779333945.0,3,2,0.065208,s3_p2
1779333945.0,3,3,0.000000,s3_p3
1779333945.0,1,4,0.125487,s1_p4
1779333945.0,1,1,0.000000,s1_p1
1779333945.0,1,2,0.000000,s1_p2
1779333945.0,1,3,0.000000,s1_p3
1779333945.0,11,4,0.000000,s11_p4
1779333945.0,11,1,0.000000,s11_p1
1779333945.0,11,2,0.152182,s11_p2
1779333945.0,11,3,0.664288,s11_p3
1779333945.0,18,1,0.000000,s18_p1
1779333945.0,18,4,0.000000,s18_p4
1779333945.0,18,2,0.000000,s18_p2
1779333945.0,18,3,0.000000,s18_p3
1779333945.0,6,1,0.055440,s6_p1
1779333945.0,6,4,0.000000,s6_p4
1779333945.0,6,2,0.094007,s6_p2
1779333945.0,6,3,0.000000,s6_p3
1779333945.0,8,4,0.048243,s8_p4
1779333945.0,8,1,0.000000,s8_p1
1779333945.0,8,2,0.000000,s8_p2
1779333945.0,8,3,0.151965,s8_p3
1779333945.0,15,4,0.000000,s15_p4
1779333945.0,15,1,0.000000,s15_p1
1779333945.0,15,2,0.000000,s15_p2
1779333945.0,15,3,0.759873,s15_p3
1779333945.0,19,1,0.000000,s19_p1
1779333945.0,19,4,0.000000,s19_p4
1779333945.0,19,2,0.000000,s19_p2
1779333945.0,19,3,0.000000,s19_p3
1779333945.0,4,4,0.000000,s4_p4
1779333945.0,4,1,0.152083,s4_p1
1779333945.0,4,2,0.000000,s4_p2
1779333945.0,4,3,0.132771,s4_p3
1779333945.0,2,1,0.070037,s2_p1
1779333945.0,2,4,0.000000,s2_p4
1779333945.0,2,2,0.091773,s2_p2
1779333945.0,2,3,0.000000,s2_p3
1779333945.0,7,1,0.000000,s7_p1
1779333945.0,7,4,0.197931,s7_p4
1779333945.0,7,2,0.000000,s7_p2
1779333945.0,7,3,0.000000,s7_p3
1779333945.0,5,4,0.000000,s5_p4
1779333945.0,5,1,0.000000,s5_p1
1779333945.0,5,2,0.132734,s5_p2
1779333945.0,5,3,0.091707,s5_p3
1779333945.0,17,1,0.458580,s17_p1
1779333945.0,17,4,0.000000,s17_p4
1779333945.0,17,2,0.760278,s17_p2
1779333945.0,17,3,0.663735,s17_p3
1779333945.0,14,1,0.000000,s14_p1
1779333945.0,14,4,0.000000,s14_p4
1779333945.0,14,2,0.149549,s14_p2
1779333945.0,14,3,0.000000,s14_p3
1779333945.0,13,4,0.000000,s13_p4
1779333945.0,13,1,0.132650,s13_p1
1779333945.0,13,2,0.000000,s13_p2
1779333945.0,13,3,0.458244,s13_p3
1779333945.0,9,4,0.000000,s9_p4
1779333945.0,9,1,0.000000,s9_p1
1779333945.0,9,2,0.091755,s9_p2
1779333945.0,9,3,0.000000,s9_p3
1779333945.0,20,1,0.000000,s20_p1
1779333945.0,20,4,0.000000,s20_p4
1779333945.0,20,2,0.518889,s20_p2
1779333945.0,20,3,0.748165,s20_p3
1779333945.0,10,4,0.277289,s10_p4
1779333945.0,10,1,0.000000,s10_p1
1779333945.0,10,2,0.069925,s10_p2
1779333945.0,10,3,0.000000,s10_p3
1779333946.0,1,4,0.125774,s1_p4
1779333946.0,1,1,0.000000,s1_p1
1779333946.0,1,2,0.000000,s1_p2
1779333946.0,1,3,0.000000,s1_p3
1779333946.0,19,1,0.000000,s19_p1
1779333946.0,19,4,0.000000,s19_p4
1779333946.0,19,2,0.000000,s19_p2
1779333946.0,19,3,0.000000,s19_p3
1779333946.0,6,1,0.055683,s6_p1
1779333946.0,6,4,0.000000,s6_p4
1779333946.0,6,2,0.096839,s6_p2
1779333946.0,6,3,0.000000,s6_p3
1779333946.0,8,4,0.048398,s8_p4
1779333946.0,8,1,0.000000,s8_p1
1779333946.0,8,2,0.000000,s8_p2
1779333946.0,8,3,0.150033,s8_p3
1779333946.0,13,4,0.000000,s13_p4
1779333946.0,13,1,0.135518,s13_p1
1779333946.0,13,2,0.000000,s13_p2
1779333946.0,13,3,0.471893,s13_p3
1779333946.0,10,4,0.278296,s10_p4
1779333946.0,10,1,0.000000,s10_p1
1779333946.0,10,2,0.070179,s10_p2
1779333946.0,10,3,0.000000,s10_p3
1779333946.0,3,4,0.000000,s3_p4
1779333946.0,3,1,0.036245,s3_p1
1779333946.0,3,2,0.067657,s3_p2
1779333946.0,3,3,0.000000,s3_p3
1779333946.0,14,1,0.000000,s14_p1
1779333946.0,14,4,0.000000,s14_p4
1779333946.0,14,2,0.152425,s14_p2
1779333946.0,14,3,0.000000,s14_p3
1779333946.0,4,4,0.000000,s4_p4
1779333946.0,4,1,0.149853,s4_p1
1779333946.0,4,2,0.000000,s4_p2
1779333946.0,4,3,0.135351,s4_p3
1779333946.0,15,4,0.000000,s15_p4
1779333946.0,15,1,0.000000,s15_p1
1779333946.0,15,2,0.000000,s15_p2
1779333946.0,15,3,0.749164,s15_p3
1779333946.0,5,4,0.000000,s5_p4
1779333946.0,5,1,0.000000,s5_p1
1779333946.0,5,2,0.135341,s5_p2
1779333946.0,5,3,0.094255,s5_p3
1779333946.0,12,4,0.000000,s12_p4
1779333946.0,12,1,0.103783,s12_p1
1779333946.0,12,2,0.000000,s12_p2
1779333946.0,12,3,0.000000,s12_p3
1779333946.0,20,1,0.000000,s20_p1
1779333946.0,20,4,0.000000,s20_p4
1779333946.0,20,2,0.519670,s20_p2
1779333946.0,20,3,0.761377,s20_p3
1779333946.0,7,1,0.000000,s7_p1
1779333946.0,7,4,0.202989,s7_p4
1779333946.0,7,2,0.000000,s7_p2
1779333946.0,7,3,0.000000,s7_p3
1779333946.0,18,1,0.000000,s18_p1
1779333946.0,18,4,0.000000,s18_p4
1779333946.0,18,2,0.000000,s18_p2
1779333946.0,18,3,0.000000,s18_p3
1779333946.0,9,4,0.000000,s9_p4
1779333946.0,9,1,0.000000,s9_p1
1779333946.0,9,2,0.094204,s9_p2
1779333946.0,9,3,0.000000,s9_p3
1779333946.0,16,1,0.000000,s16_p1
1779333946.0,16,4,1.000000,s16_p4
1779333946.0,16,2,0.000000,s16_p2
1779333946.0,16,3,0.000000,s16_p3
1779333946.0,2,1,0.070035,s2_p1
1779333946.0,2,4,0.000000,s2_p4
1779333946.0,2,2,0.094185,s2_p2
1779333946.0,2,3,0.000000,s2_p3
1779333946.0,17,1,0.470931,s17_p1
1779333946.0,17,4,0.000000,s17_p4
1779333946.0,17,2,0.748659,s17_p2
1779333946.0,17,3,0.676208,s17_p3
1779333946.0,11,4,0.000000,s11_p4
1779333946.0,11,1,0.000000,s11_p1
1779333946.0,11,2,0.149683,s11_p2
1779333946.0,11,3,0.675988,s11_p3
1779333946.0,6,1,0.055550,s6_p1
1779333946.0,6,4,0.000000,s6_p4
1779333946.0,6,2,0.094193,s6_p2
1779333946.0,6,3,0.000000,s6_p3
1779333946.0,19,1,0.000000,s19_p1
1779333946.0,19,4,0.000000,s19_p4
1779333946.0,19,2,0.000000,s19_p2
1779333946.0,19,3,0.000000,s19_p3
1779333946.0,3,4,0.000000,s3_p4
1779333946.0,3,1,0.033797,s3_p1
1779333946.0,3,2,0.072421,s3_p2
1779333946.0,3,3,0.000000,s3_p3
1779333946.0,15,4,0.000000,s15_p4
1779333946.0,15,1,0.000000,s15_p1
1779333946.0,15,2,0.000000,s15_p2
1779333946.0,15,3,0.761053,s15_p3
1779333946.0,14,1,0.000000,s14_p1
1779333946.0,14,4,0.000000,s14_p4
1779333946.0,14,2,0.149629,s14_p2
1779333946.0,14,3,0.000000,s14_p3
1779333946.0,8,4,0.048247,s8_p4
1779333946.0,8,1,0.000000,s8_p1
1779333946.0,8,2,0.000000,s8_p2
1779333946.0,8,3,0.151979,s8_p3
1779333946.0,10,4,0.277482,s10_p4
1779333946.0,10,1,0.000000,s10_p1
1779333946.0,10,2,0.069974,s10_p2
1779333946.0,10,3,0.000000,s10_p3
1779333946.0,7,1,0.000000,s7_p1
1779333946.0,7,4,0.198078,s7_p4
1779333946.0,7,2,0.000000,s7_p2
1779333946.0,7,3,0.000000,s7_p3
1779333946.0,1,4,0.125336,s1_p4
1779333946.0,1,1,0.000000,s1_p1
1779333946.0,1,2,0.000000,s1_p2
1779333946.0,1,3,0.000000,s1_p3
1779333946.0,5,4,0.000000,s5_p4
1779333946.0,5,1,0.000000,s5_p1
1779333946.0,5,2,0.132702,s5_p2
1779333946.0,5,3,0.094098,s5_p3
1779333946.0,4,4,0.000000,s4_p4
1779333946.0,4,1,0.151972,s4_p1
1779333946.0,4,2,0.000000,s4_p2
1779333946.0,4,3,0.132674,s4_p3
1779333946.0,12,4,0.000000,s12_p4
1779333946.0,12,1,0.106151,s12_p1
1779333946.0,12,2,0.000000,s12_p2
1779333946.0,12,3,0.000000,s12_p3
1779333946.0,18,1,0.000000,s18_p1
1779333946.0,18,4,0.000000,s18_p4
1779333946.0,18,2,0.000000,s18_p2
1779333946.0,18,3,0.000000,s18_p3
1779333946.0,2,1,0.070008,s2_p1
1779333946.0,2,4,0.000000,s2_p4
1779333946.0,2,2,0.094149,s2_p2
1779333946.0,2,3,0.000000,s2_p3
1779333946.0,17,1,0.470756,s17_p1
1779333946.0,17,4,0.000000,s17_p4
1779333946.0,17,2,0.760452,s17_p2
1779333946.0,17,3,0.663887,s17_p3
1779333946.0,20,1,0.000000,s20_p1
1779333946.0,20,4,0.000000,s20_p4
1779333946.0,20,2,0.530725,s20_p2
1779333946.0,20,3,0.747839,s20_p3
1779333946.0,13,4,0.000000,s13_p4
1779333946.0,13,1,0.132507,s13_p1
1779333946.0,13,2,0.000000,s13_p2
1779333946.0,13,3,0.469797,s13_p3
1779333946.0,16,1,0.000000,s16_p1
1779333946.0,16,4,1.000000,s16_p4
1779333946.0,16,2,0.000000,s16_p2
1779333946.0,16,3,0.000000,s16_p3
1779333946.0,11,4,0.000000,s11_p4
1779333946.0,11,1,0.000000,s11_p1
1779333946.0,11,2,0.152082,s11_p2
1779333946.0,11,3,0.663851,s11_p3
1779333946.0,9,4,0.000000,s9_p4
1779333946.0,9,1,0.000000,s9_p1
1779333946.0,9,2,0.094117,s9_p2
1779333946.0,9,3,0.000000,s9_p3
1779333947.0,6,1,0.055638,s6_p1
1779333947.0,6,4,0.000000,s6_p4
1779333947.0,6,2,0.084666,s6_p2
1779333947.0,6,3,0.000000,s6_p3
1779333947.0,10,4,0.278489,s10_p4
1779333947.0,10,1,0.000000,s10_p1
1779333947.0,10,2,0.070228,s10_p2
1779333947.0,10,3,0.000000,s10_p3
1779333947.0,3,4,0.000000,s3_p4
1779333947.0,3,1,0.041146,s3_p1
1779333947.0,3,2,0.075032,s3_p2
1779333947.0,3,3,0.000000,s3_p3
1779333947.0,14,1,0.000000,s14_p1
1779333947.0,14,4,0.000000,s14_p4
1779333947.0,14,2,0.140421,s14_p2
1779333947.0,14,3,0.000000,s14_p3
1779333947.0,1,4,0.125926,s1_p4
1779333947.0,1,1,0.000000,s1_p1
1779333947.0,1,2,0.000000,s1_p2
1779333947.0,1,3,0.000000,s1_p3
1779333947.0,13,4,0.000000,s13_p4
1779333947.0,13,1,0.133268,s13_p1
1779333947.0,13,2,0.000000,s13_p2
1779333947.0,13,3,0.472495,s13_p3
1779333947.0,4,4,0.000000,s4_p4
1779333947.0,4,1,0.150194,s4_p1
1779333947.0,4,2,0.000000,s4_p2
1779333947.0,4,3,0.133236,s4_p3
1779333947.0,15,4,0.000000,s15_p4
1779333947.0,15,1,0.000000,s15_p1
1779333947.0,15,2,0.000000,s15_p2
1779333947.0,15,3,0.749825,s15_p3
1779333947.0,20,1,0.000000,s20_p1
1779333947.0,20,4,0.000000,s20_p4
1779333947.0,20,2,0.581394,s20_p2
1779333947.0,20,3,0.702518,s20_p3
1779333947.0,18,1,0.000000,s18_p1
1779333947.0,18,4,0.000000,s18_p4
1779333947.0,18,2,0.000000,s18_p2
1779333947.0,18,3,0.000000,s18_p3
1779333947.0,2,1,0.070191,s2_p1
1779333947.0,2,4,0.000000,s2_p4
1779333947.0,2,2,0.094394,s2_p2
1779333947.0,2,3,0.000000,s2_p3
1779333947.0,12,4,0.000000,s12_p4
1779333947.0,12,1,0.116168,s12_p1
1779333947.0,12,2,0.000000,s12_p2
1779333947.0,12,3,0.000000,s12_p3
1779333947.0,8,4,0.048337,s8_p4
1779333947.0,8,1,0.000000,s8_p1
1779333947.0,8,2,0.000000,s8_p2
1779333947.0,8,3,0.149845,s8_p3
1779333947.0,11,4,0.000000,s11_p4
1779333947.0,11,1,0.000000,s11_p1
1779333947.0,11,2,0.150066,s11_p2
1779333947.0,11,3,0.665614,s11_p3
1779333947.0,7,1,0.000000,s7_p1
1779333947.0,7,4,0.198194,s7_p4
1779333947.0,7,2,0.000000,s7_p2
1779333947.0,7,3,0.000000,s7_p3
1779333947.0,17,1,0.471896,s17_p1
1779333947.0,17,4,0.000000,s17_p4
1779333947.0,17,2,0.750194,s17_p2
1779333947.0,17,3,0.665495,s17_p3
1779333947.0,5,4,0.000000,s5_p4
1779333947.0,5,1,0.000000,s5_p1
1779333947.0,5,2,0.133067,s5_p2
1779333947.0,5,3,0.094357,s5_p3
1779333947.0,19,1,0.000000,s19_p1
1779333947.0,19,4,0.000000,s19_p4
1779333947.0,19,2,0.000000,s19_p2
1779333947.0,19,3,0.000000,s19_p3
1779333947.0,16,1,0.000000,s16_p1
1779333947.0,16,4,1.000000,s16_p4
1779333947.0,16,2,0.000000,s16_p2
1779333947.0,16,3,0.000000,s16_p3
1779333947.0,9,4,0.000000,s9_p4
1779333947.0,9,1,0.000000,s9_p1
1779333947.0,9,2,0.094360,s9_p2
1779333947.0,9,3,0.000000,s9_p3
1779333947.0,6,1,0.053074,s6_p1
1779333947.0,6,4,0.000000,s6_p4
1779333947.0,6,2,0.091673,s6_p2
1779333947.0,6,3,0.000000,s6_p3
1779333947.0,3,4,0.000000,s3_p4
1779333947.0,3,1,0.048255,s3_p1
1779333947.0,3,2,0.057905,s3_p2
1779333947.0,3,3,0.000000,s3_p3
1779333947.0,1,4,0.123045,s1_p4
1779333947.0,1,1,0.000000,s1_p1
1779333947.0,1,2,0.000000,s1_p2
1779333947.0,1,3,0.000000,s1_p3
1779333947.0,19,1,0.000000,s19_p1
1779333947.0,19,4,0.000000,s19_p4
1779333947.0,19,2,0.000000,s19_p2
1779333947.0,19,3,0.000000,s19_p3
1779333947.0,14,1,0.000000,s14_p1
1779333947.0,14,4,0.000000,s14_p4
1779333947.0,14,2,0.147156,s14_p2
1779333947.0,14,3,0.000000,s14_p3
1779333947.0,15,4,0.000000,s15_p4
1779333947.0,15,1,0.000000,s15_p1
1779333947.0,15,2,0.000000,s15_p2
1779333947.0,15,3,0.759873,s15_p3
1779333947.0,13,4,0.000000,s13_p4
1779333947.0,13,1,0.135057,s13_p1
1779333947.0,13,2,0.000000,s13_p2
1779333947.0,13,3,0.470287,s13_p3
1779333947.0,8,4,0.048286,s8_p4
1779333947.0,8,1,0.000000,s8_p1
1779333947.0,8,2,0.000000,s8_p2
1779333947.0,8,3,0.152101,s8_p3
1779333947.0,10,4,0.265059,s10_p4
1779333947.0,10,1,0.000000,s10_p1
1779333947.0,10,2,0.069879,s10_p2
1779333947.0,10,3,0.000000,s10_p3
1779333947.0,7,1,0.000000,s7_p1
1779333947.0,7,4,0.200396,s7_p4
1779333947.0,7,2,0.000000,s7_p2
1779333947.0,7,3,0.000000,s7_p3
1779333947.0,5,4,0.000000,s5_p4
1779333947.0,5,1,0.000000,s5_p1
1779333947.0,5,2,0.135122,s5_p2
1779333947.0,5,3,0.094103,s5_p3
1779333947.0,18,1,0.000000,s18_p1
1779333947.0,18,4,0.000000,s18_p4
1779333947.0,18,2,0.000000,s18_p2
1779333947.0,18,3,0.000000,s18_p3
1779333947.0,16,1,0.000000,s16_p1
1779333947.0,16,4,1.000000,s16_p4
1779333947.0,16,2,0.000000,s16_p2
1779333947.0,16,3,0.000000,s16_p3
1779333947.0,12,4,0.000000,s12_p4
1779333947.0,12,1,0.106133,s12_p1
1779333947.0,12,2,0.000000,s12_p2
1779333947.0,12,3,0.000000,s12_p3
1779333947.0,2,1,0.069948,s2_p1
1779333947.0,2,4,0.000000,s2_p4
1779333947.0,2,2,0.094068,s2_p2
1779333947.0,2,3,0.000000,s2_p3
1779333947.0,20,1,0.000000,s20_p1
1779333947.0,20,4,0.000000,s20_p4
1779333947.0,20,2,0.530131,s20_p2
1779333947.0,20,3,0.734955,s20_p3
1779333947.0,11,4,0.000000,s11_p4
1779333947.0,11,1,0.000000,s11_p1
1779333947.0,11,2,0.151944,s11_p2
1779333947.0,11,3,0.675308,s11_p3
1779333947.0,4,4,0.000000,s4_p4
1779333947.0,4,1,0.151784,s4_p1
1779333947.0,4,2,0.000000,s4_p2
1779333947.0,4,3,0.134919,s4_p3
1779333947.0,17,1,0.470326,s17_p1
1779333947.0,17,4,0.000000,s17_p4
1779333947.0,17,2,0.759757,s17_p2
1779333947.0,17,3,0.675339,s17_p3
1779333947.0,9,4,0.000000,s9_p4
1779333947.0,9,1,0.000000,s9_p1
1779333947.0,9,2,0.094092,s9_p2
1779333947.0,9,3,0.000000,s9_p3
1779333948.0,1,4,0.125647,s1_p4
1779333948.0,1,1,0.000000,s1_p1
1779333948.0,1,2,0.000000,s1_p2
1779333948.0,1,3,0.000000,s1_p3
1779333948.0,3,4,0.000000,s3_p4
1779333948.0,3,1,0.043467,s3_p1
1779333948.0,3,2,0.062786,s3_p2
1779333948.0,3,3,0.000000,s3_p3
1779333948.0,15,4,0.000000,s15_p4
1779333948.0,15,1,0.000000,s15_p1
1779333948.0,15,2,0.000000,s15_p2
1779333948.0,15,3,0.749336,s15_p3
1779333948.0,14,1,0.000000,s14_p1
1779333948.0,14,4,0.000000,s14_p4
1779333948.0,14,2,0.147314,s14_p2
1779333948.0,14,3,0.000000,s14_p3
1779333948.0,20,1,0.000000,s20_p1
1779333948.0,20,4,0.000000,s20_p4
1779333948.0,20,2,0.532182,s20_p2
1779333948.0,20,3,0.737798,s20_p3
1779333948.0,8,4,0.048325,s8_p4
1779333948.0,8,1,0.000000,s8_p1
1779333948.0,8,2,0.000000,s8_p2
1779333948.0,8,3,0.149806,s8_p3
1779333948.0,10,4,0.277847,s10_p4
1779333948.0,10,1,0.000000,s10_p1
1779333948.0,10,2,0.070066,s10_p2
1779333948.0,10,3,0.000000,s10_p3
1779333948.0,13,4,0.000000,s13_p4
1779333948.0,13,1,0.132864,s13_p1
1779333948.0,13,2,0.000000,s13_p2
1779333948.0,13,3,0.471065,s13_p3
1779333948.0,5,4,0.000000,s5_p4
1779333948.0,5,1,0.000000,s5_p1
1779333948.0,5,2,0.132878,s5_p2
1779333948.0,5,3,0.094222,s5_p3
1779333948.0,18,1,0.000000,s18_p1
1779333948.0,18,4,0.000000,s18_p4
1779333948.0,18,2,0.000000,s18_p2
1779333948.0,18,3,0.000000,s18_p3
1779333948.0,12,4,0.000000,s12_p4
1779333948.0,12,1,0.106305,s12_p1
1779333948.0,12,2,0.000000,s12_p2
1779333948.0,12,3,0.000000,s12_p3
1779333948.0,17,1,0.471221,s17_p1
1779333948.0,17,4,0.000000,s17_p4
1779333948.0,17,2,0.749121,s17_p2
1779333948.0,17,3,0.664543,s17_p3
1779333948.0,2,1,0.070063,s2_p1
1779333948.0,2,4,0.000000,s2_p4
1779333948.0,2,2,0.094223,s2_p2
1779333948.0,2,3,0.000000,s2_p3
1779333948.0,7,1,0.000000,s7_p1
1779333948.0,7,4,0.200351,s7_p4
1779333948.0,7,2,0.000000,s7_p2
1779333948.0,7,3,0.000000,s7_p3
1779333948.0,4,4,0.000000,s4_p4
1779333948.0,4,1,0.149812,s4_p1
1779333948.0,4,2,0.000000,s4_p2
1779333948.0,4,3,0.132898,s4_p3
1779333948.0,9,4,0.000000,s9_p4
1779333948.0,9,1,0.000000,s9_p1
1779333948.0,9,2,0.094219,s9_p2
1779333948.0,9,3,0.000000,s9_p3
1779333948.0,11,4,0.000000,s11_p4
1779333948.0,11,1,0.000000,s11_p1
1779333948.0,11,2,0.149743,s11_p2
1779333948.0,11,3,0.664182,s11_p3
1779333948.0,19,1,0.000000,s19_p1
1779333948.0,19,4,0.000000,s19_p4
1779333948.0,19,2,0.000000,s19_p2
1779333948.0,19,3,0.000000,s19_p3
1779333948.0,6,1,0.055390,s6_p1
1779333948.0,6,4,0.000000,s6_p4
1779333948.0,6,2,0.096330,s6_p2
1779333948.0,6,3,0.000000,s6_p3
1779333948.0,16,1,0.000000,s16_p1
1779333948.0,16,4,0.989959,s16_p4
1779333948.0,16,2,0.000000,s16_p2
1779333948.0,16,3,0.000000,s16_p3
1779333948.0,19,1,0.000000,s19_p1
1779333948.0,19,4,0.000000,s19_p4
1779333948.0,19,2,0.000000,s19_p2
1779333948.0,19,3,0.000000,s19_p3
1779333948.0,6,1,0.055698,s6_p1
1779333948.0,6,4,0.000000,s6_p4
1779333948.0,6,2,0.099287,s6_p2
1779333948.0,6,3,0.000000,s6_p3
1779333948.0,14,1,0.000000,s14_p1
1779333948.0,14,4,0.000000,s14_p4
1779333948.0,14,2,0.157071,s14_p2
1779333948.0,14,3,0.000000,s14_p3
1779333948.0,1,4,0.125574,s1_p4
1779333948.0,1,1,0.000000,s1_p1
1779333948.0,1,2,0.000000,s1_p2
1779333948.0,1,3,0.000000,s1_p3
1779333948.0,3,4,0.000000,s3_p4
1779333948.0,3,1,0.028993,s3_p1
1779333948.0,3,2,0.070065,s3_p2
1779333948.0,3,3,0.000000,s3_p3
1779333948.0,8,4,0.048327,s8_p4
1779333948.0,8,1,0.000000,s8_p1
1779333948.0,8,2,0.000000,s8_p2
1779333948.0,8,3,0.152230,s8_p3
1779333948.0,13,4,0.000000,s13_p4
1779333948.0,13,1,0.135324,s13_p1
1779333948.0,13,2,0.000000,s13_p2
1779333948.0,13,3,0.471218,s13_p3
1779333948.0,10,4,0.277863,s10_p4
1779333948.0,10,1,0.000000,s10_p1
1779333948.0,10,2,0.070070,s10_p2
1779333948.0,10,3,0.000000,s10_p3
1779333948.0,15,4,0.000000,s15_p4
1779333948.0,15,1,0.000000,s15_p1
1779333948.0,15,2,0.000000,s15_p2
1779333948.0,15,3,0.760601,s15_p3
1779333948.0,7,1,0.000000,s7_p1
1779333948.0,7,4,0.200722,s7_p4
1779333948.0,7,2,0.000000,s7_p2
1779333948.0,7,3,0.000000,s7_p3
1779333948.0,18,1,0.000000,s18_p1
1779333948.0,18,4,0.000000,s18_p4
1779333948.0,18,2,0.000000,s18_p2
1779333948.0,18,3,0.000000,s18_p3
1779333948.0,12,4,0.000000,s12_p4
1779333948.0,12,1,0.099088,s12_p1
1779333948.0,12,2,0.000000,s12_p2
1779333948.0,12,3,0.000000,s12_p3
1779333948.0,20,1,0.000000,s20_p1
1779333948.0,20,4,0.000000,s20_p4
1779333948.0,20,2,0.494886,s20_p2
1779333948.0,20,3,0.784576,s20_p3
1779333948.0,4,4,0.000000,s4_p4
1779333948.0,4,1,0.152260,s4_p1
1779333948.0,4,2,0.000000,s4_p2
1779333948.0,4,3,0.135342,s4_p3
1779333948.0,5,4,0.000000,s5_p4
1779333948.0,5,1,0.000000,s5_p1
1779333948.0,5,2,0.135315,s5_p2
1779333948.0,5,3,0.094237,s5_p3
1779333948.0,11,4,0.000000,s11_p4
1779333948.0,11,1,0.000000,s11_p1
1779333948.0,11,2,0.152258,s11_p2
1779333948.0,11,3,0.676703,s11_p3
1779333948.0,17,1,0.471008,s17_p1
1779333948.0,17,4,0.000000,s17_p4
1779333948.0,17,2,0.760860,s17_p2
1779333948.0,17,3,0.676320,s17_p3
1779333948.0,16,1,0.000000,s16_p1
1779333948.0,16,4,1.000000,s16_p4
1779333948.0,16,2,0.000000,s16_p2
1779333948.0,16,3,0.000000,s16_p3
1779333948.0,2,1,0.070044,s2_p1
1779333948.0,2,4,0.000000,s2_p4
1779333948.0,2,2,0.094198,s2_p2
1779333948.0,2,3,0.000000,s2_p3
1779333948.0,9,4,0.000000,s9_p4
1779333948.0,9,1,0.000000,s9_p1
1779333948.0,9,2,0.094223,s9_p2
1779333948.0,9,3,0.000000,s9_p3
1779333949.0,19,1,0.000000,s19_p1
1779333949.0,19,4,0.000000,s19_p4
1779333949.0,19,2,0.000000,s19_p2
1779333949.0,19,3,0.000000,s19_p3
1779333949.0,6,1,0.055571,s6_p1
1779333949.0,6,4,0.000000,s6_p4
1779333949.0,6,2,0.086981,s6_p2
1779333949.0,6,3,0.000000,s6_p3
1779333949.0,1,4,0.125646,s1_p4
1779333949.0,1,1,0.000000,s1_p1
1779333949.0,1,2,0.000000,s1_p2
1779333949.0,1,3,0.000000,s1_p3
1779333949.0,3,4,0.000000,s3_p4
1779333949.0,3,1,0.033828,s3_p1
1779333949.0,3,2,0.079736,s3_p2
1779333949.0,3,3,0.000000,s3_p3
1779333949.0,14,1,0.000000,s14_p1
1779333949.0,14,4,0.000000,s14_p4
1779333949.0,14,2,0.142547,s14_p2
1779333949.0,14,3,0.000000,s14_p3
1779333949.0,13,4,0.000000,s13_p4
1779333949.0,13,1,0.132929,s13_p1
1779333949.0,13,2,0.000000,s13_p2
1779333949.0,13,3,0.459210,s13_p3
1779333949.0,10,4,0.277932,s10_p4
1779333949.0,10,1,0.000000,s10_p1
1779333949.0,10,2,0.070087,s10_p2
1779333949.0,10,3,0.000000,s10_p3
1779333949.0,15,4,0.000000,s15_p4
1779333949.0,15,1,0.000000,s15_p1
1779333949.0,15,2,0.000000,s15_p2
1779333949.0,15,3,0.749205,s15_p3
1779333949.0,7,1,0.000000,s7_p1
1779333949.0,7,4,0.198173,s7_p4
1779333949.0,7,2,0.000000,s7_p2
1779333949.0,7,3,0.000000,s7_p3
1779333949.0,18,1,0.000000,s18_p1
1779333949.0,18,4,0.000000,s18_p4
1779333949.0,18,2,0.000000,s18_p2
1779333949.0,18,3,0.000000,s18_p3
1779333949.0,12,4,0.000000,s12_p4
1779333949.0,12,1,0.113585,s12_p1
1779333949.0,12,2,0.000000,s12_p2
1779333949.0,12,3,0.000000,s12_p3
1779333949.0,20,1,0.000000,s20_p1
1779333949.0,20,4,0.000000,s20_p4
1779333949.0,20,2,0.567925,s20_p2
1779333949.0,20,3,0.712927,s20_p3
1779333949.0,5,4,0.000000,s5_p4
1779333949.0,5,1,0.000000,s5_p1
1779333949.0,5,2,0.132922,s5_p2
1779333949.0,5,3,0.091837,s5_p3
1779333949.0,8,4,0.050707,s8_p4
1779333949.0,8,1,0.000000,s8_p1
1779333949.0,8,2,0.000000,s8_p2
1779333949.0,8,3,0.149706,s8_p3
1779333949.0,11,4,0.000000,s11_p4
1779333949.0,11,1,0.000000,s11_p1
1779333949.0,11,2,0.149843,s11_p2
1779333949.0,11,3,0.664627,s11_p3
1779333949.0,2,1,0.070087,s2_p1
1779333949.0,2,4,0.000000,s2_p4
1779333949.0,2,2,0.091838,s2_p2
1779333949.0,2,3,0.000000,s2_p3
1779333949.0,4,4,0.000000,s4_p4
1779333949.0,4,1,0.149744,s4_p1
1779333949.0,4,2,0.000000,s4_p2
1779333949.0,4,3,0.132838,s4_p3
1779333949.0,16,1,0.000000,s16_p1
1779333949.0,16,4,1.000000,s16_p4
1779333949.0,16,2,0.000000,s16_p2
1779333949.0,16,3,0.000000,s16_p3
1779333949.0,17,1,0.459110,s17_p1
1779333949.0,17,4,0.000000,s17_p4
1779333949.0,17,2,0.749074,s17_p2
1779333949.0,17,3,0.664501,s17_p3
1779333949.0,9,4,0.000000,s9_p4
1779333949.0,9,1,0.000000,s9_p1
1779333949.0,9,2,0.091828,s9_p2
1779333949.0,9,3,0.000000,s9_p3
1779333949.0,19,1,0.000000,s19_p1
1779333949.0,19,4,0.000000,s19_p4
1779333949.0,19,2,0.000000,s19_p2
1779333949.0,19,3,0.000000,s19_p3
1779333949.0,1,4,0.123155,s1_p4
1779333949.0,1,1,0.000000,s1_p1
1779333949.0,1,2,0.000000,s1_p2
1779333949.0,1,3,0.000000,s1_p3
1779333949.0,6,1,0.053120,s6_p1
1779333949.0,6,4,0.000000,s6_p4
1779333949.0,6,2,0.098996,s6_p2
1779333949.0,6,3,0.000000,s6_p3
1779333949.0,15,4,0.000000,s15_p4
1779333949.0,15,1,0.000000,s15_p1
1779333949.0,15,2,0.000000,s15_p2
1779333949.0,15,3,0.760599,s15_p3
1779333949.0,10,4,0.265572,s10_p4
1779333949.0,10,1,0.000000,s10_p1
1779333949.0,10,2,0.070015,s10_p2
1779333949.0,10,3,0.000000,s10_p3
1779333949.0,14,1,0.000000,s14_p1
1779333949.0,14,4,0.000000,s14_p4
1779333949.0,14,2,0.152035,s14_p2
1779333949.0,14,3,0.000000,s14_p3
1779333949.0,8,4,0.048320,s8_p4
1779333949.0,8,1,0.000000,s8_p1
1779333949.0,8,2,0.000000,s8_p2
1779333949.0,8,3,0.152207,s8_p3
1779333949.0,13,4,0.000000,s13_p4
1779333949.0,13,1,0.132766,s13_p1
1779333949.0,13,2,0.000000,s13_p2
1779333949.0,13,3,0.470714,s13_p3
1779333949.0,3,4,0.000000,s3_p4
1779333949.0,3,1,0.045848,s3_p1
1779333949.0,3,2,0.055500,s3_p2
1779333949.0,3,3,0.000000,s3_p3
1779333949.0,12,4,0.000000,s12_p4
1779333949.0,12,1,0.101414,s12_p1
1779333949.0,12,2,0.000000,s12_p2
1779333949.0,12,3,0.000000,s12_p3
1779333949.0,20,1,0.000000,s20_p1
1779333949.0,20,4,0.000000,s20_p4
1779333949.0,20,2,0.507050,s20_p2
1779333949.0,20,3,0.760575,s20_p3
1779333949.0,7,1,0.000000,s7_p1
1779333949.0,7,4,0.197859,s7_p4
1779333949.0,7,2,0.000000,s7_p2
1779333949.0,7,3,0.000000,s7_p3
1779333949.0,5,4,0.000000,s5_p4
1779333949.0,5,1,0.000000,s5_p1
1779333949.0,5,2,0.132794,s5_p2
1779333949.0,5,3,0.094163,s5_p3
1779333949.0,4,4,0.000000,s4_p4
1779333949.0,4,1,0.152200,s4_p1
1779333949.0,4,2,0.000000,s4_p2
1779333949.0,4,3,0.132873,s4_p3
1779333949.0,2,1,0.070023,s2_p1
1779333949.0,2,4,0.000000,s2_p4
1779333949.0,2,2,0.094168,s2_p2
1779333949.0,2,3,0.000000,s2_p3
1779333949.0,16,1,0.000000,s16_p1
1779333949.0,16,4,1.000000,s16_p4
1779333949.0,16,2,0.000000,s16_p2
1779333949.0,16,3,0.000000,s16_p3
1779333949.0,11,4,0.000000,s11_p4
1779333949.0,11,1,0.000000,s11_p1
1779333949.0,11,2,0.152080,s11_p2
1779333949.0,11,3,0.663842,s11_p3
1779333949.0,17,1,0.470835,s17_p1
1779333949.0,17,4,0.000000,s17_p4
1779333949.0,17,2,0.760579,s17_p2
1779333949.0,17,3,0.663998,s17_p3
1779333949.0,18,1,0.000000,s18_p1
1779333949.0,18,4,0.000000,s18_p4
1779333949.0,18,2,0.000000,s18_p2
1779333949.0,18,3,0.000000,s18_p3
1779333949.0,9,4,0.000000,s9_p4
1779333949.0,9,1,0.000000,s9_p1
1779333949.0,9,2,0.094163,s9_p2
1779333949.0,9,3,0.000000,s9_p3
1779333950.0,6,1,0.055569,s6_p1
1779333950.0,6,4,0.000000,s6_p4
1779333950.0,6,2,0.086978,s6_p2
1779333950.0,6,3,0.000000,s6_p3
1779333950.0,1,4,0.125610,s1_p4
1779333950.0,1,1,0.000000,s1_p1
1779333950.0,1,2,0.000000,s1_p2
1779333950.0,1,3,0.000000,s1_p3
1779333950.0,3,4,0.000000,s3_p4
1779333950.0,3,1,0.045906,s3_p1
1779333950.0,3,2,0.065235,s3_p2
1779333950.0,3,3,0.000000,s3_p3
1779333950.0,15,4,0.000000,s15_p4
1779333950.0,15,1,0.000000,s15_p1
1779333950.0,15,2,0.000000,s15_p2
1779333950.0,15,3,0.748758,s15_p3
1779333950.0,14,1,0.000000,s14_p1
1779333950.0,14,4,0.000000,s14_p4
1779333950.0,14,2,0.142514,s14_p2
1779333950.0,14,3,0.000000,s14_p3
1779333950.0,19,1,0.000000,s19_p1
1779333950.0,19,4,0.000000,s19_p4
1779333950.0,19,2,0.000000,s19_p2
1779333950.0,19,3,0.000000,s19_p3
1779333950.0,10,4,0.277732,s10_p4
1779333950.0,10,1,0.000000,s10_p1
1779333950.0,10,2,0.070037,s10_p2
1779333950.0,10,3,0.000000,s10_p3
1779333950.0,7,1,0.000000,s7_p1
1779333950.0,7,4,0.200565,s7_p4
1779333950.0,7,2,0.000000,s7_p2
1779333950.0,7,3,0.000000,s7_p3
1779333950.0,2,1,0.070059,s2_p1
1779333950.0,2,4,0.000000,s2_p4
1779333950.0,2,2,0.094217,s2_p2
1779333950.0,2,3,0.000000,s2_p3
1779333950.0,8,4,0.048259,s8_p4
1779333950.0,8,1,0.000000,s8_p1
1779333950.0,8,2,0.000000,s8_p2
1779333950.0,8,3,0.149603,s8_p3
1779333950.0,13,4,0.000000,s13_p4
1779333950.0,13,1,0.135125,s13_p1
1779333950.0,13,2,0.000000,s13_p2
1779333950.0,13,3,0.470524,s13_p3
1779333950.0,16,1,0.000000,s16_p1
1779333950.0,16,4,1.000000,s16_p4
1779333950.0,16,2,0.000000,s16_p2
1779333950.0,16,3,0.000000,s16_p3
1779333950.0,20,1,0.000000,s20_p1
1779333950.0,20,4,0.000000,s20_p4
1779333950.0,20,2,0.567316,s20_p2
1779333950.0,20,3,0.712163,s20_p3
1779333950.0,4,4,0.000000,s4_p4
1779333950.0,4,1,0.149683,s4_p1
1779333950.0,4,2,0.000000,s4_p2
1779333950.0,4,3,0.135198,s4_p3
1779333950.0,18,1,0.000000,s18_p1
1779333950.0,18,4,0.000000,s18_p4
1779333950.0,18,2,0.000000,s18_p2
1779333950.0,18,3,0.000000,s18_p3
1779333950.0,12,4,0.000000,s12_p4
1779333950.0,12,1,0.113444,s12_p1
1779333950.0,12,2,0.000000,s12_p2
1779333950.0,12,3,0.000000,s12_p3
1779333950.0,5,4,0.000000,s5_p4
1779333950.0,5,1,0.000000,s5_p1
1779333950.0,5,2,0.135135,s5_p2
1779333950.0,5,3,0.094112,s5_p3
1779333950.0,11,4,0.000000,s11_p4
1779333950.0,11,1,0.000000,s11_p1
1779333950.0,11,2,0.149695,s11_p2
1779333950.0,11,3,0.676040,s11_p3
1779333950.0,17,1,0.470810,s17_p1
1779333950.0,17,4,0.000000,s17_p4
1779333950.0,17,2,0.748467,s17_p2
1779333950.0,17,3,0.676035,s17_p3
1779333950.0,9,4,0.000000,s9_p4
1779333950.0,9,1,0.000000,s9_p1
1779333950.0,9,2,0.094178,s9_p2
1779333950.0,9,3,0.000000,s9_p3
1779333950.0,6,1,0.055598,s6_p1
1779333950.0,6,4,0.000000,s6_p4
1779333950.0,6,2,0.094274,s6_p2
1779333950.0,6,3,0.000000,s6_p3
1779333950.0,14,1,0.000000,s14_p1
1779333950.0,14,4,0.000000,s14_p4
1779333950.0,14,2,0.149937,s14_p2
1779333950.0,14,3,0.000000,s14_p3
1779333950.0,8,4,0.048384,s8_p4
1779333950.0,8,1,0.000000,s8_p1
1779333950.0,8,2,0.000000,s8_p2
1779333950.0,8,3,0.152409,s8_p3
1779333950.0,7,1,0.000000,s7_p1
1779333950.0,7,4,0.200606,s7_p4
1779333950.0,7,2,0.000000,s7_p2
1779333950.0,7,3,0.000000,s7_p3
1779333950.0,15,4,0.000000,s15_p4
1779333950.0,15,1,0.000000,s15_p1
1779333950.0,15,2,0.000000,s15_p2
1779333950.0,15,3,0.761082,s15_p3
1779333950.0,3,4,0.000000,s3_p4
1779333950.0,3,1,0.038652,s3_p1
1779333950.0,3,2,0.067641,s3_p2
1779333950.0,3,3,0.000000,s3_p3
1779333950.0,13,4,0.000000,s13_p4
1779333950.0,13,1,0.133036,s13_p1
1779333950.0,13,2,0.000000,s13_p2
1779333950.0,13,3,0.471672,s13_p3
1779333950.0,10,4,0.277893,s10_p4
1779333950.0,10,1,0.000000,s10_p1
1779333950.0,10,2,0.070077,s10_p2
1779333950.0,10,3,0.000000,s10_p3
1779333950.0,1,4,0.125481,s1_p4
1779333950.0,1,1,0.000000,s1_p1
1779333950.0,1,2,0.000000,s1_p2
1779333950.0,1,3,0.000000,s1_p3
1779333950.0,18,1,0.000000,s18_p1
1779333950.0,18,4,0.000000,s18_p4
1779333950.0,18,2,0.000000,s18_p2
1779333950.0,18,3,0.000000,s18_p3
1779333950.0,4,4,0.000000,s4_p4
1779333950.0,4,1,0.152292,s4_p1
1779333950.0,4,2,0.000000,s4_p2
1779333950.0,4,3,0.132953,s4_p3
1779333950.0,17,1,0.471623,s17_p1
1779333950.0,17,4,0.000000,s17_p4
1779333950.0,17,2,0.761852,s17_p2
1779333950.0,17,3,0.665109,s17_p3
1779333950.0,12,4,0.000000,s12_p4
1779333950.0,12,1,0.103946,s12_p1
1779333950.0,12,2,0.000000,s12_p2
1779333950.0,12,3,0.000000,s12_p3
1779333950.0,5,4,0.000000,s5_p4
1779333950.0,5,1,0.000000,s5_p1
1779333950.0,5,2,0.132999,s5_p2
1779333950.0,5,3,0.094308,s5_p3
1779333950.0,20,1,0.000000,s20_p1
1779333950.0,20,4,0.000000,s20_p4
1779333950.0,20,2,0.519649,s20_p2
1779333950.0,20,3,0.749261,s20_p3
1779333950.0,9,4,0.000000,s9_p4
1779333950.0,9,1,0.000000,s9_p1
1779333950.0,9,2,0.094277,s9_p2
1779333950.0,9,3,0.000000,s9_p3
1779333950.0,16,1,0.000000,s16_p1
1779333950.0,16,4,0.990444,s16_p4
1779333950.0,16,2,0.000000,s16_p2
1779333950.0,16,3,0.000000,s16_p3
1779333950.0,2,1,0.070045,s2_p1
1779333950.0,2,4,0.000000,s2_p4
1779333950.0,2,2,0.094198,s2_p2
1779333950.0,2,3,0.000000,s2_p3
1779333950.0,19,1,0.000000,s19_p1
1779333950.0,19,4,0.000000,s19_p4
1779333950.0,19,2,0.000000,s19_p2
1779333950.0,19,3,0.000000,s19_p3
1779333950.0,11,4,0.000000,s11_p4
1779333950.0,11,1,0.000000,s11_p1
1779333950.0,11,2,0.152263,s11_p2
1779333950.0,11,3,0.664638,s11_p3
1779333951.0,19,1,0.000000,s19_p1
1779333951.0,19,4,0.000000,s19_p4
1779333951.0,19,2,0.000000,s19_p2
1779333951.0,19,3,0.000000,s19_p3
1779333951.0,6,1,0.055551,s6_p1
1779333951.0,6,4,0.000000,s6_p4
1779333951.0,6,2,0.096611,s6_p2
1779333951.0,6,3,0.000000,s6_p3
1779333951.0,14,1,0.000000,s14_p1
1779333951.0,14,4,0.000000,s14_p4
1779333951.0,14,2,0.152181,s14_p2
1779333951.0,14,3,0.000000,s14_p3
1779333951.0,3,4,0.000000,s3_p4
1779333951.0,3,1,0.026593,s3_p1
1779333951.0,3,2,0.077361,s3_p2
1779333951.0,3,3,0.000000,s3_p3
1779333951.0,1,4,0.125778,s1_p4
1779333951.0,1,1,0.000000,s1_p1
1779333951.0,1,2,0.000000,s1_p2
1779333951.0,1,3,0.000000,s1_p3
1779333951.0,8,4,0.048325,s8_p4
1779333951.0,8,1,0.000000,s8_p1
1779333951.0,8,2,0.000000,s8_p2
1779333951.0,8,3,0.149807,s8_p3
1779333951.0,15,4,0.000000,s15_p4
1779333951.0,15,1,0.000000,s15_p1
1779333951.0,15,2,0.000000,s15_p2
1779333951.0,15,3,0.749070,s15_p3
1779333951.0,10,4,0.277893,s10_p4
1779333951.0,10,1,0.000000,s10_p1
1779333951.0,10,2,0.070077,s10_p2
1779333951.0,10,3,0.000000,s10_p3
1779333951.0,7,1,0.000000,s7_p1
1779333951.0,7,4,0.200536,s7_p4
1779333951.0,7,2,0.000000,s7_p2
1779333951.0,7,3,0.000000,s7_p3
1779333951.0,4,4,0.000000,s4_p4
1779333951.0,4,1,0.149890,s4_p1
1779333951.0,4,2,0.000000,s4_p2
1779333951.0,4,3,0.132967,s4_p3
1779333951.0,18,1,0.000000,s18_p1
1779333951.0,18,4,0.000000,s18_p4
1779333951.0,18,2,0.000000,s18_p2
1779333951.0,18,3,0.000000,s18_p3
1779333951.0,12,4,0.000000,s12_p4
1779333951.0,12,1,0.103857,s12_p1
1779333951.0,12,2,0.000000,s12_p2
1779333951.0,12,3,0.000000,s12_p3
1779333951.0,2,1,0.070082,s2_p1
1779333951.0,2,4,0.000000,s2_p4
1779333951.0,2,2,0.094248,s2_p2
1779333951.0,2,3,0.000000,s2_p3
1779333951.0,13,4,0.000000,s13_p4
1779333951.0,13,1,0.132732,s13_p1
1779333951.0,13,2,0.000000,s13_p2
1779333951.0,13,3,0.470597,s13_p3
1779333951.0,17,1,0.470919,s17_p1
1779333951.0,17,4,0.000000,s17_p4
1779333951.0,17,2,0.748640,s17_p2
1779333951.0,17,3,0.664117,s17_p3
1779333951.0,20,1,0.000000,s20_p1
1779333951.0,20,4,0.000000,s20_p4
1779333951.0,20,2,0.519264,s20_p2
1779333951.0,20,3,0.760782,s20_p3
1779333951.0,16,1,0.000000,s16_p1
1779333951.0,16,4,1.000000,s16_p4
1779333951.0,16,2,0.000000,s16_p2
1779333951.0,16,3,0.000000,s16_p3
1779333951.0,11,4,0.000000,s11_p4
1779333951.0,11,1,0.000000,s11_p1
1779333951.0,11,2,0.149784,s11_p2
1779333951.0,11,3,0.664364,s11_p3
1779333951.0,5,4,0.000000,s5_p4
1779333951.0,5,1,0.000000,s5_p1
1779333951.0,5,2,0.132785,s5_p2
1779333951.0,5,3,0.094157,s5_p3
1779333951.0,9,4,0.000000,s9_p4
1779333951.0,9,1,0.000000,s9_p1
1779333951.0,9,2,0.094196,s9_p2
1779333951.0,9,3,0.000000,s9_p3
1779333951.0,19,1,0.000000,s19_p1
1779333951.0,19,4,0.000000,s19_p4
1779333951.0,19,2,0.000000,s19_p2
1779333951.0,19,3,0.000000,s19_p3
1779333951.0,14,1,0.000000,s14_p1
1779333951.0,14,4,0.000000,s14_p4
1779333951.0,14,2,0.152131,s14_p2
1779333951.0,14,3,0.000000,s14_p3
1779333951.0,1,4,0.125569,s1_p4
1779333951.0,1,1,0.000000,s1_p1
1779333951.0,1,2,0.000000,s1_p2
1779333951.0,1,3,0.000000,s1_p3
1779333951.0,3,4,0.000000,s3_p4
1779333951.0,3,1,0.036220,s3_p1
1779333951.0,3,2,0.067610,s3_p2
1779333951.0,3,3,0.000000,s3_p3
1779333951.0,6,1,0.053100,s6_p1
1779333951.0,6,4,0.000000,s6_p4
1779333951.0,6,2,0.096545,s6_p2
1779333951.0,6,3,0.000000,s6_p3
1779333951.0,10,4,0.277623,s10_p4
1779333951.0,10,1,0.000000,s10_p1
1779333951.0,10,2,0.070009,s10_p2
1779333951.0,10,3,0.000000,s10_p3
1779333951.0,13,4,0.000000,s13_p4
1779333951.0,13,1,0.135347,s13_p1
1779333951.0,13,2,0.000000,s13_p2
1779333951.0,13,3,0.471297,s13_p3
1779333951.0,15,4,0.000000,s15_p4
1779333951.0,15,1,0.000000,s15_p1
1779333951.0,15,2,0.000000,s15_p2
1779333951.0,15,3,0.760301,s15_p3
1779333951.0,8,4,0.048268,s8_p4
1779333951.0,8,1,0.000000,s8_p1
1779333951.0,8,2,0.000000,s8_p2
1779333951.0,8,3,0.152044,s8_p3
1779333951.0,4,4,0.000000,s4_p4
1779333951.0,4,1,0.151991,s4_p1
1779333951.0,4,2,0.000000,s4_p2
1779333951.0,4,3,0.135103,s4_p3
1779333951.0,2,1,0.070034,s2_p1
1779333951.0,2,4,0.000000,s2_p4
1779333951.0,2,2,0.094183,s2_p2
1779333951.0,2,3,0.000000,s2_p3
1779333951.0,9,4,0.000000,s9_p4
1779333951.0,9,1,0.000000,s9_p1
1779333951.0,9,2,0.094217,s9_p2
1779333951.0,9,3,0.000000,s9_p3
1779333951.0,5,4,0.000000,s5_p4
1779333951.0,5,1,0.000000,s5_p1
1779333951.0,5,2,0.135278,s5_p2
1779333951.0,5,3,0.094211,s5_p3
1779333951.0,12,4,0.000000,s12_p4
1779333951.0,12,1,0.103816,s12_p1
1779333951.0,12,2,0.000000,s12_p2
1779333951.0,12,3,0.000000,s12_p3
1779333951.0,16,1,0.000000,s16_p1
1779333951.0,16,4,1.000000,s16_p4
1779333951.0,16,2,0.000000,s16_p2
1779333951.0,16,3,0.000000,s16_p3
1779333951.0,17,1,0.470789,s17_p1
1779333951.0,17,4,0.000000,s17_p4
1779333951.0,17,2,0.760505,s17_p2
1779333951.0,17,3,0.676004,s17_p3
1779333951.0,7,1,0.000000,s7_p1
1779333951.0,7,4,0.197714,s7_p4
1779333951.0,7,2,0.000000,s7_p2
1779333951.0,7,3,0.000000,s7_p3
1779333951.0,11,4,0.000000,s11_p4
1779333951.0,11,1,0.000000,s11_p1
1779333951.0,11,2,0.152137,s11_p2
1779333951.0,11,3,0.676164,s11_p3
1779333951.0,20,1,0.000000,s20_p1
1779333951.0,20,4,0.000000,s20_p4
1779333951.0,20,2,0.519031,s20_p2
1779333951.0,20,3,0.760441,s20_p3
1779333951.0,18,1,0.000000,s18_p1
1779333951.0,18,4,0.000000,s18_p4
1779333951.0,18,2,0.000000,s18_p2
1779333951.0,18,3,0.000000,s18_p3
1779333952.0,6,1,0.055507,s6_p1
1779333952.0,6,4,0.000000,s6_p4
1779333952.0,6,2,0.101360,s6_p2
1779333952.0,6,3,0.000000,s6_p3
1779333952.0,1,4,0.123053,s1_p4
1779333952.0,1,1,0.000000,s1_p1
1779333952.0,1,2,0.000000,s1_p2
1779333952.0,1,3,0.000000,s1_p3
1779333952.0,19,1,0.000000,s19_p1
1779333952.0,19,4,0.000000,s19_p4
1779333952.0,19,2,0.000000,s19_p2
1779333952.0,19,3,0.000000,s19_p3
1779333952.0,15,4,0.000000,s15_p4
1779333952.0,15,1,0.000000,s15_p1
1779333952.0,15,2,0.000000,s15_p2
1779333952.0,15,3,0.748323,s15_p3
1779333952.0,14,1,0.000000,s14_p1
1779333952.0,14,4,0.000000,s14_p4
1779333952.0,14,2,0.154330,s14_p2
1779333952.0,14,3,0.000000,s14_p3
1779333952.0,10,4,0.265466,s10_p4
1779333952.0,10,1,0.000000,s10_p1
1779333952.0,10,2,0.069986,s10_p2
1779333952.0,10,3,0.000000,s10_p3
1779333952.0,3,4,0.000000,s3_p4
1779333952.0,3,1,0.040997,s3_p1
1779333952.0,3,2,0.057878,s3_p2
1779333952.0,3,3,0.000000,s3_p3
1779333952.0,13,4,0.000000,s13_p4
1779333952.0,13,1,0.132711,s13_p1
1779333952.0,13,2,0.000000,s13_p2
1779333952.0,13,3,0.470521,s13_p3
1779333952.0,4,4,0.000000,s4_p4
1779333952.0,4,1,0.152111,s4_p1
1779333952.0,4,2,0.000000,s4_p2
1779333952.0,4,3,0.132795,s4_p3
1779333952.0,8,4,0.048256,s8_p4
1779333952.0,8,1,0.000000,s8_p1
1779333952.0,8,2,0.000000,s8_p2
1779333952.0,8,3,0.149593,s8_p3
1779333952.0,12,4,0.000000,s12_p4
1779333952.0,12,1,0.098989,s12_p1
1779333952.0,12,2,0.000000,s12_p2
1779333952.0,12,3,0.000000,s12_p3
1779333952.0,7,1,0.000000,s7_p1
1779333952.0,7,4,0.197988,s7_p4
1779333952.0,7,2,0.000000,s7_p2
1779333952.0,7,3,0.000000,s7_p3
1779333952.0,18,1,0.000000,s18_p1
1779333952.0,18,4,0.000000,s18_p4
1779333952.0,18,2,0.000000,s18_p2
1779333952.0,18,3,0.000000,s18_p3
1779333952.0,5,4,0.000000,s5_p4
1779333952.0,5,1,0.000000,s5_p1
1779333952.0,5,2,0.132712,s5_p2
1779333952.0,5,3,0.094105,s5_p3
1779333952.0,2,1,0.069962,s2_p1
1779333952.0,2,4,0.000000,s2_p4
1779333952.0,2,2,0.094087,s2_p2
1779333952.0,2,3,0.000000,s2_p3
1779333952.0,20,1,0.000000,s20_p1
1779333952.0,20,4,0.000000,s20_p4
1779333952.0,20,2,0.494752,s20_p2
1779333952.0,20,3,0.772296,s20_p3
1779333952.0,17,1,0.470539,s17_p1
1779333952.0,17,4,0.000000,s17_p4
1779333952.0,17,2,0.760101,s17_p2
1779333952.0,17,3,0.663581,s17_p3
1779333952.0,11,4,0.000000,s11_p4
1779333952.0,11,1,0.000000,s11_p1
1779333952.0,11,2,0.151990,s11_p2
1779333952.0,11,3,0.663448,s11_p3
1779333952.0,16,1,0.000000,s16_p1
1779333952.0,16,4,1.000000,s16_p4
1779333952.0,16,2,0.000000,s16_p2
1779333952.0,16,3,0.000000,s16_p3
1779333952.0,9,4,0.000000,s9_p4
1779333952.0,9,1,0.000000,s9_p1
1779333952.0,9,2,0.094052,s9_p2
1779333952.0,9,3,0.000000,s9_p3
1779333952.0,6,1,0.055581,s6_p1
1779333952.0,6,4,0.000000,s6_p4
1779333952.0,6,2,0.082163,s6_p2
1779333952.0,6,3,0.000000,s6_p3
1779333952.0,14,1,0.000000,s14_p1
1779333952.0,14,4,0.000000,s14_p4
1779333952.0,14,2,0.137765,s14_p2
1779333952.0,14,3,0.000000,s14_p3
1779333952.0,1,4,0.125609,s1_p4
1779333952.0,1,1,0.000000,s1_p1
1779333952.0,1,2,0.000000,s1_p2
1779333952.0,1,3,0.000000,s1_p3
1779333952.0,3,4,0.000000,s3_p4
1779333952.0,3,1,0.041086,s3_p1
1779333952.0,3,2,0.077338,s3_p2
1779333952.0,3,3,0.000000,s3_p3
1779333952.0,10,4,0.277887,s10_p4
1779333952.0,10,1,0.000000,s10_p1
1779333952.0,10,2,0.070076,s10_p2
1779333952.0,10,3,0.000000,s10_p3
1779333952.0,8,4,0.048337,s8_p4
1779333952.0,8,1,0.000000,s8_p1
1779333952.0,8,2,0.000000,s8_p2
1779333952.0,8,3,0.152260,s8_p3
1779333952.0,15,4,0.000000,s15_p4
1779333952.0,15,1,0.000000,s15_p1
1779333952.0,15,2,0.000000,s15_p2
1779333952.0,15,3,0.760876,s15_p3
1779333952.0,7,1,0.000000,s7_p1
1779333952.0,7,4,0.203016,s7_p4
1779333952.0,7,2,0.000000,s7_p2
1779333952.0,7,3,0.000000,s7_p3
1779333952.0,13,4,0.000000,s13_p4
1779333952.0,13,1,0.135265,s13_p1
1779333952.0,13,2,0.000000,s13_p2
1779333952.0,13,3,0.458934,s13_p3
1779333952.0,18,1,0.000000,s18_p1
1779333952.0,18,4,0.000000,s18_p4
1779333952.0,18,2,0.000000,s18_p2
1779333952.0,18,3,0.000000,s18_p3
1779333952.0,12,4,0.000000,s12_p4
1779333952.0,12,1,0.118336,s12_p1
1779333952.0,12,2,0.000000,s12_p2
1779333952.0,12,3,0.000000,s12_p3
1779333952.0,20,1,0.000000,s20_p1
1779333952.0,20,4,0.000000,s20_p4
1779333952.0,20,2,0.592005,s20_p2
1779333952.0,20,3,0.688659,s20_p3
1779333952.0,4,4,0.000000,s4_p4
1779333952.0,4,1,0.149673,s4_p1
1779333952.0,4,2,0.000000,s4_p2
1779333952.0,4,3,0.135188,s4_p3
1779333952.0,5,4,0.000000,s5_p4
1779333952.0,5,1,0.000000,s5_p1
1779333952.0,5,2,0.135295,s5_p2
1779333952.0,5,3,0.091807,s5_p3
1779333952.0,17,1,0.458946,s17_p1
1779333952.0,17,4,0.000000,s17_p4
1779333952.0,17,2,0.748807,s17_p2
1779333952.0,17,3,0.676342,s17_p3
1779333952.0,11,4,0.000000,s11_p4
1779333952.0,11,1,0.000000,s11_p1
1779333952.0,11,2,0.149792,s11_p2
1779333952.0,11,3,0.676482,s11_p3
1779333952.0,2,1,0.070037,s2_p1
1779333952.0,2,4,0.000000,s2_p4
1779333952.0,2,2,0.091772,s2_p2
1779333952.0,2,3,0.000000,s2_p3
1779333952.0,9,4,0.000000,s9_p4
1779333952.0,9,1,0.000000,s9_p1
1779333952.0,9,2,0.091811,s9_p2
1779333952.0,9,3,0.000000,s9_p3
1779333952.0,16,1,0.000000,s16_p1
1779333952.0,16,4,1.000000,s16_p4
1779333952.0,16,2,0.000000,s16_p2
1779333952.0,16,3,0.000000,s16_p3
1779333952.0,19,1,0.000000,s19_p1
1779333952.0,19,4,0.000000,s19_p4
1779333952.0,19,2,0.000000,s19_p2
1779333952.0,19,3,0.000000,s19_p3
1779333953.0,14,1,0.000000,s14_p1
1779333953.0,14,4,0.000000,s14_p4
1779333953.0,14,2,0.142534,s14_p2
1779333953.0,14,3,0.000000,s14_p3
1779333953.0,3,4,0.000000,s3_p4
1779333953.0,3,1,0.036235,s3_p1
1779333953.0,3,2,0.074886,s3_p2
1779333953.0,3,3,0.000000,s3_p3
1779333953.0,6,1,0.055523,s6_p1
1779333953.0,6,4,0.000000,s6_p4
1779333953.0,6,2,0.086906,s6_p2
1779333953.0,6,3,0.000000,s6_p3
1779333953.0,1,4,0.125599,s1_p4
1779333953.0,1,1,0.000000,s1_p1
1779333953.0,1,2,0.000000,s1_p2
1779333953.0,1,3,0.000000,s1_p3
1779333953.0,13,4,0.000000,s13_p4
1779333953.0,13,1,0.132858,s13_p1
1779333953.0,13,2,0.000000,s13_p2
1779333953.0,13,3,0.471042,s13_p3
1779333953.0,8,4,0.048284,s8_p4
1779333953.0,8,1,0.000000,s8_p1
1779333953.0,8,2,0.000000,s8_p2
1779333953.0,8,3,0.149679,s8_p3
1779333953.0,15,4,0.000000,s15_p4
1779333953.0,15,1,0.000000,s15_p1
1779333953.0,15,2,0.000000,s15_p2
1779333953.0,15,3,0.748393,s15_p3
1779333953.0,10,4,0.277542,s10_p4
1779333953.0,10,1,0.000000,s10_p1
1779333953.0,10,2,0.069989,s10_p2
1779333953.0,10,3,0.000000,s10_p3
1779333953.0,4,4,0.000000,s4_p4
1779333953.0,4,1,0.149725,s4_p1
1779333953.0,4,2,0.000000,s4_p2
1779333953.0,4,3,0.132820,s4_p3
1779333953.0,20,1,0.000000,s20_p1
1779333953.0,20,4,0.000000,s20_p4
1779333953.0,20,2,0.555363,s20_p2
1779333953.0,20,3,0.712313,s20_p3
1779333953.0,5,4,0.000000,s5_p4
1779333953.0,5,1,0.000000,s5_p1
1779333953.0,5,2,0.132806,s5_p2
1779333953.0,5,3,0.094171,s5_p3
1779333953.0,7,1,0.000000,s7_p1
1779333953.0,7,4,0.197844,s7_p4
1779333953.0,7,2,0.000000,s7_p2
1779333953.0,7,3,0.000000,s7_p3
1779333953.0,17,1,0.471008,s17_p1
1779333953.0,17,4,0.000000,s17_p4
1779333953.0,17,2,0.760859,s17_p2
1779333953.0,17,3,0.664242,s17_p3
1779333953.0,18,1,0.000000,s18_p1
1779333953.0,18,4,0.000000,s18_p4
1779333953.0,18,2,0.000000,s18_p2
1779333953.0,18,3,0.000000,s18_p3
1779333953.0,12,4,0.000000,s12_p4
1779333953.0,12,1,0.111056,s12_p1
1779333953.0,12,2,0.000000,s12_p2
1779333953.0,12,3,0.000000,s12_p3
1779333953.0,2,1,0.070049,s2_p1
1779333953.0,2,4,0.000000,s2_p4
1779333953.0,2,2,0.094204,s2_p2
1779333953.0,2,3,0.000000,s2_p3
1779333953.0,16,1,0.000000,s16_p1
1779333953.0,16,4,1.000000,s16_p4
1779333953.0,16,2,0.000000,s16_p2
1779333953.0,16,3,0.000000,s16_p3
1779333953.0,11,4,0.000000,s11_p4
1779333953.0,11,1,0.000000,s11_p1
1779333953.0,11,2,0.152102,s11_p2
1779333953.0,11,3,0.663935,s11_p3
1779333953.0,19,1,0.000000,s19_p1
1779333953.0,19,4,0.000000,s19_p4
1779333953.0,19,2,0.000000,s19_p2
1779333953.0,19,3,0.000000,s19_p3
1779333953.0,9,4,0.000000,s9_p4
1779333953.0,9,1,0.000000,s9_p1
1779333953.0,9,2,0.094156,s9_p2
1779333953.0,9,3,0.000000,s9_p3
1779333954.0,19,1,0.000000,s19_p1
1779333954.0,19,4,0.000000,s19_p4
1779333954.0,19,2,0.000000,s19_p2
1779333954.0,19,3,0.000000,s19_p3
1779333954.0,14,1,0.000000,s14_p1
1779333954.0,14,4,0.000000,s14_p4
1779333954.0,14,2,0.154366,s14_p2
1779333954.0,14,3,0.000000,s14_p3
1779333954.0,8,4,0.048290,s8_p4
1779333954.0,8,1,0.000000,s8_p1
1779333954.0,8,2,0.000000,s8_p2
1779333954.0,8,3,0.152114,s8_p3
1779333954.0,4,4,0.000000,s4_p4
1779333954.0,4,1,0.152231,s4_p1
1779333954.0,4,2,0.000000,s4_p2
1779333954.0,4,3,0.132900,s4_p3
1779333954.0,1,4,0.125434,s1_p4
1779333954.0,1,1,0.000000,s1_p1
1779333954.0,1,2,0.000000,s1_p2
1779333954.0,1,3,0.000000,s1_p3
1779333954.0,3,4,0.000000,s3_p4
1779333954.0,3,1,0.031355,s3_p1
1779333954.0,3,2,0.069946,s3_p2
1779333954.0,3,3,0.000000,s3_p3
1779333954.0,7,1,0.000000,s7_p1
1779333954.0,7,4,0.198159,s7_p4
1779333954.0,7,2,0.000000,s7_p2
1779333954.0,7,3,0.000000,s7_p3
1779333954.0,13,4,0.000000,s13_p4
1779333954.0,13,1,0.132763,s13_p1
1779333954.0,13,2,0.000000,s13_p2
1779333954.0,13,3,0.470707,s13_p3
1779333954.0,6,1,0.055472,s6_p1
1779333954.0,6,4,0.000000,s6_p4
1779333954.0,6,2,0.098886,s6_p2
1779333954.0,6,3,0.000000,s6_p3
1779333954.0,15,4,0.000000,s15_p4
1779333954.0,15,1,0.000000,s15_p1
1779333954.0,15,2,0.000000,s15_p2
1779333954.0,15,3,0.760452,s15_p3
1779333954.0,10,4,0.277624,s10_p4
1779333954.0,10,1,0.000000,s10_p1
1779333954.0,10,2,0.070010,s10_p2
1779333954.0,10,3,0.000000,s10_p3
1779333954.0,16,1,0.000000,s16_p1
1779333954.0,16,4,0.990518,s16_p4
1779333954.0,16,2,0.000000,s16_p2
1779333954.0,16,3,0.000000,s16_p3
1779333954.0,18,1,0.000000,s18_p1
1779333954.0,18,4,0.000000,s18_p4
1779333954.0,18,2,0.000000,s18_p2
1779333954.0,18,3,0.000000,s18_p3
1779333954.0,5,4,0.000000,s5_p4
1779333954.0,5,1,0.000000,s5_p1
1779333954.0,5,2,0.132794,s5_p2
1779333954.0,5,3,0.094163,s5_p3
1779333954.0,12,4,0.000000,s12_p4
1779333954.0,12,1,0.101413,s12_p1
1779333954.0,12,2,0.000000,s12_p2
1779333954.0,12,3,0.000000,s12_p3
1779333954.0,2,1,0.070023,s2_p1
1779333954.0,2,4,0.000000,s2_p4
1779333954.0,2,2,0.094169,s2_p2
1779333954.0,2,3,0.000000,s2_p3
1779333954.0,17,1,0.470785,s17_p1
1779333954.0,17,4,0.000000,s17_p4
1779333954.0,17,2,0.748427,s17_p2
1779333954.0,17,3,0.663927,s17_p3
1779333954.0,11,4,0.000000,s11_p4
1779333954.0,11,1,0.000000,s11_p1
1779333954.0,11,2,0.149759,s11_p2
1779333954.0,11,3,0.664252,s11_p3
1779333954.0,20,1,0.000000,s20_p1
1779333954.0,20,4,0.000000,s20_p4
1779333954.0,20,2,0.506924,s20_p2
1779333954.0,20,3,0.772456,s20_p3
1779333954.0,9,4,0.000000,s9_p4
1779333954.0,9,1,0.000000,s9_p1
1779333954.0,9,2,0.094206,s9_p2
1779333954.0,9,3,0.000000,s9_p3
1779333954.0,3,4,0.000000,s3_p4
1779333954.0,3,1,0.036239,s3_p1
1779333954.0,3,2,0.062815,s3_p2
1779333954.0,3,3,0.000000,s3_p3
1779333954.0,19,1,0.000000,s19_p1
1779333954.0,19,4,0.000000,s19_p4
1779333954.0,19,2,0.000000,s19_p2
1779333954.0,19,3,0.000000,s19_p3
1779333954.0,1,4,0.123188,s1_p4
1779333954.0,1,1,0.000000,s1_p1
1779333954.0,1,2,0.000000,s1_p2
1779333954.0,1,3,0.000000,s1_p3
1779333954.0,6,1,0.053145,s6_p1
1779333954.0,6,4,0.000000,s6_p4
1779333954.0,6,2,0.101459,s6_p2
1779333954.0,6,3,0.000000,s6_p3
1779333954.0,14,1,0.000000,s14_p1
1779333954.0,14,4,0.000000,s14_p4
1779333954.0,14,2,0.154416,s14_p2
1779333954.0,14,3,0.000000,s14_p3
1779333954.0,15,4,0.000000,s15_p4
1779333954.0,15,1,0.000000,s15_p1
1779333954.0,15,2,0.000000,s15_p2
1779333954.0,15,3,0.760177,s15_p3
1779333954.0,8,4,0.050666,s8_p4
1779333954.0,8,1,0.000000,s8_p1
1779333954.0,8,2,0.000000,s8_p2
1779333954.0,8,3,0.151997,s8_p3
1779333954.0,13,4,0.000000,s13_p4
1779333954.0,13,1,0.135122,s13_p1
1779333954.0,13,2,0.000000,s13_p2
1779333954.0,13,3,0.470515,s13_p3
1779333954.0,10,4,0.265445,s10_p4
1779333954.0,10,1,0.000000,s10_p1
1779333954.0,10,2,0.069981,s10_p2
1779333954.0,10,3,0.000000,s10_p3
1779333954.0,7,1,0.000000,s7_p1
1779333954.0,7,4,0.200251,s7_p4
1779333954.0,7,2,0.000000,s7_p2
1779333954.0,7,3,0.000000,s7_p3
1779333954.0,18,1,0.000000,s18_p1
1779333954.0,18,4,0.000000,s18_p4
1779333954.0,18,2,0.000000,s18_p2
1779333954.0,18,3,0.000000,s18_p3
1779333954.0,9,4,0.000000,s9_p4
1779333954.0,9,1,0.000000,s9_p1
1779333954.0,9,2,0.094123,s9_p2
1779333954.0,9,3,0.000000,s9_p3
1779333954.0,12,4,0.000000,s12_p4
1779333954.0,12,1,0.098930,s12_p1
1779333954.0,12,2,0.000000,s12_p2
1779333954.0,12,3,0.000000,s12_p3
1779333954.0,2,1,0.069974,s2_p1
1779333954.0,2,4,0.000000,s2_p4
1779333954.0,2,2,0.094103,s2_p2
1779333954.0,2,3,0.000000,s2_p3
1779333954.0,16,1,0.000000,s16_p1
1779333954.0,16,4,1.000000,s16_p4
1779333954.0,16,2,0.000000,s16_p2
1779333954.0,16,3,0.000000,s16_p3
1779333954.0,11,4,0.000000,s11_p4
1779333954.0,11,1,0.000000,s11_p1
1779333954.0,11,2,0.152022,s11_p2
1779333954.0,11,3,0.675653,s11_p3
1779333954.0,17,1,0.470519,s17_p1
1779333954.0,17,4,0.000000,s17_p4
1779333954.0,17,2,0.760068,s17_p2
1779333954.0,17,3,0.675616,s17_p3
1779333954.0,4,4,0.000000,s4_p4
1779333954.0,4,1,0.151853,s4_p1
1779333954.0,4,2,0.000000,s4_p2
1779333954.0,4,3,0.134980,s4_p3
1779333954.0,5,4,0.000000,s5_p4
1779333954.0,5,1,0.000000,s5_p1
1779333954.0,5,2,0.135104,s5_p2
1779333954.0,5,3,0.094090,s5_p3
1779333954.0,20,1,0.000000,s20_p1
1779333954.0,20,4,0.000000,s20_p4
1779333954.0,20,2,0.494653,s20_p2
1779333954.0,20,3,0.772141,s20_p3
1779333955.0,1,4,0.125652,s1_p4
1779333955.0,1,1,0.000000,s1_p1
1779333955.0,1,2,0.000000,s1_p2
1779333955.0,1,3,0.000000,s1_p3
1779333955.0,6,1,0.055570,s6_p1
1779333955.0,6,4,0.000000,s6_p4
1779333955.0,6,2,0.086979,s6_p2
1779333955.0,6,3,0.000000,s6_p3
1779333955.0,15,4,0.000000,s15_p4
1779333955.0,15,1,0.000000,s15_p1
1779333955.0,15,2,0.000000,s15_p2
1779333955.0,15,3,0.749473,s15_p3
1779333955.0,14,1,0.000000,s14_p1
1779333955.0,14,4,0.000000,s14_p4
1779333955.0,14,2,0.142617,s14_p2
1779333955.0,14,3,0.000000,s14_p3
1779333955.0,3,4,0.000000,s3_p4
1779333955.0,3,1,0.038631,s3_p1
1779333955.0,3,2,0.074847,s3_p2
1779333955.0,3,3,0.000000,s3_p3
1779333955.0,10,4,0.278022,s10_p4
1779333955.0,10,1,0.000000,s10_p1
1779333955.0,10,2,0.070110,s10_p2
1779333955.0,10,3,0.000000,s10_p3
1779333955.0,7,1,0.000000,s7_p1
1779333955.0,7,4,0.200585,s7_p4
1779333955.0,7,2,0.000000,s7_p2
1779333955.0,7,3,0.000000,s7_p3
1779333955.0,20,1,0.000000,s20_p1
1779333955.0,20,4,0.000000,s20_p4
1779333955.0,20,2,0.568395,s20_p2
1779333955.0,20,3,0.713518,s20_p3
1779333955.0,8,4,0.048323,s8_p4
1779333955.0,8,1,0.000000,s8_p1
1779333955.0,8,2,0.000000,s8_p2
1779333955.0,8,3,0.149802,s8_p3
1779333955.0,13,4,0.000000,s13_p4
1779333955.0,13,1,0.132885,s13_p1
1779333955.0,13,2,0.000000,s13_p2
1779333955.0,13,3,0.471139,s13_p3
1779333955.0,4,4,0.000000,s4_p4
1779333955.0,4,1,0.149872,s4_p1
1779333955.0,4,2,0.000000,s4_p2
1779333955.0,4,3,0.132951,s4_p3
1779333955.0,12,4,0.000000,s12_p4
1779333955.0,12,1,0.113592,s12_p1
1779333955.0,12,2,0.000000,s12_p2
1779333955.0,12,3,0.000000,s12_p3
1779333955.0,5,4,0.000000,s5_p4
1779333955.0,5,1,0.000000,s5_p1
1779333955.0,5,2,0.132939,s5_p2
1779333955.0,5,3,0.094266,s5_p3
1779333955.0,18,1,0.000000,s18_p1
1779333955.0,18,4,0.000000,s18_p4
1779333955.0,18,2,0.000000,s18_p2
1779333955.0,18,3,0.000000,s18_p3
1779333955.0,9,4,0.000000,s9_p4
1779333955.0,9,1,0.000000,s9_p1
1779333955.0,9,2,0.094208,s9_p2
1779333955.0,9,3,0.000000,s9_p3
1779333955.0,16,1,0.000000,s16_p1
1779333955.0,16,4,1.000000,s16_p4
1779333955.0,16,2,0.000000,s16_p2
1779333955.0,16,3,0.000000,s16_p3
1779333955.0,2,1,0.070049,s2_p1
1779333955.0,2,4,0.000000,s2_p4
1779333955.0,2,2,0.094204,s2_p2
1779333955.0,2,3,0.000000,s2_p3
1779333955.0,17,1,0.471037,s17_p1
1779333955.0,17,4,0.000000,s17_p4
1779333955.0,17,2,0.748828,s17_p2
1779333955.0,17,3,0.664283,s17_p3
1779333955.0,11,4,0.000000,s11_p4
1779333955.0,11,1,0.000000,s11_p1
1779333955.0,11,2,0.149760,s11_p2
1779333955.0,11,3,0.664256,s11_p3
1779333955.0,19,1,0.000000,s19_p1
1779333955.0,19,4,0.000000,s19_p4
1779333955.0,19,2,0.000000,s19_p2
1779333955.0,19,3,0.000000,s19_p3
1779333955.0,6,1,0.055563,s6_p1
1779333955.0,6,4,0.000000,s6_p4
1779333955.0,6,2,0.086969,s6_p2
1779333955.0,6,3,0.000000,s6_p3
1779333955.0,1,4,0.125584,s1_p4
1779333955.0,1,1,0.000000,s1_p1
1779333955.0,1,2,0.000000,s1_p2
1779333955.0,1,3,0.000000,s1_p3
1779333955.0,19,1,0.000000,s19_p1
1779333955.0,19,4,0.000000,s19_p4
1779333955.0,19,2,0.000000,s19_p2
1779333955.0,19,3,0.000000,s19_p3
1779333955.0,10,4,0.277817,s10_p4
1779333955.0,10,1,0.000000,s10_p1
1779333955.0,10,2,0.070058,s10_p2
1779333955.0,10,3,0.000000,s10_p3
1779333955.0,15,4,0.000000,s15_p4
1779333955.0,15,1,0.000000,s15_p1
1779333955.0,15,2,0.000000,s15_p2
1779333955.0,15,3,0.760836,s15_p3
1779333955.0,3,4,0.000000,s3_p4
1779333955.0,3,1,0.045895,s3_p1
1779333955.0,3,2,0.067634,s3_p2
1779333955.0,3,3,0.000000,s3_p3
1779333955.0,14,1,0.000000,s14_p1
1779333955.0,14,4,0.000000,s14_p4
1779333955.0,14,2,0.142508,s14_p2
1779333955.0,14,3,0.000000,s14_p3
1779333955.0,13,4,0.000000,s13_p4
1779333955.0,13,1,0.132874,s13_p1
1779333955.0,13,2,0.000000,s13_p2
1779333955.0,13,3,0.471099,s13_p3
1779333955.0,20,1,0.000000,s20_p1
1779333955.0,20,4,0.000000,s20_p4
1779333955.0,20,2,0.567649,s20_p2
1779333955.0,20,3,0.712580,s20_p3
1779333955.0,7,1,0.000000,s7_p1
1779333955.0,7,4,0.200455,s7_p4
1779333955.0,7,2,0.000000,s7_p2
1779333955.0,7,3,0.000000,s7_p3
1779333955.0,4,4,0.000000,s4_p4
1779333955.0,4,1,0.152239,s4_p1
1779333955.0,4,2,0.000000,s4_p2
1779333955.0,4,3,0.132907,s4_p3
1779333955.0,5,4,0.000000,s5_p4
1779333955.0,5,1,0.000000,s5_p1
1779333955.0,5,2,0.132917,s5_p2
1779333955.0,5,3,0.094250,s5_p3
1779333955.0,16,1,0.000000,s16_p1
1779333955.0,16,4,1.000000,s16_p4
1779333955.0,16,2,0.000000,s16_p2
1779333955.0,16,3,0.000000,s16_p3
1779333955.0,2,1,0.070075,s2_p1
1779333955.0,2,4,0.000000,s2_p4
1779333955.0,2,2,0.094239,s2_p2
1779333955.0,2,3,0.000000,s2_p3
1779333955.0,12,4,0.000000,s12_p4
1779333955.0,12,1,0.113500,s12_p1
1779333955.0,12,2,0.000000,s12_p2
1779333955.0,12,3,0.000000,s12_p3
1779333955.0,8,4,0.048268,s8_p4
1779333955.0,8,1,0.000000,s8_p1
1779333955.0,8,2,0.000000,s8_p2
1779333955.0,8,3,0.152045,s8_p3
1779333955.0,11,4,0.000000,s11_p4
1779333955.0,11,1,0.000000,s11_p1
1779333955.0,11,2,0.152226,s11_p2
1779333955.0,11,3,0.676558,s11_p3
1779333955.0,17,1,0.471156,s17_p1
1779333955.0,17,4,0.000000,s17_p4
1779333955.0,17,2,0.761098,s17_p2
1779333955.0,17,3,0.664451,s17_p3
1779333955.0,18,1,0.000000,s18_p1
1779333955.0,18,4,0.000000,s18_p4
1779333955.0,18,2,0.000000,s18_p2
1779333955.0,18,3,0.000000,s18_p3
1779333955.0,9,4,0.000000,s9_p4
1779333955.0,9,1,0.000000,s9_p1
1779333955.0,9,2,0.094206,s9_p2
1779333955.0,9,3,0.000000,s9_p3
1779333956.0,19,1,0.000000,s19_p1
1779333956.0,19,4,0.000000,s19_p4
1779333956.0,19,2,0.000000,s19_p2
1779333956.0,19,3,0.000000,s19_p3
1779333956.0,6,1,0.055548,s6_p1
1779333956.0,6,4,0.000000,s6_p4
1779333956.0,6,2,0.086945,s6_p2
1779333956.0,6,3,0.000000,s6_p3
1779333956.0,1,4,0.125513,s1_p4
1779333956.0,1,1,0.000000,s1_p1
1779333956.0,1,2,0.000000,s1_p2
1779333956.0,1,3,0.000000,s1_p3
1779333956.0,3,4,0.000000,s3_p4
1779333956.0,3,1,0.043459,s3_p1
1779333956.0,3,2,0.067604,s3_p2
1779333956.0,3,3,0.000000,s3_p3
1779333956.0,15,4,0.000000,s15_p4
1779333956.0,15,1,0.000000,s15_p1
1779333956.0,15,2,0.000000,s15_p2
1779333956.0,15,3,0.747723,s15_p3
1779333956.0,14,1,0.000000,s14_p1
1779333956.0,14,4,0.000000,s14_p4
1779333956.0,14,2,0.144716,s14_p2
1779333956.0,14,3,0.000000,s14_p3
1779333956.0,13,4,0.000000,s13_p4
1779333956.0,13,1,0.135122,s13_p1
1779333956.0,13,2,0.000000,s13_p2
1779333956.0,13,3,0.470516,s13_p3
1779333956.0,8,4,0.048304,s8_p4
1779333956.0,8,1,0.000000,s8_p1
1779333956.0,8,2,0.000000,s8_p2
1779333956.0,8,3,0.149741,s8_p3
1779333956.0,10,4,0.277317,s10_p4
1779333956.0,10,1,0.000000,s10_p1
1779333956.0,10,2,0.069932,s10_p2
1779333956.0,10,3,0.000000,s10_p3
1779333956.0,7,1,0.000000,s7_p1
1779333956.0,7,4,0.197873,s7_p4
1779333956.0,7,2,0.000000,s7_p2
1779333956.0,7,3,0.000000,s7_p3
1779333956.0,4,4,0.000000,s4_p4
1779333956.0,4,1,0.149590,s4_p1
1779333956.0,4,2,0.000000,s4_p2
1779333956.0,4,3,0.135113,s4_p3
1779333956.0,20,1,0.000000,s20_p1
1779333956.0,20,4,0.000000,s20_p4
1779333956.0,20,2,0.554532,s20_p2
1779333956.0,20,3,0.723302,s20_p3
1779333956.0,17,1,0.470545,s17_p1
1779333956.0,17,4,0.000000,s17_p4
1779333956.0,17,2,0.748046,s17_p2
1779333956.0,17,3,0.675654,s17_p3
1779333956.0,5,4,0.000000,s5_p4
1779333956.0,5,1,0.000000,s5_p1
1779333956.0,5,2,0.134938,s5_p2
1779333956.0,5,3,0.093975,s5_p3
1779333956.0,2,1,0.069920,s2_p1
1779333956.0,2,4,0.000000,s2_p4
1779333956.0,2,2,0.094031,s2_p2
1779333956.0,2,3,0.000000,s2_p3
1779333956.0,12,4,0.000000,s12_p4
1779333956.0,12,1,0.110908,s12_p1
1779333956.0,12,2,0.000000,s12_p2
1779333956.0,12,3,0.000000,s12_p3
1779333956.0,18,1,0.000000,s18_p1
1779333956.0,18,4,0.000000,s18_p4
1779333956.0,18,2,0.000000,s18_p2
1779333956.0,18,3,0.000000,s18_p3
1779333956.0,16,1,0.000000,s16_p1
1779333956.0,16,4,1.000000,s16_p4
1779333956.0,16,2,0.000000,s16_p2
1779333956.0,16,3,0.000000,s16_p3
1779333956.0,11,4,0.000000,s11_p4
1779333956.0,11,1,0.000000,s11_p1
1779333956.0,11,2,0.149478,s11_p2
1779333956.0,11,3,0.663007,s11_p3
1779333956.0,9,4,0.000000,s9_p4
1779333956.0,9,1,0.000000,s9_p1
1779333956.0,9,2,0.094038,s9_p2
1779333956.0,9,3,0.000000,s9_p3
1779333956.0,6,1,0.053175,s6_p1
1779333956.0,6,4,0.000000,s6_p4
1779333956.0,6,2,0.099098,s6_p2
1779333956.0,6,3,0.000000,s6_p3
1779333956.0,14,1,0.000000,s14_p1
1779333956.0,14,4,0.000000,s14_p4
1779333956.0,14,2,0.152502,s14_p2
1779333956.0,14,3,0.000000,s14_p3
1779333956.0,1,4,0.123292,s1_p4
1779333956.0,1,1,0.000000,s1_p1
1779333956.0,1,2,0.000000,s1_p2
1779333956.0,1,3,0.000000,s1_p3
1779333956.0,8,4,0.048398,s8_p4
1779333956.0,8,1,0.000000,s8_p1
1779333956.0,8,2,0.000000,s8_p2
1779333956.0,8,3,0.152453,s8_p3
1779333956.0,13,4,0.000000,s13_p4
1779333956.0,13,1,0.133076,s13_p1
1779333956.0,13,2,0.000000,s13_p2
1779333956.0,13,3,0.459718,s13_p3
1779333956.0,20,1,0.000000,s20_p1
1779333956.0,20,4,0.000000,s20_p4
1779333956.0,20,2,0.508317,s20_p2
1779333956.0,20,3,0.762475,s20_p3
1779333956.0,17,1,0.459918,s17_p1
1779333956.0,17,4,0.000000,s17_p4
1779333956.0,17,2,0.762496,s17_p2
1779333956.0,17,3,0.665671,s17_p3
1779333956.0,12,4,0.000000,s12_p4
1779333956.0,12,1,0.101740,s12_p1
1779333956.0,12,2,0.000000,s12_p2
1779333956.0,12,3,0.000000,s12_p3
1779333956.0,11,4,0.000000,s11_p4
1779333956.0,11,1,0.000000,s11_p1
1779333956.0,11,2,0.152622,s11_p2
1779333956.0,11,3,0.666208,s11_p3
1779333956.0,16,1,0.000000,s16_p1
1779333956.0,16,4,0.993202,s16_p4
1779333956.0,16,2,0.000000,s16_p2
1779333956.0,16,3,0.000000,s16_p3
1779333956.0,18,1,0.000000,s18_p1
1779333956.0,18,4,0.000000,s18_p4
1779333956.0,18,2,0.000000,s18_p2
1779333956.0,18,3,0.000000,s18_p3
1779333956.0,3,4,0.000000,s3_p4
1779333956.0,3,1,0.033798,s3_p1
1779333956.0,3,2,0.067595,s3_p2
1779333956.0,3,3,0.000000,s3_p3
1779333956.0,2,1,0.070202,s2_p1
1779333956.0,2,4,0.000000,s2_p4
1779333956.0,2,2,0.091989,s2_p2
1779333956.0,2,3,0.000000,s2_p3
1779333956.0,19,1,0.000000,s19_p1
1779333956.0,19,4,0.000000,s19_p4
1779333956.0,19,2,0.000000,s19_p2
1779333956.0,19,3,0.000000,s19_p3
1779333956.0,7,1,0.000000,s7_p1
1779333956.0,7,4,0.198172,s7_p4
1779333956.0,7,2,0.000000,s7_p2
1779333956.0,7,3,0.000000,s7_p3
1779333956.0,9,4,0.000000,s9_p4
1779333956.0,9,1,0.000000,s9_p1
1779333956.0,9,2,0.092000,s9_p2
1779333956.0,9,3,0.000000,s9_p3
1779333956.0,10,4,0.277780,s10_p4
1779333956.0,10,1,0.000000,s10_p1
1779333956.0,10,2,0.070049,s10_p2
1779333956.0,10,3,0.000000,s10_p3
1779333956.0,5,4,0.000000,s5_p4
1779333956.0,5,1,0.000000,s5_p1
1779333956.0,5,2,0.133051,s5_p2
1779333956.0,5,3,0.091926,s5_p3
1779333956.0,15,4,0.000000,s15_p4
1779333956.0,15,1,0.000000,s15_p1
1779333956.0,15,2,0.000000,s15_p2
1779333956.0,15,3,0.760675,s15_p3
1779333956.0,4,4,0.000000,s4_p4
1779333956.0,4,1,0.152193,s4_p1
1779333956.0,4,2,0.000000,s4_p2
1779333956.0,4,3,0.132867,s4_p3
1779333957.0,19,1,0.000000,s19_p1
1779333957.0,19,4,0.000000,s19_p4
1779333957.0,19,2,0.000000,s19_p2
1779333957.0,19,3,0.000000,s19_p3
1779333957.0,6,1,0.055493,s6_p1
1779333957.0,6,4,0.000000,s6_p4
1779333957.0,6,2,0.096510,s6_p2
1779333957.0,6,3,0.000000,s6_p3
1779333957.0,14,1,0.000000,s14_p1
1779333957.0,14,4,0.000000,s14_p4
1779333957.0,14,2,0.149643,s14_p2
1779333957.0,14,3,0.000000,s14_p3
1779333957.0,10,4,0.265993,s10_p4
1779333957.0,10,1,0.000000,s10_p1
1779333957.0,10,2,0.070126,s10_p2
1779333957.0,10,3,0.000000,s10_p3
1779333957.0,1,4,0.125465,s1_p4
1779333957.0,1,1,0.000000,s1_p1
1779333957.0,1,2,0.000000,s1_p2
1779333957.0,1,3,0.000000,s1_p3
1779333957.0,3,4,0.000000,s3_p4
1779333957.0,3,1,0.033831,s3_p1
1779333957.0,3,2,0.070078,s3_p2
1779333957.0,3,3,0.000000,s3_p3
1779333957.0,13,4,0.000000,s13_p4
1779333957.0,13,1,0.135063,s13_p1
1779333957.0,13,2,0.000000,s13_p2
1779333957.0,13,3,0.470308,s13_p3
1779333957.0,15,4,0.000000,s15_p4
1779333957.0,15,1,0.000000,s15_p1
1779333957.0,15,2,0.000000,s15_p2
1779333957.0,15,3,0.748978,s15_p3
1779333957.0,8,4,0.048226,s8_p4
1779333957.0,8,1,0.000000,s8_p1
1779333957.0,8,2,0.000000,s8_p2
1779333957.0,8,3,0.149501,s8_p3
1779333957.0,20,1,0.000000,s20_p1
1779333957.0,20,4,0.000000,s20_p4
1779333957.0,20,2,0.518705,s20_p2
1779333957.0,20,3,0.747901,s20_p3
1779333957.0,7,1,0.000000,s7_p1
1779333957.0,7,4,0.202814,s7_p4
1779333957.0,7,2,0.000000,s7_p2
1779333957.0,7,3,0.000000,s7_p3
1779333957.0,4,4,0.000000,s4_p4
1779333957.0,4,1,0.149781,s4_p1
1779333957.0,4,2,0.000000,s4_p2
1779333957.0,4,3,0.135286,s4_p3
1779333957.0,2,1,0.072385,s2_p1
1779333957.0,2,4,0.000000,s2_p4
1779333957.0,2,2,0.094101,s2_p2
1779333957.0,2,3,0.000000,s2_p3
1779333957.0,18,1,0.000000,s18_p1
1779333957.0,18,4,0.000000,s18_p4
1779333957.0,18,2,0.000000,s18_p2
1779333957.0,18,3,0.000000,s18_p3
1779333957.0,5,4,0.000000,s5_p4
1779333957.0,5,1,0.000000,s5_p1
1779333957.0,5,2,0.135187,s5_p2
1779333957.0,5,3,0.094148,s5_p3
1779333957.0,17,1,0.470131,s17_p1
1779333957.0,17,4,0.000000,s17_p4
1779333957.0,17,2,0.747387,s17_p2
1779333957.0,17,3,0.675060,s17_p3
1779333957.0,12,4,0.000000,s12_p4
1779333957.0,12,1,0.103667,s12_p1
1779333957.0,12,2,0.000000,s12_p2
1779333957.0,12,3,0.000000,s12_p3
1779333957.0,16,1,0.000000,s16_p1
1779333957.0,16,4,1.000000,s16_p4
1779333957.0,16,2,0.000000,s16_p2
1779333957.0,16,3,0.000000,s16_p3
1779333957.0,11,4,0.000000,s11_p4
1779333957.0,11,1,0.000000,s11_p1
1779333957.0,11,2,0.149428,s11_p2
1779333957.0,11,3,0.674836,s11_p3
1779333957.0,9,4,0.000000,s9_p4
1779333957.0,9,1,0.000000,s9_p1
1779333957.0,9,2,0.094053,s9_p2
1779333957.0,9,3,0.000000,s9_p3
1779333957.0,6,1,0.055555,s6_p1
1779333957.0,6,4,0.000000,s6_p4
1779333957.0,6,2,0.094202,s6_p2
1779333957.0,6,3,0.000000,s6_p3
1779333957.0,19,1,0.000000,s19_p1
1779333957.0,19,4,0.000000,s19_p4
1779333957.0,19,2,0.000000,s19_p2
1779333957.0,19,3,0.000000,s19_p3
1779333957.0,15,4,0.000000,s15_p4
1779333957.0,15,1,0.000000,s15_p1
1779333957.0,15,2,0.000000,s15_p2
1779333957.0,15,3,0.761407,s15_p3
1779333957.0,14,1,0.000000,s14_p1
1779333957.0,14,4,0.000000,s14_p4
1779333957.0,14,2,0.149647,s14_p2
1779333957.0,14,3,0.000000,s14_p3
1779333957.0,3,4,0.000000,s3_p4
1779333957.0,3,1,0.036221,s3_p1
1779333957.0,3,2,0.070026,s3_p2
1779333957.0,3,3,0.000000,s3_p3
1779333957.0,10,4,0.277655,s10_p4
1779333957.0,10,1,0.000000,s10_p1
1779333957.0,10,2,0.070017,s10_p2
1779333957.0,10,3,0.000000,s10_p3
1779333957.0,1,4,0.125555,s1_p4
1779333957.0,1,1,0.000000,s1_p1
1779333957.0,1,2,0.000000,s1_p2
1779333957.0,1,3,0.000000,s1_p3
1779333957.0,4,4,0.000000,s4_p4
1779333957.0,4,1,0.152197,s4_p1
1779333957.0,4,2,0.000000,s4_p2
1779333957.0,4,3,0.132870,s4_p3
1779333957.0,20,1,0.000000,s20_p1
1779333957.0,20,4,0.000000,s20_p4
1779333957.0,20,2,0.531406,s20_p2
1779333957.0,20,3,0.748800,s20_p3
1779333957.0,8,4,0.048307,s8_p4
1779333957.0,8,1,0.000000,s8_p1
1779333957.0,8,2,0.000000,s8_p2
1779333957.0,8,3,0.152167,s8_p3
1779333957.0,13,4,0.000000,s13_p4
1779333957.0,13,1,0.132820,s13_p1
1779333957.0,13,2,0.000000,s13_p2
1779333957.0,13,3,0.470909,s13_p3
1779333957.0,7,1,0.000000,s7_p1
1779333957.0,7,4,0.198048,s7_p4
1779333957.0,7,2,0.000000,s7_p2
1779333957.0,7,3,0.000000,s7_p3
1779333957.0,18,1,0.000000,s18_p1
1779333957.0,18,4,0.000000,s18_p4
1779333957.0,18,2,0.000000,s18_p2
1779333957.0,18,3,0.000000,s18_p3
1779333957.0,2,1,0.070049,s2_p1
1779333957.0,2,4,0.000000,s2_p4
1779333957.0,2,2,0.094203,s2_p2
1779333957.0,2,3,0.000000,s2_p3
1779333957.0,5,4,0.000000,s5_p4
1779333957.0,5,1,0.000000,s5_p1
1779333957.0,5,2,0.132861,s5_p2
1779333957.0,5,3,0.094210,s5_p3
1779333957.0,16,1,0.000000,s16_p1
1779333957.0,16,4,1.000000,s16_p4
1779333957.0,16,2,0.000000,s16_p2
1779333957.0,16,3,0.000000,s16_p3
1779333957.0,12,4,0.000000,s12_p4
1779333957.0,12,1,0.106293,s12_p1
1779333957.0,12,2,0.000000,s12_p2
1779333957.0,12,3,0.000000,s12_p3
1779333957.0,17,1,0.471032,s17_p1
1779333957.0,17,4,0.000000,s17_p4
1779333957.0,17,2,0.760898,s17_p2
1779333957.0,17,3,0.664276,s17_p3
1779333957.0,11,4,0.000000,s11_p4
1779333957.0,11,1,0.000000,s11_p1
1779333957.0,11,2,0.152236,s11_p2
1779333957.0,11,3,0.664520,s11_p3
1779333957.0,9,4,0.000000,s9_p4
1779333957.0,9,1,0.000000,s9_p1
1779333957.0,9,2,0.094228,s9_p2
1779333957.0,9,3,0.000000,s9_p3
1779333958.0,6,1,0.055615,s6_p1
1779333958.0,6,4,0.000000,s6_p4
1779333958.0,6,2,0.099139,s6_p2
1779333958.0,6,3,0.000000,s6_p3
1779333958.0,10,4,0.278167,s10_p4
1779333958.0,10,1,0.000000,s10_p1
1779333958.0,10,2,0.070146,s10_p2
1779333958.0,10,3,0.000000,s10_p3
1779333958.0,14,1,0.000000,s14_p1
1779333958.0,14,4,0.000000,s14_p4
1779333958.0,14,2,0.154777,s14_p2
1779333958.0,14,3,0.000000,s14_p3
1779333958.0,3,4,0.000000,s3_p4
1779333958.0,3,1,0.045950,s3_p1
1779333958.0,3,2,0.055623,s3_p2
1779333958.0,3,3,0.000000,s3_p3
1779333958.0,1,4,0.125760,s1_p4
1779333958.0,1,1,0.000000,s1_p1
1779333958.0,1,2,0.000000,s1_p2
1779333958.0,1,3,0.000000,s1_p3
1779333958.0,15,4,0.000000,s15_p4
1779333958.0,15,1,0.000000,s15_p1
1779333958.0,15,2,0.000000,s15_p2
1779333958.0,15,3,0.749284,s15_p3
1779333958.0,7,1,0.000000,s7_p1
1779333958.0,7,4,0.200776,s7_p4
1779333958.0,7,2,0.000000,s7_p2
1779333958.0,7,3,0.000000,s7_p3
1779333958.0,13,4,0.000000,s13_p4
1779333958.0,13,1,0.133037,s13_p1
1779333958.0,13,2,0.000000,s13_p2
1779333958.0,13,3,0.471675,s13_p3
1779333958.0,8,4,0.048371,s8_p4
1779333958.0,8,1,0.000000,s8_p1
1779333958.0,8,2,0.000000,s8_p2
1779333958.0,8,3,0.149951,s8_p3
1779333958.0,20,1,0.000000,s20_p1
1779333958.0,20,4,0.000000,s20_p4
1779333958.0,20,2,0.507719,s20_p2
1779333958.0,20,3,0.773667,s20_p3
1779333958.0,4,4,0.000000,s4_p4
1779333958.0,4,1,0.149878,s4_p1
1779333958.0,4,2,0.000000,s4_p2
1779333958.0,4,3,0.132957,s4_p3
1779333958.0,5,4,0.000000,s5_p4
1779333958.0,5,1,0.000000,s5_p1
1779333958.0,5,2,0.133054,s5_p2
1779333958.0,5,3,0.094347,s5_p3
1779333958.0,12,4,0.000000,s12_p4
1779333958.0,12,1,0.101607,s12_p1
1779333958.0,12,2,0.000000,s12_p2
1779333958.0,12,3,0.000000,s12_p3
1779333958.0,18,1,0.000000,s18_p1
1779333958.0,18,4,0.000000,s18_p4
1779333958.0,18,2,0.000000,s18_p2
1779333958.0,18,3,0.000000,s18_p3
1779333958.0,2,1,0.070132,s2_p1
1779333958.0,2,4,0.000000,s2_p4
1779333958.0,2,2,0.094315,s2_p2
1779333958.0,2,3,0.000000,s2_p3
1779333958.0,17,1,0.471608,s17_p1
1779333958.0,17,4,0.000000,s17_p4
1779333958.0,17,2,0.749736,s17_p2
1779333958.0,17,3,0.665089,s17_p3
1779333958.0,11,4,0.000000,s11_p4
1779333958.0,11,1,0.000000,s11_p1
1779333958.0,11,2,0.149905,s11_p2
1779333958.0,11,3,0.664902,s11_p3
1779333958.0,16,1,0.000000,s16_p1
1779333958.0,16,4,1.000000,s16_p4
1779333958.0,16,2,0.000000,s16_p2
1779333958.0,16,3,0.000000,s16_p3
1779333958.0,9,4,0.000000,s9_p4
1779333958.0,9,1,0.000000,s9_p1
1779333958.0,9,2,0.094304,s9_p2
1779333958.0,9,3,0.000000,s9_p3
1779333958.0,19,1,0.000000,s19_p1
1779333958.0,19,4,0.000000,s19_p4
1779333958.0,19,2,0.000000,s19_p2
1779333958.0,19,3,0.000000,s19_p3
1779333958.0,19,1,0.000000,s19_p1
1779333958.0,19,4,0.000000,s19_p4
1779333958.0,19,2,0.000000,s19_p2
1779333958.0,19,3,0.000000,s19_p3
1779333958.0,14,1,0.000000,s14_p1
1779333958.0,14,4,0.000000,s14_p4
1779333958.0,14,2,0.142493,s14_p2
1779333958.0,14,3,0.000000,s14_p3
1779333958.0,6,1,0.055504,s6_p1
1779333958.0,6,4,0.000000,s6_p4
1779333958.0,6,2,0.086876,s6_p2
1779333958.0,6,3,0.000000,s6_p3
1779333958.0,1,4,0.125575,s1_p4
1779333958.0,1,1,0.000000,s1_p1
1779333958.0,1,2,0.000000,s1_p2
1779333958.0,1,3,0.000000,s1_p3
1779333958.0,10,4,0.277584,s10_p4
1779333958.0,10,1,0.000000,s10_p1
1779333958.0,10,2,0.072413,s10_p2
1779333958.0,10,3,0.000000,s10_p3
1779333958.0,3,4,0.000000,s3_p4
1779333958.0,3,1,0.045867,s3_p1
1779333958.0,3,2,0.065180,s3_p2
1779333958.0,3,3,0.000000,s3_p3
1779333958.0,15,4,0.000000,s15_p4
1779333958.0,15,1,0.000000,s15_p1
1779333958.0,15,2,0.000000,s15_p2
1779333958.0,15,3,0.760345,s15_p3
1779333958.0,8,4,0.048278,s8_p4
1779333958.0,8,1,0.000000,s8_p1
1779333958.0,8,2,0.000000,s8_p2
1779333958.0,8,3,0.152077,s8_p3
1779333958.0,7,1,0.000000,s7_p1
1779333958.0,7,4,0.197795,s7_p4
1779333958.0,7,2,0.000000,s7_p2
1779333958.0,7,3,0.000000,s7_p3
1779333958.0,5,4,0.000000,s5_p4
1779333958.0,5,1,0.000000,s5_p1
1779333958.0,5,2,0.135130,s5_p2
1779333958.0,5,3,0.094108,s5_p3
1779333958.0,20,1,0.000000,s20_p1
1779333958.0,20,4,0.000000,s20_p4
1779333958.0,20,2,0.554921,s20_p2
1779333958.0,20,3,0.723810,s20_p3
1779333958.0,13,4,0.000000,s13_p4
1779333958.0,13,1,0.135056,s13_p1
1779333958.0,13,2,0.000000,s13_p2
1779333958.0,13,3,0.470285,s13_p3
1779333958.0,4,4,0.000000,s4_p4
1779333958.0,4,1,0.151997,s4_p1
1779333958.0,4,2,0.000000,s4_p2
1779333958.0,4,3,0.135108,s4_p3
1779333958.0,16,1,0.000000,s16_p1
1779333958.0,16,4,1.000000,s16_p4
1779333958.0,16,2,0.000000,s16_p2
1779333958.0,16,3,0.000000,s16_p3
1779333958.0,12,4,0.000000,s12_p4
1779333958.0,12,1,0.110911,s12_p1
1779333958.0,12,2,0.000000,s12_p2
1779333958.0,12,3,0.000000,s12_p3
1779333958.0,9,4,0.000000,s9_p4
1779333958.0,9,1,0.000000,s9_p1
1779333958.0,9,2,0.094097,s9_p2
1779333958.0,9,3,0.000000,s9_p3
1779333958.0,17,1,0.470278,s17_p1
1779333958.0,17,4,0.000000,s17_p4
1779333958.0,17,2,0.759679,s17_p2
1779333958.0,17,3,0.675270,s17_p3
1779333958.0,18,1,0.000000,s18_p1
1779333958.0,18,4,0.000000,s18_p4
1779333958.0,18,2,0.000000,s18_p2
1779333958.0,18,3,0.000000,s18_p3
1779333958.0,2,1,0.069931,s2_p1
1779333958.0,2,4,0.000000,s2_p4
1779333958.0,2,2,0.094045,s2_p2
1779333958.0,2,3,0.000000,s2_p3
1779333958.0,11,4,0.000000,s11_p4
1779333958.0,11,1,0.000000,s11_p1
1779333958.0,11,2,0.151961,s11_p2
1779333958.0,11,3,0.675383,s11_p3
1779333959.0,1,4,0.123422,s1_p4
1779333959.0,1,1,0.000000,s1_p1
1779333959.0,1,2,0.000000,s1_p2
1779333959.0,1,3,0.000000,s1_p3
1779333959.0,6,1,0.053231,s6_p1
1779333959.0,6,4,0.000000,s6_p4
1779333959.0,6,2,0.101623,s6_p2
1779333959.0,6,3,0.000000,s6_p3
1779333959.0,10,4,0.266102,s10_p4
1779333959.0,10,1,0.000000,s10_p1
1779333959.0,10,2,0.067735,s10_p2
1779333959.0,10,3,0.000000,s10_p3
1779333959.0,13,4,0.000000,s13_p4
1779333959.0,13,1,0.133238,s13_p1
1779333959.0,13,2,0.000000,s13_p2
1779333959.0,13,3,0.472390,s13_p3
1779333959.0,14,1,0.000000,s14_p1
1779333959.0,14,4,0.000000,s14_p4
1779333959.0,14,2,0.154735,s14_p2
1779333959.0,14,3,0.000000,s14_p3
1779333959.0,3,4,0.000000,s3_p4
1779333959.0,3,1,0.029026,s3_p1
1779333959.0,3,2,0.070146,s3_p2
1779333959.0,3,3,0.000000,s3_p3
1779333959.0,8,4,0.048379,s8_p4
1779333959.0,8,1,0.000000,s8_p1
1779333959.0,8,2,0.000000,s8_p2
1779333959.0,8,3,0.149974,s8_p3
1779333959.0,15,4,0.000000,s15_p4
1779333959.0,15,1,0.000000,s15_p1
1779333959.0,15,2,0.000000,s15_p2
1779333959.0,15,3,0.749738,s15_p3
1779333959.0,20,1,0.000000,s20_p1
1779333959.0,20,4,0.000000,s20_p4
1779333959.0,20,2,0.496236,s20_p2
1779333959.0,20,3,0.762509,s20_p3
1779333959.0,7,1,0.000000,s7_p1
1779333959.0,7,4,0.198457,s7_p4
1779333959.0,7,2,0.000000,s7_p2
1779333959.0,7,3,0.000000,s7_p3
1779333959.0,5,4,0.000000,s5_p4
1779333959.0,5,1,0.000000,s5_p1
1779333959.0,5,2,0.133123,s5_p2
1779333959.0,5,3,0.094396,s5_p3
1779333959.0,4,4,0.000000,s4_p4
1779333959.0,4,1,0.150082,s4_p1
1779333959.0,4,2,0.000000,s4_p2
1779333959.0,4,3,0.133137,s4_p3
1779333959.0,16,1,0.000000,s16_p1
1779333959.0,16,4,0.992576,s16_p4
1779333959.0,16,2,0.000000,s16_p2
1779333959.0,16,3,0.000000,s16_p3
1779333959.0,2,1,0.070219,s2_p1
1779333959.0,2,4,0.000000,s2_p4
1779333959.0,2,2,0.094432,s2_p2
1779333959.0,2,3,0.000000,s2_p3
1779333959.0,18,1,0.000000,s18_p1
1779333959.0,18,4,0.000000,s18_p4
1779333959.0,18,2,0.000000,s18_p2
1779333959.0,18,3,0.000000,s18_p3
1779333959.0,17,1,0.472093,s17_p1
1779333959.0,17,4,0.000000,s17_p4
1779333959.0,17,2,0.750507,s17_p2
1779333959.0,17,3,0.665773,s17_p3
1779333959.0,12,4,0.000000,s12_p4
1779333959.0,12,1,0.099250,s12_p1
1779333959.0,12,2,0.000000,s12_p2
1779333959.0,12,3,0.000000,s12_p3
1779333959.0,9,4,0.000000,s9_p4
1779333959.0,9,1,0.000000,s9_p1
1779333959.0,9,2,0.094408,s9_p2
1779333959.0,9,3,0.000000,s9_p3
1779333959.0,11,4,0.000000,s11_p4
1779333959.0,11,1,0.000000,s11_p1
1779333959.0,11,2,0.150106,s11_p2
1779333959.0,11,3,0.665794,s11_p3
1779333959.0,19,1,0.000000,s19_p1
1779333959.0,19,4,0.000000,s19_p4
1779333959.0,19,2,0.000000,s19_p2
1779333959.0,19,3,0.000000,s19_p3
1779333959.0,19,1,0.000000,s19_p1
1779333959.0,19,4,0.000000,s19_p4
1779333959.0,19,2,0.000000,s19_p2
1779333959.0,19,3,0.000000,s19_p3
1779333959.0,14,1,0.000000,s14_p1
1779333959.0,14,4,0.000000,s14_p4
1779333959.0,14,2,0.152282,s14_p2
1779333959.0,14,3,0.000000,s14_p3
1779333959.0,3,4,0.000000,s3_p4
1779333959.0,3,1,0.029004,s3_p1
1779333959.0,3,2,0.074928,s3_p2
1779333959.0,3,3,0.000000,s3_p3
1779333959.0,1,4,0.125577,s1_p4
1779333959.0,1,1,0.000000,s1_p1
1779333959.0,1,2,0.000000,s1_p2
1779333959.0,1,3,0.000000,s1_p3
1779333959.0,10,4,0.277899,s10_p4
1779333959.0,10,1,0.000000,s10_p1
1779333959.0,10,2,0.072495,s10_p2
1779333959.0,10,3,0.000000,s10_p3
1779333959.0,6,1,0.055549,s6_p1
1779333959.0,6,4,0.000000,s6_p4
1779333959.0,6,2,0.096607,s6_p2
1779333959.0,6,3,0.000000,s6_p3
1779333959.0,15,4,0.000000,s15_p4
1779333959.0,15,1,0.000000,s15_p1
1779333959.0,15,2,0.000000,s15_p2
1779333959.0,15,3,0.761474,s15_p3
1779333959.0,8,4,0.048339,s8_p4
1779333959.0,8,1,0.000000,s8_p1
1779333959.0,8,2,0.000000,s8_p2
1779333959.0,8,3,0.152269,s8_p3
1779333959.0,7,1,0.000000,s7_p1
1779333959.0,7,4,0.203048,s7_p4
1779333959.0,7,2,0.000000,s7_p2
1779333959.0,7,3,0.000000,s7_p3
1779333959.0,13,4,0.000000,s13_p4
1779333959.0,13,1,0.132846,s13_p1
1779333959.0,13,2,0.000000,s13_p2
1779333959.0,13,3,0.458922,s13_p3
1779333959.0,20,1,0.000000,s20_p1
1779333959.0,20,4,0.000000,s20_p4
1779333959.0,20,2,0.519500,s20_p2
1779333959.0,20,3,0.761127,s20_p3
1779333959.0,4,4,0.000000,s4_p4
1779333959.0,4,1,0.152224,s4_p1
1779333959.0,4,2,0.000000,s4_p2
1779333959.0,4,3,0.132894,s4_p3
1779333959.0,12,4,0.000000,s12_p4
1779333959.0,12,1,0.103964,s12_p1
1779333959.0,12,2,0.000000,s12_p2
1779333959.0,12,3,0.000000,s12_p3
1779333959.0,18,1,0.000000,s18_p1
1779333959.0,18,4,0.000000,s18_p4
1779333959.0,18,2,0.000000,s18_p2
1779333959.0,18,3,0.000000,s18_p3
1779333959.0,11,4,0.000000,s11_p4
1779333959.0,11,1,0.000000,s11_p1
1779333959.0,11,2,0.152270,s11_p2
1779333959.0,11,3,0.664671,s11_p3
1779333959.0,2,1,0.070077,s2_p1
1779333959.0,2,4,0.000000,s2_p4
1779333959.0,2,2,0.091825,s2_p2
1779333959.0,2,3,0.000000,s2_p3
1779333959.0,16,1,0.000000,s16_p1
1779333959.0,16,4,1.000000,s16_p4
1779333959.0,16,2,0.000000,s16_p2
1779333959.0,16,3,0.000000,s16_p3
1779333959.0,17,1,0.459128,s17_p1
1779333959.0,17,4,0.000000,s17_p4
1779333959.0,17,2,0.761186,s17_p2
1779333959.0,17,3,0.664528,s17_p3
1779333959.0,5,4,0.000000,s5_p4
1779333959.0,5,1,0.000000,s5_p1
1779333959.0,5,2,0.132813,s5_p2
1779333959.0,5,3,0.091762,s5_p3
1779333959.0,9,4,0.000000,s9_p4
1779333959.0,9,1,0.000000,s9_p1
1779333959.0,9,2,0.091810,s9_p2
1779333959.0,9,3,0.000000,s9_p3
1779333960.0,14,1,0.000000,s14_p1
1779333960.0,14,4,0.000000,s14_p4
1779333960.0,14,2,0.157152,s14_p2
1779333960.0,14,3,0.000000,s14_p3
1779333960.0,1,4,0.125718,s1_p4
1779333960.0,1,1,0.000000,s1_p1
1779333960.0,1,2,0.000000,s1_p2
1779333960.0,1,3,0.000000,s1_p3
1779333960.0,10,4,0.277861,s10_p4
1779333960.0,10,1,0.000000,s10_p1
1779333960.0,10,2,0.070069,s10_p2
1779333960.0,10,3,0.000000,s10_p3
1779333960.0,3,4,0.000000,s3_p4
1779333960.0,3,1,0.038654,s3_p1
1779333960.0,3,2,0.060396,s3_p2
1779333960.0,3,3,0.000000,s3_p3
1779333960.0,15,4,0.000000,s15_p4
1779333960.0,15,1,0.000000,s15_p1
1779333960.0,15,2,0.000000,s15_p2
1779333960.0,15,3,0.749242,s15_p3
1779333960.0,13,4,0.000000,s13_p4
1779333960.0,13,1,0.135364,s13_p1
1779333960.0,13,2,0.000000,s13_p2
1779333960.0,13,3,0.471356,s13_p3
1779333960.0,8,4,0.050758,s8_p4
1779333960.0,8,1,0.000000,s8_p1
1779333960.0,8,2,0.000000,s8_p2
1779333960.0,8,3,0.149856,s8_p3
1779333960.0,5,4,0.000000,s5_p4
1779333960.0,5,1,0.000000,s5_p1
1779333960.0,5,2,0.135430,s5_p2
1779333960.0,5,3,0.094317,s5_p3
1779333960.0,20,1,0.000000,s20_p1
1779333960.0,20,4,0.000000,s20_p4
1779333960.0,20,2,0.495246,s20_p2
1779333960.0,20,3,0.785146,s20_p3
1779333960.0,7,1,0.000000,s7_p1
1779333960.0,7,4,0.198017,s7_p4
1779333960.0,7,2,0.000000,s7_p2
1779333960.0,7,3,0.000000,s7_p3
1779333960.0,4,4,0.000000,s4_p4
1779333960.0,4,1,0.149764,s4_p1
1779333960.0,4,2,0.000000,s4_p2
1779333960.0,4,3,0.135271,s4_p3
1779333960.0,9,4,0.000000,s9_p4
1779333960.0,9,1,0.000000,s9_p1
1779333960.0,9,2,0.094215,s9_p2
1779333960.0,9,3,0.000000,s9_p3
1779333960.0,2,1,0.070031,s2_p1
1779333960.0,2,4,0.000000,s2_p4
1779333960.0,2,2,0.094179,s2_p2
1779333960.0,2,3,0.000000,s2_p3
1779333960.0,18,1,0.000000,s18_p1
1779333960.0,18,4,0.000000,s18_p4
1779333960.0,18,2,0.000000,s18_p2
1779333960.0,18,3,0.000000,s18_p3
1779333960.0,17,1,0.470895,s17_p1
1779333960.0,17,4,0.000000,s17_p4
1779333960.0,17,2,0.748602,s17_p2
1779333960.0,17,3,0.676156,s17_p3
1779333960.0,12,4,0.000000,s12_p4
1779333960.0,12,1,0.098956,s12_p1
1779333960.0,12,2,0.000000,s12_p2
1779333960.0,12,3,0.000000,s12_p3
1779333960.0,19,1,0.000000,s19_p1
1779333960.0,19,4,0.000000,s19_p4
1779333960.0,19,2,0.000000,s19_p2
1779333960.0,19,3,0.000000,s19_p3
1779333960.0,11,4,0.000000,s11_p4
1779333960.0,11,1,0.000000,s11_p1
1779333960.0,11,2,0.149683,s11_p2
1779333960.0,11,3,0.675986,s11_p3
1779333960.0,16,1,0.000000,s16_p1
1779333960.0,16,4,1.000000,s16_p4
1779333960.0,16,2,0.000000,s16_p2
1779333960.0,16,3,0.000000,s16_p3
1779333960.0,6,1,0.055438,s6_p1
1779333960.0,6,4,0.000000,s6_p4
1779333960.0,6,2,0.101234,s6_p2
1779333960.0,6,3,0.000000,s6_p3
1779333960.0,19,1,0.000000,s19_p1
1779333960.0,19,4,0.000000,s19_p4
1779333960.0,19,2,0.000000,s19_p2
1779333960.0,19,3,0.000000,s19_p3
1779333960.0,14,1,0.000632,s14_p1
1779333960.0,14,4,0.230534,s14_p4
1779333960.0,14,2,0.151981,s14_p2
1779333960.0,14,3,0.000000,s14_p3
1779333960.0,10,4,0.337945,s10_p4
1779333960.0,10,1,0.000543,s10_p1
1779333960.0,10,2,0.057933,s10_p2
1779333960.0,10,3,0.000000,s10_p3
1779333960.0,1,4,0.127849,s1_p4
1779333960.0,1,1,0.000271,s1_p1
1779333960.0,1,2,0.000271,s1_p2
1779333960.0,1,3,0.043421,s1_p3
1779333960.0,6,1,0.041133,s6_p1
1779333960.0,6,4,0.000272,s6_p4
1779333960.0,6,2,0.111301,s6_p2
1779333960.0,6,3,0.048392,s6_p3
1779333960.0,3,4,0.000000,s3_p4
1779333960.0,3,1,0.089310,s3_p1
1779333960.0,3,2,0.057931,s3_p2
1779333960.0,3,3,0.055517,s3_p3
1779333960.0,15,4,0.000000,s15_p4
1779333960.0,15,1,0.038593,s15_p1
1779333960.0,15,2,0.036452,s15_p2
1779333960.0,15,3,0.482411,s15_p3
1779333960.0,12,4,0.003165,s12_p4
1779333960.0,12,1,0.103914,s12_p1
1779333960.0,12,2,0.036249,s12_p2
1779333960.0,12,3,0.000000,s12_p3
1779333960.0,7,1,0.024141,s7_p1
1779333960.0,7,4,0.202782,s7_p4
1779333960.0,7,2,0.014484,s7_p2
1779333960.0,7,3,0.000000,s7_p3
1779333960.0,4,4,0.000632,s4_p4
1779333960.0,4,1,0.132792,s4_p1
1779333960.0,4,2,0.000814,s4_p2
1779333960.0,4,3,0.137892,s4_p3
1779333960.0,13,4,0.000000,s13_p4
1779333960.0,13,1,0.111207,s13_p1
1779333960.0,13,2,0.000000,s13_p2
1779333960.0,13,3,0.655215,s13_p3
1779333960.0,8,4,0.062703,s8_p4
1779333960.0,8,1,0.026799,s8_p1
1779333960.0,8,2,0.009647,s8_p2
1779333960.0,8,3,0.096467,s8_p3
1779333960.0,18,1,0.000000,s18_p1
1779333960.0,18,4,0.000000,s18_p4
1779333960.0,18,2,0.000000,s18_p2
1779333960.0,18,3,0.000000,s18_p3
1779333960.0,9,4,0.000000,s9_p4
1779333960.0,9,1,0.000000,s9_p1
1779333960.0,9,2,0.086925,s9_p2
1779333960.0,9,3,0.303182,s9_p3
1779333960.0,20,1,0.001356,s20_p1
1779333960.0,20,4,0.000000,s20_p4
1779333960.0,20,2,0.699580,s20_p2
1779333960.0,20,3,0.763048,s20_p3
1779333960.0,11,4,0.000000,s11_p4
1779333960.0,11,1,0.043472,s11_p1
1779333960.0,11,2,0.097420,s11_p2
1779333960.0,11,3,0.810427,s11_p3
1779333960.0,5,4,0.045815,s5_p4
1779333960.0,5,1,0.000271,s5_p1
1779333960.0,5,2,0.111551,s5_p2
1779333960.0,5,3,0.087620,s5_p3
1779333960.0,17,1,0.434645,s17_p1
1779333960.0,17,4,0.375635,s17_p4
1779333960.0,17,2,0.704334,s17_p2
1779333960.0,17,3,0.556737,s17_p3
1779333960.0,2,1,0.057948,s2_p1
1779333960.0,2,4,0.000271,s2_p4
1779333960.0,2,2,0.086923,s2_p2
1779333960.0,2,3,0.034075,s2_p3
1779333960.0,16,1,0.000000,s16_p1
1779333960.0,16,4,1.000000,s16_p4
1779333960.0,16,2,0.000000,s16_p2
1779333960.0,16,3,0.000000,s16_p3
1779333961.0,19,1,0.000000,s19_p1
1779333961.0,19,4,0.000000,s19_p4
1779333961.0,19,2,0.000000,s19_p2
1779333961.0,19,3,0.000000,s19_p3
1779333961.0,1,4,0.065225,s1_p4
1779333961.0,1,1,0.000000,s1_p1
1779333961.0,1,2,0.000000,s1_p2
1779333961.0,1,3,0.142529,s1_p3
1779333961.0,10,4,0.326082,s10_p4
1779333961.0,10,1,0.000000,s10_p1
1779333961.0,10,2,0.000000,s10_p2
1779333961.0,10,3,0.000000,s10_p3
1779333961.0,14,1,0.000000,s14_p1
1779333961.0,14,4,0.700479,s14_p4
1779333961.0,14,2,0.088836,s14_p2
1779333961.0,14,3,0.000000,s14_p3
1779333961.0,6,1,0.000000,s6_p1
1779333961.0,6,4,0.002444,s6_p4
1779333961.0,6,2,0.088856,s6_p2
1779333961.0,6,3,0.169084,s6_p3
1779333961.0,3,4,0.002987,s3_p4
1779333961.0,3,1,0.212883,s3_p1
1779333961.0,3,2,0.043796,s3_p2
1779333961.0,3,3,0.135270,s3_p3
1779333961.0,4,4,0.000000,s4_p4
1779333961.0,4,1,0.099079,s4_p1
1779333961.0,4,2,0.000000,s4_p2
1779333961.0,4,3,0.057997,s4_p3
1779333961.0,15,4,0.000000,s15_p4
1779333961.0,15,1,0.060398,s15_p1
1779333961.0,15,2,0.137707,s15_p2
1779333961.0,15,3,0.001582,s15_p3
1779333961.0,13,4,0.000000,s13_p4
1779333961.0,13,1,0.002416,s13_p1
1779333961.0,13,2,0.000000,s13_p2
1779333961.0,13,3,1.000000,s13_p3
1779333961.0,8,4,0.035723,s8_p4
1779333961.0,8,1,0.094225,s8_p1
1779333961.0,8,2,0.045933,s8_p2
1779333961.0,8,3,0.000000,s8_p3
1779333961.0,7,1,0.031948,s7_p1
1779333961.0,7,4,0.038135,s7_p4
1779333961.0,7,2,0.031434,s7_p2
1779333961.0,7,3,0.000316,s7_p3
1779333961.0,2,1,0.000000,s2_p1
1779333961.0,2,4,0.000000,s2_p4
1779333961.0,2,2,0.043492,s2_p2
1779333961.0,2,3,0.140142,s2_p3
1779333961.0,20,1,0.000000,s20_p1
1779333961.0,20,4,0.027163,s20_p4
1779333961.0,20,2,0.992094,s20_p2
1779333961.0,20,3,0.444350,s20_p3
1779333961.0,12,4,0.014928,s12_p4
1779333961.0,12,1,0.099294,s12_p1
1779333961.0,12,2,0.098978,s12_p2
1779333961.0,12,3,0.000000,s12_p3
1779333961.0,17,1,0.217425,s17_p1
1779333961.0,17,4,1.000000,s17_p4
1779333961.0,17,2,0.786728,s17_p2
1779333961.0,17,3,0.012079,s17_p3
1779333961.0,5,4,0.137696,s5_p4
1779333961.0,5,1,0.000000,s5_p1
1779333961.0,5,2,0.002416,s5_p2
1779333961.0,5,3,0.048314,s5_p3
1779333961.0,18,1,0.000000,s18_p1
1779333961.0,18,4,0.000000,s18_p4
1779333961.0,18,2,0.000000,s18_p2
1779333961.0,18,3,0.000000,s18_p3
1779333961.0,9,4,0.000000,s9_p4
1779333961.0,9,1,0.000000,s9_p1
1779333961.0,9,2,0.043468,s9_p2
1779333961.0,9,3,1.000000,s9_p3
1779333961.0,11,4,0.000000,s11_p4
1779333961.0,11,1,0.157282,s11_p1
1779333961.0,11,2,0.000000,s11_p2
1779333961.0,11,3,1.000000,s11_p3
1779333961.0,16,1,0.002987,s16_p1
1779333961.0,16,4,0.574418,s16_p4
1779333961.0,16,2,0.002444,s16_p2
1779333961.0,16,3,0.000000,s16_p3
1779333961.0,19,1,0.000000,s19_p1
1779333961.0,19,4,0.000000,s19_p4
1779333961.0,19,2,0.000000,s19_p2
1779333961.0,19,3,0.000000,s19_p3
1779333961.0,15,4,0.000000,s15_p4
1779333961.0,15,1,0.002419,s15_p1
1779333961.0,15,2,0.198330,s15_p2
1779333961.0,15,3,0.000000,s15_p3
1779333961.0,6,1,0.000000,s6_p1
1779333961.0,6,4,0.000000,s6_p4
1779333961.0,6,2,0.065256,s6_p2
1779333961.0,6,3,0.166766,s6_p3
1779333961.0,1,4,0.065243,s1_p4
1779333961.0,1,1,0.000000,s1_p1
1779333961.0,1,2,0.000000,s1_p2
1779333961.0,1,3,0.142567,s1_p3
1779333961.0,3,4,0.000000,s3_p4
1779333961.0,3,1,0.154671,s3_p1
1779333961.0,3,2,0.000000,s3_p2
1779333961.0,3,3,0.135338,s3_p3
1779333961.0,14,1,0.000000,s14_p1
1779333961.0,14,4,0.688723,s14_p4
1779333961.0,14,2,0.065247,s14_p2
1779333961.0,14,3,0.000000,s14_p3
1779333961.0,10,4,0.326218,s10_p4
1779333961.0,10,1,0.000000,s10_p1
1779333961.0,10,2,0.000000,s10_p2
1779333961.0,10,3,0.000000,s10_p3
1779333961.0,8,4,0.000000,s8_p4
1779333961.0,8,1,0.140119,s8_p1
1779333961.0,8,2,0.057980,s8_p2
1779333961.0,8,3,0.000000,s8_p3
1779333961.0,7,1,0.002416,s7_p1
1779333961.0,7,4,0.000000,s7_p4
1779333961.0,7,2,0.000000,s7_p2
1779333961.0,7,3,0.000000,s7_p3
1779333961.0,5,4,0.137795,s5_p4
1779333961.0,5,1,0.000000,s5_p1
1779333961.0,5,2,0.000000,s5_p2
1779333961.0,5,3,0.048349,s5_p3
1779333961.0,4,4,0.000000,s4_p4
1779333961.0,4,1,0.181117,s4_p1
1779333961.0,4,2,0.000000,s4_p2
1779333961.0,4,3,0.060372,s4_p3
1779333961.0,12,4,0.000000,s12_p4
1779333961.0,12,1,0.000000,s12_p1
1779333961.0,12,2,0.181288,s12_p2
1779333961.0,12,3,0.000000,s12_p3
1779333961.0,13,4,0.000000,s13_p4
1779333961.0,13,1,0.000000,s13_p1
1779333961.0,13,2,0.000000,s13_p2
1779333961.0,13,3,0.990216,s13_p3
1779333961.0,20,1,0.000000,s20_p1
1779333961.0,20,4,0.000000,s20_p4
1779333961.0,20,2,0.906344,s20_p2
1779333961.0,20,3,0.326284,s20_p3
1779333961.0,16,1,0.000000,s16_p1
1779333961.0,16,4,0.000000,s16_p4
1779333961.0,16,2,0.000000,s16_p2
1779333961.0,16,3,0.000000,s16_p3
1779333961.0,18,1,0.000000,s18_p1
1779333961.0,18,4,0.000000,s18_p4
1779333961.0,18,2,0.000000,s18_p2
1779333961.0,18,3,0.000000,s18_p3
1779333961.0,17,1,0.217426,s17_p1
1779333961.0,17,4,0.990494,s17_p4
1779333961.0,17,2,0.773069,s17_p2
1779333961.0,17,3,0.000000,s17_p3
1779333961.0,9,4,0.000000,s9_p4
1779333961.0,9,1,0.000000,s9_p1
1779333961.0,9,2,0.043497,s9_p2
1779333961.0,9,3,0.990774,s9_p3
1779333961.0,11,4,0.000000,s11_p4
1779333961.0,11,1,0.154663,s11_p1
1779333961.0,11,2,0.000000,s11_p2
1779333961.0,11,3,0.990808,s11_p3
1779333961.0,2,1,0.000000,s2_p1
1779333961.0,2,4,0.000000,s2_p4
1779333961.0,2,2,0.043476,s2_p2
1779333961.0,2,3,0.137673,s2_p3
1779333962.0,1,4,0.065185,s1_p4
1779333962.0,1,1,0.000000,s1_p1
1779333962.0,1,2,0.000000,s1_p2
1779333962.0,1,3,0.142440,s1_p3
1779333962.0,19,1,0.000000,s19_p1
1779333962.0,19,4,0.000000,s19_p4
1779333962.0,19,2,0.000000,s19_p2
1779333962.0,19,3,0.000000,s19_p3
1779333962.0,6,1,0.000000,s6_p1
1779333962.0,6,4,0.000000,s6_p4
1779333962.0,6,2,0.065168,s6_p2
1779333962.0,6,3,0.168954,s6_p3
1779333962.0,3,4,0.000000,s3_p4
1779333962.0,3,1,0.156830,s3_p1
1779333962.0,3,2,0.000000,s3_p2
1779333962.0,3,3,0.135115,s3_p3
1779333962.0,14,1,0.000000,s14_p1
1779333962.0,14,4,0.687605,s14_p4
1779333962.0,14,2,0.065142,s14_p2
1779333962.0,14,3,0.000000,s14_p3
1779333962.0,10,4,0.325704,s10_p4
1779333962.0,10,1,0.000000,s10_p1
1779333962.0,10,2,0.000000,s10_p2
1779333962.0,10,3,0.000000,s10_p3
1779333962.0,15,4,0.000000,s15_p4
1779333962.0,15,1,0.000000,s15_p1
1779333962.0,15,2,0.200194,s15_p2
1779333962.0,15,3,0.000000,s15_p3
1779333962.0,8,4,0.000000,s8_p4
1779333962.0,8,1,0.140045,s8_p1
1779333962.0,8,2,0.060364,s8_p2
1779333962.0,8,3,0.000000,s8_p3
1779333962.0,7,1,0.000000,s7_p1
1779333962.0,7,4,0.000000,s7_p4
1779333962.0,7,2,0.000000,s7_p2
1779333962.0,7,3,0.000000,s7_p3
1779333962.0,13,4,0.000000,s13_p4
1779333962.0,13,1,0.000000,s13_p1
1779333962.0,13,2,0.000000,s13_p2
1779333962.0,13,3,1.000000,s13_p3
1779333962.0,4,4,0.000000,s4_p4
1779333962.0,4,1,0.137618,s4_p1
1779333962.0,4,2,0.000000,s4_p2
1779333962.0,4,3,0.057945,s4_p3
1779333962.0,20,1,0.000000,s20_p1
1779333962.0,20,4,0.000000,s20_p4
1779333962.0,20,2,0.687860,s20_p2
1779333962.0,20,3,0.325829,s20_p3
1779333962.0,12,4,0.000000,s12_p4
1779333962.0,12,1,0.000000,s12_p1
1779333962.0,12,2,0.139914,s12_p2
1779333962.0,12,3,0.000000,s12_p3
1779333962.0,5,4,0.139889,s5_p4
1779333962.0,5,1,0.000000,s5_p1
1779333962.0,5,2,0.000000,s5_p2
1779333962.0,5,3,0.045826,s5_p3
1779333962.0,2,1,0.000000,s2_p1
1779333962.0,2,4,0.000000,s2_p4
1779333962.0,2,2,0.043425,s2_p2
1779333962.0,2,3,0.137513,s2_p3
1779333962.0,18,1,0.000000,s18_p1
1779333962.0,18,4,0.000000,s18_p4
1779333962.0,18,2,0.000000,s18_p2
1779333962.0,18,3,0.000000,s18_p3
1779333962.0,16,1,0.000000,s16_p1
1779333962.0,16,4,0.000000,s16_p4
1779333962.0,16,2,0.000000,s16_p2
1779333962.0,16,3,0.000000,s16_p3
1779333962.0,17,1,0.217073,s17_p1
1779333962.0,17,4,1.000000,s17_p4
1779333962.0,17,2,0.783875,s17_p2
1779333962.0,17,3,0.000000,s17_p3
1779333962.0,11,4,0.000000,s11_p4
1779333962.0,11,1,0.156747,s11_p1
1779333962.0,11,2,0.000000,s11_p2
1779333962.0,11,3,1.000000,s11_p3
1779333962.0,9,4,0.000000,s9_p4
1779333962.0,9,1,0.000000,s9_p1
1779333962.0,9,2,0.043403,s9_p2
1779333962.0,9,3,1.000000,s9_p3
1779333962.0,6,1,0.000000,s6_p1
1779333962.0,6,4,0.000000,s6_p4
1779333962.0,6,2,0.062838,s6_p2
1779333962.0,6,3,0.169178,s6_p3
1779333962.0,1,4,0.062781,s1_p4
1779333962.0,1,1,0.000000,s1_p1
1779333962.0,1,2,0.000000,s1_p2
1779333962.0,1,3,0.142464,s1_p3
1779333962.0,3,4,0.000000,s3_p4
1779333962.0,3,1,0.154614,s3_p1
1779333962.0,3,2,0.000000,s3_p2
1779333962.0,3,3,0.132871,s3_p3
1779333962.0,14,1,0.000000,s14_p1
1779333962.0,14,4,0.700622,s14_p4
1779333962.0,14,2,0.062814,s14_p2
1779333962.0,14,3,0.000000,s14_p3
1779333962.0,10,4,0.314074,s10_p4
1779333962.0,10,1,0.000000,s10_p1
1779333962.0,10,2,0.000000,s10_p2
1779333962.0,10,3,0.000000,s10_p3
1779333962.0,20,1,0.000000,s20_p1
1779333962.0,20,4,0.000000,s20_p4
1779333962.0,20,2,0.700934,s20_p2
1779333962.0,20,3,0.326297,s20_p3
1779333962.0,7,1,0.000000,s7_p1
1779333962.0,7,4,0.000000,s7_p4
1779333962.0,7,2,0.002415,s7_p2
1779333962.0,7,3,0.000000,s7_p3
1779333962.0,4,4,0.000000,s4_p4
1779333962.0,4,1,0.140104,s4_p1
1779333962.0,4,2,0.000000,s4_p2
1779333962.0,4,3,0.060390,s4_p3
1779333962.0,15,4,0.000000,s15_p4
1779333962.0,15,1,0.002414,s15_p1
1779333962.0,15,2,0.197979,s15_p2
1779333962.0,15,3,0.000000,s15_p3
1779333962.0,13,4,0.000000,s13_p4
1779333962.0,13,1,0.000000,s13_p1
1779333962.0,13,2,0.000000,s13_p2
1779333962.0,13,3,1.000000,s13_p3
1779333962.0,8,4,0.000000,s8_p4
1779333962.0,8,1,0.135229,s8_p1
1779333962.0,8,2,0.062785,s8_p2
1779333962.0,8,3,0.000000,s8_p3
1779333962.0,11,4,0.000000,s11_p4
1779333962.0,11,1,0.154774,s11_p1
1779333962.0,11,2,0.000000,s11_p2
1779333962.0,11,3,1.000000,s11_p3
1779333962.0,5,4,0.137719,s5_p4
1779333962.0,5,1,0.000000,s5_p1
1779333962.0,5,2,0.000000,s5_p2
1779333962.0,5,3,0.048322,s5_p3
1779333962.0,16,1,0.000000,s16_p1
1779333962.0,16,4,0.000000,s16_p4
1779333962.0,16,2,0.000000,s16_p2
1779333962.0,16,3,0.000000,s16_p3
1779333962.0,18,1,0.000000,s18_p1
1779333962.0,18,4,0.000000,s18_p4
1779333962.0,18,2,0.000000,s18_p2
1779333962.0,18,3,0.000000,s18_p3
1779333962.0,12,4,0.000000,s12_p4
1779333962.0,12,1,0.000000,s12_p1
1779333962.0,12,2,0.137686,s12_p2
1779333962.0,12,3,0.000000,s12_p3
1779333962.0,17,1,0.229644,s17_p1
1779333962.0,17,4,1.000000,s17_p4
1779333962.0,17,2,0.773537,s17_p2
1779333962.0,17,3,0.000000,s17_p3
1779333962.0,2,1,0.000000,s2_p1
1779333962.0,2,4,0.000000,s2_p4
1779333962.0,2,2,0.045919,s2_p2
1779333962.0,2,3,0.137758,s2_p3
1779333962.0,19,1,0.000000,s19_p1
1779333962.0,19,4,0.000000,s19_p4
1779333962.0,19,2,0.000000,s19_p2
1779333962.0,19,3,0.000000,s19_p3
1779333962.0,9,4,0.000000,s9_p4
1779333962.0,9,1,0.000000,s9_p1
1779333962.0,9,2,0.045929,s9_p2
1779333962.0,9,3,1.000000,s9_p3
1779333963.0,6,1,0.000000,s6_p1
1779333963.0,6,4,0.000000,s6_p4
1779333963.0,6,2,0.065163,s6_p2
1779333963.0,6,3,0.166527,s6_p3
1779333963.0,14,1,0.000000,s14_p1
1779333963.0,14,4,0.688340,s14_p4
1779333963.0,14,2,0.065211,s14_p2
1779333963.0,14,3,0.000000,s14_p3
1779333963.0,15,4,0.000000,s15_p4
1779333963.0,15,1,0.007247,s15_p1
1779333963.0,15,2,0.193251,s15_p2
1779333963.0,15,3,0.000000,s15_p3
1779333963.0,13,4,0.000000,s13_p4
1779333963.0,13,1,0.000000,s13_p1
1779333963.0,13,2,0.000000,s13_p2
1779333963.0,13,3,1.000000,s13_p3
1779333963.0,10,4,0.325857,s10_p4
1779333963.0,10,1,0.000000,s10_p1
1779333963.0,10,2,0.000000,s10_p2
1779333963.0,10,3,0.000000,s10_p3
1779333963.0,3,4,0.000000,s3_p4
1779333963.0,3,1,0.154467,s3_p1
1779333963.0,3,2,0.000000,s3_p2
1779333963.0,3,3,0.135159,s3_p3
1779333963.0,1,4,0.065155,s1_p4
1779333963.0,1,1,0.000000,s1_p1
1779333963.0,1,2,0.000000,s1_p2
1779333963.0,1,3,0.142375,s1_p3
1779333963.0,8,4,0.000000,s8_p4
1779333963.0,8,1,0.135203,s8_p1
1779333963.0,8,2,0.057944,s8_p2
1779333963.0,8,3,0.000000,s8_p3
1779333963.0,12,4,0.000000,s12_p4
1779333963.0,12,1,0.000000,s12_p1
1779333963.0,12,2,0.137714,s12_p2
1779333963.0,12,3,0.000000,s12_p3
1779333963.0,7,1,0.004827,s7_p1
1779333963.0,7,4,0.000000,s7_p4
1779333963.0,7,2,0.002414,s7_p2
1779333963.0,7,3,0.000000,s7_p3
1779333963.0,20,1,0.000000,s20_p1
1779333963.0,20,4,0.000000,s20_p4
1779333963.0,20,2,0.687809,s20_p2
1779333963.0,20,3,0.313737,s20_p3
1779333963.0,5,4,0.137689,s5_p4
1779333963.0,5,1,0.000000,s5_p1
1779333963.0,5,2,0.000000,s5_p2
1779333963.0,5,3,0.048312,s5_p3
1779333963.0,11,4,0.000000,s11_p4
1779333963.0,11,1,0.154511,s11_p1
1779333963.0,11,2,0.000000,s11_p2
1779333963.0,11,3,1.000000,s11_p3
1779333963.0,18,1,0.000000,s18_p1
1779333963.0,18,4,0.000000,s18_p4
1779333963.0,18,2,0.000000,s18_p2
1779333963.0,18,3,0.000000,s18_p3
1779333963.0,2,1,0.000000,s2_p1
1779333963.0,2,4,0.000000,s2_p4
1779333963.0,2,2,0.045876,s2_p2
1779333963.0,2,3,0.137629,s2_p3
1779333963.0,9,4,0.000000,s9_p4
1779333963.0,9,1,0.000000,s9_p1
1779333963.0,9,2,0.045888,s9_p2
1779333963.0,9,3,1.000000,s9_p3
1779333963.0,16,1,0.000000,s16_p1
1779333963.0,16,4,0.000000,s16_p4
1779333963.0,16,2,0.000000,s16_p2
1779333963.0,16,3,0.000000,s16_p3
1779333963.0,17,1,0.229349,s17_p1
1779333963.0,17,4,1.000000,s17_p4
1779333963.0,17,2,0.772545,s17_p2
1779333963.0,17,3,0.000000,s17_p3
1779333963.0,4,4,0.000000,s4_p4
1779333963.0,4,1,0.137473,s4_p1
1779333963.0,4,2,0.000000,s4_p2
1779333963.0,4,3,0.057884,s4_p3
1779333963.0,19,1,0.000000,s19_p1
1779333963.0,19,4,0.000000,s19_p4
1779333963.0,19,2,0.000000,s19_p2
1779333963.0,19,3,0.000000,s19_p3
1779333963.0,19,1,0.000000,s19_p1
1779333963.0,19,4,0.000000,s19_p4
1779333963.0,19,2,0.000000,s19_p2
1779333963.0,19,3,0.000000,s19_p3
1779333963.0,6,1,0.000000,s6_p1
1779333963.0,6,4,0.000000,s6_p4
1779333963.0,6,2,0.065273,s6_p2
1779333963.0,6,3,0.169225,s6_p3
1779333963.0,3,4,0.000000,s3_p4
1779333963.0,3,1,0.159617,s3_p1
1779333963.0,3,2,0.000000,s3_p2
1779333963.0,3,3,0.135433,s3_p3
1779333963.0,14,1,0.000000,s14_p1
1779333963.0,14,4,0.688721,s14_p4
1779333963.0,14,2,0.065247,s14_p2
1779333963.0,14,3,0.000000,s14_p3
1779333963.0,10,4,0.326433,s10_p4
1779333963.0,10,1,0.000000,s10_p1
1779333963.0,10,2,0.000000,s10_p2
1779333963.0,10,3,0.000000,s10_p3
1779333963.0,1,4,0.065283,s1_p4
1779333963.0,1,1,0.000000,s1_p1
1779333963.0,1,2,0.000000,s1_p2
1779333963.0,1,3,0.142655,s1_p3
1779333963.0,8,4,0.000000,s8_p4
1779333963.0,8,1,0.130552,s8_p1
1779333963.0,8,2,0.053188,s8_p2
1779333963.0,8,3,0.000000,s8_p3
1779333963.0,15,4,0.000000,s15_p4
1779333963.0,15,1,0.014493,s15_p1
1779333963.0,15,2,0.183575,s15_p2
1779333963.0,15,3,0.000000,s15_p3
1779333963.0,13,4,0.000000,s13_p4
1779333963.0,13,1,0.000000,s13_p1
1779333963.0,13,2,0.000000,s13_p2
1779333963.0,13,3,1.000000,s13_p3
1779333963.0,20,1,0.000000,s20_p1
1779333963.0,20,4,0.000000,s20_p4
1779333963.0,20,2,0.688874,s20_p2
1779333963.0,20,3,0.326309,s20_p3
1779333963.0,4,4,0.000000,s4_p4
1779333963.0,4,1,0.137883,s4_p1
1779333963.0,4,2,0.000000,s4_p2
1779333963.0,4,3,0.060475,s4_p3
1779333963.0,7,1,0.000000,s7_p1
1779333963.0,7,4,0.000000,s7_p4
1779333963.0,7,2,0.014502,s7_p2
1779333963.0,7,3,0.000000,s7_p3
1779333963.0,18,1,0.000000,s18_p1
1779333963.0,18,4,0.000000,s18_p4
1779333963.0,18,2,0.000000,s18_p2
1779333963.0,18,3,0.000000,s18_p3
1779333963.0,11,4,0.000000,s11_p4
1779333963.0,11,1,0.159495,s11_p1
1779333963.0,11,2,0.000000,s11_p2
1779333963.0,11,3,0.978717,s11_p3
1779333963.0,16,1,0.000000,s16_p1
1779333963.0,16,4,0.000000,s16_p4
1779333963.0,16,2,0.000000,s16_p2
1779333963.0,16,3,0.000000,s16_p3
1779333963.0,12,4,0.000000,s12_p4
1779333963.0,12,1,0.000000,s12_p1
1779333963.0,12,2,0.137658,s12_p2
1779333963.0,12,3,0.000000,s12_p3
1779333963.0,5,4,0.137666,s5_p4
1779333963.0,5,1,0.000000,s5_p1
1779333963.0,5,2,0.000000,s5_p2
1779333963.0,5,3,0.045889,s5_p3
1779333963.0,2,1,0.000000,s2_p1
1779333963.0,2,4,0.000000,s2_p4
1779333963.0,2,2,0.041082,s2_p2
1779333963.0,2,3,0.137745,s2_p3
1779333963.0,17,1,0.205371,s17_p1
1779333963.0,17,4,1.000000,s17_p4
1779333963.0,17,2,0.797324,s17_p2
1779333963.0,17,3,0.000000,s17_p3
1779333963.0,9,4,0.000000,s9_p4
1779333963.0,9,1,0.000000,s9_p1
1779333963.0,9,2,0.041062,s9_p2
1779333963.0,9,3,1.000000,s9_p3
1779333964.0,6,1,0.000000,s6_p1
1779333964.0,6,4,0.000000,s6_p4
1779333964.0,6,2,0.065127,s6_p2
1779333964.0,6,3,0.168847,s6_p3
1779333964.0,19,1,0.000000,s19_p1
1779333964.0,19,4,0.000000,s19_p4
1779333964.0,19,2,0.000000,s19_p2
1779333964.0,19,3,0.000000,s19_p3
1779333964.0,1,4,0.065156,s1_p4
1779333964.0,1,1,0.000000,s1_p1
1779333964.0,1,2,0.000000,s1_p2
1779333964.0,1,3,0.142378,s1_p3
1779333964.0,7,1,0.041036,s7_p1
1779333964.0,7,4,0.000000,s7_p4
1779333964.0,7,2,0.026553,s7_p2
1779333964.0,7,3,0.000000,s7_p3
1779333964.0,15,4,0.000000,s15_p4
1779333964.0,15,1,0.067576,s15_p1
1779333964.0,15,2,0.132739,s15_p2
1779333964.0,15,3,0.000000,s15_p3
1779333964.0,14,1,0.000000,s14_p1
1779333964.0,14,4,0.687126,s14_p4
1779333964.0,14,2,0.065096,s14_p2
1779333964.0,14,3,0.000000,s14_p3
1779333964.0,3,4,0.000000,s3_p4
1779333964.0,3,1,0.154278,s3_p1
1779333964.0,3,2,0.000000,s3_p2
1779333964.0,3,3,0.134993,s3_p3
1779333964.0,8,4,0.000000,s8_p4
1779333964.0,8,1,0.096501,s8_p1
1779333964.0,8,2,0.036188,s8_p2
1779333964.0,8,3,0.000000,s8_p3
1779333964.0,13,4,0.000000,s13_p4
1779333964.0,13,1,0.000000,s13_p1
1779333964.0,13,2,0.000000,s13_p2
1779333964.0,13,3,1.000000,s13_p3
1779333964.0,10,4,0.325443,s10_p4
1779333964.0,10,1,0.000000,s10_p1
1779333964.0,10,2,0.000000,s10_p2
1779333964.0,10,3,0.000000,s10_p3
1779333964.0,4,4,0.000000,s4_p4
1779333964.0,4,1,0.137474,s4_p1
1779333964.0,4,2,0.000000,s4_p2
1779333964.0,4,3,0.057884,s4_p3
1779333964.0,5,4,0.137572,s5_p4
1779333964.0,5,1,0.000000,s5_p1
1779333964.0,5,2,0.000000,s5_p2
1779333964.0,5,3,0.048271,s5_p3
1779333964.0,2,1,0.000000,s2_p1
1779333964.0,2,4,0.000000,s2_p4
1779333964.0,2,2,0.043443,s2_p2
1779333964.0,2,3,0.139984,s2_p3
1779333964.0,12,4,0.000000,s12_p4
1779333964.0,12,1,0.000000,s12_p1
1779333964.0,12,2,0.137562,s12_p2
1779333964.0,12,3,0.000000,s12_p3
1779333964.0,20,1,0.000000,s20_p1
1779333964.0,20,4,0.000000,s20_p4
1779333964.0,20,2,0.687250,s20_p2
1779333964.0,20,3,0.325539,s20_p3
1779333964.0,17,1,0.217264,s17_p1
1779333964.0,17,4,0.989757,s17_p4
1779333964.0,17,2,0.784563,s17_p2
1779333964.0,17,3,0.000000,s17_p3
1779333964.0,18,1,0.000000,s18_p1
1779333964.0,18,4,0.000000,s18_p4
1779333964.0,18,2,0.000000,s18_p2
1779333964.0,18,3,0.000000,s18_p3
1779333964.0,11,4,0.000000,s11_p4
1779333964.0,11,1,0.156805,s11_p1
1779333964.0,11,2,0.000000,s11_p2
1779333964.0,11,3,0.964954,s11_p3
1779333964.0,16,1,0.000000,s16_p1
1779333964.0,16,4,0.000000,s16_p4
1779333964.0,16,2,0.000000,s16_p2
1779333964.0,16,3,0.000000,s16_p3
1779333964.0,9,4,0.000000,s9_p4
1779333964.0,9,1,0.000000,s9_p1
1779333964.0,9,2,0.043438,s9_p2
1779333964.0,9,3,1.000000,s9_p3
1779333964.0,14,1,0.000000,s14_p1
1779333964.0,14,4,0.688103,s14_p4
1779333964.0,14,2,0.065189,s14_p2
1779333964.0,14,3,0.000000,s14_p3
1779333964.0,13,4,0.000000,s13_p4
1779333964.0,13,1,0.000000,s13_p1
1779333964.0,13,2,0.000000,s13_p2
1779333964.0,13,3,0.989846,s13_p3
1779333964.0,6,1,0.000000,s6_p1
1779333964.0,6,4,0.000000,s6_p4
1779333964.0,6,2,0.065112,s6_p2
1779333964.0,6,3,0.166397,s6_p3
1779333964.0,8,4,0.000000,s8_p4
1779333964.0,8,1,0.096563,s8_p1
1779333964.0,8,2,0.038625,s8_p2
1779333964.0,8,3,0.000000,s8_p3
1779333964.0,10,4,0.325920,s10_p4
1779333964.0,10,1,0.000000,s10_p1
1779333964.0,10,2,0.000000,s10_p2
1779333964.0,10,3,0.000000,s10_p3
1779333964.0,19,1,0.000000,s19_p1
1779333964.0,19,4,0.000000,s19_p4
1779333964.0,19,2,0.000000,s19_p2
1779333964.0,19,3,0.000000,s19_p3
1779333964.0,20,1,0.000000,s20_p1
1779333964.0,20,4,0.000000,s20_p4
1779333964.0,20,2,0.688527,s20_p2
1779333964.0,20,3,0.326144,s20_p3
1779333964.0,7,1,0.026548,s7_p1
1779333964.0,7,4,0.000000,s7_p4
1779333964.0,7,2,0.038615,s7_p2
1779333964.0,7,3,0.000000,s7_p3
1779333964.0,15,4,0.000000,s15_p4
1779333964.0,15,1,0.065122,s15_p1
1779333964.0,15,2,0.135068,s15_p2
1779333964.0,15,3,0.000000,s15_p3
1779333964.0,5,4,0.137587,s5_p4
1779333964.0,5,1,0.000000,s5_p1
1779333964.0,5,2,0.000000,s5_p2
1779333964.0,5,3,0.048276,s5_p3
1779333964.0,3,4,0.000000,s3_p4
1779333964.0,3,1,0.156772,s3_p1
1779333964.0,3,2,0.000000,s3_p2
1779333964.0,3,3,0.135065,s3_p3
1779333964.0,2,1,0.000000,s2_p1
1779333964.0,2,4,0.000000,s2_p4
1779333964.0,2,2,0.043447,s2_p2
1779333964.0,2,3,0.137583,s2_p3
1779333964.0,1,4,0.065065,s1_p4
1779333964.0,1,1,0.000000,s1_p1
1779333964.0,1,2,0.000000,s1_p2
1779333964.0,1,3,0.142179,s1_p3
1779333964.0,12,4,0.000000,s12_p4
1779333964.0,12,1,0.000000,s12_p1
1779333964.0,12,2,0.137581,s12_p2
1779333964.0,12,3,0.000000,s12_p3
1779333964.0,18,1,0.000000,s18_p1
1779333964.0,18,4,0.000000,s18_p4
1779333964.0,18,2,0.000000,s18_p2
1779333964.0,18,3,0.000000,s18_p3
1779333964.0,17,1,0.217239,s17_p1
1779333964.0,17,4,1.000000,s17_p4
1779333964.0,17,2,0.772405,s17_p2
1779333964.0,17,3,0.000000,s17_p3
1779333964.0,4,4,0.000000,s4_p4
1779333964.0,4,1,0.137549,s4_p1
1779333964.0,4,2,0.000000,s4_p2
1779333964.0,4,3,0.060328,s4_p3
1779333964.0,11,4,0.000000,s11_p4
1779333964.0,11,1,0.154510,s11_p1
1779333964.0,11,2,0.000000,s11_p2
1779333964.0,11,3,0.977760,s11_p3
1779333964.0,16,1,0.000000,s16_p1
1779333964.0,16,4,0.000000,s16_p4
1779333964.0,16,2,0.000000,s16_p2
1779333964.0,16,3,0.000000,s16_p3
1779333964.0,9,4,0.000000,s9_p4
1779333964.0,9,1,0.000000,s9_p1
1779333964.0,9,2,0.043463,s9_p2
1779333964.0,9,3,0.990001,s9_p3
1779333965.0,19,1,0.000000,s19_p1
1779333965.0,19,4,0.000000,s19_p4
1779333965.0,19,2,0.000000,s19_p2
1779333965.0,19,3,0.000000,s19_p3
1779333965.0,10,4,0.314193,s10_p4
1779333965.0,10,1,0.000000,s10_p1
1779333965.0,10,2,0.000000,s10_p2
1779333965.0,10,3,0.000000,s10_p3
1779333965.0,1,4,0.062890,s1_p4
1779333965.0,1,1,0.000000,s1_p1
1779333965.0,1,2,0.000000,s1_p2
1779333965.0,1,3,0.142713,s1_p3
1779333965.0,3,4,0.000000,s3_p4
1779333965.0,3,1,0.159633,s3_p1
1779333965.0,3,2,0.000000,s3_p2
1779333965.0,3,3,0.135446,s3_p3
1779333965.0,6,1,0.000000,s6_p1
1779333965.0,6,4,0.000000,s6_p4
1779333965.0,6,2,0.062827,s6_p2
1779333965.0,6,3,0.169150,s6_p3
1779333965.0,8,4,0.000000,s8_p4
1779333965.0,8,1,0.096606,s8_p1
1779333965.0,8,2,0.036227,s8_p2
1779333965.0,8,3,0.000000,s8_p3
1779333965.0,7,1,0.033812,s7_p1
1779333965.0,7,4,0.000000,s7_p4
1779333965.0,7,2,0.033812,s7_p2
1779333965.0,7,3,0.000000,s7_p3
1779333965.0,14,1,0.000000,s14_p1
1779333965.0,14,4,0.688106,s14_p4
1779333965.0,14,2,0.062775,s14_p2
1779333965.0,14,3,0.000000,s14_p3
1779333965.0,15,4,0.000000,s15_p4
1779333965.0,15,1,0.067666,s15_p1
1779333965.0,15,2,0.132916,s15_p2
1779333965.0,15,3,0.000000,s15_p3
1779333965.0,13,4,0.000000,s13_p4
1779333965.0,13,1,0.000000,s13_p1
1779333965.0,13,2,0.000000,s13_p2
1779333965.0,13,3,1.000000,s13_p3
1779333965.0,16,1,0.000000,s16_p1
1779333965.0,16,4,0.000000,s16_p4
1779333965.0,16,2,0.000000,s16_p2
1779333965.0,16,3,0.000000,s16_p3
1779333965.0,20,1,0.000000,s20_p1
1779333965.0,20,4,0.000000,s20_p4
1779333965.0,20,2,0.687627,s20_p2
1779333965.0,20,3,0.325718,s20_p3
1779333965.0,4,4,0.000000,s4_p4
1779333965.0,4,1,0.137655,s4_p1
1779333965.0,4,2,0.000000,s4_p2
1779333965.0,4,3,0.060375,s4_p3
1779333965.0,18,1,0.000000,s18_p1
1779333965.0,18,4,0.000000,s18_p4
1779333965.0,18,2,0.000000,s18_p2
1779333965.0,18,3,0.000000,s18_p3
1779333965.0,2,1,0.000000,s2_p1
1779333965.0,2,4,0.000000,s2_p4
1779333965.0,2,2,0.041048,s2_p2
1779333965.0,2,3,0.137630,s2_p3
1779333965.0,12,4,0.000000,s12_p4
1779333965.0,12,1,0.000000,s12_p1
1779333965.0,12,2,0.137633,s12_p2
1779333965.0,12,3,0.000000,s12_p3
1779333965.0,17,1,0.205245,s17_p1
1779333965.0,17,4,1.000000,s17_p4
1779333965.0,17,2,0.796834,s17_p2
1779333965.0,17,3,0.000000,s17_p3
1779333965.0,5,4,0.137614,s5_p4
1779333965.0,5,1,0.000000,s5_p1
1779333965.0,5,2,0.000000,s5_p2
1779333965.0,5,3,0.045871,s5_p3
1779333965.0,9,4,0.000000,s9_p4
1779333965.0,9,1,0.000000,s9_p1
1779333965.0,9,2,0.041047,s9_p2
1779333965.0,9,3,1.000000,s9_p3
1779333965.0,11,4,0.000000,s11_p4
1779333965.0,11,1,0.159338,s11_p1
1779333965.0,11,2,0.000000,s11_p2
1779333965.0,11,3,0.977755,s11_p3
1779333965.0,6,1,0.000000,s6_p1
1779333965.0,6,4,0.000000,s6_p4
1779333965.0,6,2,0.065218,s6_p2
1779333965.0,6,3,0.169082,s6_p3
1779333965.0,19,1,0.000000,s19_p1
1779333965.0,19,4,0.000000,s19_p4
1779333965.0,19,2,0.000000,s19_p2
1779333965.0,19,3,0.000000,s19_p3
1779333965.0,1,4,0.065173,s1_p4
1779333965.0,1,1,0.000000,s1_p1
1779333965.0,1,2,0.000000,s1_p2
1779333965.0,1,3,0.142415,s1_p3
1779333965.0,15,4,0.000000,s15_p4
1779333965.0,15,1,0.072462,s15_p1
1779333965.0,15,2,0.128017,s15_p2
1779333965.0,15,3,0.000000,s15_p3
1779333965.0,10,4,0.325781,s10_p4
1779333965.0,10,1,0.000000,s10_p1
1779333965.0,10,2,0.000000,s10_p2
1779333965.0,10,3,0.000000,s10_p3
1779333965.0,3,4,0.000000,s3_p4
1779333965.0,3,1,0.156869,s3_p1
1779333965.0,3,2,0.000000,s3_p2
1779333965.0,3,3,0.132735,s3_p3
1779333965.0,14,1,0.000000,s14_p1
1779333965.0,14,4,0.700319,s14_p4
1779333965.0,14,2,0.065202,s14_p2
1779333965.0,14,3,0.000000,s14_p3
1779333965.0,13,4,0.000000,s13_p4
1779333965.0,13,1,0.000000,s13_p1
1779333965.0,13,2,0.000000,s13_p2
1779333965.0,13,3,1.000000,s13_p3
1779333965.0,5,4,0.140130,s5_p4
1779333965.0,5,1,0.000000,s5_p1
1779333965.0,5,2,0.000000,s5_p2
1779333965.0,5,3,0.048321,s5_p3
1779333965.0,8,4,0.000000,s8_p4
1779333965.0,8,1,0.094104,s8_p1
1779333965.0,8,2,0.033781,s8_p2
1779333965.0,8,3,0.000000,s8_p3
1779333965.0,4,4,0.000000,s4_p4
1779333965.0,4,1,0.140097,s4_p1
1779333965.0,4,2,0.000000,s4_p2
1779333965.0,4,3,0.057971,s4_p3
1779333965.0,20,1,0.000000,s20_p1
1779333965.0,20,4,0.000000,s20_p4
1779333965.0,20,2,0.700433,s20_p2
1779333965.0,20,3,0.313987,s20_p3
1779333965.0,7,1,0.038605,s7_p1
1779333965.0,7,4,0.000000,s7_p4
1779333965.0,7,2,0.033780,s7_p2
1779333965.0,7,3,0.000000,s7_p3
1779333965.0,18,1,0.000000,s18_p1
1779333965.0,18,4,0.000000,s18_p4
1779333965.0,18,2,0.000000,s18_p2
1779333965.0,18,3,0.000000,s18_p3
1779333965.0,2,1,0.000000,s2_p1
1779333965.0,2,4,0.000000,s2_p4
1779333965.0,2,2,0.043454,s2_p2
1779333965.0,2,3,0.137605,s2_p3
1779333965.0,16,1,0.000000,s16_p1
1779333965.0,16,4,0.000000,s16_p4
1779333965.0,16,2,0.000000,s16_p2
1779333965.0,16,3,0.000000,s16_p3
1779333965.0,12,4,0.000000,s12_p4
1779333965.0,12,1,0.000000,s12_p1
1779333965.0,12,2,0.140012,s12_p2
1779333965.0,12,3,0.000000,s12_p3
1779333965.0,17,1,0.217258,s17_p1
1779333965.0,17,4,1.000000,s17_p4
1779333965.0,17,2,0.784544,s17_p2
1779333965.0,17,3,0.000000,s17_p3
1779333965.0,11,4,0.000000,s11_p4
1779333965.0,11,1,0.156948,s11_p1
1779333965.0,11,2,0.000000,s11_p2
1779333965.0,11,3,0.965835,s11_p3
1779333965.0,9,4,0.000000,s9_p4
1779333965.0,9,1,0.000000,s9_p1
1779333965.0,9,2,0.043453,s9_p2
1779333965.0,9,3,1.000000,s9_p3
1779333965.0,6,1,0.000000,s6_p1
1779333965.0,6,4,0.000000,s6_p4
1779333965.0,6,2,0.085900,s6_p2
1779333965.0,6,3,0.211446,s6_p3
1779333965.0,5,4,0.172105,s5_p4
1779333965.0,5,1,0.000000,s5_p1
1779333965.0,5,2,0.000000,s5_p2
1779333965.0,5,3,0.066194,s5_p3
1779333965.0,3,4,0.000000,s3_p4
1779333965.0,3,1,0.343468,s3_p1
1779333965.0,3,2,0.000000,s3_p2
1779333965.0,3,3,0.171734,s3_p3
1779333965.0,14,1,0.000000,s14_p1
1779333965.0,14,4,0.858712,s14_p4
1779333965.0,14,2,0.085871,s14_p2
1779333965.0,14,3,0.000000,s14_p3
1779333965.0,20,1,0.000000,s20_p1
1779333965.0,20,4,0.000000,s20_p4
1779333965.0,20,2,0.860527,s20_p2
1779333965.0,20,3,0.430264,s20_p3
1779333965.0,12,4,0.000000,s12_p4
1779333965.0,12,1,0.000000,s12_p1
1779333965.0,12,2,0.172393,s12_p2
1779333965.0,12,3,0.000000,s12_p3
1779333965.0,1,4,0.085791,s1_p4
1779333965.0,1,1,0.000000,s1_p1
1779333965.0,1,2,0.000000,s1_p2
1779333965.0,1,3,0.178182,s1_p3
1779333965.0,4,4,0.000000,s4_p4
1779333965.0,4,1,0.172056,s4_p1
1779333965.0,4,2,0.000000,s4_p2
1779333965.0,4,3,0.079411,s4_p3
1779333965.0,16,1,0.000000,s16_p1
1779333965.0,16,4,0.000000,s16_p4
1779333965.0,16,2,0.000000,s16_p2
1779333965.0,16,3,0.000000,s16_p3
1779333965.0,13,4,0.000000,s13_p4
1779333965.0,13,1,0.000000,s13_p1
1779333965.0,13,2,0.000000,s13_p2
1779333965.0,13,3,1.000000,s13_p3
1779333965.0,17,1,0.562480,s17_p1
1779333965.0,17,4,1.000000,s17_p4
1779333965.0,17,2,1.000000,s17_p2
1779333965.0,17,3,0.000000,s17_p3
1779333965.0,18,1,0.000000,s18_p1
1779333965.0,18,4,0.000000,s18_p4
1779333965.0,18,2,0.000000,s18_p2
1779333965.0,18,3,0.000000,s18_p3
1779333965.0,2,1,0.000000,s2_p1
1779333965.0,2,4,0.000000,s2_p4
1779333965.0,2,2,0.112435,s2_p2
1779333965.0,2,3,0.171959,s2_p3
1779333965.0,11,4,0.000000,s11_p4
1779333965.0,11,1,0.344006,s11_p1
1779333965.0,11,2,0.000000,s11_p2
1779333965.0,11,3,1.000000,s11_p3
1779333965.0,9,4,0.000000,s9_p4
1779333965.0,9,1,0.000000,s9_p1
1779333965.0,9,2,0.112497,s9_p2
1779333965.0,9,3,1.000000,s9_p3
1779333965.0,19,1,0.000000,s19_p1
1779333965.0,19,4,0.000000,s19_p4
1779333965.0,19,2,0.000000,s19_p2
1779333965.0,19,3,0.000000,s19_p3
1779333965.0,8,4,0.000000,s8_p4
1779333965.0,8,1,0.237319,s8_p1
1779333965.0,8,2,0.079106,s8_p2
1779333965.0,8,3,0.000000,s8_p3
1779333965.0,15,4,0.000000,s15_p4
1779333965.0,15,1,0.315627,s15_p1
1779333965.0,15,2,0.315627,s15_p2
1779333965.0,15,3,0.000000,s15_p3
1779333965.0,7,1,0.178003,s7_p1
1779333965.0,7,4,0.000000,s7_p4
1779333965.0,7,2,0.138447,s7_p2
1779333965.0,7,3,0.000000,s7_p3
1779333965.0,10,4,0.427401,s10_p4
1779333965.0,10,1,0.000000,s10_p1
1779333965.0,10,2,0.000000,s10_p2
1779333965.0,10,3,0.000000,s10_p3
1779333966.0,19,1,0.000000,s19_p1
1779333966.0,19,4,0.000000,s19_p4
1779333966.0,19,2,0.000000,s19_p2
1779333966.0,19,3,0.000000,s19_p3
1779333966.0,6,1,0.000000,s6_p1
1779333966.0,6,4,0.000000,s6_p4
1779333966.0,6,2,0.057988,s6_p2
1779333966.0,6,3,0.152218,s6_p3
1779333966.0,1,4,0.058026,s1_p4
1779333966.0,1,1,0.000000,s1_p1
1779333966.0,1,2,0.000000,s1_p2
1779333966.0,1,3,0.128141,s1_p3
1779333966.0,14,1,0.000000,s14_p1
1779333966.0,14,4,0.628511,s14_p4
1779333966.0,14,2,0.058016,s14_p2
1779333966.0,14,3,0.000000,s14_p3
1779333966.0,3,4,0.000000,s3_p4
1779333966.0,3,1,0.142614,s3_p1
1779333966.0,3,2,0.000000,s3_p2
1779333966.0,3,3,0.123276,s3_p3
1779333966.0,15,4,0.000000,s15_p4
1779333966.0,15,1,0.108885,s15_p1
1779333966.0,15,2,0.075010,s15_p2
1779333966.0,15,3,0.000000,s15_p3
1779333966.0,8,4,0.000000,s8_p4
1779333966.0,8,1,0.053226,s8_p1
1779333966.0,8,2,0.021774,s8_p2
1779333966.0,8,3,0.000000,s8_p3
1779333966.0,10,4,0.290348,s10_p4
1779333966.0,10,1,0.000000,s10_p1
1779333966.0,10,2,0.000000,s10_p2
1779333966.0,10,3,0.000000,s10_p3
1779333966.0,7,1,0.055646,s7_p1
1779333966.0,7,4,0.000000,s7_p4
1779333966.0,7,2,0.053227,s7_p2
1779333966.0,7,3,0.000000,s7_p3
1779333966.0,13,4,0.000000,s13_p4
1779333966.0,13,1,0.000000,s13_p1
1779333966.0,13,2,0.000000,s13_p2
1779333966.0,13,3,0.906558,s13_p3
1779333966.0,20,1,0.000000,s20_p1
1779333966.0,20,4,0.000000,s20_p4
1779333966.0,20,2,0.627940,s20_p2
1779333966.0,20,3,0.289818,s20_p3
1779333966.0,4,4,0.000000,s4_p4
1779333966.0,4,1,0.125588,s4_p1
1779333966.0,4,2,0.000000,s4_p2
1779333966.0,4,3,0.053134,s4_p3
1779333966.0,5,4,0.125519,s5_p4
1779333966.0,5,1,0.000000,s5_p1
1779333966.0,5,2,0.000000,s5_p2
1779333966.0,5,3,0.041035,s5_p3
1779333966.0,18,1,0.000000,s18_p1
1779333966.0,18,4,0.000000,s18_p4
1779333966.0,18,2,0.000000,s18_p2
1779333966.0,18,3,0.000000,s18_p3
1779333966.0,12,4,0.000000,s12_p4
1779333966.0,12,1,0.000000,s12_p1
1779333966.0,12,2,0.125521,s12_p2
1779333966.0,12,3,0.000000,s12_p3
1779333966.0,11,4,0.000000,s11_p4
1779333966.0,11,1,0.142485,s11_p1
1779333966.0,11,2,0.000000,s11_p2
1779333966.0,11,3,0.881473,s11_p3
1779333966.0,16,1,0.000000,s16_p1
1779333966.0,16,4,0.000000,s16_p4
1779333966.0,16,2,0.000000,s16_p2
1779333966.0,16,3,0.000000,s16_p3
1779333966.0,2,1,0.000000,s2_p1
1779333966.0,2,4,0.000000,s2_p4
1779333966.0,2,2,0.038635,s2_p2
1779333966.0,2,3,0.125563,s2_p3
1779333966.0,17,1,0.193151,s17_p1
1779333966.0,17,4,0.917466,s17_p4
1779333966.0,17,2,0.712243,s17_p2
1779333966.0,17,3,0.000000,s17_p3
1779333966.0,9,4,0.000000,s9_p4
1779333966.0,9,1,0.000000,s9_p1
1779333966.0,9,2,0.038632,s9_p2
1779333966.0,9,3,0.917512,s9_p3
1779333966.0,19,1,0.000000,s19_p1
1779333966.0,19,4,0.000000,s19_p4
1779333966.0,19,2,0.000000,s19_p2
1779333966.0,19,3,0.000000,s19_p3
1779333966.0,1,4,0.065187,s1_p4
1779333966.0,1,1,0.000000,s1_p1
1779333966.0,1,2,0.000000,s1_p2
1779333966.0,1,3,0.142445,s1_p3
1779333966.0,14,1,0.000000,s14_p1
1779333966.0,14,4,0.688096,s14_p4
1779333966.0,14,2,0.065188,s14_p2
1779333966.0,14,3,0.000000,s14_p3
1779333966.0,6,1,0.000000,s6_p1
1779333966.0,6,4,0.000000,s6_p4
1779333966.0,6,2,0.065149,s6_p2
1779333966.0,6,3,0.166493,s6_p3
1779333966.0,8,4,0.000000,s8_p4
1779333966.0,8,1,0.014491,s8_p1
1779333966.0,8,2,0.002415,s8_p2
1779333966.0,8,3,0.000000,s8_p3
1779333966.0,3,4,0.000000,s3_p4
1779333966.0,3,1,0.154471,s3_p1
1779333966.0,3,2,0.000000,s3_p2
1779333966.0,3,3,0.132748,s3_p3
1779333966.0,10,4,0.325959,s10_p4
1779333966.0,10,1,0.000000,s10_p1
1779333966.0,10,2,0.000000,s10_p2
1779333966.0,10,3,0.000000,s10_p3
1779333966.0,15,4,0.000000,s15_p4
1779333966.0,15,1,0.183471,s15_p1
1779333966.0,15,2,0.016899,s15_p2
1779333966.0,15,3,0.000000,s15_p3
1779333966.0,20,1,0.000000,s20_p1
1779333966.0,20,4,0.000000,s20_p4
1779333966.0,20,2,0.688042,s20_p2
1779333966.0,20,3,0.325915,s20_p3
1779333966.0,13,4,0.000000,s13_p4
1779333966.0,13,1,0.000000,s13_p1
1779333966.0,13,2,0.000000,s13_p2
1779333966.0,13,3,1.000000,s13_p3
1779333966.0,4,4,0.000000,s4_p4
1779333966.0,4,1,0.137605,s4_p1
1779333966.0,4,2,0.000000,s4_p2
1779333966.0,4,3,0.057939,s4_p3
1779333966.0,7,1,0.084467,s7_p1
1779333966.0,7,4,0.000000,s7_p4
1779333966.0,7,2,0.098947,s7_p2
1779333966.0,7,3,0.000000,s7_p3
1779333966.0,18,1,0.000000,s18_p1
1779333966.0,18,4,0.000000,s18_p4
1779333966.0,18,2,0.000000,s18_p2
1779333966.0,18,3,0.000000,s18_p3
1779333966.0,5,4,0.137585,s5_p4
1779333966.0,5,1,0.000000,s5_p1
1779333966.0,5,2,0.000000,s5_p2
1779333966.0,5,3,0.045862,s5_p3
1779333966.0,12,4,0.000000,s12_p4
1779333966.0,12,1,0.000000,s12_p1
1779333966.0,12,2,0.137604,s12_p2
1779333966.0,12,3,0.000000,s12_p3
1779333966.0,2,1,0.000000,s2_p1
1779333966.0,2,4,0.000000,s2_p4
1779333966.0,2,2,0.043475,s2_p2
1779333966.0,2,3,0.137672,s2_p3
1779333966.0,17,1,0.217378,s17_p1
1779333966.0,17,4,1.000000,s17_p4
1779333966.0,17,2,0.784976,s17_p2
1779333966.0,17,3,0.000000,s17_p3
1779333966.0,11,4,0.000000,s11_p4
1779333966.0,11,1,0.156939,s11_p1
1779333966.0,11,2,0.000000,s11_p2
1779333966.0,11,3,0.965781,s11_p3
1779333966.0,9,4,0.000000,s9_p4
1779333966.0,9,1,0.000000,s9_p1
1779333966.0,9,2,0.043470,s9_p2
1779333966.0,9,3,1.000000,s9_p3
1779333966.0,16,1,0.000000,s16_p1
1779333966.0,16,4,0.000000,s16_p4
1779333966.0,16,2,0.000000,s16_p2
1779333966.0,16,3,0.000000,s16_p3
1779333967.0,6,1,0.000000,s6_p1
1779333967.0,6,4,0.000000,s6_p4
1779333967.0,6,2,0.062898,s6_p2
1779333967.0,6,3,0.169341,s6_p3
1779333967.0,1,4,0.062850,s1_p4
1779333967.0,1,1,0.000000,s1_p1
1779333967.0,1,2,0.000000,s1_p2
1779333967.0,1,3,0.142621,s1_p3
1779333967.0,10,4,0.314442,s10_p4
1779333967.0,10,1,0.000000,s10_p1
1779333967.0,10,2,0.000000,s10_p2
1779333967.0,10,3,0.000000,s10_p3
1779333967.0,14,1,0.000000,s14_p1
1779333967.0,14,4,0.688914,s14_p4
1779333967.0,14,2,0.062848,s14_p2
1779333967.0,14,3,0.000000,s14_p3
1779333967.0,15,4,0.000000,s15_p4
1779333967.0,15,1,0.188666,s15_p1
1779333967.0,15,2,0.012094,s15_p2
1779333967.0,15,3,0.000000,s15_p3
1779333967.0,3,4,0.000000,s3_p4
1779333967.0,3,1,0.157169,s3_p1
1779333967.0,3,2,0.000000,s3_p2
1779333967.0,3,3,0.135408,s3_p3
1779333967.0,8,4,0.000000,s8_p4
1779333967.0,8,1,0.012085,s8_p1
1779333967.0,8,2,0.000000,s8_p2
1779333967.0,8,3,0.000000,s8_p3
1779333967.0,4,4,0.000000,s4_p4
1779333967.0,4,1,0.137869,s4_p1
1779333967.0,4,2,0.000000,s4_p2
1779333967.0,4,3,0.060469,s4_p3
1779333967.0,13,4,0.000000,s13_p4
1779333967.0,13,1,0.000000,s13_p1
1779333967.0,13,2,0.000000,s13_p2
1779333967.0,13,3,0.991630,s13_p3
1779333967.0,7,1,0.099166,s7_p1
1779333967.0,7,4,0.000000,s7_p4
1779333967.0,7,2,0.089491,s7_p2
1779333967.0,7,3,0.000000,s7_p3
1779333967.0,2,1,0.000000,s2_p1
1779333967.0,2,4,0.000000,s2_p4
1779333967.0,2,2,0.043528,s2_p2
1779333967.0,2,3,0.137839,s2_p3
1779333967.0,18,1,0.000000,s18_p1
1779333967.0,18,4,0.000000,s18_p4
1779333967.0,18,2,0.000000,s18_p2
1779333967.0,18,3,0.000000,s18_p3
1779333967.0,5,4,0.137808,s5_p4
1779333967.0,5,1,0.000000,s5_p1
1779333967.0,5,2,0.000000,s5_p2
1779333967.0,5,3,0.048354,s5_p3
1779333967.0,17,1,0.217600,s17_p1
1779333967.0,17,4,1.000000,s17_p4
1779333967.0,17,2,0.773689,s17_p2
1779333967.0,17,3,0.000000,s17_p3
1779333967.0,12,4,0.000000,s12_p4
1779333967.0,12,1,0.000000,s12_p1
1779333967.0,12,2,0.137801,s12_p2
1779333967.0,12,3,0.000000,s12_p3
1779333967.0,20,1,0.000000,s20_p1
1779333967.0,20,4,0.000000,s20_p4
1779333967.0,20,2,0.688580,s20_p2
1779333967.0,20,3,0.314089,s20_p3
1779333967.0,11,4,0.000000,s11_p4
1779333967.0,11,1,0.154700,s11_p1
1779333967.0,11,2,0.000000,s11_p2
1779333967.0,11,3,0.966877,s11_p3
1779333967.0,9,4,0.000000,s9_p4
1779333967.0,9,1,0.000000,s9_p1
1779333967.0,9,2,0.043509,s9_p2
1779333967.0,9,3,1.000000,s9_p3
1779333967.0,16,1,0.000000,s16_p1
1779333967.0,16,4,0.000000,s16_p4
1779333967.0,16,2,0.000000,s16_p2
1779333967.0,16,3,0.000000,s16_p3
1779333967.0,19,1,0.000000,s19_p1
1779333967.0,19,4,0.000000,s19_p4
1779333967.0,19,2,0.000000,s19_p2
1779333967.0,19,3,0.000000,s19_p3
1779333967.0,3,4,0.000000,s3_p4
1779333967.0,3,1,0.156999,s3_p1
1779333967.0,3,2,0.000000,s3_p2
1779333967.0,3,3,0.135261,s3_p3
1779333967.0,1,4,0.065194,s1_p4
1779333967.0,1,1,0.000000,s1_p1
1779333967.0,1,2,0.000000,s1_p2
1779333967.0,1,3,0.142461,s1_p3
1779333967.0,19,1,0.000000,s19_p1
1779333967.0,19,4,0.000000,s19_p4
1779333967.0,19,2,0.000000,s19_p2
1779333967.0,19,3,0.000000,s19_p3
1779333967.0,14,1,0.000000,s14_p1
1779333967.0,14,4,0.688182,s14_p4
1779333967.0,14,2,0.065196,s14_p2
1779333967.0,14,3,0.000000,s14_p3
1779333967.0,6,1,0.000000,s6_p1
1779333967.0,6,4,0.000000,s6_p4
1779333967.0,6,2,0.065147,s6_p2
1779333967.0,6,3,0.168901,s6_p3
1779333967.0,15,4,0.000000,s15_p4
1779333967.0,15,1,0.190393,s15_p1
1779333967.0,15,2,0.009640,s15_p2
1779333967.0,15,3,0.000000,s15_p3
1779333967.0,5,4,0.137545,s5_p4
1779333967.0,5,1,0.000000,s5_p1
1779333967.0,5,2,0.000000,s5_p2
1779333967.0,5,3,0.048261,s5_p3
1779333967.0,13,4,0.000000,s13_p4
1779333967.0,13,1,0.000000,s13_p1
1779333967.0,13,2,0.000000,s13_p2
1779333967.0,13,3,1.000000,s13_p3
1779333967.0,8,4,0.000000,s8_p4
1779333967.0,8,1,0.009642,s8_p1
1779333967.0,8,2,0.000000,s8_p2
1779333967.0,8,3,0.000000,s8_p3
1779333967.0,10,4,0.325277,s10_p4
1779333967.0,10,1,0.000000,s10_p1
1779333967.0,10,2,0.000000,s10_p2
1779333967.0,10,3,0.000000,s10_p3
1779333967.0,20,1,0.000000,s20_p1
1779333967.0,20,4,0.000000,s20_p4
1779333967.0,20,2,0.687733,s20_p2
1779333967.0,20,3,0.325768,s20_p3
1779333967.0,7,1,0.094017,s7_p1
1779333967.0,7,4,0.000000,s7_p4
1779333967.0,7,2,0.096428,s7_p2
1779333967.0,7,3,0.000000,s7_p3
1779333967.0,4,4,0.000000,s4_p4
1779333967.0,4,1,0.137396,s4_p1
1779333967.0,4,2,0.000000,s4_p2
1779333967.0,4,3,0.057851,s4_p3
1779333967.0,11,4,0.000000,s11_p4
1779333967.0,11,1,0.156814,s11_p1
1779333967.0,11,2,0.000000,s11_p2
1779333967.0,11,3,0.965010,s11_p3
1779333967.0,2,1,0.000000,s2_p1
1779333967.0,2,4,0.000000,s2_p4
1779333967.0,2,2,0.043393,s2_p2
1779333967.0,2,3,0.139822,s2_p3
1779333967.0,16,1,0.000000,s16_p1
1779333967.0,16,4,0.000000,s16_p4
1779333967.0,16,2,0.000000,s16_p2
1779333967.0,16,3,0.000000,s16_p3
1779333967.0,9,4,0.000000,s9_p4
1779333967.0,9,1,0.000000,s9_p1
1779333967.0,9,2,0.043423,s9_p2
1779333967.0,9,3,1.000000,s9_p3
1779333967.0,18,1,0.000000,s18_p1
1779333967.0,18,4,0.000000,s18_p4
1779333967.0,18,2,0.000000,s18_p2
1779333967.0,18,3,0.000000,s18_p3
1779333967.0,12,4,0.000000,s12_p4
1779333967.0,12,1,0.000000,s12_p1
1779333967.0,12,2,0.137432,s12_p2
1779333967.0,12,3,0.000000,s12_p3
1779333967.0,17,1,0.216983,s17_p1
1779333967.0,17,4,1.000000,s17_p4
1779333967.0,17,2,0.783548,s17_p2
1779333967.0,17,3,0.000000,s17_p3
1779333968.0,19,1,0.000000,s19_p1
1779333968.0,19,4,0.000000,s19_p4
1779333968.0,19,2,0.000000,s19_p2
1779333968.0,19,3,0.000000,s19_p3
1779333968.0,14,1,0.000000,s14_p1
1779333968.0,14,4,0.688827,s14_p4
1779333968.0,14,2,0.065257,s14_p2
1779333968.0,14,3,0.000000,s14_p3
1779333968.0,1,4,0.065248,s1_p4
1779333968.0,1,1,0.000000,s1_p1
1779333968.0,1,2,0.000000,s1_p2
1779333968.0,1,3,0.142579,s1_p3
1779333968.0,6,1,0.000000,s6_p1
1779333968.0,6,4,0.000000,s6_p4
1779333968.0,6,2,0.065252,s6_p2
1779333968.0,6,3,0.166755,s6_p3
1779333968.0,10,4,0.326821,s10_p4
1779333968.0,10,1,0.000000,s10_p1
1779333968.0,10,2,0.000000,s10_p2
1779333968.0,10,3,0.000000,s10_p3
1779333968.0,8,4,0.000000,s8_p4
1779333968.0,8,1,0.007262,s8_p1
1779333968.0,8,2,0.000000,s8_p2
1779333968.0,8,3,0.000000,s8_p3
1779333968.0,13,4,0.000000,s13_p4
1779333968.0,13,1,0.000000,s13_p1
1779333968.0,13,2,0.000000,s13_p2
1779333968.0,13,3,1.000000,s13_p3
1779333968.0,7,1,0.091900,s7_p1
1779333968.0,7,4,0.000000,s7_p4
1779333968.0,7,2,0.099156,s7_p2
1779333968.0,7,3,0.000000,s7_p3
1779333968.0,3,4,0.000000,s3_p4
1779333968.0,3,1,0.156802,s3_p1
1779333968.0,3,2,0.000000,s3_p2
1779333968.0,3,3,0.135091,s3_p3
1779333968.0,18,1,0.000000,s18_p1
1779333968.0,18,4,0.000000,s18_p4
1779333968.0,18,2,0.000000,s18_p2
1779333968.0,18,3,0.000000,s18_p3
1779333968.0,15,4,0.000000,s15_p4
1779333968.0,15,1,0.190982,s15_p1
1779333968.0,15,2,0.007252,s15_p2
1779333968.0,15,3,0.000000,s15_p3
1779333968.0,12,4,0.000000,s12_p4
1779333968.0,12,1,0.000000,s12_p1
1779333968.0,12,2,0.137933,s12_p2
1779333968.0,12,3,0.000000,s12_p3
1779333968.0,4,4,0.000000,s4_p4
1779333968.0,4,1,0.137826,s4_p1
1779333968.0,4,2,0.000000,s4_p2
1779333968.0,4,3,0.060450,s4_p3
1779333968.0,20,1,0.000000,s20_p1
1779333968.0,20,4,0.000000,s20_p4
1779333968.0,20,2,0.688677,s20_p2
1779333968.0,20,3,0.326215,s20_p3
1779333968.0,16,1,0.000000,s16_p1
1779333968.0,16,4,0.000000,s16_p4
1779333968.0,16,2,0.000000,s16_p2
1779333968.0,16,3,0.000000,s16_p3
1779333968.0,9,4,0.000000,s9_p4
1779333968.0,9,1,0.000000,s9_p1
1779333968.0,9,2,0.043524,s9_p2
1779333968.0,9,3,0.991370,s9_p3
1779333968.0,11,4,0.000000,s11_p4
1779333968.0,11,1,0.157146,s11_p1
1779333968.0,11,2,0.000000,s11_p2
1779333968.0,11,3,0.979139,s11_p3
1779333968.0,17,1,0.217623,s17_p1
1779333968.0,17,4,0.991395,s17_p4
1779333968.0,17,2,0.785862,s17_p2
1779333968.0,17,3,0.000000,s17_p3
1779333968.0,5,4,0.137694,s5_p4
1779333968.0,5,1,0.000000,s5_p1
1779333968.0,5,2,0.000000,s5_p2
1779333968.0,5,3,0.045898,s5_p3
1779333968.0,2,1,0.000000,s2_p1
1779333968.0,2,4,0.000000,s2_p4
1779333968.0,2,2,0.043516,s2_p2
1779333968.0,2,3,0.137801,s2_p3
1779333968.0,6,1,0.000000,s6_p1
1779333968.0,6,4,0.000000,s6_p4
1779333968.0,6,2,0.065180,s6_p2
1779333968.0,6,3,0.168985,s6_p3
1779333968.0,19,1,0.000000,s19_p1
1779333968.0,19,4,0.000000,s19_p4
1779333968.0,19,2,0.000000,s19_p2
1779333968.0,19,3,0.000000,s19_p3
1779333968.0,3,4,0.000000,s3_p4
1779333968.0,3,1,0.157046,s3_p1
1779333968.0,3,2,0.000000,s3_p2
1779333968.0,3,3,0.135301,s3_p3
1779333968.0,1,4,0.065127,s1_p4
1779333968.0,1,1,0.000000,s1_p1
1779333968.0,1,2,0.000000,s1_p2
1779333968.0,1,3,0.142314,s1_p3
1779333968.0,15,4,0.000000,s15_p4
1779333968.0,15,1,0.186030,s15_p1
1779333968.0,15,2,0.014496,s15_p2
1779333968.0,15,3,0.000000,s15_p3
1779333968.0,14,1,0.000000,s14_p1
1779333968.0,14,4,0.687356,s14_p4
1779333968.0,14,2,0.065118,s14_p2
1779333968.0,14,3,0.000000,s14_p3
1779333968.0,4,4,0.000000,s4_p4
1779333968.0,4,1,0.137612,s4_p1
1779333968.0,4,2,0.000000,s4_p2
1779333968.0,4,3,0.060356,s4_p3
1779333968.0,18,1,0.000000,s18_p1
1779333968.0,18,4,0.000000,s18_p4
1779333968.0,18,2,0.000000,s18_p2
1779333968.0,18,3,0.000000,s18_p3
1779333968.0,7,1,0.096539,s7_p1
1779333968.0,7,4,0.000000,s7_p4
1779333968.0,7,2,0.089298,s7_p2
1779333968.0,7,3,0.000000,s7_p3
1779333968.0,12,4,0.000000,s12_p4
1779333968.0,12,1,0.000000,s12_p1
1779333968.0,12,2,0.137588,s12_p2
1779333968.0,12,3,0.000000,s12_p3
1779333968.0,10,4,0.325456,s10_p4
1779333968.0,10,1,0.000000,s10_p1
1779333968.0,10,2,0.000000,s10_p2
1779333968.0,10,3,0.000000,s10_p3
1779333968.0,8,4,0.000000,s8_p4
1779333968.0,8,1,0.012055,s8_p1
1779333968.0,8,2,0.002411,s8_p2
1779333968.0,8,3,0.000000,s8_p3
1779333968.0,13,4,0.000000,s13_p4
1779333968.0,13,1,0.000000,s13_p1
1779333968.0,13,2,0.000000,s13_p2
1779333968.0,13,3,1.000000,s13_p3
1779333968.0,20,1,0.000000,s20_p1
1779333968.0,20,4,0.000000,s20_p4
1779333968.0,20,2,0.688304,s20_p2
1779333968.0,20,3,0.326039,s20_p3
1779333968.0,16,1,0.000000,s16_p1
1779333968.0,16,4,0.000000,s16_p4
1779333968.0,16,2,0.000000,s16_p2
1779333968.0,16,3,0.000000,s16_p3
1779333968.0,5,4,0.137620,s5_p4
1779333968.0,5,1,0.000000,s5_p1
1779333968.0,5,2,0.000000,s5_p2
1779333968.0,5,3,0.048288,s5_p3
1779333968.0,2,1,0.000000,s2_p1
1779333968.0,2,4,0.000000,s2_p4
1779333968.0,2,2,0.043457,s2_p2
1779333968.0,2,3,0.137614,s2_p3
1779333968.0,17,1,0.217263,s17_p1
1779333968.0,17,4,1.000000,s17_p4
1779333968.0,17,2,0.784561,s17_p2
1779333968.0,17,3,0.000000,s17_p3
1779333968.0,11,4,0.000000,s11_p4
1779333968.0,11,1,0.156902,s11_p1
1779333968.0,11,2,0.000000,s11_p2
1779333968.0,11,3,0.977618,s11_p3
1779333968.0,9,4,0.000000,s9_p4
1779333968.0,9,1,0.000000,s9_p1
1779333968.0,9,2,0.043447,s9_p2
1779333968.0,9,3,1.000000,s9_p3
1779333969.0,3,4,0.000000,s3_p4
1779333969.0,3,1,0.159532,s3_p1
1779333969.0,3,2,0.000000,s3_p2
1779333969.0,3,3,0.135361,s3_p3
1779333969.0,14,1,0.000000,s14_p1
1779333969.0,14,4,0.700955,s14_p4
1779333969.0,14,2,0.065261,s14_p2
1779333969.0,14,3,0.000000,s14_p3
1779333969.0,13,4,0.000000,s13_p4
1779333969.0,13,1,0.000000,s13_p1
1779333969.0,13,2,0.000000,s13_p2
1779333969.0,13,3,0.991557,s13_p3
1779333969.0,10,4,0.326450,s10_p4
1779333969.0,10,1,0.000000,s10_p1
1779333969.0,10,2,0.000000,s10_p2
1779333969.0,10,3,0.000000,s10_p3
1779333969.0,15,4,0.000000,s15_p4
1779333969.0,15,1,0.186017,s15_p1
1779333969.0,15,2,0.014495,s15_p2
1779333969.0,15,3,0.000000,s15_p3
1779333969.0,7,1,0.094298,s7_p1
1779333969.0,7,4,0.000000,s7_p4
1779333969.0,7,2,0.091880,s7_p2
1779333969.0,7,3,0.000000,s7_p3
1779333969.0,20,1,0.000000,s20_p1
1779333969.0,20,4,0.000000,s20_p4
1779333969.0,20,2,0.701051,s20_p2
1779333969.0,20,3,0.326351,s20_p3
1779333969.0,12,4,0.000000,s12_p4
1779333969.0,12,1,0.000000,s12_p1
1779333969.0,12,2,0.140183,s12_p2
1779333969.0,12,3,0.000000,s12_p3
1779333969.0,4,4,0.000000,s4_p4
1779333969.0,4,1,0.140157,s4_p1
1779333969.0,4,2,0.000000,s4_p2
1779333969.0,4,3,0.057996,s4_p3
1779333969.0,8,4,0.000000,s8_p4
1779333969.0,8,1,0.007250,s8_p1
1779333969.0,8,2,0.007250,s8_p2
1779333969.0,8,3,0.000000,s8_p3
1779333969.0,18,1,0.000000,s18_p1
1779333969.0,18,4,0.000000,s18_p4
1779333969.0,18,2,0.000000,s18_p2
1779333969.0,18,3,0.000000,s18_p3
1779333969.0,11,4,0.000000,s11_p4
1779333969.0,11,1,0.159483,s11_p1
1779333969.0,11,2,0.000000,s11_p2
1779333969.0,11,3,0.966564,s11_p3
1779333969.0,5,4,0.140125,s5_p4
1779333969.0,5,1,0.000000,s5_p1
1779333969.0,5,2,0.000000,s5_p2
1779333969.0,5,3,0.048319,s5_p3
1779333969.0,2,1,0.000000,s2_p1
1779333969.0,2,4,0.000000,s2_p4
1779333969.0,2,2,0.041073,s2_p2
1779333969.0,2,3,0.137716,s2_p3
1779333969.0,17,1,0.205368,s17_p1
1779333969.0,17,4,1.000000,s17_p4
1779333969.0,17,2,0.797310,s17_p2
1779333969.0,17,3,0.000000,s17_p3
1779333969.0,16,1,0.000000,s16_p1
1779333969.0,16,4,0.000000,s16_p4
1779333969.0,16,2,0.000000,s16_p2
1779333969.0,16,3,0.000000,s16_p3
1779333969.0,1,4,0.065101,s1_p4
1779333969.0,1,1,0.000000,s1_p1
1779333969.0,1,2,0.000000,s1_p2
1779333969.0,1,3,0.142258,s1_p3
1779333969.0,19,1,0.000000,s19_p1
1779333969.0,19,4,0.000000,s19_p4
1779333969.0,19,2,0.000000,s19_p2
1779333969.0,19,3,0.000000,s19_p3
1779333969.0,6,1,0.000000,s6_p1
1779333969.0,6,4,0.000000,s6_p4
1779333969.0,6,2,0.065027,s6_p2
1779333969.0,6,3,0.168588,s6_p3
1779333969.0,9,4,0.000000,s9_p4
1779333969.0,9,1,0.000000,s9_p1
1779333969.0,9,2,0.041044,s9_p2
1779333969.0,9,3,1.000000,s9_p3
1779333969.0,19,1,0.000000,s19_p1
1779333969.0,19,4,0.000000,s19_p4
1779333969.0,19,2,0.000000,s19_p2
1779333969.0,19,3,0.000000,s19_p3
1779333969.0,10,4,0.313947,s10_p4
1779333969.0,10,1,0.000000,s10_p1
1779333969.0,10,2,0.000000,s10_p2
1779333969.0,10,3,0.000000,s10_p3
1779333969.0,14,1,0.000000,s14_p1
1779333969.0,14,4,0.687894,s14_p4
1779333969.0,14,2,0.062755,s14_p2
1779333969.0,14,3,0.000000,s14_p3
1779333969.0,15,4,0.000000,s15_p4
1779333969.0,15,1,0.195598,s15_p1
1779333969.0,15,2,0.004830,s15_p2
1779333969.0,15,3,0.000000,s15_p3
1779333969.0,3,4,0.000000,s3_p4
1779333969.0,3,1,0.156854,s3_p1
1779333969.0,3,2,0.000000,s3_p2
1779333969.0,3,3,0.132723,s3_p3
1779333969.0,1,4,0.062901,s1_p4
1779333969.0,1,1,0.000000,s1_p1
1779333969.0,1,2,0.000000,s1_p2
1779333969.0,1,3,0.142737,s1_p3
1779333969.0,6,1,0.000000,s6_p1
1779333969.0,6,4,0.000000,s6_p4
1779333969.0,6,2,0.062918,s6_p2
1779333969.0,6,3,0.166976,s6_p3
1779333969.0,12,4,0.000000,s12_p4
1779333969.0,12,1,0.000000,s12_p1
1779333969.0,12,2,0.137600,s12_p2
1779333969.0,12,3,0.000000,s12_p3
1779333969.0,7,1,0.106166,s7_p1
1779333969.0,7,4,0.000000,s7_p4
1779333969.0,7,2,0.089276,s7_p2
1779333969.0,7,3,0.000000,s7_p3
1779333969.0,18,1,0.000000,s18_p1
1779333969.0,18,4,0.000000,s18_p4
1779333969.0,18,2,0.000000,s18_p2
1779333969.0,18,3,0.000000,s18_p3
1779333969.0,13,4,0.000000,s13_p4
1779333969.0,13,1,0.000000,s13_p1
1779333969.0,13,2,0.000000,s13_p2
1779333969.0,13,3,1.000000,s13_p3
1779333969.0,20,1,0.000000,s20_p1
1779333969.0,20,4,0.000000,s20_p4
1779333969.0,20,2,0.687840,s20_p2
1779333969.0,20,3,0.313752,s20_p3
1779333969.0,5,4,0.137713,s5_p4
1779333969.0,5,1,0.000000,s5_p1
1779333969.0,5,2,0.000000,s5_p2
1779333969.0,5,3,0.045904,s5_p3
1779333969.0,8,4,0.000000,s8_p4
1779333969.0,8,1,0.004827,s8_p1
1779333969.0,8,2,0.000000,s8_p2
1779333969.0,8,3,0.000000,s8_p3
1779333969.0,17,1,0.205284,s17_p1
1779333969.0,17,4,1.000000,s17_p4
1779333969.0,17,2,0.784908,s17_p2
1779333969.0,17,3,0.000000,s17_p3
1779333969.0,2,1,0.000000,s2_p1
1779333969.0,2,4,0.000000,s2_p4
1779333969.0,2,2,0.041054,s2_p2
1779333969.0,2,3,0.137650,s2_p3
1779333969.0,4,4,0.000000,s4_p4
1779333969.0,4,1,0.137511,s4_p1
1779333969.0,4,2,0.000000,s4_p2
1779333969.0,4,3,0.060312,s4_p3
1779333969.0,11,4,0.000000,s11_p4
1779333969.0,11,1,0.156951,s11_p1
1779333969.0,11,2,0.000000,s11_p2
1779333969.0,11,3,0.965853,s11_p3
1779333969.0,16,1,0.000000,s16_p1
1779333969.0,16,4,0.000000,s16_p4
1779333969.0,16,2,0.000000,s16_p2
1779333969.0,16,3,0.000000,s16_p3
1779333969.0,9,4,0.000000,s9_p4
1779333969.0,9,1,0.000000,s9_p1
1779333969.0,9,2,0.041082,s9_p2
1779333969.0,9,3,1.000000,s9_p3
1779333970.0,19,1,0.000000,s19_p1
1779333970.0,19,4,0.000000,s19_p4
1779333970.0,19,2,0.000000,s19_p2
1779333970.0,19,3,0.000000,s19_p3
1779333970.0,6,1,0.000000,s6_p1
1779333970.0,6,4,0.000000,s6_p4
1779333970.0,6,2,0.065266,s6_p2
1779333970.0,6,3,0.169208,s6_p3
1779333970.0,1,4,0.065258,s1_p4
1779333970.0,1,1,0.000000,s1_p1
1779333970.0,1,2,0.000000,s1_p2
1779333970.0,1,3,0.142601,s1_p3
1779333970.0,7,1,0.099127,s7_p1
1779333970.0,7,4,0.000000,s7_p4
1779333970.0,7,2,0.096709,s7_p2
1779333970.0,7,3,0.000000,s7_p3
1779333970.0,8,4,0.000000,s8_p4
1779333970.0,8,1,0.004836,s8_p1
1779333970.0,8,2,0.000000,s8_p2
1779333970.0,8,3,0.000000,s8_p3
1779333970.0,10,4,0.326035,s10_p4
1779333970.0,10,1,0.000000,s10_p1
1779333970.0,10,2,0.000000,s10_p2
1779333970.0,10,3,0.000000,s10_p3
1779333970.0,15,4,0.000000,s15_p4
1779333970.0,15,1,0.195637,s15_p1
1779333970.0,15,2,0.004831,s15_p2
1779333970.0,15,3,0.000000,s15_p3
1779333970.0,13,4,0.000000,s13_p4
1779333970.0,13,1,0.000000,s13_p1
1779333970.0,13,2,0.000000,s13_p2
1779333970.0,13,3,1.000000,s13_p3
1779333970.0,14,1,0.000000,s14_p1
1779333970.0,14,4,0.688272,s14_p4
1779333970.0,14,2,0.065205,s14_p2
1779333970.0,14,3,0.000000,s14_p3
1779333970.0,5,4,0.137686,s5_p4
1779333970.0,5,1,0.000000,s5_p1
1779333970.0,5,2,0.000000,s5_p2
1779333970.0,5,3,0.048311,s5_p3
1779333970.0,20,1,0.000000,s20_p1
1779333970.0,20,4,0.000000,s20_p4
1779333970.0,20,2,0.688311,s20_p2
1779333970.0,20,3,0.326042,s20_p3
1779333970.0,12,4,0.000000,s12_p4
1779333970.0,12,1,0.000000,s12_p1
1779333970.0,12,2,0.137638,s12_p2
1779333970.0,12,3,0.000000,s12_p3
1779333970.0,2,1,0.000000,s2_p1
1779333970.0,2,4,0.000000,s2_p4
1779333970.0,2,2,0.045907,s2_p2
1779333970.0,2,3,0.137722,s2_p3
1779333970.0,3,4,0.000000,s3_p4
1779333970.0,3,1,0.154415,s3_p1
1779333970.0,3,2,0.000000,s3_p2
1779333970.0,3,3,0.135113,s3_p3
1779333970.0,18,1,0.000000,s18_p1
1779333970.0,18,4,0.000000,s18_p4
1779333970.0,18,2,0.000000,s18_p2
1779333970.0,18,3,0.000000,s18_p3
1779333970.0,17,1,0.229507,s17_p1
1779333970.0,17,4,1.000000,s17_p4
1779333970.0,17,2,0.773075,s17_p2
1779333970.0,17,3,0.000000,s17_p3
1779333970.0,4,4,0.000000,s4_p4
1779333970.0,4,1,0.137711,s4_p1
1779333970.0,4,2,0.000000,s4_p2
1779333970.0,4,3,0.057983,s4_p3
1779333970.0,11,4,0.000000,s11_p4
1779333970.0,11,1,0.154585,s11_p1
1779333970.0,11,2,0.000000,s11_p2
1779333970.0,11,3,0.966155,s11_p3
1779333970.0,16,1,0.000000,s16_p1
1779333970.0,16,4,0.000000,s16_p4
1779333970.0,16,2,0.000000,s16_p2
1779333970.0,16,3,0.000000,s16_p3
1779333970.0,9,4,0.000000,s9_p4
1779333970.0,9,1,0.000000,s9_p1
1779333970.0,9,2,0.045891,s9_p2
1779333970.0,9,3,1.000000,s9_p3
1779333970.0,1,4,0.065198,s1_p4
1779333970.0,1,1,0.000000,s1_p1
1779333970.0,1,2,0.000000,s1_p2
1779333970.0,1,3,0.142469,s1_p3
1779333970.0,14,1,0.000000,s14_p1
1779333970.0,14,4,0.688599,s14_p4
1779333970.0,14,2,0.065236,s14_p2
1779333970.0,14,3,0.000000,s14_p3
1779333970.0,10,4,0.326131,s10_p4
1779333970.0,10,1,0.000000,s10_p1
1779333970.0,10,2,0.000000,s10_p2
1779333970.0,10,3,0.000000,s10_p3
1779333970.0,3,4,0.000000,s3_p4
1779333970.0,3,1,0.157196,s3_p1
1779333970.0,3,2,0.000000,s3_p2
1779333970.0,3,3,0.135430,s3_p3
1779333970.0,15,4,0.000000,s15_p4
1779333970.0,15,1,0.195674,s15_p1
1779333970.0,15,2,0.002416,s15_p2
1779333970.0,15,3,0.000000,s15_p3
1779333970.0,7,1,0.094105,s7_p1
1779333970.0,7,4,0.000000,s7_p4
1779333970.0,7,2,0.101344,s7_p2
1779333970.0,7,3,0.000000,s7_p3
1779333970.0,4,4,0.000000,s4_p4
1779333970.0,4,1,0.137714,s4_p1
1779333970.0,4,2,0.000000,s4_p2
1779333970.0,4,3,0.060401,s4_p3
1779333970.0,16,1,0.000000,s16_p1
1779333970.0,16,4,0.000000,s16_p4
1779333970.0,16,2,0.000000,s16_p2
1779333970.0,16,3,0.000000,s16_p3
1779333970.0,20,1,0.000000,s20_p1
1779333970.0,20,4,0.000000,s20_p4
1779333970.0,20,2,0.688392,s20_p2
1779333970.0,20,3,0.326081,s20_p3
1779333970.0,5,4,0.137657,s5_p4
1779333970.0,5,1,0.000000,s5_p1
1779333970.0,5,2,0.000000,s5_p2
1779333970.0,5,3,0.045886,s5_p3
1779333970.0,11,4,0.000000,s11_p4
1779333970.0,11,1,0.157069,s11_p1
1779333970.0,11,2,0.000000,s11_p2
1779333970.0,11,3,0.978660,s11_p3
1779333970.0,18,1,0.000000,s18_p1
1779333970.0,18,4,0.000000,s18_p4
1779333970.0,18,2,0.000000,s18_p2
1779333970.0,18,3,0.000000,s18_p3
1779333970.0,6,1,0.000000,s6_p1
1779333970.0,6,4,0.000000,s6_p4
1779333970.0,6,2,0.065101,s6_p2
1779333970.0,6,3,0.168780,s6_p3
1779333970.0,13,4,0.000000,s13_p4
1779333970.0,13,1,0.000000,s13_p1
1779333970.0,13,2,0.000000,s13_p2
1779333970.0,13,3,1.000000,s13_p3
1779333970.0,12,4,0.000000,s12_p4
1779333970.0,12,1,0.000000,s12_p1
1779333970.0,12,2,0.137660,s12_p2
1779333970.0,12,3,0.000000,s12_p3
1779333970.0,8,4,0.000000,s8_p4
1779333970.0,8,1,0.002412,s8_p1
1779333970.0,8,2,0.000000,s8_p2
1779333970.0,8,3,0.000000,s8_p3
1779333970.0,17,1,0.217368,s17_p1
1779333970.0,17,4,0.990233,s17_p4
1779333970.0,17,2,0.784941,s17_p2
1779333970.0,17,3,0.000000,s17_p3
1779333970.0,19,1,0.000000,s19_p1
1779333970.0,19,4,0.000000,s19_p4
1779333970.0,19,2,0.000000,s19_p2
1779333970.0,19,3,0.000000,s19_p3
1779333970.0,2,1,0.000000,s2_p1
1779333970.0,2,4,0.000000,s2_p4
1779333970.0,2,2,0.043467,s2_p2
1779333970.0,2,3,0.137645,s2_p3
1779333970.0,9,4,0.000000,s9_p4
1779333970.0,9,1,0.000000,s9_p1
1779333970.0,9,2,0.043479,s9_p2
1779333970.0,9,3,0.990360,s9_p3
1779333971.0,6,1,0.000000,s6_p1
1779333971.0,6,4,0.000000,s6_p4
1779333971.0,6,2,0.065327,s6_p2
1779333971.0,6,3,0.166946,s6_p3
1779333971.0,1,4,0.065221,s1_p4
1779333971.0,1,1,0.000000,s1_p1
1779333971.0,1,2,0.000000,s1_p2
1779333971.0,1,3,0.142519,s1_p3
1779333971.0,18,1,0.000000,s18_p1
1779333971.0,18,4,0.000000,s18_p4
1779333971.0,18,2,0.000000,s18_p2
1779333971.0,18,3,0.000000,s18_p3
1779333971.0,13,4,0.000000,s13_p4
1779333971.0,13,1,0.000000,s13_p1
1779333971.0,13,2,0.000000,s13_p2
1779333971.0,13,3,1.000000,s13_p3
1779333971.0,8,4,0.000000,s8_p4
1779333971.0,8,1,0.009670,s8_p1
1779333971.0,8,2,0.004835,s8_p2
1779333971.0,8,3,0.000000,s8_p3
1779333971.0,20,1,0.000000,s20_p1
1779333971.0,20,4,0.000000,s20_p4
1779333971.0,20,2,0.688827,s20_p2
1779333971.0,20,3,0.326287,s20_p3
1779333971.0,12,4,0.000000,s12_p4
1779333971.0,12,1,0.000000,s12_p1
1779333971.0,12,2,0.137783,s12_p2
1779333971.0,12,3,0.000000,s12_p3
1779333971.0,10,4,0.325894,s10_p4
1779333971.0,10,1,0.000000,s10_p1
1779333971.0,10,2,0.000000,s10_p2
1779333971.0,10,3,0.000000,s10_p3
1779333971.0,5,4,0.137756,s5_p4
1779333971.0,5,1,0.000000,s5_p1
1779333971.0,5,2,0.000000,s5_p2
1779333971.0,5,3,0.048336,s5_p3
1779333971.0,4,4,0.000000,s4_p4
1779333971.0,4,1,0.137743,s4_p1
1779333971.0,4,2,0.000000,s4_p2
1779333971.0,4,3,0.057997,s4_p3
1779333971.0,9,4,0.000000,s9_p4
1779333971.0,9,1,0.000000,s9_p1
1779333971.0,9,2,0.045928,s9_p2
1779333971.0,9,3,1.000000,s9_p3
1779333971.0,2,1,0.000000,s2_p1
1779333971.0,2,4,0.000000,s2_p4
1779333971.0,2,2,0.045913,s2_p2
1779333971.0,2,3,0.140156,s2_p3
1779333971.0,16,1,0.000000,s16_p1
1779333971.0,16,4,0.000000,s16_p4
1779333971.0,16,2,0.000000,s16_p2
1779333971.0,16,3,0.000000,s16_p3
1779333971.0,3,4,0.000000,s3_p4
1779333971.0,3,1,0.154347,s3_p1
1779333971.0,3,2,0.000000,s3_p2
1779333971.0,3,3,0.135054,s3_p3
1779333971.0,14,1,0.000000,s14_p1
1779333971.0,14,4,0.687260,s14_p4
1779333971.0,14,2,0.065109,s14_p2
1779333971.0,14,3,0.000000,s14_p3
1779333971.0,17,1,0.229408,s17_p1
1779333971.0,17,4,1.000000,s17_p4
1779333971.0,17,2,0.772742,s17_p2
1779333971.0,17,3,0.000000,s17_p3
1779333971.0,11,4,0.000000,s11_p4
1779333971.0,11,1,0.154513,s11_p1
1779333971.0,11,2,0.000000,s11_p2
1779333971.0,11,3,0.965705,s11_p3
1779333971.0,19,1,0.000000,s19_p1
1779333971.0,19,4,0.000000,s19_p4
1779333971.0,19,2,0.000000,s19_p2
1779333971.0,19,3,0.000000,s19_p3
1779333971.0,7,1,0.094111,s7_p1
1779333971.0,7,4,0.000000,s7_p4
1779333971.0,7,2,0.091698,s7_p2
1779333971.0,7,3,0.000000,s7_p3
1779333971.0,15,4,0.000000,s15_p4
1779333971.0,15,1,0.185621,s15_p1
1779333971.0,15,2,0.014464,s15_p2
1779333971.0,15,3,0.000000,s15_p3
1779333971.0,1,4,0.065280,s1_p4
1779333971.0,1,1,0.000000,s1_p1
1779333971.0,1,2,0.000000,s1_p2
1779333971.0,1,3,0.142649,s1_p3
1779333971.0,14,1,0.000000,s14_p1
1779333971.0,14,4,0.690066,s14_p4
1779333971.0,14,2,0.065375,s14_p2
1779333971.0,14,3,0.000000,s14_p3
1779333971.0,3,4,0.000000,s3_p4
1779333971.0,3,1,0.154936,s3_p1
1779333971.0,3,2,0.000000,s3_p2
1779333971.0,3,3,0.135569,s3_p3
1779333971.0,13,4,0.000000,s13_p4
1779333971.0,13,1,0.000000,s13_p1
1779333971.0,13,2,0.000000,s13_p2
1779333971.0,13,3,0.990924,s13_p3
1779333971.0,10,4,0.326297,s10_p4
1779333971.0,10,1,0.000000,s10_p1
1779333971.0,10,2,0.000000,s10_p2
1779333971.0,10,3,0.000000,s10_p3
1779333971.0,15,4,0.000000,s15_p4
1779333971.0,15,1,0.200895,s15_p1
1779333971.0,15,2,0.000000,s15_p2
1779333971.0,15,3,0.000000,s15_p3
1779333971.0,8,4,0.000000,s8_p4
1779333971.0,8,1,0.000000,s8_p1
1779333971.0,8,2,0.000000,s8_p2
1779333971.0,8,3,0.000000,s8_p3
1779333971.0,7,1,0.104067,s7_p1
1779333971.0,7,4,0.000000,s7_p4
1779333971.0,7,2,0.096807,s7_p2
1779333971.0,7,3,0.000000,s7_p3
1779333971.0,20,1,0.000000,s20_p1
1779333971.0,20,4,0.000000,s20_p4
1779333971.0,20,2,0.688591,s20_p2
1779333971.0,20,3,0.326175,s20_p3
1779333971.0,4,4,0.000000,s4_p4
1779333971.0,4,1,0.137672,s4_p1
1779333971.0,4,2,0.000000,s4_p2
1779333971.0,4,3,0.060383,s4_p3
1779333971.0,12,4,0.000000,s12_p4
1779333971.0,12,1,0.000000,s12_p1
1779333971.0,12,2,0.137655,s12_p2
1779333971.0,12,3,0.000000,s12_p3
1779333971.0,5,4,0.137656,s5_p4
1779333971.0,5,1,0.000000,s5_p1
1779333971.0,5,2,0.000000,s5_p2
1779333971.0,5,3,0.048300,s5_p3
1779333971.0,18,1,0.000000,s18_p1
1779333971.0,18,4,0.000000,s18_p4
1779333971.0,18,2,0.000000,s18_p2
1779333971.0,18,3,0.000000,s18_p3
1779333971.0,16,1,0.000000,s16_p1
1779333971.0,16,4,0.000000,s16_p4
1779333971.0,16,2,0.000000,s16_p2
1779333971.0,16,3,0.000000,s16_p3
1779333971.0,17,1,0.217433,s17_p1
1779333971.0,17,4,1.000000,s17_p4
1779333971.0,17,2,0.785176,s17_p2
1779333971.0,17,3,0.000000,s17_p3
1779333971.0,2,1,0.000000,s2_p1
1779333971.0,2,4,0.000000,s2_p4
1779333971.0,2,2,0.043459,s2_p2
1779333971.0,2,3,0.137620,s2_p3
1779333971.0,11,4,0.000000,s11_p4
1779333971.0,11,1,0.157025,s11_p1
1779333971.0,11,2,0.000000,s11_p2
1779333971.0,11,3,0.978386,s11_p3
1779333971.0,19,1,0.000000,s19_p1
1779333971.0,19,4,0.000000,s19_p4
1779333971.0,19,2,0.000000,s19_p2
1779333971.0,19,3,0.000000,s19_p3
1779333971.0,9,4,0.000000,s9_p4
1779333971.0,9,1,0.000000,s9_p1
1779333971.0,9,2,0.043424,s9_p2
1779333971.0,9,3,1.000000,s9_p3
1779333971.0,6,1,0.000000,s6_p1
1779333971.0,6,4,0.000000,s6_p4
1779333971.0,6,2,0.065047,s6_p2
1779333971.0,6,3,0.168640,s6_p3
1779333972.0,6,1,0.000000,s6_p1
1779333972.0,6,4,0.000000,s6_p4
1779333972.0,6,2,0.062953,s6_p2
1779333972.0,6,3,0.169489,s6_p3
1779333972.0,1,4,0.062693,s1_p4
1779333972.0,1,1,0.000000,s1_p1
1779333972.0,1,2,0.000000,s1_p2
1779333972.0,1,3,0.142264,s1_p3
1779333972.0,15,4,0.000000,s15_p4
1779333972.0,15,1,0.195522,s15_p1
1779333972.0,15,2,0.004828,s15_p2
1779333972.0,15,3,0.000000,s15_p3
1779333972.0,8,4,0.000000,s8_p4
1779333972.0,8,1,0.004828,s8_p1
1779333972.0,8,2,0.000000,s8_p2
1779333972.0,8,3,0.000000,s8_p3
1779333972.0,14,1,0.000000,s14_p1
1779333972.0,14,4,0.699445,s14_p4
1779333972.0,14,2,0.062709,s14_p2
1779333972.0,14,3,0.000000,s14_p3
1779333972.0,3,4,0.000000,s3_p4
1779333972.0,3,1,0.159202,s3_p1
1779333972.0,3,2,0.000000,s3_p2
1779333972.0,3,3,0.132668,s3_p3
1779333972.0,19,1,0.000000,s19_p1
1779333972.0,19,4,0.000000,s19_p4
1779333972.0,19,2,0.000000,s19_p2
1779333972.0,19,3,0.000000,s19_p3
1779333972.0,10,4,0.313745,s10_p4
1779333972.0,10,1,0.000000,s10_p1
1779333972.0,10,2,0.000000,s10_p2
1779333972.0,10,3,0.000000,s10_p3
1779333972.0,20,1,0.000000,s20_p1
1779333972.0,20,4,0.000000,s20_p4
1779333972.0,20,2,0.699756,s20_p2
1779333972.0,20,3,0.313684,s20_p3
1779333972.0,4,4,0.000000,s4_p4
1779333972.0,4,1,0.140004,s4_p1
1779333972.0,4,2,0.000000,s4_p2
1779333972.0,4,3,0.057933,s4_p3
1779333972.0,13,4,0.000000,s13_p4
1779333972.0,13,1,0.000000,s13_p1
1779333972.0,13,2,0.000000,s13_p2
1779333972.0,13,3,1.000000,s13_p3
1779333972.0,7,1,0.101309,s7_p1
1779333972.0,7,4,0.000000,s7_p4
1779333972.0,7,2,0.094073,s7_p2
1779333972.0,7,3,0.000000,s7_p3
1779333972.0,5,4,0.140008,s5_p4
1779333972.0,5,1,0.000000,s5_p1
1779333972.0,5,2,0.000000,s5_p2
1779333972.0,5,3,0.045865,s5_p3
1779333972.0,18,1,0.000000,s18_p1
1779333972.0,18,4,0.000000,s18_p4
1779333972.0,18,2,0.000000,s18_p2
1779333972.0,18,3,0.000000,s18_p3
1779333972.0,2,1,0.000000,s2_p1
1779333972.0,2,4,0.000000,s2_p4
1779333972.0,2,2,0.041044,s2_p2
1779333972.0,2,3,0.137617,s2_p3
1779333972.0,12,4,0.000000,s12_p4
1779333972.0,12,1,0.000000,s12_p1
1779333972.0,12,2,0.139927,s12_p2
1779333972.0,12,3,0.000000,s12_p3
1779333972.0,9,4,0.000000,s9_p4
1779333972.0,9,1,0.000000,s9_p1
1779333972.0,9,2,0.041070,s9_p2
1779333972.0,9,3,1.000000,s9_p3
1779333972.0,16,1,0.000000,s16_p1
1779333972.0,16,4,0.000000,s16_p4
1779333972.0,16,2,0.000000,s16_p2
1779333972.0,16,3,0.000000,s16_p3
1779333972.0,17,1,0.205195,s17_p1
1779333972.0,17,4,1.000000,s17_p4
1779333972.0,17,2,0.784570,s17_p2
1779333972.0,17,3,0.000000,s17_p3
1779333972.0,11,4,0.000000,s11_p4
1779333972.0,11,1,0.156925,s11_p1
1779333972.0,11,2,0.000000,s11_p2
1779333972.0,11,3,0.965690,s11_p3
1779333972.0,3,4,0.000000,s3_p4
1779333972.0,3,1,0.159498,s3_p1
1779333972.0,3,2,0.000000,s3_p2
1779333972.0,3,3,0.135331,s3_p3
1779333972.0,1,4,0.065221,s1_p4
1779333972.0,1,1,0.000000,s1_p1
1779333972.0,1,2,0.000000,s1_p2
1779333972.0,1,3,0.142520,s1_p3
1779333972.0,6,1,0.000000,s6_p1
1779333972.0,6,4,0.000000,s6_p4
1779333972.0,6,2,0.065171,s6_p2
1779333972.0,6,3,0.166548,s6_p3
1779333972.0,14,1,0.000000,s14_p1
1779333972.0,14,4,0.688523,s14_p4
1779333972.0,14,2,0.065229,s14_p2
1779333972.0,14,3,0.000000,s14_p3
1779333972.0,10,4,0.326163,s10_p4
1779333972.0,10,1,0.000000,s10_p1
1779333972.0,10,2,0.000000,s10_p2
1779333972.0,10,3,0.000000,s10_p3
1779333972.0,13,4,0.000000,s13_p4
1779333972.0,13,1,0.000000,s13_p1
1779333972.0,13,2,0.000000,s13_p2
1779333972.0,13,3,1.000000,s13_p3
1779333972.0,2,1,0.000000,s2_p1
1779333972.0,2,4,0.000000,s2_p4
1779333972.0,2,2,0.041076,s2_p2
1779333972.0,2,3,0.137726,s2_p3
1779333972.0,12,4,0.000000,s12_p4
1779333972.0,12,1,0.000000,s12_p1
1779333972.0,12,2,0.137726,s12_p2
1779333972.0,12,3,0.000000,s12_p3
1779333972.0,20,1,0.000000,s20_p1
1779333972.0,20,4,0.000000,s20_p4
1779333972.0,20,2,0.688142,s20_p2
1779333972.0,20,3,0.325962,s20_p3
1779333972.0,17,1,0.205384,s17_p1
1779333972.0,17,4,1.000000,s17_p4
1779333972.0,17,2,0.797371,s17_p2
1779333972.0,17,3,0.000000,s17_p3
1779333972.0,15,4,0.000000,s15_p4
1779333972.0,15,1,0.188204,s15_p1
1779333972.0,15,2,0.012064,s15_p2
1779333972.0,15,3,0.000000,s15_p3
1779333972.0,7,1,0.091756,s7_p1
1779333972.0,7,4,0.000000,s7_p4
1779333972.0,7,2,0.096586,s7_p2
1779333972.0,7,3,0.000000,s7_p3
1779333972.0,8,4,0.000000,s8_p4
1779333972.0,8,1,0.009651,s8_p1
1779333972.0,8,2,0.002413,s8_p2
1779333972.0,8,3,0.000000,s8_p3
1779333972.0,18,1,0.000000,s18_p1
1779333972.0,18,4,0.000000,s18_p4
1779333972.0,18,2,0.000000,s18_p2
1779333972.0,18,3,0.000000,s18_p3
1779333972.0,4,4,0.000000,s4_p4
1779333972.0,4,1,0.137611,s4_p1
1779333972.0,4,2,0.000000,s4_p2
1779333972.0,4,3,0.060356,s4_p3
1779333972.0,16,1,0.000000,s16_p1
1779333972.0,16,4,0.000000,s16_p4
1779333972.0,16,2,0.000000,s16_p2
1779333972.0,16,3,0.000000,s16_p3
1779333972.0,5,4,0.137554,s5_p4
1779333972.0,5,1,0.000000,s5_p1
1779333972.0,5,2,0.000000,s5_p2
1779333972.0,5,3,0.048264,s5_p3
1779333972.0,19,1,0.000000,s19_p1
1779333972.0,19,4,0.000000,s19_p4
1779333972.0,19,2,0.000000,s19_p2
1779333972.0,19,3,0.000000,s19_p3
1779333972.0,9,4,0.000000,s9_p4
1779333972.0,9,1,0.000000,s9_p1
1779333972.0,9,2,0.041045,s9_p2
1779333972.0,9,3,1.000000,s9_p3
1779333972.0,11,4,0.000000,s11_p4
1779333972.0,11,1,0.159356,s11_p1
1779333972.0,11,2,0.000000,s11_p2
1779333972.0,11,3,0.965794,s11_p3
1779333973.0,19,1,0.000000,s19_p1
1779333973.0,19,4,0.000000,s19_p4
1779333973.0,19,2,0.000000,s19_p2
1779333973.0,19,3,0.000000,s19_p3
1779333973.0,10,4,0.326086,s10_p4
1779333973.0,10,1,0.000000,s10_p1
1779333973.0,10,2,0.000000,s10_p2
1779333973.0,10,3,0.000000,s10_p3
1779333973.0,6,1,0.000000,s6_p1
1779333973.0,6,4,0.000000,s6_p4
1779333973.0,6,2,0.065206,s6_p2
1779333973.0,6,3,0.169052,s6_p3
1779333973.0,3,4,0.000000,s3_p4
1779333973.0,3,1,0.156912,s3_p1
1779333973.0,3,2,0.000000,s3_p2
1779333973.0,3,3,0.135186,s3_p3
1779333973.0,1,4,0.065188,s1_p4
1779333973.0,1,1,0.000000,s1_p1
1779333973.0,1,2,0.000000,s1_p2
1779333973.0,1,3,0.142448,s1_p3
1779333973.0,15,4,0.000000,s15_p4
1779333973.0,15,1,0.190960,s15_p1
1779333973.0,15,2,0.007252,s15_p2
1779333973.0,15,3,0.000000,s15_p3
1779333973.0,14,1,0.000000,s14_p1
1779333973.0,14,4,0.688029,s14_p4
1779333973.0,14,2,0.065182,s14_p2
1779333973.0,14,3,0.000000,s14_p3
1779333973.0,7,1,0.086926,s7_p1
1779333973.0,7,4,0.000000,s7_p4
1779333973.0,7,2,0.106243,s7_p2
1779333973.0,7,3,0.000000,s7_p3
1779333973.0,5,4,0.137706,s5_p4
1779333973.0,5,1,0.000000,s5_p1
1779333973.0,5,2,0.000000,s5_p2
1779333973.0,5,3,0.048318,s5_p3
1779333973.0,18,1,0.000000,s18_p1
1779333973.0,18,4,0.000000,s18_p4
1779333973.0,18,2,0.000000,s18_p2
1779333973.0,18,3,0.000000,s18_p3
1779333973.0,8,4,0.000000,s8_p4
1779333973.0,8,1,0.007243,s8_p1
1779333973.0,8,2,0.000000,s8_p2
1779333973.0,8,3,0.000000,s8_p3
1779333973.0,13,4,0.000000,s13_p4
1779333973.0,13,1,0.000000,s13_p1
1779333973.0,13,2,0.000000,s13_p2
1779333973.0,13,3,1.000000,s13_p3
1779333973.0,2,1,0.000000,s2_p1
1779333973.0,2,4,0.000000,s2_p4
1779333973.0,2,2,0.043449,s2_p2
1779333973.0,2,3,0.137589,s2_p3
1779333973.0,12,4,0.000000,s12_p4
1779333973.0,12,1,0.000000,s12_p1
1779333973.0,12,2,0.137591,s12_p2
1779333973.0,12,3,0.000000,s12_p3
1779333973.0,20,1,0.000000,s20_p1
1779333973.0,20,4,0.000000,s20_p4
1779333973.0,20,2,0.687959,s20_p2
1779333973.0,20,3,0.325875,s20_p3
1779333973.0,4,4,0.000000,s4_p4
1779333973.0,4,1,0.137614,s4_p1
1779333973.0,4,2,0.000000,s4_p2
1779333973.0,4,3,0.060357,s4_p3
1779333973.0,17,1,0.217158,s17_p1
1779333973.0,17,4,1.000000,s17_p4
1779333973.0,17,2,0.784183,s17_p2
1779333973.0,17,3,0.000000,s17_p3
1779333973.0,11,4,0.000000,s11_p4
1779333973.0,11,1,0.156946,s11_p1
1779333973.0,11,2,0.000000,s11_p2
1779333973.0,11,3,0.977897,s11_p3
1779333973.0,16,1,0.000000,s16_p1
1779333973.0,16,4,0.000000,s16_p4
1779333973.0,16,2,0.000000,s16_p2
1779333973.0,16,3,0.000000,s16_p3
1779333973.0,9,4,0.000000,s9_p4
1779333973.0,9,1,0.000000,s9_p1
1779333973.0,9,2,0.043459,s9_p2
1779333973.0,9,3,1.000000,s9_p3
1779333973.0,6,1,0.000000,s6_p1
1779333973.0,6,4,0.000000,s6_p4
1779333973.0,6,2,0.065283,s6_p2
1779333973.0,6,3,0.169252,s6_p3
1779333973.0,1,4,0.065288,s1_p4
1779333973.0,1,1,0.000000,s1_p1
1779333973.0,1,2,0.000000,s1_p2
1779333973.0,1,3,0.140249,s1_p3
1779333973.0,13,4,0.000000,s13_p4
1779333973.0,13,1,0.000000,s13_p1
1779333973.0,13,2,0.000000,s13_p2
1779333973.0,13,3,1.000000,s13_p3
1779333973.0,15,4,0.000000,s15_p4
1779333973.0,15,1,0.188433,s15_p1
1779333973.0,15,2,0.012079,s15_p2
1779333973.0,15,3,0.000000,s15_p3
1779333973.0,8,4,0.000000,s8_p4
1779333973.0,8,1,0.009675,s8_p1
1779333973.0,8,2,0.002419,s8_p2
1779333973.0,8,3,0.000000,s8_p3
1779333973.0,3,4,0.000000,s3_p4
1779333973.0,3,1,0.156989,s3_p1
1779333973.0,3,2,0.000000,s3_p2
1779333973.0,3,3,0.135252,s3_p3
1779333973.0,10,4,0.325953,s10_p4
1779333973.0,10,1,0.000000,s10_p1
1779333973.0,10,2,0.000000,s10_p2
1779333973.0,10,3,0.000000,s10_p3
1779333973.0,2,1,0.000000,s2_p1
1779333973.0,2,4,0.000000,s2_p4
1779333973.0,2,2,0.043502,s2_p2
1779333973.0,2,3,0.137756,s2_p3
1779333973.0,17,1,0.217598,s17_p1
1779333973.0,17,4,0.991280,s17_p4
1779333973.0,17,2,0.785771,s17_p2
1779333973.0,17,3,0.000000,s17_p3
1779333973.0,4,4,0.000000,s4_p4
1779333973.0,4,1,0.137750,s4_p1
1779333973.0,4,2,0.000000,s4_p2
1779333973.0,4,3,0.058000,s4_p3
1779333973.0,18,1,0.000000,s18_p1
1779333973.0,18,4,0.000000,s18_p4
1779333973.0,18,2,0.000000,s18_p2
1779333973.0,18,3,0.000000,s18_p3
1779333973.0,20,1,0.000000,s20_p1
1779333973.0,20,4,0.000000,s20_p4
1779333973.0,20,2,0.688701,s20_p2
1779333973.0,20,3,0.326227,s20_p3
1779333973.0,12,4,0.000000,s12_p4
1779333973.0,12,1,0.000000,s12_p1
1779333973.0,12,2,0.137731,s12_p2
1779333973.0,12,3,0.000000,s12_p3
1779333973.0,5,4,0.137708,s5_p4
1779333973.0,5,1,0.000000,s5_p1
1779333973.0,5,2,0.000000,s5_p2
1779333973.0,5,3,0.045903,s5_p3
1779333973.0,7,1,0.096625,s7_p1
1779333973.0,7,4,0.000000,s7_p4
1779333973.0,7,2,0.089378,s7_p2
1779333973.0,7,3,0.000000,s7_p3
1779333973.0,9,4,0.000000,s9_p4
1779333973.0,9,1,0.000000,s9_p1
1779333973.0,9,2,0.043498,s9_p2
1779333973.0,9,3,0.990791,s9_p3
1779333973.0,11,4,0.000000,s11_p4
1779333973.0,11,1,0.157056,s11_p1
1779333973.0,11,2,0.000000,s11_p2
1779333973.0,11,3,0.966498,s11_p3
1779333973.0,14,1,0.000000,s14_p1
1779333973.0,14,4,0.687405,s14_p4
1779333973.0,14,2,0.065123,s14_p2
1779333973.0,14,3,0.000000,s14_p3
1779333973.0,16,1,0.000000,s16_p1
1779333973.0,16,4,0.000000,s16_p4
1779333973.0,16,2,0.000000,s16_p2
1779333973.0,16,3,0.000000,s16_p3
1779333973.0,19,1,0.000000,s19_p1
1779333973.0,19,4,0.000000,s19_p4
1779333973.0,19,2,0.000000,s19_p2
1779333973.0,19,3,0.000000,s19_p3
1779333974.0,1,4,0.065220,s1_p4
1779333974.0,1,1,0.000000,s1_p1
1779333974.0,1,2,0.000000,s1_p2
1779333974.0,1,3,0.142518,s1_p3
1779333974.0,14,1,0.000000,s14_p1
1779333974.0,14,4,0.690174,s14_p4
1779333974.0,14,2,0.065385,s14_p2
1779333974.0,14,3,0.000000,s14_p3
1779333974.0,6,1,0.000000,s6_p1
1779333974.0,6,4,0.000000,s6_p4
1779333974.0,6,2,0.065196,s6_p2
1779333974.0,6,3,0.166612,s6_p3
1779333974.0,10,4,0.326256,s10_p4
1779333974.0,10,1,0.000000,s10_p1
1779333974.0,10,2,0.000000,s10_p2
1779333974.0,10,3,0.000000,s10_p3
1779333974.0,3,4,0.000000,s3_p4
1779333974.0,3,1,0.157068,s3_p1
1779333974.0,3,2,0.000000,s3_p2
1779333974.0,3,3,0.135320,s3_p3
1779333974.0,4,4,0.000000,s4_p4
1779333974.0,4,1,0.137860,s4_p1
1779333974.0,4,2,0.000000,s4_p2
1779333974.0,4,3,0.060465,s4_p3
1779333974.0,5,4,0.137796,s5_p4
1779333974.0,5,1,0.000000,s5_p1
1779333974.0,5,2,0.000000,s5_p2
1779333974.0,5,3,0.048349,s5_p3
1779333974.0,13,4,0.000000,s13_p4
1779333974.0,13,1,0.000000,s13_p1
1779333974.0,13,2,0.000000,s13_p2
1779333974.0,13,3,0.989542,s13_p3
1779333974.0,12,4,0.000000,s12_p4
1779333974.0,12,1,0.000000,s12_p1
1779333974.0,12,2,0.137771,s12_p2
1779333974.0,12,3,0.000000,s12_p3
1779333974.0,8,4,0.000000,s8_p4
1779333974.0,8,1,0.002414,s8_p1
1779333974.0,8,2,0.002414,s8_p2
1779333974.0,8,3,0.000000,s8_p3
1779333974.0,7,1,0.106354,s7_p1
1779333974.0,7,4,0.000000,s7_p4
1779333974.0,7,2,0.089434,s7_p2
1779333974.0,7,3,0.000000,s7_p3
1779333974.0,20,1,0.000000,s20_p1
1779333974.0,20,4,0.000000,s20_p4
1779333974.0,20,2,0.688780,s20_p2
1779333974.0,20,3,0.326264,s20_p3
1779333974.0,16,1,0.000000,s16_p1
1779333974.0,16,4,0.000000,s16_p4
1779333974.0,16,2,0.000000,s16_p2
1779333974.0,16,3,0.000000,s16_p3
1779333974.0,18,1,0.000000,s18_p1
1779333974.0,18,4,0.000000,s18_p4
1779333974.0,18,2,0.000000,s18_p2
1779333974.0,18,3,0.000000,s18_p3
1779333974.0,11,4,0.000000,s11_p4
1779333974.0,11,1,0.159509,s11_p1
1779333974.0,11,2,0.000000,s11_p2
1779333974.0,11,3,0.978805,s11_p3
1779333974.0,9,4,0.000000,s9_p4
1779333974.0,9,1,0.000000,s9_p1
1779333974.0,9,2,0.041081,s9_p2
1779333974.0,9,3,1.000000,s9_p3
1779333974.0,2,1,0.000000,s2_p1
1779333974.0,2,4,0.000000,s2_p4
1779333974.0,2,2,0.041052,s2_p2
1779333974.0,2,3,0.140060,s2_p3
1779333974.0,17,1,0.205271,s17_p1
1779333974.0,17,4,1.000000,s17_p4
1779333974.0,17,2,0.796935,s17_p2
1779333974.0,17,3,0.000000,s17_p3
1779333974.0,19,1,0.000000,s19_p1
1779333974.0,19,4,0.000000,s19_p4
1779333974.0,19,2,0.000000,s19_p2
1779333974.0,19,3,0.000000,s19_p3
1779333974.0,15,4,0.000000,s15_p4
1779333974.0,15,1,0.195370,s15_p1
1779333974.0,15,2,0.004824,s15_p2
1779333974.0,15,3,0.000000,s15_p3
1779333974.0,6,1,0.055615,s6_p1
1779333974.0,6,4,0.000000,s6_p4
1779333974.0,6,2,0.062869,s6_p2
1779333974.0,6,3,0.169262,s6_p3
1779333974.0,3,4,0.000000,s3_p4
1779333974.0,3,1,0.154693,s3_p1
1779333974.0,3,2,0.026588,s3_p2
1779333974.0,3,3,0.132939,s3_p3
1779333974.0,1,4,0.079689,s1_p4
1779333974.0,1,1,0.000000,s1_p1
1779333974.0,1,2,0.000000,s1_p2
1779333974.0,1,3,0.176282,s1_p3
1779333974.0,14,1,0.036227,s14_p1
1779333974.0,14,4,0.688304,s14_p4
1779333974.0,14,2,0.062793,s14_p2
1779333974.0,14,3,0.000000,s14_p3
1779333974.0,15,4,0.000000,s15_p4
1779333974.0,15,1,0.193451,s15_p1
1779333974.0,15,2,0.007254,s15_p2
1779333974.0,15,3,0.278085,s15_p3
1779333974.0,4,4,0.000000,s4_p4
1779333974.0,4,1,0.152058,s4_p1
1779333974.0,4,2,0.004827,s4_p2
1779333974.0,4,3,0.057927,s4_p3
1779333974.0,20,1,0.000000,s20_p1
1779333974.0,20,4,0.000000,s20_p4
1779333974.0,20,2,0.760863,s20_p2
1779333974.0,20,3,0.495165,s20_p3
1779333974.0,8,4,0.036229,s8_p4
1779333974.0,8,1,0.004831,s8_p1
1779333974.0,8,2,0.002415,s8_p2
1779333974.0,8,3,0.055551,s8_p3
1779333974.0,7,1,0.099025,s7_p1
1779333974.0,7,4,0.014491,s7_p4
1779333974.0,7,2,0.094195,s7_p2
1779333974.0,7,3,0.000000,s7_p3
1779333974.0,10,4,0.313689,s10_p4
1779333974.0,10,1,0.000000,s10_p1
1779333974.0,10,2,0.016891,s10_p2
1779333974.0,10,3,0.000000,s10_p3
1779333974.0,13,4,0.000000,s13_p4
1779333974.0,13,1,0.000000,s13_p1
1779333974.0,13,2,0.055541,s13_p2
1779333974.0,13,3,1.000000,s13_p3
1779333974.0,16,1,0.000000,s16_p1
1779333974.0,16,4,0.265607,s16_p4
1779333974.0,16,2,0.000000,s16_p2
1779333974.0,16,3,0.000000,s16_p3
1779333974.0,12,4,0.000000,s12_p4
1779333974.0,12,1,0.000000,s12_p1
1779333974.0,12,2,0.152020,s12_p2
1779333974.0,12,3,0.000000,s12_p3
1779333974.0,2,1,0.000000,s2_p1
1779333974.0,2,4,0.000000,s2_p4
1779333974.0,2,2,0.057950,s2_p2
1779333974.0,2,3,0.169021,s2_p3
1779333974.0,18,1,0.000000,s18_p1
1779333974.0,18,4,0.000000,s18_p4
1779333974.0,18,2,0.000000,s18_p2
1779333974.0,18,3,0.000000,s18_p3
1779333974.0,5,4,0.137504,s5_p4
1779333974.0,5,1,0.036185,s5_p1
1779333974.0,5,2,0.000000,s5_p2
1779333974.0,5,3,0.123030,s5_p3
1779333974.0,17,1,0.205223,s17_p1
1779333974.0,17,4,1.000000,s17_p4
1779333974.0,17,2,0.784677,s17_p2
1779333974.0,17,3,0.277655,s17_p3
1779333974.0,11,4,0.000000,s11_p4
1779333974.0,11,1,0.152087,s11_p1
1779333974.0,11,2,0.004828,s11_p2
1779333974.0,11,3,0.965632,s11_p3
1779333974.0,9,4,0.000000,s9_p4
1779333974.0,9,1,0.000000,s9_p1
1779333974.0,9,2,0.041040,s9_p2
1779333974.0,9,3,1.000000,s9_p3
1779333974.0,19,1,0.000000,s19_p1
1779333974.0,19,4,0.000000,s19_p4
1779333974.0,19,2,0.000000,s19_p2
1779333974.0,19,3,0.000000,s19_p3
1779333975.0,3,4,0.000000,s3_p4
1779333975.0,3,1,0.135194,s3_p1
1779333975.0,3,2,0.062769,s3_p2
1779333975.0,3,3,0.135194,s3_p3
1779333975.0,14,1,0.101408,s14_p1
1779333975.0,14,4,0.688125,s14_p4
1779333975.0,14,2,0.065191,s14_p2
1779333975.0,14,3,0.000000,s14_p3
1779333975.0,1,4,0.115755,s1_p4
1779333975.0,1,1,0.000000,s1_p1
1779333975.0,1,2,0.000000,s1_p2
1779333975.0,1,3,0.226687,s1_p3
1779333975.0,8,4,0.101409,s8_p4
1779333975.0,8,1,0.019316,s8_p1
1779333975.0,8,2,0.009658,s8_p2
1779333975.0,8,3,0.166600,s8_p3
1779333975.0,15,4,0.000000,s15_p4
1779333975.0,15,1,0.171386,s15_p1
1779333975.0,15,2,0.028967,s15_p2
1779333975.0,15,3,0.832790,s15_p3
1779333975.0,7,1,0.070015,s7_p1
1779333975.0,7,4,0.028972,s7_p4
1779333975.0,7,2,0.101401,s7_p2
1779333975.0,7,3,0.000000,s7_p3
1779333975.0,5,4,0.140163,s5_p4
1779333975.0,5,1,0.103914,s5_p1
1779333975.0,5,2,0.000000,s5_p2
1779333975.0,5,3,0.215078,s5_p3
1779333975.0,20,1,0.000000,s20_p1
1779333975.0,20,4,0.000000,s20_p4
1779333975.0,20,2,0.844871,s20_p2
1779333975.0,20,3,0.844871,s20_p3
1779333975.0,4,4,0.000000,s4_p4
1779333975.0,4,1,0.168959,s4_p1
1779333975.0,4,2,0.043447,s4_p2
1779333975.0,4,3,0.060343,s4_p3
1779333975.0,13,4,0.000000,s13_p4
1779333975.0,13,1,0.000000,s13_p1
1779333975.0,13,2,0.197955,s13_p2
1779333975.0,13,3,1.000000,s13_p3
1779333975.0,12,4,0.000000,s12_p4
1779333975.0,12,1,0.000000,s12_p1
1779333975.0,12,2,0.169112,s12_p2
1779333975.0,12,3,0.000000,s12_p3
1779333975.0,10,4,0.325868,s10_p4
1779333975.0,10,1,0.000000,s10_p1
1779333975.0,10,2,0.050691,s10_p2
1779333975.0,10,3,0.000000,s10_p3
1779333975.0,16,1,0.000000,s16_p1
1779333975.0,16,4,0.651834,s16_p4
1779333975.0,16,2,0.000000,s16_p2
1779333975.0,16,3,0.000000,s16_p3
1779333975.0,9,4,0.000000,s9_p4
1779333975.0,9,1,0.000000,s9_p1
1779333975.0,9,2,0.021734,s9_p2
1779333975.0,9,3,1.000000,s9_p3
1779333975.0,19,1,0.000000,s19_p1
1779333975.0,19,4,0.000000,s19_p4
1779333975.0,19,2,0.000000,s19_p2
1779333975.0,19,3,0.000000,s19_p3
1779333975.0,18,1,0.000000,s18_p1
1779333975.0,18,4,0.000000,s18_p4
1779333975.0,18,2,0.000000,s18_p2
1779333975.0,18,3,0.000000,s18_p3
1779333975.0,6,1,0.166015,s6_p1
1779333975.0,6,4,0.000000,s6_p4
1779333975.0,6,2,0.096241,s6_p2
1779333975.0,6,3,0.168421,s6_p3
1779333975.0,11,4,0.000000,s11_p4
1779333975.0,11,1,0.135214,s11_p1
1779333975.0,11,2,0.043462,s11_p2
1779333975.0,11,3,0.965817,s11_p3
1779333975.0,2,1,0.000000,s2_p1
1779333975.0,2,4,0.000000,s2_p4
1779333975.0,2,2,0.072423,s2_p2
1779333975.0,2,3,0.226927,s2_p3
1779333975.0,17,1,0.108645,s17_p1
1779333975.0,17,4,1.000000,s17_p4
1779333975.0,17,2,0.893300,s17_p2
1779333975.0,17,3,0.989873,s17_p3
1779333975.0,6,1,0.166206,s6_p1
1779333975.0,6,4,0.000273,s6_p4
1779333975.0,6,2,0.050908,s6_p2
1779333975.0,6,3,0.107933,s6_p3
1779333975.0,3,4,0.000000,s3_p4
1779333975.0,3,1,0.038642,s3_p1
1779333975.0,3,2,0.066294,s3_p2
1779333975.0,3,3,0.079862,s3_p3
1779333975.0,13,4,0.000000,s13_p4
1779333975.0,13,1,0.000000,s13_p1
1779333975.0,13,2,0.197293,s13_p2
1779333975.0,13,3,1.000000,s13_p3
1779333975.0,15,4,0.000000,s15_p4
1779333975.0,15,1,0.164440,s15_p1
1779333975.0,15,2,0.033855,s15_p2
1779333975.0,15,3,0.841090,s15_p3
1779333975.0,10,4,0.096757,s10_p4
1779333975.0,10,1,0.000272,s10_p1
1779333975.0,10,2,0.050797,s10_p2
1779333975.0,10,3,0.000000,s10_p3
1779333975.0,7,1,0.070129,s7_p1
1779333975.0,7,4,0.026601,s7_p4
1779333975.0,7,2,0.094312,s7_p2
1779333975.0,7,3,0.000000,s7_p3
1779333975.0,8,4,0.101554,s8_p4
1779333975.0,8,1,0.029015,s8_p1
1779333975.0,8,2,0.004836,s8_p2
1779333975.0,8,3,0.168198,s8_p3
1779333975.0,1,4,0.070108,s1_p4
1779333975.0,1,1,0.000272,s1_p1
1779333975.0,1,2,0.000000,s1_p2
1779333975.0,1,3,0.205489,s1_p3
1779333975.0,14,1,0.101688,s14_p1
1779333975.0,14,4,0.218678,s14_p4
1779333975.0,14,2,0.019317,s14_p2
1779333975.0,14,3,0.000000,s14_p3
1779333975.0,16,1,0.000000,s16_p1
1779333975.0,16,4,0.628742,s16_p4
1779333975.0,16,2,0.000000,s16_p2
1779333975.0,16,3,0.000000,s16_p3
1779333975.0,18,1,0.000000,s18_p1
1779333975.0,18,4,0.000000,s18_p4
1779333975.0,18,2,0.000000,s18_p2
1779333975.0,18,3,0.000000,s18_p3
1779333975.0,12,4,0.001359,s12_p4
1779333975.0,12,1,0.000000,s12_p1
1779333975.0,12,2,0.067663,s12_p2
1779333975.0,12,3,0.000000,s12_p3
1779333975.0,2,1,0.000000,s2_p1
1779333975.0,2,4,0.000000,s2_p4
1779333975.0,2,2,0.074971,s2_p2
1779333975.0,2,3,0.214181,s2_p3
1779333975.0,20,1,0.001358,s20_p1
1779333975.0,20,4,0.000000,s20_p4
1779333975.0,20,2,0.338259,s20_p2
1779333975.0,20,3,0.593312,s20_p3
1779333975.0,17,1,0.120918,s17_p1
1779333975.0,17,4,1.000000,s17_p4
1779333975.0,17,2,0.890861,s17_p2
1779333975.0,17,3,0.986236,s17_p3
1779333975.0,5,4,0.041071,s5_p4
1779333975.0,5,1,0.099326,s5_p1
1779333975.0,5,2,0.000000,s5_p2
1779333975.0,5,3,0.263338,s5_p3
1779333975.0,11,4,0.000000,s11_p4
1779333975.0,11,1,0.039778,s11_p1
1779333975.0,11,2,0.138380,s11_p2
1779333975.0,11,3,0.738358,s11_p3
1779333975.0,4,4,0.000272,s4_p4
1779333975.0,4,1,0.067648,s4_p1
1779333975.0,4,2,0.137984,s4_p2
1779333975.0,4,3,0.067648,s4_p3
1779333975.0,19,1,0.000000,s19_p1
1779333975.0,19,4,0.000000,s19_p4
1779333975.0,19,2,0.000000,s19_p2
1779333975.0,19,3,0.000000,s19_p3
1779333975.0,9,4,0.000000,s9_p4
1779333975.0,9,1,0.000000,s9_p1
1779333975.0,9,2,0.024171,s9_p2
1779333975.0,9,3,1.000000,s9_p3
1779333976.0,19,1,0.000000,s19_p1
1779333976.0,19,4,0.000000,s19_p4
1779333976.0,19,2,0.000000,s19_p2
1779333976.0,19,3,0.000000,s19_p3
1779333976.0,6,1,0.136302,s6_p1
1779333976.0,6,4,0.000000,s6_p4
1779333976.0,6,2,0.062779,s6_p2
1779333976.0,6,3,0.000632,s6_p3
1779333976.0,14,1,0.101565,s14_p1
1779333976.0,14,4,0.000000,s14_p4
1779333976.0,14,2,0.000000,s14_p2
1779333976.0,14,3,0.000000,s14_p3
1779333976.0,3,4,0.000000,s3_p4
1779333976.0,3,1,0.010619,s3_p1
1779333976.0,3,2,0.062851,s3_p2
1779333976.0,3,3,0.000815,s3_p3
1779333976.0,1,4,0.051094,s1_p4
1779333976.0,1,1,0.000000,s1_p1
1779333976.0,1,2,0.000544,s1_p2
1779333976.0,1,3,0.091883,s1_p3
1779333976.0,15,4,0.000000,s15_p4
1779333976.0,15,1,0.177380,s15_p1
1779333976.0,15,2,0.007884,s15_p2
1779333976.0,15,3,0.838037,s15_p3
1779333976.0,10,4,0.001582,s10_p4
1779333976.0,10,1,0.000000,s10_p1
1779333976.0,10,2,0.050750,s10_p2
1779333976.0,10,3,0.000000,s10_p3
1779333976.0,13,4,0.000000,s13_p4
1779333976.0,13,1,0.001358,s13_p1
1779333976.0,13,2,0.199232,s13_p2
1779333976.0,13,3,1.000000,s13_p3
1779333976.0,7,1,0.029315,s7_p1
1779333976.0,7,4,0.028999,s7_p4
1779333976.0,7,2,0.148360,s7_p2
1779333976.0,7,3,0.002989,s7_p3
1779333976.0,8,4,0.101473,s8_p4
1779333976.0,8,1,0.000633,s8_p1
1779333976.0,8,2,0.007564,s8_p2
1779333976.0,8,3,0.164561,s8_p3
1779333976.0,18,1,0.000000,s18_p1
1779333976.0,18,4,0.000000,s18_p4
1779333976.0,18,2,0.000000,s18_p2
1779333976.0,18,3,0.000000,s18_p3
1779333976.0,4,4,0.000316,s4_p4
1779333976.0,4,1,0.028995,s4_p1
1779333976.0,4,2,0.162158,s4_p2
1779333976.0,4,3,0.000000,s4_p3
1779333976.0,12,4,0.001582,s12_p4
1779333976.0,12,1,0.000000,s12_p1
1779333976.0,12,2,0.028989,s12_p2
1779333976.0,12,3,0.000000,s12_p3
1779333976.0,20,1,0.000000,s20_p1
1779333976.0,20,4,0.003163,s20_p4
1779333976.0,20,2,0.144940,s20_p2
1779333976.0,20,3,0.507291,s20_p3
1779333976.0,5,4,0.000000,s5_p4
1779333976.0,5,1,0.101459,s5_p1
1779333976.0,5,2,0.001358,s5_p2
1779333976.0,5,3,0.184858,s5_p3
1779333976.0,9,4,0.000000,s9_p4
1779333976.0,9,1,0.000543,s9_p1
1779333976.0,9,2,0.030280,s9_p2
1779333976.0,9,3,0.989815,s9_p3
1779333976.0,2,1,0.002443,s2_p1
1779333976.0,2,4,0.000000,s2_p4
1779333976.0,2,2,0.078525,s2_p2
1779333976.0,2,3,0.109216,s2_p3
1779333976.0,17,1,0.154039,s17_p1
1779333976.0,17,4,0.913265,s17_p4
1779333976.0,17,2,0.861818,s17_p2
1779333976.0,17,3,1.000000,s17_p3
1779333976.0,11,4,0.000000,s11_p4
1779333976.0,11,1,0.010606,s11_p1
1779333976.0,11,2,0.161759,s11_p2
1779333976.0,11,3,0.004072,s11_p3
1779333976.0,16,1,0.000316,s16_p1
1779333976.0,16,4,0.651686,s16_p4
1779333976.0,16,2,0.000316,s16_p2
1779333976.0,16,3,0.000000,s16_p3
1779333976.0,6,1,0.128068,s6_p1
1779333976.0,6,4,0.000000,s6_p4
1779333976.0,6,2,0.072491,s6_p2
1779333976.0,6,3,0.000000,s6_p3
1779333976.0,1,4,0.050725,s1_p4
1779333976.0,1,1,0.000000,s1_p1
1779333976.0,1,2,0.000000,s1_p2
1779333976.0,1,3,0.082126,s1_p3
1779333976.0,3,4,0.000000,s3_p4
1779333976.0,3,1,0.000000,s3_p1
1779333976.0,3,2,0.062796,s3_p2
1779333976.0,3,3,0.000000,s3_p3
1779333976.0,14,1,0.101433,s14_p1
1779333976.0,14,4,0.000000,s14_p4
1779333976.0,14,2,0.000000,s14_p2
1779333976.0,14,3,0.000000,s14_p3
1779333976.0,10,4,0.000000,s10_p4
1779333976.0,10,1,0.000000,s10_p1
1779333976.0,10,2,0.050734,s10_p2
1779333976.0,10,3,0.000000,s10_p3
1779333976.0,15,4,0.000000,s15_p4
1779333976.0,15,1,0.094194,s15_p1
1779333976.0,15,2,0.000000,s15_p2
1779333976.0,15,3,0.833258,s15_p3
1779333976.0,8,4,0.101403,s8_p4
1779333976.0,8,1,0.000000,s8_p1
1779333976.0,8,2,0.000000,s8_p2
1779333976.0,8,3,0.166590,s8_p3
1779333976.0,13,4,0.000000,s13_p4
1779333976.0,13,1,0.000000,s13_p1
1779333976.0,13,2,0.200315,s13_p2
1779333976.0,13,3,1.000000,s13_p3
1779333976.0,7,1,0.000000,s7_p1
1779333976.0,7,4,0.028961,s7_p4
1779333976.0,7,2,0.094123,s7_p2
1779333976.0,7,3,0.000000,s7_p3
1779333976.0,20,1,0.000000,s20_p1
1779333976.0,20,4,0.000000,s20_p4
1779333976.0,20,2,0.144953,s20_p2
1779333976.0,20,3,0.507335,s20_p3
1779333976.0,4,4,0.000000,s4_p4
1779333976.0,4,1,0.028985,s4_p1
1779333976.0,4,2,0.200480,s4_p2
1779333976.0,4,3,0.000000,s4_p3
1779333976.0,5,4,0.000000,s5_p4
1779333976.0,5,1,0.101460,s5_p1
1779333976.0,5,2,0.000000,s5_p2
1779333976.0,5,3,0.169100,s5_p3
1779333976.0,18,1,0.000000,s18_p1
1779333976.0,18,4,0.000000,s18_p4
1779333976.0,18,2,0.000000,s18_p2
1779333976.0,18,3,0.000000,s18_p3
1779333976.0,12,4,0.000000,s12_p4
1779333976.0,12,1,0.000000,s12_p1
1779333976.0,12,2,0.028975,s12_p2
1779333976.0,12,3,0.000000,s12_p3
1779333976.0,17,1,0.000000,s17_p1
1779333976.0,17,4,0.470971,s17_p4
1779333976.0,17,2,1.000000,s17_p2
1779333976.0,17,3,1.000000,s17_p3
1779333976.0,2,1,0.000000,s2_p1
1779333976.0,2,4,0.000000,s2_p4
1779333976.0,2,2,0.050707,s2_p2
1779333976.0,2,3,0.091755,s2_p3
1779333976.0,16,1,0.000000,s16_p1
1779333976.0,16,4,0.663871,s16_p4
1779333976.0,16,2,0.000000,s16_p2
1779333976.0,16,3,0.000000,s16_p3
1779333976.0,11,4,0.000000,s11_p4
1779333976.0,11,1,0.000000,s11_p1
1779333976.0,11,2,0.200339,s11_p2
1779333976.0,11,3,0.000000,s11_p3
1779333976.0,9,4,0.000000,s9_p4
1779333976.0,9,1,0.000000,s9_p1
1779333976.0,9,2,0.000000,s9_p2
1779333976.0,9,3,1.000000,s9_p3
1779333976.0,19,1,0.000000,s19_p1
1779333976.0,19,4,0.000000,s19_p4
1779333976.0,19,2,0.000000,s19_p2
1779333976.0,19,3,0.000000,s19_p3
1779333977.0,3,4,0.000000,s3_p4
1779333977.0,3,1,0.000000,s3_p1
1779333977.0,3,2,0.065131,s3_p2
1779333977.0,3,3,0.000000,s3_p3
1779333977.0,14,1,0.101295,s14_p1
1779333977.0,14,4,0.000000,s14_p4
1779333977.0,14,2,0.000000,s14_p2
1779333977.0,14,3,0.000000,s14_p3
1779333977.0,6,1,0.139789,s6_p1
1779333977.0,6,4,0.000000,s6_p4
1779333977.0,6,2,0.060254,s6_p2
1779333977.0,6,3,0.000000,s6_p3
1779333977.0,1,4,0.050636,s1_p4
1779333977.0,1,1,0.000000,s1_p1
1779333977.0,1,2,0.000000,s1_p2
1779333977.0,1,3,0.081982,s1_p3
1779333977.0,8,4,0.101294,s8_p4
1779333977.0,8,1,0.000000,s8_p1
1779333977.0,8,2,0.000000,s8_p2
1779333977.0,8,3,0.166412,s8_p3
1779333977.0,15,4,0.000000,s15_p4
1779333977.0,15,1,0.089154,s15_p1
1779333977.0,15,2,0.000000,s15_p2
1779333977.0,15,3,0.831301,s15_p3
1779333977.0,20,1,0.000000,s20_p1
1779333977.0,20,4,0.000000,s20_p4
1779333977.0,20,2,0.132686,s20_p2
1779333977.0,20,3,0.506620,s20_p3
1779333977.0,13,4,0.000000,s13_p4
1779333977.0,13,1,0.000000,s13_p1
1779333977.0,13,2,0.200148,s13_p2
1779333977.0,13,3,0.880170,s13_p3
1779333977.0,7,1,0.000000,s7_p1
1779333977.0,7,4,0.026526,s7_p4
1779333977.0,7,2,0.089223,s7_p2
1779333977.0,7,3,0.000000,s7_p3
1779333977.0,10,4,0.000000,s10_p4
1779333977.0,10,1,0.000000,s10_p1
1779333977.0,10,2,0.050584,s10_p2
1779333977.0,10,3,0.000000,s10_p3
1779333977.0,5,4,0.000000,s5_p4
1779333977.0,5,1,0.101318,s5_p1
1779333977.0,5,2,0.000000,s5_p2
1779333977.0,5,3,0.168864,s5_p3
1779333977.0,4,4,0.000000,s4_p4
1779333977.0,4,1,0.026534,s4_p1
1779333977.0,4,2,0.176090,s4_p2
1779333977.0,4,3,0.000000,s4_p3
1779333977.0,11,4,0.000000,s11_p4
1779333977.0,11,1,0.000000,s11_p1
1779333977.0,11,2,0.176187,s11_p2
1779333977.0,11,3,0.000000,s11_p3
1779333977.0,12,4,0.000000,s12_p4
1779333977.0,12,1,0.000000,s12_p1
1779333977.0,12,2,0.026518,s12_p2
1779333977.0,12,3,0.000000,s12_p3
1779333977.0,2,1,0.000000,s2_p1
1779333977.0,2,4,0.000000,s2_p4
1779333977.0,2,2,0.050652,s2_p2
1779333977.0,2,3,0.089244,s2_p3
1779333977.0,18,1,0.000000,s18_p1
1779333977.0,18,4,0.000000,s18_p4
1779333977.0,18,2,0.000000,s18_p2
1779333977.0,18,3,0.000000,s18_p3
1779333977.0,17,1,0.000000,s17_p1
1779333977.0,17,4,0.446121,s17_p4
1779333977.0,17,2,0.880184,s17_p2
1779333977.0,17,3,1.000000,s17_p3
1779333977.0,9,4,0.000000,s9_p4
1779333977.0,9,1,0.000000,s9_p1
1779333977.0,9,2,0.000000,s9_p2
1779333977.0,9,3,0.928986,s9_p3
1779333977.0,16,1,0.000000,s16_p1
1779333977.0,16,4,0.627272,s16_p4
1779333977.0,16,2,0.000000,s16_p2
1779333977.0,16,3,0.000000,s16_p3
1779333977.0,19,1,0.000000,s19_p1
1779333977.0,19,4,0.000000,s19_p4
1779333977.0,19,2,0.000000,s19_p2
1779333977.0,19,3,0.000000,s19_p3
1779333977.0,19,1,0.000000,s19_p1
1779333977.0,19,4,0.000000,s19_p4
1779333977.0,19,2,0.000000,s19_p2
1779333977.0,19,3,0.000000,s19_p3
1779333977.0,1,4,0.050766,s1_p4
1779333977.0,1,1,0.000000,s1_p1
1779333977.0,1,2,0.000000,s1_p2
1779333977.0,1,3,0.084610,s1_p3
1779333977.0,3,4,0.000000,s3_p4
1779333977.0,3,1,0.000000,s3_p1
1779333977.0,3,2,0.062828,s3_p2
1779333977.0,3,3,0.000000,s3_p3
1779333977.0,6,1,0.137774,s6_p1
1779333977.0,6,4,0.000000,s6_p4
1779333977.0,6,2,0.060427,s6_p2
1779333977.0,6,3,0.000000,s6_p3
1779333977.0,14,1,0.101509,s14_p1
1779333977.0,14,4,0.000000,s14_p4
1779333977.0,14,2,0.000000,s14_p2
1779333977.0,14,3,0.000000,s14_p3
1779333977.0,13,4,0.000000,s13_p4
1779333977.0,13,1,0.000000,s13_p1
1779333977.0,13,2,0.200685,s13_p2
1779333977.0,13,3,0.846264,s13_p3
1779333977.0,7,1,0.000000,s7_p1
1779333977.0,7,4,0.029010,s7_p4
1779333977.0,7,2,0.084614,s7_p2
1779333977.0,7,3,0.000000,s7_p3
1779333977.0,8,4,0.101505,s8_p4
1779333977.0,8,1,0.000000,s8_p1
1779333977.0,8,2,0.000000,s8_p2
1779333977.0,8,3,0.166758,s8_p3
1779333977.0,10,4,0.000000,s10_p4
1779333977.0,10,1,0.000000,s10_p1
1779333977.0,10,2,0.050766,s10_p2
1779333977.0,10,3,0.000000,s10_p3
1779333977.0,11,4,0.000000,s11_p4
1779333977.0,11,1,0.000000,s11_p1
1779333977.0,11,2,0.169240,s11_p2
1779333977.0,11,3,0.000000,s11_p3
1779333977.0,18,1,0.000000,s18_p1
1779333977.0,18,4,0.000000,s18_p4
1779333977.0,18,2,0.000000,s18_p2
1779333977.0,18,3,0.000000,s18_p3
1779333977.0,2,1,0.000000,s2_p1
1779333977.0,2,4,0.000000,s2_p4
1779333977.0,2,2,0.050773,s2_p2
1779333977.0,2,3,0.091875,s2_p3
1779333977.0,4,4,0.000000,s4_p4
1779333977.0,4,1,0.028982,s4_p1
1779333977.0,4,2,0.169062,s4_p2
1779333977.0,4,3,0.000000,s4_p3
1779333977.0,5,4,0.000000,s5_p4
1779333977.0,5,1,0.101429,s5_p1
1779333977.0,5,2,0.000000,s5_p2
1779333977.0,5,3,0.169048,s5_p3
1779333977.0,17,1,0.000000,s17_p1
1779333977.0,17,4,0.423078,s17_p4
1779333977.0,17,2,0.846156,s17_p2
1779333977.0,17,3,1.000000,s17_p3
1779333977.0,12,4,0.000000,s12_p4
1779333977.0,12,1,0.000000,s12_p1
1779333977.0,12,2,0.029007,s12_p2
1779333977.0,12,3,0.000000,s12_p3
1779333977.0,16,1,0.000000,s16_p1
1779333977.0,16,4,0.652791,s16_p4
1779333977.0,16,2,0.000000,s16_p2
1779333977.0,16,3,0.000000,s16_p3
1779333977.0,15,4,0.000000,s15_p4
1779333977.0,15,1,0.084496,s15_p1
1779333977.0,15,2,0.000000,s15_p2
1779333977.0,15,3,0.832889,s15_p3
1779333977.0,20,1,0.000000,s20_p1
1779333977.0,20,4,0.000000,s20_p4
1779333977.0,20,2,0.144855,s20_p2
1779333977.0,20,3,0.506992,s20_p3
1779333977.0,9,4,0.000000,s9_p4
1779333977.0,9,1,0.000000,s9_p1
1779333977.0,9,2,0.000000,s9_p2
1779333977.0,9,3,0.882259,s9_p3
1779333978.0,19,1,0.000000,s19_p1
1779333978.0,19,4,0.000000,s19_p4
1779333978.0,19,2,0.000000,s19_p2
1779333978.0,19,3,0.000000,s19_p3
1779333978.0,6,1,0.132761,s6_p1
1779333978.0,6,4,0.000000,s6_p4
1779333978.0,6,2,0.067587,s6_p2
1779333978.0,6,3,0.000000,s6_p3
1779333978.0,14,1,0.101348,s14_p1
1779333978.0,14,4,0.000000,s14_p4
1779333978.0,14,2,0.000000,s14_p2
1779333978.0,14,3,0.000000,s14_p3
1779333978.0,3,4,0.000000,s3_p4
1779333978.0,3,1,0.000000,s3_p1
1779333978.0,3,2,0.062732,s3_p2
1779333978.0,3,3,0.000000,s3_p3
1779333978.0,1,4,0.050663,s1_p4
1779333978.0,1,1,0.000000,s1_p1
1779333978.0,1,2,0.000000,s1_p2
1779333978.0,1,3,0.082025,s1_p3
1779333978.0,13,4,0.000000,s13_p4
1779333978.0,13,1,0.000000,s13_p1
1779333978.0,13,2,0.197965,s13_p2
1779333978.0,13,3,0.857042,s13_p3
1779333978.0,8,4,0.101412,s8_p4
1779333978.0,8,1,0.000000,s8_p1
1779333978.0,8,2,0.000000,s8_p2
1779333978.0,8,3,0.166606,s8_p3
1779333978.0,10,4,0.000000,s10_p4
1779333978.0,10,1,0.000000,s10_p1
1779333978.0,10,2,0.050704,s10_p2
1779333978.0,10,3,0.000000,s10_p3
1779333978.0,15,4,0.000000,s15_p4
1779333978.0,15,1,0.082185,s15_p1
1779333978.0,15,2,0.000000,s15_p2
1779333978.0,15,3,0.833933,s15_p3
1779333978.0,12,4,0.000000,s12_p4
1779333978.0,12,1,0.000000,s12_p1
1779333978.0,12,2,0.026576,s12_p2
1779333978.0,12,3,0.000000,s12_p3
1779333978.0,18,1,0.000000,s18_p1
1779333978.0,18,4,0.000000,s18_p4
1779333978.0,18,2,0.000000,s18_p2
1779333978.0,18,3,0.000000,s18_p3
1779333978.0,20,1,0.000000,s20_p1
1779333978.0,20,4,0.000000,s20_p4
1779333978.0,20,2,0.132873,s20_p2
1779333978.0,20,3,0.507335,s20_p3
1779333978.0,7,1,0.000000,s7_p1
1779333978.0,7,4,0.026541,s7_p4
1779333978.0,7,2,0.082035,s7_p2
1779333978.0,7,3,0.000000,s7_p3
1779333978.0,4,4,0.000000,s4_p4
1779333978.0,4,1,0.026568,s4_p1
1779333978.0,4,2,0.171482,s4_p2
1779333978.0,4,3,0.000000,s4_p3
1779333978.0,9,4,0.000000,s9_p4
1779333978.0,9,1,0.000000,s9_p1
1779333978.0,9,2,0.000000,s9_p2
1779333978.0,9,3,0.857359,s9_p3
1779333978.0,5,4,0.000000,s5_p4
1779333978.0,5,1,0.101399,s5_p1
1779333978.0,5,2,0.000000,s5_p2
1779333978.0,5,3,0.171413,s5_p3
1779333978.0,16,1,0.000000,s16_p1
1779333978.0,16,4,0.639812,s16_p4
1779333978.0,16,2,0.000000,s16_p2
1779333978.0,16,3,0.000000,s16_p3
1779333978.0,2,1,0.000000,s2_p1
1779333978.0,2,4,0.000000,s2_p4
1779333978.0,2,2,0.050691,s2_p2
1779333978.0,2,3,0.089313,s2_p3
1779333978.0,17,1,0.000000,s17_p1
1779333978.0,17,4,0.410394,s17_p4
1779333978.0,17,2,0.857000,s17_p2
1779333978.0,17,3,1.000000,s17_p3
1779333978.0,11,4,0.000000,s11_p4
1779333978.0,11,1,0.000000,s11_p1
1779333978.0,11,2,0.171349,s11_p2
1779333978.0,11,3,0.000000,s11_p3
1779333978.0,3,4,0.000000,s3_p4
1779333978.0,3,1,0.000000,s3_p1
1779333978.0,3,2,0.065215,s3_p2
1779333978.0,3,3,0.000000,s3_p3
1779333978.0,19,1,0.000000,s19_p1
1779333978.0,19,4,0.000000,s19_p4
1779333978.0,19,2,0.000000,s19_p2
1779333978.0,19,3,0.000000,s19_p3
1779333978.0,8,4,0.101443,s8_p4
1779333978.0,8,1,0.000000,s8_p1
1779333978.0,8,2,0.000000,s8_p2
1779333978.0,8,3,0.164241,s8_p3
1779333978.0,1,4,0.050697,s1_p4
1779333978.0,1,1,0.000000,s1_p1
1779333978.0,1,2,0.000000,s1_p2
1779333978.0,1,3,0.084495,s1_p3
1779333978.0,6,1,0.130301,s6_p1
1779333978.0,6,4,0.000000,s6_p4
1779333978.0,6,2,0.069976,s6_p2
1779333978.0,6,3,0.000000,s6_p3
1779333978.0,7,1,0.000000,s7_p1
1779333978.0,7,4,0.028987,s7_p4
1779333978.0,7,2,0.084546,s7_p2
1779333978.0,7,3,0.000000,s7_p3
1779333978.0,18,1,0.000000,s18_p1
1779333978.0,18,4,0.000000,s18_p4
1779333978.0,18,2,0.000000,s18_p2
1779333978.0,18,3,0.000000,s18_p3
1779333978.0,10,4,0.000000,s10_p4
1779333978.0,10,1,0.000000,s10_p1
1779333978.0,10,2,0.050690,s10_p2
1779333978.0,10,3,0.000000,s10_p3
1779333978.0,12,4,0.000000,s12_p4
1779333978.0,12,1,0.000000,s12_p1
1779333978.0,12,2,0.028979,s12_p2
1779333978.0,12,3,0.000000,s12_p3
1779333978.0,4,4,0.000000,s4_p4
1779333978.0,4,1,0.028984,s4_p1
1779333978.0,4,2,0.169073,s4_p2
1779333978.0,4,3,0.000000,s4_p3
1779333978.0,15,4,0.000000,s15_p4
1779333978.0,15,1,0.084482,s15_p1
1779333978.0,15,2,0.000000,s15_p2
1779333978.0,15,3,0.820680,s15_p3
1779333978.0,2,1,0.000000,s2_p1
1779333978.0,2,4,0.000000,s2_p4
1779333978.0,2,2,0.050726,s2_p2
1779333978.0,2,3,0.091789,s2_p3
1779333978.0,11,4,0.000000,s11_p4
1779333978.0,11,1,0.000000,s11_p1
1779333978.0,11,2,0.169090,s11_p2
1779333978.0,11,3,0.000000,s11_p3
1779333978.0,17,1,0.000000,s17_p1
1779333978.0,17,4,0.422691,s17_p4
1779333978.0,17,2,0.845382,s17_p2
1779333978.0,17,3,0.990304,s17_p3
1779333978.0,20,1,0.000000,s20_p1
1779333978.0,20,4,0.000000,s20_p4
1779333978.0,20,2,0.144824,s20_p2
1779333978.0,20,3,0.506883,s20_p3
1779333978.0,5,4,0.000000,s5_p4
1779333978.0,5,1,0.101425,s5_p1
1779333978.0,5,2,0.000000,s5_p2
1779333978.0,5,3,0.169041,s5_p3
1779333978.0,13,4,0.000000,s13_p4
1779333978.0,13,1,0.000000,s13_p1
1779333978.0,13,2,0.200174,s13_p2
1779333978.0,13,3,0.844109,s13_p3
1779333978.0,16,1,0.000000,s16_p1
1779333978.0,16,4,0.652001,s16_p4
1779333978.0,16,2,0.000000,s16_p2
1779333978.0,16,3,0.000000,s16_p3
1779333978.0,9,4,0.000000,s9_p4
1779333978.0,9,1,0.000000,s9_p1
1779333978.0,9,2,0.000000,s9_p2
1779333978.0,9,3,0.881144,s9_p3
1779333978.0,14,1,0.101217,s14_p1
1779333978.0,14,4,0.000000,s14_p4
1779333978.0,14,2,0.000000,s14_p2
1779333978.0,14,3,0.000000,s14_p3
1779333979.0,6,1,0.127915,s6_p1
1779333979.0,6,4,0.000000,s6_p4
1779333979.0,6,2,0.072405,s6_p2
1779333979.0,6,3,0.000000,s6_p3
1779333979.0,1,4,0.050674,s1_p4
1779333979.0,1,1,0.000000,s1_p1
1779333979.0,1,2,0.000000,s1_p2
1779333979.0,1,3,0.082044,s1_p3
1779333979.0,19,1,0.000000,s19_p1
1779333979.0,19,4,0.000000,s19_p4
1779333979.0,19,2,0.000000,s19_p2
1779333979.0,19,3,0.000000,s19_p3
1779333979.0,14,1,0.101424,s14_p1
1779333979.0,14,4,0.000000,s14_p4
1779333979.0,14,2,0.000000,s14_p2
1779333979.0,14,3,0.000000,s14_p3
1779333979.0,15,4,0.000000,s15_p4
1779333979.0,15,1,0.082006,s15_p1
1779333979.0,15,2,0.000000,s15_p2
1779333979.0,15,3,0.832117,s15_p3
1779333979.0,13,4,0.000000,s13_p4
1779333979.0,13,1,0.000000,s13_p1
1779333979.0,13,2,0.200312,s13_p2
1779333979.0,13,3,0.844688,s13_p3
1779333979.0,12,4,0.000000,s12_p4
1779333979.0,12,1,0.000000,s12_p1
1779333979.0,12,2,0.028939,s12_p2
1779333979.0,12,3,0.000000,s12_p3
1779333979.0,20,1,0.000000,s20_p1
1779333979.0,20,4,0.000000,s20_p4
1779333979.0,20,2,0.144781,s20_p2
1779333979.0,20,3,0.506733,s20_p3
1779333979.0,8,4,0.101205,s8_p4
1779333979.0,8,1,0.000000,s8_p1
1779333979.0,8,2,0.000000,s8_p2
1779333979.0,8,3,0.166266,s8_p3
1779333979.0,10,4,0.000000,s10_p4
1779333979.0,10,1,0.000000,s10_p1
1779333979.0,10,2,0.050635,s10_p2
1779333979.0,10,3,0.000000,s10_p3
1779333979.0,7,1,0.000000,s7_p1
1779333979.0,7,4,0.028930,s7_p4
1779333979.0,7,2,0.081969,s7_p2
1779333979.0,7,3,0.000000,s7_p3
1779333979.0,3,4,0.000000,s3_p4
1779333979.0,3,1,0.000000,s3_p1
1779333979.0,3,2,0.062612,s3_p2
1779333979.0,3,3,0.000000,s3_p3
1779333979.0,5,4,0.000000,s5_p4
1779333979.0,5,1,0.101327,s5_p1
1779333979.0,5,2,0.000000,s5_p2
1779333979.0,5,3,0.168879,s5_p3
1779333979.0,18,1,0.000000,s18_p1
1779333979.0,18,4,0.000000,s18_p4
1779333979.0,18,2,0.000000,s18_p2
1779333979.0,18,3,0.000000,s18_p3
1779333979.0,17,1,0.000000,s17_p1
1779333979.0,17,4,0.409716,s17_p4
1779333979.0,17,2,0.843532,s17_p2
1779333979.0,17,3,1.000000,s17_p3
1779333979.0,9,4,0.000000,s9_p4
1779333979.0,9,1,0.000000,s9_p1
1779333979.0,9,2,0.000000,s9_p2
1779333979.0,9,3,0.855865,s9_p3
1779333979.0,11,4,0.000000,s11_p4
1779333979.0,11,1,0.000000,s11_p1
1779333979.0,11,2,0.168691,s11_p2
1779333979.0,11,3,0.000000,s11_p3
1779333979.0,4,4,0.000000,s4_p4
1779333979.0,4,1,0.028902,s4_p1
1779333979.0,4,2,0.168593,s4_p2
1779333979.0,4,3,0.000000,s4_p3
1779333979.0,16,1,0.000000,s16_p1
1779333979.0,16,4,0.650725,s16_p4
1779333979.0,16,2,0.000000,s16_p2
1779333979.0,16,3,0.000000,s16_p3
1779333979.0,2,1,0.000000,s2_p1
1779333979.0,2,4,0.000000,s2_p4
1779333979.0,2,2,0.050599,s2_p2
1779333979.0,2,3,0.089150,s2_p3
1779333979.0,6,1,0.130470,s6_p1
1779333979.0,6,4,0.000000,s6_p4
1779333979.0,6,2,0.070067,s6_p2
1779333979.0,6,3,0.000000,s6_p3
1779333979.0,1,4,0.050724,s1_p4
1779333979.0,1,1,0.000000,s1_p1
1779333979.0,1,2,0.000000,s1_p2
1779333979.0,1,3,0.082124,s1_p3
1779333979.0,14,1,0.101523,s14_p1
1779333979.0,14,4,0.000000,s14_p4
1779333979.0,14,2,0.000000,s14_p2
1779333979.0,14,3,0.000000,s14_p3
1779333979.0,19,1,0.000000,s19_p1
1779333979.0,19,4,0.000000,s19_p4
1779333979.0,19,2,0.000000,s19_p2
1779333979.0,19,3,0.000000,s19_p3
1779333979.0,15,4,0.000000,s15_p4
1779333979.0,15,1,0.082162,s15_p1
1779333979.0,15,2,0.000000,s15_p2
1779333979.0,15,3,0.833702,s15_p3
1779333979.0,7,1,0.000000,s7_p1
1779333979.0,7,4,0.026588,s7_p4
1779333979.0,7,2,0.082181,s7_p2
1779333979.0,7,3,0.000000,s7_p3
1779333979.0,8,4,0.101506,s8_p4
1779333979.0,8,1,0.000000,s8_p1
1779333979.0,8,2,0.000000,s8_p2
1779333979.0,8,3,0.166760,s8_p3
1779333979.0,18,1,0.000000,s18_p1
1779333979.0,18,4,0.000000,s18_p4
1779333979.0,18,2,0.000000,s18_p2
1779333979.0,18,3,0.000000,s18_p3
1779333979.0,3,4,0.000000,s3_p4
1779333979.0,3,1,0.000000,s3_p1
1779333979.0,3,2,0.062787,s3_p2
1779333979.0,3,3,0.000000,s3_p3
1779333979.0,12,4,0.000000,s12_p4
1779333979.0,12,1,0.000000,s12_p1
1779333979.0,12,2,0.026557,s12_p2
1779333979.0,12,3,0.000000,s12_p3
1779333979.0,5,4,0.000000,s5_p4
1779333979.0,5,1,0.101425,s5_p1
1779333979.0,5,2,0.000000,s5_p2
1779333979.0,5,3,0.169041,s5_p3
1779333979.0,13,4,0.000000,s13_p4
1779333979.0,13,1,0.000000,s13_p1
1779333979.0,13,2,0.200366,s13_p2
1779333979.0,13,3,0.844918,s13_p3
1779333979.0,20,1,0.000000,s20_p1
1779333979.0,20,4,0.000000,s20_p4
1779333979.0,20,2,0.132780,s20_p2
1779333979.0,20,3,0.506976,s20_p3
1779333979.0,10,4,0.000000,s10_p4
1779333979.0,10,1,0.000000,s10_p1
1779333979.0,10,2,0.050702,s10_p2
1779333979.0,10,3,0.000000,s10_p3
1779333979.0,4,4,0.000000,s4_p4
1779333979.0,4,1,0.026577,s4_p1
1779333979.0,4,2,0.169124,s4_p2
1779333979.0,4,3,0.000000,s4_p3
1779333979.0,2,1,0.000000,s2_p1
1779333979.0,2,4,0.000000,s2_p4
1779333979.0,2,2,0.050737,s2_p2
1779333979.0,2,3,0.091810,s2_p3
1779333979.0,11,4,0.000000,s11_p4
1779333979.0,11,1,0.000000,s11_p1
1779333979.0,11,2,0.169098,s11_p2
1779333979.0,11,3,0.000000,s11_p3
1779333979.0,17,1,0.000000,s17_p1
1779333979.0,17,4,0.410633,s17_p4
1779333979.0,17,2,0.845421,s17_p2
1779333979.0,17,3,1.000000,s17_p3
1779333979.0,9,4,0.000000,s9_p4
1779333979.0,9,1,0.000000,s9_p1
1779333979.0,9,2,0.000000,s9_p2
1779333979.0,9,3,0.869587,s9_p3
1779333979.0,16,1,0.000000,s16_p1
1779333979.0,16,4,0.640174,s16_p4
1779333979.0,16,2,0.000000,s16_p2
1779333979.0,16,3,0.000000,s16_p3
1779333980.0,6,1,0.130520,s6_p1
1779333980.0,6,4,0.000000,s6_p4
1779333980.0,6,2,0.070094,s6_p2
1779333980.0,6,3,0.000000,s6_p3
1779333980.0,1,4,0.050754,s1_p4
1779333980.0,1,1,0.000000,s1_p1
1779333980.0,1,2,0.000000,s1_p2
1779333980.0,1,3,0.084589,s1_p3
1779333980.0,10,4,0.000000,s10_p4
1779333980.0,10,1,0.000000,s10_p1
1779333980.0,10,2,0.050843,s10_p2
1779333980.0,10,3,0.000000,s10_p3
1779333980.0,14,1,0.101512,s14_p1
1779333980.0,14,4,0.000000,s14_p4
1779333980.0,14,2,0.000000,s14_p2
1779333980.0,14,3,0.000000,s14_p3
1779333980.0,8,4,0.101539,s8_p4
1779333980.0,8,1,0.000000,s8_p1
1779333980.0,8,2,0.000000,s8_p2
1779333980.0,8,3,0.166814,s8_p3
1779333980.0,15,4,0.000000,s15_p4
1779333980.0,15,1,0.084603,s15_p1
1779333980.0,15,2,0.000000,s15_p2
1779333980.0,15,3,0.833943,s15_p3
1779333980.0,7,1,0.000000,s7_p1
1779333980.0,7,4,0.029007,s7_p4
1779333980.0,7,2,0.084604,s7_p2
1779333980.0,7,3,0.000000,s7_p3
1779333980.0,12,4,0.000000,s12_p4
1779333980.0,12,1,0.000000,s12_p1
1779333980.0,12,2,0.029018,s12_p2
1779333980.0,12,3,0.000000,s12_p3
1779333980.0,3,4,0.000000,s3_p4
1779333980.0,3,1,0.000000,s3_p1
1779333980.0,3,2,0.065280,s3_p2
1779333980.0,3,3,0.000000,s3_p3
1779333980.0,20,1,0.000000,s20_p1
1779333980.0,20,4,0.000000,s20_p4
1779333980.0,20,2,0.145077,s20_p2
1779333980.0,20,3,0.507770,s20_p3
1779333980.0,13,4,0.000000,s13_p4
1779333980.0,13,1,0.000000,s13_p1
1779333980.0,13,2,0.200681,s13_p2
1779333980.0,13,3,0.846247,s13_p3
1779333980.0,5,4,0.000000,s5_p4
1779333980.0,5,1,0.101545,s5_p1
1779333980.0,5,2,0.000000,s5_p2
1779333980.0,5,3,0.169242,s5_p3
1779333980.0,4,4,0.000000,s4_p4
1779333980.0,4,1,0.029028,s4_p1
1779333980.0,4,2,0.169329,s4_p2
1779333980.0,4,3,0.000000,s4_p3
1779333980.0,18,1,0.000000,s18_p1
1779333980.0,18,4,0.000000,s18_p4
1779333980.0,18,2,0.000000,s18_p2
1779333980.0,18,3,0.000000,s18_p3
1779333980.0,9,4,0.000000,s9_p4
1779333980.0,9,1,0.000000,s9_p1
1779333980.0,9,2,0.000000,s9_p2
1779333980.0,9,3,0.870614,s9_p3
1779333980.0,17,1,0.000000,s17_p1
1779333980.0,17,4,0.423183,s17_p4
1779333980.0,17,2,0.846365,s17_p2
1779333980.0,17,3,1.000000,s17_p3
1779333980.0,2,1,0.000000,s2_p1
1779333980.0,2,4,0.000000,s2_p4
1779333980.0,2,2,0.050778,s2_p2
1779333980.0,2,3,0.089465,s2_p3
1779333980.0,11,4,0.000000,s11_p4
1779333980.0,11,1,0.000000,s11_p1
1779333980.0,11,2,0.169260,s11_p2
1779333980.0,11,3,0.000000,s11_p3
1779333980.0,16,1,0.000000,s16_p1
1779333980.0,16,4,0.652878,s16_p4
1779333980.0,16,2,0.000000,s16_p2
1779333980.0,16,3,0.000000,s16_p3
1779333980.0,19,1,0.000000,s19_p1
1779333980.0,19,4,0.000000,s19_p4
1779333980.0,19,2,0.000000,s19_p2
1779333980.0,19,3,0.000000,s19_p3
1779333980.0,6,1,0.130465,s6_p1
1779333980.0,6,4,0.000000,s6_p4
1779333980.0,6,2,0.067648,s6_p2
1779333980.0,6,3,0.000000,s6_p3
1779333980.0,13,4,0.000000,s13_p4
1779333980.0,13,1,0.000000,s13_p1
1779333980.0,13,2,0.198394,s13_p2
1779333980.0,13,3,0.846805,s13_p3
1779333980.0,10,4,0.000000,s10_p4
1779333980.0,10,1,0.000000,s10_p1
1779333980.0,10,2,0.050739,s10_p2
1779333980.0,10,3,0.000000,s10_p3
1779333980.0,1,4,0.050733,s1_p4
1779333980.0,1,1,0.000000,s1_p1
1779333980.0,1,2,0.000000,s1_p2
1779333980.0,1,3,0.082140,s1_p3
1779333980.0,8,4,0.101483,s8_p4
1779333980.0,8,1,0.000000,s8_p1
1779333980.0,8,2,0.000000,s8_p2
1779333980.0,8,3,0.164306,s8_p3
1779333980.0,7,1,0.000000,s7_p1
1779333980.0,7,4,0.026580,s7_p4
1779333980.0,7,2,0.082156,s7_p2
1779333980.0,7,3,0.000000,s7_p3
1779333980.0,12,4,0.000000,s12_p4
1779333980.0,12,1,0.000000,s12_p1
1779333980.0,12,2,0.026580,s12_p2
1779333980.0,12,3,0.000000,s12_p3
1779333980.0,20,1,0.000000,s20_p1
1779333980.0,20,4,0.000000,s20_p4
1779333980.0,20,2,0.132913,s20_p2
1779333980.0,20,3,0.507487,s20_p3
1779333980.0,18,1,0.000000,s18_p1
1779333980.0,18,4,0.000000,s18_p4
1779333980.0,18,2,0.000000,s18_p2
1779333980.0,18,3,0.000000,s18_p3
1779333980.0,4,4,0.000000,s4_p4
1779333980.0,4,1,0.026582,s4_p1
1779333980.0,4,2,0.169160,s4_p2
1779333980.0,4,3,0.000000,s4_p3
1779333980.0,2,1,0.000000,s2_p1
1779333980.0,2,4,0.000000,s2_p4
1779333980.0,2,2,0.050770,s2_p2
1779333980.0,2,3,0.091870,s2_p3
1779333980.0,5,4,0.000000,s5_p4
1779333980.0,5,1,0.101486,s5_p1
1779333980.0,5,2,0.000000,s5_p2
1779333980.0,5,3,0.169144,s5_p3
1779333980.0,17,1,0.000000,s17_p1
1779333980.0,17,4,0.410970,s17_p4
1779333980.0,17,2,0.846114,s17_p2
1779333980.0,17,3,1.000000,s17_p3
1779333980.0,14,1,0.101310,s14_p1
1779333980.0,14,4,0.000000,s14_p4
1779333980.0,14,2,0.000000,s14_p2
1779333980.0,14,3,0.000000,s14_p3
1779333980.0,19,1,0.000000,s19_p1
1779333980.0,19,4,0.000000,s19_p4
1779333980.0,19,2,0.000000,s19_p2
1779333980.0,19,3,0.000000,s19_p3
1779333980.0,11,4,0.000000,s11_p4
1779333980.0,11,1,0.000000,s11_p1
1779333980.0,11,2,0.169142,s11_p2
1779333980.0,11,3,0.000000,s11_p3
1779333980.0,16,1,0.000000,s16_p1
1779333980.0,16,4,0.640336,s16_p4
1779333980.0,16,2,0.000000,s16_p2
1779333980.0,16,3,0.000000,s16_p3
1779333980.0,3,4,0.000000,s3_p4
1779333980.0,3,1,0.000000,s3_p1
1779333980.0,3,2,0.062782,s3_p2
1779333980.0,3,3,0.000000,s3_p3
1779333980.0,9,4,0.000000,s9_p4
1779333980.0,9,1,0.000000,s9_p1
1779333980.0,9,2,0.000000,s9_p2
1779333980.0,9,3,0.869710,s9_p3
1779333980.0,15,4,0.000000,s15_p4
1779333980.0,15,1,0.082024,s15_p1
1779333980.0,15,2,0.000000,s15_p2
1779333980.0,15,3,0.832301,s15_p3
1779333981.0,6,1,0.132887,s6_p1
1779333981.0,6,4,0.000000,s6_p4
1779333981.0,6,2,0.067651,s6_p2
1779333981.0,6,3,0.000000,s6_p3
1779333981.0,14,1,0.101642,s14_p1
1779333981.0,14,4,0.000000,s14_p4
1779333981.0,14,2,0.000000,s14_p2
1779333981.0,14,3,0.000000,s14_p3
1779333981.0,3,4,0.000000,s3_p4
1779333981.0,3,1,0.000000,s3_p1
1779333981.0,3,2,0.062925,s3_p2
1779333981.0,3,3,0.000000,s3_p3
1779333981.0,1,4,0.050729,s1_p4
1779333981.0,1,1,0.000000,s1_p1
1779333981.0,1,2,0.000000,s1_p2
1779333981.0,1,3,0.082132,s1_p3
1779333981.0,10,4,0.000000,s10_p4
1779333981.0,10,1,0.000000,s10_p1
1779333981.0,10,2,0.050726,s10_p2
1779333981.0,10,3,0.000000,s10_p3
1779333981.0,20,1,0.000000,s20_p1
1779333981.0,20,4,0.000000,s20_p4
1779333981.0,20,2,0.145017,s20_p2
1779333981.0,20,3,0.507561,s20_p3
1779333981.0,13,4,0.000000,s13_p4
1779333981.0,13,1,0.000000,s13_p1
1779333981.0,13,2,0.200362,s13_p2
1779333981.0,13,3,0.844901,s13_p3
1779333981.0,7,1,0.000000,s7_p1
1779333981.0,7,4,0.028981,s7_p4
1779333981.0,7,2,0.082112,s7_p2
1779333981.0,7,3,0.000000,s7_p3
1779333981.0,15,4,0.000000,s15_p4
1779333981.0,15,1,0.082238,s15_p1
1779333981.0,15,2,0.000000,s15_p2
1779333981.0,15,3,0.822380,s15_p3
1779333981.0,8,4,0.101414,s8_p4
1779333981.0,8,1,0.000000,s8_p1
1779333981.0,8,2,0.000000,s8_p2
1779333981.0,8,3,0.166608,s8_p3
1779333981.0,18,1,0.000000,s18_p1
1779333981.0,18,4,0.000000,s18_p4
1779333981.0,18,2,0.000000,s18_p2
1779333981.0,18,3,0.000000,s18_p3
1779333981.0,16,1,0.000000,s16_p1
1779333981.0,16,4,0.652513,s16_p4
1779333981.0,16,2,0.000000,s16_p2
1779333981.0,16,3,0.000000,s16_p3
1779333981.0,17,1,0.000000,s17_p1
1779333981.0,17,4,0.410599,s17_p4
1779333981.0,17,2,0.845350,s17_p2
1779333981.0,17,3,0.990267,s17_p3
1779333981.0,12,4,0.000000,s12_p4
1779333981.0,12,1,0.000000,s12_p1
1779333981.0,12,2,0.028976,s12_p2
1779333981.0,12,3,0.000000,s12_p3
1779333981.0,4,4,0.000000,s4_p4
1779333981.0,4,1,0.028980,s4_p1
1779333981.0,4,2,0.169049,s4_p2
1779333981.0,4,3,0.000000,s4_p3
1779333981.0,5,4,0.000000,s5_p4
1779333981.0,5,1,0.101430,s5_p1
1779333981.0,5,2,0.000000,s5_p2
1779333981.0,5,3,0.169050,s5_p3
1779333981.0,9,4,0.000000,s9_p4
1779333981.0,9,1,0.000000,s9_p1
1779333981.0,9,2,0.000000,s9_p2
1779333981.0,9,3,0.869666,s9_p3
1779333981.0,19,1,0.000000,s19_p1
1779333981.0,19,4,0.000000,s19_p4
1779333981.0,19,2,0.000000,s19_p2
1779333981.0,19,3,0.000000,s19_p3
1779333981.0,11,4,0.000000,s11_p4
1779333981.0,11,1,0.000000,s11_p1
1779333981.0,11,2,0.169072,s11_p2
1779333981.0,11,3,0.000000,s11_p3
1779333981.0,2,1,0.000000,s2_p1
1779333981.0,2,4,0.000000,s2_p4
1779333981.0,2,2,0.050691,s2_p2
1779333981.0,2,3,0.089313,s2_p3
1779333981.0,19,1,0.000000,s19_p1
1779333981.0,19,4,0.000000,s19_p4
1779333981.0,19,2,0.000000,s19_p2
1779333981.0,19,3,0.000000,s19_p3
1779333981.0,1,4,0.050745,s1_p4
1779333981.0,1,1,0.000000,s1_p1
1779333981.0,1,2,0.000000,s1_p2
1779333981.0,1,3,0.084575,s1_p3
1779333981.0,6,1,0.135202,s6_p1
1779333981.0,6,4,0.000000,s6_p4
1779333981.0,6,2,0.065187,s6_p2
1779333981.0,6,3,0.000000,s6_p3
1779333981.0,14,1,0.101444,s14_p1
1779333981.0,14,4,0.000000,s14_p4
1779333981.0,14,2,0.000000,s14_p2
1779333981.0,14,3,0.000000,s14_p3
1779333981.0,3,4,0.000000,s3_p4
1779333981.0,3,1,0.000000,s3_p1
1779333981.0,3,2,0.065208,s3_p2
1779333981.0,3,3,0.000000,s3_p3
1779333981.0,10,4,0.000000,s10_p4
1779333981.0,10,1,0.000000,s10_p1
1779333981.0,10,2,0.050675,s10_p2
1779333981.0,10,3,0.000000,s10_p3
1779333981.0,15,4,0.000000,s15_p4
1779333981.0,15,1,0.084503,s15_p1
1779333981.0,15,2,0.000000,s15_p2
1779333981.0,15,3,0.832960,s15_p3
1779333981.0,8,4,0.101337,s8_p4
1779333981.0,8,1,0.000000,s8_p1
1779333981.0,8,2,0.000000,s8_p2
1779333981.0,8,3,0.166482,s8_p3
1779333981.0,5,4,0.000000,s5_p4
1779333981.0,5,1,0.101404,s5_p1
1779333981.0,5,2,0.000000,s5_p2
1779333981.0,5,3,0.169006,s5_p3
1779333981.0,4,4,0.000000,s4_p4
1779333981.0,4,1,0.028970,s4_p1
1779333981.0,4,2,0.168993,s4_p2
1779333981.0,4,3,0.000000,s4_p3
1779333981.0,20,1,0.000000,s20_p1
1779333981.0,20,4,0.000000,s20_p4
1779333981.0,20,2,0.144716,s20_p2
1779333981.0,20,3,0.506505,s20_p3
1779333981.0,7,1,0.000000,s7_p1
1779333981.0,7,4,0.028946,s7_p4
1779333981.0,7,2,0.084425,s7_p2
1779333981.0,7,3,0.000000,s7_p3
1779333981.0,12,4,0.000000,s12_p4
1779333981.0,12,1,0.000000,s12_p1
1779333981.0,12,2,0.028967,s12_p2
1779333981.0,12,3,0.000000,s12_p3
1779333981.0,18,1,0.000000,s18_p1
1779333981.0,18,4,0.000000,s18_p4
1779333981.0,18,2,0.000000,s18_p2
1779333981.0,18,3,0.000000,s18_p3
1779333981.0,13,4,0.000000,s13_p4
1779333981.0,13,1,0.000000,s13_p1
1779333981.0,13,2,0.200178,s13_p2
1779333981.0,13,3,0.844126,s13_p3
1779333981.0,16,1,0.000000,s16_p1
1779333981.0,16,4,0.651429,s16_p4
1779333981.0,16,2,0.000000,s16_p2
1779333981.0,16,3,0.000000,s16_p3
1779333981.0,2,1,0.000000,s2_p1
1779333981.0,2,4,0.000000,s2_p4
1779333981.0,2,2,0.050693,s2_p2
1779333981.0,2,3,0.091730,s2_p3
1779333981.0,9,4,0.000000,s9_p4
1779333981.0,9,1,0.000000,s9_p1
1779333981.0,9,2,0.000000,s9_p2
1779333981.0,9,3,0.868889,s9_p3
1779333981.0,17,1,0.000000,s17_p1
1779333981.0,17,4,0.422178,s17_p4
1779333981.0,17,2,0.844356,s17_p2
1779333981.0,17,3,1.000000,s17_p3
1779333981.0,11,4,0.000000,s11_p4
1779333981.0,11,1,0.000000,s11_p1
1779333981.0,11,2,0.168952,s11_p2
1779333981.0,11,3,0.000000,s11_p3
1779333982.0,6,1,0.130329,s6_p1
1779333982.0,6,4,0.000000,s6_p4
1779333982.0,6,2,0.069991,s6_p2
1779333982.0,6,3,0.000000,s6_p3
1779333982.0,1,4,0.050668,s1_p4
1779333982.0,1,1,0.000000,s1_p1
1779333982.0,1,2,0.000000,s1_p2
1779333982.0,1,3,0.082034,s1_p3
1779333982.0,15,4,0.000000,s15_p4
1779333982.0,15,1,0.082068,s15_p1
1779333982.0,15,2,0.000000,s15_p2
1779333982.0,15,3,0.832753,s15_p3
1779333982.0,4,4,0.000000,s4_p4
1779333982.0,4,1,0.026571,s4_p1
1779333982.0,4,2,0.169091,s4_p2
1779333982.0,4,3,0.000000,s4_p3
1779333982.0,13,4,0.000000,s13_p4
1779333982.0,13,1,0.000000,s13_p1
1779333982.0,13,2,0.200517,s13_p2
1779333982.0,13,3,0.845552,s13_p3
1779333982.0,8,4,0.101438,s8_p4
1779333982.0,8,1,0.000000,s8_p1
1779333982.0,8,2,0.000000,s8_p2
1779333982.0,8,3,0.166648,s8_p3
1779333982.0,7,1,0.000000,s7_p1
1779333982.0,7,4,0.026570,s7_p4
1779333982.0,7,2,0.082126,s7_p2
1779333982.0,7,3,0.000000,s7_p3
1779333982.0,3,4,0.000000,s3_p4
1779333982.0,3,1,0.000000,s3_p1
1779333982.0,3,2,0.062681,s3_p2
1779333982.0,3,3,0.000000,s3_p3
1779333982.0,14,1,0.101230,s14_p1
1779333982.0,14,4,0.000000,s14_p4
1779333982.0,14,2,0.000000,s14_p2
1779333982.0,14,3,0.000000,s14_p3
1779333982.0,10,4,0.000000,s10_p4
1779333982.0,10,1,0.000000,s10_p1
1779333982.0,10,2,0.050670,s10_p2
1779333982.0,10,3,0.000000,s10_p3
1779333982.0,20,1,0.000000,s20_p1
1779333982.0,20,4,0.000000,s20_p4
1779333982.0,20,2,0.132828,s20_p2
1779333982.0,20,3,0.507160,s20_p3
1779333982.0,2,1,0.000000,s2_p1
1779333982.0,2,4,0.000000,s2_p4
1779333982.0,2,2,0.050716,s2_p2
1779333982.0,2,3,0.089357,s2_p3
1779333982.0,12,4,0.000000,s12_p4
1779333982.0,12,1,0.000000,s12_p1
1779333982.0,12,2,0.026550,s12_p2
1779333982.0,12,3,0.000000,s12_p3
1779333982.0,16,1,0.000000,s16_p1
1779333982.0,16,4,0.639881,s16_p4
1779333982.0,16,2,0.000000,s16_p2
1779333982.0,16,3,0.000000,s16_p3
1779333982.0,9,4,0.000000,s9_p4
1779333982.0,9,1,0.000000,s9_p1
1779333982.0,9,2,0.000000,s9_p2
1779333982.0,9,3,0.857262,s9_p3
1779333982.0,18,1,0.000000,s18_p1
1779333982.0,18,4,0.000000,s18_p4
1779333982.0,18,2,0.000000,s18_p2
1779333982.0,18,3,0.000000,s18_p3
1779333982.0,5,4,0.000000,s5_p4
1779333982.0,5,1,0.101352,s5_p1
1779333982.0,5,2,0.000000,s5_p2
1779333982.0,5,3,0.171333,s5_p3
1779333982.0,17,1,0.000000,s17_p1
1779333982.0,17,4,0.410495,s17_p4
1779333982.0,17,2,0.857210,s17_p2
1779333982.0,17,3,1.000000,s17_p3
1779333982.0,11,4,0.000000,s11_p4
1779333982.0,11,1,0.000000,s11_p1
1779333982.0,11,2,0.171442,s11_p2
1779333982.0,11,3,0.000000,s11_p3
1779333982.0,19,1,0.000000,s19_p1
1779333982.0,19,4,0.000000,s19_p4
1779333982.0,19,2,0.000000,s19_p2
1779333982.0,19,3,0.000000,s19_p3
1779333982.0,19,1,0.000000,s19_p1
1779333982.0,19,4,0.000000,s19_p4
1779333982.0,19,2,0.000000,s19_p2
1779333982.0,19,3,0.000000,s19_p3
1779333982.0,6,1,0.132698,s6_p1
1779333982.0,6,4,0.000000,s6_p4
1779333982.0,6,2,0.067555,s6_p2
1779333982.0,6,3,0.000000,s6_p3
1779333982.0,1,4,0.050673,s1_p4
1779333982.0,1,1,0.000000,s1_p1
1779333982.0,1,2,0.000000,s1_p2
1779333982.0,1,3,0.084455,s1_p3
1779333982.0,14,1,0.101478,s14_p1
1779333982.0,14,4,0.000000,s14_p4
1779333982.0,14,2,0.000000,s14_p2
1779333982.0,14,3,0.000000,s14_p3
1779333982.0,13,4,0.000000,s13_p4
1779333982.0,13,1,0.000000,s13_p1
1779333982.0,13,2,0.200415,s13_p2
1779333982.0,13,3,0.857195,s13_p3
1779333982.0,3,4,0.000000,s3_p4
1779333982.0,3,1,0.000000,s3_p1
1779333982.0,3,2,0.062781,s3_p2
1779333982.0,3,3,0.000000,s3_p3
1779333982.0,15,4,0.000000,s15_p4
1779333982.0,15,1,0.084493,s15_p1
1779333982.0,15,2,0.000000,s15_p2
1779333982.0,15,3,0.832864,s15_p3
1779333982.0,8,4,0.101404,s8_p4
1779333982.0,8,1,0.000000,s8_p1
1779333982.0,8,2,0.000000,s8_p2
1779333982.0,8,3,0.166593,s8_p3
1779333982.0,10,4,0.000000,s10_p4
1779333982.0,10,1,0.000000,s10_p1
1779333982.0,10,2,0.050708,s10_p2
1779333982.0,10,3,0.000000,s10_p3
1779333982.0,12,4,0.000000,s12_p4
1779333982.0,12,1,0.000000,s12_p1
1779333982.0,12,2,0.028985,s12_p2
1779333982.0,12,3,0.000000,s12_p3
1779333982.0,5,4,0.000000,s5_p4
1779333982.0,5,1,0.101451,s5_p1
1779333982.0,5,2,0.000000,s5_p2
1779333982.0,5,3,0.169085,s5_p3
1779333982.0,20,1,0.000000,s20_p1
1779333982.0,20,4,0.000000,s20_p4
1779333982.0,20,2,0.144819,s20_p2
1779333982.0,20,3,0.506867,s20_p3
1779333982.0,4,4,0.000000,s4_p4
1779333982.0,4,1,0.028956,s4_p1
1779333982.0,4,2,0.171324,s4_p2
1779333982.0,4,3,0.000000,s4_p3
1779333982.0,7,1,0.000000,s7_p1
1779333982.0,7,4,0.028958,s7_p4
1779333982.0,7,2,0.084461,s7_p2
1779333982.0,7,3,0.000000,s7_p3
1779333982.0,2,1,0.000000,s2_p1
1779333982.0,2,4,0.000000,s2_p4
1779333982.0,2,2,0.050700,s2_p2
1779333982.0,2,3,0.091743,s2_p3
1779333982.0,17,1,0.000000,s17_p1
1779333982.0,17,4,0.422575,s17_p4
1779333982.0,17,2,0.845150,s17_p2
1779333982.0,17,3,1.000000,s17_p3
1779333982.0,18,1,0.000000,s18_p1
1779333982.0,18,4,0.000000,s18_p4
1779333982.0,18,2,0.000000,s18_p2
1779333982.0,18,3,0.000000,s18_p3
1779333982.0,11,4,0.000000,s11_p4
1779333982.0,11,1,0.000000,s11_p1
1779333982.0,11,2,0.168994,s11_p2
1779333982.0,11,3,0.000000,s11_p3
1779333982.0,16,1,0.000000,s16_p1
1779333982.0,16,4,0.651689,s16_p4
1779333982.0,16,2,0.000000,s16_p2
1779333982.0,16,3,0.000000,s16_p3
1779333982.0,9,4,0.000000,s9_p4
1779333982.0,9,1,0.000000,s9_p1
1779333982.0,9,2,0.000000,s9_p2
1779333982.0,9,3,0.880892,s9_p3
1779333983.0,6,1,0.130417,s6_p1
1779333983.0,6,4,0.000000,s6_p4
1779333983.0,6,2,0.070039,s6_p2
1779333983.0,6,3,0.000000,s6_p3
1779333983.0,1,4,0.050713,s1_p4
1779333983.0,1,1,0.000000,s1_p1
1779333983.0,1,2,0.000000,s1_p2
1779333983.0,1,3,0.082107,s1_p3
1779333983.0,3,4,0.000000,s3_p4
1779333983.0,3,1,0.000000,s3_p1
1779333983.0,3,2,0.065221,s3_p2
1779333983.0,3,3,0.000000,s3_p3
1779333983.0,14,1,0.101393,s14_p1
1779333983.0,14,4,0.000000,s14_p4
1779333983.0,14,2,0.000000,s14_p2
1779333983.0,14,3,0.000000,s14_p3
1779333983.0,10,4,0.000000,s10_p4
1779333983.0,10,1,0.000000,s10_p1
1779333983.0,10,2,0.050718,s10_p2
1779333983.0,10,3,0.000000,s10_p3
1779333983.0,7,1,0.000000,s7_p1
1779333983.0,7,4,0.028976,s7_p4
1779333983.0,7,2,0.082099,s7_p2
1779333983.0,7,3,0.000000,s7_p3
1779333983.0,12,4,0.000000,s12_p4
1779333983.0,12,1,0.000000,s12_p1
1779333983.0,12,2,0.028970,s12_p2
1779333983.0,12,3,0.000000,s12_p3
1779333983.0,15,4,0.000000,s15_p4
1779333983.0,15,1,0.082043,s15_p1
1779333983.0,15,2,0.000000,s15_p2
1779333983.0,15,3,0.820430,s15_p3
1779333983.0,18,1,0.000000,s18_p1
1779333983.0,18,4,0.000000,s18_p4
1779333983.0,18,2,0.000000,s18_p2
1779333983.0,18,3,0.000000,s18_p3
1779333983.0,8,4,0.101345,s8_p4
1779333983.0,8,1,0.000000,s8_p1
1779333983.0,8,2,0.000000,s8_p2
1779333983.0,8,3,0.164083,s8_p3
1779333983.0,13,4,0.000000,s13_p4
1779333983.0,13,1,0.000000,s13_p1
1779333983.0,13,2,0.200248,s13_p2
1779333983.0,13,3,0.844417,s13_p3
1779333983.0,4,4,0.000000,s4_p4
1779333983.0,4,1,0.028954,s4_p1
1779333983.0,4,2,0.168899,s4_p2
1779333983.0,4,3,0.000000,s4_p3
1779333983.0,17,1,0.000000,s17_p1
1779333983.0,17,4,0.410293,s17_p4
1779333983.0,17,2,0.844722,s17_p2
1779333983.0,17,3,1.000000,s17_p3
1779333983.0,20,1,0.000000,s20_p1
1779333983.0,20,4,0.000000,s20_p4
1779333983.0,20,2,0.144753,s20_p2
1779333983.0,20,3,0.506634,s20_p3
1779333983.0,11,4,0.000000,s11_p4
1779333983.0,11,1,0.000000,s11_p1
1779333983.0,11,2,0.168977,s11_p2
1779333983.0,11,3,0.000000,s11_p3
1779333983.0,5,4,0.000000,s5_p4
1779333983.0,5,1,0.101319,s5_p1
1779333983.0,5,2,0.000000,s5_p2
1779333983.0,5,3,0.168865,s5_p3
1779333983.0,16,1,0.000000,s16_p1
1779333983.0,16,4,0.651775,s16_p4
1779333983.0,16,2,0.000000,s16_p2
1779333983.0,16,3,0.000000,s16_p3
1779333983.0,2,1,0.000000,s2_p1
1779333983.0,2,4,0.000000,s2_p4
1779333983.0,2,2,0.050674,s2_p2
1779333983.0,2,3,0.089283,s2_p3
1779333983.0,19,1,0.000000,s19_p1
1779333983.0,19,4,0.000000,s19_p4
1779333983.0,19,2,0.000000,s19_p2
1779333983.0,19,3,0.000000,s19_p3
1779333983.0,9,4,0.000000,s9_p4
1779333983.0,9,1,0.000000,s9_p1
1779333983.0,9,2,0.000000,s9_p2
1779333983.0,9,3,0.856839,s9_p3
1779333983.0,14,1,0.101502,s14_p1
1779333983.0,14,4,0.000000,s14_p4
1779333983.0,14,2,0.000000,s14_p2
1779333983.0,14,3,0.000000,s14_p3
1779333983.0,15,4,0.000000,s15_p4
1779333983.0,15,1,0.082204,s15_p1
1779333983.0,15,2,0.000000,s15_p2
1779333983.0,15,3,0.834130,s15_p3
1779333983.0,3,4,0.000000,s3_p4
1779333983.0,3,1,0.000000,s3_p1
1779333983.0,3,2,0.062788,s3_p2
1779333983.0,3,3,0.000000,s3_p3
1779333983.0,1,4,0.050695,s1_p4
1779333983.0,1,1,0.000000,s1_p1
1779333983.0,1,2,0.000000,s1_p2
1779333983.0,1,3,0.082077,s1_p3
1779333983.0,6,1,0.127921,s6_p1
1779333983.0,6,4,0.000000,s6_p4
1779333983.0,6,2,0.069994,s6_p2
1779333983.0,6,3,0.000000,s6_p3
1779333983.0,10,4,0.000000,s10_p4
1779333983.0,10,1,0.000000,s10_p1
1779333983.0,10,2,0.050722,s10_p2
1779333983.0,10,3,0.000000,s10_p3
1779333983.0,18,1,0.000000,s18_p1
1779333983.0,18,4,0.000000,s18_p4
1779333983.0,18,2,0.000000,s18_p2
1779333983.0,18,3,0.000000,s18_p3
1779333983.0,13,4,0.000000,s13_p4
1779333983.0,13,1,0.000000,s13_p1
1779333983.0,13,2,0.198128,s13_p2
1779333983.0,13,3,0.845668,s13_p3
1779333983.0,5,4,0.000000,s5_p4
1779333983.0,5,1,0.101547,s5_p1
1779333983.0,5,2,0.000000,s5_p2
1779333983.0,5,3,0.169246,s5_p3
1779333983.0,7,1,0.000000,s7_p1
1779333983.0,7,4,0.026571,s7_p4
1779333983.0,7,2,0.082130,s7_p2
1779333983.0,7,3,0.000000,s7_p3
1779333983.0,8,4,0.101470,s8_p4
1779333983.0,8,1,0.000000,s8_p1
1779333983.0,8,2,0.000000,s8_p2
1779333983.0,8,3,0.166701,s8_p3
1779333983.0,12,4,0.000000,s12_p4
1779333983.0,12,1,0.000000,s12_p1
1779333983.0,12,2,0.026572,s12_p2
1779333983.0,12,3,0.000000,s12_p3
1779333983.0,20,1,0.000000,s20_p1
1779333983.0,20,4,0.000000,s20_p4
1779333983.0,20,2,0.132962,s20_p2
1779333983.0,20,3,0.507671,s20_p3
1779333983.0,2,1,0.000000,s2_p1
1779333983.0,2,4,0.000000,s2_p4
1779333983.0,2,2,0.050753,s2_p2
1779333983.0,2,3,0.091838,s2_p3
1779333983.0,17,1,0.000000,s17_p1
1779333983.0,17,4,0.410782,s17_p4
1779333983.0,17,2,0.845728,s17_p2
1779333983.0,17,3,1.000000,s17_p3
1779333983.0,4,4,0.000000,s4_p4
1779333983.0,4,1,0.026577,s4_p1
1779333983.0,4,2,0.169129,s4_p2
1779333983.0,4,3,0.000000,s4_p3
1779333983.0,11,4,0.000000,s11_p4
1779333983.0,11,1,0.000000,s11_p1
1779333983.0,11,2,0.169146,s11_p2
1779333983.0,11,3,0.000000,s11_p3
1779333983.0,9,4,0.000000,s9_p4
1779333983.0,9,1,0.000000,s9_p1
1779333983.0,9,2,0.000000,s9_p2
1779333983.0,9,3,0.869940,s9_p3
1779333983.0,19,1,0.000000,s19_p1
1779333983.0,19,4,0.000000,s19_p4
1779333983.0,19,2,0.000000,s19_p2
1779333983.0,19,3,0.000000,s19_p3
1779333983.0,16,1,0.000000,s16_p1
1779333983.0,16,4,0.640142,s16_p4
1779333983.0,16,2,0.000000,s16_p2
1779333983.0,16,3,0.000000,s16_p3
1779333984.0,19,1,0.000000,s19_p1
1779333984.0,19,4,0.000000,s19_p4
1779333984.0,19,2,0.000000,s19_p2
1779333984.0,19,3,0.000000,s19_p3
1779333984.0,1,4,0.050695,s1_p4
1779333984.0,1,1,0.000000,s1_p1
1779333984.0,1,2,0.000000,s1_p2
1779333984.0,1,3,0.084491,s1_p3
1779333984.0,14,1,0.101307,s14_p1
1779333984.0,14,4,0.000000,s14_p4
1779333984.0,14,2,0.000000,s14_p2
1779333984.0,14,3,0.000000,s14_p3
1779333984.0,6,1,0.130346,s6_p1
1779333984.0,6,4,0.000000,s6_p4
1779333984.0,6,2,0.070001,s6_p2
1779333984.0,6,3,0.000000,s6_p3
1779333984.0,15,4,0.000000,s15_p4
1779333984.0,15,1,0.084440,s15_p1
1779333984.0,15,2,0.000000,s15_p2
1779333984.0,15,3,0.832338,s15_p3
1779333984.0,10,4,0.000000,s10_p4
1779333984.0,10,1,0.000000,s10_p1
1779333984.0,10,2,0.050671,s10_p2
1779333984.0,10,3,0.000000,s10_p3
1779333984.0,7,1,0.000000,s7_p1
1779333984.0,7,4,0.028972,s7_p4
1779333984.0,7,2,0.084500,s7_p2
1779333984.0,7,3,0.000000,s7_p3
1779333984.0,3,4,0.000000,s3_p4
1779333984.0,3,1,0.000000,s3_p1
1779333984.0,3,2,0.065140,s3_p2
1779333984.0,3,3,0.000000,s3_p3
1779333984.0,8,4,0.101398,s8_p4
1779333984.0,8,1,0.000000,s8_p1
1779333984.0,8,2,0.000000,s8_p2
1779333984.0,8,3,0.166583,s8_p3
1779333984.0,13,4,0.000000,s13_p4
1779333984.0,13,1,0.000000,s13_p1
1779333984.0,13,2,0.200331,s13_p2
1779333984.0,13,3,0.844769,s13_p3
1779333984.0,4,4,0.000000,s4_p4
1779333984.0,4,1,0.028979,s4_p1
1779333984.0,4,2,0.169046,s4_p2
1779333984.0,4,3,0.000000,s4_p3
1779333984.0,12,4,0.000000,s12_p4
1779333984.0,12,1,0.000000,s12_p1
1779333984.0,12,2,0.028959,s12_p2
1779333984.0,12,3,0.000000,s12_p3
1779333984.0,20,1,0.000000,s20_p1
1779333984.0,20,4,0.000000,s20_p4
1779333984.0,20,2,0.144789,s20_p2
1779333984.0,20,3,0.506760,s20_p3
1779333984.0,2,1,0.000000,s2_p1
1779333984.0,2,4,0.000000,s2_p4
1779333984.0,2,2,0.050677,s2_p2
1779333984.0,2,3,0.089287,s2_p3
1779333984.0,11,4,0.000000,s11_p4
1779333984.0,11,1,0.000000,s11_p1
1779333984.0,11,2,0.168932,s11_p2
1779333984.0,11,3,0.000000,s11_p3
1779333984.0,5,4,0.000000,s5_p4
1779333984.0,5,1,0.101299,s5_p1
1779333984.0,5,2,0.000000,s5_p2
1779333984.0,5,3,0.168832,s5_p3
1779333984.0,18,1,0.000000,s18_p1
1779333984.0,18,4,0.000000,s18_p4
1779333984.0,18,2,0.000000,s18_p2
1779333984.0,18,3,0.000000,s18_p3
1779333984.0,17,1,0.000000,s17_p1
1779333984.0,17,4,0.422277,s17_p4
1779333984.0,17,2,0.844555,s17_p2
1779333984.0,17,3,0.989335,s17_p3
1779333984.0,9,4,0.000000,s9_p4
1779333984.0,9,1,0.000000,s9_p1
1779333984.0,9,2,0.000000,s9_p2
1779333984.0,9,3,0.868810,s9_p3
1779333984.0,16,1,0.000000,s16_p1
1779333984.0,16,4,0.651625,s16_p4
1779333984.0,16,2,0.000000,s16_p2
1779333984.0,16,3,0.000000,s16_p3
1779333984.0,19,1,0.000000,s19_p1
1779333984.0,19,4,0.000000,s19_p4
1779333984.0,19,2,0.000000,s19_p2
1779333984.0,19,3,0.000000,s19_p3
1779333984.0,14,1,0.101419,s14_p1
1779333984.0,14,4,0.000000,s14_p4
1779333984.0,14,2,0.000000,s14_p2
1779333984.0,14,3,0.000000,s14_p3
1779333984.0,3,4,0.000000,s3_p4
1779333984.0,3,1,0.000000,s3_p1
1779333984.0,3,2,0.062810,s3_p2
1779333984.0,3,3,0.000000,s3_p3
1779333984.0,10,4,0.000000,s10_p4
1779333984.0,10,1,0.000000,s10_p1
1779333984.0,10,2,0.050727,s10_p2
1779333984.0,10,3,0.000000,s10_p3
1779333984.0,1,4,0.050699,s1_p4
1779333984.0,1,1,0.000000,s1_p1
1779333984.0,1,2,0.000000,s1_p2
1779333984.0,1,3,0.082084,s1_p3
1779333984.0,6,1,0.127965,s6_p1
1779333984.0,6,4,0.000000,s6_p4
1779333984.0,6,2,0.072433,s6_p2
1779333984.0,6,3,0.000000,s6_p3
1779333984.0,15,4,0.000000,s15_p4
1779333984.0,15,1,0.082065,s15_p1
1779333984.0,15,2,0.000000,s15_p2
1779333984.0,15,3,0.832717,s15_p3
1779333984.0,12,4,0.000000,s12_p4
1779333984.0,12,1,0.000000,s12_p1
1779333984.0,12,2,0.026562,s12_p2
1779333984.0,12,3,0.000000,s12_p3
1779333984.0,18,1,0.000000,s18_p1
1779333984.0,18,4,0.000000,s18_p4
1779333984.0,18,2,0.000000,s18_p2
1779333984.0,18,3,0.000000,s18_p3
1779333984.0,8,4,0.101368,s8_p4
1779333984.0,8,1,0.000000,s8_p1
1779333984.0,8,2,0.000000,s8_p2
1779333984.0,8,3,0.166534,s8_p3
1779333984.0,20,1,0.000000,s20_p1
1779333984.0,20,4,0.000000,s20_p4
1779333984.0,20,2,0.132807,s20_p2
1779333984.0,20,3,0.507083,s20_p3
1779333984.0,13,4,0.000000,s13_p4
1779333984.0,13,1,0.000000,s13_p1
1779333984.0,13,2,0.200347,s13_p2
1779333984.0,13,3,0.844837,s13_p3
1779333984.0,7,1,0.000000,s7_p1
1779333984.0,7,4,0.026545,s7_p4
1779333984.0,7,2,0.082049,s7_p2
1779333984.0,7,3,0.000000,s7_p3
1779333984.0,4,4,0.000000,s4_p4
1779333984.0,4,1,0.026551,s4_p1
1779333984.0,4,2,0.168960,s4_p2
1779333984.0,4,3,0.000000,s4_p3
1779333984.0,5,4,0.000000,s5_p4
1779333984.0,5,1,0.101403,s5_p1
1779333984.0,5,2,0.000000,s5_p2
1779333984.0,5,3,0.169005,s5_p3
1779333984.0,9,4,0.000000,s9_p4
1779333984.0,9,1,0.000000,s9_p1
1779333984.0,9,2,0.000000,s9_p2
1779333984.0,9,3,0.869307,s9_p3
1779333984.0,2,1,0.000000,s2_p1
1779333984.0,2,4,0.000000,s2_p4
1779333984.0,2,2,0.050693,s2_p2
1779333984.0,2,3,0.091729,s2_p3
1779333984.0,16,1,0.000000,s16_p1
1779333984.0,16,4,0.639908,s16_p4
1779333984.0,16,2,0.000000,s16_p2
1779333984.0,16,3,0.000000,s16_p3
1779333984.0,17,1,0.000000,s17_p1
1779333984.0,17,4,0.410402,s17_p4
1779333984.0,17,2,0.844946,s17_p2
1779333984.0,17,3,1.000000,s17_p3
1779333984.0,11,4,0.000000,s11_p4
1779333984.0,11,1,0.000000,s11_p1
1779333984.0,11,2,0.168973,s11_p2
1779333984.0,11,3,0.000000,s11_p3
1779333985.0,6,1,0.133047,s6_p1
1779333985.0,6,4,0.000000,s6_p4
1779333985.0,6,2,0.067733,s6_p2
1779333985.0,6,3,0.000000,s6_p3
1779333985.0,19,1,0.000000,s19_p1
1779333985.0,19,4,0.000000,s19_p4
1779333985.0,19,2,0.000000,s19_p2
1779333985.0,19,3,0.000000,s19_p3
1779333985.0,3,4,0.000000,s3_p4
1779333985.0,3,1,0.000000,s3_p1
1779333985.0,3,2,0.062853,s3_p2
1779333985.0,3,3,0.000000,s3_p3
1779333985.0,10,4,0.000000,s10_p4
1779333985.0,10,1,0.000000,s10_p1
1779333985.0,10,2,0.050764,s10_p2
1779333985.0,10,3,0.000000,s10_p3
1779333985.0,1,4,0.050764,s1_p4
1779333985.0,1,1,0.000000,s1_p1
1779333985.0,1,2,0.000000,s1_p2
1779333985.0,1,3,0.084607,s1_p3
1779333985.0,15,4,0.000000,s15_p4
1779333985.0,15,1,0.084666,s15_p1
1779333985.0,15,2,0.000000,s15_p2
1779333985.0,15,3,0.834568,s15_p3
1779333985.0,14,1,0.101511,s14_p1
1779333985.0,14,4,0.000000,s14_p4
1779333985.0,14,2,0.000000,s14_p2
1779333985.0,14,3,0.000000,s14_p3
1779333985.0,13,4,0.000000,s13_p4
1779333985.0,13,1,0.000000,s13_p1
1779333985.0,13,2,0.200765,s13_p2
1779333985.0,13,3,0.846601,s13_p3
1779333985.0,20,1,0.000000,s20_p1
1779333985.0,20,4,0.000000,s20_p4
1779333985.0,20,2,0.145117,s20_p2
1779333985.0,20,3,0.507908,s20_p3
1779333985.0,7,1,0.000000,s7_p1
1779333985.0,7,4,0.029025,s7_p4
1779333985.0,7,2,0.084655,s7_p2
1779333985.0,7,3,0.000000,s7_p3
1779333985.0,18,1,0.000000,s18_p1
1779333985.0,18,4,0.000000,s18_p4
1779333985.0,18,2,0.000000,s18_p2
1779333985.0,18,3,0.000000,s18_p3
1779333985.0,12,4,0.000000,s12_p4
1779333985.0,12,1,0.000000,s12_p1
1779333985.0,12,2,0.029000,s12_p2
1779333985.0,12,3,0.000000,s12_p3
1779333985.0,5,4,0.000000,s5_p4
1779333985.0,5,1,0.101564,s5_p1
1779333985.0,5,2,0.000000,s5_p2
1779333985.0,5,3,0.169273,s5_p3
1779333985.0,8,4,0.101501,s8_p4
1779333985.0,8,1,0.000000,s8_p1
1779333985.0,8,2,0.000000,s8_p2
1779333985.0,8,3,0.166751,s8_p3
1779333985.0,16,1,0.000000,s16_p1
1779333985.0,16,4,0.652699,s16_p4
1779333985.0,16,2,0.000000,s16_p2
1779333985.0,16,3,0.000000,s16_p3
1779333985.0,17,1,0.000000,s17_p1
1779333985.0,17,4,0.423030,s17_p4
1779333985.0,17,2,0.846061,s17_p2
1779333985.0,17,3,1.000000,s17_p3
1779333985.0,2,1,0.000000,s2_p1
1779333985.0,2,4,0.000000,s2_p4
1779333985.0,2,2,0.050760,s2_p2
1779333985.0,2,3,0.089434,s2_p3
1779333985.0,11,4,0.000000,s11_p4
1779333985.0,11,1,0.000000,s11_p1
1779333985.0,11,2,0.169203,s11_p2
1779333985.0,11,3,0.000000,s11_p3
1779333985.0,4,4,0.000000,s4_p4
1779333985.0,4,1,0.028988,s4_p1
1779333985.0,4,2,0.169096,s4_p2
1779333985.0,4,3,0.000000,s4_p3
1779333985.0,9,4,0.000000,s9_p4
1779333985.0,9,1,0.000000,s9_p1
1779333985.0,9,2,0.000000,s9_p2
1779333985.0,9,3,0.869929,s9_p3
1779333985.0,1,4,0.050775,s1_p4
1779333985.0,1,1,0.000000,s1_p1
1779333985.0,1,2,0.000000,s1_p2
1779333985.0,1,3,0.082207,s1_p3
1779333985.0,6,1,0.130458,s6_p1
1779333985.0,6,4,0.000000,s6_p4
1779333985.0,6,2,0.070061,s6_p2
1779333985.0,6,3,0.000000,s6_p3
1779333985.0,15,4,0.000000,s15_p4
1779333985.0,15,1,0.082144,s15_p1
1779333985.0,15,2,0.000000,s15_p2
1779333985.0,15,3,0.821445,s15_p3
1779333985.0,10,4,0.000000,s10_p4
1779333985.0,10,1,0.000000,s10_p1
1779333985.0,10,2,0.050729,s10_p2
1779333985.0,10,3,0.000000,s10_p3
1779333985.0,14,1,0.101463,s14_p1
1779333985.0,14,4,0.000000,s14_p4
1779333985.0,14,2,0.000000,s14_p2
1779333985.0,14,3,0.000000,s14_p3
1779333985.0,3,4,0.000000,s3_p4
1779333985.0,3,1,0.000000,s3_p1
1779333985.0,3,2,0.065215,s3_p2
1779333985.0,3,3,0.000000,s3_p3
1779333985.0,8,4,0.101571,s8_p4
1779333985.0,8,1,0.000000,s8_p1
1779333985.0,8,2,0.000000,s8_p2
1779333985.0,8,3,0.164448,s8_p3
1779333985.0,5,4,0.000000,s5_p4
1779333985.0,5,1,0.101518,s5_p1
1779333985.0,5,2,0.000000,s5_p2
1779333985.0,5,3,0.169196,s5_p3
1779333985.0,20,1,0.000000,s20_p1
1779333985.0,20,4,0.000000,s20_p4
1779333985.0,20,2,0.144907,s20_p2
1779333985.0,20,3,0.507176,s20_p3
1779333985.0,12,4,0.000000,s12_p4
1779333985.0,12,1,0.000000,s12_p1
1779333985.0,12,2,0.029001,s12_p2
1779333985.0,12,3,0.000000,s12_p3
1779333985.0,7,1,0.000000,s7_p1
1779333985.0,7,4,0.028981,s7_p4
1779333985.0,7,2,0.082112,s7_p2
1779333985.0,7,3,0.000000,s7_p3
1779333985.0,13,4,0.000000,s13_p4
1779333985.0,13,1,0.000000,s13_p1
1779333985.0,13,2,0.200429,s13_p2
1779333985.0,13,3,0.845180,s13_p3
1779333985.0,4,4,0.000000,s4_p4
1779333985.0,4,1,0.029018,s4_p1
1779333985.0,4,2,0.169269,s4_p2
1779333985.0,4,3,0.000000,s4_p3
1779333985.0,18,1,0.000000,s18_p1
1779333985.0,18,4,0.000000,s18_p4
1779333985.0,18,2,0.000000,s18_p2
1779333985.0,18,3,0.000000,s18_p3
1779333985.0,2,1,0.000000,s2_p1
1779333985.0,2,4,0.000000,s2_p4
1779333985.0,2,2,0.050752,s2_p2
1779333985.0,2,3,0.091837,s2_p3
1779333985.0,17,1,0.000000,s17_p1
1779333985.0,17,4,0.410824,s17_p4
1779333985.0,17,2,0.845815,s17_p2
1779333985.0,17,3,1.000000,s17_p3
1779333985.0,11,4,0.000000,s11_p4
1779333985.0,11,1,0.000000,s11_p1
1779333985.0,11,2,0.169171,s11_p2
1779333985.0,11,3,0.000000,s11_p3
1779333985.0,16,1,0.000000,s16_p1
1779333985.0,16,4,0.652419,s16_p4
1779333985.0,16,2,0.000000,s16_p2
1779333985.0,16,3,0.000000,s16_p3
1779333985.0,9,4,0.000000,s9_p4
1779333985.0,9,1,0.000000,s9_p1
1779333985.0,9,2,0.000000,s9_p2
1779333985.0,9,3,0.870008,s9_p3
1779333985.0,19,1,0.000000,s19_p1
1779333985.0,19,4,0.000000,s19_p4
1779333985.0,19,2,0.000000,s19_p2
1779333985.0,19,3,0.000000,s19_p3
1779333986.0,6,1,0.137728,s6_p1
1779333986.0,6,4,0.000000,s6_p4
1779333986.0,6,2,0.060407,s6_p2
1779333986.0,6,3,0.000000,s6_p3
1779333986.0,14,1,0.101500,s14_p1
1779333986.0,14,4,0.000000,s14_p4
1779333986.0,14,2,0.000000,s14_p2
1779333986.0,14,3,0.000000,s14_p3
1779333986.0,10,4,0.000000,s10_p4
1779333986.0,10,1,0.000000,s10_p1
1779333986.0,10,2,0.050744,s10_p2
1779333986.0,10,3,0.000000,s10_p3
1779333986.0,1,4,0.050698,s1_p4
1779333986.0,1,1,0.000000,s1_p1
1779333986.0,1,2,0.000000,s1_p2
1779333986.0,1,3,0.082083,s1_p3
1779333986.0,3,4,0.000000,s3_p4
1779333986.0,3,1,0.000000,s3_p1
1779333986.0,3,2,0.062826,s3_p2
1779333986.0,3,3,0.000000,s3_p3
1779333986.0,15,4,0.000000,s15_p4
1779333986.0,15,1,0.082121,s15_p1
1779333986.0,15,2,0.000000,s15_p2
1779333986.0,15,3,0.833289,s15_p3
1779333986.0,7,1,0.000000,s7_p1
1779333986.0,7,4,0.026588,s7_p4
1779333986.0,7,2,0.082180,s7_p2
1779333986.0,7,3,0.000000,s7_p3
1779333986.0,8,4,0.101449,s8_p4
1779333986.0,8,1,0.000000,s8_p1
1779333986.0,8,2,0.000000,s8_p2
1779333986.0,8,3,0.166667,s8_p3
1779333986.0,4,4,0.000000,s4_p4
1779333986.0,4,1,0.026579,s4_p1
1779333986.0,4,2,0.169142,s4_p2
1779333986.0,4,3,0.000000,s4_p3
1779333986.0,13,4,0.000000,s13_p4
1779333986.0,13,1,0.000000,s13_p1
1779333986.0,13,2,0.198123,s13_p2
1779333986.0,13,3,0.845647,s13_p3
1779333986.0,20,1,0.000000,s20_p1
1779333986.0,20,4,0.000000,s20_p4
1779333986.0,20,2,0.132873,s20_p2
1779333986.0,20,3,0.507334,s20_p3
1779333986.0,12,4,0.000000,s12_p4
1779333986.0,12,1,0.000000,s12_p1
1779333986.0,12,2,0.026574,s12_p2
1779333986.0,12,3,0.000000,s12_p3
1779333986.0,16,1,0.000000,s16_p1
1779333986.0,16,4,0.640255,s16_p4
1779333986.0,16,2,0.000000,s16_p2
1779333986.0,16,3,0.000000,s16_p3
1779333986.0,2,1,0.000000,s2_p1
1779333986.0,2,4,0.000000,s2_p4
1779333986.0,2,2,0.050730,s2_p2
1779333986.0,2,3,0.089381,s2_p3
1779333986.0,17,1,0.000000,s17_p1
1779333986.0,17,4,0.410670,s17_p4
1779333986.0,17,2,0.845497,s17_p2
1779333986.0,17,3,1.000000,s17_p3
1779333986.0,11,4,0.000000,s11_p4
1779333986.0,11,1,0.000000,s11_p1
1779333986.0,11,2,0.171515,s11_p2
1779333986.0,11,3,0.000000,s11_p3
1779333986.0,18,1,0.000000,s18_p1
1779333986.0,18,4,0.000000,s18_p4
1779333986.0,18,2,0.000000,s18_p2
1779333986.0,18,3,0.000000,s18_p3
1779333986.0,5,4,0.000000,s5_p4
1779333986.0,5,1,0.101379,s5_p1
1779333986.0,5,2,0.000000,s5_p2
1779333986.0,5,3,0.168966,s5_p3
1779333986.0,19,1,0.000000,s19_p1
1779333986.0,19,4,0.000000,s19_p4
1779333986.0,19,2,0.000000,s19_p2
1779333986.0,19,3,0.000000,s19_p3
1779333986.0,9,4,0.000000,s9_p4
1779333986.0,9,1,0.000000,s9_p1
1779333986.0,9,2,0.000000,s9_p2
1779333986.0,9,3,0.857489,s9_p3
1779333986.0,19,1,0.000000,s19_p1
1779333986.0,19,4,0.000000,s19_p4
1779333986.0,19,2,0.000000,s19_p2
1779333986.0,19,3,0.000000,s19_p3
1779333986.0,6,1,0.137616,s6_p1
1779333986.0,6,4,0.000000,s6_p4
1779333986.0,6,2,0.062772,s6_p2
1779333986.0,6,3,0.000000,s6_p3
1779333986.0,1,4,0.050733,s1_p4
1779333986.0,1,1,0.000000,s1_p1
1779333986.0,1,2,0.000000,s1_p2
1779333986.0,1,3,0.084555,s1_p3
1779333986.0,3,4,0.000000,s3_p4
1779333986.0,3,1,0.000000,s3_p1
1779333986.0,3,2,0.062811,s3_p2
1779333986.0,3,3,0.000000,s3_p3
1779333986.0,14,1,0.101448,s14_p1
1779333986.0,14,4,0.000000,s14_p4
1779333986.0,14,2,0.000000,s14_p2
1779333986.0,14,3,0.000000,s14_p3
1779333986.0,15,4,0.000000,s15_p4
1779333986.0,15,1,0.084559,s15_p1
1779333986.0,15,2,0.000000,s15_p2
1779333986.0,15,3,0.833508,s15_p3
1779333986.0,10,4,0.000000,s10_p4
1779333986.0,10,1,0.000000,s10_p1
1779333986.0,10,2,0.050714,s10_p2
1779333986.0,10,3,0.000000,s10_p3
1779333986.0,8,4,0.101455,s8_p4
1779333986.0,8,1,0.000000,s8_p1
1779333986.0,8,2,0.000000,s8_p2
1779333986.0,8,3,0.166676,s8_p3
1779333986.0,13,4,0.000000,s13_p4
1779333986.0,13,1,0.000000,s13_p1
1779333986.0,13,2,0.200554,s13_p2
1779333986.0,13,3,0.857793,s13_p3
1779333986.0,4,4,0.000000,s4_p4
1779333986.0,4,1,0.028989,s4_p1
1779333986.0,4,2,0.171516,s4_p2
1779333986.0,4,3,0.000000,s4_p3
1779333986.0,7,1,0.000000,s7_p1
1779333986.0,7,4,0.028977,s7_p4
1779333986.0,7,2,0.084516,s7_p2
1779333986.0,7,3,0.000000,s7_p3
1779333986.0,20,1,0.000000,s20_p1
1779333986.0,20,4,0.000000,s20_p4
1779333986.0,20,2,0.144906,s20_p2
1779333986.0,20,3,0.507169,s20_p3
1779333986.0,5,4,0.000000,s5_p4
1779333986.0,5,1,0.101507,s5_p1
1779333986.0,5,2,0.000000,s5_p2
1779333986.0,5,3,0.171596,s5_p3
1779333986.0,12,4,0.000000,s12_p4
1779333986.0,12,1,0.000000,s12_p1
1779333986.0,12,2,0.028974,s12_p2
1779333986.0,12,3,0.000000,s12_p3
1779333986.0,18,1,0.000000,s18_p1
1779333986.0,18,4,0.000000,s18_p4
1779333986.0,18,2,0.000000,s18_p2
1779333986.0,18,3,0.000000,s18_p3
1779333986.0,17,1,0.000000,s17_p1
1779333986.0,17,4,0.422731,s17_p4
1779333986.0,17,2,0.857540,s17_p2
1779333986.0,17,3,0.990399,s17_p3
1779333986.0,16,1,0.000000,s16_p1
1779333986.0,16,4,0.652044,s16_p4
1779333986.0,16,2,0.000000,s16_p2
1779333986.0,16,3,0.000000,s16_p3
1779333986.0,11,4,0.000000,s11_p4
1779333986.0,11,1,0.000000,s11_p1
1779333986.0,11,2,0.169035,s11_p2
1779333986.0,11,3,0.000000,s11_p3
1779333986.0,9,4,0.000000,s9_p4
1779333986.0,9,1,0.000000,s9_p1
1779333986.0,9,2,0.000000,s9_p2
1779333986.0,9,3,0.881541,s9_p3
1779333986.0,2,1,0.000000,s2_p1
1779333986.0,2,4,0.000000,s2_p4
1779333986.0,2,2,0.050692,s2_p2
1779333986.0,2,3,0.091728,s2_p3
1779333987.0,19,1,0.000000,s19_p1
1779333987.0,19,4,0.000000,s19_p4
1779333987.0,19,2,0.000000,s19_p2
1779333987.0,19,3,0.000000,s19_p3
1779333987.0,1,4,0.050695,s1_p4
1779333987.0,1,1,0.000000,s1_p1
1779333987.0,1,2,0.000000,s1_p2
1779333987.0,1,3,0.082078,s1_p3
1779333987.0,6,1,0.132753,s6_p1
1779333987.0,6,4,0.000000,s6_p4
1779333987.0,6,2,0.067583,s6_p2
1779333987.0,6,3,0.000000,s6_p3
1779333987.0,14,1,0.101346,s14_p1
1779333987.0,14,4,0.000000,s14_p4
1779333987.0,14,2,0.000000,s14_p2
1779333987.0,14,3,0.000000,s14_p3
1779333987.0,10,4,0.000000,s10_p4
1779333987.0,10,1,0.000000,s10_p1
1779333987.0,10,2,0.050682,s10_p2
1779333987.0,10,3,0.000000,s10_p3
1779333987.0,3,4,0.000000,s3_p4
1779333987.0,3,1,0.000000,s3_p1
1779333987.0,3,2,0.065141,s3_p2
1779333987.0,3,3,0.000000,s3_p3
1779333987.0,15,4,0.000000,s15_p4
1779333987.0,15,1,0.082046,s15_p1
1779333987.0,15,2,0.000000,s15_p2
1779333987.0,15,3,0.832524,s15_p3
1779333987.0,7,1,0.000000,s7_p1
1779333987.0,7,4,0.026552,s7_p4
1779333987.0,7,2,0.082069,s7_p2
1779333987.0,7,3,0.000000,s7_p3
1779333987.0,8,4,0.101341,s8_p4
1779333987.0,8,1,0.000000,s8_p1
1779333987.0,8,2,0.000000,s8_p2
1779333987.0,8,3,0.166489,s8_p3
1779333987.0,13,4,0.000000,s13_p4
1779333987.0,13,1,0.000000,s13_p1
1779333987.0,13,2,0.200274,s13_p2
1779333987.0,13,3,0.844531,s13_p3
1779333987.0,20,1,0.000000,s20_p1
1779333987.0,20,4,0.000000,s20_p4
1779333987.0,20,2,0.132741,s20_p2
1779333987.0,20,3,0.506828,s20_p3
1779333987.0,4,4,0.000000,s4_p4
1779333987.0,4,1,0.026537,s4_p1
1779333987.0,4,2,0.168874,s4_p2
1779333987.0,4,3,0.000000,s4_p3
1779333987.0,12,4,0.000000,s12_p4
1779333987.0,12,1,0.000000,s12_p1
1779333987.0,12,2,0.026553,s12_p2
1779333987.0,12,3,0.000000,s12_p3
1779333987.0,5,4,0.000000,s5_p4
1779333987.0,5,1,0.101361,s5_p1
1779333987.0,5,2,0.000000,s5_p2
1779333987.0,5,3,0.168936,s5_p3
1779333987.0,18,1,0.000000,s18_p1
1779333987.0,18,4,0.000000,s18_p4
1779333987.0,18,2,0.000000,s18_p2
1779333987.0,18,3,0.000000,s18_p3
1779333987.0,16,1,0.000000,s16_p1
1779333987.0,16,4,0.639639,s16_p4
1779333987.0,16,2,0.000000,s16_p2
1779333987.0,16,3,0.000000,s16_p3
1779333987.0,2,1,0.000000,s2_p1
1779333987.0,2,4,0.000000,s2_p4
1779333987.0,2,2,0.050713,s2_p2
1779333987.0,2,3,0.089352,s2_p3
1779333987.0,11,4,0.000000,s11_p4
1779333987.0,11,1,0.000000,s11_p1
1779333987.0,11,2,0.168987,s11_p2
1779333987.0,11,3,0.000000,s11_p3
1779333987.0,17,1,0.000000,s17_p1
1779333987.0,17,4,0.410240,s17_p4
1779333987.0,17,2,0.844612,s17_p2
1779333987.0,17,3,1.000000,s17_p3
1779333987.0,9,4,0.000000,s9_p4
1779333987.0,9,1,0.000000,s9_p1
1779333987.0,9,2,0.000000,s9_p2
1779333987.0,9,3,0.857000,s9_p3
1779333987.0,4,4,0.000000,s4_p4
1779333987.0,4,1,0.028968,s4_p1
1779333987.0,4,2,0.168981,s4_p2
1779333987.0,4,3,0.000000,s4_p3
1779333987.0,14,1,0.101280,s14_p1
1779333987.0,14,4,0.000000,s14_p4
1779333987.0,14,2,0.000000,s14_p2
1779333987.0,14,3,0.000000,s14_p3
1779333987.0,13,4,0.000000,s13_p4
1779333987.0,13,1,0.000000,s13_p1
1779333987.0,13,2,0.200251,s13_p2
1779333987.0,13,3,0.844433,s13_p3
1779333987.0,19,1,0.000000,s19_p1
1779333987.0,19,4,0.000000,s19_p4
1779333987.0,19,2,0.000000,s19_p2
1779333987.0,19,3,0.000000,s19_p3
1779333987.0,8,4,0.101324,s8_p4
1779333987.0,8,1,0.000000,s8_p1
1779333987.0,8,2,0.000000,s8_p2
1779333987.0,8,3,0.164049,s8_p3
1779333987.0,15,4,0.000000,s15_p4
1779333987.0,15,1,0.084405,s15_p1
1779333987.0,15,2,0.000000,s15_p2
1779333987.0,15,3,0.819935,s15_p3
1779333987.0,7,1,0.000000,s7_p1
1779333987.0,7,4,0.028947,s7_p4
1779333987.0,7,2,0.084427,s7_p2
1779333987.0,7,3,0.000000,s7_p3
1779333987.0,10,4,0.000000,s10_p4
1779333987.0,10,1,0.000000,s10_p1
1779333987.0,10,2,0.050635,s10_p2
1779333987.0,10,3,0.000000,s10_p3
1779333987.0,11,4,0.000000,s11_p4
1779333987.0,11,1,0.000000,s11_p1
1779333987.0,11,2,0.168884,s11_p2
1779333987.0,11,3,0.000000,s11_p3
1779333987.0,3,4,0.000000,s3_p4
1779333987.0,3,1,0.000000,s3_p1
1779333987.0,3,2,0.062642,s3_p2
1779333987.0,3,3,0.000000,s3_p3
1779333987.0,5,4,0.000000,s5_p4
1779333987.0,5,1,0.101273,s5_p1
1779333987.0,5,2,0.000000,s5_p2
1779333987.0,5,3,0.168789,s5_p3
1779333987.0,12,4,0.000000,s12_p4
1779333987.0,12,1,0.000000,s12_p1
1779333987.0,12,2,0.028934,s12_p2
1779333987.0,12,3,0.000000,s12_p3
1779333987.0,6,1,0.130021,s6_p1
1779333987.0,6,4,0.000000,s6_p4
1779333987.0,6,2,0.069826,s6_p2
1779333987.0,6,3,0.000000,s6_p3
1779333987.0,20,1,0.000000,s20_p1
1779333987.0,20,4,0.000000,s20_p4
1779333987.0,20,2,0.144651,s20_p2
1779333987.0,20,3,0.506279,s20_p3
1779333987.0,1,4,0.050557,s1_p4
1779333987.0,1,1,0.000000,s1_p1
1779333987.0,1,2,0.000000,s1_p2
1779333987.0,1,3,0.084261,s1_p3
1779333987.0,18,1,0.000000,s18_p1
1779333987.0,18,4,0.000000,s18_p4
1779333987.0,18,2,0.000000,s18_p2
1779333987.0,18,3,0.000000,s18_p3
1779333987.0,2,1,0.000000,s2_p1
1779333987.0,2,4,0.000000,s2_p4
1779333987.0,2,2,0.050651,s2_p2
1779333987.0,2,3,0.091654,s2_p3
1779333987.0,17,1,0.000000,s17_p1
1779333987.0,17,4,0.422099,s17_p4
1779333987.0,17,2,0.844198,s17_p2
1779333987.0,17,3,1.000000,s17_p3
1779333987.0,16,1,0.000000,s16_p1
1779333987.0,16,4,0.651161,s16_p4
1779333987.0,16,2,0.000000,s16_p2
1779333987.0,16,3,0.000000,s16_p3
1779333987.0,9,4,0.000000,s9_p4
1779333987.0,9,1,0.000000,s9_p1
1779333987.0,9,2,0.000000,s9_p2
1779333987.0,9,3,0.880435,s9_p3
1779333988.0,16,1,0.000000,s16_p1
1779333988.0,16,4,0.652354,s16_p4
1779333988.0,16,2,0.000000,s16_p2
1779333988.0,16,3,0.000000,s16_p3
1779333988.0,12,4,0.000000,s12_p4
1779333988.0,12,1,0.000000,s12_p1
1779333988.0,12,2,0.028983,s12_p2
1779333988.0,12,3,0.000000,s12_p3
1779333988.0,6,1,0.128007,s6_p1
1779333988.0,6,4,0.000000,s6_p4
1779333988.0,6,2,0.072457,s6_p2
1779333988.0,6,3,0.000000,s6_p3
1779333988.0,19,1,0.000000,s19_p1
1779333988.0,19,4,0.000000,s19_p4
1779333988.0,19,2,0.000000,s19_p2
1779333988.0,19,3,0.000000,s19_p3
1779333988.0,11,4,0.000000,s11_p4
1779333988.0,11,1,0.000000,s11_p1
1779333988.0,11,2,0.169036,s11_p2
1779333988.0,11,3,0.000000,s11_p3
1779333988.0,10,4,0.000000,s10_p4
1779333988.0,10,1,0.000000,s10_p1
1779333988.0,10,2,0.050671,s10_p2
1779333988.0,10,3,0.000000,s10_p3
1779333988.0,13,4,0.000000,s13_p4
1779333988.0,13,1,0.000000,s13_p1
1779333988.0,13,2,0.200012,s13_p2
1779333988.0,13,3,0.843425,s13_p3
1779333988.0,5,4,0.000000,s5_p4
1779333988.0,5,1,0.101306,s5_p1
1779333988.0,5,2,0.000000,s5_p2
1779333988.0,5,3,0.168843,s5_p3
1779333988.0,18,1,0.000000,s18_p1
1779333988.0,18,4,0.000000,s18_p4
1779333988.0,18,2,0.000000,s18_p2
1779333988.0,18,3,0.000000,s18_p3
1779333988.0,15,4,0.000000,s15_p4
1779333988.0,15,1,0.081927,s15_p1
1779333988.0,15,2,0.000000,s15_p2
1779333988.0,15,3,0.831322,s15_p3
1779333988.0,8,4,0.101200,s8_p4
1779333988.0,8,1,0.000000,s8_p1
1779333988.0,8,2,0.000000,s8_p2
1779333988.0,8,3,0.166258,s8_p3
1779333988.0,9,4,0.000000,s9_p4
1779333988.0,9,1,0.000000,s9_p1
1779333988.0,9,2,0.000000,s9_p2
1779333988.0,9,3,0.868490,s9_p3
1779333988.0,3,4,0.000000,s3_p4
1779333988.0,3,1,0.000000,s3_p1
1779333988.0,3,2,0.062704,s3_p2
1779333988.0,3,3,0.000000,s3_p3
1779333988.0,2,1,0.000000,s2_p1
1779333988.0,2,4,0.000000,s2_p4
1779333988.0,2,2,0.050655,s2_p2
1779333988.0,2,3,0.089249,s2_p3
1779333988.0,14,1,0.101184,s14_p1
1779333988.0,14,4,0.000000,s14_p4
1779333988.0,14,2,0.000000,s14_p2
1779333988.0,14,3,0.000000,s14_p3
1779333988.0,4,4,0.000000,s4_p4
1779333988.0,4,1,0.028905,s4_p1
1779333988.0,4,2,0.168613,s4_p2
1779333988.0,4,3,0.000000,s4_p3
1779333988.0,1,4,0.050649,s1_p4
1779333988.0,1,1,0.000000,s1_p1
1779333988.0,1,2,0.000000,s1_p2
1779333988.0,1,3,0.082002,s1_p3
1779333988.0,17,1,0.000000,s17_p1
1779333988.0,17,4,0.410034,s17_p4
1779333988.0,17,2,0.844188,s17_p2
1779333988.0,17,3,1.000000,s17_p3
1779333988.0,7,1,0.000000,s7_p1
1779333988.0,7,4,0.028911,s7_p4
1779333988.0,7,2,0.081913,s7_p2
1779333988.0,7,3,0.000000,s7_p3
1779333988.0,20,1,0.000000,s20_p1
1779333988.0,20,4,0.000000,s20_p4
1779333988.0,20,2,0.144693,s20_p2
1779333988.0,20,3,0.506425,s20_p3
1779333988.0,6,1,0.132922,s6_p1
1779333988.0,6,4,0.000000,s6_p4
1779333988.0,6,2,0.067669,s6_p2
1779333988.0,6,3,0.000000,s6_p3
1779333988.0,3,4,0.000000,s3_p4
1779333988.0,3,1,0.000000,s3_p1
1779333988.0,3,2,0.065302,s3_p2
1779333988.0,3,3,0.000000,s3_p3
1779333988.0,14,1,0.101576,s14_p1
1779333988.0,14,4,0.000000,s14_p4
1779333988.0,14,2,0.000000,s14_p2
1779333988.0,14,3,0.000000,s14_p3
1779333988.0,10,4,0.000000,s10_p4
1779333988.0,10,1,0.000000,s10_p1
1779333988.0,10,2,0.050717,s10_p2
1779333988.0,10,3,0.000000,s10_p3
1779333988.0,4,4,0.000000,s4_p4
1779333988.0,4,1,0.026587,s4_p1
1779333988.0,4,2,0.169192,s4_p2
1779333988.0,4,3,0.000000,s4_p3
1779333988.0,15,4,0.000000,s15_p4
1779333988.0,15,1,0.082164,s15_p1
1779333988.0,15,2,0.000000,s15_p2
1779333988.0,15,3,0.833719,s15_p3
1779333988.0,8,4,0.101495,s8_p4
1779333988.0,8,1,0.000000,s8_p1
1779333988.0,8,2,0.000000,s8_p2
1779333988.0,8,3,0.166742,s8_p3
1779333988.0,13,4,0.000000,s13_p4
1779333988.0,13,1,0.000000,s13_p1
1779333988.0,13,2,0.200538,s13_p2
1779333988.0,13,3,0.845643,s13_p3
1779333988.0,7,1,0.000000,s7_p1
1779333988.0,7,4,0.026585,s7_p4
1779333988.0,7,2,0.082173,s7_p2
1779333988.0,7,3,0.000000,s7_p3
1779333988.0,20,1,0.000000,s20_p1
1779333988.0,20,4,0.000000,s20_p4
1779333988.0,20,2,0.132892,s20_p2
1779333988.0,20,3,0.507407,s20_p3
1779333988.0,5,4,0.000000,s5_p4
1779333988.0,5,1,0.101447,s5_p1
1779333988.0,5,2,0.000000,s5_p2
1779333988.0,5,3,0.169078,s5_p3
1779333988.0,12,4,0.000000,s12_p4
1779333988.0,12,1,0.000000,s12_p1
1779333988.0,12,2,0.026533,s12_p2
1779333988.0,12,3,0.000000,s12_p3
1779333988.0,16,1,0.000000,s16_p1
1779333988.0,16,4,0.638885,s16_p4
1779333988.0,16,2,0.000000,s16_p2
1779333988.0,16,3,0.000000,s16_p3
1779333988.0,2,1,0.000000,s2_p1
1779333988.0,2,4,0.000000,s2_p4
1779333988.0,2,2,0.050706,s2_p2
1779333988.0,2,3,0.091754,s2_p3
1779333988.0,18,1,0.000000,s18_p1
1779333988.0,18,4,0.000000,s18_p4
1779333988.0,18,2,0.000000,s18_p2
1779333988.0,18,3,0.000000,s18_p3
1779333988.0,11,4,0.000000,s11_p4
1779333988.0,11,1,0.000000,s11_p1
1779333988.0,11,2,0.168780,s11_p2
1779333988.0,11,3,0.000000,s11_p3
1779333988.0,17,1,0.000000,s17_p1
1779333988.0,17,4,0.410484,s17_p4
1779333988.0,17,2,0.845115,s17_p2
1779333988.0,17,3,1.000000,s17_p3
1779333988.0,9,4,0.000000,s9_p4
1779333988.0,9,1,0.000000,s9_p1
1779333988.0,9,2,0.000000,s9_p2
1779333988.0,9,3,0.856971,s9_p3
1779333988.0,19,1,0.000000,s19_p1
1779333988.0,19,4,0.000000,s19_p4
1779333988.0,19,2,0.000000,s19_p2
1779333988.0,19,3,0.000000,s19_p3
1779333988.0,1,4,0.050683,s1_p4
1779333988.0,1,1,0.000000,s1_p1
1779333988.0,1,2,0.000000,s1_p2
1779333988.0,1,3,0.082058,s1_p3
1779333989.0,1,4,0.050834,s1_p4
1779333989.0,1,1,0.000000,s1_p1
1779333989.0,1,2,0.000000,s1_p2
1779333989.0,1,3,0.084723,s1_p3
1779333989.0,14,1,0.101374,s14_p1
1779333989.0,14,4,0.000000,s14_p4
1779333989.0,14,2,0.000000,s14_p2
1779333989.0,14,3,0.000000,s14_p3
1779333989.0,15,4,0.000000,s15_p4
1779333989.0,15,1,0.084529,s15_p1
1779333989.0,15,2,0.000000,s15_p2
1779333989.0,15,3,0.833214,s15_p3
1779333989.0,3,4,0.000000,s3_p4
1779333989.0,3,1,0.000000,s3_p1
1779333989.0,3,2,0.062741,s3_p2
1779333989.0,3,3,0.000000,s3_p3
1779333989.0,10,4,0.000000,s10_p4
1779333989.0,10,1,0.000000,s10_p1
1779333989.0,10,2,0.050680,s10_p2
1779333989.0,10,3,0.000000,s10_p3
1779333989.0,8,4,0.101386,s8_p4
1779333989.0,8,1,0.000000,s8_p1
1779333989.0,8,2,0.000000,s8_p2
1779333989.0,8,3,0.166562,s8_p3
1779333989.0,13,4,0.000000,s13_p4
1779333989.0,13,1,0.000000,s13_p1
1779333989.0,13,2,0.200340,s13_p2
1779333989.0,13,3,0.844808,s13_p3
1779333989.0,7,1,0.000000,s7_p1
1779333989.0,7,4,0.028962,s7_p4
1779333989.0,7,2,0.084472,s7_p2
1779333989.0,7,3,0.000000,s7_p3
1779333989.0,20,1,0.000000,s20_p1
1779333989.0,20,4,0.000000,s20_p4
1779333989.0,20,2,0.144745,s20_p2
1779333989.0,20,3,0.506607,s20_p3
1779333989.0,4,4,0.000000,s4_p4
1779333989.0,4,1,0.028935,s4_p1
1779333989.0,4,2,0.168785,s4_p2
1779333989.0,4,3,0.000000,s4_p3
1779333989.0,16,1,0.000000,s16_p1
1779333989.0,16,4,0.651604,s16_p4
1779333989.0,16,2,0.000000,s16_p2
1779333989.0,16,3,0.000000,s16_p3
1779333989.0,5,4,0.000000,s5_p4
1779333989.0,5,1,0.101315,s5_p1
1779333989.0,5,2,0.000000,s5_p2
1779333989.0,5,3,0.168859,s5_p3
1779333989.0,18,1,0.000000,s18_p1
1779333989.0,18,4,0.000000,s18_p4
1779333989.0,18,2,0.000000,s18_p2
1779333989.0,18,3,0.000000,s18_p3
1779333989.0,17,1,0.000000,s17_p1
1779333989.0,17,4,0.422343,s17_p4
1779333989.0,17,2,0.844686,s17_p2
1779333989.0,17,3,1.000000,s17_p3
1779333989.0,2,1,0.000000,s2_p1
1779333989.0,2,4,0.000000,s2_p4
1779333989.0,2,2,0.050676,s2_p2
1779333989.0,2,3,0.091699,s2_p3
1779333989.0,12,4,0.000000,s12_p4
1779333989.0,12,1,0.000000,s12_p1
1779333989.0,12,2,0.028945,s12_p2
1779333989.0,12,3,0.000000,s12_p3
1779333989.0,9,4,0.000000,s9_p4
1779333989.0,9,1,0.000000,s9_p1
1779333989.0,9,2,0.000000,s9_p2
1779333989.0,9,3,0.880621,s9_p3
1779333989.0,6,1,0.127542,s6_p1
1779333989.0,6,4,0.000000,s6_p4
1779333989.0,6,2,0.072194,s6_p2
1779333989.0,6,3,0.000000,s6_p3
1779333989.0,19,1,0.000000,s19_p1
1779333989.0,19,4,0.000000,s19_p4
1779333989.0,19,2,0.000000,s19_p2
1779333989.0,19,3,0.000000,s19_p3
1779333989.0,11,4,0.000000,s11_p4
1779333989.0,11,1,0.000000,s11_p1
1779333989.0,11,2,0.168841,s11_p2
1779333989.0,11,3,0.000000,s11_p3
1779333989.0,19,1,0.000000,s19_p1
1779333989.0,19,4,0.000000,s19_p4
1779333989.0,19,2,0.000000,s19_p2
1779333989.0,19,3,0.000000,s19_p3
1779333989.0,6,1,0.128301,s6_p1
1779333989.0,6,4,0.000000,s6_p4
1779333989.0,6,2,0.099252,s6_p2
1779333989.0,6,3,0.000000,s6_p3
1779333989.0,10,4,0.157013,s10_p4
1779333989.0,10,1,0.000543,s10_p1
1779333989.0,10,2,0.041065,s10_p2
1779333989.0,10,3,0.000000,s10_p3
1779333989.0,1,4,0.072397,s1_p4
1779333989.0,1,1,0.000543,s1_p1
1779333989.0,1,2,0.000543,s1_p2
1779333989.0,1,3,0.137869,s1_p3
1779333989.0,3,4,0.000000,s3_p4
1779333989.0,3,1,0.060655,s3_p1
1779333989.0,3,2,0.065214,s3_p2
1779333989.0,3,3,0.000000,s3_p3
1779333989.0,14,1,0.101351,s14_p1
1779333989.0,14,4,0.002937,s14_p4
1779333989.0,14,2,0.031370,s14_p2
1779333989.0,14,3,0.000000,s14_p3
1779333989.0,12,4,0.171935,s12_p4
1779333989.0,12,1,0.060435,s12_p1
1779333989.0,12,2,0.022390,s12_p2
1779333989.0,12,3,0.000000,s12_p3
1779333989.0,13,4,0.000000,s13_p4
1779333989.0,13,1,0.002958,s13_p1
1779333989.0,13,2,0.195580,s13_p2
1779333989.0,13,3,0.700226,s13_p3
1779333989.0,15,4,0.000000,s15_p4
1779333989.0,15,1,0.053402,s15_p1
1779333989.0,15,2,0.000000,s15_p2
1779333989.0,15,3,0.907592,s15_p3
1779333989.0,18,1,0.000000,s18_p1
1779333989.0,18,4,0.000000,s18_p4
1779333989.0,18,2,0.000000,s18_p2
1779333989.0,18,3,0.000000,s18_p3
1779333989.0,5,4,0.000588,s5_p4
1779333989.0,5,1,0.070037,s5_p1
1779333989.0,5,2,0.034354,s5_p2
1779333989.0,5,3,0.140074,s5_p3
1779333989.0,20,1,0.000000,s20_p1
1779333989.0,20,4,0.004072,s20_p4
1779333989.0,20,2,0.413654,s20_p2
1779333989.0,20,3,0.664031,s20_p3
1779333989.0,8,4,0.127851,s8_p4
1779333989.0,8,1,0.000271,s8_p1
1779333989.0,8,2,0.000000,s8_p2
1779333989.0,8,3,0.178510,s8_p3
1779333989.0,2,1,0.053134,s2_p1
1779333989.0,2,4,0.000543,s2_p4
1779333989.0,2,2,0.125589,s2_p2
1779333989.0,2,3,0.096607,s2_p3
1779333989.0,16,1,0.000543,s16_p1
1779333989.0,16,4,0.750161,s16_p4
1779333989.0,16,2,0.000272,s16_p2
1779333989.0,16,3,0.000000,s16_p3
1779333989.0,11,4,0.000000,s11_p4
1779333989.0,11,1,0.021746,s11_p1
1779333989.0,11,2,0.140143,s11_p2
1779333989.0,11,3,0.278014,s11_p3
1779333989.0,4,4,0.034346,s4_p4
1779333989.0,4,1,0.022047,s4_p1
1779333989.0,4,2,0.140357,s4_p2
1779333989.0,4,3,0.055562,s4_p3
1779333989.0,7,1,0.000542,s7_p1
1779333989.0,7,4,0.022028,s7_p4
1779333989.0,7,2,0.053390,s7_p2
1779333989.0,7,3,0.056029,s7_p3
1779333989.0,17,1,0.268330,s17_p1
1779333989.0,17,4,0.267196,s17_p4
1779333989.0,17,2,0.808919,s17_p2
1779333989.0,17,3,0.992735,s17_p3
1779333989.0,9,4,0.000000,s9_p4
1779333989.0,9,1,0.000543,s9_p1
1779333989.0,9,2,0.140088,s9_p2
1779333989.0,9,3,0.750328,s9_p3
1779333990.0,19,1,0.000000,s19_p1
1779333990.0,19,4,0.000000,s19_p4
1779333990.0,19,2,0.000000,s19_p2
1779333990.0,19,3,0.000000,s19_p3
1779333990.0,6,1,0.078898,s6_p1
1779333990.0,6,4,0.000000,s6_p4
1779333990.0,6,2,0.111458,s6_p2
1779333990.0,6,3,0.003260,s6_p3
1779333990.0,1,4,0.079716,s1_p4
1779333990.0,1,1,0.000000,s1_p1
1779333990.0,1,2,0.000000,s1_p2
1779333990.0,1,3,0.171511,s1_p3
1779333990.0,14,1,0.070107,s14_p1
1779333990.0,14,4,0.003166,s14_p4
1779333990.0,14,2,0.080094,s14_p2
1779333990.0,14,3,0.000000,s14_p3
1779333990.0,3,4,0.000000,s3_p4
1779333990.0,3,1,0.142488,s3_p1
1779333990.0,3,2,0.070037,s3_p2
1779333990.0,3,3,0.000000,s3_p3
1779333990.0,10,4,0.400012,s10_p4
1779333990.0,10,1,0.000000,s10_p1
1779333990.0,10,2,0.000000,s10_p2
1779333990.0,10,3,0.000000,s10_p3
1779333990.0,15,4,0.000000,s15_p4
1779333990.0,15,1,0.000000,s15_p1
1779333990.0,15,2,0.002445,s15_p2
1779333990.0,15,3,1.000000,s15_p3
1779333990.0,13,4,0.000000,s13_p4
1779333990.0,13,1,0.089926,s13_p1
1779333990.0,13,2,0.110291,s13_p2
1779333990.0,13,3,0.016297,s13_p3
1779333990.0,7,1,0.000000,s7_p1
1779333990.0,7,4,0.000000,s7_p4
1779333990.0,7,2,0.000000,s7_p2
1779333990.0,7,3,0.130572,s7_p3
1779333990.0,8,4,0.142635,s8_p4
1779333990.0,8,1,0.000000,s8_p1
1779333990.0,8,2,0.002446,s8_p2
1779333990.0,8,3,0.088931,s8_p3
1779333990.0,4,4,0.070095,s4_p4
1779333990.0,4,1,0.000000,s4_p1
1779333990.0,4,2,0.000633,s4_p2
1779333990.0,4,3,0.111185,s4_p3
1779333990.0,20,1,0.000000,s20_p1
1779333990.0,20,4,0.000000,s20_p4
1779333990.0,20,2,0.716053,s20_p2
1779333990.0,20,3,0.750719,s20_p3
1779333990.0,12,4,0.350095,s12_p4
1779333990.0,12,1,0.142452,s12_p1
1779333990.0,12,2,0.000632,s12_p2
1779333990.0,12,3,0.000000,s12_p3
1779333990.0,5,4,0.000633,s5_p4
1779333990.0,5,1,0.089363,s5_p1
1779333990.0,5,2,0.070585,s5_p2
1779333990.0,5,3,0.000000,s5_p3
1779333990.0,16,1,0.000000,s16_p1
1779333990.0,16,4,0.712510,s16_p4
1779333990.0,16,2,0.000000,s16_p2
1779333990.0,16,3,0.000000,s16_p3
1779333990.0,2,1,0.114327,s2_p1
1779333990.0,2,4,0.000316,s2_p4
1779333990.0,2,2,0.171476,s2_p2
1779333990.0,2,3,0.007245,s2_p3
1779333990.0,18,1,0.000000,s18_p1
1779333990.0,18,4,0.000000,s18_p4
1779333990.0,18,2,0.000000,s18_p2
1779333990.0,18,3,0.000000,s18_p3
1779333990.0,11,4,0.000000,s11_p4
1779333990.0,11,1,0.070041,s11_p1
1779333990.0,11,2,0.000000,s11_p2
1779333990.0,11,3,0.567572,s11_p3
1779333990.0,17,1,0.571677,s17_p1
1779333990.0,17,4,0.012220,s17_p4
1779333990.0,17,2,0.350223,s17_p2
1779333990.0,17,3,1.000000,s17_p3
1779333990.0,9,4,0.000000,s9_p4
1779333990.0,9,1,0.000000,s9_p1
1779333990.0,9,2,0.283407,s9_p2
1779333990.0,9,3,0.036230,s9_p3
1779333990.0,14,1,0.067642,s14_p1
1779333990.0,14,4,0.000000,s14_p4
1779333990.0,14,2,0.082137,s14_p2
1779333990.0,14,3,0.000000,s14_p3
1779333990.0,8,4,0.142538,s8_p4
1779333990.0,8,1,0.000000,s8_p1
1779333990.0,8,2,0.000000,s8_p2
1779333990.0,8,3,0.084557,s8_p3
1779333990.0,13,4,0.000000,s13_p4
1779333990.0,13,1,0.084540,s13_p1
1779333990.0,13,2,0.033816,s13_p2
1779333990.0,13,3,0.000000,s13_p3
1779333990.0,3,4,0.000000,s3_p4
1779333990.0,3,1,0.142414,s3_p1
1779333990.0,3,2,0.082069,s3_p2
1779333990.0,3,3,0.000000,s3_p3
1779333990.0,7,1,0.000000,s7_p1
1779333990.0,7,4,0.000000,s7_p4
1779333990.0,7,2,0.000000,s7_p2
1779333990.0,7,3,0.130430,s7_p3
1779333990.0,1,4,0.082037,s1_p4
1779333990.0,1,1,0.000000,s1_p1
1779333990.0,1,2,0.000000,s1_p2
1779333990.0,1,3,0.168899,s1_p3
1779333990.0,12,4,0.338023,s12_p4
1779333990.0,12,1,0.142453,s12_p1
1779333990.0,12,2,0.000000,s12_p2
1779333990.0,12,3,0.000000,s12_p3
1779333990.0,18,1,0.000000,s18_p1
1779333990.0,18,4,0.000000,s18_p4
1779333990.0,18,2,0.000000,s18_p2
1779333990.0,18,3,0.000000,s18_p3
1779333990.0,20,1,0.000000,s20_p1
1779333990.0,20,4,0.000000,s20_p4
1779333990.0,20,2,0.712140,s20_p2
1779333990.0,20,3,0.748350,s20_p3
1779333990.0,16,1,0.000000,s16_p1
1779333990.0,16,4,0.712511,s16_p4
1779333990.0,16,2,0.000000,s16_p2
1779333990.0,16,3,0.000000,s16_p3
1779333990.0,4,4,0.067580,s4_p4
1779333990.0,4,1,0.000000,s4_p1
1779333990.0,4,2,0.000000,s4_p2
1779333990.0,4,3,0.111024,s4_p3
1779333990.0,5,4,0.000000,s5_p4
1779333990.0,5,1,0.084521,s5_p1
1779333990.0,5,2,0.067617,s5_p2
1779333990.0,5,3,0.000000,s5_p3
1779333990.0,17,1,0.543444,s17_p1
1779333990.0,17,4,0.000000,s17_p4
1779333990.0,17,2,0.410602,s17_p2
1779333990.0,17,3,0.603826,s17_p3
1779333990.0,6,1,0.033720,s6_p1
1779333990.0,6,4,0.000000,s6_p4
1779333990.0,6,2,0.081891,s6_p2
1779333990.0,6,3,0.000000,s6_p3
1779333990.0,2,1,0.108623,s2_p1
1779333990.0,2,4,0.000000,s2_p4
1779333990.0,2,2,0.168969,s2_p2
1779333990.0,2,3,0.000000,s2_p3
1779333990.0,11,4,0.000000,s11_p4
1779333990.0,11,1,0.082072,s11_p1
1779333990.0,11,2,0.000000,s11_p2
1779333990.0,11,3,0.555195,s11_p3
1779333990.0,9,4,0.000000,s9_p4
1779333990.0,9,1,0.000000,s9_p1
1779333990.0,9,2,0.280066,s9_p2
1779333990.0,9,3,0.000000,s9_p3
1779333990.0,10,4,0.409648,s10_p4
1779333990.0,10,1,0.000000,s10_p1
1779333990.0,10,2,0.000000,s10_p2
1779333990.0,10,3,0.000000,s10_p3
1779333990.0,19,1,0.000000,s19_p1
1779333990.0,19,4,0.000000,s19_p4
1779333990.0,19,2,0.000000,s19_p2
1779333990.0,19,3,0.000000,s19_p3
1779333990.0,15,4,0.000000,s15_p4
1779333990.0,15,1,0.000000,s15_p1
1779333990.0,15,2,0.000000,s15_p2
1779333990.0,15,3,0.999885,s15_p3
1779333991.0,13,4,0.000000,s13_p4
1779333991.0,13,1,0.084556,s13_p1
1779333991.0,13,2,0.036238,s13_p2
1779333991.0,13,3,0.000000,s13_p3
1779333991.0,20,1,0.000000,s20_p1
1779333991.0,20,4,0.000000,s20_p4
1779333991.0,20,2,0.713306,s20_p2
1779333991.0,20,3,0.749576,s20_p3
1779333991.0,16,1,0.000000,s16_p1
1779333991.0,16,4,0.713107,s16_p4
1779333991.0,16,2,0.000000,s16_p2
1779333991.0,16,3,0.000000,s16_p3
1779333991.0,11,4,0.000000,s11_p4
1779333991.0,11,1,0.079817,s11_p1
1779333991.0,11,2,0.000000,s11_p2
1779333991.0,11,3,0.544210,s11_p3
1779333991.0,18,1,0.000000,s18_p1
1779333991.0,18,4,0.000000,s18_p4
1779333991.0,18,2,0.000000,s18_p2
1779333991.0,18,3,0.000000,s18_p3
1779333991.0,6,1,0.036271,s6_p1
1779333991.0,6,4,0.000000,s6_p4
1779333991.0,6,2,0.079796,s6_p2
1779333991.0,6,3,0.000000,s6_p3
1779333991.0,1,4,0.079640,s1_p4
1779333991.0,1,1,0.000000,s1_p1
1779333991.0,1,2,0.000000,s1_p2
1779333991.0,1,3,0.171346,s1_p3
1779333991.0,8,4,0.142339,s8_p4
1779333991.0,8,1,0.000000,s8_p1
1779333991.0,8,2,0.000000,s8_p2
1779333991.0,8,3,0.084438,s8_p3
1779333991.0,14,1,0.069899,s14_p1
1779333991.0,14,4,0.000000,s14_p4
1779333991.0,14,2,0.079540,s14_p2
1779333991.0,14,3,0.000000,s14_p3
1779333991.0,3,4,0.000000,s3_p4
1779333991.0,3,1,0.142354,s3_p1
1779333991.0,3,2,0.079622,s3_p2
1779333991.0,3,3,0.000000,s3_p3
1779333991.0,15,4,0.000000,s15_p4
1779333991.0,15,1,0.000000,s15_p1
1779333991.0,15,2,0.000000,s15_p2
1779333991.0,15,3,0.990822,s15_p3
1779333991.0,5,4,0.000000,s5_p4
1779333991.0,5,1,0.084499,s5_p1
1779333991.0,5,2,0.070013,s5_p2
1779333991.0,5,3,0.000000,s5_p3
1779333991.0,10,4,0.398583,s10_p4
1779333991.0,10,1,0.000000,s10_p1
1779333991.0,10,2,0.000000,s10_p2
1779333991.0,10,3,0.000000,s10_p3
1779333991.0,7,1,0.000000,s7_p1
1779333991.0,7,4,0.000000,s7_p4
1779333991.0,7,2,0.000000,s7_p2
1779333991.0,7,3,0.127804,s7_p3
1779333991.0,9,4,0.000000,s9_p4
1779333991.0,9,1,0.000000,s9_p1
1779333991.0,9,2,0.280198,s9_p2
1779333991.0,9,3,0.000000,s9_p3
1779333991.0,17,1,0.555242,s17_p1
1779333991.0,17,4,0.000000,s17_p4
1779333991.0,17,2,0.398325,s17_p2
1779333991.0,17,3,0.591453,s17_p3
1779333991.0,12,4,0.349826,s12_p4
1779333991.0,12,1,0.142343,s12_p1
1779333991.0,12,2,0.000000,s12_p2
1779333991.0,12,3,0.000000,s12_p3
1779333991.0,19,1,0.000000,s19_p1
1779333991.0,19,4,0.000000,s19_p4
1779333991.0,19,2,0.000000,s19_p2
1779333991.0,19,3,0.000000,s19_p3
1779333991.0,2,1,0.113477,s2_p1
1779333991.0,2,4,0.000000,s2_p4
1779333991.0,2,2,0.171422,s2_p2
1779333991.0,2,3,0.000000,s2_p3
1779333991.0,4,4,0.069976,s4_p4
1779333991.0,4,1,0.000000,s4_p1
1779333991.0,4,2,0.000000,s4_p2
1779333991.0,4,3,0.113410,s4_p3
1779333991.0,13,4,0.000000,s13_p4
1779333991.0,13,1,0.084607,s13_p1
1779333991.0,13,2,0.033843,s13_p2
1779333991.0,13,3,0.000000,s13_p3
1779333991.0,5,4,0.000000,s5_p4
1779333991.0,5,1,0.084720,s5_p1
1779333991.0,5,2,0.067776,s5_p2
1779333991.0,5,3,0.000000,s5_p3
1779333991.0,20,1,0.000000,s20_p1
1779333991.0,20,4,0.000000,s20_p4
1779333991.0,20,2,0.712787,s20_p2
1779333991.0,20,3,0.749031,s20_p3
1779333991.0,17,1,0.556721,s17_p1
1779333991.0,17,4,0.000000,s17_p4
1779333991.0,17,2,0.411490,s17_p2
1779333991.0,17,3,0.593029,s17_p3
1779333991.0,18,1,0.000000,s18_p1
1779333991.0,18,4,0.000000,s18_p4
1779333991.0,18,2,0.000000,s18_p2
1779333991.0,18,3,0.000000,s18_p3
1779333991.0,9,4,0.000000,s9_p4
1779333991.0,9,1,0.000000,s9_p1
1779333991.0,9,2,0.280669,s9_p2
1779333991.0,9,3,0.000000,s9_p3
1779333991.0,1,4,0.082200,s1_p4
1779333991.0,1,1,0.000000,s1_p1
1779333991.0,1,2,0.000000,s1_p2
1779333991.0,1,3,0.169234,s1_p3
1779333991.0,8,4,0.142645,s8_p4
1779333991.0,8,1,0.000000,s8_p1
1779333991.0,8,2,0.000000,s8_p2
1779333991.0,8,3,0.084620,s8_p3
1779333991.0,2,1,0.108912,s2_p1
1779333991.0,2,4,0.000000,s2_p4
1779333991.0,2,2,0.169419,s2_p2
1779333991.0,2,3,0.000000,s2_p3
1779333991.0,16,1,0.000000,s16_p1
1779333991.0,16,4,0.712652,s16_p4
1779333991.0,16,2,0.000000,s16_p2
1779333991.0,16,3,0.000000,s16_p3
1779333991.0,3,4,0.000000,s3_p4
1779333991.0,3,1,0.142612,s3_p1
1779333991.0,3,2,0.082183,s3_p2
1779333991.0,3,3,0.000000,s3_p3
1779333991.0,14,1,0.067675,s14_p1
1779333991.0,14,4,0.000000,s14_p4
1779333991.0,14,2,0.082177,s14_p2
1779333991.0,14,3,0.000000,s14_p3
1779333991.0,19,1,0.000000,s19_p1
1779333991.0,19,4,0.000000,s19_p4
1779333991.0,19,2,0.000000,s19_p2
1779333991.0,19,3,0.000000,s19_p3
1779333991.0,15,4,0.000000,s15_p4
1779333991.0,15,1,0.000000,s15_p1
1779333991.0,15,2,0.000000,s15_p2
1779333991.0,15,3,1.000000,s15_p3
1779333991.0,11,4,0.000000,s11_p4
1779333991.0,11,1,0.082079,s11_p1
1779333991.0,11,2,0.000000,s11_p2
1779333991.0,11,3,0.555242,s11_p3
1779333991.0,6,1,0.033800,s6_p1
1779333991.0,6,4,0.000000,s6_p4
1779333991.0,6,2,0.082087,s6_p2
1779333991.0,6,3,0.000000,s6_p3
1779333991.0,12,4,0.338495,s12_p4
1779333991.0,12,1,0.142651,s12_p1
1779333991.0,12,2,0.000000,s12_p2
1779333991.0,12,3,0.000000,s12_p3
1779333991.0,4,4,0.067689,s4_p4
1779333991.0,4,1,0.000000,s4_p1
1779333991.0,4,2,0.000000,s4_p2
1779333991.0,4,3,0.108786,s4_p3
1779333991.0,10,4,0.410752,s10_p4
1779333991.0,10,1,0.000000,s10_p1
1779333991.0,10,2,0.000000,s10_p2
1779333991.0,10,3,0.000000,s10_p3
1779333991.0,7,1,0.000000,s7_p1
1779333991.0,7,4,0.000000,s7_p4
1779333991.0,7,2,0.000000,s7_p2
1779333991.0,7,3,0.130473,s7_p3
1779333992.0,6,1,0.036264,s6_p1
1779333992.0,6,4,0.000000,s6_p4
1779333992.0,6,2,0.079780,s6_p2
1779333992.0,6,3,0.000000,s6_p3
1779333992.0,1,4,0.079692,s1_p4
1779333992.0,1,1,0.000000,s1_p1
1779333992.0,1,2,0.000000,s1_p2
1779333992.0,1,3,0.171458,s1_p3
1779333992.0,19,1,0.000000,s19_p1
1779333992.0,19,4,0.000000,s19_p4
1779333992.0,19,2,0.000000,s19_p2
1779333992.0,19,3,0.000000,s19_p3
1779333992.0,3,4,0.000000,s3_p4
1779333992.0,3,1,0.140100,s3_p1
1779333992.0,3,2,0.079712,s3_p2
1779333992.0,3,3,0.000000,s3_p3
1779333992.0,13,4,0.000000,s13_p4
1779333992.0,13,1,0.084420,s13_p1
1779333992.0,13,2,0.036180,s13_p2
1779333992.0,13,3,0.000000,s13_p3
1779333992.0,10,4,0.398932,s10_p4
1779333992.0,10,1,0.000000,s10_p1
1779333992.0,10,2,0.000000,s10_p2
1779333992.0,10,3,0.000000,s10_p3
1779333992.0,20,1,0.000000,s20_p1
1779333992.0,20,4,0.000000,s20_p4
1779333992.0,20,2,0.711322,s20_p2
1779333992.0,20,3,0.747491,s20_p3
1779333992.0,5,4,0.000000,s5_p4
1779333992.0,5,1,0.084380,s5_p1
1779333992.0,5,2,0.069915,s5_p2
1779333992.0,5,3,0.000000,s5_p3
1779333992.0,4,4,0.070037,s4_p4
1779333992.0,4,1,0.000000,s4_p1
1779333992.0,4,2,0.000000,s4_p2
1779333992.0,4,3,0.111094,s4_p3
1779333992.0,17,1,0.554530,s17_p1
1779333992.0,17,4,0.000000,s17_p4
1779333992.0,17,2,0.397815,s17_p2
1779333992.0,17,3,0.602750,s17_p3
1779333992.0,15,4,0.000000,s15_p4
1779333992.0,15,1,0.000000,s15_p1
1779333992.0,15,2,0.000000,s15_p2
1779333992.0,15,3,1.000000,s15_p3
1779333992.0,9,4,0.000000,s9_p4
1779333992.0,9,1,0.000000,s9_p1
1779333992.0,9,2,0.282182,s9_p2
1779333992.0,9,3,0.000000,s9_p3
1779333992.0,8,4,0.139895,s8_p4
1779333992.0,8,1,0.000000,s8_p1
1779333992.0,8,2,0.000000,s8_p2
1779333992.0,8,3,0.084419,s8_p3
1779333992.0,16,1,0.000000,s16_p1
1779333992.0,16,4,0.711548,s16_p4
1779333992.0,16,2,0.000000,s16_p2
1779333992.0,16,3,0.000000,s16_p3
1779333992.0,14,1,0.069968,s14_p1
1779333992.0,14,4,0.000000,s14_p4
1779333992.0,14,2,0.079619,s14_p2
1779333992.0,14,3,0.000000,s14_p3
1779333992.0,18,1,0.000000,s18_p1
1779333992.0,18,4,0.000000,s18_p4
1779333992.0,18,2,0.000000,s18_p2
1779333992.0,18,3,0.000000,s18_p3
1779333992.0,12,4,0.350035,s12_p4
1779333992.0,12,1,0.142428,s12_p1
1779333992.0,12,2,0.000000,s12_p2
1779333992.0,12,3,0.000000,s12_p3
1779333992.0,11,4,0.000000,s11_p4
1779333992.0,11,1,0.079653,s11_p1
1779333992.0,11,2,0.000000,s11_p2
1779333992.0,11,3,0.555156,s11_p3
1779333992.0,7,1,0.000000,s7_p1
1779333992.0,7,4,0.000000,s7_p4
1779333992.0,7,2,0.000000,s7_p2
1779333992.0,7,3,0.130400,s7_p3
1779333992.0,2,1,0.110936,s2_p1
1779333992.0,2,4,0.000000,s2_p4
1779333992.0,2,2,0.171227,s2_p2
1779333992.0,2,3,0.000000,s2_p3
1779333992.0,6,1,0.036254,s6_p1
1779333992.0,6,4,0.000000,s6_p4
1779333992.0,6,2,0.082175,s6_p2
1779333992.0,6,3,0.000000,s6_p3
1779333992.0,3,4,0.000000,s3_p4
1779333992.0,3,1,0.142527,s3_p1
1779333992.0,3,2,0.077303,s3_p2
1779333992.0,3,3,0.000000,s3_p3
1779333992.0,14,1,0.067715,s14_p1
1779333992.0,14,4,0.000000,s14_p4
1779333992.0,14,2,0.082225,s14_p2
1779333992.0,14,3,0.000000,s14_p3
1779333992.0,1,4,0.082116,s1_p4
1779333992.0,1,1,0.000000,s1_p1
1779333992.0,1,2,0.000000,s1_p2
1779333992.0,1,3,0.169063,s1_p3
1779333992.0,10,4,0.410613,s10_p4
1779333992.0,10,1,0.000000,s10_p1
1779333992.0,10,2,0.000000,s10_p2
1779333992.0,10,3,0.000000,s10_p3
1779333992.0,15,4,0.000000,s15_p4
1779333992.0,15,1,0.000000,s15_p1
1779333992.0,15,2,0.000000,s15_p2
1779333992.0,15,3,1.000000,s15_p3
1779333992.0,13,4,0.000000,s13_p4
1779333992.0,13,1,0.086883,s13_p1
1779333992.0,13,2,0.036201,s13_p2
1779333992.0,13,3,0.000000,s13_p3
1779333992.0,8,4,0.142547,s8_p4
1779333992.0,8,1,0.000000,s8_p1
1779333992.0,8,2,0.000000,s8_p2
1779333992.0,8,3,0.082146,s8_p3
1779333992.0,7,1,0.000000,s7_p1
1779333992.0,7,4,0.000000,s7_p4
1779333992.0,7,2,0.000000,s7_p2
1779333992.0,7,3,0.128060,s7_p3
1779333992.0,2,1,0.111085,s2_p1
1779333992.0,2,4,0.000000,s2_p4
1779333992.0,2,2,0.171457,s2_p2
1779333992.0,2,3,0.000000,s2_p3
1779333992.0,16,1,0.000000,s16_p1
1779333992.0,16,4,0.712248,s16_p4
1779333992.0,16,2,0.000000,s16_p2
1779333992.0,16,3,0.000000,s16_p3
1779333992.0,5,4,0.000000,s5_p4
1779333992.0,5,1,0.086904,s5_p1
1779333992.0,5,2,0.067592,s5_p2
1779333992.0,5,3,0.000000,s5_p3
1779333992.0,4,4,0.067592,s4_p4
1779333992.0,4,1,0.000000,s4_p1
1779333992.0,4,2,0.000000,s4_p2
1779333992.0,4,3,0.111045,s4_p3
1779333992.0,18,1,0.000000,s18_p1
1779333992.0,18,4,0.000000,s18_p4
1779333992.0,18,2,0.000000,s18_p2
1779333992.0,18,3,0.000000,s18_p3
1779333992.0,12,4,0.338002,s12_p4
1779333992.0,12,1,0.142444,s12_p1
1779333992.0,12,2,0.000000,s12_p2
1779333992.0,12,3,0.000000,s12_p3
1779333992.0,11,4,0.000000,s11_p4
1779333992.0,11,1,0.077258,s11_p1
1779333992.0,11,2,0.000000,s11_p2
1779333992.0,11,3,0.555289,s11_p3
1779333992.0,17,1,0.555189,s17_p1
1779333992.0,17,4,0.000000,s17_p4
1779333992.0,17,2,0.386219,s17_p2
1779333992.0,17,3,0.615536,s17_p3
1779333992.0,20,1,0.000000,s20_p1
1779333992.0,20,4,0.000000,s20_p4
1779333992.0,20,2,0.711965,s20_p2
1779333992.0,20,3,0.748166,s20_p3
1779333992.0,19,1,0.000000,s19_p1
1779333992.0,19,4,0.000000,s19_p4
1779333992.0,19,2,0.000000,s19_p2
1779333992.0,19,3,0.000000,s19_p3
1779333992.0,9,4,0.000000,s9_p4
1779333992.0,9,1,0.000000,s9_p1
1779333992.0,9,2,0.284753,s9_p2
1779333992.0,9,3,0.000000,s9_p3
1779333993.0,6,1,0.036202,s6_p1
1779333993.0,6,4,0.000000,s6_p4
1779333993.0,6,2,0.079645,s6_p2
1779333993.0,6,3,0.000000,s6_p3
1779333993.0,10,4,0.398524,s10_p4
1779333993.0,10,1,0.000000,s10_p1
1779333993.0,10,2,0.000000,s10_p2
1779333993.0,10,3,0.000000,s10_p3
1779333993.0,7,1,0.000000,s7_p1
1779333993.0,7,4,0.000000,s7_p4
1779333993.0,7,2,0.000000,s7_p2
1779333993.0,7,3,0.130458,s7_p3
1779333993.0,1,4,0.079643,s1_p4
1779333993.0,1,1,0.000000,s1_p1
1779333993.0,1,2,0.000000,s1_p2
1779333993.0,1,3,0.171354,s1_p3
1779333993.0,8,4,0.142514,s8_p4
1779333993.0,8,1,0.000000,s8_p1
1779333993.0,8,2,0.000000,s8_p2
1779333993.0,8,3,0.084542,s8_p3
1779333993.0,14,1,0.069983,s14_p1
1779333993.0,14,4,0.000000,s14_p4
1779333993.0,14,2,0.079636,s14_p2
1779333993.0,14,3,0.000000,s14_p3
1779333993.0,3,4,0.000000,s3_p4
1779333993.0,3,1,0.142358,s3_p1
1779333993.0,3,2,0.082037,s3_p2
1779333993.0,3,3,0.000000,s3_p3
1779333993.0,20,1,0.000000,s20_p1
1779333993.0,20,4,0.000000,s20_p4
1779333993.0,20,2,0.701051,s20_p2
1779333993.0,20,3,0.749400,s20_p3
1779333993.0,19,1,0.000000,s19_p1
1779333993.0,19,4,0.000000,s19_p4
1779333993.0,19,2,0.000000,s19_p2
1779333993.0,19,3,0.000000,s19_p3
1779333993.0,15,4,0.000000,s15_p4
1779333993.0,15,1,0.000000,s15_p1
1779333993.0,15,2,0.000000,s15_p2
1779333993.0,15,3,0.989947,s15_p3
1779333993.0,18,1,0.000000,s18_p1
1779333993.0,18,4,0.000000,s18_p4
1779333993.0,18,2,0.000000,s18_p2
1779333993.0,18,3,0.000000,s18_p3
1779333993.0,12,4,0.350213,s12_p4
1779333993.0,12,1,0.140085,s12_p1
1779333993.0,12,2,0.000000,s12_p2
1779333993.0,12,3,0.000000,s12_p3
1779333993.0,16,1,0.000000,s16_p1
1779333993.0,16,4,0.700331,s16_p4
1779333993.0,16,2,0.000000,s16_p2
1779333993.0,16,3,0.000000,s16_p3
1779333993.0,4,4,0.070034,s4_p4
1779333993.0,4,1,0.000000,s4_p1
1779333993.0,4,2,0.000000,s4_p2
1779333993.0,4,3,0.111088,s4_p3
1779333993.0,5,4,0.000000,s5_p4
1779333993.0,5,1,0.082104,s5_p1
1779333993.0,5,2,0.070030,s5_p2
1779333993.0,5,3,0.000000,s5_p3
1779333993.0,2,1,0.111066,s2_p1
1779333993.0,2,4,0.000000,s2_p4
1779333993.0,2,2,0.169014,s2_p2
1779333993.0,2,3,0.000000,s2_p3
1779333993.0,17,1,0.555427,s17_p1
1779333993.0,17,4,0.000000,s17_p4
1779333993.0,17,2,0.410533,s17_p2
1779333993.0,17,3,0.591651,s17_p3
1779333993.0,13,4,0.000000,s13_p4
1779333993.0,13,1,0.082030,s13_p1
1779333993.0,13,2,0.036190,s13_p2
1779333993.0,13,3,0.000000,s13_p3
1779333993.0,9,4,0.000000,s9_p4
1779333993.0,9,1,0.000000,s9_p1
1779333993.0,9,2,0.280209,s9_p2
1779333993.0,9,3,0.000000,s9_p3
1779333993.0,11,4,0.000000,s11_p4
1779333993.0,11,1,0.082089,s11_p1
1779333993.0,11,2,0.000000,s11_p2
1779333993.0,11,3,0.567379,s11_p3
1779333993.0,6,1,0.036259,s6_p1
1779333993.0,6,4,0.000000,s6_p4
1779333993.0,6,2,0.082187,s6_p2
1779333993.0,6,3,0.000000,s6_p3
1779333993.0,1,4,0.082218,s1_p4
1779333993.0,1,1,0.000000,s1_p1
1779333993.0,1,2,0.000000,s1_p2
1779333993.0,1,3,0.171692,s1_p3
1779333993.0,14,1,0.070126,s14_p1
1779333993.0,14,4,0.000000,s14_p4
1779333993.0,14,2,0.082217,s14_p2
1779333993.0,14,3,0.000000,s14_p3
1779333993.0,10,4,0.410724,s10_p4
1779333993.0,10,1,0.000000,s10_p1
1779333993.0,10,2,0.000000,s10_p2
1779333993.0,10,3,0.000000,s10_p3
1779333993.0,3,4,0.000000,s3_p4
1779333993.0,3,1,0.142659,s3_p1
1779333993.0,3,2,0.079792,s3_p2
1779333993.0,3,3,0.000000,s3_p3
1779333993.0,13,4,0.000000,s13_p4
1779333993.0,13,1,0.082255,s13_p1
1779333993.0,13,2,0.036289,s13_p2
1779333993.0,13,3,0.000000,s13_p3
1779333993.0,7,1,0.000000,s7_p1
1779333993.0,7,4,0.000000,s7_p4
1779333993.0,7,2,0.000000,s7_p2
1779333993.0,7,3,0.128055,s7_p3
1779333993.0,20,1,0.000000,s20_p1
1779333993.0,20,4,0.000000,s20_p4
1779333993.0,20,2,0.712868,s20_p2
1779333993.0,20,3,0.761198,s20_p3
1779333993.0,4,4,0.070140,s4_p4
1779333993.0,4,1,0.000000,s4_p1
1779333993.0,4,2,0.000000,s4_p2
1779333993.0,4,3,0.111256,s4_p3
1779333993.0,15,4,0.000000,s15_p4
1779333993.0,15,1,0.000000,s15_p1
1779333993.0,15,2,0.000000,s15_p2
1779333993.0,15,3,1.000000,s15_p3
1779333993.0,18,1,0.000000,s18_p1
1779333993.0,18,4,0.000000,s18_p4
1779333993.0,18,2,0.000000,s18_p2
1779333993.0,18,3,0.000000,s18_p3
1779333993.0,2,1,0.111194,s2_p1
1779333993.0,2,4,0.000000,s2_p4
1779333993.0,2,2,0.171625,s2_p2
1779333993.0,2,3,0.000000,s2_p3
1779333993.0,8,4,0.142463,s8_p4
1779333993.0,8,1,0.000000,s8_p1
1779333993.0,8,2,0.000000,s8_p2
1779333993.0,8,3,0.084512,s8_p3
1779333993.0,12,4,0.350429,s12_p4
1779333993.0,12,1,0.142588,s12_p1
1779333993.0,12,2,0.000000,s12_p2
1779333993.0,12,3,0.000000,s12_p3
1779333993.0,17,1,0.555945,s17_p1
1779333993.0,17,4,0.000000,s17_p4
1779333993.0,17,2,0.398830,s17_p2
1779333993.0,17,3,0.592203,s17_p3
1779333993.0,16,1,0.000000,s16_p1
1779333993.0,16,4,0.712915,s16_p4
1779333993.0,16,2,0.000000,s16_p2
1779333993.0,16,3,0.000000,s16_p3
1779333993.0,5,4,0.000000,s5_p4
1779333993.0,5,1,0.082167,s5_p1
1779333993.0,5,2,0.070084,s5_p2
1779333993.0,5,3,0.000000,s5_p3
1779333993.0,19,1,0.000000,s19_p1
1779333993.0,19,4,0.000000,s19_p4
1779333993.0,19,2,0.000000,s19_p2
1779333993.0,19,3,0.000000,s19_p3
1779333993.0,11,4,0.000000,s11_p4
1779333993.0,11,1,0.079744,s11_p1
1779333993.0,11,2,0.000000,s11_p2
1779333993.0,11,3,0.555795,s11_p3
1779333993.0,9,4,0.000000,s9_p4
1779333993.0,9,1,0.000000,s9_p1
1779333993.0,9,2,0.282679,s9_p2
1779333993.0,9,3,0.000000,s9_p3
1779333994.0,3,4,0.000000,s3_p4
1779333994.0,3,1,0.142532,s3_p1
1779333994.0,3,2,0.079721,s3_p2
1779333994.0,3,3,0.000000,s3_p3
1779333994.0,1,4,0.079687,s1_p4
1779333994.0,1,1,0.000000,s1_p1
1779333994.0,1,2,0.000000,s1_p2
1779333994.0,1,3,0.169033,s1_p3
1779333994.0,10,4,0.398482,s10_p4
1779333994.0,10,1,0.000000,s10_p1
1779333994.0,10,2,0.000000,s10_p2
1779333994.0,10,3,0.000000,s10_p3
1779333994.0,7,1,0.000000,s7_p1
1779333994.0,7,4,0.000000,s7_p4
1779333994.0,7,2,0.000000,s7_p2
1779333994.0,7,3,0.130423,s7_p3
1779333994.0,13,4,0.000000,s13_p4
1779333994.0,13,1,0.086937,s13_p1
1779333994.0,13,2,0.033809,s13_p2
1779333994.0,13,3,0.000000,s13_p3
1779333994.0,5,4,0.000000,s5_p4
1779333994.0,5,1,0.087018,s5_p1
1779333994.0,5,2,0.067681,s5_p2
1779333994.0,5,3,0.000000,s5_p3
1779333994.0,8,4,0.142580,s8_p4
1779333994.0,8,1,0.000000,s8_p1
1779333994.0,8,2,0.000000,s8_p2
1779333994.0,8,3,0.084581,s8_p3
1779333994.0,20,1,0.000000,s20_p1
1779333994.0,20,4,0.000000,s20_p4
1779333994.0,20,2,0.712390,s20_p2
1779333994.0,20,3,0.736539,s20_p3
1779333994.0,4,4,0.067617,s4_p4
1779333994.0,4,1,0.000000,s4_p1
1779333994.0,4,2,0.000000,s4_p2
1779333994.0,4,3,0.111084,s4_p3
1779333994.0,15,4,0.000000,s15_p4
1779333994.0,15,1,0.000000,s15_p1
1779333994.0,15,2,0.000000,s15_p2
1779333994.0,15,3,1.000000,s15_p3
1779333994.0,2,1,0.111098,s2_p1
1779333994.0,2,4,0.000000,s2_p4
1779333994.0,2,2,0.169062,s2_p2
1779333994.0,2,3,0.000000,s2_p3
1779333994.0,12,4,0.338119,s12_p4
1779333994.0,12,1,0.142493,s12_p1
1779333994.0,12,2,0.000000,s12_p2
1779333994.0,12,3,0.000000,s12_p3
1779333994.0,18,1,0.000000,s18_p1
1779333994.0,18,4,0.000000,s18_p4
1779333994.0,18,2,0.000000,s18_p2
1779333994.0,18,3,0.000000,s18_p3
1779333994.0,11,4,0.000000,s11_p4
1779333994.0,11,1,0.079734,s11_p1
1779333994.0,11,2,0.000000,s11_p2
1779333994.0,11,3,0.543641,s11_p3
1779333994.0,9,4,0.000000,s9_p4
1779333994.0,9,1,0.000000,s9_p1
1779333994.0,9,2,0.277863,s9_p2
1779333994.0,9,3,0.000000,s9_p3
1779333994.0,16,1,0.000000,s16_p1
1779333994.0,16,4,0.712197,s16_p4
1779333994.0,16,2,0.000000,s16_p2
1779333994.0,16,3,0.000000,s16_p3
1779333994.0,14,1,0.067491,s14_p1
1779333994.0,14,4,0.000000,s14_p4
1779333994.0,14,2,0.079543,s14_p2
1779333994.0,14,3,0.000000,s14_p3
1779333994.0,19,1,0.000000,s19_p1
1779333994.0,19,4,0.000000,s19_p4
1779333994.0,19,2,0.000000,s19_p2
1779333994.0,19,3,0.000000,s19_p3
1779333994.0,17,1,0.555172,s17_p1
1779333994.0,17,4,0.000000,s17_p4
1779333994.0,17,2,0.398276,s17_p2
1779333994.0,17,3,0.603448,s17_p3
1779333994.0,6,1,0.033722,s6_p1
1779333994.0,6,4,0.000000,s6_p4
1779333994.0,6,2,0.079488,s6_p2
1779333994.0,6,3,0.000000,s6_p3
1779333994.0,6,1,0.033838,s6_p1
1779333994.0,6,4,0.000000,s6_p4
1779333994.0,6,2,0.082177,s6_p2
1779333994.0,6,3,0.000000,s6_p3
1779333994.0,8,4,0.142142,s8_p4
1779333994.0,8,1,0.000000,s8_p1
1779333994.0,8,2,0.000000,s8_p2
1779333994.0,8,3,0.084322,s8_p3
1779333994.0,7,1,0.000000,s7_p1
1779333994.0,7,4,0.000000,s7_p4
1779333994.0,7,2,0.000000,s7_p2
1779333994.0,7,3,0.130046,s7_p3
1779333994.0,13,4,0.000000,s13_p4
1779333994.0,13,1,0.084280,s13_p1
1779333994.0,13,2,0.033712,s13_p2
1779333994.0,13,3,0.000000,s13_p3
1779333994.0,14,1,0.069915,s14_p1
1779333994.0,14,4,0.000000,s14_p4
1779333994.0,14,2,0.081970,s14_p2
1779333994.0,14,3,0.000000,s14_p3
1779333994.0,1,4,0.081809,s1_p4
1779333994.0,1,1,0.000000,s1_p1
1779333994.0,1,2,0.000000,s1_p2
1779333994.0,1,3,0.170837,s1_p3
1779333994.0,10,4,0.409025,s10_p4
1779333994.0,10,1,0.000000,s10_p1
1779333994.0,10,2,0.000000,s10_p2
1779333994.0,10,3,0.000000,s10_p3
1779333994.0,3,4,0.000000,s3_p4
1779333994.0,3,1,0.141910,s3_p1
1779333994.0,3,2,0.081779,s3_p2
1779333994.0,3,3,0.000000,s3_p3
1779333994.0,15,4,0.000000,s15_p4
1779333994.0,15,1,0.000000,s15_p1
1779333994.0,15,2,0.000000,s15_p2
1779333994.0,15,3,0.999200,s15_p3
1779333994.0,12,4,0.349001,s12_p4
1779333994.0,12,1,0.142007,s12_p1
1779333994.0,12,2,0.000000,s12_p2
1779333994.0,12,3,0.000000,s12_p3
1779333994.0,2,1,0.113107,s2_p1
1779333994.0,2,4,0.000000,s2_p4
1779333994.0,2,2,0.170864,s2_p2
1779333994.0,2,3,0.000000,s2_p3
1779333994.0,18,1,0.000000,s18_p1
1779333994.0,18,4,0.000000,s18_p4
1779333994.0,18,2,0.000000,s18_p2
1779333994.0,18,3,0.000000,s18_p3
1779333994.0,5,4,0.000000,s5_p4
1779333994.0,5,1,0.084169,s5_p1
1779333994.0,5,2,0.069740,s5_p2
1779333994.0,5,3,0.000000,s5_p3
1779333994.0,16,1,0.000000,s16_p1
1779333994.0,16,4,0.710225,s16_p4
1779333994.0,16,2,0.000000,s16_p2
1779333994.0,16,3,0.000000,s16_p3
1779333994.0,11,4,0.000000,s11_p4
1779333994.0,11,1,0.081822,s11_p1
1779333994.0,11,2,0.000000,s11_p2
1779333994.0,11,3,0.565535,s11_p3
1779333994.0,17,1,0.565816,s17_p1
1779333994.0,17,4,0.000000,s17_p4
1779333994.0,17,2,0.409314,s17_p2
1779333994.0,17,3,0.589894,s17_p3
1779333994.0,20,1,0.000000,s20_p1
1779333994.0,20,4,0.000000,s20_p4
1779333994.0,20,2,0.709424,s20_p2
1779333994.0,20,3,0.757521,s20_p3
1779333994.0,4,4,0.069740,s4_p4
1779333994.0,4,1,0.000000,s4_p1
1779333994.0,4,2,0.000000,s4_p2
1779333994.0,4,3,0.113027,s4_p3
1779333994.0,9,4,0.000000,s9_p4
1779333994.0,9,1,0.000000,s9_p1
1779333994.0,9,2,0.283949,s9_p2
1779333994.0,9,3,0.000000,s9_p3
1779333994.0,19,1,0.000000,s19_p1
1779333994.0,19,4,0.000000,s19_p4
1779333994.0,19,2,0.000000,s19_p2
1779333994.0,19,3,0.000000,s19_p3
1779333995.0,6,1,0.038619,s6_p1
1779333995.0,6,4,0.000000,s6_p4
1779333995.0,6,2,0.079651,s6_p2
1779333995.0,6,3,0.000000,s6_p3
1779333995.0,19,1,0.000000,s19_p1
1779333995.0,19,4,0.000000,s19_p4
1779333995.0,19,2,0.000000,s19_p2
1779333995.0,19,3,0.000000,s19_p3
1779333995.0,14,1,0.067689,s14_p1
1779333995.0,14,4,0.000000,s14_p4
1779333995.0,14,2,0.079777,s14_p2
1779333995.0,14,3,0.000000,s14_p3
1779333995.0,3,4,0.000000,s3_p4
1779333995.0,3,1,0.142650,s3_p1
1779333995.0,3,2,0.079787,s3_p2
1779333995.0,3,3,0.000000,s3_p3
1779333995.0,13,4,0.000000,s13_p4
1779333995.0,13,1,0.082180,s13_p1
1779333995.0,13,2,0.038673,s13_p2
1779333995.0,13,3,0.000000,s13_p3
1779333995.0,10,4,0.398891,s10_p4
1779333995.0,10,1,0.000000,s10_p1
1779333995.0,10,2,0.000000,s10_p2
1779333995.0,10,3,0.000000,s10_p3
1779333995.0,1,4,0.079769,s1_p4
1779333995.0,1,1,0.000000,s1_p1
1779333995.0,1,2,0.000000,s1_p2
1779333995.0,1,3,0.169207,s1_p3
1779333995.0,8,4,0.142413,s8_p4
1779333995.0,8,1,0.000000,s8_p1
1779333995.0,8,2,0.000000,s8_p2
1779333995.0,8,3,0.084482,s8_p3
1779333995.0,4,4,0.067706,s4_p4
1779333995.0,4,1,0.000000,s4_p1
1779333995.0,4,2,0.000000,s4_p2
1779333995.0,4,3,0.111232,s4_p3
1779333995.0,7,1,0.000000,s7_p1
1779333995.0,7,4,0.000000,s7_p4
1779333995.0,7,2,0.000000,s7_p2
1779333995.0,7,3,0.127942,s7_p3
1779333995.0,15,4,0.000000,s15_p4
1779333995.0,15,1,0.000000,s15_p1
1779333995.0,15,2,0.000000,s15_p2
1779333995.0,15,3,1.000000,s15_p3
1779333995.0,12,4,0.338407,s12_p4
1779333995.0,12,1,0.142614,s12_p1
1779333995.0,12,2,0.000000,s12_p2
1779333995.0,12,3,0.000000,s12_p3
1779333995.0,5,4,0.000000,s5_p4
1779333995.0,5,1,0.082195,s5_p1
1779333995.0,5,2,0.067690,s5_p2
1779333995.0,5,3,0.000000,s5_p3
1779333995.0,20,1,0.000000,s20_p1
1779333995.0,20,4,0.000000,s20_p4
1779333995.0,20,2,0.713225,s20_p2
1779333995.0,20,3,0.737402,s20_p3
1779333995.0,18,1,0.000000,s18_p1
1779333995.0,18,4,0.000000,s18_p4
1779333995.0,18,2,0.000000,s18_p2
1779333995.0,18,3,0.000000,s18_p3
1779333995.0,11,4,0.000000,s11_p4
1779333995.0,11,1,0.079740,s11_p1
1779333995.0,11,2,0.000000,s11_p2
1779333995.0,11,3,0.555767,s11_p3
1779333995.0,2,1,0.111133,s2_p1
1779333995.0,2,4,0.000000,s2_p4
1779333995.0,2,2,0.171531,s2_p2
1779333995.0,2,3,0.000000,s2_p3
1779333995.0,9,4,0.000000,s9_p4
1779333995.0,9,1,0.000000,s9_p1
1779333995.0,9,2,0.282720,s9_p2
1779333995.0,9,3,0.000000,s9_p3
1779333995.0,17,1,0.555720,s17_p1
1779333995.0,17,4,0.000000,s17_p4
1779333995.0,17,2,0.398669,s17_p2
1779333995.0,17,3,0.604043,s17_p3
1779333995.0,16,1,0.000000,s16_p1
1779333995.0,16,4,0.712718,s16_p4
1779333995.0,16,2,0.000000,s16_p2
1779333995.0,16,3,0.000000,s16_p3
1779333995.0,19,1,0.000000,s19_p1
1779333995.0,19,4,0.000000,s19_p4
1779333995.0,19,2,0.000000,s19_p2
1779333995.0,19,3,0.000000,s19_p3
1779333995.0,6,1,0.036213,s6_p1
1779333995.0,6,4,0.000000,s6_p4
1779333995.0,6,2,0.082084,s6_p2
1779333995.0,6,3,0.000000,s6_p3
1779333995.0,3,4,0.000000,s3_p4
1779333995.0,3,1,0.142561,s3_p1
1779333995.0,3,2,0.082154,s3_p2
1779333995.0,3,3,0.000000,s3_p3
1779333995.0,14,1,0.070064,s14_p1
1779333995.0,14,4,0.000000,s14_p4
1779333995.0,14,2,0.082144,s14_p2
1779333995.0,14,3,0.000000,s14_p3
1779333995.0,1,4,0.082157,s1_p4
1779333995.0,1,1,0.000000,s1_p1
1779333995.0,1,2,0.000000,s1_p2
1779333995.0,1,3,0.171562,s1_p3
1779333995.0,10,4,0.410712,s10_p4
1779333995.0,10,1,0.000000,s10_p1
1779333995.0,10,2,0.000000,s10_p2
1779333995.0,10,3,0.000000,s10_p3
1779333995.0,15,4,0.000000,s15_p4
1779333995.0,15,1,0.000000,s15_p1
1779333995.0,15,2,0.000000,s15_p2
1779333995.0,15,3,1.000000,s15_p3
1779333995.0,7,1,0.000000,s7_p1
1779333995.0,7,4,0.000000,s7_p4
1779333995.0,7,2,0.000000,s7_p2
1779333995.0,7,3,0.130458,s7_p3
1779333995.0,8,4,0.142466,s8_p4
1779333995.0,8,1,0.000000,s8_p1
1779333995.0,8,2,0.000000,s8_p2
1779333995.0,8,3,0.082099,s8_p3
1779333995.0,13,4,0.000000,s13_p4
1779333995.0,13,1,0.082011,s13_p1
1779333995.0,13,2,0.036182,s13_p2
1779333995.0,13,3,0.000000,s13_p3
1779333995.0,12,4,0.350023,s12_p4
1779333995.0,12,1,0.142423,s12_p1
1779333995.0,12,2,0.000000,s12_p2
1779333995.0,12,3,0.000000,s12_p3
1779333995.0,20,1,0.000000,s20_p1
1779333995.0,20,4,0.000000,s20_p4
1779333995.0,20,2,0.712087,s20_p2
1779333995.0,20,3,0.760364,s20_p3
1779333995.0,18,1,0.000000,s18_p1
1779333995.0,18,4,0.000000,s18_p4
1779333995.0,18,2,0.000000,s18_p2
1779333995.0,18,3,0.000000,s18_p3
1779333995.0,17,1,0.555451,s17_p1
1779333995.0,17,4,0.000000,s17_p4
1779333995.0,17,2,0.410551,s17_p2
1779333995.0,17,3,0.591676,s17_p3
1779333995.0,16,1,0.000000,s16_p1
1779333995.0,16,4,0.712111,s16_p4
1779333995.0,16,2,0.000000,s16_p2
1779333995.0,16,3,0.000000,s16_p3
1779333995.0,5,4,0.000000,s5_p4
1779333995.0,5,1,0.082015,s5_p1
1779333995.0,5,2,0.069954,s5_p2
1779333995.0,5,3,0.000000,s5_p3
1779333995.0,4,4,0.069944,s4_p4
1779333995.0,4,1,0.000000,s4_p1
1779333995.0,4,2,0.000000,s4_p2
1779333995.0,4,3,0.110946,s4_p3
1779333995.0,2,1,0.111016,s2_p1
1779333995.0,2,4,0.000000,s2_p4
1779333995.0,2,2,0.168937,s2_p2
1779333995.0,2,3,0.000000,s2_p3
1779333995.0,11,4,0.000000,s11_p4
1779333995.0,11,1,0.082047,s11_p1
1779333995.0,11,2,0.000000,s11_p2
1779333995.0,11,3,0.555024,s11_p3
1779333995.0,9,4,0.000000,s9_p4
1779333995.0,9,1,0.000000,s9_p1
1779333995.0,9,2,0.279936,s9_p2
1779333995.0,9,3,0.000000,s9_p3
1779333996.0,14,1,0.069911,s14_p1
1779333996.0,14,4,0.000000,s14_p4
1779333996.0,14,2,0.079554,s14_p2
1779333996.0,14,3,0.000000,s14_p3
1779333996.0,15,4,0.000000,s15_p4
1779333996.0,15,1,0.000000,s15_p1
1779333996.0,15,2,0.000000,s15_p2
1779333996.0,15,3,0.988911,s15_p3
1779333996.0,1,4,0.079542,s1_p4
1779333996.0,1,1,0.000000,s1_p1
1779333996.0,1,2,0.000000,s1_p2
1779333996.0,1,3,0.168725,s1_p3
1779333996.0,10,4,0.397759,s10_p4
1779333996.0,10,1,0.000000,s10_p1
1779333996.0,10,2,0.000000,s10_p2
1779333996.0,10,3,0.000000,s10_p3
1779333996.0,3,4,0.000000,s3_p4
1779333996.0,3,1,0.142197,s3_p1
1779333996.0,3,2,0.079534,s3_p2
1779333996.0,3,3,0.000000,s3_p3
1779333996.0,8,4,0.142432,s8_p4
1779333996.0,8,1,0.000000,s8_p1
1779333996.0,8,2,0.000000,s8_p2
1779333996.0,8,3,0.084493,s8_p3
1779333996.0,6,1,0.036147,s6_p1
1779333996.0,6,4,0.000000,s6_p4
1779333996.0,6,2,0.079523,s6_p2
1779333996.0,6,3,0.000000,s6_p3
1779333996.0,19,1,0.000000,s19_p1
1779333996.0,19,4,0.000000,s19_p4
1779333996.0,19,2,0.000000,s19_p2
1779333996.0,19,3,0.000000,s19_p3
1779333996.0,13,4,0.000000,s13_p4
1779333996.0,13,1,0.084423,s13_p1
1779333996.0,13,2,0.036181,s13_p2
1779333996.0,13,3,0.000000,s13_p3
1779333996.0,2,1,0.111083,s2_p1
1779333996.0,2,4,0.000000,s2_p4
1779333996.0,2,2,0.171454,s2_p2
1779333996.0,2,3,0.000000,s2_p3
1779333996.0,18,1,0.000000,s18_p1
1779333996.0,18,4,0.000000,s18_p4
1779333996.0,18,2,0.000000,s18_p2
1779333996.0,18,3,0.000000,s18_p3
1779333996.0,12,4,0.349836,s12_p4
1779333996.0,12,1,0.142347,s12_p1
1779333996.0,12,2,0.000000,s12_p2
1779333996.0,12,3,0.000000,s12_p3
1779333996.0,17,1,0.555023,s17_p1
1779333996.0,17,4,0.000000,s17_p4
1779333996.0,17,2,0.398169,s17_p2
1779333996.0,17,3,0.603286,s17_p3
1779333996.0,9,4,0.000000,s9_p4
1779333996.0,9,1,0.000000,s9_p1
1779333996.0,9,2,0.282532,s9_p2
1779333996.0,9,3,0.000000,s9_p3
1779333996.0,20,1,0.000000,s20_p1
1779333996.0,20,4,0.000000,s20_p4
1779333996.0,20,2,0.711755,s20_p2
1779333996.0,20,3,0.747945,s20_p3
1779333996.0,7,1,0.000000,s7_p1
1779333996.0,7,4,0.000000,s7_p4
1779333996.0,7,2,0.000000,s7_p2
1779333996.0,7,3,0.130163,s7_p3
1779333996.0,16,1,0.000000,s16_p1
1779333996.0,16,4,0.712157,s16_p4
1779333996.0,16,2,0.000000,s16_p2
1779333996.0,16,3,0.000000,s16_p3
1779333996.0,11,4,0.000000,s11_p4
1779333996.0,11,1,0.079679,s11_p1
1779333996.0,11,2,0.000000,s11_p2
1779333996.0,11,3,0.555337,s11_p3
1779333996.0,5,4,0.000000,s5_p4
1779333996.0,5,1,0.084496,s5_p1
1779333996.0,5,2,0.070011,s5_p2
1779333996.0,5,3,0.000000,s5_p3
1779333996.0,4,4,0.070012,s4_p4
1779333996.0,4,1,0.000000,s4_p1
1779333996.0,4,2,0.000000,s4_p2
1779333996.0,4,3,0.111053,s4_p3
1779333996.0,19,1,0.000000,s19_p1
1779333996.0,19,4,0.000000,s19_p4
1779333996.0,19,2,0.000000,s19_p2
1779333996.0,19,3,0.000000,s19_p3
1779333996.0,1,4,0.082308,s1_p4
1779333996.0,1,1,0.000000,s1_p1
1779333996.0,1,2,0.000000,s1_p2
1779333996.0,1,3,0.171879,s1_p3
1779333996.0,6,1,0.036314,s6_p1
1779333996.0,6,4,0.000000,s6_p4
1779333996.0,6,2,0.082312,s6_p2
1779333996.0,6,3,0.000000,s6_p3
1779333996.0,8,4,0.142744,s8_p4
1779333996.0,8,1,0.000000,s8_p1
1779333996.0,8,2,0.000000,s8_p2
1779333996.0,8,3,0.084679,s8_p3
1779333996.0,7,1,0.000000,s7_p1
1779333996.0,7,4,0.000000,s7_p4
1779333996.0,7,2,0.000000,s7_p2
1779333996.0,7,3,0.128363,s7_p3
1779333996.0,3,4,0.000000,s3_p4
1779333996.0,3,1,0.142724,s3_p1
1779333996.0,3,2,0.079829,s3_p2
1779333996.0,3,3,0.000000,s3_p3
1779333996.0,15,4,0.000000,s15_p4
1779333996.0,15,1,0.000000,s15_p1
1779333996.0,15,2,0.000000,s15_p2
1779333996.0,15,3,1.000000,s15_p3
1779333996.0,13,4,0.000000,s13_p4
1779333996.0,13,1,0.082321,s13_p1
1779333996.0,13,2,0.036318,s13_p2
1779333996.0,13,3,0.000000,s13_p3
1779333996.0,10,4,0.411197,s10_p4
1779333996.0,10,1,0.000000,s10_p1
1779333996.0,10,2,0.000000,s10_p2
1779333996.0,10,3,0.000000,s10_p3
1779333996.0,14,1,0.067711,s14_p1
1779333996.0,14,4,0.000000,s14_p4
1779333996.0,14,2,0.082220,s14_p2
1779333996.0,14,3,0.000000,s14_p3
1779333996.0,5,4,0.000000,s5_p4
1779333996.0,5,1,0.082294,s5_p1
1779333996.0,5,2,0.067772,s5_p2
1779333996.0,5,3,0.000000,s5_p3
1779333996.0,18,1,0.000000,s18_p1
1779333996.0,18,4,0.000000,s18_p4
1779333996.0,18,2,0.000000,s18_p2
1779333996.0,18,3,0.000000,s18_p3
1779333996.0,12,4,0.338779,s12_p4
1779333996.0,12,1,0.142771,s12_p1
1779333996.0,12,2,0.000000,s12_p2
1779333996.0,12,3,0.000000,s12_p3
1779333996.0,17,1,0.556563,s17_p1
1779333996.0,17,4,0.000000,s17_p4
1779333996.0,17,2,0.399273,s17_p2
1779333996.0,17,3,0.592860,s17_p3
1779333996.0,20,1,0.000000,s20_p1
1779333996.0,20,4,0.000000,s20_p4
1779333996.0,20,2,0.713863,s20_p2
1779333996.0,20,3,0.750161,s20_p3
1779333996.0,9,4,0.000000,s9_p4
1779333996.0,9,1,0.000000,s9_p1
1779333996.0,9,2,0.280586,s9_p2
1779333996.0,9,3,0.000000,s9_p3
1779333996.0,2,1,0.111249,s2_p1
1779333996.0,2,4,0.000000,s2_p4
1779333996.0,2,2,0.169292,s2_p2
1779333996.0,2,3,0.000000,s2_p3
1779333996.0,11,4,0.000000,s11_p4
1779333996.0,11,1,0.079820,s11_p1
1779333996.0,11,2,0.000000,s11_p2
1779333996.0,11,3,0.556323,s11_p3
1779333996.0,4,4,0.067727,s4_p4
1779333996.0,4,1,0.000000,s4_p1
1779333996.0,4,2,0.000000,s4_p2
1779333996.0,4,3,0.111266,s4_p3
1779333996.0,16,1,0.000000,s16_p1
1779333996.0,16,4,0.713500,s16_p4
1779333996.0,16,2,0.000000,s16_p2
1779333996.0,16,3,0.000000,s16_p3
1779333997.0,14,1,0.070196,s14_p1
1779333997.0,14,4,0.000000,s14_p4
1779333997.0,14,2,0.079878,s14_p2
1779333997.0,14,3,0.000000,s14_p3
1779333997.0,3,4,0.000000,s3_p4
1779333997.0,3,1,0.142728,s3_p1
1779333997.0,3,2,0.079831,s3_p2
1779333997.0,3,3,0.000000,s3_p3
1779333997.0,10,4,0.399159,s10_p4
1779333997.0,10,1,0.000000,s10_p1
1779333997.0,10,2,0.000000,s10_p2
1779333997.0,10,3,0.000000,s10_p3
1779333997.0,1,4,0.079761,s1_p4
1779333997.0,1,1,0.000000,s1_p1
1779333997.0,1,2,0.000000,s1_p2
1779333997.0,1,3,0.171607,s1_p3
1779333997.0,7,1,0.000000,s7_p1
1779333997.0,7,4,0.000000,s7_p4
1779333997.0,7,2,0.000000,s7_p2
1779333997.0,7,3,0.130530,s7_p3
1779333997.0,4,4,0.070187,s4_p4
1779333997.0,4,1,0.000000,s4_p1
1779333997.0,4,2,0.000000,s4_p2
1779333997.0,4,3,0.108911,s4_p3
1779333997.0,13,4,0.000000,s13_p4
1779333997.0,13,1,0.087012,s13_p1
1779333997.0,13,2,0.033838,s13_p2
1779333997.0,13,3,0.000000,s13_p3
1779333997.0,20,1,0.000000,s20_p1
1779333997.0,20,4,0.000000,s20_p4
1779333997.0,20,2,0.713510,s20_p2
1779333997.0,20,3,0.749790,s20_p3
1779333997.0,16,1,0.000000,s16_p1
1779333997.0,16,4,0.713488,s16_p4
1779333997.0,16,2,0.000000,s16_p2
1779333997.0,16,3,0.000000,s16_p3
1779333997.0,11,4,0.000000,s11_p4
1779333997.0,11,1,0.079805,s11_p1
1779333997.0,11,2,0.000000,s11_p2
1779333997.0,11,3,0.556218,s11_p3
1779333997.0,15,4,0.000000,s15_p4
1779333997.0,15,1,0.000000,s15_p1
1779333997.0,15,2,0.000000,s15_p2
1779333997.0,15,3,1.000000,s15_p3
1779333997.0,12,4,0.350448,s12_p4
1779333997.0,12,1,0.142596,s12_p1
1779333997.0,12,2,0.000000,s12_p2
1779333997.0,12,3,0.000000,s12_p3
1779333997.0,5,4,0.000000,s5_p4
1779333997.0,5,1,0.086997,s5_p1
1779333997.0,5,2,0.070081,s5_p2
1779333997.0,5,3,0.000000,s5_p3
1779333997.0,2,1,0.111230,s2_p1
1779333997.0,2,4,0.000000,s2_p4
1779333997.0,2,2,0.171681,s2_p2
1779333997.0,2,3,0.000000,s2_p3
1779333997.0,8,4,0.142462,s8_p4
1779333997.0,8,1,0.000000,s8_p1
1779333997.0,8,2,0.000000,s8_p2
1779333997.0,8,3,0.084511,s8_p3
1779333997.0,18,1,0.000000,s18_p1
1779333997.0,18,4,0.000000,s18_p4
1779333997.0,18,2,0.000000,s18_p2
1779333997.0,18,3,0.000000,s18_p3
1779333997.0,19,1,0.000000,s19_p1
1779333997.0,19,4,0.000000,s19_p4
1779333997.0,19,2,0.000000,s19_p2
1779333997.0,19,3,0.000000,s19_p3
1779333997.0,17,1,0.555655,s17_p1
1779333997.0,17,4,0.000000,s17_p4
1779333997.0,17,2,0.398622,s17_p2
1779333997.0,17,3,0.603973,s17_p3
1779333997.0,6,1,0.033770,s6_p1
1779333997.0,6,4,0.000000,s6_p4
1779333997.0,6,2,0.079601,s6_p2
1779333997.0,6,3,0.000000,s6_p3
1779333997.0,9,4,0.000000,s9_p4
1779333997.0,9,1,0.000000,s9_p1
1779333997.0,9,2,0.282736,s9_p2
1779333997.0,9,3,0.000000,s9_p3
1779333997.0,1,4,0.084763,s1_p4
1779333997.0,1,1,0.000000,s1_p1
1779333997.0,1,2,0.000000,s1_p2
1779333997.0,1,3,0.169526,s1_p3
1779333997.0,19,1,0.000000,s19_p1
1779333997.0,19,4,0.000000,s19_p4
1779333997.0,19,2,0.000000,s19_p2
1779333997.0,19,3,0.000000,s19_p3
1779333997.0,6,1,0.072083,s6_p1
1779333997.0,6,4,0.000000,s6_p4
1779333997.0,6,2,0.085188,s6_p2
1779333997.0,6,3,0.000000,s6_p3
1779333997.0,10,4,0.422846,s10_p4
1779333997.0,10,1,0.000000,s10_p1
1779333997.0,10,2,0.000000,s10_p2
1779333997.0,10,3,0.000000,s10_p3
1779333997.0,7,1,0.000000,s7_p1
1779333997.0,7,4,0.000000,s7_p4
1779333997.0,7,2,0.000000,s7_p2
1779333997.0,7,3,0.130307,s7_p3
1779333997.0,14,1,0.064933,s14_p1
1779333997.0,14,4,0.000000,s14_p4
1779333997.0,14,2,0.084413,s14_p2
1779333997.0,14,3,0.000000,s14_p3
1779333997.0,15,4,0.000000,s15_p4
1779333997.0,15,1,0.000000,s15_p1
1779333997.0,15,2,0.000000,s15_p2
1779333997.0,15,3,1.000000,s15_p3
1779333997.0,3,4,0.000000,s3_p4
1779333997.0,3,1,0.143017,s3_p1
1779333997.0,3,2,0.156018,s3_p2
1779333997.0,3,3,0.000000,s3_p3
1779333997.0,13,4,0.000000,s13_p4
1779333997.0,13,1,0.169436,s13_p1
1779333997.0,13,2,0.071684,s13_p2
1779333997.0,13,3,0.000000,s13_p3
1779333997.0,18,1,0.000000,s18_p1
1779333997.0,18,4,0.000000,s18_p4
1779333997.0,18,2,0.000000,s18_p2
1779333997.0,18,3,0.000000,s18_p3
1779333997.0,2,1,0.110851,s2_p1
1779333997.0,2,4,0.000000,s2_p4
1779333997.0,2,2,0.169536,s2_p2
1779333997.0,2,3,0.000000,s2_p3
1779333997.0,5,4,0.000000,s5_p4
1779333997.0,5,1,0.169513,s5_p1
1779333997.0,5,2,0.065197,s5_p2
1779333997.0,5,3,0.000000,s5_p3
1779333997.0,8,4,0.143440,s8_p4
1779333997.0,8,1,0.000000,s8_p1
1779333997.0,8,2,0.000000,s8_p2
1779333997.0,8,3,0.084760,s8_p3
1779333997.0,20,1,0.000000,s20_p1
1779333997.0,20,4,0.000000,s20_p4
1779333997.0,20,2,0.715659,s20_p2
1779333997.0,20,3,0.748189,s20_p3
1779333997.0,12,4,0.325882,s12_p4
1779333997.0,12,1,0.143388,s12_p1
1779333997.0,12,2,0.000000,s12_p2
1779333997.0,12,3,0.000000,s12_p3
1779333997.0,16,1,0.000000,s16_p1
1779333997.0,16,4,0.716239,s16_p4
1779333997.0,16,2,0.000000,s16_p2
1779333997.0,16,3,0.000000,s16_p3
1779333997.0,11,4,0.000000,s11_p4
1779333997.0,11,1,0.156275,s11_p1
1779333997.0,11,2,0.000000,s11_p2
1779333997.0,11,3,0.553475,s11_p3
1779333997.0,4,4,0.064975,s4_p4
1779333997.0,4,1,0.000000,s4_p1
1779333997.0,4,2,0.000000,s4_p2
1779333997.0,4,3,0.116955,s4_p3
1779333997.0,17,1,0.553978,s17_p1
1779333997.0,17,4,0.000000,s17_p4
1779333997.0,17,2,0.782087,s17_p2
1779333997.0,17,3,1.000000,s17_p3
1779333997.0,9,4,0.000000,s9_p4
1779333997.0,9,1,0.000000,s9_p1
1779333997.0,9,2,0.280256,s9_p2
1779333997.0,9,3,0.000000,s9_p3
1779333997.0,6,1,0.033785,s6_p1
1779333997.0,6,4,0.000000,s6_p4
1779333997.0,6,2,0.079636,s6_p2
1779333997.0,6,3,0.000000,s6_p3
1779333997.0,1,4,0.079608,s1_p4
1779333997.0,1,1,0.000000,s1_p1
1779333997.0,1,2,0.000000,s1_p2
1779333997.0,1,3,0.168865,s1_p3
1779333997.0,10,4,0.398143,s10_p4
1779333997.0,10,1,0.000000,s10_p1
1779333997.0,10,2,0.000000,s10_p2
1779333997.0,10,3,0.000000,s10_p3
1779333997.0,3,4,0.000000,s3_p4
1779333997.0,3,1,0.142382,s3_p1
1779333997.0,3,2,0.079637,s3_p2
1779333997.0,3,3,0.000000,s3_p3
1779333997.0,8,4,0.142469,s8_p4
1779333997.0,8,1,0.000000,s8_p1
1779333997.0,8,2,0.000000,s8_p2
1779333997.0,8,3,0.084515,s8_p3
1779333997.0,15,4,0.000000,s15_p4
1779333997.0,15,1,0.000000,s15_p1
1779333997.0,15,2,0.000000,s15_p2
1779333997.0,15,3,1.000000,s15_p3
1779333997.0,14,1,0.069975,s14_p1
1779333997.0,14,4,0.000000,s14_p4
1779333997.0,14,2,0.079627,s14_p2
1779333997.0,14,3,0.000000,s14_p3
1779333997.0,13,4,0.000000,s13_p4
1779333997.0,13,1,0.086812,s13_p1
1779333997.0,13,2,0.033760,s13_p2
1779333997.0,13,3,0.000000,s13_p3
1779333997.0,4,4,0.069999,s4_p4
1779333997.0,4,1,0.000000,s4_p1
1779333997.0,4,2,0.000000,s4_p2
1779333997.0,4,3,0.111032,s4_p3
1779333997.0,12,4,0.349868,s12_p4
1779333997.0,12,1,0.142360,s12_p1
1779333997.0,12,2,0.000000,s12_p2
1779333997.0,12,3,0.000000,s12_p3
1779333997.0,7,1,0.000000,s7_p1
1779333997.0,7,4,0.000000,s7_p4
1779333997.0,7,2,0.000000,s7_p2
1779333997.0,7,3,0.127778,s7_p3
1779333997.0,5,4,0.000000,s5_p4
1779333997.0,5,1,0.086851,s5_p1
1779333997.0,5,2,0.069964,s5_p2
1779333997.0,5,3,0.000000,s5_p3
1779333997.0,20,1,0.000000,s20_p1
1779333997.0,20,4,0.000000,s20_p4
1779333997.0,20,2,0.711732,s20_p2
1779333997.0,20,3,0.747922,s20_p3
1779333997.0,11,4,0.000000,s11_p4
1779333997.0,11,1,0.079611,s11_p1
1779333997.0,11,2,0.000000,s11_p2
1779333997.0,11,3,0.554862,s11_p3
1779333997.0,2,1,0.110919,s2_p1
1779333997.0,2,4,0.000000,s2_p4
1779333997.0,2,2,0.168789,s2_p2
1779333997.0,2,3,0.000000,s2_p3
1779333997.0,9,4,0.000000,s9_p4
1779333997.0,9,1,0.000000,s9_p1
1779333997.0,9,2,0.282316,s9_p2
1779333997.0,9,3,0.000000,s9_p3
1779333997.0,18,1,0.000000,s18_p1
1779333997.0,18,4,0.000000,s18_p4
1779333997.0,18,2,0.000000,s18_p2
1779333997.0,18,3,0.000000,s18_p3
1779333997.0,17,1,0.554873,s17_p1
1779333997.0,17,4,0.000000,s17_p4
1779333997.0,17,2,0.398061,s17_p2
1779333997.0,17,3,0.603123,s17_p3
1779333997.0,16,1,0.000000,s16_p1
1779333997.0,16,4,0.711525,s16_p4
1779333997.0,16,2,0.000000,s16_p2
1779333997.0,16,3,0.000000,s16_p3
1779333997.0,19,1,0.000000,s19_p1
1779333997.0,19,4,0.000000,s19_p4
1779333997.0,19,2,0.000000,s19_p2
1779333997.0,19,3,0.000000,s19_p3
1779333998.0,6,1,0.036177,s6_p1
1779333998.0,6,4,0.000000,s6_p4
1779333998.0,6,2,0.082001,s6_p2
1779333998.0,6,3,0.000000,s6_p3
1779333998.0,1,4,0.081960,s1_p4
1779333998.0,1,1,0.000000,s1_p1
1779333998.0,1,2,0.000000,s1_p2
1779333998.0,1,3,0.171152,s1_p3
1779333998.0,19,1,0.000000,s19_p1
1779333998.0,19,4,0.000000,s19_p4
1779333998.0,19,2,0.000000,s19_p2
1779333998.0,19,3,0.000000,s19_p3
1779333998.0,3,4,0.000000,s3_p4
1779333998.0,3,1,0.142290,s3_p1
1779333998.0,3,2,0.079586,s3_p2
1779333998.0,3,3,0.000000,s3_p3
1779333998.0,14,1,0.069943,s14_p1
1779333998.0,14,4,0.000000,s14_p4
1779333998.0,14,2,0.082002,s14_p2
1779333998.0,14,3,0.000000,s14_p3
1779333998.0,10,4,0.409729,s10_p4
1779333998.0,10,1,0.000000,s10_p1
1779333998.0,10,2,0.000000,s10_p2
1779333998.0,10,3,0.000000,s10_p3
1779333998.0,13,4,0.000000,s13_p4
1779333998.0,13,1,0.084422,s13_p1
1779333998.0,13,2,0.036181,s13_p2
1779333998.0,13,3,0.000000,s13_p3
1779333998.0,15,4,0.000000,s15_p4
1779333998.0,15,1,0.000000,s15_p1
1779333998.0,15,2,0.000000,s15_p2
1779333998.0,15,3,1.000000,s15_p3
1779333998.0,8,4,0.142197,s8_p4
1779333998.0,8,1,0.000000,s8_p1
1779333998.0,8,2,0.000000,s8_p2
1779333998.0,8,3,0.084354,s8_p3
1779333998.0,18,1,0.000000,s18_p1
1779333998.0,18,4,0.000000,s18_p4
1779333998.0,18,2,0.000000,s18_p2
1779333998.0,18,3,0.000000,s18_p3
1779333998.0,5,4,0.000000,s5_p4
1779333998.0,5,1,0.084370,s5_p1
1779333998.0,5,2,0.069906,s5_p2
1779333998.0,5,3,0.000000,s5_p3
1779333998.0,4,4,0.069899,s4_p4
1779333998.0,4,1,0.000000,s4_p1
1779333998.0,4,2,0.000000,s4_p2
1779333998.0,4,3,0.110874,s4_p3
1779333998.0,12,4,0.349495,s12_p4
1779333998.0,12,1,0.142208,s12_p1
1779333998.0,12,2,0.000000,s12_p2
1779333998.0,12,3,0.000000,s12_p3
1779333998.0,17,1,0.554695,s17_p1
1779333998.0,17,4,0.000000,s17_p4
1779333998.0,17,2,0.397933,s17_p2
1779333998.0,17,3,0.602929,s17_p3
1779333998.0,20,1,0.000000,s20_p1
1779333998.0,20,4,0.000000,s20_p4
1779333998.0,20,2,0.711052,s20_p2
1779333998.0,20,3,0.759259,s20_p3
1779333998.0,7,1,0.000000,s7_p1
1779333998.0,7,4,0.000000,s7_p4
1779333998.0,7,2,0.000000,s7_p2
1779333998.0,7,3,0.130150,s7_p3
1779333998.0,2,1,0.110885,s2_p1
1779333998.0,2,4,0.000000,s2_p4
1779333998.0,2,2,0.171149,s2_p2
1779333998.0,2,3,0.000000,s2_p3
1779333998.0,16,1,0.000000,s16_p1
1779333998.0,16,4,0.711122,s16_p4
1779333998.0,16,2,0.000000,s16_p2
1779333998.0,16,3,0.000000,s16_p3
1779333998.0,9,4,0.000000,s9_p4
1779333998.0,9,1,0.000000,s9_p1
1779333998.0,9,2,0.279600,s9_p2
1779333998.0,9,3,0.000000,s9_p3
1779333998.0,11,4,0.000000,s11_p4
1779333998.0,11,1,0.079533,s11_p1
1779333998.0,11,2,0.000000,s11_p2
1779333998.0,11,3,0.554319,s11_p3
1779333998.0,1,4,0.079824,s1_p4
1779333998.0,1,1,0.000000,s1_p1
1779333998.0,1,2,0.000000,s1_p2
1779333998.0,1,3,0.171743,s1_p3
1779333998.0,6,1,0.036253,s6_p1
1779333998.0,6,4,0.000000,s6_p4
1779333998.0,6,2,0.079756,s6_p2
1779333998.0,6,3,0.000000,s6_p3
1779333998.0,19,1,0.000000,s19_p1
1779333998.0,19,4,0.000000,s19_p4
1779333998.0,19,2,0.000000,s19_p2
1779333998.0,19,3,0.000000,s19_p3
1779333998.0,3,4,0.000000,s3_p4
1779333998.0,3,1,0.142605,s3_p1
1779333998.0,3,2,0.077345,s3_p2
1779333998.0,3,3,0.000000,s3_p3
1779333998.0,8,4,0.142692,s8_p4
1779333998.0,8,1,0.000000,s8_p1
1779333998.0,8,2,0.000000,s8_p2
1779333998.0,8,3,0.082229,s8_p3
1779333998.0,13,4,0.000000,s13_p4
1779333998.0,13,1,0.084639,s13_p1
1779333998.0,13,2,0.036274,s13_p2
1779333998.0,13,3,0.000000,s13_p3
1779333998.0,10,4,0.398972,s10_p4
1779333998.0,10,1,0.000000,s10_p1
1779333998.0,10,2,0.000000,s10_p2
1779333998.0,10,3,0.000000,s10_p3
1779333998.0,7,1,0.000000,s7_p1
1779333998.0,7,4,0.000000,s7_p4
1779333998.0,7,2,0.000000,s7_p2
1779333998.0,7,3,0.130695,s7_p3
1779333998.0,15,4,0.000000,s15_p4
1779333998.0,15,1,0.000000,s15_p1
1779333998.0,15,2,0.000000,s15_p2
1779333998.0,15,3,0.991432,s15_p3
1779333998.0,14,1,0.067663,s14_p1
1779333998.0,14,4,0.000000,s14_p4
1779333998.0,14,2,0.079746,s14_p2
1779333998.0,14,3,0.000000,s14_p3
1779333998.0,4,4,0.067710,s4_p4
1779333998.0,4,1,0.000000,s4_p1
1779333998.0,4,2,0.000000,s4_p2
1779333998.0,4,3,0.111239,s4_p3
1779333998.0,12,4,0.338537,s12_p4
1779333998.0,12,1,0.142669,s12_p1
1779333998.0,12,2,0.000000,s12_p2
1779333998.0,12,3,0.000000,s12_p3
1779333998.0,18,1,0.000000,s18_p1
1779333998.0,18,4,0.000000,s18_p4
1779333998.0,18,2,0.000000,s18_p2
1779333998.0,18,3,0.000000,s18_p3
1779333998.0,5,4,0.000000,s5_p4
1779333998.0,5,1,0.084624,s5_p1
1779333998.0,5,2,0.067699,s5_p2
1779333998.0,5,3,0.000000,s5_p3
1779333998.0,17,1,0.556123,s17_p1
1779333998.0,17,4,0.000000,s17_p4
1779333998.0,17,2,0.386868,s17_p2
1779333998.0,17,3,0.604481,s17_p3
1779333998.0,2,1,0.111267,s2_p1
1779333998.0,2,4,0.000000,s2_p4
1779333998.0,2,2,0.171738,s2_p2
1779333998.0,2,3,0.000000,s2_p3
1779333998.0,20,1,0.000000,s20_p1
1779333998.0,20,4,0.000000,s20_p4
1779333998.0,20,2,0.713264,s20_p2
1779333998.0,20,3,0.737442,s20_p3
1779333998.0,16,1,0.000000,s16_p1
1779333998.0,16,4,0.713565,s16_p4
1779333998.0,16,2,0.000000,s16_p2
1779333998.0,16,3,0.000000,s16_p3
1779333998.0,9,4,0.000000,s9_p4
1779333998.0,9,1,0.000000,s9_p1
1779333998.0,9,2,0.282955,s9_p2
1779333998.0,9,3,0.000000,s9_p3
1779333998.0,11,4,0.000000,s11_p4
1779333998.0,11,1,0.077387,s11_p1
1779333998.0,11,2,0.000000,s11_p2
1779333998.0,11,3,0.556216,s11_p3
1779333999.0,6,1,0.033817,s6_p1
1779333999.0,6,4,0.000000,s6_p4
1779333999.0,6,2,0.082127,s6_p2
1779333999.0,6,3,0.000000,s6_p3
1779333999.0,1,4,0.082097,s1_p4
1779333999.0,1,1,0.000000,s1_p1
1779333999.0,1,2,0.000000,s1_p2
1779333999.0,1,3,0.169023,s1_p3
1779333999.0,14,1,0.070104,s14_p1
1779333999.0,14,4,0.000000,s14_p4
1779333999.0,14,2,0.082190,s14_p2
1779333999.0,14,3,0.000000,s14_p3
1779333999.0,8,4,0.142516,s8_p4
1779333999.0,8,1,0.000000,s8_p1
1779333999.0,8,2,0.000000,s8_p2
1779333999.0,8,3,0.084543,s8_p3
1779333999.0,15,4,0.000000,s15_p4
1779333999.0,15,1,0.000000,s15_p1
1779333999.0,15,2,0.000000,s15_p2
1779333999.0,15,3,1.000000,s15_p3
1779333999.0,10,4,0.410606,s10_p4
1779333999.0,10,1,0.000000,s10_p1
1779333999.0,10,2,0.000000,s10_p2
1779333999.0,10,3,0.000000,s10_p3
1779333999.0,7,1,0.000000,s7_p1
1779333999.0,7,4,0.000000,s7_p4
1779333999.0,7,2,0.000000,s7_p2
1779333999.0,7,3,0.128013,s7_p3
1779333999.0,4,4,0.070087,s4_p4
1779333999.0,4,1,0.000000,s4_p1
1779333999.0,4,2,0.000000,s4_p2
1779333999.0,4,3,0.111173,s4_p3
1779333999.0,13,4,0.000000,s13_p4
1779333999.0,13,1,0.086868,s13_p1
1779333999.0,13,2,0.033782,s13_p2
1779333999.0,13,3,0.000000,s13_p3
1779333999.0,5,4,0.000000,s5_p4
1779333999.0,5,1,0.086942,s5_p1
1779333999.0,5,2,0.070036,s5_p2
1779333999.0,5,3,0.000000,s5_p3
1779333999.0,12,4,0.350149,s12_p4
1779333999.0,12,1,0.142474,s12_p1
1779333999.0,12,2,0.000000,s12_p2
1779333999.0,12,3,0.000000,s12_p3
1779333999.0,18,1,0.000000,s18_p1
1779333999.0,18,4,0.000000,s18_p4
1779333999.0,18,2,0.000000,s18_p2
1779333999.0,18,3,0.000000,s18_p3
1779333999.0,17,1,0.555436,s17_p1
1779333999.0,17,4,0.000000,s17_p4
1779333999.0,17,2,0.398465,s17_p2
1779333999.0,17,3,0.603735,s17_p3
1779333999.0,3,4,0.000000,s3_p4
1779333999.0,3,1,0.142320,s3_p1
1779333999.0,3,2,0.079603,s3_p2
1779333999.0,3,3,0.000000,s3_p3
1779333999.0,20,1,0.000000,s20_p1
1779333999.0,20,4,0.000000,s20_p4
1779333999.0,20,2,0.712413,s20_p2
1779333999.0,20,3,0.760712,s20_p3
1779333999.0,2,1,0.111083,s2_p1
1779333999.0,2,4,0.000000,s2_p4
1779333999.0,2,2,0.169039,s2_p2
1779333999.0,2,3,0.000000,s2_p3
1779333999.0,11,4,0.000000,s11_p4
1779333999.0,11,1,0.079686,s11_p1
1779333999.0,11,2,0.000000,s11_p2
1779333999.0,11,3,0.555385,s11_p3
1779333999.0,19,1,0.000000,s19_p1
1779333999.0,19,4,0.000000,s19_p4
1779333999.0,19,2,0.000000,s19_p2
1779333999.0,19,3,0.000000,s19_p3
1779333999.0,16,1,0.000000,s16_p1
1779333999.0,16,4,0.712072,s16_p4
1779333999.0,16,2,0.000000,s16_p2
1779333999.0,16,3,0.000000,s16_p3
1779333999.0,9,4,0.000000,s9_p4
1779333999.0,9,1,0.000000,s9_p1
1779333999.0,9,2,0.280055,s9_p2
1779333999.0,9,3,0.000000,s9_p3
1779333999.0,6,1,0.036216,s6_p1
1779333999.0,6,4,0.000000,s6_p4
1779333999.0,6,2,0.079676,s6_p2
1779333999.0,6,3,0.000000,s6_p3
1779333999.0,15,4,0.000000,s15_p4
1779333999.0,15,1,0.000000,s15_p1
1779333999.0,15,2,0.000000,s15_p2
1779333999.0,15,3,1.000000,s15_p3
1779333999.0,3,4,0.000000,s3_p4
1779333999.0,3,1,0.142635,s3_p1
1779333999.0,3,2,0.077362,s3_p2
1779333999.0,3,3,0.000000,s3_p3
1779333999.0,14,1,0.067561,s14_p1
1779333999.0,14,4,0.000000,s14_p4
1779333999.0,14,2,0.079625,s14_p2
1779333999.0,14,3,0.000000,s14_p3
1779333999.0,10,4,0.398410,s10_p4
1779333999.0,10,1,0.000000,s10_p1
1779333999.0,10,2,0.000000,s10_p2
1779333999.0,10,3,0.000000,s10_p3
1779333999.0,1,4,0.079616,s1_p4
1779333999.0,1,1,0.000000,s1_p1
1779333999.0,1,2,0.000000,s1_p2
1779333999.0,1,3,0.171295,s1_p3
1779333999.0,13,4,0.000000,s13_p4
1779333999.0,13,1,0.086974,s13_p1
1779333999.0,13,2,0.036239,s13_p2
1779333999.0,13,3,0.000000,s13_p3
1779333999.0,20,1,0.000000,s20_p1
1779333999.0,20,4,0.000000,s20_p4
1779333999.0,20,2,0.712812,s20_p2
1779333999.0,20,3,0.736975,s20_p3
1779333999.0,7,1,0.000000,s7_p1
1779333999.0,7,4,0.000000,s7_p4
1779333999.0,7,2,0.000000,s7_p2
1779333999.0,7,3,0.130329,s7_p3
1779333999.0,8,4,0.142364,s8_p4
1779333999.0,8,1,0.000000,s8_p1
1779333999.0,8,2,0.000000,s8_p2
1779333999.0,8,3,0.084453,s8_p3
1779333999.0,4,4,0.067583,s4_p4
1779333999.0,4,1,0.000000,s4_p1
1779333999.0,4,2,0.000000,s4_p2
1779333999.0,4,3,0.111029,s4_p3
1779333999.0,16,1,0.000000,s16_p1
1779333999.0,16,4,0.712717,s16_p4
1779333999.0,16,2,0.000000,s16_p2
1779333999.0,16,3,0.000000,s16_p3
1779333999.0,2,1,0.111072,s2_p1
1779333999.0,2,4,0.000000,s2_p4
1779333999.0,2,2,0.171438,s2_p2
1779333999.0,2,3,0.000000,s2_p3
1779333999.0,12,4,0.337994,s12_p4
1779333999.0,12,1,0.142440,s12_p1
1779333999.0,12,2,0.000000,s12_p2
1779333999.0,12,3,0.000000,s12_p3
1779333999.0,11,4,0.000000,s11_p4
1779333999.0,11,1,0.077295,s11_p1
1779333999.0,11,2,0.000000,s11_p2
1779333999.0,11,3,0.555557,s11_p3
1779333999.0,17,1,0.555283,s17_p1
1779333999.0,17,4,0.000000,s17_p4
1779333999.0,17,2,0.386284,s17_p2
1779333999.0,17,3,0.615640,s17_p3
1779333999.0,18,1,0.000000,s18_p1
1779333999.0,18,4,0.000000,s18_p4
1779333999.0,18,2,0.000000,s18_p2
1779333999.0,18,3,0.000000,s18_p3
1779333999.0,5,4,0.000000,s5_p4
1779333999.0,5,1,0.086899,s5_p1
1779333999.0,5,2,0.067588,s5_p2
1779333999.0,5,3,0.000000,s5_p3
1779333999.0,19,1,0.000000,s19_p1
1779333999.0,19,4,0.000000,s19_p4
1779333999.0,19,2,0.000000,s19_p2
1779333999.0,19,3,0.000000,s19_p3
1779333999.0,9,4,0.000000,s9_p4
1779333999.0,9,1,0.000000,s9_p1
1779333999.0,9,2,0.282541,s9_p2
1779333999.0,9,3,0.000000,s9_p3
1779334000.0,1,4,0.082191,s1_p4
1779334000.0,1,1,0.000000,s1_p1
1779334000.0,1,2,0.000000,s1_p2
1779334000.0,1,3,0.169216,s1_p3
1779334000.0,19,1,0.000000,s19_p1
1779334000.0,19,4,0.000000,s19_p4
1779334000.0,19,2,0.000000,s19_p2
1779334000.0,19,3,0.000000,s19_p3
1779334000.0,6,1,0.036201,s6_p1
1779334000.0,6,4,0.000000,s6_p4
1779334000.0,6,2,0.082054,s6_p2
1779334000.0,6,3,0.000000,s6_p3
1779334000.0,3,4,0.000000,s3_p4
1779334000.0,3,1,0.142498,s3_p1
1779334000.0,3,2,0.079702,s3_p2
1779334000.0,3,3,0.000000,s3_p3
1779334000.0,15,4,0.000000,s15_p4
1779334000.0,15,1,0.000000,s15_p1
1779334000.0,15,2,0.000000,s15_p2
1779334000.0,15,3,1.000000,s15_p3
1779334000.0,10,4,0.410595,s10_p4
1779334000.0,10,1,0.000000,s10_p1
1779334000.0,10,2,0.000000,s10_p2
1779334000.0,10,3,0.000000,s10_p3
1779334000.0,14,1,0.070038,s14_p1
1779334000.0,14,4,0.000000,s14_p4
1779334000.0,14,2,0.082113,s14_p2
1779334000.0,14,3,0.000000,s14_p3
1779334000.0,7,1,0.000000,s7_p1
1779334000.0,7,4,0.000000,s7_p4
1779334000.0,7,2,0.000000,s7_p2
1779334000.0,7,3,0.127983,s7_p3
1779334000.0,13,4,0.000000,s13_p4
1779334000.0,13,1,0.084502,s13_p1
1779334000.0,13,2,0.036215,s13_p2
1779334000.0,13,3,0.000000,s13_p3
1779334000.0,5,4,0.000000,s5_p4
1779334000.0,5,1,0.084579,s5_p1
1779334000.0,5,2,0.070080,s5_p2
1779334000.0,5,3,0.000000,s5_p3
1779334000.0,18,1,0.000000,s18_p1
1779334000.0,18,4,0.000000,s18_p4
1779334000.0,18,2,0.000000,s18_p2
1779334000.0,18,3,0.000000,s18_p3
1779334000.0,20,1,0.000000,s20_p1
1779334000.0,20,4,0.000000,s20_p4
1779334000.0,20,2,0.712227,s20_p2
1779334000.0,20,3,0.760514,s20_p3
1779334000.0,4,4,0.070021,s4_p4
1779334000.0,4,1,0.000000,s4_p1
1779334000.0,4,2,0.000000,s4_p2
1779334000.0,4,3,0.111068,s4_p3
1779334000.0,8,4,0.142451,s8_p4
1779334000.0,8,1,0.000000,s8_p1
1779334000.0,8,2,0.000000,s8_p2
1779334000.0,8,3,0.084505,s8_p3
1779334000.0,2,1,0.111091,s2_p1
1779334000.0,2,4,0.000000,s2_p4
1779334000.0,2,2,0.169052,s2_p2
1779334000.0,2,3,0.000000,s2_p3
1779334000.0,12,4,0.350170,s12_p4
1779334000.0,12,1,0.142483,s12_p1
1779334000.0,12,2,0.000000,s12_p2
1779334000.0,12,3,0.000000,s12_p3
1779334000.0,17,1,0.555448,s17_p1
1779334000.0,17,4,0.000000,s17_p4
1779334000.0,17,2,0.398474,s17_p2
1779334000.0,17,3,0.603748,s17_p3
1779334000.0,16,1,0.000000,s16_p1
1779334000.0,16,4,0.712310,s16_p4
1779334000.0,16,2,0.000000,s16_p2
1779334000.0,16,3,0.000000,s16_p3
1779334000.0,11,4,0.000000,s11_p4
1779334000.0,11,1,0.079690,s11_p1
1779334000.0,11,2,0.000000,s11_p2
1779334000.0,11,3,0.555414,s11_p3
1779334000.0,9,4,0.000000,s9_p4
1779334000.0,9,1,0.000000,s9_p1
1779334000.0,9,2,0.280221,s9_p2
1779334000.0,9,3,0.000000,s9_p3
1779334000.0,19,1,0.000000,s19_p1
1779334000.0,19,4,0.000000,s19_p4
1779334000.0,19,2,0.000000,s19_p2
1779334000.0,19,3,0.000000,s19_p3
1779334000.0,10,4,0.399140,s10_p4
1779334000.0,10,1,0.000000,s10_p1
1779334000.0,10,2,0.000000,s10_p2
1779334000.0,10,3,0.000000,s10_p3
1779334000.0,6,1,0.036266,s6_p1
1779334000.0,6,4,0.000000,s6_p4
1779334000.0,6,2,0.079786,s6_p2
1779334000.0,6,3,0.000000,s6_p3
1779334000.0,20,1,0.000000,s20_p1
1779334000.0,20,4,0.000000,s20_p4
1779334000.0,20,2,0.713398,s20_p2
1779334000.0,20,3,0.737581,s20_p3
1779334000.0,3,4,0.000000,s3_p4
1779334000.0,3,1,0.142539,s3_p1
1779334000.0,3,2,0.079725,s3_p2
1779334000.0,3,3,0.000000,s3_p3
1779334000.0,8,4,0.142669,s8_p4
1779334000.0,8,1,0.000000,s8_p1
1779334000.0,8,2,0.000000,s8_p2
1779334000.0,8,3,0.084634,s8_p3
1779334000.0,13,4,0.000000,s13_p4
1779334000.0,13,1,0.082204,s13_p1
1779334000.0,13,2,0.038684,s13_p2
1779334000.0,13,3,0.000000,s13_p3
1779334000.0,15,4,0.000000,s15_p4
1779334000.0,15,1,0.000000,s15_p1
1779334000.0,15,2,0.000000,s15_p2
1779334000.0,15,3,1.000000,s15_p3
1779334000.0,1,4,0.079652,s1_p4
1779334000.0,1,1,0.000000,s1_p1
1779334000.0,1,2,0.000000,s1_p2
1779334000.0,1,3,0.171373,s1_p3
1779334000.0,7,1,0.000000,s7_p1
1779334000.0,7,4,0.000000,s7_p4
1779334000.0,7,2,0.000000,s7_p2
1779334000.0,7,3,0.130536,s7_p3
1779334000.0,14,1,0.067638,s14_p1
1779334000.0,14,4,0.000000,s14_p4
1779334000.0,14,2,0.079716,s14_p2
1779334000.0,14,3,0.000000,s14_p3
1779334000.0,17,1,0.556042,s17_p1
1779334000.0,17,4,0.000000,s17_p4
1779334000.0,17,2,0.398899,s17_p2
1779334000.0,17,3,0.604393,s17_p3
1779334000.0,18,1,0.000000,s18_p1
1779334000.0,18,4,0.000000,s18_p4
1779334000.0,18,2,0.000000,s18_p2
1779334000.0,18,3,0.000000,s18_p3
1779334000.0,16,1,0.000000,s16_p1
1779334000.0,16,4,0.713136,s16_p4
1779334000.0,16,2,0.000000,s16_p2
1779334000.0,16,3,0.000000,s16_p3
1779334000.0,2,1,0.111184,s2_p1
1779334000.0,2,4,0.000000,s2_p4
1779334000.0,2,2,0.171610,s2_p2
1779334000.0,2,3,0.000000,s2_p3
1779334000.0,12,4,0.338394,s12_p4
1779334000.0,12,1,0.142609,s12_p1
1779334000.0,12,2,0.000000,s12_p2
1779334000.0,12,3,0.000000,s12_p3
1779334000.0,11,4,0.000000,s11_p4
1779334000.0,11,1,0.079768,s11_p1
1779334000.0,11,2,0.000000,s11_p2
1779334000.0,11,3,0.555960,s11_p3
1779334000.0,4,4,0.067644,s4_p4
1779334000.0,4,1,0.000000,s4_p1
1779334000.0,4,2,0.000000,s4_p2
1779334000.0,4,3,0.111130,s4_p3
1779334000.0,5,4,0.000000,s5_p4
1779334000.0,5,1,0.082132,s5_p1
1779334000.0,5,2,0.067638,s5_p2
1779334000.0,5,3,0.000000,s5_p3
1779334000.0,9,4,0.000000,s9_p4
1779334000.0,9,1,0.000000,s9_p1
1779334000.0,9,2,0.282773,s9_p2
1779334000.0,9,3,0.000000,s9_p3
1779334001.0,6,1,0.036239,s6_p1
1779334001.0,6,4,0.000000,s6_p4
1779334001.0,6,2,0.079725,s6_p2
1779334001.0,6,3,0.000000,s6_p3
1779334001.0,19,1,0.000000,s19_p1
1779334001.0,19,4,0.000000,s19_p4
1779334001.0,19,2,0.000000,s19_p2
1779334001.0,19,3,0.000000,s19_p3
1779334001.0,3,4,0.000000,s3_p4
1779334001.0,3,1,0.142577,s3_p1
1779334001.0,3,2,0.079746,s3_p2
1779334001.0,3,3,0.000000,s3_p3
1779334001.0,1,4,0.079750,s1_p4
1779334001.0,1,1,0.000000,s1_p1
1779334001.0,1,2,0.000000,s1_p2
1779334001.0,1,3,0.169166,s1_p3
1779334001.0,14,1,0.070086,s14_p1
1779334001.0,14,4,0.000000,s14_p4
1779334001.0,14,2,0.082170,s14_p2
1779334001.0,14,3,0.000000,s14_p3
1779334001.0,10,4,0.410254,s10_p4
1779334001.0,10,1,0.000000,s10_p1
1779334001.0,10,2,0.000000,s10_p2
1779334001.0,10,3,0.000000,s10_p3
1779334001.0,8,4,0.142476,s8_p4
1779334001.0,8,1,0.000000,s8_p1
1779334001.0,8,2,0.000000,s8_p2
1779334001.0,8,3,0.084519,s8_p3
1779334001.0,7,1,0.000000,s7_p1
1779334001.0,7,4,0.000000,s7_p4
1779334001.0,7,2,0.000000,s7_p2
1779334001.0,7,3,0.130407,s7_p3
1779334001.0,15,4,0.000000,s15_p4
1779334001.0,15,1,0.000000,s15_p1
1779334001.0,15,2,0.000000,s15_p2
1779334001.0,15,3,0.989989,s15_p3
1779334001.0,13,4,0.000000,s13_p4
1779334001.0,13,1,0.084501,s13_p1
1779334001.0,13,2,0.033801,s13_p2
1779334001.0,13,3,0.000000,s13_p3
1779334001.0,4,4,0.070028,s4_p4
1779334001.0,4,1,0.000000,s4_p1
1779334001.0,4,2,0.000000,s4_p2
1779334001.0,4,3,0.111078,s4_p3
1779334001.0,18,1,0.000000,s18_p1
1779334001.0,18,4,0.000000,s18_p4
1779334001.0,18,2,0.000000,s18_p2
1779334001.0,18,3,0.000000,s18_p3
1779334001.0,2,1,0.111056,s2_p1
1779334001.0,2,4,0.000000,s2_p4
1779334001.0,2,2,0.168998,s2_p2
1779334001.0,2,3,0.000000,s2_p3
1779334001.0,20,1,0.000000,s20_p1
1779334001.0,20,4,0.000000,s20_p4
1779334001.0,20,2,0.711512,s20_p2
1779334001.0,20,3,0.759750,s20_p3
1779334001.0,12,4,0.350054,s12_p4
1779334001.0,12,1,0.142436,s12_p1
1779334001.0,12,2,0.000000,s12_p2
1779334001.0,12,3,0.000000,s12_p3
1779334001.0,17,1,0.555149,s17_p1
1779334001.0,17,4,0.000000,s17_p4
1779334001.0,17,2,0.398259,s17_p2
1779334001.0,17,3,0.591355,s17_p3
1779334001.0,16,1,0.000000,s16_p1
1779334001.0,16,4,0.712084,s16_p4
1779334001.0,16,2,0.000000,s16_p2
1779334001.0,16,3,0.000000,s16_p3
1779334001.0,5,4,0.000000,s5_p4
1779334001.0,5,1,0.084493,s5_p1
1779334001.0,5,2,0.070009,s5_p2
1779334001.0,5,3,0.000000,s5_p3
1779334001.0,11,4,0.000000,s11_p4
1779334001.0,11,1,0.082057,s11_p1
1779334001.0,11,2,0.000000,s11_p2
1779334001.0,11,3,0.555089,s11_p3
1779334001.0,9,4,0.000000,s9_p4
1779334001.0,9,1,0.000000,s9_p1
1779334001.0,9,2,0.279986,s9_p2
1779334001.0,9,3,0.000000,s9_p3
1779334001.0,19,1,0.000000,s19_p1
1779334001.0,19,4,0.000000,s19_p4
1779334001.0,19,2,0.000000,s19_p2
1779334001.0,19,3,0.000000,s19_p3
1779334001.0,10,4,0.398581,s10_p4
1779334001.0,10,1,0.000000,s10_p1
1779334001.0,10,2,0.000000,s10_p2
1779334001.0,10,3,0.000000,s10_p3
1779334001.0,6,1,0.033792,s6_p1
1779334001.0,6,4,0.000000,s6_p4
1779334001.0,6,2,0.082065,s6_p2
1779334001.0,6,3,0.000000,s6_p3
1779334001.0,14,1,0.070041,s14_p1
1779334001.0,14,4,0.000000,s14_p4
1779334001.0,14,2,0.079702,s14_p2
1779334001.0,14,3,0.000000,s14_p3
1779334001.0,3,4,0.000000,s3_p4
1779334001.0,3,1,0.140061,s3_p1
1779334001.0,3,2,0.082105,s3_p2
1779334001.0,3,3,0.000000,s3_p3
1779334001.0,1,4,0.082109,s1_p4
1779334001.0,1,1,0.000000,s1_p1
1779334001.0,1,2,0.000000,s1_p2
1779334001.0,1,3,0.171463,s1_p3
1779334001.0,8,4,0.142517,s8_p4
1779334001.0,8,1,0.000000,s8_p1
1779334001.0,8,2,0.000000,s8_p2
1779334001.0,8,3,0.082128,s8_p3
1779334001.0,7,1,0.000000,s7_p1
1779334001.0,7,4,0.000000,s7_p4
1779334001.0,7,2,0.000000,s7_p2
1779334001.0,7,3,0.125610,s7_p3
1779334001.0,13,4,0.000000,s13_p4
1779334001.0,13,1,0.084555,s13_p1
1779334001.0,13,2,0.033822,s13_p2
1779334001.0,13,3,0.000000,s13_p3
1779334001.0,15,4,0.000000,s15_p4
1779334001.0,15,1,0.000000,s15_p1
1779334001.0,15,2,0.000000,s15_p2
1779334001.0,15,3,1.000000,s15_p3
1779334001.0,12,4,0.350430,s12_p4
1779334001.0,12,1,0.142589,s12_p1
1779334001.0,12,2,0.000000,s12_p2
1779334001.0,12,3,0.000000,s12_p3
1779334001.0,4,4,0.070067,s4_p4
1779334001.0,4,1,0.000000,s4_p1
1779334001.0,4,2,0.000000,s4_p2
1779334001.0,4,3,0.111140,s4_p3
1779334001.0,20,1,0.000000,s20_p1
1779334001.0,20,4,0.000000,s20_p4
1779334001.0,20,2,0.712829,s20_p2
1779334001.0,20,3,0.749075,s20_p3
1779334001.0,17,1,0.555796,s17_p1
1779334001.0,17,4,0.000000,s17_p4
1779334001.0,17,2,0.410806,s17_p2
1779334001.0,17,3,0.592044,s17_p3
1779334001.0,16,1,0.000000,s16_p1
1779334001.0,16,4,0.712636,s16_p4
1779334001.0,16,2,0.000000,s16_p2
1779334001.0,16,3,0.000000,s16_p3
1779334001.0,2,1,0.111102,s2_p1
1779334001.0,2,4,0.000000,s2_p4
1779334001.0,2,2,0.171484,s2_p2
1779334001.0,2,3,0.000000,s2_p3
1779334001.0,18,1,0.000000,s18_p1
1779334001.0,18,4,0.000000,s18_p4
1779334001.0,18,2,0.000000,s18_p2
1779334001.0,18,3,0.000000,s18_p3
1779334001.0,5,4,0.000000,s5_p4
1779334001.0,5,1,0.084544,s5_p1
1779334001.0,5,2,0.070051,s5_p2
1779334001.0,5,3,0.000000,s5_p3
1779334001.0,11,4,0.000000,s11_p4
1779334001.0,11,1,0.079730,s11_p1
1779334001.0,11,2,0.000000,s11_p2
1779334001.0,11,3,0.555692,s11_p3
1779334001.0,9,4,0.000000,s9_p4
1779334001.0,9,1,0.000000,s9_p1
1779334001.0,9,2,0.282661,s9_p2
1779334001.0,9,3,0.000000,s9_p3
1779334002.0,19,1,0.000000,s19_p1
1779334002.0,19,4,0.000000,s19_p4
1779334002.0,19,2,0.000000,s19_p2
1779334002.0,19,3,0.000000,s19_p3
1779334002.0,6,1,0.028966,s6_p1
1779334002.0,6,4,0.000000,s6_p4
1779334002.0,6,2,0.082070,s6_p2
1779334002.0,6,3,0.000000,s6_p3
1779334002.0,10,4,0.410267,s10_p4
1779334002.0,10,1,0.000000,s10_p1
1779334002.0,10,2,0.000000,s10_p2
1779334002.0,10,3,0.000000,s10_p3
1779334002.0,14,1,0.067581,s14_p1
1779334002.0,14,4,0.000000,s14_p4
1779334002.0,14,2,0.082063,s14_p2
1779334002.0,14,3,0.000000,s14_p3
1779334002.0,3,4,0.000000,s3_p4
1779334002.0,3,1,0.142406,s3_p1
1779334002.0,3,2,0.082064,s3_p2
1779334002.0,3,3,0.000000,s3_p3
1779334002.0,1,4,0.082065,s1_p4
1779334002.0,1,1,0.000000,s1_p1
1779334002.0,1,2,0.000000,s1_p2
1779334002.0,1,3,0.168957,s1_p3
1779334002.0,7,1,0.000000,s7_p1
1779334002.0,7,4,0.000000,s7_p4
1779334002.0,7,2,0.000000,s7_p2
1779334002.0,7,3,0.130327,s7_p3
1779334002.0,8,4,0.142370,s8_p4
1779334002.0,8,1,0.000000,s8_p1
1779334002.0,8,2,0.000000,s8_p2
1779334002.0,8,3,0.084457,s8_p3
1779334002.0,5,4,0.000000,s5_p4
1779334002.0,5,1,0.089389,s5_p1
1779334002.0,5,2,0.067646,s5_p2
1779334002.0,5,3,0.000000,s5_p3
1779334002.0,15,4,0.000000,s15_p4
1779334002.0,15,1,0.000000,s15_p1
1779334002.0,15,2,0.000000,s15_p2
1779334002.0,15,3,1.000000,s15_p3
1779334002.0,20,1,0.000000,s20_p1
1779334002.0,20,4,0.000000,s20_p4
1779334002.0,20,2,0.712261,s20_p2
1779334002.0,20,3,0.748478,s20_p3
1779334002.0,13,4,0.000000,s13_p4
1779334002.0,13,1,0.089273,s13_p1
1779334002.0,13,2,0.028953,s13_p2
1779334002.0,13,3,0.000000,s13_p3
1779334002.0,11,4,0.000000,s11_p4
1779334002.0,11,1,0.082085,s11_p1
1779334002.0,11,2,0.000000,s11_p2
1779334002.0,11,3,0.555282,s11_p3
1779334002.0,2,1,0.111041,s2_p1
1779334002.0,2,4,0.000000,s2_p4
1779334002.0,2,2,0.171390,s2_p2
1779334002.0,2,3,0.000000,s2_p3
1779334002.0,18,1,0.000000,s18_p1
1779334002.0,18,4,0.000000,s18_p4
1779334002.0,18,2,0.000000,s18_p2
1779334002.0,18,3,0.000000,s18_p3
1779334002.0,16,1,0.000000,s16_p1
1779334002.0,16,4,0.712031,s16_p4
1779334002.0,16,2,0.000000,s16_p2
1779334002.0,16,3,0.000000,s16_p3
1779334002.0,17,1,0.554934,s17_p1
1779334002.0,17,4,0.000000,s17_p4
1779334002.0,17,2,0.410169,s17_p2
1779334002.0,17,3,0.591126,s17_p3
1779334002.0,12,4,0.337733,s12_p4
1779334002.0,12,1,0.142330,s12_p1
1779334002.0,12,2,0.000000,s12_p2
1779334002.0,12,3,0.000000,s12_p3
1779334002.0,4,4,0.067551,s4_p4
1779334002.0,4,1,0.000000,s4_p1
1779334002.0,4,2,0.000000,s4_p2
1779334002.0,4,3,0.110977,s4_p3
1779334002.0,9,4,0.000000,s9_p4
1779334002.0,9,1,0.000000,s9_p1
1779334002.0,9,2,0.282415,s9_p2
1779334002.0,9,3,0.000000,s9_p3
1779334002.0,14,1,0.070033,s14_p1
1779334002.0,14,4,0.000000,s14_p4
1779334002.0,14,2,0.079692,s14_p2
1779334002.0,14,3,0.000000,s14_p3
1779334002.0,6,1,0.038622,s6_p1
1779334002.0,6,4,0.000000,s6_p4
1779334002.0,6,2,0.079658,s6_p2
1779334002.0,6,3,0.000000,s6_p3
1779334002.0,15,4,0.000000,s15_p4
1779334002.0,15,1,0.000000,s15_p1
1779334002.0,15,2,0.000000,s15_p2
1779334002.0,15,3,1.000000,s15_p3
1779334002.0,10,4,0.398020,s10_p4
1779334002.0,10,1,0.000000,s10_p1
1779334002.0,10,2,0.000000,s10_p2
1779334002.0,10,3,0.000000,s10_p3
1779334002.0,4,4,0.070073,s4_p4
1779334002.0,4,1,0.000000,s4_p1
1779334002.0,4,2,0.000000,s4_p2
1779334002.0,4,3,0.111150,s4_p3
1779334002.0,13,4,0.000000,s13_p4
1779334002.0,13,1,0.084507,s13_p1
1779334002.0,13,2,0.038632,s13_p2
1779334002.0,13,3,0.000000,s13_p3
1779334002.0,3,4,0.000000,s3_p4
1779334002.0,3,1,0.142320,s3_p1
1779334002.0,3,2,0.077191,s3_p2
1779334002.0,3,3,0.000000,s3_p3
1779334002.0,8,4,0.140005,s8_p4
1779334002.0,8,1,0.000000,s8_p1
1779334002.0,8,2,0.000000,s8_p2
1779334002.0,8,3,0.084485,s8_p3
1779334002.0,7,1,0.000000,s7_p1
1779334002.0,7,4,0.000000,s7_p4
1779334002.0,7,2,0.000000,s7_p2
1779334002.0,7,3,0.130334,s7_p3
1779334002.0,18,1,0.000000,s18_p1
1779334002.0,18,4,0.000000,s18_p4
1779334002.0,18,2,0.000000,s18_p2
1779334002.0,18,3,0.000000,s18_p3
1779334002.0,11,4,0.000000,s11_p4
1779334002.0,11,1,0.077249,s11_p1
1779334002.0,11,2,0.000000,s11_p2
1779334002.0,11,3,0.555225,s11_p3
1779334002.0,2,1,0.111043,s2_p1
1779334002.0,2,4,0.000000,s2_p4
1779334002.0,2,2,0.168979,s2_p2
1779334002.0,2,3,0.000000,s2_p3
1779334002.0,5,4,0.000000,s5_p4
1779334002.0,5,1,0.084423,s5_p1
1779334002.0,5,2,0.069950,s5_p2
1779334002.0,5,3,0.000000,s5_p3
1779334002.0,17,1,0.555236,s17_p1
1779334002.0,17,4,0.000000,s17_p4
1779334002.0,17,2,0.386251,s17_p2
1779334002.0,17,3,0.615588,s17_p3
1779334002.0,12,4,0.350040,s12_p4
1779334002.0,12,1,0.142430,s12_p1
1779334002.0,12,2,0.000000,s12_p2
1779334002.0,12,3,0.000000,s12_p3
1779334002.0,20,1,0.000000,s20_p1
1779334002.0,20,4,0.000000,s20_p4
1779334002.0,20,2,0.711610,s20_p2
1779334002.0,20,3,0.747794,s20_p3
1779334002.0,16,1,0.000000,s16_p1
1779334002.0,16,4,0.712093,s16_p4
1779334002.0,16,2,0.000000,s16_p2
1779334002.0,16,3,0.000000,s16_p3
1779334002.0,1,4,0.079513,s1_p4
1779334002.0,1,1,0.000000,s1_p1
1779334002.0,1,2,0.000000,s1_p2
1779334002.0,1,3,0.171073,s1_p3
1779334002.0,9,4,0.000000,s9_p4
1779334002.0,9,1,0.000000,s9_p1
1779334002.0,9,2,0.279971,s9_p2
1779334002.0,9,3,0.000000,s9_p3
1779334002.0,19,1,0.000000,s19_p1
1779334002.0,19,4,0.000000,s19_p4
1779334002.0,19,2,0.000000,s19_p2
1779334002.0,19,3,0.000000,s19_p3
1779334003.0,19,1,0.000000,s19_p1
1779334003.0,19,4,0.000000,s19_p4
1779334003.0,19,2,0.000000,s19_p2
1779334003.0,19,3,0.000000,s19_p3
1779334003.0,1,4,0.082327,s1_p4
1779334003.0,1,1,0.000000,s1_p1
1779334003.0,1,2,0.000000,s1_p2
1779334003.0,1,3,0.171918,s1_p3
1779334003.0,3,4,0.000000,s3_p4
1779334003.0,3,1,0.142685,s3_p1
1779334003.0,3,2,0.079807,s3_p2
1779334003.0,3,3,0.000000,s3_p3
1779334003.0,6,1,0.038660,s6_p1
1779334003.0,6,4,0.000000,s6_p4
1779334003.0,6,2,0.082153,s6_p2
1779334003.0,6,3,0.000000,s6_p3
1779334003.0,14,1,0.067633,s14_p1
1779334003.0,14,4,0.000000,s14_p4
1779334003.0,14,2,0.082126,s14_p2
1779334003.0,14,3,0.000000,s14_p3
1779334003.0,7,1,0.000000,s7_p1
1779334003.0,7,4,0.000000,s7_p4
1779334003.0,7,2,0.000000,s7_p2
1779334003.0,7,3,0.128129,s7_p3
1779334003.0,10,4,0.410909,s10_p4
1779334003.0,10,1,0.000000,s10_p1
1779334003.0,10,2,0.000000,s10_p2
1779334003.0,10,3,0.000000,s10_p3
1779334003.0,15,4,0.000000,s15_p4
1779334003.0,15,1,0.000000,s15_p1
1779334003.0,15,2,0.000000,s15_p2
1779334003.0,15,3,1.000000,s15_p3
1779334003.0,13,4,0.000000,s13_p4
1779334003.0,13,1,0.082182,s13_p1
1779334003.0,13,2,0.038674,s13_p2
1779334003.0,13,3,0.000000,s13_p3
1779334003.0,12,4,0.338559,s12_p4
1779334003.0,12,1,0.140260,s12_p1
1779334003.0,12,2,0.000000,s12_p2
1779334003.0,12,3,0.000000,s12_p3
1779334003.0,20,1,0.000000,s20_p1
1779334003.0,20,4,0.000000,s20_p4
1779334003.0,20,2,0.701269,s20_p2
1779334003.0,20,3,0.749632,s20_p3
1779334003.0,18,1,0.000000,s18_p1
1779334003.0,18,4,0.000000,s18_p4
1779334003.0,18,2,0.000000,s18_p2
1779334003.0,18,3,0.000000,s18_p3
1779334003.0,8,4,0.142540,s8_p4
1779334003.0,8,1,0.000000,s8_p1
1779334003.0,8,2,0.000000,s8_p2
1779334003.0,8,3,0.084558,s8_p3
1779334003.0,9,4,0.000000,s9_p4
1779334003.0,9,1,0.000000,s9_p1
1779334003.0,9,2,0.282883,s9_p2
1779334003.0,9,3,0.000000,s9_p3
1779334003.0,16,1,0.000000,s16_p1
1779334003.0,16,4,0.700887,s16_p4
1779334003.0,16,2,0.000000,s16_p2
1779334003.0,16,3,0.000000,s16_p3
1779334003.0,11,4,0.000000,s11_p4
1779334003.0,11,1,0.079739,s11_p1
1779334003.0,11,2,0.000000,s11_p2
1779334003.0,11,3,0.555757,s11_p3
1779334003.0,5,4,0.000000,s5_p4
1779334003.0,5,1,0.082146,s5_p1
1779334003.0,5,2,0.067650,s5_p2
1779334003.0,5,3,0.000000,s5_p3
1779334003.0,2,1,0.111128,s2_p1
1779334003.0,2,4,0.000000,s2_p4
1779334003.0,2,2,0.171524,s2_p2
1779334003.0,2,3,0.000000,s2_p3
1779334003.0,17,1,0.555643,s17_p1
1779334003.0,17,4,0.000000,s17_p4
1779334003.0,17,2,0.398614,s17_p2
1779334003.0,17,3,0.603960,s17_p3
1779334003.0,4,4,0.067581,s4_p4
1779334003.0,4,1,0.000000,s4_p1
1779334003.0,4,2,0.000000,s4_p2
1779334003.0,4,3,0.111027,s4_p3
1779334003.0,6,1,0.038660,s6_p1
1779334003.0,6,4,0.031411,s6_p4
1779334003.0,6,2,0.079736,s6_p2
1779334003.0,6,3,0.000000,s6_p3
1779334003.0,1,4,0.098996,s1_p4
1779334003.0,1,1,0.000000,s1_p1
1779334003.0,1,2,0.000000,s1_p2
1779334003.0,1,3,0.183506,s1_p3
1779334003.0,3,4,0.000000,s3_p4
1779334003.0,3,1,0.132797,s3_p1
1779334003.0,3,2,0.086922,s3_p2
1779334003.0,3,3,0.041046,s3_p3
1779334003.0,14,1,0.070020,s14_p1
1779334003.0,14,4,0.470821,s14_p4
1779334003.0,14,2,0.079677,s14_p2
1779334003.0,14,3,0.000000,s14_p3
1779334003.0,10,4,0.639790,s10_p4
1779334003.0,10,1,0.000000,s10_p1
1779334003.0,10,2,0.000000,s10_p2
1779334003.0,10,3,0.000000,s10_p3
1779334003.0,15,4,0.000000,s15_p4
1779334003.0,15,1,0.000000,s15_p1
1779334003.0,15,2,0.041042,s15_p2
1779334003.0,15,3,1.000000,s15_p3
1779334003.0,7,1,0.000000,s7_p1
1779334003.0,7,4,0.000000,s7_p4
1779334003.0,7,2,0.065176,s7_p2
1779334003.0,7,3,0.205184,s7_p3
1779334003.0,13,4,0.000000,s13_p4
1779334003.0,13,1,0.115877,s13_p1
1779334003.0,13,2,0.038626,s13_p2
1779334003.0,13,3,0.000000,s13_p3
1779334003.0,20,1,0.000000,s20_p1
1779334003.0,20,4,0.458606,s20_p4
1779334003.0,20,2,0.868937,s20_p2
1779334003.0,20,3,0.748252,s20_p3
1779334003.0,5,4,0.074881,s5_p4
1779334003.0,5,1,0.074881,s5_p1
1779334003.0,5,2,0.111114,s5_p2
1779334003.0,5,3,0.000000,s5_p3
1779334003.0,17,1,0.555612,s17_p1
1779334003.0,17,4,0.205335,s17_p4
1779334003.0,17,2,0.422749,s17_p2
1779334003.0,17,3,0.773026,s17_p3
1779334003.0,18,1,0.000000,s18_p1
1779334003.0,18,4,0.000000,s18_p4
1779334003.0,18,2,0.000000,s18_p2
1779334003.0,18,3,0.000000,s18_p3
1779334003.0,8,4,0.142399,s8_p4
1779334003.0,8,1,0.041030,s8_p1
1779334003.0,8,2,0.026549,s8_p2
1779334003.0,8,3,0.084474,s8_p3
1779334003.0,12,4,0.349895,s12_p4
1779334003.0,12,1,0.149610,s12_p1
1779334003.0,12,2,0.024131,s12_p2
1779334003.0,12,3,0.000000,s12_p3
1779334003.0,4,4,0.070047,s4_p4
1779334003.0,4,1,0.024154,s4_p1
1779334003.0,4,2,0.014492,s4_p2
1779334003.0,4,3,0.111109,s4_p3
1779334003.0,2,1,0.111060,s2_p1
1779334003.0,2,4,0.028972,s2_p4
1779334003.0,2,2,0.169004,s2_p2
1779334003.0,2,3,0.053115,s2_p3
1779334003.0,16,1,0.065162,s16_p1
1779334003.0,16,4,0.711958,s16_p4
1779334003.0,16,2,0.026548,s16_p2
1779334003.0,16,3,0.000000,s16_p3
1779334003.0,11,4,0.000000,s11_p4
1779334003.0,11,1,0.069989,s11_p1
1779334003.0,11,2,0.014480,s11_p2
1779334003.0,11,3,0.760226,s11_p3
1779334003.0,9,4,0.000000,s9_p4
1779334003.0,9,1,0.000000,s9_p1
1779334003.0,9,2,0.279923,s9_p2
1779334003.0,9,3,0.337838,s9_p3
1779334003.0,19,1,0.000000,s19_p1
1779334003.0,19,4,0.000000,s19_p4
1779334003.0,19,2,0.000000,s19_p2
1779334003.0,19,3,0.000000,s19_p3
1779334004.0,6,1,0.070028,s6_p1
1779334004.0,6,4,0.065198,s6_p4
1779334004.0,6,2,0.082101,s6_p2
1779334004.0,6,3,0.000000,s6_p3
1779334004.0,19,1,0.000000,s19_p1
1779334004.0,19,4,0.000000,s19_p4
1779334004.0,19,2,0.000000,s19_p2
1779334004.0,19,3,0.000000,s19_p3
1779334004.0,1,4,0.111074,s1_p4
1779334004.0,1,1,0.000000,s1_p1
1779334004.0,1,2,0.000000,s1_p2
1779334004.0,1,3,0.195586,s1_p3
1779334004.0,14,1,0.067617,s14_p1
1779334004.0,14,4,1.000000,s14_p4
1779334004.0,14,2,0.082107,s14_p2
1779334004.0,14,3,0.000000,s14_p3
1779334004.0,10,4,0.881816,s10_p4
1779334004.0,10,1,0.000000,s10_p1
1779334004.0,10,2,0.000000,s10_p2
1779334004.0,10,3,0.000000,s10_p3
1779334004.0,3,4,0.000000,s3_p4
1779334004.0,3,1,0.123145,s3_p1
1779334004.0,3,2,0.072438,s3_p2
1779334004.0,3,3,0.089341,s3_p3
1779334004.0,8,4,0.142662,s8_p4
1779334004.0,8,1,0.089466,s8_p1
1779334004.0,8,2,0.065286,s8_p2
1779334004.0,8,3,0.084630,s8_p3
1779334004.0,20,1,0.000000,s20_p1
1779334004.0,20,4,1.000000,s20_p4
1779334004.0,20,2,1.000000,s20_p2
1779334004.0,20,3,0.761200,s20_p3
1779334004.0,12,4,0.350441,s12_p4
1779334004.0,12,1,0.149844,s12_p1
1779334004.0,12,2,0.050753,s12_p2
1779334004.0,12,3,0.000000,s12_p3
1779334004.0,15,4,0.000000,s15_p4
1779334004.0,15,1,0.000000,s15_p1
1779334004.0,15,2,0.089340,s15_p2
1779334004.0,15,3,0.989979,s15_p3
1779334004.0,13,4,0.000000,s13_p4
1779334004.0,13,1,0.127974,s13_p1
1779334004.0,13,2,0.070023,s13_p2
1779334004.0,13,3,0.000000,s13_p3
1779334004.0,5,4,0.154633,s5_p4
1779334004.0,5,1,0.045907,s5_p1
1779334004.0,5,2,0.152216,s5_p2
1779334004.0,5,3,0.000000,s5_p3
1779334004.0,7,1,0.000000,s7_p1
1779334004.0,7,4,0.000000,s7_p4
1779334004.0,7,2,0.135197,s7_p2
1779334004.0,7,3,0.270395,s7_p3
1779334004.0,4,4,0.070075,s4_p4
1779334004.0,4,1,0.050744,s4_p1
1779334004.0,4,2,0.024164,s4_p2
1779334004.0,4,3,0.111154,s4_p3
1779334004.0,16,1,0.135320,s16_p1
1779334004.0,16,4,0.712848,s16_p4
1779334004.0,16,2,0.065244,s16_p2
1779334004.0,16,3,0.000000,s16_p3
1779334004.0,18,1,0.000000,s18_p1
1779334004.0,18,4,0.000000,s18_p4
1779334004.0,18,2,0.000000,s18_p2
1779334004.0,18,3,0.000000,s18_p3
1779334004.0,2,1,0.111139,s2_p1
1779334004.0,2,4,0.065234,s2_p4
1779334004.0,2,2,0.171541,s2_p2
1779334004.0,2,3,0.137716,s2_p3
1779334004.0,17,1,0.555392,s17_p1
1779334004.0,17,4,0.446729,s17_p4
1779334004.0,17,2,0.350139,s17_p2
1779334004.0,17,3,0.990047,s17_p3
1779334004.0,11,4,0.000000,s11_p4
1779334004.0,11,1,0.045906,s11_p1
1779334004.0,11,2,0.024161,s11_p2
1779334004.0,11,3,1.000000,s11_p3
1779334004.0,9,4,0.000000,s9_p4
1779334004.0,9,1,0.000000,s9_p1
1779334004.0,9,2,0.282680,s9_p2
1779334004.0,9,3,0.809384,s9_p3
1779334004.0,19,1,0.000000,s19_p1
1779334004.0,19,4,0.000000,s19_p4
1779334004.0,19,2,0.000000,s19_p2
1779334004.0,19,3,0.000000,s19_p3
1779334004.0,1,4,0.081468,s1_p4
1779334004.0,1,1,0.000271,s1_p1
1779334004.0,1,2,0.002169,s1_p2
1779334004.0,1,3,0.045815,s1_p3
1779334004.0,3,4,0.002440,s3_p4
1779334004.0,3,1,0.098349,s3_p1
1779334004.0,3,2,0.065738,s3_p2
1779334004.0,3,3,0.090033,s3_p3
1779334004.0,6,1,0.101197,s6_p1
1779334004.0,6,4,0.067493,s6_p4
1779334004.0,6,2,0.050082,s6_p2
1779334004.0,6,3,0.000000,s6_p3
1779334004.0,14,1,0.066994,s14_p1
1779334004.0,14,4,0.999531,s14_p4
1779334004.0,14,2,0.050116,s14_p2
1779334004.0,14,3,0.000000,s14_p3
1779334004.0,15,4,0.000000,s15_p4
1779334004.0,15,1,0.000814,s15_p1
1779334004.0,15,2,0.090060,s15_p2
1779334004.0,15,3,1.000000,s15_p3
1779334004.0,10,4,0.732573,s10_p4
1779334004.0,10,1,0.002168,s10_p1
1779334004.0,10,2,0.000000,s10_p2
1779334004.0,10,3,0.000000,s10_p3
1779334004.0,8,4,0.069991,s8_p4
1779334004.0,8,1,0.091591,s8_p1
1779334004.0,8,2,0.063461,s8_p2
1779334004.0,8,3,0.062648,s8_p3
1779334004.0,13,4,0.000000,s13_p4
1779334004.0,13,1,0.098847,s13_p1
1779334004.0,13,2,0.101258,s13_p2
1779334004.0,13,3,0.004066,s13_p3
1779334004.0,7,1,0.000813,s7_p1
1779334004.0,7,4,0.000000,s7_p4
1779334004.0,7,2,0.135019,s7_p2
1779334004.0,7,3,0.330946,s7_p3
1779334004.0,4,4,0.064582,s4_p4
1779334004.0,4,1,0.065370,s4_p1
1779334004.0,4,2,0.026551,s4_p2
1779334004.0,4,3,0.016878,s4_p3
1779334004.0,12,4,0.334883,s12_p4
1779334004.0,12,1,0.132634,s12_p1
1779334004.0,12,2,0.067493,s12_p2
1779334004.0,12,3,0.000000,s12_p3
1779334004.0,2,1,0.016877,s2_p1
1779334004.0,2,4,0.065096,s2_p4
1779334004.0,2,2,0.021699,s2_p2
1779334004.0,2,3,0.137968,s2_p3
1779334004.0,18,1,0.000000,s18_p1
1779334004.0,18,4,0.000000,s18_p4
1779334004.0,18,2,0.000000,s18_p2
1779334004.0,18,3,0.000000,s18_p3
1779334004.0,20,1,0.010834,s20_p1
1779334004.0,20,4,0.999831,s20_p4
1779334004.0,20,2,1.000000,s20_p2
1779334004.0,20,3,0.572971,s20_p3
1779334004.0,5,4,0.159047,s5_p4
1779334004.0,5,1,0.050597,s5_p1
1779334004.0,5,2,0.112724,s5_p2
1779334004.0,5,3,0.000813,s5_p3
1779334004.0,16,1,0.134944,s16_p1
1779334004.0,16,4,0.349983,s16_p4
1779334004.0,16,2,0.065091,s16_p2
1779334004.0,16,3,0.000000,s16_p3
1779334004.0,11,4,0.000000,s11_p4
1779334004.0,11,1,0.031330,s11_p1
1779334004.0,11,2,0.024371,s11_p2
1779334004.0,11,3,0.534261,s11_p3
1779334004.0,17,1,0.084341,s17_p1
1779334004.0,17,4,0.453930,s17_p4
1779334004.0,17,2,0.278475,s17_p2
1779334004.0,17,3,1.000000,s17_p3
1779334004.0,9,4,0.000000,s9_p4
1779334004.0,9,1,0.000271,s9_p1
1779334004.0,9,2,0.038558,s9_p2
1779334004.0,9,3,0.808653,s9_p3
1779334005.0,6,1,0.124323,s6_p1
1779334005.0,6,4,0.067734,s6_p4
1779334005.0,6,2,0.000000,s6_p2
1779334005.0,6,3,0.002448,s6_p3
1779334005.0,14,1,0.000000,s14_p1
1779334005.0,14,4,1.000000,s14_p4
1779334005.0,14,2,0.000000,s14_p2
1779334005.0,14,3,0.000000,s14_p3
1779334005.0,10,4,0.471624,s10_p4
1779334005.0,10,1,0.000000,s10_p1
1779334005.0,10,2,0.000000,s10_p2
1779334005.0,10,3,0.000000,s10_p3
1779334005.0,1,4,0.029008,s1_p4
1779334005.0,1,1,0.000000,s1_p1
1779334005.0,1,2,0.000000,s1_p2
1779334005.0,1,3,0.024173,s1_p3
1779334005.0,3,4,0.000000,s3_p4
1779334005.0,3,1,0.000000,s3_p1
1779334005.0,3,2,0.029010,s3_p2
1779334005.0,3,3,0.087030,s3_p3
1779334005.0,13,4,0.000000,s13_p4
1779334005.0,13,1,0.076249,s13_p1
1779334005.0,13,2,0.124307,s13_p2
1779334005.0,13,3,0.020396,s13_p3
1779334005.0,7,1,0.001632,s7_p1
1779334005.0,7,4,0.000000,s7_p4
1779334005.0,7,2,0.140311,s7_p2
1779334005.0,7,3,0.157961,s7_p3
1779334005.0,15,4,0.000000,s15_p4
1779334005.0,15,1,0.004077,s15_p1
1779334005.0,15,2,0.087017,s15_p2
1779334005.0,15,3,1.000000,s15_p3
1779334005.0,8,4,0.000000,s8_p4
1779334005.0,8,1,0.087052,s8_p1
1779334005.0,8,2,0.062871,s8_p2
1779334005.0,8,3,0.000000,s8_p3
1779334005.0,5,4,0.154803,s5_p4
1779334005.0,5,1,0.047224,s5_p1
1779334005.0,5,2,0.029025,s5_p2
1779334005.0,5,3,0.001632,s5_p3
1779334005.0,12,4,0.000000,s12_p4
1779334005.0,12,1,0.029018,s12_p1
1779334005.0,12,2,0.060455,s12_p2
1779334005.0,12,3,0.000000,s12_p3
1779334005.0,18,1,0.000000,s18_p1
1779334005.0,18,4,0.000000,s18_p4
1779334005.0,18,2,0.000000,s18_p2
1779334005.0,18,3,0.000000,s18_p3
1779334005.0,20,1,0.000000,s20_p1
1779334005.0,20,4,1.000000,s20_p4
1779334005.0,20,2,0.447413,s20_p2
1779334005.0,20,3,0.000000,s20_p3
1779334005.0,4,4,0.000000,s4_p4
1779334005.0,4,1,0.060421,s4_p1
1779334005.0,4,2,0.024169,s4_p2
1779334005.0,4,3,0.000000,s4_p3
1779334005.0,2,1,0.000000,s2_p1
1779334005.0,2,4,0.065266,s2_p4
1779334005.0,2,2,0.000000,s2_p2
1779334005.0,2,3,0.137784,s2_p3
1779334005.0,11,4,0.000000,s11_p4
1779334005.0,11,1,0.000000,s11_p1
1779334005.0,11,2,0.024184,s11_p2
1779334005.0,11,3,0.435304,s11_p3
1779334005.0,16,1,0.137833,s16_p1
1779334005.0,16,4,0.000000,s16_p4
1779334005.0,16,2,0.062871,s16_p2
1779334005.0,16,3,0.000000,s16_p3
1779334005.0,17,1,0.000000,s17_p1
1779334005.0,17,4,0.455688,s17_p4
1779334005.0,17,2,0.120915,s17_p2
1779334005.0,17,3,1.000000,s17_p3
1779334005.0,9,4,0.000000,s9_p4
1779334005.0,9,1,0.000000,s9_p1
1779334005.0,9,2,0.000000,s9_p2
1779334005.0,9,3,0.810162,s9_p3
1779334005.0,19,1,0.000000,s19_p1
1779334005.0,19,4,0.000000,s19_p4
1779334005.0,19,2,0.000000,s19_p2
1779334005.0,19,3,0.000000,s19_p3
1779334005.0,6,1,0.115865,s6_p1
1779334005.0,6,4,0.065174,s6_p4
1779334005.0,6,2,0.000000,s6_p2
1779334005.0,6,3,0.000000,s6_p3
1779334005.0,8,4,0.000000,s8_p4
1779334005.0,8,1,0.089330,s8_p1
1779334005.0,8,2,0.065187,s8_p2
1779334005.0,8,3,0.000000,s8_p3
1779334005.0,15,4,0.000000,s15_p4
1779334005.0,15,1,0.000000,s15_p1
1779334005.0,15,2,0.089314,s15_p2
1779334005.0,15,3,0.772449,s15_p3
1779334005.0,14,1,0.000000,s14_p1
1779334005.0,14,4,0.989090,s14_p4
1779334005.0,14,2,0.000000,s14_p2
1779334005.0,14,3,0.000000,s14_p3
1779334005.0,1,4,0.031364,s1_p4
1779334005.0,1,1,0.000000,s1_p1
1779334005.0,1,2,0.000000,s1_p2
1779334005.0,1,3,0.021714,s1_p3
1779334005.0,10,4,0.494559,s10_p4
1779334005.0,10,1,0.000000,s10_p1
1779334005.0,10,2,0.000000,s10_p2
1779334005.0,10,3,0.000000,s10_p3
1779334005.0,3,4,0.000000,s3_p4
1779334005.0,3,1,0.000000,s3_p1
1779334005.0,3,2,0.031363,s3_p2
1779334005.0,3,3,0.089265,s3_p3
1779334005.0,4,4,0.000000,s4_p4
1779334005.0,4,1,0.062758,s4_p1
1779334005.0,4,2,0.021724,s4_p2
1779334005.0,4,3,0.000000,s4_p3
1779334005.0,12,4,0.000000,s12_p4
1779334005.0,12,1,0.031373,s12_p1
1779334005.0,12,2,0.062746,s12_p2
1779334005.0,12,3,0.000000,s12_p3
1779334005.0,7,1,0.000000,s7_p1
1779334005.0,7,4,0.000000,s7_p4
1779334005.0,7,2,0.132641,s7_p2
1779334005.0,7,3,0.142287,s7_p3
1779334005.0,18,1,0.000000,s18_p1
1779334005.0,18,4,0.000000,s18_p4
1779334005.0,18,2,0.000000,s18_p2
1779334005.0,18,3,0.000000,s18_p3
1779334005.0,13,4,0.000000,s13_p4
1779334005.0,13,1,0.084397,s13_p1
1779334005.0,13,2,0.115744,s13_p2
1779334005.0,13,3,0.000000,s13_p3
1779334005.0,20,1,0.000000,s20_p1
1779334005.0,20,4,0.989360,s20_p4
1779334005.0,20,2,0.470549,s20_p2
1779334005.0,20,3,0.000000,s20_p3
1779334005.0,17,1,0.000000,s17_p1
1779334005.0,17,4,0.446639,s17_p4
1779334005.0,17,2,0.108642,s17_p2
1779334005.0,17,3,1.000000,s17_p3
1779334005.0,5,4,0.154410,s5_p4
1779334005.0,5,1,0.000000,s5_p1
1779334005.0,5,2,0.084443,s5_p2
1779334005.0,5,3,0.000000,s5_p3
1779334005.0,2,1,0.000000,s2_p1
1779334005.0,2,4,0.067567,s2_p4
1779334005.0,2,2,0.000000,s2_p2
1779334005.0,2,3,0.137546,s2_p3
1779334005.0,11,4,0.000000,s11_p4
1779334005.0,11,1,0.000000,s11_p1
1779334005.0,11,2,0.024131,s11_p2
1779334005.0,11,3,0.446422,s11_p3
1779334005.0,19,1,0.000000,s19_p1
1779334005.0,19,4,0.000000,s19_p4
1779334005.0,19,2,0.000000,s19_p2
1779334005.0,19,3,0.000000,s19_p3
1779334005.0,16,1,0.132715,s16_p1
1779334005.0,16,4,0.000000,s16_p4
1779334005.0,16,2,0.065151,s16_p2
1779334005.0,16,3,0.000000,s16_p3
1779334005.0,9,4,0.000000,s9_p4
1779334005.0,9,1,0.000000,s9_p1
1779334005.0,9,2,0.000000,s9_p2
1779334005.0,9,3,0.808372,s9_p3
1779334006.0,14,1,0.000000,s14_p1
1779334006.0,14,4,1.000000,s14_p4
1779334006.0,14,2,0.000000,s14_p2
1779334006.0,14,3,0.000000,s14_p3
1779334006.0,6,1,0.098929,s6_p1
1779334006.0,6,4,0.065148,s6_p4
1779334006.0,6,2,0.000000,s6_p2
1779334006.0,6,3,0.000000,s6_p3
1779334006.0,1,4,0.028986,s1_p4
1779334006.0,1,1,0.000000,s1_p1
1779334006.0,1,2,0.000000,s1_p2
1779334006.0,1,3,0.024155,s1_p3
1779334006.0,3,4,0.000000,s3_p4
1779334006.0,3,1,0.000000,s3_p1
1779334006.0,3,2,0.028987,s3_p2
1779334006.0,3,3,0.089376,s3_p3
1779334006.0,12,4,0.000000,s12_p4
1779334006.0,12,1,0.028986,s12_p1
1779334006.0,12,2,0.055556,s12_p2
1779334006.0,12,3,0.000000,s12_p3
1779334006.0,5,4,0.154608,s5_p4
1779334006.0,5,1,0.000000,s5_p1
1779334006.0,5,2,0.101462,s5_p2
1779334006.0,5,3,0.000000,s5_p3
1779334006.0,13,4,0.000000,s13_p4
1779334006.0,13,1,0.101445,s13_p1
1779334006.0,13,2,0.099029,s13_p2
1779334006.0,13,3,0.000000,s13_p3
1779334006.0,8,4,0.000000,s8_p4
1779334006.0,8,1,0.089271,s8_p1
1779334006.0,8,2,0.062731,s8_p2
1779334006.0,8,3,0.000000,s8_p3
1779334006.0,20,1,0.000000,s20_p1
1779334006.0,20,4,1.000000,s20_p4
1779334006.0,20,2,0.422700,s20_p2
1779334006.0,20,3,0.000000,s20_p3
1779334006.0,10,4,0.470555,s10_p4
1779334006.0,10,1,0.000000,s10_p1
1779334006.0,10,2,0.000000,s10_p2
1779334006.0,10,3,0.000000,s10_p3
1779334006.0,7,1,0.000000,s7_p1
1779334006.0,7,4,0.000000,s7_p4
1779334006.0,7,2,0.137654,s7_p2
1779334006.0,7,3,0.140069,s7_p3
1779334006.0,4,4,0.000000,s4_p4
1779334006.0,4,1,0.055535,s4_p1
1779334006.0,4,2,0.024145,s4_p2
1779334006.0,4,3,0.000000,s4_p3
1779334006.0,15,4,0.000000,s15_p4
1779334006.0,15,1,0.000000,s15_p1
1779334006.0,15,2,0.089258,s15_p2
1779334006.0,15,3,0.699590,s15_p3
1779334006.0,16,1,0.137653,s16_p1
1779334006.0,16,4,0.000000,s16_p4
1779334006.0,16,2,0.062789,s16_p2
1779334006.0,16,3,0.000000,s16_p3
1779334006.0,2,1,0.000000,s2_p1
1779334006.0,2,4,0.065192,s2_p4
1779334006.0,2,2,0.000000,s2_p2
1779334006.0,2,3,0.140042,s2_p3
1779334006.0,18,1,0.000000,s18_p1
1779334006.0,18,4,0.000000,s18_p4
1779334006.0,18,2,0.000000,s18_p2
1779334006.0,18,3,0.000000,s18_p3
1779334006.0,9,4,0.000000,s9_p4
1779334006.0,9,1,0.000000,s9_p1
1779334006.0,9,2,0.000000,s9_p2
1779334006.0,9,3,0.808942,s9_p3
1779334006.0,11,4,0.000000,s11_p4
1779334006.0,11,1,0.000000,s11_p1
1779334006.0,11,2,0.021730,s11_p2
1779334006.0,11,3,0.446679,s11_p3
1779334006.0,17,1,0.000000,s17_p1
1779334006.0,17,4,0.446476,s17_p4
1779334006.0,17,2,0.120669,s17_p2
1779334006.0,17,3,1.000000,s17_p3
1779334006.0,19,1,0.000000,s19_p1
1779334006.0,19,4,0.000000,s19_p4
1779334006.0,19,2,0.000000,s19_p2
1779334006.0,19,3,0.000000,s19_p3
1779334006.0,19,1,0.000000,s19_p1
1779334006.0,19,4,0.000000,s19_p4
1779334006.0,19,2,0.000000,s19_p2
1779334006.0,19,3,0.000000,s19_p3
1779334006.0,14,1,0.000000,s14_p1
1779334006.0,14,4,1.000000,s14_p4
1779334006.0,14,2,0.000000,s14_p2
1779334006.0,14,3,0.000000,s14_p3
1779334006.0,6,1,0.103824,s6_p1
1779334006.0,6,4,0.065192,s6_p4
1779334006.0,6,2,0.000000,s6_p2
1779334006.0,6,3,0.000000,s6_p3
1779334006.0,1,4,0.031388,s1_p4
1779334006.0,1,1,0.000000,s1_p1
1779334006.0,1,2,0.000000,s1_p2
1779334006.0,1,3,0.024145,s1_p3
1779334006.0,10,4,0.483075,s10_p4
1779334006.0,10,1,0.000000,s10_p1
1779334006.0,10,2,0.000000,s10_p2
1779334006.0,10,3,0.000000,s10_p3
1779334006.0,15,4,0.000000,s15_p4
1779334006.0,15,1,0.000000,s15_p1
1779334006.0,15,2,0.086959,s15_p2
1779334006.0,15,3,0.712583,s15_p3
1779334006.0,4,4,0.000000,s4_p4
1779334006.0,4,1,0.057964,s4_p1
1779334006.0,4,2,0.024152,s4_p2
1779334006.0,4,3,0.000000,s4_p3
1779334006.0,13,4,0.000000,s13_p4
1779334006.0,13,1,0.096587,s13_p1
1779334006.0,13,2,0.103831,s13_p2
1779334006.0,13,3,0.000000,s13_p3
1779334006.0,3,4,0.000000,s3_p4
1779334006.0,3,1,0.000000,s3_p1
1779334006.0,3,2,0.031360,s3_p2
1779334006.0,3,3,0.086842,s3_p3
1779334006.0,8,4,0.000000,s8_p4
1779334006.0,8,1,0.086920,s8_p1
1779334006.0,8,2,0.062776,s8_p2
1779334006.0,8,3,0.000000,s8_p3
1779334006.0,7,1,0.000000,s7_p1
1779334006.0,7,4,0.000000,s7_p4
1779334006.0,7,2,0.137632,s7_p2
1779334006.0,7,3,0.142461,s7_p3
1779334006.0,11,4,0.000000,s11_p4
1779334006.0,11,1,0.000000,s11_p1
1779334006.0,11,2,0.024153,s11_p2
1779334006.0,11,3,0.434748,s11_p3
1779334006.0,17,1,0.000000,s17_p1
1779334006.0,17,4,0.434729,s17_p4
1779334006.0,17,2,0.120758,s17_p2
1779334006.0,17,3,1.000000,s17_p3
1779334006.0,18,1,0.000000,s18_p1
1779334006.0,18,4,0.000000,s18_p4
1779334006.0,18,2,0.000000,s18_p2
1779334006.0,18,3,0.000000,s18_p3
1779334006.0,5,4,0.156827,s5_p4
1779334006.0,5,1,0.000000,s5_p1
1779334006.0,5,2,0.096509,s5_p2
1779334006.0,5,3,0.000000,s5_p3
1779334006.0,12,4,0.000000,s12_p4
1779334006.0,12,1,0.031362,s12_p1
1779334006.0,12,2,0.057899,s12_p2
1779334006.0,12,3,0.000000,s12_p3
1779334006.0,20,1,0.000000,s20_p1
1779334006.0,20,4,1.000000,s20_p4
1779334006.0,20,2,0.446372,s20_p2
1779334006.0,20,3,0.000000,s20_p3
1779334006.0,2,1,0.000000,s2_p1
1779334006.0,2,4,0.065196,s2_p4
1779334006.0,2,2,0.000000,s2_p2
1779334006.0,2,3,0.137637,s2_p3
1779334006.0,16,1,0.137604,s16_p1
1779334006.0,16,4,0.000000,s16_p4
1779334006.0,16,2,0.062767,s16_p2
1779334006.0,16,3,0.000000,s16_p3
1779334006.0,9,4,0.000000,s9_p4
1779334006.0,9,1,0.000000,s9_p1
1779334006.0,9,2,0.000000,s9_p2
1779334006.0,9,3,0.808772,s9_p3
1779334007.0,19,1,0.000000,s19_p1
1779334007.0,19,4,0.000000,s19_p4
1779334007.0,19,2,0.000000,s19_p2
1779334007.0,19,3,0.000000,s19_p3
1779334007.0,8,4,0.000000,s8_p4
1779334007.0,8,1,0.089129,s8_p1
1779334007.0,8,2,0.062631,s8_p2
1779334007.0,8,3,0.000000,s8_p3
1779334007.0,3,4,0.000000,s3_p4
1779334007.0,3,1,0.000000,s3_p1
1779334007.0,3,2,0.031311,s3_p2
1779334007.0,3,3,0.089117,s3_p3
1779334007.0,14,1,0.000000,s14_p1
1779334007.0,14,4,0.998444,s14_p4
1779334007.0,14,2,0.000000,s14_p2
1779334007.0,14,3,0.000000,s14_p3
1779334007.0,10,4,0.481543,s10_p4
1779334007.0,10,1,0.000000,s10_p1
1779334007.0,10,2,0.000000,s10_p2
1779334007.0,10,3,0.000000,s10_p3
1779334007.0,7,1,0.000000,s7_p1
1779334007.0,7,4,0.000000,s7_p4
1779334007.0,7,2,0.137285,s7_p2
1779334007.0,7,3,0.139694,s7_p3
1779334007.0,1,4,0.031277,s1_p4
1779334007.0,1,1,0.000000,s1_p1
1779334007.0,1,2,0.000000,s1_p2
1779334007.0,1,3,0.024059,s1_p3
1779334007.0,11,4,0.000000,s11_p4
1779334007.0,11,1,0.000000,s11_p1
1779334007.0,11,2,0.024072,s11_p2
1779334007.0,11,3,0.445327,s11_p3
1779334007.0,13,4,0.000000,s13_p4
1779334007.0,13,1,0.101026,s13_p1
1779334007.0,13,2,0.098620,s13_p2
1779334007.0,13,3,0.000000,s13_p3
1779334007.0,18,1,0.000000,s18_p1
1779334007.0,18,4,0.000000,s18_p4
1779334007.0,18,2,0.000000,s18_p2
1779334007.0,18,3,0.000000,s18_p3
1779334007.0,16,1,0.137233,s16_p1
1779334007.0,16,4,0.000000,s16_p4
1779334007.0,16,2,0.062597,s16_p2
1779334007.0,16,3,0.000000,s16_p3
1779334007.0,4,4,0.000000,s4_p4
1779334007.0,4,1,0.055316,s4_p1
1779334007.0,4,2,0.024050,s4_p2
1779334007.0,4,3,0.000000,s4_p3
1779334007.0,6,1,0.098517,s6_p1
1779334007.0,6,4,0.067280,s6_p4
1779334007.0,6,2,0.000000,s6_p2
1779334007.0,6,3,0.000000,s6_p3
1779334007.0,12,4,0.000000,s12_p4
1779334007.0,12,1,0.031288,s12_p1
1779334007.0,12,2,0.055356,s12_p2
1779334007.0,12,3,0.000000,s12_p3
1779334007.0,2,1,0.000000,s2_p1
1779334007.0,2,4,0.064982,s2_p4
1779334007.0,2,2,0.000000,s2_p2
1779334007.0,2,3,0.137184,s2_p3
1779334007.0,17,1,0.000000,s17_p1
1779334007.0,17,4,0.445182,s17_p4
1779334007.0,17,2,0.120319,s17_p2
1779334007.0,17,3,0.998651,s17_p3
1779334007.0,20,1,0.000000,s20_p1
1779334007.0,20,4,0.998711,s20_p4
1779334007.0,20,2,0.433176,s20_p2
1779334007.0,20,3,0.000000,s20_p3
1779334007.0,15,4,0.000000,s15_p4
1779334007.0,15,1,0.000000,s15_p1
1779334007.0,15,2,0.088961,s15_p2
1779334007.0,15,3,0.697264,s15_p3
1779334007.0,5,4,0.153994,s5_p4
1779334007.0,5,1,0.000000,s5_p1
1779334007.0,5,2,0.101059,s5_p2
1779334007.0,5,3,0.000000,s5_p3
1779334007.0,9,4,0.000000,s9_p4
1779334007.0,9,1,0.000000,s9_p1
1779334007.0,9,2,0.000000,s9_p2
1779334007.0,9,3,0.806145,s9_p3
1779334007.0,19,1,0.000000,s19_p1
1779334007.0,19,4,0.000000,s19_p4
1779334007.0,19,2,0.000000,s19_p2
1779334007.0,19,3,0.000000,s19_p3
1779334007.0,1,4,0.029011,s1_p4
1779334007.0,1,1,0.000000,s1_p1
1779334007.0,1,2,0.000000,s1_p2
1779334007.0,1,3,0.024175,s1_p3
1779334007.0,10,4,0.483417,s10_p4
1779334007.0,10,1,0.000000,s10_p1
1779334007.0,10,2,0.000000,s10_p2
1779334007.0,10,3,0.000000,s10_p3
1779334007.0,6,1,0.094389,s6_p1
1779334007.0,6,4,0.065346,s6_p4
1779334007.0,6,2,0.000000,s6_p2
1779334007.0,6,3,0.000000,s6_p3
1779334007.0,12,4,0.000000,s12_p4
1779334007.0,12,1,0.029044,s12_p1
1779334007.0,12,2,0.055668,s12_p2
1779334007.0,12,3,0.000000,s12_p3
1779334007.0,2,1,0.000000,s2_p1
1779334007.0,2,4,0.067767,s2_p4
1779334007.0,2,2,0.000000,s2_p2
1779334007.0,2,3,0.137955,s2_p3
1779334007.0,13,4,0.000000,s13_p4
1779334007.0,13,1,0.104038,s13_p1
1779334007.0,13,2,0.094360,s13_p2
1779334007.0,13,3,0.000000,s13_p3
1779334007.0,4,4,0.000000,s4_p4
1779334007.0,4,1,0.055653,s4_p1
1779334007.0,4,2,0.024197,s4_p2
1779334007.0,4,3,0.000000,s4_p3
1779334007.0,7,1,0.000000,s7_p1
1779334007.0,7,4,0.000000,s7_p4
1779334007.0,7,2,0.135325,s7_p2
1779334007.0,7,3,0.142574,s7_p3
1779334007.0,14,1,0.000000,s14_p1
1779334007.0,14,4,1.000000,s14_p4
1779334007.0,14,2,0.000000,s14_p2
1779334007.0,14,3,0.000000,s14_p3
1779334007.0,20,1,0.000000,s20_p1
1779334007.0,20,4,1.000000,s20_p4
1779334007.0,20,2,0.423495,s20_p2
1779334007.0,20,3,0.000000,s20_p3
1779334007.0,3,4,0.000000,s3_p4
1779334007.0,3,1,0.000000,s3_p1
1779334007.0,3,2,0.028991,s3_p2
1779334007.0,3,3,0.086973,s3_p3
1779334007.0,18,1,0.000000,s18_p1
1779334007.0,18,4,0.000000,s18_p4
1779334007.0,18,2,0.000000,s18_p2
1779334007.0,18,3,0.000000,s18_p3
1779334007.0,8,4,0.000000,s8_p4
1779334007.0,8,1,0.086958,s8_p1
1779334007.0,8,2,0.065218,s8_p2
1779334007.0,8,3,0.000000,s8_p3
1779334007.0,11,4,0.000000,s11_p4
1779334007.0,11,1,0.000000,s11_p1
1779334007.0,11,2,0.024184,s11_p2
1779334007.0,11,3,0.447403,s11_p3
1779334007.0,16,1,0.135391,s16_p1
1779334007.0,16,4,0.000000,s16_p4
1779334007.0,16,2,0.065278,s16_p2
1779334007.0,16,3,0.000000,s16_p3
1779334007.0,15,4,0.000000,s15_p4
1779334007.0,15,1,0.000000,s15_p1
1779334007.0,15,2,0.087055,s15_p2
1779334007.0,15,3,0.713364,s15_p3
1779334007.0,9,4,0.000000,s9_p4
1779334007.0,9,1,0.000000,s9_p1
1779334007.0,9,2,0.000000,s9_p2
1779334007.0,9,3,0.810293,s9_p3
1779334007.0,17,1,0.000000,s17_p1
1779334007.0,17,4,0.447316,s17_p4
1779334007.0,17,2,0.120896,s17_p2
1779334007.0,17,3,0.991348,s17_p3
1779334007.0,5,4,0.154766,s5_p4
1779334007.0,5,1,0.000000,s5_p1
1779334007.0,5,2,0.103983,s5_p2
1779334007.0,5,3,0.000000,s5_p3
1779334008.0,1,4,0.031414,s1_p4
1779334008.0,1,1,0.000000,s1_p1
1779334008.0,1,2,0.000000,s1_p2
1779334008.0,1,3,0.024164,s1_p3
1779334008.0,6,1,0.106320,s6_p1
1779334008.0,6,4,0.065242,s6_p4
1779334008.0,6,2,0.000000,s6_p2
1779334008.0,6,3,0.000000,s6_p3
1779334008.0,14,1,0.000000,s14_p1
1779334008.0,14,4,1.000000,s14_p4
1779334008.0,14,2,0.000000,s14_p2
1779334008.0,14,3,0.000000,s14_p3
1779334008.0,15,4,0.000000,s15_p4
1779334008.0,15,1,0.000000,s15_p1
1779334008.0,15,2,0.089454,s15_p2
1779334008.0,15,3,0.701128,s15_p3
1779334008.0,10,4,0.482956,s10_p4
1779334008.0,10,1,0.000000,s10_p1
1779334008.0,10,2,0.000000,s10_p2
1779334008.0,10,3,0.000000,s10_p3
1779334008.0,13,4,0.000000,s13_p4
1779334008.0,13,1,0.094192,s13_p1
1779334008.0,13,2,0.106268,s13_p2
1779334008.0,13,3,0.000000,s13_p3
1779334008.0,3,4,0.000000,s3_p4
1779334008.0,3,1,0.000000,s3_p1
1779334008.0,3,2,0.031403,s3_p2
1779334008.0,3,3,0.089378,s3_p3
1779334008.0,8,4,0.000000,s8_p4
1779334008.0,8,1,0.089385,s8_p1
1779334008.0,8,2,0.062811,s8_p2
1779334008.0,8,3,0.000000,s8_p3
1779334008.0,4,4,0.000000,s4_p4
1779334008.0,4,1,0.062756,s4_p1
1779334008.0,4,2,0.024137,s4_p2
1779334008.0,4,3,0.000000,s4_p3
1779334008.0,5,4,0.157024,s5_p4
1779334008.0,5,1,0.000000,s5_p1
1779334008.0,5,2,0.094214,s5_p2
1779334008.0,5,3,0.000000,s5_p3
1779334008.0,18,1,0.000000,s18_p1
1779334008.0,18,4,0.000000,s18_p4
1779334008.0,18,2,0.000000,s18_p2
1779334008.0,18,3,0.000000,s18_p3
1779334008.0,20,1,0.000000,s20_p1
1779334008.0,20,4,1.000000,s20_p4
1779334008.0,20,2,0.470649,s20_p2
1779334008.0,20,3,0.000000,s20_p3
1779334008.0,7,1,0.000000,s7_p1
1779334008.0,7,4,0.000000,s7_p4
1779334008.0,7,2,0.137562,s7_p2
1779334008.0,7,3,0.139976,s7_p3
1779334008.0,12,4,0.000000,s12_p4
1779334008.0,12,1,0.031367,s12_p1
1779334008.0,12,2,0.062733,s12_p2
1779334008.0,12,3,0.000000,s12_p3
1779334008.0,16,1,0.137603,s16_p1
1779334008.0,16,4,0.000000,s16_p4
1779334008.0,16,2,0.062766,s16_p2
1779334008.0,16,3,0.000000,s16_p3
1779334008.0,2,1,0.000000,s2_p1
1779334008.0,2,4,0.065119,s2_p4
1779334008.0,2,2,0.000000,s2_p2
1779334008.0,2,3,0.137474,s2_p3
1779334008.0,9,4,0.000000,s9_p4
1779334008.0,9,1,0.000000,s9_p1
1779334008.0,9,2,0.000000,s9_p2
1779334008.0,9,3,0.808728,s9_p3
1779334008.0,17,1,0.000000,s17_p1
1779334008.0,17,4,0.434540,s17_p4
1779334008.0,17,2,0.120706,s17_p2
1779334008.0,17,3,1.000000,s17_p3
1779334008.0,11,4,0.000000,s11_p4
1779334008.0,11,1,0.000000,s11_p1
1779334008.0,11,2,0.024127,s11_p2
1779334008.0,11,3,0.434278,s11_p3
1779334008.0,19,1,0.000000,s19_p1
1779334008.0,19,4,0.000000,s19_p4
1779334008.0,19,2,0.000000,s19_p2
1779334008.0,19,3,0.000000,s19_p3
1779334008.0,6,1,0.091714,s6_p1
1779334008.0,6,4,0.065165,s6_p4
1779334008.0,6,2,0.000000,s6_p2
1779334008.0,6,3,0.000000,s6_p3
1779334008.0,19,1,0.000000,s19_p1
1779334008.0,19,4,0.000000,s19_p4
1779334008.0,19,2,0.000000,s19_p2
1779334008.0,19,3,0.000000,s19_p3
1779334008.0,14,1,0.000000,s14_p1
1779334008.0,14,4,1.000000,s14_p4
1779334008.0,14,2,0.000000,s14_p2
1779334008.0,14,3,0.000000,s14_p3
1779334008.0,3,4,0.000000,s3_p4
1779334008.0,3,1,0.000000,s3_p1
1779334008.0,3,2,0.028943,s3_p2
1779334008.0,3,3,0.089240,s3_p3
1779334008.0,8,4,0.000000,s8_p4
1779334008.0,8,1,0.089233,s8_p1
1779334008.0,8,2,0.065116,s8_p2
1779334008.0,8,3,0.000000,s8_p3
1779334008.0,10,4,0.470226,s10_p4
1779334008.0,10,1,0.000000,s10_p1
1779334008.0,10,2,0.000000,s10_p2
1779334008.0,10,3,0.000000,s10_p3
1779334008.0,15,4,0.000000,s15_p4
1779334008.0,15,1,0.000000,s15_p1
1779334008.0,15,2,0.089211,s15_p2
1779334008.0,15,3,0.711274,s15_p3
1779334008.0,1,4,0.028913,s1_p4
1779334008.0,1,1,0.000000,s1_p1
1779334008.0,1,2,0.000000,s1_p2
1779334008.0,1,3,0.021685,s1_p3
1779334008.0,4,4,0.000000,s4_p4
1779334008.0,4,1,0.060279,s4_p1
1779334008.0,4,2,0.021701,s4_p2
1779334008.0,4,3,0.000000,s4_p3
1779334008.0,7,1,0.000000,s7_p1
1779334008.0,7,4,0.000000,s7_p4
1779334008.0,7,2,0.135036,s7_p2
1779334008.0,7,3,0.142270,s7_p3
1779334008.0,13,4,0.000000,s13_p4
1779334008.0,13,1,0.108419,s13_p1
1779334008.0,13,2,0.091554,s13_p2
1779334008.0,13,3,0.000000,s13_p3
1779334008.0,12,4,0.000000,s12_p4
1779334008.0,12,1,0.028935,s12_p1
1779334008.0,12,2,0.060282,s12_p2
1779334008.0,12,3,0.000000,s12_p3
1779334008.0,20,1,0.000000,s20_p1
1779334008.0,20,4,1.000000,s20_p4
1779334008.0,20,2,0.446054,s20_p2
1779334008.0,20,3,0.000000,s20_p3
1779334008.0,5,4,0.154299,s5_p4
1779334008.0,5,1,0.000000,s5_p1
1779334008.0,5,2,0.108491,s5_p2
1779334008.0,5,3,0.000000,s5_p3
1779334008.0,2,1,0.000000,s2_p1
1779334008.0,2,4,0.065075,s2_p4
1779334008.0,2,2,0.000000,s2_p2
1779334008.0,2,3,0.139791,s2_p3
1779334008.0,16,1,0.134948,s16_p1
1779334008.0,16,4,0.000000,s16_p4
1779334008.0,16,2,0.065064,s16_p2
1779334008.0,16,3,0.000000,s16_p3
1779334008.0,18,1,0.000000,s18_p1
1779334008.0,18,4,0.000000,s18_p4
1779334008.0,18,2,0.000000,s18_p2
1779334008.0,18,3,0.000000,s18_p3
1779334008.0,9,4,0.000000,s9_p4
1779334008.0,9,1,0.000000,s9_p1
1779334008.0,9,2,0.000000,s9_p2
1779334008.0,9,3,0.819329,s9_p3
1779334008.0,11,4,0.000000,s11_p4
1779334008.0,11,1,0.000000,s11_p1
1779334008.0,11,2,0.021688,s11_p2
1779334008.0,11,3,0.445811,s11_p3
1779334008.0,17,1,0.000000,s17_p1
1779334008.0,17,4,0.445782,s17_p4
1779334008.0,17,2,0.108433,s17_p2
1779334008.0,17,3,0.999996,s17_p3
1779334009.0,19,1,0.000000,s19_p1
1779334009.0,19,4,0.000000,s19_p4
1779334009.0,19,2,0.000000,s19_p2
1779334009.0,19,3,0.000000,s19_p3
1779334009.0,3,4,0.000000,s3_p4
1779334009.0,3,1,0.000000,s3_p1
1779334009.0,3,2,0.031314,s3_p2
1779334009.0,3,3,0.089125,s3_p3
1779334009.0,14,1,0.000000,s14_p1
1779334009.0,14,4,0.999238,s14_p4
1779334009.0,14,2,0.000000,s14_p2
1779334009.0,14,3,0.000000,s14_p3
1779334009.0,1,4,0.031312,s1_p4
1779334009.0,1,1,0.000000,s1_p1
1779334009.0,1,2,0.000000,s1_p2
1779334009.0,1,3,0.024086,s1_p3
1779334009.0,6,1,0.103406,s6_p1
1779334009.0,6,4,0.067334,s6_p4
1779334009.0,6,2,0.000000,s6_p2
1779334009.0,6,3,0.000000,s6_p3
1779334009.0,13,4,0.000000,s13_p4
1779334009.0,13,1,0.096358,s13_p1
1779334009.0,13,2,0.103585,s13_p2
1779334009.0,13,3,0.000000,s13_p3
1779334009.0,4,4,0.000000,s4_p4
1779334009.0,4,1,0.065026,s4_p1
1779334009.0,4,2,0.024084,s4_p2
1779334009.0,4,3,0.000000,s4_p3
1779334009.0,10,4,0.493307,s10_p4
1779334009.0,10,1,0.000000,s10_p1
1779334009.0,10,2,0.000000,s10_p2
1779334009.0,10,3,0.000000,s10_p3
1779334009.0,8,4,0.000000,s8_p4
1779334009.0,8,1,0.089021,s8_p1
1779334009.0,8,2,0.064961,s8_p2
1779334009.0,8,3,0.000000,s8_p3
1779334009.0,15,4,0.000000,s15_p4
1779334009.0,15,1,0.000000,s15_p1
1779334009.0,15,2,0.089023,s15_p2
1779334009.0,15,3,0.709780,s15_p3
1779334009.0,7,1,0.000000,s7_p1
1779334009.0,7,4,0.000000,s7_p4
1779334009.0,7,2,0.134847,s7_p2
1779334009.0,7,3,0.142071,s7_p3
1779334009.0,5,4,0.156427,s5_p4
1779334009.0,5,1,0.000000,s5_p1
1779334009.0,5,2,0.096263,s5_p2
1779334009.0,5,3,0.000000,s5_p3
1779334009.0,18,1,0.000000,s18_p1
1779334009.0,18,4,0.000000,s18_p4
1779334009.0,18,2,0.000000,s18_p2
1779334009.0,18,3,0.000000,s18_p3
1779334009.0,16,1,0.134886,s16_p1
1779334009.0,16,4,0.000000,s16_p4
1779334009.0,16,2,0.065035,s16_p2
1779334009.0,16,3,0.000000,s16_p3
1779334009.0,2,1,0.000000,s2_p1
1779334009.0,2,4,0.067435,s2_p4
1779334009.0,2,2,0.000000,s2_p2
1779334009.0,2,3,0.137277,s2_p3
1779334009.0,17,1,0.000000,s17_p1
1779334009.0,17,4,0.445663,s17_p4
1779334009.0,17,2,0.120449,s17_p2
1779334009.0,17,3,0.999730,s17_p3
1779334009.0,12,4,0.000000,s12_p4
1779334009.0,12,1,0.031277,s12_p1
1779334009.0,12,2,0.064961,s12_p2
1779334009.0,12,3,0.000000,s12_p3
1779334009.0,20,1,0.000000,s20_p1
1779334009.0,20,4,0.998472,s20_p4
1779334009.0,20,2,0.481191,s20_p2
1779334009.0,20,3,0.000000,s20_p3
1779334009.0,11,4,0.000000,s11_p4
1779334009.0,11,1,0.000000,s11_p1
1779334009.0,11,2,0.024082,s11_p2
1779334009.0,11,3,0.445513,s11_p3
1779334009.0,9,4,0.000000,s9_p4
1779334009.0,9,1,0.000000,s9_p1
1779334009.0,9,2,0.000000,s9_p2
1779334009.0,9,3,0.794608,s9_p3
1779334009.0,19,1,0.000000,s19_p1
1779334009.0,19,4,0.000000,s19_p4
1779334009.0,19,2,0.000000,s19_p2
1779334009.0,19,3,0.000000,s19_p3
1779334009.0,4,4,0.000000,s4_p4
1779334009.0,4,1,0.062904,s4_p1
1779334009.0,4,2,0.024194,s4_p2
1779334009.0,4,3,0.000000,s4_p3
1779334009.0,9,4,0.000000,s9_p4
1779334009.0,9,1,0.000000,s9_p1
1779334009.0,9,2,0.000000,s9_p2
1779334009.0,9,3,0.810520,s9_p3
1779334009.0,13,4,0.000000,s13_p4
1779334009.0,13,1,0.091781,s13_p1
1779334009.0,13,2,0.108688,s13_p2
1779334009.0,13,3,0.000000,s13_p3
1779334009.0,14,1,0.000000,s14_p1
1779334009.0,14,4,0.989451,s14_p4
1779334009.0,14,2,0.000000,s14_p2
1779334009.0,14,3,0.000000,s14_p3
1779334009.0,18,1,0.000000,s18_p1
1779334009.0,18,4,0.000000,s18_p4
1779334009.0,18,2,0.000000,s18_p2
1779334009.0,18,3,0.000000,s18_p3
1779334009.0,8,4,0.000000,s8_p4
1779334009.0,8,1,0.086967,s8_p1
1779334009.0,8,2,0.065225,s8_p2
1779334009.0,8,3,0.000000,s8_p3
1779334009.0,2,1,0.000000,s2_p1
1779334009.0,2,4,0.065284,s2_p4
1779334009.0,2,2,0.000000,s2_p2
1779334009.0,2,3,0.137822,s2_p3
1779334009.0,3,4,0.000000,s3_p4
1779334009.0,3,1,0.000000,s3_p1
1779334009.0,3,2,0.028950,s3_p2
1779334009.0,3,3,0.086850,s3_p3
1779334009.0,12,4,0.000000,s12_p4
1779334009.0,12,1,0.029014,s12_p1
1779334009.0,12,2,0.062864,s12_p2
1779334009.0,12,3,0.000000,s12_p3
1779334009.0,7,1,0.000000,s7_p1
1779334009.0,7,4,0.000000,s7_p4
1779334009.0,7,2,0.132856,s7_p2
1779334009.0,7,3,0.140103,s7_p3
1779334009.0,1,4,0.028954,s1_p4
1779334009.0,1,1,0.000000,s1_p1
1779334009.0,1,2,0.000000,s1_p2
1779334009.0,1,3,0.024129,s1_p3
1779334009.0,20,1,0.000000,s20_p1
1779334009.0,20,4,0.991233,s20_p4
1779334009.0,20,2,0.459352,s20_p2
1779334009.0,20,3,0.000000,s20_p3
1779334009.0,10,4,0.470892,s10_p4
1779334009.0,10,1,0.000000,s10_p1
1779334009.0,10,2,0.000000,s10_p2
1779334009.0,10,3,0.000000,s10_p3
1779334009.0,16,1,0.132949,s16_p1
1779334009.0,16,4,0.000000,s16_p4
1779334009.0,16,2,0.065266,s16_p2
1779334009.0,16,3,0.000000,s16_p3
1779334009.0,6,1,0.108570,s6_p1
1779334009.0,6,4,0.065142,s6_p4
1779334009.0,6,2,0.000000,s6_p2
1779334009.0,6,3,0.000000,s6_p3
1779334009.0,11,4,0.000000,s11_p4
1779334009.0,11,1,0.000000,s11_p1
1779334009.0,11,2,0.024180,s11_p2
1779334009.0,11,3,0.435235,s11_p3
1779334009.0,17,1,0.000000,s17_p1
1779334009.0,17,4,0.435097,s17_p4
1779334009.0,17,2,0.120860,s17_p2
1779334009.0,17,3,1.000000,s17_p3
1779334009.0,15,4,0.000000,s15_p4
1779334009.0,15,1,0.000000,s15_p1
1779334009.0,15,2,0.086915,s15_p2
1779334009.0,15,3,0.700151,s15_p3
1779334009.0,5,4,0.154617,s5_p4
1779334009.0,5,1,0.000000,s5_p1
1779334009.0,5,2,0.091804,s5_p2
1779334009.0,5,3,0.000000,s5_p3
1779334010.0,19,1,0.000000,s19_p1
1779334010.0,19,4,0.000000,s19_p4
1779334010.0,19,2,0.000000,s19_p2
1779334010.0,19,3,0.000000,s19_p3
1779334010.0,6,1,0.097100,s6_p1
1779334010.0,6,4,0.065542,s6_p4
1779334010.0,6,2,0.000000,s6_p2
1779334010.0,6,3,0.000000,s6_p3
1779334010.0,10,4,0.485436,s10_p4
1779334010.0,10,1,0.000000,s10_p1
1779334010.0,10,2,0.000000,s10_p2
1779334010.0,10,3,0.000000,s10_p3
1779334010.0,1,4,0.031550,s1_p4
1779334010.0,1,1,0.000000,s1_p1
1779334010.0,1,2,0.000000,s1_p2
1779334010.0,1,3,0.024270,s1_p3
1779334010.0,3,4,0.000000,s3_p4
1779334010.0,3,1,0.000000,s3_p1
1779334010.0,3,2,0.031538,s3_p2
1779334010.0,3,3,0.089762,s3_p3
1779334010.0,4,4,0.000000,s4_p4
1779334010.0,4,1,0.065380,s4_p1
1779334010.0,4,2,0.024215,s4_p2
1779334010.0,4,3,0.000000,s4_p3
1779334010.0,13,4,0.000000,s13_p4
1779334010.0,13,1,0.104238,s13_p1
1779334010.0,13,2,0.096966,s13_p2
1779334010.0,13,3,0.000000,s13_p3
1779334010.0,15,4,0.000000,s15_p4
1779334010.0,15,1,0.000000,s15_p1
1779334010.0,15,2,0.089754,s15_p2
1779334010.0,15,3,0.703475,s15_p3
1779334010.0,14,1,0.000000,s14_p1
1779334010.0,14,4,1.000000,s14_p4
1779334010.0,14,2,0.000000,s14_p2
1779334010.0,14,3,0.000000,s14_p3
1779334010.0,8,4,0.000000,s8_p4
1779334010.0,8,1,0.089689,s8_p1
1779334010.0,8,2,0.067872,s8_p2
1779334010.0,8,3,0.000000,s8_p3
1779334010.0,20,1,0.000000,s20_p1
1779334010.0,20,4,1.000000,s20_p4
1779334010.0,20,2,0.484900,s20_p2
1779334010.0,20,3,0.000000,s20_p3
1779334010.0,7,1,0.000000,s7_p1
1779334010.0,7,4,0.000000,s7_p4
1779334010.0,7,2,0.133335,s7_p2
1779334010.0,7,3,0.140608,s7_p3
1779334010.0,5,4,0.155158,s5_p4
1779334010.0,5,1,0.000000,s5_p1
1779334010.0,5,2,0.104247,s5_p2
1779334010.0,5,3,0.000000,s5_p3
1779334010.0,2,1,0.000000,s2_p1
1779334010.0,2,4,0.065407,s2_p4
1779334010.0,2,2,0.000000,s2_p2
1779334010.0,2,3,0.138082,s2_p3
1779334010.0,16,1,0.133267,s16_p1
1779334010.0,16,4,0.000000,s16_p4
1779334010.0,16,2,0.067845,s16_p2
1779334010.0,16,3,0.000000,s16_p3
1779334010.0,18,1,0.000000,s18_p1
1779334010.0,18,4,0.000000,s18_p4
1779334010.0,18,2,0.000000,s18_p2
1779334010.0,18,3,0.000000,s18_p3
1779334010.0,17,1,0.000000,s17_p1
1779334010.0,17,4,0.448270,s17_p4
1779334010.0,17,2,0.121154,s17_p2
1779334010.0,17,3,1.000000,s17_p3
1779334010.0,11,4,0.000000,s11_p4
1779334010.0,11,1,0.000000,s11_p1
1779334010.0,11,2,0.024230,s11_p2
1779334010.0,11,3,0.448249,s11_p3
1779334010.0,12,4,0.000000,s12_p4
1779334010.0,12,1,0.031489,s12_p1
1779334010.0,12,2,0.065401,s12_p2
1779334010.0,12,3,0.000000,s12_p3
1779334010.0,9,4,0.000000,s9_p4
1779334010.0,9,1,0.000000,s9_p1
1779334010.0,9,2,0.000000,s9_p2
1779334010.0,9,3,0.811056,s9_p3
1779334010.0,6,1,0.101470,s6_p1
1779334010.0,6,4,0.065231,s6_p4
1779334010.0,6,2,0.000000,s6_p2
1779334010.0,6,3,0.000000,s6_p3
1779334010.0,13,4,0.000000,s13_p4
1779334010.0,13,1,0.096651,s13_p1
1779334010.0,13,2,0.101484,s13_p2
1779334010.0,13,3,0.000000,s13_p3
1779334010.0,14,1,0.000000,s14_p1
1779334010.0,14,4,1.000000,s14_p4
1779334010.0,14,2,0.000000,s14_p2
1779334010.0,14,3,0.000000,s14_p3
1779334010.0,10,4,0.470707,s10_p4
1779334010.0,10,1,0.000000,s10_p1
1779334010.0,10,2,0.000000,s10_p2
1779334010.0,10,3,0.000000,s10_p3
1779334010.0,3,4,0.000000,s3_p4
1779334010.0,3,1,0.000000,s3_p1
1779334010.0,3,2,0.028975,s3_p2
1779334010.0,3,3,0.086925,s3_p3
1779334010.0,15,4,0.000000,s15_p4
1779334010.0,15,1,0.000000,s15_p1
1779334010.0,15,2,0.086908,s15_p2
1779334010.0,15,3,0.712164,s15_p3
1779334010.0,18,1,0.000000,s18_p1
1779334010.0,18,4,0.000000,s18_p4
1779334010.0,18,2,0.000000,s18_p2
1779334010.0,18,3,0.000000,s18_p3
1779334010.0,12,4,0.000000,s12_p4
1779334010.0,12,1,0.028993,s12_p1
1779334010.0,12,2,0.067651,s12_p2
1779334010.0,12,3,0.000000,s12_p3
1779334010.0,1,4,0.028938,s1_p4
1779334010.0,1,1,0.000000,s1_p1
1779334010.0,1,2,0.000000,s1_p2
1779334010.0,1,3,0.024115,s1_p3
1779334010.0,11,4,0.000000,s11_p4
1779334010.0,11,1,0.000000,s11_p1
1779334010.0,11,2,0.024158,s11_p2
1779334010.0,11,3,0.434837,s11_p3
1779334010.0,7,1,0.000000,s7_p1
1779334010.0,7,4,0.000000,s7_p4
1779334010.0,7,2,0.135184,s7_p2
1779334010.0,7,3,0.142426,s7_p3
1779334010.0,17,1,0.000000,s17_p1
1779334010.0,17,4,0.434811,s17_p4
1779334010.0,17,2,0.120781,s17_p2
1779334010.0,17,3,0.990404,s17_p3
1779334010.0,4,4,0.000000,s4_p4
1779334010.0,4,1,0.067543,s4_p1
1779334010.0,4,2,0.024123,s4_p2
1779334010.0,4,3,0.000000,s4_p3
1779334010.0,2,1,0.000000,s2_p1
1779334010.0,2,4,0.065175,s2_p4
1779334010.0,2,2,0.000000,s2_p2
1779334010.0,2,3,0.137591,s2_p3
1779334010.0,8,4,0.000000,s8_p4
1779334010.0,8,1,0.086837,s8_p1
1779334010.0,8,2,0.065127,s8_p2
1779334010.0,8,3,0.000000,s8_p3
1779334010.0,20,1,0.000000,s20_p1
1779334010.0,20,4,1.000000,s20_p4
1779334010.0,20,2,0.482422,s20_p2
1779334010.0,20,3,0.000000,s20_p3
1779334010.0,5,4,0.154457,s5_p4
1779334010.0,5,1,0.000000,s5_p1
1779334010.0,5,2,0.096536,s5_p2
1779334010.0,5,3,0.000000,s5_p3
1779334010.0,9,4,0.000000,s9_p4
1779334010.0,9,1,0.000000,s9_p1
1779334010.0,9,2,0.000000,s9_p2
1779334010.0,9,3,0.808807,s9_p3
1779334010.0,16,1,0.135158,s16_p1
1779334010.0,16,4,0.000000,s16_p4
1779334010.0,16,2,0.065166,s16_p2
1779334010.0,16,3,0.000000,s16_p3
1779334010.0,19,1,0.000000,s19_p1
1779334010.0,19,4,0.000000,s19_p4
1779334010.0,19,2,0.000000,s19_p2
1779334010.0,19,3,0.000000,s19_p3
1779334011.0,6,1,0.103741,s6_p1
1779334011.0,6,4,0.067552,s6_p4
1779334011.0,6,2,0.000000,s6_p2
1779334011.0,6,3,0.000000,s6_p3
1779334011.0,10,4,0.482886,s10_p4
1779334011.0,10,1,0.000000,s10_p1
1779334011.0,10,2,0.000000,s10_p2
1779334011.0,10,3,0.000000,s10_p3
1779334011.0,14,1,0.000000,s14_p1
1779334011.0,14,4,1.000000,s14_p4
1779334011.0,14,2,0.000000,s14_p2
1779334011.0,14,3,0.000000,s14_p3
1779334011.0,3,4,0.000000,s3_p4
1779334011.0,3,1,0.000000,s3_p1
1779334011.0,3,2,0.031384,s3_p2
1779334011.0,3,3,0.089324,s3_p3
1779334011.0,1,4,0.031414,s1_p4
1779334011.0,1,1,0.000000,s1_p1
1779334011.0,1,2,0.000000,s1_p2
1779334011.0,1,3,0.024164,s1_p3
1779334011.0,13,4,0.000000,s13_p4
1779334011.0,13,1,0.096475,s13_p1
1779334011.0,13,2,0.103710,s13_p2
1779334011.0,13,3,0.000000,s13_p3
1779334011.0,18,1,0.000000,s18_p1
1779334011.0,18,4,0.000000,s18_p4
1779334011.0,18,2,0.000000,s18_p2
1779334011.0,18,3,0.000000,s18_p3
1779334011.0,8,4,0.000000,s8_p4
1779334011.0,8,1,0.089396,s8_p1
1779334011.0,8,2,0.065235,s8_p2
1779334011.0,8,3,0.000000,s8_p3
1779334011.0,15,4,0.000000,s15_p4
1779334011.0,15,1,0.000000,s15_p1
1779334011.0,15,2,0.089311,s15_p2
1779334011.0,15,3,0.700006,s15_p3
1779334011.0,7,1,0.000000,s7_p1
1779334011.0,7,4,0.000000,s7_p4
1779334011.0,7,2,0.135195,s7_p2
1779334011.0,7,3,0.140023,s7_p3
1779334011.0,5,4,0.156919,s5_p4
1779334011.0,5,1,0.000000,s5_p1
1779334011.0,5,2,0.096565,s5_p2
1779334011.0,5,3,0.000000,s5_p3
1779334011.0,4,4,0.000000,s4_p4
1779334011.0,4,1,0.062715,s4_p1
1779334011.0,4,2,0.024121,s4_p2
1779334011.0,4,3,0.000000,s4_p3
1779334011.0,9,4,0.000000,s9_p4
1779334011.0,9,1,0.000000,s9_p1
1779334011.0,9,2,0.000000,s9_p2
1779334011.0,9,3,0.808650,s9_p3
1779334011.0,2,1,0.000000,s2_p1
1779334011.0,2,4,0.065163,s2_p4
1779334011.0,2,2,0.000000,s2_p2
1779334011.0,2,3,0.137566,s2_p3
1779334011.0,12,4,0.000000,s12_p4
1779334011.0,12,1,0.031350,s12_p1
1779334011.0,12,2,0.062699,s12_p2
1779334011.0,12,3,0.000000,s12_p3
1779334011.0,11,4,0.000000,s11_p4
1779334011.0,11,1,0.000000,s11_p1
1779334011.0,11,2,0.024115,s11_p2
1779334011.0,11,3,0.446130,s11_p3
1779334011.0,20,1,0.000000,s20_p1
1779334011.0,20,4,1.000000,s20_p4
1779334011.0,20,2,0.470581,s20_p2
1779334011.0,20,3,0.000000,s20_p3
1779334011.0,17,1,0.000000,s17_p1
1779334011.0,17,4,0.446095,s17_p4
1779334011.0,17,2,0.120566,s17_p2
1779334011.0,17,3,1.000000,s17_p3
1779334011.0,16,1,0.135139,s16_p1
1779334011.0,16,4,0.000000,s16_p4
1779334011.0,16,2,0.065156,s16_p2
1779334011.0,16,3,0.000000,s16_p3
1779334011.0,19,1,0.000000,s19_p1
1779334011.0,19,4,0.000000,s19_p4
1779334011.0,19,2,0.000000,s19_p2
1779334011.0,19,3,0.000000,s19_p3
1779334011.0,6,1,0.094203,s6_p1
1779334011.0,6,4,0.065218,s6_p4
1779334011.0,6,2,0.000000,s6_p2
1779334011.0,6,3,0.000000,s6_p3
1779334011.0,14,1,0.000000,s14_p1
1779334011.0,14,4,1.000000,s14_p4
1779334011.0,14,2,0.000000,s14_p2
1779334011.0,14,3,0.000000,s14_p3
1779334011.0,3,4,0.000000,s3_p4
1779334011.0,3,1,0.000000,s3_p1
1779334011.0,3,2,0.028973,s3_p2
1779334011.0,3,3,0.089333,s3_p3
1779334011.0,10,4,0.482768,s10_p4
1779334011.0,10,1,0.000000,s10_p1
1779334011.0,10,2,0.000000,s10_p2
1779334011.0,10,3,0.000000,s10_p3
1779334011.0,1,4,0.028970,s1_p4
1779334011.0,1,1,0.000000,s1_p1
1779334011.0,1,2,0.000000,s1_p2
1779334011.0,1,3,0.021727,s1_p3
1779334011.0,7,1,0.000000,s7_p1
1779334011.0,7,4,0.000000,s7_p4
1779334011.0,7,2,0.135321,s7_p2
1779334011.0,7,3,0.142571,s7_p3
1779334011.0,8,4,0.000000,s8_p4
1779334011.0,8,1,0.089399,s8_p1
1779334011.0,8,2,0.065237,s8_p2
1779334011.0,8,3,0.000000,s8_p3
1779334011.0,15,4,0.000000,s15_p4
1779334011.0,15,1,0.000000,s15_p1
1779334011.0,15,2,0.089398,s15_p2
1779334011.0,15,3,0.712767,s15_p3
1779334011.0,13,4,0.000000,s13_p4
1779334011.0,13,1,0.106210,s13_p1
1779334011.0,13,2,0.094141,s13_p2
1779334011.0,13,3,0.000000,s13_p3
1779334011.0,18,1,0.000000,s18_p1
1779334011.0,18,4,0.000000,s18_p4
1779334011.0,18,2,0.000000,s18_p2
1779334011.0,18,3,0.000000,s18_p3
1779334011.0,2,1,0.000000,s2_p1
1779334011.0,2,4,0.067659,s2_p4
1779334011.0,2,2,0.000000,s2_p2
1779334011.0,2,3,0.140151,s2_p3
1779334011.0,12,4,0.000000,s12_p4
1779334011.0,12,1,0.028998,s12_p1
1779334011.0,12,2,0.062830,s12_p2
1779334011.0,12,3,0.000000,s12_p3
1779334011.0,20,1,0.000000,s20_p1
1779334011.0,20,4,1.000000,s20_p4
1779334011.0,20,2,0.459185,s20_p2
1779334011.0,20,3,0.000000,s20_p3
1779334011.0,4,4,0.000000,s4_p4
1779334011.0,4,1,0.062817,s4_p1
1779334011.0,4,2,0.021744,s4_p2
1779334011.0,4,3,0.000000,s4_p3
1779334011.0,17,1,0.000000,s17_p1
1779334011.0,17,4,0.447090,s17_p4
1779334011.0,17,2,0.108752,s17_p2
1779334011.0,17,3,1.000000,s17_p3
1779334011.0,16,1,0.135334,s16_p1
1779334011.0,16,4,0.000000,s16_p4
1779334011.0,16,2,0.065250,s16_p2
1779334011.0,16,3,0.000000,s16_p3
1779334011.0,5,4,0.154595,s5_p4
1779334011.0,5,1,0.000000,s5_p1
1779334011.0,5,2,0.106284,s5_p2
1779334011.0,5,3,0.000000,s5_p3
1779334011.0,19,1,0.000000,s19_p1
1779334011.0,19,4,0.000000,s19_p4
1779334011.0,19,2,0.000000,s19_p2
1779334011.0,19,3,0.000000,s19_p3
1779334011.0,9,4,0.000000,s9_p4
1779334011.0,9,1,0.000000,s9_p1
1779334011.0,9,2,0.000000,s9_p2
1779334011.0,9,3,0.809037,s9_p3
1779334011.0,11,4,0.000000,s11_p4
1779334011.0,11,1,0.000000,s11_p1
1779334011.0,11,2,0.021738,s11_p2
1779334011.0,11,3,0.446839,s11_p3
1779334012.0,6,1,0.106315,s6_p1
1779334012.0,6,4,0.065239,s6_p4
1779334012.0,6,2,0.000000,s6_p2
1779334012.0,6,3,0.000000,s6_p3
1779334012.0,19,1,0.000000,s19_p1
1779334012.0,19,4,0.000000,s19_p4
1779334012.0,19,2,0.000000,s19_p2
1779334012.0,19,3,0.000000,s19_p3
1779334012.0,1,4,0.031419,s1_p4
1779334012.0,1,1,0.000000,s1_p1
1779334012.0,1,2,0.000000,s1_p2
1779334012.0,1,3,0.024168,s1_p3
1779334012.0,14,1,0.000000,s14_p1
1779334012.0,14,4,0.990206,s14_p4
1779334012.0,14,2,0.000000,s14_p2
1779334012.0,14,3,0.000000,s14_p3
1779334012.0,10,4,0.483290,s10_p4
1779334012.0,10,1,0.000000,s10_p1
1779334012.0,10,2,0.000000,s10_p2
1779334012.0,10,3,0.000000,s10_p3
1779334012.0,3,4,0.000000,s3_p4
1779334012.0,3,1,0.000000,s3_p1
1779334012.0,3,2,0.031410,s3_p2
1779334012.0,3,3,0.086981,s3_p3
1779334012.0,7,1,0.000000,s7_p1
1779334012.0,7,4,0.000000,s7_p4
1779334012.0,7,2,0.132889,s7_p2
1779334012.0,7,3,0.140138,s7_p3
1779334012.0,2,1,0.000000,s2_p1
1779334012.0,2,4,0.065272,s2_p4
1779334012.0,2,2,0.000000,s2_p2
1779334012.0,2,3,0.137796,s2_p3
1779334012.0,15,4,0.000000,s15_p4
1779334012.0,15,1,0.000000,s15_p1
1779334012.0,15,2,0.086948,s15_p2
1779334012.0,15,3,0.700416,s15_p3
1779334012.0,8,4,0.000000,s8_p4
1779334012.0,8,1,0.086941,s8_p1
1779334012.0,8,2,0.065206,s8_p2
1779334012.0,8,3,0.000000,s8_p3
1779334012.0,18,1,0.000000,s18_p1
1779334012.0,18,4,0.000000,s18_p4
1779334012.0,18,2,0.000000,s18_p2
1779334012.0,18,3,0.000000,s18_p3
1779334012.0,12,4,0.000000,s12_p4
1779334012.0,12,1,0.031425,s12_p1
1779334012.0,12,2,0.060432,s12_p2
1779334012.0,12,3,0.000000,s12_p3
1779334012.0,16,1,0.132884,s16_p1
1779334012.0,16,4,0.000000,s16_p4
1779334012.0,16,2,0.065234,s16_p2
1779334012.0,16,3,0.000000,s16_p3
1779334012.0,4,4,0.000000,s4_p4
1779334012.0,4,1,0.060392,s4_p1
1779334012.0,4,2,0.024157,s4_p2
1779334012.0,4,3,0.000000,s4_p3
1779334012.0,17,1,0.000000,s17_p1
1779334012.0,17,4,0.434823,s17_p4
1779334012.0,17,2,0.120784,s17_p2
1779334012.0,17,3,1.000000,s17_p3
1779334012.0,11,4,0.000000,s11_p4
1779334012.0,11,1,0.000000,s11_p1
1779334012.0,11,2,0.024167,s11_p2
1779334012.0,11,3,0.435008,s11_p3
1779334012.0,20,1,0.000000,s20_p1
1779334012.0,20,4,0.990315,s20_p4
1779334012.0,20,2,0.458926,s20_p2
1779334012.0,20,3,0.000000,s20_p3
1779334012.0,13,4,0.000000,s13_p4
1779334012.0,13,1,0.094185,s13_p1
1779334012.0,13,2,0.106260,s13_p2
1779334012.0,13,3,0.000000,s13_p3
1779334012.0,5,4,0.154603,s5_p4
1779334012.0,5,1,0.000000,s5_p1
1779334012.0,5,2,0.094211,s5_p2
1779334012.0,5,3,0.000000,s5_p3
1779334012.0,9,4,0.000000,s9_p4
1779334012.0,9,1,0.000000,s9_p1
1779334012.0,9,2,0.000000,s9_p2
1779334012.0,9,3,0.809504,s9_p3
1779334012.0,1,4,0.029009,s1_p4
1779334012.0,1,1,0.000000,s1_p1
1779334012.0,1,2,0.000000,s1_p2
1779334012.0,1,3,0.024174,s1_p3
1779334012.0,19,1,0.000000,s19_p1
1779334012.0,19,4,0.000000,s19_p4
1779334012.0,19,2,0.000000,s19_p2
1779334012.0,19,3,0.000000,s19_p3
1779334012.0,6,1,0.106277,s6_p1
1779334012.0,6,4,0.065215,s6_p4
1779334012.0,6,2,0.000000,s6_p2
1779334012.0,6,3,0.000000,s6_p3
1779334012.0,14,1,0.000000,s14_p1
1779334012.0,14,4,1.000000,s14_p4
1779334012.0,14,2,0.000000,s14_p2
1779334012.0,14,3,0.000000,s14_p3
1779334012.0,13,4,0.000000,s13_p4
1779334012.0,13,1,0.094309,s13_p1
1779334012.0,13,2,0.106399,s13_p2
1779334012.0,13,3,0.000000,s13_p3
1779334012.0,10,4,0.470767,s10_p4
1779334012.0,10,1,0.000000,s10_p1
1779334012.0,10,2,0.000000,s10_p2
1779334012.0,10,3,0.000000,s10_p3
1779334012.0,7,1,0.000000,s7_p1
1779334012.0,7,4,0.000000,s7_p4
1779334012.0,7,2,0.132799,s7_p2
1779334012.0,7,3,0.142457,s7_p3
1779334012.0,3,4,0.000000,s3_p4
1779334012.0,3,1,0.000000,s3_p1
1779334012.0,3,2,0.028969,s3_p2
1779334012.0,3,3,0.089322,s3_p3
1779334012.0,4,4,0.000000,s4_p4
1779334012.0,4,1,0.060435,s4_p1
1779334012.0,4,2,0.024174,s4_p2
1779334012.0,4,3,0.000000,s4_p3
1779334012.0,8,4,0.000000,s8_p4
1779334012.0,8,1,0.089371,s8_p1
1779334012.0,8,2,0.067632,s8_p2
1779334012.0,8,3,0.000000,s8_p3
1779334012.0,15,4,0.000000,s15_p4
1779334012.0,15,1,0.000000,s15_p1
1779334012.0,15,2,0.089366,s15_p2
1779334012.0,15,3,0.712513,s15_p3
1779334012.0,17,1,0.000000,s17_p1
1779334012.0,17,4,0.446887,s17_p4
1779334012.0,17,2,0.120780,s17_p2
1779334012.0,17,3,1.000000,s17_p3
1779334012.0,9,4,0.000000,s9_p4
1779334012.0,9,1,0.000000,s9_p1
1779334012.0,9,2,0.000000,s9_p2
1779334012.0,9,3,0.809263,s9_p3
1779334012.0,12,4,0.000000,s12_p4
1779334012.0,12,1,0.028963,s12_p1
1779334012.0,12,2,0.060339,s12_p2
1779334012.0,12,3,0.000000,s12_p3
1779334012.0,18,1,0.000000,s18_p1
1779334012.0,18,4,0.000000,s18_p4
1779334012.0,18,2,0.000000,s18_p2
1779334012.0,18,3,0.000000,s18_p3
1779334012.0,2,1,0.000000,s2_p1
1779334012.0,2,4,0.065157,s2_p4
1779334012.0,2,2,0.000000,s2_p2
1779334012.0,2,3,0.137553,s2_p3
1779334012.0,11,4,0.000000,s11_p4
1779334012.0,11,1,0.000000,s11_p1
1779334012.0,11,2,0.024153,s11_p2
1779334012.0,11,3,0.446826,s11_p3
1779334012.0,20,1,0.000000,s20_p1
1779334012.0,20,4,1.000000,s20_p4
1779334012.0,20,2,0.446827,s20_p2
1779334012.0,20,3,0.000000,s20_p3
1779334012.0,5,4,0.156996,s5_p4
1779334012.0,5,1,0.000000,s5_p1
1779334012.0,5,2,0.094198,s5_p2
1779334012.0,5,3,0.000000,s5_p3
1779334012.0,16,1,0.132814,s16_p1
1779334012.0,16,4,0.000000,s16_p4
1779334012.0,16,2,0.067615,s16_p2
1779334012.0,16,3,0.000000,s16_p3
1779334013.0,10,4,0.483603,s10_p4
1779334013.0,10,1,0.000000,s10_p1
1779334013.0,10,2,0.000000,s10_p2
1779334013.0,10,3,0.000000,s10_p3
1779334013.0,6,1,0.091704,s6_p1
1779334013.0,6,4,0.065158,s6_p4
1779334013.0,6,2,0.000000,s6_p2
1779334013.0,6,3,0.000000,s6_p3
1779334013.0,15,4,0.000000,s15_p4
1779334013.0,15,1,0.000000,s15_p1
1779334013.0,15,2,0.086998,s15_p2
1779334013.0,15,3,0.700819,s15_p3
1779334013.0,3,4,0.000000,s3_p4
1779334013.0,3,1,0.000000,s3_p1
1779334013.0,3,2,0.031410,s3_p2
1779334013.0,3,3,0.086982,s3_p3
1779334013.0,8,4,0.000000,s8_p4
1779334013.0,8,1,0.086990,s8_p1
1779334013.0,8,2,0.065243,s8_p2
1779334013.0,8,3,0.000000,s8_p3
1779334013.0,14,1,0.000000,s14_p1
1779334013.0,14,4,1.000000,s14_p4
1779334013.0,14,2,0.000000,s14_p2
1779334013.0,14,3,0.000000,s14_p3
1779334013.0,1,4,0.031360,s1_p4
1779334013.0,1,1,0.000000,s1_p1
1779334013.0,1,2,0.000000,s1_p2
1779334013.0,1,3,0.024123,s1_p3
1779334013.0,5,4,0.154688,s5_p4
1779334013.0,5,1,0.000000,s5_p1
1779334013.0,5,2,0.108765,s5_p2
1779334013.0,5,3,0.000000,s5_p3
1779334013.0,2,1,0.000000,s2_p1
1779334013.0,2,4,0.065251,s2_p4
1779334013.0,2,2,0.000000,s2_p2
1779334013.0,2,3,0.137752,s2_p3
1779334013.0,20,1,0.000000,s20_p1
1779334013.0,20,4,1.000000,s20_p4
1779334013.0,20,2,0.459177,s20_p2
1779334013.0,20,3,0.000000,s20_p3
1779334013.0,12,4,0.000000,s12_p4
1779334013.0,12,1,0.031414,s12_p1
1779334013.0,12,2,0.060412,s12_p2
1779334013.0,12,3,0.000000,s12_p3
1779334013.0,13,4,0.000000,s13_p4
1779334013.0,13,1,0.106206,s13_p1
1779334013.0,13,2,0.091723,s13_p2
1779334013.0,13,3,0.000000,s13_p3
1779334013.0,7,1,0.000000,s7_p1
1779334013.0,7,4,0.000000,s7_p4
1779334013.0,7,2,0.135186,s7_p2
1779334013.0,7,3,0.140014,s7_p3
1779334013.0,4,4,0.000000,s4_p4
1779334013.0,4,1,0.060355,s4_p1
1779334013.0,4,2,0.024142,s4_p2
1779334013.0,4,3,0.000000,s4_p3
1779334013.0,16,1,0.135277,s16_p1
1779334013.0,16,4,0.000000,s16_p4
1779334013.0,16,2,0.065223,s16_p2
1779334013.0,16,3,0.000000,s16_p3
1779334013.0,17,1,0.000000,s17_p1
1779334013.0,17,4,0.434699,s17_p4
1779334013.0,17,2,0.120750,s17_p2
1779334013.0,17,3,1.000000,s17_p3
1779334013.0,18,1,0.000000,s18_p1
1779334013.0,18,4,0.000000,s18_p4
1779334013.0,18,2,0.000000,s18_p2
1779334013.0,18,3,0.000000,s18_p3
1779334013.0,19,1,0.000000,s19_p1
1779334013.0,19,4,0.000000,s19_p4
1779334013.0,19,2,0.000000,s19_p2
1779334013.0,19,3,0.000000,s19_p3
1779334013.0,9,4,0.000000,s9_p4
1779334013.0,9,1,0.000000,s9_p1
1779334013.0,9,2,0.000000,s9_p2
1779334013.0,9,3,0.808985,s9_p3
1779334013.0,11,4,0.000000,s11_p4
1779334013.0,11,1,0.000000,s11_p1
1779334013.0,11,2,0.024150,s11_p2
1779334013.0,11,3,0.434704,s11_p3
1779334013.0,7,1,0.000000,s7_p1
1779334013.0,7,4,0.000000,s7_p4
1779334013.0,7,2,0.135066,s7_p2
1779334013.0,7,3,0.142301,s7_p3
1779334013.0,18,1,0.000000,s18_p1
1779334013.0,18,4,0.000000,s18_p4
1779334013.0,18,2,0.000000,s18_p2
1779334013.0,18,3,0.000000,s18_p3
1779334013.0,11,4,0.000000,s11_p4
1779334013.0,11,1,0.000000,s11_p1
1779334013.0,11,2,0.024130,s11_p2
1779334013.0,11,3,0.446398,s11_p3
1779334013.0,10,4,0.481476,s10_p4
1779334013.0,10,1,0.000000,s10_p1
1779334013.0,10,2,0.000000,s10_p2
1779334013.0,10,3,0.000000,s10_p3
1779334013.0,17,1,0.000000,s17_p1
1779334013.0,17,4,0.446311,s17_p4
1779334013.0,17,2,0.120625,s17_p2
1779334013.0,17,3,0.989121,s17_p3
1779334013.0,14,1,0.000000,s14_p1
1779334013.0,14,4,0.999909,s14_p4
1779334013.0,14,2,0.000000,s14_p2
1779334013.0,14,3,0.000000,s14_p3
1779334013.0,3,4,0.000000,s3_p4
1779334013.0,3,1,0.000000,s3_p1
1779334013.0,3,2,0.028910,s3_p2
1779334013.0,3,3,0.089138,s3_p3
1779334013.0,2,1,0.000000,s2_p1
1779334013.0,2,4,0.067505,s2_p4
1779334013.0,2,2,0.000000,s2_p2
1779334013.0,2,3,0.137420,s2_p3
1779334013.0,6,1,0.103573,s6_p1
1779334013.0,6,4,0.067443,s6_p4
1779334013.0,6,2,0.000000,s6_p2
1779334013.0,6,3,0.000000,s6_p3
1779334013.0,1,4,0.028909,s1_p4
1779334013.0,1,1,0.000000,s1_p1
1779334013.0,1,2,0.000000,s1_p2
1779334013.0,1,3,0.024091,s1_p3
1779334013.0,8,4,0.000000,s8_p4
1779334013.0,8,1,0.089071,s8_p1
1779334013.0,8,2,0.064998,s8_p2
1779334013.0,8,3,0.000000,s8_p3
1779334013.0,20,1,0.000000,s20_p1
1779334013.0,20,4,0.999750,s20_p4
1779334013.0,20,2,0.433627,s20_p2
1779334013.0,20,3,0.000000,s20_p3
1779334013.0,13,4,0.000000,s13_p4
1779334013.0,13,1,0.096363,s13_p1
1779334013.0,13,2,0.103590,s13_p2
1779334013.0,13,3,0.000000,s13_p3
1779334013.0,5,4,0.154155,s5_p4
1779334013.0,5,1,0.000000,s5_p1
1779334013.0,5,2,0.093938,s5_p2
1779334013.0,5,3,0.000000,s5_p3
1779334013.0,12,4,0.000000,s12_p4
1779334013.0,12,1,0.028906,s12_p1
1779334013.0,12,2,0.057813,s12_p2
1779334013.0,12,3,0.000000,s12_p3
1779334013.0,4,4,0.000000,s4_p4
1779334013.0,4,1,0.057815,s4_p1
1779334013.0,4,2,0.024090,s4_p2
1779334013.0,4,3,0.000000,s4_p3
1779334013.0,19,1,0.000000,s19_p1
1779334013.0,19,4,0.000000,s19_p4
1779334013.0,19,2,0.000000,s19_p2
1779334013.0,19,3,0.000000,s19_p3
1779334013.0,16,1,0.134946,s16_p1
1779334013.0,16,4,0.000000,s16_p4
1779334013.0,16,2,0.065063,s16_p2
1779334013.0,16,3,0.000000,s16_p3
1779334013.0,15,4,0.000000,s15_p4
1779334013.0,15,1,0.000000,s15_p1
1779334013.0,15,2,0.089040,s15_p2
1779334013.0,15,3,0.709914,s15_p3
1779334013.0,9,4,0.000000,s9_p4
1779334013.0,9,1,0.000000,s9_p1
1779334013.0,9,2,0.000000,s9_p2
1779334013.0,9,3,0.807334,s9_p3
1779334014.0,6,1,0.109016,s6_p1
1779334014.0,6,4,0.065409,s6_p4
1779334014.0,6,2,0.000000,s6_p2
1779334014.0,6,3,0.000000,s6_p3
1779334014.0,3,4,0.000000,s3_p4
1779334014.0,3,1,0.000000,s3_p1
1779334014.0,3,2,0.031472,s3_p2
1779334014.0,3,3,0.089573,s3_p3
1779334014.0,1,4,0.031473,s1_p4
1779334014.0,1,1,0.000000,s1_p1
1779334014.0,1,2,0.000000,s1_p2
1779334014.0,1,3,0.024210,s1_p3
1779334014.0,10,4,0.484077,s10_p4
1779334014.0,10,1,0.000000,s10_p1
1779334014.0,10,2,0.000000,s10_p2
1779334014.0,10,3,0.000000,s10_p3
1779334014.0,14,1,0.000000,s14_p1
1779334014.0,14,4,1.000000,s14_p4
1779334014.0,14,2,0.000000,s14_p2
1779334014.0,14,3,0.000000,s14_p3
1779334014.0,8,4,0.000000,s8_p4
1779334014.0,8,1,0.089567,s8_p1
1779334014.0,8,2,0.065360,s8_p2
1779334014.0,8,3,0.000000,s8_p3
1779334014.0,7,1,0.000000,s7_p1
1779334014.0,7,4,0.000000,s7_p4
1779334014.0,7,2,0.135405,s7_p2
1779334014.0,7,3,0.140241,s7_p3
1779334014.0,4,4,0.000000,s4_p4
1779334014.0,4,1,0.058098,s4_p1
1779334014.0,4,2,0.024208,s4_p2
1779334014.0,4,3,0.000000,s4_p3
1779334014.0,15,4,0.000000,s15_p4
1779334014.0,15,1,0.000000,s15_p1
1779334014.0,15,2,0.089572,s15_p2
1779334014.0,15,3,0.702052,s15_p3
1779334014.0,13,4,0.000000,s13_p4
1779334014.0,13,1,0.091964,s13_p1
1779334014.0,13,2,0.108905,s13_p2
1779334014.0,13,3,0.000000,s13_p3
1779334014.0,20,1,0.000000,s20_p1
1779334014.0,20,4,1.000000,s20_p4
1779334014.0,20,2,0.447690,s20_p2
1779334014.0,20,3,0.000000,s20_p3
1779334014.0,18,1,0.000000,s18_p1
1779334014.0,18,4,0.000000,s18_p4
1779334014.0,18,2,0.000000,s18_p2
1779334014.0,18,3,0.000000,s18_p3
1779334014.0,9,4,0.000000,s9_p4
1779334014.0,9,1,0.000000,s9_p1
1779334014.0,9,2,0.000000,s9_p2
1779334014.0,9,3,0.810340,s9_p3
1779334014.0,2,1,0.000000,s2_p1
1779334014.0,2,4,0.065239,s2_p4
1779334014.0,2,2,0.000000,s2_p2
1779334014.0,2,3,0.137727,s2_p3
1779334014.0,11,4,0.000000,s11_p4
1779334014.0,11,1,0.000000,s11_p1
1779334014.0,11,2,0.024159,s11_p2
1779334014.0,11,3,0.446934,s11_p3
1779334014.0,5,4,0.157185,s5_p4
1779334014.0,5,1,0.000000,s5_p1
1779334014.0,5,2,0.091893,s5_p2
1779334014.0,5,3,0.000000,s5_p3
1779334014.0,12,4,0.000000,s12_p4
1779334014.0,12,1,0.031438,s12_p1
1779334014.0,12,2,0.058039,s12_p2
1779334014.0,12,3,0.000000,s12_p3
1779334014.0,17,1,0.000000,s17_p1
1779334014.0,17,4,0.446917,s17_p4
1779334014.0,17,2,0.120788,s17_p2
1779334014.0,17,3,1.000000,s17_p3
1779334014.0,16,1,0.135425,s16_p1
1779334014.0,16,4,0.000000,s16_p4
1779334014.0,16,2,0.065294,s16_p2
1779334014.0,16,3,0.000000,s16_p3
1779334014.0,19,1,0.000000,s19_p1
1779334014.0,19,4,0.000000,s19_p4
1779334014.0,19,2,0.000000,s19_p2
1779334014.0,19,3,0.000000,s19_p3
1779334014.0,6,1,0.096556,s6_p1
1779334014.0,6,4,0.065175,s6_p4
1779334014.0,6,2,0.000000,s6_p2
1779334014.0,6,3,0.000000,s6_p3
1779334014.0,3,4,0.000000,s3_p4
1779334014.0,3,1,0.000000,s3_p1
1779334014.0,3,2,0.028980,s3_p2
1779334014.0,3,3,0.086939,s3_p3
1779334014.0,19,1,0.000000,s19_p1
1779334014.0,19,4,0.000000,s19_p4
1779334014.0,19,2,0.000000,s19_p2
1779334014.0,19,3,0.000000,s19_p3
1779334014.0,1,4,0.028980,s1_p4
1779334014.0,1,1,0.000000,s1_p1
1779334014.0,1,2,0.000000,s1_p2
1779334014.0,1,3,0.021735,s1_p3
1779334014.0,7,1,0.000000,s7_p1
1779334014.0,7,4,0.000000,s7_p4
1779334014.0,7,2,0.130457,s7_p2
1779334014.0,7,3,0.142537,s7_p3
1779334014.0,15,4,0.000000,s15_p4
1779334014.0,15,1,0.000000,s15_p1
1779334014.0,15,2,0.086977,s15_p2
1779334014.0,15,3,0.712729,s15_p3
1779334014.0,14,1,0.000000,s14_p1
1779334014.0,14,4,0.989618,s14_p4
1779334014.0,14,2,0.000000,s14_p2
1779334014.0,14,3,0.000000,s14_p3
1779334014.0,10,4,0.470636,s10_p4
1779334014.0,10,1,0.000000,s10_p1
1779334014.0,10,2,0.000000,s10_p2
1779334014.0,10,3,0.000000,s10_p3
1779334014.0,8,4,0.000000,s8_p4
1779334014.0,8,1,0.086941,s8_p1
1779334014.0,8,2,0.067621,s8_p2
1779334014.0,8,3,0.000000,s8_p3
1779334014.0,18,1,0.000000,s18_p1
1779334014.0,18,4,0.000000,s18_p4
1779334014.0,18,2,0.000000,s18_p2
1779334014.0,18,3,0.000000,s18_p3
1779334014.0,4,4,0.000000,s4_p4
1779334014.0,4,1,0.060343,s4_p1
1779334014.0,4,2,0.021724,s4_p2
1779334014.0,4,3,0.000000,s4_p3
1779334014.0,12,4,0.000000,s12_p4
1779334014.0,12,1,0.028993,s12_p1
1779334014.0,12,2,0.062819,s12_p2
1779334014.0,12,3,0.000000,s12_p3
1779334014.0,2,1,0.000000,s2_p1
1779334014.0,2,4,0.065229,s2_p4
1779334014.0,2,2,0.000000,s2_p2
1779334014.0,2,3,0.140122,s2_p3
1779334014.0,17,1,0.000000,s17_p1
1779334014.0,17,4,0.434898,s17_p4
1779334014.0,17,2,0.108724,s17_p2
1779334014.0,17,3,1.000000,s17_p3
1779334014.0,13,4,0.000000,s13_p4
1779334014.0,13,1,0.103796,s13_p1
1779334014.0,13,2,0.096555,s13_p2
1779334014.0,13,3,0.000000,s13_p3
1779334014.0,20,1,0.000000,s20_p1
1779334014.0,20,4,0.989287,s20_p4
1779334014.0,20,2,0.446386,s20_p2
1779334014.0,20,3,0.000000,s20_p3
1779334014.0,11,4,0.000000,s11_p4
1779334014.0,11,1,0.000000,s11_p1
1779334014.0,11,2,0.021731,s11_p2
1779334014.0,11,3,0.434617,s11_p3
1779334014.0,5,4,0.154529,s5_p4
1779334014.0,5,1,0.000000,s5_p1
1779334014.0,5,2,0.103824,s5_p2
1779334014.0,5,3,0.000000,s5_p3
1779334014.0,9,4,0.000000,s9_p4
1779334014.0,9,1,0.000000,s9_p1
1779334014.0,9,2,0.000000,s9_p2
1779334014.0,9,3,0.808756,s9_p3
1779334014.0,16,1,0.130384,s16_p1
1779334014.0,16,4,0.000000,s16_p4
1779334014.0,16,2,0.067607,s16_p2
1779334014.0,16,3,0.000000,s16_p3
1779334015.0,6,1,0.106322,s6_p1
1779334015.0,6,4,0.065243,s6_p4
1779334015.0,6,2,0.000000,s6_p2
1779334015.0,6,3,0.000000,s6_p3
1779334015.0,1,4,0.031416,s1_p4
1779334015.0,1,1,0.000000,s1_p1
1779334015.0,1,2,0.000000,s1_p2
1779334015.0,1,3,0.024166,s1_p3
1779334015.0,14,1,0.000000,s14_p1
1779334015.0,14,4,1.000000,s14_p4
1779334015.0,14,2,0.000000,s14_p2
1779334015.0,14,3,0.000000,s14_p3
1779334015.0,10,4,0.483353,s10_p4
1779334015.0,10,1,0.000000,s10_p1
1779334015.0,10,2,0.000000,s10_p2
1779334015.0,10,3,0.000000,s10_p3
1779334015.0,3,4,0.000000,s3_p4
1779334015.0,3,1,0.000000,s3_p1
1779334015.0,3,2,0.031395,s3_p2
1779334015.0,3,3,0.089354,s3_p3
1779334015.0,15,4,0.000000,s15_p4
1779334015.0,15,1,0.000000,s15_p1
1779334015.0,15,2,0.089371,s15_p2
1779334015.0,15,3,0.700472,s15_p3
1779334015.0,12,4,0.000000,s12_p4
1779334015.0,12,1,0.031425,s12_p1
1779334015.0,12,2,0.058016,s12_p2
1779334015.0,12,3,0.000000,s12_p3
1779334015.0,8,4,0.000000,s8_p4
1779334015.0,8,1,0.089373,s8_p1
1779334015.0,8,2,0.065218,s8_p2
1779334015.0,8,3,0.000000,s8_p3
1779334015.0,7,1,0.000000,s7_p1
1779334015.0,7,4,0.000000,s7_p4
1779334015.0,7,2,0.135231,s7_p2
1779334015.0,7,3,0.140061,s7_p3
1779334015.0,4,4,0.000000,s4_p4
1779334015.0,4,1,0.060426,s4_p1
1779334015.0,4,2,0.024170,s4_p2
1779334015.0,4,3,0.000000,s4_p3
1779334015.0,18,1,0.000000,s18_p1
1779334015.0,18,4,0.000000,s18_p4
1779334015.0,18,2,0.000000,s18_p2
1779334015.0,18,3,0.000000,s18_p3
1779334015.0,20,1,0.000000,s20_p1
1779334015.0,20,4,1.000000,s20_p4
1779334015.0,20,2,0.459215,s20_p2
1779334015.0,20,3,0.000000,s20_p3
1779334015.0,2,1,0.000000,s2_p1
1779334015.0,2,4,0.065221,s2_p4
1779334015.0,2,2,0.000000,s2_p2
1779334015.0,2,3,0.137689,s2_p3
1779334015.0,13,4,0.000000,s13_p4
1779334015.0,13,1,0.094214,s13_p1
1779334015.0,13,2,0.106293,s13_p2
1779334015.0,13,3,0.000000,s13_p3
1779334015.0,17,1,0.000000,s17_p1
1779334015.0,17,4,0.446864,s17_p4
1779334015.0,17,2,0.120774,s17_p2
1779334015.0,17,3,1.000000,s17_p3
1779334015.0,11,4,0.000000,s11_p4
1779334015.0,11,1,0.000000,s11_p1
1779334015.0,11,2,0.024167,s11_p2
1779334015.0,11,3,0.447098,s11_p3
1779334015.0,16,1,0.135348,s16_p1
1779334015.0,16,4,0.000000,s16_p4
1779334015.0,16,2,0.065257,s16_p2
1779334015.0,16,3,0.000000,s16_p3
1779334015.0,5,4,0.154663,s5_p4
1779334015.0,5,1,0.000000,s5_p1
1779334015.0,5,2,0.094248,s5_p2
1779334015.0,5,3,0.000000,s5_p3
1779334015.0,9,4,0.000000,s9_p4
1779334015.0,9,1,0.000000,s9_p1
1779334015.0,9,2,0.000000,s9_p2
1779334015.0,9,3,0.809457,s9_p3
1779334015.0,19,1,0.000000,s19_p1
1779334015.0,19,4,0.000000,s19_p4
1779334015.0,19,2,0.000000,s19_p2
1779334015.0,19,3,0.000000,s19_p3
1779334015.0,19,1,0.000000,s19_p1
1779334015.0,19,4,0.000000,s19_p4
1779334015.0,19,2,0.000000,s19_p2
1779334015.0,19,3,0.000000,s19_p3
1779334015.0,14,1,0.000000,s14_p1
1779334015.0,14,4,0.999943,s14_p4
1779334015.0,14,2,0.000000,s14_p2
1779334015.0,14,3,0.000000,s14_p3
1779334015.0,20,1,0.000000,s20_p1
1779334015.0,20,4,1.000000,s20_p4
1779334015.0,20,2,0.433842,s20_p2
1779334015.0,20,3,0.000000,s20_p3
1779334015.0,1,4,0.028864,s1_p4
1779334015.0,1,1,0.000000,s1_p1
1779334015.0,1,2,0.000000,s1_p2
1779334015.0,1,3,0.024054,s1_p3
1779334015.0,4,4,0.000000,s4_p4
1779334015.0,4,1,0.057797,s4_p1
1779334015.0,4,2,0.024082,s4_p2
1779334015.0,4,3,0.000000,s4_p3
1779334015.0,7,1,0.000000,s7_p1
1779334015.0,7,4,0.000000,s7_p4
1779334015.0,7,2,0.134851,s7_p2
1779334015.0,7,3,0.142075,s7_p3
1779334015.0,6,1,0.103402,s6_p1
1779334015.0,6,4,0.067332,s6_p4
1779334015.0,6,2,0.000000,s6_p2
1779334015.0,6,3,0.000000,s6_p3
1779334015.0,13,4,0.000000,s13_p4
1779334015.0,13,1,0.096385,s13_p1
1779334015.0,13,2,0.103613,s13_p2
1779334015.0,13,3,0.000000,s13_p3
1779334015.0,15,4,0.000000,s15_p4
1779334015.0,15,1,0.000000,s15_p1
1779334015.0,15,2,0.089070,s15_p2
1779334015.0,15,3,0.710156,s15_p3
1779334015.0,10,4,0.481196,s10_p4
1779334015.0,10,1,0.000000,s10_p1
1779334015.0,10,2,0.000000,s10_p2
1779334015.0,10,3,0.000000,s10_p3
1779334015.0,8,4,0.000000,s8_p4
1779334015.0,8,1,0.089073,s8_p1
1779334015.0,8,2,0.064999,s8_p2
1779334015.0,8,3,0.000000,s8_p3
1779334015.0,3,4,0.000000,s3_p4
1779334015.0,3,1,0.000000,s3_p1
1779334015.0,3,2,0.028871,s3_p2
1779334015.0,3,3,0.089019,s3_p3
1779334015.0,9,4,0.000000,s9_p4
1779334015.0,9,1,0.000000,s9_p1
1779334015.0,9,2,0.000000,s9_p2
1779334015.0,9,3,0.806804,s9_p3
1779334015.0,18,1,0.000000,s18_p1
1779334015.0,18,4,0.000000,s18_p4
1779334015.0,18,2,0.000000,s18_p2
1779334015.0,18,3,0.000000,s18_p3
1779334015.0,5,4,0.156500,s5_p4
1779334015.0,5,1,0.000000,s5_p1
1779334015.0,5,2,0.096308,s5_p2
1779334015.0,5,3,0.000000,s5_p3
1779334015.0,11,4,0.000000,s11_p4
1779334015.0,11,1,0.000000,s11_p1
1779334015.0,11,2,0.024074,s11_p2
1779334015.0,11,3,0.445371,s11_p3
1779334015.0,2,1,0.000000,s2_p1
1779334015.0,2,4,0.067399,s2_p4
1779334015.0,2,2,0.000000,s2_p2
1779334015.0,2,3,0.137205,s2_p3
1779334015.0,12,4,0.000000,s12_p4
1779334015.0,12,1,0.028863,s12_p1
1779334015.0,12,2,0.057727,s12_p2
1779334015.0,12,3,0.000000,s12_p3
1779334015.0,16,1,0.134813,s16_p1
1779334015.0,16,4,0.000000,s16_p4
1779334015.0,16,2,0.064999,s16_p2
1779334015.0,16,3,0.000000,s16_p3
1779334015.0,17,1,0.000000,s17_p1
1779334015.0,17,4,0.445304,s17_p4
1779334015.0,17,2,0.120352,s17_p2
1779334015.0,17,3,0.998925,s17_p3
1779334016.0,19,1,0.000000,s19_p1
1779334016.0,19,4,0.000000,s19_p4
1779334016.0,19,2,0.000000,s19_p2
1779334016.0,19,3,0.000000,s19_p3
1779334016.0,15,4,0.000000,s15_p4
1779334016.0,15,1,0.000000,s15_p1
1779334016.0,15,2,0.087246,s15_p2
1779334016.0,15,3,0.702815,s15_p3
1779334016.0,6,1,0.092072,s6_p1
1779334016.0,6,4,0.065420,s6_p4
1779334016.0,6,2,0.000000,s6_p2
1779334016.0,6,3,0.000000,s6_p3
1779334016.0,3,4,0.000000,s3_p4
1779334016.0,3,1,0.000000,s3_p1
1779334016.0,3,2,0.031506,s3_p2
1779334016.0,3,3,0.087246,s3_p3
1779334016.0,1,4,0.031490,s1_p4
1779334016.0,1,1,0.000000,s1_p1
1779334016.0,1,2,0.000000,s1_p2
1779334016.0,1,3,0.024223,s1_p3
1779334016.0,14,1,0.000000,s14_p1
1779334016.0,14,4,1.000000,s14_p4
1779334016.0,14,2,0.000000,s14_p2
1779334016.0,14,3,0.000000,s14_p3
1779334016.0,13,4,0.000000,s13_p4
1779334016.0,13,1,0.106496,s13_p1
1779334016.0,13,2,0.091974,s13_p2
1779334016.0,13,3,0.000000,s13_p3
1779334016.0,12,4,0.000000,s12_p4
1779334016.0,12,1,0.031494,s12_p1
1779334016.0,12,2,0.055720,s12_p2
1779334016.0,12,3,0.000000,s12_p3
1779334016.0,7,1,0.000000,s7_p1
1779334016.0,7,4,0.000000,s7_p4
1779334016.0,7,2,0.133090,s7_p2
1779334016.0,7,3,0.140350,s7_p3
1779334016.0,8,4,0.000000,s8_p4
1779334016.0,8,1,0.087134,s8_p1
1779334016.0,8,2,0.067771,s8_p2
1779334016.0,8,3,0.000000,s8_p3
1779334016.0,5,4,0.155021,s5_p4
1779334016.0,5,1,0.000000,s5_p1
1779334016.0,5,2,0.106577,s5_p2
1779334016.0,5,3,0.000000,s5_p3
1779334016.0,10,4,0.484042,s10_p4
1779334016.0,10,1,0.000000,s10_p1
1779334016.0,10,2,0.000000,s10_p2
1779334016.0,10,3,0.000000,s10_p3
1779334016.0,4,4,0.000000,s4_p4
1779334016.0,4,1,0.055648,s4_p1
1779334016.0,4,2,0.024195,s4_p2
1779334016.0,4,3,0.000000,s4_p3
1779334016.0,20,1,0.000000,s20_p1
1779334016.0,20,4,1.000000,s20_p4
1779334016.0,20,2,0.435396,s20_p2
1779334016.0,20,3,0.000000,s20_p3
1779334016.0,2,1,0.000000,s2_p1
1779334016.0,2,4,0.065369,s2_p4
1779334016.0,2,2,0.000000,s2_p2
1779334016.0,2,3,0.138002,s2_p3
1779334016.0,11,4,0.000000,s11_p4
1779334016.0,11,1,0.000000,s11_p1
1779334016.0,11,2,0.024209,s11_p2
1779334016.0,11,3,0.435759,s11_p3
1779334016.0,18,1,0.000000,s18_p1
1779334016.0,18,4,0.000000,s18_p4
1779334016.0,18,2,0.000000,s18_p2
1779334016.0,18,3,0.000000,s18_p3
1779334016.0,17,1,0.000000,s17_p1
1779334016.0,17,4,0.435785,s17_p4
1779334016.0,17,2,0.121051,s17_p2
1779334016.0,17,3,1.000000,s17_p3
1779334016.0,16,1,0.133144,s16_p1
1779334016.0,16,4,0.000000,s16_p4
1779334016.0,16,2,0.067782,s16_p2
1779334016.0,16,3,0.000000,s16_p3
1779334016.0,9,4,0.000000,s9_p4
1779334016.0,9,1,0.000000,s9_p1
1779334016.0,9,2,0.000000,s9_p2
1779334016.0,9,3,0.810682,s9_p3
1779334016.0,6,1,0.103644,s6_p1
1779334016.0,6,4,0.065079,s6_p4
1779334016.0,6,2,0.000000,s6_p2
1779334016.0,6,3,0.000000,s6_p3
1779334016.0,1,4,0.028890,s1_p4
1779334016.0,1,1,0.000000,s1_p1
1779334016.0,1,2,0.000000,s1_p2
1779334016.0,1,3,0.024075,s1_p3
1779334016.0,3,4,0.000000,s3_p4
1779334016.0,3,1,0.000000,s3_p1
1779334016.0,3,2,0.028883,s3_p2
1779334016.0,3,3,0.089055,s3_p3
1779334016.0,14,1,0.000000,s14_p1
1779334016.0,14,4,0.998947,s14_p4
1779334016.0,14,2,0.000000,s14_p2
1779334016.0,14,3,0.000000,s14_p3
1779334016.0,7,1,0.000000,s7_p1
1779334016.0,7,4,0.000000,s7_p4
1779334016.0,7,2,0.134809,s7_p2
1779334016.0,7,3,0.142031,s7_p3
1779334016.0,15,4,0.000000,s15_p4
1779334016.0,15,1,0.000000,s15_p1
1779334016.0,15,2,0.088915,s15_p2
1779334016.0,15,3,0.708916,s15_p3
1779334016.0,8,4,0.000000,s8_p4
1779334016.0,8,1,0.089026,s8_p1
1779334016.0,8,2,0.064965,s8_p2
1779334016.0,8,3,0.000000,s8_p3
1779334016.0,4,4,0.000000,s4_p4
1779334016.0,4,1,0.057749,s4_p1
1779334016.0,4,2,0.024062,s4_p2
1779334016.0,4,3,0.000000,s4_p3
1779334016.0,13,4,0.000000,s13_p4
1779334016.0,13,1,0.096219,s13_p1
1779334016.0,13,2,0.103436,s13_p2
1779334016.0,13,3,0.000000,s13_p3
1779334016.0,10,4,0.469158,s10_p4
1779334016.0,10,1,0.000000,s10_p1
1779334016.0,10,2,0.000000,s10_p2
1779334016.0,10,3,0.000000,s10_p3
1779334016.0,20,1,0.000000,s20_p1
1779334016.0,20,4,0.998505,s20_p4
1779334016.0,20,2,0.433086,s20_p2
1779334016.0,20,3,0.000000,s20_p3
1779334016.0,9,4,0.000000,s9_p4
1779334016.0,9,1,0.000000,s9_p1
1779334016.0,9,2,0.000000,s9_p2
1779334016.0,9,3,0.817868,s9_p3
1779334016.0,2,1,0.000000,s2_p1
1779334016.0,2,4,0.064921,s2_p4
1779334016.0,2,2,0.000000,s2_p2
1779334016.0,2,3,0.137056,s2_p3
1779334016.0,18,1,0.000000,s18_p1
1779334016.0,18,4,0.000000,s18_p4
1779334016.0,18,2,0.000000,s18_p2
1779334016.0,18,3,0.000000,s18_p3
1779334016.0,5,4,0.153797,s5_p4
1779334016.0,5,1,0.000000,s5_p1
1779334016.0,5,2,0.096123,s5_p2
1779334016.0,5,3,0.000000,s5_p3
1779334016.0,17,1,0.000000,s17_p1
1779334016.0,17,4,0.444837,s17_p4
1779334016.0,17,2,0.120226,s17_p2
1779334016.0,17,3,0.997878,s17_p3
1779334016.0,11,4,0.000000,s11_p4
1779334016.0,11,1,0.000000,s11_p1
1779334016.0,11,2,0.024043,s11_p2
1779334016.0,11,3,0.444800,s11_p3
1779334016.0,12,4,0.000000,s12_p4
1779334016.0,12,1,0.028832,s12_p1
1779334016.0,12,2,0.057664,s12_p2
1779334016.0,12,3,0.000000,s12_p3
1779334016.0,16,1,0.134648,s16_p1
1779334016.0,16,4,0.000000,s16_p4
1779334016.0,16,2,0.064920,s16_p2
1779334016.0,16,3,0.000000,s16_p3
1779334016.0,19,1,0.000000,s19_p1
1779334016.0,19,4,0.000000,s19_p4
1779334016.0,19,2,0.000000,s19_p2
1779334016.0,19,3,0.000000,s19_p3
1779334017.0,19,1,0.000000,s19_p1
1779334017.0,19,4,0.000000,s19_p4
1779334017.0,19,2,0.000000,s19_p2
1779334017.0,19,3,0.000000,s19_p3
1779334017.0,1,4,0.031504,s1_p4
1779334017.0,1,1,0.000000,s1_p1
1779334017.0,1,2,0.000000,s1_p2
1779334017.0,1,3,0.024234,s1_p3
1779334017.0,6,1,0.108902,s6_p1
1779334017.0,6,4,0.065341,s6_p4
1779334017.0,6,2,0.000000,s6_p2
1779334017.0,6,3,0.000000,s6_p3
1779334017.0,14,1,0.000000,s14_p1
1779334017.0,14,4,1.000000,s14_p4
1779334017.0,14,2,0.000000,s14_p2
1779334017.0,14,3,0.000000,s14_p3
1779334017.0,15,4,0.000000,s15_p4
1779334017.0,15,1,0.000000,s15_p1
1779334017.0,15,2,0.087339,s15_p2
1779334017.0,15,3,0.703560,s15_p3
1779334017.0,10,4,0.485289,s10_p4
1779334017.0,10,1,0.000000,s10_p1
1779334017.0,10,2,0.000000,s10_p2
1779334017.0,10,3,0.000000,s10_p3
1779334017.0,3,4,0.000000,s3_p4
1779334017.0,3,1,0.000000,s3_p1
1779334017.0,3,2,0.031489,s3_p2
1779334017.0,3,3,0.087201,s3_p3
1779334017.0,8,4,0.000000,s8_p4
1779334017.0,8,1,0.087315,s8_p1
1779334017.0,8,2,0.065486,s8_p2
1779334017.0,8,3,0.000000,s8_p3
1779334017.0,7,1,0.000000,s7_p1
1779334017.0,7,4,0.000000,s7_p4
1779334017.0,7,2,0.135741,s7_p2
1779334017.0,7,3,0.143013,s7_p3
1779334017.0,13,4,0.000000,s13_p4
1779334017.0,13,1,0.092162,s13_p1
1779334017.0,13,2,0.109140,s13_p2
1779334017.0,13,3,0.000000,s13_p3
1779334017.0,18,1,0.000000,s18_p1
1779334017.0,18,4,0.000000,s18_p4
1779334017.0,18,2,0.000000,s18_p2
1779334017.0,18,3,0.000000,s18_p3
1779334017.0,12,4,0.000000,s12_p4
1779334017.0,12,1,0.031560,s12_p1
1779334017.0,12,2,0.055837,s12_p2
1779334017.0,12,3,0.000000,s12_p3
1779334017.0,5,4,0.157714,s5_p4
1779334017.0,5,1,0.000000,s5_p1
1779334017.0,5,2,0.092202,s5_p2
1779334017.0,5,3,0.000000,s5_p3
1779334017.0,2,1,0.000000,s2_p1
1779334017.0,2,4,0.065503,s2_p4
1779334017.0,2,2,0.000000,s2_p2
1779334017.0,2,3,0.138285,s2_p3
1779334017.0,20,1,0.000000,s20_p1
1779334017.0,20,4,1.000000,s20_p4
1779334017.0,20,2,0.436211,s20_p2
1779334017.0,20,3,0.000000,s20_p3
1779334017.0,11,4,0.000000,s11_p4
1779334017.0,11,1,0.000000,s11_p1
1779334017.0,11,2,0.024262,s11_p2
1779334017.0,11,3,0.436722,s11_p3
1779334017.0,17,1,0.000000,s17_p1
1779334017.0,17,4,0.436701,s17_p4
1779334017.0,17,2,0.121306,s17_p2
1779334017.0,17,3,0.994708,s17_p3
1779334017.0,4,4,0.000000,s4_p4
1779334017.0,4,1,0.055728,s4_p1
1779334017.0,4,2,0.024230,s4_p2
1779334017.0,4,3,0.000000,s4_p3
1779334017.0,16,1,0.135868,s16_p1
1779334017.0,16,4,0.000000,s16_p4
1779334017.0,16,2,0.065508,s16_p2
1779334017.0,16,3,0.000000,s16_p3
1779334017.0,9,4,0.000000,s9_p4
1779334017.0,9,1,0.000000,s9_p1
1779334017.0,9,2,0.000000,s9_p2
1779334017.0,9,3,0.812459,s9_p3
1779334017.0,8,4,0.000000,s8_p4
1779334017.0,8,1,0.089212,s8_p1
1779334017.0,8,2,0.065100,s8_p2
1779334017.0,8,3,0.000000,s8_p3
1779334017.0,14,1,0.000000,s14_p1
1779334017.0,14,4,0.987943,s14_p4
1779334017.0,14,2,0.000000,s14_p2
1779334017.0,14,3,0.000000,s14_p3
1779334017.0,18,1,0.000000,s18_p1
1779334017.0,18,4,0.000000,s18_p4
1779334017.0,18,2,0.000000,s18_p2
1779334017.0,18,3,0.000000,s18_p3
1779334017.0,7,1,0.000000,s7_p1
1779334017.0,7,4,0.000000,s7_p4
1779334017.0,7,2,0.132598,s7_p2
1779334017.0,7,3,0.139830,s7_p3
1779334017.0,3,4,0.000000,s3_p4
1779334017.0,3,1,0.000000,s3_p1
1779334017.0,3,2,0.028893,s3_p2
1779334017.0,3,3,0.089087,s3_p3
1779334017.0,4,4,0.000000,s4_p4
1779334017.0,4,1,0.060269,s4_p1
1779334017.0,4,2,0.021697,s4_p2
1779334017.0,4,3,0.000000,s4_p3
1779334017.0,9,4,0.000000,s9_p4
1779334017.0,9,1,0.000000,s9_p1
1779334017.0,9,2,0.000000,s9_p2
1779334017.0,9,3,0.795594,s9_p3
1779334017.0,13,4,0.000000,s13_p4
1779334017.0,13,1,0.113187,s13_p1
1779334017.0,13,2,0.086697,s13_p2
1779334017.0,13,3,0.000000,s13_p3
1779334017.0,1,4,0.028869,s1_p4
1779334017.0,1,1,0.000000,s1_p1
1779334017.0,1,2,0.000000,s1_p2
1779334017.0,1,3,0.021652,s1_p3
1779334017.0,2,1,0.000000,s2_p1
1779334017.0,2,4,0.067484,s2_p4
1779334017.0,2,2,0.000000,s2_p2
1779334017.0,2,3,0.139789,s2_p3
1779334017.0,10,4,0.481416,s10_p4
1779334017.0,10,1,0.000000,s10_p1
1779334017.0,10,2,0.000000,s10_p2
1779334017.0,10,3,0.000000,s10_p3
1779334017.0,15,4,0.000000,s15_p4
1779334017.0,15,1,0.000000,s15_p1
1779334017.0,15,2,0.089052,s15_p2
1779334017.0,15,3,0.710006,s15_p3
1779334017.0,5,4,0.154232,s5_p4
1779334017.0,5,1,0.000000,s5_p1
1779334017.0,5,2,0.113264,s5_p2
1779334017.0,5,3,0.000000,s5_p3
1779334017.0,12,4,0.000000,s12_p4
1779334017.0,12,1,0.028905,s12_p1
1779334017.0,12,2,0.060218,s12_p2
1779334017.0,12,3,0.000000,s12_p3
1779334017.0,6,1,0.086603,s6_p1
1779334017.0,6,4,0.067358,s6_p4
1779334017.0,6,2,0.000000,s6_p2
1779334017.0,6,3,0.000000,s6_p3
1779334017.0,19,1,0.000000,s19_p1
1779334017.0,19,4,0.000000,s19_p4
1779334017.0,19,2,0.000000,s19_p2
1779334017.0,19,3,0.000000,s19_p3
1779334017.0,11,4,0.000000,s11_p4
1779334017.0,11,1,0.000000,s11_p1
1779334017.0,11,2,0.021690,s11_p2
1779334017.0,11,3,0.445843,s11_p3
1779334017.0,20,1,0.000000,s20_p1
1779334017.0,20,4,0.988044,s20_p4
1779334017.0,20,2,0.445825,s20_p2
1779334017.0,20,3,0.000000,s20_p3
1779334017.0,16,1,0.134954,s16_p1
1779334017.0,16,4,0.000000,s16_p4
1779334017.0,16,2,0.065067,s16_p2
1779334017.0,16,3,0.000000,s16_p3
1779334017.0,17,1,0.000000,s17_p1
1779334017.0,17,4,0.445799,s17_p4
1779334017.0,17,2,0.108438,s17_p2
1779334017.0,17,3,1.000000,s17_p3
1779334018.0,14,1,0.000000,s14_p1
1779334018.0,14,4,1.000000,s14_p4
1779334018.0,14,2,0.000000,s14_p2
1779334018.0,14,3,0.000000,s14_p3
1779334018.0,4,4,0.000000,s4_p4
1779334018.0,4,1,0.065347,s4_p1
1779334018.0,4,2,0.024203,s4_p2
1779334018.0,4,3,0.000000,s4_p3
1779334018.0,3,4,0.000000,s3_p4
1779334018.0,3,1,0.000000,s3_p1
1779334018.0,3,2,0.031458,s3_p2
1779334018.0,3,3,0.089535,s3_p3
1779334018.0,6,1,0.106502,s6_p1
1779334018.0,6,4,0.065353,s6_p4
1779334018.0,6,2,0.000000,s6_p2
1779334018.0,6,3,0.000000,s6_p3
1779334018.0,1,4,0.031462,s1_p4
1779334018.0,1,1,0.000000,s1_p1
1779334018.0,1,2,0.000000,s1_p2
1779334018.0,1,3,0.024201,s1_p3
1779334018.0,7,1,0.000000,s7_p1
1779334018.0,7,4,0.000000,s7_p4
1779334018.0,7,2,0.135364,s7_p2
1779334018.0,7,3,0.142615,s7_p3
1779334018.0,13,4,0.000000,s13_p4
1779334018.0,13,1,0.094374,s13_p1
1779334018.0,13,2,0.106473,s13_p2
1779334018.0,13,3,0.000000,s13_p3
1779334018.0,8,4,0.000000,s8_p4
1779334018.0,8,1,0.089413,s8_p1
1779334018.0,8,2,0.065247,s8_p2
1779334018.0,8,3,0.000000,s8_p3
1779334018.0,10,4,0.483956,s10_p4
1779334018.0,10,1,0.000000,s10_p1
1779334018.0,10,2,0.000000,s10_p2
1779334018.0,10,3,0.000000,s10_p3
1779334018.0,19,1,0.000000,s19_p1
1779334018.0,19,4,0.000000,s19_p4
1779334018.0,19,2,0.000000,s19_p2
1779334018.0,19,3,0.000000,s19_p3
1779334018.0,15,4,0.000000,s15_p4
1779334018.0,15,1,0.000000,s15_p1
1779334018.0,15,2,0.089527,s15_p2
1779334018.0,15,3,0.713793,s15_p3
1779334018.0,16,1,0.133015,s16_p1
1779334018.0,16,4,0.000000,s16_p4
1779334018.0,16,2,0.065298,s16_p2
1779334018.0,16,3,0.000000,s16_p3
1779334018.0,2,1,0.000000,s2_p1
1779334018.0,2,4,0.065280,s2_p4
1779334018.0,2,2,0.000000,s2_p2
1779334018.0,2,3,0.137812,s2_p3
1779334018.0,9,4,0.000000,s9_p4
1779334018.0,9,1,0.000000,s9_p1
1779334018.0,9,2,0.000000,s9_p2
1779334018.0,9,3,0.809867,s9_p3
1779334018.0,5,4,0.154737,s5_p4
1779334018.0,5,1,0.000000,s5_p1
1779334018.0,5,2,0.094293,s5_p2
1779334018.0,5,3,0.000000,s5_p3
1779334018.0,12,4,0.000000,s12_p4
1779334018.0,12,1,0.031431,s12_p1
1779334018.0,12,2,0.065280,s12_p2
1779334018.0,12,3,0.000000,s12_p3
1779334018.0,20,1,0.000000,s20_p1
1779334018.0,20,4,1.000000,s20_p4
1779334018.0,20,2,0.483579,s20_p2
1779334018.0,20,3,0.000000,s20_p3
1779334018.0,18,1,0.000000,s18_p1
1779334018.0,18,4,0.000000,s18_p4
1779334018.0,18,2,0.000000,s18_p2
1779334018.0,18,3,0.000000,s18_p3
1779334018.0,17,1,0.000000,s17_p1
1779334018.0,17,4,0.447327,s17_p4
1779334018.0,17,2,0.120899,s17_p2
1779334018.0,17,3,1.000000,s17_p3
1779334018.0,11,4,0.000000,s11_p4
1779334018.0,11,1,0.000000,s11_p1
1779334018.0,11,2,0.024176,s11_p2
1779334018.0,11,3,0.447259,s11_p3
1779334018.0,14,1,0.033784,s14_p1
1779334018.0,14,4,1.000000,s14_p4
1779334018.0,14,2,0.000316,s14_p2
1779334018.0,14,3,0.000000,s14_p3
1779334018.0,6,1,0.104172,s6_p1
1779334018.0,6,4,0.128008,s6_p4
1779334018.0,6,2,0.002415,s6_p2
1779334018.0,6,3,0.000543,s6_p3
1779334018.0,1,4,0.017209,s1_p4
1779334018.0,1,1,0.000543,s1_p1
1779334018.0,1,2,0.000271,s1_p2
1779334018.0,1,3,0.135142,s1_p3
1779334018.0,3,4,0.000271,s3_p4
1779334018.0,3,1,0.036463,s3_p1
1779334018.0,3,2,0.016889,s3_p2
1779334018.0,3,3,0.067557,s3_p3
1779334018.0,10,4,0.653182,s10_p4
1779334018.0,10,1,0.000271,s10_p1
1779334018.0,10,2,0.000271,s10_p2
1779334018.0,10,3,0.000000,s10_p3
1779334018.0,8,4,0.000271,s8_p4
1779334018.0,8,1,0.067568,s8_p1
1779334018.0,8,2,0.065155,s8_p2
1779334018.0,8,3,0.000271,s8_p3
1779334018.0,15,4,0.000000,s15_p4
1779334018.0,15,1,0.000543,s15_p1
1779334018.0,15,2,0.067575,s15_p2
1779334018.0,15,3,0.556434,s15_p3
1779334018.0,5,4,0.193121,s5_p4
1779334018.0,5,1,0.000000,s5_p1
1779334018.0,5,2,0.127942,s5_p2
1779334018.0,5,3,0.000000,s5_p3
1779334018.0,4,4,0.000000,s4_p4
1779334018.0,4,1,0.057857,s4_p1
1779334018.0,4,2,0.077458,s4_p2
1779334018.0,4,3,0.031881,s4_p3
1779334018.0,13,4,0.000000,s13_p4
1779334018.0,13,1,0.094033,s13_p1
1779334018.0,13,2,0.106088,s13_p2
1779334018.0,13,3,0.002711,s13_p3
1779334018.0,20,1,0.002714,s20_p1
1779334018.0,20,4,1.000000,s20_p4
1779334018.0,20,2,0.556668,s20_p2
1779334018.0,20,3,0.170520,s20_p3
1779334018.0,7,1,0.000542,s7_p1
1779334018.0,7,4,0.036477,s7_p4
1779334018.0,7,2,0.135004,s7_p2
1779334018.0,7,3,0.110896,s7_p3
1779334018.0,2,1,0.031624,s2_p1
1779334018.0,2,4,0.113352,s2_p4
1779334018.0,2,2,0.000000,s2_p2
1779334018.0,2,3,0.127822,s2_p3
1779334018.0,16,1,0.135036,s16_p1
1779334018.0,16,4,0.183787,s16_p4
1779334018.0,16,2,0.065107,s16_p2
1779334018.0,16,3,0.000000,s16_p3
1779334018.0,18,1,0.000000,s18_p1
1779334018.0,18,4,0.000000,s18_p4
1779334018.0,18,2,0.000000,s18_p2
1779334018.0,18,3,0.000000,s18_p3
1779334018.0,17,1,0.159476,s17_p1
1779334018.0,17,4,0.340358,s17_p4
1779334018.0,17,2,0.387237,s17_p2
1779334018.0,17,3,1.000000,s17_p3
1779334018.0,12,4,0.001356,s12_p4
1779334018.0,12,1,0.053053,s12_p1
1779334018.0,12,2,0.058191,s12_p2
1779334018.0,12,3,0.000000,s12_p3
1779334018.0,9,4,0.000000,s9_p4
1779334018.0,9,1,0.000542,s9_p1
1779334018.0,9,2,0.031338,s9_p2
1779334018.0,9,3,0.928076,s9_p3
1779334018.0,19,1,0.000000,s19_p1
1779334018.0,19,4,0.000000,s19_p4
1779334018.0,19,2,0.000000,s19_p2
1779334018.0,19,3,0.000000,s19_p3
1779334018.0,11,4,0.000000,s11_p4
1779334018.0,11,1,0.000271,s11_p1
1779334018.0,11,2,0.077144,s11_p2
1779334018.0,11,3,0.496912,s11_p3
1779334019.0,6,1,0.024214,s6_p1
1779334019.0,6,4,0.079387,s6_p4
1779334019.0,6,2,0.026120,s6_p2
1779334019.0,6,3,0.000000,s6_p3
1779334019.0,3,4,0.000000,s3_p4
1779334019.0,3,1,0.072685,s3_p1
1779334019.0,3,2,0.000000,s3_p2
1779334019.0,3,3,0.033920,s3_p3
1779334019.0,1,4,0.000000,s1_p4
1779334019.0,1,1,0.000000,s1_p1
1779334019.0,1,2,0.000000,s1_p2
1779334019.0,1,3,0.181659,s1_p3
1779334019.0,15,4,0.000000,s15_p4
1779334019.0,15,1,0.000000,s15_p1
1779334019.0,15,2,0.033897,s15_p2
1779334019.0,15,3,0.000000,s15_p3
1779334019.0,13,4,0.000000,s13_p4
1779334019.0,13,1,0.058786,s13_p1
1779334019.0,13,2,0.048460,s13_p2
1779334019.0,13,3,0.012259,s13_p3
1779334019.0,7,1,0.058155,s7_p1
1779334019.0,7,4,0.075146,s7_p4
1779334019.0,7,2,0.059425,s7_p2
1779334019.0,7,3,0.000000,s7_p3
1779334019.0,20,1,0.010897,s20_p1
1779334019.0,20,4,0.997151,s20_p4
1779334019.0,20,2,0.445646,s20_p2
1779334019.0,20,3,0.300431,s20_p3
1779334019.0,4,4,0.001907,s4_p4
1779334019.0,4,1,0.016439,s4_p1
1779334019.0,4,2,0.142929,s4_p2
1779334019.0,4,3,0.065408,s4_p3
1779334019.0,8,4,0.002177,s8_p4
1779334019.0,8,1,0.033890,s8_p1
1779334019.0,8,2,0.081785,s8_p2
1779334019.0,8,3,0.000000,s8_p3
1779334019.0,10,4,0.287873,s10_p4
1779334019.0,10,1,0.000000,s10_p1
1779334019.0,10,2,0.002177,s10_p2
1779334019.0,10,3,0.000000,s10_p3
1779334019.0,5,4,0.139885,s5_p4
1779334019.0,5,1,0.002450,s5_p1
1779334019.0,5,2,0.114410,s5_p2
1779334019.0,5,3,0.002450,s5_p3
1779334019.0,2,1,0.067594,s2_p1
1779334019.0,2,4,0.057627,s2_p4
1779334019.0,2,2,0.002452,s2_p2
1779334019.0,2,3,0.014017,s2_p3
1779334019.0,18,1,0.000000,s18_p1
1779334019.0,18,4,0.000000,s18_p4
1779334019.0,18,2,0.000000,s18_p2
1779334019.0,18,3,0.000000,s18_p3
1779334019.0,17,1,0.339365,s17_p1
1779334019.0,17,4,0.169611,s17_p4
1779334019.0,17,2,0.714787,s17_p2
1779334019.0,17,3,0.536235,s17_p3
1779334019.0,12,4,0.009535,s12_p4
1779334019.0,12,1,0.072691,s12_p1
1779334019.0,12,2,0.016442,s12_p2
1779334019.0,12,3,0.000000,s12_p3
1779334019.0,16,1,0.117558,s16_p1
1779334019.0,16,4,0.386555,s16_p4
1779334019.0,16,2,0.081852,s16_p2
1779334019.0,16,3,0.000000,s16_p3
1779334019.0,11,4,0.000000,s11_p4
1779334019.0,11,1,0.000000,s11_p1
1779334019.0,11,2,0.143008,s11_p2
1779334019.0,11,3,0.496892,s11_p3
1779334019.0,9,4,0.000000,s9_p4
1779334019.0,9,1,0.000000,s9_p1
1779334019.0,9,2,0.067873,s9_p2
1779334019.0,9,3,0.996611,s9_p3
1779334019.0,19,1,0.000000,s19_p1
1779334019.0,19,4,0.000000,s19_p4
1779334019.0,19,2,0.000000,s19_p2
1779334019.0,19,3,0.000000,s19_p3
1779334019.0,14,1,0.057990,s14_p1
1779334019.0,14,4,1.000000,s14_p4
1779334019.0,14,2,0.001901,s14_p2
1779334019.0,14,3,0.000000,s14_p3
1779334019.0,1,4,0.000000,s1_p4
1779334019.0,1,1,0.000000,s1_p1
1779334019.0,1,2,0.000000,s1_p2
1779334019.0,1,3,0.183481,s1_p3
1779334019.0,14,1,0.055577,s14_p1
1779334019.0,14,4,0.990724,s14_p4
1779334019.0,14,2,0.000000,s14_p2
1779334019.0,14,3,0.000000,s14_p3
1779334019.0,8,4,0.000000,s8_p4
1779334019.0,8,1,0.033789,s8_p1
1779334019.0,8,2,0.079646,s8_p2
1779334019.0,8,3,0.000000,s8_p3
1779334019.0,13,4,0.000000,s13_p4
1779334019.0,13,1,0.000000,s13_p1
1779334019.0,13,2,0.026543,s13_p2
1779334019.0,13,3,0.000000,s13_p3
1779334019.0,3,4,0.000000,s3_p4
1779334019.0,3,1,0.069917,s3_p1
1779334019.0,3,2,0.000000,s3_p2
1779334019.0,3,3,0.033753,s3_p3
1779334019.0,10,4,0.277511,s10_p4
1779334019.0,10,1,0.000000,s10_p1
1779334019.0,10,2,0.000000,s10_p2
1779334019.0,10,3,0.000000,s10_p3
1779334019.0,15,4,0.000000,s15_p4
1779334019.0,15,1,0.000000,s15_p1
1779334019.0,15,2,0.033774,s15_p2
1779334019.0,15,3,0.000000,s15_p3
1779334019.0,18,1,0.000000,s18_p1
1779334019.0,18,4,0.000000,s18_p4
1779334019.0,18,2,0.000000,s18_p2
1779334019.0,18,3,0.000000,s18_p3
1779334019.0,4,4,0.000000,s4_p4
1779334019.0,4,1,0.000000,s4_p1
1779334019.0,4,2,0.173609,s4_p2
1779334019.0,4,3,0.067515,s4_p3
1779334019.0,5,4,0.113389,s5_p4
1779334019.0,5,1,0.000000,s5_p1
1779334019.0,5,2,0.055488,s5_p2
1779334019.0,5,3,0.000000,s5_p3
1779334019.0,20,1,0.000000,s20_p1
1779334019.0,20,4,1.000000,s20_p4
1779334019.0,20,2,0.349594,s20_p2
1779334019.0,20,3,0.277264,s20_p3
1779334019.0,12,4,0.000000,s12_p4
1779334019.0,12,1,0.069966,s12_p1
1779334019.0,12,2,0.000000,s12_p2
1779334019.0,12,3,0.000000,s12_p3
1779334019.0,7,1,0.120534,s7_p1
1779334019.0,7,4,0.069910,s7_p4
1779334019.0,7,2,0.000000,s7_p2
1779334019.0,7,3,0.000000,s7_p3
1779334019.0,16,1,0.120571,s16_p1
1779334019.0,16,4,0.349656,s16_p4
1779334019.0,16,2,0.079577,s16_p2
1779334019.0,16,3,0.000000,s16_p3
1779334019.0,2,1,0.067507,s2_p1
1779334019.0,2,4,0.055452,s2_p4
1779334019.0,2,2,0.000000,s2_p2
1779334019.0,2,3,0.000000,s2_p3
1779334019.0,17,1,0.337542,s17_p1
1779334019.0,17,4,0.168771,s17_p4
1779334019.0,17,2,0.867964,s17_p2
1779334019.0,17,3,0.132606,s17_p3
1779334019.0,9,4,0.000000,s9_p4
1779334019.0,9,1,0.000000,s9_p1
1779334019.0,9,2,0.067531,s9_p2
1779334019.0,9,3,1.000000,s9_p3
1779334019.0,11,4,0.000000,s11_p4
1779334019.0,11,1,0.000000,s11_p1
1779334019.0,11,2,0.173603,s11_p2
1779334019.0,11,3,0.506343,s11_p3
1779334019.0,19,1,0.000000,s19_p1
1779334019.0,19,4,0.000000,s19_p4
1779334019.0,19,2,0.000000,s19_p2
1779334019.0,19,3,0.000000,s19_p3
1779334019.0,6,1,0.000000,s6_p1
1779334019.0,6,4,0.074567,s6_p4
1779334019.0,6,2,0.026459,s6_p2
1779334019.0,6,3,0.000000,s6_p3
1779334020.0,18,1,0.000000,s18_p1
1779334020.0,18,4,0.000000,s18_p4
1779334020.0,18,2,0.000000,s18_p2
1779334020.0,18,3,0.000000,s18_p3
1779334020.0,14,1,0.055455,s14_p1
1779334020.0,14,4,1.000000,s14_p4
1779334020.0,14,2,0.000000,s14_p2
1779334020.0,14,3,0.000000,s14_p3
1779334020.0,6,1,0.000000,s6_p1
1779334020.0,6,4,0.074783,s6_p4
1779334020.0,6,2,0.026536,s6_p2
1779334020.0,6,3,0.000000,s6_p3
1779334020.0,11,4,0.000000,s11_p4
1779334020.0,11,1,0.000000,s11_p1
1779334020.0,11,2,0.173614,s11_p2
1779334020.0,11,3,0.506375,s11_p3
1779334020.0,12,4,0.000000,s12_p4
1779334020.0,12,1,0.072287,s12_p1
1779334020.0,12,2,0.000000,s12_p2
1779334020.0,12,3,0.000000,s12_p3
1779334020.0,9,4,0.000000,s9_p4
1779334020.0,9,1,0.000000,s9_p1
1779334020.0,9,2,0.067511,s9_p2
1779334020.0,9,3,1.000000,s9_p3
1779334020.0,15,4,0.000000,s15_p4
1779334020.0,15,1,0.000000,s15_p1
1779334020.0,15,2,0.033706,s15_p2
1779334020.0,15,3,0.000000,s15_p3
1779334020.0,5,4,0.110822,s5_p4
1779334020.0,5,1,0.000000,s5_p1
1779334020.0,5,2,0.055411,s5_p2
1779334020.0,5,3,0.000000,s5_p3
1779334020.0,16,1,0.120531,s16_p1
1779334020.0,16,4,0.361593,s16_p4
1779334020.0,16,2,0.079551,s16_p2
1779334020.0,16,3,0.000000,s16_p3
1779334020.0,20,1,0.000000,s20_p1
1779334020.0,20,4,0.999772,s20_p4
1779334020.0,20,2,0.361363,s20_p2
1779334020.0,20,3,0.277045,s20_p3
1779334020.0,13,4,0.000000,s13_p4
1779334020.0,13,1,0.000000,s13_p1
1779334020.0,13,2,0.026475,s13_p2
1779334020.0,13,3,0.000000,s13_p3
1779334020.0,3,4,0.000000,s3_p4
1779334020.0,3,1,0.072208,s3_p1
1779334020.0,3,2,0.000000,s3_p2
1779334020.0,3,3,0.033697,s3_p3
1779334020.0,19,1,0.000000,s19_p1
1779334020.0,19,4,0.000000,s19_p4
1779334020.0,19,2,0.000000,s19_p2
1779334020.0,19,3,0.000000,s19_p3
1779334020.0,2,1,0.067495,s2_p1
1779334020.0,2,4,0.055442,s2_p4
1779334020.0,2,2,0.000000,s2_p2
1779334020.0,2,3,0.000000,s2_p3
1779334020.0,8,4,0.000000,s8_p4
1779334020.0,8,1,0.033691,s8_p1
1779334020.0,8,2,0.079415,s8_p2
1779334020.0,8,3,0.000000,s8_p3
1779334020.0,10,4,0.276796,s10_p4
1779334020.0,10,1,0.000000,s10_p1
1779334020.0,10,2,0.000000,s10_p2
1779334020.0,10,3,0.000000,s10_p3
1779334020.0,1,4,0.000000,s1_p4
1779334020.0,1,1,0.000000,s1_p1
1779334020.0,1,2,0.000000,s1_p2
1779334020.0,1,3,0.182695,s1_p3
1779334020.0,17,1,0.337462,s17_p1
1779334020.0,17,4,0.168731,s17_p4
1779334020.0,17,2,0.867759,s17_p2
1779334020.0,17,3,0.132574,s17_p3
1779334020.0,7,1,0.120446,s7_p1
1779334020.0,7,4,0.072268,s7_p4
1779334020.0,7,2,0.000000,s7_p2
1779334020.0,7,3,0.000000,s7_p3
1779334020.0,4,4,0.000000,s4_p4
1779334020.0,4,1,0.000000,s4_p1
1779334020.0,4,2,0.173403,s4_p2
1779334020.0,4,3,0.067435,s4_p3
1779334020.0,6,1,0.000000,s6_p1
1779334020.0,6,4,0.075086,s6_p4
1779334020.0,6,2,0.029065,s6_p2
1779334020.0,6,3,0.000000,s6_p3
1779334020.0,1,4,0.000000,s1_p4
1779334020.0,1,1,0.000000,s1_p1
1779334020.0,1,2,0.000000,s1_p2
1779334020.0,1,3,0.186458,s1_p3
1779334020.0,14,1,0.053162,s14_p1
1779334020.0,14,4,1.000000,s14_p4
1779334020.0,14,2,0.000000,s14_p2
1779334020.0,14,3,0.000000,s14_p3
1779334020.0,3,4,0.000000,s3_p4
1779334020.0,3,1,0.070210,s3_p1
1779334020.0,3,2,0.000000,s3_p2
1779334020.0,3,3,0.036316,s3_p3
1779334020.0,10,4,0.266330,s10_p4
1779334020.0,10,1,0.000000,s10_p1
1779334020.0,10,2,0.000000,s10_p2
1779334020.0,10,3,0.000000,s10_p3
1779334020.0,15,4,0.000000,s15_p4
1779334020.0,15,1,0.000000,s15_p1
1779334020.0,15,2,0.036288,s15_p2
1779334020.0,15,3,0.000000,s15_p3
1779334020.0,13,4,0.000000,s13_p4
1779334020.0,13,1,0.000000,s13_p1
1779334020.0,13,2,0.029030,s13_p2
1779334020.0,13,3,0.000000,s13_p3
1779334020.0,12,4,0.000000,s12_p4
1779334020.0,12,1,0.070143,s12_p1
1779334020.0,12,2,0.000000,s12_p2
1779334020.0,12,3,0.000000,s12_p3
1779334020.0,4,4,0.000000,s4_p4
1779334020.0,4,1,0.000000,s4_p1
1779334020.0,4,2,0.171784,s4_p2
1779334020.0,4,3,0.065326,s4_p3
1779334020.0,18,1,0.000000,s18_p1
1779334020.0,18,4,0.000000,s18_p4
1779334020.0,18,2,0.000000,s18_p2
1779334020.0,18,3,0.000000,s18_p3
1779334020.0,20,1,0.000000,s20_p1
1779334020.0,20,4,1.000000,s20_p4
1779334020.0,20,2,0.350736,s20_p2
1779334020.0,20,3,0.266076,s20_p3
1779334020.0,8,4,0.000000,s8_p4
1779334020.0,8,1,0.036286,s8_p1
1779334020.0,8,2,0.079829,s8_p2
1779334020.0,8,3,0.000000,s8_p3
1779334020.0,7,1,0.120960,s7_p1
1779334020.0,7,4,0.070157,s7_p4
1779334020.0,7,2,0.000000,s7_p2
1779334020.0,7,3,0.000000,s7_p3
1779334020.0,5,4,0.113670,s5_p4
1779334020.0,5,1,0.000000,s5_p1
1779334020.0,5,2,0.053207,s5_p2
1779334020.0,5,3,0.000000,s5_p3
1779334020.0,11,4,0.000000,s11_p4
1779334020.0,11,1,0.000000,s11_p1
1779334020.0,11,2,0.171604,s11_p2
1779334020.0,11,3,0.507560,s11_p3
1779334020.0,19,1,0.000000,s19_p1
1779334020.0,19,4,0.000000,s19_p4
1779334020.0,19,2,0.000000,s19_p2
1779334020.0,19,3,0.000000,s19_p3
1779334020.0,2,1,0.065267,s2_p1
1779334020.0,2,4,0.053181,s2_p4
1779334020.0,2,2,0.000000,s2_p2
1779334020.0,2,3,0.000000,s2_p3
1779334020.0,16,1,0.120851,s16_p1
1779334020.0,16,4,0.350466,s16_p4
1779334020.0,16,2,0.079761,s16_p2
1779334020.0,16,3,0.000000,s16_p3
1779334020.0,9,4,0.000000,s9_p4
1779334020.0,9,1,0.000000,s9_p1
1779334020.0,9,2,0.065251,s9_p2
1779334020.0,9,3,1.000000,s9_p3
1779334020.0,17,1,0.326334,s17_p1
1779334020.0,17,4,0.181297,s17_p4
1779334020.0,17,2,0.858138,s17_p2
1779334020.0,17,3,0.145037,s17_p3
1779334021.0,3,4,0.000000,s3_p4
1779334021.0,3,1,0.070009,s3_p1
1779334021.0,3,2,0.000000,s3_p2
1779334021.0,3,3,0.033797,s3_p3
1779334021.0,1,4,0.000000,s1_p4
1779334021.0,1,1,0.000000,s1_p1
1779334021.0,1,2,0.000000,s1_p2
1779334021.0,1,3,0.181011,s1_p3
1779334021.0,6,1,0.000000,s6_p1
1779334021.0,6,4,0.072355,s6_p4
1779334021.0,6,2,0.024118,s6_p2
1779334021.0,6,3,0.000000,s6_p3
1779334021.0,19,1,0.000000,s19_p1
1779334021.0,19,4,0.000000,s19_p4
1779334021.0,19,2,0.000000,s19_p2
1779334021.0,19,3,0.000000,s19_p3
1779334021.0,7,1,0.120660,s7_p1
1779334021.0,7,4,0.072396,s7_p4
1779334021.0,7,2,0.000000,s7_p2
1779334021.0,7,3,0.000000,s7_p3
1779334021.0,5,4,0.111005,s5_p4
1779334021.0,5,1,0.000000,s5_p1
1779334021.0,5,2,0.055503,s5_p2
1779334021.0,5,3,0.000000,s5_p3
1779334021.0,18,1,0.000000,s18_p1
1779334021.0,18,4,0.000000,s18_p4
1779334021.0,18,2,0.000000,s18_p2
1779334021.0,18,3,0.000000,s18_p3
1779334021.0,13,4,0.000000,s13_p4
1779334021.0,13,1,0.000000,s13_p1
1779334021.0,13,2,0.024126,s13_p2
1779334021.0,13,3,0.000000,s13_p3
1779334021.0,2,1,0.067607,s2_p1
1779334021.0,2,4,0.055535,s2_p4
1779334021.0,2,2,0.000000,s2_p2
1779334021.0,2,3,0.000000,s2_p3
1779334021.0,15,4,0.000000,s15_p4
1779334021.0,15,1,0.000000,s15_p1
1779334021.0,15,2,0.033772,s15_p2
1779334021.0,15,3,0.000000,s15_p3
1779334021.0,17,1,0.338052,s17_p1
1779334021.0,17,4,0.169026,s17_p4
1779334021.0,17,2,0.808909,s17_p2
1779334021.0,17,3,0.120733,s17_p3
1779334021.0,12,4,0.000000,s12_p4
1779334021.0,12,1,0.072374,s12_p1
1779334021.0,12,2,0.000000,s12_p2
1779334021.0,12,3,0.000000,s12_p3
1779334021.0,10,4,0.277216,s10_p4
1779334021.0,10,1,0.000000,s10_p1
1779334021.0,10,2,0.000000,s10_p2
1779334021.0,10,3,0.000000,s10_p3
1779334021.0,14,1,0.055439,s14_p1
1779334021.0,14,4,0.940047,s14_p4
1779334021.0,14,2,0.000000,s14_p2
1779334021.0,14,3,0.000000,s14_p3
1779334021.0,20,1,0.000000,s20_p1
1779334021.0,20,4,1.000000,s20_p4
1779334021.0,20,2,0.361862,s20_p2
1779334021.0,20,3,0.277428,s20_p3
1779334021.0,8,4,0.000000,s8_p4
1779334021.0,8,1,0.033773,s8_p1
1779334021.0,8,2,0.079609,s8_p2
1779334021.0,8,3,0.000000,s8_p3
1779334021.0,4,4,0.000000,s4_p4
1779334021.0,4,1,0.000000,s4_p1
1779334021.0,4,2,0.161616,s4_p2
1779334021.0,4,3,0.067541,s4_p3
1779334021.0,11,4,0.000000,s11_p4
1779334021.0,11,1,0.000000,s11_p1
1779334021.0,11,2,0.161674,s11_p2
1779334021.0,11,3,0.506740,s11_p3
1779334021.0,16,1,0.120660,s16_p1
1779334021.0,16,4,0.361979,s16_p4
1779334021.0,16,2,0.079635,s16_p2
1779334021.0,16,3,0.000000,s16_p3
1779334021.0,9,4,0.000000,s9_p4
1779334021.0,9,1,0.000000,s9_p1
1779334021.0,9,2,0.067570,s9_p2
1779334021.0,9,3,0.929088,s9_p3
1779334021.0,6,1,0.000000,s6_p1
1779334021.0,6,4,0.075056,s6_p4
1779334021.0,6,2,0.024212,s6_p2
1779334021.0,6,3,0.000000,s6_p3
1779334021.0,19,1,0.000000,s19_p1
1779334021.0,19,4,0.000000,s19_p4
1779334021.0,19,2,0.000000,s19_p2
1779334021.0,19,3,0.000000,s19_p3
1779334021.0,14,1,0.055678,s14_p1
1779334021.0,14,4,0.944112,s14_p4
1779334021.0,14,2,0.000000,s14_p2
1779334021.0,14,3,0.000000,s14_p3
1779334021.0,15,4,0.000000,s15_p4
1779334021.0,15,1,0.000000,s15_p1
1779334021.0,15,2,0.033884,s15_p2
1779334021.0,15,3,0.000000,s15_p3
1779334021.0,10,4,0.278342,s10_p4
1779334021.0,10,1,0.000000,s10_p1
1779334021.0,10,2,0.000000,s10_p2
1779334021.0,10,3,0.000000,s10_p3
1779334021.0,8,4,0.000000,s8_p4
1779334021.0,8,1,0.033888,s8_p1
1779334021.0,8,2,0.079878,s8_p2
1779334021.0,8,3,0.000000,s8_p3
1779334021.0,3,4,0.000000,s3_p4
1779334021.0,3,1,0.072500,s3_p1
1779334021.0,3,2,0.000000,s3_p2
1779334021.0,3,3,0.033833,s3_p3
1779334021.0,13,4,0.000000,s13_p4
1779334021.0,13,1,0.000000,s13_p1
1779334021.0,13,2,0.024199,s13_p2
1779334021.0,13,3,0.000000,s13_p3
1779334021.0,1,4,0.000000,s1_p4
1779334021.0,1,1,0.000000,s1_p1
1779334021.0,1,2,0.000000,s1_p2
1779334021.0,1,3,0.183679,s1_p3
1779334021.0,7,1,0.120973,s7_p1
1779334021.0,7,4,0.070164,s7_p4
1779334021.0,7,2,0.000000,s7_p2
1779334021.0,7,3,0.000000,s7_p3
1779334021.0,5,4,0.113650,s5_p4
1779334021.0,5,1,0.000000,s5_p1
1779334021.0,5,2,0.055616,s5_p2
1779334021.0,5,3,0.000000,s5_p3
1779334021.0,4,4,0.000000,s4_p4
1779334021.0,4,1,0.000000,s4_p1
1779334021.0,4,2,0.159628,s4_p2
1779334021.0,4,3,0.067721,s4_p3
1779334021.0,9,4,0.000000,s9_p4
1779334021.0,9,1,0.000000,s9_p1
1779334021.0,9,2,0.067746,s9_p2
1779334021.0,9,3,0.919408,s9_p3
1779334021.0,18,1,0.000000,s18_p1
1779334021.0,18,4,0.000000,s18_p4
1779334021.0,18,2,0.000000,s18_p2
1779334021.0,18,3,0.000000,s18_p3
1779334021.0,2,1,0.067700,s2_p1
1779334021.0,2,4,0.055611,s2_p4
1779334021.0,2,2,0.000000,s2_p2
1779334021.0,2,3,0.000000,s2_p3
1779334021.0,17,1,0.338509,s17_p1
1779334021.0,17,4,0.169255,s17_p4
1779334021.0,17,2,0.797915,s17_p2
1779334021.0,17,3,0.120896,s17_p3
1779334021.0,12,4,0.000000,s12_p4
1779334021.0,12,1,0.070121,s12_p1
1779334021.0,12,2,0.000000,s12_p2
1779334021.0,12,3,0.000000,s12_p3
1779334021.0,11,4,0.000000,s11_p4
1779334021.0,11,1,0.000000,s11_p1
1779334021.0,11,2,0.159651,s11_p2
1779334021.0,11,3,0.507979,s11_p3
1779334021.0,20,1,0.000000,s20_p1
1779334021.0,20,4,1.000000,s20_p4
1779334021.0,20,2,0.350609,s20_p2
1779334021.0,20,3,0.278069,s20_p3
1779334021.0,16,1,0.120948,s16_p1
1779334021.0,16,4,0.350749,s16_p4
1779334021.0,16,2,0.079826,s16_p2
1779334021.0,16,3,0.000000,s16_p3
1779334022.0,6,1,0.000000,s6_p1
1779334022.0,6,4,0.074854,s6_p4
1779334022.0,6,2,0.026561,s6_p2
1779334022.0,6,3,0.000000,s6_p3
1779334022.0,14,1,0.055586,s14_p1
1779334022.0,14,4,0.930456,s14_p4
1779334022.0,14,2,0.000000,s14_p2
1779334022.0,14,3,0.000000,s14_p3
1779334022.0,1,4,0.000000,s1_p4
1779334022.0,1,1,0.000000,s1_p1
1779334022.0,1,2,0.000000,s1_p2
1779334022.0,1,3,0.183712,s1_p3
1779334022.0,10,4,0.277940,s10_p4
1779334022.0,10,1,0.000000,s10_p1
1779334022.0,10,2,0.000000,s10_p2
1779334022.0,10,3,0.000000,s10_p3
1779334022.0,3,4,0.000000,s3_p4
1779334022.0,3,1,0.070091,s3_p1
1779334022.0,3,2,0.000000,s3_p2
1779334022.0,3,3,0.036254,s3_p3
1779334022.0,8,4,0.000000,s8_p4
1779334022.0,8,1,0.036233,s8_p1
1779334022.0,8,2,0.079712,s8_p2
1779334022.0,8,3,0.000000,s8_p3
1779334022.0,7,1,0.118365,s7_p1
1779334022.0,7,4,0.070053,s7_p4
1779334022.0,7,2,0.000000,s7_p2
1779334022.0,7,3,0.000000,s7_p3
1779334022.0,4,4,0.000000,s4_p4
1779334022.0,4,1,0.000000,s4_p1
1779334022.0,4,2,0.159535,s4_p2
1779334022.0,4,3,0.065264,s4_p3
1779334022.0,15,4,0.000000,s15_p4
1779334022.0,15,1,0.000000,s15_p1
1779334022.0,15,2,0.036225,s15_p2
1779334022.0,15,3,0.000000,s15_p3
1779334022.0,13,4,0.000000,s13_p4
1779334022.0,13,1,0.000000,s13_p1
1779334022.0,13,2,0.026567,s13_p2
1779334022.0,13,3,0.000000,s13_p3
1779334022.0,16,1,0.118392,s16_p1
1779334022.0,16,4,0.350343,s16_p4
1779334022.0,16,2,0.079733,s16_p2
1779334022.0,16,3,0.000000,s16_p3
1779334022.0,18,1,0.000000,s18_p1
1779334022.0,18,4,0.000000,s18_p4
1779334022.0,18,2,0.000000,s18_p2
1779334022.0,18,3,0.000000,s18_p3
1779334022.0,12,4,0.000000,s12_p4
1779334022.0,12,1,0.070055,s12_p1
1779334022.0,12,2,0.000000,s12_p2
1779334022.0,12,3,0.000000,s12_p3
1779334022.0,2,1,0.065220,s2_p1
1779334022.0,2,4,0.055557,s2_p4
1779334022.0,2,2,0.000000,s2_p2
1779334022.0,2,3,0.000000,s2_p3
1779334022.0,5,4,0.111090,s5_p4
1779334022.0,5,1,0.000000,s5_p1
1779334022.0,5,2,0.055545,s5_p2
1779334022.0,5,3,0.000000,s5_p3
1779334022.0,20,1,0.000000,s20_p1
1779334022.0,20,4,0.990376,s20_p4
1779334022.0,20,2,0.350255,s20_p2
1779334022.0,20,3,0.277788,s20_p3
1779334022.0,11,4,0.000000,s11_p4
1779334022.0,11,1,0.000000,s11_p1
1779334022.0,11,2,0.159418,s11_p2
1779334022.0,11,3,0.507239,s11_p3
1779334022.0,17,1,0.326054,s17_p1
1779334022.0,17,4,0.181141,s17_p4
1779334022.0,17,2,0.797022,s17_p2
1779334022.0,17,3,0.132837,s17_p3
1779334022.0,19,1,0.000000,s19_p1
1779334022.0,19,4,0.000000,s19_p4
1779334022.0,19,2,0.000000,s19_p2
1779334022.0,19,3,0.000000,s19_p3
1779334022.0,9,4,0.000000,s9_p4
1779334022.0,9,1,0.000000,s9_p1
1779334022.0,9,2,0.065187,s9_p2
1779334022.0,9,3,0.929520,s9_p3
1779334022.0,1,4,0.000000,s1_p4
1779334022.0,1,1,0.000000,s1_p1
1779334022.0,1,2,0.000000,s1_p2
1779334022.0,1,3,0.183551,s1_p3
1779334022.0,6,1,0.000000,s6_p1
1779334022.0,6,4,0.074806,s6_p4
1779334022.0,6,2,0.024131,s6_p2
1779334022.0,6,3,0.000000,s6_p3
1779334022.0,14,1,0.055514,s14_p1
1779334022.0,14,4,0.929263,s14_p4
1779334022.0,14,2,0.000000,s14_p2
1779334022.0,14,3,0.000000,s14_p3
1779334022.0,3,4,0.000000,s3_p4
1779334022.0,3,1,0.072413,s3_p1
1779334022.0,3,2,0.000000,s3_p2
1779334022.0,3,3,0.033793,s3_p3
1779334022.0,7,1,0.118325,s7_p1
1779334022.0,7,4,0.072444,s7_p4
1779334022.0,7,2,0.000000,s7_p2
1779334022.0,7,3,0.000000,s7_p3
1779334022.0,15,4,0.000000,s15_p4
1779334022.0,15,1,0.000000,s15_p1
1779334022.0,15,2,0.033786,s15_p2
1779334022.0,15,3,0.000000,s15_p3
1779334022.0,8,4,0.000000,s8_p4
1779334022.0,8,1,0.033779,s8_p1
1779334022.0,8,2,0.077209,s8_p2
1779334022.0,8,3,0.000000,s8_p3
1779334022.0,18,1,0.000000,s18_p1
1779334022.0,18,4,0.000000,s18_p4
1779334022.0,18,2,0.000000,s18_p2
1779334022.0,18,3,0.000000,s18_p3
1779334022.0,12,4,0.000000,s12_p4
1779334022.0,12,1,0.072443,s12_p1
1779334022.0,12,2,0.000000,s12_p2
1779334022.0,12,3,0.000000,s12_p3
1779334022.0,2,1,0.067569,s2_p1
1779334022.0,2,4,0.055503,s2_p4
1779334022.0,2,2,0.000000,s2_p2
1779334022.0,2,3,0.000000,s2_p3
1779334022.0,10,4,0.277081,s10_p4
1779334022.0,10,1,0.000000,s10_p1
1779334022.0,10,2,0.000000,s10_p2
1779334022.0,10,3,0.000000,s10_p3
1779334022.0,13,4,0.000000,s13_p4
1779334022.0,13,1,0.000000,s13_p1
1779334022.0,13,2,0.024112,s13_p2
1779334022.0,13,3,0.000000,s13_p3
1779334022.0,16,1,0.118214,s16_p1
1779334022.0,16,4,0.361879,s16_p4
1779334022.0,16,2,0.077201,s16_p2
1779334022.0,16,3,0.000000,s16_p3
1779334022.0,4,4,0.000000,s4_p4
1779334022.0,4,1,0.000000,s4_p1
1779334022.0,4,2,0.156704,s4_p2
1779334022.0,4,3,0.067503,s4_p3
1779334022.0,17,1,0.337814,s17_p1
1779334022.0,17,4,0.168907,s17_p4
1779334022.0,17,2,0.784211,s17_p2
1779334022.0,17,3,0.120648,s17_p3
1779334022.0,20,1,0.000000,s20_p1
1779334022.0,20,4,0.977170,s20_p4
1779334022.0,20,2,0.361915,s20_p2
1779334022.0,20,3,0.277468,s20_p3
1779334022.0,9,4,0.000000,s9_p4
1779334022.0,9,1,0.000000,s9_p1
1779334022.0,9,2,0.067552,s9_p2
1779334022.0,9,3,0.904708,s9_p3
1779334022.0,5,4,0.113341,s5_p4
1779334022.0,5,1,0.000000,s5_p1
1779334022.0,5,2,0.055465,s5_p2
1779334022.0,5,3,0.000000,s5_p3
1779334022.0,19,1,0.000000,s19_p1
1779334022.0,19,4,0.000000,s19_p4
1779334022.0,19,2,0.000000,s19_p2
1779334022.0,19,3,0.000000,s19_p3
1779334022.0,11,4,0.000000,s11_p4
1779334022.0,11,1,0.000000,s11_p1
1779334022.0,11,2,0.156746,s11_p2
1779334022.0,11,3,0.506410,s11_p3
1779334023.0,6,1,0.000000,s6_p1
1779334023.0,6,4,0.074838,s6_p4
1779334023.0,6,2,0.024141,s6_p2
1779334023.0,6,3,0.000000,s6_p3
1779334023.0,1,4,0.000000,s1_p4
1779334023.0,1,1,0.000000,s1_p1
1779334023.0,1,2,0.000000,s1_p2
1779334023.0,1,3,0.183242,s1_p3
1779334023.0,10,4,0.265802,s10_p4
1779334023.0,10,1,0.000000,s10_p1
1779334023.0,10,2,0.000000,s10_p2
1779334023.0,10,3,0.000000,s10_p3
1779334023.0,14,1,0.053055,s14_p1
1779334023.0,14,4,0.940512,s14_p4
1779334023.0,14,2,0.000000,s14_p2
1779334023.0,14,3,0.000000,s14_p3
1779334023.0,3,4,0.000000,s3_p4
1779334023.0,3,1,0.069936,s3_p1
1779334023.0,3,2,0.000000,s3_p2
1779334023.0,3,3,0.033762,s3_p3
1779334023.0,7,1,0.110881,s7_p1
1779334023.0,7,4,0.069903,s7_p4
1779334023.0,7,2,0.000000,s7_p2
1779334023.0,7,3,0.000000,s7_p3
1779334023.0,8,4,0.000000,s8_p4
1779334023.0,8,1,0.033767,s8_p1
1779334023.0,8,2,0.074770,s8_p2
1779334023.0,8,3,0.000000,s8_p3
1779334023.0,15,4,0.000000,s15_p4
1779334023.0,15,1,0.000000,s15_p1
1779334023.0,15,2,0.033764,s15_p2
1779334023.0,15,3,0.000000,s15_p3
1779334023.0,13,4,0.000000,s13_p4
1779334023.0,13,1,0.000000,s13_p1
1779334023.0,13,2,0.024137,s13_p2
1779334023.0,13,3,0.000000,s13_p3
1779334023.0,4,4,0.000000,s4_p4
1779334023.0,4,1,0.000000,s4_p1
1779334023.0,4,2,0.159315,s4_p2
1779334023.0,4,3,0.067588,s4_p3
1779334023.0,5,4,0.110995,s5_p4
1779334023.0,5,1,0.000000,s5_p1
1779334023.0,5,2,0.053084,s5_p2
1779334023.0,5,3,0.000000,s5_p3
1779334023.0,2,1,0.067503,s2_p1
1779334023.0,2,4,0.053038,s2_p4
1779334023.0,2,2,0.000000,s2_p2
1779334023.0,2,3,0.000000,s2_p3
1779334023.0,12,4,0.000000,s12_p4
1779334023.0,12,1,0.069864,s12_p1
1779334023.0,12,2,0.000000,s12_p2
1779334023.0,12,3,0.000000,s12_p3
1779334023.0,20,1,0.000000,s20_p1
1779334023.0,20,4,0.928357,s20_p4
1779334023.0,20,2,0.349641,s20_p2
1779334023.0,20,3,0.265245,s20_p3
1779334023.0,18,1,0.000000,s18_p1
1779334023.0,18,4,0.000000,s18_p4
1779334023.0,18,2,0.000000,s18_p2
1779334023.0,18,3,0.000000,s18_p3
1779334023.0,11,4,0.000000,s11_p4
1779334023.0,11,1,0.000000,s11_p1
1779334023.0,11,2,0.159156,s11_p2
1779334023.0,11,3,0.506406,s11_p3
1779334023.0,16,1,0.110842,s16_p1
1779334023.0,16,4,0.349392,s16_p4
1779334023.0,16,2,0.074698,s16_p2
1779334023.0,16,3,0.000000,s16_p3
1779334023.0,9,4,0.000000,s9_p4
1779334023.0,9,1,0.000000,s9_p1
1779334023.0,9,2,0.067503,s9_p2
1779334023.0,9,3,0.916114,s9_p3
1779334023.0,17,1,0.337350,s17_p1
1779334023.0,17,4,0.168675,s17_p4
1779334023.0,17,2,0.795183,s17_p2
1779334023.0,17,3,0.120482,s17_p3
1779334023.0,19,1,0.000000,s19_p1
1779334023.0,19,4,0.000000,s19_p4
1779334023.0,19,2,0.000000,s19_p2
1779334023.0,19,3,0.000000,s19_p3
1779334023.0,19,1,0.000000,s19_p1
1779334023.0,19,4,0.000000,s19_p4
1779334023.0,19,2,0.000000,s19_p2
1779334023.0,19,3,0.000000,s19_p3
1779334023.0,8,4,0.000000,s8_p4
1779334023.0,8,1,0.033780,s8_p1
1779334023.0,8,2,0.072385,s8_p2
1779334023.0,8,3,0.000000,s8_p3
1779334023.0,6,1,0.000000,s6_p1
1779334023.0,6,4,0.072202,s6_p4
1779334023.0,6,2,0.024067,s6_p2
1779334023.0,6,3,0.000000,s6_p3
1779334023.0,14,1,0.055429,s14_p1
1779334023.0,14,4,0.915777,s14_p4
1779334023.0,14,2,0.000000,s14_p2
1779334023.0,14,3,0.000000,s14_p3
1779334023.0,1,4,0.000000,s1_p4
1779334023.0,1,1,0.000000,s1_p1
1779334023.0,1,2,0.000000,s1_p2
1779334023.0,1,3,0.180671,s1_p3
1779334023.0,3,4,0.000000,s3_p4
1779334023.0,3,1,0.072288,s3_p1
1779334023.0,3,2,0.000000,s3_p2
1779334023.0,3,3,0.033734,s3_p3
1779334023.0,10,4,0.277032,s10_p4
1779334023.0,10,1,0.000000,s10_p1
1779334023.0,10,2,0.000000,s10_p2
1779334023.0,10,3,0.000000,s10_p3
1779334023.0,5,4,0.113325,s5_p4
1779334023.0,5,1,0.000000,s5_p1
1779334023.0,5,2,0.055457,s5_p2
1779334023.0,5,3,0.000000,s5_p3
1779334023.0,4,4,0.000000,s4_p4
1779334023.0,4,1,0.000000,s4_p1
1779334023.0,4,2,0.158966,s4_p2
1779334023.0,4,3,0.067440,s4_p3
1779334023.0,15,4,0.000000,s15_p4
1779334023.0,15,1,0.000000,s15_p1
1779334023.0,15,2,0.033714,s15_p2
1779334023.0,15,3,0.000000,s15_p3
1779334023.0,2,1,0.067499,s2_p1
1779334023.0,2,4,0.055445,s2_p4
1779334023.0,2,2,0.000000,s2_p2
1779334023.0,2,3,0.000000,s2_p3
1779334023.0,13,4,0.000000,s13_p4
1779334023.0,13,1,0.000000,s13_p1
1779334023.0,13,2,0.024079,s13_p2
1779334023.0,13,3,0.000000,s13_p3
1779334023.0,12,4,0.000000,s12_p4
1779334023.0,12,1,0.072313,s12_p1
1779334023.0,12,2,0.000000,s12_p2
1779334023.0,12,3,0.000000,s12_p3
1779334023.0,18,1,0.000000,s18_p1
1779334023.0,18,4,0.000000,s18_p4
1779334023.0,18,2,0.000000,s18_p2
1779334023.0,18,3,0.000000,s18_p3
1779334023.0,20,1,0.000000,s20_p1
1779334023.0,20,4,0.940022,s20_p4
1779334023.0,20,2,0.361547,s20_p2
1779334023.0,20,3,0.277186,s20_p3
1779334023.0,17,1,0.337648,s17_p1
1779334023.0,17,4,0.168824,s17_p4
1779334023.0,17,2,0.795885,s17_p2
1779334023.0,17,3,0.120589,s17_p3
1779334023.0,7,1,0.113117,s7_p1
1779334023.0,7,4,0.072202,s7_p4
1779334023.0,7,2,0.000000,s7_p2
1779334023.0,7,3,0.000000,s7_p3
1779334023.0,11,4,0.000000,s11_p4
1779334023.0,11,1,0.000000,s11_p1
1779334023.0,11,2,0.159091,s11_p2
1779334023.0,11,3,0.506197,s11_p3
1779334023.0,16,1,0.113291,s16_p1
1779334023.0,16,4,0.361567,s16_p4
1779334023.0,16,2,0.074724,s16_p2
1779334023.0,16,3,0.000000,s16_p3
1779334023.0,9,4,0.000000,s9_p4
1779334023.0,9,1,0.000000,s9_p1
1779334023.0,9,2,0.067493,s9_p2
1779334023.0,9,3,0.915971,s9_p3
1779334024.0,19,1,0.000000,s19_p1
1779334024.0,19,4,0.000000,s19_p4
1779334024.0,19,2,0.000000,s19_p2
1779334024.0,19,3,0.000000,s19_p3
1779334024.0,6,1,0.000000,s6_p1
1779334024.0,6,4,0.074857,s6_p4
1779334024.0,6,2,0.026562,s6_p2
1779334024.0,6,3,0.000000,s6_p3
1779334024.0,1,4,0.000000,s1_p4
1779334024.0,1,1,0.000000,s1_p1
1779334024.0,1,2,0.000000,s1_p2
1779334024.0,1,3,0.185880,s1_p3
1779334024.0,14,1,0.055511,s14_p1
1779334024.0,14,4,0.941270,s14_p4
1779334024.0,14,2,0.000000,s14_p2
1779334024.0,14,3,0.000000,s14_p3
1779334024.0,3,4,0.000000,s3_p4
1779334024.0,3,1,0.069990,s3_p1
1779334024.0,3,2,0.000000,s3_p2
1779334024.0,3,3,0.036202,s3_p3
1779334024.0,8,4,0.000000,s8_p4
1779334024.0,8,1,0.036158,s8_p1
1779334024.0,8,2,0.074726,s8_p2
1779334024.0,8,3,0.000000,s8_p3
1779334024.0,10,4,0.277344,s10_p4
1779334024.0,10,1,0.000000,s10_p1
1779334024.0,10,2,0.000000,s10_p2
1779334024.0,10,3,0.000000,s10_p3
1779334024.0,7,1,0.111135,s7_p1
1779334024.0,7,4,0.070063,s7_p4
1779334024.0,7,2,0.000000,s7_p2
1779334024.0,7,3,0.000000,s7_p3
1779334024.0,15,4,0.000000,s15_p4
1779334024.0,15,1,0.000000,s15_p1
1779334024.0,15,2,0.036224,s15_p2
1779334024.0,15,3,0.000000,s15_p3
1779334024.0,12,4,0.000000,s12_p4
1779334024.0,12,1,0.072396,s12_p1
1779334024.0,12,2,0.000000,s12_p2
1779334024.0,12,3,0.000000,s12_p3
1779334024.0,13,4,0.000000,s13_p4
1779334024.0,13,1,0.000000,s13_p1
1779334024.0,13,2,0.026541,s13_p2
1779334024.0,13,3,0.000000,s13_p3
1779334024.0,18,1,0.000000,s18_p1
1779334024.0,18,4,0.000000,s18_p4
1779334024.0,18,2,0.000000,s18_p2
1779334024.0,18,3,0.000000,s18_p3
1779334024.0,5,4,0.110940,s5_p4
1779334024.0,5,1,0.000000,s5_p1
1779334024.0,5,2,0.055470,s5_p2
1779334024.0,5,3,0.000000,s5_p3
1779334024.0,20,1,0.000000,s20_p1
1779334024.0,20,4,0.916920,s20_p4
1779334024.0,20,2,0.349877,s20_p2
1779334024.0,20,3,0.277489,s20_p3
1779334024.0,4,4,0.000000,s4_p4
1779334024.0,4,1,0.000000,s4_p1
1779334024.0,4,2,0.156773,s4_p2
1779334024.0,4,3,0.065121,s4_p3
1779334024.0,2,1,0.065105,s2_p1
1779334024.0,2,4,0.055460,s2_p4
1779334024.0,2,2,0.000000,s2_p2
1779334024.0,2,3,0.000000,s2_p3
1779334024.0,17,1,0.325590,s17_p1
1779334024.0,17,4,0.180883,s17_p4
1779334024.0,17,2,0.783827,s17_p2
1779334024.0,17,3,0.132648,s17_p3
1779334024.0,9,4,0.000000,s9_p4
1779334024.0,9,1,0.000000,s9_p1
1779334024.0,9,2,0.065149,s9_p2
1779334024.0,9,3,0.928972,s9_p3
1779334024.0,11,4,0.000000,s11_p4
1779334024.0,11,1,0.000000,s11_p1
1779334024.0,11,2,0.159226,s11_p2
1779334024.0,11,3,0.506629,s11_p3
1779334024.0,16,1,0.110983,s16_p1
1779334024.0,16,4,0.361900,s16_p4
1779334024.0,16,2,0.072380,s16_p2
1779334024.0,16,3,0.000000,s16_p3
1779334024.0,6,1,0.000000,s6_p1
1779334024.0,6,4,0.074956,s6_p4
1779334024.0,6,2,0.024179,s6_p2
1779334024.0,6,3,0.000000,s6_p3
1779334024.0,10,4,0.278281,s10_p4
1779334024.0,10,1,0.000000,s10_p1
1779334024.0,10,2,0.000000,s10_p2
1779334024.0,10,3,0.000000,s10_p3
1779334024.0,1,4,0.000000,s1_p4
1779334024.0,1,1,0.000000,s1_p1
1779334024.0,1,2,0.000000,s1_p2
1779334024.0,1,3,0.183665,s1_p3
1779334024.0,14,1,0.055580,s14_p1
1779334024.0,14,4,0.930360,s14_p4
1779334024.0,14,2,0.000000,s14_p2
1779334024.0,14,3,0.000000,s14_p3
1779334024.0,3,4,0.000000,s3_p4
1779334024.0,3,1,0.072509,s3_p1
1779334024.0,3,2,0.000000,s3_p2
1779334024.0,3,3,0.033837,s3_p3
1779334024.0,12,4,0.000000,s12_p4
1779334024.0,12,1,0.070149,s12_p1
1779334024.0,12,2,0.000000,s12_p2
1779334024.0,12,3,0.000000,s12_p3
1779334024.0,13,4,0.000000,s13_p4
1779334024.0,13,1,0.000000,s13_p1
1779334024.0,13,2,0.024188,s13_p2
1779334024.0,13,3,0.000000,s13_p3
1779334024.0,4,4,0.000000,s4_p4
1779334024.0,4,1,0.000000,s4_p1
1779334024.0,4,2,0.159651,s4_p2
1779334024.0,4,3,0.067731,s4_p3
1779334024.0,7,1,0.111129,s7_p1
1779334024.0,7,4,0.072475,s7_p4
1779334024.0,7,2,0.000000,s7_p2
1779334024.0,7,3,0.000000,s7_p3
1779334024.0,20,1,0.000000,s20_p1
1779334024.0,20,4,0.931145,s20_p4
1779334024.0,20,2,0.362784,s20_p2
1779334024.0,20,3,0.278134,s20_p3
1779334024.0,8,4,0.000000,s8_p4
1779334024.0,8,1,0.033814,s8_p1
1779334024.0,8,2,0.074873,s8_p2
1779334024.0,8,3,0.000000,s8_p3
1779334024.0,15,4,0.000000,s15_p4
1779334024.0,15,1,0.000000,s15_p1
1779334024.0,15,2,0.033819,s15_p2
1779334024.0,15,3,0.000000,s15_p3
1779334024.0,19,1,0.000000,s19_p1
1779334024.0,19,4,0.000000,s19_p4
1779334024.0,19,2,0.000000,s19_p2
1779334024.0,19,3,0.000000,s19_p3
1779334024.0,18,1,0.000000,s18_p1
1779334024.0,18,4,0.000000,s18_p4
1779334024.0,18,2,0.000000,s18_p2
1779334024.0,18,3,0.000000,s18_p3
1779334024.0,16,1,0.111206,s16_p1
1779334024.0,16,4,0.350539,s16_p4
1779334024.0,16,2,0.074943,s16_p2
1779334024.0,16,3,0.000000,s16_p3
1779334024.0,17,1,0.338407,s17_p1
1779334024.0,17,4,0.169203,s17_p4
1779334024.0,17,2,0.797673,s17_p2
1779334024.0,17,3,0.120860,s17_p3
1779334024.0,2,1,0.067675,s2_p1
1779334024.0,2,4,0.055590,s2_p4
1779334024.0,2,2,0.000000,s2_p2
1779334024.0,2,3,0.000000,s2_p3
1779334024.0,11,4,0.000000,s11_p4
1779334024.0,11,1,0.000000,s11_p1
1779334024.0,11,2,0.157118,s11_p2
1779334024.0,11,3,0.507611,s11_p3
1779334024.0,9,4,0.000000,s9_p4
1779334024.0,9,1,0.000000,s9_p1
1779334024.0,9,2,0.067677,s9_p2
1779334024.0,9,3,0.906384,s9_p3
1779334024.0,5,4,0.111112,s5_p4
1779334024.0,5,1,0.000000,s5_p1
1779334024.0,5,2,0.055556,s5_p2
1779334024.0,5,3,0.000000,s5_p3
1779334025.0,6,1,0.000000,s6_p1
1779334025.0,6,4,0.074934,s6_p4
1779334025.0,6,2,0.024172,s6_p2
1779334025.0,6,3,0.000000,s6_p3
1779334025.0,10,4,0.266037,s10_p4
1779334025.0,10,1,0.000000,s10_p1
1779334025.0,10,2,0.000000,s10_p2
1779334025.0,10,3,0.000000,s10_p3
1779334025.0,15,4,0.000000,s15_p4
1779334025.0,15,1,0.000000,s15_p1
1779334025.0,15,2,0.033916,s15_p2
1779334025.0,15,3,0.000000,s15_p3
1779334025.0,3,4,0.000000,s3_p4
1779334025.0,3,1,0.070123,s3_p1
1779334025.0,3,2,0.000000,s3_p2
1779334025.0,3,3,0.033853,s3_p3
1779334025.0,1,4,0.000000,s1_p4
1779334025.0,1,1,0.000000,s1_p1
1779334025.0,1,2,0.000000,s1_p2
1779334025.0,1,3,0.183712,s1_p3
1779334025.0,13,4,0.000000,s13_p4
1779334025.0,13,1,0.000000,s13_p1
1779334025.0,13,2,0.024198,s13_p2
1779334025.0,13,3,0.000000,s13_p3
1779334025.0,8,4,0.000000,s8_p4
1779334025.0,8,1,0.033884,s8_p1
1779334025.0,8,2,0.075028,s8_p2
1779334025.0,8,3,0.000000,s8_p3
1779334025.0,17,1,0.339187,s17_p1
1779334025.0,17,4,0.169593,s17_p4
1779334025.0,17,2,0.799511,s17_p2
1779334025.0,17,3,0.121138,s17_p3
1779334025.0,18,1,0.000000,s18_p1
1779334025.0,18,4,0.000000,s18_p4
1779334025.0,18,2,0.000000,s18_p2
1779334025.0,18,3,0.000000,s18_p3
1779334025.0,16,1,0.113795,s16_p1
1779334025.0,16,4,0.351070,s16_p4
1779334025.0,16,2,0.075056,s16_p2
1779334025.0,16,3,0.000000,s16_p3
1779334025.0,2,1,0.067794,s2_p1
1779334025.0,2,4,0.055688,s2_p4
1779334025.0,2,2,0.000000,s2_p2
1779334025.0,2,3,0.000000,s2_p3
1779334025.0,20,1,0.000000,s20_p1
1779334025.0,20,4,0.943188,s20_p4
1779334025.0,20,2,0.350672,s20_p2
1779334025.0,20,3,0.278120,s20_p3
1779334025.0,4,4,0.000000,s4_p4
1779334025.0,4,1,0.000000,s4_p1
1779334025.0,4,2,0.159591,s4_p2
1779334025.0,4,3,0.067705,s4_p3
1779334025.0,11,4,0.000000,s11_p4
1779334025.0,11,1,0.000000,s11_p1
1779334025.0,11,2,0.159798,s11_p2
1779334025.0,11,3,0.508449,s11_p3
1779334025.0,9,4,0.000000,s9_p4
1779334025.0,9,1,0.000000,s9_p1
1779334025.0,9,2,0.067794,s9_p2
1779334025.0,9,3,0.920068,s9_p3
1779334025.0,14,1,0.055514,s14_p1
1779334025.0,14,4,0.941317,s14_p4
1779334025.0,14,2,0.000000,s14_p2
1779334025.0,14,3,0.000000,s14_p3
1779334025.0,12,4,0.000000,s12_p4
1779334025.0,12,1,0.070067,s12_p1
1779334025.0,12,2,0.000000,s12_p2
1779334025.0,12,3,0.000000,s12_p3
1779334025.0,5,4,0.113734,s5_p4
1779334025.0,5,1,0.000000,s5_p1
1779334025.0,5,2,0.055657,s5_p2
1779334025.0,5,3,0.000000,s5_p3
1779334025.0,19,1,0.000000,s19_p1
1779334025.0,19,4,0.000000,s19_p4
1779334025.0,19,2,0.000000,s19_p2
1779334025.0,19,3,0.000000,s19_p3
1779334025.0,7,1,0.113576,s7_p1
1779334025.0,7,4,0.070079,s7_p4
1779334025.0,7,2,0.000000,s7_p2
1779334025.0,7,3,0.000000,s7_p3
1779334025.0,19,1,0.000000,s19_p1
1779334025.0,19,4,0.000000,s19_p4
1779334025.0,19,2,0.000000,s19_p2
1779334025.0,19,3,0.000000,s19_p3
1779334025.0,1,4,0.000000,s1_p4
1779334025.0,1,1,0.000000,s1_p1
1779334025.0,1,2,0.000000,s1_p2
1779334025.0,1,3,0.181179,s1_p3
1779334025.0,3,4,0.000000,s3_p4
1779334025.0,3,1,0.072461,s3_p1
1779334025.0,3,2,0.000000,s3_p2
1779334025.0,3,3,0.036230,s3_p3
1779334025.0,6,1,0.000000,s6_p1
1779334025.0,6,4,0.074806,s6_p4
1779334025.0,6,2,0.024131,s6_p2
1779334025.0,6,3,0.000000,s6_p3
1779334025.0,14,1,0.053228,s14_p1
1779334025.0,14,4,0.931492,s14_p4
1779334025.0,14,2,0.000000,s14_p2
1779334025.0,14,3,0.000000,s14_p3
1779334025.0,8,4,0.000000,s8_p4
1779334025.0,8,1,0.036231,s8_p1
1779334025.0,8,2,0.074876,s8_p2
1779334025.0,8,3,0.000000,s8_p3
1779334025.0,13,4,0.000000,s13_p4
1779334025.0,13,1,0.000000,s13_p1
1779334025.0,13,2,0.024151,s13_p2
1779334025.0,13,3,0.000000,s13_p3
1779334025.0,7,1,0.111256,s7_p1
1779334025.0,7,4,0.072558,s7_p4
1779334025.0,7,2,0.000000,s7_p2
1779334025.0,7,3,0.000000,s7_p3
1779334025.0,10,4,0.277433,s10_p4
1779334025.0,10,1,0.000000,s10_p1
1779334025.0,10,2,0.000000,s10_p2
1779334025.0,10,3,0.000000,s10_p3
1779334025.0,12,4,0.000000,s12_p4
1779334025.0,12,1,0.072518,s12_p1
1779334025.0,12,2,0.000000,s12_p2
1779334025.0,12,3,0.000000,s12_p3
1779334025.0,15,4,0.000000,s15_p4
1779334025.0,15,1,0.000000,s15_p1
1779334025.0,15,2,0.036175,s15_p2
1779334025.0,15,3,0.000000,s15_p3
1779334025.0,20,1,0.000000,s20_p1
1779334025.0,20,4,0.929973,s20_p4
1779334025.0,20,2,0.362327,s20_p2
1779334025.0,20,3,0.265707,s20_p3
1779334025.0,4,4,0.000000,s4_p4
1779334025.0,4,1,0.000000,s4_p1
1779334025.0,4,2,0.157008,s4_p2
1779334025.0,4,3,0.065219,s4_p3
1779334025.0,5,4,0.111133,s5_p4
1779334025.0,5,1,0.000000,s5_p1
1779334025.0,5,2,0.053151,s5_p2
1779334025.0,5,3,0.000000,s5_p3
1779334025.0,2,1,0.065181,s2_p1
1779334025.0,2,4,0.053110,s2_p4
1779334025.0,2,2,0.000000,s2_p2
1779334025.0,2,3,0.000000,s2_p3
1779334025.0,16,1,0.111042,s16_p1
1779334025.0,16,4,0.362093,s16_p4
1779334025.0,16,2,0.074833,s16_p2
1779334025.0,16,3,0.000000,s16_p3
1779334025.0,18,1,0.000000,s18_p1
1779334025.0,18,4,0.000000,s18_p4
1779334025.0,18,2,0.000000,s18_p2
1779334025.0,18,3,0.000000,s18_p3
1779334025.0,17,1,0.325657,s17_p1
1779334025.0,17,4,0.180920,s17_p4
1779334025.0,17,2,0.783989,s17_p2
1779334025.0,17,3,0.132675,s17_p3
1779334025.0,11,4,0.000000,s11_p4
1779334025.0,11,1,0.000000,s11_p1
1779334025.0,11,2,0.156906,s11_p2
1779334025.0,11,3,0.506928,s11_p3
1779334025.0,9,4,0.000000,s9_p4
1779334025.0,9,1,0.000000,s9_p1
1779334025.0,9,2,0.065169,s9_p2
1779334025.0,9,3,0.917192,s9_p3
1779334026.0,14,1,0.055559,s14_p1
1779334026.0,14,4,0.942094,s14_p4
1779334026.0,14,2,0.000000,s14_p2
1779334026.0,14,3,0.000000,s14_p3
1779334026.0,8,4,0.000000,s8_p4
1779334026.0,8,1,0.033794,s8_p1
1779334026.0,8,2,0.074830,s8_p2
1779334026.0,8,3,0.000000,s8_p3
1779334026.0,7,1,0.113454,s7_p1
1779334026.0,7,4,0.070004,s7_p4
1779334026.0,7,2,0.000000,s7_p2
1779334026.0,7,3,0.000000,s7_p3
1779334026.0,15,4,0.000000,s15_p4
1779334026.0,15,1,0.000000,s15_p1
1779334026.0,15,2,0.033811,s15_p2
1779334026.0,15,3,0.000000,s15_p3
1779334026.0,3,4,0.000000,s3_p4
1779334026.0,3,1,0.069958,s3_p1
1779334026.0,3,2,0.000000,s3_p2
1779334026.0,3,3,0.033773,s3_p3
1779334026.0,10,4,0.277577,s10_p4
1779334026.0,10,1,0.000000,s10_p1
1779334026.0,10,2,0.000000,s10_p2
1779334026.0,10,3,0.000000,s10_p3
1779334026.0,1,4,0.000000,s1_p4
1779334026.0,1,1,0.000000,s1_p1
1779334026.0,1,2,0.000000,s1_p2
1779334026.0,1,3,0.185723,s1_p3
1779334026.0,13,4,0.000000,s13_p4
1779334026.0,13,1,0.000000,s13_p1
1779334026.0,13,2,0.026548,s13_p2
1779334026.0,13,3,0.000000,s13_p3
1779334026.0,6,1,0.000000,s6_p1
1779334026.0,6,4,0.074774,s6_p4
1779334026.0,6,2,0.026533,s6_p2
1779334026.0,6,3,0.000000,s6_p3
1779334026.0,18,1,0.000000,s18_p1
1779334026.0,18,4,0.000000,s18_p4
1779334026.0,18,2,0.000000,s18_p2
1779334026.0,18,3,0.000000,s18_p3
1779334026.0,4,4,0.000000,s4_p4
1779334026.0,4,1,0.000000,s4_p1
1779334026.0,4,2,0.159237,s4_p2
1779334026.0,4,3,0.067555,s4_p3
1779334026.0,9,4,0.000000,s9_p4
1779334026.0,9,1,0.000000,s9_p1
1779334026.0,9,2,0.067606,s9_p2
1779334026.0,9,3,0.917507,s9_p3
1779334026.0,12,4,0.000000,s12_p4
1779334026.0,12,1,0.069953,s12_p1
1779334026.0,12,2,0.000000,s12_p2
1779334026.0,12,3,0.000000,s12_p3
1779334026.0,2,1,0.067585,s2_p1
1779334026.0,2,4,0.055516,s2_p4
1779334026.0,2,2,0.000000,s2_p2
1779334026.0,2,3,0.000000,s2_p3
1779334026.0,17,1,0.337951,s17_p1
1779334026.0,17,4,0.168976,s17_p4
1779334026.0,17,2,0.796599,s17_p2
1779334026.0,17,3,0.120697,s17_p3
1779334026.0,20,1,0.000000,s20_p1
1779334026.0,20,4,0.940794,s20_p4
1779334026.0,20,2,0.349782,s20_p2
1779334026.0,20,3,0.277414,s20_p3
1779334026.0,16,1,0.113442,s16_p1
1779334026.0,16,4,0.349982,s16_p4
1779334026.0,16,2,0.074824,s16_p2
1779334026.0,16,3,0.000000,s16_p3
1779334026.0,11,4,0.000000,s11_p4
1779334026.0,11,1,0.000000,s11_p1
1779334026.0,11,2,0.159315,s11_p2
1779334026.0,11,3,0.506913,s11_p3
1779334026.0,5,4,0.113425,s5_p4
1779334026.0,5,1,0.000000,s5_p1
1779334026.0,5,2,0.055506,s5_p2
1779334026.0,5,3,0.000000,s5_p3
1779334026.0,19,1,0.000000,s19_p1
1779334026.0,19,4,0.000000,s19_p4
1779334026.0,19,2,0.000000,s19_p2
1779334026.0,19,3,0.000000,s19_p3
1779334027.0,6,1,0.000000,s6_p1
1779334027.0,6,4,0.072559,s6_p4
1779334027.0,6,2,0.024186,s6_p2
1779334027.0,6,3,0.000000,s6_p3
1779334027.0,14,1,0.055516,s14_p1
1779334027.0,14,4,0.917225,s14_p4
1779334027.0,14,2,0.000000,s14_p2
1779334027.0,14,3,0.000000,s14_p3
1779334027.0,1,4,0.000000,s1_p4
1779334027.0,1,1,0.000000,s1_p1
1779334027.0,1,2,0.000000,s1_p2
1779334027.0,1,3,0.181261,s1_p3
1779334027.0,3,4,0.000000,s3_p4
1779334027.0,3,1,0.072497,s3_p1
1779334027.0,3,2,0.000000,s3_p2
1779334027.0,3,3,0.033832,s3_p3
1779334027.0,15,4,0.000000,s15_p4
1779334027.0,15,1,0.000000,s15_p1
1779334027.0,15,2,0.033821,s15_p2
1779334027.0,15,3,0.000000,s15_p3
1779334027.0,10,4,0.277808,s10_p4
1779334027.0,10,1,0.000000,s10_p1
1779334027.0,10,2,0.000000,s10_p2
1779334027.0,10,3,0.000000,s10_p3
1779334027.0,8,4,0.000000,s8_p4
1779334027.0,8,1,0.033804,s8_p1
1779334027.0,8,2,0.072437,s8_p2
1779334027.0,8,3,0.000000,s8_p3
1779334027.0,7,1,0.111074,s7_p1
1779334027.0,7,4,0.072440,s7_p4
1779334027.0,7,2,0.000000,s7_p2
1779334027.0,7,3,0.000000,s7_p3
1779334027.0,13,4,0.000000,s13_p4
1779334027.0,13,1,0.000000,s13_p1
1779334027.0,13,2,0.024143,s13_p2
1779334027.0,13,3,0.000000,s13_p3
1779334027.0,4,4,0.000000,s4_p4
1779334027.0,4,1,0.000000,s4_p1
1779334027.0,4,2,0.159476,s4_p2
1779334027.0,4,3,0.067656,s4_p3
1779334027.0,20,1,0.000000,s20_p1
1779334027.0,20,4,0.918289,s20_p4
1779334027.0,20,2,0.362482,s20_p2
1779334027.0,20,3,0.277903,s20_p3
1779334027.0,18,1,0.000000,s18_p1
1779334027.0,18,4,0.000000,s18_p4
1779334027.0,18,2,0.000000,s18_p2
1779334027.0,18,3,0.000000,s18_p3
1779334027.0,5,4,0.111123,s5_p4
1779334027.0,5,1,0.000000,s5_p1
1779334027.0,5,2,0.055561,s5_p2
1779334027.0,5,3,0.000000,s5_p3
1779334027.0,12,4,0.000000,s12_p4
1779334027.0,12,1,0.072461,s12_p1
1779334027.0,12,2,0.000000,s12_p2
1779334027.0,12,3,0.000000,s12_p3
1779334027.0,2,1,0.067599,s2_p1
1779334027.0,2,4,0.055528,s2_p4
1779334027.0,2,2,0.000000,s2_p2
1779334027.0,2,3,0.000000,s2_p3
1779334027.0,17,1,0.337963,s17_p1
1779334027.0,17,4,0.168981,s17_p4
1779334027.0,17,2,0.796627,s17_p2
1779334027.0,17,3,0.120701,s17_p3
1779334027.0,11,4,0.000000,s11_p4
1779334027.0,11,1,0.000000,s11_p1
1779334027.0,11,2,0.159329,s11_p2
1779334027.0,11,3,0.506957,s11_p3
1779334027.0,16,1,0.111040,s16_p1
1779334027.0,16,4,0.362086,s16_p4
1779334027.0,16,2,0.072417,s16_p2
1779334027.0,16,3,0.000000,s16_p3
1779334027.0,19,1,0.000000,s19_p1
1779334027.0,19,4,0.000000,s19_p4
1779334027.0,19,2,0.000000,s19_p2
1779334027.0,19,3,0.000000,s19_p3
1779334027.0,9,4,0.000000,s9_p4
1779334027.0,9,1,0.000000,s9_p1
1779334027.0,9,2,0.067557,s9_p2
1779334027.0,9,3,0.916840,s9_p3
1779334027.0,19,1,0.000000,s19_p1
1779334027.0,19,4,0.000000,s19_p4
1779334027.0,19,2,0.000000,s19_p2
1779334027.0,19,3,0.000000,s19_p3
1779334027.0,1,4,0.000000,s1_p4
1779334027.0,1,1,0.000000,s1_p1
1779334027.0,1,2,0.000000,s1_p2
1779334027.0,1,3,0.183584,s1_p3
1779334027.0,3,4,0.000000,s3_p4
1779334027.0,3,1,0.070048,s3_p1
1779334027.0,3,2,0.000000,s3_p2
1779334027.0,3,3,0.033816,s3_p3
1779334027.0,14,1,0.055546,s14_p1
1779334027.0,14,4,0.941859,s14_p4
1779334027.0,14,2,0.000000,s14_p2
1779334027.0,14,3,0.000000,s14_p3
1779334027.0,6,1,0.000000,s6_p1
1779334027.0,6,4,0.074821,s6_p4
1779334027.0,6,2,0.024136,s6_p2
1779334027.0,6,3,0.000000,s6_p3
1779334027.0,8,4,0.000000,s8_p4
1779334027.0,8,1,0.033822,s8_p1
1779334027.0,8,2,0.074892,s8_p2
1779334027.0,8,3,0.000000,s8_p3
1779334027.0,7,1,0.113545,s7_p1
1779334027.0,7,4,0.070060,s7_p4
1779334027.0,7,2,0.000000,s7_p2
1779334027.0,7,3,0.000000,s7_p3
1779334027.0,10,4,0.277724,s10_p4
1779334027.0,10,1,0.000000,s10_p1
1779334027.0,10,2,0.000000,s10_p2
1779334027.0,10,3,0.000000,s10_p3
1779334027.0,15,4,0.000000,s15_p4
1779334027.0,15,1,0.000000,s15_p1
1779334027.0,15,2,0.033805,s15_p2
1779334027.0,15,3,0.000000,s15_p3
1779334027.0,13,4,0.000000,s13_p4
1779334027.0,13,1,0.000000,s13_p1
1779334027.0,13,2,0.024164,s13_p2
1779334027.0,13,3,0.000000,s13_p3
1779334027.0,18,1,0.000000,s18_p1
1779334027.0,18,4,0.000000,s18_p4
1779334027.0,18,2,0.000000,s18_p2
1779334027.0,18,3,0.000000,s18_p3
1779334027.0,5,4,0.113586,s5_p4
1779334027.0,5,1,0.000000,s5_p1
1779334027.0,5,2,0.055585,s5_p2
1779334027.0,5,3,0.000000,s5_p3
1779334027.0,2,1,0.065283,s2_p1
1779334027.0,2,4,0.055611,s2_p4
1779334027.0,2,2,0.000000,s2_p2
1779334027.0,2,3,0.000000,s2_p3
1779334027.0,12,4,0.000000,s12_p4
1779334027.0,12,1,0.070057,s12_p1
1779334027.0,12,2,0.000000,s12_p2
1779334027.0,12,3,0.000000,s12_p3
1779334027.0,17,1,0.326303,s17_p1
1779334027.0,17,4,0.169194,s17_p4
1779334027.0,17,2,0.785543,s17_p2
1779334027.0,17,3,0.120853,s17_p3
1779334027.0,11,4,0.000000,s11_p4
1779334027.0,11,1,0.000000,s11_p1
1779334027.0,11,2,0.157108,s11_p2
1779334027.0,11,3,0.507581,s11_p3
1779334027.0,20,1,0.000000,s20_p1
1779334027.0,20,4,0.941629,s20_p4
1779334027.0,20,2,0.350093,s20_p2
1779334027.0,20,3,0.277660,s20_p3
1779334027.0,16,1,0.113603,s16_p1
1779334027.0,16,4,0.350477,s16_p4
1779334027.0,16,2,0.074929,s16_p2
1779334027.0,16,3,0.000000,s16_p3
1779334027.0,4,4,0.000000,s4_p4
1779334027.0,4,1,0.000000,s4_p1
1779334027.0,4,2,0.156927,s4_p2
1779334027.0,4,3,0.065185,s4_p3
1779334027.0,9,4,0.000000,s9_p4
1779334027.0,9,1,0.000000,s9_p1
1779334027.0,9,2,0.065277,s9_p2
1779334027.0,9,3,0.906626,s9_p3
1779334028.0,2,1,0.067578,s2_p1
1779334028.0,2,4,0.053097,s2_p4
1779334028.0,2,2,0.000000,s2_p2
1779334028.0,2,3,0.000000,s2_p3
1779334028.0,14,1,0.053036,s14_p1
1779334028.0,14,4,0.928127,s14_p4
1779334028.0,14,2,0.000000,s14_p2
1779334028.0,14,3,0.000000,s14_p3
1779334028.0,18,1,0.000000,s18_p1
1779334028.0,18,4,0.000000,s18_p4
1779334028.0,18,2,0.000000,s18_p2
1779334028.0,18,3,0.000000,s18_p3
1779334028.0,16,1,0.110952,s16_p1
1779334028.0,16,4,0.361800,s16_p4
1779334028.0,16,2,0.074772,s16_p2
1779334028.0,16,3,0.000000,s16_p3
1779334028.0,5,4,0.110881,s5_p4
1779334028.0,5,1,0.000000,s5_p1
1779334028.0,5,2,0.053030,s5_p2
1779334028.0,5,3,0.000000,s5_p3
1779334028.0,13,4,0.000000,s13_p4
1779334028.0,13,1,0.000000,s13_p1
1779334028.0,13,2,0.026504,s13_p2
1779334028.0,13,3,0.000000,s13_p3
1779334028.0,10,4,0.265004,s10_p4
1779334028.0,10,1,0.000000,s10_p1
1779334028.0,10,2,0.000000,s10_p2
1779334028.0,10,3,0.000000,s10_p3
1779334028.0,15,4,0.000000,s15_p4
1779334028.0,15,1,0.000000,s15_p1
1779334028.0,15,2,0.036136,s15_p2
1779334028.0,15,3,0.000000,s15_p3
1779334028.0,12,4,0.000000,s12_p4
1779334028.0,12,1,0.072330,s12_p1
1779334028.0,12,2,0.000000,s12_p2
1779334028.0,12,3,0.000000,s12_p3
1779334028.0,17,1,0.337551,s17_p1
1779334028.0,17,4,0.180831,s17_p4
1779334028.0,17,2,0.795657,s17_p2
1779334028.0,17,3,0.132610,s17_p3
1779334028.0,1,4,0.000000,s1_p4
1779334028.0,1,1,0.000000,s1_p1
1779334028.0,1,2,0.000000,s1_p2
1779334028.0,1,3,0.185353,s1_p3
1779334028.0,8,4,0.000000,s8_p4
1779334028.0,8,1,0.036128,s8_p1
1779334028.0,8,2,0.074665,s8_p2
1779334028.0,8,3,0.000000,s8_p3
1779334028.0,6,1,0.000000,s6_p1
1779334028.0,6,4,0.074631,s6_p4
1779334028.0,6,2,0.026482,s6_p2
1779334028.0,6,3,0.000000,s6_p3
1779334028.0,19,1,0.000000,s19_p1
1779334028.0,19,4,0.000000,s19_p4
1779334028.0,19,2,0.000000,s19_p2
1779334028.0,19,3,0.000000,s19_p3
1779334028.0,4,4,0.000000,s4_p4
1779334028.0,4,1,0.000000,s4_p1
1779334028.0,4,2,0.159132,s4_p2
1779334028.0,4,3,0.067510,s4_p3
1779334028.0,20,1,0.000000,s20_p1
1779334028.0,20,4,0.928218,s20_p4
1779334028.0,20,2,0.361643,s20_p2
1779334028.0,20,3,0.265205,s20_p3
1779334028.0,11,4,0.000000,s11_p4
1779334028.0,11,1,0.000000,s11_p1
1779334028.0,11,2,0.159116,s11_p2
1779334028.0,11,3,0.506279,s11_p3
1779334028.0,7,1,0.110787,s7_p1
1779334028.0,7,4,0.072252,s7_p4
1779334028.0,7,2,0.000000,s7_p2
1779334028.0,7,3,0.000000,s7_p3
1779334028.0,3,4,0.000000,s3_p4
1779334028.0,3,1,0.072211,s3_p1
1779334028.0,3,2,0.000000,s3_p2
1779334028.0,3,3,0.036106,s3_p3
1779334028.0,9,4,0.000000,s9_p4
1779334028.0,9,1,0.000000,s9_p1
1779334028.0,9,2,0.067504,s9_p2
1779334028.0,9,3,0.928177,s9_p3
1779334028.0,1,4,0.000000,s1_p4
1779334028.0,1,1,0.000000,s1_p1
1779334028.0,1,2,0.000000,s1_p2
1779334028.0,1,3,0.181551,s1_p3
1779334028.0,14,1,0.055591,s14_p1
1779334028.0,14,4,0.942634,s14_p4
1779334028.0,14,2,0.000000,s14_p2
1779334028.0,14,3,0.000000,s14_p3
1779334028.0,3,4,0.000000,s3_p4
1779334028.0,3,1,0.070196,s3_p1
1779334028.0,3,2,0.000000,s3_p2
1779334028.0,3,3,0.033888,s3_p3
1779334028.0,10,4,0.278276,s10_p4
1779334028.0,10,1,0.000000,s10_p1
1779334028.0,10,2,0.000000,s10_p2
1779334028.0,10,3,0.000000,s10_p3
1779334028.0,13,4,0.000000,s13_p4
1779334028.0,13,1,0.000000,s13_p1
1779334028.0,13,2,0.024187,s13_p2
1779334028.0,13,3,0.000000,s13_p3
1779334028.0,15,4,0.000000,s15_p4
1779334028.0,15,1,0.000000,s15_p1
1779334028.0,15,2,0.033864,s15_p2
1779334028.0,15,3,0.000000,s15_p3
1779334028.0,18,1,0.000000,s18_p1
1779334028.0,18,4,0.000000,s18_p4
1779334028.0,18,2,0.000000,s18_p2
1779334028.0,18,3,0.000000,s18_p3
1779334028.0,5,4,0.113572,s5_p4
1779334028.0,5,1,0.000000,s5_p1
1779334028.0,5,2,0.055578,s5_p2
1779334028.0,5,3,0.000000,s5_p3
1779334028.0,7,1,0.113611,s7_p1
1779334028.0,7,4,0.070100,s7_p4
1779334028.0,7,2,0.000000,s7_p2
1779334028.0,7,3,0.000000,s7_p3
1779334028.0,4,4,0.000000,s4_p4
1779334028.0,4,1,0.000000,s4_p1
1779334028.0,4,2,0.159527,s4_p2
1779334028.0,4,3,0.067678,s4_p3
1779334028.0,12,4,0.000000,s12_p4
1779334028.0,12,1,0.070084,s12_p1
1779334028.0,12,2,0.000000,s12_p2
1779334028.0,12,3,0.000000,s12_p3
1779334028.0,8,4,0.000000,s8_p4
1779334028.0,8,1,0.033834,s8_p1
1779334028.0,8,2,0.074918,s8_p2
1779334028.0,8,3,0.000000,s8_p3
1779334028.0,20,1,0.000000,s20_p1
1779334028.0,20,4,0.942545,s20_p4
1779334028.0,20,2,0.350433,s20_p2
1779334028.0,20,3,0.277930,s20_p3
1779334028.0,2,1,0.067557,s2_p1
1779334028.0,2,4,0.055493,s2_p4
1779334028.0,2,2,0.000000,s2_p2
1779334028.0,2,3,0.000000,s2_p3
1779334028.0,16,1,0.113527,s16_p1
1779334028.0,16,4,0.350244,s16_p4
1779334028.0,16,2,0.074880,s16_p2
1779334028.0,16,3,0.000000,s16_p3
1779334028.0,19,1,0.000000,s19_p1
1779334028.0,19,4,0.000000,s19_p4
1779334028.0,19,2,0.000000,s19_p2
1779334028.0,19,3,0.000000,s19_p3
1779334028.0,17,1,0.338117,s17_p1
1779334028.0,17,4,0.169059,s17_p4
1779334028.0,17,2,0.796991,s17_p2
1779334028.0,17,3,0.120756,s17_p3
1779334028.0,11,4,0.000000,s11_p4
1779334028.0,11,1,0.000000,s11_p1
1779334028.0,11,2,0.159414,s11_p2
1779334028.0,11,3,0.507227,s11_p3
1779334028.0,9,4,0.000000,s9_p4
1779334028.0,9,1,0.000000,s9_p1
1779334028.0,9,2,0.067641,s9_p2
1779334028.0,9,3,0.917985,s9_p3
1779334028.0,6,1,0.000000,s6_p1
1779334028.0,6,4,0.074864,s6_p4
1779334028.0,6,2,0.024150,s6_p2
1779334028.0,6,3,0.000000,s6_p3
1779334029.0,19,1,0.000000,s19_p1
1779334029.0,19,4,0.000000,s19_p4
1779334029.0,19,2,0.000000,s19_p2
1779334029.0,19,3,0.000000,s19_p3
1779334029.0,1,4,0.000000,s1_p4
1779334029.0,1,1,0.000000,s1_p1
1779334029.0,1,2,0.000000,s1_p2
1779334029.0,1,3,0.182858,s1_p3
1779334029.0,6,1,0.000000,s6_p1
1779334029.0,6,4,0.074756,s6_p4
1779334029.0,6,2,0.024115,s6_p2
1779334029.0,6,3,0.000000,s6_p3
1779334029.0,14,1,0.055327,s14_p1
1779334029.0,14,4,0.926124,s14_p4
1779334029.0,14,2,0.000000,s14_p2
1779334029.0,14,3,0.000000,s14_p3
1779334029.0,3,4,0.000000,s3_p4
1779334029.0,3,1,0.072141,s3_p1
1779334029.0,3,2,0.000000,s3_p2
1779334029.0,3,3,0.033666,s3_p3
1779334029.0,10,4,0.276483,s10_p4
1779334029.0,10,1,0.000000,s10_p1
1779334029.0,10,2,0.000000,s10_p2
1779334029.0,10,3,0.000000,s10_p3
1779334029.0,8,4,0.000000,s8_p4
1779334029.0,8,1,0.033689,s8_p1
1779334029.0,8,2,0.074596,s8_p2
1779334029.0,8,3,0.000000,s8_p3
1779334029.0,15,4,0.000000,s15_p4
1779334029.0,15,1,0.000000,s15_p1
1779334029.0,15,2,0.033653,s15_p2
1779334029.0,15,3,0.000000,s15_p3
1779334029.0,13,4,0.000000,s13_p4
1779334029.0,13,1,0.000000,s13_p1
1779334029.0,13,2,0.024035,s13_p2
1779334029.0,13,3,0.000000,s13_p3
1779334029.0,4,4,0.000000,s4_p4
1779334029.0,4,1,0.000000,s4_p1
1779334029.0,4,2,0.158698,s4_p2
1779334029.0,4,3,0.067326,s4_p3
1779334029.0,20,1,0.000000,s20_p1
1779334029.0,20,4,0.925804,s20_p4
1779334029.0,20,2,0.360703,s20_p2
1779334029.0,20,3,0.276539,s20_p3
1779334029.0,7,1,0.110594,s7_p1
1779334029.0,7,4,0.072127,s7_p4
1779334029.0,7,2,0.000000,s7_p2
1779334029.0,7,3,0.000000,s7_p3
1779334029.0,12,4,0.000000,s12_p4
1779334029.0,12,1,0.072085,s12_p1
1779334029.0,12,2,0.000000,s12_p2
1779334029.0,12,3,0.000000,s12_p3
1779334029.0,2,1,0.067287,s2_p1
1779334029.0,2,4,0.055272,s2_p4
1779334029.0,2,2,0.000000,s2_p2
1779334029.0,2,3,0.000000,s2_p3
1779334029.0,17,1,0.336585,s17_p1
1779334029.0,17,4,0.168292,s17_p4
1779334029.0,17,2,0.793379,s17_p2
1779334029.0,17,3,0.120209,s17_p3
1779334029.0,18,1,0.000000,s18_p1
1779334029.0,18,4,0.000000,s18_p4
1779334029.0,18,2,0.000000,s18_p2
1779334029.0,18,3,0.000000,s18_p3
1779334029.0,5,4,0.110503,s5_p4
1779334029.0,5,1,0.000000,s5_p1
1779334029.0,5,2,0.055251,s5_p2
1779334029.0,5,3,0.000000,s5_p3
1779334029.0,16,1,0.110505,s16_p1
1779334029.0,16,4,0.360342,s16_p4
1779334029.0,16,2,0.074471,s16_p2
1779334029.0,16,3,0.000000,s16_p3
1779334029.0,11,4,0.000000,s11_p4
1779334029.0,11,1,0.000000,s11_p1
1779334029.0,11,2,0.158616,s11_p2
1779334029.0,11,3,0.504687,s11_p3
1779334029.0,9,4,0.000000,s9_p4
1779334029.0,9,1,0.000000,s9_p1
1779334029.0,9,2,0.067291,s9_p2
1779334029.0,9,3,0.913230,s9_p3
1779334029.0,19,1,0.000000,s19_p1
1779334029.0,19,4,0.000000,s19_p4
1779334029.0,19,2,0.000000,s19_p2
1779334029.0,19,3,0.000000,s19_p3
1779334029.0,14,1,0.054071,s14_p1
1779334029.0,14,4,0.946243,s14_p4
1779334029.0,14,2,0.000000,s14_p2
1779334029.0,14,3,0.000000,s14_p3
1779334029.0,3,4,0.000000,s3_p4
1779334029.0,3,1,0.067642,s3_p1
1779334029.0,3,2,0.000000,s3_p2
1779334029.0,3,3,0.040585,s3_p3
1779334029.0,1,4,0.000000,s1_p4
1779334029.0,1,1,0.000000,s1_p1
1779334029.0,1,2,0.000000,s1_p2
1779334029.0,1,3,0.188974,s1_p3
1779334029.0,10,4,0.270690,s10_p4
1779334029.0,10,1,0.000000,s10_p1
1779334029.0,10,2,0.000000,s10_p2
1779334029.0,10,3,0.000000,s10_p3
1779334029.0,6,1,0.000000,s6_p1
1779334029.0,6,4,0.074252,s6_p4
1779334029.0,6,2,0.027001,s6_p2
1779334029.0,6,3,0.000000,s6_p3
1779334029.0,4,4,0.000000,s4_p4
1779334029.0,4,1,0.000000,s4_p1
1779334029.0,4,2,0.155910,s4_p2
1779334029.0,4,3,0.061008,s4_p3
1779334029.0,15,4,0.000000,s15_p4
1779334029.0,15,1,0.000000,s15_p1
1779334029.0,15,2,0.040595,s15_p2
1779334029.0,15,3,0.000000,s15_p3
1779334029.0,7,1,0.115225,s7_p1
1779334029.0,7,4,0.067780,s7_p4
1779334029.0,7,2,0.000000,s7_p2
1779334029.0,7,3,0.000000,s7_p3
1779334029.0,13,4,0.000000,s13_p4
1779334029.0,13,1,0.000000,s13_p1
1779334029.0,13,2,0.027060,s13_p2
1779334029.0,13,3,0.000000,s13_p3
1779334029.0,8,4,0.000000,s8_p4
1779334029.0,8,1,0.040573,s8_p1
1779334029.0,8,2,0.074383,s8_p2
1779334029.0,8,3,0.000000,s8_p3
1779334029.0,5,4,0.115228,s5_p4
1779334029.0,5,1,0.000000,s5_p1
1779334029.0,5,2,0.054225,s5_p2
1779334029.0,5,3,0.000000,s5_p3
1779334029.0,18,1,0.000000,s18_p1
1779334029.0,18,4,0.000000,s18_p4
1779334029.0,18,2,0.000000,s18_p2
1779334029.0,18,3,0.000000,s18_p3
1779334029.0,12,4,0.000000,s12_p4
1779334029.0,12,1,0.067729,s12_p1
1779334029.0,12,2,0.000000,s12_p2
1779334029.0,12,3,0.000000,s12_p3
1779334029.0,20,1,0.000000,s20_p1
1779334029.0,20,4,0.946269,s20_p4
1779334029.0,20,2,0.337953,s20_p2
1779334029.0,20,3,0.270363,s20_p3
1779334029.0,2,1,0.067730,s2_p1
1779334029.0,2,4,0.054184,s2_p4
1779334029.0,2,2,0.000000,s2_p2
1779334029.0,2,3,0.000000,s2_p3
1779334029.0,11,4,0.000000,s11_p4
1779334029.0,11,1,0.000000,s11_p1
1779334029.0,11,2,0.155964,s11_p2
1779334029.0,11,3,0.542484,s11_p3
1779334029.0,17,1,0.338613,s17_p1
1779334029.0,17,4,0.203168,s17_p4
1779334029.0,17,2,0.778810,s17_p2
1779334029.0,17,3,0.135445,s17_p3
1779334029.0,16,1,0.115232,s16_p1
1779334029.0,16,4,0.338917,s16_p4
1779334029.0,16,2,0.074562,s16_p2
1779334029.0,16,3,0.000000,s16_p3
1779334029.0,9,4,0.000000,s9_p4
1779334029.0,9,1,0.000000,s9_p1
1779334029.0,9,2,0.067777,s9_p2
1779334029.0,9,3,0.914989,s9_p3
1779334029.0,14,1,0.055661,s14_p1
1779334029.0,14,4,0.931709,s14_p4
1779334029.0,14,2,0.000000,s14_p2
1779334029.0,14,3,0.000000,s14_p3
1779334029.0,1,4,0.000000,s1_p4
1779334029.0,1,1,0.000000,s1_p1
1779334029.0,1,2,0.000000,s1_p2
1779334029.0,1,3,0.181405,s1_p3
1779334029.0,3,4,0.000000,s3_p4
1779334029.0,3,1,0.072553,s3_p1
1779334029.0,3,2,0.000000,s3_p2
1779334029.0,3,3,0.033858,s3_p3
1779334029.0,6,1,0.000000,s6_p1
1779334029.0,6,4,0.074977,s6_p4
1779334029.0,6,2,0.024186,s6_p2
1779334029.0,6,3,0.000000,s6_p3
1779334029.0,10,4,0.278125,s10_p4
1779334029.0,10,1,0.000000,s10_p1
1779334029.0,10,2,0.000000,s10_p2
1779334029.0,10,3,0.000000,s10_p3
1779334029.0,15,4,0.000000,s15_p4
1779334029.0,15,1,0.000000,s15_p1
1779334029.0,15,2,0.033862,s15_p2
1779334029.0,15,3,0.000000,s15_p3
1779334029.0,8,4,0.000000,s8_p4
1779334029.0,8,1,0.033864,s8_p1
1779334029.0,8,2,0.074984,s8_p2
1779334029.0,8,3,0.000000,s8_p3
1779334029.0,18,1,0.000000,s18_p1
1779334029.0,18,4,0.000000,s18_p4
1779334029.0,18,2,0.000000,s18_p2
1779334029.0,18,3,0.000000,s18_p3
1779334029.0,13,4,0.000000,s13_p4
1779334029.0,13,1,0.000000,s13_p1
1779334029.0,13,2,0.024186,s13_p2
1779334029.0,13,3,0.000000,s13_p3
1779334029.0,12,4,0.000000,s12_p4
1779334029.0,12,1,0.072620,s12_p1
1779334029.0,12,2,0.000000,s12_p2
1779334029.0,12,3,0.000000,s12_p3
1779334029.0,7,1,0.111247,s7_p1
1779334029.0,7,4,0.072552,s7_p4
1779334029.0,7,2,0.000000,s7_p2
1779334029.0,7,3,0.000000,s7_p3
1779334029.0,11,4,0.000000,s11_p4
1779334029.0,11,1,0.000000,s11_p1
1779334029.0,11,2,0.159690,s11_p2
1779334029.0,11,3,0.496008,s11_p3
1779334029.0,16,1,0.111300,s16_p1
1779334029.0,16,4,0.362935,s16_p4
1779334029.0,16,2,0.075006,s16_p2
1779334029.0,16,3,0.000000,s16_p3
1779334029.0,20,1,0.000000,s20_p1
1779334029.0,20,4,0.931390,s20_p4
1779334029.0,20,2,0.362879,s20_p2
1779334029.0,20,3,0.278207,s20_p3
1779334029.0,5,4,0.111262,s5_p4
1779334029.0,5,1,0.000000,s5_p1
1779334029.0,5,2,0.055631,s5_p2
1779334029.0,5,3,0.000000,s5_p3
1779334029.0,2,1,0.065317,s2_p1
1779334029.0,2,4,0.055640,s2_p4
1779334029.0,2,2,0.000000,s2_p2
1779334029.0,2,3,0.000000,s2_p3
1779334029.0,17,1,0.326600,s17_p1
1779334029.0,17,4,0.169348,s17_p4
1779334029.0,17,2,0.798357,s17_p2
1779334029.0,17,3,0.120963,s17_p3
1779334029.0,19,1,0.000000,s19_p1
1779334029.0,19,4,0.000000,s19_p4
1779334029.0,19,2,0.000000,s19_p2
1779334029.0,19,3,0.000000,s19_p3
1779334029.0,4,4,0.000000,s4_p4
1779334029.0,4,1,0.000000,s4_p1
1779334029.0,4,2,0.157059,s4_p2
1779334029.0,4,3,0.067656,s4_p3
1779334029.0,9,4,0.000000,s9_p4
1779334029.0,9,1,0.000000,s9_p1
1779334029.0,9,2,0.065317,s9_p2
1779334029.0,9,3,0.919281,s9_p3
1779334030.0,1,4,0.000000,s1_p4
1779334030.0,1,1,0.000000,s1_p1
1779334030.0,1,2,0.000000,s1_p2
1779334030.0,1,3,0.183514,s1_p3
1779334030.0,6,1,0.000000,s6_p1
1779334030.0,6,4,0.072431,s6_p4
1779334030.0,6,2,0.024144,s6_p2
1779334030.0,6,3,0.000000,s6_p3
1779334030.0,12,4,0.000000,s12_p4
1779334030.0,12,1,0.070022,s12_p1
1779334030.0,12,2,0.000000,s12_p2
1779334030.0,12,3,0.000000,s12_p3
1779334030.0,18,1,0.000000,s18_p1
1779334030.0,18,4,0.000000,s18_p4
1779334030.0,18,2,0.000000,s18_p2
1779334030.0,18,3,0.000000,s18_p3
1779334030.0,20,1,0.000000,s20_p1
1779334030.0,20,4,0.930091,s20_p4
1779334030.0,20,2,0.350294,s20_p2
1779334030.0,20,3,0.277819,s20_p3
1779334030.0,3,4,0.000000,s3_p4
1779334030.0,3,1,0.069955,s3_p1
1779334030.0,3,2,0.000000,s3_p2
1779334030.0,3,3,0.033771,s3_p3
1779334030.0,7,1,0.113466,s7_p1
1779334030.0,7,4,0.070011,s7_p4
1779334030.0,7,2,0.000000,s7_p2
1779334030.0,7,3,0.000000,s7_p3
1779334030.0,16,1,0.113454,s16_p1
1779334030.0,16,4,0.350016,s16_p4
1779334030.0,16,2,0.072417,s16_p2
1779334030.0,16,3,0.000000,s16_p3
1779334030.0,17,1,0.337942,s17_p1
1779334030.0,17,4,0.168971,s17_p4
1779334030.0,17,2,0.784508,s17_p2
1779334030.0,17,3,0.120693,s17_p3
1779334030.0,2,1,0.067585,s2_p1
1779334030.0,2,4,0.055516,s2_p4
1779334030.0,2,2,0.000000,s2_p2
1779334030.0,2,3,0.000000,s2_p3
1779334030.0,9,4,0.000000,s9_p4
1779334030.0,9,1,0.000000,s9_p1
1779334030.0,9,2,0.067598,s9_p2
1779334030.0,9,3,0.905326,s9_p3
1779334030.0,4,4,0.000000,s4_p4
1779334030.0,4,1,0.000000,s4_p1
1779334030.0,4,2,0.159217,s4_p2
1779334030.0,4,3,0.067547,s4_p3
1779334030.0,5,4,0.113365,s5_p4
1779334030.0,5,1,0.000000,s5_p1
1779334030.0,5,2,0.055476,s5_p2
1779334030.0,5,3,0.000000,s5_p3
1779334030.0,15,4,0.000000,s15_p4
1779334030.0,15,1,0.000000,s15_p1
1779334030.0,15,2,0.033739,s15_p2
1779334030.0,15,3,0.000000,s15_p3
1779334030.0,19,1,0.000000,s19_p1
1779334030.0,19,4,0.000000,s19_p4
1779334030.0,19,2,0.000000,s19_p2
1779334030.0,19,3,0.000000,s19_p3
1779334030.0,13,4,0.000000,s13_p4
1779334030.0,13,1,0.000000,s13_p1
1779334030.0,13,2,0.024101,s13_p2
1779334030.0,13,3,0.000000,s13_p3
1779334030.0,14,1,0.055348,s14_p1
1779334030.0,14,4,0.926472,s14_p4
1779334030.0,14,2,0.000000,s14_p2
1779334030.0,14,3,0.000000,s14_p3
1779334030.0,8,4,0.000000,s8_p4
1779334030.0,8,1,0.033739,s8_p1
1779334030.0,8,2,0.072298,s8_p2
1779334030.0,8,3,0.000000,s8_p3
1779334030.0,10,4,0.276950,s10_p4
1779334030.0,10,1,0.000000,s10_p1
1779334030.0,10,2,0.000000,s10_p2
1779334030.0,10,3,0.000000,s10_p3
1779334030.0,11,4,0.000000,s11_p4
1779334030.0,11,1,0.000000,s11_p1
1779334030.0,11,2,0.156737,s11_p2
1779334030.0,11,3,0.506382,s11_p3
1779334030.0,1,4,0.000000,s1_p4
1779334030.0,1,1,0.000000,s1_p1
1779334030.0,1,2,0.000000,s1_p2
1779334030.0,1,3,0.185844,s1_p3
1779334030.0,6,1,0.000000,s6_p1
1779334030.0,6,4,0.074826,s6_p4
1779334030.0,6,2,0.026551,s6_p2
1779334030.0,6,3,0.000000,s6_p3
1779334030.0,3,4,0.000000,s3_p4
1779334030.0,3,1,0.072432,s3_p1
1779334030.0,3,2,0.000000,s3_p2
1779334030.0,3,3,0.033802,s3_p3
1779334030.0,10,4,0.278119,s10_p4
1779334030.0,10,1,0.000000,s10_p1
1779334030.0,10,2,0.000000,s10_p2
1779334030.0,10,3,0.000000,s10_p3
1779334030.0,15,4,0.000000,s15_p4
1779334030.0,15,1,0.000000,s15_p1
1779334030.0,15,2,0.033854,s15_p2
1779334030.0,15,3,0.000000,s15_p3
1779334030.0,8,4,0.000000,s8_p4
1779334030.0,8,1,0.033856,s8_p1
1779334030.0,8,2,0.074966,s8_p2
1779334030.0,8,3,0.000000,s8_p3
1779334030.0,14,1,0.055618,s14_p1
1779334030.0,14,4,0.930993,s14_p4
1779334030.0,14,2,0.000000,s14_p2
1779334030.0,14,3,0.000000,s14_p3
1779334030.0,5,4,0.111172,s5_p4
1779334030.0,5,1,0.000000,s5_p1
1779334030.0,5,2,0.055586,s5_p2
1779334030.0,5,3,0.000000,s5_p3
1779334030.0,13,4,0.000000,s13_p4
1779334030.0,13,1,0.000000,s13_p1
1779334030.0,13,2,0.026585,s13_p2
1779334030.0,13,3,0.000000,s13_p3
1779334030.0,12,4,0.000000,s12_p4
1779334030.0,12,1,0.072370,s12_p1
1779334030.0,12,2,0.000000,s12_p2
1779334030.0,12,3,0.000000,s12_p3
1779334030.0,20,1,0.000000,s20_p1
1779334030.0,20,4,0.928850,s20_p4
1779334030.0,20,2,0.361890,s20_p2
1779334030.0,20,3,0.277449,s20_p3
1779334030.0,7,1,0.110980,s7_p1
1779334030.0,7,4,0.072378,s7_p4
1779334030.0,7,2,0.000000,s7_p2
1779334030.0,7,3,0.000000,s7_p3
1779334030.0,4,4,0.000000,s4_p4
1779334030.0,4,1,0.000000,s4_p1
1779334030.0,4,2,0.159460,s4_p2
1779334030.0,4,3,0.067650,s4_p3
1779334030.0,18,1,0.000000,s18_p1
1779334030.0,18,4,0.000000,s18_p4
1779334030.0,18,2,0.000000,s18_p2
1779334030.0,18,3,0.000000,s18_p3
1779334030.0,2,1,0.067573,s2_p1
1779334030.0,2,4,0.055506,s2_p4
1779334030.0,2,2,0.000000,s2_p2
1779334030.0,2,3,0.000000,s2_p3
1779334030.0,19,1,0.000000,s19_p1
1779334030.0,19,4,0.000000,s19_p4
1779334030.0,19,2,0.000000,s19_p2
1779334030.0,19,3,0.000000,s19_p3
1779334030.0,16,1,0.110985,s16_p1
1779334030.0,16,4,0.361907,s16_p4
1779334030.0,16,2,0.074794,s16_p2
1779334030.0,16,3,0.000000,s16_p3
1779334030.0,17,1,0.337810,s17_p1
1779334030.0,17,4,0.168905,s17_p4
1779334030.0,17,2,0.796266,s17_p2
1779334030.0,17,3,0.132711,s17_p3
1779334030.0,11,4,0.000000,s11_p4
1779334030.0,11,1,0.000000,s11_p1
1779334030.0,11,2,0.159387,s11_p2
1779334030.0,11,3,0.507140,s11_p3
1779334030.0,9,4,0.000000,s9_p4
1779334030.0,9,1,0.000000,s9_p1
1779334030.0,9,2,0.067562,s9_p2
1779334030.0,9,3,0.928982,s9_p3
1779334031.0,6,1,0.000000,s6_p1
1779334031.0,6,4,0.074765,s6_p4
1779334031.0,6,2,0.024118,s6_p2
1779334031.0,6,3,0.000000,s6_p3
1779334031.0,1,4,0.000000,s1_p4
1779334031.0,1,1,0.000000,s1_p1
1779334031.0,1,2,0.000000,s1_p2
1779334031.0,1,3,0.183236,s1_p3
1779334031.0,14,1,0.053085,s14_p1
1779334031.0,14,4,0.941046,s14_p4
1779334031.0,14,2,0.000000,s14_p2
1779334031.0,14,3,0.000000,s14_p3
1779334031.0,10,4,0.265313,s10_p4
1779334031.0,10,1,0.000000,s10_p1
1779334031.0,10,2,0.000000,s10_p2
1779334031.0,10,3,0.000000,s10_p3
1779334031.0,3,4,0.000000,s3_p4
1779334031.0,3,1,0.069937,s3_p1
1779334031.0,3,2,0.000000,s3_p2
1779334031.0,3,3,0.036174,s3_p3
1779334031.0,5,4,0.113330,s5_p4
1779334031.0,5,1,0.000000,s5_p1
1779334031.0,5,2,0.053048,s5_p2
1779334031.0,5,3,0.000000,s5_p3
1779334031.0,7,1,0.113338,s7_p1
1779334031.0,7,4,0.069932,s7_p4
1779334031.0,7,2,0.000000,s7_p2
1779334031.0,7,3,0.000000,s7_p3
1779334031.0,20,1,0.000000,s20_p1
1779334031.0,20,4,0.940381,s20_p4
1779334031.0,20,2,0.349629,s20_p2
1779334031.0,20,3,0.265236,s20_p3
1779334031.0,8,4,0.000000,s8_p4
1779334031.0,8,1,0.036145,s8_p1
1779334031.0,8,2,0.074699,s8_p2
1779334031.0,8,3,0.000000,s8_p3
1779334031.0,15,4,0.000000,s15_p4
1779334031.0,15,1,0.000000,s15_p1
1779334031.0,15,2,0.036143,s15_p2
1779334031.0,15,3,0.000000,s15_p3
1779334031.0,4,4,0.000000,s4_p4
1779334031.0,4,1,0.000000,s4_p1
1779334031.0,4,2,0.159068,s4_p2
1779334031.0,4,3,0.065073,s4_p3
1779334031.0,2,1,0.065101,s2_p1
1779334031.0,2,4,0.053045,s2_p4
1779334031.0,2,2,0.000000,s2_p2
1779334031.0,2,3,0.000000,s2_p3
1779334031.0,18,1,0.000000,s18_p1
1779334031.0,18,4,0.000000,s18_p4
1779334031.0,18,2,0.000000,s18_p2
1779334031.0,18,3,0.000000,s18_p3
1779334031.0,12,4,0.000000,s12_p4
1779334031.0,12,1,0.069876,s12_p1
1779334031.0,12,2,0.000000,s12_p2
1779334031.0,12,3,0.000000,s12_p3
1779334031.0,11,4,0.000000,s11_p4
1779334031.0,11,1,0.000000,s11_p1
1779334031.0,11,2,0.159150,s11_p2
1779334031.0,11,3,0.506386,s11_p3
1779334031.0,16,1,0.113324,s16_p1
1779334031.0,16,4,0.349618,s16_p4
1779334031.0,16,2,0.074746,s16_p2
1779334031.0,16,3,0.000000,s16_p3
1779334031.0,19,1,0.000000,s19_p1
1779334031.0,19,4,0.000000,s19_p4
1779334031.0,19,2,0.000000,s19_p2
1779334031.0,19,3,0.000000,s19_p3
1779334031.0,17,1,0.325396,s17_p1
1779334031.0,17,4,0.180776,s17_p4
1779334031.0,17,2,0.795414,s17_p2
1779334031.0,17,3,0.120517,s17_p3
1779334031.0,13,4,0.000000,s13_p4
1779334031.0,13,1,0.000000,s13_p1
1779334031.0,13,2,0.024083,s13_p2
1779334031.0,13,3,0.000000,s13_p3
1779334031.0,9,4,0.000000,s9_p4
1779334031.0,9,1,0.000000,s9_p1
1779334031.0,9,2,0.065079,s9_p2
1779334031.0,9,3,0.915920,s9_p3
1779334031.0,1,4,0.000000,s1_p4
1779334031.0,1,1,0.000000,s1_p1
1779334031.0,1,2,0.000000,s1_p2
1779334031.0,1,3,0.181488,s1_p3
1779334031.0,14,1,0.055651,s14_p1
1779334031.0,14,4,0.931551,s14_p4
1779334031.0,14,2,0.000000,s14_p2
1779334031.0,14,3,0.000000,s14_p3
1779334031.0,6,1,0.000000,s6_p1
1779334031.0,6,4,0.074966,s6_p4
1779334031.0,6,2,0.024183,s6_p2
1779334031.0,6,3,0.000000,s6_p3
1779334031.0,3,4,0.000000,s3_p4
1779334031.0,3,1,0.072591,s3_p1
1779334031.0,3,2,0.000000,s3_p2
1779334031.0,3,3,0.033876,s3_p3
1779334031.0,12,4,0.000000,s12_p4
1779334031.0,12,1,0.072662,s12_p1
1779334031.0,12,2,0.000000,s12_p2
1779334031.0,12,3,0.000000,s12_p3
1779334031.0,10,4,0.278055,s10_p4
1779334031.0,10,1,0.000000,s10_p1
1779334031.0,10,2,0.000000,s10_p2
1779334031.0,10,3,0.000000,s10_p3
1779334031.0,13,4,0.000000,s13_p4
1779334031.0,13,1,0.000000,s13_p1
1779334031.0,13,2,0.024229,s13_p2
1779334031.0,13,3,0.000000,s13_p3
1779334031.0,8,4,0.000000,s8_p4
1779334031.0,8,1,0.033882,s8_p1
1779334031.0,8,2,0.075025,s8_p2
1779334031.0,8,3,0.000000,s8_p3
1779334031.0,7,1,0.111317,s7_p1
1779334031.0,7,4,0.072598,s7_p4
1779334031.0,7,2,0.000000,s7_p2
1779334031.0,7,3,0.000000,s7_p3
1779334031.0,4,4,0.000000,s4_p4
1779334031.0,4,1,0.000000,s4_p1
1779334031.0,4,2,0.157388,s4_p2
1779334031.0,4,3,0.067798,s4_p3
1779334031.0,15,4,0.000000,s15_p4
1779334031.0,15,1,0.000000,s15_p1
1779334031.0,15,2,0.033880,s15_p2
1779334031.0,15,3,0.000000,s15_p3
1779334031.0,18,1,0.000000,s18_p1
1779334031.0,18,4,0.000000,s18_p4
1779334031.0,18,2,0.000000,s18_p2
1779334031.0,18,3,0.000000,s18_p3
1779334031.0,2,1,0.067764,s2_p1
1779334031.0,2,4,0.055663,s2_p4
1779334031.0,2,2,0.000000,s2_p2
1779334031.0,2,3,0.000000,s2_p3
1779334031.0,20,1,0.000000,s20_p1
1779334031.0,20,4,0.931124,s20_p4
1779334031.0,20,2,0.362776,s20_p2
1779334031.0,20,3,0.278128,s20_p3
1779334031.0,17,1,0.338958,s17_p1
1779334031.0,17,4,0.169479,s17_p4
1779334031.0,17,2,0.786868,s17_p2
1779334031.0,17,3,0.121057,s17_p3
1779334031.0,11,4,0.000000,s11_p4
1779334031.0,11,1,0.000000,s11_p1
1779334031.0,11,2,0.157310,s11_p2
1779334031.0,11,3,0.508231,s11_p3
1779334031.0,16,1,0.111327,s16_p1
1779334031.0,16,4,0.363023,s16_p4
1779334031.0,16,2,0.075025,s16_p2
1779334031.0,16,3,0.000000,s16_p3
1779334031.0,5,4,0.111225,s5_p4
1779334031.0,5,1,0.000000,s5_p1
1779334031.0,5,2,0.055612,s5_p2
1779334031.0,5,3,0.000000,s5_p3
1779334031.0,9,4,0.000000,s9_p4
1779334031.0,9,1,0.000000,s9_p1
1779334031.0,9,2,0.067779,s9_p2
1779334031.0,9,3,0.907756,s9_p3
1779334031.0,19,1,0.000000,s19_p1
1779334031.0,19,4,0.000000,s19_p4
1779334031.0,19,2,0.000000,s19_p2
1779334031.0,19,3,0.000000,s19_p3
1779334032.0,14,1,0.055458,s14_p1
1779334032.0,14,4,0.928327,s14_p4
1779334032.0,14,2,0.000000,s14_p2
1779334032.0,14,3,0.000000,s14_p3
1779334032.0,7,1,0.113326,s7_p1
1779334032.0,7,4,0.069924,s7_p4
1779334032.0,7,2,0.000000,s7_p2
1779334032.0,7,3,0.000000,s7_p3
1779334032.0,10,4,0.277242,s10_p4
1779334032.0,10,1,0.000000,s10_p1
1779334032.0,10,2,0.000000,s10_p2
1779334032.0,10,3,0.000000,s10_p3
1779334032.0,13,4,0.000000,s13_p4
1779334032.0,13,1,0.000000,s13_p1
1779334032.0,13,2,0.024108,s13_p2
1779334032.0,13,3,0.000000,s13_p3
1779334032.0,20,1,0.000000,s20_p1
1779334032.0,20,4,0.940819,s20_p4
1779334032.0,20,2,0.349792,s20_p2
1779334032.0,20,3,0.277421,s20_p3
1779334032.0,3,4,0.000000,s3_p4
1779334032.0,3,1,0.069861,s3_p1
1779334032.0,3,2,0.000000,s3_p2
1779334032.0,3,3,0.033726,s3_p3
1779334032.0,4,4,0.000000,s4_p4
1779334032.0,4,1,0.000000,s4_p1
1779334032.0,4,2,0.159111,s4_p2
1779334032.0,4,3,0.067502,s4_p3
1779334032.0,6,1,0.000000,s6_p1
1779334032.0,6,4,0.074668,s6_p4
1779334032.0,6,2,0.024086,s6_p2
1779334032.0,6,3,0.000000,s6_p3
1779334032.0,8,4,0.000000,s8_p4
1779334032.0,8,1,0.033746,s8_p1
1779334032.0,8,2,0.074722,s8_p2
1779334032.0,8,3,0.000000,s8_p3
1779334032.0,15,4,0.000000,s15_p4
1779334032.0,15,1,0.000000,s15_p1
1779334032.0,15,2,0.033746,s15_p2
1779334032.0,15,3,0.000000,s15_p3
1779334032.0,11,4,0.000000,s11_p4
1779334032.0,11,1,0.000000,s11_p1
1779334032.0,11,2,0.159081,s11_p2
1779334032.0,11,3,0.506167,s11_p3
1779334032.0,16,1,0.113280,s16_p1
1779334032.0,16,4,0.349481,s16_p4
1779334032.0,16,2,0.074717,s16_p2
1779334032.0,16,3,0.000000,s16_p3
1779334032.0,5,4,0.113279,s5_p4
1779334032.0,5,1,0.000000,s5_p1
1779334032.0,5,2,0.055434,s5_p2
1779334032.0,5,3,0.000000,s5_p3
1779334032.0,17,1,0.337390,s17_p1
1779334032.0,17,4,0.168695,s17_p4
1779334032.0,17,2,0.795277,s17_p2
1779334032.0,17,3,0.120496,s17_p3
1779334032.0,9,4,0.000000,s9_p4
1779334032.0,9,1,0.000000,s9_p1
1779334032.0,9,2,0.067493,s9_p2
1779334032.0,9,3,0.915977,s9_p3
1779334032.0,12,4,0.000000,s12_p4
1779334032.0,12,1,0.069829,s12_p1
1779334032.0,12,2,0.000000,s12_p2
1779334032.0,12,3,0.000000,s12_p3
1779334032.0,18,1,0.000000,s18_p1
1779334032.0,18,4,0.000000,s18_p4
1779334032.0,18,2,0.000000,s18_p2
1779334032.0,18,3,0.000000,s18_p3
1779334032.0,19,1,0.000000,s19_p1
1779334032.0,19,4,0.000000,s19_p4
1779334032.0,19,2,0.000000,s19_p2
1779334032.0,19,3,0.000000,s19_p3
1779334032.0,1,4,0.000000,s1_p4
1779334032.0,1,1,0.000000,s1_p1
1779334032.0,1,2,0.000000,s1_p2
1779334032.0,1,3,0.182770,s1_p3
1779334032.0,2,1,0.067461,s2_p1
1779334032.0,2,4,0.055414,s2_p4
1779334032.0,2,2,0.000000,s2_p2
1779334032.0,2,3,0.000000,s2_p3
1779334032.0,19,1,0.000000,s19_p1
1779334032.0,19,4,0.000000,s19_p4
1779334032.0,19,2,0.000000,s19_p2
1779334032.0,19,3,0.000000,s19_p3
1779334032.0,3,4,0.000000,s3_p4
1779334032.0,3,1,0.072504,s3_p1
1779334032.0,3,2,0.000000,s3_p2
1779334032.0,3,3,0.036252,s3_p3
1779334032.0,14,1,0.055508,s14_p1
1779334032.0,14,4,0.941222,s14_p4
1779334032.0,14,2,0.000000,s14_p2
1779334032.0,14,3,0.000000,s14_p3
1779334032.0,1,4,0.000000,s1_p4
1779334032.0,1,1,0.000000,s1_p1
1779334032.0,1,2,0.000000,s1_p2
1779334032.0,1,3,0.186294,s1_p3
1779334032.0,6,1,0.000000,s6_p1
1779334032.0,6,4,0.074918,s6_p4
1779334032.0,6,2,0.026584,s6_p2
1779334032.0,6,3,0.000000,s6_p3
1779334032.0,10,4,0.277805,s10_p4
1779334032.0,10,1,0.000000,s10_p1
1779334032.0,10,2,0.000000,s10_p2
1779334032.0,10,3,0.000000,s10_p3
1779334032.0,7,1,0.111106,s7_p1
1779334032.0,7,4,0.072460,s7_p4
1779334032.0,7,2,0.000000,s7_p2
1779334032.0,7,3,0.000000,s7_p3
1779334032.0,15,4,0.000000,s15_p4
1779334032.0,15,1,0.000000,s15_p1
1779334032.0,15,2,0.036236,s15_p2
1779334032.0,15,3,0.000000,s15_p3
1779334032.0,8,4,0.000000,s8_p4
1779334032.0,8,1,0.036227,s8_p1
1779334032.0,8,2,0.074869,s8_p2
1779334032.0,8,3,0.000000,s8_p3
1779334032.0,13,4,0.000000,s13_p4
1779334032.0,13,1,0.000000,s13_p1
1779334032.0,13,2,0.026561,s13_p2
1779334032.0,13,3,0.000000,s13_p3
1779334032.0,18,1,0.000000,s18_p1
1779334032.0,18,4,0.000000,s18_p4
1779334032.0,18,2,0.000000,s18_p2
1779334032.0,18,3,0.000000,s18_p3
1779334032.0,2,1,0.065233,s2_p1
1779334032.0,2,4,0.055569,s2_p4
1779334032.0,2,2,0.000000,s2_p2
1779334032.0,2,3,0.000000,s2_p3
1779334032.0,12,4,0.000000,s12_p4
1779334032.0,12,1,0.072468,s12_p1
1779334032.0,12,2,0.000000,s12_p2
1779334032.0,12,3,0.000000,s12_p3
1779334032.0,17,1,0.326080,s17_p1
1779334032.0,17,4,0.181156,s17_p4
1779334032.0,17,2,0.797086,s17_p2
1779334032.0,17,3,0.132848,s17_p3
1779334032.0,4,4,0.000000,s4_p4
1779334032.0,4,1,0.000000,s4_p1
1779334032.0,4,2,0.159257,s4_p2
1779334032.0,4,3,0.065151,s4_p3
1779334032.0,16,1,0.111092,s16_p1
1779334032.0,16,4,0.362258,s16_p4
1779334032.0,16,2,0.074867,s16_p2
1779334032.0,16,3,0.000000,s16_p3
1779334032.0,20,1,0.000000,s20_p1
1779334032.0,20,4,0.928639,s20_p4
1779334032.0,20,2,0.361807,s20_p2
1779334032.0,20,3,0.277386,s20_p3
1779334032.0,9,4,0.000000,s9_p4
1779334032.0,9,1,0.000000,s9_p1
1779334032.0,9,2,0.065191,s9_p2
1779334032.0,9,3,0.929574,s9_p3
1779334032.0,11,4,0.000000,s11_p4
1779334032.0,11,1,0.000000,s11_p1
1779334032.0,11,2,0.159323,s11_p2
1779334032.0,11,3,0.506936,s11_p3
1779334032.0,5,4,0.111047,s5_p4
1779334032.0,5,1,0.000000,s5_p1
1779334032.0,5,2,0.055524,s5_p2
1779334032.0,5,3,0.000000,s5_p3
1779334033.0,6,1,0.000000,s6_p1
1779334033.0,6,4,0.072459,s6_p4
1779334033.0,6,2,0.024153,s6_p2
1779334033.0,6,3,0.060382,s6_p3
1779334033.0,14,1,0.053126,s14_p1
1779334033.0,14,4,0.917622,s14_p4
1779334033.0,14,2,0.000000,s14_p2
1779334033.0,14,3,0.000000,s14_p3
1779334033.0,19,1,0.000000,s19_p1
1779334033.0,19,4,0.000000,s19_p4
1779334033.0,19,2,0.000000,s19_p2
1779334033.0,19,3,0.000000,s19_p3
1779334033.0,1,4,0.021733,s1_p4
1779334033.0,1,1,0.050709,s1_p1
1779334033.0,1,2,0.000000,s1_p2
1779334033.0,1,3,0.181104,s1_p3
1779334033.0,15,4,0.000000,s15_p4
1779334033.0,15,1,0.016898,s15_p1
1779334033.0,15,2,0.067592,s15_p2
1779334033.0,15,3,0.398311,s15_p3
1779334033.0,4,4,0.000000,s4_p4
1779334033.0,4,1,0.000000,s4_p1
1779334033.0,4,2,0.186045,s4_p2
1779334033.0,4,3,0.135306,s4_p3
1779334033.0,10,4,0.374032,s10_p4
1779334033.0,10,1,0.000000,s10_p1
1779334033.0,10,2,0.000000,s10_p2
1779334033.0,10,3,0.000000,s10_p3
1779334033.0,20,1,0.000000,s20_p1
1779334033.0,20,4,0.978825,s20_p4
1779334033.0,20,2,0.350444,s20_p2
1779334033.0,20,3,0.265854,s20_p3
1779334033.0,13,4,0.000000,s13_p4
1779334033.0,13,1,0.079668,s13_p1
1779334033.0,13,2,0.024142,s13_p2
1779334033.0,13,3,0.543189,s13_p3
1779334033.0,8,4,0.000000,s8_p4
1779334033.0,8,1,0.024140,s8_p1
1779334033.0,8,2,0.113460,s8_p2
1779334033.0,8,3,0.079664,s8_p3
1779334033.0,3,4,0.000000,s3_p4
1779334033.0,3,1,0.069946,s3_p1
1779334033.0,3,2,0.000000,s3_p2
1779334033.0,3,3,0.159188,s3_p3
1779334033.0,7,1,0.125471,s7_p1
1779334033.0,7,4,0.069974,s7_p4
1779334033.0,7,2,0.016890,s7_p2
1779334033.0,7,3,0.000000,s7_p3
1779334033.0,2,1,0.077259,s2_p1
1779334033.0,2,4,0.053116,s2_p4
1779334033.0,2,2,0.012072,s2_p2
1779334033.0,2,3,0.000000,s2_p3
1779334033.0,9,4,0.000000,s9_p4
1779334033.0,9,1,0.050723,s9_p1
1779334033.0,9,2,0.089368,s9_p2
1779334033.0,9,3,0.905759,s9_p3
1779334033.0,18,1,0.000000,s18_p1
1779334033.0,18,4,0.000000,s18_p4
1779334033.0,18,2,0.000000,s18_p2
1779334033.0,18,3,0.000000,s18_p3
1779334033.0,12,4,0.000000,s12_p4
1779334033.0,12,1,0.070011,s12_p1
1779334033.0,12,2,0.000000,s12_p2
1779334033.0,12,3,0.000000,s12_p3
1779334033.0,17,1,0.700093,s17_p1
1779334033.0,17,4,0.422470,s17_p4
1779334033.0,17,2,0.929434,s17_p2
1779334033.0,17,3,0.519035,s17_p3
1779334033.0,11,4,0.000000,s11_p4
1779334033.0,11,1,0.000000,s11_p1
1779334033.0,11,2,0.185964,s11_p2
1779334033.0,11,3,0.821142,s11_p3
1779334033.0,16,1,0.125536,s16_p1
1779334033.0,16,4,0.350051,s16_p4
1779334033.0,16,2,0.070010,s16_p2
1779334033.0,16,3,0.000000,s16_p3
1779334033.0,5,4,0.111097,s5_p4
1779334033.0,5,1,0.000000,s5_p1
1779334033.0,5,2,0.132834,s5_p2
1779334033.0,5,3,0.048303,s5_p3
1779334033.0,19,1,0.000000,s19_p1
1779334033.0,19,4,0.000000,s19_p4
1779334033.0,19,2,0.000000,s19_p2
1779334033.0,19,3,0.000000,s19_p3
1779334033.0,6,1,0.000000,s6_p1
1779334033.0,6,4,0.074916,s6_p4
1779334033.0,6,2,0.024166,s6_p2
1779334033.0,6,3,0.096666,s6_p3
1779334033.0,10,4,0.435274,s10_p4
1779334033.0,10,1,0.000000,s10_p1
1779334033.0,10,2,0.000000,s10_p2
1779334033.0,10,3,0.000000,s10_p3
1779334033.0,14,1,0.055559,s14_p1
1779334033.0,14,4,0.942085,s14_p4
1779334033.0,14,2,0.000000,s14_p2
1779334033.0,14,3,0.000000,s14_p3
1779334033.0,3,4,0.000000,s3_p4
1779334033.0,3,1,0.072546,s3_p1
1779334033.0,3,2,0.000000,s3_p2
1779334033.0,3,3,0.241820,s3_p3
1779334033.0,1,4,0.031402,s1_p4
1779334033.0,1,1,0.077296,s1_p1
1779334033.0,1,2,0.000000,s1_p2
1779334033.0,1,3,0.183579,s1_p3
1779334033.0,18,1,0.000000,s18_p1
1779334033.0,18,4,0.000000,s18_p4
1779334033.0,18,2,0.000000,s18_p2
1779334033.0,18,3,0.000000,s18_p3
1779334033.0,8,4,0.000000,s8_p4
1779334033.0,8,1,0.009663,s8_p1
1779334033.0,8,2,0.137704,s8_p2
1779334033.0,8,3,0.142536,s8_p3
1779334033.0,12,4,0.000000,s12_p4
1779334033.0,12,1,0.072523,s12_p1
1779334033.0,12,2,0.000000,s12_p2
1779334033.0,12,3,0.000000,s12_p3
1779334033.0,13,4,0.000000,s13_p4
1779334033.0,13,1,0.142522,s13_p1
1779334033.0,13,2,0.024156,s13_p2
1779334033.0,13,3,0.857550,s13_p3
1779334033.0,15,4,0.000000,s15_p4
1779334033.0,15,1,0.026567,s15_p1
1779334033.0,15,2,0.079701,s15_p2
1779334033.0,15,3,0.712478,s15_p3
1779334033.0,20,1,0.000000,s20_p1
1779334033.0,20,4,0.990344,s20_p4
1779334033.0,20,2,0.362321,s20_p2
1779334033.0,20,3,0.277779,s20_p3
1779334033.0,4,4,0.000000,s4_p4
1779334033.0,4,1,0.000000,s4_p1
1779334033.0,4,2,0.198052,s4_p2
1779334033.0,4,3,0.190806,s4_p3
1779334033.0,7,1,0.130446,s7_p1
1779334033.0,7,4,0.072470,s7_p4
1779334033.0,7,2,0.026572,s7_p2
1779334033.0,7,3,0.000000,s7_p3
1779334033.0,2,1,0.091804,s2_p1
1779334033.0,2,4,0.055566,s2_p4
1779334033.0,2,2,0.021743,s2_p2
1779334033.0,2,3,0.000000,s2_p3
1779334033.0,5,4,0.113567,s5_p4
1779334033.0,5,1,0.000000,s5_p1
1779334033.0,5,2,0.198138,s5_p2
1779334033.0,5,3,0.074906,s5_p3
1779334033.0,17,1,0.954340,s17_p1
1779334033.0,17,4,0.531531,s17_p4
1779334033.0,17,2,0.990581,s17_p2
1779334033.0,17,3,0.833538,s17_p3
1779334033.0,9,4,0.000000,s9_p4
1779334033.0,9,1,0.077303,s9_p1
1779334033.0,9,2,0.113538,s9_p2
1779334033.0,9,3,0.917969,s9_p3
1779334033.0,11,4,0.000000,s11_p4
1779334033.0,11,1,0.000000,s11_p1
1779334033.0,11,2,0.200523,s11_p2
1779334033.0,11,3,1.000000,s11_p3
1779334033.0,16,1,0.130458,s16_p1
1779334033.0,16,4,0.362383,s16_p4
1779334033.0,16,2,0.067645,s16_p2
1779334033.0,16,3,0.000000,s16_p3
1779334034.0,8,4,0.000544,s8_p4
1779334034.0,8,1,0.021778,s8_p1
1779334034.0,8,2,0.104365,s8_p2
1779334034.0,8,3,0.144125,s8_p3
1779334034.0,19,1,0.000000,s19_p1
1779334034.0,19,4,0.000000,s19_p4
1779334034.0,19,2,0.000000,s19_p2
1779334034.0,19,3,0.000000,s19_p3
1779334034.0,14,1,0.007794,s14_p1
1779334034.0,14,4,0.303470,s14_p4
1779334034.0,14,2,0.000543,s14_p2
1779334034.0,14,3,0.000000,s14_p3
1779334034.0,6,1,0.000543,s6_p1
1779334034.0,6,4,0.026544,s6_p4
1779334034.0,6,2,0.007239,s6_p2
1779334034.0,6,3,0.094699,s6_p3
1779334034.0,15,4,0.000000,s15_p4
1779334034.0,15,1,0.026902,s15_p1
1779334034.0,15,2,0.089740,s15_p2
1779334034.0,15,3,0.719768,s15_p3
1779334034.0,12,4,0.013809,s12_p4
1779334034.0,12,1,0.035731,s12_p1
1779334034.0,12,2,0.000000,s12_p2
1779334034.0,12,3,0.000000,s12_p3
1779334034.0,3,4,0.002443,s3_p4
1779334034.0,3,1,0.035697,s3_p1
1779334034.0,3,2,0.000543,s3_p2
1779334034.0,3,3,0.294856,s3_p3
1779334034.0,13,4,0.000000,s13_p4
1779334034.0,13,1,0.142581,s13_p1
1779334034.0,13,2,0.007250,s13_p2
1779334034.0,13,3,0.838258,s13_p3
1779334034.0,18,1,0.000000,s18_p1
1779334034.0,18,4,0.000000,s18_p4
1779334034.0,18,2,0.000000,s18_p2
1779334034.0,18,3,0.000000,s18_p3
1779334034.0,5,4,0.034122,s5_p4
1779334034.0,5,1,0.000544,s5_p1
1779334034.0,5,2,0.149906,s5_p2
1779334034.0,5,3,0.075270,s5_p3
1779334034.0,10,4,0.193105,s10_p4
1779334034.0,10,1,0.000000,s10_p1
1779334034.0,10,2,0.000587,s10_p2
1779334034.0,10,3,0.000000,s10_p3
1779334034.0,20,1,0.002941,s20_p1
1779334034.0,20,4,0.628444,s20_p4
1779334034.0,20,2,0.178651,s20_p2
1779334034.0,20,3,0.041682,s20_p3
1779334034.0,1,4,0.031384,s1_p4
1779334034.0,1,1,0.082081,s1_p1
1779334034.0,1,2,0.000271,s1_p2
1779334034.0,1,3,0.125536,s1_p3
1779334034.0,7,1,0.087312,s7_p1
1779334034.0,7,4,0.036274,s7_p4
1779334034.0,7,2,0.029027,s7_p2
1779334034.0,7,3,0.000000,s7_p3
1779334034.0,4,4,0.000316,s4_p4
1779334034.0,4,1,0.000543,s4_p1
1779334034.0,4,2,0.200566,s4_p2
1779334034.0,4,3,0.219926,s4_p3
1779334034.0,2,1,0.080066,s2_p1
1779334034.0,2,4,0.007250,s2_p4
1779334034.0,2,2,0.017188,s2_p2
1779334034.0,2,3,0.001902,s2_p3
1779334034.0,17,1,0.895543,s17_p1
1779334034.0,17,4,0.583176,s17_p4
1779334034.0,17,2,1.000000,s17_p2
1779334034.0,17,3,0.749181,s17_p3
1779334034.0,11,4,0.000000,s11_p4
1779334034.0,11,1,0.000543,s11_p1
1779334034.0,11,2,0.198724,s11_p2
1779334034.0,11,3,1.000000,s11_p3
1779334034.0,16,1,0.089454,s16_p1
1779334034.0,16,4,0.184112,s16_p4
1779334034.0,16,2,0.036253,s16_p2
1779334034.0,16,3,0.000000,s16_p3
1779334034.0,9,4,0.000000,s9_p4
1779334034.0,9,1,0.082434,s9_p1
1779334034.0,9,2,0.096662,s9_p2
1779334034.0,9,3,0.637810,s9_p3
1779334034.0,1,4,0.031456,s1_p4
1779334034.0,1,1,0.089528,s1_p1
1779334034.0,1,2,0.000000,s1_p2
1779334034.0,1,3,0.118565,s1_p3
1779334034.0,6,1,0.000000,s6_p1
1779334034.0,6,4,0.000000,s6_p4
1779334034.0,6,2,0.000000,s6_p2
1779334034.0,6,3,0.096747,s6_p3
1779334034.0,10,4,0.157240,s10_p4
1779334034.0,10,1,0.000000,s10_p1
1779334034.0,10,2,0.001584,s10_p2
1779334034.0,10,3,0.000000,s10_p3
1779334034.0,15,4,0.000000,s15_p4
1779334034.0,15,1,0.026589,s15_p1
1779334034.0,15,2,0.080401,s15_p2
1779334034.0,15,3,0.718516,s15_p3
1779334034.0,14,1,0.000000,s14_p1
1779334034.0,14,4,0.000000,s14_p4
1779334034.0,14,2,0.000000,s14_p2
1779334034.0,14,3,0.000000,s14_p3
1779334034.0,8,4,0.000000,s8_p4
1779334034.0,8,1,0.010288,s8_p1
1779334034.0,8,2,0.070003,s8_p2
1779334034.0,8,3,0.143505,s8_p3
1779334034.0,13,4,0.000000,s13_p4
1779334034.0,13,1,0.142609,s13_p1
1779334034.0,13,2,0.000000,s13_p2
1779334034.0,13,3,0.858071,s13_p3
1779334034.0,7,1,0.031425,s7_p1
1779334034.0,7,4,0.000000,s7_p4
1779334034.0,7,2,0.026591,s7_p2
1779334034.0,7,3,0.000000,s7_p3
1779334034.0,3,4,0.000000,s3_p4
1779334034.0,3,1,0.000000,s3_p1
1779334034.0,3,2,0.001902,s3_p2
1779334034.0,3,3,0.209440,s3_p3
1779334034.0,18,1,0.000000,s18_p1
1779334034.0,18,4,0.000000,s18_p4
1779334034.0,18,2,0.000000,s18_p2
1779334034.0,18,3,0.000000,s18_p3
1779334034.0,16,1,0.031413,s16_p1
1779334034.0,16,4,0.000000,s16_p4
1779334034.0,16,2,0.000000,s16_p2
1779334034.0,16,3,0.000000,s16_p3
1779334034.0,12,4,0.007905,s12_p4
1779334034.0,12,1,0.000000,s12_p1
1779334034.0,12,2,0.000000,s12_p2
1779334034.0,12,3,0.000000,s12_p3
1779334034.0,11,4,0.000000,s11_p4
1779334034.0,11,1,0.001902,s11_p1
1779334034.0,11,2,0.197068,s11_p2
1779334034.0,11,3,0.993794,s11_p3
1779334034.0,4,4,0.001581,s4_p4
1779334034.0,4,1,0.001358,s4_p1
1779334034.0,4,2,0.195621,s4_p2
1779334034.0,4,3,0.120754,s4_p3
1779334034.0,20,1,0.007906,s20_p1
1779334034.0,20,4,0.156964,s20_p4
1779334034.0,20,2,0.000000,s20_p2
1779334034.0,20,3,0.000000,s20_p3
1779334034.0,5,4,0.000000,s5_p4
1779334034.0,5,1,0.000000,s5_p1
1779334034.0,5,2,0.142465,s5_p2
1779334034.0,5,3,0.072440,s5_p3
1779334034.0,17,1,0.942140,s17_p1
1779334034.0,17,4,0.534627,s17_p4
1779334034.0,17,2,0.994673,s17_p2
1779334034.0,17,3,0.712645,s17_p3
1779334034.0,9,4,0.000000,s9_p4
1779334034.0,9,1,0.091781,s9_p1
1779334034.0,9,2,0.099027,s9_p2
1779334034.0,9,3,0.591747,s9_p3
1779334034.0,19,1,0.000000,s19_p1
1779334034.0,19,4,0.000000,s19_p4
1779334034.0,19,2,0.000000,s19_p2
1779334034.0,19,3,0.000000,s19_p3
1779334034.0,2,1,0.064361,s2_p1
1779334034.0,2,4,0.000000,s2_p4
1779334034.0,2,2,0.036219,s2_p2
1779334034.0,2,3,0.000000,s2_p3
1779334035.0,1,4,0.031310,s1_p4
1779334035.0,1,1,0.098746,s1_p1
1779334035.0,1,2,0.000000,s1_p2
1779334035.0,1,3,0.118014,s1_p3
1779334035.0,14,1,0.000000,s14_p1
1779334035.0,14,4,0.000000,s14_p4
1779334035.0,14,2,0.000000,s14_p2
1779334035.0,14,3,0.000000,s14_p3
1779334035.0,6,1,0.000000,s6_p1
1779334035.0,6,4,0.000000,s6_p4
1779334035.0,6,2,0.000000,s6_p2
1779334035.0,6,3,0.093927,s6_p3
1779334035.0,13,4,0.000000,s13_p4
1779334035.0,13,1,0.142088,s13_p1
1779334035.0,13,2,0.000000,s13_p2
1779334035.0,13,3,0.842897,s13_p3
1779334035.0,10,4,0.156402,s10_p4
1779334035.0,10,1,0.000000,s10_p1
1779334035.0,10,2,0.000000,s10_p2
1779334035.0,10,3,0.000000,s10_p3
1779334035.0,3,4,0.000000,s3_p4
1779334035.0,3,1,0.000000,s3_p1
1779334035.0,3,2,0.000000,s3_p2
1779334035.0,3,3,0.202272,s3_p3
1779334035.0,8,4,0.000000,s8_p4
1779334035.0,8,1,0.000000,s8_p1
1779334035.0,8,2,0.067417,s8_p2
1779334035.0,8,3,0.142057,s8_p3
1779334035.0,15,4,0.000000,s15_p4
1779334035.0,15,1,0.026482,s15_p1
1779334035.0,15,2,0.067409,s15_p2
1779334035.0,15,3,0.710198,s15_p3
1779334035.0,7,1,0.031301,s7_p1
1779334035.0,7,4,0.000000,s7_p4
1779334035.0,7,2,0.026485,s7_p2
1779334035.0,7,3,0.000000,s7_p3
1779334035.0,4,4,0.000000,s4_p4
1779334035.0,4,1,0.000000,s4_p1
1779334035.0,4,2,0.199869,s4_p2
1779334035.0,4,3,0.122811,s4_p3
1779334035.0,11,4,0.000000,s11_p4
1779334035.0,11,1,0.000000,s11_p1
1779334035.0,11,2,0.199846,s11_p2
1779334035.0,11,3,1.000000,s11_p3
1779334035.0,5,4,0.000000,s5_p4
1779334035.0,5,1,0.000000,s5_p1
1779334035.0,5,2,0.142069,s5_p2
1779334035.0,5,3,0.074646,s5_p3
1779334035.0,2,1,0.086723,s2_p1
1779334035.0,2,4,0.000000,s2_p4
1779334035.0,2,2,0.014454,s2_p2
1779334035.0,2,3,0.000000,s2_p3
1779334035.0,16,1,0.031297,s16_p1
1779334035.0,16,4,0.000000,s16_p4
1779334035.0,16,2,0.000000,s16_p2
1779334035.0,16,3,0.000000,s16_p3
1779334035.0,12,4,0.000000,s12_p4
1779334035.0,12,1,0.000000,s12_p1
1779334035.0,12,2,0.000000,s12_p2
1779334035.0,12,3,0.000000,s12_p3
1779334035.0,20,1,0.000000,s20_p1
1779334035.0,20,4,0.156497,s20_p4
1779334035.0,20,2,0.000000,s20_p2
1779334035.0,20,3,0.000000,s20_p3
1779334035.0,18,1,0.000000,s18_p1
1779334035.0,18,4,0.000000,s18_p4
1779334035.0,18,2,0.000000,s18_p2
1779334035.0,18,3,0.000000,s18_p3
1779334035.0,17,1,1.000000,s17_p1
1779334035.0,17,4,0.469382,s17_p4
1779334035.0,17,2,0.998941,s17_p2
1779334035.0,17,3,0.710091,s17_p3
1779334035.0,19,1,0.000000,s19_p1
1779334035.0,19,4,0.000000,s19_p4
1779334035.0,19,2,0.000000,s19_p2
1779334035.0,19,3,0.000000,s19_p3
1779334035.0,9,4,0.000000,s9_p4
1779334035.0,9,1,0.098711,s9_p1
1779334035.0,9,2,0.101119,s9_p2
1779334035.0,9,3,0.589860,s9_p3
1779334035.0,1,4,0.028945,s1_p4
1779334035.0,1,1,0.094073,s1_p1
1779334035.0,1,2,0.000000,s1_p2
1779334035.0,1,3,0.118194,s1_p3
1779334035.0,14,1,0.000000,s14_p1
1779334035.0,14,4,0.000000,s14_p4
1779334035.0,14,2,0.000000,s14_p2
1779334035.0,14,3,0.000000,s14_p3
1779334035.0,19,1,0.000000,s19_p1
1779334035.0,19,4,0.000000,s19_p4
1779334035.0,19,2,0.000000,s19_p2
1779334035.0,19,3,0.000000,s19_p3
1779334035.0,7,1,0.028945,s7_p1
1779334035.0,7,4,0.000000,s7_p4
1779334035.0,7,2,0.026533,s7_p2
1779334035.0,7,3,0.000000,s7_p3
1779334035.0,10,4,0.144699,s10_p4
1779334035.0,10,1,0.000000,s10_p1
1779334035.0,10,2,0.000000,s10_p2
1779334035.0,10,3,0.000000,s10_p3
1779334035.0,13,4,0.000000,s13_p4
1779334035.0,13,1,0.142267,s13_p1
1779334035.0,13,2,0.000000,s13_p2
1779334035.0,13,3,0.856016,s13_p3
1779334035.0,3,4,0.000000,s3_p4
1779334035.0,3,1,0.000000,s3_p1
1779334035.0,3,2,0.000000,s3_p2
1779334035.0,3,3,0.207402,s3_p3
1779334035.0,6,1,0.000000,s6_p1
1779334035.0,6,4,0.000000,s6_p4
1779334035.0,6,2,0.000000,s6_p2
1779334035.0,6,3,0.096367,s6_p3
1779334035.0,15,4,0.000000,s15_p4
1779334035.0,15,1,0.026528,s15_p1
1779334035.0,15,2,0.069937,s15_p2
1779334035.0,15,3,0.711423,s15_p3
1779334035.0,8,4,0.000000,s8_p4
1779334035.0,8,1,0.000000,s8_p1
1779334035.0,8,2,0.069932,s8_p2
1779334035.0,8,3,0.142276,s8_p3
1779334035.0,16,1,0.028944,s16_p1
1779334035.0,16,4,0.000000,s16_p4
1779334035.0,16,2,0.000000,s16_p2
1779334035.0,16,3,0.000000,s16_p3
1779334035.0,4,4,0.000000,s4_p4
1779334035.0,4,1,0.000000,s4_p1
1779334035.0,4,2,0.200133,s4_p2
1779334035.0,4,3,0.122973,s4_p3
1779334035.0,11,4,0.000000,s11_p4
1779334035.0,11,1,0.000000,s11_p1
1779334035.0,11,2,0.200145,s11_p2
1779334035.0,11,3,0.988666,s11_p3
1779334035.0,12,4,0.000000,s12_p4
1779334035.0,12,1,0.000000,s12_p1
1779334035.0,12,2,0.000000,s12_p2
1779334035.0,12,3,0.000000,s12_p3
1779334035.0,18,1,0.000000,s18_p1
1779334035.0,18,4,0.000000,s18_p4
1779334035.0,18,2,0.000000,s18_p2
1779334035.0,18,3,0.000000,s18_p3
1779334035.0,5,4,0.000000,s5_p4
1779334035.0,5,1,0.000000,s5_p1
1779334035.0,5,2,0.142268,s5_p2
1779334035.0,5,3,0.074751,s5_p3
1779334035.0,20,1,0.000000,s20_p1
1779334035.0,20,4,0.144689,s20_p4
1779334035.0,20,2,0.000000,s20_p2
1779334035.0,20,3,0.000000,s20_p3
1779334035.0,17,1,0.988999,s17_p1
1779334035.0,17,4,0.482439,s17_p4
1779334035.0,17,2,1.000000,s17_p2
1779334035.0,17,3,0.711597,s17_p3
1779334035.0,2,1,0.077159,s2_p1
1779334035.0,2,4,0.000000,s2_p4
1779334035.0,2,2,0.028935,s2_p2
1779334035.0,2,3,0.000000,s2_p3
1779334035.0,9,4,0.000000,s9_p4
1779334035.0,9,1,0.091667,s9_p1
1779334035.0,9,2,0.106140,s9_p2
1779334035.0,9,3,0.591009,s9_p3
1779334036.0,19,1,0.000000,s19_p1
1779334036.0,19,4,0.000000,s19_p4
1779334036.0,19,2,0.000000,s19_p2
1779334036.0,19,3,0.000000,s19_p3
1779334036.0,14,1,0.000000,s14_p1
1779334036.0,14,4,0.000000,s14_p4
1779334036.0,14,2,0.000000,s14_p2
1779334036.0,14,3,0.000000,s14_p3
1779334036.0,1,4,0.031465,s1_p4
1779334036.0,1,1,0.108917,s1_p1
1779334036.0,1,2,0.000000,s1_p2
1779334036.0,1,3,0.024204,s1_p3
1779334036.0,10,4,0.157532,s10_p4
1779334036.0,10,1,0.000000,s10_p1
1779334036.0,10,2,0.000000,s10_p2
1779334036.0,10,3,0.000000,s10_p3
1779334036.0,6,1,0.000000,s6_p1
1779334036.0,6,4,0.000000,s6_p4
1779334036.0,6,2,0.000000,s6_p2
1779334036.0,6,3,0.096943,s6_p3
1779334036.0,13,4,0.000000,s13_p4
1779334036.0,13,1,0.142920,s13_p1
1779334036.0,13,2,0.000000,s13_p2
1779334036.0,13,3,0.859940,s13_p3
1779334036.0,7,1,0.031486,s7_p1
1779334036.0,7,4,0.000000,s7_p4
1779334036.0,7,2,0.029064,s7_p2
1779334036.0,7,3,0.000000,s7_p3
1779334036.0,3,4,0.000000,s3_p4
1779334036.0,3,1,0.000000,s3_p1
1779334036.0,3,2,0.000000,s3_p2
1779334036.0,3,3,0.205884,s3_p3
1779334036.0,5,4,0.000000,s5_p4
1779334036.0,5,1,0.000000,s5_p1
1779334036.0,5,2,0.143072,s5_p2
1779334036.0,5,3,0.075173,s5_p3
1779334036.0,15,4,0.000000,s15_p4
1779334036.0,15,1,0.029067,s15_p1
1779334036.0,15,2,0.067823,s15_p2
1779334036.0,15,3,0.714564,s15_p3
1779334036.0,12,4,0.000000,s12_p4
1779334036.0,12,1,0.000000,s12_p1
1779334036.0,12,2,0.000000,s12_p2
1779334036.0,12,3,0.000000,s12_p3
1779334036.0,18,1,0.000000,s18_p1
1779334036.0,18,4,0.000000,s18_p4
1779334036.0,18,2,0.000000,s18_p2
1779334036.0,18,3,0.000000,s18_p3
1779334036.0,8,4,0.000000,s8_p4
1779334036.0,8,1,0.000000,s8_p1
1779334036.0,8,2,0.067780,s8_p2
1779334036.0,8,3,0.142822,s8_p3
1779334036.0,20,1,0.000000,s20_p1
1779334036.0,20,4,0.157512,s20_p4
1779334036.0,20,2,0.000000,s20_p2
1779334036.0,20,3,0.000000,s20_p3
1779334036.0,17,1,1.000000,s17_p1
1779334036.0,17,4,0.484641,s17_p4
1779334036.0,17,2,0.642149,s17_p2
1779334036.0,17,3,0.714845,s17_p3
1779334036.0,2,1,0.072695,s2_p1
1779334036.0,2,4,0.000000,s2_p4
1779334036.0,2,2,0.019385,s2_p2
1779334036.0,2,3,0.000000,s2_p3
1779334036.0,4,4,0.000000,s4_p4
1779334036.0,4,1,0.000000,s4_p1
1779334036.0,4,2,0.128403,s4_p2
1779334036.0,4,3,0.123557,s4_p3
1779334036.0,16,1,0.031483,s16_p1
1779334036.0,16,4,0.000000,s16_p4
1779334036.0,16,2,0.000000,s16_p2
1779334036.0,16,3,0.000000,s16_p3
1779334036.0,9,4,0.000000,s9_p4
1779334036.0,9,1,0.109010,s9_p1
1779334036.0,9,2,0.092053,s9_p2
1779334036.0,9,3,0.121122,s9_p3
1779334036.0,11,4,0.000000,s11_p4
1779334036.0,11,1,0.000000,s11_p1
1779334036.0,11,2,0.128365,s11_p2
1779334036.0,11,3,1.000000,s11_p3
1779334036.0,19,1,0.000000,s19_p1
1779334036.0,19,4,0.000000,s19_p4
1779334036.0,19,2,0.000000,s19_p2
1779334036.0,19,3,0.000000,s19_p3
1779334036.0,6,1,0.000000,s6_p1
1779334036.0,6,4,0.000000,s6_p4
1779334036.0,6,2,0.000000,s6_p2
1779334036.0,6,3,0.096615,s6_p3
1779334036.0,14,1,0.000000,s14_p1
1779334036.0,14,4,0.000000,s14_p4
1779334036.0,14,2,0.000000,s14_p2
1779334036.0,14,3,0.000000,s14_p3
1779334036.0,3,4,0.000000,s3_p4
1779334036.0,3,1,0.000000,s3_p1
1779334036.0,3,2,0.000000,s3_p2
1779334036.0,3,3,0.207694,s3_p3
1779334036.0,1,4,0.031373,s1_p4
1779334036.0,1,1,0.101359,s1_p1
1779334036.0,1,2,0.000000,s1_p2
1779334036.0,1,3,0.000000,s1_p3
1779334036.0,10,4,0.156863,s10_p4
1779334036.0,10,1,0.000000,s10_p1
1779334036.0,10,2,0.000000,s10_p2
1779334036.0,10,3,0.000000,s10_p3
1779334036.0,8,4,0.000000,s8_p4
1779334036.0,8,1,0.000000,s8_p1
1779334036.0,8,2,0.070074,s8_p2
1779334036.0,8,3,0.142564,s8_p3
1779334036.0,15,4,0.000000,s15_p4
1779334036.0,15,1,0.026544,s15_p1
1779334036.0,15,2,0.069981,s15_p2
1779334036.0,15,3,0.711871,s15_p3
1779334036.0,5,4,0.000000,s5_p4
1779334036.0,5,1,0.000000,s5_p1
1779334036.0,5,2,0.142362,s5_p2
1779334036.0,5,3,0.074800,s5_p3
1779334036.0,18,1,0.000000,s18_p1
1779334036.0,18,4,0.000000,s18_p4
1779334036.0,18,2,0.000000,s18_p2
1779334036.0,18,3,0.000000,s18_p3
1779334036.0,13,4,0.000000,s13_p4
1779334036.0,13,1,0.142333,s13_p1
1779334036.0,13,2,0.000000,s13_p2
1779334036.0,13,3,0.856407,s13_p3
1779334036.0,12,4,0.000000,s12_p4
1779334036.0,12,1,0.000000,s12_p1
1779334036.0,12,2,0.000000,s12_p2
1779334036.0,12,3,0.000000,s12_p3
1779334036.0,7,1,0.031361,s7_p1
1779334036.0,7,4,0.000000,s7_p4
1779334036.0,7,2,0.026537,s7_p2
1779334036.0,7,3,0.000000,s7_p3
1779334036.0,4,4,0.000000,s4_p4
1779334036.0,4,1,0.000000,s4_p1
1779334036.0,4,2,0.074849,s4_p2
1779334036.0,4,3,0.123139,s4_p3
1779334036.0,20,1,0.000000,s20_p1
1779334036.0,20,4,0.156919,s20_p4
1779334036.0,20,2,0.000000,s20_p2
1779334036.0,20,3,0.000000,s20_p3
1779334036.0,16,1,0.031383,s16_p1
1779334036.0,16,4,0.000000,s16_p4
1779334036.0,16,2,0.000000,s16_p2
1779334036.0,16,3,0.000000,s16_p3
1779334036.0,9,4,0.000000,s9_p4
1779334036.0,9,1,0.101391,s9_p1
1779334036.0,9,2,0.098976,s9_p2
1779334036.0,9,3,0.000000,s9_p3
1779334036.0,2,1,0.079634,s2_p1
1779334036.0,2,4,0.000000,s2_p4
1779334036.0,2,2,0.019305,s2_p2
1779334036.0,2,3,0.000000,s2_p3
1779334036.0,11,4,0.000000,s11_p4
1779334036.0,11,1,0.000000,s11_p1
1779334036.0,11,2,0.074833,s11_p2
1779334036.0,11,3,1.000000,s11_p3
1779334036.0,17,1,1.000000,s17_p1
1779334036.0,17,4,0.482580,s17_p4
1779334036.0,17,2,0.373999,s17_p2
1779334036.0,17,3,0.711805,s17_p3
1779334037.0,19,1,0.000000,s19_p1
1779334037.0,19,4,0.000000,s19_p4
1779334037.0,19,2,0.000000,s19_p2
1779334037.0,19,3,0.000000,s19_p3
1779334037.0,6,1,0.000000,s6_p1
1779334037.0,6,4,0.000000,s6_p4
1779334037.0,6,2,0.000000,s6_p2
1779334037.0,6,3,0.096033,s6_p3
1779334037.0,3,4,0.000000,s3_p4
1779334037.0,3,1,0.000000,s3_p1
1779334037.0,3,2,0.000000,s3_p2
1779334037.0,3,3,0.206237,s3_p3
1779334037.0,14,1,0.000000,s14_p1
1779334037.0,14,4,0.000000,s14_p4
1779334037.0,14,2,0.000000,s14_p2
1779334037.0,14,3,0.000000,s14_p3
1779334037.0,8,4,0.000000,s8_p4
1779334037.0,8,1,0.000000,s8_p1
1779334037.0,8,2,0.069538,s8_p2
1779334037.0,8,3,0.141474,s8_p3
1779334037.0,10,4,0.155841,s10_p4
1779334037.0,10,1,0.000000,s10_p1
1779334037.0,10,2,0.000000,s10_p2
1779334037.0,10,3,0.000000,s10_p3
1779334037.0,15,4,0.000000,s15_p4
1779334037.0,15,1,0.026391,s15_p1
1779334037.0,15,2,0.069576,s15_p2
1779334037.0,15,3,0.707759,s15_p3
1779334037.0,1,4,0.031161,s1_p4
1779334037.0,1,1,0.093484,s1_p1
1779334037.0,1,2,0.000000,s1_p2
1779334037.0,1,3,0.000000,s1_p3
1779334037.0,13,4,0.000000,s13_p4
1779334037.0,13,1,0.141380,s13_p1
1779334037.0,13,2,0.000000,s13_p2
1779334037.0,13,3,0.850674,s13_p3
1779334037.0,4,4,0.000000,s4_p4
1779334037.0,4,1,0.000000,s4_p1
1779334037.0,4,2,0.074282,s4_p2
1779334037.0,4,3,0.122205,s4_p3
1779334037.0,18,1,0.000000,s18_p1
1779334037.0,18,4,0.000000,s18_p4
1779334037.0,18,2,0.000000,s18_p2
1779334037.0,18,3,0.000000,s18_p3
1779334037.0,20,1,0.000000,s20_p1
1779334037.0,20,4,0.155741,s20_p4
1779334037.0,20,2,0.000000,s20_p2
1779334037.0,20,3,0.000000,s20_p3
1779334037.0,17,1,0.994861,s17_p1
1779334037.0,17,4,0.479451,s17_p4
1779334037.0,17,2,0.371574,s17_p2
1779334037.0,17,3,0.707190,s17_p3
1779334037.0,2,1,0.074306,s2_p1
1779334037.0,2,4,0.000000,s2_p4
1779334037.0,2,2,0.031161,s2_p2
1779334037.0,2,3,0.000000,s2_p3
1779334037.0,11,4,0.000000,s11_p4
1779334037.0,11,1,0.000000,s11_p1
1779334037.0,11,2,0.074308,s11_p2
1779334037.0,11,3,0.994763,s11_p3
1779334037.0,7,1,0.031143,s7_p1
1779334037.0,7,4,0.000000,s7_p4
1779334037.0,7,2,0.026352,s7_p2
1779334037.0,7,3,0.000000,s7_p3
1779334037.0,16,1,0.031156,s16_p1
1779334037.0,16,4,0.000000,s16_p4
1779334037.0,16,2,0.000000,s16_p2
1779334037.0,16,3,0.000000,s16_p3
1779334037.0,12,4,0.000000,s12_p4
1779334037.0,12,1,0.000000,s12_p1
1779334037.0,12,2,0.000000,s12_p2
1779334037.0,12,3,0.000000,s12_p3
1779334037.0,5,4,0.000000,s5_p4
1779334037.0,5,1,0.000000,s5_p1
1779334037.0,5,2,0.141308,s5_p2
1779334037.0,5,3,0.074246,s5_p3
1779334037.0,9,4,0.000000,s9_p4
1779334037.0,9,1,0.093448,s9_p1
1779334037.0,9,2,0.105428,s9_p2
1779334037.0,9,3,0.000000,s9_p3
1779334037.0,1,4,0.031602,s1_p4
1779334037.0,1,1,0.097237,s1_p1
1779334037.0,1,2,0.000000,s1_p2
1779334037.0,1,3,0.000000,s1_p3
1779334037.0,6,1,0.000000,s6_p1
1779334037.0,6,4,0.000000,s6_p4
1779334037.0,6,2,0.000000,s6_p2
1779334037.0,6,3,0.094571,s6_p3
1779334037.0,10,4,0.157894,s10_p4
1779334037.0,10,1,0.000000,s10_p1
1779334037.0,10,2,0.000000,s10_p2
1779334037.0,10,3,0.000000,s10_p3
1779334037.0,14,1,0.000000,s14_p1
1779334037.0,14,4,0.000000,s14_p4
1779334037.0,14,2,0.000000,s14_p2
1779334037.0,14,3,0.000000,s14_p3
1779334037.0,3,4,0.000000,s3_p4
1779334037.0,3,1,0.000000,s3_p1
1779334037.0,3,2,0.000000,s3_p2
1779334037.0,3,3,0.203953,s3_p3
1779334037.0,4,4,0.000000,s4_p4
1779334037.0,4,1,0.000000,s4_p1
1779334037.0,4,2,0.072945,s4_p2
1779334037.0,4,3,0.124006,s4_p3
1779334037.0,7,1,0.031614,s7_p1
1779334037.0,7,4,0.000000,s7_p4
1779334037.0,7,2,0.026750,s7_p2
1779334037.0,7,3,0.000000,s7_p3
1779334037.0,15,4,0.000000,s15_p4
1779334037.0,15,1,0.026703,s15_p1
1779334037.0,15,2,0.067971,s15_p2
1779334037.0,15,3,0.716122,s15_p3
1779334037.0,8,4,0.000000,s8_p4
1779334037.0,8,1,0.000000,s8_p1
1779334037.0,8,2,0.067962,s8_p2
1779334037.0,8,3,0.143206,s8_p3
1779334037.0,13,4,0.000000,s13_p4
1779334037.0,13,1,0.143416,s13_p1
1779334037.0,13,2,0.000000,s13_p2
1779334037.0,13,3,0.838619,s13_p3
1779334037.0,5,4,0.000000,s5_p4
1779334037.0,5,1,0.000000,s5_p1
1779334037.0,5,2,0.143401,s5_p2
1779334037.0,5,3,0.072916,s5_p3
1779334037.0,18,1,0.000000,s18_p1
1779334037.0,18,4,0.000000,s18_p4
1779334037.0,18,2,0.000000,s18_p2
1779334037.0,18,3,0.000000,s18_p3
1779334037.0,20,1,0.000000,s20_p1
1779334037.0,20,4,0.157936,s20_p4
1779334037.0,20,2,0.000000,s20_p2
1779334037.0,20,3,0.000000,s20_p3
1779334037.0,12,4,0.000000,s12_p4
1779334037.0,12,1,0.000000,s12_p1
1779334037.0,12,2,0.000000,s12_p2
1779334037.0,12,3,0.000000,s12_p3
1779334037.0,2,1,0.075325,s2_p1
1779334037.0,2,4,0.000000,s2_p4
1779334037.0,2,2,0.029158,s2_p2
1779334037.0,2,3,0.000000,s2_p3
1779334037.0,16,1,0.031590,s16_p1
1779334037.0,16,4,0.000000,s16_p4
1779334037.0,16,2,0.000000,s16_p2
1779334037.0,16,3,0.000000,s16_p3
1779334037.0,9,4,0.000000,s9_p4
1779334037.0,9,1,0.097196,s9_p1
1779334037.0,9,2,0.104486,s9_p2
1779334037.0,9,3,0.000000,s9_p3
1779334037.0,17,1,1.000000,s17_p1
1779334037.0,17,4,0.473623,s17_p4
1779334037.0,17,2,0.364326,s17_p2
1779334037.0,17,3,0.716507,s17_p3
1779334037.0,11,4,0.000000,s11_p4
1779334037.0,11,1,0.000000,s11_p1
1779334037.0,11,2,0.072868,s11_p2
1779334037.0,11,3,1.000000,s11_p3
1779334037.0,19,1,0.000000,s19_p1
1779334037.0,19,4,0.000000,s19_p4
1779334037.0,19,2,0.000000,s19_p2
1779334037.0,19,3,0.000000,s19_p3
1779334038.0,10,4,0.156678,s10_p4
1779334038.0,10,1,0.000000,s10_p1
1779334038.0,10,2,0.000000,s10_p2
1779334038.0,10,3,0.000000,s10_p3
1779334038.0,7,1,0.031352,s7_p1
1779334038.0,7,4,0.000000,s7_p4
1779334038.0,7,2,0.026529,s7_p2
1779334038.0,7,3,0.000000,s7_p3
1779334038.0,5,4,0.000000,s5_p4
1779334038.0,5,1,0.000000,s5_p1
1779334038.0,5,2,0.142374,s5_p2
1779334038.0,5,3,0.074806,s5_p3
1779334038.0,2,1,0.072402,s2_p1
1779334038.0,2,4,0.000000,s2_p4
1779334038.0,2,2,0.021721,s2_p2
1779334038.0,2,3,0.000000,s2_p3
1779334038.0,14,1,0.000000,s14_p1
1779334038.0,14,4,0.000000,s14_p4
1779334038.0,14,2,0.000000,s14_p2
1779334038.0,14,3,0.000000,s14_p3
1779334038.0,18,1,0.000000,s18_p1
1779334038.0,18,4,0.000000,s18_p4
1779334038.0,18,2,0.000000,s18_p2
1779334038.0,18,3,0.000000,s18_p3
1779334038.0,8,4,0.000000,s8_p4
1779334038.0,8,1,0.000000,s8_p1
1779334038.0,8,2,0.069933,s8_p2
1779334038.0,8,3,0.142277,s8_p3
1779334038.0,20,1,0.000000,s20_p1
1779334038.0,20,4,0.156727,s20_p4
1779334038.0,20,2,0.000000,s20_p2
1779334038.0,20,3,0.000000,s20_p3
1779334038.0,16,1,0.031345,s16_p1
1779334038.0,16,4,0.000000,s16_p4
1779334038.0,16,2,0.000000,s16_p2
1779334038.0,16,3,0.000000,s16_p3
1779334038.0,19,1,0.000000,s19_p1
1779334038.0,19,4,0.000000,s19_p4
1779334038.0,19,2,0.000000,s19_p2
1779334038.0,19,3,0.000000,s19_p3
1779334038.0,6,1,0.000000,s6_p1
1779334038.0,6,4,0.000000,s6_p4
1779334038.0,6,2,0.000000,s6_p2
1779334038.0,6,3,0.096260,s6_p3
1779334038.0,11,4,0.000000,s11_p4
1779334038.0,11,1,0.000000,s11_p1
1779334038.0,11,2,0.074769,s11_p2
1779334038.0,11,3,0.988879,s11_p3
1779334038.0,4,4,0.000000,s4_p4
1779334038.0,4,1,0.000000,s4_p1
1779334038.0,4,2,0.074674,s4_p2
1779334038.0,4,3,0.122851,s4_p3
1779334038.0,12,4,0.000000,s12_p4
1779334038.0,12,1,0.000000,s12_p1
1779334038.0,12,2,0.000000,s12_p2
1779334038.0,12,3,0.000000,s12_p3
1779334038.0,9,4,0.000000,s9_p4
1779334038.0,9,1,0.103692,s9_p1
1779334038.0,9,2,0.096458,s9_p2
1779334038.0,9,3,0.000000,s9_p3
1779334038.0,13,4,0.000000,s13_p4
1779334038.0,13,1,0.142127,s13_p1
1779334038.0,13,2,0.000000,s13_p2
1779334038.0,13,3,0.855169,s13_p3
1779334038.0,17,1,0.988673,s17_p1
1779334038.0,17,4,0.482279,s17_p4
1779334038.0,17,2,0.373767,s17_p2
1779334038.0,17,3,0.711362,s17_p3
1779334038.0,15,4,0.000000,s15_p4
1779334038.0,15,1,0.026495,s15_p1
1779334038.0,15,2,0.069850,s15_p2
1779334038.0,15,3,0.710544,s15_p3
1779334038.0,1,4,0.031272,s1_p4
1779334038.0,1,1,0.103437,s1_p1
1779334038.0,1,2,0.000000,s1_p2
1779334038.0,1,3,0.000000,s1_p3
1779334038.0,3,4,0.000000,s3_p4
1779334038.0,3,1,0.000000,s3_p1
1779334038.0,3,2,0.000000,s3_p2
1779334038.0,3,3,0.207009,s3_p3
1779334038.0,6,1,0.000000,s6_p1
1779334038.0,6,4,0.000000,s6_p4
1779334038.0,6,2,0.000000,s6_p2
1779334038.0,6,3,0.094390,s6_p3
1779334038.0,19,1,0.000000,s19_p1
1779334038.0,19,4,0.000000,s19_p4
1779334038.0,19,2,0.000000,s19_p2
1779334038.0,19,3,0.000000,s19_p3
1779334038.0,14,1,0.000000,s14_p1
1779334038.0,14,4,0.000000,s14_p4
1779334038.0,14,2,0.000000,s14_p2
1779334038.0,14,3,0.000000,s14_p3
1779334038.0,10,4,0.156878,s10_p4
1779334038.0,10,1,0.000000,s10_p1
1779334038.0,10,2,0.000000,s10_p2
1779334038.0,10,3,0.000000,s10_p3
1779334038.0,8,4,0.000000,s8_p4
1779334038.0,8,1,0.000000,s8_p1
1779334038.0,8,2,0.067593,s8_p2
1779334038.0,8,3,0.142428,s8_p3
1779334038.0,15,4,0.000000,s15_p4
1779334038.0,15,1,0.026583,s15_p1
1779334038.0,15,2,0.067666,s15_p2
1779334038.0,15,3,0.712915,s15_p3
1779334038.0,13,4,0.000000,s13_p4
1779334038.0,13,1,0.142565,s13_p1
1779334038.0,13,2,0.000000,s13_p2
1779334038.0,13,3,0.845724,s13_p3
1779334038.0,1,4,0.031415,s1_p4
1779334038.0,1,1,0.094245,s1_p1
1779334038.0,1,2,0.000000,s1_p2
1779334038.0,1,3,0.000000,s1_p3
1779334038.0,3,4,0.000000,s3_p4
1779334038.0,3,1,0.000000,s3_p1
1779334038.0,3,2,0.000000,s3_p2
1779334038.0,3,3,0.205405,s3_p3
1779334038.0,4,4,0.000000,s4_p4
1779334038.0,4,1,0.000000,s4_p1
1779334038.0,4,2,0.074824,s4_p2
1779334038.0,4,3,0.123097,s4_p3
1779334038.0,18,1,0.000000,s18_p1
1779334038.0,18,4,0.000000,s18_p4
1779334038.0,18,2,0.000000,s18_p2
1779334038.0,18,3,0.000000,s18_p3
1779334038.0,12,4,0.000000,s12_p4
1779334038.0,12,1,0.000000,s12_p1
1779334038.0,12,2,0.000000,s12_p2
1779334038.0,12,3,0.000000,s12_p3
1779334038.0,2,1,0.072323,s2_p1
1779334038.0,2,4,0.000000,s2_p4
1779334038.0,2,2,0.033751,s2_p2
1779334038.0,2,3,0.000000,s2_p3
1779334038.0,7,1,0.031337,s7_p1
1779334038.0,7,4,0.000000,s7_p4
1779334038.0,7,2,0.026516,s7_p2
1779334038.0,7,3,0.000000,s7_p3
1779334038.0,20,1,0.000000,s20_p1
1779334038.0,20,4,0.156830,s20_p4
1779334038.0,20,2,0.000000,s20_p2
1779334038.0,20,3,0.000000,s20_p3
1779334038.0,17,1,1.000000,s17_p1
1779334038.0,17,4,0.470637,s17_p4
1779334038.0,17,2,0.374096,s17_p2
1779334038.0,17,3,0.711989,s17_p3
1779334038.0,5,4,0.000000,s5_p4
1779334038.0,5,1,0.000000,s5_p1
1779334038.0,5,2,0.142219,s5_p2
1779334038.0,5,3,0.074725,s5_p3
1779334038.0,11,4,0.000000,s11_p4
1779334038.0,11,1,0.000000,s11_p1
1779334038.0,11,2,0.074802,s11_p2
1779334038.0,11,3,1.000000,s11_p3
1779334038.0,16,1,0.031365,s16_p1
1779334038.0,16,4,0.000000,s16_p4
1779334038.0,16,2,0.000000,s16_p2
1779334038.0,16,3,0.000000,s16_p3
1779334038.0,9,4,0.000000,s9_p4
1779334038.0,9,1,0.094096,s9_p1
1779334038.0,9,2,0.103747,s9_p2
1779334038.0,9,3,0.000000,s9_p3
1779334039.0,19,1,0.000000,s19_p1
1779334039.0,19,4,0.000000,s19_p4
1779334039.0,19,2,0.000000,s19_p2
1779334039.0,19,3,0.000000,s19_p3
1779334039.0,14,1,0.000000,s14_p1
1779334039.0,14,4,0.000000,s14_p4
1779334039.0,14,2,0.000000,s14_p2
1779334039.0,14,3,0.000000,s14_p3
1779334039.0,15,4,0.000000,s15_p4
1779334039.0,15,1,0.029018,s15_p1
1779334039.0,15,2,0.070127,s15_p2
1779334039.0,15,3,0.713365,s15_p3
1779334039.0,6,1,0.000000,s6_p1
1779334039.0,6,4,0.000000,s6_p4
1779334039.0,6,2,0.000000,s6_p2
1779334039.0,6,3,0.098966,s6_p3
1779334039.0,1,4,0.031435,s1_p4
1779334039.0,1,1,0.103978,s1_p1
1779334039.0,1,2,0.000000,s1_p2
1779334039.0,1,3,0.000000,s1_p3
1779334039.0,10,4,0.157137,s10_p4
1779334039.0,10,1,0.000000,s10_p1
1779334039.0,10,2,0.000000,s10_p2
1779334039.0,10,3,0.000000,s10_p3
1779334039.0,3,4,0.000000,s3_p4
1779334039.0,3,1,0.000000,s3_p1
1779334039.0,3,2,0.000000,s3_p2
1779334039.0,3,3,0.207954,s3_p3
1779334039.0,8,4,0.000000,s8_p4
1779334039.0,8,1,0.000000,s8_p1
1779334039.0,8,2,0.070109,s8_p2
1779334039.0,8,3,0.142636,s8_p3
1779334039.0,4,4,0.000000,s4_p4
1779334039.0,4,1,0.000000,s4_p1
1779334039.0,4,2,0.075004,s4_p2
1779334039.0,4,3,0.123394,s4_p3
1779334039.0,13,4,0.000000,s13_p4
1779334039.0,13,1,0.142599,s13_p1
1779334039.0,13,2,0.000000,s13_p2
1779334039.0,13,3,0.870098,s13_p3
1779334039.0,7,1,0.031455,s7_p1
1779334039.0,7,4,0.000000,s7_p4
1779334039.0,7,2,0.029036,s7_p2
1779334039.0,7,3,0.000000,s7_p3
1779334039.0,5,4,0.000000,s5_p4
1779334039.0,5,1,0.000000,s5_p1
1779334039.0,5,2,0.142698,s5_p2
1779334039.0,5,3,0.074977,s5_p3
1779334039.0,17,1,1.000000,s17_p1
1779334039.0,17,4,0.495768,s17_p4
1779334039.0,17,2,0.374849,s17_p2
1779334039.0,17,3,0.713423,s17_p3
1779334039.0,2,1,0.079798,s2_p1
1779334039.0,2,4,0.000000,s2_p4
1779334039.0,2,2,0.016927,s2_p2
1779334039.0,2,3,0.000000,s2_p3
1779334039.0,12,4,0.000000,s12_p4
1779334039.0,12,1,0.000000,s12_p1
1779334039.0,12,2,0.000000,s12_p2
1779334039.0,12,3,0.000000,s12_p3
1779334039.0,20,1,0.000000,s20_p1
1779334039.0,20,4,0.157176,s20_p4
1779334039.0,20,2,0.000000,s20_p2
1779334039.0,20,3,0.000000,s20_p3
1779334039.0,18,1,0.000000,s18_p1
1779334039.0,18,4,0.000000,s18_p4
1779334039.0,18,2,0.000000,s18_p2
1779334039.0,18,3,0.000000,s18_p3
1779334039.0,9,4,0.000000,s9_p4
1779334039.0,9,1,0.103976,s9_p1
1779334039.0,9,2,0.096722,s9_p2
1779334039.0,9,3,0.000000,s9_p3
1779334039.0,11,4,0.000000,s11_p4
1779334039.0,11,1,0.000000,s11_p1
1779334039.0,11,2,0.074939,s11_p2
1779334039.0,11,3,1.000000,s11_p3
1779334039.0,16,1,0.031426,s16_p1
1779334039.0,16,4,0.000000,s16_p4
1779334039.0,16,2,0.000000,s16_p2
1779334039.0,16,3,0.000000,s16_p3
1779334039.0,6,1,0.000000,s6_p1
1779334039.0,6,4,0.000000,s6_p4
1779334039.0,6,2,0.000000,s6_p2
1779334039.0,6,3,0.096677,s6_p3
1779334039.0,1,4,0.031416,s1_p4
1779334039.0,1,1,0.101499,s1_p1
1779334039.0,1,2,0.000000,s1_p2
1779334039.0,1,3,0.000000,s1_p3
1779334039.0,14,1,0.000000,s14_p1
1779334039.0,14,4,0.000000,s14_p4
1779334039.0,14,2,0.000000,s14_p2
1779334039.0,14,3,0.000000,s14_p3
1779334039.0,10,4,0.157023,s10_p4
1779334039.0,10,1,0.000000,s10_p1
1779334039.0,10,2,0.000000,s10_p2
1779334039.0,10,3,0.000000,s10_p3
1779334039.0,15,4,0.000000,s15_p4
1779334039.0,15,1,0.026567,s15_p1
1779334039.0,15,2,0.070040,s15_p2
1779334039.0,15,3,0.712473,s15_p3
1779334039.0,3,4,0.000000,s3_p4
1779334039.0,3,1,0.000000,s3_p1
1779334039.0,3,2,0.000000,s3_p2
1779334039.0,3,3,0.202900,s3_p3
1779334039.0,4,4,0.000000,s4_p4
1779334039.0,4,1,0.000000,s4_p1
1779334039.0,4,2,0.074852,s4_p2
1779334039.0,4,3,0.123144,s4_p3
1779334039.0,5,4,0.000000,s5_p4
1779334039.0,5,1,0.000000,s5_p1
1779334039.0,5,2,0.142536,s5_p2
1779334039.0,5,3,0.074892,s5_p3
1779334039.0,8,4,0.000000,s8_p4
1779334039.0,8,1,0.000000,s8_p1
1779334039.0,8,2,0.069993,s8_p2
1779334039.0,8,3,0.142400,s8_p3
1779334039.0,12,4,0.000000,s12_p4
1779334039.0,12,1,0.000000,s12_p1
1779334039.0,12,2,0.000000,s12_p2
1779334039.0,12,3,0.000000,s12_p3
1779334039.0,13,4,0.000000,s13_p4
1779334039.0,13,1,0.142427,s13_p1
1779334039.0,13,2,0.000000,s13_p2
1779334039.0,13,3,0.856975,s13_p3
1779334039.0,20,1,0.000000,s20_p1
1779334039.0,20,4,0.157012,s20_p4
1779334039.0,20,2,0.000000,s20_p2
1779334039.0,20,3,0.000000,s20_p3
1779334039.0,7,1,0.031381,s7_p1
1779334039.0,7,4,0.000000,s7_p4
1779334039.0,7,2,0.026553,s7_p2
1779334039.0,7,3,0.000000,s7_p3
1779334039.0,18,1,0.000000,s18_p1
1779334039.0,18,4,0.000000,s18_p4
1779334039.0,18,2,0.000000,s18_p2
1779334039.0,18,3,0.000000,s18_p3
1779334039.0,9,4,0.000000,s9_p4
1779334039.0,9,1,0.101423,s9_p1
1779334039.0,9,2,0.099008,s9_p2
1779334039.0,9,3,0.000000,s9_p3
1779334039.0,2,1,0.077244,s2_p1
1779334039.0,2,4,0.000000,s2_p4
1779334039.0,2,2,0.021725,s2_p2
1779334039.0,2,3,0.000000,s2_p3
1779334039.0,17,1,1.000000,s17_p1
1779334039.0,17,4,0.482749,s17_p4
1779334039.0,17,2,0.374131,s17_p2
1779334039.0,17,3,0.712055,s17_p3
1779334039.0,11,4,0.000000,s11_p4
1779334039.0,11,1,0.000000,s11_p1
1779334039.0,11,2,0.074859,s11_p2
1779334039.0,11,3,1.000000,s11_p3
1779334039.0,16,1,0.031393,s16_p1
1779334039.0,16,4,0.000000,s16_p4
1779334039.0,16,2,0.000000,s16_p2
1779334039.0,16,3,0.000000,s16_p3
1779334039.0,19,1,0.000000,s19_p1
1779334039.0,19,4,0.000000,s19_p4
1779334039.0,19,2,0.000000,s19_p2
1779334039.0,19,3,0.000000,s19_p3
1779334040.0,14,1,0.000000,s14_p1
1779334040.0,14,4,0.000000,s14_p4
1779334040.0,14,2,0.000000,s14_p2
1779334040.0,14,3,0.000000,s14_p3
1779334040.0,1,4,0.031379,s1_p4
1779334040.0,1,1,0.094138,s1_p1
1779334040.0,1,2,0.000000,s1_p2
1779334040.0,1,3,0.000000,s1_p3
1779334040.0,19,1,0.000000,s19_p1
1779334040.0,19,4,0.000000,s19_p4
1779334040.0,19,2,0.000000,s19_p2
1779334040.0,19,3,0.000000,s19_p3
1779334040.0,6,1,0.000000,s6_p1
1779334040.0,6,4,0.000000,s6_p4
1779334040.0,6,2,0.000000,s6_p2
1779334040.0,6,3,0.094118,s6_p3
1779334040.0,13,4,0.000000,s13_p4
1779334040.0,13,1,0.142538,s13_p1
1779334040.0,13,2,0.000000,s13_p2
1779334040.0,13,3,0.833483,s13_p3
1779334040.0,10,4,0.156839,s10_p4
1779334040.0,10,1,0.000000,s10_p1
1779334040.0,10,2,0.000000,s10_p2
1779334040.0,10,3,0.000000,s10_p3
1779334040.0,3,4,0.000000,s3_p4
1779334040.0,3,1,0.000000,s3_p1
1779334040.0,3,2,0.000000,s3_p2
1779334040.0,3,3,0.207531,s3_p3
1779334040.0,15,4,0.000000,s15_p4
1779334040.0,15,1,0.026543,s15_p1
1779334040.0,15,2,0.067564,s15_p2
1779334040.0,15,3,0.711840,s15_p3
1779334040.0,8,4,0.000000,s8_p4
1779334040.0,8,1,0.000000,s8_p1
1779334040.0,8,2,0.067620,s8_p2
1779334040.0,8,3,0.142485,s8_p3
1779334040.0,7,1,0.031403,s7_p1
1779334040.0,7,4,0.000000,s7_p4
1779334040.0,7,2,0.026572,s7_p2
1779334040.0,7,3,0.000000,s7_p3
1779334040.0,2,1,0.074871,s2_p1
1779334040.0,2,4,0.000000,s2_p4
1779334040.0,2,2,0.031398,s2_p2
1779334040.0,2,3,0.000000,s2_p3
1779334040.0,4,4,0.000000,s4_p4
1779334040.0,4,1,0.000000,s4_p1
1779334040.0,4,2,0.072378,s4_p2
1779334040.0,4,3,0.123042,s4_p3
1779334040.0,17,1,1.000000,s17_p1
1779334040.0,17,4,0.470921,s17_p4
1779334040.0,17,2,0.362247,s17_p2
1779334040.0,17,3,0.712419,s17_p3
1779334040.0,18,1,0.000000,s18_p1
1779334040.0,18,4,0.000000,s18_p4
1779334040.0,18,2,0.000000,s18_p2
1779334040.0,18,3,0.000000,s18_p3
1779334040.0,12,4,0.000000,s12_p4
1779334040.0,12,1,0.000000,s12_p1
1779334040.0,12,2,0.000000,s12_p2
1779334040.0,12,3,0.000000,s12_p3
1779334040.0,20,1,0.000000,s20_p1
1779334040.0,20,4,0.156859,s20_p4
1779334040.0,20,2,0.000000,s20_p2
1779334040.0,20,3,0.000000,s20_p3
1779334040.0,16,1,0.031393,s16_p1
1779334040.0,16,4,0.000000,s16_p4
1779334040.0,16,2,0.000000,s16_p2
1779334040.0,16,3,0.000000,s16_p3
1779334040.0,5,4,0.000000,s5_p4
1779334040.0,5,1,0.000000,s5_p1
1779334040.0,5,2,0.142333,s5_p2
1779334040.0,5,3,0.072373,s5_p3
1779334040.0,11,4,0.000000,s11_p4
1779334040.0,11,1,0.000000,s11_p1
1779334040.0,11,2,0.072427,s11_p2
1779334040.0,11,3,1.000000,s11_p3
1779334040.0,9,4,0.000000,s9_p4
1779334040.0,9,1,0.094138,s9_p1
1779334040.0,9,2,0.106207,s9_p2
1779334040.0,9,3,0.000000,s9_p3
1779334040.0,19,1,0.000000,s19_p1
1779334040.0,19,4,0.000000,s19_p4
1779334040.0,19,2,0.000000,s19_p2
1779334040.0,19,3,0.000000,s19_p3
1779334040.0,3,4,0.000000,s3_p4
1779334040.0,3,1,0.000000,s3_p1
1779334040.0,3,2,0.000000,s3_p2
1779334040.0,3,3,0.205296,s3_p3
1779334040.0,10,4,0.156974,s10_p4
1779334040.0,10,1,0.000000,s10_p1
1779334040.0,10,2,0.000000,s10_p2
1779334040.0,10,3,0.000000,s10_p3
1779334040.0,6,1,0.000000,s6_p1
1779334040.0,6,4,0.000000,s6_p4
1779334040.0,6,2,0.000000,s6_p2
1779334040.0,6,3,0.096529,s6_p3
1779334040.0,14,1,0.000000,s14_p1
1779334040.0,14,4,0.000000,s14_p4
1779334040.0,14,2,0.000000,s14_p2
1779334040.0,14,3,0.000000,s14_p3
1779334040.0,1,4,0.031369,s1_p4
1779334040.0,1,1,0.103757,s1_p1
1779334040.0,1,2,0.000000,s1_p2
1779334040.0,1,3,0.000000,s1_p3
1779334040.0,15,4,0.000000,s15_p4
1779334040.0,15,1,0.026549,s15_p1
1779334040.0,15,2,0.069994,s15_p2
1779334040.0,15,3,0.712009,s15_p3
1779334040.0,13,4,0.000000,s13_p4
1779334040.0,13,1,0.142373,s13_p1
1779334040.0,13,2,0.000000,s13_p2
1779334040.0,13,3,0.856651,s13_p3
1779334040.0,12,4,0.000000,s12_p4
1779334040.0,12,1,0.000000,s12_p1
1779334040.0,12,2,0.000000,s12_p2
1779334040.0,12,3,0.000000,s12_p3
1779334040.0,8,4,0.000000,s8_p4
1779334040.0,8,1,0.000000,s8_p1
1779334040.0,8,2,0.069982,s8_p2
1779334040.0,8,3,0.142377,s8_p3
1779334040.0,7,1,0.031371,s7_p1
1779334040.0,7,4,0.000000,s7_p4
1779334040.0,7,2,0.026545,s7_p2
1779334040.0,7,3,0.000000,s7_p3
1779334040.0,20,1,0.000000,s20_p1
1779334040.0,20,4,0.156999,s20_p4
1779334040.0,20,2,0.000000,s20_p2
1779334040.0,20,3,0.000000,s20_p3
1779334040.0,4,4,0.000000,s4_p4
1779334040.0,4,1,0.000000,s4_p1
1779334040.0,4,2,0.074865,s4_p2
1779334040.0,4,3,0.123165,s4_p3
1779334040.0,5,4,0.000000,s5_p4
1779334040.0,5,1,0.000000,s5_p1
1779334040.0,5,2,0.142430,s5_p2
1779334040.0,5,3,0.074836,s5_p3
1779334040.0,11,4,0.000000,s11_p4
1779334040.0,11,1,0.000000,s11_p1
1779334040.0,11,2,0.074849,s11_p2
1779334040.0,11,3,1.000000,s11_p3
1779334040.0,18,1,0.000000,s18_p1
1779334040.0,18,4,0.000000,s18_p4
1779334040.0,18,2,0.000000,s18_p2
1779334040.0,18,3,0.000000,s18_p3
1779334040.0,9,4,0.000000,s9_p4
1779334040.0,9,1,0.103827,s9_p1
1779334040.0,9,2,0.096583,s9_p2
1779334040.0,9,3,0.000000,s9_p3
1779334040.0,17,1,1.000000,s17_p1
1779334040.0,17,4,0.482686,s17_p4
1779334040.0,17,2,0.374081,s17_p2
1779334040.0,17,3,0.711961,s17_p3
1779334040.0,2,1,0.079632,s2_p1
1779334040.0,2,4,0.000000,s2_p4
1779334040.0,2,2,0.016892,s2_p2
1779334040.0,2,3,0.000000,s2_p3
1779334040.0,16,1,0.031376,s16_p1
1779334040.0,16,4,0.000000,s16_p4
1779334040.0,16,2,0.000000,s16_p2
1779334040.0,16,3,0.000000,s16_p3
1779334041.0,14,1,0.000000,s14_p1
1779334041.0,14,4,0.000000,s14_p4
1779334041.0,14,2,0.000000,s14_p2
1779334041.0,14,3,0.000000,s14_p3
1779334041.0,13,4,0.000000,s13_p4
1779334041.0,13,1,0.142523,s13_p1
1779334041.0,13,2,0.000000,s13_p2
1779334041.0,13,3,0.845478,s13_p3
1779334041.0,10,4,0.156891,s10_p4
1779334041.0,10,1,0.000000,s10_p1
1779334041.0,10,2,0.000000,s10_p2
1779334041.0,10,3,0.000000,s10_p3
1779334041.0,6,1,0.000000,s6_p1
1779334041.0,6,4,0.000000,s6_p4
1779334041.0,6,2,0.000000,s6_p2
1779334041.0,6,3,0.094133,s6_p3
1779334041.0,15,4,0.000000,s15_p4
1779334041.0,15,1,0.026566,s15_p1
1779334041.0,15,2,0.067622,s15_p2
1779334041.0,15,3,0.712443,s15_p3
1779334041.0,19,1,0.000000,s19_p1
1779334041.0,19,4,0.000000,s19_p4
1779334041.0,19,2,0.000000,s19_p2
1779334041.0,19,3,0.000000,s19_p3
1779334041.0,3,4,0.000000,s3_p4
1779334041.0,3,1,0.000000,s3_p1
1779334041.0,3,2,0.000000,s3_p2
1779334041.0,3,3,0.207528,s3_p3
1779334041.0,8,4,0.000000,s8_p4
1779334041.0,8,1,0.000000,s8_p1
1779334041.0,8,2,0.067626,s8_p2
1779334041.0,8,3,0.142498,s8_p3
1779334041.0,1,4,0.031374,s1_p4
1779334041.0,1,1,0.096534,s1_p1
1779334041.0,1,2,0.000000,s1_p2
1779334041.0,1,3,0.000000,s1_p3
1779334041.0,9,4,0.000000,s9_p4
1779334041.0,9,1,0.099020,s9_p1
1779334041.0,9,2,0.101436,s9_p2
1779334041.0,9,3,0.000000,s9_p3
1779334041.0,18,1,0.000000,s18_p1
1779334041.0,18,4,0.000000,s18_p4
1779334041.0,18,2,0.000000,s18_p2
1779334041.0,18,3,0.000000,s18_p3
1779334041.0,2,1,0.077282,s2_p1
1779334041.0,2,4,0.000000,s2_p4
1779334041.0,2,2,0.024151,s2_p2
1779334041.0,2,3,0.000000,s2_p3
1779334041.0,4,4,0.000000,s4_p4
1779334041.0,4,1,0.000000,s4_p1
1779334041.0,4,2,0.074811,s4_p2
1779334041.0,4,3,0.123077,s4_p3
1779334041.0,12,4,0.000000,s12_p4
1779334041.0,12,1,0.000000,s12_p1
1779334041.0,12,2,0.000000,s12_p2
1779334041.0,12,3,0.000000,s12_p3
1779334041.0,7,1,0.031367,s7_p1
1779334041.0,7,4,0.000000,s7_p4
1779334041.0,7,2,0.026541,s7_p2
1779334041.0,7,3,0.000000,s7_p3
1779334041.0,16,1,0.031391,s16_p1
1779334041.0,16,4,0.000000,s16_p4
1779334041.0,16,2,0.000000,s16_p2
1779334041.0,16,3,0.000000,s16_p3
1779334041.0,17,1,1.000000,s17_p1
1779334041.0,17,4,0.470814,s17_p4
1779334041.0,17,2,0.374237,s17_p2
1779334041.0,17,3,0.712257,s17_p3
1779334041.0,5,4,0.000000,s5_p4
1779334041.0,5,1,0.000000,s5_p1
1779334041.0,5,2,0.142424,s5_p2
1779334041.0,5,3,0.074833,s5_p3
1779334041.0,11,4,0.000000,s11_p4
1779334041.0,11,1,0.000000,s11_p1
1779334041.0,11,2,0.074834,s11_p2
1779334041.0,11,3,1.000000,s11_p3
1779334041.0,20,1,0.000000,s20_p1
1779334041.0,20,4,0.156805,s20_p4
1779334041.0,20,2,0.000000,s20_p2
1779334041.0,20,3,0.000000,s20_p3
1779334041.0,19,1,0.000000,s19_p1
1779334041.0,19,4,0.000000,s19_p4
1779334041.0,19,2,0.000000,s19_p2
1779334041.0,19,3,0.000000,s19_p3
1779334041.0,4,4,0.000000,s4_p4
1779334041.0,4,1,0.000000,s4_p1
1779334041.0,4,2,0.074848,s4_p2
1779334041.0,4,3,0.120722,s4_p3
1779334041.0,3,4,0.000000,s3_p4
1779334041.0,3,1,0.000000,s3_p1
1779334041.0,3,2,0.000000,s3_p2
1779334041.0,3,3,0.207416,s3_p3
1779334041.0,5,4,0.000000,s5_p4
1779334041.0,5,1,0.000000,s5_p1
1779334041.0,5,2,0.142464,s5_p2
1779334041.0,5,3,0.074854,s5_p3
1779334041.0,10,4,0.156731,s10_p4
1779334041.0,10,1,0.000000,s10_p1
1779334041.0,10,2,0.000000,s10_p2
1779334041.0,10,3,0.000000,s10_p3
1779334041.0,15,4,0.000000,s15_p4
1779334041.0,15,1,0.026525,s15_p1
1779334041.0,15,2,0.069930,s15_p2
1779334041.0,15,3,0.699300,s15_p3
1779334041.0,6,1,0.000000,s6_p1
1779334041.0,6,4,0.000000,s6_p4
1779334041.0,6,2,0.000000,s6_p2
1779334041.0,6,3,0.096450,s6_p3
1779334041.0,20,1,0.000000,s20_p1
1779334041.0,20,4,0.156949,s20_p4
1779334041.0,20,2,0.000000,s20_p2
1779334041.0,20,3,0.000000,s20_p3
1779334041.0,8,4,0.000000,s8_p4
1779334041.0,8,1,0.000000,s8_p1
1779334041.0,8,2,0.069934,s8_p2
1779334041.0,8,3,0.139868,s8_p3
1779334041.0,1,4,0.031350,s1_p4
1779334041.0,1,1,0.103696,s1_p1
1779334041.0,1,2,0.000000,s1_p2
1779334041.0,1,3,0.000000,s1_p3
1779334041.0,7,1,0.031381,s7_p1
1779334041.0,7,4,0.000000,s7_p4
1779334041.0,7,2,0.026553,s7_p2
1779334041.0,7,3,0.000000,s7_p3
1779334041.0,13,4,0.000000,s13_p4
1779334041.0,13,1,0.139815,s13_p1
1779334041.0,13,2,0.000000,s13_p2
1779334041.0,13,3,0.855762,s13_p3
1779334041.0,14,1,0.000000,s14_p1
1779334041.0,14,4,0.000000,s14_p4
1779334041.0,14,2,0.000000,s14_p2
1779334041.0,14,3,0.000000,s14_p3
1779334041.0,18,1,0.000000,s18_p1
1779334041.0,18,4,0.000000,s18_p4
1779334041.0,18,2,0.000000,s18_p2
1779334041.0,18,3,0.000000,s18_p3
1779334041.0,2,1,0.074779,s2_p1
1779334041.0,2,4,0.000000,s2_p4
1779334041.0,2,2,0.021710,s2_p2
1779334041.0,2,3,0.000000,s2_p3
1779334041.0,9,4,0.000000,s9_p4
1779334041.0,9,1,0.101300,s9_p1
1779334041.0,9,2,0.096476,s9_p2
1779334041.0,9,3,0.000000,s9_p3
1779334041.0,12,4,0.000000,s12_p4
1779334041.0,12,1,0.000000,s12_p1
1779334041.0,12,2,0.000000,s12_p2
1779334041.0,12,3,0.000000,s12_p3
1779334041.0,17,1,0.989163,s17_p1
1779334041.0,17,4,0.482518,s17_p4
1779334041.0,17,2,0.373952,s17_p2
1779334041.0,17,3,0.711715,s17_p3
1779334041.0,16,1,0.031361,s16_p1
1779334041.0,16,4,0.000000,s16_p4
1779334041.0,16,2,0.000000,s16_p2
1779334041.0,16,3,0.000000,s16_p3
1779334041.0,11,4,0.000000,s11_p4
1779334041.0,11,1,0.000000,s11_p1
1779334041.0,11,2,0.074791,s11_p2
1779334041.0,11,3,0.989177,s11_p3
1779334042.0,6,1,0.000000,s6_p1
1779334042.0,6,4,0.000000,s6_p4
1779334042.0,6,2,0.000000,s6_p2
1779334042.0,6,3,0.099262,s6_p3
1779334042.0,3,4,0.000000,s3_p4
1779334042.0,3,1,0.000000,s3_p1
1779334042.0,3,2,0.000000,s3_p2
1779334042.0,3,3,0.203218,s3_p3
1779334042.0,14,1,0.000000,s14_p1
1779334042.0,14,4,0.000000,s14_p4
1779334042.0,14,2,0.000000,s14_p2
1779334042.0,14,3,0.000000,s14_p3
1779334042.0,1,4,0.031450,s1_p4
1779334042.0,1,1,0.101607,s1_p1
1779334042.0,1,2,0.000000,s1_p2
1779334042.0,1,3,0.000000,s1_p3
1779334042.0,10,4,0.157226,s10_p4
1779334042.0,10,1,0.000000,s10_p1
1779334042.0,10,2,0.000000,s10_p2
1779334042.0,10,3,0.000000,s10_p3
1779334042.0,4,4,0.000000,s4_p4
1779334042.0,4,1,0.000000,s4_p1
1779334042.0,4,2,0.074906,s4_p2
1779334042.0,4,3,0.123232,s4_p3
1779334042.0,8,4,0.000000,s8_p4
1779334042.0,8,1,0.000000,s8_p1
1779334042.0,8,2,0.067668,s8_p2
1779334042.0,8,3,0.142586,s8_p3
1779334042.0,7,1,0.031418,s7_p1
1779334042.0,7,4,0.000000,s7_p4
1779334042.0,7,2,0.029001,s7_p2
1779334042.0,7,3,0.000000,s7_p3
1779334042.0,15,4,0.000000,s15_p4
1779334042.0,15,1,0.028997,s15_p1
1779334042.0,15,2,0.067660,s15_p2
1779334042.0,15,3,0.712844,s15_p3
1779334042.0,13,4,0.000000,s13_p4
1779334042.0,13,1,0.142583,s13_p1
1779334042.0,13,2,0.000000,s13_p2
1779334042.0,13,3,0.857918,s13_p3
1779334042.0,20,1,0.000000,s20_p1
1779334042.0,20,4,0.157068,s20_p4
1779334042.0,20,2,0.000000,s20_p2
1779334042.0,20,3,0.000000,s20_p3
1779334042.0,16,1,0.031419,s16_p1
1779334042.0,16,4,0.000000,s16_p4
1779334042.0,16,2,0.000000,s16_p2
1779334042.0,16,3,0.000000,s16_p3
1779334042.0,9,4,0.000000,s9_p4
1779334042.0,9,1,0.101495,s9_p1
1779334042.0,9,2,0.099079,s9_p2
1779334042.0,9,3,0.000000,s9_p3
1779334042.0,2,1,0.079741,s2_p1
1779334042.0,2,4,0.000000,s2_p4
1779334042.0,2,2,0.019331,s2_p2
1779334042.0,2,3,0.000000,s2_p3
1779334042.0,12,4,0.000000,s12_p4
1779334042.0,12,1,0.000000,s12_p1
1779334042.0,12,2,0.000000,s12_p2
1779334042.0,12,3,0.000000,s12_p3
1779334042.0,5,4,0.000000,s5_p4
1779334042.0,5,1,0.000000,s5_p1
1779334042.0,5,2,0.140042,s5_p2
1779334042.0,5,3,0.074850,s5_p3
1779334042.0,11,4,0.000000,s11_p4
1779334042.0,11,1,0.000000,s11_p1
1779334042.0,11,2,0.074914,s11_p2
1779334042.0,11,3,1.000000,s11_p3
1779334042.0,17,1,1.000000,s17_p1
1779334042.0,17,4,0.483267,s17_p4
1779334042.0,17,2,0.374532,s17_p2
1779334042.0,17,3,0.712819,s17_p3
1779334042.0,18,1,0.000000,s18_p1
1779334042.0,18,4,0.000000,s18_p4
1779334042.0,18,2,0.000000,s18_p2
1779334042.0,18,3,0.000000,s18_p3
1779334042.0,19,1,0.000000,s19_p1
1779334042.0,19,4,0.000000,s19_p4
1779334042.0,19,2,0.000000,s19_p2
1779334042.0,19,3,0.000000,s19_p3
1779334042.0,6,1,0.000000,s6_p1
1779334042.0,6,4,0.000000,s6_p4
1779334042.0,6,2,0.000000,s6_p2
1779334042.0,6,3,0.093749,s6_p3
1779334042.0,19,1,0.000000,s19_p1
1779334042.0,19,4,0.000000,s19_p4
1779334042.0,19,2,0.000000,s19_p2
1779334042.0,19,3,0.000000,s19_p3
1779334042.0,1,4,0.031228,s1_p4
1779334042.0,1,1,0.103292,s1_p1
1779334042.0,1,2,0.000000,s1_p2
1779334042.0,1,3,0.000000,s1_p3
1779334042.0,15,4,0.000000,s15_p4
1779334042.0,15,1,0.026448,s15_p1
1779334042.0,15,2,0.069727,s15_p2
1779334042.0,15,3,0.721313,s15_p3
1779334042.0,3,4,0.000000,s3_p4
1779334042.0,3,1,0.000000,s3_p1
1779334042.0,3,2,0.000000,s3_p2
1779334042.0,3,3,0.206502,s3_p3
1779334042.0,14,1,0.000000,s14_p1
1779334042.0,14,4,0.000000,s14_p4
1779334042.0,14,2,0.000000,s14_p2
1779334042.0,14,3,0.000000,s14_p3
1779334042.0,10,4,0.156097,s10_p4
1779334042.0,10,1,0.000000,s10_p1
1779334042.0,10,2,0.000000,s10_p2
1779334042.0,10,3,0.000000,s10_p3
1779334042.0,18,1,0.000000,s18_p1
1779334042.0,18,4,0.000000,s18_p4
1779334042.0,18,2,0.000000,s18_p2
1779334042.0,18,3,0.000000,s18_p3
1779334042.0,4,4,0.000000,s4_p4
1779334042.0,4,1,0.000000,s4_p1
1779334042.0,4,2,0.074415,s4_p2
1779334042.0,4,3,0.124824,s4_p3
1779334042.0,13,4,0.000000,s13_p4
1779334042.0,13,1,0.144031,s13_p1
1779334042.0,13,2,0.000000,s13_p2
1779334042.0,13,3,0.852181,s13_p3
1779334042.0,20,1,0.000000,s20_p1
1779334042.0,20,4,0.156027,s20_p4
1779334042.0,20,2,0.000000,s20_p2
1779334042.0,20,3,0.000000,s20_p3
1779334042.0,12,4,0.000000,s12_p4
1779334042.0,12,1,0.000000,s12_p1
1779334042.0,12,2,0.000000,s12_p2
1779334042.0,12,3,0.000000,s12_p3
1779334042.0,7,1,0.031201,s7_p1
1779334042.0,7,4,0.000000,s7_p4
1779334042.0,7,2,0.026401,s7_p2
1779334042.0,7,3,0.000000,s7_p3
1779334042.0,8,4,0.000000,s8_p4
1779334042.0,8,1,0.000000,s8_p1
1779334042.0,8,2,0.069597,s8_p2
1779334042.0,8,3,0.143994,s8_p3
1779334042.0,5,4,0.000000,s5_p4
1779334042.0,5,1,0.000000,s5_p1
1779334042.0,5,2,0.144102,s5_p2
1779334042.0,5,3,0.074453,s5_p3
1779334042.0,2,1,0.067205,s2_p1
1779334042.0,2,4,0.000000,s2_p4
1779334042.0,2,2,0.028802,s2_p2
1779334042.0,2,3,0.000000,s2_p3
1779334042.0,11,4,0.000000,s11_p4
1779334042.0,11,1,0.000000,s11_p1
1779334042.0,11,2,0.074404,s11_p2
1779334042.0,11,3,1.000000,s11_p3
1779334042.0,17,1,0.996050,s17_p1
1779334042.0,17,4,0.480024,s17_p4
1779334042.0,17,2,0.372019,s17_p2
1779334042.0,17,3,0.708035,s17_p3
1779334042.0,9,4,0.000000,s9_p4
1779334042.0,9,1,0.105588,s9_p1
1779334042.0,9,2,0.095989,s9_p2
1779334042.0,9,3,0.000000,s9_p3
1779334042.0,16,1,0.031193,s16_p1
1779334042.0,16,4,0.000000,s16_p4
1779334042.0,16,2,0.000000,s16_p2
1779334042.0,16,3,0.000000,s16_p3
1779334043.0,19,1,0.000000,s19_p1
1779334043.0,19,4,0.000000,s19_p4
1779334043.0,19,2,0.000000,s19_p2
1779334043.0,19,3,0.000000,s19_p3
1779334043.0,15,4,0.000000,s15_p4
1779334043.0,15,1,0.026616,s15_p1
1779334043.0,15,2,0.070170,s15_p2
1779334043.0,15,3,0.701702,s15_p3
1779334043.0,14,1,0.000000,s14_p1
1779334043.0,14,4,0.000000,s14_p4
1779334043.0,14,2,0.000000,s14_p2
1779334043.0,14,3,0.000000,s14_p3
1779334043.0,7,1,0.031510,s7_p1
1779334043.0,7,4,0.000000,s7_p4
1779334043.0,7,2,0.026662,s7_p2
1779334043.0,7,3,0.000000,s7_p3
1779334043.0,10,4,0.157289,s10_p4
1779334043.0,10,1,0.000000,s10_p1
1779334043.0,10,2,0.000000,s10_p2
1779334043.0,10,3,0.000000,s10_p3
1779334043.0,8,4,0.000000,s8_p4
1779334043.0,8,1,0.000000,s8_p1
1779334043.0,8,2,0.070289,s8_p2
1779334043.0,8,3,0.140579,s8_p3
1779334043.0,5,4,0.000000,s5_p4
1779334043.0,5,1,0.000000,s5_p1
1779334043.0,5,2,0.142874,s5_p2
1779334043.0,5,3,0.072648,s5_p3
1779334043.0,16,1,0.031503,s16_p1
1779334043.0,16,4,0.000000,s16_p4
1779334043.0,16,2,0.000000,s16_p2
1779334043.0,16,3,0.000000,s16_p3
1779334043.0,9,4,0.000000,s9_p4
1779334043.0,9,1,0.104196,s9_p1
1779334043.0,9,2,0.094503,s9_p2
1779334043.0,9,3,0.000000,s9_p3
1779334043.0,4,4,0.000000,s4_p4
1779334043.0,4,1,0.000000,s4_p1
1779334043.0,4,2,0.072610,s4_p2
1779334043.0,4,3,0.121017,s4_p3
1779334043.0,20,1,0.000000,s20_p1
1779334043.0,20,4,0.157354,s20_p4
1779334043.0,20,2,0.000000,s20_p2
1779334043.0,20,3,0.000000,s20_p3
1779334043.0,12,4,0.000000,s12_p4
1779334043.0,12,1,0.000000,s12_p1
1779334043.0,12,2,0.000000,s12_p2
1779334043.0,12,3,0.000000,s12_p3
1779334043.0,6,1,0.000000,s6_p1
1779334043.0,6,4,0.000000,s6_p4
1779334043.0,6,2,0.000000,s6_p2
1779334043.0,6,3,0.096507,s6_p3
1779334043.0,1,4,0.031411,s1_p4
1779334043.0,1,1,0.106315,s1_p1
1779334043.0,1,2,0.000000,s1_p2
1779334043.0,1,3,0.000000,s1_p3
1779334043.0,2,1,0.077520,s2_p1
1779334043.0,2,4,0.000000,s2_p4
1779334043.0,2,2,0.016957,s2_p2
1779334043.0,2,3,0.000000,s2_p3
1779334043.0,13,4,0.000000,s13_p4
1779334043.0,13,1,0.140386,s13_p1
1779334043.0,13,2,0.000000,s13_p2
1779334043.0,13,3,0.847159,s13_p3
1779334043.0,3,4,0.000000,s3_p4
1779334043.0,3,1,0.000000,s3_p1
1779334043.0,3,2,0.000000,s3_p2
1779334043.0,3,3,0.205411,s3_p3
1779334043.0,17,1,1.000000,s17_p1
1779334043.0,17,4,0.484530,s17_p4
1779334043.0,17,2,0.363398,s17_p2
1779334043.0,17,3,0.714682,s17_p3
1779334043.0,18,1,0.000000,s18_p1
1779334043.0,18,4,0.000000,s18_p4
1779334043.0,18,2,0.000000,s18_p2
1779334043.0,18,3,0.000000,s18_p3
1779334043.0,11,4,0.000000,s11_p4
1779334043.0,11,1,0.000000,s11_p1
1779334043.0,11,2,0.072672,s11_p2
1779334043.0,11,3,0.993181,s11_p3
1779334043.0,19,1,0.000000,s19_p1
1779334043.0,19,4,0.000000,s19_p4
1779334043.0,19,2,0.000000,s19_p2
1779334043.0,19,3,0.000000,s19_p3
1779334043.0,14,1,0.000000,s14_p1
1779334043.0,14,4,0.000000,s14_p4
1779334043.0,14,2,0.000000,s14_p2
1779334043.0,14,3,0.000000,s14_p3
1779334043.0,1,4,0.031495,s1_p4
1779334043.0,1,1,0.109022,s1_p1
1779334043.0,1,2,0.000000,s1_p2
1779334043.0,1,3,0.000000,s1_p3
1779334043.0,10,4,0.157286,s10_p4
1779334043.0,10,1,0.000000,s10_p1
1779334043.0,10,2,0.000000,s10_p2
1779334043.0,10,3,0.000000,s10_p3
1779334043.0,3,4,0.000000,s3_p4
1779334043.0,3,1,0.000000,s3_p1
1779334043.0,3,2,0.000000,s3_p2
1779334043.0,3,3,0.208355,s3_p3
1779334043.0,6,1,0.000000,s6_p1
1779334043.0,6,4,0.000000,s6_p4
1779334043.0,6,2,0.000000,s6_p2
1779334043.0,6,3,0.094477,s6_p3
1779334043.0,4,4,0.000000,s4_p4
1779334043.0,4,1,0.000000,s4_p1
1779334043.0,4,2,0.075056,s4_p2
1779334043.0,4,3,0.123478,s4_p3
1779334043.0,15,4,0.000000,s15_p4
1779334043.0,15,1,0.026599,s15_p1
1779334043.0,15,2,0.067706,s15_p2
1779334043.0,15,3,0.713336,s15_p3
1779334043.0,13,4,0.000000,s13_p4
1779334043.0,13,1,0.142847,s13_p1
1779334043.0,13,2,0.000000,s13_p2
1779334043.0,13,3,0.847398,s13_p3
1779334043.0,20,1,0.000000,s20_p1
1779334043.0,20,4,0.157354,s20_p4
1779334043.0,20,2,0.000000,s20_p2
1779334043.0,20,3,0.000000,s20_p3
1779334043.0,8,4,0.000000,s8_p4
1779334043.0,8,1,0.000000,s8_p1
1779334043.0,8,2,0.067683,s8_p2
1779334043.0,8,3,0.142618,s8_p3
1779334043.0,7,1,0.031420,s7_p1
1779334043.0,7,4,0.000000,s7_p4
1779334043.0,7,2,0.026586,s7_p2
1779334043.0,7,3,0.000000,s7_p3
1779334043.0,11,4,0.000000,s11_p4
1779334043.0,11,1,0.000000,s11_p1
1779334043.0,11,2,0.074971,s11_p2
1779334043.0,11,3,1.000000,s11_p3
1779334043.0,12,4,0.000000,s12_p4
1779334043.0,12,1,0.000000,s12_p1
1779334043.0,12,2,0.000000,s12_p2
1779334043.0,12,3,0.000000,s12_p3
1779334043.0,5,4,0.000000,s5_p4
1779334043.0,5,1,0.000000,s5_p1
1779334043.0,5,2,0.140201,s5_p2
1779334043.0,5,3,0.074935,s5_p3
1779334043.0,18,1,0.000000,s18_p1
1779334043.0,18,4,0.000000,s18_p4
1779334043.0,18,2,0.000000,s18_p2
1779334043.0,18,3,0.000000,s18_p3
1779334043.0,2,1,0.077365,s2_p1
1779334043.0,2,4,0.000000,s2_p4
1779334043.0,2,2,0.014506,s2_p2
1779334043.0,2,3,0.000000,s2_p3
1779334043.0,9,4,0.000000,s9_p4
1779334043.0,9,1,0.108774,s9_p1
1779334043.0,9,2,0.091854,s9_p2
1779334043.0,9,3,0.000000,s9_p3
1779334043.0,17,1,1.000000,s17_p1
1779334043.0,17,4,0.471416,s17_p4
1779334043.0,17,2,0.374715,s17_p2
1779334043.0,17,3,0.701080,s17_p3
1779334043.0,16,1,0.031420,s16_p1
1779334043.0,16,4,0.000000,s16_p4
1779334043.0,16,2,0.000000,s16_p2
1779334043.0,16,3,0.000000,s16_p3
1779334044.0,19,1,0.000000,s19_p1
1779334044.0,19,4,0.000000,s19_p4
1779334044.0,19,2,0.000000,s19_p2
1779334044.0,19,3,0.000000,s19_p3
1779334044.0,6,1,0.000000,s6_p1
1779334044.0,6,4,0.000000,s6_p4
1779334044.0,6,2,0.000000,s6_p2
1779334044.0,6,3,0.096451,s6_p3
1779334044.0,10,4,0.156704,s10_p4
1779334044.0,10,1,0.000000,s10_p1
1779334044.0,10,2,0.000000,s10_p2
1779334044.0,10,3,0.000000,s10_p3
1779334044.0,1,4,0.031338,s1_p4
1779334044.0,1,1,0.091604,s1_p1
1779334044.0,1,2,0.000000,s1_p2
1779334044.0,1,3,0.000000,s1_p3
1779334044.0,15,4,0.000000,s15_p4
1779334044.0,15,1,0.026533,s15_p1
1779334044.0,15,2,0.069950,s15_p2
1779334044.0,15,3,0.711561,s15_p3
1779334044.0,3,4,0.000000,s3_p4
1779334044.0,3,1,0.000000,s3_p1
1779334044.0,3,2,0.000000,s3_p2
1779334044.0,3,3,0.204901,s3_p3
1779334044.0,14,1,0.000000,s14_p1
1779334044.0,14,4,0.000000,s14_p4
1779334044.0,14,2,0.000000,s14_p2
1779334044.0,14,3,0.000000,s14_p3
1779334044.0,7,1,0.031342,s7_p1
1779334044.0,7,4,0.000000,s7_p4
1779334044.0,7,2,0.026520,s7_p2
1779334044.0,7,3,0.000000,s7_p3
1779334044.0,20,1,0.000000,s20_p1
1779334044.0,20,4,0.156620,s20_p4
1779334044.0,20,2,0.000000,s20_p2
1779334044.0,20,3,0.000000,s20_p3
1779334044.0,5,4,0.000000,s5_p4
1779334044.0,5,1,0.000000,s5_p1
1779334044.0,5,2,0.142335,s5_p2
1779334044.0,5,3,0.074786,s5_p3
1779334044.0,12,4,0.000000,s12_p4
1779334044.0,12,1,0.000000,s12_p1
1779334044.0,12,2,0.000000,s12_p2
1779334044.0,12,3,0.000000,s12_p3
1779334044.0,13,4,0.000000,s13_p4
1779334044.0,13,1,0.142132,s13_p1
1779334044.0,13,2,0.000000,s13_p2
1779334044.0,13,3,0.855204,s13_p3
1779334044.0,8,4,0.000000,s8_p4
1779334044.0,8,1,0.000000,s8_p1
1779334044.0,8,2,0.069889,s8_p2
1779334044.0,8,3,0.142187,s8_p3
1779334044.0,4,4,0.000000,s4_p4
1779334044.0,4,1,0.000000,s4_p1
1779334044.0,4,2,0.074665,s4_p2
1779334044.0,4,3,0.122836,s4_p3
1779334044.0,9,4,0.000000,s9_p4
1779334044.0,9,1,0.091628,s9_p1
1779334044.0,9,2,0.108506,s9_p2
1779334044.0,9,3,0.000000,s9_p3
1779334044.0,17,1,1.000000,s17_p1
1779334044.0,17,4,0.482243,s17_p4
1779334044.0,17,2,0.373738,s17_p2
1779334044.0,17,3,0.723364,s17_p3
1779334044.0,2,1,0.079558,s2_p1
1779334044.0,2,4,0.000000,s2_p4
1779334044.0,2,2,0.028930,s2_p2
1779334044.0,2,3,0.000000,s2_p3
1779334044.0,11,4,0.000000,s11_p4
1779334044.0,11,1,0.000000,s11_p1
1779334044.0,11,2,0.074720,s11_p2
1779334044.0,11,3,1.000000,s11_p3
1779334044.0,18,1,0.000000,s18_p1
1779334044.0,18,4,0.000000,s18_p4
1779334044.0,18,2,0.000000,s18_p2
1779334044.0,18,3,0.000000,s18_p3
1779334044.0,16,1,0.031344,s16_p1
1779334044.0,16,4,0.000000,s16_p4
1779334044.0,16,2,0.000000,s16_p2
1779334044.0,16,3,0.000000,s16_p3
1779334044.0,6,1,0.000000,s6_p1
1779334044.0,6,4,0.000000,s6_p4
1779334044.0,6,2,0.000000,s6_p2
1779334044.0,6,3,0.096743,s6_p3
1779334044.0,1,4,0.031427,s1_p4
1779334044.0,1,1,0.106368,s1_p1
1779334044.0,1,2,0.000000,s1_p2
1779334044.0,1,3,0.000000,s1_p3
1779334044.0,14,1,0.000000,s14_p1
1779334044.0,14,4,0.000000,s14_p4
1779334044.0,14,2,0.000000,s14_p2
1779334044.0,14,3,0.000000,s14_p3
1779334044.0,3,4,0.000000,s3_p4
1779334044.0,3,1,0.000000,s3_p1
1779334044.0,3,2,0.000000,s3_p2
1779334044.0,3,3,0.205477,s3_p3
1779334044.0,10,4,0.157105,s10_p4
1779334044.0,10,1,0.000000,s10_p1
1779334044.0,10,2,0.000000,s10_p2
1779334044.0,10,3,0.000000,s10_p3
1779334044.0,8,4,0.000000,s8_p4
1779334044.0,8,1,0.000000,s8_p1
1779334044.0,8,2,0.070114,s8_p2
1779334044.0,8,3,0.142647,s8_p3
1779334044.0,13,4,0.000000,s13_p4
1779334044.0,13,1,0.142630,s13_p1
1779334044.0,13,2,0.000000,s13_p2
1779334044.0,13,3,0.858195,s13_p3
1779334044.0,7,1,0.031417,s7_p1
1779334044.0,7,4,0.000000,s7_p4
1779334044.0,7,2,0.026583,s7_p2
1779334044.0,7,3,0.000000,s7_p3
1779334044.0,15,4,0.000000,s15_p4
1779334044.0,15,1,0.026554,s15_p1
1779334044.0,15,2,0.070007,s15_p2
1779334044.0,15,3,0.712141,s15_p3
1779334044.0,16,1,0.031424,s16_p1
1779334044.0,16,4,0.000000,s16_p4
1779334044.0,16,2,0.000000,s16_p2
1779334044.0,16,3,0.000000,s16_p3
1779334044.0,18,1,0.000000,s18_p1
1779334044.0,18,4,0.000000,s18_p4
1779334044.0,18,2,0.000000,s18_p2
1779334044.0,18,3,0.000000,s18_p3
1779334044.0,9,4,0.000000,s9_p4
1779334044.0,9,1,0.106328,s9_p1
1779334044.0,9,2,0.094245,s9_p2
1779334044.0,9,3,0.000000,s9_p3
1779334044.0,2,1,0.070085,s2_p1
1779334044.0,2,4,0.000000,s2_p4
1779334044.0,2,2,0.024167,s2_p2
1779334044.0,2,3,0.000000,s2_p3
1779334044.0,12,4,0.000000,s12_p4
1779334044.0,12,1,0.000000,s12_p1
1779334044.0,12,2,0.000000,s12_p2
1779334044.0,12,3,0.000000,s12_p3
1779334044.0,17,1,0.990783,s17_p1
1779334044.0,17,4,0.483309,s17_p4
1779334044.0,17,2,0.374564,s17_p2
1779334044.0,17,3,0.700797,s17_p3
1779334044.0,20,1,0.000000,s20_p1
1779334044.0,20,4,0.156945,s20_p4
1779334044.0,20,2,0.000000,s20_p2
1779334044.0,20,3,0.000000,s20_p3
1779334044.0,19,1,0.000000,s19_p1
1779334044.0,19,4,0.000000,s19_p4
1779334044.0,19,2,0.000000,s19_p2
1779334044.0,19,3,0.000000,s19_p3
1779334044.0,5,4,0.000000,s5_p4
1779334044.0,5,1,0.000000,s5_p1
1779334044.0,5,2,0.142468,s5_p2
1779334044.0,5,3,0.074856,s5_p3
1779334044.0,11,4,0.000000,s11_p4
1779334044.0,11,1,0.000000,s11_p1
1779334044.0,11,2,0.074912,s11_p2
1779334044.0,11,3,1.000000,s11_p3
1779334044.0,4,4,0.000000,s4_p4
1779334044.0,4,1,0.000000,s4_p1
1779334044.0,4,2,0.074863,s4_p2
1779334044.0,4,3,0.123162,s4_p3
1779334045.0,14,1,0.000000,s14_p1
1779334045.0,14,4,0.000000,s14_p4
1779334045.0,14,2,0.000000,s14_p2
1779334045.0,14,3,0.000000,s14_p3
1779334045.0,6,1,0.000000,s6_p1
1779334045.0,6,4,0.000000,s6_p4
1779334045.0,6,2,0.000000,s6_p2
1779334045.0,6,3,0.096579,s6_p3
1779334045.0,1,4,0.031392,s1_p4
1779334045.0,1,1,0.103836,s1_p1
1779334045.0,1,2,0.000000,s1_p2
1779334045.0,1,3,0.000000,s1_p3
1779334045.0,3,4,0.000000,s3_p4
1779334045.0,3,1,0.000000,s3_p1
1779334045.0,3,2,0.000000,s3_p2
1779334045.0,3,3,0.205257,s3_p3
1779334045.0,10,4,0.156960,s10_p4
1779334045.0,10,1,0.000000,s10_p1
1779334045.0,10,2,0.000000,s10_p2
1779334045.0,10,3,0.000000,s10_p3
1779334045.0,15,4,0.000000,s15_p4
1779334045.0,15,1,0.029014,s15_p1
1779334045.0,15,2,0.067700,s15_p2
1779334045.0,15,3,0.713270,s15_p3
1779334045.0,7,1,0.031414,s7_p1
1779334045.0,7,4,0.000000,s7_p4
1779334045.0,7,2,0.028997,s7_p2
1779334045.0,7,3,0.000000,s7_p3
1779334045.0,20,1,0.000000,s20_p1
1779334045.0,20,4,0.157208,s20_p4
1779334045.0,20,2,0.000000,s20_p2
1779334045.0,20,3,0.000000,s20_p3
1779334045.0,8,4,0.000000,s8_p4
1779334045.0,8,1,0.000000,s8_p1
1779334045.0,8,2,0.067642,s8_p2
1779334045.0,8,3,0.142531,s8_p3
1779334045.0,13,4,0.000000,s13_p4
1779334045.0,13,1,0.142541,s13_p1
1779334045.0,13,2,0.000000,s13_p2
1779334045.0,13,3,0.857659,s13_p3
1779334045.0,18,1,0.000000,s18_p1
1779334045.0,18,4,0.000000,s18_p4
1779334045.0,18,2,0.000000,s18_p2
1779334045.0,18,3,0.000000,s18_p3
1779334045.0,12,4,0.000000,s12_p4
1779334045.0,12,1,0.000000,s12_p1
1779334045.0,12,2,0.000000,s12_p2
1779334045.0,12,3,0.000000,s12_p3
1779334045.0,4,4,0.000000,s4_p4
1779334045.0,4,1,0.000000,s4_p1
1779334045.0,4,2,0.074928,s4_p2
1779334045.0,4,3,0.123268,s4_p3
1779334045.0,5,4,0.000000,s5_p4
1779334045.0,5,1,0.000000,s5_p1
1779334045.0,5,2,0.142585,s5_p2
1779334045.0,5,3,0.074918,s5_p3
1779334045.0,16,1,0.031396,s16_p1
1779334045.0,16,4,0.000000,s16_p4
1779334045.0,16,2,0.000000,s16_p2
1779334045.0,16,3,0.000000,s16_p3
1779334045.0,17,1,1.000000,s17_p1
1779334045.0,17,4,0.483049,s17_p4
1779334045.0,17,2,0.374363,s17_p2
1779334045.0,17,3,0.712497,s17_p3
1779334045.0,11,4,0.000000,s11_p4
1779334045.0,11,1,0.000000,s11_p1
1779334045.0,11,2,0.074875,s11_p2
1779334045.0,11,3,0.990286,s11_p3
1779334045.0,2,1,0.077276,s2_p1
1779334045.0,2,4,0.000000,s2_p4
1779334045.0,2,2,0.016904,s2_p2
1779334045.0,2,3,0.000000,s2_p3
1779334045.0,19,1,0.000000,s19_p1
1779334045.0,19,4,0.000000,s19_p4
1779334045.0,19,2,0.000000,s19_p2
1779334045.0,19,3,0.000000,s19_p3
1779334045.0,9,4,0.000000,s9_p4
1779334045.0,9,1,0.103802,s9_p1
1779334045.0,9,2,0.094146,s9_p2
1779334045.0,9,3,0.000000,s9_p3
1779334045.0,3,4,0.000000,s3_p4
1779334045.0,3,1,0.000000,s3_p1
1779334045.0,3,2,0.000000,s3_p2
1779334045.0,3,3,0.207431,s3_p3
1779334045.0,1,4,0.031348,s1_p4
1779334045.0,1,1,0.094043,s1_p1
1779334045.0,1,2,0.000000,s1_p2
1779334045.0,1,3,0.000000,s1_p3
1779334045.0,8,4,0.000000,s8_p4
1779334045.0,8,1,0.000000,s8_p1
1779334045.0,8,2,0.069986,s8_p2
1779334045.0,8,3,0.142386,s8_p3
1779334045.0,19,1,0.000000,s19_p1
1779334045.0,19,4,0.000000,s19_p4
1779334045.0,19,2,0.000000,s19_p2
1779334045.0,19,3,0.000000,s19_p3
1779334045.0,14,1,0.000000,s14_p1
1779334045.0,14,4,0.000000,s14_p4
1779334045.0,14,2,0.000000,s14_p2
1779334045.0,14,3,0.000000,s14_p3
1779334045.0,6,1,0.000000,s6_p1
1779334045.0,6,4,0.000000,s6_p4
1779334045.0,6,2,0.000000,s6_p2
1779334045.0,6,3,0.096393,s6_p3
1779334045.0,7,1,0.031366,s7_p1
1779334045.0,7,4,0.000000,s7_p4
1779334045.0,7,2,0.026541,s7_p2
1779334045.0,7,3,0.000000,s7_p3
1779334045.0,10,4,0.156737,s10_p4
1779334045.0,10,1,0.000000,s10_p1
1779334045.0,10,2,0.000000,s10_p2
1779334045.0,10,3,0.000000,s10_p3
1779334045.0,13,4,0.000000,s13_p4
1779334045.0,13,1,0.142368,s13_p1
1779334045.0,13,2,0.000000,s13_p2
1779334045.0,13,3,0.844557,s13_p3
1779334045.0,11,4,0.000000,s11_p4
1779334045.0,11,1,0.000000,s11_p1
1779334045.0,11,2,0.074837,s11_p2
1779334045.0,11,3,1.000000,s11_p3
1779334045.0,9,4,0.000000,s9_p4
1779334045.0,9,1,0.094182,s9_p1
1779334045.0,9,2,0.106257,s9_p2
1779334045.0,9,3,0.000000,s9_p3
1779334045.0,20,1,0.000000,s20_p1
1779334045.0,20,4,0.156682,s20_p4
1779334045.0,20,2,0.000000,s20_p2
1779334045.0,20,3,0.000000,s20_p3
1779334045.0,16,1,0.031375,s16_p1
1779334045.0,16,4,0.000000,s16_p4
1779334045.0,16,2,0.000000,s16_p2
1779334045.0,16,3,0.000000,s16_p3
1779334045.0,15,4,0.000000,s15_p4
1779334045.0,15,1,0.026498,s15_p1
1779334045.0,15,2,0.069857,s15_p2
1779334045.0,15,3,0.710615,s15_p3
1779334045.0,2,1,0.072417,s2_p1
1779334045.0,2,4,0.000000,s2_p4
1779334045.0,2,2,0.033795,s2_p2
1779334045.0,2,3,0.000000,s2_p3
1779334045.0,4,4,0.000000,s4_p4
1779334045.0,4,1,0.000000,s4_p1
1779334045.0,4,2,0.072363,s4_p2
1779334045.0,4,3,0.123017,s4_p3
1779334045.0,5,4,0.000000,s5_p4
1779334045.0,5,1,0.000000,s5_p1
1779334045.0,5,2,0.142318,s5_p2
1779334045.0,5,3,0.074777,s5_p3
1779334045.0,18,1,0.000000,s18_p1
1779334045.0,18,4,0.000000,s18_p4
1779334045.0,18,2,0.000000,s18_p2
1779334045.0,18,3,0.000000,s18_p3
1779334045.0,17,1,1.000000,s17_p1
1779334045.0,17,4,0.482661,s17_p4
1779334045.0,17,2,0.374063,s17_p2
1779334045.0,17,3,0.711926,s17_p3
1779334045.0,12,4,0.000000,s12_p4
1779334045.0,12,1,0.000000,s12_p1
1779334045.0,12,2,0.000000,s12_p2
1779334045.0,12,3,0.000000,s12_p3
1779334046.0,1,4,0.031343,s1_p4
1779334046.0,1,1,0.096440,s1_p1
1779334046.0,1,2,0.000000,s1_p2
1779334046.0,1,3,0.000000,s1_p3
1779334046.0,19,1,0.000000,s19_p1
1779334046.0,19,4,0.000000,s19_p4
1779334046.0,19,2,0.000000,s19_p2
1779334046.0,19,3,0.000000,s19_p3
1779334046.0,10,4,0.156710,s10_p4
1779334046.0,10,1,0.000000,s10_p1
1779334046.0,10,2,0.000000,s10_p2
1779334046.0,10,3,0.000000,s10_p3
1779334046.0,14,1,0.000000,s14_p1
1779334046.0,14,4,0.000000,s14_p4
1779334046.0,14,2,0.000000,s14_p2
1779334046.0,14,3,0.000000,s14_p3
1779334046.0,7,1,0.031340,s7_p1
1779334046.0,7,4,0.000000,s7_p4
1779334046.0,7,2,0.026518,s7_p2
1779334046.0,7,3,0.000000,s7_p3
1779334046.0,17,1,1.000000,s17_p1
1779334046.0,17,4,0.470665,s17_p4
1779334046.0,17,2,0.362050,s17_p2
1779334046.0,17,3,0.712032,s17_p3
1779334046.0,3,4,0.000000,s3_p4
1779334046.0,3,1,0.000000,s3_p1
1779334046.0,3,2,0.000000,s3_p2
1779334046.0,3,3,0.207256,s3_p3
1779334046.0,11,4,0.000000,s11_p4
1779334046.0,11,1,0.000000,s11_p1
1779334046.0,11,2,0.072386,s11_p2
1779334046.0,11,3,1.000000,s11_p3
1779334046.0,6,1,0.000000,s6_p1
1779334046.0,6,4,0.000000,s6_p4
1779334046.0,6,2,0.000000,s6_p2
1779334046.0,6,3,0.094007,s6_p3
1779334046.0,15,4,0.000000,s15_p4
1779334046.0,15,1,0.026543,s15_p1
1779334046.0,15,2,0.067563,s15_p2
1779334046.0,15,3,0.711829,s15_p3
1779334046.0,12,4,0.000000,s12_p4
1779334046.0,12,1,0.000000,s12_p1
1779334046.0,12,2,0.000000,s12_p2
1779334046.0,12,3,0.000000,s12_p3
1779334046.0,16,1,0.031366,s16_p1
1779334046.0,16,4,0.000000,s16_p4
1779334046.0,16,2,0.000000,s16_p2
1779334046.0,16,3,0.000000,s16_p3
1779334046.0,5,4,0.000000,s5_p4
1779334046.0,5,1,0.000000,s5_p1
1779334046.0,5,2,0.142361,s5_p2
1779334046.0,5,3,0.072387,s5_p3
1779334046.0,4,4,0.000000,s4_p4
1779334046.0,4,1,0.000000,s4_p1
1779334046.0,4,2,0.074793,s4_p2
1779334046.0,4,3,0.123047,s4_p3
1779334046.0,18,1,0.000000,s18_p1
1779334046.0,18,4,0.000000,s18_p4
1779334046.0,18,2,0.000000,s18_p2
1779334046.0,18,3,0.000000,s18_p3
1779334046.0,13,4,0.000000,s13_p4
1779334046.0,13,1,0.142190,s13_p1
1779334046.0,13,2,0.000000,s13_p2
1779334046.0,13,3,0.843501,s13_p3
1779334046.0,20,1,0.000000,s20_p1
1779334046.0,20,4,0.156800,s20_p4
1779334046.0,20,2,0.000000,s20_p2
1779334046.0,20,3,0.000000,s20_p3
1779334046.0,2,1,0.086846,s2_p1
1779334046.0,2,4,0.000000,s2_p4
1779334046.0,2,2,0.016887,s2_p2
1779334046.0,2,3,0.000000,s2_p3
1779334046.0,8,4,0.000000,s8_p4
1779334046.0,8,1,0.000000,s8_p1
1779334046.0,8,2,0.067465,s8_p2
1779334046.0,8,3,0.142159,s8_p3
1779334046.0,9,4,0.000000,s9_p4
1779334046.0,9,1,0.096466,s9_p1
1779334046.0,9,2,0.103701,s9_p2
1779334046.0,9,3,0.000000,s9_p3
1779334046.0,6,1,0.000000,s6_p1
1779334046.0,6,4,0.000000,s6_p4
1779334046.0,6,2,0.000000,s6_p2
1779334046.0,6,3,0.096926,s6_p3
1779334046.0,10,4,0.145253,s10_p4
1779334046.0,10,1,0.000000,s10_p1
1779334046.0,10,2,0.000000,s10_p2
1779334046.0,10,3,0.000000,s10_p3
1779334046.0,14,1,0.000000,s14_p1
1779334046.0,14,4,0.000000,s14_p4
1779334046.0,14,2,0.000000,s14_p2
1779334046.0,14,3,0.000000,s14_p3
1779334046.0,1,4,0.029041,s1_p4
1779334046.0,1,1,0.099224,s1_p1
1779334046.0,1,2,0.000000,s1_p2
1779334046.0,1,3,0.000000,s1_p3
1779334046.0,3,4,0.000000,s3_p4
1779334046.0,3,1,0.000000,s3_p1
1779334046.0,3,2,0.000000,s3_p2
1779334046.0,3,3,0.203338,s3_p3
1779334046.0,4,4,0.000000,s4_p4
1779334046.0,4,1,0.000000,s4_p1
1779334046.0,4,2,0.075020,s4_p2
1779334046.0,4,3,0.123420,s4_p3
1779334046.0,15,4,0.000000,s15_p4
1779334046.0,15,1,0.026614,s15_p1
1779334046.0,15,2,0.070164,s15_p2
1779334046.0,15,3,0.713736,s15_p3
1779334046.0,8,4,0.000000,s8_p4
1779334046.0,8,1,0.000000,s8_p1
1779334046.0,8,2,0.070181,s8_p2
1779334046.0,8,3,0.142783,s8_p3
1779334046.0,13,4,0.000000,s13_p4
1779334046.0,13,1,0.142770,s13_p1
1779334046.0,13,2,0.000000,s13_p2
1779334046.0,13,3,0.859042,s13_p3
1779334046.0,7,1,0.029026,s7_p1
1779334046.0,7,4,0.000000,s7_p4
1779334046.0,7,2,0.026607,s7_p2
1779334046.0,7,3,0.000000,s7_p3
1779334046.0,20,1,0.000000,s20_p1
1779334046.0,20,4,0.145185,s20_p4
1779334046.0,20,2,0.000000,s20_p2
1779334046.0,20,3,0.000000,s20_p3
1779334046.0,16,1,0.031435,s16_p1
1779334046.0,16,4,0.000000,s16_p4
1779334046.0,16,2,0.000000,s16_p2
1779334046.0,16,3,0.000000,s16_p3
1779334046.0,5,4,0.000000,s5_p4
1779334046.0,5,1,0.000000,s5_p1
1779334046.0,5,2,0.142662,s5_p2
1779334046.0,5,3,0.074958,s5_p3
1779334046.0,18,1,0.000000,s18_p1
1779334046.0,18,4,0.000000,s18_p4
1779334046.0,18,2,0.000000,s18_p2
1779334046.0,18,3,0.000000,s18_p3
1779334046.0,12,4,0.000000,s12_p4
1779334046.0,12,1,0.000000,s12_p1
1779334046.0,12,2,0.000000,s12_p2
1779334046.0,12,3,0.000000,s12_p3
1779334046.0,9,4,0.000000,s9_p4
1779334046.0,9,1,0.099167,s9_p1
1779334046.0,9,2,0.101586,s9_p2
1779334046.0,9,3,0.000000,s9_p3
1779334046.0,2,1,0.074962,s2_p1
1779334046.0,2,4,0.000000,s2_p4
1779334046.0,2,2,0.026599,s2_p2
1779334046.0,2,3,0.000000,s2_p3
1779334046.0,17,1,1.000000,s17_p1
1779334046.0,17,4,0.483423,s17_p4
1779334046.0,17,2,0.374653,s17_p2
1779334046.0,17,3,0.713050,s17_p3
1779334046.0,19,1,0.000000,s19_p1
1779334046.0,19,4,0.000000,s19_p4
1779334046.0,19,2,0.000000,s19_p2
1779334046.0,19,3,0.000000,s19_p3
1779334046.0,11,4,0.000000,s11_p4
1779334046.0,11,1,0.000000,s11_p1
1779334046.0,11,2,0.074912,s11_p2
1779334046.0,11,3,1.000000,s11_p3
1779334047.0,14,1,0.000000,s14_p1
1779334047.0,14,4,0.000000,s14_p4
1779334047.0,14,2,0.000000,s14_p2
1779334047.0,14,3,0.000000,s14_p3
1779334047.0,3,4,0.000000,s3_p4
1779334047.0,3,1,0.000000,s3_p1
1779334047.0,3,2,0.000000,s3_p2
1779334047.0,3,3,0.207672,s3_p3
1779334047.0,1,4,0.031390,s1_p4
1779334047.0,1,1,0.099001,s1_p1
1779334047.0,1,2,0.000000,s1_p2
1779334047.0,1,3,0.000000,s1_p3
1779334047.0,6,1,0.000000,s6_p1
1779334047.0,6,4,0.000000,s6_p4
1779334047.0,6,2,0.000000,s6_p2
1779334047.0,6,3,0.094083,s6_p3
1779334047.0,10,4,0.156783,s10_p4
1779334047.0,10,1,0.000000,s10_p1
1779334047.0,10,2,0.000000,s10_p2
1779334047.0,10,3,0.000000,s10_p3
1779334047.0,19,1,0.000000,s19_p1
1779334047.0,19,4,0.000000,s19_p4
1779334047.0,19,2,0.000000,s19_p2
1779334047.0,19,3,0.000000,s19_p3
1779334047.0,8,4,0.000000,s8_p4
1779334047.0,8,1,0.000000,s8_p1
1779334047.0,8,2,0.067586,s8_p2
1779334047.0,8,3,0.142413,s8_p3
1779334047.0,15,4,0.000000,s15_p4
1779334047.0,15,1,0.026549,s15_p1
1779334047.0,15,2,0.067580,s15_p2
1779334047.0,15,3,0.712006,s15_p3
1779334047.0,7,1,0.031378,s7_p1
1779334047.0,7,4,0.000000,s7_p4
1779334047.0,7,2,0.026551,s7_p2
1779334047.0,7,3,0.000000,s7_p3
1779334047.0,4,4,0.000000,s4_p4
1779334047.0,4,1,0.000000,s4_p1
1779334047.0,4,2,0.074810,s4_p2
1779334047.0,4,3,0.123074,s4_p3
1779334047.0,5,4,0.000000,s5_p4
1779334047.0,5,1,0.000000,s5_p1
1779334047.0,5,2,0.142485,s5_p2
1779334047.0,5,3,0.074865,s5_p3
1779334047.0,20,1,0.000000,s20_p1
1779334047.0,20,4,0.156877,s20_p4
1779334047.0,20,2,0.000000,s20_p2
1779334047.0,20,3,0.000000,s20_p3
1779334047.0,13,4,0.000000,s13_p4
1779334047.0,13,1,0.142384,s13_p1
1779334047.0,13,2,0.000000,s13_p2
1779334047.0,13,3,0.844653,s13_p3
1779334047.0,9,4,0.000000,s9_p4
1779334047.0,9,1,0.098972,s9_p1
1779334047.0,9,2,0.101386,s9_p2
1779334047.0,9,3,0.000000,s9_p3
1779334047.0,12,4,0.000000,s12_p4
1779334047.0,12,1,0.000000,s12_p1
1779334047.0,12,2,0.000000,s12_p2
1779334047.0,12,3,0.000000,s12_p3
1779334047.0,18,1,0.000000,s18_p1
1779334047.0,18,4,0.000000,s18_p4
1779334047.0,18,2,0.000000,s18_p2
1779334047.0,18,3,0.000000,s18_p3
1779334047.0,2,1,0.077237,s2_p1
1779334047.0,2,4,0.000000,s2_p4
1779334047.0,2,2,0.024137,s2_p2
1779334047.0,2,3,0.000000,s2_p3
1779334047.0,16,1,0.028958,s16_p1
1779334047.0,16,4,0.000000,s16_p4
1779334047.0,16,2,0.000000,s16_p2
1779334047.0,16,3,0.000000,s16_p3
1779334047.0,17,1,1.000000,s17_p1
1779334047.0,17,4,0.482705,s17_p4
1779334047.0,17,2,0.374097,s17_p2
1779334047.0,17,3,0.711991,s17_p3
1779334047.0,11,4,0.000000,s11_p4
1779334047.0,11,1,0.000000,s11_p1
1779334047.0,11,2,0.074838,s11_p2
1779334047.0,11,3,1.000000,s11_p3
1779334047.0,8,4,0.000000,s8_p4
1779334047.0,8,1,0.000000,s8_p1
1779334047.0,8,2,0.069641,s8_p2
1779334047.0,8,3,0.141683,s8_p3
1779334047.0,13,4,0.000000,s13_p4
1779334047.0,13,1,0.141678,s13_p1
1779334047.0,13,2,0.000000,s13_p2
1779334047.0,13,3,0.852470,s13_p3
1779334047.0,14,1,0.000000,s14_p1
1779334047.0,14,4,0.000000,s14_p4
1779334047.0,14,2,0.000000,s14_p2
1779334047.0,14,3,0.000000,s14_p3
1779334047.0,19,1,0.000000,s19_p1
1779334047.0,19,4,0.000000,s19_p4
1779334047.0,19,2,0.000000,s19_p2
1779334047.0,19,3,0.000000,s19_p3
1779334047.0,10,4,0.156004,s10_p4
1779334047.0,10,1,0.000000,s10_p1
1779334047.0,10,2,0.000000,s10_p2
1779334047.0,10,3,0.000000,s10_p3
1779334047.0,7,1,0.031206,s7_p1
1779334047.0,7,4,0.000000,s7_p4
1779334047.0,7,2,0.026405,s7_p2
1779334047.0,7,3,0.000000,s7_p3
1779334047.0,4,4,0.000000,s4_p4
1779334047.0,4,1,0.000000,s4_p1
1779334047.0,4,2,0.074264,s4_p2
1779334047.0,4,3,0.122176,s4_p3
1779334047.0,17,1,0.994826,s17_p1
1779334047.0,17,4,0.479434,s17_p4
1779334047.0,17,2,0.371562,s17_p2
1779334047.0,17,3,0.719152,s17_p3
1779334047.0,15,4,0.000000,s15_p4
1779334047.0,15,1,0.026345,s15_p1
1779334047.0,15,2,0.069456,s15_p2
1779334047.0,15,3,0.706536,s15_p3
1779334047.0,5,4,0.000000,s5_p4
1779334047.0,5,1,0.000000,s5_p1
1779334047.0,5,2,0.141319,s5_p2
1779334047.0,5,3,0.074252,s5_p3
1779334047.0,9,4,0.000000,s9_p4
1779334047.0,9,1,0.105441,s9_p1
1779334047.0,9,2,0.093459,s9_p2
1779334047.0,9,3,0.000000,s9_p3
1779334047.0,1,4,0.031099,s1_p4
1779334047.0,1,1,0.105257,s1_p1
1779334047.0,1,2,0.000000,s1_p2
1779334047.0,1,3,0.000000,s1_p3
1779334047.0,18,1,0.000000,s18_p1
1779334047.0,18,4,0.000000,s18_p4
1779334047.0,18,2,0.000000,s18_p2
1779334047.0,18,3,0.000000,s18_p3
1779334047.0,2,1,0.071894,s2_p1
1779334047.0,2,4,0.000000,s2_p4
1779334047.0,2,2,0.021568,s2_p2
1779334047.0,2,3,0.000000,s2_p3
1779334047.0,6,1,0.000000,s6_p1
1779334047.0,6,4,0.000000,s6_p4
1779334047.0,6,2,0.000000,s6_p2
1779334047.0,6,3,0.095682,s6_p3
1779334047.0,20,1,0.000000,s20_p1
1779334047.0,20,4,0.155667,s20_p4
1779334047.0,20,2,0.000000,s20_p2
1779334047.0,20,3,0.000000,s20_p3
1779334047.0,16,1,0.031153,s16_p1
1779334047.0,16,4,0.000000,s16_p4
1779334047.0,16,2,0.000000,s16_p2
1779334047.0,16,3,0.000000,s16_p3
1779334047.0,11,4,0.000000,s11_p4
1779334047.0,11,1,0.000000,s11_p1
1779334047.0,11,2,0.074291,s11_p2
1779334047.0,11,3,0.994536,s11_p3
1779334047.0,3,4,0.000000,s3_p4
1779334047.0,3,1,0.000000,s3_p1
1779334047.0,3,2,0.000000,s3_p2
1779334047.0,3,3,0.203288,s3_p3
1779334047.0,12,4,0.000000,s12_p4
1779334047.0,12,1,0.000000,s12_p1
1779334047.0,12,2,0.000000,s12_p2
1779334047.0,12,3,0.000000,s12_p3
1779334048.0,1,4,0.068245,s1_p4
1779334048.0,1,1,0.078313,s1_p1
1779334048.0,1,2,0.056332,s1_p2
1779334048.0,1,3,0.000548,s1_p3
1779334048.0,10,4,0.704405,s10_p4
1779334048.0,10,1,0.056458,s10_p1
1779334048.0,10,2,0.000000,s10_p2
1779334048.0,10,3,0.000000,s10_p3
1779334048.0,8,4,0.145654,s8_p4
1779334048.0,8,1,0.000273,s8_p1
1779334048.0,8,2,0.031876,s8_p2
1779334048.0,8,3,0.063663,s8_p3
1779334048.0,3,4,0.000319,s3_p4
1779334048.0,3,1,0.000548,s3_p1
1779334048.0,3,2,0.029219,s3_p2
1779334048.0,3,3,0.236184,s3_p3
1779334048.0,15,4,0.000000,s15_p4
1779334048.0,15,1,0.029209,s15_p1
1779334048.0,15,2,0.032235,s15_p2
1779334048.0,15,3,0.600454,s15_p3
1779334048.0,13,4,0.000000,s13_p4
1779334048.0,13,1,0.063673,s13_p1
1779334048.0,13,2,0.000819,s13_p2
1779334048.0,13,3,0.611539,s13_p3
1779334048.0,7,1,0.016999,s7_p1
1779334048.0,7,4,0.000273,s7_p4
1779334048.0,7,2,0.029142,s7_p2
1779334048.0,7,3,0.056128,s7_p3
1779334048.0,14,1,0.109262,s14_p1
1779334048.0,14,4,0.182104,s14_p4
1779334048.0,14,2,0.050989,s14_p2
1779334048.0,14,3,0.000000,s14_p3
1779334048.0,4,4,0.000000,s4_p4
1779334048.0,4,1,0.038904,s4_p1
1779334048.0,4,2,0.134051,s4_p2
1779334048.0,4,3,0.127297,s4_p3
1779334048.0,16,1,0.017026,s16_p1
1779334048.0,16,4,0.548638,s16_p4
1779334048.0,16,2,0.000000,s16_p2
1779334048.0,16,3,0.000000,s16_p3
1779334048.0,18,1,0.000000,s18_p1
1779334048.0,18,4,0.000000,s18_p4
1779334048.0,18,2,0.000000,s18_p2
1779334048.0,18,3,0.000000,s18_p3
1779334048.0,2,1,0.102141,s2_p1
1779334048.0,2,4,0.087549,s2_p4
1779334048.0,2,2,0.021887,s2_p2
1779334048.0,2,3,0.000000,s2_p3
1779334048.0,12,4,0.001593,s12_p4
1779334048.0,12,1,0.029189,s12_p1
1779334048.0,12,2,0.102161,s12_p2
1779334048.0,12,3,0.000000,s12_p3
1779334048.0,5,4,0.036471,s5_p4
1779334048.0,5,1,0.112392,s5_p1
1779334048.0,5,2,0.063217,s5_p2
1779334048.0,5,3,0.071103,s5_p3
1779334048.0,20,1,0.282616,s20_p1
1779334048.0,20,4,0.085113,s20_p4
1779334048.0,20,2,0.656584,s20_p2
1779334048.0,20,3,0.267497,s20_p3
1779334048.0,17,1,1.000000,s17_p1
1779334048.0,17,4,0.294681,s17_p4
1779334048.0,17,2,0.356823,s17_p2
1779334048.0,17,3,0.310711,s17_p3
1779334048.0,11,4,0.000000,s11_p4
1779334048.0,11,1,0.000547,s11_p1
1779334048.0,11,2,0.070839,s11_p2
1779334048.0,11,3,0.999747,s11_p3
1779334048.0,19,1,0.000000,s19_p1
1779334048.0,19,4,0.000000,s19_p4
1779334048.0,19,2,0.000000,s19_p2
1779334048.0,19,3,0.000000,s19_p3
1779334048.0,9,4,0.000000,s9_p4
1779334048.0,9,1,0.077765,s9_p1
1779334048.0,9,2,0.123938,s9_p2
1779334048.0,9,3,0.002732,s9_p3
1779334048.0,6,1,0.053740,s6_p1
1779334048.0,6,4,0.111794,s6_p4
1779334048.0,6,2,0.000546,s6_p2
1779334048.0,6,3,0.051354,s6_p3
1779334048.0,19,1,0.000000,s19_p1
1779334048.0,19,4,0.000000,s19_p4
1779334048.0,19,2,0.000000,s19_p2
1779334048.0,19,3,0.000000,s19_p3
1779334048.0,6,1,0.091915,s6_p1
1779334048.0,6,4,0.157224,s6_p4
1779334048.0,6,2,0.000000,s6_p2
1779334048.0,6,3,0.000000,s6_p3
1779334048.0,10,4,1.000000,s10_p4
1779334048.0,10,1,0.106215,s10_p1
1779334048.0,10,2,0.000632,s10_p2
1779334048.0,10,3,0.000000,s10_p3
1779334048.0,1,4,0.074755,s1_p4
1779334048.0,1,1,0.040995,s1_p1
1779334048.0,1,2,0.106103,s1_p2
1779334048.0,1,3,0.000000,s1_p3
1779334048.0,3,4,0.000316,s3_p4
1779334048.0,3,1,0.000000,s3_p1
1779334048.0,3,2,0.041585,s3_p2
1779334048.0,3,3,0.086913,s3_p3
1779334048.0,14,1,0.159350,s14_p1
1779334048.0,14,4,0.253512,s14_p4
1779334048.0,14,2,0.094161,s14_p2
1779334048.0,14,3,0.000000,s14_p3
1779334048.0,7,1,0.000000,s7_p1
1779334048.0,7,4,0.000000,s7_p4
1779334048.0,7,2,0.086881,s7_p2
1779334048.0,7,3,0.084468,s7_p3
1779334048.0,15,4,0.000000,s15_p4
1779334048.0,15,1,0.086871,s15_p1
1779334048.0,15,2,0.000000,s15_p2
1779334048.0,15,3,0.422289,s15_p3
1779334048.0,8,4,0.265407,s8_p4
1779334048.0,8,1,0.000000,s8_p1
1779334048.0,8,2,0.000000,s8_p2
1779334048.0,8,3,0.000000,s8_p3
1779334048.0,13,4,0.000000,s13_p4
1779334048.0,13,1,0.000000,s13_p1
1779334048.0,13,2,0.000000,s13_p2
1779334048.0,13,3,0.000000,s13_p3
1779334048.0,18,1,0.000000,s18_p1
1779334048.0,18,4,0.000000,s18_p4
1779334048.0,18,2,0.000000,s18_p2
1779334048.0,18,3,0.000000,s18_p3
1779334048.0,5,4,0.050689,s5_p4
1779334048.0,5,1,0.156893,s5_p1
1779334048.0,5,2,0.000000,s5_p2
1779334048.0,5,3,0.000000,s5_p3
1779334048.0,12,4,0.003161,s12_p4
1779334048.0,12,1,0.041031,s12_p1
1779334048.0,12,2,0.159297,s12_p2
1779334048.0,12,3,0.000000,s12_p3
1779334048.0,2,1,0.118573,s2_p1
1779334048.0,2,4,0.144805,s2_p4
1779334048.0,2,2,0.041344,s2_p2
1779334048.0,2,3,0.001085,s2_p3
1779334048.0,17,1,1.000000,s17_p1
1779334048.0,17,4,0.434476,s17_p4
1779334048.0,17,2,0.005428,s17_p2
1779334048.0,17,3,0.000000,s17_p3
1779334048.0,20,1,0.534151,s20_p1
1779334048.0,20,4,0.000000,s20_p4
1779334048.0,20,2,1.000000,s20_p2
1779334048.0,20,3,0.458583,s20_p3
1779334048.0,11,4,0.000000,s11_p4
1779334048.0,11,1,0.000543,s11_p1
1779334048.0,11,2,0.000543,s11_p2
1779334048.0,11,3,0.796535,s11_p3
1779334048.0,4,4,0.000316,s4_p4
1779334048.0,4,1,0.053626,s4_p1
1779334048.0,4,2,0.106166,s4_p2
1779334048.0,4,3,0.000000,s4_p3
1779334048.0,16,1,0.000000,s16_p1
1779334048.0,16,4,1.000000,s16_p4
1779334048.0,16,2,0.000000,s16_p2
1779334048.0,16,3,0.000000,s16_p3
1779334048.0,9,4,0.000000,s9_p4
1779334048.0,9,1,0.041045,s9_p1
1779334048.0,9,2,0.159351,s9_p2
1779334048.0,9,3,0.005429,s9_p3
1779334049.0,14,1,0.159062,s14_p1
1779334049.0,14,4,0.253052,s14_p4
1779334049.0,14,2,0.096401,s14_p2
1779334049.0,14,3,0.000000,s14_p3
1779334049.0,1,4,0.072274,s1_p4
1779334049.0,1,1,0.000000,s1_p1
1779334049.0,1,2,0.103593,s1_p2
1779334049.0,1,3,0.000000,s1_p3
1779334049.0,6,1,0.096349,s6_p1
1779334049.0,6,4,0.158975,s6_p4
1779334049.0,6,2,0.000000,s6_p2
1779334049.0,6,3,0.000000,s6_p3
1779334049.0,10,4,0.998835,s10_p4
1779334049.0,10,1,0.103494,s10_p1
1779334049.0,10,2,0.000000,s10_p2
1779334049.0,10,3,0.000000,s10_p3
1779334049.0,15,4,0.000000,s15_p4
1779334049.0,15,1,0.072239,s15_p1
1779334049.0,15,2,0.000000,s15_p2
1779334049.0,15,3,0.409354,s15_p3
1779334049.0,8,4,0.264878,s8_p4
1779334049.0,8,1,0.000000,s8_p1
1779334049.0,8,2,0.000000,s8_p2
1779334049.0,8,3,0.000000,s8_p3
1779334049.0,3,4,0.000000,s3_p4
1779334049.0,3,1,0.000000,s3_p1
1779334049.0,3,2,0.026472,s3_p2
1779334049.0,3,3,0.072196,s3_p3
1779334049.0,4,4,0.000000,s4_p4
1779334049.0,4,1,0.057816,s4_p1
1779334049.0,4,2,0.115632,s4_p2
1779334049.0,4,3,0.000000,s4_p3
1779334049.0,7,1,0.000000,s7_p1
1779334049.0,7,4,0.000000,s7_p4
1779334049.0,7,2,0.072187,s7_p2
1779334049.0,7,3,0.081812,s7_p3
1779334049.0,13,4,0.000000,s13_p4
1779334049.0,13,1,0.000000,s13_p1
1779334049.0,13,2,0.000000,s13_p2
1779334049.0,13,3,0.000000,s13_p3
1779334049.0,18,1,0.000000,s18_p1
1779334049.0,18,4,0.000000,s18_p4
1779334049.0,18,2,0.000000,s18_p2
1779334049.0,18,3,0.000000,s18_p3
1779334049.0,20,1,0.529551,s20_p1
1779334049.0,20,4,0.000000,s20_p4
1779334049.0,20,2,0.998926,s20_p2
1779334049.0,20,3,0.481410,s20_p3
1779334049.0,12,4,0.000000,s12_p4
1779334049.0,12,1,0.026475,s12_p1
1779334049.0,12,2,0.173290,s12_p2
1779334049.0,12,3,0.000000,s12_p3
1779334049.0,5,4,0.052947,s5_p4
1779334049.0,5,1,0.158840,s5_p1
1779334049.0,5,2,0.000000,s5_p2
1779334049.0,5,3,0.000000,s5_p3
1779334049.0,17,1,0.409005,s17_p1
1779334049.0,17,4,0.360887,s17_p4
1779334049.0,17,2,0.000000,s17_p2
1779334049.0,17,3,0.000000,s17_p3
1779334049.0,16,1,0.000000,s16_p1
1779334049.0,16,4,0.998458,s16_p4
1779334049.0,16,2,0.000000,s16_p2
1779334049.0,16,3,0.000000,s16_p3
1779334049.0,11,4,0.000000,s11_p4
1779334049.0,11,1,0.000000,s11_p1
1779334049.0,11,2,0.000000,s11_p2
1779334049.0,11,3,0.360861,s11_p3
1779334049.0,2,1,0.081788,s2_p1
1779334049.0,2,4,0.144332,s2_p4
1779334049.0,2,2,0.000000,s2_p2
1779334049.0,2,3,0.000000,s2_p3
1779334049.0,9,4,0.000000,s9_p4
1779334049.0,9,1,0.000000,s9_p1
1779334049.0,9,2,0.081788,s9_p2
1779334049.0,9,3,0.000000,s9_p3
1779334049.0,19,1,0.000000,s19_p1
1779334049.0,19,4,0.000000,s19_p4
1779334049.0,19,2,0.000000,s19_p2
1779334049.0,19,3,0.000000,s19_p3
1779334049.0,19,1,0.000000,s19_p1
1779334049.0,19,4,0.000000,s19_p4
1779334049.0,19,2,0.000000,s19_p2
1779334049.0,19,3,0.000000,s19_p3
1779334049.0,14,1,0.157264,s14_p1
1779334049.0,14,4,0.266139,s14_p4
1779334049.0,14,2,0.091939,s14_p2
1779334049.0,14,3,0.000000,s14_p3
1779334049.0,3,4,0.000000,s3_p4
1779334049.0,3,1,0.000000,s3_p1
1779334049.0,3,2,0.014536,s3_p2
1779334049.0,3,3,0.070257,s3_p3
1779334049.0,10,4,1.000000,s10_p4
1779334049.0,10,1,0.108988,s10_p1
1779334049.0,10,2,0.000000,s10_p2
1779334049.0,10,3,0.000000,s10_p3
1779334049.0,6,1,0.091945,s6_p1
1779334049.0,6,4,0.157275,s6_p4
1779334049.0,6,2,0.000000,s6_p2
1779334049.0,6,3,0.000000,s6_p3
1779334049.0,1,4,0.072577,s1_p4
1779334049.0,1,1,0.000000,s1_p1
1779334049.0,1,2,0.108865,s1_p2
1779334049.0,1,3,0.000000,s1_p3
1779334049.0,5,4,0.050873,s5_p4
1779334049.0,5,1,0.159886,s5_p1
1779334049.0,5,2,0.000000,s5_p2
1779334049.0,5,3,0.000000,s5_p3
1779334049.0,17,1,0.411953,s17_p1
1779334049.0,17,4,0.351372,s17_p4
1779334049.0,17,2,0.000000,s17_p2
1779334049.0,17,3,0.000000,s17_p3
1779334049.0,8,4,0.266089,s8_p4
1779334049.0,8,1,0.000000,s8_p1
1779334049.0,8,2,0.000000,s8_p2
1779334049.0,8,3,0.000000,s8_p3
1779334049.0,13,4,0.000000,s13_p4
1779334049.0,13,1,0.000000,s13_p1
1779334049.0,13,2,0.000000,s13_p2
1779334049.0,13,3,0.000000,s13_p3
1779334049.0,15,4,0.000000,s15_p4
1779334049.0,15,1,0.070144,s15_p1
1779334049.0,15,2,0.000000,s15_p2
1779334049.0,15,3,0.411190,s15_p3
1779334049.0,20,1,0.532821,s20_p1
1779334049.0,20,4,0.000000,s20_p4
1779334049.0,20,2,0.992985,s20_p2
1779334049.0,20,3,0.460164,s20_p3
1779334049.0,12,4,0.000000,s12_p4
1779334049.0,12,1,0.014532,s12_p1
1779334049.0,12,2,0.184069,s12_p2
1779334049.0,12,3,0.000000,s12_p3
1779334049.0,2,1,0.082391,s2_p1
1779334049.0,2,4,0.142972,s2_p4
1779334049.0,2,2,0.000000,s2_p2
1779334049.0,2,3,0.000000,s2_p3
1779334049.0,7,1,0.000000,s7_p1
1779334049.0,7,4,0.000000,s7_p4
1779334049.0,7,2,0.070185,s7_p2
1779334049.0,7,3,0.082286,s7_p3
1779334049.0,18,1,0.000000,s18_p1
1779334049.0,18,4,0.000000,s18_p4
1779334049.0,18,2,0.000000,s18_p2
1779334049.0,18,3,0.000000,s18_p3
1779334049.0,4,4,0.000000,s4_p4
1779334049.0,4,1,0.060495,s4_p1
1779334049.0,4,2,0.123410,s4_p2
1779334049.0,4,3,0.000000,s4_p3
1779334049.0,9,4,0.000000,s9_p4
1779334049.0,9,1,0.000000,s9_p1
1779334049.0,9,2,0.082380,s9_p2
1779334049.0,9,3,0.000000,s9_p3
1779334049.0,16,1,0.000000,s16_p1
1779334049.0,16,4,0.993063,s16_p4
1779334049.0,16,2,0.000000,s16_p2
1779334049.0,16,3,0.000000,s16_p3
1779334049.0,11,4,0.000000,s11_p4
1779334049.0,11,1,0.000000,s11_p1
1779334049.0,11,2,0.000000,s11_p2
1779334049.0,11,3,0.351209,s11_p3
1779334050.0,6,1,0.094324,s6_p1
1779334050.0,6,4,0.159625,s6_p4
1779334050.0,6,2,0.000000,s6_p2
1779334050.0,6,3,0.000000,s6_p3
1779334050.0,14,1,0.159560,s14_p1
1779334050.0,14,4,0.253846,s14_p4
1779334050.0,14,2,0.094286,s14_p2
1779334050.0,14,3,0.000000,s14_p3
1779334050.0,8,4,0.263771,s8_p4
1779334050.0,8,1,0.000000,s8_p1
1779334050.0,8,2,0.000000,s8_p2
1779334050.0,8,3,0.000000,s8_p3
1779334050.0,10,4,1.000000,s10_p4
1779334050.0,10,1,0.106323,s10_p1
1779334050.0,10,2,0.000000,s10_p2
1779334050.0,10,3,0.000000,s10_p3
1779334050.0,3,4,0.000000,s3_p4
1779334050.0,3,1,0.000000,s3_p1
1779334050.0,3,2,0.021745,s3_p2
1779334050.0,3,3,0.072483,s3_p3
1779334050.0,1,4,0.074920,s1_p4
1779334050.0,1,1,0.000000,s1_p1
1779334050.0,1,2,0.106338,s1_p2
1779334050.0,1,3,0.000000,s1_p3
1779334050.0,4,4,0.000000,s4_p4
1779334050.0,4,1,0.058057,s4_p1
1779334050.0,4,2,0.120952,s4_p2
1779334050.0,4,3,0.000000,s4_p3
1779334050.0,15,4,0.000000,s15_p4
1779334050.0,15,1,0.072556,s15_p1
1779334050.0,15,2,0.000000,s15_p2
1779334050.0,15,3,0.423246,s15_p3
1779334050.0,7,1,0.000000,s7_p1
1779334050.0,7,4,0.000000,s7_p4
1779334050.0,7,2,0.072559,s7_p2
1779334050.0,7,3,0.084653,s7_p3
1779334050.0,13,4,0.000000,s13_p4
1779334050.0,13,1,0.000000,s13_p1
1779334050.0,13,2,0.000000,s13_p2
1779334050.0,13,3,0.000000,s13_p3
1779334050.0,5,4,0.050747,s5_p4
1779334050.0,5,1,0.157075,s5_p1
1779334050.0,5,2,0.000000,s5_p2
1779334050.0,5,3,0.000000,s5_p3
1779334050.0,2,1,0.084592,s2_p1
1779334050.0,2,4,0.145015,s2_p4
1779334050.0,2,2,0.000000,s2_p2
1779334050.0,2,3,0.000000,s2_p3
1779334050.0,17,1,0.422890,s17_p1
1779334050.0,17,4,0.362477,s17_p4
1779334050.0,17,2,0.000000,s17_p2
1779334050.0,17,3,0.000000,s17_p3
1779334050.0,12,4,0.000000,s12_p4
1779334050.0,12,1,0.021750,s12_p1
1779334050.0,12,2,0.178837,s12_p2
1779334050.0,12,3,0.000000,s12_p3
1779334050.0,11,4,0.000000,s11_p4
1779334050.0,11,1,0.000000,s11_p1
1779334050.0,11,2,0.000000,s11_p2
1779334050.0,11,3,0.362655,s11_p3
1779334050.0,18,1,0.000000,s18_p1
1779334050.0,18,4,0.000000,s18_p4
1779334050.0,18,2,0.000000,s18_p2
1779334050.0,18,3,0.000000,s18_p3
1779334050.0,20,1,0.531611,s20_p1
1779334050.0,20,4,0.000000,s20_p4
1779334050.0,20,2,1.000000,s20_p2
1779334050.0,20,3,0.471200,s20_p3
1779334050.0,9,4,0.000000,s9_p4
1779334050.0,9,1,0.000000,s9_p1
1779334050.0,9,2,0.084597,s9_p2
1779334050.0,9,3,0.000000,s9_p3
1779334050.0,16,1,0.000000,s16_p1
1779334050.0,16,4,1.000000,s16_p4
1779334050.0,16,2,0.000000,s16_p2
1779334050.0,16,3,0.000000,s16_p3
1779334050.0,19,1,0.000000,s19_p1
1779334050.0,19,4,0.000000,s19_p4
1779334050.0,19,2,0.000000,s19_p2
1779334050.0,19,3,0.000000,s19_p3
1779334050.0,14,1,0.159272,s14_p1
1779334050.0,14,4,0.265453,s14_p4
1779334050.0,14,2,0.096528,s14_p2
1779334050.0,14,3,0.000000,s14_p3
1779334050.0,6,1,0.096497,s6_p1
1779334050.0,6,4,0.159221,s6_p4
1779334050.0,6,2,0.000000,s6_p2
1779334050.0,6,3,0.000000,s6_p3
1779334050.0,19,1,0.000000,s19_p1
1779334050.0,19,4,0.000000,s19_p4
1779334050.0,19,2,0.000000,s19_p2
1779334050.0,19,3,0.000000,s19_p3
1779334050.0,1,4,0.072377,s1_p4
1779334050.0,1,1,0.000000,s1_p1
1779334050.0,1,2,0.103741,s1_p2
1779334050.0,1,3,0.000000,s1_p3
1779334050.0,10,4,0.989022,s10_p4
1779334050.0,10,1,0.103727,s10_p1
1779334050.0,10,2,0.000000,s10_p2
1779334050.0,10,3,0.000000,s10_p3
1779334050.0,7,1,0.000000,s7_p1
1779334050.0,7,4,0.000000,s7_p4
1779334050.0,7,2,0.069993,s7_p2
1779334050.0,7,3,0.082061,s7_p3
1779334050.0,8,4,0.265315,s8_p4
1779334050.0,8,1,0.000000,s8_p1
1779334050.0,8,2,0.000000,s8_p2
1779334050.0,8,3,0.000000,s8_p3
1779334050.0,13,4,0.000000,s13_p4
1779334050.0,13,1,0.000000,s13_p1
1779334050.0,13,2,0.000000,s13_p2
1779334050.0,13,3,0.000000,s13_p3
1779334050.0,15,4,0.000000,s15_p4
1779334050.0,15,1,0.069985,s15_p1
1779334050.0,15,2,0.000000,s15_p2
1779334050.0,15,3,0.410260,s15_p3
1779334050.0,3,4,0.000000,s3_p4
1779334050.0,3,1,0.000000,s3_p1
1779334050.0,3,2,0.014472,s3_p2
1779334050.0,3,3,0.069948,s3_p3
1779334050.0,12,4,0.000000,s12_p4
1779334050.0,12,1,0.014481,s12_p1
1779334050.0,12,2,0.185845,s12_p2
1779334050.0,12,3,0.000000,s12_p3
1779334050.0,5,4,0.053088,s5_p4
1779334050.0,5,1,0.159263,s5_p1
1779334050.0,5,2,0.000000,s5_p2
1779334050.0,5,3,0.000000,s5_p3
1779334050.0,18,1,0.000000,s18_p1
1779334050.0,18,4,0.000000,s18_p4
1779334050.0,18,2,0.000000,s18_p2
1779334050.0,18,3,0.000000,s18_p3
1779334050.0,20,1,0.518906,s20_p1
1779334050.0,20,4,0.000000,s20_p4
1779334050.0,20,2,1.000000,s20_p2
1779334050.0,20,3,0.482704,s20_p3
1779334050.0,11,4,0.000000,s11_p4
1779334050.0,11,1,0.000000,s11_p1
1779334050.0,11,2,0.000000,s11_p2
1779334050.0,11,3,0.349934,s11_p3
1779334050.0,2,1,0.082042,s2_p1
1779334050.0,2,4,0.144781,s2_p4
1779334050.0,2,2,0.000000,s2_p2
1779334050.0,2,3,0.000000,s2_p3
1779334050.0,4,4,0.000000,s4_p4
1779334050.0,4,1,0.060275,s4_p1
1779334050.0,4,2,0.125371,s4_p2
1779334050.0,4,3,0.000000,s4_p3
1779334050.0,16,1,0.000000,s16_p1
1779334050.0,16,4,1.000000,s16_p4
1779334050.0,16,2,0.000000,s16_p2
1779334050.0,16,3,0.000000,s16_p3
1779334050.0,17,1,0.410202,s17_p1
1779334050.0,17,4,0.349878,s17_p4
1779334050.0,17,2,0.000000,s17_p2
1779334050.0,17,3,0.000000,s17_p3
1779334050.0,9,4,0.000000,s9_p4
1779334050.0,9,1,0.000000,s9_p1
1779334050.0,9,2,0.082046,s9_p2
1779334050.0,9,3,0.000000,s9_p3
1779334051.0,19,1,0.000000,s19_p1
1779334051.0,19,4,0.000000,s19_p4
1779334051.0,19,2,0.000000,s19_p2
1779334051.0,19,3,0.000000,s19_p3
1779334051.0,6,1,0.096604,s6_p1
1779334051.0,6,4,0.156982,s6_p4
1779334051.0,6,2,0.000000,s6_p2
1779334051.0,6,3,0.000000,s6_p3
1779334051.0,1,4,0.072503,s1_p4
1779334051.0,1,1,0.000000,s1_p1
1779334051.0,1,2,0.101504,s1_p2
1779334051.0,1,3,0.000000,s1_p3
1779334051.0,3,4,0.000000,s3_p4
1779334051.0,3,1,0.000000,s3_p1
1779334051.0,3,2,0.021749,s3_p2
1779334051.0,3,3,0.072495,s3_p3
1779334051.0,14,1,0.159292,s14_p1
1779334051.0,14,4,0.253419,s14_p4
1779334051.0,14,2,0.098954,s14_p2
1779334051.0,14,3,0.000000,s14_p3
1779334051.0,7,1,0.000000,s7_p1
1779334051.0,7,4,0.000000,s7_p4
1779334051.0,7,2,0.072451,s7_p2
1779334051.0,7,3,0.084527,s7_p3
1779334051.0,15,4,0.000000,s15_p4
1779334051.0,15,1,0.072453,s15_p1
1779334051.0,15,2,0.000000,s15_p2
1779334051.0,15,3,0.422641,s15_p3
1779334051.0,8,4,0.265627,s8_p4
1779334051.0,8,1,0.000000,s8_p1
1779334051.0,8,2,0.000000,s8_p2
1779334051.0,8,3,0.000000,s8_p3
1779334051.0,13,4,0.000000,s13_p4
1779334051.0,13,1,0.000000,s13_p1
1779334051.0,13,2,0.000000,s13_p2
1779334051.0,13,3,0.000000,s13_p3
1779334051.0,10,4,1.000000,s10_p4
1779334051.0,10,1,0.101404,s10_p1
1779334051.0,10,2,0.000000,s10_p2
1779334051.0,10,3,0.000000,s10_p3
1779334051.0,4,4,0.000000,s4_p4
1779334051.0,4,1,0.057969,s4_p1
1779334051.0,4,2,0.120769,s4_p2
1779334051.0,4,3,0.000000,s4_p3
1779334051.0,18,1,0.000000,s18_p1
1779334051.0,18,4,0.000000,s18_p4
1779334051.0,18,2,0.000000,s18_p2
1779334051.0,18,3,0.000000,s18_p3
1779334051.0,5,4,0.050712,s5_p4
1779334051.0,5,1,0.159381,s5_p1
1779334051.0,5,2,0.000000,s5_p2
1779334051.0,5,3,0.000000,s5_p3
1779334051.0,20,1,0.507135,s20_p1
1779334051.0,20,4,0.000000,s20_p4
1779334051.0,20,2,1.000000,s20_p2
1779334051.0,20,3,0.495061,s20_p3
1779334051.0,2,1,0.084522,s2_p1
1779334051.0,2,4,0.144895,s2_p4
1779334051.0,2,2,0.000000,s2_p2
1779334051.0,2,3,0.000000,s2_p3
1779334051.0,17,1,0.422620,s17_p1
1779334051.0,17,4,0.362246,s17_p4
1779334051.0,17,2,0.000000,s17_p2
1779334051.0,17,3,0.000000,s17_p3
1779334051.0,12,4,0.000000,s12_p4
1779334051.0,12,1,0.021729,s12_p1
1779334051.0,12,2,0.178660,s12_p2
1779334051.0,12,3,0.000000,s12_p3
1779334051.0,16,1,0.000000,s16_p1
1779334051.0,16,4,1.000000,s16_p4
1779334051.0,16,2,0.000000,s16_p2
1779334051.0,16,3,0.000000,s16_p3
1779334051.0,11,4,0.000000,s11_p4
1779334051.0,11,1,0.000000,s11_p1
1779334051.0,11,2,0.000000,s11_p2
1779334051.0,11,3,0.362078,s11_p3
1779334051.0,9,4,0.000000,s9_p4
1779334051.0,9,1,0.000000,s9_p1
1779334051.0,9,2,0.084504,s9_p2
1779334051.0,9,3,0.000000,s9_p3
1779334051.0,19,1,0.000000,s19_p1
1779334051.0,19,4,0.000000,s19_p4
1779334051.0,19,2,0.000000,s19_p2
1779334051.0,19,3,0.000000,s19_p3
1779334051.0,6,1,0.096585,s6_p1
1779334051.0,6,4,0.159365,s6_p4
1779334051.0,6,2,0.000000,s6_p2
1779334051.0,6,3,0.000000,s6_p3
1779334051.0,1,4,0.074854,s1_p4
1779334051.0,1,1,0.000000,s1_p1
1779334051.0,1,2,0.103830,s1_p2
1779334051.0,1,3,0.000000,s1_p3
1779334051.0,14,1,0.157001,s14_p1
1779334051.0,14,4,0.265694,s14_p4
1779334051.0,14,2,0.094201,s14_p2
1779334051.0,14,3,0.000000,s14_p3
1779334051.0,10,4,1.000000,s10_p4
1779334051.0,10,1,0.103903,s10_p1
1779334051.0,10,2,0.000000,s10_p2
1779334051.0,10,3,0.000000,s10_p3
1779334051.0,3,4,0.000000,s3_p4
1779334051.0,3,1,0.000000,s3_p1
1779334051.0,3,2,0.016900,s3_p2
1779334051.0,3,3,0.070016,s3_p3
1779334051.0,8,4,0.265577,s8_p4
1779334051.0,8,1,0.000000,s8_p1
1779334051.0,8,2,0.000000,s8_p2
1779334051.0,8,3,0.000000,s8_p3
1779334051.0,7,1,0.000000,s7_p1
1779334051.0,7,4,0.000000,s7_p4
1779334051.0,7,2,0.069999,s7_p2
1779334051.0,7,3,0.082068,s7_p3
1779334051.0,15,4,0.000000,s15_p4
1779334051.0,15,1,0.069999,s15_p1
1779334051.0,15,2,0.000000,s15_p2
1779334051.0,15,3,0.410340,s15_p3
1779334051.0,13,4,0.000000,s13_p4
1779334051.0,13,1,0.000000,s13_p1
1779334051.0,13,2,0.000000,s13_p2
1779334051.0,13,3,0.000000,s13_p3
1779334051.0,5,4,0.053104,s5_p4
1779334051.0,5,1,0.156900,s5_p1
1779334051.0,5,2,0.000000,s5_p2
1779334051.0,5,3,0.000000,s5_p3
1779334051.0,12,4,0.000000,s12_p4
1779334051.0,12,1,0.016897,s12_p1
1779334051.0,12,2,0.183457,s12_p2
1779334051.0,12,3,0.000000,s12_p3
1779334051.0,20,1,0.518897,s20_p1
1779334051.0,20,4,0.000000,s20_p4
1779334051.0,20,2,1.000000,s20_p2
1779334051.0,20,3,0.470627,s20_p3
1779334051.0,4,4,0.000000,s4_p4
1779334051.0,4,1,0.057914,s4_p1
1779334051.0,4,2,0.125479,s4_p2
1779334051.0,4,3,0.000000,s4_p3
1779334051.0,16,1,0.000000,s16_p1
1779334051.0,16,4,1.000000,s16_p4
1779334051.0,16,2,0.000000,s16_p2
1779334051.0,16,3,0.000000,s16_p3
1779334051.0,18,1,0.000000,s18_p1
1779334051.0,18,4,0.000000,s18_p4
1779334051.0,18,2,0.000000,s18_p2
1779334051.0,18,3,0.000000,s18_p3
1779334051.0,2,1,0.081997,s2_p1
1779334051.0,2,4,0.144701,s2_p4
1779334051.0,2,2,0.000000,s2_p2
1779334051.0,2,3,0.000000,s2_p3
1779334051.0,17,1,0.409991,s17_p1
1779334051.0,17,4,0.349698,s17_p4
1779334051.0,17,2,0.000000,s17_p2
1779334051.0,17,3,0.000000,s17_p3
1779334051.0,11,4,0.000000,s11_p4
1779334051.0,11,1,0.000000,s11_p1
1779334051.0,11,2,0.000000,s11_p2
1779334051.0,11,3,0.349828,s11_p3
1779334051.0,9,4,0.000000,s9_p4
1779334051.0,9,1,0.000000,s9_p1
1779334051.0,9,2,0.082021,s9_p2
1779334051.0,9,3,0.000000,s9_p3
1779334052.0,15,4,0.000000,s15_p4
1779334052.0,15,1,0.070014,s15_p1
1779334052.0,15,2,0.000000,s15_p2
1779334052.0,15,3,0.410425,s15_p3
1779334052.0,10,4,1.000000,s10_p4
1779334052.0,10,1,0.108531,s10_p1
1779334052.0,10,2,0.000000,s10_p2
1779334052.0,10,3,0.000000,s10_p3
1779334052.0,6,1,0.091606,s6_p1
1779334052.0,6,4,0.159104,s6_p4
1779334052.0,6,2,0.000000,s6_p2
1779334052.0,6,3,0.000000,s6_p3
1779334052.0,13,4,0.000000,s13_p4
1779334052.0,13,1,0.000000,s13_p1
1779334052.0,13,2,0.000000,s13_p2
1779334052.0,13,3,0.000000,s13_p3
1779334052.0,19,1,0.000000,s19_p1
1779334052.0,19,4,0.000000,s19_p4
1779334052.0,19,2,0.000000,s19_p2
1779334052.0,19,3,0.000000,s19_p3
1779334052.0,3,4,0.000000,s3_p4
1779334052.0,3,1,0.000000,s3_p1
1779334052.0,3,2,0.021706,s3_p2
1779334052.0,3,3,0.069940,s3_p3
1779334052.0,14,1,0.159111,s14_p1
1779334052.0,14,4,0.253131,s14_p4
1779334052.0,14,2,0.091609,s14_p2
1779334052.0,14,3,0.000000,s14_p3
1779334052.0,8,4,0.265449,s8_p4
1779334052.0,8,1,0.000000,s8_p1
1779334052.0,8,2,0.000000,s8_p2
1779334052.0,8,3,0.000000,s8_p3
1779334052.0,7,1,0.000000,s7_p1
1779334052.0,7,4,0.000000,s7_p4
1779334052.0,7,2,0.069988,s7_p2
1779334052.0,7,3,0.082055,s7_p3
1779334052.0,1,4,0.072310,s1_p4
1779334052.0,1,1,0.000000,s1_p1
1779334052.0,1,2,0.108465,s1_p2
1779334052.0,1,3,0.000000,s1_p3
1779334052.0,20,1,0.543520,s20_p1
1779334052.0,20,4,0.000000,s20_p4
1779334052.0,20,2,0.990415,s20_p2
1779334052.0,20,3,0.458973,s20_p3
1779334052.0,5,4,0.050684,s5_p4
1779334052.0,5,1,0.159294,s5_p1
1779334052.0,5,2,0.000000,s5_p2
1779334052.0,5,3,0.000000,s5_p3
1779334052.0,12,4,0.000000,s12_p4
1779334052.0,12,1,0.021723,s12_p1
1779334052.0,12,2,0.176199,s12_p2
1779334052.0,12,3,0.000000,s12_p3
1779334052.0,2,1,0.082132,s2_p1
1779334052.0,2,4,0.142522,s2_p4
1779334052.0,2,2,0.000000,s2_p2
1779334052.0,2,3,0.000000,s2_p3
1779334052.0,9,4,0.000000,s9_p4
1779334052.0,9,1,0.000000,s9_p1
1779334052.0,9,2,0.082144,s9_p2
1779334052.0,9,3,0.000000,s9_p3
1779334052.0,4,4,0.000000,s4_p4
1779334052.0,4,1,0.055516,s4_p1
1779334052.0,4,2,0.120687,s4_p2
1779334052.0,4,3,0.000000,s4_p3
1779334052.0,16,1,0.000000,s16_p1
1779334052.0,16,4,0.990259,s16_p4
1779334052.0,16,2,0.000000,s16_p2
1779334052.0,16,3,0.000000,s16_p3
1779334052.0,11,4,0.000000,s11_p4
1779334052.0,11,1,0.000000,s11_p1
1779334052.0,11,2,0.000000,s11_p2
1779334052.0,11,3,0.362331,s11_p3
1779334052.0,18,1,0.000000,s18_p1
1779334052.0,18,4,0.000000,s18_p4
1779334052.0,18,2,0.000000,s18_p2
1779334052.0,18,3,0.000000,s18_p3
1779334052.0,17,1,0.410606,s17_p1
1779334052.0,17,4,0.362299,s17_p4
1779334052.0,17,2,0.000000,s17_p2
1779334052.0,17,3,0.000000,s17_p3
1779334052.0,14,1,0.157483,s14_p1
1779334052.0,14,4,0.254396,s14_p4
1779334052.0,14,2,0.092067,s14_p2
1779334052.0,14,3,0.000000,s14_p3
1779334052.0,1,4,0.075102,s1_p4
1779334052.0,1,1,0.000000,s1_p1
1779334052.0,1,2,0.109018,s1_p2
1779334052.0,1,3,0.000000,s1_p3
1779334052.0,3,4,0.000000,s3_p4
1779334052.0,3,1,0.000000,s3_p1
1779334052.0,3,2,0.019378,s3_p2
1779334052.0,3,3,0.072666,s3_p3
1779334052.0,15,4,0.000000,s15_p4
1779334052.0,15,1,0.072612,s15_p1
1779334052.0,15,2,0.000000,s15_p2
1779334052.0,15,3,0.423570,s15_p3
1779334052.0,13,4,0.000000,s13_p4
1779334052.0,13,1,0.000000,s13_p1
1779334052.0,13,2,0.000000,s13_p2
1779334052.0,13,3,0.000000,s13_p3
1779334052.0,8,4,0.266292,s8_p4
1779334052.0,8,1,0.000000,s8_p1
1779334052.0,8,2,0.000000,s8_p2
1779334052.0,8,3,0.000000,s8_p3
1779334052.0,7,1,0.000000,s7_p1
1779334052.0,7,4,0.000000,s7_p4
1779334052.0,7,2,0.072625,s7_p2
1779334052.0,7,3,0.084729,s7_p3
1779334052.0,10,4,1.000000,s10_p4
1779334052.0,10,1,0.108916,s10_p1
1779334052.0,10,2,0.000000,s10_p2
1779334052.0,10,3,0.000000,s10_p3
1779334052.0,17,1,0.423726,s17_p1
1779334052.0,17,4,0.351087,s17_p4
1779334052.0,17,2,0.000000,s17_p2
1779334052.0,17,3,0.000000,s17_p3
1779334052.0,16,1,0.000000,s16_p1
1779334052.0,16,4,1.000000,s16_p4
1779334052.0,16,2,0.000000,s16_p2
1779334052.0,16,3,0.000000,s16_p3
1779334052.0,20,1,0.544199,s20_p1
1779334052.0,20,4,0.000000,s20_p4
1779334052.0,20,2,1.000000,s20_p2
1779334052.0,20,3,0.459546,s20_p3
1779334052.0,18,1,0.000000,s18_p1
1779334052.0,18,4,0.000000,s18_p4
1779334052.0,18,2,0.000000,s18_p2
1779334052.0,18,3,0.000000,s18_p3
1779334052.0,5,4,0.053241,s5_p4
1779334052.0,5,1,0.157304,s5_p1
1779334052.0,5,2,0.000000,s5_p2
1779334052.0,5,3,0.000000,s5_p3
1779334052.0,12,4,0.000000,s12_p4
1779334052.0,12,1,0.019361,s12_p1
1779334052.0,12,2,0.181510,s12_p2
1779334052.0,12,3,0.000000,s12_p3
1779334052.0,2,1,0.084705,s2_p1
1779334052.0,2,4,0.145209,s2_p4
1779334052.0,2,2,0.000000,s2_p2
1779334052.0,2,3,0.000000,s2_p3
1779334052.0,11,4,0.000000,s11_p4
1779334052.0,11,1,0.000000,s11_p1
1779334052.0,11,2,0.000000,s11_p2
1779334052.0,11,3,0.350943,s11_p3
1779334052.0,4,4,0.000000,s4_p4
1779334052.0,4,1,0.060504,s4_p1
1779334052.0,4,2,0.121008,s4_p2
1779334052.0,4,3,0.000000,s4_p3
1779334052.0,9,4,0.000000,s9_p4
1779334052.0,9,1,0.000000,s9_p1
1779334052.0,9,2,0.084682,s9_p2
1779334052.0,9,3,0.000000,s9_p3
1779334052.0,6,1,0.091837,s6_p1
1779334052.0,6,4,0.157090,s6_p4
1779334052.0,6,2,0.000000,s6_p2
1779334052.0,6,3,0.000000,s6_p3
1779334052.0,19,1,0.000000,s19_p1
1779334052.0,19,4,0.000000,s19_p4
1779334052.0,19,2,0.000000,s19_p2
1779334052.0,19,3,0.000000,s19_p3
1779334053.0,19,1,0.000000,s19_p1
1779334053.0,19,4,0.000000,s19_p4
1779334053.0,19,2,0.000000,s19_p2
1779334053.0,19,3,0.000000,s19_p3
1779334053.0,14,1,0.159406,s14_p1
1779334053.0,14,4,0.265677,s14_p4
1779334053.0,14,2,0.096610,s14_p2
1779334053.0,14,3,0.000000,s14_p3
1779334053.0,1,4,0.072466,s1_p4
1779334053.0,1,1,0.000000,s1_p1
1779334053.0,1,2,0.103868,s1_p2
1779334053.0,1,3,0.000000,s1_p3
1779334053.0,6,1,0.096832,s6_p1
1779334053.0,6,4,0.159773,s6_p4
1779334053.0,6,2,0.000000,s6_p2
1779334053.0,6,3,0.000000,s6_p3
1779334053.0,3,4,0.000000,s3_p4
1779334053.0,3,1,0.000000,s3_p1
1779334053.0,3,2,0.019324,s3_p2
1779334053.0,3,3,0.070050,s3_p3
1779334053.0,8,4,0.263346,s8_p4
1779334053.0,8,1,0.000000,s8_p1
1779334053.0,8,2,0.000000,s8_p2
1779334053.0,8,3,0.000000,s8_p3
1779334053.0,10,4,0.990549,s10_p4
1779334053.0,10,1,0.103887,s10_p1
1779334053.0,10,2,0.000000,s10_p2
1779334053.0,10,3,0.000000,s10_p3
1779334053.0,15,4,0.000000,s15_p4
1779334053.0,15,1,0.070050,s15_p1
1779334053.0,15,2,0.000000,s15_p2
1779334053.0,15,3,0.410640,s15_p3
1779334053.0,13,4,0.000000,s13_p4
1779334053.0,13,1,0.000000,s13_p1
1779334053.0,13,2,0.000000,s13_p2
1779334053.0,13,3,0.000000,s13_p3
1779334053.0,5,4,0.050767,s5_p4
1779334053.0,5,1,0.159554,s5_p1
1779334053.0,5,2,0.000000,s5_p2
1779334053.0,5,3,0.000000,s5_p3
1779334053.0,20,1,0.519657,s20_p1
1779334053.0,20,4,0.000000,s20_p4
1779334053.0,20,2,1.000000,s20_p2
1779334053.0,20,3,0.483402,s20_p3
1779334053.0,7,1,0.000000,s7_p1
1779334053.0,7,4,0.000000,s7_p4
1779334053.0,7,2,0.070021,s7_p2
1779334053.0,7,3,0.082093,s7_p3
1779334053.0,4,4,0.000000,s4_p4
1779334053.0,4,1,0.060434,s4_p1
1779334053.0,4,2,0.120867,s4_p2
1779334053.0,4,3,0.000000,s4_p3
1779334053.0,9,4,0.000000,s9_p4
1779334053.0,9,1,0.000000,s9_p1
1779334053.0,9,2,0.082167,s9_p2
1779334053.0,9,3,0.000000,s9_p3
1779334053.0,17,1,0.410556,s17_p1
1779334053.0,17,4,0.350180,s17_p4
1779334053.0,17,2,0.000000,s17_p2
1779334053.0,17,3,0.000000,s17_p3
1779334053.0,12,4,0.000000,s12_p4
1779334053.0,12,1,0.019325,s12_p1
1779334053.0,12,2,0.181175,s12_p2
1779334053.0,12,3,0.000000,s12_p3
1779334053.0,2,1,0.082133,s2_p1
1779334053.0,2,4,0.144940,s2_p4
1779334053.0,2,2,0.000000,s2_p2
1779334053.0,2,3,0.000000,s2_p3
1779334053.0,18,1,0.000000,s18_p1
1779334053.0,18,4,0.000000,s18_p4
1779334053.0,18,2,0.000000,s18_p2
1779334053.0,18,3,0.000000,s18_p3
1779334053.0,16,1,0.000000,s16_p1
1779334053.0,16,4,1.000000,s16_p4
1779334053.0,16,2,0.000000,s16_p2
1779334053.0,16,3,0.000000,s16_p3
1779334053.0,11,4,0.000000,s11_p4
1779334053.0,11,1,0.000000,s11_p1
1779334053.0,11,2,0.000000,s11_p2
1779334053.0,11,3,0.350245,s11_p3
1779334053.0,19,1,0.000000,s19_p1
1779334053.0,19,4,0.000000,s19_p4
1779334053.0,19,2,0.000000,s19_p2
1779334053.0,19,3,0.000000,s19_p3
1779334053.0,14,1,0.159202,s14_p1
1779334053.0,14,4,0.253276,s14_p4
1779334053.0,14,2,0.096486,s14_p2
1779334053.0,14,3,0.000000,s14_p3
1779334053.0,6,1,0.096493,s6_p1
1779334053.0,6,4,0.159214,s6_p4
1779334053.0,6,2,0.000000,s6_p2
1779334053.0,6,3,0.000000,s6_p3
1779334053.0,8,4,0.267870,s8_p4
1779334053.0,8,1,0.000000,s8_p1
1779334053.0,8,2,0.000000,s8_p2
1779334053.0,8,3,0.000000,s8_p3
1779334053.0,7,1,0.000000,s7_p1
1779334053.0,7,4,0.000000,s7_p4
1779334053.0,7,2,0.072443,s7_p2
1779334053.0,7,3,0.082102,s7_p3
1779334053.0,15,4,0.000000,s15_p4
1779334053.0,15,1,0.072401,s15_p1
1779334053.0,15,2,0.000000,s15_p2
1779334053.0,15,3,0.410274,s15_p3
1779334053.0,3,4,0.000000,s3_p4
1779334053.0,3,1,0.000000,s3_p1
1779334053.0,3,2,0.024122,s3_p2
1779334053.0,3,3,0.072365,s3_p3
1779334053.0,1,4,0.072360,s1_p4
1779334053.0,1,1,0.000000,s1_p1
1779334053.0,1,2,0.101304,s1_p2
1779334053.0,1,3,0.000000,s1_p3
1779334053.0,13,4,0.000000,s13_p4
1779334053.0,13,1,0.000000,s13_p1
1779334053.0,13,2,0.000000,s13_p2
1779334053.0,13,3,0.000000,s13_p3
1779334053.0,10,4,1.000000,s10_p4
1779334053.0,10,1,0.101349,s10_p1
1779334053.0,10,2,0.000000,s10_p2
1779334053.0,10,3,0.000000,s10_p3
1779334053.0,4,4,0.000000,s4_p4
1779334053.0,4,1,0.060326,s4_p1
1779334053.0,4,2,0.115825,s4_p2
1779334053.0,4,3,0.000000,s4_p3
1779334053.0,20,1,0.506660,s20_p1
1779334053.0,20,4,0.000000,s20_p4
1779334053.0,20,2,1.000000,s20_p2
1779334053.0,20,3,0.494596,s20_p3
1779334053.0,2,1,0.082088,s2_p1
1779334053.0,2,4,0.144861,s2_p4
1779334053.0,2,2,0.000000,s2_p2
1779334053.0,2,3,0.000000,s2_p3
1779334053.0,5,4,0.050659,s5_p4
1779334053.0,5,1,0.159215,s5_p1
1779334053.0,5,2,0.000000,s5_p2
1779334053.0,5,3,0.000000,s5_p3
1779334053.0,18,1,0.000000,s18_p1
1779334053.0,18,4,0.000000,s18_p4
1779334053.0,18,2,0.000000,s18_p2
1779334053.0,18,3,0.000000,s18_p3
1779334053.0,12,4,0.000000,s12_p4
1779334053.0,12,1,0.024141,s12_p1
1779334053.0,12,2,0.176233,s12_p2
1779334053.0,12,3,0.000000,s12_p3
1779334053.0,11,4,0.000000,s11_p4
1779334053.0,11,1,0.000000,s11_p1
1779334053.0,11,2,0.000000,s11_p2
1779334053.0,11,3,0.362159,s11_p3
1779334053.0,9,4,0.000000,s9_p4
1779334053.0,9,1,0.000000,s9_p1
1779334053.0,9,2,0.082070,s9_p2
1779334053.0,9,3,0.000000,s9_p3
1779334053.0,17,1,0.410368,s17_p1
1779334053.0,17,4,0.362089,s17_p4
1779334053.0,17,2,0.000000,s17_p2
1779334053.0,17,3,0.000000,s17_p3
1779334053.0,16,1,0.000000,s16_p1
1779334053.0,16,4,1.000000,s16_p4
1779334053.0,16,2,0.000000,s16_p2
1779334053.0,16,3,0.000000,s16_p3
1779334054.0,6,1,0.096781,s6_p1
1779334054.0,6,4,0.157269,s6_p4
1779334054.0,6,2,0.000000,s6_p2
1779334054.0,6,3,0.000000,s6_p3
1779334054.0,14,1,0.157014,s14_p1
1779334054.0,14,4,0.265716,s14_p4
1779334054.0,14,2,0.096624,s14_p2
1779334054.0,14,3,0.000000,s14_p3
1779334054.0,15,4,0.000000,s15_p4
1779334054.0,15,1,0.070049,s15_p1
1779334054.0,15,2,0.000000,s15_p2
1779334054.0,15,3,0.422712,s15_p3
1779334054.0,3,4,0.000000,s3_p4
1779334054.0,3,1,0.000000,s3_p1
1779334054.0,3,2,0.016908,s3_p2
1779334054.0,3,3,0.070048,s3_p3
1779334054.0,13,4,0.000000,s13_p4
1779334054.0,13,1,0.000000,s13_p1
1779334054.0,13,2,0.000000,s13_p2
1779334054.0,13,3,0.000000,s13_p3
1779334054.0,8,4,0.263255,s8_p4
1779334054.0,8,1,0.000000,s8_p1
1779334054.0,8,2,0.000000,s8_p2
1779334054.0,8,3,0.000000,s8_p3
1779334054.0,7,1,0.000000,s7_p1
1779334054.0,7,4,0.000000,s7_p4
1779334054.0,7,2,0.070040,s7_p2
1779334054.0,7,3,0.084531,s7_p3
1779334054.0,1,4,0.074874,s1_p4
1779334054.0,1,1,0.000000,s1_p1
1779334054.0,1,2,0.103857,s1_p2
1779334054.0,1,3,0.000000,s1_p3
1779334054.0,10,4,1.000000,s10_p4
1779334054.0,10,1,0.103860,s10_p1
1779334054.0,10,2,0.000000,s10_p2
1779334054.0,10,3,0.000000,s10_p3
1779334054.0,20,1,0.519193,s20_p1
1779334054.0,20,4,0.000000,s20_p4
1779334054.0,20,2,0.990089,s20_p2
1779334054.0,20,3,0.470896,s20_p3
1779334054.0,16,1,0.000000,s16_p1
1779334054.0,16,4,0.990164,s16_p4
1779334054.0,16,2,0.000000,s16_p2
1779334054.0,16,3,0.000000,s16_p3
1779334054.0,18,1,0.000000,s18_p1
1779334054.0,18,4,0.000000,s18_p4
1779334054.0,18,2,0.000000,s18_p2
1779334054.0,18,3,0.000000,s18_p3
1779334054.0,4,4,0.000000,s4_p4
1779334054.0,4,1,0.057943,s4_p1
1779334054.0,4,2,0.123130,s4_p2
1779334054.0,4,3,0.000000,s4_p3
1779334054.0,2,1,0.084508,s2_p1
1779334054.0,2,4,0.144871,s2_p4
1779334054.0,2,2,0.000000,s2_p2
1779334054.0,2,3,0.000000,s2_p3
1779334054.0,12,4,0.000000,s12_p4
1779334054.0,12,1,0.016902,s12_p1
1779334054.0,12,2,0.181096,s12_p2
1779334054.0,12,3,0.000000,s12_p3
1779334054.0,17,1,0.422573,s17_p1
1779334054.0,17,4,0.350132,s17_p4
1779334054.0,17,2,0.000000,s17_p2
1779334054.0,17,3,0.000000,s17_p3
1779334054.0,19,1,0.000000,s19_p1
1779334054.0,19,4,0.000000,s19_p4
1779334054.0,19,2,0.000000,s19_p2
1779334054.0,19,3,0.000000,s19_p3
1779334054.0,11,4,0.000000,s11_p4
1779334054.0,11,1,0.000000,s11_p1
1779334054.0,11,2,0.000000,s11_p2
1779334054.0,11,3,0.350106,s11_p3
1779334054.0,9,4,0.000000,s9_p4
1779334054.0,9,1,0.000000,s9_p1
1779334054.0,9,2,0.084506,s9_p2
1779334054.0,9,3,0.000000,s9_p3
1779334054.0,5,4,0.053111,s5_p4
1779334054.0,5,1,0.156920,s5_p1
1779334054.0,5,2,0.000000,s5_p2
1779334054.0,5,3,0.000000,s5_p3
1779334054.0,19,1,0.000000,s19_p1
1779334054.0,19,4,0.000000,s19_p4
1779334054.0,19,2,0.000000,s19_p2
1779334054.0,19,3,0.000000,s19_p3
1779334054.0,14,1,0.159329,s14_p1
1779334054.0,14,4,0.253478,s14_p4
1779334054.0,14,2,0.094149,s14_p2
1779334054.0,14,3,0.000000,s14_p3
1779334054.0,6,1,0.093996,s6_p1
1779334054.0,6,4,0.159070,s6_p4
1779334054.0,6,2,0.000000,s6_p2
1779334054.0,6,3,0.000000,s6_p3
1779334054.0,1,4,0.072438,s1_p4
1779334054.0,1,1,0.000000,s1_p1
1779334054.0,1,2,0.106242,s1_p2
1779334054.0,1,3,0.000000,s1_p3
1779334054.0,3,4,0.000000,s3_p4
1779334054.0,3,1,0.000000,s3_p1
1779334054.0,3,2,0.019299,s3_p2
1779334054.0,3,3,0.072371,s3_p3
1779334054.0,5,4,0.050726,s5_p4
1779334054.0,5,1,0.159426,s5_p1
1779334054.0,5,2,0.000000,s5_p2
1779334054.0,5,3,0.000000,s5_p3
1779334054.0,12,4,0.000000,s12_p4
1779334054.0,12,1,0.019320,s12_p1
1779334054.0,12,2,0.181130,s12_p2
1779334054.0,12,3,0.000000,s12_p3
1779334054.0,20,1,0.531197,s20_p1
1779334054.0,20,4,0.000000,s20_p4
1779334054.0,20,2,1.000000,s20_p2
1779334054.0,20,3,0.470834,s20_p3
1779334054.0,7,1,0.000000,s7_p1
1779334054.0,7,4,0.000000,s7_p4
1779334054.0,7,2,0.072363,s7_p2
1779334054.0,7,3,0.082012,s7_p3
1779334054.0,13,4,0.000000,s13_p4
1779334054.0,13,1,0.000000,s13_p1
1779334054.0,13,2,0.000000,s13_p2
1779334054.0,13,3,0.000000,s13_p3
1779334054.0,8,4,0.265308,s8_p4
1779334054.0,8,1,0.000000,s8_p1
1779334054.0,8,2,0.000000,s8_p2
1779334054.0,8,3,0.000000,s8_p3
1779334054.0,10,4,1.000000,s10_p4
1779334054.0,10,1,0.106128,s10_p1
1779334054.0,10,2,0.000000,s10_p2
1779334054.0,10,3,0.000000,s10_p3
1779334054.0,4,4,0.000000,s4_p4
1779334054.0,4,1,0.057949,s4_p1
1779334054.0,4,2,0.123142,s4_p2
1779334054.0,4,3,0.000000,s4_p3
1779334054.0,15,4,0.000000,s15_p4
1779334054.0,15,1,0.072344,s15_p1
1779334054.0,15,2,0.000000,s15_p2
1779334054.0,15,3,0.409951,s15_p3
1779334054.0,2,1,0.082049,s2_p1
1779334054.0,2,4,0.144792,s2_p4
1779334054.0,2,2,0.000000,s2_p2
1779334054.0,2,3,0.000000,s2_p3
1779334054.0,18,1,0.000000,s18_p1
1779334054.0,18,4,0.000000,s18_p4
1779334054.0,18,2,0.000000,s18_p2
1779334054.0,18,3,0.000000,s18_p3
1779334054.0,17,1,0.410218,s17_p1
1779334054.0,17,4,0.361957,s17_p4
1779334054.0,17,2,0.000000,s17_p2
1779334054.0,17,3,0.000000,s17_p3
1779334054.0,16,1,0.000000,s16_p1
1779334054.0,16,4,1.000000,s16_p4
1779334054.0,16,2,0.000000,s16_p2
1779334054.0,16,3,0.000000,s16_p3
1779334054.0,9,4,0.000000,s9_p4
1779334054.0,9,1,0.000000,s9_p1
1779334054.0,9,2,0.082045,s9_p2
1779334054.0,9,3,0.000000,s9_p3
1779334054.0,11,4,0.000000,s11_p4
1779334054.0,11,1,0.000000,s11_p1
1779334054.0,11,2,0.000000,s11_p2
1779334054.0,11,3,0.361933,s11_p3
1779334055.0,6,1,0.094232,s6_p1
1779334055.0,6,4,0.159470,s6_p4
1779334055.0,6,2,0.000000,s6_p2
1779334055.0,6,3,0.000000,s6_p3
1779334055.0,19,1,0.000000,s19_p1
1779334055.0,19,4,0.000000,s19_p4
1779334055.0,19,2,0.000000,s19_p2
1779334055.0,19,3,0.000000,s19_p3
1779334055.0,1,4,0.072404,s1_p4
1779334055.0,1,1,0.000000,s1_p1
1779334055.0,1,2,0.106193,s1_p2
1779334055.0,1,3,0.000000,s1_p3
1779334055.0,14,1,0.159263,s14_p1
1779334055.0,14,4,0.265439,s14_p4
1779334055.0,14,2,0.094110,s14_p2
1779334055.0,14,3,0.000000,s14_p3
1779334055.0,10,4,1.000000,s10_p4
1779334055.0,10,1,0.106295,s10_p1
1779334055.0,10,2,0.000000,s10_p2
1779334055.0,10,3,0.000000,s10_p3
1779334055.0,7,1,0.000000,s7_p1
1779334055.0,7,4,0.000000,s7_p4
1779334055.0,7,2,0.070049,s7_p2
1779334055.0,7,3,0.084542,s7_p3
1779334055.0,15,4,0.000000,s15_p4
1779334055.0,15,1,0.070059,s15_p1
1779334055.0,15,2,0.000000,s15_p2
1779334055.0,15,3,0.422768,s15_p3
1779334055.0,3,4,0.000000,s3_p4
1779334055.0,3,1,0.000000,s3_p1
1779334055.0,3,2,0.019320,s3_p2
1779334055.0,3,3,0.070033,s3_p3
1779334055.0,13,4,0.000000,s13_p4
1779334055.0,13,1,0.000000,s13_p1
1779334055.0,13,2,0.000000,s13_p2
1779334055.0,13,3,0.000000,s13_p3
1779334055.0,8,4,0.265692,s8_p4
1779334055.0,8,1,0.000000,s8_p1
1779334055.0,8,2,0.000000,s8_p2
1779334055.0,8,3,0.000000,s8_p3
1779334055.0,2,1,0.084532,s2_p1
1779334055.0,2,4,0.142497,s2_p4
1779334055.0,2,2,0.000000,s2_p2
1779334055.0,2,3,0.000000,s2_p3
1779334055.0,16,1,0.000000,s16_p1
1779334055.0,16,4,1.000000,s16_p4
1779334055.0,16,2,0.000000,s16_p2
1779334055.0,16,3,0.000000,s16_p3
1779334055.0,4,4,0.000000,s4_p4
1779334055.0,4,1,0.062752,s4_p1
1779334055.0,4,2,0.118263,s4_p2
1779334055.0,4,3,0.000000,s4_p3
1779334055.0,5,4,0.053085,s5_p4
1779334055.0,5,1,0.159254,s5_p1
1779334055.0,5,2,0.000000,s5_p2
1779334055.0,5,3,0.000000,s5_p3
1779334055.0,17,1,0.422636,s17_p1
1779334055.0,17,4,0.350184,s17_p4
1779334055.0,17,2,0.000000,s17_p2
1779334055.0,17,3,0.000000,s17_p3
1779334055.0,11,4,0.000000,s11_p4
1779334055.0,11,1,0.000000,s11_p1
1779334055.0,11,2,0.000000,s11_p2
1779334055.0,11,3,0.350211,s11_p3
1779334055.0,12,4,0.000000,s12_p4
1779334055.0,12,1,0.019303,s12_p1
1779334055.0,12,2,0.180965,s12_p2
1779334055.0,12,3,0.000000,s12_p3
1779334055.0,18,1,0.000000,s18_p1
1779334055.0,18,4,0.000000,s18_p4
1779334055.0,18,2,0.000000,s18_p2
1779334055.0,18,3,0.000000,s18_p3
1779334055.0,9,4,0.000000,s9_p4
1779334055.0,9,1,0.000000,s9_p1
1779334055.0,9,2,0.084520,s9_p2
1779334055.0,9,3,0.000000,s9_p3
1779334055.0,20,1,0.530764,s20_p1
1779334055.0,20,4,0.000000,s20_p4
1779334055.0,20,2,1.000000,s20_p2
1779334055.0,20,3,0.470450,s20_p3
1779334055.0,1,4,0.074925,s1_p4
1779334055.0,1,1,0.000000,s1_p1
1779334055.0,1,2,0.108762,s1_p2
1779334055.0,1,3,0.000000,s1_p3
1779334055.0,6,1,0.091724,s6_p1
1779334055.0,6,4,0.156897,s6_p4
1779334055.0,6,2,0.000000,s6_p2
1779334055.0,6,3,0.000000,s6_p3
1779334055.0,10,4,1.000000,s10_p4
1779334055.0,10,1,0.108731,s10_p1
1779334055.0,10,2,0.000000,s10_p2
1779334055.0,10,3,0.000000,s10_p3
1779334055.0,14,1,0.157034,s14_p1
1779334055.0,14,4,0.253670,s14_p4
1779334055.0,14,2,0.091804,s14_p2
1779334055.0,14,3,0.000000,s14_p3
1779334055.0,7,1,0.000000,s7_p1
1779334055.0,7,4,0.000000,s7_p4
1779334055.0,7,2,0.072450,s7_p2
1779334055.0,7,3,0.082110,s7_p3
1779334055.0,8,4,0.265666,s8_p4
1779334055.0,8,1,0.000000,s8_p1
1779334055.0,8,2,0.000000,s8_p2
1779334055.0,8,3,0.000000,s8_p3
1779334055.0,3,4,0.000000,s3_p4
1779334055.0,3,1,0.000000,s3_p1
1779334055.0,3,2,0.021734,s3_p2
1779334055.0,3,3,0.072446,s3_p3
1779334055.0,15,4,0.000000,s15_p4
1779334055.0,15,1,0.072442,s15_p1
1779334055.0,15,2,0.000000,s15_p2
1779334055.0,15,3,0.410507,s15_p3
1779334055.0,4,4,0.000000,s4_p4
1779334055.0,4,1,0.057969,s4_p1
1779334055.0,4,2,0.120769,s4_p2
1779334055.0,4,3,0.000000,s4_p3
1779334055.0,5,4,0.050721,s5_p4
1779334055.0,5,1,0.156993,s5_p1
1779334055.0,5,2,0.000000,s5_p2
1779334055.0,5,3,0.000000,s5_p3
1779334055.0,17,1,0.410594,s17_p1
1779334055.0,17,4,0.362289,s17_p4
1779334055.0,17,2,0.000000,s17_p2
1779334055.0,17,3,0.000000,s17_p3
1779334055.0,18,1,0.000000,s18_p1
1779334055.0,18,4,0.000000,s18_p4
1779334055.0,18,2,0.000000,s18_p2
1779334055.0,18,3,0.000000,s18_p3
1779334055.0,13,4,0.000000,s13_p4
1779334055.0,13,1,0.000000,s13_p1
1779334055.0,13,2,0.000000,s13_p2
1779334055.0,13,3,0.000000,s13_p3
1779334055.0,20,1,0.543512,s20_p1
1779334055.0,20,4,0.000000,s20_p4
1779334055.0,20,2,1.000000,s20_p2
1779334055.0,20,3,0.458965,s20_p3
1779334055.0,2,1,0.082099,s2_p1
1779334055.0,2,4,0.144881,s2_p4
1779334055.0,2,2,0.000000,s2_p2
1779334055.0,2,3,0.000000,s2_p3
1779334055.0,12,4,0.000000,s12_p4
1779334055.0,12,1,0.021736,s12_p1
1779334055.0,12,2,0.178720,s12_p2
1779334055.0,12,3,0.000000,s12_p3
1779334055.0,9,4,0.000000,s9_p4
1779334055.0,9,1,0.000000,s9_p1
1779334055.0,9,2,0.082098,s9_p2
1779334055.0,9,3,0.000000,s9_p3
1779334055.0,11,4,0.000000,s11_p4
1779334055.0,11,1,0.000000,s11_p1
1779334055.0,11,2,0.000000,s11_p2
1779334055.0,11,3,0.362132,s11_p3
1779334055.0,16,1,0.000000,s16_p1
1779334055.0,16,4,1.000000,s16_p4
1779334055.0,16,2,0.000000,s16_p2
1779334055.0,16,3,0.000000,s16_p3
1779334055.0,19,1,0.000000,s19_p1
1779334055.0,19,4,0.000000,s19_p4
1779334055.0,19,2,0.000000,s19_p2
1779334055.0,19,3,0.000000,s19_p3
1779334056.0,14,1,0.159196,s14_p1
1779334056.0,14,4,0.265326,s14_p4
1779334056.0,14,2,0.091658,s14_p2
1779334056.0,14,3,0.000000,s14_p3
1779334056.0,18,1,0.000000,s18_p1
1779334056.0,18,4,0.000000,s18_p4
1779334056.0,18,2,0.000000,s18_p2
1779334056.0,18,3,0.000000,s18_p3
1779334056.0,2,1,0.082113,s2_p1
1779334056.0,2,4,0.144905,s2_p4
1779334056.0,2,2,0.000000,s2_p2
1779334056.0,2,3,0.000000,s2_p3
1779334056.0,10,4,0.987550,s10_p4
1779334056.0,10,1,0.108390,s10_p1
1779334056.0,10,2,0.000000,s10_p2
1779334056.0,10,3,0.000000,s10_p3
1779334056.0,6,1,0.091495,s6_p1
1779334056.0,6,4,0.158912,s6_p4
1779334056.0,6,2,0.000000,s6_p2
1779334056.0,6,3,0.000000,s6_p3
1779334056.0,20,1,0.542690,s20_p1
1779334056.0,20,4,0.000000,s20_p4
1779334056.0,20,2,1.000000,s20_p2
1779334056.0,20,3,0.458272,s20_p3
1779334056.0,16,1,0.000000,s16_p1
1779334056.0,16,4,1.000000,s16_p4
1779334056.0,16,2,0.000000,s16_p2
1779334056.0,16,3,0.000000,s16_p3
1779334056.0,1,4,0.072217,s1_p4
1779334056.0,1,1,0.000000,s1_p1
1779334056.0,1,2,0.108326,s1_p2
1779334056.0,1,3,0.000000,s1_p3
1779334056.0,4,4,0.000000,s4_p4
1779334056.0,4,1,0.055463,s4_p1
1779334056.0,4,2,0.120571,s4_p2
1779334056.0,4,3,0.000000,s4_p3
1779334056.0,7,1,0.000000,s7_p1
1779334056.0,7,4,0.000000,s7_p4
1779334056.0,7,2,0.069875,s7_p2
1779334056.0,7,3,0.081922,s7_p3
1779334056.0,8,4,0.262641,s8_p4
1779334056.0,8,1,0.000000,s8_p1
1779334056.0,8,2,0.000000,s8_p2
1779334056.0,8,3,0.000000,s8_p3
1779334056.0,13,4,0.000000,s13_p4
1779334056.0,13,1,0.000000,s13_p1
1779334056.0,13,2,0.000000,s13_p2
1779334056.0,13,3,0.000000,s13_p3
1779334056.0,12,4,0.000000,s12_p4
1779334056.0,12,1,0.024117,s12_p1
1779334056.0,12,2,0.176052,s12_p2
1779334056.0,12,3,0.000000,s12_p3
1779334056.0,15,4,0.000000,s15_p4
1779334056.0,15,1,0.069878,s15_p1
1779334056.0,15,2,0.000000,s15_p2
1779334056.0,15,3,0.409628,s15_p3
1779334056.0,5,4,0.053046,s5_p4
1779334056.0,5,1,0.159139,s5_p1
1779334056.0,5,2,0.000000,s5_p2
1779334056.0,5,3,0.000000,s5_p3
1779334056.0,17,1,0.409906,s17_p1
1779334056.0,17,4,0.349626,s17_p4
1779334056.0,17,2,0.000000,s17_p2
1779334056.0,17,3,0.000000,s17_p3
1779334056.0,3,4,0.000000,s3_p4
1779334056.0,3,1,0.000000,s3_p1
1779334056.0,3,2,0.024093,s3_p2
1779334056.0,3,3,0.069870,s3_p3
1779334056.0,11,4,0.000000,s11_p4
1779334056.0,11,1,0.000000,s11_p1
1779334056.0,11,2,0.000000,s11_p2
1779334056.0,11,3,0.349772,s11_p3
1779334056.0,19,1,0.000000,s19_p1
1779334056.0,19,4,0.000000,s19_p4
1779334056.0,19,2,0.000000,s19_p2
1779334056.0,19,3,0.000000,s19_p3
1779334056.0,9,4,0.000000,s9_p4
1779334056.0,9,1,0.000000,s9_p1
1779334056.0,9,2,0.082007,s9_p2
1779334056.0,9,3,0.000000,s9_p3
1779334056.0,6,1,0.094318,s6_p1
1779334056.0,6,4,0.159615,s6_p4
1779334056.0,6,2,0.000000,s6_p2
1779334056.0,6,3,0.000000,s6_p3
1779334056.0,19,1,0.000000,s19_p1
1779334056.0,19,4,0.000000,s19_p4
1779334056.0,19,2,0.000000,s19_p2
1779334056.0,19,3,0.000000,s19_p3
1779334056.0,1,4,0.074896,s1_p4
1779334056.0,1,1,0.000000,s1_p1
1779334056.0,1,2,0.106305,s1_p2
1779334056.0,1,3,0.000000,s1_p3
1779334056.0,3,4,0.000000,s3_p4
1779334056.0,3,1,0.000000,s3_p1
1779334056.0,3,2,0.019330,s3_p2
1779334056.0,3,3,0.072489,s3_p3
1779334056.0,15,4,0.000000,s15_p4
1779334056.0,15,1,0.072479,s15_p1
1779334056.0,15,2,0.000000,s15_p2
1779334056.0,15,3,0.422797,s15_p3
1779334056.0,8,4,0.268150,s8_p4
1779334056.0,8,1,0.000000,s8_p1
1779334056.0,8,2,0.000000,s8_p2
1779334056.0,8,3,0.000000,s8_p3
1779334056.0,13,4,0.000000,s13_p4
1779334056.0,13,1,0.000000,s13_p1
1779334056.0,13,2,0.000000,s13_p2
1779334056.0,13,3,0.000000,s13_p3
1779334056.0,7,1,0.000000,s7_p1
1779334056.0,7,4,0.000000,s7_p4
1779334056.0,7,2,0.072467,s7_p2
1779334056.0,7,3,0.084545,s7_p3
1779334056.0,10,4,1.000000,s10_p4
1779334056.0,10,1,0.106261,s10_p1
1779334056.0,10,2,0.000000,s10_p2
1779334056.0,10,3,0.000000,s10_p3
1779334056.0,14,1,0.159179,s14_p1
1779334056.0,14,4,0.253239,s14_p4
1779334056.0,14,2,0.094060,s14_p2
1779334056.0,14,3,0.000000,s14_p3
1779334056.0,4,4,0.000000,s4_p4
1779334056.0,4,1,0.057928,s4_p1
1779334056.0,4,2,0.123097,s4_p2
1779334056.0,4,3,0.000000,s4_p3
1779334056.0,5,4,0.050690,s5_p4
1779334056.0,5,1,0.159312,s5_p1
1779334056.0,5,2,0.000000,s5_p2
1779334056.0,5,3,0.000000,s5_p3
1779334056.0,16,1,0.000000,s16_p1
1779334056.0,16,4,1.000000,s16_p4
1779334056.0,16,2,0.000000,s16_p2
1779334056.0,16,3,0.000000,s16_p3
1779334056.0,18,1,0.000000,s18_p1
1779334056.0,18,4,0.000000,s18_p4
1779334056.0,18,2,0.000000,s18_p2
1779334056.0,18,3,0.000000,s18_p3
1779334056.0,12,4,0.000000,s12_p4
1779334056.0,12,1,0.019307,s12_p1
1779334056.0,12,2,0.181008,s12_p2
1779334056.0,12,3,0.000000,s12_p3
1779334056.0,20,1,0.530859,s20_p1
1779334056.0,20,4,0.000000,s20_p4
1779334056.0,20,2,1.000000,s20_p2
1779334056.0,20,3,0.470534,s20_p3
1779334056.0,17,1,0.422367,s17_p1
1779334056.0,17,4,0.362029,s17_p4
1779334056.0,17,2,0.000000,s17_p2
1779334056.0,17,3,0.000000,s17_p3
1779334056.0,2,1,0.084341,s2_p1
1779334056.0,2,4,0.144584,s2_p4
1779334056.0,2,2,0.000000,s2_p2
1779334056.0,2,3,0.000000,s2_p3
1779334056.0,11,4,0.000000,s11_p4
1779334056.0,11,1,0.000000,s11_p1
1779334056.0,11,2,0.000000,s11_p2
1779334056.0,11,3,0.361944,s11_p3
1779334056.0,9,4,0.000000,s9_p4
1779334056.0,9,1,0.000000,s9_p1
1779334056.0,9,2,0.084452,s9_p2
1779334056.0,9,3,0.000000,s9_p3
1779334057.0,19,1,0.000000,s19_p1
1779334057.0,19,4,0.000000,s19_p4
1779334057.0,19,2,0.000000,s19_p2
1779334057.0,19,3,0.000000,s19_p3
1779334057.0,1,4,0.072501,s1_p4
1779334057.0,1,1,0.000000,s1_p1
1779334057.0,1,2,0.099085,s1_p2
1779334057.0,1,3,0.000000,s1_p3
1779334057.0,6,1,0.098976,s6_p1
1779334057.0,6,4,0.156914,s6_p4
1779334057.0,6,2,0.000000,s6_p2
1779334057.0,6,3,0.000000,s6_p3
1779334057.0,13,4,0.000000,s13_p4
1779334057.0,13,1,0.000000,s13_p1
1779334057.0,13,2,0.000000,s13_p2
1779334057.0,13,3,0.000000,s13_p3
1779334057.0,3,4,0.000000,s3_p4
1779334057.0,3,1,0.000000,s3_p1
1779334057.0,3,2,0.021739,s3_p2
1779334057.0,3,3,0.070046,s3_p3
1779334057.0,14,1,0.157022,s14_p1
1779334057.0,14,4,0.253651,s14_p4
1779334057.0,14,2,0.099045,s14_p2
1779334057.0,14,3,0.000000,s14_p3
1779334057.0,10,4,1.000000,s10_p4
1779334057.0,10,1,0.099040,s10_p1
1779334057.0,10,2,0.000000,s10_p2
1779334057.0,10,3,0.000000,s10_p3
1779334057.0,7,1,0.000000,s7_p1
1779334057.0,7,4,0.000000,s7_p4
1779334057.0,7,2,0.070049,s7_p2
1779334057.0,7,3,0.082127,s7_p3
1779334057.0,4,4,0.000000,s4_p4
1779334057.0,4,1,0.055580,s4_p1
1779334057.0,4,2,0.123242,s4_p2
1779334057.0,4,3,0.000000,s4_p3
1779334057.0,15,4,0.000000,s15_p4
1779334057.0,15,1,0.070015,s15_p1
1779334057.0,15,2,0.000000,s15_p2
1779334057.0,15,3,0.410430,s15_p3
1779334057.0,8,4,0.263152,s8_p4
1779334057.0,8,1,0.000000,s8_p1
1779334057.0,8,2,0.000000,s8_p2
1779334057.0,8,3,0.000000,s8_p3
1779334057.0,5,4,0.053106,s5_p4
1779334057.0,5,1,0.156904,s5_p1
1779334057.0,5,2,0.000000,s5_p2
1779334057.0,5,3,0.000000,s5_p3
1779334057.0,2,1,0.082080,s2_p1
1779334057.0,2,4,0.144847,s2_p4
1779334057.0,2,2,0.000000,s2_p2
1779334057.0,2,3,0.000000,s2_p3
1779334057.0,16,1,0.000000,s16_p1
1779334057.0,16,4,1.000000,s16_p4
1779334057.0,16,2,0.000000,s16_p2
1779334057.0,16,3,0.000000,s16_p3
1779334057.0,18,1,0.000000,s18_p1
1779334057.0,18,4,0.000000,s18_p4
1779334057.0,18,2,0.000000,s18_p2
1779334057.0,18,3,0.000000,s18_p3
1779334057.0,17,1,0.410344,s17_p1
1779334057.0,17,4,0.349999,s17_p4
1779334057.0,17,2,0.000000,s17_p2
1779334057.0,17,3,0.000000,s17_p3
1779334057.0,12,4,0.000000,s12_p4
1779334057.0,12,1,0.021722,s12_p1
1779334057.0,12,2,0.178603,s12_p2
1779334057.0,12,3,0.000000,s12_p3
1779334057.0,20,1,0.506842,s20_p1
1779334057.0,20,4,0.000000,s20_p4
1779334057.0,20,2,1.000000,s20_p2
1779334057.0,20,3,0.494774,s20_p3
1779334057.0,9,4,0.000000,s9_p4
1779334057.0,9,1,0.000000,s9_p1
1779334057.0,9,2,0.082068,s9_p2
1779334057.0,9,3,0.000000,s9_p3
1779334057.0,11,4,0.000000,s11_p4
1779334057.0,11,1,0.000000,s11_p1
1779334057.0,11,2,0.000000,s11_p2
1779334057.0,11,3,0.349952,s11_p3
1779334057.0,6,1,0.094062,s6_p1
1779334057.0,6,4,0.159182,s6_p4
1779334057.0,6,2,0.000000,s6_p2
1779334057.0,6,3,0.000000,s6_p3
1779334057.0,1,4,0.072282,s1_p4
1779334057.0,1,1,0.000000,s1_p1
1779334057.0,1,2,0.106014,s1_p2
1779334057.0,1,3,0.000000,s1_p3
1779334057.0,3,4,0.000000,s3_p4
1779334057.0,3,1,0.000000,s3_p1
1779334057.0,3,2,0.019286,s3_p2
1779334057.0,3,3,0.072322,s3_p3
1779334057.0,10,4,1.000000,s10_p4
1779334057.0,10,1,0.106073,s10_p1
1779334057.0,10,2,0.000000,s10_p2
1779334057.0,10,3,0.000000,s10_p3
1779334057.0,14,1,0.159100,s14_p1
1779334057.0,14,4,0.265166,s14_p4
1779334057.0,14,2,0.094013,s14_p2
1779334057.0,14,3,0.000000,s14_p3
1779334057.0,15,4,0.000000,s15_p4
1779334057.0,15,1,0.072265,s15_p1
1779334057.0,15,2,0.000000,s15_p2
1779334057.0,15,3,0.421548,s15_p3
1779334057.0,8,4,0.267369,s8_p4
1779334057.0,8,1,0.000000,s8_p1
1779334057.0,8,2,0.000000,s8_p2
1779334057.0,8,3,0.000000,s8_p3
1779334057.0,5,4,0.050634,s5_p4
1779334057.0,5,1,0.159136,s5_p1
1779334057.0,5,2,0.000000,s5_p2
1779334057.0,5,3,0.000000,s5_p3
1779334057.0,13,4,0.000000,s13_p4
1779334057.0,13,1,0.000000,s13_p1
1779334057.0,13,2,0.000000,s13_p2
1779334057.0,13,3,0.000000,s13_p3
1779334057.0,20,1,0.518512,s20_p1
1779334057.0,20,4,0.000000,s20_p4
1779334057.0,20,2,1.000000,s20_p2
1779334057.0,20,3,0.482337,s20_p3
1779334057.0,7,1,0.000000,s7_p1
1779334057.0,7,4,0.000000,s7_p4
1779334057.0,7,2,0.072218,s7_p2
1779334057.0,7,3,0.084254,s7_p3
1779334057.0,4,4,0.000000,s4_p4
1779334057.0,4,1,0.060201,s4_p1
1779334057.0,4,2,0.120402,s4_p2
1779334057.0,4,3,0.000000,s4_p3
1779334057.0,9,4,0.000000,s9_p4
1779334057.0,9,1,0.000000,s9_p1
1779334057.0,9,2,0.084360,s9_p2
1779334057.0,9,3,0.000000,s9_p3
1779334057.0,2,1,0.084317,s2_p1
1779334057.0,2,4,0.144543,s2_p4
1779334057.0,2,2,0.000000,s2_p2
1779334057.0,2,3,0.000000,s2_p3
1779334057.0,18,1,0.000000,s18_p1
1779334057.0,18,4,0.000000,s18_p4
1779334057.0,18,2,0.000000,s18_p2
1779334057.0,18,3,0.000000,s18_p3
1779334057.0,19,1,0.000000,s19_p1
1779334057.0,19,4,0.000000,s19_p4
1779334057.0,19,2,0.000000,s19_p2
1779334057.0,19,3,0.000000,s19_p3
1779334057.0,17,1,0.421582,s17_p1
1779334057.0,17,4,0.361356,s17_p4
1779334057.0,17,2,0.000000,s17_p2
1779334057.0,17,3,0.000000,s17_p3
1779334057.0,12,4,0.000000,s12_p4
1779334057.0,12,1,0.019273,s12_p1
1779334057.0,12,2,0.180681,s12_p2
1779334057.0,12,3,0.000000,s12_p3
1779334057.0,11,4,0.000000,s11_p4
1779334057.0,11,1,0.000000,s11_p1
1779334057.0,11,2,0.000000,s11_p2
1779334057.0,11,3,0.361472,s11_p3
1779334057.0,16,1,0.000000,s16_p1
1779334057.0,16,4,0.999573,s16_p4
1779334057.0,16,2,0.000000,s16_p2
1779334057.0,16,3,0.000000,s16_p3
1779334058.0,1,4,0.074921,s1_p4
1779334058.0,1,1,0.000000,s1_p1
1779334058.0,1,2,0.101506,s1_p2
1779334058.0,1,3,0.000000,s1_p3
1779334058.0,8,4,0.263784,s8_p4
1779334058.0,8,1,0.000000,s8_p1
1779334058.0,8,2,0.000000,s8_p2
1779334058.0,8,3,0.000000,s8_p3
1779334058.0,3,4,0.000000,s3_p4
1779334058.0,3,1,0.000000,s3_p1
1779334058.0,3,2,0.021750,s3_p2
1779334058.0,3,3,0.070082,s3_p3
1779334058.0,14,1,0.159507,s14_p1
1779334058.0,14,4,0.253761,s14_p4
1779334058.0,14,2,0.099088,s14_p2
1779334058.0,14,3,0.000000,s14_p3
1779334058.0,7,1,0.000000,s7_p1
1779334058.0,7,4,0.000000,s7_p4
1779334058.0,7,2,0.070126,s7_p2
1779334058.0,7,3,0.082216,s7_p3
1779334058.0,4,4,0.000000,s4_p4
1779334058.0,4,1,0.062868,s4_p1
1779334058.0,4,2,0.113646,s4_p2
1779334058.0,4,3,0.000000,s4_p3
1779334058.0,18,1,0.000000,s18_p1
1779334058.0,18,4,0.000000,s18_p4
1779334058.0,18,2,0.000000,s18_p2
1779334058.0,18,3,0.000000,s18_p3
1779334058.0,17,1,0.411425,s17_p1
1779334058.0,17,4,0.350921,s17_p4
1779334058.0,17,2,0.000000,s17_p2
1779334058.0,17,3,0.000000,s17_p3
1779334058.0,16,1,0.000000,s16_p1
1779334058.0,16,4,0.992364,s16_p4
1779334058.0,16,2,0.000000,s16_p2
1779334058.0,16,3,0.000000,s16_p3
1779334058.0,13,4,0.000000,s13_p4
1779334058.0,13,1,0.000000,s13_p1
1779334058.0,13,2,0.000000,s13_p2
1779334058.0,13,3,0.000000,s13_p3
1779334058.0,15,4,0.000000,s15_p4
1779334058.0,15,1,0.070092,s15_p1
1779334058.0,15,2,0.000000,s15_p2
1779334058.0,15,3,0.410884,s15_p3
1779334058.0,12,4,0.000000,s12_p4
1779334058.0,12,1,0.021779,s12_p1
1779334058.0,12,2,0.176655,s12_p2
1779334058.0,12,3,0.000000,s12_p3
1779334058.0,2,1,0.082266,s2_p1
1779334058.0,2,4,0.145175,s2_p4
1779334058.0,2,2,0.000000,s2_p2
1779334058.0,2,3,0.000000,s2_p3
1779334058.0,6,1,0.098856,s6_p1
1779334058.0,6,4,0.159135,s6_p4
1779334058.0,6,2,0.000000,s6_p2
1779334058.0,6,3,0.000000,s6_p3
1779334058.0,20,1,0.507621,s20_p1
1779334058.0,20,4,0.000000,s20_p4
1779334058.0,20,2,0.991071,s20_p2
1779334058.0,20,3,0.483449,s20_p3
1779334058.0,10,4,1.000000,s10_p4
1779334058.0,10,1,0.101377,s10_p1
1779334058.0,10,2,0.000000,s10_p2
1779334058.0,10,3,0.000000,s10_p3
1779334058.0,19,1,0.000000,s19_p1
1779334058.0,19,4,0.000000,s19_p4
1779334058.0,19,2,0.000000,s19_p2
1779334058.0,19,3,0.000000,s19_p3
1779334058.0,11,4,0.000000,s11_p4
1779334058.0,11,1,0.000000,s11_p1
1779334058.0,11,2,0.000000,s11_p2
1779334058.0,11,3,0.350747,s11_p3
1779334058.0,9,4,0.000000,s9_p4
1779334058.0,9,1,0.000000,s9_p1
1779334058.0,9,2,0.082220,s9_p2
1779334058.0,9,3,0.000000,s9_p3
1779334058.0,5,4,0.050736,s5_p4
1779334058.0,5,1,0.159456,s5_p1
1779334058.0,5,2,0.000000,s5_p2
1779334058.0,5,3,0.000000,s5_p3
1779334058.0,6,1,0.092018,s6_p1
1779334058.0,6,4,0.157400,s6_p4
1779334058.0,6,2,0.000000,s6_p2
1779334058.0,6,3,0.000000,s6_p3
1779334058.0,12,4,0.000000,s12_p4
1779334058.0,12,1,0.019357,s12_p1
1779334058.0,12,2,0.181470,s12_p2
1779334058.0,12,3,0.000000,s12_p3
1779334058.0,18,1,0.000000,s18_p1
1779334058.0,18,4,0.000000,s18_p4
1779334058.0,18,2,0.000000,s18_p2
1779334058.0,18,3,0.000000,s18_p3
1779334058.0,17,1,0.411003,s17_p1
1779334058.0,17,4,0.362649,s17_p4
1779334058.0,17,2,0.000000,s17_p2
1779334058.0,17,3,0.000000,s17_p3
1779334058.0,11,4,0.000000,s11_p4
1779334058.0,11,1,0.000000,s11_p1
1779334058.0,11,2,0.000000,s11_p2
1779334058.0,11,3,0.362829,s11_p3
1779334058.0,9,4,0.000000,s9_p4
1779334058.0,9,1,0.000000,s9_p1
1779334058.0,9,2,0.082238,s9_p2
1779334058.0,9,3,0.000000,s9_p3
1779334058.0,19,1,0.000000,s19_p1
1779334058.0,19,4,0.000000,s19_p4
1779334058.0,19,2,0.000000,s19_p2
1779334058.0,19,3,0.000000,s19_p3
1779334058.0,16,1,0.000000,s16_p1
1779334058.0,16,4,1.000000,s16_p4
1779334058.0,16,2,0.000000,s16_p2
1779334058.0,16,3,0.000000,s16_p3
1779334058.0,20,1,0.543934,s20_p1
1779334058.0,20,4,0.000000,s20_p4
1779334058.0,20,2,1.000000,s20_p2
1779334058.0,20,3,0.459322,s20_p3
1779334058.0,10,4,1.000000,s10_p4
1779334058.0,10,1,0.108739,s10_p1
1779334058.0,10,2,0.000000,s10_p2
1779334058.0,10,3,0.000000,s10_p3
1779334058.0,14,1,0.156864,s14_p1
1779334058.0,14,4,0.265461,s14_p4
1779334058.0,14,2,0.091705,s14_p2
1779334058.0,14,3,0.000000,s14_p3
1779334058.0,8,4,0.265439,s8_p4
1779334058.0,8,1,0.000000,s8_p1
1779334058.0,8,2,0.000000,s8_p2
1779334058.0,8,3,0.000000,s8_p3
1779334058.0,1,4,0.072380,s1_p4
1779334058.0,1,1,0.000000,s1_p1
1779334058.0,1,2,0.108570,s1_p2
1779334058.0,1,3,0.000000,s1_p3
1779334058.0,3,4,0.000000,s3_p4
1779334058.0,3,1,0.000000,s3_p1
1779334058.0,3,2,0.019304,s3_p2
1779334058.0,3,3,0.072392,s3_p3
1779334058.0,4,4,0.000000,s4_p4
1779334058.0,4,1,0.060361,s4_p1
1779334058.0,4,2,0.120722,s4_p2
1779334058.0,4,3,0.000000,s4_p3
1779334058.0,5,4,0.053151,s5_p4
1779334058.0,5,1,0.159454,s5_p1
1779334058.0,5,2,0.000000,s5_p2
1779334058.0,5,3,0.000000,s5_p3
1779334058.0,2,1,0.084514,s2_p1
1779334058.0,2,4,0.144882,s2_p4
1779334058.0,2,2,0.000000,s2_p2
1779334058.0,2,3,0.000000,s2_p3
1779334058.0,13,4,0.000000,s13_p4
1779334058.0,13,1,0.000000,s13_p1
1779334058.0,13,2,0.000000,s13_p2
1779334058.0,13,3,0.000000,s13_p3
1779334058.0,7,1,0.000000,s7_p1
1779334058.0,7,4,0.000000,s7_p4
1779334058.0,7,2,0.072418,s7_p2
1779334058.0,7,3,0.082074,s7_p3
1779334058.0,15,4,0.000000,s15_p4
1779334058.0,15,1,0.072434,s15_p1
1779334058.0,15,2,0.000000,s15_p2
1779334058.0,15,3,0.410457,s15_p3
1779334059.0,14,1,0.159459,s14_p1
1779334059.0,14,4,0.253684,s14_p4
1779334059.0,14,2,0.094226,s14_p2
1779334059.0,14,3,0.000000,s14_p3
1779334059.0,19,1,0.000000,s19_p1
1779334059.0,19,4,0.000000,s19_p4
1779334059.0,19,2,0.000000,s19_p2
1779334059.0,19,3,0.000000,s19_p3
1779334059.0,6,1,0.093911,s6_p1
1779334059.0,6,4,0.158926,s6_p4
1779334059.0,6,2,0.000000,s6_p2
1779334059.0,6,3,0.000000,s6_p3
1779334059.0,15,4,0.000000,s15_p4
1779334059.0,15,1,0.070024,s15_p1
1779334059.0,15,2,0.000000,s15_p2
1779334059.0,15,3,0.422558,s15_p3
1779334059.0,10,4,1.000000,s10_p4
1779334059.0,10,1,0.106158,s10_p1
1779334059.0,10,2,0.000000,s10_p2
1779334059.0,10,3,0.000000,s10_p3
1779334059.0,3,4,0.000000,s3_p4
1779334059.0,3,1,0.000000,s3_p1
1779334059.0,3,2,0.019303,s3_p2
1779334059.0,3,3,0.069975,s3_p3
1779334059.0,1,4,0.072384,s1_p4
1779334059.0,1,1,0.000000,s1_p1
1779334059.0,1,2,0.106163,s1_p2
1779334059.0,1,3,0.000000,s1_p3
1779334059.0,5,4,0.050635,s5_p4
1779334059.0,5,1,0.156726,s5_p1
1779334059.0,5,2,0.000000,s5_p2
1779334059.0,5,3,0.000000,s5_p3
1779334059.0,18,1,0.000000,s18_p1
1779334059.0,18,4,0.000000,s18_p4
1779334059.0,18,2,0.000000,s18_p2
1779334059.0,18,3,0.000000,s18_p3
1779334059.0,2,1,0.081969,s2_p1
1779334059.0,2,4,0.144651,s2_p4
1779334059.0,2,2,0.000000,s2_p2
1779334059.0,2,3,0.000000,s2_p3
1779334059.0,4,4,0.000000,s4_p4
1779334059.0,4,1,0.062673,s4_p1
1779334059.0,4,2,0.118114,s4_p2
1779334059.0,4,3,0.000000,s4_p3
1779334059.0,12,4,0.000000,s12_p4
1779334059.0,12,1,0.019246,s12_p1
1779334059.0,12,2,0.180431,s12_p2
1779334059.0,12,3,0.000000,s12_p3
1779334059.0,20,1,0.529741,s20_p1
1779334059.0,20,4,0.000000,s20_p4
1779334059.0,20,2,0.999284,s20_p2
1779334059.0,20,3,0.469543,s20_p3
1779334059.0,16,1,0.000000,s16_p1
1779334059.0,16,4,0.999209,s16_p4
1779334059.0,16,2,0.000000,s16_p2
1779334059.0,16,3,0.000000,s16_p3
1779334059.0,13,4,0.000000,s13_p4
1779334059.0,13,1,0.000000,s13_p1
1779334059.0,13,2,0.000000,s13_p2
1779334059.0,13,3,0.000000,s13_p3
1779334059.0,8,4,0.267409,s8_p4
1779334059.0,8,1,0.000000,s8_p1
1779334059.0,8,2,0.000000,s8_p2
1779334059.0,8,3,0.000000,s8_p3
1779334059.0,7,1,0.000000,s7_p1
1779334059.0,7,4,0.000000,s7_p4
1779334059.0,7,2,0.069902,s7_p2
1779334059.0,7,3,0.084365,s7_p3
1779334059.0,11,4,0.000000,s11_p4
1779334059.0,11,1,0.000000,s11_p1
1779334059.0,11,2,0.000000,s11_p2
1779334059.0,11,3,0.348945,s11_p3
1779334059.0,9,4,0.000000,s9_p4
1779334059.0,9,1,0.000000,s9_p1
1779334059.0,9,2,0.084228,s9_p2
1779334059.0,9,3,0.000000,s9_p3
1779334059.0,17,1,0.421059,s17_p1
1779334059.0,17,4,0.348878,s17_p4
1779334059.0,17,2,0.000000,s17_p2
1779334059.0,17,3,0.000000,s17_p3
1779334059.0,1,4,0.074982,s1_p4
1779334059.0,1,1,0.000000,s1_p1
1779334059.0,1,2,0.108845,s1_p2
1779334059.0,1,3,0.000000,s1_p3
1779334059.0,3,4,0.000000,s3_p4
1779334059.0,3,1,0.000000,s3_p1
1779334059.0,3,2,0.019347,s3_p2
1779334059.0,3,3,0.072551,s3_p3
1779334059.0,7,1,0.000000,s7_p1
1779334059.0,7,4,0.000000,s7_p4
1779334059.0,7,2,0.072565,s7_p2
1779334059.0,7,3,0.082240,s7_p3
1779334059.0,12,4,0.000000,s12_p4
1779334059.0,12,1,0.019346,s12_p1
1779334059.0,12,2,0.181371,s12_p2
1779334059.0,12,3,0.000000,s12_p3
1779334059.0,20,1,0.544110,s20_p1
1779334059.0,20,4,0.000000,s20_p4
1779334059.0,20,2,1.000000,s20_p2
1779334059.0,20,3,0.459471,s20_p3
1779334059.0,5,4,0.053186,s5_p4
1779334059.0,5,1,0.159558,s5_p1
1779334059.0,5,2,0.000000,s5_p2
1779334059.0,5,3,0.000000,s5_p3
1779334059.0,18,1,0.000000,s18_p1
1779334059.0,18,4,0.000000,s18_p4
1779334059.0,18,2,0.000000,s18_p2
1779334059.0,18,3,0.000000,s18_p3
1779334059.0,15,4,0.000000,s15_p4
1779334059.0,15,1,0.072426,s15_p1
1779334059.0,15,2,0.000000,s15_p2
1779334059.0,15,3,0.410416,s15_p3
1779334059.0,2,1,0.082205,s2_p1
1779334059.0,2,4,0.142650,s2_p4
1779334059.0,2,2,0.000000,s2_p2
1779334059.0,2,3,0.000000,s2_p3
1779334059.0,8,4,0.263579,s8_p4
1779334059.0,8,1,0.000000,s8_p1
1779334059.0,8,2,0.000000,s8_p2
1779334059.0,8,3,0.000000,s8_p3
1779334059.0,17,1,0.411253,s17_p1
1779334059.0,17,4,0.362871,s17_p4
1779334059.0,17,2,0.000000,s17_p2
1779334059.0,17,3,0.000000,s17_p3
1779334059.0,10,4,0.989784,s10_p4
1779334059.0,10,1,0.108635,s10_p1
1779334059.0,10,2,0.000000,s10_p2
1779334059.0,10,3,0.000000,s10_p3
1779334059.0,13,4,0.000000,s13_p4
1779334059.0,13,1,0.000000,s13_p1
1779334059.0,13,2,0.000000,s13_p2
1779334059.0,13,3,0.000000,s13_p3
1779334059.0,4,4,0.000000,s4_p4
1779334059.0,4,1,0.055602,s4_p1
1779334059.0,4,2,0.125708,s4_p2
1779334059.0,4,3,0.000000,s4_p3
1779334059.0,9,4,0.000000,s9_p4
1779334059.0,9,1,0.000000,s9_p1
1779334059.0,9,2,0.082190,s9_p2
1779334059.0,9,3,0.000000,s9_p3
1779334059.0,11,4,0.000000,s11_p4
1779334059.0,11,1,0.000000,s11_p1
1779334059.0,11,2,0.000000,s11_p2
1779334059.0,11,3,0.362552,s11_p3
1779334059.0,14,1,0.159001,s14_p1
1779334059.0,14,4,0.265001,s14_p4
1779334059.0,14,2,0.091546,s14_p2
1779334059.0,14,3,0.000000,s14_p3
1779334059.0,6,1,0.091646,s6_p1
1779334059.0,6,4,0.159174,s6_p4
1779334059.0,6,2,0.000000,s6_p2
1779334059.0,6,3,0.000000,s6_p3
1779334059.0,19,1,0.000000,s19_p1
1779334059.0,19,4,0.000000,s19_p4
1779334059.0,19,2,0.000000,s19_p2
1779334059.0,19,3,0.000000,s19_p3
1779334059.0,16,1,0.000000,s16_p1
1779334059.0,16,4,1.000000,s16_p4
1779334059.0,16,2,0.000000,s16_p2
1779334059.0,16,3,0.000000,s16_p3
1779334060.0,19,1,0.000000,s19_p1
1779334060.0,19,4,0.000000,s19_p4
1779334060.0,19,2,0.000000,s19_p2
1779334060.0,19,3,0.000000,s19_p3
1779334060.0,14,1,0.157223,s14_p1
1779334060.0,14,4,0.253976,s14_p4
1779334060.0,14,2,0.089496,s14_p2
1779334060.0,14,3,0.000000,s14_p3
1779334060.0,15,4,0.000000,s15_p4
1779334060.0,15,1,0.070032,s15_p1
1779334060.0,15,2,0.000000,s15_p2
1779334060.0,15,3,0.422605,s15_p3
1779334060.0,3,4,0.000000,s3_p4
1779334060.0,3,1,0.000000,s3_p1
1779334060.0,3,2,0.021698,s3_p2
1779334060.0,3,3,0.069917,s3_p3
1779334060.0,7,1,0.000000,s7_p1
1779334060.0,7,4,0.000000,s7_p4
1779334060.0,7,2,0.070011,s7_p2
1779334060.0,7,3,0.084496,s7_p3
1779334060.0,8,4,0.268032,s8_p4
1779334060.0,8,1,0.000000,s8_p1
1779334060.0,8,2,0.000000,s8_p2
1779334060.0,8,3,0.000000,s8_p3
1779334060.0,13,4,0.000000,s13_p4
1779334060.0,13,1,0.000000,s13_p1
1779334060.0,13,2,0.000000,s13_p2
1779334060.0,13,3,0.000000,s13_p3
1779334060.0,10,4,1.000000,s10_p4
1779334060.0,10,1,0.111079,s10_p1
1779334060.0,10,2,0.000000,s10_p2
1779334060.0,10,3,0.000000,s10_p3
1779334060.0,6,1,0.089415,s6_p1
1779334060.0,6,4,0.157081,s6_p4
1779334060.0,6,2,0.000000,s6_p2
1779334060.0,6,3,0.000000,s6_p3
1779334060.0,1,4,0.072305,s1_p4
1779334060.0,1,1,0.000000,s1_p1
1779334060.0,1,2,0.110868,s1_p2
1779334060.0,1,3,0.000000,s1_p3
1779334060.0,20,1,0.554908,s20_p1
1779334060.0,20,4,0.000000,s20_p4
1779334060.0,20,2,1.000000,s20_p2
1779334060.0,20,3,0.446339,s20_p3
1779334060.0,4,4,0.000000,s4_p4
1779334060.0,4,1,0.057916,s4_p1
1779334060.0,4,2,0.120658,s4_p2
1779334060.0,4,3,0.000000,s4_p3
1779334060.0,18,1,0.000000,s18_p1
1779334060.0,18,4,0.000000,s18_p4
1779334060.0,18,2,0.000000,s18_p2
1779334060.0,18,3,0.000000,s18_p3
1779334060.0,2,1,0.084440,s2_p1
1779334060.0,2,4,0.144755,s2_p4
1779334060.0,2,2,0.000000,s2_p2
1779334060.0,2,3,0.000000,s2_p3
1779334060.0,17,1,0.422226,s17_p1
1779334060.0,17,4,0.349844,s17_p4
1779334060.0,17,2,0.000000,s17_p2
1779334060.0,17,3,0.000000,s17_p3
1779334060.0,5,4,0.050659,s5_p4
1779334060.0,5,1,0.159214,s5_p1
1779334060.0,5,2,0.000000,s5_p2
1779334060.0,5,3,0.000000,s5_p3
1779334060.0,12,4,0.000000,s12_p4
1779334060.0,12,1,0.021709,s12_p1
1779334060.0,12,2,0.178500,s12_p2
1779334060.0,12,3,0.000000,s12_p3
1779334060.0,16,1,0.000000,s16_p1
1779334060.0,16,4,1.000000,s16_p4
1779334060.0,16,2,0.000000,s16_p2
1779334060.0,16,3,0.000000,s16_p3
1779334060.0,11,4,0.000000,s11_p4
1779334060.0,11,1,0.000000,s11_p1
1779334060.0,11,2,0.000000,s11_p2
1779334060.0,11,3,0.350031,s11_p3
1779334060.0,9,4,0.000000,s9_p4
1779334060.0,9,1,0.000000,s9_p1
1779334060.0,9,2,0.084480,s9_p2
1779334060.0,9,3,0.000000,s9_p3
1779334060.0,14,1,0.159393,s14_p1
1779334060.0,14,4,0.265655,s14_p4
1779334060.0,14,2,0.096602,s14_p2
1779334060.0,14,3,0.000000,s14_p3
1779334060.0,15,4,0.000000,s15_p4
1779334060.0,15,1,0.072493,s15_p1
1779334060.0,15,2,0.000000,s15_p2
1779334060.0,15,3,0.410796,s15_p3
1779334060.0,8,4,0.263420,s8_p4
1779334060.0,8,1,0.000000,s8_p1
1779334060.0,8,2,0.000000,s8_p2
1779334060.0,8,3,0.000000,s8_p3
1779334060.0,7,1,0.000000,s7_p1
1779334060.0,7,4,0.000000,s7_p4
1779334060.0,7,2,0.072497,s7_p2
1779334060.0,7,3,0.082163,s7_p3
1779334060.0,19,1,0.000000,s19_p1
1779334060.0,19,4,0.000000,s19_p4
1779334060.0,19,2,0.000000,s19_p2
1779334060.0,19,3,0.000000,s19_p3
1779334060.0,5,4,0.053154,s5_p4
1779334060.0,5,1,0.157046,s5_p1
1779334060.0,5,2,0.000000,s5_p2
1779334060.0,5,3,0.000000,s5_p3
1779334060.0,20,1,0.507287,s20_p1
1779334060.0,20,4,0.000000,s20_p4
1779334060.0,20,2,1.000000,s20_p2
1779334060.0,20,3,0.483130,s20_p3
1779334060.0,13,4,0.000000,s13_p4
1779334060.0,13,1,0.000000,s13_p1
1779334060.0,13,2,0.000000,s13_p2
1779334060.0,13,3,0.000000,s13_p3
1779334060.0,3,4,0.000000,s3_p4
1779334060.0,3,1,0.000000,s3_p1
1779334060.0,3,2,0.021723,s3_p2
1779334060.0,3,3,0.072409,s3_p3
1779334060.0,6,1,0.096555,s6_p1
1779334060.0,6,4,0.159316,s6_p4
1779334060.0,6,2,0.000000,s6_p2
1779334060.0,6,3,0.000000,s6_p3
1779334060.0,1,4,0.074829,s1_p4
1779334060.0,1,1,0.000000,s1_p1
1779334060.0,1,2,0.101381,s1_p2
1779334060.0,1,3,0.000000,s1_p3
1779334060.0,10,4,1.000000,s10_p4
1779334060.0,10,1,0.101371,s10_p1
1779334060.0,10,2,0.000000,s10_p2
1779334060.0,10,3,0.000000,s10_p3
1779334060.0,4,4,0.000000,s4_p4
1779334060.0,4,1,0.055552,s4_p1
1779334060.0,4,2,0.120766,s4_p2
1779334060.0,4,3,0.000000,s4_p3
1779334060.0,11,4,0.000000,s11_p4
1779334060.0,11,1,0.000000,s11_p1
1779334060.0,11,2,0.000000,s11_p2
1779334060.0,11,3,0.362234,s11_p3
1779334060.0,18,1,0.000000,s18_p1
1779334060.0,18,4,0.000000,s18_p4
1779334060.0,18,2,0.000000,s18_p2
1779334060.0,18,3,0.000000,s18_p3
1779334060.0,12,4,0.000000,s12_p4
1779334060.0,12,1,0.021728,s12_p1
1779334060.0,12,2,0.178650,s12_p2
1779334060.0,12,3,0.000000,s12_p3
1779334060.0,2,1,0.082076,s2_p1
1779334060.0,2,4,0.144840,s2_p4
1779334060.0,2,2,0.000000,s2_p2
1779334060.0,2,3,0.000000,s2_p3
1779334060.0,9,4,0.000000,s9_p4
1779334060.0,9,1,0.000000,s9_p1
1779334060.0,9,2,0.082099,s9_p2
1779334060.0,9,3,0.000000,s9_p3
1779334060.0,17,1,0.410357,s17_p1
1779334060.0,17,4,0.362080,s17_p4
1779334060.0,17,2,0.000000,s17_p2
1779334060.0,17,3,0.000000,s17_p3
1779334060.0,16,1,0.000000,s16_p1
1779334060.0,16,4,1.000000,s16_p4
1779334060.0,16,2,0.000000,s16_p2
1779334060.0,16,3,0.000000,s16_p3
1779334060.0,14,1,0.157742,s14_p1
1779334060.0,14,4,0.230040,s14_p4
1779334060.0,14,2,0.184032,s14_p2
1779334060.0,14,3,0.000000,s14_p3
1779334060.0,1,4,0.072521,s1_p4
1779334060.0,1,1,0.000000,s1_p1
1779334060.0,1,2,0.217562,s1_p2
1779334060.0,1,3,0.000000,s1_p3
1779334060.0,15,4,0.000000,s15_p4
1779334060.0,15,1,0.072092,s15_p1
1779334060.0,15,2,0.000000,s15_p2
1779334060.0,15,3,0.425999,s15_p3
1779334060.0,4,4,0.000000,s4_p4
1779334060.0,4,1,0.171008,s4_p1
1779334060.0,4,2,0.368324,s4_p2
1779334060.0,4,3,0.000000,s4_p3
1779334060.0,3,4,0.000000,s3_p4
1779334060.0,3,1,0.000000,s3_p1
1779334060.0,3,2,0.052592,s3_p2
1779334060.0,3,3,0.072314,s3_p3
1779334060.0,10,4,1.000000,s10_p4
1779334060.0,10,1,0.217000,s10_p1
1779334060.0,10,2,0.000000,s10_p2
1779334060.0,10,3,0.000000,s10_p3
1779334060.0,8,4,0.268588,s8_p4
1779334060.0,8,1,0.000000,s8_p1
1779334060.0,8,2,0.000000,s8_p2
1779334060.0,8,3,0.000000,s8_p3
1779334060.0,7,1,0.000000,s7_p1
1779334060.0,7,4,0.000000,s7_p4
1779334060.0,7,2,0.072055,s7_p2
1779334060.0,7,3,0.085156,s7_p3
1779334060.0,19,1,0.000000,s19_p1
1779334060.0,19,4,0.000000,s19_p4
1779334060.0,19,2,0.000000,s19_p2
1779334060.0,19,3,0.000000,s19_p3
1779334060.0,11,4,0.000000,s11_p4
1779334060.0,11,1,0.000000,s11_p1
1779334060.0,11,2,0.000000,s11_p2
1779334060.0,11,3,0.361277,s11_p3
1779334060.0,16,1,0.000000,s16_p1
1779334060.0,16,4,1.000000,s16_p4
1779334060.0,16,2,0.000000,s16_p2
1779334060.0,16,3,0.000000,s16_p3
1779334060.0,12,4,0.000000,s12_p4
1779334060.0,12,1,0.052555,s12_p1
1779334060.0,12,2,0.532115,s12_p2
1779334060.0,12,3,0.000000,s12_p3
1779334060.0,20,1,1.000000,s20_p1
1779334060.0,20,4,0.000000,s20_p4
1779334060.0,20,2,1.000000,s20_p2
1779334060.0,20,3,0.917636,s20_p3
1779334060.0,17,1,0.427015,s17_p1
1779334060.0,17,4,0.361320,s17_p4
1779334060.0,17,2,0.000000,s17_p2
1779334060.0,17,3,0.000000,s17_p3
1779334060.0,18,1,0.000000,s18_p1
1779334060.0,18,4,0.000000,s18_p4
1779334060.0,18,2,0.000000,s18_p2
1779334060.0,18,3,0.000000,s18_p3
1779334060.0,2,1,0.085374,s2_p1
1779334060.0,2,4,0.144479,s2_p4
1779334060.0,2,2,0.000000,s2_p2
1779334060.0,2,3,0.000000,s2_p3
1779334060.0,5,4,0.045864,s5_p4
1779334060.0,5,1,0.157248,s5_p1
1779334060.0,5,2,0.000000,s5_p2
1779334060.0,5,3,0.000000,s5_p3
1779334060.0,6,1,0.183500,s6_p1
1779334060.0,6,4,0.157286,s6_p4
1779334060.0,6,2,0.000000,s6_p2
1779334060.0,6,3,0.000000,s6_p3
1779334060.0,13,4,0.000000,s13_p4
1779334060.0,13,1,0.000000,s13_p1
1779334060.0,13,2,0.000000,s13_p2
1779334060.0,13,3,0.000000,s13_p3
1779334060.0,9,4,0.000000,s9_p4
1779334060.0,9,1,0.000000,s9_p1
1779334060.0,9,2,0.085326,s9_p2
1779334060.0,9,3,0.000000,s9_p3
1779334061.0,14,1,0.159160,s14_p1
1779334061.0,14,4,0.265267,s14_p4
1779334061.0,14,2,0.094049,s14_p2
1779334061.0,14,3,0.000000,s14_p3
1779334061.0,6,1,0.094262,s6_p1
1779334061.0,6,4,0.159521,s6_p4
1779334061.0,6,2,0.000000,s6_p2
1779334061.0,6,3,0.000000,s6_p3
1779334061.0,8,4,0.262988,s8_p4
1779334061.0,8,1,0.000000,s8_p1
1779334061.0,8,2,0.000000,s8_p2
1779334061.0,8,3,0.000000,s8_p3
1779334061.0,7,1,0.000000,s7_p1
1779334061.0,7,4,0.000000,s7_p4
1779334061.0,7,2,0.069967,s7_p2
1779334061.0,7,3,0.082030,s7_p3
1779334061.0,15,4,0.000000,s15_p4
1779334061.0,15,1,0.069947,s15_p1
1779334061.0,15,2,0.000000,s15_p2
1779334061.0,15,3,0.410036,s15_p3
1779334061.0,1,4,0.072295,s1_p4
1779334061.0,1,1,0.000000,s1_p1
1779334061.0,1,2,0.106032,s1_p2
1779334061.0,1,3,0.000000,s1_p3
1779334061.0,10,4,1.000000,s10_p4
1779334061.0,10,1,0.106134,s10_p1
1779334061.0,10,2,0.000000,s10_p2
1779334061.0,10,3,0.000000,s10_p3
1779334061.0,3,4,0.000000,s3_p4
1779334061.0,3,1,0.000000,s3_p1
1779334061.0,3,2,0.041004,s3_p2
1779334061.0,3,3,0.069948,s3_p3
1779334061.0,2,1,0.082048,s2_p1
1779334061.0,2,4,0.144790,s2_p4
1779334061.0,2,2,0.000000,s2_p2
1779334061.0,2,3,0.000000,s2_p3
1779334061.0,20,1,0.530812,s20_p1
1779334061.0,20,4,0.000000,s20_p4
1779334061.0,20,2,1.000000,s20_p2
1779334061.0,20,3,0.470493,s20_p3
1779334061.0,4,4,0.000000,s4_p4
1779334061.0,4,1,0.053023,s4_p1
1779334061.0,4,2,0.106046,s4_p2
1779334061.0,4,3,0.000000,s4_p3
1779334061.0,5,4,0.053084,s5_p4
1779334061.0,5,1,0.159252,s5_p1
1779334061.0,5,2,0.000000,s5_p2
1779334061.0,5,3,0.000000,s5_p3
1779334061.0,18,1,0.000000,s18_p1
1779334061.0,18,4,0.000000,s18_p4
1779334061.0,18,2,0.000000,s18_p2
1779334061.0,18,3,0.000000,s18_p3
1779334061.0,17,1,0.410147,s17_p1
1779334061.0,17,4,0.349831,s17_p4
1779334061.0,17,2,0.000000,s17_p2
1779334061.0,17,3,0.000000,s17_p3
1779334061.0,13,4,0.000000,s13_p4
1779334061.0,13,1,0.000000,s13_p1
1779334061.0,13,2,0.000000,s13_p2
1779334061.0,13,3,0.000000,s13_p3
1779334061.0,12,4,0.000000,s12_p4
1779334061.0,12,1,0.041008,s12_p1
1779334061.0,12,2,0.159207,s12_p2
1779334061.0,12,3,0.000000,s12_p3
1779334061.0,16,1,0.000000,s16_p1
1779334061.0,16,4,1.000000,s16_p4
1779334061.0,16,2,0.000000,s16_p2
1779334061.0,16,3,0.000000,s16_p3
1779334061.0,19,1,0.000000,s19_p1
1779334061.0,19,4,0.000000,s19_p4
1779334061.0,19,2,0.000000,s19_p2
1779334061.0,19,3,0.000000,s19_p3
1779334061.0,9,4,0.000000,s9_p4
1779334061.0,9,1,0.000000,s9_p1
1779334061.0,9,2,0.082012,s9_p2
1779334061.0,9,3,0.000000,s9_p3
1779334061.0,11,4,0.000000,s11_p4
1779334061.0,11,1,0.000000,s11_p1
1779334061.0,11,2,0.000000,s11_p2
1779334061.0,11,3,0.349602,s11_p3
1779334061.0,1,4,0.074935,s1_p4
1779334061.0,1,1,0.000000,s1_p1
1779334061.0,1,2,0.103942,s1_p2
1779334061.0,1,3,0.000000,s1_p3
1779334061.0,6,1,0.096595,s6_p1
1779334061.0,6,4,0.159382,s6_p4
1779334061.0,6,2,0.000000,s6_p2
1779334061.0,6,3,0.000000,s6_p3
1779334061.0,14,1,0.159283,s14_p1
1779334061.0,14,4,0.253404,s14_p4
1779334061.0,14,2,0.096535,s14_p2
1779334061.0,14,3,0.000000,s14_p3
1779334061.0,3,4,0.000000,s3_p4
1779334061.0,3,1,0.000000,s3_p1
1779334061.0,3,2,0.021743,s3_p2
1779334061.0,3,3,0.072476,s3_p3
1779334061.0,10,4,1.000000,s10_p4
1779334061.0,10,1,0.103875,s10_p1
1779334061.0,10,2,0.000000,s10_p2
1779334061.0,10,3,0.000000,s10_p3
1779334061.0,20,1,0.519485,s20_p1
1779334061.0,20,4,0.000000,s20_p4
1779334061.0,20,2,1.000000,s20_p2
1779334061.0,20,3,0.483242,s20_p3
1779334061.0,8,4,0.267928,s8_p4
1779334061.0,8,1,0.000000,s8_p1
1779334061.0,8,2,0.000000,s8_p2
1779334061.0,8,3,0.000000,s8_p3
1779334061.0,13,4,0.000000,s13_p4
1779334061.0,13,1,0.000000,s13_p1
1779334061.0,13,2,0.000000,s13_p2
1779334061.0,13,3,0.000000,s13_p3
1779334061.0,12,4,0.000000,s12_p4
1779334061.0,12,1,0.021746,s12_p1
1779334061.0,12,2,0.178804,s12_p2
1779334061.0,12,3,0.000000,s12_p3
1779334061.0,15,4,0.000000,s15_p4
1779334061.0,15,1,0.072414,s15_p1
1779334061.0,15,2,0.000000,s15_p2
1779334061.0,15,3,0.422417,s15_p3
1779334061.0,7,1,0.000000,s7_p1
1779334061.0,7,4,0.000000,s7_p4
1779334061.0,7,2,0.072406,s7_p2
1779334061.0,7,3,0.084473,s7_p3
1779334061.0,18,1,0.000000,s18_p1
1779334061.0,18,4,0.000000,s18_p4
1779334061.0,18,2,0.000000,s18_p2
1779334061.0,18,3,0.000000,s18_p3
1779334061.0,17,1,0.422533,s17_p1
1779334061.0,17,4,0.362171,s17_p4
1779334061.0,17,2,0.000000,s17_p2
1779334061.0,17,3,0.000000,s17_p3
1779334061.0,9,4,0.000000,s9_p4
1779334061.0,9,1,0.000000,s9_p1
1779334061.0,9,2,0.084542,s9_p2
1779334061.0,9,3,0.000000,s9_p3
1779334061.0,4,4,0.000000,s4_p4
1779334061.0,4,1,0.060351,s4_p1
1779334061.0,4,2,0.118289,s4_p2
1779334061.0,4,3,0.000000,s4_p3
1779334061.0,11,4,0.000000,s11_p4
1779334061.0,11,1,0.000000,s11_p1
1779334061.0,11,2,0.000000,s11_p2
1779334061.0,11,3,0.362309,s11_p3
1779334061.0,16,1,0.000000,s16_p1
1779334061.0,16,4,1.000000,s16_p4
1779334061.0,16,2,0.000000,s16_p2
1779334061.0,16,3,0.000000,s16_p3
1779334061.0,2,1,0.084474,s2_p1
1779334061.0,2,4,0.144813,s2_p4
1779334061.0,2,2,0.000000,s2_p2
1779334061.0,2,3,0.000000,s2_p3
1779334061.0,5,4,0.050690,s5_p4
1779334061.0,5,1,0.159311,s5_p1
1779334061.0,5,2,0.000000,s5_p2
1779334061.0,5,3,0.000000,s5_p3
1779334061.0,19,1,0.000000,s19_p1
1779334061.0,19,4,0.000000,s19_p4
1779334061.0,19,2,0.000000,s19_p2
1779334061.0,19,3,0.000000,s19_p3
1779334062.0,14,1,0.045866,s14_p1
1779334062.0,14,4,0.084490,s14_p4
1779334062.0,14,2,0.057936,s14_p2
1779334062.0,14,3,0.000000,s14_p3
1779334062.0,15,4,0.000000,s15_p4
1779334062.0,15,1,0.019314,s15_p1
1779334062.0,15,2,0.011305,s15_p2
1779334062.0,15,3,0.108642,s15_p3
1779334062.0,3,4,0.000000,s3_p4
1779334062.0,3,1,0.000000,s3_p1
1779334062.0,3,2,0.002412,s3_p2
1779334062.0,3,3,0.019299,s3_p3
1779334062.0,10,4,0.506585,s10_p4
1779334062.0,10,1,0.069957,s10_p1
1779334062.0,10,2,0.005648,s10_p2
1779334062.0,10,3,0.000000,s10_p3
1779334062.0,6,1,0.057864,s6_p1
1779334062.0,6,4,0.045809,s6_p4
1779334062.0,6,2,0.000000,s6_p2
1779334062.0,6,3,0.005645,s6_p3
1779334062.0,1,4,0.019285,s1_p4
1779334062.0,1,1,0.005644,s1_p1
1779334062.0,1,2,0.069908,s1_p2
1779334062.0,1,3,0.005644,s1_p3
1779334062.0,13,4,0.000000,s13_p4
1779334062.0,13,1,0.000000,s13_p1
1779334062.0,13,2,0.000000,s13_p2
1779334062.0,13,3,0.028247,s13_p3
1779334062.0,7,1,0.000000,s7_p1
1779334062.0,7,4,0.000000,s7_p4
1779334062.0,7,2,0.019305,s7_p2
1779334062.0,7,3,0.021718,s7_p3
1779334062.0,8,4,0.074791,s8_p4
1779334062.0,8,1,0.005649,s8_p1
1779334062.0,8,2,0.005649,s8_p2
1779334062.0,8,3,0.000000,s8_p3
1779334062.0,2,1,0.021722,s2_p1
1779334062.0,2,4,0.041031,s2_p4
1779334062.0,2,2,0.005651,s2_p2
1779334062.0,2,3,0.000000,s2_p3
1779334062.0,20,1,0.377810,s20_p1
1779334062.0,20,4,0.000000,s20_p4
1779334062.0,20,2,0.867940,s20_p2
1779334062.0,20,3,0.289313,s20_p3
1779334062.0,12,4,0.028227,s12_p4
1779334062.0,12,1,0.002411,s12_p1
1779334062.0,12,2,0.171198,s12_p2
1779334062.0,12,3,0.000000,s12_p3
1779334062.0,18,1,0.000000,s18_p1
1779334062.0,18,4,0.000000,s18_p4
1779334062.0,18,2,0.000000,s18_p2
1779334062.0,18,3,0.000000,s18_p3
1779334062.0,17,1,0.136817,s17_p1
1779334062.0,17,4,0.152998,s17_p4
1779334062.0,17,2,0.000000,s17_p2
1779334062.0,17,3,0.000000,s17_p3
1779334062.0,5,4,0.016893,s5_p4
1779334062.0,5,1,0.045852,s5_p1
1779334062.0,5,2,0.000000,s5_p2
1779334062.0,5,3,0.000000,s5_p3
1779334062.0,4,4,0.005649,s4_p4
1779334062.0,4,1,0.057910,s4_p1
1779334062.0,4,2,0.113407,s4_p2
1779334062.0,4,3,0.005649,s4_p3
1779334062.0,16,1,0.000000,s16_p1
1779334062.0,16,4,0.639448,s16_p4
1779334062.0,16,2,0.000000,s16_p2
1779334062.0,16,3,0.000000,s16_p3
1779334062.0,19,1,0.000000,s19_p1
1779334062.0,19,4,0.000000,s19_p4
1779334062.0,19,2,0.000000,s19_p2
1779334062.0,19,3,0.000000,s19_p3
1779334062.0,9,4,0.000000,s9_p4
1779334062.0,9,1,0.005647,s9_p1
1779334062.0,9,2,0.021708,s9_p2
1779334062.0,9,3,0.028236,s9_p3
1779334062.0,11,4,0.000000,s11_p4
1779334062.0,11,1,0.000000,s11_p1
1779334062.0,11,2,0.000000,s11_p2
1779334062.0,11,3,0.124720,s11_p3
1779334062.0,6,1,0.000000,s6_p1
1779334062.0,6,4,0.000000,s6_p4
1779334062.0,6,2,0.000000,s6_p2
1779334062.0,6,3,0.000000,s6_p3
1779334062.0,14,1,0.000000,s14_p1
1779334062.0,14,4,0.000000,s14_p4
1779334062.0,14,2,0.000000,s14_p2
1779334062.0,14,3,0.000000,s14_p3
1779334062.0,10,4,0.000000,s10_p4
1779334062.0,10,1,0.000000,s10_p1
1779334062.0,10,2,0.000000,s10_p2
1779334062.0,10,3,0.000000,s10_p3
1779334062.0,3,4,0.000000,s3_p4
1779334062.0,3,1,0.000000,s3_p1
1779334062.0,3,2,0.000000,s3_p2
1779334062.0,3,3,0.000000,s3_p3
1779334062.0,1,4,0.000000,s1_p4
1779334062.0,1,1,0.000000,s1_p1
1779334062.0,1,2,0.000000,s1_p2
1779334062.0,1,3,0.000000,s1_p3
1779334062.0,7,1,0.000000,s7_p1
1779334062.0,7,4,0.000000,s7_p4
1779334062.0,7,2,0.000000,s7_p2
1779334062.0,7,3,0.000000,s7_p3
1779334062.0,15,4,0.000000,s15_p4
1779334062.0,15,1,0.000000,s15_p1
1779334062.0,15,2,0.000000,s15_p2
1779334062.0,15,3,0.000000,s15_p3
1779334062.0,13,4,0.000000,s13_p4
1779334062.0,13,1,0.000000,s13_p1
1779334062.0,13,2,0.000000,s13_p2
1779334062.0,13,3,0.000000,s13_p3
1779334062.0,8,4,0.000000,s8_p4
1779334062.0,8,1,0.000000,s8_p1
1779334062.0,8,2,0.000000,s8_p2
1779334062.0,8,3,0.000000,s8_p3
1779334062.0,4,4,0.000000,s4_p4
1779334062.0,4,1,0.000000,s4_p1
1779334062.0,4,2,0.000000,s4_p2
1779334062.0,4,3,0.000000,s4_p3
1779334062.0,18,1,0.000000,s18_p1
1779334062.0,18,4,0.000000,s18_p4
1779334062.0,18,2,0.000000,s18_p2
1779334062.0,18,3,0.000000,s18_p3
1779334062.0,12,4,0.000000,s12_p4
1779334062.0,12,1,0.000000,s12_p1
1779334062.0,12,2,0.000000,s12_p2
1779334062.0,12,3,0.000000,s12_p3
1779334062.0,17,1,0.000000,s17_p1
1779334062.0,17,4,0.000000,s17_p4
1779334062.0,17,2,0.000000,s17_p2
1779334062.0,17,3,0.000000,s17_p3
1779334062.0,20,1,0.000000,s20_p1
1779334062.0,20,4,0.000000,s20_p4
1779334062.0,20,2,0.000000,s20_p2
1779334062.0,20,3,0.000000,s20_p3
1779334062.0,16,1,0.000000,s16_p1
1779334062.0,16,4,0.000000,s16_p4
1779334062.0,16,2,0.000000,s16_p2
1779334062.0,16,3,0.000000,s16_p3
1779334062.0,5,4,0.000000,s5_p4
1779334062.0,5,1,0.000000,s5_p1
1779334062.0,5,2,0.000000,s5_p2
1779334062.0,5,3,0.000000,s5_p3
1779334062.0,2,1,0.000000,s2_p1
1779334062.0,2,4,0.000000,s2_p4
1779334062.0,2,2,0.000000,s2_p2
1779334062.0,2,3,0.000000,s2_p3
1779334062.0,9,4,0.000000,s9_p4
1779334062.0,9,1,0.000000,s9_p1
1779334062.0,9,2,0.000000,s9_p2
1779334062.0,9,3,0.000000,s9_p3
1779334062.0,11,4,0.000000,s11_p4
1779334062.0,11,1,0.000000,s11_p1
1779334062.0,11,2,0.000000,s11_p2
1779334062.0,11,3,0.000000,s11_p3
1779334062.0,19,1,0.000000,s19_p1
1779334062.0,19,4,0.000000,s19_p4
1779334062.0,19,2,0.000000,s19_p2
1779334062.0,19,3,0.000000,s19_p3
1779334063.0,6,1,0.000000,s6_p1
1779334063.0,6,4,0.000000,s6_p4
1779334063.0,6,2,0.000000,s6_p2
1779334063.0,6,3,0.000000,s6_p3
1779334063.0,14,1,0.000000,s14_p1
1779334063.0,14,4,0.000000,s14_p4
1779334063.0,14,2,0.000000,s14_p2
1779334063.0,14,3,0.000000,s14_p3
1779334063.0,1,4,0.000000,s1_p4
1779334063.0,1,3,0.000000,s1_p3
1779334063.0,3,4,0.000000,s3_p4
1779334063.0,3,1,0.000000,s3_p1
1779334063.0,3,2,0.000000,s3_p2
1779334063.0,3,3,0.000000,s3_p3
1779334063.0,10,4,0.000000,s10_p4
1779334063.0,10,1,0.000000,s10_p1
1779334063.0,10,2,0.000000,s10_p2
1779334063.0,10,3,0.000000,s10_p3
1779334063.0,15,4,0.000000,s15_p4
1779334063.0,15,1,0.000000,s15_p1
1779334063.0,15,2,0.000000,s15_p2
1779334063.0,15,3,0.000000,s15_p3
1779334063.0,8,4,0.000000,s8_p4
1779334063.0,8,1,0.000000,s8_p1
1779334063.0,8,2,0.000000,s8_p2
1779334063.0,8,3,0.000000,s8_p3
1779334063.0,13,4,0.000000,s13_p4
1779334063.0,13,1,0.000000,s13_p1
1779334063.0,13,2,0.000000,s13_p2
1779334063.0,13,3,0.000000,s13_p3
1779334063.0,7,1,0.000000,s7_p1
1779334063.0,7,4,0.000000,s7_p4
1779334063.0,7,2,0.000000,s7_p2
1779334063.0,7,3,0.000000,s7_p3
1779334063.0,4,4,0.000000,s4_p4
1779334063.0,4,1,0.000000,s4_p1
1779334063.0,4,2,0.000000,s4_p2
1779334063.0,4,3,0.000000,s4_p3
1779334063.0,20,1,0.000000,s20_p1
1779334063.0,20,4,0.000000,s20_p4
1779334063.0,20,2,0.000000,s20_p2
1779334063.0,20,3,0.000000,s20_p3
1779334063.0,12,4,0.000000,s12_p4
1779334063.0,12,1,0.000000,s12_p1
1779334063.0,12,2,0.000000,s12_p2
1779334063.0,12,3,0.000000,s12_p3
1779334063.0,5,4,0.000000,s5_p4
1779334063.0,5,1,0.000000,s5_p1
1779334063.0,5,2,0.000000,s5_p2
1779334063.0,5,3,0.000000,s5_p3
1779334063.0,2,4,0.000000,s2_p4
1779334063.0,2,3,0.000000,s2_p3
1779334063.0,18,1,0.000000,s18_p1
1779334063.0,18,4,0.000000,s18_p4
1779334063.0,18,2,0.000000,s18_p2
1779334063.0,18,3,0.000000,s18_p3
1779334063.0,17,1,0.000000,s17_p1
1779334063.0,17,4,0.000000,s17_p4
1779334063.0,17,2,0.000000,s17_p2
1779334063.0,17,3,0.000000,s17_p3
1779334063.0,16,1,0.000000,s16_p1
1779334063.0,16,4,0.000000,s16_p4
1779334063.0,16,2,0.000000,s16_p2
1779334063.0,16,3,0.000000,s16_p3
1779334063.0,9,4,0.000000,s9_p4
1779334063.0,9,1,0.000000,s9_p1
1779334063.0,9,2,0.000000,s9_p2
1779334063.0,9,3,0.000000,s9_p3
1779334063.0,11,4,0.000000,s11_p4
1779334063.0,11,1,0.000000,s11_p1
1779334063.0,11,2,0.000000,s11_p2
1779334063.0,11,3,0.000000,s11_p3
1779334063.0,19,1,0.000000,s19_p1
1779334063.0,19,4,0.000000,s19_p4
1779334063.0,19,2,0.000000,s19_p2
1779334063.0,19,3,0.000000,s19_p3
1779334063.0,19,1,0.000000,s19_p1
1779334063.0,19,4,0.000000,s19_p4
1779334063.0,19,2,0.000000,s19_p2
1779334063.0,19,3,0.000000,s19_p3
1779334063.0,1,4,0.000000,s1_p4
1779334063.0,1,3,0.000000,s1_p3
1779334063.0,6,4,0.000000,s6_p4
1779334063.0,6,2,0.000000,s6_p2
1779334063.0,6,3,0.000000,s6_p3
1779334063.0,14,1,0.000000,s14_p1
1779334063.0,14,4,0.000000,s14_p4
1779334063.0,14,2,0.000000,s14_p2
1779334063.0,14,3,0.000000,s14_p3
1779334063.0,3,4,0.000000,s3_p4
1779334063.0,3,3,0.000000,s3_p3
1779334063.0,7,1,0.000000,s7_p1
1779334063.0,7,4,0.000000,s7_p4
1779334063.0,7,2,0.000000,s7_p2
1779334063.0,7,3,0.000000,s7_p3
1779334063.0,8,4,0.000000,s8_p4
1779334063.0,8,1,0.000000,s8_p1
1779334063.0,8,2,0.000000,s8_p2
1779334063.0,8,3,0.000000,s8_p3
1779334063.0,15,4,0.000000,s15_p4
1779334063.0,15,1,0.000000,s15_p1
1779334063.0,15,2,0.000000,s15_p2
1779334063.0,15,3,0.000000,s15_p3
1779334063.0,10,4,0.000000,s10_p4
1779334063.0,10,1,0.000000,s10_p1
1779334063.0,10,2,0.000000,s10_p2
1779334063.0,10,3,0.000000,s10_p3
1779334063.0,13,4,0.000000,s13_p4
1779334063.0,13,1,0.000000,s13_p1
1779334063.0,13,2,0.000000,s13_p2
1779334063.0,13,3,0.000000,s13_p3
1779334063.0,16,1,0.000000,s16_p1
1779334063.0,16,4,0.000000,s16_p4
1779334063.0,16,2,0.000000,s16_p2
1779334063.0,16,3,0.000000,s16_p3
1779334063.0,5,4,0.000000,s5_p4
1779334063.0,5,3,0.000000,s5_p3
1779334063.0,4,4,0.000000,s4_p4
1779334063.0,4,3,0.000000,s4_p3
1779334063.0,18,1,0.000000,s18_p1
1779334063.0,18,4,0.000000,s18_p4
1779334063.0,18,2,0.000000,s18_p2
1779334063.0,18,3,0.000000,s18_p3
1779334063.0,2,4,0.000000,s2_p4
1779334063.0,2,3,0.000000,s2_p3
1779334063.0,17,1,0.000000,s17_p1
1779334063.0,17,4,0.000000,s17_p4
1779334063.0,17,2,0.000000,s17_p2
1779334063.0,17,3,0.000000,s17_p3
1779334063.0,20,1,0.000000,s20_p1
1779334063.0,20,4,0.000000,s20_p4
1779334063.0,20,2,0.000000,s20_p2
1779334063.0,20,3,0.000000,s20_p3
1779334063.0,12,4,0.000000,s12_p4
1779334063.0,12,1,0.000000,s12_p1
1779334063.0,12,2,0.000000,s12_p2
1779334063.0,12,3,0.000000,s12_p3
1779334063.0,9,4,0.000000,s9_p4
1779334063.0,9,1,0.000000,s9_p1
1779334063.0,9,2,0.000000,s9_p2
1779334063.0,9,3,0.000000,s9_p3
1779334063.0,11,4,0.000000,s11_p4
1779334063.0,11,1,0.000000,s11_p1
1779334063.0,11,2,0.000000,s11_p2
1779334063.0,11,3,0.000000,s11_p3
1779334064.0,14,1,0.000000,s14_p1
1779334064.0,14,4,0.000000,s14_p4
1779334064.0,14,2,0.000000,s14_p2
1779334064.0,14,3,0.000000,s14_p3
1779334064.0,8,4,0.000000,s8_p4
1779334064.0,8,3,0.000000,s8_p3
1779334064.0,3,4,0.000000,s3_p4
1779334064.0,3,3,0.000000,s3_p3
1779334064.0,5,4,0.000000,s5_p4
1779334064.0,5,3,0.000000,s5_p3
1779334064.0,4,4,0.000000,s4_p4
1779334064.0,4,3,0.000000,s4_p3
1779334064.0,2,4,0.000000,s2_p4
1779334064.0,2,3,0.000000,s2_p3
1779334064.0,16,1,0.000000,s16_p1
1779334064.0,16,4,0.000000,s16_p4
1779334064.0,16,2,0.000000,s16_p2
1779334064.0,16,3,0.000000,s16_p3
1779334064.0,12,4,0.000000,s12_p4
1779334064.0,12,1,0.000000,s12_p1
1779334064.0,12,2,0.000000,s12_p2
1779334064.0,12,3,0.000000,s12_p3
1779334064.0,10,4,0.000000,s10_p4
1779334064.0,10,1,0.000000,s10_p1
1779334064.0,10,2,0.000000,s10_p2
1779334064.0,10,3,0.000000,s10_p3
1779334064.0,19,1,0.000000,s19_p1
1779334064.0,19,4,0.000000,s19_p4
1779334064.0,19,2,0.000000,s19_p2
1779334064.0,19,3,0.000000,s19_p3
1779334064.0,7,4,0.000000,s7_p4
1779334064.0,7,3,0.000000,s7_p3
1779334064.0,1,4,0.000000,s1_p4
1779334064.0,18,1,0.000000,s18_p1
1779334064.0,18,4,0.000000,s18_p4
1779334064.0,18,2,0.000000,s18_p2
1779334064.0,18,3,0.000000,s18_p3
1779334064.0,13,4,0.000000,s13_p4
1779334064.0,13,1,0.000000,s13_p1
1779334064.0,13,2,0.000000,s13_p2
1779334064.0,13,3,0.000000,s13_p3
1779334064.0,17,1,0.000000,s17_p1
1779334064.0,17,4,0.000000,s17_p4
1779334064.0,17,2,0.000000,s17_p2
1779334064.0,17,3,0.000000,s17_p3
1779334064.0,20,1,0.000000,s20_p1
1779334064.0,20,4,0.000000,s20_p4
1779334064.0,20,2,0.000000,s20_p2
1779334064.0,20,3,0.000000,s20_p3
1779334064.0,11,4,0.000000,s11_p4
1779334064.0,11,1,0.000000,s11_p1
1779334064.0,11,2,0.000000,s11_p2
1779334064.0,11,3,0.000000,s11_p3
1779334064.0,15,4,0.000000,s15_p4
1779334064.0,15,1,0.000000,s15_p1
1779334064.0,15,2,0.000000,s15_p2
1779334064.0,15,3,0.000000,s15_p3
1779334064.0,6,4,0.000000,s6_p4
1779334064.0,6,3,0.000000,s6_p3
1779334064.0,9,4,0.000000,s9_p4
1779334064.0,9,2,0.000000,s9_p2
1779334064.0,9,3,0.000000,s9_p3
1779334064.0,14,1,0.000000,s14_p1
1779334064.0,14,4,0.000000,s14_p4
1779334064.0,14,2,0.000000,s14_p2
1779334064.0,14,3,0.000000,s14_p3
1779334064.0,19,1,0.000000,s19_p1
1779334064.0,19,4,0.000000,s19_p4
1779334064.0,19,2,0.000000,s19_p2
1779334064.0,19,3,0.000000,s19_p3
1779334064.0,15,4,0.000000,s15_p4
1779334064.0,15,1,0.000000,s15_p1
1779334064.0,15,2,0.000000,s15_p2
1779334064.0,15,3,0.000000,s15_p3
1779334064.0,13,4,0.000000,s13_p4
1779334064.0,13,1,0.000000,s13_p1
1779334064.0,13,2,0.000000,s13_p2
1779334064.0,13,3,0.000000,s13_p3
1779334064.0,6,4,0.000000,s6_p4
1779334064.0,6,3,0.000000,s6_p3
1779334064.0,8,4,0.000000,s8_p4
1779334064.0,8,3,0.000000,s8_p3
1779334064.0,10,4,0.000000,s10_p4
1779334064.0,10,3,0.000000,s10_p3
1779334064.0,7,4,0.000000,s7_p4
1779334064.0,7,3,0.000000,s7_p3
1779334064.0,5,4,0.000000,s5_p4
1779334064.0,5,3,0.000000,s5_p3
1779334064.0,20,1,0.000000,s20_p1
1779334064.0,20,4,0.000000,s20_p4
1779334064.0,20,2,0.000000,s20_p2
1779334064.0,20,3,0.000000,s20_p3
1779334064.0,12,4,0.000000,s12_p4
1779334064.0,12,3,0.000000,s12_p3
1779334064.0,17,1,0.000000,s17_p1
1779334064.0,17,4,0.000000,s17_p4
1779334064.0,17,2,0.000000,s17_p2
1779334064.0,17,3,0.000000,s17_p3
1779334064.0,18,1,0.000000,s18_p1
1779334064.0,18,4,0.000000,s18_p4
1779334064.0,18,2,0.000000,s18_p2
1779334064.0,18,3,0.000000,s18_p3
1779334064.0,16,1,0.000000,s16_p1
1779334064.0,16,4,0.000000,s16_p4
1779334064.0,16,2,0.000000,s16_p2
1779334064.0,16,3,0.000000,s16_p3
1779334064.0,11,4,0.000000,s11_p4
1779334064.0,11,3,0.000000,s11_p3
1779334064.0,9,4,0.000000,s9_p4
1779334064.0,9,3,0.000000,s9_p3
1779334065.0,14,4,0.000000,s14_p4
1779334065.0,14,3,0.000000,s14_p3
1779334065.0,19,1,0.000000,s19_p1
1779334065.0,19,4,0.000000,s19_p4
1779334065.0,19,2,0.000000,s19_p2
1779334065.0,19,3,0.000000,s19_p3
1779334065.0,15,4,0.000000,s15_p4
1779334065.0,15,2,0.000000,s15_p2
1779334065.0,15,3,0.000000,s15_p3
1779334065.0,8,4,0.000000,s8_p4
1779334065.0,8,3,0.000000,s8_p3
1779334065.0,17,1,0.000000,s17_p1
1779334065.0,17,4,0.000000,s17_p4
1779334065.0,17,2,0.000000,s17_p2
1779334065.0,17,3,0.000000,s17_p3
1779334065.0,12,4,0.000000,s12_p4
1779334065.0,12,3,0.000000,s12_p3
1779334065.0,18,1,0.000000,s18_p1
1779334065.0,18,4,0.000000,s18_p4
1779334065.0,18,2,0.000000,s18_p2
1779334065.0,18,3,0.000000,s18_p3
1779334065.0,20,1,0.000000,s20_p1
1779334065.0,20,4,0.000000,s20_p4
1779334065.0,20,2,0.000000,s20_p2
1779334065.0,20,3,0.000000,s20_p3
1779334065.0,10,4,0.000000,s10_p4
1779334065.0,10,3,0.000000,s10_p3
1779334065.0,13,4,0.000000,s13_p4
1779334065.0,13,3,0.000000,s13_p3
1779334065.0,16,4,0.000000,s16_p4
1779334065.0,16,2,0.000000,s16_p2
1779334065.0,16,3,0.000000,s16_p3
1779334065.0,9,4,0.000000,s9_p4
1779334065.0,9,3,0.000000,s9_p3
1779334065.0,11,4,0.000000,s11_p4
1779334065.0,11,3,0.000000,s11_p3
1779334065.0,19,4,0.000000,s19_p4
1779334065.0,19,2,0.000000,s19_p2
1779334065.0,19,3,0.000000,s19_p3
1779334065.0,14,4,0.000000,s14_p4
1779334065.0,14,3,0.000000,s14_p3
1779334065.0,12,4,0.000000,s12_p4
1779334065.0,12,3,0.000000,s12_p3
1779334065.0,18,4,0.000000,s18_p4
1779334065.0,18,2,0.000000,s18_p2
1779334065.0,18,3,0.000000,s18_p3
1779334065.0,13,4,0.000000,s13_p4
1779334065.0,13,3,0.000000,s13_p3
1779334065.0,17,4,0.000000,s17_p4
1779334065.0,17,2,0.000000,s17_p2
1779334065.0,17,3,0.000000,s17_p3
1779334065.0,11,4,0.000000,s11_p4
1779334065.0,11,3,0.000000,s11_p3
1779334065.0,15,4,0.000000,s15_p4
1779334065.0,15,3,0.000000,s15_p3
1779334065.0,16,4,0.000000,s16_p4
1779334065.0,16,3,0.000000,s16_p3
1779334065.0,20,4,0.000000,s20_p4
1779334065.0,20,2,0.000000,s20_p2
1779334065.0,20,3,0.000000,s20_p3
1779334066.0,19,4,0.000000,s19_p4
1779334066.0,17,4,0.000000,s17_p4
1779334066.0,15,4,0.000000,s15_p4
1779334066.0,15,3,0.000000,s15_p3
1779334066.0,18,4,0.000000,s18_p4
1779334066.0,20,4,0.000000,s20_p4
1779334066.0,16,4,0.000000,s16_p4
1779334066.0,16,3,0.000000,s16_p3
